Time LX LY LZ
8.48596 1.4462e+07 1.4462e+07 1.4462e+07
8.49377 366.237 503.672 1063.95
8.58678 5877.1 1745.78 16697.6
8.69044 5918.57 1753.7 16891.3
8.7918 5943.31 1766.08 17075.7
8.89003 5955.77 1781.06 17305.6
9.09159 5955.82 1796.75 17725
9.0975 5950.17 1813.02 15699.8
9.19536 5946.86 1830.07 16231.1
9.34693 5951.41 1849.06 16560.9
9.44844 5940.25 1864.79 16810.3
9.49896 5923.46 1879.15 17053.1
9.64821 368.179 395.432 371.559
9.74808 6011.82 2327.15 14542.1
9.80066 5989.22 2336.49 14798.2
9.8997 370.265 399.879 382.287
10.0014 6155.02 2848.98 15405.4
10.1034 375.496 493.333 896.049
10.3577 377.536 470.277 767.888
10.3681 383.399 619.508 2003.98
10.6029 380.348 511.672 1025.56
10.6104 382.194 635.739 2018.55
10.6186 383.908 539.506 1376.61
10.7602 386.159 627.628 2127.95
10.8098 12547.2 4375.85 19239.7
10.9075 12530 4376.67 19268.5
11.0107 387.684 693.759 2997.11
11.1089 386.64 592.173 1902.44
11.2141 14792 4647.57 20041.8
11.3133 14783.8 4651.39 20069.3
11.4112 14777.4 4655.79 20096.1
11.5658 14774.5 4661.01 20123.5
11.6157 14780.2 4667.99 20155.3
11.7152 12848.1 4138.97 18876.9
11.8166 390.044 600.127 1962.56
11.9186 391.361 719.086 3307.36
12.0196 390.387 608.825 2068.5
12.2182 16080.5 4532.08 20157.9
12.2261 16110.9 4538.55 20178.7
12.3191 16142.8 4545.32 20200.4
12.5228 391.73 653.545 2511.23
12.5308 17256.5 4654.08 20683.2
12.6237 17308.7 4660.21 20704.2
12.7227 17349.9 4665.51 20742.1
12.8238 17388.8 4671.78 20788.8
12.9226 17426 4678.33 20825.2
13.0235 17467.1 4685.11 20853
13.1252 17509.7 4691.72 20878.8
13.2257 17550.8 4697.97 20904.4
13.3263 17587.2 4703.61 20929.9
13.5808 17624.3 4709.42 20957.4
13.5927 17659.6 4715.14 20985.7
13.6318 17693.2 4720.82 21013.8
13.7819 17726 4726.42 21042.3
13.8316 17757.3 4731.97 21071.5
13.932 17790.3 4737.91 21102.1
14.0328 394.262 701.16 2711.14
14.1841 19046.1 4982.22 22259.2
14.2376 19085.6 4989.52 22297.2
14.3355 19128.2 4997.31 22337.7
14.538 19173.4 5005.25 22375.8
14.5474 19220.8 5013.35 22413.3
14.6366 19273.1 5021.97 22450.3
14.7408 19330.5 5030.96 22486.9
14.8391 19392.1 5040.36 22524.8
14.9418 19455.4 5050.01 22566.6
15.0979 19522.2 5060.23 22611.4
15.3678 19596.4 5071.66 22662.3
15.3798 19676.4 5084 22717.4
15.4 19758.6 5096.69 22774.5
16.1814 19912.3 5120.9 22885.9
16.2179 20010.4 5135.96 22953.9
16.2441 20115.4 5152.2 23027.5
16.3853 20227.2 5169.6 23105.5
16.5809 20411.3 5198.8 23239.4
16.5904 20488 5210.44 23294.1
16.6028 20632.8 5232.95 23400.4
16.616 20788.7 5257.24 23515.8
16.6306 20957 5283.55 23641.5
16.6443 21129 5310.3 23772.2
16.728 21304 5337.44 23905.6
16.7741 21483.1 5365.44 24046.9
16.8754 21662.7 5393.75 24192.2
16.9715 21846 5422.89 24340.3
17.1714 22040.2 5454.86 24508.8
17.2215 22242.5 5488.17 24689.5
17.3238 22449.4 5395.17 24783.8
17.4186 22668.3 5430.91 24990.3
17.5175 22893.1 5468.79 25217.8
17.6231 23123.3 5508.08 25462.1
17.7265 25716.9 5548.05 23355
17.8231 25987.9 5589.26 23585.3
17.92 22276.9 5400.76 23951.3
18.0218 22555.1 5441.51 24137.1
18.1743 22834.5 5484.58 24346.8
18.2733 23126.8 5530.47 24579
18.4268 23425.5 5578.66 24836
18.4358 23721.2 5628.41 25122.1
18.5269 23678 5642.64 25119.8
18.6242 24004.1 5694.74 25410.2
18.7781 24327.6 5749.23 25737.3
18.8283 26087.7 5804.24 24640.9
18.9282 26471.8 5860.04 24937.3
19.028 26880.6 5917.81 25231.6
19.1281 26951.5 5943.51 25387.4
19.2277 27443.1 6010.97 25725.8
19.4327 27985.9 6080.35 26054.9
19.4419 28574.7 6151.52 26375.1
19.5336 29192.9 6223.58 26688.9
19.6863 29825.6 6296.11 26998
19.7886 30484.9 6368.72 27298.6
19.8348 31148.8 6440.28 27595.2
19.9369 31809.5 6510.58 27881.8
20.0405 394.681 771.371 2848.22
20.1372 33393.6 6652.91 28753.6
20.3031 34162.8 6731.11 29061.6
20.403 393.149 781.172 2836.83
20.5988 34000.3 6706.38 29619.7
20.6076 34922.3 6794.62 29982.4
20.6449 35904.3 6887.74 30364
20.7489 36965.7 6985.08 30763.6
20.8467 38083.9 7086.32 31178.9
20.9447 39241.9 7189.55 31602.6
21.1976 36216.5 6947.69 30532.5
21.2091 393.118 875.697 3492.51
21.2501 38542.1 7171.83 31591.3
21.4064 39766.2 7280.44 32047.6
21.4524 38820.4 7244.4 32206.4
21.5507 40165.6 7361.01 32722.6
21.6498 41639.3 7485.72 33274.8
21.7529 43240.4 7617.37 33856.4
21.9518 43142.5 7591.95 34052.1
21.9591 42396.9 7575.83 34039.3
22.0535 44260.7 7720.05 34688.9
22.1573 391.598 1023.09 4001.1
22.2552 50894.8 8285.2 36887.2
22.3581 53493 8468.73 37707.4
22.5597 56383.3 8665.82 38590.5
22.6142 44527.8 7959.22 34761.8
22.6613 47026.8 8161.92 35613
22.7599 39538.4 7600.92 32307.3
22.9094 41718.2 7796.48 33129.1
22.9593 36686.4 7128.33 29964.6
23.0631 391.802 844.266 2093.87
23.2653 393.811 697.848 1260.95
23.2738 391.604 863.179 1993.77
23.3647 23957.4 5531.33 25781.9
23.4655 16875.6 4333.77 21356.7
23.6175 17729.9 4445.26 21841.1
23.6715 18639.8 4560.74 22356.6
23.7729 18834.7 4547.37 22826.2
23.8726 388.812 952.631 2296.79
23.9735 18877 4478.13 23042
24.0748 19855.4 4587.51 23562.4
24.2249 19908.6 4576.03 24027.1
24.3334 386.796 1081.78 2917.53
24.3788 388.589 914.253 1901.37
24.478 21801.1 4788.53 25120.5
24.5761 23098.3 4921.12 25747.1
24.7818 24525.6 5062.18 26411.8
24.7913 391.008 761.743 1184.06
24.8821 386.792 1106.16 2730.02
24.9834 386.45 1130.71 2634.82
25.1821 30744.3 5832.91 29229.1
25.2901 32741.8 6012.02 30024.8
25.2974 34997 6206.47 30881.4
25.4368 37558.7 6418.61 31808.8
25.49 29193.6 5685.37 30269.6
25.5906 27085.1 5566.67 30012.2
25.6889 29033 5749.38 31257.5
25.8886 33008.4 5948.71 30875.2
25.8962 35455.1 6162.12 32472
25.9905 38197.3 6256.24 33794.7
26.0929 33539.9 5999.85 31321.1
26.2429 383.949 1042.4 1824.49
26.2917 384.175 1053.45 1867.78
26.4493 19186.6 4549.54 25361.5
26.498 12459.9 3913.77 20300.4
26.5949 13508.2 4048.29 21024.4
26.7007 383.628 971.878 1493.32
26.7965 13924.6 4201.31 22082
26.8971 15141.7 4351.55 22899.4
26.9985 14558.3 4298.58 21930
27.0994 15882.3 4449.28 22735.2
27.2009 381.702 1142.41 1734.14
27.3009 19997 4845.7 24972
27.4503 380.385 1113.81 1734.05
27.6126 373.445 1610.45 2988.9
27.6267 26705.7 5863.06 29533
27.7119 16074 4898.65 26242.6
27.8665 17948.4 5092.2 27683.7
27.9156 16890.8 4840.95 26194.1
28.0078 19021.3 5021.51 27648.5
28.1087 21480.9 5209.6 29250.8
28.2619 24324.4 5403.56 31046.9
28.413 21295 5240.91 28929
28.4198 12775.2 4959.64 23675.2
28.5631 11413.5 5080.71 23121.7
28.6133 12729.7 5310.88 24654.7
28.7125 14240.3 5562.07 26396.7
28.8176 15959.6 5836.11 28386.1
28.9147 16877.7 6050.08 28716.6
29.0241 317.287 317.287 2864.98
29.1228 19852.4 35302.6 41290
29.2838 22276.2 36038.6 43395.7
29.3761 1007.58 314.798 3802.99
29.4708 320.895 817.985 3470.6
29.5269 318.228 1188.78 5175.65
29.6243 316.016 1053.42 3153.09
29.7289 333.96 733.335 1980.31
29.8277 6481.54 553.819 13260.9
29.9278 1232.13 1232.13 3728.99
30.1649 5960.72 473.846 12529.8
30.2669 1215.18 291.321 4581.82
30.3664 5793.87 507.682 12424.4
30.5747 592.44 259.535 2339.03
30.5825 855.257 254.117 3945.53
30.669 5863.78 606.314 12518
30.8287 1063.61 214.221 5577.87
30.8733 7497.11 1043.37 14246.6
30.9733 7584.05 1072 14355.3
31.0777 958.489 238.93 4416.05
31.1794 1036.92 244.696 4592.52
31.281 487.323 225.673 2707.23
31.3763 1029.48 251.704 5152.09
31.5838 854.662 224.712 5771.15
31.7298 725.114 222.578 4751.68
31.8866 675.24 213.309 3337
31.8988 25425.3 3103.37 23204.9
31.941 25521.6 3103.17 23250.9
31.9831 25583.6 3100.93 23280.6
32.0853 651.648 206.699 3285.65
32.1884 26647.7 3189.62 23767.2
32.3855 26461.9 3168.1 23691.9
32.3965 26225.8 3144.31 23600.8
32.489 25955.8 3118.27 23496.3
32.5925 25654.8 3090.84 23383.8
32.6906 25337.7 3062.43 23262.6
32.7895 25010.8 3033.62 23138.8
32.8912 24688.5 3005.45 23012.5
32.992 24361.1 2977.28 22884.7
33.0921 24041.5 2950.15 22759.9
33.2981 23738.6 2924.71 22637.2
33.3072 23455 2900.82 22520
33.3932 23185.5 2877.13 22401.5
33.4954 22935.8 2855.26 22283.6
33.7481 22705.6 2834.37 22162.5
33.8994 22500.6 2814.88 22035.9
33.908 22324.1 2796.76 21898.8
33.9598 22181.2 2780.58 21755.6
34.0053 21611.5 2765.95 22066.5
34.0996 21472 2752.87 21972.7
34.2064 21342.4 2741.47 21895.8
34.3034 21224.7 2731.63 21832.3
34.4638 21122.7 2723.31 21778.5
34.5585 21033.6 2716.25 21733.5
34.6091 20956.9 2710.18 21694.5
34.7105 20890.8 2705.5 21662.4
34.8077 20838.2 2701.82 21636.5
34.9081 20796.4 2699.29 21618.2
35.0074 20766.6 2697.64 21604.8
35.2634 20747 2696.9 21596.9
35.2757 20738.5 2697.15 21594.7
35.3135 20739 2698.06 21596.1
35.4129 20746 2699.54 21601
35.5657 20759.5 2701.63 21610.2
35.6196 20777.5 2703.9 21621.7
35.7159 20799.6 2706.44 21635.2
35.8175 20824.5 2709.22 21650.1
35.9175 20851.8 2712.15 21666.4
36.0187 20881.2 2715.33 21684.8
36.1187 20913 2718.67 21704.1
36.2708 20946.6 2722.3 21725.9
36.4192 20982.4 2726.05 21748.9
36.4335 21020.8 2730.02 21773.6
36.6724 21059.8 2734.09 21799.8
36.6909 21101.4 2738.39 21828.3
36.7327 21145.2 2742.83 21858
36.8817 21190.8 2747.43 21889.3
36.9308 21238.9 2752.11 21920.9
37.0267 21286.7 2756.94 21954.6
37.1285 21336 2761.81 21988.6
37.2293 21386.8 2766.92 22024.3
37.3792 21435.9 2772.02 22061.3
37.4297 21489.7 2777.61 22100.1
37.6331 21541.5 2783.12 22140.7
37.7862 21596.2 2788.79 22182.1
37.8 21652.3 2794.32 22223.2
37.8867 21704.7 2799.78 22265.6
37.9395 21755 2805.04 22306.4
38.1413 21801.8 2809.89 22347.9
38.1492 21849 2815.1 22389.8
38.2408 21894.9 2819.94 22431.7
38.3407 990.398 242.445 8123.96
38.4402 26695.5 3661.05 23928.5
38.5464 26747.4 3670.27 26747.4
38.643 26796.4 3679.75 26796.4
38.7428 26846.3 3689.26 26846.3
38.8453 26899.1 3698.65 26899.1
38.9456 26947.7 3708.12 26947.7
39.0454 26998.4 3717.48 26998.4
39.2015 27048.3 3726.83 27048.3
39.2511 24254.9 3736.16 27097.1
39.3481 24296.3 3745.97 27146
39.6047 24336.6 3754.53 27195.6
39.6161 24376.3 3764.1 27239
39.8542 24417.2 3774.83 27284.3
39.8637 23507.6 3680.27 25569.6
39.8735 23541.3 3692.93 25622.2
39.9539 23574.4 3705.89 25676.4
40.058 23608.8 3718.99 25729.2
40.2122 649.172 220.215 3395.26
40.4097 269.779 269.779 10510.5
40.4206 27045.5 5401.13 28882.3
40.512 27042.1 5434.12 28950.7
40.5655 627.378 202.545 3206.96
40.6614 28145.1 5643.75 29805.2
40.8621 25983 5529.41 29157.6
40.8718 25965.2 5566.73 29225.9
40.9648 25945.2 5605.23 29296.3
41.1144 25921.6 5644.46 29367.4
41.2177 25902.1 5685.39 29443.1
41.2733 584.57 276.154 3567.14
41.4681 617.31 250.453 3344.1
41.4795 31331 6318.81 28015.3
41.572 27059 6252.32 30525.7
41.6701 27071.6 6306.3 30611.9
41.7764 27083.7 6361.35 30702.4
41.8731 25899.9 6281.56 30003.8
41.9763 254.019 254.019 5957.96
42.0788 25976.7 6429.67 30287
42.1796 25988.1 6469.94 30325.9
42.285 25970 6474.27 30396
42.5607 25922.5 6472.02 30463
42.835 25893.4 6463.5 30479.5
42.8501 25800.3 6417.81 30401.4
42.8693 25660 6369.81 30298
42.9327 25477 6314.34 30186.3
43.0318 25260.8 6250.17 30048.9
43.1312 24984.4 6169.39 29868
43.2309 24619.6 6071.71 29639.4
43.3339 24175 5955.27 29356.9
43.5382 23654.5 5822.7 29024.2
43.5495 23052.6 5675.2 28647.7
43.6378 21079.8 5397.57 27844.9
43.7409 296.225 2150.56 10761.6
43.8438 20988.8 5368.56 28577.1
43.941 17954.1 3762.59 23951.4
44.0397 15585.9 3491.35 22916.6
44.1409 13298.6 2853.92 21259.3
44.2947 12102.1 2603.86 20068.2
44.3449 11172 2421.06 19366.3
44.4448 10335.9 2258.91 18716.2
44.5489 9407.67 2065.82 17754.6
44.6453 8716.78 1928.68 17164.4
44.7468 8097.04 1805.98 16614.3
44.8501 331.801 2677.4 8594.22
44.9467 8080.17 1949.86 16695.5
45.0475 7564.46 1840.15 16213.5
45.1497 7115.02 1744.75 15778.1
45.4542 6729.84 1664.27 15395.1
45.4692 6144.2 1502.05 14894.5
45.5159 777.86 219.942 2837.06
45.6089 432.811 195.186 1449.16
45.6616 560.951 187.92 2856.91
45.7585 8091.4 1905.63 16635.5
45.8601 648.787 171.084 3289.49
45.9611 445.665 123.715 1171.82
46.063 243.902 1532.92 9461.45
46.1652 12604.7 2842.66 21439.6
46.2667 638.81 193.352 2387.05
46.3668 13097.7 2946.83 21630.4
46.4687 740.772 199.115 2852.88
46.5657 14360.2 3214.49 22259.4
46.7672 267.848 1091.13 3965.3
46.78 289.044 1419.87 4864.89
46.8671 17467.5 4203.03 23735.1
46.9697 17477.7 4207.02 23779.6
47.0691 17479.2 4209.1 23818.4
47.2224 17475.3 4211.09 23853.8
47.4245 17464.9 4212.04 23886.6
47.4371 17450.1 4212.65 23916.2
47.4763 17444.6 4215.63 23950.6
47.58 17449.5 4219.72 23989.5
47.6759 17466.6 4225.15 24033.3
47.8759 17507.9 4237.45 24086.2
47.8898 17594.9 4258.49 24162.6
47.981 17724.4 4283.63 24260.2
48.0851 17913.7 4314.89 24382.5
48.2403 18158.8 4349.42 24522.5
48.3834 1871.32 252.685 7979.35
48.3983 24451.8 5522.99 27108.6
48.4838 25039.7 5574.59 27396
48.6422 19611.4 4485.21 25181.5
48.6884 20165.8 4530.81 25424
48.7876 727.705 241.456 2616.47
48.9436 827.415 218.763 3021.39
49.0468 26611.2 5472.53 28224.7
49.0909 23258.7 4882.66 26779.3
49.1928 24042.9 4933.36 27108.6
49.3454 24836.2 4927.04 27450.8
49.4925 22337.4 3995.21 27295
49.5496 477.781 227.995 3046.5
49.5954 23952.8 4144.75 28548.6
49.85 24516.4 4178.86 28943.9
49.8625 24717.3 4132.97 28770.6
49.8968 23178.4 4006.33 27011.7
49.9999 23598.8 4026.59 27244.1
50.1004 21639.7 3925.04 26068.5
50.2576 21907.6 3939.44 26227.1
50.3018 22127.2 3951.27 26367.9
50.4037 22295.1 3959.11 26486
50.5555 22408.3 3964.49 26583
50.7044 469.07 137.387 1714.57
50.7241 478.079 138.275 2311.47
50.8114 26839 4835.24 29727.2
50.9116 26830.6 4837.63 29772.7
51.0126 26816.2 4840.11 29812.6
51.1136 26801.3 4841.91 29844.8
51.2132 26791.1 4843.19 29870
51.3168 26780.9 4843.6 29887.5
51.4628 26767.9 4843.2 29899.2
51.6629 26752.6 4841.83 29903.8
51.6765 26734.5 4839.56 29902
51.7168 26712.5 4836.46 29895
51.8675 26682.9 4832.62 29883.5
51.9154 26653.9 4828.29 29868.8
52.0192 26621.1 4823.11 29849.9
52.1171 26582.5 4817.27 29827.9
52.219 26538.8 4810.82 29803.4
52.4187 26491.8 4804.18 29778
52.5238 26441.2 4797.35 29752.5
52.5342 26386.3 4790.27 29727.5
52.6235 26333.9 4783.3 29703.7
52.7237 26279.6 4776.48 29683.3
52.8236 26226.6 4769.91 29667
52.9244 26173.3 4763.1 29653.3
53.0247 26116.4 4755.73 29641.1
53.1255 26056.2 4747.91 29631.3
53.2291 25991.2 4739.67 29624.4
53.5269 25922.6 4731 29620.2
53.6853 25849 4721.89 29618.7
53.7033 25771.4 4712.42 29620.4
53.7175 25690.6 4702.74 29627
53.7337 25606.4 4692.74 29638.1
53.8338 25517.7 4681.97 29651.9
53.9321 25419.7 4669.89 29665.5
54.0408 25310.2 4656.53 29680
54.2407 25190.1 4642.03 29696
54.254 25061.8 4626.97 29715.7
54.3466 24932.8 4611.96 29741.7
54.4452 24796.5 4595.97 29769.5
54.5955 24657.5 4579.74 29802.5
54.6451 24517 4563.33 29841.4
54.9007 24376.3 4546.51 29885.1
54.9152 24229.5 4528.65 29930.5
54.945 24062 4507.67 29967.8
55.0416 23877.2 4485.15 30002.8
55.1447 23673.5 4460.31 30032.9
55.2452 23456.4 4433.73 30060.1
55.394 23228.5 4405.79 30085.2
55.4463 22989.3 4376.16 30107
55.5476 22740.6 4345.28 30126.6
55.6483 21762.2 4173.98 29753.8
55.8003 21537.6 4146.37 29780.6
55.8557 21304.2 4117.3 29802.7
55.9522 21053.4 4085.75 29814.8
56.0522 20788.8 4052.65 29820.4
56.1549 20516.4 4018.5 29822.6
56.3563 20240.6 3983.51 29821.5
56.3695 19963.3 3948.17 29818.5
56.4591 19683.1 3912.44 29812.4
56.7061 19406.4 3876.91 29806.5
56.7243 19129.1 3841.49 29798.9
56.7607 18855.4 3805.89 29789.5
56.8597 18584 3770.2 29778.9
56.961 18301.6 3732.16 29753.8
57.061 16022.8 3532.36 28539.5
57.1659 15762.9 3492.79 28482.9
57.3137 15497 3451.92 28417.4
57.3692 15222.3 3409.77 28342.7
57.4645 14945.1 3367.21 28263.8
57.571 14670.1 3324.8 28183.2
57.6702 1049.71 219.52 6633.48
57.7669 16185.2 3861.63 30295.4
57.8708 1064.2 233.297 4485.62
57.9716 16593.8 4115.95 31207.9
58.0746 16220.3 4052.6 31049.7
58.1742 1323.69 244.321 5496.51
58.2752 1117.56 214.873 6490.08
58.3813 20362.7 5088.44 34814.5
58.477 19817.3 4999.5 34576.3
58.5826 19277.2 4910.84 34332.1
58.6821 808.822 266.386 3283.86
58.9172 20907.5 5135.35 35286
59.0192 20317.9 5043.65 35027.4
59.1217 19846 4981.65 34880.4
59.2231 479.847 128.866 1416.13
59.3244 19513.6 4977.99 34847.4
59.4248 19360.3 4959.67 34916.6
59.5298 19287.4 4953.15 35043.3
59.7267 803.021 220.674 3448.22
59.7405 19948.8 5096.52 36527.9
59.8892 1048.27 252.911 4090.25
59.9279 395.656 87.3437 1011.72
60.0311 395.755 87.7233 1013.65
60.13 395.804 87.7358 1015.21
60.2353 395.86 87.7103 1016.7
60.4367 395.922 87.6652 1017.92
60.452 395.987 87.5964 1018.97
60.5328 396.053 87.5129 1019.81
60.7352 396.117 87.4204 1020.47
60.7498 396.178 87.3193 1020.95
60.8366 396.238 87.2229 1021.33
60.9379 396.292 87.1148 1021.61
61.0401 396.341 87.002 1021.74
61.1399 396.384 86.8874 1021.76
61.246 396.424 86.7833 1021.7
61.3432 396.46 86.6793 1021.59
61.4429 396.493 86.5807 1021.42
61.6418 396.521 86.4838 1021.21
61.6575 396.547 86.3954 1020.97
61.7449 396.57 86.3133 1020.72
61.8979 396.594 86.2488 1020.44
61.9492 396.617 86.1931 1020.2
62.0502 396.639 86.1434 1019.99
62.1488 396.659 86.0979 1019.78
62.2519 396.677 86.0538 1019.6
62.3537 396.694 86.0119 1019.42
62.4541 396.714 85.9926 1019.3
62.6116 396.734 85.9756 1019.2
62.6581 396.755 85.9724 1019.14
62.8607 396.776 85.9677 1019.1
62.9148 396.797 85.9624 1019.14
63.008 396.819 85.9635 1019.18
63.0641 396.843 85.9765 1019.27
63.158 396.865 85.9818 1019.42
63.2617 396.89 86.0028 1019.56
63.3668 396.914 86.0148 1019.78
63.4636 396.939 86.0311 1020.03
63.568 396.963 86.0435 1020.26
63.7627 396.988 86.0612 1020.55
63.9204 397.01 86.0741 1020.75
63.937 21456.3 5383.86 42827.7
63.9711 21459.8 5384.95 42918
64.0709 21466.1 5386.39 43009
64.4757 21472.9 5387.9 43098.9
64.4875 21481.7 5389.78 43189.6
64.5032 21492.4 5391.86 43280.1
64.5292 21504.8 5394.08 43370.3
64.5752 21519.9 5396.69 43460.6
64.6766 21534.7 5399.17 43548.9
64.7727 21552.7 5402.06 43638
64.8793 21571.1 5405.15 43725.7
64.9784 21590 5408.43 43812.7
65.0797 21610.8 5411.9 43899.9
65.1763 21634 5415.7 43987.5
65.328 21659.3 5419.77 44075.4
65.4791 21685.6 5423.8 44162.7
65.6791 21714 5428.08 44250.5
65.6931 21663.6 5363.94 44229.3
65.7069 21693.4 5368.68 44315.4
65.7814 21724.2 5373.58 44401.2
65.8807 21756.3 5378.87 44487.4
65.984 21788.6 5383.9 44572.5
66.0845 21818.4 5388.27 44654.7
66.1853 21846.2 5392.4 44735.7
66.2859 21868.7 5395.92 44812.4
66.4411 21891.4 5399.51 44889.2
66.486 21914.2 5403.29 44965.4
66.5896 21936.6 5406.29 45038.7
66.6913 21959.1 5409.75 45111.8
66.7914 21977.7 5412.47 45180.1
66.9458 21997.7 5415.18 45249.3
66.9931 22017.6 5417.85 45317.1
67.0927 22034.8 5420.21 45383.4
67.193 22051.2 5422.56 45450.1
67.3461 22069.4 5425.11 45516.4
67.4945 22088.9 5427.75 45580.6
67.5538 22107.6 5430.21 45641.4
67.6021 22125 5432.37 45698.5
67.7543 22139.8 5434.28 45752.1
67.9503 22146.6 5434.14 45796.3
67.9645 22148.9 5434.44 45837.8
68.0054 22151 5434.61 45877.8
68.1054 22152.3 5434.76 45914.5
68.2086 22152.7 5434.86 45949.8
68.3045 22152.2 5434.97 45985
68.4075 22152.6 5435.14 46018.1
68.5571 22157 5435.88 46051.7
68.6122 22161.8 5436.93 46083.2
68.709 479.058 175.682 2242.23
68.8143 22164.7 5437.49 46140.3
68.9198 22164.2 5438.1 46165.5
69.012 805.088 209.866 4899.62
69.1124 1948.09 232.635 9018.17
69.2167 397.559 86.1428 1032.95
69.3681 397.553 86.1192 1032.94
69.4138 397.547 86.0929 1033.03
69.5152 660.695 250.26 3145.13
69.6202 397.537 86.0081 1033.28
69.7278 397.523 85.9328 1033.27
69.8279 397.515 85.8819 1033.36
69.9205 397.504 85.8095 1033.44
70.0194 28598.1 7027.43 53325.2
70.119 28533.7 7042.71 53326.8
70.2267 473.258 142.252 2425.7
70.3233 27217.6 6916.78 52582.5
70.4213 27152.6 6934.77 52585.6
70.5911 25560.9 6805.89 51679.3
70.8364 1968.73 235.673 9169.39
70.891 27672.1 7406.41 55918.8
70.907 27566.1 7445.28 55915.4
70.9398 27448.2 7437.18 56048.5
71.0323 27423.8 7431.1 56070.5
71.1318 27398.6 7427.16 56121.4
71.3713 27375.4 7419.77 56179.8
71.4685 27327.2 7401.68 56217.2
71.5684 27260.1 7376.97 56230.4
71.674 27115.3 7338.86 56156
71.8743 2090.77 210.922 14499.7
71.8871 34991.3 8278.4 63712.6
71.9787 2149.62 251.395 11226.8
72.0766 396.866 83.524 1026.93
72.1813 396.703 82.9275 1024.46
72.3491 396.515 82.2629 1021.47
72.3912 396.284 81.463 1017.82
72.4901 395.935 80.2125 1012.74
72.6481 32443 7828.28 63224
72.6922 30313.1 7430.88 61205.4
72.7932 28083.6 7018.37 59044.7
72.8937 25909.6 6614.25 56856.3
72.999 753.225 261.12 2396.38
73.0952 22451.1 5954.87 52349.5
73.1969 20546.2 5588.23 50206.1
73.2993 511.764 242.135 1672.02
73.449 529.115 240.3 1708.05
73.505 15945.6 4596.93 44567.7
73.5992 14301.6 4155.39 42468
73.7006 13205.4 3917.93 40903.1
73.8014 12247.7 3704.72 39478.9
73.9533 11413.2 3515.24 38191.9
74.0066 10688 3346 37026.9
74.1572 291.88 2772.04 12861.3
74.2093 12345 3507.9 40454.9
74.307 930.793 232.227 2978.21
74.4618 294.238 2161.01 6397.45
74.5138 379.246 751.623 2911.01
74.6685 672.577 205.289 3728.11
74.7162 369.816 713.942 2789.71
74.8721 788.035 192.757 2666.13
75.1748 392.965 77.6911 1127.37
75.1945 270.056 778.969 4180.01
75.2141 4193.98 871.724 16342.9
75.234 295.658 1783.09 5247.06
75.3731 4165.23 869.239 16299.6
75.4309 378.305 687.791 2413
75.5319 547.33 157.137 2531.72
75.6278 917.695 227.434 2882.08
75.7298 349.094 514.823 1809.94
75.9312 288.25 1905.33 5196.3
75.9484 6433.58 1854.87 26271.3
76.029 3178.49 3178.49 9594.54
76.1301 6895.77 2044.21 27694.9
76.2273 6896.95 2044.39 27720.3
76.33 6897.67 2045.01 27746.4
76.4315 6900.57 2046.54 27778.9
76.5859 6911.56 2051.57 27826.2
76.6874 6931.84 2058.18 27897.7
76.7324 6963.28 2065.02 27996.9
76.9338 6532.76 1875.64 26697.2
76.9545 6594.12 1881.43 26845.5
77.0388 6666.23 1885.22 27021.1
77.1363 6581.88 1708.86 26131.6
77.2443 6525.25 1611.27 26148.4
77.3948 6621.18 1610.48 26364
77.4433 345.685 498.653 2482.87
77.5415 7162.94 1881.45 28177
77.6412 7268.58 1877.72 28419.7
77.7439 7175.71 1704.16 27451.8
77.8466 7248.77 1705.83 27616.1
77.9508 357.525 496.539 2679.86
78.1002 7540.65 1859.43 29063.2
78.1496 7572.35 1855.2 29151.4
78.2553 7592.93 1851.32 29219.5
78.362 390.469 77.9566 1124.54
78.4524 8393.51 2101.3 31866.3
78.5532 8386.91 2100.01 31901.9
78.651 8377.31 2098.92 31931.7
78.7632 3203.57 280.524 3203.57
78.8645 818.458 167.145 3945.5
78.9579 692.794 207.458 2828.77
79.0537 12781.5 2853.67 38146.9
79.1615 12775.8 2852.41 38202.2
79.2625 12773.4 2851.26 38261.1
79.4956 12771.2 2850.21 38318.7
79.6005 12767.3 2849.37 38373.5
79.6975 12762 2848.34 38425.3
79.8524 12756.1 2847.21 38474.8
79.9054 12750.4 2846.32 38523.7
80.0057 12744.4 2845.52 38571.5
80.1081 12736.6 2844.63 38616.6
80.2048 12729.4 2843.65 38660.7
80.3066 12721.5 2842.92 38704.3
80.4121 12714.9 2842.08 38748.2
80.609 12708.1 2841.54 38792.2
80.6319 12700.2 2840.84 38834.6
80.7123 12694.4 2840.18 38877.9
80.8115 12691.5 2839.94 38925.5
80.9631 12691.2 2839.87 38976.5
81.0192 12692 2839.87 39028.4
81.1154 12692.6 2839.92 39079.6
81.2132 12691.9 2839.88 39129.5
81.316 12690.7 2839.68 39178.9
81.4168 12690.9 2839.66 39230.1
81.6741 12691.6 2839.83 39281.7
81.6956 12692.2 2839.99 39333
81.7266 12692.2 2840.09 39383.6
81.8241 12693.1 2840.26 39434.3
81.9223 12693.2 2840.48 39485
82.0236 12694.6 2840.65 39536.8
82.124 12695.1 2840.82 39587.9
82.2303 12696.5 2840.95 39639.6
82.379 12698.1 2841.25 39691.5
82.4298 12700.6 2841.65 39744.8
82.581 12702 2841.95 39796.1
82.6317 12704.2 2842.11 39848.6
82.7333 12704 2842.41 39899.2
82.8324 12706.3 2842.51 39950.4
82.934 12707.6 2842.67 40000.9
83.0326 12708 2842.72 40050.8
83.1325 12709.2 2842.58 40100.7
83.2831 12710.5 2842.57 40150.5
83.4372 12711.9 2842.49 40201.1
83.4618 12716.4 2842.66 40254.4
83.5408 12719.7 2842.83 40306.5
83.6409 12723.1 2842.93 40359
83.738 12553 2802.57 39678.6
83.837 12556.8 2802.87 39728.7
83.9422 12560 2802.93 39777.8
84.0487 12564.1 2802.99 39827.6
84.1441 12567.5 2803.04 39876.7
84.2448 12572.4 2803.09 39927.1
84.4052 12576.8 2803.21 39976.5
84.448 12581.4 2803.19 40026
84.5465 12581.7 2802.51 40067.8
84.7451 12493.4 2745.08 39731.4
84.7685 12492.6 2744.58 39771.2
84.8471 10628.6 2658.27 37071.8
84.9481 10506.8 2650.29 36342.7
85.0496 10509 2650.1 36379.1
85.1504 10511.7 2649.85 36415.8
85.2505 9668.43 2293.08 33538.2
85.4086 9669.12 2293.13 33567.2
85.4573 9670.74 2293.02 33595.7
85.5535 9670.71 2292.73 33622.8
85.7556 9670.29 2292.37 33648.6
85.778 9668.94 2292.15 33674.4
85.8554 9668.66 2291.94 33700.5
85.9571 9669.56 2291.88 33727.1
86.0602 9670.38 2291.77 33755.1
86.2211 9672.18 2291.69 33782.5
86.3152 9675.1 2292 33812
86.4144 9675.55 2291.23 33837
86.4633 9673.39 2290.73 33858.2
86.563 9671.3 2289.85 33878.2
86.6663 9669.23 2289.15 33897.1
86.8221 9666.69 2288.11 33914.7
86.9311 9665.3 2287.44 33933.4
86.9734 9664.17 2286.74 33951.7
87.0745 9662.99 2286.19 33970.9
87.1756 9662.22 2285.34 33989.6
87.2731 9662.45 2284.78 34007.9
87.3742 9662.91 2284.13 34025.4
87.5197 9662.91 2283.69 34043.9
87.5746 9663.88 2283.35 34062.1
87.6767 9663.34 2282.49 34079.2
87.877 9662.5 2281.69 34091.8
87.8946 9660.42 2280.91 34104.3
87.9822 9660.27 2280.63 34118.1
88.0867 9662.01 2280.5 34135.9
88.1816 9662.34 2280.15 34151.7
88.2773 9663.09 2279.62 34165.2
88.3809 9662.34 2279 34177.2
88.4812 9661.33 2278.32 34187.1
88.581 9660.57 2277.79 34197.1
88.7333 9661.2 2277.52 34208.1
88.7851 9662.18 2277.45 34219.9
88.9353 9662.58 2276.99 34230
89.1398 9663.91 2276.99 34241
89.1601 9666.09 2277.09 34253.4
89.1948 894.8 222.994 3500.27
89.2919 9715.52 2464.65 34529.6
89.3926 9715.88 2464.66 34537.9
89.5478 669.485 269.209 2960.66
89.597 1051.73 238.849 4201.37
89.6952 9844.16 2470.35 35443.3
89.7978 787.287 210.455 3067.58
89.8988 11772.4 2525.89 38327.9
89.9973 11778.6 2525.05 38338.2
90.098 9859.04 2470.76 35479.2
90.1982 9865.42 2471.55 35492.6
90.2985 9872.92 2472.38 35505
90.4077 9747.77 2466.59 34623.6
90.5031 9695.67 2281.9 34370.9
90.605 9695.76 2282.14 34373.7
90.7027 983.805 220.66 5153.8
90.9033 7764.11 2227.84 31653.8
90.9325 7761.23 2228.62 31652.1
91.0106 7757.97 2229.65 31651.6
91.1084 7757.48 2231.26 31655.8
91.2099 7757.1 2233.09 31660.6
91.3078 7757.38 2235.35 31667.1
91.5617 7444.13 2126.16 30046.4
91.5847 6335 1990.38 27510.8
91.6619 6332.9 1993.98 27518.8
91.7694 6235.09 1918.86 26953.6
91.8206 6057.92 1796.99 25418.6
91.9286 6054.57 1796.69 25414.1
92.1402 2639.77 239.492 10587.5
92.316 6228.65 1924.42 26952.6
92.4205 6229.79 1923.13 26954.5
92.5163 6224.62 1919.5 26945.7
92.5445 6211.16 1913.64 26917.8
92.6212 6188.1 1905.31 26869.3
92.7199 6154.37 1893.79 26796.6
92.8275 267.733 1894.31 8569.1
92.9247 6045.58 1857.4 26562.1
93.02 5953.55 1825.3 26350.5
93.1212 5827.95 1785.78 26069.2
93.2249 5673.28 1740.57 25721.3
93.3212 5334.29 1664.12 23893.8
93.4811 5071.87 1499.17 23089.9
93.7824 4535.76 1440.51 21683
93.8129 308.585 3477.66 11285
93.8303 6961.16 2405.66 27695.9
93.8498 6470.96 2275.64 26678.4
93.9281 5814.44 2043.58 25414.2
94.0269 5392.2 1929.98 24451.6
94.1291 288.822 4785.05 17733
94.2309 307.751 4387.51 12199.9
94.3922 4473.62 1704.54 22050.4
94.443 4031.58 1461.23 20538.8
94.5368 3467.38 1300.46 19346.4
94.6357 3254.61 1235.15 18700.3
94.7414 398.243 131.495 1017.71
94.8337 3156.18 1196 18041.9
94.9358 417.004 151.468 1349.08
95.0369 2703.09 1044.73 16026.7
95.1401 2599.54 1010.85 15701.1
95.2404 2512.94 982.082 15423.1
95.339 2440.31 957.537 15186.1
95.5019 671.444 183.295 2901.23
95.5465 2329.99 964.335 15250.9
95.7462 288.316 1948.07 5216.88
95.7649 2350.04 992.14 15228.1
95.8523 273.47 1811.18 7897.86
95.9536 283.543 886.241 3865.63
96.0497 667.317 179.084 2174.96
96.1544 284.817 2893.66 7481.61
96.2558 369.138 909.222 2760.09
96.3537 5226.82 1904.88 22436.6
96.5549 5209.37 1899.43 22401.9
96.5822 374.21 873.301 2626.59
96.7131 322.237 1207 3026.2
96.7691 1106.81 236.124 3169.72
96.9152 8297.59 3506.94 31376.8
97.015 8285.65 3503.58 31359.7
97.0627 8259.79 3504.88 31330.2
97.1605 8220.09 3456.55 31022.4
97.2646 8213.85 3452.53 31005.8
97.3656 8214.97 3413.06 30265
97.5141 8228.16 3400.88 30250.3
97.6183 8221.21 3312.58 30071.6
97.6698 8254.12 3293.28 30060.5
97.7698 8124.05 3260.22 29670.8
97.8662 8167.56 3235.41 29666.9
97.9697 360.712 950.244 3789.14
98.0675 8272.13 3172.74 29641
98.2259 6205.86 2916.65 25147.2
98.2717 6264.04 2886.31 25136
98.3767 6327.67 2856.32 25128.8
98.4758 608.013 167.775 2283.26
98.6277 611.206 167.013 2384.07
98.6788 6181.07 2568.58 23983.9
98.7779 6054.93 2508.01 23736.1
98.8763 6106.88 2488.72 23733.1
98.9738 6153.09 2472.38 23731.9
99.0773 6184.19 2459.4 23723.3
99.1808 397.15 121.645 1507.1
99.2786 6412.02 2479.58 23946.4
99.4331 1094.27 171.778 4572.6
99.483 6633.93 2527.26 24117.1
99.5809 6631.52 2526.75 24113.2
99.6892 3307.07 775.878 3307.07
99.8521 351.955 807.076 3892.56
99.8941 998.792 194.293 3398.39
99.9916 385.766 603.337 3483.89
100.099 1359.83 182.626 4988.62
100.199 1438.31 196.982 5107.11
100.299 12525.7 5299.52 38991.8
100.396 12515 5298.46 38992.7
100.5 12503.7 5296.73 38991.1
100.6 12492.4 5294.65 38988.7
100.839 12479 5291.4 38982.9
100.943 12468.7 5288.16 38979.7
101.042 12459 5285 38976.8
101.149 12448.9 5282.15 38973.6
101.245 12438.4 5279.47 38969.7
101.346 12427 5276.96 38964.8
101.454 12416.1 5274.99 38960.6
101.553 12405.5 5273.3 38956.6
101.651 12396.6 5272.42 38955.1
101.752 12387.8 5271.02 38953.2
101.854 12379.4 5269.9 38951.9
101.955 12372.5 5269.13 38952
102.053 12365.4 5268.25 38951.6
102.156 12358.9 5267.32 38951.8
102.31 12352.4 5266.19 38951.5
102.36 12346.2 5265.09 38951.4
102.457 12340 5263.89 38950.6
102.659 12334 5262.66 38949.7
102.688 12328.6 5262.18 38949
102.767 12324 5261.6 38949.3
102.862 12320.5 5261.4 38950.3
103.019 12318.7 5261.53 38953.5
103.121 12317.8 5261.24 38957.3
103.17 12317.9 5261.35 38962.2
103.269 12318.2 5261.32 38967.2
103.368 12319.3 5261.21 38973
103.473 12321 5261.18 38979
103.567 12323.3 5261.25 38985.6
103.668 12326.1 5261.22 38992.6
103.775 12329.4 5261.08 39000
103.871 12333.2 5261.47 39007.9
103.972 12336.8 5261.63 39015.7
104.077 12339.8 5261.65 39022.6
104.173 12343.2 5261.71 39029.7
104.274 12346.5 5261.79 39036.7
104.376 12350.8 5262.37 39044.9
104.483 12355.3 5262.56 39052.8
104.68 12359.7 5262.73 39060.6
104.734 12365 5263.24 39068.9
104.781 12370.3 5263.15 39077.2
104.881 12375.9 5262.98 39085.7
104.982 11603.9 4541.4 37076.6
105.083 11608.9 4540.83 37083.3
105.185 11613.3 4540.17 37089.4
105.281 10631.5 4355.52 34689.6
105.582 10634.1 4354.99 34693.3
105.612 10636.9 4354.37 34697.2
105.646 10640.2 4353.57 34701.3
105.692 10643.9 4352.72 34705.4
105.794 10647.8 4351.78 34709.9
105.892 10652.2 4350.68 34713.8
105.996 10655.6 4349.2 34715.7
106.099 10659.4 4347.85 34719.3
106.196 10663.1 4346.5 34722.1
106.3 10664.7 4344.96 34722.1
106.447 10666.9 4343.66 34723.6
106.497 10671.2 4342.29 34726.2
106.695 10676.7 4340.78 34729.6
106.722 10683.8 4339.44 34735.6
106.801 10595.6 4268.48 34537.9
107.004 10603.8 4266.97 34543.5
107.03 10528.4 4263.51 34039.1
107.104 10536.2 4261.84 34043.6
107.203 10543.6 4260.3 34047.9
107.301 10548.3 4258.8 34050.3
107.458 10552.1 4257.29 34052
107.562 10556.7 4255.38 34054.3
107.662 10561.4 4252.99 34055.4
107.712 10566.2 4250.13 34054.9
107.862 10572.2 4247.05 34055.1
107.962 10578.1 4243.81 34054.3
108.009 10582.8 4240.61 34053.3
108.111 10539.7 4224.85 33482
108.211 10544.9 4221.31 33479.6
108.31 10549.4 4217.59 33476.8
108.469 10498.8 4132.38 33310
108.516 10499.4 4128.06 33302.1
108.616 7445.61 3355.42 29156.6
108.768 7398.09 3236.57 28953.5
108.969 7397.07 3236.42 28951.2
109.221 7394.78 3235.88 28946.8
109.246 7392.67 3235.3 28944.7
109.271 7388.66 3234.27 28938.7
109.295 7384.79 3233.25 28931.8
109.328 7380.32 3232.45 28925.3
109.424 7374.74 3231.48 28914.8
109.574 7370.16 3230.52 28907.9
109.624 7366.09 3229.56 28902
109.724 7362 3228.52 28895.7
109.881 7358.08 3227.54 28888.5
109.926 7354.62 3226.65 28881.7
110.026 7352.32 3226.06 28876.8
110.128 7351.07 3225.8 28875.7
110.228 7332.52 3113.06 28729.4
110.334 1105.53 226.062 4848.76
110.43 7344.21 3225.2 28863.1
110.58 7342.56 3224.99 28861
110.636 1897.66 212.536 8269.66
110.734 7360.4 3309.44 29034.7
110.836 7360.25 3309.07 29032.4
110.986 7360.46 3308.79 29033.7
111.043 226.423 226.423 5349.39
111.141 8954.1 4094.03 33855.7
111.243 7531.98 3227.21 30633
111.344 7510.16 3235.3 30631.4
111.446 7492.58 3242.28 30634.2
111.539 7470.75 3250.22 30632.8
111.704 950.604 248.305 3274.88
111.745 8286.63 4026.61 33618.6
111.844 7411.1 3289.21 31156.6
111.956 220.776 220.776 6357.75
112.059 13530.3 4689.47 44530.9
112.154 13476.5 4710.24 44538.6
112.26 12638 3657.4 42145.9
112.36 12592 3672 42155.7
112.459 12527.8 3640.84 41600
112.558 12493.3 3655.63 41617.7
112.661 12499 3655.92 41621.6
112.812 12505.6 3653.54 41617.4
112.86 12511.9 3632.66 41131.7
113.116 10857 3545.86 36461.3
113.22 10861.9 3544.24 36459.1
113.318 10861.8 3545.02 36461.7
113.419 10862.6 3546.3 36467.3
113.52 10852.7 3546.5 36458.7
113.625 10789.2 3537.06 36361.9
113.881 10671.2 3515.46 36171.8
113.91 10493.5 3481.63 35878.9
113.933 10344.3 3418.32 35564.4
114.031 7641.57 3197.41 30062.8
114.127 7436.56 3044.87 29500.4
114.225 7179.94 2972.19 29014.7
114.325 6825.52 2772.69 28290.1
114.484 6499.59 2690.79 27678.7
114.53 6161.46 2605.26 27039.5
114.628 5798.62 2511.15 26320.5
114.785 5437.57 2413.22 25575
114.832 5088.61 2313.35 24822.3
114.989 4758.88 2214.11 24075.9
115.039 257.552 4082.29 9967.92
115.134 4154.26 2017.81 22599.7
115.234 3892.77 1926.51 21913.7
115.341 3544.13 1843.65 20355.3
115.439 3329.31 1710.75 19468.6
115.587 3070.3 1568.01 18459.5
115.648 281.874 4204.73 9821.37
115.739 1473.86 4165.64 20217.1
115.889 1421.79 3950.55 19669.9
115.947 361.434 872.06 2535.19
116.049 998.842 206.305 3195.58
116.143 3647.51 1663.6 20281.5
116.253 257.447 3196.13 7965.07
116.349 1680.46 4757.32 23017.2
116.446 1579.06 4603.73 22054.6
116.556 429.227 109.782 1058.17
116.651 235.31 3215.01 8656.62
116.757 1010.92 183.061 2675.64
116.907 258.418 2152.4 5837.95
117.056 247.839 2854.56 7801.03
117.094 374.595 787.207 2226.87
117.158 370.168 785.534 2199.83
117.26 363.683 768.992 2148.8
117.358 2224.8 4877.87 25304.3
117.459 2224.79 4882.61 25315.4
117.628 712.672 156.366 2614.29
117.712 2271.95 4922.59 25458.6
117.763 2274.57 4927.12 25476.3
117.917 2277.37 4932.06 25493.7
117.965 2280.24 4939.16 25514.8
118.067 2282.68 4948.84 25537.1
118.165 2284.43 4963.17 25564.8
118.263 2285.42 4981.1 25594
118.367 2284.81 5002.16 25623
118.471 5023.45 2283.71 25647.8
118.62 5027.9 2236.02 25573.5
118.776 5052.77 2233.96 25592.6
118.834 5095.02 2224.42 25621.7
118.925 5151 2209.18 25656.3
119.07 4709.76 2182 24013.7
119.137 4783.75 2166.27 24063.9
119.176 4827.71 2107.31 23047
119.378 4898.52 2092.44 23084.3
119.407 4955.35 2047.25 22926.5
119.737 765.881 210.266 2199.66
119.764 5070.77 2023.84 22980.1
119.79 361.833 862.033 3299.33
119.821 383.392 48.4706 717.151
119.878 5169.71 1998.3 23072.2
119.986 386.686 38.7906 743.803
120.084 5181.74 2009.57 23404.6
120.182 5184.12 2011.21 23412.4
120.288 5181.21 2013.97 23418.1
120.387 5176.52 2017.61 23425.1
120.541 353.622 782.56 3430.72
120.642 1713.98 199.358 5555.47
120.694 381.993 515.088 2787.59
120.851 5208.41 2098.21 23963
121.093 1574.48 197.967 5498.54
121.122 5246.96 2164.31 24085.9
121.151 5246.92 2164.43 24088.1
121.194 5247.87 2164.69 24092.1
121.292 5248.23 2164.64 24094.5
121.495 5248.38 2164.65 24097.9
121.522 5247.94 2164.69 24099.3
121.594 5247.13 2164.57 24100.9
121.704 5246.27 2164.71 24103.1
121.803 5244.93 2164.65 24104.1
121.897 5243.21 2164.56 24104.3
122.055 5240.59 2164.26 24101.4
122.101 5236.09 2163.41 24094.9
122.402 5231.29 2162.53 24087.9
122.427 5227.12 2161.62 24082.3
122.46 5222.71 2160.59 24075.1
122.504 5217.18 2159.23 24065.3
122.659 5210.67 2157.55 24053.6
122.764 5203.3 2155.65 24039.9
122.861 5195.34 2153.39 24024.3
122.913 5186.28 2150.77 24005.6
123.008 5176.81 2147.9 23985.9
123.118 5166.43 2144.67 23964.1
123.213 5154.58 2141.04 23938.8
123.311 5141.71 2137.05 23911.1
123.514 5128.5 2132.93 23882.1
123.541 5113.98 2128.46 23851
123.718 5099.13 2123.87 23818.6
123.75 5082.4 2118.88 23782.3
123.819 5062.9 2113.07 23739.5
123.918 5041.83 2106.77 23692.9
124.071 5017.56 2099.65 23639
124.172 4990.48 2091.87 23579.8
124.271 4963.05 2083.94 23519.5
124.322 4935.24 2075.85 23457.7
124.577 4906.97 2067.53 23393.5
124.604 4878.98 2059.07 23331.8
124.676 4815.34 1989.29 23159
124.772 4786.35 1981.07 23094.2
124.829 4753.28 1971.64 23016.4
124.925 4718.1 1961.6 22935.4
125.031 4680.82 1950.86 22849.4
125.187 4641.23 1939.7 22757.8
125.231 4600.1 1927.97 22663
125.327 4557.93 1915.98 22567.2
125.486 4512.75 1903.06 22461.3
125.53 4455.78 1883.71 22028.8
125.732 4411.95 1871.02 21926.5
125.758 4366.52 1857.95 21819
125.837 4318.26 1844.1 21705.2
125.938 4267.48 1829.38 21583.9
126.035 4181.16 1754.94 20970.1
126.136 4128.11 1725.3 20525.6
126.235 4071.33 1709.54 20390.6
126.335 3932.95 1683.33 20010.4
126.442 2811.62 1637.61 17103.5
126.541 2772.7 1621.07 16989.5
126.641 2734.7 1604.82 16878.6
126.742 2683.63 1533.12 16639.9
126.84 2642.08 1515.83 16512.9
126.941 2599.34 1497.9 16382.5
127.041 2556.31 1479.62 16249.3
127.144 2513.17 1461.09 16113.9
127.246 2456 1391.22 15834.4
127.349 1229.1 220.886 3562.54
127.445 2387.14 1405.85 15710
127.548 2347 1388.01 15578.3
127.703 231.429 231.429 5068.56
127.855 660.485 273.378 1819.49
127.887 255.68 1495.12 4132.43
127.956 1704.03 1188.62 14335.3
128.054 1676.2 1170.76 14209.3
128.163 1648.23 1152.66 14081.1
128.262 1620.33 1134.43 13952.1
128.366 1766.85 220.607 4492.58
128.595 236.759 1725.91 4729.21
128.746 1617.92 1150.63 14324.4
128.852 1603.13 1140.09 14253.5
128.9 1593.24 1132.8 14206.9
129.008 380.681 677.167 2072.3
129.104 1589.44 1151.96 14291.4
129.207 1603.77 221.74 4503.61
129.302 3156.05 1354.05 17548.7
129.403 3181.86 1359.49 17596.1
129.506 1558.8 212.419 4391.57
129.66 3675.56 2997.37 20829.1
129.71 3718 3015.84 20923.2
130.105 3756.39 3029.12 21010.1
130.215 3552.44 1407.69 18086.4
130.245 3572.92 1412.03 18129.2
130.271 3588.15 1415.27 18159.7
130.3 3598.52 1417.51 18180.2
130.324 3604.83 1418.9 18194
130.417 3607.82 1419.64 18200.1
130.517 3607.55 1419.78 18199.7
130.613 3604.65 1419.37 18194.4
130.715 3600.02 1418.51 18184.4
130.867 3592.91 1417.19 18168.7
130.974 3583.47 1415.46 18149.5
131.024 3573.39 1413.57 18130
131.119 3563.05 1411.65 18109.4
131.22 3552.13 1409.64 18087.1
131.32 3540.61 1407.53 18064.2
131.421 3529.3 1405.48 18041.8
131.525 3518.18 1403.42 18019.7
131.627 3507.57 1401.5 17999.4
131.728 3497.15 1399.6 17979.1
131.825 3487.37 1397.85 17959.8
131.927 3478.07 1396.19 17941.9
132.028 3470.1 1394.75 17926.9
132.128 3452.93 1380.86 17597.4
132.227 3447.01 1379.99 17586.8
132.328 3441.77 1379.31 17578.1
132.485 3437.8 1378.93 17571.8
132.532 3434.3 1378.65 17566.2
132.79 3431.22 1378.49 17561.5
132.817 3428.66 1378.49 17558.8
132.841 3426.01 1378.55 17555.1
132.992 3423.38 1378.54 17551.4
133.037 3421.62 1378.55 17549
133.138 3419.77 1378.65 17547
133.237 3417.71 1378.82 17544.3
133.337 3415.73 1379.11 17543.5
133.441 3413.67 1379.4 17542.3
133.547 3411.64 1379.8 17540.6
133.74 3409.74 1380.27 17541.1
133.769 3407.89 1380.71 17540.6
133.902 3406.08 1381.25 17541.2
134 3404.6 1381.76 17541.3
134.098 3403.97 1382.4 17543.7
134.148 3402.1 1382.92 17543.6
134.255 3390.39 1352.78 17425.1
134.402 3373.68 1314.51 17319.9
134.549 3334.94 1302.37 16852.5
134.574 3332.16 1303.11 16852.3
134.653 3329.46 1303.84 16852.5
134.906 3326.71 1304.66 16852.5
134.931 3323.27 1305.4 16850.6
134.96 3319.6 1306.17 16849.3
135.055 3316.95 1306.84 16848.7
135.158 3313.62 1307.62 16847.8
135.26 3309.72 1308.57 16847.1
135.356 3305.21 1309.62 16846
135.46 3300.51 1310.71 16845.1
135.557 3295.78 1311.74 16843.2
135.717 3291.12 1312.87 16842.6
135.766 3263.39 1278.27 16074.7
135.86 3258.65 1279.35 16072.7
136.013 3254.38 1280.43 16071.7
136.069 3251.76 1281.26 16070.8
136.168 3248.63 1282.53 16071.8
136.265 3244.45 1283.92 16072.1
136.372 3240.07 1285.46 16072.6
136.524 3235.02 1287.03 16072.2
136.614 3227.08 1278.67 15814.1
136.673 3222.02 1280.19 15813.2
136.769 3216.35 1281.79 15812.1
136.874 3211.27 1283.44 15812
136.974 3205.76 1285.16 15812.1
137.074 3202.34 1286.66 15813
137.173 3198.21 1288.48 15814.7
137.273 3193.07 1290.54 15816.6
137.429 3187.61 1292.73 15818.2
137.577 3181.81 1295.02 15819.8
137.634 3169.18 1270.25 15604.4
137.681 255.498 2863.3 7890.12
137.831 3164.67 1302.24 15825.9
137.883 3158.63 1304.77 15827.4
138.035 3152.35 1307.49 15830.4
138.083 3148.57 1309.82 15834
138.182 3144.22 1312.17 15837.6
138.283 3138.94 1314.77 15841
138.388 242.232 1365.8 3959.59
138.537 3136.29 1352.2 15978.2
138.594 3129.88 1355.41 15982.3
138.691 254.636 2914.61 8061.22
138.789 3115.78 1362.1 15989.5
138.895 3109.59 1365.46 15994.2
138.993 3103.62 1368.85 15999
139.089 3100.31 1371.86 16006.1
139.194 1374.7 3096.95 16012.4
139.293 3077.01 1317.42 15670.4
139.393 3072.07 3072.07 15677.3
139.503 380.126 999.484 3785.66
139.698 1378.67 3079.54 16158.5
139.752 304.847 1197.01 3632.43
139.798 1387.53 3069.26 16177.7
139.898 1373.55 3052.08 15846.2
140.051 1344.66 3036.28 15721.7
140.106 217.364 3807.7 9767.9
140.204 1386.43 3034.79 15872
140.3 1391.13 3028.27 15880.7
140.402 435.627 177.351 1605.23
140.507 1453.06 3174.64 16809.2
140.659 1458.85 3166.37 16818.2
140.709 1464.39 3159.13 16828.2
140.815 1470.82 3158.88 16842.3
140.919 1415.38 3099.56 16604.5
141.019 1393.29 3093.97 16286.1
141.276 1395.75 3095.27 16307.4
141.38 1395.88 3096.33 16318.1
141.549 223.597 4948.88 12949.6
141.635 1389.13 3094.71 16296.8
141.735 1384.11 3090.73 16270.3
141.839 1378.9 3079.84 16233.9
141.891 1373.08 3059.58 16182.3
141.985 1351.24 3010.38 15721.5
142.089 1343.44 2976.85 15643.2
142.192 1334.88 2939.5 15567
142.291 1322.36 2885.87 15431.5
142.393 1304.55 2817.46 15258.4
142.491 1282.04 2737.39 15051.1
142.644 1256.12 2647.87 14813.7
142.849 1227.43 2550.65 14552.3
142.873 1196.9 2449.52 14273.8
142.955 1165.12 2346.88 13984.7
142.998 1130.76 2239.62 13669.5
143.099 379.29 1427.31 3655.9
143.205 271.8 5748.44 12314.9
143.357 371.146 1439.41 3581.93
143.402 983.257 1836.86 12347.1
143.559 433.419 94.8288 851.94
143.612 947.251 1719.24 11968.9
143.805 1026.96 716.619 9442.05
143.827 988.855 668.378 8754.31
143.906 897.264 621.467 7945.21
144.004 880.375 607.132 7838.91
144.12 865.237 594.116 7742.22
144.208 813.606 555.441 7082.37
144.308 802.925 545.592 7011.73
144.469 759.817 523.103 6414.33
144.611 747.163 503.138 6234.66
144.637 630.151 419.575 5161.8
144.724 626.713 415.344 5135
144.925 372.908 925.509 2223.6
145.069 1151.63 861.576 7631.72
145.096 929.249 204.253 2588.8
145.125 1136.99 853.356 7584.22
145.225 867.615 204.513 2568.21
145.319 1731.53 864.84 9117.84
145.57 1375.29 198.143 3743.4
145.601 1736.33 884.287 9283.38
145.629 360.893 887.68 2068.78
145.726 1409.74 203.662 4032.37
145.879 1231.79 2289.94 11266.2
145.978 1231.03 2288.07 11262.4
146.028 1230.59 2287.4 11261.3
146.128 1230.8 2288.58 11264.4
146.227 1231.61 2290.94 11270.5
146.333 1233.45 2296.68 11283.8
146.635 1236.51 2304.66 11303.5
146.663 1240.83 2310.58 11323.6
146.689 1129.09 1766.86 9489.02
146.735 1135.06 1769.4 9509.08
146.834 1142.1 1771.59 9531.37
147.032 1150.52 1774.92 9558.8
147.067 1160.32 1777.6 9588.64
147.141 1136.15 1761.09 9448.04
147.25 1133.8 1685.88 9191.04
147.335 1092.15 1642.57 9094.89
147.537 974.368 1596.39 8550.17
147.594 1290.52 189.961 2885.31
147.645 987.087 1601.08 8594.92
147.741 992.681 1605.22 8618.83
147.968 955.144 1572.36 8466.3
147.996 946.983 1567.92 8290.62
148.064 809.35 917.208 6337.16
148.161 811.298 918.271 6346.14
148.265 812.64 919.308 6353.16
148.362 813.65 920.41 6359.19
148.461 814.408 921.38 6364.05
148.57 384.803 45.4666 804.884
148.723 378.907 45.0196 791.859
148.819 971.745 1600.93 8569.26
148.874 972.14 1602.35 8573.42
148.979 972.351 1603.37 8576.16
149.067 972.543 1604.27 8578.5
149.172 972.664 1604.94 8579.94
149.277 379.067 588.632 2787.33
149.373 1017.05 1642.09 8754.29
149.477 1016.83 1642 8753.7
149.573 1016.52 1641.43 8751.46
149.675 1016.13 1640.7 8749.1
149.783 1015.69 1639.9 8746.68
149.936 1015.19 1638.85 8743.26
149.986 1014.66 1637.79 8739.83
150.084 1014.08 1636.66 8736.46
150.178 1013.41 1635.19 8731.68
150.281 1012.68 1633.74 8727.06
150.436 1011.79 1631.93 8721.02
150.484 1010.81 1629.83 8714.18
150.845 1009.73 1627.63 8707.18
150.868 1008.58 1625.22 8699.35
150.887 1007.41 1622.82 8691.92
150.911 1006.2 1620.36 8684.14
150.99 1004.96 1617.9 8676.21
151.089 1003.75 1615.38 8668.19
151.187 1002.61 1613.03 8660.52
151.286 1001.45 1610.73 8653.1
151.387 1000.23 1608.31 8645.09
151.492 998.882 1605.65 8636.22
151.74 997.308 1602.6 8626.22
151.761 995.589 1599.24 8615.21
151.794 993.74 1595.7 8603.55
152.05 991.693 1591.78 8590.6
152.196 989.513 1587.41 8575.87
152.217 987.225 1582.95 8561.21
152.255 984.772 1578.11 8545.07
152.298 982.083 1572.88 8528.03
152.399 979.334 1567.4 8509.88
152.56 976.41 1561.56 8490.34
152.607 931.506 1520.62 8295.78
152.704 928.458 1514.35 8274.58
152.805 925.291 1507.78 8252.35
152.906 921.98 1500.97 8229.36
153.103 918.634 1493.96 8205.65
153.124 915.216 1486.87 8181.67
153.31 911.694 1479.6 8157.12
153.33 908.018 1471.95 8131.2
153.411 896.156 1401.41 7907.5
153.508 892.068 1390.7 7878.16
153.61 887.717 1380.27 7846.96
153.763 869.018 1359.66 7554.48
153.86 864.443 1349.42 7521.35
153.915 859.823 1339.19 7488.26
154.115 742.056 811.544 5692.53
154.164 738.604 806.058 5670.67
154.218 735.191 800.699 5648.7
154.315 731.827 795.379 5627.09
154.469 728.4 789.494 5604.95
154.522 724.734 783.05 5580.56
154.625 231.615 2587.33 5635.82
154.819 260.236 2227.43 5503.05
154.838 814.441 1232.37 7148.81
154.923 787.696 1185.07 6933.84
155.021 781.87 1171.55 6887.24
155.125 268.483 2650.77 6356.56
155.283 777.573 1226.15 6986.21
155.329 771.38 1212.03 6935.85
155.428 673.379 699.015 5133.14
155.576 668.503 690.109 5097.71
155.63 663.43 681.234 5060.87
155.731 641.574 670.312 4765.93
155.886 636.551 661.505 4728.98
155.99 624.967 608.176 4102.91
156.034 603.16 570.283 3913.38
156.13 593.817 522.495 3747.29
156.235 589.302 515.766 3716.95
156.336 219.584 219.584 6333.38
156.437 585.85 540.548 3790.38
156.538 581.644 533.106 3759.21
156.693 267.71 1262.11 3249.4
156.796 587.563 545.48 3850.92
156.845 568.892 510.869 3664.95
156.94 479.515 195.167 2555.84
157.093 477.467 193.27 2538.02
157.149 475.404 191.318 2519.8
157.244 473.365 189.338 2501.83
157.346 471.381 187.387 2484.48
157.45 264.794 2087.18 4705.45
157.552 457.308 170.403 2321.22
157.804 456.135 169.311 2309.95
157.958 452.447 168.98 2037.14
158.012 451.697 168.219 2032.31
158.16 451.126 167.665 2028.78
158.217 450.738 167.344 2026.57
158.312 450.512 167.196 2025.84
158.411 450.476 167.236 2027.54
158.615 380.365 1657.81 3260.94
158.665 463.396 178.435 2426.36
158.767 380.502 1790.65 3138.48
158.867 238.759 2619.51 6929.56
158.974 493.018 260.595 3090.84
159.068 493.158 260.433 3092
159.122 493.238 260.227 3092.32
159.225 493.283 259.968 3092.18
159.321 493.291 259.637 3091.64
159.475 493.256 259.269 3090.55
159.574 493.207 258.909 3089.36
159.626 493.132 258.539 3087.86
159.777 493.051 258.177 3086.32
159.827 492.952 257.82 3084.6
160.03 492.846 257.468 3082.81
160.05 492.746 257.184 3081.09
160.128 492.657 256.926 3079.52
160.229 492.572 256.68 3078
160.381 492.488 256.433 3076.49
160.433 492.422 256.219 3075.24
160.54 492.352 256.009 3073.92
160.633 492.305 255.877 3072.86
160.736 492.257 255.7 3071.75
160.891 492.215 255.58 3070.59
160.941 492.204 255.492 3069.95
161.039 492.203 255.391 3069.3
161.141 492.223 255.375 3068.96
161.24 492.255 255.304 3068.67
161.341 492.299 255.293 3068.55
161.441 492.356 255.304 3068.52
161.544 468.109 187.213 2575.27
161.643 468.168 187.205 2575.32
161.8 468.241 187.2 2575.57
161.844 468.325 187.217 2575.93
162.045 468.416 187.234 2576.3
162.063 468.516 187.254 2576.83
162.148 468.621 187.282 2577.31
162.249 468.728 187.309 2577.78
162.347 468.84 187.343 2578.38
162.509 468.959 187.381 2579.09
162.701 469.081 187.42 2579.72
162.912 469.203 187.454 2580.4
162.928 469.326 187.497 2581.17
162.95 469.445 187.539 2581.68
163.01 469.583 187.586 2582.52
163.055 469.73 187.632 2583.5
163.214 456.1 167.114 2294.43
163.258 456.205 167.143 2295.15
163.361 456.309 167.172 2295.79
163.46 456.413 167.199 2296.29
163.612 456.52 167.226 2296.93
163.765 456.629 167.251 2297.65
163.861 456.746 167.285 2298.47
163.88 453.859 167.059 2033.89
163.97 453.965 167.079 2034.48
164.063 454.069 167.099 2034.97
164.166 454.176 167.115 2035.56
164.265 454.271 167.121 2035.9
164.367 454.373 167.123 2036.34
164.567 454.481 167.126 2036.87
164.584 454.582 167.122 2037.29
164.725 454.681 167.114 2037.73
164.772 454.766 167.095 2038.09
164.876 454.852 167.074 2038.33
164.978 454.947 167.044 2038.73
165.133 455.052 167.026 2039.13
165.182 447.413 164.617 1838.54
165.275 447.493 164.597 1838.84
165.374 447.573 164.571 1839.13
165.477 447.651 164.551 1839.47
165.582 447.695 164.492 1839.49
165.677 433.307 138.622 1368.46
165.885 433.311 138.597 1368.38
165.938 433.314 138.559 1368.31
165.983 433.318 138.52 1368.27
166.086 433.324 138.47 1368.25
166.182 433.328 138.43 1368.22
166.281 433.33 138.389 1368.19
166.384 433.337 138.334 1368.25
166.492 433.336 138.286 1368.18
166.587 386.343 100.635 857.047
166.686 386.271 100.67 857.047
166.796 386.2 100.721 857.081
166.943 386.129 100.773 857.143
166.993 4110.31 9825.5 34689.8
167.144 4110.44 9800.62 34691.3
167.191 4110.71 9775 34693.1
167.293 4111.2 9749.2 34696.3
167.394 4112.01 9720.55 34697.7
167.497 4113.49 9690.65 34699.4
167.597 4115.05 9659.42 34700.4
167.697 4116.61 9627.87 34700.8
167.801 4118.24 9600.23 34705.4
167.904 4119.25 9576.09 34713.7
168.003 4121.01 9551.99 34724.4
168.104 4123.15 9526.53 34735.1
168.21 4125.84 9499.68 34745.4
168.306 4128.29 9473.58 34756.6
168.404 4130.42 9444.09 34764.1
168.706 4132.21 9412.09 34768.9
168.86 380.619 1223.75 3840.6
168.879 277.739 1323.6 3486.58
168.902 384.068 101.45 856.172
168.966 4582.1 7534.7 32298
169.016 297.057 651.472 1965.39
169.118 383.702 101.615 856.038
169.224 366.694 1128.86 3475.37
169.316 433.205 136.18 1364.93
169.421 383.329 101.737 855.818
169.675 383.194 101.777 855.722
169.953 383.141 101.213 855.526
169.972 383.133 101.132 855.381
170.002 383.127 101.011 855.247
170.12 383.11 100.752 855.017
170.177 383.081 100.34 854.662
170.269 383.041 99.8365 854.147
170.373 382.998 99.2155 853.49
170.476 382.937 98.5112 852.643
170.578 382.881 97.7682 851.641
170.675 382.805 96.8073 850.355
170.78 382.702 95.6747 848.723
170.889 382.57 94.3593 846.622
171.086 382.369 91.9234 843.925
171.107 382.147 89.5877 840.341
171.176 381.897 87.0961 836.124
171.281 4108.45 7014.73 31878.9
171.385 3834.65 6755.95 30737.3
171.539 3660.66 6508.35 30048.4
171.586 3483.16 6164.2 29281.1
171.791 3083.76 5427.05 26810.9
171.809 2940.29 5221.34 26191.1
171.881 2518.87 4820.51 23836.1
171.981 2403.24 4632.86 23254.4
172.085 2294.37 4453.12 22696
172.19 2192.43 4283.85 22162.3
172.284 1934.67 3582.47 20016.1
172.393 1858.02 3457.75 19593.3
172.487 1787.77 3343.43 19194.4
172.584 1724.83 3241.76 18827.1
172.69 1626.9 2990.1 17726.7
172.794 1578.95 2914.72 17439.7
173.088 1530.1 2801.96 16712.8
173.103 1495.01 2748.8 16501
173.149 1463.47 2691.39 15989.5
173.194 360.638 1006 2258.52
173.289 1762.43 3536.94 18367.3
173.395 318.067 1050.26 2522.42
173.494 371.507 1087.79 2307.33
173.594 1969.02 4224.87 20648
173.705 1956.82 4209.51 20580.6
173.796 1948.31 4200.36 20536.2
173.948 369.875 1149.24 2261.44
174.008 1673.2 212.524 4082.29
174.161 3114.86 6392.16 26767.8
174.216 3116.22 6400.09 26789.4
174.308 3118.34 6407.44 26814.4
174.415 3120.06 6414.14 26838.4
174.511 3121.55 6419.64 26861.6
174.614 3122.69 6423.54 26884.5
174.766 3123.22 6428.28 26907.6
174.868 3123.64 6434.93 26933.1
174.968 3123.77 6443.17 26958.9
175.01 3125.84 6464.13 26998.2
175.117 3132.65 6510.11 27073.8
175.218 3141.87 6551.36 26934.6
175.32 3154.71 6589.95 27016
175.421 3171.5 6626.86 27107.2
175.519 3193.93 6667.34 27216.3
175.669 3220.1 6695.76 27326.9
175.727 3249.77 6712.25 27439.2
175.871 3282.26 6723.14 27556.2
176.031 3319.08 6743.91 27691.8
176.048 3355.03 6733.98 27627.8
176.124 369.869 56.8559 697.995
176.229 313.787 602.724 1756.76
176.33 3703.21 6692.54 28711.8
176.429 3713.71 6698.09 28761.5
176.528 3720.82 6704.42 28800.5
176.78 3724.68 6709.7 28828.3
176.804 3726.12 6713.23 28847.5
176.841 1869.58 208.922 3853.77
176.941 622.234 222.581 1616.83
177.089 375.326 71.5177 738.412
177.14 369.37 27.4563 622.531
177.237 406.83 118.76 1468.67
177.343 227.261 1380.18 3579.86
177.444 419.81 130.94 1952.79
177.55 419.899 130.818 1951.64
177.643 419.982 130.698 1950.47
177.884 420.053 130.569 1949.35
177.985 246.261 4461.55 11415.3
178.081 424.098 138.703 2060.15
178.181 424.154 138.562 2058.85
178.294 424.2 138.418 2057.68
178.386 424.236 138.282 2056.52
178.545 424.257 138.146 2055.3
178.586 424.272 138.004 2054.14
178.744 424.282 137.875 2053.07
178.795 424.289 137.746 2052.08
178.894 424.29 137.631 2051.11
178.993 424.28 137.516 2050.11
179.096 424.262 137.397 2049.13
179.193 424.234 137.263 2047.99
179.346 424.208 137.134 2046.95
179.398 424.213 137.044 2046.35
179.55 424.202 136.939 2045.55
179.598 424.213 136.862 2045.12
179.863 424.226 136.796 2044.68
179.886 424.243 136.73 2044.41
179.958 424.25 136.654 2044
180.02 424.262 136.586 2043.67
180.117 424.277 136.511 2043.37
180.263 424.295 136.457 2043.15
180.32 424.313 136.404 2042.89
180.472 424.335 136.354 2042.7
180.513 424.359 136.315 2042.5
180.609 424.386 136.278 2042.49
180.71 424.414 136.246 2042.48
180.814 424.444 136.21 2042.57
180.913 424.472 136.184 2042.6
181.011 424.497 136.16 2042.56
181.113 424.525 136.141 2042.65
181.318 424.551 136.121 2042.7
181.338 424.572 136.099 2042.61
181.617 424.6 136.084 2042.78
181.634 424.627 136.071 2042.92
181.658 424.651 136.057 2043
181.727 424.673 136.051 2043.07
181.819 424.688 136.035 2043.06
181.98 424.702 136.019 2043.04
182.083 424.723 136.021 2043.22
182.135 424.73 136.011 2043.22
182.234 424.736 135.987 2043.23
182.33 424.738 135.971 2043.13
182.431 424.74 135.956 2043.11
182.533 424.741 135.94 2043.13
182.64 424.746 135.934 2043.28
182.79 424.75 135.93 2043.45
182.83 424.745 135.92 2043.53
182.987 424.746 135.918 2043.67
183.036 424.747 135.922 2043.91
183.237 424.743 135.93 2044
183.258 424.734 135.925 2044.04
183.339 424.73 135.925 2044.17
183.437 424.729 135.936 2044.41
183.59 424.722 135.954 2044.66
183.639 424.707 135.964 2044.82
183.742 424.694 135.98 2045.16
183.946 424.671 135.986 2045.24
183.974 424.649 135.997 2045.43
184.2 424.628 136.011 2045.68
184.249 424.602 136.023 2045.83
184.268 424.577 136.034 2046.03
184.345 424.551 136.044 2046.15
184.455 424.528 136.059 2046.37
184.65 424.509 136.07 2046.7
184.749 424.486 136.092 2047.03
184.807 424.469 136.123 2047.41
184.85 424.452 136.157 2047.81
184.956 424.44 136.196 2048.39
185.106 424.424 136.236 2048.88
185.157 424.409 136.276 2049.41
185.25 424.401 136.326 2049.99
185.355 424.394 136.378 2050.49
185.452 424.396 136.437 2051.25
185.611 424.394 136.501 2051.9
185.66 424.393 136.569 2052.66
185.809 424.389 136.638 2053.45
185.959 424.384 136.707 2054.18
185.983 424.374 136.781 2054.79
186.165 424.365 136.843 2055.47
186.193 424.353 136.911 2056.08
186.318 424.346 136.985 2056.94
186.367 424.339 137.057 2057.56
186.463 424.34 137.131 2058.28
186.564 424.337 137.21 2058.98
186.719 421.099 128.927 1945.78
186.768 421.099 128.99 1946.33
186.915 421.105 129.057 1947.16
186.975 421.1 129.118 1947.65
187.077 421.099 129.182 1948.4
187.175 421.105 129.251 1949.19
187.275 421.11 129.317 1949.85
187.382 264.915 2710.21 5694.5
187.476 532.304 700.159 3592.68
187.58 428.266 144.189 2207
187.675 428.282 144.283 2208.09
187.926 428.299 144.389 2209.21
187.95 428.315 144.49 2210.2
187.981 428.333 144.586 2211.12
188.336 428.351 144.677 2211.99
188.36 428.372 144.779 2213.04
188.382 424.305 138.74 2072.89
188.401 424.313 138.83 2073.62
188.489 424.325 138.927 2074.4
188.639 424.329 139.035 2075.19
188.74 424.334 139.141 2076.17
188.789 424.334 139.247 2077.04
188.896 424.333 139.353 2077.92
189.002 421.422 130.663 1963.83
189.095 421.435 130.743 1964.37
189.198 421.446 130.807 1965.08
189.299 419.424 128.561 1798.32
189.397 408.431 119.468 1473.87
189.501 500.794 260.696 1481.51
189.597 419.485 128.707 1799.86
189.702 419.499 128.748 1800.2
189.858 408.324 119.813 1475.2
189.903 402.245 98.5956 1121.5
190.003 402.254 98.6426 1121.74
190.161 240.752 5971.45 11553.2
190.219 419.618 129.412 1802.12
190.313 419.621 129.371 1800.35
190.409 419.66 129.329 1800.6
190.66 419.729 129.286 1802.73
190.767 419.766 129.217 1803.73
190.871 786 224.836 2087.9
190.969 421.594 131.276 1969.88
191.072 421.518 131.16 1967.97
191.173 421.409 131.008 1965.8
191.265 421.274 130.823 1963.74
191.374 407.964 117.659 1469.18
191.468 401.984 95.5502 1115.04
191.722 401.766 94.3911 1112.4
191.74 380.858 63.9248 734.286
191.773 4362.57 17813.6 48816.5
192.032 4243.11 16881.3 47547.7
192.061 4107.88 15902.4 46146.2
192.135 3959.9 14921.3 44658.7
192.184 3802.93 13963.9 43126
192.381 3258.76 13061.3 40054.3
192.408 3120.16 12251.7 38623.1
192.482 2922.37 11397.8 36451.6
192.587 2790.22 10645.7 35086
192.69 2610.32 9879.29 33457
192.792 2350.95 7053.61 26868
192.986 2241.06 6676.26 26023.8
193.001 2138.45 6328.37 25226.9
193.282 272.447 6051.53 10645.2
193.299 2060.48 7938.44 27726.7
193.321 347.68 686.553 1591.31
193.382 1844.86 5143.8 22679.4
193.538 1777.54 4854.42 22092
193.582 1722.24 4691.09 21629
193.689 1649.3 4538.01 21041.3
193.841 1518.79 4264.3 19791.6
193.889 1489.89 4172.76 19525.8
194.037 1394.79 4035.18 18654.2
194.137 1376.69 3972.34 18483.2
194.19 1362.16 3921.92 18344.8
194.294 1289.65 3752.58 17488
194.39 1281.35 3722.81 17407.6
194.495 1275.64 3702.52 17352.9
194.593 1271.69 3688.7 17312.9
194.693 1269.12 3680.16 17289.4
194.795 357.948 1624.79 2827.77
194.895 1905.48 4459.77 19278.9
195.002 369.536 1737.32 2872.23
195.156 3074.72 7222.04 26119.3
195.208 3074.15 7221.53 26120.2
195.304 3071.67 7217.24 26114.6
195.398 3068.29 7212.12 26109
195.553 3064.91 7208.21 26107
195.606 3061.29 7204.42 26104.9
195.705 3059.51 7206.79 26116
195.804 3059.79 7211.19 26133.5
195.962 3060.27 7212.7 26148.3
196.308 3062.43 7214.62 26168.9
196.323 3065.7 7216.08 26191.5
196.349 3069.33 7216.99 26216.6
196.376 3073.59 7217.34 26243
196.419 3077.78 7217.11 26274.4
196.515 3073.9 7205.64 26269.7
196.666 2250.94 6113.6 22479.4
196.719 347.266 1267.17 3069.58
196.868 2627.9 7756.44 27409.2
196.964 2634.78 7747.99 27442.9
197.021 2641.26 7744.66 27479
197.173 2647.02 7745.33 27515.8
197.222 370.195 35.2898 656.812
197.327 2638.95 7747.48 27703.6
197.428 2639.95 7752.74 27718.4
197.587 2640.13 7756.2 27729.4
197.632 369.74 53.3367 660.865
197.795 377.302 91.4172 784.909
197.878 2719.92 7892 28804.1
197.936 372.781 43.2055 689.874
198.086 274.009 1071.87 2714.12
198.137 2957.59 8482.54 30858.8
198.24 477.946 245.657 1590.56
198.394 2161.11 203.173 4650.15
198.446 375.945 730.456 2983.3
198.544 381.418 82.6155 1164.54
198.645 381.554 82.5699 1164.47
198.99 381.687 82.5248 1164.39
199.009 381.815 82.477 1164.22
199.089 381.939 82.4281 1164.11
199.19 382.057 82.3874 1164.04
199.29 382.17 82.3537 1163.93
199.394 382.277 82.3258 1163.79
199.493 382.379 82.3028 1163.65
199.594 382.477 82.2866 1163.54
199.697 382.57 82.2771 1163.44
199.849 382.659 82.2642 1163.38
199.95 382.744 82.254 1163.32
200.006 382.825 82.2502 1163.27
200.155 382.902 82.2431 1163.29
200.208 382.976 82.2388 1163.32
200.362 383.047 82.2448 1163.26
200.456 383.115 82.2489 1163.3
200.507 383.18 82.2485 1163.31
200.604 383.243 82.2494 1163.29
200.767 383.303 82.2637 1163.3
200.862 383.363 82.2859 1163.39
200.909 383.422 82.2975 1163.49
201.012 383.479 82.3153 1163.62
201.108 383.535 82.3442 1163.73
201.209 383.589 82.3609 1163.83
201.318 383.641 82.3837 1163.92
201.572 383.693 82.3996 1164.09
201.601 383.744 82.4226 1164.24
201.628 383.793 82.4378 1164.36
201.778 383.842 82.4621 1164.51
202.027 383.889 82.4859 1164.6
202.06 383.936 82.5039 1164.81
202.092 383.982 82.5307 1164.94
202.132 384.024 82.5281 1164.99
202.279 384.067 82.5477 1165.09
202.332 384.109 82.5731 1165.23
202.441 384.15 82.5832 1165.32
202.634 384.19 82.6084 1165.46
202.667 384.23 82.624 1165.61
202.789 384.267 82.638 1165.67
202.888 384.304 82.6605 1165.78
202.935 384.34 82.676 1165.91
203.037 384.376 82.6983 1166.05
203.141 384.41 82.7206 1166.19
203.241 384.443 82.7389 1166.24
203.341 384.475 82.7562 1166.41
203.444 384.505 82.7693 1166.51
203.533 384.534 82.7904 1166.64
203.686 384.562 82.8067 1166.76
203.737 384.587 82.8178 1166.85
203.839 384.611 82.8261 1166.97
203.937 384.634 82.8446 1167.1
204.042 384.654 82.8594 1167.23
204.139 384.672 82.8716 1167.24
204.241 384.687 82.8798 1167.3
204.346 384.701 82.8917 1167.32
204.442 384.712 82.8956 1167.36
204.543 384.722 82.9075 1167.41
204.646 384.728 82.915 1167.36
204.743 384.733 82.9183 1167.37
204.846 384.736 82.9188 1167.37
204.949 384.736 82.9254 1167.36
205.05 384.735 82.9296 1167.33
205.148 384.731 82.9326 1167.29
205.253 384.725 82.924 1167.22
205.35 384.718 82.9371 1167.19
205.451 384.708 82.937 1167.13
205.555 384.698 82.9382 1167.11
205.657 380.255 71.4297 918.914
205.804 380.243 71.4283 918.902
205.863 380.228 71.3778 918.774
206.014 373.651 50.2969 652.754
206.061 373.621 50.2997 652.757
206.163 373.591 50.3386 652.768
206.26 373.56 50.3421 652.762
206.367 373.528 50.3492 652.765
206.475 373.496 50.3575 652.768
206.624 373.464 50.371 652.767
206.722 5636.81 10478.3 39242.2
206.876 5635.81 10476.1 39245.1
206.9 5634.38 10473.8 39247.1
206.976 5632.76 10471.5 39246.3
207.069 5630.87 10469.1 39249.2
207.172 5629 10466.5 39250.1
207.273 5626.5 10463.1 39253.1
207.426 5624.41 10460 39252.5
207.53 5621.43 10456.2 39253.2
207.582 5620.13 10454.6 39253.4
207.825 5618.17 10452.7 39260.4
207.844 5616.51 10451.3 39263.5
207.879 5611.55 10446.2 39262.5
207.982 5606 10441.2 39254.1
208.089 251.033 2438.8 4769.16
208.281 372.983 50.5651 652.771
208.309 372.956 50.5806 652.76
208.545 251.057 2615.51 5137.16
208.575 376.531 67.3703 902.001
208.601 376.488 67.3941 901.964
208.697 238.206 3499.68 6268.25
208.787 376.918 68.7567 1003.26
208.935 376.878 68.7769 1003.22
209.052 376.839 68.8031 1003.23
209.139 376.802 68.829 1003.29
209.191 376.763 68.8537 1003.29
209.294 376.723 68.8772 1003.25
209.391 376.683 68.9021 1003.25
209.542 303.596 1161.1 2946.63
209.594 382.252 69.7914 1123.16
209.752 376.584 68.9983 1003.37
209.851 231.949 1567.33 3269.96
209.899 382.141 69.9053 1123.31
209.996 382.104 69.9466 1123.42
210.099 382.067 69.9938 1123.48
210.205 3091.1 1375.01 3091.1
210.303 412.449 347.645 1952.53
210.401 413.097 347.089 1952.72
210.56 413.787 346.586 1952.95
210.614 376.289 69.3331 1003.84
210.77 376.29 69.3782 1003.84
210.854 376.314 69.3847 1003.8
211.049 236.366 9641.44 18125.7
211.149 381.999 70.2211 1123.65
211.261 382.044 70.2104 1123.7
211.358 382.086 70.1848 1123.46
211.462 382.114 70.1216 1122.75
211.669 382.123 70.0186 1121.73
211.702 382.12 69.8871 1120.75
211.867 376.549 68.974 999.97
211.899 376.533 68.7888 998.455
212.02 376.502 68.5769 996.64
212.123 375.85 64.843 894.016
212.182 375.764 63.9725 891.542
212.383 246.891 9668.91 15182.1
212.415 381.557 67.6828 1101.1
212.467 381.338 67.0333 1095.38
212.57 246.941 6087.71 9527.65
212.67 401.673 270.082 1817.16
212.769 400.26 261.148 1794.24
212.869 398.914 254.08 1770.81
212.971 397.626 247.697 1747.95
213.073 396.37 241.089 1725.1
213.174 374.513 60.1983 935.163
213.277 374.238 59.2616 928.802
213.374 373.333 52.6297 830.622
213.477 373.043 52.0263 825.568
213.578 370.442 36.3896 610.315
213.676 3775.64 14428.3 45862.3
213.775 3616.89 13779.5 44429.5
213.877 3477.76 13221.8 43171.8
213.982 894.916 215.601 2026.91
214.091 3011.89 12491.8 41082.1
214.195 231.775 8365.14 13544.9
214.291 369.89 1218.95 2343.86
214.388 367.883 36.3125 597.147
214.497 333.089 1208.98 2139.99
214.635 369.174 49.6734 792.685
214.741 366.783 36.7019 595.122
214.796 266.516 5685.95 10258.6
214.951 230.804 7873.88 15014.2
215.002 368.337 51.0596 876.321
215.107 368.142 1476.53 2531.32
215.208 360.264 1437.33 2467.63
215.302 381.267 209.848 1511.58
215.398 381.101 210.114 1511.74
215.505 380.979 210.449 1511.96
215.605 380.902 210.822 1512.34
215.759 358.675 1561.27 2558.48
215.957 387.543 212.714 1629.12
215.979 387.614 212.885 1629.71
216.051 381.113 212.389 1514.44
216.112 381.236 212.805 1515.07
216.211 371.239 51.397 978.828
216.313 371.381 51.38 978.815
216.413 371.557 51.3647 978.898
216.513 371.764 51.3448 978.996
216.615 372.014 51.3271 979.203
216.716 372.308 51.2989 979.387
216.816 372.647 51.2671 979.61
217.015 368.844 50.3226 791.708
217.048 369.142 50.283 792.072
217.167 367.228 37.7869 595.524
217.213 4657.92 14189.3 41134.6
217.313 321.049 602.11 1616.6
217.414 4656.96 14630.6 41317.1
217.614 4654.24 14790.3 41360.2
217.724 4649.45 14876.3 41349.1
217.78 4648.06 14938.2 41343.4
217.826 4646.01 14971.3 41326.1
217.928 404.657 262.656 1192.35
218.025 368.663 37.8394 596.139
218.134 368.726 37.8297 596.095
218.223 368.785 37.8268 596.046
218.322 567.021 224.305 1473.61
218.423 371.323 50.141 793.051
218.579 371.386 50.1264 793.03
218.635 374.986 696.542 2688.79
218.905 545.245 231.617 1707.21
218.944 2007.57 204.106 5025.58
219.024 401.239 896.254 2863.87
219.126 401.261 895.688 2863.21
219.234 401.29 895.103 2862.52
219.51 401.342 894.561 2861.64
219.532 401.363 894.085 2861.24
219.564 401.407 893.687 2860.76
219.709 401.439 893.361 2860.38
219.766 401.461 893.074 2860.13
219.859 401.479 892.795 2859.77
220.016 401.486 892.551 2859.52
220.112 401.48 892.289 2859.17
220.162 401.472 892.133 2858.9
220.263 401.452 891.949 2858.58
220.358 401.421 891.783 2858.32
220.46 401.388 891.58 2858
220.568 401.36 891.408 2857.72
220.665 401.359 891.301 2857.57
220.765 401.375 891.195 2857.45
220.919 401.405 891.156 2857.5
220.971 401.409 891.002 2857.52
221.167 401.434 890.86 2857.44
221.187 401.453 890.721 2857.28
221.27 401.476 890.626 2857.23
221.372 401.5 890.485 2857.04
221.47 401.509 890.328 2856.95
221.569 401.521 890.136 2856.73
221.732 401.533 889.956 2856.54
221.773 401.543 889.753 2856.25
221.876 401.551 889.542 2855.99
221.981 401.557 889.295 2855.69
222.076 401.551 888.958 2855.18
222.238 401.566 888.66 2854.77
222.282 401.586 888.35 2854.36
222.378 401.583 888.021 2853.87
222.483 401.588 887.744 2853.36
222.583 401.603 887.506 2852.98
222.737 401.62 887.258 2852.65
222.784 401.641 886.953 2852.19
222.89 401.666 886.65 2851.76
222.985 401.7 886.366 2851.39
223.083 401.746 886.113 2851.13
223.285 401.795 885.839 2850.81
223.306 401.86 885.614 2850.6
223.387 401.912 885.337 2850.37
223.487 401.991 885.182 2850.3
223.641 402.084 885.069 2850.29
223.694 402.174 884.841 2850.14
223.791 402.289 884.663 2850.08
223.901 386.3 212.081 1519.7
224.249 386.317 212.085 1519.83
224.266 386.333 212.128 1519.88
224.291 386.349 212.157 1519.98
224.504 386.363 212.117 1520.02
224.527 386.376 212.103 1520.1
224.553 386.389 212.043 1520.07
224.608 377.895 50.7558 980.377
224.701 377.902 50.7492 980.369
224.808 377.908 50.7444 980.369
225.056 377.914 50.7396 980.38
225.087 377.92 50.7363 980.384
225.122 377.926 50.7327 980.39
225.219 377.932 50.7291 980.436
225.318 377.937 50.7261 980.494
225.415 377.941 50.7223 980.504
225.52 374.275 50.3991 878.756
225.672 374.275 50.3882 878.693
225.721 374.276 50.3758 878.637
225.913 374.276 50.3632 878.579
225.937 374.276 50.3509 878.556
226.014 374.277 50.339 878.539
226.115 374.277 50.3282 878.51
226.222 374.277 50.3183 878.495
226.326 374.277 50.3079 878.45
226.479 374.277 50.2968 878.442
226.579 374.275 50.2799 878.36
226.676 374.273 50.2641 878.328
226.733 374.27 50.249 878.234
226.83 374.269 50.2345 878.199
226.929 374.268 50.2193 878.126
227.036 374.268 50.205 878.084
227.183 374.268 50.1915 878.074
227.237 374.267 50.1707 877.99
227.334 374.265 50.1486 877.899
227.434 374.263 50.1256 877.803
227.536 374.259 50.0972 877.662
227.691 374.257 50.0679 877.505
227.739 371.211 37 594.979
227.896 371.19 36.9848 594.933
227.996 371.171 36.9675 594.895
228.045 371.154 36.9538 594.868
228.399 371.138 36.9395 594.836
228.452 239.043 3392.35 5900.48
228.485 377.822 50.1861 978.423
228.518 262.448 3161.99 5935.95
228.547 386.914 209.096 1513.72
228.694 386.942 208.921 1513.33
228.741 386.975 208.758 1513
228.844 387.013 208.613 1512.71
228.951 387.057 208.461 1512.47
229.202 387.106 208.308 1512.2
229.232 387.162 208.162 1511.92
229.452 387.229 208.078 1511.82
229.473 387.299 207.905 1511.6
229.5 387.366 207.692 1511.27
229.547 387.433 207.461 1510.84
229.648 387.501 207.235 1510.34
229.85 387.58 207.028 1509.94
230.003 387.667 206.764 1509.6
230.053 377.88 49.6796 976.469
230.159 374.243 49.3868 875.134
230.179 374.253 49.354 875.089
230.253 374.265 49.3185 874.996
230.357 532.61 248.932 1407.45
230.468 273.298 787.701 1902.39
230.56 361.26 447.818 1519.04
230.715 240.435 3423.56 6081.86
230.764 257.043 3086.42 5572.44
230.917 398.469 212.364 1794.74
230.963 398.63 212.161 1794.47
231.071 398.801 211.952 1794.2
231.165 398.904 211.82 1794.14
231.27 398.903 211.749 1793.78
231.379 397.984 208.465 1705.22
231.47 398.002 208.338 1704.62
231.78 249.358 4118.45 7603.16
231.821 398.994 211.338 1791.84
231.929 398.994 211.247 1791.42
232.028 398.972 211.086 1790.86
232.13 398.921 210.845 1789.95
232.231 398.838 210.466 1788.46
232.332 398.725 209.943 1786.47
232.431 397.698 206.123 1695.99
232.537 397.52 205.306 1692.48
232.634 397.31 204.322 1688.44
232.797 397.048 203.094 1683.58
232.837 396.67 201.33 1676.46
232.99 396.148 198.99 1666.84
233.142 395.518 196.217 1655.44
233.197 393.304 190.445 1559.23
233.242 392.586 187.111 1546.43
233.339 385.232 162.47 1422.14
233.494 376.679 45.51 937.426
233.543 376.375 44.9172 931.972
233.702 376.046 44.2912 925.464
233.8 375.706 43.6615 919.927
233.846 375.353 43.032 914.301
233.948 374.991 42.4178 908.792
234.056 371.698 41.8188 812.558
234.161 268.968 5677.05 8923.83
234.251 371.062 40.7039 804.109
234.353 370.727 40.1861 800.152
234.452 369.912 36.6498 720.795
234.549 367.639 26.4783 557.005
234.651 248.506 8088.69 12931.1
234.757 315.752 598.234 1290.76
234.861 366.623 26.5855 553.487
234.963 288.857 1528.91 3405.72
235.064 3290.8 8937.95 34683.6
235.232 237.032 6867.36 12477.9
235.373 1403.88 200.988 2753.02
235.409 286.377 1459.64 3327.06
235.475 369.123 37.1498 862.857
235.571 1181.83 200.306 2414.57
235.722 372.818 128.332 1225.02
235.78 446.906 193.46 954.886
236.024 359.994 1007.2 1834.78
236.057 379.173 136.071 1542.61
236.131 379.021 136.112 1542.71
236.185 378.917 136.193 1543.14
236.278 378.862 136.312 1543.81
236.378 378.853 136.472 1544.56
236.478 378.893 136.669 1545.67
236.579 378.965 136.861 1546.65
236.677 379.077 137.094 1547.87
236.778 379.215 137.341 1549.04
236.875 379.38 137.677 1550.69
236.98 377.911 135.764 1477.8
237.129 377.515 134.396 1403.42
237.18 377.645 134.616 1404.29
237.284 377.769 134.829 1405.16
237.388 377.077 133.486 1332.21
237.488 368.85 37.6271 867.099
237.591 368.983 37.6791 867.335
237.733 369.109 37.736 867.559
237.882 369.228 37.7915 867.711
238.041 333.079 552.167 1469.17
238.066 221.392 1341.07 2371.74
238.098 352.798 1053.06 2465.74
238.194 555.742 1274.61 3524.96
238.29 544.577 1254.4 3445.87
238.399 378.009 135.495 1338.15
238.499 378.074 135.671 1338.76
238.601 374.122 135.031 1241.58
238.703 277.513 1397.24 2773.93
238.805 398.979 154.998 924.028
238.901 401.048 216.536 1073.38
239.052 594.737 1312.82 3670.32
239.1 595.133 1315.72 3675.18
239.201 339.931 398.409 651.505
239.313 379.225 104.587 824.633
239.412 374.238 981.881 3430.23
239.521 219.497 2073.81 4598.94
239.664 361.557 413.994 1846.39
239.869 644.747 1555.9 4750.37
239.972 645.039 1557.41 4752.9
240.174 645.319 1558.68 4754.8
240.209 638.057 1349.47 4064.39
240.329 638.304 1350.22 4065.86
240.377 638.513 1350.73 4066.83
240.48 638.761 1351.28 4067.98
240.585 639.004 1351.76 4069.04
240.689 639.247 1352.24 4070.12
240.785 639.471 1352.63 4070.83
240.887 639.733 1353.24 4072.32
240.985 639.96 1353.7 4073.35
241.089 640.208 1354.35 4074.87
241.189 640.462 1355.05 4076.37
241.286 640.752 1355.84 4078
241.391 641.07 1356.86 4080.19
241.492 641.368 1357.85 4082.2
241.591 641.675 1358.85 4084.02
241.693 642.047 1360.11 4086.51
241.791 642.416 1361.36 4088.97
241.892 642.791 1362.61 4091.35
241.994 643.199 1364.04 4094.27
242.098 643.602 1365.52 4097.37
242.198 643.983 1366.87 4100.1
242.307 644.336 1368.05 4102.34
242.455 644.69 1369.23 4104.63
242.505 645.049 1370.47 4107.13
242.601 645.412 1371.7 4109.61
242.703 645.767 1372.8 4111.7
242.857 646.157 1374.11 4114.49
242.904 646.548 1375.35 4116.94
243.056 646.95 1376.62 4119.38
243.16 647.335 1377.86 4121.84
243.206 647.73 1379.11 4124.45
243.308 648.08 1380.15 4126.52
243.409 648.47 1381.39 4129.37
243.507 648.821 1382.34 4131.28
243.613 649.178 1383.36 4133.42
243.763 649.523 1384.39 4135.69
243.812 649.85 1385.42 4138.03
243.914 650.132 1386.24 4139.67
244.016 650.423 1387.17 4141.73
244.117 650.67 1387.98 4143.58
244.22 650.917 1388.74 4145.34
244.319 651.14 1389.32 4146.8
244.417 651.337 1389.78 4148
244.52 638.413 1390.3 4021.1
244.618 638.59 1390.65 4021.99
244.818 623.035 1385.87 3850.18
245.172 623.175 1386.14 3851.08
245.205 623.295 1386.19 3851.25
245.326 623.449 1386.48 3852.07
245.359 623.576 1386.68 3852.79
245.389 623.683 1386.84 3853.52
245.423 623.775 1386.81 3853.74
245.457 623.851 1386.73 3853.97
245.53 623.897 1386.48 3853.78
245.63 623.954 1386.33 3853.95
245.734 623.983 1386.03 3853.56
245.831 624.056 1385.99 3854.04
245.938 624.113 1385.78 3854.1
246.032 610.133 1374.2 3792.92
246.134 610.23 1374.22 3793.26
246.239 610.286 1374.17 3793.65
246.341 590.79 1358.77 3737.62
246.439 563.281 1329.51 3596.72
246.536 563.297 1329.18 3596.45
246.688 563.298 1328.73 3596.19
246.74 563.282 1328.16 3595.96
246.937 563.242 1327.64 3595.58
246.972 563.174 1325.9 3594.97
247.043 563.061 1324.83 3593.55
247.142 562.932 1323.64 3591.6
247.288 562.802 1322.52 3590.78
247.341 562.659 1321.26 3589.25
247.444 562.526 1319.93 3587.64
247.544 562.414 1319.08 3586.23
247.745 562.318 1318.12 3585.45
247.778 381.363 138.856 1355.43
247.902 381.329 138.842 1355.38
247.955 381.296 138.829 1355.33
248.053 381.263 138.814 1355.3
248.198 381.231 138.803 1355.3
248.251 381.2 138.79 1355.27
248.36 381.169 138.772 1355.27
248.463 381.14 138.754 1355.2
248.558 381.11 138.731 1355.11
248.657 381.082 138.709 1354.99
248.758 381.055 138.687 1354.93
249.012 381.03 138.672 1354.92
249.046 251.595 4279.06 7204.7
249.164 560.948 1307.48 3572.59
249.198 560.809 1307.07 3571.42
249.271 239.257 3803.03 6084.44
249.366 573.186 1328.72 3652.57
249.464 572.997 1328.36 3651.67
249.566 572.82 1328.07 3650.63
249.668 572.645 1327.9 3649.8
249.771 559.886 1304.58 3566.63
249.928 529.119 1303.49 3443.96
250.021 528.949 1303.4 3443.25
250.116 528.768 1303.24 3442.59
250.167 528.54 1302.94 3441.31
250.268 528.325 1303.17 3441.07
250.367 528.099 1303.25 3440.47
250.467 527.838 1303.22 3439.72
250.573 227.453 1481.46 2820.06
250.669 378.751 133.81 1199.6
250.975 378.749 133.784 1199.6
251.009 291.842 1297.58 2788.52
251.043 363.879 595.159 1740.53
251.09 559.838 1348.85 3574.26
251.184 559.361 1349.5 3573.6
251.29 558.856 1350 3572.69
251.384 558.312 1350.57 3571.88
251.488 557.788 1351.65 3571.83
251.587 557.239 1352.63 3572.36
251.692 536.481 1328.62 3499.01
251.792 536.577 1327.42 3497.7
252.036 536.81 1328.38 3501.88
252.139 537.191 1331.93 3515.85
252.243 523.887 1311.32 3446.05
252.333 523.865 1304.51 3439.41
252.442 523.363 1294.66 3424.23
252.535 522.511 1284.1 3412.91
252.641 218.025 3362.75 6345.65
252.742 533.546 1307.12 3464.26
252.941 531.603 1295.36 3441.21
252.964 529.199 1280.72 3411.46
253.145 526.325 1263.32 3376.76
253.166 523.212 1245.06 3340.99
253.254 519.896 1225.93 3303.5
253.353 504.028 1106.59 3173.52
253.455 499.863 1069.6 3118.74
253.553 495.212 1029.99 3058.61
253.653 490.187 991.478 2994.53
253.757 484.961 954.634 2928.5
253.85 359.168 1346.58 2662.29
253.956 270.161 6424.76 8834.94
254.059 469.05 848.379 2723.65
254.158 464.03 815.951 2657.93
254.261 459.117 784.754 2593.82
254.361 454.404 753.406 2531.85
254.467 449.908 727.795 2470.57
254.562 445.706 705.457 2414.86
254.665 308.905 2941.99 5290.75
254.765 369.951 89.8126 979.194
254.866 367.38 23.9829 675.068
255.013 367.062 23.7601 673.179
255.073 1495.55 213.903 2694.44
255.323 239.664 9271.13 13977.7
255.356 428.508 674.756 2218.8
255.388 276.392 4696.47 7527.81
255.471 410.092 611.21 2056.01
255.579 214.198 214.198 3856.68
255.679 273.42 5187.2 8606.58
255.78 247.923 6373.23 11184.5
255.933 1744.27 216.627 3389.43
256.081 532.812 4645.41 7991.48
256.184 532.08 4632.24 7977.31
256.228 372.126 1661.96 2529.61
256.286 360.485 1700.56 2609.54
256.385 343.31 825.767 1516.47
256.484 814.575 5032.52 10091.4
256.584 350.986 1575.94 2403.62
256.687 874.554 5132.15 10749.7
256.841 876.106 5141.54 10766
256.987 877.75 5149.66 10781
257.032 879.179 5155.4 10791.7
257.144 880.365 5159.5 10798
257.191 881.519 5163.72 10801.4
257.295 882.57 5165.93 10799.5
257.396 883.701 5167.96 10794.1
257.484 885.712 5155.77 10776.1
257.586 887.938 5170.15 10775.3
257.687 828.957 5144.41 10167.6
257.789 830.323 5203.31 10189.1
257.891 552.753 4991.04 8877.83
257.993 551.644 5044.17 8800.84
258.297 550.838 5132.21 8834.75
258.329 361.437 957.181 1160.94
258.356 825.654 5521.28 9956.82
258.403 344.286 3221.08 3669.72
258.514 730.072 246.273 1521.91
258.606 525.368 5567.63 8400.75
258.706 431.635 654.123 2233.27
258.806 431.389 654.126 2232.5
258.91 431.227 653.858 2231.55
259.011 341.203 557.03 746.453
259.163 435.668 657.317 2379.48
259.206 435.727 656.71 2378.58
259.312 435.83 656.063 2377.7
259.417 435.946 655.3 2376.69
259.532 436.079 654.66 2375.89
259.617 436.184 654.04 2375.04
259.911 241.951 1067.39 2737.48
260.065 1523.91 199.162 3560.76
260.098 553.881 1301.8 4251.71
260.162 483.061 838.462 3114.48
260.315 482.97 837.784 3113.2
260.37 482.85 837.25 3112.05
260.469 449.631 651.786 2501.94
260.574 449.587 651.435 2501.19
260.67 449.527 651.042 2500.34
260.828 449.457 650.684 2499.54
260.93 449.377 650.303 2498.69
261.038 449.296 649.896 2497.79
261.126 449.234 649.561 2497.04
261.179 449.165 649.145 2496.14
261.279 449.104 648.769 2495.33
261.377 449.048 648.433 2494.61
261.476 449.01 648.175 2494.06
261.576 448.98 647.947 2493.58
261.695 448.961 647.745 2493.17
261.79 448.952 647.567 2492.8
262.048 448.959 647.452 2492.57
262.082 448.963 647.31 2492.28
262.124 448.981 647.23 2492.13
262.205 449.009 647.213 2492.1
262.3 449.05 647.301 2492.28
262.402 449.079 647.315 2492.31
262.549 449.125 647.431 2492.54
262.6 449.17 647.532 2492.75
262.699 449.219 647.652 2492.99
262.804 449.271 647.798 2493.29
262.899 449.321 647.956 2493.62
262.994 449.347 647.999 2493.7
263.199 449.379 648.087 2493.88
263.253 449.401 648.127 2493.95
263.349 449.425 648.196 2494.08
263.399 449.438 648.218 2494.11
263.496 449.45 648.222 2494.1
263.602 449.473 648.298 2494.23
263.708 449.487 648.302 2494.21
263.856 449.489 648.232 2494.04
263.904 449.496 648.21 2493.97
264.064 449.491 648.177 2493.85
264.257 449.497 648.269 2493.97
264.286 449.484 648.3 2493.97
264.324 449.454 648.265 2493.81
264.418 449.422 648.232 2493.66
264.517 449.403 648.269 2493.65
264.612 449.368 648.208 2493.42
264.716 449.335 648.134 2493.18
264.815 449.288 648.014 2492.83
264.966 449.244 647.961 2492.61
265.021 436.066 646.45 2359.17
265.117 436.057 646.78 2359.67
265.218 431.645 642.818 2211.09
265.323 431.626 643.169 2211.58
265.419 431.604 643.539 2212.11
265.524 431.578 643.888 2212.59
265.619 431.545 644.226 2213.02
265.725 431.518 644.592 2213.56
265.828 431.483 644.9 2213.97
266.08 431.44 645.178 2214.32
266.114 431.39 645.443 2214.62
266.279 431.332 645.698 2214.9
266.311 431.261 645.885 2215.01
266.548 431.183 646.107 2215.2
266.587 431.093 646.255 2215.2
266.628 430.999 646.455 2215.32
266.671 430.9 646.589 2215.24
266.775 430.818 646.802 2215.43
266.884 430.731 646.99 2215.53
267.031 424.907 640.678 2154.38
267.143 415.067 632.378 2096.6
267.346 414.94 632.589 2096.75
267.407 414.794 632.685 2096.55
267.542 414.641 632.825 2096.44
267.592 409.793 622.781 2032.09
267.672 409.628 622.784 2032.05
267.789 409.466 623.136 2031.99
267.89 409.294 623.115 2031.85
267.988 409.128 623.411 2031.91
268.091 408.949 623.686 2032.05
268.249 408.756 624.08 2032.16
268.355 408.545 624.53 2032.38
268.45 408.317 624.964 2032.53
268.519 408.071 625.322 2032.76
268.611 369.94 90.6648 947.262
268.758 369.92 90.6724 947.301
268.834 369.902 90.7168 947.34
268.92 369.886 90.7197 947.396
269.036 369.871 90.738 947.454
269.129 369.859 90.7562 947.482
269.282 369.849 90.7768 947.55
269.342 239.074 3848.6 5979.5
269.425 405.628 630.214 2034.87
269.526 405.303 630.841 2035.13
269.642 404.957 631.498 2035.45
269.744 404.6 632.353 2035.86
269.847 404.226 633.11 2036.15
269.938 403.845 633.832 2036.48
270.138 403.453 634.483 2036.55
270.188 403.044 635.012 2036.76
270.267 402.603 635.459 2036.63
270.378 250.099 1300.37 2496.85
270.463 401.647 636.511 2036.38
270.572 401.123 637.161 2036.36
270.658 400.571 637.865 2036.08
270.748 369.875 90.7357 947.86
270.859 368.046 22.6248 666.113
270.972 368.042 22.6142 666.053
271.066 368.049 22.6021 665.992
271.22 221.349 7152.2 9959.05
271.273 369.918 90.4741 947.26
271.368 375.097 1411.54 3571.89
271.53 399.175 654.15 2094.98
271.579 398.301 655.024 2094.26
271.67 397.397 655.979 2093.54
271.774 396.48 656.861 2092.66
271.89 395.555 657.563 2091.57
271.997 394.63 658.163 2090.38
272.612 394.083 658.413 2089.22
272.735 394.059 657.776 2088.05
272.801 394.087 657.046 2086.89
272.864 394.115 656.307 2085.63
272.99 394.083 656.03 2084.93
273.048 291.305 1454.64 3097.93
273.266 393.935 656.275 2084.85
273.543 393.776 656.084 2084.22
273.584 393.568 655.215 2082.08
273.621 393.25 653.421 2078.07
273.662 386.651 621.029 2004.51
273.701 385.154 609.148 1991.67
273.739 369.989 83.4461 938.314
273.783 368.04 22.0468 661.441
273.868 367.952 21.8909 659.804
274.037 367.842 21.7103 657.895
274.111 367.712 21.51 655.667
274.272 367.567 21.3006 653.47
274.421 365.81 21.1504 579.455
274.466 365.659 20.9351 577.596
274.537 365.073 18.3366 514.152
274.856 364.895 18.1034 512.874
274.912 364.705 17.8875 511.605
274.972 3944.53 8476.27 36258.9
275.083 245.755 3852.39 5786.42
275.135 3730.72 8026.28 34862.8
275.22 258.471 5460.04 8055.52
275.355 356.987 1571.08 2719.32
275.425 269.824 4256.57 6614.06
275.52 3339.02 7500.49 33114.9
275.614 239.073 7626.44 10951.3
275.708 3295.72 8447.69 34998.6
275.823 3111.45 7402.17 31967
275.958 3017.51 7239.83 31409.3
276.06 2802.51 6945.44 29585.7
276.117 2734.41 6826.69 29175.1
276.217 2676.5 6728.38 28824.3
276.323 1464.89 203.424 2626.73
276.412 3866.1 10540.1 38515.4
276.509 3816.43 10390.1 38162
276.619 3719.01 8994.67 34908.6
276.734 354.689 1142.61 1932.89
277.008 239.502 4009.39 7337.64
277.045 394.685 303.394 1431.15
277.099 394.251 303.34 1429.53
277.279 393.892 303.288 1428.46
277.311 393.719 303.681 1427.88
277.394 360.098 60.6213 825.033
277.492 360.004 60.7481 825.203
277.65 359.956 60.9044 825.507
277.69 358.887 17.7141 618.503
277.795 358.911 17.738 618.696
278.051 358.998 17.7618 618.941
278.097 359.155 17.786 619.158
278.135 359.381 17.8139 619.418
278.21 358.406 17.831 555.393
278.294 358.235 17.9244 499.196
278.395 4344.08 13687.7 44408.5
278.494 4368.68 13967.6 44713.1
278.603 286.033 2022.22 3322.18
278.703 359.873 17.9568 556.034
278.851 360.047 17.972 556.051
278.909 360.198 17.9876 556.073
279.009 315.716 2507.89 4341.86
279.157 263.346 3414.47 5170.92
279.213 345.504 1234.16 2701.97
279.312 331.885 552.696 1443.74
279.411 259.87 3785.91 5341.5
279.508 256.867 3726.61 5282.69
279.613 256.067 3597.31 5226.38
279.706 256.098 3600.49 5219.58
279.807 349.167 905.627 2406.26
279.957 256.743 3722.56 5282.45
280.024 257.198 3723.12 5287.37
280.126 215.691 2132.67 3952.61
280.234 352.6 735.172 2508.4
280.342 369.516 729.926 2653.74
280.418 1371.06 5424.96 10656.3
280.675 1319.95 5414.52 10008.8
280.776 1323.44 5415.49 10022.2
280.881 1326.33 5415.19 10031.8
280.976 1328.76 5414.47 10039.7
281.079 1330.89 5414.21 10047.2
281.18 1332.59 5413.67 10052.6
281.284 1333.96 5412.3 10056.5
281.383 1335.17 5411.42 10059.9
281.486 1336.11 5409.99 10062.2
281.585 1336.85 5408.69 10063.5
281.682 1337.47 5407.56 10064.8
281.787 1337.98 5407.36 10066.2
281.893 1338.41 5410.17 10069.6
281.99 1338.77 5412.52 10073.2
282.089 1339.15 5413.65 10074.4
282.248 1339.57 5413.19 10077.5
282.341 1339.98 5412.14 10079
282.397 1340.22 5409.72 10079.6
282.492 1340.74 5408.49 10079.7
282.597 1341.4 5407.87 10082.8
282.7 1342.2 5408.54 10084.8
282.802 1343.2 5409.33 10089.8
282.897 1344.24 5410.63 10093.2
283.099 1345.5 5412.72 10099.3
283.124 1346.89 5415.85 10104.9
283.305 1348.38 5419.47 10112.6
283.339 1349.9 5423.79 10120.3
283.441 877.163 4664.31 7653.78
283.523 878.063 4670.3 7661.3
283.619 879.014 4676.88 7669.46
283.766 879.903 4683.91 7677.68
283.865 880.721 4690.41 7685.24
283.92 881.503 4696.55 7692.32
284.014 882.23 4702.88 7699.18
284.118 882.923 4709.28 7705.94
284.217 883.547 4715.62 7712.3
284.319 884.204 4722.23 7719
284.421 884.803 4728.91 7725.55
284.512 885.341 4735.68 7731.88
284.615 885.804 4742.47 7737.86
284.715 886.26 4748.72 7743.35
284.819 886.763 4755.78 7749.58
285.07 887.36 4762.39 7755.79
285.231 887.883 4768.66 7761.41
285.255 888.39 4775.38 7767.34
285.28 888.885 4782.19 7773.38
285.373 889.094 4786.99 7777
285.432 888.994 4790.91 7778.64
285.526 888.85 4795.46 7780.53
285.63 888.783 4799.81 7782.71
285.729 888.607 4803.91 7784.11
286.13 888.49 4807.6 7785.48
286.157 888.331 4810.22 7785.91
286.183 888.068 4812.75 7785.81
286.213 887.694 4815.6 7785.51
286.336 887.281 4818.69 7785.33
286.449 886.614 4820.53 7783.26
286.487 885.911 4821.84 7780.74
286.551 885.106 4823.91 7778.2
286.699 884.391 4826.16 7776.31
286.751 883.685 4828.05 7774.12
286.853 882.93 4830.06 7771.8
286.948 882.151 4830.62 7768.27
287.056 881.308 4830.81 7764.23
287.164 880.408 4831.95 7760.71
287.256 879.373 4832.98 7756.61
287.354 878.278 4834.82 7752.81
287.466 877.188 4837.67 7749.79
287.621 876.088 4840.13 7746.28
287.731 866.258 4822.03 7541.69
288.044 865.088 4823.31 7537.31
288.083 863.932 4827.65 7535.24
288.139 862.778 4830.85 7532.07
288.242 861.659 4833.07 7528.33
288.305 856.646 4754.08 7427.03
288.396 855.503 4758.04 7424.88
288.448 854.202 4762.36 7422.14
288.542 852.987 4767.4 7420.35
288.636 851.774 4772.96 7418.91
288.737 850.547 4779.16 7417.86
288.84 849.291 4785.67 7416.76
289.037 848.072 4792.09 7415.81
289.103 846.87 4799.65 7415.63
289.221 845.799 4807.68 7416.25
289.264 844.796 4818.05 7418.74
289.36 843.806 4829.72 7422.16
289.454 842.784 4841.5 7425.44
289.563 841.772 4854.64 7429.71
289.663 840.735 4867 7433.24
289.786 839.684 4879.38 7436.75
289.992 838.624 4892.68 7440.89
290.038 837.577 4906.48 7445.47
290.198 252.271 3283.28 5206.6
290.252 845.514 4957.65 7648.02
290.368 272.682 1098.65 2237.43
290.43 924.426 4992.99 8286.92
290.722 280.954 1302.92 2631.13
290.78 929.359 5145.18 8344.89
290.833 928.394 5162.09 8348.86
290.891 927.354 5178.1 8351.83
290.962 926.307 5196.45 8356.3
291.102 925.273 5212.5 8359.12
291.174 924.076 5225.74 8359.46
291.277 922.714 5237.48 8358.16
291.366 914.496 5124.28 8307.59
291.459 913.123 5140.25 8309.37
291.565 911.619 5157.7 8311.52
291.671 910.189 5178.32 8315.91
291.964 254.078 4293.68 6368.39
292.062 913.87 5348.55 8371.39
292.113 222.855 6389.9 8454.9
292.158 293.182 1376.36 2728.89
292.209 1633.18 5551.54 9986.48
292.355 1631.41 5563.7 9983.27
292.395 1612.93 5449.55 9930.36
292.464 374.383 1319.41 3252.1
292.606 1608.54 5492.12 9936.02
292.661 915.633 2201.96 5309.77
292.757 914.885 2200.09 5294.07
292.878 659.503 257.54 1487.64
293.011 925.429 2248.41 5349.38
293.212 926.12 2250.8 5360.31
293.571 475.668 1715.19 3894.46
293.604 423.387 1517.32 3215.73
293.634 423.004 1513.77 3204.81
293.665 422.494 1509.44 3195.54
293.718 421.912 1502.11 3180.02
293.812 421.256 1492.18 3160.38
293.913 420.485 1478.52 3134.69
294.07 383.633 1450.44 2937.18
294.122 383.289 1429.73 2898.31
294.23 382.863 1406.61 2855.44
294.527 382.317 1380.72 2808.72
294.561 360.598 1335.34 2712.35
294.593 360.263 1303.44 2656.34
294.637 359.87 1268.79 2595.05
294.735 256.164 12036.1 14834.9
294.833 5287.23 17410.8 55132
294.926 5054.26 16419 53256.6
295.026 4828.2 15492.1 51441.4
295.131 4510.58 14195.9 47295.9
295.293 254.575 8114.02 10942.7
295.386 4357.44 14607.8 49055.8
295.439 4168.86 13813.2 47389.8
295.53 3991.13 13103.1 45839.1
295.633 3825.99 12470.2 44409.2
295.748 3455.37 11803.9 41982.4
295.842 3327.54 11320.9 40827.6
295.947 3182.74 10887.4 38857.4
296.113 237.459 12311.8 16663
296.153 231.379 1821.59 3119.92
296.256 3381.62 13104.8 43085.9
296.34 3235.86 12728 41798.1
296.45 366.852 1419.72 2311.98
296.545 3805.69 11069.5 40479.5
296.648 223.573 2143.34 3659.54
296.741 4370.58 10763.2 40903.6
296.853 260.941 6843.14 11394
296.951 243.814 10268.8 14762.4
297.108 359.939 44.6348 674.435
297.155 359.741 44.701 674.216
297.257 365.92 2215.68 3105.21
297.555 360.081 53.5401 886.685
297.587 358.525 2413.26 3323.11
297.617 225.015 2343.05 4319.72
297.661 385.971 312.757 1757.34
297.77 385.884 312.449 1756.27
297.861 385.827 312.161 1755.29
297.96 385.796 311.881 1754.33
298.059 385.784 311.575 1753.46
298.167 367.67 140.276 1308.67
298.264 360.002 53.2027 884.426
298.511 360.047 53.176 884.224
298.535 360.108 53.1801 884.262
298.567 359.988 44.5112 777.089
298.663 360.048 44.4735 776.895
298.77 360.12 44.4239 776.642
298.871 360.217 44.3667 776.337
299.026 360.031 44.2485 722.886
299.131 359.99 44.2555 671.1
299.175 360.148 44.1807 670.892
299.271 360.312 44.1003 670.684
299.378 360.474 44.0159 670.442
299.476 360.617 43.9478 670.26
299.572 359.81 8.55574 498.994
299.729 354.868 1462.11 3103.09
299.788 361.114 43.8893 720.904
299.896 361.161 43.8537 720.734
299.985 361.192 43.8227 720.586
300.089 362.755 73.9876 640.81
300.178 361.556 43.833 773.174
300.284 361.579 43.8135 773.072
300.384 361.608 43.795 772.975
300.485 407.989 267.601 1175.59
300.589 286.092 1584.14 3510.88
300.692 361.912 52.1255 878.823
300.799 234.437 1028.69 2454.04
301.027 362.063 52.1019 878.724
301.119 362.14 52.089 878.662
301.282 362.22 52.0766 878.611
301.324 362.302 52.0658 878.57
301.426 362.386 52.0571 878.525
301.53 362.471 52.0511 878.519
301.625 362.556 52.0464 878.497
301.726 362.64 52.0442 878.505
301.834 362.723 52.0431 878.516
301.929 362.803 52.0439 878.53
302.087 362.881 52.0442 878.547
302.183 362.956 52.0454 878.565
302.23 363.028 52.0478 878.586
302.387 271.647 10770.4 16062.1
302.447 364.57 56.3944 980.118
302.537 364.63 56.4001 980.125
302.636 364.687 56.4029 980.136
302.742 364.74 56.4086 980.172
302.836 364.791 56.4121 980.197
302.94 363.434 52.0821 878.804
303.041 363.477 52.0869 878.824
303.144 363.518 52.093 878.856
303.243 363.557 52.0986 878.894
303.343 363.594 52.1045 878.93
303.45 363.629 52.1103 878.953
303.548 363.664 52.1155 878.965
303.648 363.697 52.1214 879.002
303.748 363.73 52.1276 879.039
304.049 363.762 52.134 879.084
304.074 363.794 52.1399 879.084
304.102 363.825 52.1463 879.114
304.207 363.857 52.1523 879.137
304.307 363.888 52.1575 879.156
304.354 363.92 52.1624 879.169
304.469 363.797 43.76 773.219
304.555 363.521 43.7048 720.446
304.659 363.544 43.7074 720.46
304.808 363.566 43.7099 720.466
304.86 363.587 43.7126 720.48
304.96 363.608 43.715 720.496
305.068 363.629 43.717 720.505
305.262 363.649 43.7194 720.512
305.289 363.668 43.722 720.531
305.368 363.686 43.7229 720.529
305.465 363.704 43.7243 720.54
305.567 363.72 43.7265 720.56
305.671 363.736 43.7301 720.602
305.818 363.75 43.7333 720.606
305.874 363.764 43.736 720.613
305.974 363.776 43.7378 720.607
306.174 363.787 43.7408 720.624
306.2 363.797 43.7434 720.64
306.277 363.807 43.7466 720.661
306.375 363.814 43.7491 720.667
306.474 363.821 43.753 720.682
306.579 363.827 43.7581 720.722
306.726 363.832 43.7637 720.738
306.787 363.836 43.7694 720.769
306.886 363.839 43.7743 720.792
306.977 363.841 43.7783 720.803
307.132 363.842 43.7831 720.834
307.19 363.842 43.7884 720.865
307.28 363.841 43.7943 720.897
307.396 363.84 43.801 720.916
307.483 363.838 43.807 720.961
307.586 363.835 43.8128 720.995
307.684 363.831 43.8161 720.983
307.792 363.826 43.8193 721.011
307.942 363.821 43.8207 721.006
307.996 363.815 43.8219 721.019
308.09 363.808 43.8226 721.028
308.195 363.8 43.8229 721.035
308.345 363.792 43.8221 721.004
308.401 363.783 43.8227 721.01
308.491 363.773 43.8228 721.025
308.595 363.763 43.8223 721.021
308.699 363.753 43.8187 720.984
308.803 363.742 43.818 720.98
308.946 363.731 43.817 721.006
309.003 363.719 43.8147 720.975
309.107 363.707 43.8126 720.962
309.203 363.695 43.8126 720.964
309.35 363.683 43.813 720.962
309.404 363.671 43.8141 720.974
309.506 363.658 43.8127 720.97
309.606 363.645 43.8107 720.959
309.707 363.632 43.8095 720.962
309.81 363.62 43.8078 720.962
309.912 363.607 43.8049 720.943
310.009 363.594 43.8018 720.92
310.119 241.149 3835.37 5524.44
310.274 363.874 43.8557 773.807
310.323 363.551 43.799 720.924
310.417 363.533 43.7962 720.918
310.514 363.516 43.7931 720.898
310.618 363.313 43.7114 669.621
310.776 363.292 43.6996 669.592
310.82 363.271 43.6939 669.574
310.922 241.585 3008.19 4660.01
311.073 246.941 3664.29 5546
311.127 363.705 43.828 773.671
311.224 363.37 43.7701 720.798
311.424 363.345 43.7675 720.785
311.449 363.322 43.7662 720.798
311.583 363.116 43.6724 669.488
311.68 299.725 1619.7 3306.85
311.727 363.271 43.7525 720.702
311.826 363.255 43.7488 720.685
311.933 363.24 43.7457 720.691
312.084 363.227 43.7429 720.7
312.137 363.216 43.7399 720.681
312.246 251.634 3504.8 5389.42
312.344 363.51 43.7882 773.493
312.443 317.039 2532.76 4558.75
312.54 357.391 3433.79 5158.41
312.7 254.292 3629.22 5519.68
312.805 366.579 3470.16 5244.86
312.851 364.885 3481.98 5244.76
312.955 363.105 3496.85 5247.02
313.065 370.875 1103.05 2679.77
313.205 356.099 1183.23 2781.93
313.261 531.517 265.42 1294.11
313.364 465.735 3689.79 5944.03
313.469 463.605 3707.35 5944.21
313.998 463.48 3733.56 5972.67
314.03 435.815 3706.07 5692.69
314.054 249.695 5337.44 7928.3
314.138 464.117 3740.94 5971.25
314.191 463.931 3735.21 5962.39
314.289 435.809 3691.57 5660.3
314.439 435.51 3675.65 5644.77
314.5 237.615 9378.54 14577.5
314.598 501.937 3678.05 6059.98
314.698 500.636 3652.43 6031.43
314.804 250.808 5129.08 10079.1
314.914 497.366 3587.46 5957.68
315.155 494.832 3536.96 5897.44
315.183 491.083 3461.62 5808.21
315.214 486.505 3372.23 5702.37
315.312 254.676 15809.1 19168.4
315.413 439.617 3130.05 5268.87
315.513 414.314 2985.92 4840.07
315.607 393.888 2834.44 4599.97
315.713 376.182 114.511 1250.81
315.817 375.661 112.785 1242.43
316.087 375.167 111.314 1235.79
316.138 364.587 49.8582 944.193
316.268 364.4 49.242 940.089
316.438 362.75 38.4217 744.354
316.476 362.122 34.3547 643.826
316.526 361.924 34.0312 641.775
316.594 360.962 7.85767 490.345
316.683 235.755 14850.8 18856.6
316.782 3023.39 2122.33 3023.39
316.928 3935.12 13340.7 43653.1
317.299 247.365 1721.85 2904.38
317.332 4009.8 11197.9 39788.5
317.543 355.093 1798.32 2789.38
317.578 2404.15 1668.84 2404.15
317.609 358.946 7.69125 487.085
317.656 218.517 2301.63 3728.01
317.696 233.268 11375.4 17913.7
317.736 358.781 33.5629 627.403
317.839 358.497 33.6121 627.045
317.911 358.223 33.6715 626.697
318.01 268.785 7403.7 12280.9
318.105 357.734 33.7802 626.215
318.259 355.025 2308.23 3210.39
318.402 357.737 33.871 718.683
318.437 365.19 2498.39 3368.68
318.516 254.805 10102.1 18555.8
318.611 358.618 43.9014 894.94
318.804 358.543 43.869 894.662
318.863 358.493 43.8428 894.416
318.911 358.469 43.8246 894.267
319.007 358.465 43.8013 894.063
319.108 357.787 21.2391 756.813
319.212 357.826 21.2472 756.747
319.307 357.886 21.2535 756.594
319.409 357.97 21.258 756.465
319.511 358.083 21.2523 756.255
319.612 357.36 16.4212 668.609
319.711 357.534 16.4024 668.383
319.864 357.726 16.3792 668.167
320.02 357.914 16.3566 667.948
320.053 285.019 684.31 1383.25
320.127 379.747 186.733 821.531
320.221 358.349 16.2731 667.435
320.324 358.452 16.2496 667.32
320.425 358.179 7.71116 577.686
320.572 358.118 7.65338 530.48
320.632 357.97 7.58449 484.879
320.777 309.89 2094.69 3571.23
320.886 350.76 1665.76 3547.77
320.928 436.682 1834.57 3664.2
321.278 436.713 1831.92 3659.01
321.308 312.941 686.659 1660.54
321.334 358.8 16.1301 666.678
321.362 358.811 16.1282 666.626
321.44 434.473 146.471 959.984
321.533 358.835 16.1188 666.623
321.635 358.851 16.1155 666.622
321.736 246.617 1039.05 2398.77
321.894 368.753 878.29 2957.92
321.967 220.145 1732.65 3627.52
322.27 321.96 2652.71 4523.66
322.6 322.041 2654.55 4527.29
322.63 322.118 2656.75 4530.86
322.659 322.182 2658.58 4533.37
322.688 322.248 2659.93 4535.55
322.713 322.316 2661.12 4537.53
322.802 322.394 2662.31 4539.12
322.9 322.484 2663.26 4540.35
323.002 322.585 2663.9 4541.38
323.103 322.687 2664.28 4542.13
323.206 322.804 2665.22 4542.86
323.306 322.92 2665.87 4543.79
323.412 323.024 2665.79 4544.12
323.661 371.789 145.745 1320.04
323.689 371.854 145.763 1320.12
323.718 371.916 145.785 1320.19
323.813 371.975 145.812 1320.3
323.91 372.033 145.844 1320.41
324.066 372.087 145.876 1320.5
324.163 372.14 145.908 1320.61
324.264 372.191 145.94 1320.72
324.372 372.239 145.972 1320.82
324.472 372.285 146.001 1320.87
324.58 372.33 146.028 1320.95
324.624 372.372 146.053 1321.01
324.727 372.413 146.081 1321.11
324.874 372.453 146.112 1321.21
325.121 372.493 146.132 1321.31
325.15 372.531 146.16 1321.41
325.19 372.567 146.187 1321.47
325.232 372.603 146.21 1321.52
325.331 372.637 146.23 1321.6
325.432 372.671 146.255 1321.71
325.528 372.704 146.281 1321.79
325.678 372.735 146.294 1321.82
325.733 372.766 146.296 1321.84
325.837 372.793 146.295 1321.82
325.984 372.82 146.28 1321.77
326.038 372.845 146.267 1321.86
326.184 372.869 146.26 1321.81
326.244 372.892 146.254 1321.82
326.344 372.913 146.251 1321.82
326.439 372.934 146.256 1321.83
326.54 372.954 146.251 1321.88
326.647 372.973 146.258 1321.86
326.744 372.99 146.256 1321.92
326.853 373.005 146.254 1321.89
326.953 373.018 146.248 1321.92
327.045 373.031 146.258 1321.99
327.148 373.042 146.262 1322.06
327.25 373.051 146.264 1322.08
327.345 373.058 146.279 1322.08
327.549 367.515 84.2426 1091.04
327.581 367.511 84.2471 1091.02
327.653 367.506 84.2483 1091.05
327.754 367.499 84.2437 1090.97
328.006 367.491 84.2423 1090.95
328.251 367.482 84.245 1090.99
328.281 367.472 84.246 1091.05
328.314 367.459 84.2487 1091.05
328.503 367.445 84.2493 1091.02
328.531 367.43 84.2533 1091.04
328.564 367.413 84.2655 1091.09
328.605 367.397 84.2998 1091.44
328.696 367.377 84.3139 1091.46
328.798 367.355 84.3262 1091.52
328.899 367.331 84.3462 1091.64
328.999 367.305 84.3611 1091.65
329.103 367.278 84.3856 1091.83
329.201 367.249 84.4089 1091.86
329.357 367.219 84.436 1092.01
329.408 367.187 84.4542 1092.04
329.509 367.156 84.4899 1092.19
329.606 367.124 84.5188 1092.3
329.706 367.09 84.5411 1092.36
329.91 365.987 80.2328 994.784
329.966 365.934 80.2931 994.91
330.056 365.88 80.3248 994.97
330.118 365.826 80.3658 995.113
330.266 365.772 80.4069 995.163
330.313 361.762 21.065 755.437
330.417 361.729 21.0678 755.483
330.519 360.97 16.243 668.563
330.667 360.939 16.2443 668.6
330.774 360.91 16.2481 668.625
330.823 360.882 16.25 668.641
330.973 360.856 16.2507 668.654
331.077 360.831 16.2511 668.693
331.172 360.807 16.2537 668.701
331.224 360.785 16.2485 668.672
331.325 360.764 16.2493 668.69
331.425 360.744 16.2459 668.706
331.524 360.725 16.2446 668.715
331.627 360.707 16.2431 668.71
331.727 360.69 16.2435 668.727
332.035 246.189 5409.64 7243.6
332.246 364.896 80.8379 995.709
332.279 364.849 80.858 995.701
332.316 288.299 1363.9 2615.98
332.343 365.899 85.0593 1093.36
332.398 365.856 85.0701 1093.38
332.438 365.813 85.0836 1093.4
332.549 365.773 85.1122 1093.43
332.704 365.733 85.138 1093.37
332.757 365.695 85.1751 1093.53
332.848 357.439 1389.25 3174.87
332.947 236.283 2080.01 3202.08
333.049 370.944 147.916 1325.54
333.202 365.549 85.2476 1093.54
333.299 365.51 85.2701 1093.55
333.41 370.357 1261.46 2953.96
333.454 293.549 2981.1 4649.36
333.554 292.618 2989.53 4650.66
333.652 291.655 2993.24 4648.06
333.757 302.52 1031.05 2156.49
333.85 342.083 1311.44 3184.53
333.956 342.82 1308.72 3184.32
334.06 342.994 1311.11 3192.46
334.17 331.015 1282.05 2964.5
334.264 331.06 1283.92 2962.44
334.528 331.16 1285.1 2961.56
334.628 331.237 1284.8 2961.32
334.73 331.14 1281.34 2955.99
334.882 365.344 85.4035 1092.93
334.933 364.122 80.4887 995.299
335.037 364.125 80.1834 995.274
335.191 364.126 79.6589 993.911
335.24 364.109 79.0708 992.738
335.387 364.071 78.3802 991.299
335.446 364.015 77.61 989.477
335.541 363.94 76.7558 987.354
335.64 361.184 20.2007 751.055
335.741 361.114 19.9751 749.686
335.846 361.027 19.7366 748.216
335.947 360.923 19.5111 746.339
336.05 360.801 19.2563 743.795
336.15 360.666 19.0337 741.543
336.248 360.517 18.8099 739.505
336.408 336.44 957.762 1733.67
336.553 360.176 18.4084 734.527
336.587 359.408 13.5524 651.254
336.652 358.894 7.2254 566.98
336.756 356.003 1746.99 2969.25
336.858 250.298 8871.63 11452.5
337.308 358.251 7.12002 564.118
337.341 271.189 6332.67 8279.91
337.367 357.759 7.06131 562.434
337.402 302.044 2696.9 4607.37
337.441 244.994 11009.2 13825
337.476 356.946 6.99366 560.36
337.561 356.385 6.86699 475.574
337.668 356.09 6.85396 475.325
337.823 363.046 1243.63 1968.72
337.926 355.496 6.83419 474.934
338.081 246.906 7616.62 11859
338.115 357.312 55.698 824.155
338.246 257.033 13855.8 14692.5
338.337 215.588 1997.8 3383.75
338.437 258.119 6009.42 10112.7
338.48 363.297 1840.04 2597.02
338.631 568.445 6908.8 9652.4
338.688 345.823 1950.06 2725.74
338.775 1062.59 6962.85 10716
338.935 1059.75 6934.07 10682.6
339.049 266.411 6394.95 8435.59
339.093 1091.85 12574.5 18291.4
339.334 1089.67 12520.8 18232.3
339.368 1088.31 12467.8 18178.5
339.398 1087.54 12422.3 18131.9
339.484 1086.56 12379.6 18084.8
339.592 1078.21 12165 17757.3
339.684 1077.44 12123.9 17710.6
339.791 1049.11 6713.8 10439.4
340.045 1052.78 6655.25 10384.9
340.077 1039.07 6629.49 10240.1
340.196 1037.39 6672.61 10226
340.231 550.369 6646.51 9311.2
340.299 529.138 6738.49 9110.47
340.461 365.83 6837.45 8588.72
340.505 300.173 2858.34 4293.93
340.598 339.084 796.401 1689.66
340.708 460.297 7271.85 9084.75
340.805 368.297 78.5835 620.854
341.154 412.014 260.453 1590.77
341.184 367.27 126.747 1225.74
341.21 364.135 104.95 1084.11
341.246 364.181 104.994 1084.37
341.403 366.766 1442.19 3142.16
341.613 338.354 1000.33 2140.33
341.646 410.474 262.451 1594.57
341.674 367.589 127.087 1227.34
341.763 367.603 127.124 1227.53
341.82 367.621 127.154 1227.62
341.909 367.641 127.143 1227.63
342.031 367.887 999.993 2958.24
342.121 429.85 294.95 1830.88
342.38 429.952 294.873 1830.92
342.476 430.021 294.768 1830.71
342.572 430.092 294.678 1830.55
342.671 430.154 294.575 1830.26
342.829 430.196 294.464 1829.98
342.926 430.232 294.348 1829.67
342.984 430.269 294.243 1829.39
343.09 430.286 294.128 1829.07
343.191 430.301 294.018 1828.76
343.385 430.305 293.892 1828.29
343.42 430.299 293.77 1827.87
343.543 430.288 293.663 1827.5
343.589 430.282 293.567 1827.18
343.688 430.273 293.478 1826.85
343.789 430.255 293.393 1826.59
343.993 430.237 293.311 1826.29
344.027 430.22 293.242 1826.03
344.248 430.204 293.195 1825.91
344.357 430.186 293.156 1825.82
344.406 430.174 293.122 1825.59
344.441 430.158 293.09 1825.38
344.506 430.142 293.064 1825.22
344.606 430.128 293.047 1825.07
344.706 430.108 293.024 1824.9
344.863 430.082 293.013 1824.85
344.912 430.047 292.969 1824.65
345.008 430.015 292.942 1824.47
345.107 429.988 292.919 1824.31
345.212 429.961 292.897 1824.16
345.31 429.932 292.875 1823.95
345.414 429.896 292.853 1823.8
345.513 429.864 292.838 1823.62
345.61 429.818 292.817 1823.54
345.711 429.782 292.802 1823.28
345.816 429.73 292.783 1823.2
345.914 429.691 292.766 1822.97
346.015 429.641 292.752 1822.88
346.217 429.601 292.74 1822.72
346.421 429.551 292.715 1822.61
346.451 429.502 292.693 1822.4
346.478 429.448 292.67 1822.17
346.583 429.393 292.661 1821.99
346.626 429.337 292.653 1821.81
346.723 429.274 292.645 1821.64
346.827 429.213 292.649 1821.52
346.982 429.154 292.655 1821.38
347.083 429.094 292.672 1821.29
347.132 429.045 292.694 1821.19
347.231 428.993 292.736 1821.22
347.336 428.932 292.751 1821.06
347.488 428.863 292.783 1821.09
347.537 428.8 292.834 1821.13
347.636 428.74 292.891 1821.05
347.734 428.664 292.942 1821.03
347.84 428.587 292.995 1821.07
347.988 411.576 260.046 1588.82
348.095 411.536 260.139 1588.88
348.146 369.236 125.858 1223.57
348.301 369.246 125.866 1223.67
348.342 369.255 125.869 1223.71
348.442 369.266 125.881 1223.79
348.543 369.278 125.892 1223.89
348.643 366.028 104.111 1082.68
348.746 366.032 104.128 1082.74
348.845 366.037 104.138 1082.8
348.995 366.042 104.152 1082.94
349.106 366.046 104.171 1082.98
349.157 366.05 104.192 1083.04
349.254 366.054 104.206 1083.11
349.453 366.059 104.222 1083.26
349.506 366.063 104.221 1083.2
349.555 366.068 104.233 1083.29
349.653 366.072 104.228 1083.24
349.76 366.078 104.237 1083.32
349.854 362.418 59.179 902.41
350.013 362.415 59.1797 902.45
350.059 362.412 59.1785 902.49
350.217 362.408 59.1649 902.414
350.464 361.752 54.9647 819.139
350.495 361.75 54.9499 819.094
350.527 361.748 54.9441 819.129
350.567 359.007 11.3319 631.547
350.662 358.989 11.3314 631.545
350.761 358.973 11.3312 631.556
350.916 358.957 11.3307 631.547
351.017 358.459 6.89249 556.68
351.066 358.437 6.89244 556.69
351.368 358.415 6.89239 556.678
351.395 358.395 6.89197 556.656
351.426 358.375 6.89182 556.654
351.472 358.356 6.89129 556.595
351.627 358.338 6.89082 556.589
351.678 245.108 2469.53 3760.32
351.831 358.29 6.89012 556.562
351.973 358.268 6.88991 556.565
352.006 358.247 6.88987 556.562
352.09 357.957 6.78895 473.903
352.184 357.603 6.7004 428.691
352.341 244.048 3033.99 4327.12
352.383 357.872 6.78807 473.888
352.489 357.846 6.78774 473.869
352.59 248.986 3281.68 4810.52
352.691 357.961 6.84114 514.495
352.793 356.696 1353.98 3066.6
352.888 358.029 6.88688 556.437
353.044 358.011 6.88632 556.42
353.092 357.995 6.88568 556.388
353.196 357.98 6.88513 556.378
353.294 357.965 6.88434 556.359
353.494 357.952 6.88354 556.338
353.557 251.543 1516.17 2519.2
353.605 497.412 251.721 1158.61
353.698 244.35 4318.2 6050.69
353.802 362.376 58.4477 900.499
353.899 361.834 54.0207 817.536
354.052 358.377 11.2397 630.851
354.156 223.838 7223.48 8773.32
354.255 358.362 11.2394 630.839
354.354 358.356 11.2385 630.852
354.408 358.351 11.2383 630.866
354.505 358.349 11.2389 630.911
354.676 358.348 11.2822 630.332
354.722 226.606 11829.8 15077.9
354.807 357.814 6.88609 555.97
355.076 357.827 6.88507 555.857
355.233 357.847 6.88504 556.056
355.281 357.871 6.88528 556.43
355.387 357.898 6.88239 556.664
355.49 357.922 6.87671 556.587
355.595 357.941 6.86936 556.534
355.689 357.952 6.86025 556.276
355.796 357.955 6.84957 555.999
356.003 357.853 6.78869 513.856
356.044 357.836 6.77487 513.548
356.107 357.808 6.75881 513.226
356.209 250.005 9365.53 10728.8
356.314 259.287 10301.6 12652.9
356.506 360.997 48.9282 724.437
356.55 357.331 6.58993 469.114
356.61 357.092 6.50202 427.365
356.759 4872.69 27963.7 70534
356.813 4621.92 25946.9 67215
356.905 4249.39 23436.5 60660.7
357.048 4013.57 21764.4 57709.1
357.156 3791.6 20275.2 54969.2
357.31 3285.47 18851.7 51567.8
357.366 3034.22 15367.4 43746.4
357.599 2861.25 14494.3 41527
357.626 247.439 4306.57 5899.12
357.762 2601.45 12124.3 36519.6
357.785 2370.47 10478.4 32407.3
357.866 2275.88 10108.8 31524
357.912 2036.41 9612.64 29705.1
358.013 1957.22 9334.91 28633.5
358.125 1901.83 9101.26 28062.2
358.22 348.524 1399.75 2151.13
358.364 2006.43 7309.62 24093.8
358.573 229.707 9773.63 14169.6
358.601 393.756 250.271 782.509
358.635 349.277 1268.3 1938.5
358.723 2673.15 1984.75 2673.15
358.885 650.518 232.421 1456.16
358.977 218.77 1373.84 2492.79
359.044 1887.29 1887.29 2872.16
359.142 341.016 1629.35 2355.97
359.232 308.212 552.453 985.526
359.33 358.595 1499.64 2172.63
359.439 376.485 203.75 887.498
359.539 253.426 4465.88 7478.32
359.634 261.051 4460.15 6959.91
359.737 385.234 229.635 1089.59
359.836 376.06 203.26 886.291
359.934 376.164 203.29 886.355
360.093 376.352 203.314 886.477
360.254 349.706 6.06083 460.696
360.295 349.877 6.06225 460.714
360.414 350.087 6.06375 460.739
360.506 350.327 6.06516 460.767
360.565 350.592 6.06677 460.793
360.655 350.872 6.06808 460.815
360.756 6425.44 18152.3 53827.9
360.863 343.44 1350.51 2603.56
361.011 351.454 6.02257 423.164
361.06 6844.35 16551.7 51264.2
361.159 6607.71 14317.8 46201
361.256 6619.25 14436.9 46256
361.459 6531.24 13836.5 44118.2
361.605 403.155 263.149 1023.25
361.631 6044.55 13829.4 42667.4
361.714 275.251 627.327 1281.24
361.758 6201.5 14108.6 43580
361.861 373.712 122.75 705.364
361.965 6243.08 14344.9 43909.4
362.064 5661.19 11659.7 39407.2
362.168 5673.36 11686.5 39434.3
362.323 4373.31 9366.42 34813.8
362.468 239.08 1556.12 2502.77
362.77 4842.63 9709.37 36720.8
362.796 4845.83 9712.48 36737.4
362.836 216.849 2721.27 4212.36
362.874 6993.35 12818.6 45803.5
362.913 6999.16 12833.3 45824.8
362.984 7003.13 12840.4 45833.1
363.085 366.019 765.417 2765.36
363.231 353.348 6.03826 423.261
363.339 353.457 6.03769 423.252
363.438 353.56 6.03691 423.247
363.488 353.656 6.03554 423.235
363.598 353.745 6.03362 423.228
363.699 353.826 6.03229 423.213
363.786 353.898 6.03153 423.197
364.057 353.965 6.03085 423.186
364.157 354.025 6.0304 423.18
364.263 354.08 6.03008 423.175
364.462 354.132 6.02996 423.172
364.484 354.18 6.03007 423.173
364.563 354.225 6.03038 423.176
364.671 354.268 6.03074 423.175
364.82 354.31 6.03125 423.182
364.922 354.35 6.0316 423.185
364.98 354.39 6.03177 423.19
365.127 354.428 6.03189 423.196
365.186 354.465 6.03189 423.197
365.283 354.5 6.03185 423.197
365.379 354.534 6.03174 423.195
365.478 354.567 6.03155 423.196
365.58 354.598 6.03167 423.196
365.686 354.629 6.0317 423.195
365.784 354.658 6.03171 423.196
365.935 354.687 6.03181 423.196
366.083 354.715 6.03193 423.197
366.188 354.743 6.03176 423.193
366.22 354.77 6.03172 423.195
366.295 354.797 6.03163 423.192
366.592 354.823 6.03165 423.197
366.623 354.848 6.03175 423.196
366.701 354.874 6.03174 423.197
366.735 354.899 6.03166 423.197
366.811 354.923 6.03153 423.195
366.903 354.947 6.03146 423.195
367.056 354.971 6.03143 423.196
367.154 354.995 6.03135 423.195
367.217 355.017 6.03142 423.198
367.316 355.04 6.03133 423.196
367.417 355.062 6.0315 423.2
367.52 355.083 6.03146 423.198
367.671 355.104 6.03148 423.201
367.716 355.124 6.03155 423.201
367.818 355.143 6.03158 423.204
367.923 355.162 6.03168 423.205
368.026 355.18 6.03173 423.211
368.175 355.197 6.0318 423.208
368.285 355.213 6.03186 423.212
368.322 355.228 6.03211 423.215
368.419 355.243 6.03232 423.221
368.518 355.256 6.03248 423.222
368.615 355.269 6.03263 423.225
368.718 355.281 6.03284 423.227
368.824 355.292 6.03299 423.234
368.925 355.301 6.03309 423.235
369.275 355.31 6.03334 423.238
369.315 355.318 6.03351 423.242
369.35 355.324 6.03358 423.24
369.38 355.33 6.03361 423.24
369.526 355.334 6.03377 423.247
369.555 355.338 6.0339 423.249
369.632 355.34 6.03401 423.25
369.731 355.342 6.03403 423.251
369.832 355.342 6.03403 423.254
369.935 355.341 6.03402 423.256
370.035 355.339 6.03408 423.259
370.193 355.337 6.03407 423.258
370.438 355.333 6.03408 423.263
370.47 355.328 6.03384 423.261
370.511 7715.63 13520.6 49288.1
370.575 7716.42 13517 49285
370.67 7658.1 13476.2 49073
370.885 7659.08 13474.4 49081.3
370.928 7456.9 13038.7 47245
371.082 7454.37 13036 47246.6
371.126 7453.28 13033.7 47235.5
371.25 7454.99 13032.7 47240.9
371.417 7456.01 13031.5 47247.5
371.46 7457.14 13030.1 47252.4
371.56 7458.8 13028.1 47259.4
371.62 7460.46 13026.1 47268.9
371.71 7409.9 12943.9 47134.1
371.816 7410.84 12942.4 47145.1
371.915 7411.51 12941.2 47151.6
372.289 7411.31 12938.7 47155.3
372.321 7411.12 12935.2 47160.2
372.356 7410.44 12931.3 47165.3
372.392 7367.14 12819.2 47057.1
372.629 7368.19 12817 47065.8
372.691 7367.67 12814 47071.7
372.799 7366.13 12809.9 47076.5
372.867 7364.02 12806.2 47080.8
373.031 7361.04 12801.6 47080.9
373.095 7356.68 12799 47075.4
373.208 7352.92 12797.2 47075.6
373.353 7346.67 12790.1 47065.6
373.448 241.617 3634.81 4963.33
373.516 261.717 3939.15 5684.72
373.605 11451 16905.1 60146.5
373.704 11457.6 16873.4 60137.9
373.806 258.173 3892.34 5372.8
373.951 252.07 4310.37 5735.28
374.018 354.921 6.08301 461.123
374.167 354.775 6.03447 423.309
374.301 261.388 2453.72 3693.11
374.444 354.882 6.08253 461.117
374.498 366.255 1345.06 2949.03
374.574 411.58 191.373 954.405
374.668 411.986 191.144 954.443
374.789 412.406 190.909 954.496
374.909 256.763 4347.08 6132.77
375.001 318.709 807.717 1739.05
375.083 420.959 235.263 1244.22
375.191 421.403 234.913 1244.19
375.329 421.848 234.542 1244.12
375.399 422.025 234.14 1243.83
375.512 273.775 818.846 1615.22
375.617 421.627 4868.29 6898.54
375.725 321.33 1038.21 2225.62
376.081 422.467 4948.93 7019.87
376.128 422.518 4950.38 7015.49
376.429 422.55 4945.42 7012.55
376.458 422.565 4939.17 7009.79
376.49 233.137 5617.34 8371.87
376.53 469.682 4879.96 7215.74
376.961 468.369 4866.98 7181.76
376.994 466.607 4813.07 7111.37
377.032 418.307 4711.63 6743.89
377.085 416.742 4584.18 6609.82
377.139 415.051 4432.16 6452.11
377.188 412.499 4019.15 6154.67
377.291 412.562 224.126 1212.48
377.337 410.84 221.902 1205.77
377.432 409.028 219.422 1198.7
377.528 407.167 216.802 1190.89
377.636 394.639 162.603 849.257
377.736 392.915 159.757 843.191
377.839 391.209 156.929 836.95
377.999 389.549 154.248 830.599
378.055 812.815 175.864 1358.45
378.191 386.47 149.414 818.163
378.415 353.882 5.71559 456.15
378.453 353.688 5.69079 455.766
378.514 353.481 5.66827 455.418
378.568 228.647 17593.5 19395.9
378.732 272.78 6713.43 8738.13
378.788 386.252 166.2 968.116
378.931 385.247 164.69 963.766
379.006 384.329 163.301 959.684
379.083 383.488 162.096 956.221
379.25 222.421 2285.31 3544.08
379.31 377.85 1751.36 3391.4
379.384 244.953 8255.32 11431.1
379.536 376.734 1711.37 3325.01
379.602 357.251 1402.99 1979.78
379.762 223.435 9015.61 13011
379.797 1111.28 6985.79 11528.3
379.94 432.002 6802.55 10025.7
380.019 232.935 2462.24 4357.85
380.11 352.816 1984.95 2556.33
380.224 1100.69 7340.06 13024.8
380.311 1091.24 7257.36 12831.5
380.407 351.123 2061.78 2607.93
380.668 1085.41 7211.81 12985
380.912 1083.58 7169.51 12940.3
380.946 1082.85 7138.78 12907.5
380.982 1082.35 7118.64 12883.3
381.021 1082.27 7102.7 12860
381.063 1083.53 7100.55 12849
381.128 1081.55 7071.46 12583.4
381.217 1085.88 7101.82 12602.9
381.314 1084.9 6536.23 10957.2
381.414 1093.79 6593 10994.8
381.511 798.4 2146.87 4905.45
381.689 803.501 2158.49 4920.36
381.738 809.069 2172.02 4938
381.821 250.112 4640.92 6122.34
381.915 821.413 2201.98 4979.51
382.025 827.002 2216.02 4999.14
382.132 364.388 1787.09 3372.2
382.25 363.328 1807.68 3385.47
382.686 362.475 1823.83 3395.63
382.729 361.108 2210.73 4259.28
382.765 900.368 3157.31 6848.35
382.798 902.603 3157.53 6849.03
382.835 903.996 3155.82 6847.48
382.893 904.625 3154.01 6845.07
382.983 845.73 2244.39 5055.39
383.091 391.534 1842.85 3593.7
383.236 391.475 1841.39 3591.25
383.298 391.379 1838.88 3587.7
383.395 351.758 1904.92 4905.63
383.557 219.61 3303.22 5431.03
383.688 2050.98 5417.88 10832.8
383.745 2038.97 5398.5 10797.2
383.824 2025.73 5377.04 10758.8
383.991 2010.6 5352 10713
384.054 1994.42 5325.17 10664.9
384.258 1977.47 5296.73 10613.9
384.4 1959.24 5265.7 10557.7
384.437 1940.15 5233.01 10499.1
384.475 1920.07 5198.32 10437.2
384.598 1899.59 5162.57 10373.3
384.654 1878.64 5125.59 10307.3
384.812 1854.86 5082.94 10231.6
384.858 1828.78 5035.61 10148
384.963 1800.97 4984.66 10058.3
385.115 1771.88 4930.92 9964.17
385.215 1741.51 4874.11 9864.84
385.259 1710.19 4814.82 9761.32
385.665 1662.03 4706.04 9532.05
385.71 1628.74 4639.22 9418.97
385.782 1342.75 4005.58 7868.99
385.866 1315.87 3939.94 7762.3
385.921 1286.08 3865.7 7643.88
386.003 978.38 3401.24 6399.18
386.334 955.197 3326.37 6276.82
386.476 931.28 3248.83 6153.01
386.517 906.635 3167.13 6020.04
386.566 475.499 2238.32 4130.27
386.666 454.253 2167.22 3923.31
386.726 225.515 3197.77 4294.48
386.813 790.512 2741.46 5203.83
386.913 767.112 2649.37 5066.96
387.157 742.544 2547.15 4915.52
387.192 240.514 2638.8 3756.71
387.228 692.312 2339.13 4606.54
387.365 307.439 1053.92 2103.91
387.411 643.788 2132.32 4291.61
387.554 427.095 1502.57 2976.2
387.61 413.485 1429.4 2779.22
387.706 409.755 1364.08 2681.8
387.864 406.208 1302.4 2590.22
388.02 402.866 1242.77 2500.53
388.061 364.948 1121.08 2071.61
388.171 298.093 571.194 1045.25
388.241 2690.52 7693.69 29808
388.524 361.869 1531.72 2268.53
388.561 361.436 91.2419 538.314
388.599 359.905 158.087 632.932
388.63 2251.27 6193.86 25484.2
388.731 2077.57 5888.85 24423.7
388.827 754.491 213.84 1345.21
388.931 233.784 5888.21 7568.67
389.022 362.606 2022.98 2841.47
389.2 1927.93 5744.69 22846.2
389.596 277.577 1871.57 2968.03
389.617 1439.45 4977.51 18819
389.653 227.178 3469.98 5053.52
389.811 1707.49 5174.45 19648.8
389.905 357.844 1791.33 2424.45
390.014 358.025 1678.14 2270.96
390.06 446.024 270.931 1050.84
390.212 1992.24 6055.79 22355.3
390.315 1936.32 6006.33 21849.7
390.561 1870.98 5907.07 21145
390.591 1879.99 5923.41 21182.2
390.62 221.06 4001.19 6327.49
390.814 2148.14 6804.9 22743.7
390.921 2162.21 6834.26 22814.2
391.025 247.871 1508.37 3278.86
391.182 3462.27 8353.99 28419.4
391.228 3474.08 8363.49 28475
391.329 229.213 1392.2 3343.8
391.624 4634.27 8833.67 30679.3
391.687 4584.42 8773.44 30583.9
391.715 3378.54 8187 28258.2
391.741 3312.78 8084.99 28028.8
391.827 3235.73 7969.05 27749.1
391.928 3149.2 7838.04 27423.2
392.033 3055.03 7695.14 27055.1
392.129 2954.34 7542.99 26649.4
392.386 2847.84 7375.19 26204.4
392.413 2737.6 7205.44 25728.3
392.538 2580.17 6796.11 23958.2
392.561 2463.48 6587.12 23074.4
392.642 2351.54 6400.5 22559.3
392.735 2241.89 6215.28 22039
392.843 2136.72 6036.52 21522.2
392.936 2037.88 5865.2 21020.2
393.102 253.826 980.771 1700.98
393.148 1968.07 5741.31 20930.5
393.295 1884.06 5588.96 20469.2
393.392 1808.08 5449.63 20036.9
393.493 1741.56 5326.67 19647.9
393.545 1684.29 5219.07 19304.9
393.703 1532.69 4925.65 17928.9
393.801 1493.22 4846.51 17527.5
393.85 1374.25 4473.35 16133.4
393.997 1347.63 4418.16 15962.5
394.102 1324.62 4370.04 15812.2
394.157 1300.49 4315.03 15589.6
394.261 1283.99 4280.97 15482.2
394.357 1190.5 4111.14 14659.9
394.463 1179.84 4087.61 14586.1
394.56 1170.97 4068.27 14526.5
394.954 1163.73 4052.54 14477.4
394.979 258.806 1303.31 2654.38
395.005 1501.14 4535.69 16071.8
395.033 1494.9 4526.93 16039.4
395.108 1490.35 4521.06 16016.9
395.253 1486.87 4516 15998.8
395.358 1483.68 4509.5 15980.7
395.406 1481.04 4505.1 15967.3
395.502 1478.56 4504.02 15952.8
395.659 1478.54 4508.07 15953.3
395.802 1480.54 4516.29 15965.8
395.823 1484.49 4528.24 15989.5
395.901 1490.95 4544.76 16027.2
396.005 1499.21 4565.32 16074.1
396.105 1445.48 4491.5 15612.1
396.256 1458.27 4523.69 15685.9
396.36 1473.83 4560.21 15773.7
396.464 1492.07 4601.84 15877.6
396.666 1513.31 4651.44 15997.3
396.691 1538.66 4706.4 16135.9
396.72 1567.67 4766.43 16295.2
396.827 1599.32 4829.54 16464.7
397.168 1633.97 4841.83 16612.2
397.201 1670.37 4907.97 16798.1
397.232 273.603 1048.07 1779.66
397.34 3096.22 7692.02 22468.3
397.368 3189.85 7842.98 22777.7
397.491 3284.92 7994.08 23080.9
397.581 2788.69 7966.53 21773.1
397.68 2853.17 8095.28 22010.6
397.737 2910 8208.73 22218.1
397.835 2960.5 8308.87 22400.4
397.933 3003.75 8394.73 22554.6
398.084 3037.31 8460.41 22671.5
398.138 3064.76 8513.16 22766.8
398.244 3085.5 8551.96 22837.6
398.342 3100.06 8577.76 22886.3
398.501 3109.43 8592.36 22916.1
398.547 3115.03 8602.51 22933.4
398.641 3110.17 8608.23 22731.2
398.745 3113.51 8612.8 22740.3
398.849 280.237 1682.02 3354.94
399.004 4488.35 9147.42 25919.1
399.167 4486.52 9142.41 25913.9
399.195 4481.52 9133.6 25902
399.269 4473.49 9120.32 25883.2
399.389 4461.07 9102.13 25853
399.659 4444.56 9078.83 25814.2
400.034 4421.72 9043.62 25760.4
400.073 4386.04 8991.17 25672.4
400.113 4337.16 8924.28 25550.2
400.158 4274.46 8840.69 25392.9
400.194 4198.91 8741.09 25201.5
400.242 4110.01 8624.6 24976.5
400.342 4011.07 8498.43 24721.8
400.393 3905.58 8364.09 24446.6
400.486 3795.35 8223.29 24154.7
400.608 2662.14 7491.44 21027
400.712 2589.7 7316.27 20733.6
400.858 2505.61 7110.99 20386.2
401.204 2411.64 6888.38 19993.1
401.226 2310.63 6652.1 19563.8
401.255 2204.52 6406.54 19103.7
401.282 2094.59 6151.58 18612.6
401.461 1980.98 5875.26 18077
401.485 1861.05 5591.53 17505.9
401.563 1742.17 5316.95 16907.5
401.658 1226.2 3731.66 13866.9
401.735 1119.96 3500.15 12981.7
401.983 1060.2 3352.48 12560
402.01 1002.93 3207.51 12130
402.088 949.581 3067.37 11711.5
402.194 893.244 2875.17 10945.3
402.284 272.826 1087.58 1816.28
402.585 761.15 2369.4 8715.24
402.608 724.417 2255.22 8382.82
402.795 691.157 2154.15 7969.26
402.823 660.938 2052.52 7674.67
402.853 622.451 1895.53 7085.11
403.041 564.397 1607.02 6073.26
403.062 531.784 1452.92 5553.72
403.194 515.671 1390.09 5367.05
403.216 483.973 1267.63 4926.73
403.296 465.916 1173.38 4525.62
403.511 241.526 5170.28 7600.71
403.536 266.483 1795.77 2972.33
403.6 350.1 1552.07 2072.71
403.699 608.422 3191.63 7940.97
403.796 581.435 2991.34 7562.34
403.903 230.633 2297.05 3477.14
404.051 246.244 5348.68 8229.33
404.109 344.255 1127.79 1579.55
404.209 268.11 800.339 1493.04
404.303 749.37 4128.09 10964.6
404.471 240.107 4328.96 6559.65
404.514 635.612 4043.44 10568.4
404.604 567.702 3770.03 9784.95
404.868 324.416 106 537.927
405.009 545.205 3636.63 9383.92
405.065 527.151 3545.84 9072.17
405.219 518.969 3476.68 8926.97
405.269 512.508 3426.92 8822.76
405.366 507.5 3393.48 8751.35
405.521 503.74 3374.87 8713.45
405.617 501.204 3370.04 8701.13
405.732 498.424 3378.02 8623
405.777 497.995 3396.39 8650.83
406.063 498.634 3426.31 8703.91
406.132 500.192 3464.87 8765.19
406.238 404.658 175.495 678.071
406.429 669.449 3645.44 9207.75
406.447 675.578 3698.53 9313.41
406.532 682.166 3749.73 9417.91
406.632 688.189 3793.97 9513.42
406.737 693.781 3830.86 9595.77
406.987 698.217 3858.32 9662.35
407.094 701.188 3873.73 9706.68
407.294 702.027 3873.13 9720.87
407.312 700.921 3861.63 9716.56
407.333 697.431 3833.19 9680.47
407.396 691.997 3789.77 9614.07
407.497 434.904 206.315 730.759
407.544 860.372 3742.08 9767.43
407.644 845.434 3664.03 9626.82
407.746 831.001 3588.24 9487.25
407.962 815.309 3507.85 9335.96
408.024 787.528 2949.22 8152.1
408.168 265.211 965.968 1564.5
408.191 896.013 3176.46 8546.57
408.269 869.644 3091.53 8375.68
408.415 844.031 3010.68 8209.28
408.636 819.996 2934.39 8048.41
408.658 549.499 2744.1 7309.43
408.731 517.54 2580.5 6825.62
408.783 505.932 2521.37 6702.91
408.88 492.94 2451.06 6412.33
409.037 300.578 16.0128 414.353
409.3 492.435 2417.05 6307.62
409.326 485.196 2378.42 6232.95
409.364 478.827 2345.23 6168.92
409.545 473.142 2315.89 6111.01
409.566 463.661 2144.51 5627.48
409.595 459.282 2124.78 5589.75
409.696 257.531 798.19 1244.79
409.79 442.995 2145.73 5608.42
409.901 439.993 2133.42 5585.58
410.047 437.402 2123.59 5567.11
410.244 435.196 2115.92 5552
410.265 251.447 634.482 995.706
410.297 577.929 2352.54 6103.13
410.397 575.799 2348.32 6093.26
410.503 248.097 656.44 1071.11
410.695 657.569 2715.67 6805.44
410.711 656.628 2714.41 6803.46
410.798 656.086 2714.18 6803.86
410.9 655.675 2713.91 6804.46
411.006 655.678 2715.04 6807.61
411.102 656.206 2717.96 6813.99
411.205 657.165 2721.43 6821.77
411.308 658.692 2727.87 6833.62
411.405 661.069 2736.36 6850.06
411.506 664.548 2748.68 6873.61
411.611 668.793 2762.86 6901.51
411.705 673.752 2778.27 6932.59
411.81 679.632 2796.52 6969.11
411.96 686.86 2819.33 7013.93
412.063 694.757 2841.43 7060.3
412.119 702.798 2865.24 7108.89
412.214 711.495 2889.41 7157.61
412.419 721.967 2923.08 7219.61
412.436 734.397 2961.63 7292.57
412.515 731.465 2749.03 6738.48
412.617 745.904 2791.51 6818.41
413.055 207.13 2264.29 2607.01
413.074 1602.36 4838.95 9918.37
413.099 1662.26 4981.52 10117.9
413.118 1724.39 5129.02 10321.6
413.219 1790.17 5285.06 10535.1
413.266 852.946 3101.18 7394.3
413.41 873.17 3157.75 7497.91
413.511 893.931 3214.77 7602.4
413.564 914.964 3271.65 7706.26
413.667 935.585 3326.26 7806.06
413.766 955.707 3378.36 7901.48
413.866 975.499 3429.16 7993.53
414.218 994.32 3476.49 8079.28
414.237 1012.11 3520.61 8158.77
414.256 1029.06 3562.16 8233.25
414.278 1045.35 3601.59 8303.52
414.419 1060.43 3637.6 8367.37
414.469 1074.57 3670.9 8426.48
414.573 1087.89 3701.9 8481.42
414.723 1100.06 3730.15 8530.84
414.777 1111.42 3756.12 8576.3
414.875 1121.61 3779.25 8616.56
414.979 1130.9 3800.06 8652.66
415.136 1139.4 3819.09 8686.15
415.194 1146.73 3835.34 8714.5
415.284 1153.41 3850.08 8740.72
415.447 1159.46 3863.34 8764.78
415.491 1164.96 3875.1 8787.25
415.64 1169.72 3885.25 8807.29
415.689 1174.04 3894.88 8826.62
415.787 1177.92 3903.16 8845.26
415.887 1181.31 3910.5 8863.71
416.043 1183.77 3916.14 8880.12
416.39 1186.04 3922.03 8897.45
416.642 1187.65 3926.77 8914.48
416.662 1188.42 3930.63 8931.62
416.683 1189 3936.26 8954.67
416.703 1189.1 3944.36 8986.3
416.724 787.209 3587.3 7804.96
416.75 785.45 3607.11 7855.57
416.797 461.781 2113.31 5553.88
416.899 315.315 136.623 641.113
417.095 478.348 3076.51 7256.7
417.112 393.724 2842.43 6419.58
417.201 397.155 2886.84 6556.52
417.302 396.025 2862.51 6265.51
417.408 330.075 2747.88 5995.84
417.504 329.989 1664 4095.7
417.605 305.181 3.73177 401.562
417.704 334.331 1311.58 3405.38
417.803 330.641 1315.47 3364.15
417.906 320.895 1081.86 2754.54
418.008 322.935 1099.38 2816.75
418.107 303.082 476.431 1550.24
418.206 302.703 480.501 1566.05
418.369 302.35 3.6284 398.262
418.465 302.225 488.072 1610.05
418.567 301.658 491.184 1620.63
418.665 300.693 493.128 1628.36
418.72 299.854 495.95 1637.36
418.815 298.895 498.626 1645.83
418.92 297.903 501.044 1653.66
419.019 296.791 503.492 1661.26
419.125 331.25 6221.44 6960.59
419.222 444.616 10241.1 12613.3
419.425 442.861 10465.9 13551.1
419.448 322.901 10068.9 8750.11
419.522 2156.34 54677.1 85563.3
419.732 330.777 17021.1 18718.8
419.779 336.876 28727.7 35288.6
419.826 3440.68 101724 205106
419.982 322.261 22124.5 26877.5
420.032 299.45 13009.4 12027.2
420.133 239.291 1155.77 1321.29
420.232 5127.49 101964 222974
420.386 4891.93 100002 217495
420.433 4674.17 98099.3 212306
420.541 4479.67 96304.8 207509
420.693 4302.9 94606.5 203024
420.743 4139.35 92980.3 198761
420.841 3999.41 91542.8 195053
420.939 3875.34 90226.5 191687
421.04 3765.31 89026.2 188649
421.142 3673.58 87999.8 186080
421.294 3596.76 87121.3 183894
421.449 3519.61 86218.2 181654
421.599 3456.91 85464.2 179798
421.616 3405.78 84838.9 178269
421.653 3363.57 84317.4 177016
421.749 3332.54 83930.6 176109
421.85 3307.59 83615.7 175383
421.947 3287.76 83360.3 174797
422.102 3268.34 83109.7 174235
422.305 3253.3 82939.9 173801
422.325 3236.51 82678.7 173327
422.357 3224.46 82518.4 173001
422.453 3211.34 82339.6 172648
422.554 3198.92 82171 172322
422.659 3188.53 82032.5 172084
422.813 3180.87 81925.6 171925
423.015 3173.12 81818.6 171774
423.032 3163.24 81684.6 171554
423.064 3152.85 81544.5 171323
423.16 3144.33 81425 171143
423.269 3135.07 81294.6 170931
423.418 3123.3 81131.8 170627
423.47 3108.3 80924.3 170221
423.563 3095.72 80751.2 169885
423.669 3080.74 80544.5 169460
423.768 3065.02 80329.5 169005
423.868 3047.42 80089.1 168482
423.972 3030.43 79854.5 167962
424.124 3013.27 79615.6 167421
424.174 2995.78 79366.8 166841
424.275 2975.54 79088.2 166192
424.376 2957.52 78833.4 165583
424.476 2938.68 78567.9 164947
424.578 2919.62 78302.7 164311
424.675 2900.14 78030.9 163659
424.883 2880.64 77759.3 163007
424.902 2860.06 77468.4 162305
424.981 2839.91 77183.5 161620
425.081 2818.61 76881.3 160896
425.282 2798 76589 160200
425.3 2777.56 76295 159499
425.385 2757.41 76007.5 158824
425.537 2739.83 75754.1 158226
425.638 2722.23 75497 157622
425.747 2705.84 75260.8 157077
425.797 2691.11 75045.1 156579
425.897 2675.25 74809.4 156038
426.056 2660.98 74601.6 155572
426.15 2647.05 74397.4 155119
426.201 2633.7 74200.5 154687
426.299 2621.35 74018.7 154295
426.451 2609.98 73852.2 153948
426.554 2599.11 73688.6 153606
426.601 2589.21 73538 153298
426.699 2580.37 73406.3 153043
426.801 2572.31 73284.5 152813
426.906 2564.1 73161.7 152589
427.008 2557.75 73067.4 152434
427.203 2552.01 72982.7 152309
427.26 2547.45 72914.4 152224
427.364 2543.47 72854.3 152159
427.418 2539.51 72797.9 152113
427.52 2536.78 72758.8 152112
427.616 2534.37 72723.9 152121
427.715 2533.08 72704.6 152168
427.917 2532.3 72693.8 152239
427.937 2533 72704.6 152359
428.023 2533.77 72716.6 152487
428.182 2535.06 72738.4 152639
