Time X Y Z Roll Pitch Yaw
0.0305317 -5.70003e-05 9.13569e-05 0.282864 -1.06172e-07 -9.1811e-07 -9.66118e-05
0.0560058 -5.70003e-05 9.13569e-05 0.282864 -1.06172e-07 -9.1811e-07 -9.66118e-05
0.0744048 -5.70003e-05 9.13569e-05 0.282864 -1.06172e-07 -9.1811e-07 -9.66118e-05
0.0990251 -5.70003e-05 9.13569e-05 0.282864 -1.06172e-07 -9.1811e-07 -9.66118e-05
0.117927 -5.70003e-05 9.13569e-05 0.282864 -1.06172e-07 -9.1811e-07 -9.66118e-05
0.138882 -5.70003e-05 9.13569e-05 0.282864 -1.06172e-07 -9.1811e-07 -9.66118e-05
0.15817 -5.70003e-05 9.13569e-05 0.282864 -1.06172e-07 -9.1811e-07 -9.66118e-05
0.179009 -5.70003e-05 9.13569e-05 0.282864 -1.06172e-07 -9.1811e-07 -9.66118e-05
0.198607 -5.70003e-05 9.13569e-05 0.282864 -1.06172e-07 -9.1811e-07 -9.66118e-05
0.218699 -5.70003e-05 9.13569e-05 0.282864 -1.06172e-07 -9.1811e-07 -9.66118e-05
0.241964 -5.70003e-05 9.13569e-05 0.282864 -1.06172e-07 -9.1811e-07 -9.66118e-05
0.259246 -5.70003e-05 9.13569e-05 0.282864 -1.06172e-07 -9.1811e-07 -9.66118e-05
0.281252 -5.70003e-05 9.13569e-05 0.282864 -1.06172e-07 -9.1811e-07 -9.66118e-05
0.299289 -5.70003e-05 9.13569e-05 0.282864 -1.06172e-07 -9.1811e-07 -9.66118e-05
0.319703 -5.70003e-05 9.13569e-05 0.282864 -1.06172e-07 -9.1811e-07 -9.66118e-05
0.340398 -5.70003e-05 9.13569e-05 0.282864 -1.06172e-07 -9.1811e-07 -9.66118e-05
0.359552 -5.70003e-05 9.13569e-05 0.282864 -1.06172e-07 -9.1811e-07 -9.66118e-05
0.381167 -5.70003e-05 9.13569e-05 0.282864 -1.06172e-07 -9.1811e-07 -9.66118e-05
0.400046 -5.70003e-05 9.13569e-05 0.282864 -1.06172e-07 -9.1811e-07 -9.66118e-05
0.420309 -5.70003e-05 9.13569e-05 0.282864 -1.06172e-07 -9.1811e-07 -9.66118e-05
0.441021 -5.70003e-05 9.13569e-05 0.282864 -1.06172e-07 -9.1811e-07 -9.66118e-05
0.460349 -5.70003e-05 9.13569e-05 0.282864 -1.06172e-07 -9.1811e-07 -9.66118e-05
0.481404 -5.70003e-05 9.13569e-05 0.282864 -1.06172e-07 -9.1811e-07 -9.66118e-05
0.500506 -5.70003e-05 9.13569e-05 0.282864 -1.06172e-07 -9.1811e-07 -9.66118e-05
0.520797 -5.70003e-05 9.13569e-05 0.282864 -1.06172e-07 -9.1811e-07 -9.66118e-05
0.542321 -5.70003e-05 9.13569e-05 0.282864 -1.06172e-07 -9.1811e-07 -9.66118e-05
0.561542 -5.70003e-05 9.13569e-05 0.282864 -1.06172e-07 -9.1811e-07 -9.66118e-05
0.582287 -5.70003e-05 9.13569e-05 0.282864 -1.06172e-07 -9.1811e-07 -9.66118e-05
0.608897 -5.70003e-05 9.13569e-05 0.282864 -1.06172e-07 -9.1811e-07 -9.66118e-05
0.627927 -5.70003e-05 9.13569e-05 0.282864 -1.06172e-07 -9.1811e-07 -9.66118e-05
0.64914 -5.70003e-05 9.13569e-05 0.282864 -1.06172e-07 -9.1811e-07 -9.66118e-05
0.668035 -5.70003e-05 9.13569e-05 0.282864 -1.06172e-07 -9.1811e-07 -9.66118e-05
0.689531 -5.70003e-05 9.13569e-05 0.282864 -1.06172e-07 -9.1811e-07 -9.66118e-05
0.708413 -5.70003e-05 9.13569e-05 0.282864 -1.06172e-07 -9.1811e-07 -9.66118e-05
0.728258 -5.70003e-05 9.13569e-05 0.282864 -1.06172e-07 -9.1811e-07 -9.66118e-05
0.749689 -5.70003e-05 9.13569e-05 0.282864 -1.06172e-07 -9.1811e-07 -9.66118e-05
0.768519 -5.70003e-05 9.13569e-05 0.282864 -1.06172e-07 -9.1811e-07 -9.66118e-05
0.789899 -5.70003e-05 9.13569e-05 0.282864 -1.06172e-07 -9.1811e-07 -9.66118e-05
0.809041 -5.70003e-05 9.13569e-05 0.282864 -1.06172e-07 -9.1811e-07 -9.66118e-05
0.829205 -5.70003e-05 9.13569e-05 0.282864 -1.06172e-07 -9.1811e-07 -9.66118e-05
0.850123 -5.70003e-05 9.13569e-05 0.282864 -1.06172e-07 -9.1811e-07 -9.66118e-05
0.869383 -5.70003e-05 9.13569e-05 0.282864 -1.06172e-07 -9.1811e-07 -9.66118e-05
0.890694 -5.70003e-05 9.13569e-05 0.282864 -1.06172e-07 -9.1811e-07 -9.66118e-05
0.909643 -5.70003e-05 9.13569e-05 0.282864 -1.06172e-07 -9.1811e-07 -9.66118e-05
0.929967 -5.70003e-05 9.13569e-05 0.282864 -1.06172e-07 -9.1811e-07 -9.66118e-05
0.950428 -5.70003e-05 9.13569e-05 0.282864 -1.06172e-07 -9.1811e-07 -9.66118e-05
0.970003 -5.70003e-05 9.13569e-05 0.282864 -1.06172e-07 -9.1811e-07 -9.66118e-05
0.991072 -5.70003e-05 9.13569e-05 0.282864 -1.06172e-07 -9.1811e-07 -9.66118e-05
1.0105 -5.70003e-05 9.13569e-05 0.282864 -1.06172e-07 -9.1811e-07 -9.66118e-05
1.03026 -5.70003e-05 9.13569e-05 0.282864 -1.06172e-07 -9.1811e-07 -9.66118e-05
1.05115 -5.70003e-05 9.13569e-05 0.282864 -1.06172e-07 -9.1811e-07 -9.66118e-05
1.07058 -5.70003e-05 9.13569e-05 0.282864 -1.06172e-07 -9.1811e-07 -9.66118e-05
1.0918 -5.70003e-05 9.13569e-05 0.282864 -1.06172e-07 -9.1811e-07 -9.66118e-05
1.11115 -5.70003e-05 9.13569e-05 0.282864 -1.06172e-07 -9.1811e-07 -9.66118e-05
1.13134 -5.70003e-05 9.13569e-05 0.282864 -1.06172e-07 -9.1811e-07 -9.66118e-05
1.15208 -5.70003e-05 9.13569e-05 0.282864 -1.06172e-07 -9.1811e-07 -9.66118e-05
1.17187 -5.70003e-05 9.13569e-05 0.282864 -1.06172e-07 -9.1811e-07 -9.66118e-05
1.19226 -5.70003e-05 9.13569e-05 0.282864 -1.06172e-07 -9.1811e-07 -9.66118e-05
1.21204 -5.70003e-05 9.13569e-05 0.282864 -1.06172e-07 -9.1811e-07 -9.66118e-05
1.23239 -5.70003e-05 9.13569e-05 0.282864 -1.06172e-07 -9.1811e-07 -9.66118e-05
1.25258 -5.70003e-05 9.13569e-05 0.282864 -1.06172e-07 -9.1811e-07 -9.66118e-05
1.27249 -5.70003e-05 9.13569e-05 0.282864 -1.06172e-07 -9.1811e-07 -9.66118e-05
1.29347 -5.70003e-05 9.13569e-05 0.282864 -1.06172e-07 -9.1811e-07 -9.66118e-05
1.31304 -5.70003e-05 9.13569e-05 0.282864 -1.06172e-07 -9.1811e-07 -9.66118e-05
1.33325 -5.70003e-05 9.13569e-05 0.282864 -1.06172e-07 -9.1811e-07 -9.66118e-05
1.35464 -5.70003e-05 9.13569e-05 0.282864 -1.06172e-07 -9.1811e-07 -9.66118e-05
1.37309 -5.70003e-05 9.13569e-05 0.282864 -1.06172e-07 -9.1811e-07 -9.66118e-05
1.39399 -5.70003e-05 9.13569e-05 0.282864 -1.06172e-07 -9.1811e-07 -9.66118e-05
1.41339 -5.70003e-05 9.13569e-05 0.282864 -1.06172e-07 -9.1811e-07 -9.66118e-05
1.43327 -5.70003e-05 9.13569e-05 0.282864 -1.06172e-07 -9.1811e-07 -9.66118e-05
1.45406 -5.70003e-05 9.13569e-05 0.282864 -1.06172e-07 -9.1811e-07 -9.66118e-05
1.47384 -5.70003e-05 9.13569e-05 0.282864 -1.06172e-07 -9.1811e-07 -9.66118e-05
1.49444 -5.70003e-05 9.13569e-05 0.282864 -1.06172e-07 -9.1811e-07 -9.66118e-05
1.51445 -5.70003e-05 9.13569e-05 0.282864 -1.06172e-07 -9.1811e-07 -9.66118e-05
1.53425 -5.70003e-05 9.13569e-05 0.282864 -1.06172e-07 -9.1811e-07 -9.66118e-05
1.55566 -5.70003e-05 9.13569e-05 0.282864 -1.06172e-07 -9.1811e-07 -9.66118e-05
1.57497 -5.70003e-05 9.13569e-05 0.282864 -1.06172e-07 -9.1811e-07 -9.66118e-05
1.59563 -5.70003e-05 9.13569e-05 0.282864 -1.06172e-07 -9.1811e-07 -9.66118e-05
1.61545 -5.70003e-05 9.13569e-05 0.282864 -1.06172e-07 -9.1811e-07 -9.66118e-05
1.63567 -5.70003e-05 9.13569e-05 0.282864 -1.06172e-07 -9.1811e-07 -9.66118e-05
1.65613 -5.70003e-05 9.13569e-05 0.282864 -1.06172e-07 -9.1811e-07 -9.66118e-05
1.67536 -5.70003e-05 9.13569e-05 0.282864 -1.06172e-07 -9.1811e-07 -9.66118e-05
1.69643 -5.70003e-05 9.13569e-05 0.282864 -1.06172e-07 -9.1811e-07 -9.66118e-05
1.71619 -5.70003e-05 9.13569e-05 0.282864 -1.06172e-07 -9.1811e-07 -9.66118e-05
1.73613 -5.70003e-05 9.13569e-05 0.282864 -1.06172e-07 -9.1811e-07 -9.66118e-05
1.75668 -5.70003e-05 9.13569e-05 0.282864 -1.06172e-07 -9.1811e-07 -9.66118e-05
1.77639 -5.70003e-05 9.13569e-05 0.282864 -1.06172e-07 -9.1811e-07 -9.66118e-05
1.79782 -5.70003e-05 9.13569e-05 0.282864 -1.06172e-07 -9.1811e-07 -9.66118e-05
1.81674 -5.70003e-05 9.13569e-05 0.282864 -1.06172e-07 -9.1811e-07 -9.66118e-05
1.83677 -5.70003e-05 9.13569e-05 0.282864 -1.06172e-07 -9.1811e-07 -9.66118e-05
1.85809 -5.70003e-05 9.13569e-05 0.282864 -1.06172e-07 -9.1811e-07 -9.66118e-05
1.87751 -5.70003e-05 9.13569e-05 0.282864 -1.06172e-07 -9.1811e-07 -9.66118e-05
1.89794 -5.70003e-05 9.13569e-05 0.282864 -1.06172e-07 -9.1811e-07 -9.66118e-05
1.91732 -5.70003e-05 9.13569e-05 0.282864 -1.06172e-07 -9.1811e-07 -9.66118e-05
1.93765 -5.70003e-05 9.13569e-05 0.282864 -1.06172e-07 -9.1811e-07 -9.66118e-05
1.95839 -5.70003e-05 9.13569e-05 0.282864 -1.06172e-07 -9.1811e-07 -9.66118e-05
1.97798 -5.70003e-05 9.13569e-05 0.282864 -1.06172e-07 -9.1811e-07 -9.66118e-05
1.99881 -5.70003e-05 9.13569e-05 0.282864 -1.06172e-07 -9.1811e-07 -9.66118e-05
2.01849 -5.70003e-05 9.13569e-05 0.282864 -1.06172e-07 -9.1811e-07 -9.66118e-05
2.03839 -5.70003e-05 9.13569e-05 0.282864 -1.06172e-07 -9.1811e-07 -9.66118e-05
2.0591 -5.70003e-05 9.13569e-05 0.282864 -1.06172e-07 -9.1811e-07 -9.66118e-05
2.07869 -5.70003e-05 9.13569e-05 0.282864 -1.06172e-07 -9.1811e-07 -9.66118e-05
2.09983 -5.70003e-05 9.13569e-05 0.282864 -1.06172e-07 -9.1811e-07 -9.66118e-05
2.11913 -5.70003e-05 9.13569e-05 0.282864 -1.06172e-07 -9.1811e-07 -9.66118e-05
2.13936 -5.70003e-05 9.13569e-05 0.282864 -1.06172e-07 -9.1811e-07 -9.66118e-05
2.15995 -5.70003e-05 9.13569e-05 0.282864 -1.06172e-07 -9.1811e-07 -9.66118e-05
2.17947 -5.70003e-05 9.13569e-05 0.282864 -1.06172e-07 -9.1811e-07 -9.66118e-05
2.2005 -5.70003e-05 9.13569e-05 0.282864 -1.06172e-07 -9.1811e-07 -9.66118e-05
2.21961 -5.70003e-05 9.13569e-05 0.282864 -1.06172e-07 -9.1811e-07 -9.66118e-05
2.2398 -5.70003e-05 9.13569e-05 0.282864 -1.06172e-07 -9.1811e-07 -9.66118e-05
2.26095 -5.70003e-05 9.13569e-05 0.282864 -1.06172e-07 -9.1811e-07 -9.66118e-05
2.28016 -5.70003e-05 9.13569e-05 0.282864 -1.06172e-07 -9.1811e-07 -9.66118e-05
2.30086 -5.70003e-05 9.13569e-05 0.282864 -1.06172e-07 -9.1811e-07 -9.66118e-05
2.32033 -5.70003e-05 9.13569e-05 0.282864 -1.06172e-07 -9.1811e-07 -9.66118e-05
2.34078 -5.70003e-05 9.13569e-05 0.282864 -1.06172e-07 -9.1811e-07 -9.66118e-05
2.36111 -5.70003e-05 9.13569e-05 0.282864 -1.06172e-07 -9.1811e-07 -9.66118e-05
2.38107 -5.70003e-05 9.13569e-05 0.282864 -1.06172e-07 -9.1811e-07 -9.66118e-05
2.40267 -5.70003e-05 9.13569e-05 0.282864 -1.06172e-07 -9.1811e-07 -9.66118e-05
2.42152 -5.70003e-05 9.13569e-05 0.282864 -1.06172e-07 -9.1811e-07 -9.66118e-05
2.44126 -5.70003e-05 9.13569e-05 0.282864 -1.06172e-07 -9.1811e-07 -9.66118e-05
2.46327 -5.70003e-05 9.13569e-05 0.282864 -1.06172e-07 -9.1811e-07 -9.66118e-05
2.48228 -5.70003e-05 9.13569e-05 0.282864 -1.06172e-07 -9.1811e-07 -9.66118e-05
2.50235 -5.70003e-05 9.13569e-05 0.282864 -1.06172e-07 -9.1811e-07 -9.66118e-05
2.5221 -5.70003e-05 9.13569e-05 0.282864 -1.06172e-07 -9.1811e-07 -9.66118e-05
2.54209 -5.70003e-05 9.13569e-05 0.282864 -1.06172e-07 -9.1811e-07 -9.66118e-05
2.56308 -5.70003e-05 9.13569e-05 0.282864 -1.06172e-07 -9.1811e-07 -9.66118e-05
2.58251 -5.70003e-05 9.13569e-05 0.282864 -1.06172e-07 -9.1811e-07 -9.66118e-05
2.6043 -5.70003e-05 9.13569e-05 0.282864 -1.06172e-07 -9.1811e-07 -9.66118e-05
2.62264 -5.70003e-05 9.13569e-05 0.282864 -1.06172e-07 -9.1811e-07 -9.66118e-05
2.64306 -5.70003e-05 9.13569e-05 0.282864 -1.06172e-07 -9.1811e-07 -9.66118e-05
2.66335 -5.70003e-05 9.13569e-05 0.282864 -1.06172e-07 -9.1811e-07 -9.66118e-05
2.68318 -5.70003e-05 9.13569e-05 0.282864 -1.06172e-07 -9.1811e-07 -9.66118e-05
2.70383 -5.70003e-05 9.13569e-05 0.282864 -1.06172e-07 -9.1811e-07 -9.66118e-05
2.72354 -5.70003e-05 9.13569e-05 0.282864 -1.06172e-07 -9.1811e-07 -9.66118e-05
2.74332 -5.70003e-05 9.13569e-05 0.282864 -1.06172e-07 -9.1811e-07 -9.66118e-05
2.76553 -5.70003e-05 9.13569e-05 0.282864 -1.06172e-07 -9.1811e-07 -9.66118e-05
2.78403 -5.70003e-05 9.13569e-05 0.282864 -1.06172e-07 -9.1811e-07 -9.66118e-05
2.80611 -5.70003e-05 9.13569e-05 0.282864 -1.06172e-07 -9.1811e-07 -9.66118e-05
2.82447 -5.70003e-05 9.13569e-05 0.282864 -1.06172e-07 -9.1811e-07 -9.66118e-05
2.8443 -5.70003e-05 9.13569e-05 0.282864 -1.06172e-07 -9.1811e-07 -9.66118e-05
2.86653 -5.70003e-05 9.13569e-05 0.282864 -1.06172e-07 -9.1811e-07 -9.66118e-05
2.8851 -5.70003e-05 9.13569e-05 0.282864 -1.06172e-07 -9.1811e-07 -9.66118e-05
2.90654 -5.70003e-05 9.13569e-05 0.282864 -1.06172e-07 -9.1811e-07 -9.66118e-05
2.92527 -5.70003e-05 9.13569e-05 0.282864 -1.06172e-07 -9.1811e-07 -9.66118e-05
2.94566 -5.70003e-05 9.13569e-05 0.282864 -1.06172e-07 -9.1811e-07 -9.66118e-05
2.96582 -5.70003e-05 9.13569e-05 0.282864 -1.06172e-07 -9.1811e-07 -9.66118e-05
2.98537 -5.70003e-05 9.13569e-05 0.282864 -1.06172e-07 -9.1811e-07 -9.66118e-05
3.00634 -5.70003e-05 9.13569e-05 0.282864 -1.06172e-07 -9.1811e-07 -9.66118e-05
3.026 -5.70003e-05 9.13569e-05 0.282864 -1.06172e-07 -9.1811e-07 -9.66118e-05
3.04609 -5.70003e-05 9.13569e-05 0.282864 -1.06172e-07 -9.1811e-07 -9.66118e-05
3.06847 -5.70003e-05 9.13569e-05 0.282864 -1.06172e-07 -9.1811e-07 -9.66118e-05
3.0863 -5.70003e-05 9.13569e-05 0.282864 -1.06172e-07 -9.1811e-07 -9.66118e-05
3.1076 -5.70003e-05 9.13569e-05 0.282864 -1.06172e-07 -9.1811e-07 -9.66118e-05
3.12649 -5.70003e-05 9.13569e-05 0.282864 -1.06172e-07 -9.1811e-07 -9.66118e-05
3.14644 -5.70003e-05 9.13569e-05 0.282864 -1.06172e-07 -9.1811e-07 -9.66118e-05
3.16786 -5.70003e-05 9.13569e-05 0.282864 -1.06172e-07 -9.1811e-07 -9.66118e-05
3.18707 -5.70003e-05 9.13569e-05 0.282864 -1.06172e-07 -9.1811e-07 -9.66118e-05
3.20875 -5.70003e-05 9.13569e-05 0.282864 -1.06172e-07 -9.1811e-07 -9.66118e-05
3.22737 -5.70003e-05 9.13569e-05 0.282864 -1.06172e-07 -9.1811e-07 -9.66118e-05
3.24756 -5.70003e-05 9.13569e-05 0.282864 -1.06172e-07 -9.1811e-07 -9.66118e-05
3.26827 -5.70003e-05 9.13569e-05 0.282864 -1.06172e-07 -9.1811e-07 -9.66118e-05
3.28769 -5.70003e-05 9.13569e-05 0.282864 -1.06172e-07 -9.1811e-07 -9.66118e-05
3.3084 -5.70003e-05 9.13569e-05 0.282864 -1.06172e-07 -9.1811e-07 -9.66118e-05
3.32812 -5.70003e-05 9.13569e-05 0.282864 -1.06172e-07 -9.1811e-07 -9.66118e-05
3.34829 -5.70003e-05 9.13569e-05 0.282864 -1.06172e-07 -9.1811e-07 -9.66118e-05
3.36947 -5.70003e-05 9.13569e-05 0.282864 -1.06172e-07 -9.1811e-07 -9.66118e-05
3.3884 -5.70003e-05 9.13569e-05 0.282864 -1.06172e-07 -9.1811e-07 -9.66118e-05
3.40978 -5.70003e-05 9.13569e-05 0.282864 -1.06172e-07 -9.1811e-07 -9.66118e-05
3.42921 -5.70003e-05 9.13569e-05 0.282864 -1.06172e-07 -9.1811e-07 -9.66118e-05
3.44925 -5.70003e-05 9.13569e-05 0.282864 -1.06172e-07 -9.1811e-07 -9.66118e-05
3.46941 -5.70003e-05 9.13569e-05 0.282864 -1.06172e-07 -9.1811e-07 -9.66118e-05
3.48963 -5.70003e-05 9.13569e-05 0.282864 -1.06172e-07 -9.1811e-07 -9.66118e-05
3.51013 -5.70003e-05 9.13569e-05 0.282864 -1.06172e-07 -9.1811e-07 -9.66118e-05
3.52943 -5.70003e-05 9.13569e-05 0.282864 -1.06172e-07 -9.1811e-07 -9.66118e-05
3.54935 -5.70003e-05 9.13569e-05 0.282864 -1.06172e-07 -9.1811e-07 -9.66118e-05
3.57046 -5.70003e-05 9.13569e-05 0.282864 -1.06172e-07 -9.1811e-07 -9.66118e-05
3.59013 -5.70003e-05 9.13569e-05 0.282864 -1.06172e-07 -9.1811e-07 -9.66118e-05
3.61144 -5.70003e-05 9.13569e-05 0.282864 -1.06172e-07 -9.1811e-07 -9.66118e-05
3.63005 -5.70003e-05 9.13569e-05 0.282864 -1.06172e-07 -9.1811e-07 -9.66118e-05
3.65052 -5.70003e-05 9.13569e-05 0.282864 -1.06172e-07 -9.1811e-07 -9.66118e-05
3.67241 -5.70003e-05 9.13569e-05 0.282864 -1.06172e-07 -9.1811e-07 -9.66118e-05
3.69031 -5.70003e-05 9.13569e-05 0.282864 -1.06172e-07 -9.1811e-07 -9.66118e-05
3.71124 -5.70003e-05 9.13569e-05 0.282864 -1.06172e-07 -9.1811e-07 -9.66118e-05
3.7309 -5.70003e-05 9.13569e-05 0.282864 -1.06172e-07 -9.1811e-07 -9.66118e-05
3.75097 -5.70003e-05 9.13569e-05 0.282864 -1.06172e-07 -9.1811e-07 -9.66118e-05
3.7721 -5.70003e-05 9.13569e-05 0.282864 -1.06172e-07 -9.1811e-07 -9.66118e-05
3.79112 -5.70003e-05 9.13569e-05 0.282864 -1.06172e-07 -9.1811e-07 -9.66118e-05
3.81357 -5.70003e-05 9.13569e-05 0.282864 -1.06172e-07 -9.1811e-07 -9.66118e-05
3.83137 -5.70003e-05 9.13569e-05 0.282864 -1.06172e-07 -9.1811e-07 -9.66118e-05
3.8513 -5.70003e-05 9.13569e-05 0.282864 -1.06172e-07 -9.1811e-07 -9.66118e-05
3.87198 -5.70003e-05 9.13569e-05 0.282864 -1.06172e-07 -9.1811e-07 -9.66118e-05
3.89194 -5.70003e-05 9.13569e-05 0.282864 -1.06172e-07 -9.1811e-07 -9.66118e-05
3.91388 -5.70003e-05 9.13569e-05 0.282864 -1.06172e-07 -9.1811e-07 -9.66118e-05
3.93219 -5.70003e-05 9.13569e-05 0.282864 -1.06172e-07 -9.1811e-07 -9.66118e-05
3.95231 -5.70003e-05 9.13569e-05 0.282864 -1.06172e-07 -9.1811e-07 -9.66118e-05
3.97343 -5.70003e-05 9.13569e-05 0.282864 -1.06172e-07 -9.1811e-07 -9.66118e-05
3.99231 -5.70003e-05 9.13569e-05 0.282864 -1.06172e-07 -9.1811e-07 -9.66118e-05
4.0135 -5.70003e-05 9.13569e-05 0.282864 -1.06172e-07 -9.1811e-07 -9.66118e-05
4.03298 -5.70003e-05 9.13569e-05 0.282864 -1.06172e-07 -9.1811e-07 -9.66118e-05
4.05297 -5.70003e-05 9.13569e-05 0.282864 -1.06172e-07 -9.1811e-07 -9.66118e-05
4.07347 -5.70003e-05 9.13569e-05 0.282864 -1.06172e-07 -9.1811e-07 -9.66118e-05
4.09314 -5.70003e-05 9.13569e-05 0.282864 -1.06172e-07 -9.1811e-07 -9.66118e-05
4.11545 -5.70003e-05 9.13569e-05 0.282864 -1.06172e-07 -9.1811e-07 -9.66118e-05
4.13368 -5.70003e-05 9.13569e-05 0.282864 -1.06172e-07 -9.1811e-07 -9.66118e-05
4.15358 -5.70003e-05 9.13569e-05 0.282864 -1.06172e-07 -9.1811e-07 -9.66118e-05
4.17419 -5.70003e-05 9.13569e-05 0.282864 -1.06172e-07 -9.1811e-07 -9.66118e-05
4.1941 -5.70003e-05 9.13569e-05 0.282864 -1.06172e-07 -9.1811e-07 -9.66118e-05
4.21538 -5.70003e-05 9.13569e-05 0.282864 -1.06172e-07 -9.1811e-07 -9.66118e-05
4.23436 -5.70003e-05 9.13569e-05 0.282864 -1.06172e-07 -9.1811e-07 -9.66118e-05
4.25444 -5.70003e-05 9.13569e-05 0.282864 -1.06172e-07 -9.1811e-07 -9.66118e-05
4.27501 -5.70003e-05 9.13569e-05 0.282864 -1.06172e-07 -9.1811e-07 -9.66118e-05
4.29461 -5.70003e-05 9.13569e-05 0.282864 -1.06172e-07 -9.1811e-07 -9.66118e-05
4.31672 -5.70003e-05 9.13569e-05 0.282864 -1.06172e-07 -9.1811e-07 -9.66118e-05
4.33511 -5.70003e-05 9.13569e-05 0.282864 -1.06172e-07 -9.1811e-07 -9.66118e-05
4.35571 -5.70003e-05 9.13569e-05 0.282864 -1.06172e-07 -9.1811e-07 -9.66118e-05
4.37575 -5.70003e-05 9.13569e-05 0.282864 -1.06172e-07 -9.1811e-07 -9.66118e-05
4.3954 -5.70003e-05 9.13569e-05 0.282864 -1.06172e-07 -9.1811e-07 -9.66118e-05
4.41664 -5.70003e-05 9.13569e-05 0.282864 -1.06172e-07 -9.1811e-07 -9.66118e-05
4.43614 -5.70003e-05 9.13569e-05 0.282864 -1.06172e-07 -9.1811e-07 -9.66118e-05
4.45614 -5.70003e-05 9.13569e-05 0.282864 -1.06172e-07 -9.1811e-07 -9.66118e-05
4.4768 -5.70003e-05 9.13569e-05 0.282864 -1.06172e-07 -9.1811e-07 -9.66118e-05
4.49669 -5.70003e-05 9.13569e-05 0.282864 -1.06172e-07 -9.1811e-07 -9.66118e-05
4.51754 -5.70003e-05 9.13569e-05 0.282864 -1.06172e-07 -9.1811e-07 -9.66118e-05
4.53647 -5.70003e-05 9.13569e-05 0.282864 -1.06172e-07 -9.1811e-07 -9.66118e-05
4.55656 -5.70003e-05 9.13569e-05 0.282864 -1.06172e-07 -9.1811e-07 -9.66118e-05
4.57746 -5.70003e-05 9.13569e-05 0.282864 -1.06172e-07 -9.1811e-07 -9.66118e-05
4.59691 -5.70003e-05 9.13569e-05 0.282864 -1.06172e-07 -9.1811e-07 -9.66118e-05
4.61764 -5.70003e-05 9.13569e-05 0.282864 -1.06172e-07 -9.1811e-07 -9.66118e-05
4.63708 -5.70003e-05 9.13569e-05 0.282864 -1.06172e-07 -9.1811e-07 -9.66118e-05
4.65795 -5.70003e-05 9.13569e-05 0.282864 -1.06172e-07 -9.1811e-07 -9.66118e-05
4.67779 -5.70003e-05 9.13569e-05 0.282864 -1.06172e-07 -9.1811e-07 -9.66118e-05
4.69758 -5.70003e-05 9.13569e-05 0.282864 -1.06172e-07 -9.1811e-07 -9.66118e-05
4.71864 -5.70003e-05 9.13569e-05 0.282864 -1.06172e-07 -9.1811e-07 -9.66118e-05
4.73823 -5.70003e-05 9.13569e-05 0.282864 -1.06172e-07 -9.1811e-07 -9.66118e-05
4.75836 -5.70003e-05 9.13569e-05 0.282864 -1.06172e-07 -9.1811e-07 -9.66118e-05
4.78028 -5.70003e-05 9.13569e-05 0.282864 -1.06172e-07 -9.1811e-07 -9.66118e-05
4.79907 -5.70003e-05 9.13569e-05 0.282864 -1.06172e-07 -9.1811e-07 -9.66118e-05
4.82006 -5.70003e-05 9.13569e-05 0.282864 -1.06172e-07 -9.1811e-07 -9.66118e-05
4.83912 -5.70003e-05 9.13569e-05 0.282864 -1.06172e-07 -9.1811e-07 -9.66118e-05
4.85956 -5.70003e-05 9.13569e-05 0.282864 -1.06172e-07 -9.1811e-07 -9.66118e-05
4.88072 -5.70003e-05 9.13569e-05 0.282864 -1.06172e-07 -9.1811e-07 -9.66118e-05
4.90002 -5.70003e-05 9.13569e-05 0.282864 -1.06172e-07 -9.1811e-07 -9.66118e-05
4.92102 -5.70003e-05 9.13569e-05 0.282864 -1.06172e-07 -9.1811e-07 -9.66118e-05
4.93997 -5.70003e-05 9.13569e-05 0.282864 -1.06172e-07 -9.1811e-07 -9.66118e-05
4.96025 -5.70003e-05 9.13569e-05 0.282864 -1.06172e-07 -9.1811e-07 -9.66118e-05
4.98094 -5.70003e-05 9.13569e-05 0.282864 -1.06172e-07 -9.1811e-07 -9.66118e-05
5.00026 -5.70003e-05 9.13569e-05 0.282864 -1.06172e-07 -9.1811e-07 -9.66118e-05
5.02088 -5.70003e-05 9.13569e-05 0.282864 -1.06172e-07 -9.1811e-07 -9.66118e-05
5.04066 -5.70003e-05 9.13569e-05 0.282864 -1.06172e-07 -9.1811e-07 -9.66118e-05
5.06078 -5.70003e-05 9.13569e-05 0.282864 -1.06172e-07 -9.1811e-07 -9.66118e-05
5.08116 -5.70003e-05 9.13569e-05 0.282864 -1.06172e-07 -9.1811e-07 -9.66118e-05
5.10104 -5.70003e-05 9.13569e-05 0.282864 -1.06172e-07 -9.1811e-07 -9.66118e-05
5.12221 -5.70003e-05 9.13569e-05 0.282864 -1.06172e-07 -9.1811e-07 -9.66118e-05
5.1415 -5.70003e-05 9.13569e-05 0.282864 -1.06172e-07 -9.1811e-07 -9.66118e-05
5.16167 -5.70003e-05 9.13569e-05 0.282864 -1.06172e-07 -9.1811e-07 -9.66118e-05
5.18211 -5.70003e-05 9.13569e-05 0.282864 -1.06172e-07 -9.1811e-07 -9.66118e-05
5.20224 -5.70003e-05 9.13569e-05 0.282864 -1.06172e-07 -9.1811e-07 -9.66118e-05
5.22397 -5.70003e-05 9.13569e-05 0.282864 -1.06172e-07 -9.1811e-07 -9.66118e-05
5.24232 -5.70003e-05 9.13569e-05 0.282864 -1.06172e-07 -9.1811e-07 -9.66118e-05
5.26242 -5.70003e-05 9.13569e-05 0.282864 -1.06172e-07 -9.1811e-07 -9.66118e-05
5.28365 -5.70003e-05 9.13569e-05 0.282864 -1.06172e-07 -9.1811e-07 -9.66118e-05
5.30293 -5.70003e-05 9.13569e-05 0.282864 -1.06172e-07 -9.1811e-07 -9.66118e-05
5.32449 -5.70003e-05 9.13569e-05 0.282864 -1.06172e-07 -9.1811e-07 -9.66118e-05
5.34345 -5.70003e-05 9.13569e-05 0.282864 -1.06172e-07 -9.1811e-07 -9.66118e-05
5.36421 -5.70003e-05 9.13569e-05 0.282864 -1.06172e-07 -9.1811e-07 -9.66118e-05
5.3843 -5.70003e-05 9.13569e-05 0.282864 -1.06172e-07 -9.1811e-07 -9.66118e-05
5.40395 -5.70003e-05 9.13569e-05 0.282864 -1.06172e-07 -9.1811e-07 -9.66118e-05
5.42517 -5.70003e-05 9.13569e-05 0.282864 -1.06172e-07 -9.1811e-07 -9.66118e-05
5.44417 -5.70003e-05 9.13569e-05 0.282864 -1.06172e-07 -9.1811e-07 -9.66118e-05
5.46434 -5.70003e-05 9.13569e-05 0.282864 -1.06172e-07 -9.1811e-07 -9.66118e-05
5.48491 -5.70003e-05 9.13569e-05 0.282864 -1.06172e-07 -9.1811e-07 -9.66118e-05
5.50461 -5.70003e-05 9.13569e-05 0.282864 -1.06172e-07 -9.1811e-07 -9.66118e-05
5.52622 -5.70003e-05 9.13569e-05 0.282864 -1.06172e-07 -9.1811e-07 -9.66118e-05
5.54488 -5.70003e-05 9.13569e-05 0.282864 -1.06172e-07 -9.1811e-07 -9.66118e-05
5.56504 -5.70003e-05 9.13569e-05 0.282864 -1.06172e-07 -9.1811e-07 -9.66118e-05
5.58659 -5.70003e-05 9.13569e-05 0.282864 -1.06172e-07 -9.1811e-07 -9.66118e-05
5.60564 -5.70003e-05 9.13569e-05 0.282864 -1.06172e-07 -9.1811e-07 -9.66118e-05
5.62579 -5.70003e-05 9.13569e-05 0.282864 -1.06172e-07 -9.1811e-07 -9.66118e-05
5.6454 -5.70003e-05 9.13569e-05 0.282864 -1.06172e-07 -9.1811e-07 -9.66118e-05
5.66584 -5.70003e-05 9.13569e-05 0.282864 -1.06172e-07 -9.1811e-07 -9.66118e-05
5.68643 -5.70003e-05 9.13569e-05 0.282864 -1.06172e-07 -9.1811e-07 -9.66118e-05
5.70637 -5.70003e-05 9.13569e-05 0.282864 -1.06172e-07 -9.1811e-07 -9.66118e-05
5.72658 -5.70003e-05 9.13569e-05 0.282864 -1.06172e-07 -9.1811e-07 -9.66118e-05
5.74647 -5.70003e-05 9.13569e-05 0.282864 -1.06172e-07 -9.1811e-07 -9.66118e-05
5.76648 -5.70003e-05 9.13569e-05 0.282864 -1.06172e-07 -9.1811e-07 -9.66118e-05
5.78665 -5.70003e-05 9.13569e-05 0.282864 -1.06172e-07 -9.1811e-07 -9.66118e-05
5.80712 -5.70003e-05 9.13569e-05 0.282864 -1.06172e-07 -9.1811e-07 -9.66118e-05
5.82784 -5.70003e-05 9.13569e-05 0.282864 -1.06172e-07 -9.1811e-07 -9.66118e-05
5.8471 -5.70003e-05 9.13569e-05 0.282864 -1.06172e-07 -9.1811e-07 -9.66118e-05
5.8673 -5.70003e-05 9.13569e-05 0.282864 -1.06172e-07 -9.1811e-07 -9.66118e-05
5.88799 -5.70003e-05 9.13569e-05 0.282864 -1.06172e-07 -9.1811e-07 -9.66118e-05
5.90804 -5.70003e-05 9.13569e-05 0.282864 -1.06172e-07 -9.1811e-07 -9.66118e-05
5.92883 -5.70003e-05 9.13569e-05 0.282864 -1.06172e-07 -9.1811e-07 -9.66118e-05
5.94804 -5.70003e-05 9.13569e-05 0.282864 -1.06172e-07 -9.1811e-07 -9.66118e-05
5.96858 -5.70003e-05 9.13569e-05 0.282864 -1.06172e-07 -9.1811e-07 -9.66118e-05
5.9886 -5.70003e-05 9.13569e-05 0.282864 -1.06172e-07 -9.1811e-07 -9.66118e-05
6.00853 -5.70003e-05 9.13569e-05 0.282864 -1.06172e-07 -9.1811e-07 -9.66118e-05
6.02903 -5.70003e-05 9.13569e-05 0.282864 -1.06172e-07 -9.1811e-07 -9.66118e-05
6.04883 -5.70003e-05 9.13569e-05 0.282864 -1.06172e-07 -9.1811e-07 -9.66118e-05
6.06907 -5.70003e-05 9.13569e-05 0.282864 -1.06172e-07 -9.1811e-07 -9.66118e-05
6.08972 -5.70003e-05 9.13569e-05 0.282864 -1.06172e-07 -9.1811e-07 -9.66118e-05
6.10921 -5.70003e-05 9.13569e-05 0.282864 -1.06172e-07 -9.1811e-07 -9.66118e-05
6.13032 -5.70003e-05 9.13569e-05 0.282864 -1.06172e-07 -9.1811e-07 -9.66118e-05
6.14952 -5.70003e-05 9.13569e-05 0.282864 -1.06172e-07 -9.1811e-07 -9.66118e-05
6.16943 -5.70003e-05 9.13569e-05 0.282864 -1.06172e-07 -9.1811e-07 -9.66118e-05
6.18988 -5.70003e-05 9.13569e-05 0.282864 -1.06172e-07 -9.1811e-07 -9.66118e-05
6.2101 -5.70003e-05 9.13569e-05 0.282864 -1.06172e-07 -9.1811e-07 -9.66118e-05
6.23162 -5.70003e-05 9.13569e-05 0.282864 -1.06172e-07 -9.1811e-07 -9.66118e-05
6.25008 -5.70003e-05 9.13569e-05 0.282864 -1.06172e-07 -9.1811e-07 -9.66118e-05
6.27009 -5.70003e-05 9.13569e-05 0.282864 -1.06172e-07 -9.1811e-07 -9.66118e-05
6.29111 -5.70003e-05 9.13569e-05 0.282864 -1.06172e-07 -9.1811e-07 -9.66118e-05
6.31093 -5.70003e-05 9.13569e-05 0.282864 -1.06172e-07 -9.1811e-07 -9.66118e-05
6.33162 -5.70003e-05 9.13569e-05 0.282864 -1.06172e-07 -9.1811e-07 -9.66118e-05
6.35101 -5.70003e-05 9.13569e-05 0.282864 -1.06172e-07 -9.1811e-07 -9.66118e-05
6.37141 -5.70003e-05 9.13569e-05 0.282864 -1.06172e-07 -9.1811e-07 -9.66118e-05
6.39162 -5.70003e-05 9.13569e-05 0.282864 -1.06172e-07 -9.1811e-07 -9.66118e-05
6.41137 -5.70003e-05 9.13569e-05 0.282864 -1.06172e-07 -9.1811e-07 -9.66118e-05
6.43258 -5.70003e-05 9.13569e-05 0.282864 -1.06172e-07 -9.1811e-07 -9.66118e-05
6.45192 -5.70003e-05 9.13569e-05 0.282864 -1.06172e-07 -9.1811e-07 -9.66118e-05
6.47186 -5.70003e-05 9.13569e-05 0.282864 -1.06172e-07 -9.1811e-07 -9.66118e-05
6.49235 -5.70003e-05 9.13569e-05 0.282864 -1.06172e-07 -9.1811e-07 -9.66118e-05
6.51227 -5.70003e-05 9.13569e-05 0.282864 -1.06172e-07 -9.1811e-07 -9.66118e-05
6.53411 -5.70003e-05 9.13569e-05 0.282864 -1.06172e-07 -9.1811e-07 -9.66118e-05
6.55239 -5.70003e-05 9.13569e-05 0.282864 -1.06172e-07 -9.1811e-07 -9.66118e-05
6.57265 -5.70003e-05 9.13569e-05 0.282864 -1.06172e-07 -9.1811e-07 -9.66118e-05
6.59363 -5.70003e-05 9.13569e-05 0.282864 -1.06172e-07 -9.1811e-07 -9.66118e-05
6.6133 -5.70003e-05 9.13569e-05 0.282864 -1.06172e-07 -9.1811e-07 -9.66118e-05
6.63427 -5.70003e-05 9.13569e-05 0.282864 -1.06172e-07 -9.1811e-07 -9.66118e-05
6.65328 -5.70003e-05 9.13569e-05 0.282864 -1.06172e-07 -9.1811e-07 -9.66118e-05
6.67329 -5.70003e-05 9.13569e-05 0.282864 -1.06172e-07 -9.1811e-07 -9.66118e-05
6.69407 -5.70003e-05 9.13569e-05 0.282864 -1.06172e-07 -9.1811e-07 -9.66118e-05
6.71375 -5.70003e-05 9.13569e-05 0.282864 -1.06172e-07 -9.1811e-07 -9.66118e-05
6.73441 -5.70003e-05 9.13569e-05 0.282864 -1.06172e-07 -9.1811e-07 -9.66118e-05
6.75394 -5.43841e-05 9.13266e-05 0.282865 5.7104e-11 8.33096e-06 -9.66122e-05
6.77381 -3.35411e-05 9.10999e-05 0.282888 1.32529e-07 0.000235497 -9.43412e-05
6.79551 3.75655e-05 8.95849e-05 0.282956 4.29214e-06 0.000707649 -9.1318e-05
6.81432 0.000133762 8.72581e-05 0.283148 9.01472e-06 0.00209745 -8.16943e-05
6.83547 0.000227272 8.46194e-05 0.28356 3.27463e-05 0.00359047 -7.46442e-05
6.85468 0.000333244 8.18295e-05 0.284285 6.16754e-05 0.00533077 -7.00546e-05
6.87472 0.000457215 7.88613e-05 0.285405 7.58568e-05 0.0069629 -6.40057e-05
6.89539 0.000603609 7.55697e-05 0.286991 8.79314e-05 0.00823929 -5.58415e-05
6.91521 0.000770376 7.18938e-05 0.289108 0.000103572 0.00938069 -5.15641e-05
6.93622 0.00096488 6.77871e-05 0.291813 0.000114814 0.0104026 -4.7256e-05
6.95534 0.00119091 6.31983e-05 0.295154 0.000120067 0.0111305 -4.16873e-05
6.97485 0.00145555 5.81e-05 0.299173 0.000121596 0.0118227 -3.73642e-05
6.99637 0.00175124 5.24666e-05 0.303906 0.00012209 0.0122562 -3.44467e-05
7.01579 0.00207921 4.6307e-05 0.309385 0.000118971 0.0125539 -3.21383e-05
7.03676 0.00244144 3.95878e-05 0.315639 0.000118074 0.0127998 -2.87947e-05
7.0561 0.00283868 3.24147e-05 0.322689 0.000105408 0.0129161 -2.73394e-05
7.07602 0.00327371 2.48191e-05 0.330557 8.5074e-05 0.0130018 -2.72126e-05
7.09637 0.00373581 1.68573e-05 0.339259 6.29959e-05 0.0130023 -2.75292e-05
7.11612 0.00422459 8.66754e-06 0.348809 3.30612e-05 0.0129035 -2.71448e-05
7.13731 0.00474009 3.73368e-07 0.359222 9.70389e-07 0.0127928 -2.84828e-05
7.15703 0.00528173 -7.96407e-06 0.370506 -1.91858e-05 0.0126657 -3.04578e-05
7.17683 0.00584861 -1.61717e-05 0.382673 -4.18544e-05 0.0124795 -3.05861e-05
7.19715 0.0064401 -2.40657e-05 0.395731 -7.85134e-05 0.0122818 -2.95974e-05
7.21733 0.00705728 -3.15387e-05 0.409683 -0.000115907 0.0121004 -2.9503e-05
7.23818 0.00768926 -3.84665e-05 0.424505 -0.00014529 0.011913 -3.01979e-05
7.25758 0.00833351 -4.46731e-05 0.440117 -0.000175889 0.0116365 -3.02828e-05
7.27742 0.00898905 -4.99687e-05 0.456412 -0.000217381 0.0113853 -3.08584e-05
7.29844 0.0096619 -5.41838e-05 0.473283 -0.000269297 0.0111817 -3.27091e-05
7.31786 0.0103417 -5.72264e-05 0.490622 -0.0003154 0.0108213 -3.35308e-05
7.33903 0.011027 -5.89676e-05 0.50832 -0.000348805 0.010418 -3.4229e-05
7.35828 0.0117164 -5.9242e-05 0.526281 -0.000378767 0.010062 -3.53727e-05
7.37857 0.0124081 -5.78969e-05 0.544411 -0.000416496 0.00970856 -3.64515e-05
7.3989 0.0131005 -5.47788e-05 0.562638 -0.000465802 0.0093562 -3.91119e-05
7.41867 0.0137921 -4.98946e-05 0.580948 -0.000496798 0.00900797 -4.04885e-05
7.43922 0.0144819 -4.31761e-05 0.599332 -0.00050149 0.00868737 -4.13357e-05
7.45923 0.0151684 -3.44726e-05 0.61775 -0.000505084 0.00840503 -4.25505e-05
7.47898 0.0158505 -2.37917e-05 0.636155 -0.000509978 0.00812223 -4.31561e-05
7.4998 0.016527 -1.11714e-05 0.654452 -0.000515379 0.00782073 -4.34534e-05
7.51936 0.0171971 3.33614e-06 0.672545 -0.000517972 0.00751609 -4.38709e-05
7.54091 0.0178596 1.97355e-05 0.690378 -0.00052067 0.00721102 -4.68952e-05
7.55972 0.0185136 3.80154e-05 0.707914 -0.000528299 0.0069197 -4.76933e-05
7.57974 0.0191575 5.82066e-05 0.725131 -0.000541509 0.0066556 -4.93107e-05
7.60085 0.0197909 8.02937e-05 0.742011 -0.000550703 0.00643553 -5.34749e-05
7.62067 0.0204062 0.000104279 0.758538 -0.000557772 0.00615155 -5.54826e-05
7.64226 0.0210142 0.000130209 0.7747 -0.000566651 0.00606806 -5.73459e-05
7.66101 0.0216035 0.000158035 0.790493 -0.000561955 0.00583142 -6.2517e-05
7.68178 0.0221749 0.000187736 0.805919 -0.000550159 0.00562971 -6.45283e-05
7.70293 0.0227246 0.000219347 0.820981 -0.00054202 0.00540185 -6.63285e-05
7.72135 0.0232615 0.000252885 0.835683 -0.000544904 0.0053373 -6.89924e-05
7.742 0.0237787 0.000288267 0.85003 -0.000546471 0.00523679 -6.99634e-05
7.7622 0.0242755 0.000325463 0.864017 -0.000540594 0.00501933 -7.08609e-05
7.78193 0.0247589 0.000364461 0.877556 -0.000537613 0.00485368 -7.1889e-05
7.80347 0.0252267 0.000405242 0.890547 -0.00054557 0.00467541 -7.29391e-05
7.82192 0.0256786 0.000447769 0.903007 -0.000553622 0.00451794 -7.39617e-05
7.84366 0.0261138 0.000491988 0.91499 -0.000544356 0.00440393 -7.43507e-05
7.86262 0.0265316 0.000537882 0.926543 -0.000518262 0.00428971 -7.39316e-05
7.88275 0.0269316 0.000585512 0.9377 -0.000496848 0.00417939 -7.46052e-05
7.90339 0.0273133 0.000634872 0.948486 -0.000490382 0.00409321 -7.6792e-05
7.92346 0.0276764 0.000685791 0.958926 -0.000475661 0.00404053 -7.78495e-05
7.94504 0.0280206 0.000738239 0.96905 -0.000454627 0.00400031 -7.86249e-05
7.96355 0.0283455 0.000792125 0.978878 -0.00042369 0.00394715 -7.92802e-05
7.98361 0.028651 0.000847292 0.988433 -0.000374008 0.00390814 -8.1307e-05
8.00408 0.0289369 0.000903696 0.997738 -0.000330083 0.00386907 -8.24417e-05
8.02386 0.0292028 0.000961281 1.00681 -0.00030884 0.00380902 -8.33229e-05
8.04474 0.0294489 0.00101992 1.01562 -0.000303996 0.00374993 -8.41467e-05
8.06412 0.0296748 0.00107946 1.02423 -0.000288737 0.00371476 -8.48602e-05
8.08462 0.0298802 0.00113978 1.03266 -0.000254275 0.00367363 -8.65456e-05
8.10478 0.0300649 0.00120091 1.04094 -0.000226086 0.00363088 -8.84055e-05
8.12462 0.0302279 0.00126267 1.04907 -0.000192711 0.00349947 -8.88994e-05
8.14597 0.0303793 0.00132494 1.05708 -0.000154225 0.00357498 -8.95096e-05
8.16521 0.0305142 0.00138763 1.06496 -0.00012232 0.00350639 -8.92344e-05
8.18513 0.0306355 0.00145051 1.07276 -7.85023e-05 0.00347161 -8.88685e-05
8.20626 0.0307416 0.00151353 1.0805 -3.83115e-05 0.00347434 -8.89966e-05
8.22549 0.0308284 0.00157655 1.08815 -8.11664e-06 0.00332105 -9.02839e-05
8.24622 0.0308988 0.00163948 1.0957 9.99083e-06 0.00329441 -9.16151e-05
8.26602 0.0309553 0.00170216 1.10317 2.91521e-05 0.00334502 -9.15897e-05
8.28602 0.0309968 0.00176448 1.11055 5.59728e-05 0.00325863 -9.19177e-05
8.30701 0.0310237 0.00182637 1.11788 8.50002e-05 0.00316202 -9.2316e-05
8.32619 0.0310359 0.00188774 1.12516 0.00011335 0.00311695 -9.26761e-05
8.34695 0.0310331 0.0019486 1.13239 0.000120744 0.00305929 -9.3821e-05
8.36655 0.0310149 0.00200889 1.13957 0.000112132 0.002976 -9.47221e-05
8.38685 0.0309813 0.00206856 1.1467 9.98023e-05 0.00290814 -9.39486e-05
8.40719 0.0309322 0.00212756 1.15378 0.000104918 0.00286156 -9.36965e-05
8.42688 0.0308674 0.00218583 1.16079 0.00013169 0.00282085 -9.36452e-05
8.44735 0.0307867 0.00224344 1.16774 0.000153676 0.0027841 -9.37056e-05
8.46714 0.03069 0.00230038 1.17462 0.00015569 0.00274741 -9.38419e-05
8.48699 0.0305774 0.00235662 1.1814 0.000147807 0.00268412 -9.40096e-05
8.50764 0.0304487 0.00241211 1.18804 0.000139188 0.00260957 -9.4177e-05
8.52745 0.0303038 0.00246701 1.19455 0.000114678 0.00253078 -9.56212e-05
8.54908 0.0301421 0.00252125 1.20095 9.62939e-05 0.00238089 -9.39029e-05
8.56789 0.0299716 0.00257484 1.20725 9.6574e-05 0.00235576 -9.48354e-05
8.58807 0.0297915 0.00262782 1.21347 0.000108223 0.00232499 -9.42722e-05
8.60859 0.0296015 0.00268015 1.21962 0.000130217 0.0022523 -9.56778e-05
8.62863 0.0294017 0.00273183 1.2257 0.00015001 0.00219602 -9.63799e-05
8.6495 0.029192 0.00278284 1.23171 0.000156414 0.00215696 -9.74259e-05
8.66866 0.0289735 0.0028332 1.23763 0.000146831 0.00218938 -9.95365e-05
8.68912 0.0287348 0.00288276 1.24345 0.000146899 0.0020018 -0.000100365
8.70921 0.0284907 0.00293153 1.24916 0.000159788 0.00206455 -0.000100674
8.72916 0.0282267 0.00297945 1.25476 0.000186378 0.00191781 -9.9957e-05
8.75139 0.0279531 0.00302655 1.26022 0.000205532 0.00191698 -0.000101021
8.77034 0.0276688 0.00307282 1.26559 0.000208227 0.0019582 -0.000101453
8.78996 0.0273733 0.00311813 1.27085 0.000212042 0.00188977 -0.00010135
8.81035 0.0270668 0.00316247 1.27599 0.000220958 0.00179484 -0.000102276
8.83017 0.0267495 0.00320572 1.28102 0.00024539 0.00175129 -0.000102629
8.8514 0.0264202 0.0032479 1.28597 0.000267683 0.00164278 -0.000101874
8.8707 0.026087 0.003289 1.29085 0.000274559 0.00178553 -0.000101706
8.8907 0.0257479 0.00332894 1.29567 0.000275686 0.00176259 -0.000100949
8.91377 0.0253975 0.00336772 1.30042 0.000274272 0.00159729 -0.000102275
8.93159 0.0250462 0.00340528 1.30513 0.000276825 0.00165662 -0.000103579
8.95215 0.0246905 0.00344169 1.30978 0.000270907 0.00165353 -0.000103222
8.97134 0.0243305 0.00347694 1.31438 0.000263247 0.00160134 -0.000102326
8.99206 0.0239665 0.00351111 1.31893 0.000247193 0.00157348 -0.000101828
9.0151 0.0235984 0.00354413 1.32343 0.000245953 0.00155968 -0.000101634
9.03238 0.0232259 0.00357594 1.32789 0.000269437 0.00154062 -0.000102529
9.05406 0.022849 0.0036067 1.33231 0.00027716 0.00151108 -0.000102875
9.07305 0.0224676 0.00363646 1.33668 0.000253949 0.00147354 -0.000103105
9.09277 0.0220817 0.00366518 1.34101 0.000225718 0.00146095 -0.000103308
9.11502 0.0216913 0.00369299 1.3453 0.000187424 0.00146373 -0.0001035
9.13285 0.0212961 0.00372001 1.34955 0.000144393 0.00145003 -0.000103152
9.15376 0.0208964 0.00374626 1.35375 0.000120353 0.00144697 -0.000101114
9.17357 0.0204921 0.00377199 1.35792 9.26018e-05 0.00144427 -9.87794e-05
9.19363 0.0200829 0.00379727 1.36204 6.83756e-05 0.00141018 -9.84638e-05
9.21562 0.0196672 0.00382206 1.36612 6.78487e-05 0.00134237 -9.7989e-05
9.23414 0.0192541 0.00384635 1.37017 9.44741e-05 0.00141732 -9.84435e-05
9.25583 0.0188336 0.00387013 1.37418 0.000130536 0.00136746 -9.88833e-05
9.27435 0.0184058 0.00389343 1.37814 0.000149935 0.00123811 -0.000100117
9.29437 0.0179824 0.00391615 1.38205 0.000157816 0.00134218 -0.000101416
9.31493 0.0175516 0.00393807 1.38592 0.000181355 0.00122717 -9.92879e-05
9.33482 0.0171245 0.00395925 1.38974 0.000203249 0.00117134 -0.000101579
9.35547 0.0167024 0.00397961 1.39353 0.000214578 0.00127093 -0.000101387
9.37492 0.0162753 0.0039991 1.39727 0.000221736 0.0012349 -0.000101664
9.39513 0.01584 0.00401764 1.40096 0.000235712 0.00105184 -0.000101857
9.4154 0.0154066 0.00403522 1.40457 0.000247569 0.00106075 -0.000103163
9.43524 0.0149753 0.00405179 1.40813 0.000258698 0.00113364 -0.000104425
9.45699 0.0145454 0.00406728 1.41164 0.000271995 0.00110915 -0.00010379
9.47577 0.0141173 0.00408177 1.4151 0.000269371 0.00107573 -0.000103833
9.49579 0.0136912 0.00409524 1.41852 0.000253729 0.00106645 -0.000103657
9.51697 0.0132669 0.00410765 1.42189 0.000241774 0.0010595 -0.000101415
9.53608 0.0128442 0.00411918 1.42523 0.000214265 0.00104544 -0.000100392
9.55785 0.0124232 0.00412981 1.42853 0.000189932 0.00103925 -9.65363e-05
9.57648 0.0120037 0.00413953 1.43181 0.000191784 0.00102453 -9.68153e-05
9.59663 0.0115858 0.00414835 1.43505 0.000213837 0.000998695 -9.67861e-05
9.61827 0.0111693 0.00415637 1.43826 0.000224157 0.000969471 -9.49269e-05
9.63729 0.0107542 0.00416352 1.44146 0.00022984 0.000961723 -9.47842e-05
9.65902 0.0103405 0.0041698 1.44466 0.000227741 0.000970846 -9.52254e-05
9.67758 0.00992819 0.00417528 1.44783 0.000206928 0.000977253 -9.52806e-05
9.69832 0.00951717 0.00417992 1.451 0.000187637 0.000979487 -9.51302e-05
9.71829 0.0091076 0.00418375 1.45415 0.000179279 0.000996061 -9.4947e-05
9.73804 0.00869944 0.00418668 1.45731 0.000199931 0.00101132 -9.34959e-05
9.75908 0.00829578 0.00418871 1.46045 0.000237088 0.00103081 -9.18775e-05
9.77846 0.00789445 0.00418989 1.46358 0.000260748 0.000951731 -8.93131e-05
9.79839 0.00750187 0.00419017 1.46671 0.000263355 0.000982814 -8.92749e-05
9.81935 0.0071061 0.00418944 1.4698 0.000265923 0.000858004 -8.99162e-05
9.83871 0.00672247 0.00418765 1.47285 0.000271231 0.000980597 -8.98985e-05
9.86036 0.00633861 0.00418491 1.47587 0.000260715 0.000942265 -8.96788e-05
9.8792 0.00596379 0.00418123 1.47887 0.000239286 0.00090465 -8.99784e-05
9.8994 0.00559819 0.00417664 1.48186 0.000214586 0.000940567 -9.00174e-05
9.9201 0.00524133 0.00417126 1.48483 0.000185131 0.000954478 -8.93499e-05
9.94019 0.00489536 0.0041651 1.48778 0.000166871 0.00102964 -8.89803e-05
9.96046 0.00454821 0.00415826 1.49072 0.000158644 0.000877005 -9.04818e-05
9.98009 0.00421136 0.00415085 1.49363 0.000145829 0.000844504 -9.14273e-05
10 0.00388331 0.00414294 1.49653 0.000122979 0.00088076 -8.91681e-05
10.0205 0.00356357 0.00413463 1.49939 9.31984e-05 0.000887123 -8.86751e-05
10.0404 0.00325211 0.00412589 1.50222 7.86814e-05 0.000856923 -8.84244e-05
10.0609 0.00294893 0.00411683 1.50502 7.12623e-05 0.000819143 -8.82653e-05
10.0809 0.00265193 0.00410762 1.50779 4.94746e-05 0.000801993 -8.81119e-05
10.1009 0.00236219 0.00409826 1.51052 2.34537e-05 0.000799773 -8.79753e-05
10.1212 0.00208065 0.00408882 1.51322 3.5961e-06 0.000823799 -8.78847e-05
10.1409 0.00180918 0.00407941 1.51588 -2.02374e-05 0.000902384 -8.78781e-05
10.1638 0.00153575 0.00407011 1.5185 -4.46338e-05 0.000748412 -8.78084e-05
10.1816 0.00127082 0.00406099 1.52108 -6.18471e-05 0.000792845 -8.8741e-05
10.2015 0.00101212 0.00405209 1.52362 -7.28535e-05 0.000806838 -8.89632e-05
10.2221 0.000761259 0.00404342 1.52613 -6.83963e-05 0.000797013 -9.07747e-05
10.2421 0.000516179 0.00403498 1.5286 -5.31281e-05 0.000784179 -9.21165e-05
10.263 0.000277876 0.00402677 1.53104 -3.95273e-05 0.000745753 -9.29155e-05
10.2823 4.46311e-05 0.00401873 1.53344 -2.16838e-05 0.000765446 -9.4123e-05
10.3023 -0.000184443 0.00401079 1.53581 -3.71266e-06 0.000693208 -9.60401e-05
10.3234 -0.000402856 0.00400295 1.53816 6.38101e-06 0.000836677 -9.95839e-05
10.343 -0.000620944 0.00399512 1.54048 1.5435e-05 0.000829128 -0.000103726
10.3634 -0.000838581 0.00398724 1.54277 2.41052e-05 0.000690883 -0.000105023
10.3829 -0.00104508 0.00397929 1.54504 3.27353e-05 0.00082923 -0.000107398
10.4032 -0.00125565 0.0039712 1.54727 4.70632e-05 0.000713067 -0.000108332
10.424 -0.00145709 0.00396295 1.54946 6.00569e-05 0.000709376 -0.000109409
10.4437 -0.00165395 0.00395457 1.55161 6.27463e-05 0.000726192 -0.000110699
10.4644 -0.00184716 0.00394599 1.55372 6.21984e-05 0.000607769 -0.000112082
10.4841 -0.00203025 0.00393719 1.55579 6.25305e-05 0.000696715 -0.0001125
10.5042 -0.00221581 0.0039281 1.55782 7.41291e-05 0.000554016 -0.000113558
10.5251 -0.00239404 0.00391882 1.55982 7.18797e-05 0.000486842 -0.000111645
10.5445 -0.0025651 0.0039093 1.56178 6.99955e-05 0.000540818 -0.000111153
10.5667 -0.00272817 0.00389942 1.5637 8.84888e-05 0.000645755 -0.000111544
10.5849 -0.00289438 0.00388924 1.56559 0.000104132 0.000542912 -0.000112151
10.6053 -0.00305365 0.00387875 1.56743 0.000110952 0.000561322 -0.000112855
10.6259 -0.00320629 0.00386787 1.56926 0.000113076 0.000694544 -0.000112769
10.6454 -0.00335865 0.00385662 1.57107 0.000109736 0.000741646 -0.000111958
10.6663 -0.00350865 0.00384502 1.57287 0.000100156 0.000749931 -0.000111979
10.6857 -0.00366077 0.00383299 1.57466 0.000102145 0.000638952 -0.000111164
10.7066 -0.00380551 0.00382062 1.57643 0.000100676 0.000670384 -0.00011074
10.7268 -0.00394453 0.00380792 1.57819 9.64793e-05 0.00071829 -0.000110759
10.7463 -0.00407632 0.00379492 1.57994 8.69779e-05 0.000759238 -0.000111086
10.7672 -0.00420157 0.00378166 1.58167 6.98427e-05 0.000830898 -0.000110955
10.7869 -0.00433176 0.00376813 1.58339 6.05601e-05 0.000696361 -0.000111164
10.8066 -0.00445211 0.00375442 1.58509 4.62073e-05 0.000818556 -0.000108896
10.8273 -0.00457498 0.00374054 1.58678 4.08199e-05 0.000750591 -0.000109117
10.8469 -0.0046888 0.0037265 1.58845 4.11207e-05 0.000871949 -0.000108449
10.8674 -0.0048076 0.00371231 1.59008 4.80897e-05 0.000757178 -0.000108992
10.8874 -0.00491809 0.00369793 1.59167 6.34438e-05 0.000787467 -0.00010754
10.9076 -0.00501909 0.00368329 1.59321 8.58806e-05 0.000894289 -0.000106561
10.9285 -0.00512275 0.00366846 1.59473 9.38925e-05 0.000745058 -0.00010607
10.9481 -0.00521644 0.0036534 1.59623 8.67291e-05 0.000854797 -0.00010583
10.9686 -0.00531266 0.00363812 1.59763 7.10277e-05 0.000837158 -0.00010617
10.9881 -0.00540954 0.00362285 1.59875 1.785e-05 0.00074213 -0.000106852
11.0085 -0.00550698 0.00360782 1.59951 -7.76124e-05 0.000638503 -0.000108073
11.0309 -0.00560519 0.00359318 1.59989 -0.000185911 0.000556422 -0.000105858
11.049 -0.00570444 0.00357917 1.59989 -0.000275163 0.000495931 -0.000107434
11.0698 -0.00580606 0.00356613 1.59958 -0.000355209 0.000411292 -0.000108548
11.0894 -0.00590529 0.00355433 1.59895 -0.000419792 0.000401861 -0.000108969
11.1092 -0.00600344 0.00354409 1.59805 -0.000482785 0.00039175 -0.000108998
11.1296 -0.0060994 0.00353559 1.5969 -0.000537046 0.000408421 -0.000107844
11.1496 -0.00619667 0.00352914 1.59555 -0.000592328 0.000432812 -0.00010888
11.17 -0.00629585 0.00352476 1.59401 -0.000622711 0.000420944 -0.000109136
11.1898 -0.00639652 0.0035227 1.59234 -0.00064495 0.000453007 -0.000108971
11.21 -0.00649563 0.00352313 1.59059 -0.000667354 0.000530862 -0.000110013
11.2304 -0.00659314 0.00352602 1.58879 -0.000674406 0.000610828 -0.000108865
11.2507 -0.00669373 0.0035314 1.58697 -0.000659322 0.000530122 -0.00010791
11.2715 -0.00678507 0.00353928 1.58512 -0.000636663 0.000730295 -0.000108106
11.2907 -0.00687636 0.00354954 1.58321 -0.000608189 0.000823614 -0.000108223
11.311 -0.00696494 0.00356211 1.58127 -0.000578421 0.000916226 -0.000108349
11.3312 -0.00705419 0.00357685 1.57933 -0.000539124 0.000886544 -0.000108081
11.351 -0.00714371 0.00359355 1.57742 -0.000483392 0.000835299 -0.000108163
11.3726 -0.00722531 0.00361213 1.57553 -0.000431351 0.000914719 -0.000109352
11.3913 -0.00729821 0.00363246 1.57369 -0.000398543 0.000998551 -0.000109892
11.4117 -0.00737304 0.00365429 1.5719 -0.000364928 0.000889097 -0.000110104
11.4326 -0.00743974 0.00367747 1.57016 -0.000327091 0.000910283 -0.000110328
11.4519 -0.00749994 0.00370191 1.56848 -0.000296819 0.000953328 -0.000109957
11.4734 -0.00755008 0.00372748 1.56685 -0.000275474 0.00106134 -0.000106526
11.492 -0.0075999 0.00375411 1.56528 -0.000260408 0.000996379 -0.000105783
11.512 -0.00764713 0.00378173 1.56377 -0.000253425 0.00096247 -0.000105052
11.5335 -0.00769416 0.00381025 1.56232 -0.00024306 0.000943492 -0.000103865
11.5527 -0.00774322 0.00383952 1.56092 -0.000213208 0.000847744 -0.00010331
11.5734 -0.0077814 0.00386949 1.55957 -0.00017562 0.000966107 -0.0001028
11.5932 -0.00781887 0.00390013 1.55827 -0.000151087 0.00099734 -0.000101569
11.6133 -0.00785664 0.00393125 1.55701 -0.00012434 0.000939755 -0.00010074
11.6339 -0.00789627 0.00396271 1.55579 -8.83453e-05 0.000843231 -9.94819e-05
11.6538 -0.00792731 0.00399447 1.55461 -6.33099e-05 0.000906899 -9.82296e-05
11.6742 -0.00795016 0.00402651 1.55351 -5.7243e-05 0.00101604 -9.83567e-05
11.6939 -0.00797816 0.00405865 1.55246 -4.99904e-05 0.000816373 -9.72905e-05
11.7142 -0.007997 0.00409091 1.55144 -4.46593e-05 0.000831438 -9.8102e-05
11.7345 -0.00801656 0.00412323 1.55044 -3.88598e-05 0.000827074 -9.80277e-05
11.7544 -0.00803692 0.00415562 1.54945 -3.78403e-05 0.000771724 -9.77455e-05
11.7751 -0.0080602 0.00418798 1.54849 -2.20109e-05 0.000670166 -9.87109e-05
11.7949 -0.00807695 0.00422034 1.54754 -9.83247e-06 0.00071396 -9.94596e-05
11.8148 -0.00808718 0.00425276 1.54665 -2.13889e-05 0.000868385 -9.74383e-05
11.8355 -0.0081015 0.00428516 1.5458 -3.10227e-05 0.00074216 -9.66543e-05
11.8556 -0.00810388 0.00431755 1.54495 -3.40467e-05 0.00084709 -9.76626e-05
11.877 -0.00810842 0.00434987 1.54411 -2.20072e-05 0.000761405 -9.90436e-05
11.8958 -0.00810548 0.00438218 1.54328 -1.22897e-05 0.000731424 -9.99345e-05
11.9161 -0.00809518 0.00441451 1.54247 -1.29093e-05 0.000776672 -0.000101164
11.9364 -0.00807564 0.00444673 1.54167 -5.88693e-06 0.000865608 -0.000102647
11.9565 -0.00805844 0.00447888 1.54087 -2.63145e-06 0.000731202 -0.000101385
11.9769 -0.00803368 0.00451095 1.54007 -2.32609e-06 0.000700977 -0.000100392
11.9965 -0.00800179 0.00454296 1.53927 -5.46292e-06 0.00074487 -0.000100939
12.0169 -0.00796559 0.00457489 1.53847 -9.44472e-06 0.000716327 -9.99842e-05
12.0393 -0.00792299 0.00460681 1.53769 -2.23076e-05 0.000763291 -0.000100081
12.0572 -0.00788586 0.00463868 1.53691 -2.92617e-05 0.000651826 -0.000100418
12.0781 -0.00784048 0.00467044 1.53616 -1.63811e-05 0.000745269 -0.000101188
12.0978 -0.00779814 0.00470218 1.53542 -4.87339e-06 0.000692569 -0.000102098
12.1181 -0.00774555 0.00473395 1.53471 -1.55407e-05 0.000800754 -0.000101858
12.1386 -0.00769454 0.00476571 1.53403 -2.78035e-05 0.000801112 -0.000102973
12.158 -0.00764523 0.00479744 1.53338 -3.5404e-05 0.000676542 -0.000104553
12.1792 -0.0075895 0.00482928 1.53277 -5.38412e-05 0.000759881 -0.000105596
12.1986 -0.00753042 0.0048612 1.53219 -6.76954e-05 0.000761641 -0.000106917
12.2193 -0.00746276 0.00489321 1.53164 -7.04658e-05 0.000877368 -0.000106728
12.2392 -0.00739619 0.00492532 1.53113 -5.98589e-05 0.000823653 -0.000107204
12.2591 -0.00732864 0.00495757 1.53067 -5.02463e-05 0.000811397 -0.000108703
12.2803 -0.00726184 0.00498985 1.53023 -3.12798e-05 0.000815904 -0.0001097
12.2993 -0.0071973 0.0050222 1.52983 -2.00532e-05 0.000751331 -0.000110381
12.3192 -0.00712426 0.00505453 1.52946 -1.10443e-05 0.000798716 -0.000110186
12.3399 -0.00704503 0.0050867 1.52912 1.31992e-05 0.000895976 -0.000110031
12.3597 -0.00697157 0.00511862 1.52881 5.48744e-05 0.00071411 -0.00011151
12.3807 -0.00689021 0.00515035 1.52853 7.4882e-05 0.000726839 -0.000112637
12.3999 -0.00680128 0.00518182 1.52829 7.01516e-05 0.000870988 -0.00011338
12.4202 -0.00671519 0.00521285 1.52808 7.61579e-05 0.000741827 -0.000113927
12.4405 -0.00661892 0.00524345 1.52791 8.57042e-05 0.000849765 -0.000114459
12.4602 -0.00652293 0.00527362 1.52776 9.53038e-05 0.000807892 -0.000114937
12.4822 -0.00642458 0.00530329 1.52764 0.000105198 0.000810895 -0.000113764
12.5009 -0.00632739 0.00533244 1.52754 0.000118124 0.000776901 -0.000113086
12.5209 -0.0062333 0.00536095 1.52746 0.000145905 0.000677789 -0.00011279
12.5414 -0.00613197 0.00538886 1.5274 0.000161942 0.000700266 -0.000112675
12.5617 -0.0060235 0.00541611 1.52735 0.000165272 0.000814493 -0.000112356
12.5827 -0.00592025 0.00544258 1.52733 0.000175403 0.000659078 -0.000111646
12.6018 -0.00580793 0.0054683 1.52733 0.000182603 0.000773778 -0.000111325
12.622 -0.00569618 0.00549326 1.52735 0.000181433 0.000751116 -0.000112042
12.6439 -0.00558238 0.00551745 1.52738 0.000178073 0.000765895 -0.000112886
12.6627 -0.00547003 0.0055409 1.52742 0.000167124 0.000733866 -0.00011318
12.684 -0.00535889 0.00556374 1.52748 0.000136273 0.000717267 -0.000111666
12.7028 -0.00524582 0.00558594 1.52754 0.000110576 0.000746373 -0.000111642
12.7231 -0.00513102 0.00560751 1.52762 0.000106287 0.000770118 -0.000110947
12.7433 -0.00501791 0.00562853 1.52772 0.000111568 0.000707903 -0.000110516
12.7632 -0.00490804 0.00564902 1.52783 0.000120189 0.000607621 -0.000110197
12.7847 -0.00479091 0.00566898 1.52795 0.000128263 0.000684549 -0.000109906
12.8039 -0.004667 0.00568842 1.52809 0.00012871 0.0008147 -0.000109639
12.8239 -0.00454629 0.00570729 1.52824 0.000127028 0.000672095 -0.000109329
12.8443 -0.00441617 0.0057256 1.52841 0.000127498 0.000727653 -0.000108998
12.864 -0.00427971 0.00574326 1.5286 0.000140835 0.000758363 -0.000108714
12.885 -0.00413694 0.00576034 1.5288 0.00015056 0.000743075 -0.000107916
12.9042 -0.00398767 0.00577684 1.52901 0.000147195 0.000729645 -0.000107064
12.9243 -0.00383187 0.00579274 1.52923 0.000139269 0.0007321 -0.000106539
12.9455 -0.00366963 0.00580798 1.52946 0.00013945 0.000738575 -0.000103013
12.9649 -0.00350106 0.00582258 1.5297 0.000149172 0.000731565 -0.000103483
12.9856 -0.0033262 0.00583665 1.52996 0.000141662 0.000711629 -0.00010311
13.0054 -0.00314504 0.00585017 1.53023 0.000124828 0.000694983 -0.000101969
13.0253 -0.00295768 0.00586312 1.5305 0.000114303 0.000683437 -0.000101831
13.0459 -0.00276416 0.00587551 1.53079 0.000117832 0.000676938 -0.000103553
13.0655 -0.0025645 0.00588731 1.53108 0.000133838 0.000681594 -0.000104158
13.0866 -0.00235869 0.00589849 1.53139 0.000158076 0.000700689 -0.000103963
13.1063 -0.00214691 0.00590898 1.53171 0.000185552 0.000693427 -0.000101416
13.1259 -0.00192903 0.00591879 1.53203 0.000200922 0.000687665 -0.000100033
13.1462 -0.001705 0.00592784 1.53236 0.000206896 0.00070374 -0.000100013
13.1661 -0.00147492 0.00593592 1.53271 0.000233079 0.000712709 -9.96241e-05
13.1873 -0.00123884 0.00594321 1.53305 0.000235711 0.000707316 -0.000100136
13.2065 -0.00099666 0.00594976 1.53341 0.000201502 0.00071027 -9.86464e-05
13.2266 -0.000748472 0.00595546 1.53377 0.000174744 0.000706793 -9.87685e-05
13.247 -0.000494344 0.00596045 1.53414 0.000148388 0.000692468 -9.72974e-05
13.267 -0.000232678 0.00596485 1.53452 0.000122254 0.000775561 -9.64312e-05
13.2879 2.48941e-05 0.0059687 1.53489 0.000106066 0.000634482 -9.65942e-05
13.3072 0.000290735 0.0059721 1.53528 9.25898e-05 0.000651126 -9.60067e-05
13.3271 0.000563053 0.00597507 1.53568 8.82563e-05 0.000770801 -9.48089e-05
13.3476 0.00083315 0.00597768 1.53608 8.61932e-05 0.00071721 -9.45457e-05
13.3675 0.00110258 0.00598002 1.53648 7.24941e-05 0.000711641 -9.63189e-05
13.3885 0.00137323 0.00598209 1.53689 5.28794e-05 0.000725319 -9.67906e-05
13.4082 0.00164313 0.00598395 1.53729 3.36262e-05 0.000685685 -9.67076e-05
13.4283 0.00191824 0.00598564 1.5377 2.05948e-05 0.000671415 -9.65001e-05
13.4484 0.0021971 0.00598728 1.53812 5.30118e-07 0.000670841 -9.64927e-05
13.4683 0.00248186 0.00598894 1.53854 -2.18881e-05 0.000691823 -9.71343e-05
13.4893 0.00277221 0.00599057 1.53896 -2.84991e-05 0.000672987 -9.72112e-05
13.5088 0.00306829 0.00599221 1.53939 -1.67694e-05 0.000652915 -9.81013e-05
13.5289 0.00337008 0.00599384 1.53982 3.61157e-06 0.000645528 -9.65423e-05
13.5503 0.00367744 0.00599553 1.54025 1.13619e-05 0.000635517 -9.56945e-05
13.5694 0.00398885 0.00599721 1.54068 1.21636e-05 0.000630068 -9.51454e-05
13.5909 0.00430416 0.0059988 1.54111 2.13502e-05 0.000609405 -9.58019e-05
13.6101 0.00462526 0.00600027 1.54154 3.56983e-05 0.000652233 -9.6799e-05
13.63 0.00495177 0.00600162 1.54197 4.44764e-05 0.00067342 -9.80592e-05
13.6512 0.00528372 0.00600276 1.54239 5.81792e-05 0.000664445 -9.86328e-05
13.6705 0.0056206 0.00600368 1.54282 7.00209e-05 0.000729463 -9.89655e-05
13.691 0.00595217 0.00600434 1.54324 7.77846e-05 0.00059026 -9.90695e-05
13.7107 0.00629188 0.00600466 1.54366 9.01264e-05 0.000657219 -9.81849e-05
13.7311 0.00663694 0.0060046 1.54409 0.000108058 0.000698056 -9.72571e-05
13.7524 0.00698671 0.00600416 1.54451 0.000116978 0.000758772 -9.69053e-05
13.7715 0.00733183 0.00600331 1.54493 0.000119262 0.000691407 -9.66383e-05
13.7923 0.00767513 0.00600198 1.54535 0.00012569 0.00069061 -9.7605e-05
13.8124 0.00801629 0.00600016 1.54576 0.0001311 0.000698227 -9.78564e-05
13.832 0.00835508 0.00599787 1.54617 0.000128962 0.000671289 -9.78571e-05
13.8523 0.00868893 0.00599518 1.54657 0.000115549 0.000492359 -0.000100615
13.8721 0.0090414 0.00599207 1.54696 9.60867e-05 0.000688452 -0.000101911
13.8941 0.00939954 0.0059885 1.54736 8.99349e-05 0.000715933 -0.000102153
13.913 0.00976262 0.00598454 1.54775 9.28516e-05 0.000620443 -0.000102241
13.9329 0.0101331 0.00598032 1.54814 8.1873e-05 0.000624656 -0.000104045
13.9536 0.0105105 0.00597582 1.54853 6.70461e-05 0.000649163 -0.000105537
13.9733 0.0108929 0.00597102 1.54891 5.95302e-05 0.000616035 -0.000106326
13.9942 0.0112806 0.00596611 1.54929 3.40566e-05 0.000596871 -0.00010684
14.0135 0.0116734 0.00596107 1.54966 1.06894e-05 0.000586556 -0.000107279
14.0341 0.0120713 0.00595585 1.55003 1.2557e-05 0.000565267 -0.000107753
14.0542 0.0124742 0.00595059 1.55039 1.50101e-05 0.000566708 -0.000107033
14.0738 0.0128821 0.00594522 1.55075 2.91383e-05 0.000578872 -0.000106646
14.0943 0.013295 0.00593959 1.5511 6.67166e-05 0.000587996 -0.000104028
14.1142 0.0137131 0.00593378 1.55144 9.56182e-05 0.000627428 -0.000103129
14.1341 0.0141362 0.00592777 1.55178 0.000100082 0.000646541 -0.000102664
14.1547 0.0145643 0.00592139 1.55211 0.00010283 0.000637863 -0.000102357
14.1747 0.0149976 0.0059147 1.55244 9.48805e-05 0.000647316 -0.000103109
14.1959 0.0154362 0.00590758 1.55276 9.84296e-05 0.000661107 -0.000103521
14.2151 0.0158799 0.00590008 1.55309 0.000106351 0.000675086 -0.00010355
14.2351 0.0163288 0.00589226 1.5534 0.000103239 0.000674346 -0.000105118
14.256 0.0167829 0.00588404 1.55372 0.000102231 0.000668706 -0.000106324
14.2762 0.0172422 0.00587544 1.55403 0.000102978 0.000675106 -0.00010777
14.2969 0.0177068 0.00586639 1.55434 0.000115046 0.000687533 -0.00010772
14.3162 0.0181766 0.00585696 1.55464 0.000122141 0.000701973 -0.000110599
14.3361 0.0186516 0.00584716 1.55495 0.000111755 0.000703713 -0.000110023
14.3588 0.0191318 0.00583697 1.55525 0.000101048 0.00069916 -0.000110061
14.3765 0.0196172 0.00582636 1.55555 0.00010093 0.000693544 -0.000110779
14.3978 0.0201079 0.00581536 1.55584 0.000103129 0.000703158 -0.000109981
14.417 0.0206038 0.00580409 1.55613 8.99236e-05 0.00071133 -0.000111227
14.4371 0.0211048 0.00579255 1.55642 7.02704e-05 0.00070479 -0.000112231
14.4574 0.021611 0.00578077 1.55671 5.02673e-05 0.000703433 -0.000112631
14.4772 0.0221224 0.00576882 1.55699 3.26545e-05 0.000717315 -0.000112955
14.4987 0.022639 0.00575668 1.55727 3.02662e-05 0.000730428 -0.000112133
14.5178 0.0231608 0.00574453 1.55755 1.7778e-05 0.000729741 -0.000111966
14.5377 0.0236877 0.00573245 1.55782 -1.15328e-05 0.000725839 -0.000111999
14.5582 0.0242226 0.0057205 1.55809 -4.66171e-05 0.000850531 -0.000112834
14.5784 0.0247551 0.00570867 1.55836 -6.78665e-05 0.000795205 -0.000112212
14.6005 0.0252851 0.00569706 1.55863 -7.38941e-05 0.00070384 -0.000112129
14.6187 0.0258106 0.00568573 1.5589 -7.22252e-05 0.000601215 -0.000112058
14.6388 0.0263421 0.00567476 1.55918 -7.60324e-05 0.000698414 -0.000112011
14.6595 0.0268789 0.00566413 1.55945 -8.23244e-05 0.000816738 -0.00011106
14.6793 0.0274082 0.00565383 1.55972 -8.47112e-05 0.00066388 -0.000110481
14.7002 0.0279441 0.0056439 1.56 -8.68015e-05 0.000694168 -0.000110269
14.72 0.0284773 0.00563431 1.56027 -8.27906e-05 0.00076266 -0.000111899
14.74 0.0290067 0.005625 1.56055 -6.62396e-05 0.000652195 -0.000113597
14.7604 0.0295406 0.00561599 1.56082 -5.22733e-05 0.000708572 -0.000114369
14.7799 0.0300765 0.00560724 1.5611 -4.22975e-05 0.000750373 -0.000114731
14.8015 0.0306175 0.00559876 1.56138 -4.43899e-05 0.00078112 -0.000116638
14.8204 0.0311637 0.00559048 1.56165 -4.71391e-05 0.000773318 -0.000117428
14.8405 0.0317151 0.00558233 1.56191 -4.04185e-05 0.000752732 -0.000116178
14.8609 0.0322718 0.00557443 1.56217 -4.21627e-05 0.000756643 -0.000115883
14.8809 0.0328345 0.00556663 1.56243 -2.96894e-05 0.000701881 -0.000115829
14.9025 0.0334123 0.00555894 1.56268 -1.20404e-05 0.000724957 -0.00011589
14.9212 0.034004 0.00555138 1.56292 -3.8414e-06 0.000759147 -0.000117362
14.9411 0.0345971 0.00554386 1.56317 4.03334e-06 0.000604421 -0.000118117
14.9641 0.0352038 0.00553639 1.56341 1.94642e-06 0.000651636 -0.000117387
14.9818 0.0358232 0.00552898 1.56365 -6.10156e-06 0.000724983 -0.000117198
15.0027 0.036454 0.00552159 1.56389 -8.02947e-06 0.000775156 -0.000117184
15.022 0.037085 0.00551415 1.56412 4.47587e-06 0.000599173 -0.000115642
15.0429 0.0377318 0.0055068 1.56436 3.24515e-06 0.000700118 -0.000115841
15.0644 0.0383837 0.00549941 1.56459 1.05857e-05 0.00070523 -0.000115609
15.0829 0.0390399 0.00549188 1.56483 3.86901e-05 0.000620295 -0.000115496
15.1046 0.0397008 0.00548429 1.56506 5.6332e-05 0.00061789 -0.000116225
15.1234 0.0403671 0.00547654 1.56529 6.61553e-05 0.000628963 -0.000116668
15.1435 0.0410401 0.00546859 1.56552 6.82606e-05 0.000676353 -0.000115991
15.1653 0.041717 0.00546043 1.56575 6.49319e-05 0.000643375 -0.000115572
15.1855 0.0423983 0.0054522 1.56598 3.67915e-05 0.000605413 -0.000115133
15.2054 0.0430839 0.00544393 1.5662 -4.25225e-06 0.000583165 -0.000114681
15.2242 0.0437714 0.00543559 1.56642 -2.64582e-05 0.00046203 -0.000114219
15.2447 0.0444714 0.00542731 1.56663 -3.5795e-05 0.000493854 -0.000113811
15.2661 0.0451835 0.00541909 1.56684 -2.71962e-05 0.000619524 -0.000114446
15.2854 0.0458971 0.00541101 1.56706 -2.02231e-05 0.000554126 -0.000115491
15.3063 0.0466149 0.00540315 1.56727 -3.0856e-05 0.000547123 -0.000117886
15.3253 0.047337 0.0053954 1.56747 -3.6248e-05 0.000604388 -0.000119167
15.347 0.048063 0.00538775 1.56768 -3.18779e-05 0.000649451 -0.000118711
15.3683 0.0487931 0.00538021 1.56788 -2.27962e-05 0.000655704 -0.000118657
15.3883 0.0495274 0.00537287 1.56807 -2.55988e-05 0.000675361 -0.000118618
15.4075 0.0502662 0.00536564 1.56826 -2.84237e-05 0.000709642 -0.000118559
15.4299 0.0510093 0.00535841 1.56845 -8.96699e-06 0.000735964 -0.000116778
15.451 0.0517569 0.00535125 1.56863 9.79605e-06 0.000751915 -0.000118312
15.4771 0.052509 0.00534415 1.56881 1.49115e-05 0.000765729 -0.000118692
15.4959 0.0532658 0.005337 1.56898 1.96584e-05 0.000783444 -0.000116722
15.5336 0.0540271 0.00532985 1.56916 2.02519e-05 0.000787091 -0.000118723
15.5429 0.0547931 0.00532272 1.56933 6.73368e-06 0.000787358 -0.000119732
15.5635 0.0555638 0.00531563 1.5695 -1.75367e-05 0.000796592 -0.000117528
15.5899 0.0563391 0.00530871 1.56967 -5.21618e-05 0.000806957 -0.000117009
15.6126 0.057119 0.0053021 1.56983 -9.79046e-05 0.000794503 -0.000119603
15.6315 0.0579036 0.00529581 1.57 -0.000132727 0.000801954 -0.000117788
15.659 0.0586924 0.00528997 1.57016 -0.000152276 0.000748976 -0.000115849
15.6797 0.0594981 0.00528468 1.57032 -0.000161189 0.000869496 -0.00011533
15.7091 0.0603087 0.00527992 1.57048 -0.000149459 0.000839038 -0.000113828
15.7382 0.0611264 0.00527572 1.57064 -0.000133271 0.000867395 -0.000113064
15.7619 0.0619397 0.00527205 1.5708 -0.000114036 0.000784585 -0.000112565
15.7842 0.0627588 0.00526886 1.57097 -9.84881e-05 0.000901327 -0.000114505
15.8063 0.0635829 0.00526604 1.57113 -8.00961e-05 0.00101846 -0.000114747
15.8289 0.0644115 0.0052635 1.5713 -5.31653e-05 0.0010045 -0.000116184
15.8503 0.0652453 0.00526111 1.57147 -1.87813e-05 0.00095598 -0.000115298
15.8706 0.0660858 0.0052588 1.57163 1.67474e-05 0.00090717 -0.000115844
15.8941 0.0669347 0.00525658 1.57181 2.72369e-05 0.000973282 -0.000115894
15.9228 0.0677881 0.00525437 1.57198 1.88591e-05 0.000945042 -0.000117555
15.9505 0.0686462 0.00525217 1.57215 -1.01871e-06 0.000882288 -0.000118718
15.9727 0.0695106 0.00524999 1.57232 -2.48458e-05 0.000694607 -0.000119151
15.9949 0.0703993 0.00524783 1.57249 -3.25753e-05 0.000652113 -0.000120167
16.0229 0.0713073 0.00524569 1.57265 -2.40258e-05 0.000598517 -0.000119519
16.0442 0.0722344 0.00524364 1.57282 -1.41173e-05 0.000542643 -0.000119098
16.068 0.0731804 0.00524176 1.57297 -2.1046e-05 0.000509886 -0.000121086
16.094 0.074145 0.00523997 1.57312 -2.8396e-05 0.000478808 -0.000122324
16.1234 0.0751281 0.00523828 1.57327 -3.44075e-05 0.000449273 -0.000122677
16.1499 0.0761294 0.00523672 1.57342 -3.91679e-05 0.00042173 -0.000122833
16.171 0.0771489 0.00523531 1.57356 -4.20129e-05 0.00039511 -0.000122936
16.1909 0.0781863 0.00523401 1.5737 -3.71373e-05 0.000379083 -0.000123035
16.2206 0.0792416 0.00523283 1.57384 -2.6584e-05 0.000370349 -0.000123129
16.2386 0.0803147 0.00523174 1.57397 -1.39921e-05 0.000366764 -0.000123774
16.2803 0.0814055 0.00523071 1.5741 -3.4815e-06 0.000371646 -0.00012439
16.2983 0.0825139 0.00522971 1.57423 6.7643e-06 0.000381016 -0.000124599
16.3207 0.0836399 0.00522866 1.57435 1.78434e-05 0.000393198 -0.000124702
16.3519 0.0847835 0.00522754 1.57447 3.03368e-05 0.000407257 -0.000124763
16.3783 0.0859447 0.0052263 1.57459 4.32582e-05 0.000424455 -0.000124788
16.4139 0.0871257 0.00522489 1.57471 5.62479e-05 0.000538572 -0.000124819
16.4369 0.0883141 0.00522324 1.57482 7.24467e-05 0.000384514 -0.000124771
16.4682 0.0895215 0.0052214 1.57493 7.2235e-05 0.000578381 -0.000124536
16.4925 0.090745 0.00521934 1.57506 6.43829e-05 0.000711102 -0.000124535
16.5144 0.0919876 0.00521699 1.57518 6.15684e-05 0.000678525 -0.000125287
16.5354 0.0932506 0.00521434 1.57531 6.99092e-05 0.000742551 -0.000125427
16.5545 0.0945309 0.00521147 1.57544 7.03153e-05 0.000760632 -0.000126113
16.5751 0.095819 0.00520839 1.57557 6.11564e-05 0.00064236 -0.00012594
16.5935 0.0971181 0.00520509 1.5757 5.05018e-05 0.00063657 -0.000125653
16.6168 0.0984275 0.00520159 1.57583 4.13548e-05 0.000664085 -0.000125602
16.6361 0.0997452 0.00519793 1.57595 3.37481e-05 0.000633691 -0.000125709
16.6559 0.10108 0.00519412 1.57608 2.86026e-05 0.000646814 -0.000124565
16.6765 0.102423 0.00519016 1.5762 3.37563e-05 0.000658561 -0.000123689
16.6958 0.103777 0.00518605 1.57632 4.30445e-05 0.000679898 -0.000122945
16.7151 0.105143 0.00518178 1.57644 5.21109e-05 0.000704005 -0.00012325
16.7342 0.10652 0.0051774 1.57655 4.84142e-05 0.000713311 -0.000122787
16.7535 0.107906 0.00517287 1.57666 4.00718e-05 0.000718595 -0.000121268
16.7736 0.109303 0.00516817 1.57677 3.41139e-05 0.000725172 -0.000120016
16.7928 0.11071 0.00516336 1.57687 2.79841e-05 0.000744087 -0.000119017
16.8146 0.112128 0.0051585 1.57697 1.69799e-05 0.000769828 -0.000120546
16.8329 0.113555 0.00515371 1.57707 -1.57468e-05 0.000776275 -0.000120388
16.8523 0.114991 0.00514896 1.57717 -4.22923e-05 0.000853845 -0.000119742
16.8726 0.116432 0.00514421 1.57727 -3.90811e-05 0.000730236 -0.000118983
16.8921 0.117894 0.00513962 1.57737 -3.43377e-05 0.000758499 -0.000118155
16.9128 0.119376 0.0051353 1.57747 -5.09247e-05 0.000823995 -0.000118172
16.9316 0.120867 0.00513119 1.57757 -6.4367e-05 0.000880708 -0.000120624
16.9514 0.122357 0.00512723 1.57767 -5.87919e-05 0.000813608 -0.000121113
16.9722 0.123854 0.00512344 1.57776 -4.32366e-05 0.000824913 -0.000120925
16.9914 0.125356 0.00511979 1.57786 -2.23672e-05 0.000833738 -0.000120978
17.0119 0.126858 0.00511624 1.57796 -3.29398e-07 0.000732108 -0.000121572
17.031 0.128372 0.00511271 1.57805 2.0045e-05 0.000770152 -0.000122217
17.0511 0.129887 0.00510912 1.57815 3.91287e-05 0.00074819 -0.00012291
17.0719 0.131403 0.00510536 1.57825 6.1889e-05 0.000696316 -0.000123504
17.0909 0.132917 0.00510134 1.57835 8.9218e-05 0.000418046 -0.000124929
17.1117 0.134459 0.00509711 1.57845 9.62667e-05 0.000707459 -0.000125881
17.1325 0.136016 0.00509254 1.57856 9.69103e-05 0.000753366 -0.000126049
17.1573 0.137589 0.00508759 1.57868 0.00010044 0.000658661 -0.000126586
17.2 0.13918 0.00508229 1.5788 9.60643e-05 0.000627589 -0.000125393
17.2219 0.140789 0.00507664 1.57891 9.13618e-05 0.000642329 -0.000124314
17.254 0.142414 0.00507068 1.57903 8.09269e-05 0.00063144 -0.000123418
17.2702 0.144056 0.00506448 1.57914 6.20527e-05 0.000609453 -0.000124338
17.2888 0.145715 0.00505809 1.57925 3.6158e-05 0.000588971 -0.000124023
17.3104 0.14739 0.0050516 1.57936 6.99687e-06 0.000571863 -0.000123313
17.3299 0.149082 0.00504511 1.57946 -2.22742e-05 0.000557427 -0.000124378
17.3506 0.150791 0.0050387 1.57956 -4.67938e-05 0.00054066 -0.000124796
17.3706 0.152516 0.00503247 1.57966 -6.72168e-05 0.000529932 -0.000126084
17.3898 0.154257 0.00502651 1.57975 -8.51889e-05 0.000527405 -0.000126426
17.4103 0.156014 0.0050209 1.57985 -0.0001019 0.000532926 -0.000129018
17.4296 0.157787 0.00501564 1.57993 -0.00010937 0.00055375 -0.000130802
17.4505 0.159577 0.00501076 1.58002 -0.000106904 0.000582273 -0.00013143
17.4695 0.161382 0.00500629 1.5801 -0.000101128 0.000618367 -0.000132011
17.4892 0.163205 0.00500223 1.58018 -9.51817e-05 0.00066108 -0.000132314
17.5095 0.165043 0.00499859 1.58026 -9.67399e-05 0.000691384 -0.000131951
17.5294 0.166898 0.00499531 1.58033 -9.42903e-05 0.000699676 -0.000130914
17.5509 0.168769 0.00499241 1.5804 -9.17159e-05 0.000704491 -0.000131834
17.5694 0.170656 0.00498988 1.58046 -8.8174e-05 0.000716187 -0.000132821
17.5893 0.172558 0.00498775 1.58053 -9.5111e-05 0.000641247 -0.000133032
17.6103 0.174485 0.004986 1.58059 -0.000101397 0.000677607 -0.000133418
17.6297 0.176437 0.00498456 1.58065 -8.99064e-05 0.000780001 -0.000136642
17.6508 0.178406 0.0049834 1.58072 -6.91499e-05 0.000821542 -0.000137516
17.6696 0.18038 0.00498251 1.58078 -4.8209e-05 0.000648923 -0.000139132
17.6904 0.182371 0.00498186 1.58085 -3.69045e-05 0.000735594 -0.000140049
17.7105 0.184369 0.00498135 1.58093 -2.30589e-05 0.000778841 -0.000141685
17.7298 0.186383 0.00498092 1.58101 -1.04663e-05 0.000733525 -0.000142371
17.7513 0.188412 0.00498052 1.5811 2.95588e-06 0.000855529 -0.000142532
17.7705 0.190449 0.00498013 1.5812 1.33096e-05 0.000782197 -0.00014255
17.7902 0.192494 0.00497972 1.5813 1.67792e-05 0.000728927 -0.000142404
17.8113 0.19455 0.00497921 1.5814 2.58619e-05 0.000840902 -0.000140979
17.83 0.196605 0.00497853 1.5815 4.44884e-05 0.000703698 -0.000139833
17.8522 0.198669 0.0049778 1.5816 4.48273e-05 0.000721697 -0.000139929
17.8707 0.200744 0.00497693 1.58171 3.95083e-05 0.000928903 -0.000139365
17.8906 0.202818 0.0049758 1.58181 5.0492e-05 0.000891628 -0.000138643
17.9116 0.204892 0.00497453 1.58191 5.16759e-05 0.000699533 -0.00013766
17.9315 0.206986 0.00497312 1.58202 4.21219e-05 0.000724534 -0.000136584
17.9518 0.209097 0.00497153 1.58213 3.80062e-05 0.000852287 -0.000135478
17.9712 0.211213 0.00496973 1.58223 4.44554e-05 0.000724223 -0.000136021
17.9909 0.213337 0.00496771 1.58234 5.8719e-05 0.000681949 -0.000136881
18.0123 0.215469 0.00496549 1.58245 6.85356e-05 0.000803253 -0.000136717
18.0315 0.217597 0.004963 1.58256 7.94756e-05 0.000582831 -0.000135677
18.0523 0.219762 0.00496028 1.58267 7.62039e-05 0.000924171 -0.000134531
18.0716 0.221928 0.00495725 1.58278 7.57927e-05 0.000843124 -0.000134158
18.092 0.224094 0.00495392 1.5829 7.73233e-05 0.000590361 -0.000133258
18.1137 0.22626 0.00495036 1.58303 6.68974e-05 0.00059443 -0.000131962
18.1323 0.228423 0.00494659 1.58316 5.28971e-05 0.000588778 -0.000133413
18.1525 0.230612 0.00494256 1.58328 4.89021e-05 0.00054045 -0.000134172
18.1729 0.232825 0.00493835 1.5834 4.41626e-05 0.000635971 -0.000133909
18.1928 0.23505 0.004934 1.58351 3.50273e-05 0.000548964 -0.000133815
18.2144 0.2373 0.00492951 1.58361 2.77385e-05 0.000503172 -0.000132987
18.2337 0.239572 0.00492488 1.58372 2.72004e-05 0.000671017 -0.000131913
18.2541 0.241856 0.00492012 1.58382 3.29405e-05 0.000604601 -0.000131727
18.2737 0.244143 0.00491534 1.58392 2.56353e-05 0.000429217 -0.000132187
18.2941 0.246448 0.00491048 1.58402 1.4065e-05 0.000568949 -0.000131642
18.3148 0.248761 0.00490551 1.58411 1.48248e-05 0.00071054 -0.000130571
18.3342 0.251081 0.00490043 1.58421 2.67871e-05 0.0006194 -0.000130578
18.3561 0.253419 0.00489527 1.5843 3.68978e-05 0.00077629 -0.000130344
18.3743 0.25577 0.00489 1.58439 4.20831e-05 0.000873282 -0.000129541
18.3948 0.258125 0.00488464 1.58447 3.90353e-05 0.000742298 -0.000129593
18.4169 0.260496 0.0048792 1.58456 2.57985e-05 0.000776756 -0.000130436
18.4351 0.262874 0.00487366 1.58464 1.55474e-05 0.000836627 -0.000130225
18.4567 0.265259 0.004868 1.58471 1.73421e-05 0.000836307 -0.000130378
18.4755 0.267651 0.00486234 1.58478 1.03434e-05 0.000834819 -0.000130774
18.4956 0.270051 0.00485666 1.58485 3.38687e-06 0.000838874 -0.000130207
18.5167 0.272458 0.00485085 1.58491 1.68919e-05 0.000830783 -0.00012915
18.5358 0.274873 0.00484499 1.58497 3.17528e-05 0.000837852 -0.000128493
18.5584 0.277295 0.00483902 1.58502 4.6995e-05 0.000859289 -0.000129744
18.5772 0.279724 0.00483291 1.58506 5.88462e-05 0.000861189 -0.000130609
18.5974 0.28216 0.00482665 1.58511 5.81442e-05 0.000860263 -0.000130091
18.6196 0.284605 0.00482023 1.58515 4.96012e-05 0.000870827 -0.000130075
18.6388 0.287056 0.00481361 1.58519 4.57728e-05 0.000879347 -0.000130465
18.6591 0.289515 0.00480685 1.58522 4.13027e-05 0.000887701 -0.000132573
18.6787 0.291981 0.00480007 1.58525 1.22864e-05 0.00088698 -0.00013191
18.6995 0.294456 0.00479335 1.58529 -2.64061e-05 0.000797799 -0.000134542
18.7196 0.29696 0.00478661 1.58531 -4.58875e-05 0.000768163 -0.000133313
18.7389 0.299488 0.00478003 1.58534 -5.87318e-05 0.000788244 -0.00013233
18.7609 0.302038 0.00477365 1.58537 -6.32197e-05 0.000695681 -0.000131265
18.7792 0.304612 0.00476741 1.5854 -4.70417e-05 0.00069586 -0.000130285
18.7991 0.307201 0.00476137 1.58542 -3.15535e-05 0.00068609 -0.000129691
18.8204 0.309806 0.00475554 1.58545 -2.77366e-05 0.00077088 -0.000127877
18.8393 0.312415 0.00474977 1.58547 -1.29672e-05 0.000566153 -0.000126971
18.862 0.315041 0.0047441 1.58551 -3.24628e-06 0.000706813 -0.000127146
18.8796 0.317669 0.00473845 1.58554 4.40552e-06 0.000614078 -0.000124464
18.8996 0.320312 0.00473287 1.58559 2.9113e-06 0.000722189 -0.000123303
18.9212 0.322957 0.00472732 1.58563 -3.09891e-06 0.000559017 -0.000121439
18.9403 0.325643 0.00472175 1.58568 -2.33545e-06 0.000816284 -0.000120452
18.9614 0.328343 0.00471615 1.58574 8.01705e-06 0.000792563 -0.000119265
18.9804 0.331059 0.00471056 1.58579 1.22272e-05 0.0007623 -0.000117554
19.0006 0.333782 0.00470503 1.58585 1.52954e-06 0.000594861 -0.000115445
19.0218 0.33653 0.00469951 1.58591 -1.12251e-05 0.000738846 -0.000113223
19.0413 0.339292 0.00469399 1.58598 -1.24776e-05 0.000762442 -0.000111178
19.0619 0.34206 0.00468846 1.58605 -1.2776e-06 0.000561422 -0.000109829
19.0811 0.344837 0.00468297 1.58613 7.70391e-06 0.000646753 -0.000109998
19.1016 0.34761 0.00467752 1.58621 7.40005e-06 0.000682337 -0.00010984
19.1218 0.350379 0.0046721 1.58628 -1.57319e-07 0.000455822 -0.000109777
19.1417 0.353165 0.00466672 1.58636 -1.13026e-05 0.000237373 -0.000109412
19.1639 0.35601 0.00466138 1.58645 -1.82733e-05 0.000881209 -0.000109327
19.1821 0.35887 0.00465603 1.58655 -1.08892e-05 0.000947693 -0.00010871
19.2019 0.36175 0.00465071 1.58667 -3.6726e-08 0.000639749 -0.000107417
19.2226 0.364654 0.0046455 1.5868 -2.20375e-06 0.000663008 -0.000107729
19.2425 0.36757 0.00464031 1.58693 -6.21465e-06 0.000641601 -0.000107547
19.263 0.370507 0.00463515 1.58706 -7.79075e-06 0.000708506 -0.000106458
19.2826 0.373453 0.00463004 1.58717 -1.13965e-05 0.00065796 -0.00010467
19.3027 0.376414 0.00462509 1.58728 -3.25202e-05 0.000661984 -0.000102523
19.325 0.379388 0.00462024 1.58737 -4.68846e-05 0.000625935 -0.000100168
19.3433 0.382382 0.00461554 1.58747 -5.18646e-05 0.000719489 -9.9368e-05
19.3641 0.385386 0.00461102 1.58755 -4.97804e-05 0.000688939 -9.76663e-05
19.3834 0.388403 0.00460671 1.58763 -4.76279e-05 0.000680222 -9.77551e-05
19.4039 0.391432 0.00460261 1.5877 -4.845e-05 0.000701605 -9.89105e-05
19.4248 0.394475 0.00459871 1.58776 -4.80822e-05 0.000726535 -9.91353e-05
19.4439 0.39753 0.00459493 1.58781 -3.20827e-05 0.000738267 -0.000103218
19.4652 0.400597 0.00459133 1.58786 -2.62846e-05 0.000768508 -0.000103674
19.4844 0.403678 0.00458781 1.5879 -1.40175e-05 0.000871249 -0.000104157
19.5044 0.406761 0.0045843 1.58794 3.19285e-06 0.000743272 -0.000102917
19.5251 0.409859 0.00458088 1.58798 7.61248e-06 0.000887422 -0.000103595
19.545 0.412959 0.00457748 1.58802 4.43268e-06 0.000862279 -0.000103931
19.5656 0.416065 0.00457411 1.58807 -4.36047e-06 0.000813448 -0.000103157
19.5851 0.419176 0.00457076 1.58811 -1.41238e-05 0.000811966 -0.000101746
19.6053 0.422292 0.00456743 1.58816 -1.45383e-05 0.000833179 -0.000102896
19.6263 0.425413 0.00456419 1.5882 -1.81039e-05 0.000847494 -0.000103638
19.6457 0.42854 0.00456113 1.58823 -3.86904e-05 0.000863284 -0.000103727
19.6665 0.431671 0.00455822 1.58827 -5.79024e-05 0.000878829 -0.000103747
19.6859 0.434808 0.00455547 1.5883 -6.51121e-05 0.000891171 -0.000103643
19.7065 0.43795 0.00455297 1.58832 -6.91906e-05 0.000915871 -0.000103825
19.7264 0.441097 0.00455078 1.58835 -7.79164e-05 0.000923602 -0.000105799
19.7464 0.444249 0.00454902 1.58837 -0.000105922 0.000922172 -0.000106691
19.768 0.447407 0.00454759 1.58839 -0.000121818 0.00093666 -0.000106778
19.7868 0.450572 0.00454666 1.58841 -0.000139337 0.00104409 -0.000106821
19.8069 0.453732 0.00454632 1.58842 -0.000164808 0.000936023 -0.000105892
19.8287 0.456891 0.00454654 1.58845 -0.000173643 0.00087545 -0.000106871
19.8472 0.460048 0.00454738 1.58847 -0.000171863 0.000921531 -0.000109463
19.8696 0.463205 0.00454883 1.58851 -0.000162201 0.000967677 -0.000110522
19.8874 0.466358 0.00455084 1.58854 -0.000138859 0.00091335 -0.00011235
19.9077 0.46951 0.00455339 1.58858 -0.000119657 0.000904803 -0.000112695
19.9282 0.472658 0.0045565 1.58862 -0.000114284 0.000928866 -0.000114574
19.9485 0.475807 0.00456009 1.58866 -0.000116607 0.000769479 -0.000116291
19.9694 0.478987 0.00456414 1.58871 -0.000123069 0.00106752 -0.000118371
19.9883 0.482167 0.00456854 1.58876 -0.000108611 0.000928264 -0.000120687
20.0084 0.485354 0.00457326 1.58881 -8.12579e-05 0.000808405 -0.000121286
20.0304 0.488539 0.00457829 1.58887 -5.64107e-05 0.00073423 -0.000120903
20.05 0.491755 0.00458362 1.58893 -4.56113e-05 0.000882652 -0.000124607
20.0697 0.494974 0.00458913 1.58899 -3.99125e-05 0.000782489 -0.000125938
20.0896 0.498198 0.00459477 1.58906 -3.36366e-05 0.000657298 -0.000125976
20.11 0.501429 0.00460054 1.58913 -3.12859e-05 0.000802836 -0.000125849
20.1305 0.504657 0.00460642 1.5892 -2.87349e-05 0.000782252 -0.000127843
20.1504 0.507871 0.00461237 1.58926 -2.27235e-05 0.000542205 -0.000129146
20.1718 0.511115 0.00461835 1.58933 -1.17796e-05 0.000511916 -0.000130195
20.191 0.514397 0.00462441 1.5894 -1.3567e-05 0.000663317 -0.000128732
20.211 0.517707 0.00463049 1.58946 -1.29144e-05 0.000672507 -0.000128286
20.2323 0.521043 0.00463655 1.58953 -3.90513e-06 0.000605044 -0.00012849
20.2518 0.524407 0.00464258 1.58959 7.7433e-06 0.000591275 -0.00012811
20.2726 0.527798 0.00464852 1.58965 2.49309e-05 0.000597838 -0.000126444
20.2924 0.531217 0.00465429 1.5897 4.8654e-05 0.000727276 -0.000125111
20.3134 0.534655 0.00465988 1.58975 6.74099e-05 0.000557689 -0.000125019
20.3345 0.538122 0.00466519 1.5898 8.45417e-05 0.000499085 -0.000124014
20.3535 0.541626 0.00467026 1.58985 8.28334e-05 0.000618639 -0.000123564
20.3752 0.545156 0.00467507 1.5899 6.80769e-05 0.000594562 -0.0001236
20.3935 0.548713 0.00467957 1.58995 5.84272e-05 0.00061937 -0.000124488
20.4138 0.552296 0.00468377 1.59 5.42956e-05 0.000571188 -0.00012399
20.4352 0.555912 0.00468777 1.59005 4.56245e-05 0.000570892 -0.000122732
20.454 0.559555 0.00469156 1.59011 3.86973e-05 0.000736124 -0.000120962
20.4751 0.563215 0.0046951 1.59016 4.64586e-05 0.000648363 -0.000120005
20.4939 0.566891 0.00469845 1.59021 5.30558e-05 0.000493093 -0.000120577
20.514 0.570594 0.00470163 1.59027 5.21118e-05 0.000653235 -0.000120366
20.5357 0.574311 0.00470456 1.59032 5.52878e-05 0.000606058 -0.0001198
20.5555 0.578047 0.00470719 1.59037 7.13918e-05 0.000575639 -0.000119214
20.5756 0.581801 0.00470954 1.59042 8.48492e-05 0.000601362 -0.00011886
20.5955 0.585572 0.00471149 1.59047 0.000105365 0.000639491 -0.000117754
20.6156 0.58936 0.00471293 1.5905 0.000142454 0.00050277 -0.000116777
20.636 0.593185 0.00471399 1.59055 0.000146885 0.000976546 -0.000115839
20.6559 0.597011 0.00471447 1.5906 0.000153983 0.000683623 -0.000115267
20.6765 0.600851 0.00471438 1.59067 0.000150568 0.00073564 -0.00011354
20.6961 0.604692 0.00471377 1.59074 0.000136417 0.000715523 -0.00011104
20.7167 0.608543 0.0047126 1.59082 0.000126756 0.000641101 -0.000109258
20.7371 0.612404 0.00471098 1.59089 0.000110923 0.000650952 -0.000109069
20.7566 0.616275 0.00470887 1.59096 0.000104781 0.000708321 -0.000107633
20.7775 0.620153 0.00470631 1.59102 0.000107811 0.00072601 -0.00010861
20.7971 0.624042 0.00470338 1.59108 0.00010235 0.000856851 -0.000108263
20.8172 0.627932 0.00470009 1.59114 9.21971e-05 0.000748983 -0.000109459
20.8377 0.631835 0.00469654 1.5912 6.70055e-05 0.000746349 -0.000111508
20.8576 0.635749 0.00469274 1.59125 4.10775e-05 0.000881537 -0.00011207
20.8803 0.639667 0.00468875 1.5913 2.15073e-05 0.000927055 -0.000111247
20.8983 0.643589 0.00468458 1.59134 1.85201e-05 0.000888284 -0.00010959
20.918 0.647515 0.00468025 1.59139 3.1412e-05 0.000787134 -0.000108801
20.9398 0.651453 0.00467584 1.59143 4.31649e-05 0.000869206 -0.000110847
20.9587 0.655401 0.00467129 1.59147 5.08124e-05 0.00103839 -0.000112168
20.9792 0.659336 0.00466659 1.59152 5.11227e-05 0.000558097 -0.000112252
20.9991 0.663316 0.00466187 1.59158 2.22437e-05 0.00114847 -0.000110914
21.0192 0.667292 0.00465694 1.59164 1.39909e-05 0.00107843 -0.000108978
21.0399 0.671262 0.00465191 1.59173 1.92956e-05 0.000712681 -0.00010986
21.0594 0.675228 0.00464684 1.59182 2.03897e-05 0.000636922 -0.000110512
21.0805 0.679198 0.00464174 1.59191 1.37634e-05 0.000844844 -0.000109462
21.1002 0.68317 0.00463663 1.59201 1.88008e-06 0.000890032 -0.000108177
21.1202 0.687142 0.00463155 1.59209 -1.10594e-05 0.000996353 -0.000109114
21.1404 0.691094 0.00462648 1.59217 -1.40405e-05 0.000475233 -0.000110135
21.1604 0.695088 0.00462149 1.59227 -2.08346e-05 0.0010493 -0.000110789
21.1822 0.699077 0.0046164 1.59237 2.86767e-06 0.000578084 -0.000111874
21.2008 0.703125 0.00461143 1.59249 7.48238e-06 0.000869911 -0.000111578
21.2208 0.707213 0.00460648 1.59262 2.88719e-06 0.000960051 -0.000110231
21.2417 0.711342 0.00460154 1.59276 -4.47938e-06 0.000940338 -0.000108332
21.2615 0.7155 0.00459661 1.59288 -7.07716e-06 0.000722877 -0.000107922
21.2831 0.7197 0.00459176 1.593 -1.55866e-05 0.000766987 -0.000107738
21.3016 0.72393 0.00458704 1.5931 -3.21303e-05 0.000715701 -0.000108416
21.3218 0.728197 0.0045824 1.59321 -4.0149e-05 0.000681876 -0.000109094
21.3446 0.732499 0.00457783 1.5933 -3.41184e-05 0.000599876 -0.000108541
21.363 0.73684 0.00457341 1.59339 -2.95085e-05 0.00059446 -0.000108142
21.385 0.741212 0.00456912 1.59348 -2.49878e-05 0.000558563 -0.000107409
21.4034 0.745616 0.00456493 1.59356 -1.89105e-05 0.000513724 -0.00010793
21.4233 0.750051 0.00456087 1.59363 -2.09461e-05 0.000504361 -0.000108171
21.4437 0.754515 0.00455692 1.59369 -2.65704e-05 0.000442144 -0.000106952
21.4634 0.759016 0.00455315 1.59374 -4.2962e-05 0.000460183 -0.000108506
21.4854 0.763553 0.00454952 1.59378 -5.38126e-05 0.000482267 -0.000108088
21.5043 0.76813 0.00454606 1.59382 -5.46262e-05 0.000627808 -0.000109476
21.5238 0.772727 0.00454279 1.59385 -5.08246e-05 0.000583989 -0.000110688
21.5447 0.777347 0.00453978 1.59388 -5.61005e-05 0.000550709 -0.000111666
21.5644 0.781992 0.00453701 1.59391 -6.4965e-05 0.000651892 -0.00011253
21.5863 0.786653 0.00453444 1.59393 -6.27383e-05 0.000672415 -0.000114286
21.6046 0.791327 0.00453207 1.59395 -5.25872e-05 0.000396692 -0.000114904
21.6245 0.796043 0.00452992 1.59397 -4.67089e-05 0.000627072 -0.000114575
21.6453 0.800794 0.00452796 1.59399 -4.17275e-05 0.000851919 -0.000112911
21.6652 0.805562 0.00452609 1.59401 -2.28445e-05 0.000679293 -0.000112438
21.6852 0.810349 0.00452428 1.59404 -6.7514e-07 0.000425185 -0.000110951
21.7055 0.815186 0.00452259 1.59406 2.62721e-07 0.00070163 -0.000108749
21.7258 0.820061 0.00452094 1.59408 -2.58465e-06 0.000811375 -0.000108038
21.7459 0.824962 0.00451925 1.5941 1.47174e-07 0.000557649 -0.000106518
21.7659 0.829906 0.00451763 1.59413 -6.08185e-06 0.00083118 -0.000105316
21.7864 0.834858 0.004516 1.59415 -7.21401e-06 0.000677394 -0.000104502
21.8063 0.839834 0.00451437 1.59418 -3.64189e-06 0.000675171 -0.000103241
21.8264 0.844826 0.00451277 1.59421 -8.06275e-07 0.000781704 -0.000102864
21.8466 0.849824 0.00451112 1.59423 8.88739e-06 0.000768035 -0.000102223
21.8671 0.854832 0.00450947 1.59426 1.55829e-05 0.000737456 -0.000101519
21.8878 0.859837 0.0045078 1.59428 1.39037e-05 0.000570096 -0.000100975
21.9075 0.864885 0.00450612 1.5943 4.30913e-06 0.00092892 -9.93593e-05
21.9274 0.869937 0.00450429 1.59432 1.57682e-05 0.000765758 -9.679e-05
21.9502 0.874994 0.00450243 1.59435 2.82268e-05 0.000530707 -9.91067e-05
21.9678 0.880058 0.00450051 1.5944 3.13043e-05 0.000853629 -0.000101251
21.9884 0.885098 0.00449844 1.59445 3.93205e-05 0.000739256 -0.000100781
22.0082 0.890132 0.00449625 1.59451 4.1717e-05 0.000834067 -0.000101501
22.0286 0.895155 0.00449394 1.59456 3.63635e-05 0.000699898 -9.997e-05
22.049 0.900194 0.00449162 1.59461 1.08181e-05 0.000961439 -9.94079e-05
22.0688 0.905269 0.00448921 1.59468 -5.0556e-06 0.00130341 -0.000100658
22.0903 0.91033 0.00448675 1.59474 -9.31318e-06 0.0010892 -0.000100687
22.1095 0.915383 0.00448434 1.59481 -1.35825e-05 0.000936833 -9.98723e-05
22.1293 0.920429 0.004482 1.59489 -2.16601e-05 0.00105284 -9.90856e-05
22.1506 0.925466 0.0044797 1.59496 -1.91817e-05 0.00112533 -9.89394e-05
22.1696 0.930493 0.00447748 1.59503 -1.56269e-05 0.00106763 -9.90908e-05
22.1922 0.935522 0.00447533 1.59509 -1.48618e-05 0.000944916 -9.83022e-05
22.2107 0.940583 0.00447326 1.59515 -1.50604e-05 0.00109604 -0.000100298
22.2307 0.945665 0.00447123 1.59523 -1.1882e-05 0.000914892 -0.000102259
22.2523 0.950771 0.00446932 1.59531 -2.2158e-05 0.000828117 -0.00010186
22.2717 0.955903 0.00446753 1.59538 -3.87864e-05 0.00101393 -0.000100111
22.2935 0.961034 0.0044658 1.59545 -4.05589e-05 0.000717343 -9.84932e-05
22.3115 0.966183 0.00446426 1.59552 -4.43072e-05 0.000757185 -9.77407e-05
22.3325 0.971338 0.00446287 1.59559 -4.56514e-05 0.000679686 -9.61141e-05
22.3539 0.976501 0.00446165 1.59565 -4.24689e-05 0.000655694 -9.68485e-05
22.3723 0.981678 0.00446055 1.5957 -3.20562e-05 0.00073399 -9.64036e-05
22.393 0.986869 0.00445963 1.59574 -2.94836e-05 0.000789087 -9.79027e-05
22.4127 0.992073 0.00445883 1.59578 -2.88126e-05 0.000794811 -9.8464e-05
22.4326 0.997292 0.00445808 1.5958 -1.87078e-05 0.000788761 -9.78122e-05
22.4541 1.00253 0.00445742 1.59581 -1.28737e-05 0.000878986 -9.59681e-05
22.473 1.00778 0.0044568 1.59582 -6.02458e-06 0.000850248 -9.4102e-05
22.4944 1.01305 0.00445619 1.59583 2.49023e-06 0.000795398 -9.26148e-05
22.5139 1.01832 0.00445558 1.59583 1.09006e-05 0.000799398 -9.22921e-05
22.5341 1.02362 0.00445487 1.59583 2.72072e-05 0.00082004 -9.08047e-05
22.5543 1.02892 0.004454 1.59582 5.43997e-05 0.000832691 -9.1932e-05
22.5743 1.03424 0.00445298 1.59581 7.30089e-05 0.000848205 -9.44106e-05
22.5949 1.03958 0.00445179 1.59579 7.20611e-05 0.000860424 -9.83981e-05
22.6143 1.04493 0.00445037 1.59578 6.06532e-05 0.000870607 -9.97484e-05
22.6351 1.05029 0.0044487 1.59576 5.39329e-05 0.000883804 -0.000103053
22.6566 1.05567 0.00444675 1.59574 5.92337e-05 0.000860329 -0.000106896
22.6749 1.06106 0.00444454 1.59572 6.97567e-05 0.000834528 -0.000109517
22.6958 1.06647 0.00444218 1.59571 5.80669e-05 0.000796052 -0.000110852
22.7154 1.07188 0.00443962 1.59569 4.1828e-05 0.000773174 -0.000111306
22.7353 1.07731 0.00443688 1.59568 3.03208e-05 0.000781613 -0.000113732
22.7564 1.08276 0.00443416 1.59566 -4.61578e-06 0.00078875 -0.000113308
22.7754 1.08822 0.00443151 1.59565 -4.29266e-05 0.000818286 -0.000116481
22.7967 1.09369 0.00442896 1.59564 -6.95635e-05 0.000844163 -0.000119443
22.8162 1.09917 0.00442663 1.59563 -8.8619e-05 0.00084097 -0.000118665
22.8359 1.10467 0.00442457 1.59562 -9.38381e-05 0.000856748 -0.000120677
22.8565 1.11018 0.00442296 1.59561 -0.000110856 0.000876336 -0.000122743
22.8765 1.1157 0.00442189 1.59561 -0.000137668 0.000883901 -0.000131
22.8972 1.12124 0.00442119 1.5956 -0.000141471 0.000901369 -0.000135599
22.9169 1.12679 0.0044211 1.5956 -0.000155666 0.000916409 -0.000138947
22.9368 1.13236 0.00442164 1.5956 -0.000173869 0.00105971 -0.000141744
22.9576 1.13792 0.00442261 1.5956 -0.000151507 0.000939348 -0.000142447
22.9774 1.14349 0.00442405 1.59562 -0.00011209 0.000971201 -0.000143674
22.9987 1.14906 0.00442601 1.59564 -8.55963e-05 0.000870582 -0.000145743
23.0181 1.15464 0.00442831 1.59567 -6.25062e-05 0.000888794 -0.000147036
23.0381 1.16022 0.00443078 1.5957 -2.90338e-05 0.000905823 -0.000148193
23.0583 1.1658 0.00443342 1.59573 -7.05058e-06 0.000895818 -0.000150286
23.0781 1.17139 0.00443619 1.59576 -4.52574e-06 0.000884312 -0.000150817
23.0999 1.17699 0.00443904 1.59579 -1.68419e-05 0.00102941 -0.000150839
23.1186 1.18257 0.00444191 1.59583 -1.93976e-05 0.000901046 -0.000151496
23.1388 1.18814 0.00444475 1.59586 -9.46382e-06 0.000807629 -0.000151154
23.1595 1.1937 0.00444764 1.5959 -1.65207e-06 0.000874544 -0.000149831
23.1795 1.19925 0.00445055 1.59593 2.29549e-06 0.00054146 -0.000149898
23.2003 1.20479 0.00445347 1.59597 3.79536e-06 -0.000124718 -0.000150356
23.2194 1.21046 0.00445648 1.59604 -1.59973e-05 0.00120106 -0.000152911
23.2396 1.21618 0.00445935 1.59614 -7.75929e-06 0.00130261 -0.00015422
23.2619 1.22194 0.00446219 1.59627 8.56947e-06 0.000565197 -0.000155011
23.2803 1.22774 0.00446513 1.59643 -4.41742e-06 0.000537079 -0.000153955
23.3015 1.23358 0.0044681 1.5966 -2.0955e-05 0.000555191 -0.000151848
23.3205 1.23947 0.00447103 1.59677 -2.22273e-05 0.000494633 -0.000150986
23.3409 1.2454 0.00447399 1.59693 -1.48411e-05 0.000500966 -0.000149728
23.3628 1.25137 0.00447694 1.59709 -6.23615e-07 0.000351366 -0.000149372
23.3817 1.25739 0.00447987 1.59723 1.61475e-05 0.000438549 -0.000150365
23.4023 1.26345 0.00448267 1.59736 4.03253e-05 0.00033843 -0.000150265
23.4223 1.26955 0.00448526 1.59748 6.89558e-05 0.000422681 -0.000149927
23.442 1.2757 0.00448765 1.59759 8.36672e-05 0.000265039 -0.000148673
23.4628 1.28191 0.00448981 1.59769 7.79213e-05 0.000491511 -0.000148712
23.483 1.28816 0.00449159 1.59779 8.15664e-05 0.0005343 -0.000147982
23.5032 1.29444 0.00449303 1.59787 8.66441e-05 0.000276585 -0.000147935
23.5227 1.30078 0.00449419 1.59797 8.01268e-05 0.00039099 -0.000147832
23.5432 1.30717 0.00449506 1.59806 6.61172e-05 0.000570714 -0.000147185
23.5641 1.3136 0.0044956 1.59814 6.1759e-05 0.000487627 -0.000147106
23.5834 1.32007 0.00449587 1.59822 5.99801e-05 0.000439065 -0.00014619
23.6042 1.32658 0.0044959 1.59828 5.92053e-05 0.000447374 -0.000146415
23.6236 1.33313 0.00449571 1.59834 5.54788e-05 0.000541587 -0.000146677
23.644 1.33971 0.00449528 1.5984 5.32484e-05 0.000565349 -0.000145716
23.6646 1.34633 0.00449464 1.59845 4.89961e-05 0.000536369 -0.000144855
23.6843 1.35297 0.0044938 1.59849 4.73572e-05 0.000477428 -0.000144955
23.706 1.35966 0.0044928 1.59852 3.92915e-05 0.000606048 -0.000143271
23.7248 1.36637 0.00449166 1.59855 3.03191e-05 0.000688203 -0.000144179
23.7448 1.3731 0.00449035 1.59858 2.68454e-05 0.000581568 -0.000142967
23.7653 1.37986 0.00448895 1.59861 2.11939e-05 0.000523548 -0.000141455
23.785 1.38665 0.00448751 1.59863 1.14842e-05 0.000672925 -0.000142937
23.8057 1.39347 0.00448604 1.59866 -9.73658e-07 0.000634951 -0.000143663
23.8254 1.40032 0.00448455 1.59869 -1.42197e-05 0.000948801 -0.000142298
23.8453 1.40719 0.00448296 1.59872 -2.34919e-06 0.000920678 -0.000139571
23.8676 1.41407 0.00448131 1.59877 2.40406e-05 0.000585243 -0.000141933
23.8864 1.42096 0.0044796 1.59883 4.6478e-05 0.000507183 -0.000146563
23.9069 1.42787 0.00447777 1.59891 5.38419e-05 0.000786057 -0.000146638
23.9267 1.43479 0.00447584 1.59898 4.23162e-05 0.000815326 -0.000145261
23.9469 1.44174 0.00447374 1.59906 2.99018e-05 0.00090515 -0.000143901
23.9684 1.44869 0.00447145 1.59914 3.12654e-05 0.000675054 -0.000142879
23.9874 1.45566 0.00446908 1.59923 2.9127e-05 0.000766039 -0.000143224
24.008 1.46263 0.00446662 1.59932 1.99209e-05 0.000893203 -0.000141831
24.0277 1.46961 0.00446407 1.5994 1.324e-05 0.000884372 -0.000140395
24.0481 1.47659 0.00446143 1.59948 1.53391e-05 0.000821328 -0.000139819
24.0694 1.48357 0.00445874 1.59956 1.71722e-05 0.000994067 -0.000141312
24.088 1.49054 0.00445595 1.59962 2.31607e-05 0.000575083 -0.00014026
24.1094 1.49758 0.00445317 1.5997 1.34602e-05 0.0014205 -0.00014167
24.1284 1.5046 0.00445024 1.59978 1.91352e-05 0.00128734 -0.000141131
24.1493 1.51161 0.00444721 1.59989 3.18938e-05 0.000795317 -0.000143163
24.1702 1.5186 0.00444414 1.6 2.94906e-05 0.000763545 -0.000143398
24.1892 1.52558 0.00444097 1.60011 2.5215e-05 0.00100906 -0.000140967
24.2106 1.53256 0.0044377 1.60021 2.1917e-05 0.00101374 -0.000138443
24.2291 1.53954 0.0044343 1.60031 2.39576e-05 0.000601778 -0.000135872
24.2495 1.54659 0.00443084 1.60042 1.97657e-05 0.00118081 -0.00013192
24.2698 1.55368 0.00442721 1.60054 3.31451e-05 0.00114879 -0.000130491
24.2896 1.56083 0.00442349 1.60066 3.80536e-05 0.000917548 -0.000128481
24.3114 1.56802 0.00441972 1.60077 2.81173e-05 0.00083678 -0.000126283
24.3304 1.57525 0.00441587 1.60088 1.697e-05 0.000728886 -0.000127384
24.3504 1.58254 0.00441194 1.60097 8.49826e-06 0.000879318 -0.00012806
24.3726 1.58987 0.00440793 1.60105 9.77687e-06 0.000704487 -0.000130143
24.3913 1.59724 0.00440395 1.60112 2.44653e-06 0.000707375 -0.000133424
24.4123 1.60465 0.00439998 1.60118 -1.09687e-05 0.000705534 -0.000133525
24.4319 1.6121 0.004396 1.60123 -1.30433e-05 0.000669045 -0.000135206
24.4518 1.61958 0.00439203 1.60127 -6.29202e-06 0.000632398 -0.000138184
24.4726 1.6271 0.00438801 1.60129 1.07597e-05 0.000599317 -0.000139319
24.4923 1.63466 0.00438397 1.60132 2.38735e-05 0.000662062 -0.000137502
24.5133 1.64224 0.00437993 1.60133 2.44302e-05 0.000389633 -0.000138759
24.5331 1.64987 0.00437583 1.60135 1.83158e-05 0.000450781 -0.000138501
24.5529 1.65755 0.00437168 1.60137 1.0372e-05 0.000744578 -0.000140163
24.5737 1.66527 0.00436743 1.60139 1.20827e-05 0.000677914 -0.000141589
24.5931 1.67302 0.00436315 1.60141 1.3505e-05 0.000611528 -0.000142978
24.6142 1.6808 0.00435882 1.60143 1.44642e-05 0.000602221 -0.000143609
24.6334 1.68861 0.0043544 1.60144 2.28672e-05 0.000655422 -0.000145584
24.6537 1.69645 0.00434984 1.60146 3.81275e-05 0.000702695 -0.000146112
24.6743 1.70432 0.00434516 1.60147 5.15811e-05 0.000743571 -0.000147293
24.6938 1.71221 0.00434039 1.60148 4.81262e-05 0.000679695 -0.000149181
24.7169 1.72012 0.00433553 1.6015 2.85317e-05 0.000792407 -0.000150866
24.7344 1.72806 0.00433054 1.60151 1.54958e-05 0.000829115 -0.000153554
24.7544 1.73602 0.00432539 1.60152 1.70314e-05 0.000779884 -0.00015297
24.7759 1.74401 0.00432013 1.60153 2.7355e-05 0.000852437 -0.000153211
24.7951 1.75201 0.00431487 1.60154 2.23474e-05 0.000924737 -0.000153198
24.8163 1.76001 0.00430955 1.60155 1.27157e-05 0.000905236 -0.000151323
24.8354 1.76802 0.00430416 1.60156 7.24272e-06 0.00085578 -0.000149046
24.8553 1.77604 0.00429875 1.60157 3.88125e-06 0.000878458 -0.000147314
24.8775 1.78406 0.00429334 1.60158 -5.57849e-07 0.000925996 -0.000145486
24.8956 1.79209 0.00428799 1.60159 -1.02294e-05 0.00095185 -0.000145207
24.9176 1.80012 0.00428272 1.60159 -2.08706e-05 0.000965921 -0.000148153
24.936 1.80816 0.00427758 1.60159 -3.91178e-05 0.000988803 -0.000150624
24.957 1.81621 0.0042726 1.60159 -5.4878e-05 0.00124767 -0.000154754
24.9783 1.82424 0.00426773 1.60158 -5.33542e-05 0.00109184 -0.000153857
24.9966 1.83224 0.00426305 1.60159 -4.64546e-05 0.000925168 -0.000153971
25.0177 1.84024 0.00425859 1.6016 -4.33562e-05 0.00109789 -0.000154985
25.0374 1.84823 0.00425422 1.60162 -3.06545e-05 0.000686568 -0.000152459
25.0575 1.85628 0.00425008 1.60166 -3.04255e-05 0.0014004 -0.000154404
25.0794 1.86434 0.00424599 1.60172 -1.95973e-05 0.00135218 -0.00015567
25.0977 1.87241 0.00424197 1.6018 -5.14988e-06 0.00104231 -0.000157923
25.1184 1.88048 0.00423803 1.60189 -2.93816e-06 0.0012136 -0.000157184
25.138 1.88855 0.00423413 1.60198 -3.34732e-06 0.00124484 -0.00015611
25.1588 1.89661 0.00423027 1.60207 -5.89213e-06 0.00111689 -0.000156567
25.1788 1.90467 0.00422648 1.60216 -1.36797e-05 0.00139644 -0.000157241
25.1986 1.91268 0.00422268 1.60224 -1.07277e-05 0.00119329 -0.000157467
25.2192 1.92066 0.00421886 1.60233 4.83888e-06 0.00030086 -0.000156149
25.2387 1.92872 0.00421518 1.60243 -1.01865e-05 0.000903659 -0.000155652
25.2594 1.93686 0.00421147 1.60257 -1.37117e-05 0.00114394 -0.000153664
25.2818 1.94508 0.00420774 1.60274 -3.43001e-06 0.000832742 -0.00015406
25.2998 1.95336 0.00420405 1.60293 7.92655e-07 0.000577953 -0.000153734
25.3205 1.9617 0.00420039 1.60313 2.38622e-07 0.000434722 -0.000153438
25.3406 1.97011 0.00419673 1.60331 -7.92071e-07 0.00062205 -0.00015458
25.3605 1.97856 0.00419302 1.6035 6.42272e-06 0.000387915 -0.000154474
25.382 1.98705 0.00418935 1.60368 3.42414e-06 0.000324645 -0.000153392
25.4007 1.9956 0.00418567 1.60386 -1.04513e-07 0.000443746 -0.000152881
25.4223 2.00418 0.00418199 1.60401 -4.88963e-06 0.000432748 -0.000151073
25.4412 2.0128 0.00417828 1.60416 -1.39878e-06 0.0003757 -0.000147768
25.4612 2.02147 0.00417457 1.60428 4.26023e-06 0.000482067 -0.000147085
25.4828 2.03017 0.00417092 1.6044 -1.87224e-06 0.00036169 -0.000147093
25.5018 2.03891 0.0041673 1.6045 -1.05151e-05 0.000501241 -0.000147792
25.5229 2.04768 0.00416366 1.6046 -6.87458e-06 0.000503149 -0.000150915
25.5418 2.05648 0.00416007 1.60468 -7.4791e-06 0.000414635 -0.000152476
25.5624 2.06533 0.00415659 1.60475 -2.01254e-05 0.000533154 -0.000153125
25.5847 2.0742 0.00415309 1.60482 -1.75414e-05 0.000543986 -0.00015449
25.6026 2.08311 0.00414962 1.60487 -6.36759e-06 0.000639699 -0.000157522
25.6234 2.09204 0.00414614 1.60491 7.93155e-06 0.000594245 -0.000156523
25.6431 2.101 0.00414263 1.60496 1.95293e-05 0.00068668 -0.000153562
25.6631 2.10997 0.00413902 1.605 3.93284e-05 0.000333186 -0.000154416
25.6844 2.11899 0.00413533 1.60504 4.61195e-05 0.000582007 -0.0001526
25.7035 2.12805 0.0041315 1.60509 4.62551e-05 0.00102311 -0.000152177
25.7244 2.13712 0.00412745 1.60515 5.44673e-05 0.000769368 -0.000152578
25.7441 2.14621 0.00412327 1.60521 4.99939e-05 0.000686859 -0.000153371
25.7642 2.15532 0.00411892 1.60528 4.04884e-05 0.000796634 -0.000153119
25.7852 2.16444 0.00411438 1.60535 3.89064e-05 0.000859034 -0.000153596
25.8052 2.17359 0.00410967 1.60541 4.08679e-05 0.000861381 -0.000153162
25.8254 2.18274 0.00410482 1.60546 4.01029e-05 0.000861464 -0.000150883
25.8449 2.19192 0.00409987 1.60551 3.20699e-05 0.000995095 -0.000150323
25.865 2.20111 0.00409475 1.60554 3.16352e-05 0.000945589 -0.000147415
25.8864 2.21029 0.0040895 1.60558 3.62433e-05 0.000770752 -0.000148498
25.9055 2.21948 0.00408417 1.60561 3.19664e-05 0.000964435 -0.000147731
25.9277 2.22867 0.00407879 1.60564 1.94963e-05 0.00100213 -0.000148722
25.9461 2.23785 0.00407336 1.60567 5.24306e-06 0.000923494 -0.000149072
25.9667 2.24702 0.0040679 1.6057 -6.34654e-06 0.000926512 -0.000148579
25.9881 2.25619 0.00406242 1.60572 -7.98617e-06 0.000984772 -0.000147925
26.0068 2.26535 0.00405696 1.60574 -2.7684e-06 0.000980788 -0.000151356
26.0288 2.27452 0.00405155 1.60575 -3.11289e-06 0.00111698 -0.000152253
26.0471 2.28367 0.00404619 1.60576 -1.07503e-05 0.00107067 -0.000151738
26.0671 2.29284 0.0040409 1.60577 -1.85809e-05 0.00132692 -0.000152961
26.0895 2.30199 0.00403572 1.60578 -2.90887e-05 0.00127378 -0.000153875
26.1077 2.31111 0.00403065 1.60579 -3.98056e-05 0.00110143 -0.000151966
26.129 2.32022 0.00402578 1.60582 -5.21928e-05 0.0012247 -0.000152663
26.1484 2.32931 0.00402108 1.60584 -5.78799e-05 0.00138353 -0.000151855
26.1684 2.33839 0.00401652 1.60587 -4.95823e-05 0.00123338 -0.000150812
26.1908 2.34745 0.00401222 1.6059 -4.44545e-05 0.00125197 -0.000153239
26.2089 2.35651 0.00400814 1.60593 -4.97211e-05 0.00150126 -0.000152623
26.2309 2.36555 0.00400421 1.60596 -4.6005e-05 0.00138138 -0.000153764
26.2495 2.37454 0.00400044 1.606 -3.57477e-05 -0.000224617 -0.000153054
26.2696 2.38372 0.00399691 1.60608 -4.4017e-05 0.000810257 -0.000154199
26.2916 2.39303 0.0039934 1.6062 -3.18775e-05 0.00114071 -0.000154377
26.3098 2.40245 0.00399004 1.60636 -2.27324e-05 0.00104341 -0.000154623
26.3318 2.41192 0.00398671 1.60653 -7.96666e-06 0.000433587 -0.000153218
26.3505 2.42146 0.00398356 1.60672 -1.55294e-05 0.000294805 -0.000156275
26.371 2.43109 0.00398046 1.60692 -2.1374e-05 0.000523159 -0.000158311
26.3916 2.44076 0.00397737 1.6071 -1.84306e-05 0.000311594 -0.00015947
26.4113 2.45051 0.00397437 1.60728 -1.89621e-05 0.000401607 -0.000161055
26.4325 2.46031 0.0039715 1.60745 -2.99831e-05 0.000207015 -0.000159209
26.4515 2.47017 0.00396877 1.60762 -4.64719e-05 0.000429861 -0.000158032
26.4712 2.48009 0.00396617 1.60777 -4.92448e-05 0.000410253 -0.000161712
26.4925 2.49005 0.00396374 1.60792 -5.39072e-05 0.000258116 -0.000162382
26.5116 2.50008 0.00396152 1.60806 -6.33124e-05 0.000434985 -0.000159408
26.5332 2.51016 0.00395949 1.60819 -6.2221e-05 0.000436711 -0.00015772
26.5522 2.5203 0.00395764 1.60831 -5.09037e-05 0.00022459 -0.000158094
26.5728 2.5305 0.00395603 1.60843 -4.86095e-05 0.000475939 -0.000157573
26.5936 2.54072 0.00395466 1.60852 -5.43968e-05 0.000354468 -0.000156009
26.6128 2.551 0.00395345 1.60861 -5.47112e-05 0.000461448 -0.000153982
26.6337 2.5613 0.00395238 1.60868 -4.10247e-05 0.000495942 -0.000154683
26.6538 2.57164 0.00395148 1.60875 -3.21431e-05 0.000662755 -0.0001534
26.6735 2.58201 0.00395073 1.6088 -2.84945e-05 0.000636811 -0.00015422
26.6947 2.59237 0.00394998 1.60885 -8.68925e-06 0.000138498 -0.000151299
26.7137 2.6028 0.00394927 1.6089 7.6901e-06 0.000471927 -0.000146905
26.7369 2.61329 0.00394852 1.60895 2.28702e-05 0.000997501 -0.000143711
26.754 2.62383 0.00394778 1.60901 2.26271e-05 0.0011591 -0.000143926
26.7741 2.63438 0.00394693 1.60908 2.47553e-05 0.000788718 -0.000143008
26.796 2.64494 0.00394596 1.60916 2.79552e-05 0.000810917 -0.000141879
26.8147 2.6555 0.00394485 1.60924 3.58877e-05 0.00083325 -0.000140689
26.8354 2.66608 0.00394358 1.60933 4.78017e-05 0.000861893 -0.000140454
26.8554 2.67665 0.00394211 1.6094 6.07247e-05 0.000265774 -0.000139785
26.8753 2.68728 0.00394045 1.60947 6.59193e-05 0.000343302 -0.000140115
26.8963 2.69803 0.00393859 1.60956 5.73841e-05 0.00141625 -0.000139346
26.9162 2.7088 0.00393645 1.60965 5.91373e-05 0.00137864 -0.000140895
26.9369 2.71958 0.00393412 1.60976 5.24644e-05 0.000659436 -0.000141287
26.9569 2.73038 0.00393173 1.60988 2.22057e-05 0.000720222 -0.000141176
26.9768 2.7412 0.00392922 1.61001 -2.15399e-06 0.00125313 -0.000139489
26.9978 2.75199 0.00392659 1.61013 -5.89459e-06 0.00111687 -0.000137952
27.0168 2.76277 0.00392398 1.61026 -5.78111e-06 0.000966563 -0.000137389
27.038 2.77353 0.00392144 1.61037 -1.54167e-05 0.00109649 -0.000133975
27.0572 2.78429 0.00391895 1.61047 -2.14618e-05 0.00139185 -0.000130112
27.0772 2.795 0.00391649 1.61056 -1.4213e-05 0.00118145 -0.00012983
27.0985 2.80568 0.00391415 1.61063 -1.55246e-05 0.00117251 -0.000130876
27.1178 2.81634 0.00391189 1.61069 -1.98307e-05 0.00144153 -0.000130045
27.1384 2.82696 0.00390961 1.61074 -1.00042e-05 0.00136125 -0.000127331
27.1581 2.83757 0.00390737 1.61077 1.13654e-06 0.00141914 -0.000124767
27.1784 2.84813 0.00390515 1.61079 1.07383e-05 0.00136746 -0.000124024
27.2009 2.85868 0.00390292 1.6108 1.79212e-05 0.0013472 -0.000125523
27.2187 2.86921 0.00390063 1.6108 2.01241e-05 0.00141416 -0.00012478
27.2396 2.87973 0.00389827 1.61079 2.43193e-05 0.00139979 -0.000124239
27.2592 2.89023 0.00389577 1.61076 3.70583e-05 0.000621933 -0.000125285
27.2794 2.90084 0.00389324 1.61077 2.82438e-05 0.00139102 -0.000125498
27.2998 2.91149 0.00389052 1.61082 3.4195e-05 0.00123747 -0.000127957
27.3198 2.92218 0.00388765 1.6109 3.99297e-05 0.000776249 -0.000126869
27.3408 2.93292 0.00388477 1.61098 1.96228e-05 0.000594182 -0.000124426
27.3605 2.94371 0.00388183 1.61107 -9.16067e-07 0.000679639 -0.000124613
27.3802 2.95454 0.00387874 1.61116 5.36487e-06 0.000589966 -0.000126967
27.4016 2.96542 0.00387565 1.61124 1.03619e-05 0.000351593 -0.000130372
27.421 2.97635 0.00387262 1.61131 1.74031e-07 0.000462308 -0.000135877
27.4421 2.98731 0.0038695 1.61138 -5.65408e-07 0.000492461 -0.000136809
27.4612 2.99832 0.00386636 1.61143 4.35808e-06 0.000444497 -0.000138392
27.4811 3.00937 0.00386317 1.61148 1.04512e-05 0.000363755 -0.000137808
27.5037 3.02047 0.00385993 1.61152 1.86182e-05 0.000556522 -0.00013692
27.5217 3.0316 0.00385658 1.61155 3.34763e-05 0.000402843 -0.000136179
27.5426 3.04277 0.00385318 1.61159 3.61369e-05 0.000596159 -0.000137371
27.5623 3.05397 0.00384967 1.61161 3.51023e-05 0.000544572 -0.000139907
27.5827 3.0652 0.00384606 1.61164 2.81312e-05 0.000611235 -0.000142434
27.6033 3.07646 0.00384234 1.61167 1.93455e-05 0.000624212 -0.000142134
27.6225 3.08776 0.00383851 1.61169 1.4086e-05 0.000512074 -0.000141139
27.6451 3.09913 0.00383463 1.61173 9.51198e-06 0.000789605 -0.000142958
27.6632 3.11055 0.00383067 1.61177 1.0085e-05 0.000960141 -0.000143699
27.6831 3.12202 0.0038266 1.61182 2.16324e-05 0.000701588 -0.000142129
27.7035 3.1335 0.00382251 1.61187 2.1957e-05 0.000199667 -0.000141573
27.7236 3.14505 0.00381836 1.61193 1.69819e-05 0.000413776 -0.000142652
27.745 3.15667 0.00381413 1.61199 1.38057e-05 0.000615184 -0.000143454
27.7638 3.16834 0.00380978 1.61205 1.9072e-05 0.000460811 -0.000141834
27.784 3.18006 0.00380535 1.61211 2.50639e-05 0.000503374 -0.000139538
27.8056 3.1918 0.00380082 1.61217 3.43794e-05 0.000440311 -0.000139953
27.8247 3.20359 0.00379616 1.61222 4.06312e-05 0.000607147 -0.000138497
27.8462 3.21538 0.00379135 1.61226 4.88611e-05 0.000556994 -0.000137705
27.8654 3.2272 0.00378637 1.6123 5.24669e-05 0.000479036 -0.000135449
27.8854 3.23902 0.00378127 1.61234 4.45031e-05 0.000614234 -0.000131487
27.9062 3.25086 0.00377597 1.61238 4.13457e-05 0.000737132 -0.000128909
27.9252 3.2627 0.00377052 1.61242 3.77574e-05 0.0010594 -0.000126647
27.9463 3.27472 0.0037665 1.61249 -0.000241006 0.00940122 -0.000128179
27.9657 3.28616 0.00375995 1.61257 2.13218e-05 0.00488273 -0.000123154
28.1288 3.29704 0.00375318 1.61297 0.00031455 -0.00213287 -0.000118738
28.1506 3.30753 0.00374757 1.61376 0.000215453 0.000313767 -0.000124437
28.1696 3.31761 0.00374143 1.61473 6.76937e-05 0.00339077 -0.000128456
28.1904 3.32743 0.00373427 1.61577 4.99248e-05 0.00528476 -0.000129709
28.2092 3.33689 0.0037267 1.61676 7.61165e-05 0.00425374 -0.000131661
28.2297 3.34607 0.00371923 1.61771 4.71691e-05 0.00402008 -0.000134232
28.2506 3.35499 0.00371161 1.61861 2.84313e-05 0.0041556 -0.00013883
28.2697 3.36371 0.00370399 1.61944 4.55758e-06 0.00468488 -0.000143593
28.2903 3.37222 0.00369643 1.6202 -2.80751e-05 0.00438631 -0.000145786
28.3099 3.38059 0.00368872 1.62089 -1.16759e-05 0.00410687 -0.000147842
28.3308 3.38882 0.0036811 1.62149 4.19443e-06 0.00349877 -0.000150124
28.3512 3.39694 0.00367362 1.62197 -3.1812e-06 0.0033812 -0.000150541
28.3705 3.40494 0.00366612 1.62235 4.36473e-06 0.00220898 -0.000152972
28.3913 3.41291 0.00365889 1.62263 -3.00093e-05 0.00211451 -0.000155703
28.411 3.42078 0.00365164 1.62277 -3.51021e-05 -0.00195722 -0.000154484
28.4311 3.42906 0.00364488 1.62285 -8.56946e-05 -0.000679419 -0.000170445
28.4522 3.4378 0.00363847 1.62298 -0.000144999 0.00245773 -0.000184015
28.4717 3.44684 0.00363215 1.62315 -0.000129049 0.00135876 -0.000196114
28.4943 3.45617 0.00362645 1.62333 -0.00014797 0.000271207 -0.00020556
28.5123 3.46571 0.00362124 1.62347 -0.000162527 -0.00070308 -0.000213892
28.5329 3.47545 0.00361654 1.62357 -0.000165888 -0.000480297 -0.000224427
28.5534 3.4853 0.00361227 1.6236 -0.000149972 -0.00115806 -0.000231619
28.5733 3.49525 0.0036086 1.62357 -0.000141347 -0.00102332 -0.000239536
28.5938 3.50521 0.00360554 1.62348 -0.000144779 -0.00132825 -0.000243496
28.6133 3.51515 0.00360315 1.62333 -0.00015833 -0.0009341 -0.00024862
28.6336 3.52501 0.00360133 1.62313 -0.000161909 -0.000753986 -0.000251938
28.654 3.53476 0.00360033 1.62288 -0.00019348 0.000204391 -0.000254177
28.6738 3.54433 0.00359979 1.62256 -0.000172903 0.000347909 -0.00025725
28.695 3.55368 0.00359986 1.6222 -0.000134959 0.000307917 -0.000260281
28.7144 3.5628 0.0036008 1.6218 -0.000146333 0.00135525 -0.00026419
28.7345 3.57163 0.00360221 1.62137 -0.000130811 0.00179909 -0.00026558
28.7559 3.58013 0.00360427 1.62092 -0.000129579 0.0025481 -0.00026595
28.7748 3.58825 0.00360679 1.62045 -0.000108713 0.00276347 -0.000266403
28.7968 3.59597 0.00360978 1.62 -8.34062e-05 0.00341604 -0.000264859
28.8161 3.60321 0.00361339 1.61956 -8.52294e-05 0.00351032 -0.000265688
28.8359 3.60998 0.00361749 1.61913 -9.45129e-05 0.00386965 -0.000266994
28.861 3.61625 0.00362199 1.61872 -9.08443e-05 0.0047945 -0.000265352
28.8773 3.62198 0.00362699 1.61835 -9.21584e-05 0.0061364 -0.000264202
28.8976 3.62704 0.00363223 1.61799 -5.38084e-05 0.00541833 -0.000260488
28.9171 3.63153 0.003638 1.61771 -4.54393e-05 0.00630599 -0.000258183
28.9369 3.63532 0.00364395 1.61748 -1.56229e-05 0.00507924 -0.000255198
28.9594 3.63863 0.00365024 1.61733 -1.3973e-05 0.00698208 -0.000253282
28.9775 3.64133 0.0036565 1.61724 2.02314e-05 0.00645318 -0.000250274
28.9991 3.64353 0.00366279 1.61721 5.03887e-05 0.00679745 -0.000247129
29.0177 3.64518 0.00366898 1.61722 8.16199e-05 0.00611481 -0.000244135
29.038 3.64638 0.00367494 1.61729 0.000109477 0.00649647 -0.000240436
29.0595 3.64709 0.00368055 1.61738 0.000142308 0.00594803 -0.000237371
29.078 3.6474 0.00368576 1.61749 0.000161918 0.00583964 -0.000235127
29.099 3.64729 0.00369059 1.61761 0.000152537 0.0058611 -0.000234152
29.1186 3.64682 0.00369494 1.61775 0.000140005 0.00719981 -0.00023377
29.1388 3.64578 0.00369806 1.6179 0.000237135 0.00308634 -0.000227333
29.1598 3.64448 0.00370118 1.6182 0.000185542 0.00399569 -0.000223628
29.1794 3.64289 0.00370338 1.61856 0.00017285 0.0048578 -0.000219976
29.203 3.64104 0.00370459 1.61892 0.000221405 0.0043963 -0.000214584
29.2197 3.63892 0.00370526 1.61927 0.000232037 0.00350439 -0.000212477
29.2399 3.63659 0.00370528 1.61958 0.000213063 0.00320585 -0.000210936
29.261 3.63408 0.00370466 1.61987 0.000168817 0.00326801 -0.000210216
29.2804 3.63141 0.00370331 1.62011 0.000143326 0.00313922 -0.000210959
29.3007 3.62857 0.00370118 1.62031 0.000155954 0.0022116 -0.000208957
29.3205 3.6256 0.00369863 1.62047 0.000144158 0.0016748 -0.000209911
29.341 3.62252 0.00369553 1.62057 0.000136193 0.00127919 -0.000210113
29.3623 3.61935 0.00369196 1.62062 0.000123619 0.00131732 -0.00020868
29.381 3.61598 0.00368789 1.62061 0.000126963 -0.00082054 -0.000206056
29.4015 3.61259 0.00368382 1.62059 6.07428e-05 -0.000586227 -0.000208764
29.4215 3.60917 0.00367985 1.62061 -6.56175e-05 0.000290257 -0.000206875
29.4413 3.60588 0.00367485 1.62065 1.14306e-05 -0.000377226 -0.000212086
29.4634 3.60275 0.00366972 1.62069 0.000100484 -0.000975479 -0.000216137
29.482 3.59975 0.00366451 1.62069 0.000136664 -0.00159381 -0.00022015
29.5027 3.59687 0.00365905 1.62066 0.000121418 -0.00184764 -0.000221125
29.522 3.59408 0.00365306 1.62059 0.000118904 -0.00258671 -0.000223907
29.5421 3.59144 0.00364661 1.62048 0.000111081 -0.00250323 -0.000227758
29.5646 3.58888 0.00363976 1.62036 9.92672e-05 -0.0030574 -0.000231307
29.5832 3.58646 0.00363273 1.62024 5.50353e-05 -0.00266967 -0.000232953
29.604 3.58414 0.00362539 1.62012 3.32497e-05 -0.00274022 -0.000238167
29.6234 3.58194 0.00361794 1.61999 7.50914e-06 -0.0026666 -0.000243523
29.6439 3.57984 0.0036105 1.61985 -2.50969e-05 -0.00272044 -0.00024776
29.6647 3.57785 0.00360311 1.61972 -5.29988e-05 -0.0026307 -0.000251028
29.6847 3.57595 0.00359582 1.61957 -6.37028e-05 -0.00292855 -0.000254182
29.7051 3.57416 0.00358878 1.61943 -7.26651e-05 -0.00285023 -0.000258337
29.7253 3.57244 0.00358223 1.6193 -0.000115286 -0.00265524 -0.000263125
29.7452 3.57081 0.00357602 1.61917 -0.000140234 -0.00265877 -0.000267097
29.7673 3.56928 0.00357044 1.61903 -0.000178157 -0.00246125 -0.000267903
29.7856 3.56783 0.00356543 1.61889 -0.000194345 -0.00257334 -0.000269629
29.8063 3.56649 0.00356129 1.61875 -0.000225093 -0.00225918 -0.000272057
29.8259 3.56522 0.00355799 1.61861 -0.000249984 -0.00207452 -0.000274372
29.8457 3.56403 0.00355552 1.61848 -0.000254412 -0.00210746 -0.000276608
29.8691 3.56293 0.0035541 1.61836 -0.000267646 -0.00175582 -0.000279832
29.8867 3.5619 0.0035537 1.61825 -0.000278807 -0.00198254 -0.000280765
29.9074 3.56097 0.00355462 1.61815 -0.000327224 -0.0015405 -0.000282065
29.9269 3.56008 0.00355663 1.61806 -0.000345488 -0.00170479 -0.000281395
29.9473 3.55926 0.00355995 1.61798 -0.000361229 -0.00181871 -0.000281763
29.9678 3.55852 0.00356476 1.61789 -0.00039458 -0.00157199 -0.000283289
29.9871 3.55785 0.00357108 1.61782 -0.000425928 -0.001369 -0.000285384
30.0077 3.55725 0.00357896 1.61775 -0.000444342 -0.00138765 -0.000287384
30.0279 3.5567 0.00358847 1.61768 -0.000452489 -0.00158943 -0.000288721
30.0478 3.55621 0.00359987 1.61761 -0.000486337 -0.00151284 -0.000290447
30.0688 3.55579 0.00361317 1.61755 -0.000529051 -0.0012198 -0.000291208
30.0881 3.55541 0.00362853 1.61749 -0.000580728 -0.00119295 -0.000291637
30.1106 3.5551 0.00364597 1.61744 -0.000610587 -0.00121523 -0.000293147
30.1286 3.55482 0.00366563 1.61738 -0.000624945 -0.00126149 -0.000293854
30.149 3.55461 0.00368764 1.61733 -0.000637782 -0.00107219 -0.000293225
30.17 3.55444 0.0037121 1.61728 -0.000655867 -0.000964742 -0.000292542
30.1895 3.55432 0.00373901 1.61722 -0.000670074 -0.000865023 -0.00029329
30.2115 3.55424 0.00376842 1.61715 -0.000678648 -0.000878856 -0.00029419
30.2292 3.55422 0.00380046 1.61708 -0.000702692 -0.000517943 -0.000294977
30.2501 3.55425 0.00383514 1.61701 -0.000730884 -0.000411206 -0.000294742
30.2712 3.5543 0.0038725 1.61694 -0.000745006 -0.000668374 -0.000294929
30.2902 3.55442 0.00391265 1.61688 -0.000759015 -0.000608606 -0.000295662
30.3132 3.55458 0.00395573 1.61683 -0.000790973 -0.00032406 -0.000296549
30.3309 3.55478 0.0040018 1.61678 -0.000827823 -0.000448526 -0.000295203
30.351 3.55502 0.00405103 1.61673 -0.000876501 -0.000331512 -0.000294563
30.3723 3.55529 0.00410348 1.61669 -0.000915536 -0.000276552 -0.00029439
30.391 3.5556 0.00415924 1.61665 -0.000938894 -0.000171931 -0.000294704
30.414 3.55594 0.00421854 1.6166 -0.000969809 -0.000172415 -0.000294843
30.4313 3.55632 0.00428138 1.61656 -0.000993071 -0.000108773 -0.000295138
30.4515 3.55672 0.00434782 1.61651 -0.00100357 -0.000249749 -0.000294339
30.4722 3.55717 0.00441833 1.61647 -0.00107347 -4.14089e-05 -0.000295082
30.4921 3.55766 0.00449315 1.61643 -0.00119858 0.000111809 -0.000294865
30.5128 3.55818 0.00457256 1.6164 -0.0013498 0.000275818 -0.00029283
30.5327 3.55873 0.00465692 1.61637 -0.00148728 0.000248401 -0.00029003
30.5523 3.55929 0.00474664 1.61635 -0.00158969 0.000104265 -0.000289072
30.5757 3.55988 0.00484211 1.61633 -0.00165725 0.000150053 -0.000289497
30.5934 3.56048 0.0049437 1.61632 -0.00171694 0.000309162 -0.000289532
30.6138 3.56109 0.00505169 1.61629 -0.00177753 0.000319213 -0.000288811
30.6336 3.56172 0.00516615 1.61627 -0.00181747 0.000267879 -0.000287019
30.6538 3.56237 0.00528736 1.61625 -0.00185702 0.000294082 -0.000285097
30.6748 3.56303 0.00541545 1.61624 -0.00189514 0.000421646 -0.000282948
30.6939 3.5637 0.00555053 1.61622 -0.00193033 0.000377685 -0.000283282
30.7162 3.56439 0.00569268 1.6162 -0.00195617 0.000384605 -0.00028271
30.7346 3.56508 0.00584188 1.61619 -0.00195837 0.000426445 -0.000281523
30.7546 3.56579 0.00599816 1.61617 -0.00194646 0.000452372 -0.000279163
30.7757 3.5665 0.00616159 1.61614 -0.00193876 0.000469152 -0.000278989
30.7948 3.56723 0.00633213 1.61612 -0.00193939 0.000553241 -0.000279756
30.816 3.56796 0.00650971 1.61609 -0.00194203 0.000506234 -0.000278564
30.8355 3.56869 0.0066943 1.61607 -0.00194113 0.000524522 -0.0002768
30.8554 3.56943 0.00688589 1.61605 -0.00193942 0.000566077 -0.000275312
30.8782 3.57017 0.00708457 1.61602 -0.00195743 0.000597107 -0.000273711
30.8957 3.57092 0.00729037 1.616 -0.00198969 0.000673778 -0.00027437
30.9179 3.57168 0.00750316 1.61598 -0.00199704 0.000646604 -0.000274365
30.9361 3.57244 0.00772301 1.61597 -0.00199207 0.000633911 -0.000275147
30.957 3.5732 0.00795005 1.61595 -0.00200637 0.000650657 -0.000274985
30.9774 3.57397 0.00818421 1.61593 -0.00201872 0.00066283 -0.00027412
30.9965 3.57474 0.00842539 1.61591 -0.00201296 0.000743144 -0.000273046
31.0174 3.57551 0.00867376 1.6159 -0.00201794 0.000758997 -0.000273622
31.0371 3.57628 0.00892916 1.61588 -0.00201172 0.000733348 -0.000274059
31.0573 3.57704 0.00919147 1.61587 -0.00198107 0.000738808 -0.000273318
31.0791 3.5778 0.00946072 1.61585 -0.00195598 0.000761017 -0.000272917
31.0974 3.57856 0.0097369 1.61584 -0.00195566 0.000778095 -0.000271468
31.1188 3.57931 0.01002 1.61583 -0.00197616 0.000785923 -0.000272176
31.1384 3.58007 0.0103099 1.61581 -0.00199524 0.000799488 -0.000270385
31.1585 3.58081 0.0106066 1.6158 -0.00200774 0.000809955 -0.00026845
31.18 3.58156 0.0109101 1.6158 -0.00199311 0.000811285 -0.000264518
31.1989 3.5823 0.0112205 1.61579 -0.00199053 0.000802556 -0.000262536
31.2195 3.58304 0.0115378 1.61578 -0.00200637 0.000796079 -0.000261534
31.2395 3.58378 0.0118618 1.61578 -0.00200496 0.000820912 -0.000258075
31.26 3.58451 0.0121925 1.61577 -0.00199199 0.000838013 -0.000255005
31.2814 3.58524 0.0125301 1.61577 -0.00199959 0.000844906 -0.000251453
31.2997 3.58597 0.0128746 1.61577 -0.00202675 0.000847552 -0.000244745
31.3216 3.58669 0.013226 1.61576 -0.00208258 0.000841725 -0.000239574
31.3403 3.58741 0.0135847 1.61576 -0.00217102 0.000828136 -0.000236476
31.3603 3.58813 0.0139508 1.61576 -0.00226462 0.000820914 -0.00023524
31.3823 3.58885 0.0143244 1.61577 -0.00232763 0.000909979 -0.000233106
31.4005 3.58955 0.0147057 1.61578 -0.00233868 0.000867564 -0.000230011
31.4214 3.59025 0.0150947 1.6158 -0.00232806 0.000797493 -0.000229433
31.441 3.59094 0.0154916 1.61582 -0.00231401 0.000755162 -0.000227328
31.4612 3.59162 0.0158963 1.61584 -0.0023056 0.000764462 -0.000227808
31.4835 3.59229 0.0163093 1.61587 -0.00237964 0.000778575 -0.000227204
31.5017 3.59294 0.0167307 1.6159 -0.0025384 0.000785506 -0.000225571
31.5224 3.59359 0.017161 1.61592 -0.0027332 0.000800905 -0.000226321
31.5419 3.59422 0.0176005 1.61595 -0.00291359 0.000823309 -0.000228036
31.5624 3.59485 0.01805 1.61597 -0.00308994 0.000829212 -0.000227416
31.584 3.59546 0.0185102 1.61599 -0.00326757 0.00082764 -0.000225497
31.6025 3.59606 0.0189812 1.61601 -0.00337788 0.000828989 -0.000222938
31.623 3.59666 0.0194638 1.61603 -0.00345953 0.000826314 -0.000220106
31.6432 3.59724 0.0199586 1.61606 -0.00355536 0.00082262 -0.000218211
31.6633 3.59781 0.0204654 1.61608 -0.00361414 0.000871305 -0.0002159
31.684 3.59837 0.0209845 1.6161 -0.00363418 0.000744372 -0.000212422
31.7033 3.59892 0.0215163 1.61613 -0.00366751 0.000751694 -0.000212809
31.7243 3.59945 0.0220606 1.61616 -0.00368775 0.000898195 -0.00021297
31.7439 3.59998 0.0226177 1.6162 -0.00371233 0.000991521 -0.000212043
31.7641 3.60048 0.0231875 1.61624 -0.00372493 0.00080511 -0.000211627
31.7857 3.60098 0.02377 1.61629 -0.0037321 0.000740293 -0.000210346
31.8047 3.60145 0.0243654 1.61634 -0.00375982 0.000704562 -0.000208759
31.8253 3.60192 0.0249735 1.61639 -0.00376773 0.000875038 -0.000208306
31.845 3.60237 0.0255941 1.61644 -0.00374527 0.000810045 -0.000205589
31.8651 3.60281 0.0262275 1.61649 -0.00372455 0.000833908 -0.000202649
31.8863 3.60325 0.0268734 1.61655 -0.00369149 0.000974569 -0.000202974
31.9056 3.60366 0.0275315 1.61661 -0.0036518 0.0010579 -0.000202243
31.9263 3.60406 0.0282018 1.61666 -0.00359686 0.000985477 -0.000199998
31.9466 3.60444 0.0288839 1.61672 -0.00353309 0.000889452 -0.000196607
31.9669 3.60481 0.0295776 1.61678 -0.00346147 0.00089791 -0.000193084
31.9876 3.60516 0.0302828 1.61683 -0.00340713 0.000872728 -0.000191867
32.0066 3.6055 0.030999 1.61688 -0.00336354 0.000956911 -0.000189651
32.0273 3.60582 0.031726 1.61694 -0.00330238 0.000794117 -0.000186473
32.047 3.60613 0.0324636 1.61699 -0.00324413 0.000928753 -0.000186404
32.067 3.60642 0.0332116 1.61705 -0.00319246 0.00101826 -0.000184656
32.0891 3.6067 0.0339697 1.61711 -0.00313489 0.000925053 -0.000182576
32.1082 3.60696 0.0347377 1.61717 -0.00309293 0.000857481 -0.000181264
32.128 3.6072 0.0355153 1.61722 -0.00305379 0.000778161 -0.000179816
32.148 3.60744 0.0363024 1.61728 -0.00302742 0.000937057 -0.000179453
32.1683 3.60766 0.0370988 1.61733 -0.00298716 0.000898122 -0.000179427
32.1911 3.60787 0.0379043 1.61738 -0.00294336 0.000862785 -0.000179899
32.2087 3.60806 0.0387187 1.61744 -0.00290057 0.000858622 -0.00017936
32.2293 3.60823 0.0395419 1.61749 -0.00287607 0.00081707 -0.000178529
32.2492 3.60839 0.0403738 1.61755 -0.00285837 0.000778541 -0.000177119
32.2695 3.60854 0.0412142 1.6176 -0.00284302 0.000675084 -0.000177354
32.2906 3.60867 0.0420631 1.61765 -0.00282174 0.000705849 -0.000178653
32.3096 3.60879 0.0429202 1.61769 -0.00280293 0.000849156 -0.000179985
32.3311 3.6089 0.0437856 1.61774 -0.00278807 0.000813815 -0.000179976
32.3501 3.609 0.0446591 1.61779 -0.00277908 0.0007251 -0.000178815
32.3701 3.60908 0.0455406 1.61784 -0.00275511 0.000797785 -0.0001787
32.3918 3.60916 0.04643 1.61789 -0.00272141 0.000810452 -0.00017872
32.4104 3.60922 0.0473274 1.61795 -0.00271458 0.000816793 -0.000179898
32.4314 3.60927 0.0482325 1.618 -0.0027059 0.000703507 -0.000178374
32.452 3.60931 0.0491452 1.61805 -0.00269477 0.000763536 -0.000178015
32.4717 3.60934 0.0500655 1.6181 -0.00267355 0.00090311 -0.000176496
32.4925 3.60935 0.0509938 1.61815 -0.00274923 0.000830458 -0.000173383
32.512 3.60935 0.0519312 1.6182 -0.00302503 0.000765786 -0.000176
32.5329 3.60934 0.052878 1.61825 -0.00339342 0.000793192 -0.00017636
32.5527 3.60931 0.053835 1.6183 -0.00375989 0.00080431 -0.000176528
32.5733 3.60926 0.0548037 1.61835 -0.00411174 0.000690817 -0.000177526
32.5937 3.60921 0.0557851 1.6184 -0.00444252 0.000778537 -0.000178398
32.6133 3.60913 0.0567807 1.61845 -0.00473545 0.000732731 -0.000181594
32.6353 3.60906 0.0577914 1.6185 -0.00499001 0.000820444 -0.000183744
32.6546 3.60896 0.0588181 1.61854 -0.0052071 0.000802755 -0.000182761
32.6742 3.60885 0.0598618 1.61859 -0.00540538 0.000662383 -0.000185334
32.6969 3.60873 0.0609233 1.61863 -0.00560029 0.000698509 -0.000185389
32.7142 3.6086 0.0620032 1.61868 -0.00576787 0.000720724 -0.000183701
32.736 3.60846 0.0631018 1.61872 -0.00588113 0.000724466 -0.000182464
32.7543 3.60831 0.06422 1.61876 -0.0059988 0.000755121 -0.000184021
32.7745 3.60814 0.0653581 1.6188 -0.00612643 0.000804867 -0.000183693
32.7964 3.60796 0.0665164 1.61885 -0.00622198 0.000780842 -0.000181181
32.8151 3.60776 0.0676951 1.61889 -0.00628429 0.000692753 -0.000181943
32.836 3.60756 0.0688945 1.61893 -0.00633252 0.000706525 -0.000182711
32.8555 3.60735 0.0701147 1.61897 -0.00635273 0.000766059 -0.000180953
32.8756 3.60713 0.0713557 1.61901 -0.00635118 0.000762681 -0.00017973
32.8965 3.60689 0.0726174 1.61904 -0.00632887 0.000731071 -0.000182957
32.9162 3.60665 0.0738999 1.61908 -0.00632681 0.00064742 -0.000181973
32.9368 3.6064 0.0752031 1.61911 -0.00631679 0.000707528 -0.000180475
32.9567 3.60614 0.0765265 1.61915 -0.00626346 0.000734796 -0.000178495
32.9767 3.60587 0.0778699 1.61918 -0.00617364 0.000720135 -0.000177081
32.9973 3.6056 0.0792333 1.61921 -0.006102 0.000835399 -0.000177593
33.0169 3.60531 0.0806166 1.61924 -0.00610456 0.000674566 -0.000175868
33.0384 3.60501 0.0820193 1.61927 -0.00610422 0.000686933 -0.000173644
33.0575 3.60471 0.0834409 1.61929 -0.00602668 0.000708795 -0.000175828
33.0774 3.6044 0.0848813 1.61932 -0.00591324 0.000693514 -0.000174103
33.1 3.60408 0.0863401 1.61934 -0.00577953 0.000677352 -0.000174245
33.1181 3.60376 0.0878166 1.61936 -0.00561014 0.000666566 -0.000173432
33.1389 3.60342 0.08931 1.61938 -0.00540807 0.000653594 -0.000173052
33.1588 3.60308 0.0908197 1.61939 -0.00518573 0.000646271 -0.000173348
33.1791 3.60273 0.0923449 1.6194 -0.00500328 0.000637512 -0.000171051
33.2004 3.60237 0.0938851 1.61941 -0.00486423 0.000627288 -0.000169932
33.219 3.60201 0.0954395 1.61941 -0.00473865 0.00061925 -0.00017143
33.2401 3.60163 0.0970076 1.61941 -0.00464421 0.00061212 -0.00017153
33.2597 3.60125 0.0985889 1.61942 -0.00457813 0.000612635 -0.000171098
33.2796 3.60086 0.100183 1.61942 -0.00451986 0.000617533 -0.000168176
33.3006 3.60046 0.10179 1.61942 -0.00440132 0.000620702 -0.000168476
33.3198 3.60006 0.103408 1.61943 -0.00422065 0.000632248 -0.000170191
33.3407 3.59964 0.105037 1.61943 -0.00404359 0.000645772 -0.000167559
33.3605 3.59922 0.106677 1.61943 -0.00390201 0.000654181 -0.000163662
33.3805 3.59879 0.108328 1.61944 -0.00379302 0.000657019 -0.000159641
33.4017 3.59836 0.109988 1.61944 -0.00372353 0.000656094 -0.000157963
33.4211 3.59792 0.111658 1.61945 -0.00375916 0.000745139 -0.000159676
33.4421 3.59746 0.113339 1.61946 -0.0040528 0.00072074 -0.000159196
33.4615 3.59699 0.115031 1.61947 -0.00453709 0.000589769 -0.00015939
33.4816 3.59651 0.116735 1.61948 -0.00492439 0.000693049 -0.000162579
33.5032 3.59603 0.118453 1.6195 -0.00517188 0.000843443 -0.00016419
33.5221 3.59553 0.120186 1.61952 -0.00561929 0.000639868 -0.000160809
33.5429 3.59502 0.121937 1.61955 -0.00627771 0.000588579 -0.000160773
33.5625 3.59451 0.123707 1.61959 -0.00688592 0.000632535 -0.000161953
33.5829 3.59399 0.125497 1.61962 -0.00737667 0.000639659 -0.000162621
33.6035 3.59346 0.127311 1.61965 -0.00785962 0.000632034 -0.000163132
33.6229 3.59293 0.129149 1.61968 -0.00829192 0.000644771 -0.000168155
33.6438 3.59239 0.131013 1.61971 -0.00865228 0.000662292 -0.000167317
33.6632 3.59184 0.132905 1.61974 -0.00893793 0.000656139 -0.000164916
33.6833 3.59128 0.134825 1.61976 -0.0091327 0.000649203 -0.000163945
33.7051 3.59072 0.136774 1.61978 -0.00928608 0.000655579 -0.000163237
33.7241 3.59015 0.138753 1.61979 -0.00942384 0.00066542 -0.000164287
33.7441 3.58957 0.140763 1.61981 -0.0095197 0.000675936 -0.000165698
33.7639 3.58898 0.142803 1.61981 -0.00959242 0.000680782 -0.000166228
33.7841 3.58839 0.144874 1.61982 -0.00961406 0.000690708 -0.00016834
33.8048 3.58779 0.146976 1.61983 -0.00959241 0.000703596 -0.000170709
33.8245 3.58718 0.149107 1.61983 -0.00949384 0.0007072 -0.00016985
33.8461 3.58657 0.151269 1.61984 -0.00935129 0.000704468 -0.000170541
33.8647 3.58595 0.153461 1.61984 -0.0092602 0.000707701 -0.000170347
33.8852 3.58532 0.155683 1.61985 -0.00926874 0.000714186 -0.000170252
33.9066 3.58469 0.157933 1.61986 -0.00922951 0.000713548 -0.000167891
33.9264 3.58405 0.160212 1.61986 -0.00912711 0.000704729 -0.000166796
33.9462 3.5834 0.162519 1.61987 -0.00897139 0.000702293 -0.000163162
33.9671 3.58275 0.164854 1.61988 -0.00879296 0.000707186 -0.000157833
33.9863 3.58209 0.167215 1.61988 -0.00859076 0.000750235 -0.000154729
34.0079 3.58142 0.169602 1.61989 -0.00838236 0.000594102 -0.000152312
34.0272 3.58076 0.172015 1.6199 -0.00816111 0.000632198 -0.000150988
34.0497 3.58009 0.174451 1.61991 -0.00790427 0.000797072 -0.000150837
34.0681 3.57942 0.176911 1.61993 -0.00764783 0.000658524 -0.00014852
34.0881 3.57875 0.179392 1.61996 -0.00742446 0.000608588 -0.000145495
34.1108 3.57808 0.181895 1.61998 -0.00721657 0.000646524 -0.000142569
34.1287 3.57741 0.184418 1.62001 -0.00703626 0.000650518 -0.000139295
34.1495 3.57674 0.186961 1.62003 -0.00686836 0.000684214 -0.000135307
34.1688 3.57605 0.189522 1.62005 -0.00676543 0.000542913 -0.000129971
34.1893 3.57537 0.192103 1.62007 -0.00674997 0.000586099 -0.000128028
34.2111 3.5747 0.194701 1.6201 -0.00661351 0.000720552 -0.000121934
34.2294 3.57401 0.197317 1.62013 -0.00657293 0.000562296 -0.000115416
34.2504 3.57332 0.199951 1.62017 -0.0067175 0.000533469 -0.000112631
34.2701 3.57263 0.202602 1.62021 -0.00671392 0.000707853 -0.000110034
34.2901 3.57194 0.205271 1.62025 -0.0065983 0.00068903 -0.000104366
34.3106 3.57124 0.207958 1.62029 -0.00670256 0.000549735 -9.75138e-05
34.3302 3.57054 0.210662 1.62035 -0.00679288 0.0006918 -9.59253e-05
34.3514 3.56984 0.213385 1.6204 -0.00689393 0.000635853 -9.79087e-05
34.3706 3.56913 0.216127 1.62045 -0.00716068 0.000600159 -9.56251e-05
34.3906 3.56841 0.218888 1.6205 -0.00748974 0.00053781 -9.17955e-05
34.4125 3.5677 0.221669 1.62056 -0.00767471 0.000694207 -9.29844e-05
34.4316 3.56697 0.224471 1.62061 -0.00794206 0.000644722 -8.94231e-05
34.4518 3.56624 0.227297 1.62067 -0.00838176 0.00061264 -8.41426e-05
34.4715 3.56551 0.230146 1.62073 -0.00868878 0.000561296 -8.18132e-05
34.4918 3.56477 0.233018 1.62078 -0.00877698 0.000716679 -8.52464e-05
34.5134 3.56403 0.235915 1.62084 -0.00879468 0.000690804 -8.32917e-05
34.5328 3.56328 0.238839 1.62089 -0.00918483 0.000608407 -7.9375e-05
34.555 3.56252 0.241792 1.62095 -0.00992919 0.000689742 -7.5579e-05
34.5733 3.56175 0.244775 1.62101 -0.0107488 0.000732659 -7.42321e-05
34.5931 3.56098 0.247789 1.62106 -0.0114875 0.000714152 -7.01363e-05
34.6147 3.5602 0.250838 1.6211 -0.0120292 0.000704894 -6.66778e-05
34.6339 3.55941 0.253923 1.62114 -0.0123747 0.000710974 -6.26407e-05
34.6545 3.55862 0.257046 1.62117 -0.0125895 0.00071298 -5.71692e-05
34.6738 3.55783 0.260207 1.62119 -0.0127631 0.000708459 -5.46654e-05
34.694 3.55702 0.263409 1.62121 -0.0129161 0.00071506 -5.56425e-05
34.7155 3.55621 0.266649 1.62122 -0.0129631 0.000723395 -5.76195e-05
34.7343 3.55539 0.26993 1.62122 -0.0129363 0.000725289 -5.85982e-05
34.755 3.55457 0.27325 1.62121 -0.0128597 0.000723231 -5.89635e-05
34.7745 3.55374 0.276609 1.6212 -0.0127095 0.000735186 -6.22336e-05
34.7944 3.55291 0.280008 1.62119 -0.0125975 0.000748576 -6.16696e-05
34.8154 3.55207 0.283445 1.62117 -0.0125724 0.000755733 -6.60004e-05
34.835 3.55122 0.28692 1.62115 -0.0125145 0.0007573 -6.69451e-05
34.856 3.55037 0.290433 1.62113 -0.0124052 0.000757703 -6.82394e-05
34.8756 3.54951 0.293983 1.6211 -0.0122374 0.000759981 -7.13356e-05
34.8952 3.54865 0.297568 1.62107 -0.0120232 0.000758922 -7.1743e-05
34.9164 3.54777 0.301189 1.62104 -0.0117344 0.000663615 -6.85197e-05
34.9356 3.5469 0.304844 1.62101 -0.0114166 0.000682857 -6.94503e-05
34.9573 3.54603 0.308531 1.62098 -0.0110532 0.000793156 -6.74026e-05
34.9762 3.54515 0.31225 1.62096 -0.0107358 0.000732757 -6.50493e-05
34.9963 3.54427 0.316001 1.62093 -0.0106783 0.000704324 -6.37035e-05
35.0181 3.54338 0.319782 1.62091 -0.0107849 0.000707971 -5.96827e-05
35.037 3.54248 0.323594 1.62089 -0.0109004 0.00069579 -5.39363e-05
35.0575 3.54158 0.327435 1.62087 -0.0109714 0.000624769 -5.09373e-05
35.0769 3.54068 0.331307 1.62085 -0.0108836 0.000717414 -5.13292e-05
35.097 3.53977 0.335208 1.62083 -0.0107301 0.000635124 -4.66339e-05
35.1188 3.53885 0.339139 1.62082 -0.0107334 0.00062684 -4.34241e-05
35.1373 3.53793 0.3431 1.62081 -0.0108434 0.000650057 -4.37489e-05
35.1582 3.537 0.347093 1.6208 -0.011125 0.000606587 -4.19136e-05
35.1775 3.53608 0.351116 1.62079 -0.011467 0.000721199 -4.03913e-05
35.1978 3.53514 0.355169 1.62078 -0.0114923 0.000608369 -3.74556e-05
35.2185 3.53421 0.359253 1.62078 -0.0112518 0.000530196 -3.16325e-05
35.238 3.53327 0.363367 1.62078 -0.0108894 0.000574993 -3.45053e-05
35.2613 3.53234 0.36751 1.62077 -0.0104692 0.000632806 -2.99935e-05
35.279 3.53141 0.37168 1.62077 -0.00994716 0.000564518 -2.72412e-05
35.299 3.53047 0.375874 1.62077 -0.00924004 0.000566056 -2.54276e-05
35.3199 3.52954 0.38009 1.62076 -0.00845488 0.000582969 -2.44285e-05
35.3396 3.52862 0.384326 1.62075 -0.00769144 0.000645222 -2.38957e-05
35.3601 3.52768 0.388581 1.62074 -0.00736041 0.000538802 -2.19076e-05
35.3797 3.52674 0.392853 1.62074 -0.00745116 0.000563212 -2.15307e-05
35.4003 3.5258 0.39714 1.62075 -0.0073308 0.000635308 -2.81046e-05
35.4222 3.52487 0.40144 1.62076 -0.00697312 0.000742769 -3.13013e-05
35.4407 3.52393 0.405755 1.62077 -0.00679275 0.000632336 -2.90005e-05
35.4614 3.52298 0.410084 1.62079 -0.00690122 0.000606607 -2.67173e-05
35.481 3.52202 0.414427 1.6208 -0.00708223 0.000555797 -2.44953e-05
35.5014 3.52107 0.418782 1.62081 -0.00703194 0.000649324 -2.67022e-05
35.5232 3.52013 0.423149 1.62082 -0.00674657 0.000765768 -2.58426e-05
35.5416 3.51917 0.42753 1.62083 -0.00674697 0.000644417 -2.62383e-05
35.5627 3.51821 0.431927 1.62085 -0.00733711 0.000614168 -2.39265e-05
35.5822 3.51725 0.43634 1.62087 -0.00817636 0.000654863 -2.59937e-05
35.6021 3.51628 0.440771 1.62088 -0.00898045 0.00066715 -2.43359e-05
35.6231 3.5153 0.445222 1.6209 -0.00975821 0.000661269 -2.0012e-05
35.6433 3.51431 0.449697 1.6209 -0.0104501 0.00067575 -1.80953e-05
35.6634 3.51333 0.454198 1.6209 -0.0110498 0.000694106 -2.31264e-05
35.6831 3.51233 0.458727 1.62089 -0.0116232 0.000697459 -2.4064e-05
35.7033 3.51133 0.463287 1.62088 -0.0120805 0.000697864 -2.01252e-05
35.7256 3.51032 0.467879 1.62087 -0.0124252 0.000692352 -1.59442e-05
35.7441 3.50931 0.472503 1.62085 -0.012634 0.000687876 -1.50168e-05
35.7649 3.50829 0.477161 1.62083 -0.0126683 0.000687834 -1.71884e-05
35.7844 3.50727 0.481853 1.6208 -0.0125523 0.000690293 -1.73153e-05
35.8053 3.50624 0.486578 1.62077 -0.0123508 0.000695717 -1.84684e-05
35.827 3.50521 0.491337 1.62074 -0.0121395 0.000701424 -1.85734e-05
35.8452 3.50416 0.496127 1.62071 -0.0119102 0.000712305 -1.95679e-05
35.8671 3.50312 0.500948 1.62068 -0.0116645 0.000718355 -2.15026e-05
35.8861 3.50207 0.5058 1.62064 -0.0113957 0.000724488 -1.80713e-05
35.9059 3.50101 0.51068 1.62061 -0.0110948 0.00072435 -2.05616e-05
35.9284 3.49995 0.515587 1.62057 -0.0107882 0.000666384 -1.8861e-05
35.9473 3.49889 0.520521 1.62053 -0.0104828 0.000751721 -1.80445e-05
35.9676 3.49782 0.52548 1.6205 -0.0101524 0.000617241 -1.8945e-05
35.9873 3.49676 0.530463 1.62047 -0.00982085 0.000692339 -1.69538e-05
36.0074 3.49569 0.535468 1.62044 -0.00947912 0.000717583 -1.51546e-05
36.0276 3.49461 0.540495 1.62041 -0.00918653 0.000683428 -1.31754e-05
36.0475 3.49353 0.545542 1.62039 -0.00905112 0.000619768 -1.07393e-05
36.0683 3.49246 0.550608 1.62038 -0.00889761 0.000670742 -8.55131e-06
36.0879 3.49139 0.555692 1.62036 -0.00864496 0.000680511 -6.36179e-06
36.1084 3.49032 0.560794 1.62034 -0.00834675 0.000737435 -6.05753e-06
36.1287 3.48924 0.565911 1.62032 -0.00804957 0.000616247 -4.59394e-06
36.1487 3.48817 0.571044 1.62031 -0.00774456 0.000693055 -3.91492e-06
36.1693 3.4871 0.576189 1.62029 -0.00728509 0.000710297 -6.31208e-07
36.1892 3.48604 0.581346 1.62028 -0.00674666 0.000682686 1.03511e-06
36.2092 3.48497 0.586513 1.62026 -0.00625661 0.000745973 4.34071e-06
36.2306 3.48391 0.591688 1.62025 -0.00590658 0.000626959 7.0665e-06
36.2496 3.48284 0.596871 1.62024 -0.00577221 0.000624415 1.08889e-05
36.2701 3.48178 0.602059 1.62023 -0.00546509 0.000667887 1.13859e-05
36.2898 3.48071 0.607251 1.62023 -0.0049802 0.000659166 8.48635e-06
36.3099 3.47965 0.612445 1.62023 -0.00451093 0.000642656 7.24237e-06
36.3323 3.4786 0.617641 1.62023 -0.00410787 0.000641263 7.67042e-06
36.3504 3.47754 0.622836 1.62022 -0.00376087 0.000647621 6.63172e-06
36.3712 3.47649 0.62803 1.62021 -0.00344871 0.000640218 7.41342e-06
36.3904 3.47544 0.63322 1.6202 -0.00317908 0.000631186 6.50826e-06
36.4108 3.47439 0.638407 1.62019 -0.00303676 0.000701672 4.39506e-06
36.4324 3.47333 0.643593 1.62018 -0.00342953 0.000642561 4.97084e-06
36.451 3.47227 0.648778 1.62018 -0.00431398 0.000644431 1.71759e-06
36.4714 3.4712 0.653964 1.62017 -0.00534419 0.000672021 -5.06969e-06
36.4913 3.47012 0.659155 1.62017 -0.00633961 0.000586682 -4.66286e-06
36.5111 3.46905 0.664352 1.62017 -0.00717566 0.000715784 -3.23356e-06
36.5333 3.46797 0.669559 1.62017 -0.00765264 0.000832189 -3.33003e-06
36.5515 3.46688 0.67478 1.62017 -0.0082453 0.000748037 -2.91848e-06
36.5722 3.46689 0.674861 1.61951 -0.00633163 0.00149057 -6.2809e-06
36.5921 3.46686 0.674839 1.61903 -0.00623577 0.00137715 -0.000126544
36.6123 3.46682 0.674674 1.61897 -0.00945093 0.00205883 -0.000155856
36.6337 3.46677 0.674413 1.61926 -0.0148386 0.00292551 -0.000183267
36.6529 3.46673 0.674101 1.61977 -0.0215455 0.0034316 -0.000234358
36.6752 3.46671 0.673806 1.62038 -0.0282473 0.0038233 -0.000277825
36.6932 3.46667 0.673566 1.62098 -0.0339658 0.00382424 -0.000307413
36.7137 3.46664 0.673392 1.62154 -0.0381777 0.00380617 -0.000346185
36.7353 3.46662 0.673287 1.62206 -0.0407135 0.0039663 -0.000378932
36.7536 3.46661 0.673208 1.62263 -0.0427399 0.0041737 -0.000381944
36.7749 3.46661 0.673133 1.62325 -0.0449287 0.00477839 -0.000322039
36.7945 3.46662 0.673058 1.62392 -0.0469865 0.00477103 -0.000308562
36.8142 3.46663 0.672983 1.62461 -0.0491094 0.00477103 -0.000293441
36.8351 3.46662 0.672901 1.6253 -0.051457 0.00401118 -0.000275725
36.8547 3.46662 0.672841 1.62596 -0.0532098 0.00420923 -0.000262246
36.8764 3.46663 0.672858 1.62656 -0.0526346 0.00387937 -0.00024943
37.0343 3.46666 0.672951 1.62706 -0.0497646 0.00306941 -0.000237435
37.0542 3.46669 0.67307 1.62744 -0.0462326 0.00227329 -0.000226073
37.0744 3.46671 0.6732 1.62771 -0.0425639 0.00163779 -0.000204451
37.0952 3.46673 0.673338 1.62786 -0.0387414 0.00109188 -0.000194635
37.1336 3.46675 0.673472 1.62789 -0.0351753 0.000634024 -0.000185255
37.1536 3.46677 0.673599 1.62782 -0.031881 0.000234537 -0.000176304
37.1735 3.46679 0.673718 1.62766 -0.0288665 -0.000153556 -0.000167779
37.1944 3.4668 0.673823 1.62743 -0.0262753 -0.000422896 -0.000159624
37.214 3.46682 0.673921 1.62715 -0.0238938 -0.000712714 -0.000151868
37.235 3.46684 0.67401 1.62682 -0.0217766 -0.000856869 -0.000144453
37.2544 3.46686 0.674086 1.62644 -0.0199792 -0.00104136 -0.000137406
37.2744 3.46689 0.674156 1.62605 -0.0183674 -0.00114707 -0.000130687
37.2954 3.46693 0.674216 1.62564 -0.0169791 -0.00125036 -0.000124295
37.3147 3.46698 0.674274 1.62522 -0.0156568 -0.00133154 -0.000115873
37.3356 3.46705 0.67433 1.6248 -0.0143776 -0.00130802 -8.27987e-05
37.3558 3.46714 0.674383 1.62441 -0.0131618 -0.00135848 -6.88412e-05
37.3757 3.46726 0.674433 1.62404 -0.0120294 -0.00129117 -5.76529e-05
37.3959 3.46739 0.674479 1.62371 -0.0110059 -0.00138634 -4.36306e-05
37.4159 3.46757 0.674519 1.62341 -0.0100932 -0.00138523 -2.84603e-05
37.4372 3.46777 0.674554 1.62315 -0.00928409 -0.00146875 -1.45015e-05
37.4562 3.46802 0.674586 1.62292 -0.00856733 -0.00136744 -2.05181e-06
37.4763 3.4683 0.674612 1.62272 -0.00796866 -0.00147028 1.00028e-05
37.4973 3.46863 0.674639 1.62255 -0.0074046 -0.00128719 6.71007e-06
37.5171 3.46901 0.674659 1.62241 -0.00698487 -0.00135706 8.93564e-06
37.5375 3.46944 0.674676 1.6223 -0.00661849 -0.00127023 1.04617e-05
37.557 3.46992 0.674692 1.62221 -0.0063106 -0.00128956 5.82109e-06
37.5771 3.47046 0.674702 1.62213 -0.00608304 -0.00130439 9.92136e-06
37.5987 3.47105 0.67471 1.62208 -0.00592702 -0.00128894 7.15049e-06
37.618 3.47172 0.674718 1.62205 -0.00574506 -0.001046 5.59502e-06
37.6387 3.47244 0.674721 1.62204 -0.00569081 -0.00111519 4.54843e-06
37.6584 3.47322 0.674722 1.62204 -0.0056635 -0.0010497 4.53703e-06
37.6785 3.47405 0.674724 1.62205 -0.00563425 -0.000951621 4.68965e-06
37.6992 3.47491 0.674722 1.62204 -0.00566348 -0.00184936 8.06794e-06
37.7186 3.47593 0.67472 1.62204 -0.00569745 -0.00139397 -4.44469e-08
37.7398 3.47711 0.674724 1.62206 -0.0056089 -0.000914173 -1.6164e-07
37.7594 3.47845 0.674726 1.62209 -0.00556601 -0.00122021 5.4236e-07
37.7793 3.47996 0.67473 1.62213 -0.00550225 -0.00112565 -1.42018e-06
37.8002 3.48161 0.674733 1.62217 -0.00542692 -0.00148131 1.5295e-07
37.8199 3.48344 0.674738 1.6222 -0.00531799 -0.00132025 1.06876e-05
37.8408 3.48542 0.674746 1.62222 -0.00518096 -0.00116543 5.691e-06
37.8599 3.48756 0.674752 1.62223 -0.00505306 -0.00143791 4.75677e-06
37.8799 3.48986 0.674755 1.62223 -0.00498971 -0.00162302 2.24359e-06
37.9012 3.49234 0.674759 1.62224 -0.00490074 -0.00113447 3.29801e-06
37.9207 3.49496 0.674767 1.62225 -0.00473152 -0.00152812 5.57582e-06
37.9436 3.49776 0.674778 1.62226 -0.00451142 -0.00130707 2.99133e-06
37.9624 3.50069 0.674784 1.62227 -0.00438485 -0.00157677 3.57026e-06
37.9817 3.5038 0.674789 1.62227 -0.00427416 -0.00149289 2.56171e-06
38.0039 3.50707 0.674795 1.62227 -0.00415705 -0.00120259 2.70357e-06
38.0217 3.51052 0.674802 1.62226 -0.00400558 -0.00107398 2.91158e-06
38.0443 3.51411 0.674809 1.62224 -0.00387614 -0.00132935 1.60024e-06
38.0625 3.51787 0.674815 1.62222 -0.00373637 -0.001078 4.32797e-06
38.0824 3.52179 0.674825 1.62221 -0.00354111 -0.000832413 5.80274e-07
38.1041 3.52584 0.67483 1.62218 -0.00342929 -0.000901096 2.07308e-06
38.1232 3.53005 0.674838 1.62216 -0.00326602 -0.000701336 1.14212e-06
38.1442 3.53439 0.674846 1.62214 -0.003099 -0.00075805 -5.64493e-09
38.1634 3.53888 0.674853 1.62211 -0.00295746 -0.000663138 -8.33728e-07
38.1839 3.54353 0.67486 1.62208 -0.00281764 -0.000600005 -5.35995e-07
38.2065 3.54831 0.674866 1.62205 -0.00268258 -0.000685483 1.83544e-06
38.2244 3.55324 0.674873 1.62202 -0.00254738 -0.000373005 6.65728e-07
38.2453 3.55829 0.674881 1.622 -0.00239753 -0.000612563 1.14856e-06
38.265 3.5635 0.674888 1.62198 -0.00224953 -0.000319755 1.98141e-08
38.2856 3.56885 0.674896 1.62196 -0.00207974 -0.000231054 -5.05919e-07
38.3063 3.57433 0.674903 1.62194 -0.00191973 -0.00079315 -1.38935e-06
38.3253 3.58001 0.674911 1.62193 -0.00176364 -0.000560018 5.46085e-06
38.3476 3.5859 0.674916 1.62193 -0.00156329 0.000123585 1.16768e-05
38.3659 3.59194 0.674928 1.62195 -0.00137422 -0.00022786 1.17405e-05
38.3858 3.59814 0.674937 1.62197 -0.00124918 -0.000196503 1.94077e-06
38.4078 3.60449 0.674946 1.62199 -0.00106388 -0.000279872 -4.94567e-06
38.4273 3.611 0.674953 1.62202 -0.000925687 -0.000221547 2.73605e-06
38.4477 3.61765 0.674959 1.62205 -0.000791468 -0.00026151 2.64209e-06
38.4672 3.62445 0.674967 1.62208 -0.00066056 -0.000141596 3.15181e-07
38.4872 3.63141 0.674972 1.62209 -0.000546614 3.94432e-06 9.35489e-09
38.5091 3.63852 0.674979 1.6221 -0.000409343 -0.000651335 1.55437e-06
38.5276 3.64589 0.674985 1.62214 -0.000267518 0.00102713 2.43519e-06
38.5486 3.65338 0.674991 1.62223 -9.18654e-05 0.000345307 8.47052e-07
38.5679 3.66098 0.674996 1.62237 1.95959e-05 -0.000232437 8.86812e-06
38.5885 3.66872 0.674995 1.62252 -2.86371e-05 0.000324634 2.478e-05
38.6091 3.67657 0.674989 1.62266 3.24544e-05 0.000459765 2.4685e-05
38.6284 3.68453 0.674981 1.62278 3.31799e-05 0.000543069 4.57028e-05
38.6502 3.69259 0.674971 1.62287 6.49151e-05 0.000719871 5.75938e-05
38.6693 3.70075 0.67496 1.62295 0.000117864 0.000685264 7.56278e-05
38.6891 3.70902 0.674947 1.62301 0.00015978 0.000859368 9.54262e-05
38.7102 3.71734 0.674932 1.62304 0.000188987 0.000120694 0.000120046
38.7292 3.72579 0.674912 1.62305 0.000234599 -0.000719512 0.000156971
38.7515 3.73452 0.674889 1.62307 0.00023059 0.000847297 0.000191604
38.7695 3.74347 0.674863 1.62312 0.000456413 0.00145355 0.000212052
38.7895 3.7526 0.67482 1.62318 0.000571853 0.000966188 0.000214955
38.8105 3.76187 0.674775 1.62326 0.000734094 0.000136826 0.000218029
38.8303 3.77132 0.674726 1.62334 0.000973953 0.00049068 0.000217428
38.8513 3.78088 0.674669 1.62343 0.00117862 0.00030496 0.000210915
38.8704 3.7906 0.674609 1.6235 0.00135807 0.000504319 0.00020433
38.8905 3.80043 0.674543 1.62357 0.0015279 0.000576438 0.000192985
38.9125 3.81034 0.674472 1.62362 0.00165902 0.000394411 0.000185138
38.9313 3.82036 0.674395 1.62364 0.00175184 0.00044996 0.000174119
38.9526 3.83046 0.674311 1.62366 0.00187893 0.000625775 0.00016123
38.9719 3.84063 0.674221 1.62365 0.00196443 0.000446901 0.000147004
38.992 3.85089 0.674123 1.62362 0.00202425 0.000769948 0.000133377
39.0142 3.86119 0.674018 1.62358 0.00205505 0.00060386 0.00011924
39.0322 3.87155 0.673905 1.62351 0.00206024 0.000930626 0.000102388
39.0532 3.88196 0.673784 1.62343 0.00208786 0.000970742 8.869e-05
39.0725 3.89242 0.673656 1.62333 0.00210318 0.00113033 7.40106e-05
39.0928 3.9029 0.67352 1.62322 0.00213557 0.00123066 5.60569e-05
39.1143 3.91341 0.673376 1.62309 0.00215992 0.00121989 3.76359e-05
39.1335 3.92394 0.673225 1.62295 0.00214601 0.00139931 2.10263e-05
39.154 3.93448 0.673065 1.62281 0.00214703 0.00154022 2.80615e-06
39.1734 3.94501 0.672897 1.62267 0.00215559 0.00128266 -1.30655e-05
39.1934 3.95553 0.672722 1.62253 0.00211212 0.00142666 -3.0924e-05
39.2146 3.96604 0.672539 1.62239 0.00205713 0.00156018 -5.04654e-05
39.2341 3.97653 0.672349 1.62224 0.0020072 0.0016312 -6.8377e-05
39.2548 3.987 0.672152 1.62208 0.00194426 0.00173034 -9.2353e-05
39.2749 3.99744 0.671947 1.6219 0.00190012 0.00176072 -0.000111023
39.2945 4.00785 0.671736 1.62172 0.00186548 0.00186019 -0.000129559
39.3155 4.01821 0.671518 1.62154 0.00183432 0.00192078 -0.000146917
39.3349 4.02853 0.671293 1.62134 0.00179593 0.00190508 -0.000164639
39.3559 4.03883 0.671063 1.62114 0.00167506 0.00242691 -0.000179967
39.3752 4.04909 0.670826 1.62096 0.00167834 0.00253587 -0.000194092
39.3953 4.05928 0.670583 1.62081 0.00174806 0.00181982 -0.000210311
39.4161 4.06941 0.670334 1.6207 0.00170865 0.00184443 -0.000226951
39.4358 4.07948 0.67008 1.62059 0.00165138 0.00217945 -0.000241216
39.4564 4.08945 0.66982 1.62049 0.00156504 0.00216959 -0.000261113
39.476 4.09932 0.669555 1.62039 0.0015059 0.00187243 -0.000278153
39.4961 4.10912 0.669284 1.62029 0.00141851 0.00219535 -0.000291095
39.5178 4.11882 0.66901 1.62019 0.00130405 0.00236787 -0.000302631
39.5373 4.12841 0.668731 1.62008 0.00120055 0.00237862 -0.000317429
39.5582 4.13788 0.668448 1.61997 0.00106186 0.00233038 -0.000331648
39.5773 4.14726 0.668163 1.61986 0.000946161 0.00263468 -0.000345274
39.5976 4.15652 0.667874 1.61974 0.00090201 0.00244207 -0.000359097
39.6186 4.16567 0.667582 1.61961 0.000859573 0.00232383 -0.000373342
39.6379 4.17471 0.667288 1.61949 0.000804489 0.00237461 -0.000386848
39.6594 4.18365 0.666992 1.61936 0.000770789 0.00249401 -0.000398563
39.6786 4.19246 0.666694 1.61922 0.000692959 0.00256115 -0.000409749
39.6987 4.20113 0.666394 1.61907 0.000611338 0.00253365 -0.000419927
39.7198 4.20967 0.666094 1.61892 0.000506235 0.00249901 -0.000429673
39.7393 4.21811 0.665792 1.61878 0.000380062 0.00356745 -0.000439574
39.7593 4.22632 0.665489 1.61865 0.000451008 0.00245049 -0.000445235
39.7794 4.23434 0.665186 1.61854 0.000272015 0.00243223 -0.000455016
39.7997 4.24216 0.664884 1.61846 0.000112589 0.00258748 -0.00046395
39.8216 4.24979 0.664582 1.6184 -3.04829e-05 0.00257998 -0.000473552
39.8401 4.25721 0.664281 1.61833 -0.000208716 0.00241506 -0.000483752
39.8612 4.26445 0.663982 1.61826 -0.000368394 0.00245187 -0.00049213
39.8807 4.27151 0.663686 1.61819 -0.000551775 0.00271724 -0.000499976
39.9009 4.27841 0.663393 1.61812 -0.000646885 0.00294858 -0.000506735
39.9231 4.28512 0.663102 1.61805 -0.000645015 0.00258347 -0.000509583
39.9411 4.29166 0.662815 1.61799 -0.000676178 0.00242795 -0.000512797
39.9619 4.29803 0.662532 1.61793 -0.000677465 0.00227211 -0.000514508
39.9816 4.30424 0.662252 1.61788 -0.000681117 0.00216262 -0.000512882
40.0017 4.3103 0.661976 1.61783 -0.000686255 0.00237068 -0.000514287
40.0228 4.3162 0.661704 1.61778 -0.000720419 0.00246922 -0.000516028
40.0425 4.32194 0.661435 1.61773 -0.00071572 0.00226121 -0.000516985
40.0632 4.32754 0.66117 1.61769 -0.000704877 0.00239008 -0.000518235
40.0826 4.33298 0.660909 1.61764 -0.000672725 0.00209592 -0.000521448
40.1026 4.33827 0.660651 1.61759 -0.000675907 0.00194997 -0.000521768
40.1244 4.34343 0.660397 1.61754 -0.000666405 0.00204803 -0.000523185
40.1437 4.34845 0.660146 1.61748 -0.000626648 0.00186495 -0.000521267
40.164 4.35332 0.659898 1.61742 -0.000601215 0.00165883 -0.000518136
40.1836 4.35806 0.659654 1.61737 -0.000574935 0.00168451 -0.000516821
40.2041 4.36267 0.659412 1.6173 -0.000543159 0.00170425 -0.000516739
40.2242 4.36714 0.659174 1.61723 -0.000496866 0.00146253 -0.000512488
40.2445 4.37149 0.658938 1.61715 -0.000449897 0.00145517 -0.000510387
40.2657 4.37572 0.658705 1.61708 -0.000403776 0.00128437 -0.000506908
40.2847 4.37983 0.658475 1.61701 -0.000375047 0.0013001 -0.000505633
40.3048 4.38383 0.658246 1.61694 -0.000362397 0.00124967 -0.000504954
40.3256 4.38771 0.65802 1.61686 -0.000354401 0.00121656 -0.000502104
40.3453 4.39147 0.657796 1.61678 -0.00034649 0.00109553 -0.000499474
40.3658 4.39511 0.657575 1.6167 -0.000335591 0.000989939 -0.000497157
40.3852 4.39865 0.657355 1.61663 -0.000335044 0.001036 -0.000496253
40.4053 4.40208 0.657137 1.61655 -0.000324208 0.000953858 -0.000493789
40.4303 4.4054 0.656922 1.61647 -0.000314098 0.00099787 -0.000490196
40.446 4.40861 0.656708 1.61638 -0.000294885 0.000715186 -0.000486012
40.467 4.41173 0.656496 1.6163 -0.00028704 0.000788412 -0.000482128
40.4862 4.41475 0.656286 1.61622 -0.000272289 0.000676972 -0.000478664
40.5062 4.41767 0.656078 1.61614 -0.000260145 0.00067111 -0.000475593
40.5271 4.42048 0.655872 1.61606 -0.000266131 0.000564817 -0.000472682
40.5464 4.4232 0.655667 1.61598 -0.000270695 0.000652481 -0.000469126
40.5676 4.42582 0.655465 1.6159 -0.000259566 0.000429032 -0.000464921
40.5873 4.42836 0.655264 1.61582 -0.000270284 0.000560706 -0.000461287
40.6073 4.4308 0.655064 1.61574 -0.000276038 0.000426906 -0.000457035
40.6286 4.43316 0.654867 1.61567 -0.000281367 0.000469546 -0.000453396
40.6475 4.43543 0.654671 1.61559 -0.000307081 0.000424034 -0.000450063
40.6689 4.43761 0.654477 1.61552 -0.000307459 0.000419556 -0.000445501
40.6887 4.4397 0.654285 1.61545 -0.000308288 0.000299218 -0.000441701
40.709 4.44171 0.654095 1.61538 -0.000314593 0.000119286 -0.000438637
40.7298 4.44364 0.653906 1.61531 -0.00033233 9.31745e-05 -0.00043654
40.7496 4.44549 0.65372 1.61524 -0.000357387 0.000130608 -0.000432242
40.7704 4.44728 0.653536 1.61518 -0.000361945 9.58046e-05 -0.000428073
40.7897 4.44901 0.653353 1.61512 -0.000350724 2.66657e-05 -0.000424137
40.8099 4.45067 0.653173 1.61505 -0.000332164 -4.07881e-05 -0.000420007
40.8306 4.45227 0.652994 1.61499 -0.000310796 -8.92279e-05 -0.000416373
40.8502 4.4538 0.652817 1.61492 -0.000293202 -0.000119357 -0.000412905
40.8715 4.45527 0.652642 1.61484 -0.000268873 -0.000151409 -0.000408957
40.8902 4.45668 0.652469 1.61477 -0.000222573 -0.000269636 -0.000405604
40.9106 4.45803 0.652297 1.61469 -0.000216674 -0.000180357 -0.000401773
40.9317 4.45933 0.652126 1.61462 -0.000214685 -0.000211471 -0.000397903
40.9509 4.46057 0.651957 1.61455 -0.000207898 -0.000279941 -0.000394662
40.9738 4.46176 0.65179 1.61448 -0.000203029 -0.00041079 -0.000391171
40.9913 4.46289 0.651623 1.61441 -0.000201098 -0.000386097 -0.000387802
41.0116 4.46398 0.651458 1.61435 -0.000191385 -0.000335454 -0.000385571
41.0335 4.46502 0.651295 1.61429 -0.000178663 -0.000362716 -0.000382688
41.0521 4.46601 0.651132 1.61423 -0.000183846 -0.000400771 -0.00037969
41.0729 4.46695 0.650971 1.61417 -0.000201586 -0.000432018 -0.000376746
41.0922 4.46784 0.650811 1.61411 -0.000184745 -0.000621474 -0.000372391
41.1124 4.46869 0.650653 1.61405 -0.000200127 -0.000586915 -0.000368521
41.1343 4.46951 0.650496 1.61399 -0.000194788 -0.000522896 -0.000364276
41.1529 4.47027 0.65034 1.61394 -0.000180509 -0.000514065 -0.00036069
41.1736 4.471 0.650185 1.61389 -0.000162495 -0.000512837 -0.000358897
41.1929 4.47169 0.650031 1.61385 -0.000140596 -0.000515555 -0.000356507
41.2137 4.47234 0.649878 1.61379 -0.00011398 -0.00060482 -0.000353539
41.2355 4.47297 0.649727 1.61375 -0.000116548 -0.000481217 -0.000350146
41.2536 4.47356 0.649576 1.6137 -0.000117373 -0.0003416 -0.000345596
41.2764 4.47411 0.649426 1.61366 -7.29693e-05 -0.000575826 -0.000341951
41.2941 4.47464 0.649277 1.61362 -5.71823e-05 -0.000563339 -0.000338481
41.3143 4.47513 0.649129 1.61358 -5.02042e-05 -0.000517789 -0.000333359
41.336 4.4756 0.648981 1.61355 -4.28364e-05 -0.00053268 -0.000329353
41.3553 4.47603 0.648834 1.61352 -4.32882e-05 -0.000602512 -0.000325985
41.3752 4.47644 0.648688 1.61349 -8.55193e-06 -0.000623053 -0.000322845
41.395 4.47683 0.648542 1.61346 2.11445e-05 -0.000705105 -0.00031971
41.415 4.4772 0.648396 1.61343 4.25266e-05 -0.000580669 -0.000316719
41.4364 4.47755 0.648251 1.6134 5.14518e-05 -0.000593086 -0.000313795
41.4558 4.47788 0.648106 1.61338 8.22659e-05 -0.000720629 -0.000310859
41.4765 4.47819 0.647962 1.61336 0.000105778 -0.00067347 -0.000306293
41.4959 4.47849 0.647817 1.61334 0.000109093 -0.000669558 -0.000302188
41.5166 4.47878 0.647673 1.61333 0.000102045 -0.000702331 -0.000298091
41.5406 4.47905 0.647528 1.61331 8.88408e-05 -0.000720565 -0.000294559
41.5577 4.4793 0.647384 1.61329 6.83593e-05 -0.000713038 -0.000291393
41.5785 4.47954 0.64724 1.61327 3.07524e-05 -0.000710949 -0.000288393
41.5977 4.47976 0.647097 1.61325 -1.82669e-05 -0.00072165 -0.000285474
41.6178 4.47997 0.646954 1.61322 -6.05785e-05 -0.000723561 -0.000282958
41.6392 4.48016 0.646811 1.61319 -9.58101e-05 -0.000701262 -0.000277486
41.6582 4.48034 0.64667 1.61316 -0.000105589 -0.000699909 -0.000273872
41.6787 4.4805 0.646529 1.61313 -0.000113602 -0.00072593 -0.000270911
41.6986 4.48065 0.646389 1.61309 -0.000128766 -0.000740105 -0.000268033
41.7185 4.48078 0.64625 1.61306 -0.000148186 -0.000832592 -0.00026829
41.7398 4.48091 0.646113 1.61302 -0.000326548 -0.000692803 -0.00027257
41.759 4.48103 0.645979 1.61299 -0.000666215 -0.000449739 -0.000277632
41.7801 4.48113 0.645848 1.61296 -0.000908098 -0.000675458 -0.000282237
41.7995 4.48121 0.645719 1.61294 -0.000968835 -0.000689968 -0.000287121
41.8198 4.48127 0.645594 1.61292 -0.000906471 -0.000589055 -0.000289892
41.8413 4.4813 0.645472 1.6129 -0.000764081 -0.000621189 -0.000295551
41.8599 4.48133 0.645353 1.61288 -0.000561226 -0.000541975 -0.000301701
41.8818 4.48133 0.645237 1.61285 -0.000317078 -0.000502441 -0.000306779
41.9006 4.48133 0.645122 1.61283 -5.41218e-05 -0.000440999 -0.000312966
41.9203 4.4813 0.645008 1.61281 0.000208598 -0.00052572 -0.000318767
41.9412 4.48126 0.644893 1.61279 0.000486306 -0.000450271 -0.000324047
41.9606 4.48121 0.644776 1.61276 0.000786292 -0.00040915 -0.00033047
41.982 4.48113 0.644657 1.61274 0.00106535 -0.000443112 -0.000336603
42.0011 4.48103 0.644534 1.61272 0.00132919 -0.000444797 -0.000342768
42.0212 4.48092 0.644406 1.6127 0.00159539 -0.000425283 -0.000346883
42.0424 4.48078 0.644273 1.61267 0.00185669 -0.000410683 -0.000351564
42.062 4.48063 0.644133 1.61265 0.00209676 -0.000407024 -0.0003567
42.0833 4.48045 0.643984 1.61263 0.00233853 -0.000518047 -0.000362247
42.1022 4.48026 0.643828 1.61261 0.00257868 -0.000460239 -0.000366144
42.1224 4.48006 0.643661 1.6126 0.00281556 -0.00036191 -0.000370052
42.1437 4.47983 0.643484 1.61259 0.00304898 -0.000454248 -0.000374386
42.1628 4.47959 0.643296 1.61258 0.00328149 -0.000331376 -0.000377448
42.1842 4.47933 0.643096 1.61258 0.00352221 -0.000342428 -0.000381392
42.2034 4.47906 0.642882 1.61258 0.00375758 -0.000366647 -0.0003856
42.2231 4.47876 0.642654 1.61257 0.00397854 -0.00036184 -0.000388788
42.2448 4.47844 0.642412 1.61256 0.00420324 -0.000353059 -0.000392062
42.2635 4.4781 0.642153 1.61256 0.00447005 -0.000347643 -0.000395546
42.286 4.47774 0.641878 1.61255 0.0047407 -0.000332387 -0.000399808
42.3042 4.47737 0.641585 1.61254 0.00499032 -0.000316452 -0.000404535
42.3243 4.47697 0.641274 1.61254 0.00521511 -0.000299726 -0.000409142
42.3457 4.47655 0.640944 1.61253 0.00544128 -0.000293406 -0.000412047
42.3655 4.47612 0.640593 1.61252 0.00566894 -0.000232402 -0.000414724
42.3869 4.47566 0.640221 1.61251 0.00587978 -0.000396068 -0.000419589
42.4058 4.47519 0.639827 1.61251 0.00607077 -0.000233888 -0.000420363
42.4258 4.4747 0.639412 1.61251 0.00623038 -0.000347307 -0.000424168
42.4463 4.4742 0.638973 1.61252 0.00635829 -0.000230526 -0.000425202
42.4665 4.47369 0.63851 1.61253 0.00648102 -0.000264377 -0.000426955
42.4866 4.47315 0.638024 1.61254 0.00660756 -0.000324278 -0.000429243
42.5066 4.4726 0.637514 1.61256 0.00672855 -0.000379402 -0.000432851
42.527 4.47204 0.636979 1.61257 0.00682092 -0.000213826 -0.000434798
42.5475 4.47146 0.636419 1.61259 0.00692828 -0.000291886 -0.000438647
42.5669 4.47086 0.635833 1.6126 0.00707333 -0.000339131 -0.000437271
42.5881 4.47023 0.635222 1.61262 0.0072053 -0.000356073 -0.000439845
42.6075 4.4696 0.634584 1.61264 0.00735223 -0.000269486 -0.000440091
42.6275 4.46895 0.633919 1.61266 0.00748387 -0.000317364 -0.000442576
42.6487 4.46828 0.633228 1.61268 0.00759238 -0.000357215 -0.000445339
42.6681 4.46759 0.632509 1.6127 0.00769998 -0.00032209 -0.000448225
42.6885 4.46689 0.631762 1.61272 0.00782081 -0.000379441 -0.000449494
42.708 4.46617 0.630987 1.61273 0.00793873 -0.000321291 -0.000452585
42.728 4.46544 0.630184 1.61275 0.00802482 -0.000125583 -0.000453219
42.7505 4.46469 0.629352 1.61277 0.00811932 -0.00021377 -0.000455369
42.7686 4.46393 0.62849 1.61279 0.00822652 -0.000292209 -0.000457916
42.7893 4.46315 0.627599 1.61281 0.00839559 0.000228224 -0.00045353
42.809 4.4623 0.626672 1.61285 0.00938912 -0.000372304 -0.00045497
42.8298 4.46141 0.625708 1.61291 0.0111097 -0.000411375 -0.00044953
42.8506 4.46047 0.624701 1.61299 0.0130251 -6.16795e-05 -0.000439199
42.8696 4.45947 0.623647 1.61307 0.0148049 -0.000271509 -0.000436785
42.8902 4.45845 0.622539 1.61316 0.0163799 -6.13119e-05 -0.00042881
42.91 4.45739 0.621373 1.61325 0.017625 -0.00016521 -0.000427309
42.9302 4.4563 0.620144 1.61335 0.0185538 -0.000105018 -0.000423963
42.9522 4.45516 0.618846 1.61344 0.0193141 1.91744e-06 -0.00041864
42.9714 4.454 0.617478 1.61352 0.0199506 -1.64794e-05 -0.000416955
42.9916 4.45279 0.616038 1.61361 0.0204412 8.67621e-05 -0.000414546
43.011 4.45154 0.614522 1.61368 0.0208344 0.000125467 -0.000414207
43.0311 4.45026 0.612931 1.61374 0.0210719 0.00011966 -0.000414069
43.0521 4.44894 0.611263 1.6138 0.0213065 0.000223662 -0.000411889
43.0716 4.44757 0.609516 1.61385 0.0216478 7.44388e-05 -0.000414998
43.0925 4.44617 0.607691 1.61389 0.0219078 0.000152552 -0.000413538
43.1121 4.44473 0.605786 1.61394 0.0220387 4.39266e-05 -0.000417359
43.1328 4.44326 0.603802 1.61398 0.0220316 0.000195162 -0.000416697
43.1536 4.44175 0.601739 1.61402 0.0219915 0.000197782 -0.000417543
43.1728 4.44021 0.599596 1.61405 0.0219745 0.000277345 -0.000418921
43.1935 4.43863 0.597374 1.61409 0.0219679 0.00015046 -0.000423778
43.2136 4.43702 0.595073 1.61413 0.021945 6.292e-05 -0.000429146
43.2334 4.43537 0.592694 1.61416 0.0219196 1.21644e-05 -0.000434599
43.2548 4.43368 0.590237 1.6142 0.0218792 -7.9949e-05 -0.000441638
43.2738 4.43197 0.587702 1.61423 0.0217421 -3.87269e-05 -0.00044347
43.296 4.43022 0.585092 1.61425 0.0214683 8.68267e-05 -0.000445814
43.3141 4.42844 0.582406 1.61428 0.0212048 -3.66988e-05 -0.000448627
43.3342 4.42663 0.579645 1.6143 0.0210478 -0.000130533 -0.000450581
43.3563 4.42478 0.576811 1.61432 0.0208819 -0.000103928 -0.000450845
43.3751 4.42291 0.573903 1.61434 0.0207695 -0.00018672 -0.000456859
43.3961 4.421 0.570925 1.61437 0.0204643 -0.000154757 -0.000463043
43.4155 4.41907 0.567877 1.6144 0.0200381 -0.000122074 -0.00046775
43.4359 4.41711 0.564761 1.61443 0.0195764 -8.99162e-05 -0.000471657
43.4563 4.41513 0.561578 1.61445 0.0191131 -0.000102305 -0.000475621
43.476 4.41311 0.558331 1.61447 0.0186716 -0.000142408 -0.000482161
43.4965 4.41107 0.55502 1.61448 0.0182686 -0.000159257 -0.00048694
43.5174 4.40901 0.55165 1.61449 0.017759 -0.000144662 -0.000492518
43.5366 4.40692 0.548221 1.61451 0.0172807 -2.91245e-05 -0.000494874
43.5582 4.4048 0.544734 1.61452 0.0170994 -6.6002e-05 -0.000499753
43.5771 4.40264 0.541188 1.61454 0.0173449 -0.0004012 -0.000506901
43.598 4.40047 0.537587 1.61457 0.0172687 -9.45121e-05 -0.000501632
43.6173 4.39829 0.533933 1.61462 0.016675 0.000113834 -0.000498015
43.6371 4.39609 0.530227 1.61467 0.0159696 -5.48256e-05 -0.000501121
43.658 4.39387 0.52647 1.61472 0.0153076 -0.000171901 -0.000505535
43.6777 4.39163 0.522664 1.61477 0.0146884 -0.000153413 -0.000507271
43.6984 4.38937 0.518813 1.61482 0.014144 -0.000142097 -0.000509466
43.718 4.38708 0.514919 1.61486 0.0136476 -0.000172033 -0.000514998
43.7381 4.38478 0.510984 1.6149 0.0132291 -0.000191947 -0.000518612
43.7595 4.38246 0.507008 1.61493 0.0130057 5.7912e-05 -0.000515949
43.7785 4.38007 0.502991 1.61497 0.0134923 -0.000204307 -0.000514512
43.7994 4.37765 0.498928 1.61502 0.0146539 -0.00032606 -0.000512692
43.8193 4.37518 0.494821 1.61508 0.0159114 -0.000236034 -0.000505851
43.8391 4.37268 0.490665 1.61514 0.0170963 -2.63983e-05 -0.000501307
43.8608 4.37012 0.486455 1.61521 0.0184742 -0.000234979 -0.000499488
43.8799 4.36752 0.482185 1.61528 0.0198759 -0.000264413 -0.000498958
43.9009 4.36488 0.477853 1.61536 0.0208248 -9.25325e-05 -0.000492263
43.9205 4.36221 0.473457 1.61543 0.0213309 -5.3894e-05 -0.000489479
43.9404 4.35951 0.468993 1.61551 0.0216234 -0.000148581 -0.000491156
43.9611 4.35678 0.46446 1.61558 0.0216708 -7.44605e-05 -0.000490037
43.9809 4.35402 0.459858 1.61564 0.0214495 -4.14694e-05 -0.00048986
44.0014 4.35124 0.455188 1.6157 0.0210753 -6.30101e-05 -0.000491968
44.0212 4.34843 0.450452 1.61574 0.0206097 -8.02652e-05 -0.000494576
44.0412 4.34559 0.445651 1.61578 0.0200778 -0.00016965 -0.000499027
44.0635 4.34274 0.440787 1.61582 0.0194863 -4.03061e-05 -0.000500864
44.0819 4.33986 0.435863 1.61584 0.0188535 -0.000135742 -0.000505989
44.1027 4.33696 0.430881 1.61587 0.0182038 -6.46286e-05 -0.000508913
44.1228 4.33404 0.425845 1.61589 0.0175585 -7.99122e-05 -0.000513817
44.1427 4.3311 0.420755 1.6159 0.0169484 -0.000208591 -0.000519226
44.1639 4.32814 0.415615 1.61592 0.0164391 -0.000204004 -0.000524689
44.183 4.32516 0.410428 1.61594 0.0158184 -0.000210298 -0.000528791
44.2037 4.32217 0.405197 1.61595 0.0150588 -0.000221393 -0.00053273
44.2234 4.31918 0.399924 1.61597 0.0142679 -0.000243465 -0.000536001
44.2434 4.31617 0.394612 1.61598 0.0134488 -0.000260748 -0.000542913
44.2647 4.31314 0.389265 1.61598 0.0126158 -0.000371233 -0.000548011
44.2842 4.31012 0.383886 1.61598 0.0117737 -0.000319735 -0.000552785
44.3047 4.30709 0.378479 1.61598 0.0108388 -0.000277071 -0.000552283
44.3243 4.30406 0.373047 1.61597 0.00990549 -0.000374736 -0.000555914
44.3443 4.30103 0.367593 1.61597 0.00902473 -0.000385364 -0.000560636
44.3661 4.29801 0.362123 1.61597 0.00803558 -0.000290816 -0.000563052
44.3857 4.29498 0.356638 1.61597 0.00706324 -0.000326876 -0.000564386
44.4072 4.29194 0.351143 1.61597 0.00625532 -0.000406509 -0.000563523
44.4263 4.28889 0.345639 1.61597 0.00577972 -0.000404891 -0.000560702
44.4464 4.28585 0.340129 1.61598 0.00551897 -0.000426976 -0.000555799
44.4681 4.28281 0.334616 1.61599 0.00510281 -0.000367319 -0.000552285
44.4861 4.27977 0.329101 1.616 0.00452447 -0.000469781 -0.000550292
44.5067 4.27674 0.323588 1.61601 0.00384352 -0.000474739 -0.000547716
44.5265 4.27373 0.318078 1.61602 0.00297717 -0.00043255 -0.000546382
44.5465 4.27073 0.312575 1.61603 0.00205705 -0.000439915 -0.000545857
44.5693 4.26774 0.307081 1.61605 0.00117814 -0.00046355 -0.000544514
44.5878 4.26476 0.301601 1.61605 0.000329824 -0.000493382 -0.000545193
44.6086 4.26179 0.296136 1.61606 -0.000406429 -0.000502192 -0.000545548
44.6279 4.25884 0.29069 1.61606 -0.00108393 -0.000504874 -0.000542307
44.6482 4.25589 0.285265 1.61606 -0.00172856 -0.00051765 -0.000539989
44.6718 4.25296 0.279865 1.61606 -0.00227948 -0.000525402 -0.000540459
44.6883 4.25004 0.27449 1.61605 -0.00274619 -0.000658081 -0.000537601
44.7091 4.24713 0.269143 1.61604 -0.00321408 -0.000590372 -0.000537101
44.7287 4.24425 0.263827 1.61604 -0.00381017 -0.000483435 -0.000537663
44.7494 4.24138 0.258544 1.61603 -0.00447763 -0.000504154 -0.00053636
44.7701 4.23853 0.253294 1.61604 -0.00502782 -0.000537454 -0.000533343
44.7891 4.2357 0.248081 1.61604 -0.0054787 -0.000632129 -0.000529707
44.8111 4.23289 0.242906 1.61605 -0.00604979 -0.000538748 -0.000527475
44.8295 4.23011 0.237772 1.61607 -0.00666095 -0.000611946 -0.000520778
44.8497 4.22734 0.232681 1.61609 -0.00715043 -0.000629709 -0.000515492
44.872 4.22458 0.227633 1.61611 -0.00750019 -0.000515775 -0.000511639
44.8899 4.22183 0.222627 1.61614 -0.00739075 -0.000738057 -0.000507649
44.9107 4.2191 0.217666 1.61618 -0.00705699 -0.000665854 -0.000504077
44.9303 4.21637 0.212748 1.61622 -0.00671508 -0.000569953 -0.000502496
44.9503 4.21365 0.207873 1.61626 -0.00643108 -0.000558576 -0.000498556
44.9715 4.21095 0.203038 1.61629 -0.00616184 -0.000612987 -0.000495662
44.9908 4.20826 0.198244 1.61632 -0.00599977 -0.000521768 -0.000490968
45.0112 4.2056 0.19349 1.61635 -0.00598629 -0.000498016 -0.000486104
45.0312 4.20295 0.188775 1.61636 -0.00610143 -0.00064271 -0.000483792
45.0519 4.20032 0.1841 1.61637 -0.00633869 -0.000465313 -0.000481144
45.0722 4.19771 0.179465 1.61638 -0.00661885 -0.000553364 -0.000476711
45.0917 4.19513 0.174871 1.61639 -0.00695263 -0.000531419 -0.000473951
45.114 4.19257 0.170319 1.6164 -0.00731406 -0.000477421 -0.000470934
45.1332 4.19004 0.165811 1.6164 -0.00773777 -0.000489795 -0.000465362
45.1533 4.18753 0.161349 1.6164 -0.00824941 -0.000594366 -0.000457375
45.1743 4.18506 0.156933 1.61639 -0.0087938 -0.000494101 -0.000448491
45.1937 4.18261 0.152566 1.61639 -0.00937734 -0.000475921 -0.000439241
45.2145 4.18018 0.14825 1.61638 -0.00989 -0.000587608 -0.000427935
45.2341 4.17779 0.143986 1.61637 -0.0104115 -0.000557859 -0.000419971
45.2542 4.17543 0.139777 1.61636 -0.0109952 -0.000538816 -0.000410749
45.2772 4.1731 0.135624 1.61635 -0.0115354 -0.000560525 -0.000404536
45.2944 4.17081 0.13153 1.61634 -0.0120526 -0.000547185 -0.000397088
45.3148 4.16855 0.127497 1.61633 -0.012583 -0.000565049 -0.000388205
45.3345 4.16633 0.123526 1.61632 -0.0131304 -0.000631153 -0.000381996
45.3552 4.16413 0.119619 1.61631 -0.0136808 -0.000764782 -0.000375243
45.3761 4.16198 0.115778 1.6163 -0.0142468 -0.000674765 -0.000368607
45.3949 4.15986 0.112006 1.6163 -0.0148449 -0.000594763 -0.00036137
45.4155 4.15778 0.108304 1.6163 -0.0154391 -0.000617701 -0.000352839
45.4354 4.15575 0.104675 1.6163 -0.0159602 -0.000629929 -0.000343166
45.4553 4.15376 0.101118 1.6163 -0.0163691 -0.000519368 -0.000336442
45.4773 4.15179 0.0976367 1.6163 -0.0166269 -0.000677128 -0.000330896
45.496 4.14987 0.094231 1.6163 -0.0168052 -0.000686107 -0.000319453
45.5167 4.14798 0.0909019 1.61631 -0.016937 -0.00062467 -0.000314304
45.5363 4.14613 0.0876496 1.61632 -0.0170177 -0.000593277 -0.000308148
45.5561 4.14432 0.0844742 1.61633 -0.0170442 -0.00049824 -0.000304019
45.5799 4.14254 0.0813752 1.61635 -0.0170006 -0.000620727 -0.000298208
45.5972 4.1408 0.0783526 1.61636 -0.0169124 -0.00053322 -0.00029469
45.6183 4.1391 0.0754058 1.61638 -0.0167957 -0.000464129 -0.000294395
45.6375 4.13742 0.0725339 1.61639 -0.0166409 -0.000605125 -0.000286416
45.6584 4.13578 0.0697363 1.61641 -0.0164567 -0.000489337 -0.000282749
45.6813 4.13418 0.0670122 1.61643 -0.0162687 -0.000451955 -0.000277479
45.6983 4.1326 0.0643602 1.61645 -0.0160463 -0.000506994 -0.000270326
45.7188 4.13106 0.0617798 1.61647 -0.0158589 -0.000533919 -0.000262763
45.7392 4.12955 0.0592698 1.61649 -0.0156723 -0.000451915 -0.000258075
45.7589 4.12807 0.0568292 1.6165 -0.0154828 -0.000574948 -0.000249187
45.7826 4.12663 0.0544571 1.61652 -0.0152979 -0.00048947 -0.00024314
45.7993 4.12522 0.0521526 1.61653 -0.015142 -0.000566644 -0.000235334
45.821 4.12384 0.0499153 1.61655 -0.0150644 -0.000439198 -0.00022755
45.8396 4.12249 0.0477436 1.61656 -0.0149068 -0.000441223 -0.000219261
45.8601 4.12117 0.0456369 1.61658 -0.0146752 -0.000442069 -0.000211161
45.8806 4.11988 0.0435946 1.61659 -0.0144763 -0.000428966 -0.000202531
45.9012 4.11862 0.0416154 1.6166 -0.0142676 -0.000421713 -0.00019272
45.9219 4.11739 0.0396982 1.61661 -0.0140235 -0.000414612 -0.000186146
45.9413 4.11619 0.0378419 1.61662 -0.0137623 -0.000402037 -0.000177461
45.9612 4.11502 0.0360453 1.61663 -0.013477 -0.000396018 -0.000169906
45.9838 4.11387 0.0343071 1.61663 -0.0131832 -0.000393907 -0.000160279
46.0012 4.11276 0.032626 1.61664 -0.0128648 -0.000415495 -0.000148374
46.0229 4.11168 0.0310006 1.61664 -0.0125458 -0.00044517 -0.00014235
46.0411 4.11062 0.0294295 1.61664 -0.0122298 -0.000424099 -0.000135261
46.0613 4.10959 0.0279114 1.61665 -0.0119184 -0.00043408 -0.000124902
46.0837 4.10859 0.0264452 1.61665 -0.0116674 -0.000414127 -0.000116233
46.102 4.10762 0.0250295 1.61665 -0.0114487 -0.00032743 -0.000109006
46.1228 4.10668 0.0236633 1.61665 -0.0112521 -0.000378709 -9.80372e-05
46.1422 4.10575 0.0223454 1.61665 -0.0110253 -0.0004444 -8.84349e-05
46.1622 4.10485 0.0210745 1.61665 -0.0107447 -0.000506023 -7.96511e-05
46.1839 4.10397 0.01985 1.61665 -0.0105094 -0.000341712 -6.81901e-05
46.2029 4.10311 0.0186708 1.61665 -0.0103096 -0.000477975 -5.89392e-05
46.2237 4.10228 0.0175359 1.61666 -0.0101226 -0.000504491 -4.73042e-05
46.2429 4.10148 0.0164446 1.61666 -0.00998548 -0.000426407 -3.89698e-05
46.2629 4.1007 0.0153958 1.61667 -0.00983067 -0.000346155 -3.26591e-05
46.2844 4.09994 0.0143889 1.61668 -0.00968176 -0.000482493 -2.39933e-05
46.3033 4.09922 0.0134233 1.61669 -0.00954822 -0.000413845 -1.70571e-05
46.3256 4.09851 0.0124981 1.61671 -0.00941875 -0.000464437 -8.47649e-06
46.3436 4.09782 0.0116128 1.61672 -0.00927702 -0.000328144 -3.0385e-06
46.3643 4.09716 0.0107664 1.61673 -0.00908966 -0.000419143 3.55373e-06
46.3852 4.09652 0.00995805 1.61674 -0.00887286 -0.00034429 7.11653e-06
46.4045 4.0959 0.00918705 1.61676 -0.00866133 -0.000433487 1.72528e-05
46.426 4.09531 0.00845238 1.61677 -0.00844306 -0.00034893 2.33343e-05
46.4453 4.09473 0.00775317 1.61678 -0.00823468 -0.000348151 2.79869e-05
46.465 4.09417 0.00708853 1.61678 -0.00804259 -0.000374578 3.17156e-05
46.4864 4.09364 0.00645748 1.61679 -0.00785563 -0.000369549 3.99147e-05
46.5053 4.09312 0.00585912 1.61679 -0.00765721 -0.000366257 4.51372e-05
46.5271 4.09263 0.0052927 1.61679 -0.00746994 -0.000380602 5.09008e-05
46.5459 4.09215 0.00475726 1.61678 -0.00727452 -0.000387598 5.53429e-05
46.5664 4.09169 0.00425196 1.61677 -0.00707237 -0.000390264 5.87021e-05
46.5865 4.09126 0.00377596 1.61676 -0.0068743 -0.000399597 6.31635e-05
46.6064 4.09084 0.0033283 1.61675 -0.00666487 -0.000400112 6.74911e-05
46.6275 4.09044 0.00290805 1.61674 -0.0064402 -0.000386298 7.16157e-05
46.6469 4.09006 0.0025143 1.61672 -0.00620912 -0.00039012 7.70515e-05
46.6677 4.0897 0.00214616 1.61671 -0.00598883 -0.000271072 8.35172e-05
46.6886 4.08935 0.00180251 1.61669 -0.00574438 -0.000266178 8.54961e-05
46.7078 4.08902 0.00148231 1.61668 -0.00547932 -0.000324841 8.87761e-05
46.7289 4.08869 0.00118459 1.61667 -0.00521484 -0.000314215 9.25599e-05
46.7482 4.08838 0.000908356 1.61665 -0.00497286 -0.000282437 9.55228e-05
46.7682 4.08808 0.000652593 1.61664 -0.0047522 -0.000264177 9.8603e-05
46.7892 4.08779 0.000416326 1.61663 -0.00454882 -0.000353231 0.000104058
46.8087 4.08752 0.000198959 1.61662 -0.00440086 -0.000237967 0.000107138
46.8295 4.08727 -4.14244e-08 1.61661 -0.00432778 -0.000223849 0.00011142
46.8493 4.08702 -0.000181424 1.6166 -0.00425926 -0.000207254 0.000115684
46.869 4.08679 -0.00034629 1.6166 -0.00406446 -0.000228582 0.000118026
46.8914 4.08657 -0.000495293 1.6166 -0.00377459 -0.000229222 0.000119906
46.9099 4.08636 -0.000629175 1.6166 -0.0034662 -0.000159349 0.000123194
46.9309 4.08615 -0.000749303 1.6166 -0.00312167 -0.00030905 0.000127782
46.9501 4.08595 -0.000856924 1.61661 -0.00276182 -0.000233213 0.000129842
46.9703 4.08577 -0.00095332 1.61661 -0.0024153 -7.54941e-05 0.000130011
46.9913 4.08558 -0.0010399 1.61662 -0.00208389 -0.000113589 0.00013268
47.0104 4.0854 -0.00111794 1.61663 -0.00177253 -0.000138784 0.000133875
47.0317 4.08523 -0.00118866 1.61664 -0.00148577 -0.000122741 0.000134316
47.0512 4.08506 -0.0012532 1.61666 -0.0012252 -0.000110716 0.000135047
47.0712 4.08489 -0.00131255 1.61667 -0.00100091 -0.00011704 0.000136319
47.0938 4.08472 -0.00136771 1.61668 -0.000792987 -0.000125627 0.000139106
47.1119 4.08457 -0.00141952 1.61669 -0.000601938 -0.000129443 0.000142175
47.1343 4.08441 -0.00146862 1.6167 -0.000441791 -0.000145338 0.000144483
47.1519 4.08426 -0.00151578 1.6167 -0.000292816 -0.000158758 0.000146596
47.1723 4.08411 -0.00156162 1.61671 -0.000150336 -0.000163356 0.000147208
47.1945 4.08397 -0.00160659 1.61671 -3.19377e-05 -0.000179546 0.000149195
47.2132 4.08383 -0.00165113 1.61671 6.05009e-05 -0.000204953 0.000149749
47.2344 4.08369 -0.00169566 1.61671 0.000132856 -0.000215431 0.000150692
47.2532 4.08356 -0.00174048 1.6167 0.000191148 -0.000219807 0.000150846
47.2733 4.08343 -0.00178577 1.6167 0.000226096 -0.000234698 0.000150861
47.2941 4.08331 -0.00183174 1.61669 0.000249864 -0.000246395 0.000151537
47.3135 4.08319 -0.0018785 1.61668 0.000267606 -0.000249132 0.000152545
47.3359 4.08307 -0.001926 1.61667 0.00026091 -0.00026463 0.000152337
47.3545 4.08295 -0.0019743 1.61666 0.000242529 -0.00027749 0.000151344
47.3744 4.08284 -0.00202344 1.61665 0.000230506 -0.000265274 0.000152876
47.3958 4.08273 -0.00207324 1.61664 0.000202775 -0.000254874 0.000156279
47.4143 4.08263 -0.0021236 1.61663 0.000163513 -0.000241701 0.000159035
47.437 4.08253 -0.00217442 1.61662 0.000120801 -0.000221913 0.000163826
47.4553 4.08243 -0.00222543 1.6166 5.97241e-05 -0.000212514 0.000167559
47.475 4.08234 -0.00227641 1.61658 -1.67143e-05 -0.000206858 0.00017207
47.4956 4.08225 -0.00232718 1.61656 -9.12769e-05 -0.000199199 0.000178584
47.516 4.08216 -0.00237745 1.61654 -0.000160499 -0.000182213 0.000184968
47.5365 4.08208 -0.00242691 1.61651 -0.00022945 -0.000166727 0.000186931
47.5557 4.082 -0.00247537 1.61648 -0.000287021 -0.000164207 0.000190505
47.5757 4.08192 -0.00252267 1.61645 -0.000327643 -0.000160633 0.000196718
47.5972 4.08185 -0.00256846 1.61642 -0.000378958 -0.000160817 0.000200268
47.6164 4.08178 -0.00261262 1.61638 -0.00042741 -0.000148417 0.000204544
47.6374 4.08171 -0.00265518 1.61635 -0.000441632 -0.000145126 0.000209893
47.6569 4.08165 -0.00269587 1.61632 -0.000453312 -0.000169133 0.000212369
47.677 4.08159 -0.00273471 1.61629 -0.000455111 -0.000183081 0.000215065
47.6989 4.08154 -0.00277166 1.61626 -0.000455033 -0.000184848 0.000217842
47.7174 4.08149 -0.00280659 1.61624 -0.000472579 -0.000193646 0.000220692
47.7381 4.08144 -0.00283961 1.61621 -0.000483555 -0.000178017 0.000224388
47.7584 4.08139 -0.00287065 1.61619 -0.000491393 -0.000152336 0.000228503
47.7778 4.08135 -0.00289965 1.61617 -0.000502185 -0.000149887 0.000234537
47.8 4.08132 -0.00292658 1.61615 -0.000511055 -0.000146836 0.000237101
47.8187 4.08128 -0.00295139 1.61614 -0.000524353 -0.000141623 0.00023901
47.839 4.08125 -0.00297403 1.61613 -0.000544567 -0.000146711 0.000242313
47.859 4.08123 -0.00299449 1.61612 -0.0005601 -0.000139103 0.000245686
47.8787 4.0812 -0.00301268 1.61612 -0.000574208 -0.000118945 0.000246826
47.9004 4.08118 -0.00302859 1.61611 -0.000581365 -0.000134019 0.000245569
47.9192 4.08117 -0.00304236 1.61611 -0.000559466 -0.000158737 0.000247033
47.9404 4.08116 -0.00305395 1.61611 -0.000530316 -0.000181955 0.000249105
47.9601 4.08115 -0.00306333 1.61612 -0.000517265 -0.000217082 0.000253534
47.9802 4.08114 -0.00307069 1.61612 -0.000497629 -0.000230185 0.000254698
48.0007 4.08114 -0.00307605 1.61613 -0.000481326 -0.000230704 0.000256336
48.0202 4.08114 -0.00307939 1.61613 -0.000484192 -0.000236956 0.000257223
48.041 4.08114 -0.00308085 1.61614 -0.000481421 -0.000218479 0.000256194
48.0616 4.08115 -0.00308042 1.61614 -0.000481234 -0.000188518 0.000256861
48.0817 4.08116 -0.00307802 1.61615 -0.000494463 -0.000182188 0.000259212
48.1027 4.08117 -0.00307368 1.61615 -0.000508099 -0.000175805 0.000258961
48.122 4.08119 -0.00306748 1.61616 -0.000502434 -0.000155581 0.000257321
48.1437 4.08121 -0.00305933 1.61616 -0.00049789 -0.000162374 0.000258259
48.1621 4.08124 -0.00304922 1.61616 -0.00050109 -0.000173543 0.000259297
48.1821 4.08126 -0.00303722 1.61616 -0.000495112 -0.000160036 0.000258716
48.2044 4.08129 -0.00302326 1.61617 -0.000499171 -0.000160024 0.000257657
48.2228 4.08133 -0.00300733 1.61617 -0.00051413 -0.000172062 0.000259217
48.243 4.08136 -0.00298952 1.61617 -0.00051353 -0.000161025 0.000258588
48.2627 4.0814 -0.00296989 1.61617 -0.000493871 -0.000181438 0.000259023
48.2832 4.08145 -0.00294842 1.61617 -0.000465762 -0.000221868 0.000257198
48.3043 4.08149 -0.00292533 1.61618 -0.000417286 -0.000235514 0.000256764
48.3237 4.08154 -0.00290063 1.61618 -0.000378106 -0.000247864 0.000256871
48.3441 4.08159 -0.0028744 1.61619 -0.000360531 -0.000270186 0.000257144
48.3642 4.08165 -0.00284687 1.61619 -0.000336416 -0.000266818 0.000256267
48.3841 4.0817 -0.00281809 1.6162 -0.000318257 -0.000251832 0.000255751
48.4049 4.08177 -0.00278802 1.61621 -0.000322792 -0.000249529 0.00025571
48.4246 4.08183 -0.00275679 1.61621 -0.000323906 -0.000247169 0.000254132
48.447 4.08189 -0.00272444 1.61622 -0.000318297 -0.000227429 0.000252734
48.4649 4.08196 -0.00269091 1.61622 -0.000319746 -0.000230364 0.000251699
48.4851 4.08204 -0.0026563 1.61623 -0.00031004 -0.000234966 0.000251276
48.5092 4.08211 -0.00262061 1.61623 -0.000296691 -0.000224367 0.000251012
48.5258 4.08219 -0.00258381 1.61624 -0.000294346 -0.000233777 0.000250837
48.5462 4.08227 -0.00254601 1.61624 -0.000285642 -0.000238566 0.00025068
48.5662 4.08235 -0.00250726 1.61624 -0.0002698 -0.000221642 0.000249707
48.5862 4.08244 -0.00246751 1.61625 -0.000265549 -0.000225065 0.000250131
48.6085 4.08253 -0.00242683 1.61625 -0.000262489 -0.000250734 0.00025025
48.6267 4.08262 -0.00238537 1.61626 -0.000242056 -0.000252056 0.000250183
48.6477 4.08271 -0.00234303 1.61626 -0.000231184 -0.000253067 0.000248879
48.6672 4.08281 -0.00229989 1.61627 -0.00022602 -0.000249286 0.000248281
48.6873 4.08291 -0.00225609 1.61628 -0.000206278 -0.000241676 0.000248384
48.7083 4.08302 -0.0022116 1.61628 -0.000192745 -0.000256425 0.000248326
48.7274 4.08312 -0.0021665 1.61629 -0.000175224 -0.00025496 0.00024718
48.749 4.08323 -0.00212085 1.6163 -0.000161043 -0.000240164 0.000245167
48.7678 4.08334 -0.00207463 1.6163 -0.000160506 -0.000244617 0.000243438
48.7878 4.08345 -0.00202802 1.61631 -0.00014544 -0.000241203 0.000242692
48.8107 4.08357 -0.001981 1.61632 -0.000127479 -0.000225292 0.000240055
48.8286 4.08369 -0.00193353 1.61633 -0.000128475 -0.000227291 0.000238623
48.8501 4.08381 -0.0018857 1.61633 -0.000131209 -0.000234173 0.000238745
48.8689 4.08394 -0.00183763 1.61634 -0.000113099 -0.000306222 0.00023839
48.8893 4.08408 -0.00178926 1.61635 -0.000100494 -0.00016386 0.000239722
48.912 4.08421 -0.00174064 1.61637 -8.44904e-05 -0.000219642 0.000236793
48.9297 4.08435 -0.00169188 1.61638 -6.52355e-05 -0.000370357 0.000235943
48.9518 4.08451 -0.00164306 1.61641 -4.101e-05 -0.000235909 0.000236265
48.9705 4.08466 -0.00159433 1.61643 -9.40315e-07 -0.000372109 0.000236382
48.9903 4.08482 -0.00154573 1.61647 3.70895e-05 -0.000321774 0.00023426
49.0119 4.08499 -0.00149741 1.61651 7.03047e-05 -0.000454112 0.000232181
49.0306 4.08516 -0.00144953 1.61655 0.000104864 -0.000439371 0.00023098
49.0514 4.08534 -0.00140218 1.61659 0.000132781 -0.000427787 0.000229607
49.0711 4.08553 -0.00135538 1.61663 0.000141699 -0.000353089 0.000228058
49.0911 4.08572 -0.00130932 1.61668 0.000155945 -0.000503172 0.00022709
49.1125 4.08592 -0.00126398 1.61672 0.000164423 -0.000480047 0.000224925
49.1316 4.08613 -0.0012194 1.61677 0.000168633 -0.000483539 0.000222252
49.1521 4.08635 -0.00117566 1.61681 0.00017842 -0.000393436 0.000221709
49.1718 4.08656 -0.00113279 1.61686 0.000193802 -0.000449722 0.000220314
49.1919 4.08678 -0.00109077 1.61691 0.000200449 -0.000533045 0.000217977
49.2132 4.08701 -0.00104961 1.61695 0.000197412 -0.00048502 0.000216427
49.2325 4.08725 -0.00100932 1.61699 0.000188931 -0.000371221 0.000216142
49.2534 4.08749 -0.00096991 1.61703 0.000182384 -0.000438926 0.000215436
49.2731 4.08773 -0.000931255 1.61708 0.00016204 -0.000430672 0.000214717
49.2933 4.08798 -0.000893296 1.61712 0.000131515 -0.000465838 0.000213985
49.3145 4.08823 -0.00085592 1.61716 9.30142e-05 -0.000455316 0.000213319
49.3337 4.08848 -0.000819066 1.6172 6.0671e-05 -0.000556378 0.000212683
49.3558 4.08875 -0.000782646 1.61724 4.29402e-05 -0.000506489 0.00021085
49.3743 4.08902 -0.00074658 1.61729 3.64471e-05 -0.000523223 0.000209492
49.394 4.0893 -0.000710718 1.61733 2.09928e-05 -0.000444335 0.000208986
49.4168 4.08958 -0.000675124 1.61737 1.94165e-05 -0.000506849 0.000206419
49.4351 4.08985 -0.000639859 1.6174 3.98047e-05 -0.000628704 0.000204719
49.4559 4.09014 -0.000604786 1.61744 4.80977e-05 -0.000466098 0.000203526
49.475 4.09043 -0.000570036 1.61748 5.97689e-05 -0.000459779 0.000202457
49.4951 4.09071 -0.000535566 1.61751 6.05531e-05 -0.000571331 0.000201556
49.5166 4.091 -0.000501294 1.61754 3.65894e-05 -0.000527231 0.000201833
49.5357 4.09131 -0.000467312 1.61757 1.98468e-05 -0.000346422 0.000201435
49.5561 4.09161 -0.000433626 1.61759 2.1491e-05 -0.000362278 0.000200905
49.5759 4.09192 -0.000400116 1.61762 2.06305e-05 -0.000437402 0.000200239
49.5964 4.09223 -0.000366758 1.61764 1.41235e-05 -0.000499175 0.000199241
49.6176 4.09255 -0.000333602 1.61766 1.54232e-05 -0.000324585 0.000197536
49.6363 4.09287 -0.000300703 1.61768 2.97834e-05 -0.000323981 0.000197206
49.6571 4.0932 -0.000267921 1.6177 2.67533e-05 -0.000398596 0.00019681
49.677 4.09352 -0.000235303 1.61772 1.50554e-05 -0.000476802 0.000197695
49.697 4.09386 -0.000202854 1.61774 7.17932e-06 -0.000331643 0.000195739
49.718 4.09419 -0.00017054 1.61776 -1.01077e-06 -0.0004201 0.000194771
49.7374 4.09454 -0.00013826 1.61778 -1.85254e-05 -0.000340243 0.000193664
49.7598 4.09488 -0.000106014 1.6178 -3.25714e-05 -0.000442959 0.000189324
49.7779 4.09523 -7.37351e-05 1.61782 -5.27901e-05 -0.000330527 0.000190998
49.798 4.09558 -4.14434e-05 1.61784 -5.68869e-05 -0.000360439 0.000191539
49.8189 4.09593 -9.14228e-06 1.61786 -4.1445e-05 -0.00040692 0.000190426
49.8388 4.09629 2.31665e-05 1.61789 -1.85759e-05 -0.000489877 0.00019018
49.8596 4.09665 5.55328e-05 1.61791 -8.94837e-06 -0.000452697 0.000188738
49.8789 4.09703 8.7864e-05 1.61793 -4.77396e-06 -0.00039647 0.000187083
49.8996 4.09741 0.000120122 1.61796 -2.91216e-06 -0.000396291 0.000186035
49.9206 4.0978 0.000152345 1.61798 -1.14872e-05 -0.000405983 0.000186234
49.9402 4.0982 0.000184572 1.61799 -2.96501e-05 -0.000406288 0.00018622
49.9605 4.09861 0.000216751 1.618 -3.70137e-05 -0.000412951 0.000185877
49.9806 4.09903 0.000248937 1.61801 -3.84198e-05 -0.000415832 0.000185464
50.0002 4.09946 0.000281154 1.61802 -3.68445e-05 -0.000409457 0.000185042
50.0225 4.09989 0.000313404 1.61802 -3.31933e-05 -0.000392962 0.000184152
50.0409 4.10034 0.000345727 1.61802 -3.61348e-05 -0.000376138 0.000182154
50.0625 4.10079 0.000378111 1.61801 -4.35032e-05 -0.000356611 0.000181189
50.0812 4.10126 0.000410535 1.61801 -4.62933e-05 -0.000335721 0.000180298
50.1012 4.10173 0.000442994 1.618 -4.30622e-05 -0.000318117 0.000180773
50.1222 4.10221 0.000475633 1.61798 -5.93482e-05 -0.000319522 0.000181995
50.1423 4.1027 0.000508452 1.61797 -8.33805e-05 -0.000322723 0.000182756
50.163 4.1032 0.000541437 1.61795 -9.75513e-05 -0.000319162 0.000183086
50.1818 4.10371 0.000574689 1.61794 -0.000109629 -0.000311023 0.0001832
50.2022 4.10422 0.000608358 1.61792 -0.000134992 -0.000319015 0.000181546
50.2246 4.10475 0.000642327 1.6179 -0.000141012 -0.000315879 0.000181035
50.2426 4.10529 0.000676646 1.61788 -0.000132616 -0.000291398 0.000181783
50.2638 4.10583 0.000711455 1.61786 -0.000136897 -0.000214695 0.000181895
50.2831 4.10637 0.000746588 1.61784 -0.000125106 -0.000376451 0.000182335
50.3031 4.10692 0.000782059 1.61783 -0.000106273 -0.000353607 0.000182659
50.3246 4.10748 0.00081787 1.61782 -9.33975e-05 -0.000310687 0.000182646
50.3433 4.10805 0.000853944 1.61782 -8.19021e-05 -0.000245162 0.000181954
50.3644 4.10862 0.000890065 1.61781 -4.69746e-05 -0.000319562 0.00018266
50.3838 4.10919 0.000926196 1.61781 -1.77349e-06 -0.000461066 0.000182117
50.4037 4.10977 0.000962273 1.61781 3.49276e-05 -0.000415077 0.000181331
50.4254 4.11036 0.000998184 1.61782 5.73256e-05 -0.000417217 0.000180777
50.4444 4.11095 0.00103384 1.61783 6.34794e-05 -0.000432107 0.000182796
50.4649 4.11155 0.00106922 1.61784 5.64203e-05 -0.000424002 0.00018311
50.4845 4.11216 0.00110418 1.61786 6.41066e-05 -0.000315164 0.000183513
50.5046 4.11276 0.00113869 1.61788 8.75494e-05 -0.000424243 0.000182377
50.5258 4.11338 0.00117276 1.6179 0.00010622 -0.000414301 0.000184307
50.5451 4.114 0.00120637 1.61793 0.000117793 -0.000343395 0.000183946
50.567 4.11464 0.00123945 1.61796 0.000123445 -0.000329784 0.000182864
50.5856 4.11528 0.00127195 1.61798 0.000127616 -0.000299329 0.000180834
50.6072 4.11592 0.00130384 1.61801 0.000134494 -0.000302187 0.000180169
50.6274 4.11657 0.00133509 1.61804 0.000140896 -0.000343351 0.000179931
50.6464 4.11722 0.00136581 1.61806 0.000125674 -0.000297778 0.000180043
50.6677 4.11787 0.00139592 1.61809 0.00011606 -0.000318642 0.000180213
50.687 4.11852 0.00142551 1.61812 9.97875e-05 -0.000355805 0.000179597
50.7071 4.11917 0.00145467 1.61814 7.52411e-05 -0.000378318 0.000179537
50.7274 4.11982 0.00148344 1.61816 5.19144e-05 -0.00038543 0.000179687
50.7474 4.12047 0.00151178 1.61818 5.05252e-05 -0.000485939 0.000179891
50.7677 4.12113 0.00153982 1.61819 4.89206e-05 -0.000419009 0.000181676
50.7873 4.1218 0.00156768 1.61821 2.96123e-05 -0.000257953 0.0001822
50.8074 4.12246 0.00159523 1.61822 2.97763e-05 -0.000366883 0.00018176
50.8316 4.12314 0.00162246 1.61824 4.65565e-05 -0.000350003 0.000181445
50.8485 4.12382 0.00164942 1.61826 6.40241e-05 -0.000353423 0.000181767
50.8692 4.1245 0.00167602 1.61828 8.3534e-05 -0.000414388 0.000182124
50.889 4.12518 0.0017022 1.6183 0.000103567 -0.000535994 0.000182571
50.9094 4.12587 0.001728 1.61832 0.0001054 -0.000465201 0.000181633
50.9305 4.12657 0.0017534 1.61835 9.21344e-05 -0.000332461 0.000180437
50.9495 4.12727 0.00177826 1.61838 9.57626e-05 -0.000427392 0.000178954
50.9704 4.12799 0.00180269 1.61841 9.54358e-05 -0.000495439 0.000177844
50.9898 4.12871 0.00182666 1.61844 9.64622e-05 -0.000486822 0.000177583
51.0098 4.12944 0.0018501 1.61846 0.000108851 -0.00047465 0.000176882
51.0306 4.13018 0.00187303 1.61849 0.000123483 -0.000473111 0.000177358
51.0507 4.13093 0.00189542 1.61851 0.000134796 -0.000463661 0.000177752
51.0708 4.13168 0.00191721 1.61853 0.000145779 -0.000443617 0.000177909
51.0905 4.13244 0.0019384 1.61855 0.000155479 -0.000414244 0.000174126
51.1108 4.13321 0.00195898 1.61856 0.000149781 -0.000401439 0.000173805
51.1318 4.13399 0.001979 1.61857 0.000129276 -0.000401 0.000173135
51.1511 4.13477 0.00199848 1.61858 0.000107187 -0.000405107 0.000170794
51.1721 4.13557 0.00201743 1.61859 9.3738e-05 -0.000390916 0.000169817
51.1915 4.13637 0.00203593 1.6186 8.23424e-05 -0.000406502 0.000169298
51.2118 4.13718 0.00205407 1.6186 6.9108e-05 -0.00043155 0.000168942
51.2325 4.138 0.00207189 1.61861 5.30096e-05 -0.00044344 0.00016866
51.2525 4.13883 0.00208942 1.61861 4.16607e-05 -0.000418854 0.000167478
51.2736 4.13967 0.00210666 1.61861 4.17634e-05 -0.000465243 0.000167757
51.2931 4.14051 0.00212362 1.61862 5.11656e-05 -0.000487098 0.000168666
51.3133 4.14136 0.00214033 1.61863 5.98692e-05 -0.000485641 0.000169021
51.3338 4.14222 0.00215687 1.61863 5.13824e-05 -0.000489085 0.000169274
51.3537 4.14309 0.0021732 1.61863 3.43625e-05 -0.000489447 0.000169514
51.3744 4.14396 0.00218936 1.61863 1.58256e-05 -0.000479306 0.000168004
51.3939 4.14484 0.00220539 1.61863 -3.05261e-07 -0.000454037 0.000168451
51.4143 4.14573 0.00222143 1.61863 -2.63412e-05 -0.000428236 0.000170319
51.4368 4.14662 0.0022376 1.61863 -6.39083e-05 -0.000407441 0.000169201
51.4546 4.14752 0.00225382 1.61862 -7.75238e-05 -0.000377788 0.000171297
51.4755 4.14843 0.00227033 1.61861 -9.55875e-05 -0.00044688 0.000171722
51.4947 4.14936 0.00228717 1.61861 -0.000114819 -0.000322977 0.000171784
51.5155 4.15029 0.00230424 1.61861 -0.000104743 -0.000339486 0.000170366
51.5366 4.15123 0.00232157 1.61861 -7.8727e-05 -0.00036456 0.000169197
51.5557 4.15217 0.00233914 1.61861 -5.24892e-05 -0.000353209 0.000169602
51.5768 4.15312 0.00235699 1.61862 -4.86151e-05 -0.000345095 0.000169843
51.596 4.15408 0.00237506 1.61862 -5.60601e-05 -0.000412358 0.000168991
51.6161 4.15506 0.00239323 1.61863 -5.59403e-05 -0.000270129 0.000169083
51.6365 4.15605 0.00241148 1.61864 -4.11503e-05 -0.000331725 0.000169467
51.656 4.15704 0.00242982 1.61866 -2.50306e-05 -0.00038626 0.000169817
51.6779 4.15804 0.00244821 1.61867 -9.74336e-06 -0.00037739 0.000170225
51.6972 4.15904 0.00246659 1.61868 4.12431e-06 -0.000375223 0.000169802
51.7168 4.16006 0.00248495 1.6187 1.01752e-05 -0.000389814 0.000168009
51.7375 4.16108 0.00250321 1.61871 1.62245e-05 -0.000395099 0.000165434
51.7579 4.1621 0.00252134 1.61871 2.16531e-05 -0.000388405 0.000165663
51.7789 4.16314 0.00253939 1.61872 1.8754e-05 -0.000378152 0.000165656
51.7977 4.16418 0.00255745 1.61872 -6.83342e-06 -0.000381127 0.000162761
51.8179 4.16523 0.00257542 1.61873 -2.19833e-05 -0.000367837 0.000161579
51.8387 4.16628 0.00259326 1.61873 -1.2587e-05 -0.000352582 0.000162224
51.8588 4.16735 0.00261116 1.61873 -1.52853e-05 -0.000436462 0.00016331
51.8787 4.16843 0.00262908 1.61874 -2.08314e-05 -0.000369138 0.00016484
51.8988 4.16952 0.00264688 1.61874 -1.78812e-06 -0.000214655 0.000165574
51.9186 4.17061 0.00266464 1.61875 1.44526e-05 -0.000456638 0.000166197
51.9393 4.17172 0.00268231 1.61877 2.84765e-05 -0.000351389 0.000165061
51.959 4.17285 0.00269974 1.61879 5.56018e-05 -0.000310317 0.00016221
51.9805 4.17399 0.0027169 1.61882 8.07325e-05 -0.000356721 0.000161036
52.0003 4.17514 0.00273374 1.61885 9.96021e-05 -0.000395236 0.000159619
52.0196 4.17631 0.00275014 1.61887 0.000115946 -0.000409884 0.000158876
52.0405 4.17749 0.00276602 1.61889 0.000133879 -0.000415157 0.000158605
52.0603 4.17869 0.00278136 1.61891 0.000146205 -0.000424075 0.000158529
52.081 4.1799 0.00279618 1.61893 0.000142234 -0.000449853 0.000158612
52.1003 4.18113 0.00281044 1.61895 0.000130561 -0.000482996 0.000158787
52.1205 4.18237 0.00282416 1.61896 0.000116271 -0.000518039 0.000160505
52.1417 4.18362 0.00283736 1.61897 0.000106259 -0.000544088 0.00016301
52.1611 4.18489 0.00285006 1.61897 0.00010405 -0.000558866 0.000163503
52.1817 4.18617 0.00286229 1.61898 0.000106323 -0.000565734 0.000164082
52.2014 4.18746 0.00287406 1.61898 0.000112579 -0.000565126 0.000161638
52.2218 4.18877 0.00288534 1.61898 0.000119378 -0.000560783 0.00016057
52.2427 4.19008 0.0028961 1.61897 0.000129501 -0.00067041 0.000161306
52.2617 4.19142 0.00290645 1.61897 0.000118054 -0.000502579 0.000162017
52.283 4.19278 0.00291628 1.61897 0.000112141 -0.000474157 0.00016263
52.3022 4.19414 0.00292562 1.61897 0.00010895 -0.000542956 0.000163236
52.3223 4.19552 0.00293455 1.61898 9.80131e-05 -0.000555636 0.000163956
52.344 4.19691 0.00294311 1.61898 8.55192e-05 -0.000525385 0.000161446
52.3633 4.19832 0.00295133 1.61899 6.47135e-05 -0.000505636 0.000162579
52.3836 4.19974 0.00295929 1.619 4.40251e-05 -0.000487991 0.000163387
52.4031 4.20117 0.00296694 1.619 4.04245e-05 -0.000445895 0.000164099
52.4232 4.20262 0.0029745 1.61901 2.34967e-05 -0.00041619 0.00016408
52.4462 4.20408 0.00298203 1.61902 -7.07071e-06 -0.000396793 0.000164166
52.4643 4.20555 0.00298949 1.61902 -2.66485e-05 -0.000365258 0.000166774
52.4846 4.20703 0.00299705 1.61903 -4.68535e-05 -0.000351713 0.000167462
52.504 4.20853 0.0030048 1.61904 -6.97531e-05 -0.000342653 0.000167849
52.5248 4.21004 0.00301264 1.61904 -6.84821e-05 -0.00025835 0.000167064
52.5468 4.21156 0.00302067 1.61905 -5.80993e-05 -0.000359825 0.000168106
52.5653 4.21308 0.0030288 1.61906 -3.24438e-05 -0.000285149 0.000168112
52.5856 4.21461 0.0030371 1.61908 -1.63996e-05 -0.000271131 0.0001675
52.6053 4.21615 0.00304542 1.61909 2.55417e-06 -0.000313477 0.000166005
52.6251 4.21769 0.0030536 1.61911 3.66463e-05 -0.000348467 0.000166097
52.647 4.21924 0.00306162 1.61913 6.4114e-05 -0.000414539 0.000167307
52.666 4.22081 0.0030695 1.61915 6.85339e-05 -0.000284104 0.000168375
52.6865 4.2224 0.00307704 1.61919 8.01575e-05 -0.000270781 0.000166849
52.7079 4.22399 0.00308422 1.61922 9.71763e-05 -0.000418338 0.000164103
52.7264 4.22559 0.00309101 1.61927 0.000109507 -0.00051927 0.000163522
52.7476 4.22719 0.0030974 1.61931 0.000115592 -0.000506272 0.000162237
52.7672 4.2288 0.00310345 1.61935 9.95454e-05 -0.000550601 0.000161522
52.789 4.23041 0.00310906 1.61939 8.97306e-05 -0.000602625 0.000160391
52.8071 4.23205 0.0031142 1.61943 9.74887e-05 -0.000571226 0.000160197
52.8274 4.23371 0.00311907 1.61947 8.29489e-05 -0.000539905 0.000159929
52.8481 4.23539 0.00312364 1.61951 6.06982e-05 -0.00042834 0.000158511
52.8676 4.23707 0.00312804 1.61955 2.1471e-05 -0.000417541 0.000158305
52.8882 4.23875 0.0031322 1.61959 7.3121e-06 -0.000418744 0.000158417
53.0513 4.24046 0.00313627 1.61963 3.46901e-06 0.000338495 0.000157667
53.0713 4.24216 0.00313501 1.61966 0.000496424 -0.011302 0.000222258
53.0915 4.24506 0.00314451 1.6204 -0.00120158 0.00257038 0.000358288
53.1112 4.24881 0.00315042 1.62173 -0.00117617 0.00331856 0.000277881
53.1326 4.25321 0.00315784 1.6234 -0.000558451 -0.00479598 0.000220221
53.1517 4.25852 0.0031698 1.62529 -0.000372269 -0.00516098 0.000221804
53.1719 4.26459 0.0031836 1.62726 -0.000222973 -0.00616481 0.000206978
53.1923 4.27151 0.00319896 1.62924 -0.000158267 -0.00620817 0.000204966
53.2125 4.27923 0.00321521 1.63119 -0.000107039 -0.00645363 0.000205672
53.2346 4.28768 0.00323167 1.63302 6.20582e-06 -0.00719142 0.000197152
53.2528 4.29685 0.0032486 1.63474 3.62183e-05 -0.00669874 0.000205487
53.273 4.30661 0.0032663 1.63635 -9.71277e-05 -0.00700949 0.000233864
53.2942 4.31704 0.00328351 1.63783 -6.68263e-05 -0.00687834 0.000233756
53.3134 4.32809 0.0033013 1.6392 -9.34983e-05 -0.0054467 0.000242379
53.3348 4.33962 0.00331939 1.64042 -7.77141e-05 -0.00551425 0.000235639
53.3538 4.35153 0.0033369 1.64151 0.000102285 -0.00697442 0.000223656
53.3739 4.36382 0.00335501 1.64249 0.000119358 -0.00685336 0.000228482
53.3949 4.3765 0.00337366 1.64334 -1.5241e-05 -0.00471354 0.000235044
53.414 4.38945 0.00339117 1.64405 5.62151e-05 -0.00468101 0.000229097
53.4361 4.40267 0.00340832 1.64463 0.00014017 -0.00443875 0.000225406
53.4546 4.41609 0.00342555 1.64507 0.000119858 -0.00340221 0.000224509
53.4746 4.42966 0.00344137 1.6454 0.000261546 -0.00341402 0.000218005
53.4964 4.44333 0.00345682 1.64561 0.000300918 -0.00291922 0.000217642
53.5154 4.45708 0.00347163 1.64572 0.000256966 -0.00189066 0.000218999
53.5365 4.47084 0.00348502 1.64571 0.000281798 -0.00151577 0.000217408
53.5558 4.4846 0.00349797 1.64559 0.000191473 -2.32608e-06 0.000217348
53.5755 4.49827 0.00350923 1.64538 0.000243005 8.85674e-05 0.000216746
53.5971 4.51183 0.00351933 1.6451 0.000319846 0.00047506 0.000217868
53.6162 4.52522 0.00352884 1.64475 0.000282892 0.0011191 0.000216735
53.6365 4.53842 0.00353703 1.64435 0.00027349 0.00193865 0.00021634
53.6565 4.55139 0.00354394 1.6439 0.000293069 0.00253254 0.000216314
53.6767 4.56405 0.00355002 1.6434 0.000250706 0.00326997 0.000217235
53.6971 4.57634 0.00355459 1.64287 0.000282279 0.0031891 0.000220376
53.717 4.58826 0.00355819 1.64234 0.000275178 0.00401821 0.000223142
53.7389 4.59979 0.00356085 1.64181 0.000230808 0.00554259 0.000224128
53.7581 4.6108 0.003562 1.64127 0.000261594 0.00498368 0.000229512
53.7778 4.62134 0.00356236 1.64077 0.000241116 0.00613034 0.000228895
53.7992 4.63129 0.00356134 1.64029 0.000264278 0.00584258 0.000229969
53.8183 4.64068 0.0035593 1.63986 0.000264724 0.00644198 0.000230755
53.8389 4.64947 0.00355617 1.63947 0.000255438 0.0077197 0.000227589
53.8586 4.65754 0.00355183 1.63911 0.000252909 0.00778012 0.000226174
53.8783 4.66486 0.00354611 1.63882 0.000278684 0.00664139 0.00022839
53.9016 4.67155 0.00353927 1.63862 0.00028291 0.00791042 0.000229834
53.9192 4.6776 0.00353159 1.6385 0.000220548 0.00948067 0.000224662
53.94 4.68288 0.00352239 1.63842 0.00022312 0.00809441 0.000227938
53.9593 4.68753 0.00351156 1.63847 0.000319532 0.00732344 0.000237208
53.9798 4.69158 0.00349967 1.63859 0.000370829 0.00767756 0.000239471
54.0015 4.69506 0.00348674 1.63874 0.000341863 0.00791213 0.000236258
54.0199 4.698 0.00347194 1.63889 0.000377085 0.00767969 0.000241383
54.0405 4.70044 0.00345526 1.63902 0.000443689 0.00609198 0.000249873
54.0607 4.70254 0.00343812 1.63918 0.000296778 0.0073385 0.000248431
54.0807 4.70416 0.0034173 1.63933 0.000554818 0.00450319 0.000256991
54.1026 4.70545 0.00339825 1.63965 0.000212902 0.00441045 0.000221817
54.1212 4.7066 0.00337727 1.64014 4.29293e-05 0.00663797 0.00020732
54.1417 4.70763 0.00335367 1.64066 0.00027152 0.00551522 0.000197339
54.1615 4.7086 0.00333111 1.64117 0.000163624 0.0048163 0.000180908
54.1815 4.70952 0.00330774 1.64161 8.07129e-05 0.00419086 0.000171587
54.2043 4.71037 0.00328383 1.64195 4.25089e-05 0.00320494 0.000161874
54.222 4.71121 0.00325995 1.64222 -1.2707e-05 0.00261933 0.000151633
54.2432 4.71201 0.0032359 1.6424 -2.12503e-05 0.00188385 0.000141892
54.2624 4.71278 0.00321199 1.64247 -2.83981e-05 0.00123773 0.000133852
54.2831 4.71352 0.00318823 1.64244 -3.28964e-05 0.000533775 0.000130468
54.3037 4.71422 0.0031646 1.64231 -2.22073e-05 -3.23186e-06 0.000122828
54.323 4.71489 0.00314107 1.64208 -5.20957e-06 -0.000508417 0.000118387
54.3438 4.71552 0.00311761 1.64177 1.66552e-05 -0.000888008 0.000112579
54.3639 4.71613 0.0030942 1.64138 2.65514e-05 -0.00130852 0.000106484
54.3836 4.71672 0.00307088 1.64097 1.60654e-05 -0.00133204 0.000100753
54.4045 4.7173 0.00304746 1.64055 2.34401e-05 -0.00154431 9.51175e-05
54.4239 4.71785 0.00302399 1.64013 3.45337e-05 -0.00174327 9.05251e-05
54.4458 4.71838 0.00300043 1.6397 5.03039e-05 -0.00185325 8.68086e-05
54.4647 4.7189 0.00297684 1.63928 5.1339e-05 -0.00191981 8.30525e-05
54.4848 4.71939 0.00295306 1.63886 6.21703e-05 -0.00198407 7.80536e-05
54.5059 4.71986 0.00292899 1.63845 9.48141e-05 -0.00203157 7.3317e-05
54.5254 4.72031 0.00290448 1.63804 0.000148212 -0.00218809 7.07833e-05
54.5461 4.72075 0.00287969 1.63763 0.000166175 -0.00211326 6.90754e-05
54.5658 4.72117 0.00285435 1.63724 0.000177811 -0.00196174 7.00475e-05
54.5862 4.72157 0.00282833 1.63687 0.000199139 -0.00211437 6.84165e-05
54.608 4.72196 0.00280182 1.63652 0.000187588 -0.00201999 6.55159e-05
54.6259 4.72233 0.00277457 1.63619 0.000187282 -0.00196993 6.62707e-05
54.6469 4.72269 0.00274667 1.63588 0.00018572 -0.00194005 6.78583e-05
54.6665 4.72304 0.00271796 1.63558 0.000215739 -0.00201193 6.74719e-05
54.6865 4.72337 0.00268868 1.6353 0.000215212 -0.00201366 6.79636e-05
54.7084 4.72369 0.00265859 1.63503 0.000223854 -0.00191071 6.81412e-05
54.7269 4.72399 0.00262765 1.63477 0.000243503 -0.00187646 6.80323e-05
54.7491 4.72429 0.00259586 1.63453 0.000263463 -0.00186812 6.83388e-05
54.7675 4.72457 0.00256317 1.63429 0.000275489 -0.00183498 7.00651e-05
54.7873 4.72484 0.0025294 1.63406 0.000306039 -0.00180138 7.04602e-05
54.8083 4.7251 0.00249448 1.63383 0.000344789 -0.00178844 7.07068e-05
54.828 4.72534 0.00245837 1.63361 0.000375139 -0.00177324 7.21047e-05
54.8492 4.72558 0.00242091 1.63339 0.000403336 -0.00173764 7.35002e-05
54.869 4.7258 0.00238201 1.63317 0.000427598 -0.00171373 7.57782e-05
54.8889 4.72601 0.00234159 1.63296 0.000445542 -0.00169582 7.91803e-05
54.9121 4.72621 0.00229953 1.63275 0.000472667 -0.00166508 7.69067e-05
54.9297 4.7264 0.00225575 1.63255 0.000493662 -0.00163304 7.97444e-05
54.9509 4.72658 0.00221021 1.63235 0.000508088 -0.0016191 8.36697e-05
54.9702 4.72675 0.00216285 1.63216 0.000521492 -0.00159358 8.44407e-05
54.99 4.72691 0.0021136 1.63198 0.00053055 -0.0015553 8.97517e-05
55.0123 4.72706 0.00206239 1.63179 0.000550917 -0.00153362 8.92638e-05
55.0302 4.72719 0.00200917 1.63162 0.000570815 -0.00149402 9.08465e-05
55.0514 4.72732 0.00195404 1.63145 0.000564925 -0.00145476 9.22043e-05
55.0713 4.72744 0.00189691 1.63129 0.000551674 -0.00145511 9.45389e-05
55.0911 4.72755 0.00183777 1.63113 0.000542878 -0.00145291 9.75892e-05
55.1132 4.72764 0.00177663 1.63099 0.000544155 -0.00143379 9.95344e-05
55.1316 4.72773 0.00171336 1.63085 0.000578818 -0.00141829 0.000101027
55.1528 4.72781 0.00164778 1.63072 0.000652625 -0.0014115 0.000102814
55.1723 4.72788 0.00157969 1.63059 0.000749533 -0.00139299 0.000106593
55.1919 4.72794 0.00150888 1.63048 0.000847525 -0.00136573 0.000109929
55.214 4.72799 0.00143495 1.63036 0.000945995 -0.00136746 0.000114108
55.233 4.72803 0.00135756 1.63026 0.00104132 -0.00135068 0.00011742
55.253 4.72806 0.00127646 1.63016 0.00111521 -0.00131119 0.000120013
55.273 4.72808 0.00119132 1.63006 0.00117933 -0.00129264 0.000121108
55.2929 4.72809 0.00110182 1.62997 0.00124181 -0.00127362 0.000122464
55.3139 4.7281 0.00100779 1.62989 0.00129898 -0.00124746 0.000121363
55.3333 4.72809 0.000909002 1.6298 0.00134766 -0.00125158 0.000123162
55.356 4.72808 0.00080526 1.62973 0.00139256 -0.00124588 0.000125375
55.3738 4.72806 0.000696563 1.62966 0.00140963 -0.0012143 0.00012671
55.3937 4.72803 0.000582745 1.62959 0.00141655 -0.00119307 0.000129184
55.416 4.72799 0.000463693 1.62953 0.00143198 -0.00117112 0.000130762
55.4344 4.72794 0.000339475 1.62947 0.00143709 -0.00114871 0.000132256
55.4549 4.72788 0.000210076 1.62942 0.00143563 -0.00112971 0.00013199
55.4746 4.72782 7.53798e-05 1.62936 0.00144737 -0.00111074 0.000132559
55.4944 4.72775 -6.45119e-05 1.62931 0.00145201 -0.00109943 0.000133328
55.5157 4.72767 -0.000209594 1.62927 0.00144818 -0.00108085 0.00013471
55.5354 4.72758 -0.000359891 1.62922 0.00144503 -0.00105998 0.000136811
55.5567 4.72749 -0.000515501 1.62919 0.00146436 -0.00105917 0.000138002
55.5758 4.72739 -0.000676401 1.62915 0.00149257 -0.00111339 0.000138001
55.596 4.72728 -0.000842634 1.62913 0.00151937 -0.00104839 0.000138207
55.6168 4.72718 -0.00101418 1.62912 0.0015268 -0.000984192 0.000138684
55.636 4.72707 -0.00119102 1.6291 0.00151225 -0.000913854 0.000139204
55.6602 4.72696 -0.00137321 1.6291 0.00149485 -0.00107261 0.000140119
55.6779 4.72684 -0.00156056 1.6291 0.00146099 -0.00103532 0.000139854
55.6973 4.72673 -0.001753 1.62911 0.00142198 -0.000909721 0.000139572
55.7196 4.72662 -0.00195051 1.62912 0.00140051 -0.00104635 0.000140029
55.7383 4.7265 -0.00215291 1.62914 0.00138739 -0.00103641 0.000140342
55.7592 4.72638 -0.00236011 1.62916 0.00137554 -0.000941565 0.000140581
55.7784 4.72626 -0.00257197 1.62919 0.00135359 -0.00091758 0.000140623
55.7985 4.72614 -0.0027885 1.62923 0.00134123 -0.000993754 0.0001404
55.8194 4.72603 -0.00300971 1.62927 0.00135046 -0.000972354 0.000138889
55.8391 4.72591 -0.00323555 1.62931 0.00136662 -0.000924768 0.000136019
55.8595 4.72579 -0.003466 1.62936 0.0013808 -0.000901423 0.00013438
55.8793 4.72567 -0.00370114 1.62941 0.00139595 -0.000921722 0.000134507
55.8998 4.72555 -0.00394096 1.62946 0.00140687 -0.000784588 0.000134946
55.9205 4.72541 -0.00418551 1.62951 0.00141554 -0.00092676 0.000134203
55.9401 4.72528 -0.00443481 1.62957 0.00142321 -0.00093135 0.000133308
55.9606 4.72515 -0.00468897 1.62963 0.00144569 -0.000880777 0.000132335
55.9808 4.72502 -0.00494801 1.62969 0.00147319 -0.000813333 0.000131174
56.0005 4.72489 -0.00521197 1.62976 0.00149805 -0.000862955 0.00013203
56.0229 4.72474 -0.00548108 1.62982 0.00154308 -0.000875892 0.00013281
56.0409 4.72459 -0.00575545 1.62988 0.00160124 -0.000914327 0.000134217
56.0623 4.72445 -0.00603505 1.62995 0.00163466 -0.000848877 0.000134448
56.0811 4.7243 -0.00631989 1.63001 0.00162281 -0.000836975 0.000135382
56.1011 4.72416 -0.00661004 1.63007 0.00159196 -0.000755874 0.000137401
56.1228 4.72401 -0.00690574 1.63013 0.00160608 -0.000885275 0.0001367
56.1416 4.72384 -0.00720751 1.63019 0.00174083 -0.00103093 0.000135285
56.1626 4.72369 -0.00751556 1.63025 0.0019448 -0.00083137 0.000134919
56.1822 4.72352 -0.00783027 1.63031 0.00214993 -0.000911588 0.000137353
56.2024 4.72336 -0.00815239 1.63038 0.00234983 -0.000902279 0.000139511
56.2247 4.72319 -0.00848271 1.63045 0.00255342 -0.00105609 0.000138389
56.2426 4.72302 -0.00882165 1.63052 0.00269823 -0.00092491 0.000139785
56.2642 4.72284 -0.00917013 1.6306 0.00285242 -0.000866154 0.00013861
56.2837 4.72268 -0.00952864 1.63068 0.00300269 -0.000778873 0.000135898
56.3033 4.7225 -0.00989755 1.63075 0.00311752 -0.00083764 0.000134967
56.3264 4.72233 -0.0102774 1.63083 0.00321968 -0.000731345 0.000133507
56.3437 4.72215 -0.0106686 1.6309 0.00331601 -0.000885434 0.000131246
56.3651 4.72197 -0.0110715 1.63097 0.00339436 -0.000934668 0.000132567
56.384 4.72179 -0.011486 1.63105 0.00341186 -0.000699803 0.000133182
56.4039 4.7216 -0.0119126 1.63113 0.00344006 -0.000820041 0.000134618
56.4258 4.72142 -0.0123513 1.63122 0.00346312 -0.000795492 0.000135723
56.4453 4.72123 -0.0128022 1.6313 0.00347889 -0.000932877 0.000134199
56.4667 4.72104 -0.013265 1.63139 0.00347144 -0.000893421 0.000132577
56.4854 4.72085 -0.0137399 1.63148 0.00345142 -0.000924975 0.000130914
56.5051 4.72066 -0.0142266 1.63157 0.00341189 -0.000712573 0.000130048
56.5267 4.72046 -0.0147254 1.63167 0.00341879 -0.000687784 0.000129344
56.5458 4.72025 -0.0152364 1.63176 0.00349521 -0.000717884 0.000127465
56.5666 4.72004 -0.0157596 1.63186 0.00358869 -0.000745778 0.000127003
56.5862 4.71983 -0.016295 1.63195 0.00366312 -0.00074169 0.000126586
56.6062 4.71962 -0.0168425 1.63203 0.003668 -0.000736375 0.00012706
56.6284 4.71941 -0.0174024 1.63211 0.00361334 -0.00070878 0.000128175
56.6465 4.7192 -0.0179746 1.63219 0.00358283 -0.000783099 0.000128022
56.6675 4.71899 -0.018559 1.63226 0.00353534 -0.000769922 0.000127618
56.6871 4.71878 -0.0191553 1.63234 0.00349449 -0.000867225 0.000126399
56.707 4.71857 -0.0197633 1.63241 0.003433 -0.000814076 0.000127565
56.7292 4.71836 -0.0203827 1.63249 0.00337034 -0.000780827 0.000127756
56.7478 4.71816 -0.0210134 1.63257 0.00330779 -0.000785333 0.000126448
56.7694 4.71795 -0.0216549 1.63264 0.00325019 -0.000793558 0.000125478
56.7882 4.71774 -0.0223072 1.6327 0.00321061 -0.000775 0.000123886
56.8083 4.71754 -0.0229702 1.63277 0.00319792 -0.000713489 0.000121689
56.8294 4.71733 -0.0236434 1.63283 0.00316957 -0.000714246 0.000119073
56.8486 4.71711 -0.0243272 1.63288 0.00319829 -0.000688574 0.000117149
56.8695 4.71688 -0.0250217 1.63293 0.00329835 -0.000703485 0.000117391
56.8889 4.71666 -0.0257268 1.63299 0.00337462 -0.000657143 0.000118181
56.9095 4.71644 -0.0264424 1.63304 0.00338969 -0.000717592 0.000119583
56.9305 4.71623 -0.0271688 1.6331 0.00336105 -0.00060494 0.000121151
56.9498 4.716 -0.0279059 1.63316 0.00332457 -0.000660958 0.00012163
56.9708 4.71577 -0.0286536 1.63322 0.00326715 -0.00073478 0.000120765
56.9903 4.71555 -0.0294116 1.63329 0.00321497 -0.000699944 0.000119068
57.0107 4.71532 -0.0301799 1.63335 0.00317397 -0.000599531 0.000118
57.0308 4.71509 -0.0309582 1.63341 0.00313842 -0.000731715 0.000116679
57.0509 4.71486 -0.0317462 1.63348 0.00310369 -0.000597306 0.000116375
57.0714 4.71463 -0.032544 1.63355 0.00310361 -0.000606142 0.000114686
57.0913 4.71439 -0.0333522 1.63362 0.00321902 -0.000670934 0.000112088
57.1113 4.71414 -0.0341708 1.63369 0.00341394 -0.000654134 0.000111964
57.133 4.71389 -0.0350004 1.63376 0.00364917 -0.000614335 0.000111309
57.1515 4.71364 -0.0358424 1.63383 0.00400826 -0.000589745 0.000109245
57.1725 4.71338 -0.0366979 1.63389 0.00443846 -0.000581145 0.000106756
57.1918 4.71311 -0.0375678 1.63395 0.00483767 -0.000578971 0.000104675
57.2123 4.71284 -0.0384535 1.63401 0.00518336 -0.000568606 0.000105697
57.2325 4.71256 -0.0393564 1.63406 0.00547998 -0.000563473 0.000103927
57.2523 4.71228 -0.0402777 1.63412 0.00574989 -0.00056479 0.000102528
57.2728 4.71199 -0.0412182 1.63417 0.00596662 -0.000572533 9.94975e-05
57.2943 4.7117 -0.0421788 1.63422 0.00614201 -0.000576104 9.64127e-05
57.3132 4.7114 -0.0431603 1.63427 0.00629674 -0.000577736 9.61541e-05
57.3341 4.7111 -0.044163 1.63432 0.00640678 -0.000579808 9.68641e-05
57.3535 4.7108 -0.0451873 1.63436 0.00648123 -0.00058244 9.70115e-05
57.3745 4.71048 -0.0462335 1.63441 0.0065261 -0.000581737 9.65912e-05
57.3939 4.71017 -0.047302 1.63445 0.00658089 -0.000577249 9.54193e-05
57.4141 4.70984 -0.0483925 1.63448 0.00660369 -0.000564989 9.3486e-05
57.4349 4.70952 -0.0495051 1.63452 0.00657247 -0.000560641 9.13497e-05
57.4545 4.70919 -0.0506395 1.63456 0.00650148 -0.000586309 8.9386e-05
57.4751 4.70887 -0.0517957 1.6346 0.00640955 -0.000600515 8.89208e-05
57.4951 4.70854 -0.0529731 1.63464 0.0063019 -0.000500237 8.98134e-05
57.515 4.70821 -0.0541713 1.63469 0.00616719 -0.00063336 8.94465e-05
57.5375 4.70789 -0.0553896 1.63474 0.00599368 -0.00059626 9.04096e-05
57.5555 4.70756 -0.0566274 1.6348 0.00583217 -0.000594327 8.90099e-05
57.5759 4.70724 -0.0578843 1.63485 0.00569735 -0.000610526 8.94821e-05
57.5961 4.70691 -0.0591594 1.63491 0.0055676 -0.000637 8.7471e-05
57.6162 4.70659 -0.0604521 1.63498 0.00541329 -0.000607988 8.55361e-05
57.6374 4.70627 -0.0617616 1.63504 0.00523102 -0.000638948 8.83819e-05
57.6561 4.70595 -0.0630874 1.6351 0.00504379 -0.000657124 8.85132e-05
57.6772 4.70564 -0.0644287 1.63516 0.00486626 -0.0005377 9.21155e-05
57.6965 4.70531 -0.0657847 1.63522 0.0046926 -0.000594036 9.11637e-05
57.7166 4.70499 -0.0671548 1.63528 0.00453954 -0.000643102 9.15688e-05
57.738 4.70467 -0.0685386 1.63535 0.00445678 -0.000599053 8.9437e-05
57.7578 4.70433 -0.0699367 1.63541 0.00458403 -0.000626378 8.56549e-05
57.7786 4.704 -0.0713493 1.63548 0.00486337 -0.00064433 8.53309e-05
57.7976 4.70366 -0.0727764 1.63555 0.00516553 -0.000702118 8.54899e-05
57.8181 4.70332 -0.0742182 1.63562 0.00529672 -0.000575925 8.55219e-05
57.8403 4.70299 -0.0756753 1.63569 0.00529314 -0.000507196 8.25153e-05
57.8584 4.70265 -0.0771481 1.63576 0.00523941 -0.000686273 8.04751e-05
57.8802 4.70231 -0.0786365 1.63583 0.00514787 -0.000654005 7.72623e-05
57.8995 4.70197 -0.0801399 1.6359 0.00499785 -0.00070673 7.66454e-05
57.9192 4.70163 -0.0816578 1.63597 0.0048227 -0.000633394 7.57222e-05
57.9407 4.70129 -0.0831899 1.63604 0.00468452 -0.000500584 7.52324e-05
57.96 4.70094 -0.0847353 1.63611 0.00453668 -0.000627446 7.06631e-05
57.9828 4.7006 -0.0862934 1.63618 0.00438021 -0.000465137 6.75397e-05
58.0003 4.70026 -0.0878649 1.63625 0.0044156 -0.000488002 6.64752e-05
58.0202 4.6999 -0.0894499 1.63631 0.00467459 -0.000546641 6.85942e-05
58.0413 4.69954 -0.0910486 1.63638 0.00501827 -0.000567733 6.53499e-05
58.0606 4.69918 -0.0926618 1.63644 0.00534362 -0.000576617 6.57333e-05
58.0812 4.69882 -0.0942902 1.6365 0.00559017 -0.000593039 6.57755e-05
58.1008 4.69844 -0.0959342 1.63655 0.00567712 -0.000595412 6.68974e-05
58.1211 4.69807 -0.0975945 1.6366 0.00564148 -0.000523026 6.62069e-05
58.1422 4.69769 -0.0992717 1.63665 0.00564881 -0.000448342 6.36322e-05
58.1613 4.69731 -0.100968 1.6367 0.00612447 -0.000703899 6.39224e-05
58.1818 4.69691 -0.102686 1.63676 0.00688287 -0.000699933 6.3518e-05
58.2015 4.69652 -0.104423 1.63683 0.00744035 -0.000627524 6.54291e-05
58.222 4.69612 -0.106183 1.63689 0.00783573 -0.000620534 6.41501e-05
58.2436 4.69571 -0.107968 1.63695 0.0081665 -0.000632124 6.46854e-05
58.2619 4.6953 -0.109778 1.63701 0.00840184 -0.000637252 6.30694e-05
58.2827 4.69488 -0.111615 1.63706 0.00856695 -0.000643305 6.03928e-05
58.3024 4.69446 -0.113479 1.6371 0.00865612 -0.000654226 5.56174e-05
58.3224 4.69403 -0.11537 1.63714 0.00868112 -0.000669375 5.33279e-05
58.3455 4.6936 -0.117289 1.63717 0.00870742 -0.000675926 5.19845e-05
58.363 4.69316 -0.119237 1.6372 0.00875394 -0.000676596 5.52709e-05
58.384 4.69272 -0.121212 1.63722 0.00877186 -0.000662746 5.62664e-05
58.4031 4.69228 -0.123215 1.63723 0.00873163 -0.000649021 5.54679e-05
58.4231 4.69182 -0.125245 1.63724 0.00871229 -0.000641295 5.34081e-05
58.4463 4.69137 -0.127303 1.63725 0.00868951 -0.000626953 4.98127e-05
58.4637 4.69091 -0.129388 1.63725 0.00863477 -0.000615405 4.61412e-05
58.4849 4.69044 -0.1315 1.63725 0.00854856 -0.000611901 4.46935e-05
58.5039 4.68997 -0.133639 1.63725 0.00843288 -0.000614608 4.3896e-05
58.5244 4.68949 -0.135804 1.63724 0.00838065 -0.000608352 4.41475e-05
58.5458 4.68901 -0.137995 1.63723 0.00839818 -0.000596907 4.51774e-05
58.5644 4.68853 -0.140212 1.63722 0.00837173 -0.000592585 4.76561e-05
58.5866 4.68804 -0.142454 1.6372 0.00830512 -0.000589225 4.7103e-05
58.6059 4.68755 -0.144721 1.63719 0.00828886 -0.000586167 4.80015e-05
58.6252 4.68705 -0.147014 1.63717 0.00829806 -0.000572401 4.46072e-05
58.6466 4.68655 -0.149332 1.63716 0.00823475 -0.000559368 4.3392e-05
58.6664 4.68604 -0.151674 1.63714 0.00812022 -0.000557124 4.22451e-05
58.6875 4.68553 -0.15404 1.63712 0.00798424 -0.000555934 4.12825e-05
58.7069 4.68501 -0.15643 1.63711 0.00783188 -0.00055114 3.89741e-05
58.7264 4.68449 -0.158843 1.63709 0.00766003 -0.00054903 4.19525e-05
58.7475 4.68397 -0.161277 1.63707 0.00743735 -0.000544189 4.68297e-05
58.767 4.68344 -0.163733 1.63706 0.0071514 -0.000538614 4.8487e-05
58.788 4.68291 -0.166208 1.63704 0.00685711 -0.000657268 4.61291e-05
58.8071 4.68238 -0.168702 1.63703 0.00657138 -0.000518979 4.69697e-05
58.8275 4.68184 -0.171214 1.63702 0.00631351 -0.00056186 4.81516e-05
58.8477 4.68131 -0.173743 1.63702 0.00608244 -0.000507273 4.76632e-05
58.8691 4.68077 -0.176288 1.63702 0.00593737 -0.000609195 4.72508e-05
58.8889 4.68023 -0.17885 1.63703 0.00599372 -0.000626992 4.39619e-05
58.9094 4.67969 -0.181427 1.63704 0.00622609 -0.000609362 4.25879e-05
58.9291 4.67914 -0.184021 1.63705 0.00652047 -0.000609889 4.01707e-05
58.9506 4.67858 -0.186633 1.63706 0.00681624 -0.000615328 4.02459e-05
58.9692 4.67802 -0.189262 1.63707 0.00708258 -0.000619406 3.53115e-05
58.9897 4.67746 -0.191911 1.63708 0.00732658 -0.000627202 2.78918e-05
59.0098 4.67689 -0.194579 1.63709 0.00755563 -0.00073146 1.91681e-05
59.0296 4.67632 -0.197268 1.6371 0.00769355 -0.000713673 1.6675e-05
59.0516 4.67575 -0.199977 1.63712 0.00756605 -0.000691876 1.52277e-05
59.0703 4.67518 -0.202706 1.63713 0.00723627 -0.000686626 1.73734e-05
59.0908 4.67462 -0.205454 1.63716 0.00682664 -0.000620229 1.71191e-05
59.1105 4.67406 -0.208219 1.63718 0.00634209 -0.000611438 1.70901e-05
59.1308 4.6735 -0.211 1.6372 0.00582892 -0.000635338 1.70167e-05
59.152 4.67294 -0.213795 1.63722 0.00534666 -0.000601609 1.93409e-05
59.171 4.67238 -0.216603 1.63724 0.00510053 -0.000622698 1.95741e-05
59.1921 4.67181 -0.219424 1.63727 0.00528572 -0.000645749 1.96416e-05
59.2115 4.67124 -0.222261 1.6373 0.00597778 -0.000642555 2.18472e-05
59.2313 4.67066 -0.225113 1.63733 0.00687932 -0.000630859 2.14326e-05
59.2524 4.67008 -0.227981 1.63736 0.00752051 -0.000619182 2.28471e-05
59.2719 4.66949 -0.230868 1.63739 0.00791881 -0.000605083 2.32924e-05
59.2932 4.6689 -0.233776 1.63743 0.00823057 -0.000596334 1.78573e-05
59.3134 4.66831 -0.236707 1.63745 0.00847256 -0.000596912 9.11015e-06
59.3329 4.66771 -0.239661 1.63748 0.00862373 -0.000602177 6.54422e-06
59.354 4.66711 -0.242638 1.63749 0.00868092 -0.000598037 6.08028e-06
59.3733 4.6665 -0.245639 1.63751 0.00866718 -0.000592129 1.25849e-05
59.3939 4.66589 -0.248665 1.63751 0.00862533 -0.000579988 1.28513e-05
59.4134 4.66528 -0.251714 1.63752 0.00858168 -0.000571386 1.07342e-05
59.4339 4.66466 -0.254788 1.63753 0.00855681 -0.0005695 1.43233e-05
59.4549 4.66404 -0.257885 1.63753 0.00852074 -0.000565305 1.84379e-05
59.4741 4.66341 -0.261005 1.63752 0.00844837 -0.000560238 2.04823e-05
59.4951 4.66278 -0.264147 1.63752 0.00833963 -0.000559891 1.96497e-05
59.5149 4.66214 -0.267313 1.63751 0.00823971 -0.000564456 1.96407e-05
59.5348 4.6615 -0.2705 1.63749 0.00813551 -0.000569162 1.66209e-05
59.5562 4.66086 -0.273709 1.63748 0.00804483 -0.00057018 1.69263e-05
59.5754 4.66021 -0.27694 1.63747 0.00807618 -0.000564823 1.5352e-05
59.597 4.65956 -0.280192 1.63746 0.00822007 -0.000563456 1.29578e-05
59.6157 4.65891 -0.283466 1.63745 0.00825275 -0.000567252 1.48664e-05
59.6361 4.65825 -0.286761 1.63744 0.00809333 -0.000571727 1.52771e-05
59.6561 4.65759 -0.290075 1.63743 0.00782732 -0.000577378 1.40946e-05
59.6763 4.65692 -0.29341 1.63743 0.00754461 -0.000582259 1.49328e-05
59.6976 4.65625 -0.296763 1.63742 0.00726456 -0.000582095 1.63407e-05
59.7163 4.65558 -0.300135 1.63741 0.00699737 -0.000578153 1.46337e-05
59.7362 4.6549 -0.303522 1.6374 0.00674523 -0.000576006 1.49627e-05
59.7619 4.65422 -0.306926 1.63739 0.00650684 -0.000572184 1.95614e-05
59.7775 4.65353 -0.310344 1.63737 0.00630854 -0.000564706 2.04846e-05
59.7975 4.65284 -0.313775 1.63736 0.00614308 -0.000555815 1.4625e-05
59.8177 4.65215 -0.31722 1.63734 0.00598595 -0.000553827 2.00071e-05
59.8377 4.65145 -0.320678 1.63733 0.00588124 -0.000551597 2.52774e-05
59.8592 4.65075 -0.324149 1.63731 0.00606362 -0.00055142 2.48263e-05
59.8778 4.65005 -0.327633 1.63731 0.00629612 -0.000554602 2.47588e-05
59.9003 4.64934 -0.331129 1.63731 0.00636378 -0.000553835 2.44364e-05
59.9185 4.64862 -0.334639 1.63731 0.00634942 -0.000646479 2.44506e-05
59.9388 4.64792 -0.338162 1.63731 0.00626717 -0.000502255 2.60695e-05
59.9594 4.6472 -0.341697 1.63732 0.00607087 -0.000525248 2.50488e-05
59.9792 4.64648 -0.345245 1.63733 0.00581035 -0.000681819 2.29908e-05
60.0002 4.64577 -0.348803 1.63734 0.00554019 -0.000529511 2.29118e-05
60.0197 4.64505 -0.352372 1.63736 0.00529622 -0.000568871 2.15272e-05
60.0402 4.64433 -0.35595 1.63738 0.00508844 -0.000628186 1.94095e-05
60.0614 4.64361 -0.359537 1.63739 0.0049235 -0.00063053 1.72184e-05
60.0804 4.64288 -0.363132 1.63741 0.00480409 -0.00061288 1.5092e-05
60.1027 4.64214 -0.366735 1.63742 0.00479608 -0.000615918 1.41991e-05
60.1211 4.6414 -0.370347 1.63743 0.00515885 -0.000739383 1.54288e-05
60.1413 4.64066 -0.373968 1.63746 0.00549649 -0.000564184 1.65678e-05
60.1627 4.63992 -0.377598 1.63749 0.00564175 -0.000402653 1.93412e-05
60.1817 4.63915 -0.381241 1.63754 0.00628065 -0.000587215 2.31188e-05
60.2026 4.63838 -0.384902 1.6376 0.00787859 -0.000652834 2.69243e-05
60.2222 4.63759 -0.388584 1.63768 0.00951306 -0.000625217 2.7081e-05
60.242 4.6368 -0.392288 1.63776 0.0107917 -0.000577844 2.96114e-05
60.2635 4.636 -0.396021 1.63784 0.0116647 -0.000553032 2.93264e-05
60.2828 4.6352 -0.399785 1.6379 0.0122321 -0.000559785 3.14999e-05
60.3035 4.63439 -0.403585 1.63796 0.0126624 -0.000556124 3.39292e-05
60.3228 4.63359 -0.407421 1.638 0.013024 -0.000552545 3.67672e-05
60.3432 4.63278 -0.411295 1.63804 0.0133156 -0.000485305 3.79141e-05
60.3656 4.63195 -0.415208 1.63806 0.0135299 -0.000606943 3.94011e-05
60.3838 4.63113 -0.419162 1.63808 0.0136859 -0.000468623 4.24713e-05
60.4043 4.63029 -0.423155 1.6381 0.0138132 -0.00053865 3.93633e-05
60.4237 4.62945 -0.42719 1.63811 0.0138778 -0.000469454 4.19544e-05
60.444 4.6286 -0.431266 1.63811 0.0139522 -0.000500782 4.03671e-05
60.4655 4.62774 -0.435384 1.63811 0.0140696 -0.000610881 3.64558e-05
60.4841 4.62688 -0.439543 1.63811 0.0141267 -0.00056297 3.69083e-05
60.5066 4.62602 -0.443744 1.6381 0.0140983 -0.000555946 4.1614e-05
60.5249 4.62515 -0.447985 1.63809 0.0140147 -0.000503328 4.396e-05
60.5448 4.62427 -0.452268 1.63807 0.0139396 -0.000661462 3.76429e-05
60.5657 4.62339 -0.456592 1.63805 0.013868 -0.000602112 3.46542e-05
60.5863 4.62251 -0.460956 1.63803 0.0137442 -0.000567421 3.01724e-05
60.6079 4.62162 -0.465359 1.63801 0.0135666 -0.00057998 2.73213e-05
60.6253 4.62073 -0.4698 1.63798 0.0133335 -0.000593442 2.5191e-05
60.6459 4.61984 -0.47428 1.63795 0.0130965 -0.000585731 2.81537e-05
60.667 4.61894 -0.478797 1.63792 0.0130313 -0.000612637 2.63286e-05
60.686 4.61803 -0.483351 1.63789 0.0129692 -0.000580267 2.39e-05
60.7064 4.61713 -0.487941 1.63786 0.0128218 -0.000563397 2.41852e-05
60.7261 4.61622 -0.492565 1.63784 0.0125383 -0.000566045 2.25785e-05
60.7462 4.61531 -0.497222 1.63781 0.0121472 -0.000569231 2.11388e-05
60.7681 4.61439 -0.501912 1.63778 0.0117601 -0.000569869 2.3696e-05
60.7867 4.61347 -0.506633 1.63774 0.011393 -0.00056998 2.44029e-05
60.8073 4.61255 -0.511384 1.63771 0.0110541 -0.000572106 2.3722e-05
60.8274 4.61163 -0.516162 1.63767 0.0107338 -0.000575248 1.96266e-05
60.8473 4.6107 -0.520967 1.63763 0.0104166 -0.000576279 1.59707e-05
60.8693 4.60977 -0.525798 1.63759 0.010123 -0.000508997 1.863e-05
60.8879 4.60883 -0.530653 1.63755 0.0100163 -0.000528741 1.79073e-05
60.91 4.60788 -0.535536 1.63751 0.0103799 -0.000650152 1.25663e-05
60.9285 4.60694 -0.540442 1.63749 0.0106664 -0.000573452 8.27626e-06
60.9486 4.60598 -0.545373 1.63747 0.0106202 -0.00054342 6.14872e-06
60.9705 4.60503 -0.550329 1.63745 0.0104271 -0.000558203 3.31035e-06
60.9892 4.60407 -0.555309 1.63744 0.0101704 -0.000559729 8.82459e-08
61.0113 4.60311 -0.560311 1.63742 0.00974697 -0.000552116 -3.07685e-06
61.0293 4.60215 -0.565336 1.63741 0.00921975 -0.000475024 -7.14111e-06
61.0498 4.60118 -0.57038 1.63739 0.00879954 -0.000503162 -7.94566e-06
61.072 4.6002 -0.575445 1.63738 0.00868945 -0.000635447 -1.03724e-05
61.0906 4.59922 -0.580526 1.63737 0.00838468 -0.000571282 -1.19241e-05
61.1113 4.59823 -0.585622 1.63738 0.00776856 -0.000543439 -1.50263e-05
61.1316 4.59724 -0.590732 1.63738 0.00719868 -0.000487231 -1.8356e-05
61.1512 4.59624 -0.595857 1.6374 0.00710916 -0.000751313 -2.35591e-05
61.1738 4.59525 -0.600993 1.63742 0.00699747 -0.000579554 -2.85324e-05
61.1917 4.59426 -0.606137 1.63745 0.00648441 -0.000490951 -3.1026e-05
61.2147 4.59325 -0.611293 1.6375 0.00642146 -0.00065857 -3.18873e-05
61.2326 4.59224 -0.616461 1.63755 0.00701034 -0.000683165 -3.37217e-05
61.2524 4.59121 -0.621642 1.6376 0.00784743 -0.000643201 -3.07254e-05
61.2736 4.59017 -0.626837 1.63765 0.00870252 -0.000625665 -3.63418e-05
61.293 4.58912 -0.632049 1.63769 0.00956886 -0.000614694 -4.15607e-05
61.3133 4.58806 -0.637282 1.63771 0.0103939 -0.000598947 -3.98186e-05
61.3333 4.58699 -0.642538 1.63772 0.0111757 -0.000580537 -4.19347e-05
61.3533 4.58591 -0.647821 1.63772 0.0118969 -0.000559783 -4.63347e-05
61.3748 4.58481 -0.653132 1.6377 0.0124919 -0.000541938 -4.85384e-05
61.3938 4.58371 -0.658475 1.63768 0.0130099 -0.000529192 -4.78772e-05
61.4152 4.5826 -0.663851 1.63765 0.0134554 -0.0005271 -4.71429e-05
61.4343 4.58148 -0.669262 1.63761 0.0137793 -0.000535197 -3.95923e-05
61.4548 4.58035 -0.674708 1.63757 0.0140354 -0.000505045 -3.80988e-05
61.4754 4.58038 -0.674791 1.63681 0.0118148 0.00101893 -3.27465e-05
61.4947 4.5803 -0.674714 1.63632 0.0123472 -0.000191206 0.00019584
61.516 4.58023 -0.674446 1.63638 0.0174778 0.00107601 0.000248372
61.5351 4.58014 -0.674076 1.63684 0.0253807 0.00235556 0.000337817
61.5556 4.58007 -0.673681 1.63752 0.0344501 0.00331181 0.000419833
61.5784 4.58 -0.673361 1.63827 0.0424587 0.00338967 0.000455035
61.5966 4.57992 -0.673148 1.63902 0.04801 0.00339846 0.000478769
61.6188 4.57986 -0.673002 1.63979 0.0515921 0.00347874 0.000557805
61.6383 4.57984 -0.672899 1.64059 0.0541258 0.00367132 0.000616262
61.6583 4.57983 -0.672811 1.64135 0.0565282 0.00366964 0.000616124
61.6803 4.57984 -0.672729 1.6421 0.0588758 0.0036756 0.000605125
61.6989 4.57985 -0.672655 1.64283 0.0611245 0.0036756 0.000575469
61.7196 4.57986 -0.672585 1.64355 0.0633138 0.00367561 0.000547266
61.7394 4.57988 -0.672518 1.64424 0.065445 0.00362591 0.000521999
61.7595 4.57989 -0.672457 1.64489 0.0674496 0.0036129 0.000496414
61.78 4.5799 -0.6724 1.64551 0.0693389 0.0036129 0.000472085
61.7997 4.57991 -0.672348 1.64609 0.0710873 0.0036129 0.000448949
61.9693 4.57992 -0.672302 1.64661 0.0726996 0.00361291 0.000426947
61.9874 4.57991 -0.672248 1.64708 0.0746069 0.00285306 0.000405792
62.0084 4.57991 -0.672227 1.64748 0.0753138 0.00327704 0.000385937
62.0288 4.57992 -0.672262 1.64774 0.0738048 0.00290408 0.000367097
62.048 4.57995 -0.672353 1.64785 0.0702382 0.00203666 0.00034941
62.07 4.57997 -0.672463 1.64779 0.0661546 0.00124259 0.000332602
62.0881 4.58 -0.67259 1.64757 0.0616586 0.000499242 0.000316629
62.1091 4.58002 -0.672729 1.64723 0.0570229 -6.90072e-05 0.000301369
62.1289 4.58004 -0.672862 1.64676 0.0527811 -0.000583524 0.000286813
62.1484 4.58006 -0.673003 1.64621 0.048478 -0.00112483 0.000272985
62.1698 4.58008 -0.67314 1.64554 0.0444669 -0.00146235 0.000259739
62.1891 4.5801 -0.673267 1.64475 0.0408819 -0.00182757 0.000247137
62.2093 4.58011 -0.673389 1.64389 0.0375301 -0.00206866 0.000235104
62.2296 4.58013 -0.673501 1.64297 0.0345539 -0.00229081 0.000223647
62.2499 4.58014 -0.673614 1.64203 0.0316251 -0.00236101 0.000212706
62.2709 4.58015 -0.673728 1.6411 0.028725 -0.00241177 0.000203443
62.2899 4.58016 -0.673842 1.64018 0.0259053 -0.00241178 0.000190253
62.3099 4.58017 -0.673956 1.63929 0.0231751 -0.0024146 0.000174442
62.3305 4.58019 -0.674064 1.63844 0.0205788 -0.00248033 0.000151385
62.3504 4.58024 -0.674167 1.63764 0.0181212 -0.00297525 0.000127764
62.3706 4.58038 -0.674262 1.63691 0.0158669 -0.00290919 9.46982e-05
62.3903 4.5806 -0.674344 1.63626 0.0139328 -0.00315019 5.51613e-05
62.4111 4.58092 -0.674418 1.63567 0.0122007 -0.00325993 2.51455e-05
62.432 4.58131 -0.674482 1.63517 0.0107262 -0.00347242 -4.53461e-06
62.4515 4.58181 -0.674539 1.63476 0.00945998 -0.00345646 -1.78451e-05
62.4718 4.5824 -0.674587 1.63443 0.00849263 -0.00345808 -5.30117e-07
62.4918 4.5831 -0.674621 1.63418 0.00773735 -0.00349402 -1.2839e-05
62.5116 4.5839 -0.674649 1.63399 0.00718698 -0.00353177 -1.36422e-06
62.5328 4.58479 -0.674667 1.63386 0.00679563 -0.00369628 -1.41914e-06
62.5521 4.5858 -0.674683 1.63379 0.00646315 -0.00347462 -5.6781e-07
62.5736 4.58692 -0.674693 1.63376 0.00626534 -0.00343026 1.1613e-06
62.5927 4.58816 -0.674696 1.63377 0.00620384 -0.00345853 -2.97534e-07
62.6127 4.5895 -0.6747 1.6338 0.00612536 -0.00321783 -3.29496e-07
62.6338 4.59095 -0.674703 1.63386 0.00605984 -0.00326723 -8.26943e-07
62.6533 4.59251 -0.674706 1.63392 0.0059829 -0.00327987 -9.62886e-07
62.6744 4.5942 -0.674709 1.63399 0.00592561 -0.00310702 1.68812e-06
62.6935 4.59601 -0.674711 1.63407 0.00589009 -0.0028916 1.60431e-06
62.7141 4.59793 -0.674715 1.63414 0.0058134 -0.00293189 7.98796e-07
62.735 4.59996 -0.674721 1.63421 0.00568153 -0.00306576 -1.04124e-07
62.754 4.60212 -0.67473 1.63428 0.00549296 -0.002693 -5.14412e-07
62.775 4.60441 -0.674738 1.63435 0.00532428 -0.00250211 -6.29709e-07
62.7941 4.6068 -0.674747 1.63441 0.00514825 -0.00265429 1.58287e-06
62.8145 4.60932 -0.674757 1.63447 0.00493401 -0.00270803 4.8032e-07
62.8352 4.61196 -0.674767 1.63453 0.00472781 -0.00251066 4.47309e-07
62.8549 4.61473 -0.674776 1.63459 0.00453977 -0.0025646 -5.81366e-07
62.8765 4.61763 -0.674787 1.63464 0.00431598 -0.00244965 4.18811e-07
62.8953 4.62066 -0.674796 1.63469 0.00413247 -0.00229205 3.95386e-07
62.9155 4.62381 -0.674804 1.63472 0.00395666 -0.0024039 3.77703e-07
62.9376 4.62709 -0.674814 1.63475 0.00376311 -0.00243761 3.59903e-07
62.956 4.6305 -0.674824 1.63477 0.00354951 -0.00213388 3.36058e-07
62.9772 4.63403 -0.674835 1.63479 0.003336 -0.00216287 1.80688e-07
62.9961 4.63767 -0.674846 1.63481 0.00309129 -0.00234201 -4.8749e-07
63.0162 4.64146 -0.674858 1.63482 0.00286174 -0.00231799 9.18834e-07
63.0374 4.64542 -0.674869 1.63484 0.00261594 -0.00161235 -1.4532e-05
63.0566 4.64948 -0.67488 1.63486 0.00238095 -0.00215547 -1.75242e-05
63.078 4.65369 -0.674893 1.6349 0.00215866 -0.00195653 -2.85048e-06
63.0971 4.65803 -0.674901 1.63495 0.00199218 -0.00209849 -2.7651e-06
63.1177 4.66251 -0.67491 1.63499 0.00180674 -0.00174615 -2.57859e-06
63.1379 4.66711 -0.674919 1.63503 0.00163164 -0.00196564 -1.66249e-06
63.1576 4.67184 -0.674927 1.63507 0.00147161 -0.00178841 -2.0075e-06
63.1787 4.6767 -0.674935 1.63511 0.00129922 -0.00245402 -1.88642e-06
63.1981 4.6818 -0.674943 1.63516 0.00112979 -0.00100159 -6.73426e-07
63.218 4.68702 -0.67495 1.63523 0.000985179 -0.00116508 1.59555e-07
63.2402 4.69237 -0.674957 1.63533 0.000846257 -0.00170589 7.70247e-07
63.2592 4.69786 -0.674965 1.63544 0.000684238 -0.00166019 5.17031e-07
63.2805 4.70347 -0.674972 1.63556 0.000542405 -0.00139442 2.7819e-07
63.2992 4.70922 -0.674979 1.63566 0.000403047 -0.00156592 -4.42679e-07
63.3191 4.7151 -0.674986 1.63575 0.000239103 -0.00132671 1.39859e-06
63.3429 4.72111 -0.674994 1.63582 7.34102e-05 -0.00123023 6.34345e-06
63.36 4.72723 -0.674999 1.63587 3.04117e-06 -0.00237568 -1.93071e-05
63.3804 4.73356 -0.674987 1.63592 -3.67719e-05 -0.00200439 -4.1063e-05
63.3999 4.74021 -0.674965 1.636 -0.00012524 9.26466e-05 -4.31229e-05
63.42 4.74705 -0.674932 1.63608 -0.000184199 -0.000489386 -3.48607e-05
63.4411 4.75408 -0.674898 1.63621 -0.000354227 -0.00181373 -2.29992e-05
63.4607 4.76126 -0.67486 1.63638 -0.000572589 -0.00224741 -1.41192e-05
63.4817 4.76865 -0.674815 1.63656 -0.000736083 -0.0012656 -1.4487e-05
63.5013 4.77619 -0.674767 1.63672 -0.000925648 -0.00125219 -5.26266e-06
63.5213 4.7839 -0.674715 1.63685 -0.00112904 -0.00119843 1.7287e-06
63.5431 4.79178 -0.674659 1.63696 -0.00130908 -0.00124259 9.58352e-06
63.5624 4.7998 -0.674599 1.63705 -0.00145833 -0.0013616 2.41102e-05
63.5832 4.80798 -0.674533 1.6371 -0.00159422 -0.0013261 3.52125e-05
63.6026 4.81634 -0.674461 1.63712 -0.00171984 -0.000886221 5.00274e-05
63.6226 4.82482 -0.674383 1.63712 -0.00182516 -0.00117016 6.66505e-05
63.6469 4.83344 -0.674298 1.6371 -0.00190783 -0.000961993 8.54136e-05
63.663 4.84217 -0.674207 1.63707 -0.00195868 -0.00115004 0.000106382
63.6841 4.85102 -0.674107 1.63701 -0.00200115 -0.000911222 0.000125511
63.7035 4.85998 -0.674001 1.63694 -0.00203563 -0.000895792 0.000152173
63.7236 4.86906 -0.673887 1.63684 -0.00205866 -0.000766765 0.000176343
63.7444 4.87823 -0.673765 1.63673 -0.00206766 -0.000847588 0.000196999
63.7643 4.88751 -0.673636 1.6366 -0.00207094 -0.000678602 0.0002165
63.785 4.89687 -0.673499 1.63645 -0.00206409 -0.000464907 0.000233733
63.8057 4.90632 -0.673354 1.63629 -0.00204273 -0.000492417 0.000256175
63.825 4.91586 -0.673202 1.63611 -0.0020227 -0.000208744 0.000280089
63.8456 4.92544 -0.673043 1.63592 -0.00199536 -0.000308837 0.000306268
63.8652 4.93507 -0.672876 1.63573 -0.00195847 -0.000890542 0.000332103
63.8862 4.94483 -0.672702 1.63554 -0.00195679 -5.29968e-05 0.00035362
63.9051 4.9547 -0.672521 1.63536 -0.0019644 0.000741169 0.000375678
63.9251 4.96458 -0.672332 1.63518 -0.00193462 -3.13751e-05 0.000399945
63.948 4.97449 -0.672137 1.63503 -0.00189803 -1.34538e-05 0.000422508
63.9664 4.98442 -0.671935 1.63488 -0.00184344 -0.000537841 0.000445605
63.9865 4.99444 -0.671727 1.63473 -0.0017924 -0.000156555 0.000466576
64.0061 5.00456 -0.671511 1.6346 -0.0017834 0.000619495 0.000487915
64.0265 5.01475 -0.67129 1.63448 -0.00179503 0.000552596 0.000510373
64.0479 5.02504 -0.671061 1.63434 -0.00184096 0.000998657 0.00053065
64.0669 5.03534 -0.670827 1.6342 -0.00186581 0.000834879 0.000552484
64.0873 5.0456 -0.670586 1.63406 -0.00182624 -0.000634526 0.000576058
64.1083 5.05594 -0.670338 1.63394 -0.0018015 -0.000265044 0.000593752
64.1277 5.06634 -0.670084 1.63385 -0.00181504 0.00129296 0.000606822
64.1484 5.07668 -0.669824 1.63378 -0.0017492 -0.000571395 0.000626258
64.1674 5.08714 -0.669558 1.63379 -0.00173004 0.000744688 0.00064197
64.1902 5.0976 -0.669286 1.63384 -0.00172671 0.00120571 0.000661589
64.2079 5.10806 -0.669008 1.63391 -0.00168317 0.000741761 0.000678579
64.2279 5.11851 -0.668724 1.63398 -0.00162785 0.000655416 0.000697721
64.2508 5.12894 -0.668435 1.63402 -0.001566 0.00081796 0.000713445
64.2688 5.13934 -0.66814 1.63403 -0.00149795 0.000855545 0.000722757
64.2896 5.14972 -0.667841 1.63401 -0.00142751 0.000893655 0.000730534
64.3093 5.16007 -0.667537 1.63395 -0.00135805 0.00096048 0.000742955
64.329 5.17035 -0.66723 1.63385 -0.00126883 0.00010366 0.000756982
64.3501 5.18067 -0.666917 1.63374 -0.0012125 0.000312864 0.0007674
64.3696 5.19103 -0.666601 1.63364 -0.00123362 0.00201957 0.000772708
64.3898 5.20127 -0.666281 1.63357 -0.00118841 0.000817133 0.000779917
64.4103 5.21145 -0.665958 1.63354 -0.00109557 0.000522685 0.000790159
64.4304 5.22156 -0.665632 1.63351 -0.000996895 0.001012 0.000797597
64.4513 5.23157 -0.665303 1.63347 -0.00088682 0.00107661 0.000803798
64.4703 5.24148 -0.664971 1.6334 -0.0007729 0.00101683 0.000807593
64.4914 5.25131 -0.664638 1.63331 -0.000668035 0.0011634 0.000809877
64.5109 5.26102 -0.664303 1.63319 -0.000567357 0.00122917 0.000808592
64.5307 5.27062 -0.663967 1.63305 -0.000469453 0.00127176 0.000810019
64.5529 5.28012 -0.663631 1.63289 -0.000372844 0.00148098 0.000810821
64.5717 5.28948 -0.663294 1.63271 -0.000272556 0.00133951 0.000814032
64.5937 5.29872 -0.662957 1.63251 -0.000173904 0.00151183 0.000811351
64.6122 5.30782 -0.662621 1.63229 -8.25742e-05 0.00155244 0.000810211
64.6321 5.31679 -0.662286 1.63206 8.7649e-06 0.0014945 0.000809871
64.655 5.32562 -0.661952 1.6318 9.75879e-05 0.0016357 0.000807816
64.6727 5.3343 -0.661619 1.63154 0.000183261 0.00152458 0.000804627
64.6933 5.34284 -0.661288 1.63128 0.000259314 0.0016877 0.000802615
64.7132 5.35121 -0.660959 1.63102 0.000340867 0.00161001 0.000795952
64.7334 5.35942 -0.660633 1.63076 0.00041224 0.00162247 0.000790156
64.7556 5.36747 -0.66031 1.63051 0.00047266 0.00198114 0.000784532
64.7731 5.37533 -0.65999 1.63025 0.000557885 0.00153656 0.000777743
64.7959 5.38304 -0.659673 1.63 0.000643633 0.00159281 0.000772197
64.8138 5.39057 -0.659359 1.62976 0.000714285 0.00151484 0.000768172
64.8338 5.39794 -0.65905 1.62953 0.000766822 0.00170006 0.000766059
64.8559 5.40515 -0.658744 1.62932 0.00081527 0.00167849 0.00075864
64.8741 5.41217 -0.658443 1.62912 0.000850804 0.00144311 0.000752207
64.8947 5.41904 -0.658146 1.62893 0.000871504 0.00164358 0.000741366
64.9144 5.42576 -0.657854 1.62875 0.000895394 0.00185069 0.000733509
64.9346 5.43229 -0.657566 1.62858 0.000909654 0.00143918 0.000724487
64.9576 5.43866 -0.657282 1.62843 0.0009234 0.00144071 0.000714853
64.9754 5.44486 -0.657004 1.62828 0.000940138 0.00130349 0.000705358
64.9974 5.45092 -0.65673 1.62814 0.000956564 0.00138545 0.000697577
65.0161 5.45681 -0.65646 1.628 0.00097402 0.00120484 0.000686982
65.0361 5.46255 -0.656196 1.62787 0.000982515 0.00153682 0.000677568
65.0569 5.46811 -0.655936 1.62776 0.000998364 0.00104641 0.000668103
65.0761 5.47357 -0.655681 1.62766 0.000989943 0.00147082 0.000660712
65.0984 5.47884 -0.655431 1.62758 0.000984576 0.00127487 0.000649975
65.1171 5.48396 -0.655186 1.6275 0.000984421 0.000999102 0.000641097
65.1368 5.48892 -0.654945 1.62744 0.000961621 0.00103178 0.000634251
65.1583 5.49375 -0.654709 1.6274 0.000927268 0.0015828 0.00062166
65.1776 5.49839 -0.654477 1.62736 0.000906419 0.00117229 0.00061236
65.1999 5.50291 -0.65425 1.62734 0.000882029 0.00136158 0.000602113
65.2186 5.50728 -0.654027 1.62732 0.000869096 0.00124358 0.000589415
65.2387 5.51148 -0.653809 1.6273 0.000872567 0.00113198 0.000579798
65.2622 5.51553 -0.653594 1.62729 0.000885056 0.000943132 0.000569256
65.2798 5.51942 -0.653384 1.62729 0.000886578 0.000715799 0.000558443
65.3002 5.5232 -0.653178 1.6273 0.000869543 0.00104864 0.00055054
65.3197 5.52685 -0.652976 1.62732 0.000856303 0.00141115 0.000541589
65.34 5.53036 -0.652779 1.62735 0.000850013 0.00105776 0.00052936
65.363 5.53375 -0.652585 1.62737 0.000842298 0.00113205 0.000518982
65.3801 5.53701 -0.652395 1.62739 0.000836518 0.000910675 0.000508244
65.4025 5.54017 -0.652209 1.6274 0.000814258 0.00122288 0.000496206
65.4204 5.54317 -0.652027 1.6274 0.000806577 0.000662869 0.000489181
65.4401 5.54608 -0.651849 1.6274 0.000800747 0.000710204 0.000481795
65.4622 5.54889 -0.651675 1.6274 0.000788209 0.00112169 0.000473724
65.4816 5.5516 -0.651504 1.62739 0.000789045 0.00100611 0.000463091
65.5028 5.55422 -0.651337 1.62737 0.000781142 0.000863605 0.00045388
65.5221 5.55673 -0.651173 1.62734 0.000771168 0.000724566 0.000444503
65.542 5.55915 -0.651014 1.62729 0.000758155 0.000530951 0.000435374
65.565 5.56149 -0.650857 1.62722 0.00074651 0.000718389 0.000427117
65.5833 5.56372 -0.650704 1.62713 0.00073419 0.00046051 0.000418439
65.6038 5.56588 -0.650554 1.62704 0.00070178 0.000457905 0.000410622
65.6232 5.56793 -0.650408 1.62693 0.000667796 0.000185954 0.000401758
65.6437 5.56992 -0.650265 1.6268 0.000641608 0.000205617 0.000394103
65.6644 5.57182 -0.650124 1.62667 0.00060765 0.000199789 0.000385318
65.6832 5.57364 -0.649987 1.62653 0.0005748 0.000208658 0.000376895
65.7055 5.57538 -0.649852 1.62638 0.000547521 0.000123766 0.000370227
65.7243 5.57702 -0.64972 1.62622 0.000539261 -0.00010832 0.000362345
65.7438 5.5786 -0.649591 1.62605 0.000517941 1.99486e-05 0.000354403
65.7645 5.5801 -0.649463 1.62589 0.000486741 0.000166183 0.000346091
65.7839 5.58153 -0.649339 1.62572 0.000465491 -5.26172e-05 0.000338788
65.8048 5.58289 -0.649216 1.62555 0.000443548 -0.000116974 0.000330362
65.8243 5.58419 -0.649096 1.62538 0.000421653 -9.74763e-05 0.000320454
65.8442 5.58542 -0.648977 1.62522 0.00040072 -8.18663e-05 0.000312287
65.8661 5.58658 -0.648861 1.62506 0.000396012 -0.000179869 0.000305643
65.8854 5.58768 -0.648747 1.6249 0.00040085 -0.00028808 0.000299424
65.9062 5.58874 -0.648635 1.62474 0.000385461 -0.00010412 0.00029334
65.9251 5.58972 -0.648524 1.62459 0.000363755 -0.000156207 0.000287429
65.9459 5.59064 -0.648416 1.62443 0.000367071 -0.000309829 0.000282307
65.9686 5.5915 -0.648309 1.62428 0.000370142 -0.000299975 0.000278598
65.9859 5.59231 -0.648204 1.62414 0.000363498 -0.000215569 0.000274116
66.007 5.59306 -0.648101 1.62401 0.000368886 -0.000300839 0.000270586
66.0268 5.59376 -0.647999 1.62388 0.000368713 -0.000289359 0.000266455
66.0464 5.59442 -0.647899 1.62375 0.000347737 -0.000212616 0.000258794
66.0683 5.59503 -0.647801 1.62363 0.000328394 -0.000267297 0.00025286
66.0869 5.5956 -0.647705 1.62351 0.000312466 -0.000260941 0.000247601
66.1076 5.59613 -0.64761 1.62339 0.000303279 -0.000319988 0.000243543
66.1273 5.59662 -0.647517 1.62327 0.000307223 -0.000296211 0.000238783
66.1472 5.59707 -0.647425 1.62316 0.000305594 -0.000233611 0.000234862
66.1684 5.59749 -0.647335 1.62304 0.000286295 -0.000220527 0.000233544
66.188 5.59787 -0.647246 1.62293 0.000271244 -0.00030167 0.000230137
66.2085 5.59823 -0.647158 1.62282 0.000263839 -0.000278414 0.000226521
66.2281 5.59855 -0.647072 1.62271 0.00024701 -0.00027542 0.000222555
66.2481 5.59885 -0.646987 1.6226 0.000225953 -0.000294764 0.000220032
66.2696 5.59912 -0.646903 1.62248 0.000191623 -0.000391697 0.000216419
66.2886 5.59936 -0.64682 1.62237 0.000156005 -0.000270792 0.000212623
66.3107 5.59958 -0.646738 1.62226 0.000134295 -0.000324694 0.000210073
66.3295 5.59976 -0.646657 1.62215 0.000122933 -0.000554855 0.000207194
66.3504 5.59993 -0.646576 1.62205 0.000106666 -0.000397753 0.000203393
66.3704 5.60009 -0.646497 1.62195 9.2203e-05 -0.000325423 0.000200447
66.39 5.60023 -0.646417 1.62185 7.98428e-05 -0.000715575 0.000198769
66.4119 5.60038 -0.646339 1.62176 8.76063e-05 -0.000519139 0.000197391
66.4301 5.60052 -0.646262 1.62167 0.000198514 -0.000285606 0.000196766
66.4503 5.60067 -0.646186 1.6216 0.000378817 -0.000404733 0.000196188
66.4719 5.6008 -0.646112 1.62153 0.000529621 -0.000543233 0.000199281
66.4909 5.60093 -0.64604 1.62146 0.000641525 -0.000534742 0.000199985
66.5121 5.60107 -0.64597 1.6214 0.000722938 -0.000508846 0.00019987
66.5309 5.6012 -0.645904 1.62133 0.000776773 -0.000466268 0.000200708
66.5511 5.60133 -0.64584 1.62126 0.000791147 -0.000482687 0.000203493
66.5735 5.60146 -0.64578 1.62119 0.000759819 -0.000512157 0.000207697
66.5915 5.60158 -0.645722 1.62113 0.000687145 -0.000542218 0.000213563
66.6121 5.60169 -0.645667 1.62106 0.000577579 -0.000536738 0.000218964
66.6318 5.6018 -0.645614 1.62099 0.000434059 -0.000526163 0.000222097
66.6521 5.6019 -0.645563 1.62092 0.000263787 -0.000514711 0.000224917
66.674 5.602 -0.645513 1.62085 6.36812e-05 -0.000505568 0.000227028
66.6936 5.60209 -0.645464 1.62078 -0.000158869 -0.000495115 0.000233127
66.7138 5.60217 -0.645413 1.6207 -0.000387602 -0.000458143 0.00023884
66.7346 5.60225 -0.645362 1.62063 -0.000625557 -0.000419575 0.000242726
66.7547 5.60232 -0.645308 1.62056 -0.000853272 -0.000405209 0.000245835
66.7769 5.60238 -0.645251 1.62049 -0.00107778 -0.000383931 0.0002474
66.795 5.60244 -0.645189 1.62042 -0.00131539 -0.000358469 0.000249612
66.8156 5.6025 -0.645123 1.62035 -0.00157515 -0.000335787 0.000252065
66.8353 5.60255 -0.645051 1.62028 -0.00183297 -0.000205791 0.000253183
66.8554 5.60259 -0.644971 1.62022 -0.00206547 -0.000257707 0.000254386
66.8762 5.60261 -0.644884 1.62016 -0.00228064 -0.000231494 0.000257419
66.8954 5.60263 -0.644789 1.62012 -0.00249751 -0.000199743 0.000259749
66.9163 5.60263 -0.644684 1.62007 -0.00272682 -0.000171488 0.000262575
66.9359 5.60262 -0.644568 1.62003 -0.00297186 -0.000156624 0.000264184
66.9572 5.6026 -0.644441 1.61998 -0.00322619 -0.000136804 0.00026471
66.9783 5.60256 -0.644302 1.61994 -0.00343551 -0.000114409 0.000267711
66.9959 5.60252 -0.64415 1.61991 -0.00363998 -9.43874e-05 0.000270348
67.0166 5.60246 -0.643984 1.61987 -0.00385827 -8.29265e-05 0.00027168
67.0369 5.60239 -0.643804 1.61983 -0.00405846 -8.6504e-05 0.000270732
67.0567 5.6023 -0.643608 1.6198 -0.00425586 -7.78411e-05 0.000271708
67.0782 5.60221 -0.643397 1.61977 -0.00444053 -8.87789e-05 0.000270735
67.0969 5.60211 -0.643169 1.61974 -0.00459153 -0.000110977 0.000272658
67.1198 5.60199 -0.642923 1.61971 -0.00475266 -0.000134904 0.000273569
67.1373 5.60186 -0.64266 1.61968 -0.00491962 -0.000136435 0.000278289
67.1577 5.60172 -0.642378 1.61965 -0.00508971 -0.000106038 0.000280872
67.1803 5.60157 -0.642077 1.61963 -0.00527977 3.09065e-05 0.000282456
67.1981 5.6014 -0.641757 1.6196 -0.00547068 -0.000108463 0.000285569
67.2182 5.60122 -0.641416 1.61959 -0.00564118 -4.90653e-05 0.000286022
67.2383 5.60103 -0.641054 1.61958 -0.00577928 2.34049e-05 0.000286911
67.2583 5.60083 -0.640671 1.61957 -0.00590118 6.20103e-05 0.000288221
67.2789 5.60062 -0.640266 1.61957 -0.00604145 0.000151007 0.00028977
67.2983 5.60039 -0.639838 1.61956 -0.00622352 0.000135397 0.000291224
67.3189 5.60015 -0.639387 1.61956 -0.00641146 0.000146458 0.000293098
67.3392 5.59989 -0.638913 1.61956 -0.00659381 0.00011487 0.000294861
67.3594 5.59961 -0.638414 1.61957 -0.00676096 0.000114834 0.000296232
67.3804 5.59931 -0.637891 1.61957 -0.00692506 0.000138742 0.000295941
67.3992 5.59899 -0.637341 1.61958 -0.00710882 0.000160046 0.000296063
67.42 5.59866 -0.636766 1.61958 -0.00734348 0.000552831 0.000292595
67.4394 5.59827 -0.636161 1.61959 -0.00804742 0.000173912 0.000294139
67.4597 5.59785 -0.635522 1.61962 -0.00935078 0.000111077 0.000291744
67.4809 5.59738 -0.634848 1.61967 -0.0107391 0.000136408 0.000289379
67.5002 5.59689 -0.634135 1.61973 -0.0119388 0.000250225 0.000286427
67.5214 5.59636 -0.633378 1.61978 -0.0130205 0.000292932 0.000284575
67.5412 5.59579 -0.632574 1.61984 -0.0139372 0.000259452 0.000283147
67.561 5.59519 -0.631718 1.6199 -0.0147522 0.000294147 0.000282635
67.5821 5.59456 -0.630808 1.61996 -0.015504 0.000369199 0.000281909
67.6016 5.59389 -0.62984 1.62002 -0.016095 0.00043187 0.000281993
67.6222 5.59319 -0.628813 1.62008 -0.0166163 0.000424248 0.000283767
67.642 5.59245 -0.627725 1.62014 -0.0170982 0.000359648 0.000283386
67.6622 5.59167 -0.626574 1.62019 -0.0174891 0.000441042 0.000281571
67.6839 5.59086 -0.625358 1.62024 -0.0177868 0.000357954 0.000283836
67.7023 5.59002 -0.624078 1.6203 -0.0179513 0.000444668 0.000281414
67.7251 5.58915 -0.622732 1.62034 -0.0180291 0.000363924 0.00028504
67.743 5.58824 -0.621319 1.62039 -0.0181226 0.00046853 0.000285434
67.7634 5.58729 -0.61984 1.62044 -0.0182619 0.000396345 0.000289239
67.7846 5.5863 -0.618294 1.62048 -0.0184728 0.000357214 0.000292286
67.8037 5.58528 -0.616681 1.62052 -0.0186876 0.000275929 0.000293168
67.8262 5.58423 -0.615 1.62056 -0.0187539 0.000443517 0.000288545
67.8444 5.58314 -0.613252 1.62061 -0.0187929 0.000366453 0.000290946
67.8642 5.582 -0.611435 1.62065 -0.0189658 0.000188016 0.000297278
67.8857 5.58084 -0.60955 1.62069 -0.0190521 0.000367671 0.000297511
67.9049 5.57965 -0.607597 1.62075 -0.0189906 0.000580922 0.000296976
67.9276 5.57842 -0.605576 1.6208 -0.0188609 0.000409718 0.000301553
67.9449 5.57716 -0.603489 1.62085 -0.0187163 0.000338557 0.000305711
67.9655 5.57587 -0.601334 1.6209 -0.0185689 0.000494265 0.000305731
67.986 5.57452 -0.599113 1.62095 -0.0187036 0.000241016 0.000313353
68.0056 5.57314 -0.596824 1.62101 -0.0189782 9.9211e-05 0.000317597
68.0277 5.57174 -0.59447 1.62107 -0.0190231 0.000279602 0.000318436
68.046 5.57029 -0.59205 1.62113 -0.0188672 0.000213412 0.000323083
68.0663 5.56882 -0.589564 1.62119 -0.0186847 0.000284079 0.000322945
68.0889 5.56731 -0.587013 1.62124 -0.0184666 0.000160182 0.000327639
68.1065 5.56576 -0.584399 1.62129 -0.0182293 0.000139529 0.000332261
68.1274 5.56419 -0.581721 1.62134 -0.0179588 0.000161625 0.000335187
68.1469 5.5626 -0.578983 1.62139 -0.0176961 0.00023672 0.000338837
68.167 5.56096 -0.576183 1.62142 -0.0174793 0.000166032 0.00034489
68.19 5.5593 -0.573325 1.62145 -0.0172143 0.000146741 0.000351015
68.2074 5.5576 -0.570408 1.62148 -0.0169895 0.000215036 0.000353272
68.2287 5.55588 -0.567433 1.62151 -0.0169295 7.02229e-05 0.000358114
68.2478 5.55413 -0.564403 1.62155 -0.0166166 6.67272e-05 0.000360978
68.2682 5.55237 -0.561319 1.62158 -0.0160828 0.000129508 0.000362582
68.2888 5.55057 -0.558182 1.62162 -0.0155401 4.61033e-05 0.000364587
68.3082 5.54875 -0.554994 1.62165 -0.0149562 6.77992e-05 0.00036693
68.3303 5.54692 -0.551759 1.62168 -0.0143424 6.94261e-05 0.000370427
68.3488 5.54506 -0.548478 1.6217 -0.0137641 5.08118e-05 0.000373518
68.3692 5.54318 -0.545153 1.62171 -0.0133113 0.000127888 0.000376042
68.3907 5.54127 -0.541786 1.62172 -0.0129862 8.23132e-05 0.000383597
68.4096 5.53934 -0.538378 1.62173 -0.0127754 6.39249e-05 0.000385112
68.4309 5.53738 -0.53493 1.62173 -0.0127204 0.000332918 0.000383909
68.4502 5.53536 -0.53144 1.62174 -0.0132478 0.000200789 0.000383288
68.47 5.53328 -0.527906 1.62175 -0.014431 0.000173022 0.000378297
68.4946 5.53116 -0.524325 1.62178 -0.0157859 0.000246975 0.000374964
68.511 5.52899 -0.520693 1.6218 -0.0171165 0.000317344 0.000371129
68.5317 5.52677 -0.517007 1.62182 -0.018373 0.000240271 0.000370664
68.5509 5.5245 -0.513262 1.62185 -0.0195092 0.000281538 0.000365332
68.5712 5.52219 -0.509453 1.62186 -0.0204495 0.000358867 0.000363703
68.5919 5.51984 -0.505578 1.62188 -0.0211422 0.000447343 0.000360271
68.6114 5.51744 -0.501633 1.6219 -0.0217408 0.000285411 0.00036588
68.632 5.515 -0.497616 1.62192 -0.0222748 0.000310668 0.000361523
68.6518 5.51251 -0.493526 1.62194 -0.022565 0.000303027 0.000364013
68.6719 5.51 -0.489363 1.62196 -0.0226154 0.000388718 0.000364988
68.693 5.50744 -0.485125 1.62198 -0.0225264 0.000280151 0.000368604
68.7126 5.50485 -0.480813 1.622 -0.0223716 0.000259107 0.000374991
68.7342 5.50223 -0.476428 1.62202 -0.0220622 0.000294022 0.000378394
68.7528 5.49957 -0.471972 1.62203 -0.0216403 0.000292475 0.000381621
68.773 5.49688 -0.467446 1.62205 -0.0211593 0.000198214 0.000389808
68.7937 5.49416 -0.462852 1.62205 -0.0206375 0.000204405 0.000393943
68.8134 5.49142 -0.458193 1.62206 -0.0200073 0.000242011 0.000395244
68.8343 5.48865 -0.453471 1.62206 -0.0193263 0.000221295 0.000399991
68.8535 5.48585 -0.448689 1.62206 -0.0186313 0.000181185 0.000406802
68.8739 5.48303 -0.443849 1.62205 -0.0179488 0.000150542 0.000419118
68.8952 5.48018 -0.438955 1.62204 -0.0172946 7.03776e-05 0.00043051
68.9141 5.47731 -0.434009 1.62202 -0.0166451 6.08187e-05 0.000435745
68.935 5.47443 -0.429014 1.622 -0.0159701 0.000258442 0.000436665
68.9548 5.47151 -0.423971 1.62199 -0.0155424 7.93884e-05 0.000445011
68.9752 5.46855 -0.418881 1.62197 -0.015479 -0.000191267 0.000444809
68.9956 5.46558 -0.413746 1.62196 -0.0155302 5.15563e-05 0.000435482
69.0153 5.46257 -0.408568 1.62195 -0.0153421 0.000117729 0.000433525
69.0379 5.45955 -0.403348 1.62195 -0.0149471 6.9661e-05 0.000431393
69.0559 5.45652 -0.398087 1.62194 -0.0144634 5.29492e-05 0.000433776
69.0756 5.45346 -0.392787 1.62194 -0.0139017 5.61245e-05 0.000433262
69.0966 5.45039 -0.38745 1.62193 -0.01332 -4.25801e-05 0.00043316
69.1164 5.44729 -0.382076 1.62192 -0.0131162 -0.000105921 0.000438706
69.1377 5.44417 -0.376667 1.62193 -0.012998 7.69178e-05 0.000442783
69.1565 5.44103 -0.371225 1.62194 -0.0127043 1.65901e-05 0.000446195
69.1764 5.43788 -0.365753 1.62195 -0.01225 1.36696e-05 0.000449174
69.1988 5.43474 -0.360251 1.62195 -0.0115583 0.000160537 0.000449245
69.2169 5.43158 -0.354723 1.62195 -0.0106887 -3.18086e-06 0.000451092
69.238 5.42842 -0.349172 1.62195 -0.00979764 2.91192e-05 0.000451731
69.258 5.42526 -0.3436 1.62195 -0.00881636 4.77379e-05 0.000449306
69.2784 5.4221 -0.338012 1.62194 -0.00784544 2.50298e-05 0.000452846
69.2999 5.41894 -0.332411 1.62193 -0.00691171 6.03121e-06 0.000452861
69.3181 5.41578 -0.326802 1.62191 -0.00596625 -0.000101485 0.000450842
69.3386 5.41263 -0.321187 1.62189 -0.00495099 -6.31447e-05 0.000452642
69.3583 5.40949 -0.315573 1.62187 -0.00375413 1.0509e-05 0.000457941
69.3782 5.40635 -0.309962 1.62185 -0.00250371 -0.000164243 0.000458227
69.4018 5.40323 -0.304359 1.62183 -0.00141244 -8.37077e-05 0.000454748
69.4196 5.40012 -0.298768 1.62181 -0.000341069 -2.54505e-05 0.000453431
69.4405 5.39702 -0.293194 1.62179 0.000654476 5.84839e-05 0.000457882
69.4599 5.39393 -0.287639 1.62177 0.00139578 -7.70328e-05 0.000457754
69.4798 5.39084 -0.282105 1.62176 0.00183308 -0.000111378 0.000454939
69.5013 5.38776 -0.276595 1.62174 0.00205781 -5.73889e-05 0.000455647
69.5202 5.38468 -0.271111 1.62172 0.00222587 -5.31816e-05 0.000460086
69.5411 5.38161 -0.265653 1.6217 0.00240586 -7.00466e-05 0.000465749
69.5606 5.37854 -0.260221 1.62168 0.002564 -7.19792e-05 0.000467759
69.5812 5.37548 -0.254818 1.62166 0.00271809 -0.000131291 0.000466711
69.6019 5.37243 -0.249442 1.62163 0.00289881 -0.000100331 0.000465924
69.6209 5.3694 -0.244096 1.6216 0.00308749 -7.13285e-05 0.000462071
69.643 5.36637 -0.238779 1.62158 0.00331733 -0.000178922 0.000463562
69.6624 5.36336 -0.233492 1.62155 0.00354483 -8.53444e-05 0.000462978
69.682 5.36036 -0.228236 1.62153 0.00380702 -2.47079e-05 0.000461024
69.7029 5.35738 -0.223013 1.62151 0.0041764 -0.000111275 0.000458876
69.7228 5.35441 -0.217823 1.62149 0.0046075 -6.08835e-05 0.000455445
69.7451 5.35147 -0.212668 1.62148 0.00508119 8.01818e-06 0.000451094
69.763 5.34855 -0.207551 1.62147 0.00561864 -1.02077e-05 0.000446035
69.7831 5.34566 -0.202471 1.62145 0.00613683 -5.11269e-05 0.000441146
69.8063 5.34278 -0.197433 1.62143 0.00667431 -5.1611e-05 0.000435701
69.8238 5.33992 -0.192436 1.62142 0.00720885 -7.28655e-05 0.00043038
69.8455 5.33709 -0.187484 1.6214 0.00769139 -2.30117e-05 0.000426275
69.8638 5.33428 -0.182578 1.62139 0.0082283 -0.000180114 0.000421418
69.8843 5.3315 -0.17772 1.62138 0.00872923 -4.32741e-05 0.000418472
69.906 5.32873 -0.172911 1.62137 0.0090753 -4.6257e-05 0.000409914
69.9245 5.32599 -0.168152 1.62137 0.00929736 -0.000163563 0.0004015
69.945 5.32328 -0.163446 1.62137 0.00958301 -6.8227e-05 0.000395923
69.965 5.32059 -0.158793 1.62138 0.0100544 -0.000101453 0.000386401
69.985 5.31793 -0.154196 1.62138 0.0106266 -0.000154778 0.000378338
70.006 5.31531 -0.149654 1.62139 0.0111636 -6.87651e-05 0.000375026
70.0257 5.31273 -0.145172 1.6214 0.0117145 -8.33951e-05 0.000370274
70.047 5.31018 -0.140749 1.62142 0.0122968 -0.000117028 0.000364558
70.0664 5.30766 -0.136389 1.62143 0.0128057 -0.00011884 0.000357092
70.0865 5.30518 -0.132093 1.62143 0.0133218 -0.000110959 0.000353073
70.1079 5.30273 -0.127863 1.62144 0.0138717 -0.000214453 0.000348566
70.1273 5.30033 -0.123701 1.62144 0.0144399 -0.00013008 0.000341618
70.1477 5.29797 -0.11961 1.62144 0.0150525 -7.41067e-05 0.0003364
70.1676 5.29565 -0.11559 1.62144 0.0156584 -8.89218e-05 0.00032711
70.1879 5.29338 -0.111645 1.62144 0.0162496 -5.12432e-05 0.000317203
70.2083 5.29113 -0.107775 1.62144 0.0166649 -0.000172667 0.00030879
70.2277 5.28893 -0.103981 1.62144 0.0169107 -8.16126e-05 0.000304581
70.2481 5.28677 -0.100267 1.62144 0.0171977 3.29432e-06 0.000299837
70.2683 5.28465 -0.0966318 1.62144 0.017507 -3.55964e-05 0.000291706
70.2881 5.28258 -0.0930769 1.62144 0.0177967 1.51997e-05 0.000286903
70.311 5.28055 -0.0896032 1.62144 0.0180792 1.47903e-05 0.000280217
70.3286 5.27856 -0.086211 1.62145 0.0182889 -1.96383e-07 0.000273757
70.3504 5.27661 -0.0829008 1.62145 0.0184157 5.21079e-06 0.000268439
70.3692 5.2747 -0.0796734 1.62145 0.0185375 9.97081e-05 0.000263821
70.3891 5.27283 -0.0765285 1.62146 0.0185635 -6.68269e-05 0.000256088
70.412 5.27099 -0.0734659 1.62147 0.0185102 -4.64339e-05 0.000253449
70.4297 5.2692 -0.0704855 1.62148 0.0184208 0.000128986 0.000253853
70.4502 5.26744 -0.0675866 1.62149 0.0182787 1.81939e-05 0.000248431
70.4702 5.26572 -0.0647683 1.6215 0.0180921 7.89764e-05 0.000245587
70.4901 5.26403 -0.0620301 1.62152 0.0179389 0.000115113 0.000239156
70.5129 5.26238 -0.0593703 1.62153 0.0176815 9.95412e-05 0.000232022
70.5305 5.26076 -0.0567879 1.62155 0.0173435 0.000129484 0.00022786
70.5514 5.25918 -0.0542814 1.62157 0.0169666 0.000139923 0.000222971
70.5712 5.25763 -0.0518489 1.62158 0.016532 0.000151461 0.000219964
70.5909 5.25611 -0.0494886 1.62159 0.016047 0.000170591 0.000214385
70.6121 5.25462 -0.0471986 1.62159 0.0155493 0.000195373 0.000211336
70.6311 5.25317 -0.0449772 1.6216 0.0151291 0.000220334 0.000202812
70.6529 5.25175 -0.0428229 1.6216 0.0148443 0.000241542 0.000195808
70.6716 5.25037 -0.040734 1.6216 0.0146173 0.00025069 0.000186154
70.6917 5.24902 -0.0387093 1.62161 0.0144375 0.000259125 0.000176345
70.7134 5.2477 -0.0367475 1.6216 0.0142294 0.000269313 0.000167504
70.7334 5.24641 -0.0348477 1.6216 0.0140287 0.000277811 0.000160959
70.7539 5.24515 -0.0330089 1.6216 0.013827 0.000289928 0.000153262
70.7731 5.24393 -0.0312297 1.6216 0.0135591 0.00030137 0.000145488
70.7933 5.24274 -0.0295094 1.6216 0.0132866 0.000302345 0.000141358
70.8148 5.24159 -0.0278469 1.6216 0.0130864 0.000372359 0.000135382
70.8341 5.24046 -0.026241 1.6216 0.0128766 0.000271992 0.000124207
70.8548 5.23936 -0.0246908 1.6216 0.0126737 0.000404948 0.000120167
70.8741 5.23828 -0.023195 1.6216 0.0124513 0.000308502 0.00011317
70.8943 5.23724 -0.0217528 1.62161 0.0122162 0.000401321 0.000106087
70.9171 5.23622 -0.020363 1.62161 0.0119688 0.000380146 9.95591e-05
70.9349 5.23523 -0.0190243 1.62163 0.0116842 0.00030977 9.16888e-05
70.956 5.23426 -0.0177356 1.62164 0.0114032 0.000444839 8.90559e-05
70.9755 5.23332 -0.016496 1.62165 0.0111585 0.000356032 8.06089e-05
70.9954 5.2324 -0.0153042 1.62167 0.0109293 0.000406487 7.33608e-05
71.0169 5.23151 -0.0141589 1.62169 0.0107 0.000323944 6.20268e-05
71.0361 5.23065 -0.0130593 1.6217 0.0104897 0.000463763 5.65476e-05
71.0573 5.22981 -0.0120047 1.62172 0.010333 0.000387243 5.00828e-05
71.0767 5.22901 -0.0109939 1.62174 0.0101803 0.000493296 4.37129e-05
71.0965 5.22822 -0.0100263 1.62176 0.0100371 0.00053403 3.82392e-05
71.118 5.22747 -0.00910101 1.62177 0.00988744 0.00053047 3.39341e-05
71.1377 5.22673 -0.00821736 1.62179 0.00973061 0.000523339 2.83123e-05
71.1582 5.22602 -0.00737454 1.6218 0.00956361 0.000529305 2.06509e-05
71.1779 5.22534 -0.00657163 1.62181 0.00936546 0.000544731 1.46316e-05
71.1982 5.22468 -0.00580788 1.62182 0.00915705 0.000551301 6.91762e-06
71.2187 5.22404 -0.00508255 1.62182 0.00897355 0.000554756 2.74126e-07
71.2381 5.22343 -0.0043947 1.62183 0.0087955 0.00056112 -4.88722e-06
71.259 5.22284 -0.00374356 1.62183 0.00863311 0.000572071 -9.0337e-06
71.2786 5.22227 -0.00312822 1.62182 0.00845821 0.000576715 -1.22949e-05
71.2987 5.22173 -0.00254799 1.62182 0.0082909 0.000574904 -1.55635e-05
71.321 5.22121 -0.0020021 1.62181 0.00813074 0.000591036 -1.99158e-05
71.3394 5.22071 -0.00148963 1.62181 0.00794586 0.000580217 -2.37879e-05
71.36 5.22024 -0.00101034 1.6218 0.00783134 0.000601443 -2.75179e-05
71.3794 5.21978 -0.000563599 1.6218 0.00777449 0.000547942 -3.16018e-05
71.3997 5.21935 -0.000148168 1.62179 0.0076245 0.000532786 -3.7376e-05
71.4217 5.21893 0.0002365 1.6218 0.00739833 0.000666866 -4.10717e-05
71.4399 5.21854 0.000591082 1.6218 0.00714989 0.000645182 -4.4931e-05
71.4623 5.21816 0.000915837 1.62182 0.00701699 0.000623434 -4.84447e-05
71.4805 5.21782 0.00121136 1.62182 0.00700472 0.00065025 -5.11273e-05
71.5008 5.21748 0.00147878 1.62183 0.00695047 0.000532647 -5.60128e-05
71.523 5.21717 0.00171861 1.62184 0.00682111 0.000715647 -5.96635e-05
71.5411 5.21687 0.0019314 1.62185 0.00661801 0.000651616 -6.34037e-05
71.563 5.21658 0.00211835 1.62185 0.0062917 0.000599092 -6.65546e-05
71.5816 5.21631 0.00228037 1.62186 0.00592058 0.000591326 -7.17794e-05
71.6015 5.21606 0.00241881 1.62187 0.00553697 0.00059264 -7.66639e-05
71.6234 5.21582 0.00253518 1.62188 0.00514955 0.000595245 -7.89911e-05
71.6418 5.2156 0.00263083 1.62188 0.00479907 0.000653099 -8.12105e-05
71.6629 5.21538 0.00270755 1.62188 0.00442659 0.000672931 -8.15363e-05
71.6822 5.21517 0.00276681 1.62188 0.00404238 0.000599475 -8.30424e-05
71.7022 5.21497 0.0028098 1.62188 0.00370437 0.000635113 -8.46782e-05
71.7237 5.21479 0.00283788 1.62189 0.00341643 0.000642128 -8.6855e-05
71.7431 5.21462 0.00285226 1.62189 0.0031708 0.00074617 -8.89743e-05
71.7636 5.21446 0.00285401 1.62189 0.00295669 0.000739667 -9.18004e-05
71.7831 5.2143 0.00284412 1.6219 0.00275715 0.000530043 -9.70651e-05
71.8035 5.21416 0.00282346 1.6219 0.00256297 0.000686418 -0.000100252
71.8249 5.21402 0.00279287 1.62191 0.00236234 0.000681872 -0.000103332
71.8436 5.21389 0.00275335 1.62191 0.00213086 0.000636779 -0.000107988
71.8646 5.21377 0.00270563 1.62192 0.00189928 0.000623598 -0.000111556
71.8844 5.21366 0.00265072 1.62192 0.0016554 0.000616084 -0.000114779
71.9041 5.21355 0.00258955 1.62193 0.00140819 0.000612642 -0.000117347
71.9269 5.21344 0.00252299 1.62193 0.00117594 0.00062366 -0.000118226
71.9451 5.21335 0.0024521 1.62192 0.000939057 0.000633537 -0.000121451
71.9662 5.21326 0.00237775 1.62192 0.000705984 0.000626967 -0.000121997
71.9854 5.21318 0.00230077 1.62191 0.000492469 0.000617514 -0.000121434
72.0056 5.2131 0.00222211 1.62191 0.000282376 0.000618208 -0.000121281
72.0272 5.21303 0.00214258 1.62189 7.79738e-05 0.000621007 -0.000120372
72.0462 5.21297 0.002063 1.62188 -0.00012306 0.000562595 -0.000120008
72.0677 5.21291 0.00198416 1.62187 -0.000322571 0.000611466 -0.000117091
72.0868 5.21285 0.00190663 1.62186 -0.000484818 0.000717648 -0.000116032
72.1067 5.2128 0.00183103 1.62185 -0.000605955 0.000651589 -0.000116709
72.1283 5.21275 0.00175781 1.62185 -0.000688183 0.000621539 -0.000116914
72.1472 5.21271 0.00168729 1.62184 -0.000735956 0.000665185 -0.000113265
72.168 5.21267 0.00161988 1.62183 -0.000780603 0.0005644 -0.000111355
72.1878 5.21263 0.00155569 1.62182 -0.000816847 0.000607331 -0.000111
72.2079 5.2126 0.00149483 1.62182 -0.000839299 0.000592684 -0.000110167
72.228 5.21258 0.00143746 1.62181 -0.000864454 0.000576172 -0.000109956
72.2481 5.21256 0.00138367 1.62181 -0.000890025 0.000652365 -0.000108825
72.2709 5.21254 0.00133359 1.6218 -0.00092418 0.000578659 -0.00010817
72.2884 5.21252 0.00128732 1.6218 -0.000962073 0.000562134 -0.000107978
72.3087 5.21249 0.00124496 1.62179 -0.000998095 0.000569806 -0.000108055
72.3296 5.21247 0.00120669 1.62179 -0.00103772 0.000495466 -0.000111995
72.3493 5.21245 0.00117239 1.62179 -0.00104035 0.000542124 -0.000115994
72.3695 5.21244 0.00114195 1.62178 -0.000991488 0.000539829 -0.000118426
72.389 5.21243 0.00111536 1.62178 -0.00092115 0.000612949 -0.000121985
72.4093 5.21243 0.00109241 1.62178 -0.000844501 0.000459359 -0.000125166
72.432 5.21243 0.00107289 1.62178 -0.000777713 0.000436394 -0.000127834
72.4497 5.21243 0.00105653 1.62178 -0.000717116 0.000475605 -0.000132862
72.4703 5.21244 0.00104296 1.62178 -0.000645661 0.000419339 -0.000136903
72.4903 5.21245 0.00103204 1.62179 -0.000588241 0.000424946 -0.000141066
72.5105 5.21246 0.00102357 1.62181 -0.000548947 0.000423137 -0.000145087
72.5314 5.21248 0.00101736 1.62182 -0.000524233 0.000495051 -0.000148526
72.5508 5.2125 0.00101325 1.62184 -0.000502421 0.000516258 -0.000153569
72.573 5.21253 0.00101111 1.62185 -0.000480109 0.000495808 -0.000158011
72.5914 5.21257 0.00101084 1.62187 -0.000458214 0.000472331 -0.000161495
72.6116 5.21261 0.00101237 1.62188 -0.00043733 0.000546612 -0.000164483
72.6329 5.21265 0.00101558 1.62188 -0.000411669 0.000417178 -0.000166684
72.6519 5.21269 0.00102034 1.62189 -0.00037952 0.000409521 -0.000168102
72.6723 5.21274 0.00102663 1.62191 -0.000357063 0.000453497 -0.00016981
72.6919 5.2128 0.00103434 1.62192 -0.000341037 0.000472271 -0.000173266
72.712 5.21285 0.00104336 1.62194 -0.000325104 0.000468035 -0.000176375
72.7331 5.21292 0.00105357 1.62195 -0.000300739 0.000550665 -0.000180434
72.7527 5.21297 0.00106493 1.62197 -0.000276661 0.000417911 -0.000184504
72.7736 5.21304 0.00107742 1.62198 -0.000267359 0.000484118 -0.000187786
72.7934 5.2131 0.00109091 1.622 -0.000257005 0.000430944 -0.000190537
72.8136 5.21317 0.00110537 1.62203 -0.000250376 0.000539855 -0.000192536
72.8353 5.21324 0.00112069 1.62205 -0.00022865 0.000469476 -0.000195875
72.8539 5.21331 0.00113687 1.62207 -0.000209836 0.000327105 -0.000198772
72.8748 5.21338 0.00115385 1.62209 -0.000197176 0.00049276 -0.000201652
72.8943 5.21345 0.00117155 1.62212 -0.000184172 0.000525325 -0.000204418
72.9144 5.21351 0.00118987 1.62214 -0.000164097 0.000358776 -0.000206174
72.9367 5.21358 0.00120887 1.62216 -0.000159096 0.000414976 -0.000208311
72.9551 5.21365 0.00122831 1.62219 -0.000134874 0.000388868 -0.000210728
72.9763 5.21373 0.00124828 1.62221 -0.000120332 0.000501569 -0.000213202
72.9953 5.21381 0.00126863 1.62224 -0.000103765 0.000367833 -0.000215569
73.0152 5.21389 0.00128938 1.62226 -9.8698e-05 0.000349854 -0.000218017
73.0374 5.21397 0.00131056 1.62228 -0.000111914 0.000250656 -0.000218241
73.0564 5.21405 0.00133209 1.6223 -0.00012174 0.000370807 -0.00021939
73.0767 5.21414 0.00135397 1.62233 -0.00012163 0.000362571 -0.000220051
73.0972 5.21422 0.00137633 1.62235 -0.000130435 0.000516928 -0.000222264
73.1171 5.21431 0.00139909 1.62237 -0.000136492 0.000435938 -0.000222643
73.1395 5.2144 0.00142227 1.6224 -0.000136005 0.000516058 -0.000221853
73.1572 5.21449 0.00144576 1.62242 -0.000111585 0.000483826 -0.000221924
73.1783 5.21458 0.00146969 1.62245 -0.000102605 0.000420472 -0.000220491
73.1975 5.21467 0.00149394 1.62247 -9.05299e-05 0.00028741 -0.000221365
73.2179 5.21476 0.00151856 1.6225 -9.06802e-05 0.000427985 -0.000224814
73.239 5.21485 0.00154342 1.62253 -8.7732e-05 0.000406703 -0.000225483
73.2588 5.21495 0.00156853 1.62255 -8.33688e-05 0.000523899 -0.000225005
73.2794 5.21505 0.00159392 1.62258 -8.57525e-05 0.000496741 -0.000225287
73.2989 5.21515 0.00161946 1.62261 -7.07559e-05 0.000536669 -0.000225539
73.319 5.21525 0.00164504 1.62264 -3.33794e-05 0.000371797 -0.000224006
73.3408 5.21535 0.00167067 1.62266 2.93919e-06 0.000376645 -0.000223013
73.3604 5.21546 0.0016963 1.62269 2.46971e-05 0.000280516 -0.00022242
73.3805 5.21557 0.00172198 1.62271 8.84209e-06 0.000377577 -0.000222262
73.4001 5.21568 0.00174747 1.62274 3.51035e-06 0.000383263 -0.000222304
73.4203 5.2158 0.00177284 1.62277 1.62631e-06 0.00046042 -0.000222448
73.4414 5.21591 0.00179818 1.62279 -8.23847e-06 0.000401177 -0.000224305
73.4604 5.21603 0.00182359 1.62281 -3.82881e-05 0.000256587 -0.000225188
73.4827 5.21614 0.00184907 1.62283 -6.99415e-05 0.000322267 -0.000225686
73.5013 5.21627 0.00187457 1.62284 -7.22886e-05 0.000384452 -0.000225514
73.5214 5.2164 0.0019002 1.62286 -6.44901e-05 0.000379801 -0.000225329
73.5437 5.21653 0.00192609 1.62287 -6.9594e-05 0.000378128 -0.000225464
73.5614 5.21667 0.00195211 1.62287 -6.72077e-05 0.000376745 -0.000225684
73.5825 5.21681 0.00197816 1.62287 -3.90184e-05 0.000363218 -0.000225205
73.6022 5.21696 0.00200426 1.62286 -1.00756e-05 0.000370098 -0.000223944
73.6223 5.21712 0.00203028 1.62285 2.35949e-05 0.000385854 -0.000223114
73.6439 5.21728 0.00205615 1.62284 5.16927e-05 0.000374646 -0.0002206
73.6629 5.21744 0.00208183 1.62282 6.36623e-05 0.000363515 -0.00021895
73.6843 5.21761 0.00210722 1.6228 6.99298e-05 0.000365661 -0.000219079
73.7032 5.21778 0.00213235 1.62278 6.19517e-05 0.00037012 -0.000220424
73.7231 5.21796 0.00215724 1.62276 3.75355e-05 0.000371087 -0.000219052
73.7454 5.21815 0.00218184 1.62273 2.2031e-05 0.000383783 -0.000217726
73.7635 5.21834 0.00220631 1.6227 2.6224e-06 0.000403812 -0.000217026
73.7859 5.21853 0.00223076 1.62268 -2.78301e-05 0.000410177 -0.00021638
73.8049 5.21873 0.00225504 1.62265 -2.86178e-05 0.000416867 -0.000211975
73.8243 5.21893 0.00227933 1.62262 -2.50351e-05 0.000420623 -0.00020879
73.8449 5.21914 0.00230372 1.62259 -3.37646e-05 0.000423679 -0.00020576
73.8642 5.21935 0.0023281 1.62256 -3.49261e-05 0.000452503 -0.000200881
73.8856 5.21957 0.0023526 1.62253 -4.05558e-05 0.000466642 -0.000200779
73.9046 5.2198 0.00237712 1.6225 -3.84782e-05 0.000452398 -0.000199202
73.9247 5.22003 0.00240157 1.62247 -1.31047e-05 0.000460069 -0.00019911
73.9473 5.22026 0.00242603 1.62245 6.2202e-06 0.000468799 -0.000199187
73.9655 5.2205 0.00245051 1.62242 5.93686e-06 0.00046596 -0.000199593
73.9866 5.22075 0.00247482 1.6224 1.36451e-05 0.000481608 -0.000197104
74.0058 5.22099 0.00249901 1.62237 1.98924e-05 0.000501647 -0.000195203
74.0257 5.22125 0.00252308 1.62235 1.86848e-05 0.000507611 -0.000193099
74.0481 5.22151 0.00254688 1.62232 3.72203e-05 0.000501765 -0.000189269
74.0662 5.22177 0.00257051 1.62229 4.60192e-05 0.00048285 -0.000186419
74.0869 5.22204 0.00259391 1.62226 5.07781e-05 0.000480594 -0.000184223
74.1074 5.22232 0.00261689 1.62224 8.16597e-05 0.00045327 -0.000182301
74.1269 5.22259 0.00263939 1.62222 0.000126072 0.000482685 -0.000180456
74.1486 5.22287 0.00266122 1.6222 0.000184634 0.000481325 -0.000178682
74.1669 5.22316 0.00268234 1.62219 0.0002305 0.00044076 -0.000176915
74.1883 5.22345 0.00270266 1.62218 0.000245744 0.000419349 -0.000175063
74.2081 5.22374 0.00272201 1.62217 0.000251676 0.000429664 -0.000173166
74.2277 5.22404 0.00274024 1.62217 0.0002712 0.00038529 -0.000174054
74.25 5.22434 0.00275739 1.62216 0.00028048 0.000471147 -0.000171587
74.2684 5.22463 0.00277345 1.62216 0.000279157 0.00033714 -0.000170015
74.289 5.22493 0.00278837 1.62217 0.000277848 0.000410613 -0.000168537
74.309 5.22523 0.00280206 1.62218 0.000292365 0.000367414 -0.000166289
74.3284 5.22552 0.00281454 1.62219 0.000309451 0.000339972 -0.000164513
74.3513 5.22581 0.00282578 1.6222 0.000323319 0.000347064 -0.000162751
74.3695 5.2261 0.00283575 1.62221 0.00033412 0.000326378 -0.000161031
74.3913 5.22638 0.00284437 1.62222 0.000345422 0.000215625 -0.000159319
74.4099 5.22667 0.00285167 1.62223 0.000349495 0.000261032 -0.000159005
74.43 5.22696 0.00285758 1.62224 0.000351408 0.000402211 -0.000158713
74.4511 5.22725 0.00286215 1.62226 0.000346643 0.000281777 -0.000158645
74.4702 5.22754 0.00286541 1.62228 0.000328605 0.000292191 -0.000156982
74.4922 5.22784 0.00286736 1.6223 0.000314603 0.000366479 -0.000157228
74.5107 5.22814 0.002868 1.62232 0.000314057 0.000247791 -0.000156836
74.5309 5.22844 0.00286744 1.62235 0.000308294 0.000300161 -0.000157123
74.5528 5.22875 0.00286571 1.62238 0.000295954 0.000420876 -0.000156376
74.5714 5.22907 0.00286279 1.62241 0.000291224 0.00039339 -0.000155582
74.5933 5.22939 0.00285882 1.62245 0.000272537 0.00032408 -0.000155119
74.612 5.22971 0.00285392 1.62248 0.000232312 0.000286171 -0.000153931
74.632 5.23004 0.00284816 1.6225 0.000187779 0.000273677 -0.000153967
74.6532 5.23037 0.00284157 1.62253 0.000163678 0.000260101 -0.000154387
74.6721 5.2307 0.00283425 1.62254 0.000159533 0.000247386 -0.000155394
74.6933 5.23104 0.00282628 1.62256 0.000161649 0.000253463 -0.000155357
74.7126 5.23139 0.00281762 1.62257 0.000178318 0.000268435 -0.000155852
74.7329 5.23173 0.00280822 1.62257 0.000205758 0.000279206 -0.000156324
74.7533 5.23209 0.00279819 1.62258 0.000210012 0.000273834 -0.000157311
74.7729 5.23244 0.00278747 1.62258 0.00019603 0.00026551 -0.000157847
74.7937 5.2328 0.00277606 1.62258 0.000175372 0.00026893 -0.000158588
74.8134 5.23316 0.00276396 1.62258 0.000161954 0.000280257 -0.000157835
74.8335 5.23353 0.0027512 1.62257 0.000157141 0.000293499 -0.000156859
74.8541 5.2339 0.002738 1.62256 0.000132014 0.000295956 -0.000157597
74.874 5.23428 0.00272435 1.62255 0.000101379 0.000304254 -0.000155891
74.8949 5.23466 0.00271035 1.62254 7.0939e-05 0.000321002 -0.000153996
74.9141 5.23504 0.00269627 1.62253 1.66668e-05 0.000326631 -0.000153663
74.9342 5.23543 0.00268214 1.62252 -3.1944e-05 0.000338401 -0.000154545
74.9592 5.23582 0.00266799 1.62251 -4.97012e-05 0.00026941 -0.000153245
74.9758 5.23622 0.00265406 1.6225 -6.23984e-05 0.000419722 -0.000152713
74.9962 5.23663 0.00264032 1.62249 -5.86559e-05 0.000413816 -0.000153884
75.0157 5.23704 0.00262674 1.62249 -3.60284e-05 0.000373604 -0.000155089
75.0363 5.23745 0.0026133 1.62248 -6.28126e-06 0.000362433 -0.000156221
75.0574 5.23787 0.00260004 1.62248 4.05531e-06 0.000350288 -0.000156689
75.0763 5.23829 0.00258691 1.62247 -3.05234e-06 0.000339213 -0.000157162
75.0986 5.23872 0.0025738 1.62247 -4.63433e-06 0.000357327 -0.00015839
75.1174 5.23915 0.00256081 1.62247 -1.88861e-05 0.000368887 -0.00015667
75.1372 5.23958 0.00254795 1.62246 -3.5381e-05 0.000363042 -0.000154898
75.1583 5.24002 0.00253522 1.62246 -4.17542e-05 0.000378551 -0.000155112
75.1776 5.24047 0.00252277 1.62245 -6.01059e-05 0.000391529 -0.000155106
75.1984 5.24091 0.00251058 1.62245 -7.44577e-05 0.00039004 -0.000157853
75.2182 5.24136 0.00249859 1.62244 -7.10876e-05 0.000391354 -0.000155414
75.2381 5.24182 0.00248698 1.62243 -7.86758e-05 0.000389153 -0.000153011
75.2601 5.24228 0.00247572 1.62243 -8.54477e-05 0.000332604 -0.00015214
75.2793 5.24275 0.00246472 1.62242 -7.4363e-05 0.00047575 -0.000151402
75.3 5.24323 0.0024539 1.62242 -3.8563e-05 0.000449865 -0.000151014
75.3196 5.24372 0.00244318 1.62242 9.1542e-06 0.000369382 -0.000148969
75.3401 5.24421 0.0024325 1.62242 4.74859e-05 0.000375347 -0.00014788
75.3616 5.2447 0.00242174 1.62243 7.46452e-05 0.000336562 -0.000146709
75.3807 5.2452 0.00241066 1.62244 0.000110499 0.000213185 -0.000144923
75.4037 5.24571 0.00239922 1.62245 0.000140137 0.00027426 -0.000143738
75.4215 5.24624 0.00238742 1.62247 0.000144438 0.000286608 -0.000142929
75.4413 5.24677 0.00237515 1.62249 0.000136549 0.000347917 -0.000141117
75.4655 5.24731 0.00236226 1.62251 0.000149966 0.000297385 -0.000139834
75.4818 5.24786 0.00234884 1.62253 0.000161003 0.000238446 -0.000139662
75.5025 5.2484 0.00233488 1.62255 0.000165178 0.000164122 -0.000139165
75.5221 5.24896 0.0023203 1.62257 0.000170445 0.000262537 -0.000138857
75.5421 5.24953 0.00230506 1.62259 0.000180506 0.000168084 -0.00013786
75.5634 5.25012 0.0022893 1.62262 0.000171015 0.000280463 -0.000137899
75.583 5.25072 0.00227295 1.62264 0.000154339 0.000275432 -0.000138725
75.6033 5.25133 0.00225608 1.62267 0.000133281 0.00021441 -0.000138364
75.6234 5.25195 0.00223873 1.6227 0.000113213 0.000191156 -0.000137783
75.6432 5.25258 0.00222098 1.62273 9.5104e-05 0.000211971 -0.000135532
75.6642 5.25322 0.00220281 1.62276 9.33193e-05 0.000236472 -0.0001345
75.6837 5.25388 0.00218435 1.62278 8.8367e-05 0.000200088 -0.000133773
75.7046 5.25454 0.00216563 1.62281 7.96334e-05 0.000191798 -0.000132909
75.7243 5.25522 0.00214665 1.62283 7.01887e-05 0.00021285 -0.00013039
75.7439 5.25591 0.00212741 1.62285 7.05957e-05 0.00023384 -0.000130407
75.7674 5.25661 0.00210802 1.62286 5.87463e-05 0.000235506 -0.000129714
75.7844 5.25731 0.00208853 1.62288 3.71084e-05 0.000232685 -0.00012874
75.8066 5.25803 0.00206897 1.62289 1.17483e-05 0.000235368 -0.0001277
75.825 5.25876 0.00204944 1.6229 -1.43194e-05 0.000247681 -0.000126646
75.845 5.2595 0.00203002 1.62291 -3.90356e-05 0.000271551 -0.000125596
75.8673 5.26025 0.00201081 1.62291 -6.28045e-05 0.000293088 -0.000125947
75.886 5.26101 0.00199196 1.62291 -9.60811e-05 0.000307363 -0.000124524
75.9063 5.26178 0.00197353 1.62291 -0.0001242 0.00033806 -0.000124312
75.9261 5.26256 0.00195563 1.62291 -0.000150727 0.000363711 -0.000125212
75.9462 5.26336 0.00193831 1.6229 -0.000164257 0.000370849 -0.000126095
75.9675 5.26416 0.00192166 1.62289 -0.000174097 0.000378418 -0.000126534
75.9865 5.26497 0.00190578 1.62289 -0.000191515 0.000385427 -0.000124804
76.0072 5.2658 0.00189069 1.62288 -0.00020474 0.00040585 -0.000127021
76.0272 5.26663 0.00187654 1.62287 -0.000233418 0.000409545 -0.000128406
76.0471 5.26748 0.00186322 1.62286 -0.00024148 0.000403696 -0.000127776
76.0677 5.26834 0.00185073 1.62286 -0.000224001 0.00041371 -0.000126577
76.0872 5.2692 0.00183921 1.62286 -0.000216453 0.00041246 -0.000125967
76.1088 5.27008 0.00182859 1.62286 -0.00021124 0.000416435 -0.000125424
76.1277 5.27097 0.00181884 1.62286 -0.000206851 0.00043055 -0.000124348
76.148 5.27187 0.00180999 1.62286 -0.00021641 0.000430854 -0.000119781
76.1686 5.27278 0.00180196 1.62286 -0.000215768 0.000521379 -0.000117409
76.1883 5.2737 0.00179473 1.62287 -0.000202566 0.000432804 -0.000115748
76.2099 5.27462 0.00178824 1.62288 -0.000176107 0.000544613 -0.000114464
76.2291 5.27556 0.00178234 1.62289 -0.000129328 0.000540067 -0.00011498
76.249 5.27649 0.00177693 1.62291 -7.88737e-05 0.000452472 -0.000114248
76.2704 5.27743 0.00177196 1.62293 -4.74548e-05 0.000422694 -0.000113129
76.2898 5.27837 0.00176728 1.62295 -3.12961e-05 0.000283766 -0.000112918
76.3109 5.27933 0.00176275 1.62298 -1.67732e-05 0.00032298 -0.000112959
76.3299 5.2803 0.00175841 1.62301 -1.82719e-05 0.000379712 -0.000115026
76.3504 5.28128 0.00175402 1.62304 5.93382e-07 0.000270464 -0.000115864
76.3713 5.28227 0.00174974 1.62309 2.29293e-06 0.000267865 -0.000116
76.3907 5.28327 0.00174555 1.62315 -1.09146e-05 0.000211236 -0.000115485
76.4115 5.28429 0.00174143 1.6232 -2.73227e-05 0.000343997 -0.00011495
76.4314 5.2853 0.00173736 1.62326 -3.20546e-05 0.000193622 -0.000114187
76.4511 5.28633 0.00173333 1.62332 -2.14124e-05 0.000293464 -0.000112687
76.4751 5.28736 0.00172939 1.62339 -8.08191e-06 0.000266504 -0.000113788
76.4917 5.28839 0.00172555 1.62345 -2.76875e-06 0.00038616 -0.000115014
76.5123 5.28943 0.00172175 1.62351 1.54714e-06 0.000310843 -0.000117306
76.5317 5.29048 0.0017179 1.62358 1.26757e-05 0.000387343 -0.000118067
76.552 5.29153 0.001714 1.62364 2.43853e-05 0.000172538 -0.000117614
76.5737 5.2926 0.00171014 1.6237 1.45916e-05 0.000291551 -0.00011709
76.5927 5.29368 0.00170618 1.62377 1.42261e-05 0.000334381 -0.000116077
76.6138 5.29478 0.00170213 1.62382 2.17048e-05 0.000290125 -0.000116529
76.6329 5.29591 0.00169805 1.62387 2.3786e-05 0.000262749 -0.000117385
76.6533 5.29704 0.00169392 1.62391 1.68778e-05 0.000256494 -0.000115771
76.6738 5.2982 0.00168966 1.62395 2.20964e-05 0.000238717 -0.000114737
76.6932 5.29937 0.00168534 1.62398 2.75053e-05 0.000223262 -0.000114674
76.7152 5.30056 0.00168097 1.624 2.37367e-05 0.000221326 -0.000114678
76.734 5.30176 0.00167644 1.62402 3.38434e-05 0.000205072 -0.00011426
76.754 5.30298 0.00167184 1.62403 3.41952e-05 0.000203321 -0.000112605
76.7784 5.30422 0.00166715 1.62404 3.01756e-05 0.000209592 -0.000111234
76.7946 5.30548 0.00166227 1.62404 3.90967e-05 0.000203202 -0.000110252
76.8156 5.30675 0.00165724 1.62403 5.13141e-05 0.000196514 -0.000110894
76.8351 5.30803 0.00165204 1.62403 6.17522e-05 0.000195382 -0.000110739
76.8553 5.30934 0.0016466 1.62402 7.21763e-05 0.000198147 -0.000110104
76.8785 5.31066 0.00164092 1.62401 7.91412e-05 0.000293657 -0.00011144
76.896 5.31199 0.00163497 1.62399 8.13964e-05 0.000245883 -0.000111429
76.9172 5.31333 0.00162882 1.62398 6.62234e-05 0.000134794 -0.000110904
76.9367 5.31469 0.00162254 1.62398 3.44633e-05 0.000199798 -0.000110125
76.9575 5.31606 0.00161607 1.62398 1.42769e-05 0.000265985 -0.000110056
76.9782 5.31745 0.00160947 1.62398 7.31101e-06 0.000350338 -0.000108719
76.9972 5.31884 0.00160279 1.62398 1.33969e-05 0.000338381 -0.000108405
77.018 5.32025 0.00159609 1.62399 1.75211e-05 0.000293503 -0.000107296
77.0375 5.32166 0.00158934 1.624 2.11945e-05 0.000220086 -0.000105368
77.0574 5.3231 0.00158257 1.62402 1.85733e-05 0.000341069 -0.000105498
77.0796 5.32453 0.00157576 1.62403 1.3731e-05 0.000260775 -0.000105452
77.0976 5.32599 0.00156892 1.62406 9.04231e-06 0.00031345 -0.000104779
77.1194 5.32747 0.00156207 1.62408 2.76731e-06 0.00031184 -0.000103875
77.1393 5.32896 0.00155522 1.62411 -1.9176e-06 0.000355903 -0.000102914
77.1593 5.33045 0.00154839 1.62414 -5.94812e-06 0.000218214 -0.000101768
77.1822 5.33196 0.00154166 1.62417 -1.67724e-05 0.000271255 -0.000101555
77.1996 5.33348 0.00153492 1.62421 -1.35212e-05 0.000399292 -0.000100802
77.2203 5.33501 0.00152829 1.62424 -1.47304e-05 0.000345478 -0.000100523
77.24 5.33655 0.00152176 1.62427 -2.12738e-05 0.000326811 -0.000100071
77.2609 5.3381 0.0015153 1.6243 -1.90486e-05 0.000358742 -0.000101801
77.281 5.33965 0.00150886 1.62433 -1.50515e-06 0.000381354 -0.000105894
77.3003 5.34122 0.00150237 1.62435 2.31901e-05 0.000393524 -0.000106003
77.3214 5.34279 0.00149585 1.62437 3.88262e-05 0.000409351 -0.000104596
77.3412 5.34437 0.00148932 1.62439 3.58573e-05 0.000415583 -0.00010365
77.3613 5.34596 0.00148266 1.6244 3.40374e-05 0.000410241 -0.000102788
77.3835 5.34755 0.00147589 1.62441 3.17476e-05 0.000410455 -0.000102476
77.4012 5.34916 0.001469 1.62442 3.2053e-05 0.000419248 -0.000102204
77.422 5.35077 0.00146201 1.62443 3.16082e-05 0.000439666 -0.000101185
77.4417 5.35239 0.00145501 1.62443 1.56732e-05 0.000444939 -0.000101197
77.4619 5.35402 0.00144802 1.62443 -7.09332e-06 0.000502498 -0.000100875
77.4841 5.35565 0.00144107 1.62443 -2.85426e-05 0.00043084 -9.99052e-05
77.5023 5.35727 0.00143422 1.62443 -4.2374e-05 0.000179075 -9.98254e-05
77.5228 5.35892 0.0014275 1.62444 -4.82465e-05 0.000412568 -9.92979e-05
77.5423 5.36057 0.00142094 1.62445 -4.46035e-05 0.000587342 -9.90296e-05
77.5624 5.36222 0.00141451 1.62446 -2.85625e-05 0.000160128 -0.000100334
77.5832 5.3639 0.00140836 1.6245 -4.0592e-05 0.000351339 -0.000100039
77.6028 5.3656 0.00140235 1.62455 -4.57769e-05 0.000458306 -9.93466e-05
77.6233 5.36733 0.00139647 1.62459 -4.09837e-05 0.000381216 -9.85465e-05
77.6433 5.36908 0.00139065 1.62464 -1.53779e-05 0.000293571 -9.77413e-05
77.6632 5.37085 0.00138488 1.62469 1.2503e-05 0.000251773 -9.68361e-05
77.6851 5.37265 0.00137921 1.62473 1.93615e-05 0.000250519 -9.7443e-05
77.7035 5.37447 0.00137347 1.62476 2.84247e-05 0.000248643 -9.77001e-05
77.7246 5.37631 0.00136757 1.62479 4.58507e-05 0.000232814 -9.7112e-05
77.7441 5.37817 0.00136164 1.62482 4.33337e-05 0.000298796 -9.72375e-05
77.7643 5.38005 0.00135566 1.62483 2.38382e-05 0.000202815 -9.74554e-05
77.7852 5.38195 0.0013496 1.62485 6.57011e-06 0.000206133 -9.9269e-05
77.8049 5.38387 0.00134343 1.62487 4.45589e-06 0.000316594 -9.94482e-05
77.8264 5.38581 0.00133729 1.62489 -2.59396e-06 0.000315126 -9.89633e-05
77.8452 5.38775 0.0013313 1.62491 -2.97364e-05 0.000211183 -9.80118e-05
77.8652 5.38972 0.00132542 1.62492 -5.30496e-05 0.000220963 -9.69722e-05
77.8869 5.39171 0.0013197 1.62494 -6.44409e-05 0.000250498 -9.64619e-05
77.9057 5.39371 0.00131426 1.62495 -7.81352e-05 0.000361418 -9.48732e-05
77.926 5.39573 0.00130919 1.62497 -0.000100813 0.000191369 -9.34119e-05
77.946 5.39777 0.00130458 1.62499 -0.00012742 0.000283706 -9.35609e-05
77.9664 5.39982 0.00130033 1.625 -0.000130687 0.000270042 -9.36646e-05
77.987 5.40189 0.00129665 1.62502 -0.000140859 0.000358884 -9.35506e-05
78.0093 5.40396 0.00129355 1.62503 -0.000153444 0.000311386 -9.41963e-05
78.0296 5.40604 0.00129097 1.62505 -0.000152912 0.000175024 -9.36857e-05
78.0488 5.40814 0.00128894 1.62507 -0.000143324 0.000324573 -9.26881e-05
78.0687 5.41024 0.00128744 1.62509 -0.000130133 0.000301494 -9.14355e-05
78.09 5.41235 0.00128648 1.62511 -0.000117779 0.000234143 -9.17167e-05
78.1097 5.41448 0.00128595 1.62513 -0.00010165 0.000202 -9.12726e-05
78.1304 5.41663 0.00128584 1.62516 -9.00549e-05 0.000281821 -9.02673e-05
78.15 5.41879 0.00128598 1.62519 -6.67809e-05 0.000903035 -9.02439e-05
78.1698 5.42083 0.00128662 1.62523 -8.1803e-05 0.000109669 -9.03123e-05
78.1909 5.42284 0.00128769 1.62533 -0.000115909 0.000373179 -9.08729e-05
78.3535 5.42486 0.00128899 1.62546 -0.000115883 0.000959181 -9.08548e-05
78.3742 5.42687 0.0012906 1.6256 -9.29501e-05 0.000676047 -9.0363e-05
78.3934 5.4289 0.00129274 1.62574 -9.62e-05 0.00041275 -9.1449e-05
78.4138 5.43097 0.00129527 1.62588 -0.000102954 0.000317222 -9.10617e-05
78.4341 5.43312 0.00129813 1.62602 -0.000100996 0.00033049 -9.039e-05
78.454 5.43535 0.0013015 1.62615 -0.000119775 0.000232496 -8.90321e-05
78.4764 5.43769 0.00130512 1.62627 -0.000106051 -0.000282175 -8.8125e-05
78.494 5.44019 0.00130928 1.6264 -0.000116319 -0.000113536 -8.68988e-05
78.5139 5.44283 0.00131382 1.62652 -0.000117234 -0.000261089 -8.66245e-05
78.5344 5.44564 0.00131861 1.62663 -8.82631e-05 -0.000980282 -8.6155e-05
78.5545 5.44866 0.00132394 1.62675 -9.82388e-05 -0.00109332 -8.41552e-05
78.5755 5.45192 0.00132969 1.62686 -0.000121716 -0.00118055 -8.15751e-05
78.5954 5.45543 0.00133576 1.62697 -0.000123534 -0.00124927 -8.08409e-05
78.615 5.45919 0.00134227 1.62709 -0.0001227 -0.00190984 -8.01232e-05
78.6355 5.46327 0.00134928 1.6272 -0.000130828 -0.00282839 -8.14403e-05
78.6557 5.46779 0.00135654 1.62732 -0.000106591 -0.00250815 -8.32889e-05
78.6759 5.47276 0.00136433 1.62748 -0.000118473 -0.00238622 -7.87251e-05
78.6954 5.47821 0.00137234 1.62767 -9.52257e-05 -0.00351564 -7.69257e-05
78.716 5.48426 0.00138087 1.6279 -0.000109029 -0.00182371 -7.53608e-05
78.7387 5.49068 0.00138969 1.62818 -0.000113564 -0.00194038 -7.20523e-05
78.7565 5.49737 0.0013988 1.6285 -9.80084e-05 -0.00436377 -7.04264e-05
78.7783 5.5044 0.00140882 1.62889 -0.000167749 -0.00339663 -6.53325e-05
78.7969 5.51167 0.00141906 1.62931 -0.000168144 -0.00291848 -6.12707e-05
78.8171 5.51914 0.00143023 1.62973 -0.000222607 -0.00198864 -5.54766e-05
78.8386 5.52671 0.00144185 1.63013 -0.00021983 -0.00241656 -4.98384e-05
78.8575 5.53437 0.00145419 1.6305 -0.000204394 -0.00169107 -4.53401e-05
78.8791 5.54203 0.00146743 1.63084 -0.000217337 -0.00132211 -3.98246e-05
78.8983 5.54969 0.00148135 1.63115 -0.000206837 -0.000428365 -3.72326e-05
78.918 5.55725 0.00149602 1.6314 -0.000194696 -7.62304e-05 -3.3488e-05
78.9392 5.56473 0.00151151 1.63162 -0.000199594 0.000956897 -3.09778e-05
78.9585 5.57205 0.00152751 1.63178 -0.000170333 0.00154874 -2.73916e-05
78.9792 5.57917 0.00154435 1.63189 -0.000175645 0.00227935 -2.669e-05
78.9988 5.58606 0.00156159 1.63199 -0.000144962 0.00280205 -2.15564e-05
79.0198 5.59265 0.00157936 1.63206 -0.000117258 0.00324729 -1.78032e-05
79.0398 5.59891 0.00159784 1.63212 -0.000135049 0.00447824 -1.99877e-05
79.0591 5.60474 0.00161638 1.63214 -9.03959e-05 0.00457469 -1.801e-05
79.0812 5.61012 0.00163517 1.63215 -4.04541e-05 0.00454518 -1.45747e-05
79.1008 5.61503 0.00165393 1.63215 2.57389e-05 0.00396289 -1.32391e-05
79.1204 5.6196 0.00167316 1.63219 -7.71398e-06 0.00528979 -1.51351e-05
79.1421 5.6238 0.00169188 1.63223 3.75871e-05 0.0056548 -1.17922e-05
79.1611 5.62764 0.00171062 1.63227 5.50183e-05 0.00566986 -1.02203e-05
79.1818 5.63114 0.00172915 1.63233 6.82088e-05 0.00641037 -1.09696e-05
79.2014 5.63425 0.00174765 1.63239 3.5628e-05 0.00679509 -1.36491e-05
79.2214 5.63697 0.00176539 1.63244 7.83106e-05 0.00560575 -1.3233e-05
79.2442 5.63945 0.00178315 1.63252 5.68975e-05 0.00649721 -1.566e-05
79.2631 5.64165 0.00180018 1.63261 0.00010835 0.00591213 -1.37666e-05
79.2837 5.64364 0.00181696 1.63271 0.000126426 0.00592689 -1.58775e-05
79.3025 5.64543 0.00183337 1.63278 0.000112606 0.00631001 -1.87442e-05
79.3224 5.64698 0.00184913 1.63283 0.000126015 0.00560304 -2.24229e-05
79.3436 5.64832 0.00186425 1.63287 0.000153358 0.00516964 -2.31366e-05
79.3629 5.64943 0.0018792 1.63291 0.000109864 0.00493205 -2.57514e-05
79.3837 5.65032 0.00189364 1.63295 7.27812e-05 0.00470859 -2.72401e-05
79.4033 5.65104 0.0019073 1.63298 0.000113427 0.00414618 -2.59258e-05
79.4232 5.65159 0.00192068 1.63303 0.000124521 0.00370592 -2.49411e-05
79.4468 5.65207 0.00193363 1.63309 0.000124397 0.00433984 -2.78537e-05
79.4641 5.65243 0.00194597 1.63313 0.0001366 0.00380852 -3.06132e-05
79.4851 5.6527 0.00195756 1.63316 0.000178496 0.00326297 -3.30986e-05
79.5051 5.6529 0.00196881 1.63319 0.000160497 0.00398261 -3.40897e-05
79.5246 5.65298 0.00197917 1.6332 0.000183282 0.00269107 -3.43041e-05
79.5468 5.65309 0.00198849 1.63323 0.000255416 0.00252841 -3.56239e-05
79.5663 5.65323 0.00199706 1.63327 0.000283927 0.00311837 -3.65687e-05
79.5874 5.65333 0.00200506 1.63329 0.000223014 0.00309314 -3.74343e-05
79.6077 5.65341 0.00201176 1.63331 0.000227616 0.00245888 -4.13502e-05
79.6262 5.6535 0.00201759 1.6333 0.000221897 0.00176564 -4.25042e-05
79.6471 5.6537 0.00202243 1.63328 0.000231948 0.00213101 -4.53222e-05
79.6668 5.654 0.0020263 1.63325 0.000248787 0.00181393 -4.85588e-05
79.6878 5.65443 0.00202939 1.6332 0.00023219 0.0015643 -5.12768e-05
79.7081 5.655 0.00203151 1.63313 0.00022245 0.0012393 -5.27724e-05
79.7273 5.65574 0.00203282 1.63304 0.000204346 0.00134706 -5.45978e-05
79.7492 5.65661 0.00203306 1.63293 0.000217397 0.00213023 -5.93739e-05
79.7676 5.65744 0.00203316 1.63284 0.000111519 0.00158869 -6.28975e-05
79.7908 5.65828 0.00203248 1.63278 5.8812e-05 0.00150626 -6.36e-05
79.8083 5.65914 0.00203149 1.63272 2.26071e-05 0.00180751 -6.54034e-05
79.828 5.66002 0.00203042 1.63266 -1.61097e-05 0.00192438 -6.57785e-05
79.849 5.66091 0.00202943 1.63259 -5.7986e-05 0.00191728 -6.57392e-05
79.8687 5.66181 0.00202874 1.63251 -0.000109899 0.00194102 -6.60787e-05
79.89 5.66274 0.00202835 1.63242 -0.000138758 0.0019875 -6.65042e-05
79.9088 5.66368 0.00202838 1.63232 -0.00014938 0.00203234 -6.6943e-05
79.9289 5.66463 0.00202899 1.63221 -0.000157684 0.00207456 -6.73252e-05
79.9515 5.6656 0.0020302 1.63209 -0.00016367 0.00212378 -6.76416e-05
79.9705 5.6666 0.00203195 1.63197 -0.000152393 0.00216466 -7.11818e-05
79.9913 5.6676 0.00203427 1.63183 -0.000134986 0.002203 -7.67076e-05
80.0112 5.66863 0.00203727 1.6317 -0.000148741 0.00224783 -7.80658e-05
80.0324 5.66967 0.00204103 1.63156 -0.000193436 0.00234629 -7.90681e-05
80.0529 5.67072 0.00204555 1.63142 -0.000241415 0.0023356 -7.98781e-05
80.0715 5.67178 0.0020509 1.63129 -0.000271132 0.00233375 -8.06577e-05
80.0931 5.67285 0.00205723 1.63115 -0.000290676 0.00229272 -8.13102e-05
80.1121 5.67394 0.00206471 1.63102 -0.00031473 0.00236404 -8.19422e-05
80.1321 5.67505 0.00207336 1.63089 -0.000333987 0.00239718 -8.1482e-05
80.1548 5.67618 0.00208334 1.63076 -0.000362104 0.00248834 -8.16274e-05
80.1731 5.67732 0.00209465 1.63063 -0.000380057 0.00244706 -8.18655e-05
80.1936 5.67847 0.00210734 1.6305 -0.000386857 0.00238901 -8.16072e-05
80.2131 5.67962 0.00212157 1.63038 -0.000405172 0.00241691 -8.11866e-05
80.2332 5.68079 0.00213743 1.63027 -0.000435114 0.00253903 -8.1139e-05
80.2545 5.68196 0.00215489 1.63016 -0.000457177 0.00247989 -8.10113e-05
80.2735 5.68313 0.0021741 1.63006 -0.000479133 0.00249146 -8.17218e-05
80.2941 5.6843 0.00219513 1.62996 -0.000502404 0.00254327 -8.24147e-05
80.314 5.68547 0.00221803 1.62987 -0.00052311 0.00251575 -8.05749e-05
80.3341 5.68666 0.00224294 1.62979 -0.000545097 0.00267031 -8.07163e-05
80.3562 5.68785 0.00226992 1.62971 -0.000570012 0.002688 -8.10766e-05
80.3756 5.68904 0.00229913 1.62965 -0.000607858 0.00267248 -8.21007e-05
80.4024 5.69022 0.00233062 1.62959 -0.000644385 0.00267954 -8.22149e-05
80.4273 5.6914 0.00236456 1.62953 -0.000682502 0.00271448 -8.29454e-05
80.4443 5.69257 0.00240105 1.62947 -0.00072056 0.00273477 -8.31363e-05
80.4744 5.69374 0.00244017 1.62942 -0.000743458 0.00272179 -8.34885e-05
80.4974 5.6949 0.002482 1.62937 -0.000754707 0.00273235 -8.37347e-05
80.5223 5.69606 0.00252672 1.62932 -0.000776514 0.00276346 -8.35026e-05
80.5429 5.69721 0.00257434 1.62927 -0.000800702 0.00277514 -8.31101e-05
80.5626 5.69836 0.00262489 1.62923 -0.000813049 0.00276124 -8.3181e-05
80.5837 5.6995 0.0026784 1.62918 -0.000817413 0.00277349 -8.13401e-05
80.6029 5.70065 0.00273504 1.62914 -0.000838565 0.00288321 -7.97454e-05
80.6232 5.70177 0.00279475 1.62911 -0.000853517 0.00284635 -7.82334e-05
80.6425 5.70289 0.00285755 1.62908 -0.000857319 0.00272116 -7.78319e-05
80.6624 5.70401 0.00292344 1.62905 -0.000849587 0.00290826 -7.6648e-05
80.6838 5.70511 0.00299234 1.62903 -0.000820334 0.00290195 -7.93829e-05
80.7032 5.7062 0.00306424 1.62902 -0.000795485 0.00286556 -8.00923e-05
80.7239 5.70728 0.00313916 1.62901 -0.000791509 0.00289276 -8.05788e-05
80.7431 5.70835 0.00321698 1.629 -0.000795889 0.00292915 -8.13469e-05
80.7637 5.7094 0.00329761 1.629 -0.000790459 0.00293365 -8.12218e-05
80.7848 5.71045 0.0033812 1.62899 -0.000806611 0.00294116 -8.08089e-05
80.8035 5.71148 0.00346811 1.62899 -0.000894739 0.00307123 -8.04412e-05
80.8254 5.7125 0.0035585 1.62898 -0.00102394 0.00296187 -8.03255e-05
80.844 5.7135 0.00365281 1.629 -0.00118478 0.00289537 -7.74555e-05
80.8648 5.71448 0.00375151 1.62901 -0.00134916 0.00299997 -7.70659e-05
80.8847 5.71545 0.00385512 1.62903 -0.00150322 0.00297672 -7.65299e-05
80.9039 5.7164 0.00396427 1.62905 -0.00165206 0.0029529 -7.5852e-05
80.9249 5.71732 0.00407949 1.62907 -0.00179061 0.00295659 -7.502e-05
80.9442 5.71823 0.00420115 1.62908 -0.00189849 0.00298529 -7.26266e-05
80.9641 5.71912 0.00432979 1.62909 -0.00199505 0.00301145 -7.12243e-05
80.9857 5.72 0.00446578 1.6291 -0.00208269 0.00294011 -7.04561e-05
81.0047 5.72087 0.00460935 1.6291 -0.00214705 0.00309647 -6.95506e-05
81.0254 5.72171 0.00476075 1.62911 -0.0021911 0.00312506 -6.86024e-05
81.0455 5.72254 0.00492016 1.62912 -0.00221879 0.00309233 -6.81812e-05
81.0657 5.72336 0.00508765 1.62913 -0.00223207 0.00309786 -6.70485e-05
81.0875 5.72415 0.00526329 1.62914 -0.00223626 0.00310881 -6.65603e-05
81.1052 5.72493 0.0054471 1.62915 -0.00223571 0.0031052 -6.61872e-05
81.1259 5.72569 0.0056392 1.62916 -0.00225467 0.00310813 -6.83892e-05
81.1457 5.72643 0.00583959 1.62917 -0.00228934 0.00310775 -6.88723e-05
81.1659 5.72716 0.00604838 1.62918 -0.00233699 0.00310379 -6.78787e-05
81.1862 5.72786 0.00626554 1.62919 -0.00236555 0.00307471 -6.91245e-05
81.2056 5.72855 0.00649116 1.62919 -0.00238193 0.00303799 -6.57129e-05
81.2272 5.72922 0.00672549 1.6292 -0.00241251 0.0030136 -6.68141e-05
81.246 5.72988 0.00696846 1.62921 -0.00243418 0.00298588 -6.64062e-05
81.2661 5.73051 0.00722016 1.62921 -0.00245278 0.0030024 -6.7457e-05
81.2864 5.73113 0.00748065 1.62922 -0.00247151 0.00290095 -6.66791e-05
81.3061 5.73173 0.0077499 1.62923 -0.00247402 0.00289661 -6.55918e-05
81.328 5.73231 0.00802777 1.62925 -0.00244348 0.00292727 -6.48434e-05
81.3465 5.73287 0.00831416 1.62926 -0.00238872 0.00294195 -6.28137e-05
81.3669 5.73341 0.00860905 1.62928 -0.0023456 0.00296175 -6.12487e-05
81.3884 5.73394 0.00891247 1.6293 -0.00235167 0.0030291 -6.09593e-05
81.4071 5.73445 0.00922424 1.62932 -0.00237795 0.00307396 -5.99741e-05
81.4278 5.73493 0.00954409 1.62934 -0.00236835 0.00294278 -5.79643e-05
81.4471 5.7354 0.00987206 1.62936 -0.00233652 0.00297794 -5.61497e-05
81.468 5.73585 0.0102082 1.62939 -0.00231231 0.00294834 -5.48976e-05
81.488 5.73627 0.0105523 1.62943 -0.0022921 0.00307067 -5.52212e-05
81.5076 5.73668 0.0109043 1.62947 -0.0022616 0.00302652 -5.27421e-05
81.5286 5.73707 0.0112639 1.62951 -0.00222355 0.00312013 -5.09303e-05
81.5485 5.73744 0.011631 1.62956 -0.002173 0.00292903 -5.15132e-05
81.5681 5.73779 0.0120056 1.6296 -0.00214363 0.00296067 -5.17426e-05
81.5905 5.73812 0.0123874 1.62965 -0.0021235 0.00299423 -5.11217e-05
81.609 5.73845 0.0127764 1.6297 -0.00211907 0.00304741 -5.04826e-05
81.63 5.73874 0.0131726 1.62975 -0.00214688 0.00300645 -4.98611e-05
81.6498 5.73903 0.0135757 1.6298 -0.00213813 0.00299549 -4.85089e-05
81.6695 5.73929 0.0139857 1.62984 -0.0020973 0.0029898 -4.66404e-05
81.6911 5.73954 0.0144025 1.62988 -0.00204916 0.0030362 -4.51781e-05
81.7101 5.73977 0.0148264 1.62992 -0.0020639 0.00287883 -4.38356e-05
81.7302 5.73998 0.0152576 1.62997 -0.00216648 0.00301905 -4.28188e-05
81.7503 5.74017 0.0156959 1.63002 -0.00228639 0.00297791 -4.0821e-05
81.7703 5.74034 0.0161415 1.63007 -0.00235523 0.00301656 -3.86524e-05
81.7921 5.7405 0.0165946 1.63012 -0.00238449 0.00296735 -3.60015e-05
81.8106 5.74064 0.017056 1.63017 -0.00247102 0.00308234 -3.61194e-05
81.8312 5.74075 0.0175265 1.63023 -0.00270287 0.00299426 -3.93868e-05
81.8514 5.74084 0.0180069 1.63028 -0.00306867 0.00288066 -3.88773e-05
81.8716 5.74092 0.0184976 1.63033 -0.00341438 0.00293263 -3.76667e-05
81.8938 5.74098 0.0189994 1.63039 -0.00363297 0.00296837 -4.0008e-05
81.9115 5.74103 0.0195135 1.63043 -0.00379478 0.00294374 -4.20603e-05
81.9334 5.74105 0.0200406 1.63048 -0.00392841 0.00290853 -4.32722e-05
81.952 5.74107 0.0205812 1.63052 -0.00402702 0.0028832 -4.29888e-05
81.9721 5.74106 0.0211355 1.63056 -0.0040903 0.00287101 -4.45607e-05
81.993 5.74104 0.021704 1.63059 -0.00414103 0.00286498 -4.46127e-05
82.0127 5.74101 0.0222868 1.63062 -0.00417678 0.00287215 -4.42758e-05
82.0341 5.74096 0.0228839 1.63064 -0.00419243 0.0028856 -4.39628e-05
82.053 5.74089 0.0234956 1.63066 -0.00420995 0.00289874 -4.38832e-05
82.0731 5.74081 0.0241216 1.63067 -0.00422313 0.00291059 -4.25773e-05
82.0943 5.74071 0.0247622 1.63069 -0.0042285 0.00291179 -4.12575e-05
82.1136 5.74059 0.0254171 1.63069 -0.00422441 0.00290986 -4.34635e-05
82.1341 5.74046 0.0260866 1.6307 -0.00423673 0.00291233 -4.26551e-05
82.155 5.74032 0.0267707 1.63071 -0.00427044 0.00291998 -4.10395e-05
82.1742 5.74016 0.027469 1.63071 -0.00426747 0.00291219 -4.13244e-05
82.1955 5.73998 0.0281816 1.63071 -0.00423161 0.00282972 -4.04405e-05
82.2141 5.7398 0.0289084 1.63072 -0.00419875 0.00294529 -4.00887e-05
82.2356 5.73959 0.0296492 1.63073 -0.00413508 0.00285896 -3.86224e-05
82.2554 5.73938 0.0304037 1.63074 -0.00404892 0.00280214 -3.61771e-05
82.2753 5.73916 0.0311716 1.63076 -0.00395183 0.00285169 -3.60849e-05
82.2964 5.73894 0.0319524 1.63079 -0.00384854 0.00294814 -3.7063e-05
82.3158 5.7387 0.0327458 1.63081 -0.00376231 0.00282289 -3.67675e-05
82.3365 5.73845 0.0335516 1.63084 -0.00370213 0.00281966 -3.52827e-05
82.3566 5.73819 0.0343694 1.63087 -0.0036524 0.00291267 -3.47467e-05
82.3761 5.73792 0.0351988 1.63091 -0.00359806 0.00297718 -3.39036e-05
82.3978 5.73764 0.0360396 1.63094 -0.00354829 0.00293268 -3.24152e-05
82.417 5.73735 0.0368918 1.63098 -0.0035167 0.00283063 -3.08254e-05
82.4373 5.73705 0.0377549 1.63102 -0.0034796 0.00281523 -3.06968e-05
82.4579 5.73674 0.038629 1.63107 -0.00345309 0.00290321 -3.06087e-05
82.4774 5.73641 0.0395137 1.63112 -0.00342857 0.00283841 -3.02095e-05
82.499 5.73608 0.0404091 1.63116 -0.00340585 0.00292121 -2.95125e-05
82.5176 5.73574 0.0413151 1.63121 -0.00341364 0.00277431 -2.94039e-05
82.5386 5.73539 0.0422316 1.63126 -0.0034304 0.00285431 -2.89263e-05
82.5589 5.73503 0.0431584 1.63131 -0.00341905 0.00289864 -2.93072e-05
82.5782 5.73466 0.0440953 1.63136 -0.00336813 0.00289049 -2.77415e-05
82.5998 5.73429 0.0450422 1.6314 -0.0032837 0.00294557 -2.57767e-05
82.6187 5.7339 0.0459993 1.63144 -0.00326856 0.00290213 -2.5131e-05
82.6391 5.7335 0.0469668 1.63148 -0.00336411 0.00281194 -2.32066e-05
82.6592 5.7331 0.0479444 1.63152 -0.00346536 0.00287033 -2.33373e-05
82.6791 5.73268 0.0489321 1.63155 -0.00352023 0.00289287 -2.17287e-05
82.7026 5.73226 0.0499301 1.63159 -0.00353428 0.00288423 -1.9404e-05
82.7201 5.73184 0.0509387 1.63161 -0.00353077 0.00288525 -2.06692e-05
82.7406 5.7314 0.0519579 1.63164 -0.00352519 0.00289156 -2.14514e-05
82.7606 5.73096 0.0529875 1.63166 -0.0035274 0.0028769 -1.9368e-05
82.7808 5.73052 0.0540278 1.63169 -0.00354514 0.00287174 -1.67946e-05
82.8028 5.73006 0.0550786 1.63171 -0.00357578 0.00288027 -1.4993e-05
82.821 5.7296 0.0561405 1.63173 -0.0036723 0.00288298 -1.40453e-05
82.8416 5.72914 0.0572143 1.63175 -0.00392149 0.00288136 -1.29807e-05
82.8618 5.72866 0.0583004 1.63177 -0.00423904 0.00288448 -1.07883e-05
82.8817 5.72818 0.0593997 1.63179 -0.00457815 0.00288935 -7.53029e-06
82.9039 5.7277 0.0605133 1.6318 -0.00489036 0.00289368 -8.40354e-06
82.9222 5.7272 0.0616421 1.63181 -0.00515586 0.00289021 -9.4956e-06
82.9433 5.7267 0.0627875 1.63181 -0.00541059 0.00287712 -1.01663e-05
82.9623 5.7262 0.0639499 1.63181 -0.00559329 0.00286604 -1.08069e-05
82.9823 5.72568 0.0651301 1.63182 -0.00571609 0.0028625 -1.17569e-05
83.0055 5.72516 0.066329 1.63182 -0.00584159 0.0028646 -1.22172e-05
83.0229 5.72464 0.0675465 1.63182 -0.00592466 0.00279033 -1.11998e-05
83.0441 5.72412 0.0687831 1.63183 -0.00596043 0.00295519 -1.11019e-05
83.0634 5.72359 0.0700389 1.63183 -0.00595948 0.00289715 -1.04448e-05
83.0834 5.72305 0.0713142 1.63184 -0.00600721 0.00278571 -8.3749e-06
83.1045 5.72251 0.0726091 1.63186 -0.00607714 0.00279671 -8.32116e-06
83.1238 5.72197 0.0739233 1.63188 -0.00609854 0.00272486 -7.948e-06
83.1448 5.72142 0.075257 1.6319 -0.00608656 0.002843 -8.76441e-06
83.1645 5.72087 0.0766102 1.63192 -0.00606634 0.00273771 -7.01102e-06
83.1842 5.72031 0.0779828 1.63194 -0.00604827 0.00277819 -6.83937e-06
83.2068 5.71976 0.0793746 1.63197 -0.00600322 0.0029381 -6.51084e-06
83.2244 5.71921 0.0807852 1.632 -0.00594519 0.00294342 -3.14061e-06
83.2454 5.71864 0.0822146 1.63204 -0.00587655 0.00290542 4.90784e-07
83.2657 5.71809 0.0836621 1.63207 -0.0057603 0.00296675 -2.22857e-07
83.2854 5.71752 0.0851274 1.63211 -0.00563462 0.0028243 2.13273e-07
83.3106 5.71695 0.0866101 1.63215 -0.00553476 0.00278702 2.03975e-06
83.3263 5.71639 0.0881097 1.63218 -0.00542357 0.00282082 3.3946e-06
83.3481 5.71582 0.0896257 1.63222 -0.00531441 0.00280293 2.43822e-06
83.3667 5.71525 0.0911578 1.63226 -0.00523487 0.0028443 4.68928e-06
83.387 5.71469 0.0927057 1.6323 -0.00518778 0.0028683 4.96344e-06
83.4098 5.71413 0.0942689 1.63233 -0.00514937 0.00286337 5.6203e-06
83.4271 5.71356 0.0958473 1.63236 -0.00512182 0.00285502 5.42917e-06
83.448 5.713 0.0974406 1.63239 -0.00509432 0.00284533 8.22524e-06
83.4675 5.71244 0.0990484 1.63241 -0.00502327 0.00282686 1.06235e-05
83.4874 5.71189 0.10067 1.63243 -0.00483862 0.00281069 7.85163e-06
83.509 5.71133 0.102305 1.63244 -0.00460942 0.00280261 6.36453e-06
83.5283 5.71077 0.103953 1.63245 -0.00442442 0.00279555 6.26209e-06
83.5494 5.71022 0.105613 1.63246 -0.0042568 0.00279635 6.10386e-06
83.5687 5.70967 0.107285 1.63246 -0.00410145 0.00279848 2.19699e-06
83.5887 5.70911 0.108967 1.63246 -0.00399906 0.00280122 1.06101e-07
83.6098 5.70856 0.11066 1.63247 -0.00395322 0.00280911 7.05053e-07
83.6294 5.70801 0.112364 1.63247 -0.00392595 0.00281079 4.98676e-08
83.6502 5.70746 0.114076 1.63247 -0.00383258 0.00280324 3.4864e-07
83.6696 5.70692 0.115798 1.63247 -0.00369302 0.00280547 3.20766e-06
83.6895 5.70637 0.117529 1.63247 -0.00356813 0.00280665 7.84466e-06
83.7127 5.70582 0.119268 1.63247 -0.00347506 0.00280153 1.18539e-05
83.7302 5.70528 0.121016 1.63247 -0.00342178 0.00279545 1.30815e-05
83.751 5.70474 0.122772 1.63248 -0.00339962 0.00279712 1.60986e-05
83.7712 5.70419 0.124535 1.63248 -0.00341555 0.00279661 2.10019e-05
83.791 5.70365 0.126306 1.63248 -0.00346962 0.00279356 2.38651e-05
83.8117 5.70311 0.128086 1.63248 -0.0035639 0.00286048 2.69066e-05
83.8319 5.70257 0.129875 1.63248 -0.00384958 0.0028276 2.54609e-05
83.8523 5.70202 0.131675 1.63249 -0.00442541 0.00276383 2.31479e-05
83.8723 5.70147 0.133487 1.6325 -0.00514324 0.00287383 2.20451e-05
83.8918 5.70091 0.135314 1.63252 -0.00587161 0.0027622 2.20842e-05
83.9139 5.70036 0.137158 1.63254 -0.00656787 0.00277607 2.00236e-05
83.9332 5.69981 0.139021 1.63256 -0.00721214 0.00291563 1.92997e-05
83.9535 5.69925 0.140907 1.63258 -0.00776653 0.00278185 2.15277e-05
83.9731 5.69869 0.142816 1.63261 -0.00824423 0.00280019 2.22927e-05
83.993 5.69813 0.144751 1.63264 -0.00866221 0.00291659 2.33623e-05
84.0139 5.69757 0.146713 1.63267 -0.00901127 0.00294193 2.65676e-05
84.0336 5.697 0.148704 1.6327 -0.00929436 0.00291858 2.9467e-05
84.0546 5.69643 0.150724 1.63273 -0.00951156 0.00284338 3.20366e-05
84.0741 5.69586 0.152775 1.63276 -0.00968412 0.00291787 3.21737e-05
84.0943 5.69528 0.154857 1.63279 -0.00980696 0.00281894 3.30543e-05
84.1156 5.6947 0.15697 1.63281 -0.0098908 0.00290736 3.21348e-05
84.1348 5.69412 0.159116 1.63284 -0.0100292 0.00291393 3.3888e-05
84.1559 5.69353 0.161294 1.63287 -0.0102162 0.00280118 3.46032e-05
84.175 5.69295 0.163505 1.6329 -0.0103449 0.00293321 3.18518e-05
84.195 5.69235 0.165749 1.63292 -0.010402 0.00284891 3.35398e-05
84.2162 5.69177 0.168026 1.63295 -0.0103982 0.00289935 3.34338e-05
84.2358 5.69118 0.170336 1.63298 -0.0103405 0.00293921 3.19168e-05
84.2579 5.6906 0.172679 1.633 -0.0102588 0.00303982 2.84376e-05
84.2758 5.69 0.175054 1.63301 -0.0101591 0.0028795 2.98031e-05
84.2958 5.68942 0.177462 1.63302 -0.0100242 0.00287552 2.87753e-05
84.3194 5.68883 0.1799 1.63303 -0.00985767 0.00299157 2.47682e-05
84.3366 5.68824 0.182369 1.63304 -0.00968363 0.00288696 2.14418e-05
84.3582 5.68765 0.184868 1.63305 -0.00950746 0.0028552 1.87623e-05
84.3776 5.68706 0.187396 1.63305 -0.00930568 0.00289013 1.67226e-05
84.3974 5.68648 0.189952 1.63305 -0.0090344 0.00290064 1.88778e-05
84.4184 5.68589 0.192535 1.63305 -0.00870708 0.00288921 1.9768e-05
84.4376 5.68531 0.195143 1.63304 -0.00838333 0.00288023 1.85635e-05
84.4586 5.68473 0.197776 1.63303 -0.00802189 0.00281137 1.98341e-05
84.478 5.68414 0.200433 1.63302 -0.00794305 0.00284435 1.63733e-05
84.498 5.68356 0.203113 1.63302 -0.00803479 0.00292319 1.54443e-05
84.5195 5.68297 0.205816 1.63303 -0.00789186 0.00290522 1.68552e-05
84.5396 5.68239 0.208539 1.63303 -0.00756506 0.00286695 2.14847e-05
84.5605 5.68181 0.211283 1.63303 -0.00720335 0.0028628 1.8395e-05
84.5793 5.68123 0.214046 1.63304 -0.00683917 0.00286591 1.82869e-05
84.5994 5.68066 0.216827 1.63303 -0.00653123 0.00284662 2.13369e-05
84.6209 5.68008 0.219625 1.63303 -0.00624758 0.00282885 2.20902e-05
84.6395 5.67951 0.222438 1.63302 -0.00597635 0.00282954 2.05976e-05
84.6608 5.67894 0.225266 1.633 -0.00572807 0.00282962 1.74625e-05
84.6804 5.67836 0.228108 1.63299 -0.00552632 0.00289502 2.08575e-05
84.7004 5.67778 0.230964 1.63298 -0.00571376 0.00277992 2.39506e-05
84.7211 5.6772 0.233836 1.63296 -0.0063447 0.00277627 2.18474e-05
84.7403 5.67662 0.236725 1.63296 -0.00718103 0.00283432 2.16749e-05
84.761 5.67604 0.239633 1.63295 -0.00799143 0.0029084 2.04601e-05
84.781 5.67546 0.242562 1.63294 -0.00871757 0.00282438 2.37506e-05
84.8008 5.67488 0.245513 1.63293 -0.00901195 0.0027865 2.35592e-05
84.8229 5.67431 0.248488 1.63293 -0.00883114 0.00282888 2.39046e-05
84.8413 5.67373 0.251487 1.63293 -0.00861912 0.00287149 2.40559e-05
84.8639 5.67314 0.254513 1.63294 -0.00891382 0.00288259 2.18398e-05
84.8823 5.67254 0.257567 1.63295 -0.00955331 0.00285946 2.11234e-05
84.9019 5.67195 0.260649 1.63296 -0.0102877 0.00276505 2.3655e-05
84.9231 5.67135 0.263761 1.63297 -0.0110088 0.00297284 1.99579e-05
84.9425 5.67074 0.266906 1.63298 -0.0116493 0.00291519 2.03385e-05
84.9636 5.67013 0.270086 1.63299 -0.0122738 0.00301275 2.16019e-05
84.9831 5.66952 0.273303 1.63299 -0.0127381 0.00286046 2.11437e-05
85.0036 5.66891 0.276559 1.633 -0.0130659 0.00286507 2.08459e-05
85.0246 5.66829 0.279856 1.63301 -0.0133791 0.00295552 1.6243e-05
85.0434 5.66767 0.283193 1.63302 -0.0136244 0.00285435 2.10535e-05
85.0645 5.66705 0.286573 1.63303 -0.0137682 0.00274852 2.28213e-05
85.0841 5.66643 0.289996 1.63304 -0.0139735 0.00294167 2.038e-05
85.1044 5.6658 0.293463 1.63304 -0.0141771 0.00294338 2.22177e-05
85.1256 5.66518 0.296974 1.63305 -0.0142648 0.00297095 2.06196e-05
85.1441 5.66454 0.300528 1.63306 -0.0142381 0.0028143 2.57388e-05
85.166 5.66391 0.304127 1.63306 -0.0141535 0.00274954 3.03011e-05
85.1845 5.66328 0.307768 1.63307 -0.0140224 0.00286716 3.45404e-05
85.2047 5.66264 0.311454 1.63307 -0.0140342 0.00275261 3.9541e-05
85.2284 5.662 0.315184 1.63307 -0.0141789 0.00278997 3.65071e-05
85.246 5.66135 0.318957 1.63307 -0.0143923 0.00285911 3.35187e-05
85.2673 5.6607 0.322775 1.63306 -0.0145454 0.00290099 3.64225e-05
85.2864 5.66004 0.326635 1.63306 -0.0144809 0.00284819 3.67002e-05
85.307 5.65939 0.330539 1.63305 -0.0142312 0.00292603 3.97205e-05
85.3272 5.65874 0.334486 1.63304 -0.0139813 0.00292792 4.13565e-05
85.3462 5.65807 0.338476 1.63302 -0.013902 0.00280317 4.49739e-05
85.3675 5.65742 0.342508 1.63301 -0.0138614 0.00282992 4.68224e-05
85.3875 5.65676 0.346579 1.633 -0.0135575 0.00290106 4.62645e-05
85.4074 5.6561 0.350689 1.63299 -0.0130253 0.00290514 4.89388e-05
85.4285 5.65545 0.354836 1.63297 -0.0124324 0.00287347 4.75851e-05
85.4471 5.65479 0.359018 1.63295 -0.0118269 0.00282989 5.01914e-05
85.469 5.65414 0.363234 1.63293 -0.0113707 0.00285886 5.33964e-05
85.4876 5.65349 0.367481 1.63291 -0.0109083 0.00289106 5.92184e-05
85.5077 5.65283 0.371757 1.63288 -0.0103775 0.00283122 6.50263e-05
85.5297 5.65218 0.376061 1.63286 -0.0101923 0.00285167 6.69357e-05
85.5483 5.65152 0.380392 1.63285 -0.0100145 0.00294781 6.92506e-05
85.5687 5.65087 0.384746 1.63284 -0.00956721 0.00295163 6.93938e-05
85.5885 5.65022 0.389123 1.63283 -0.00902409 0.0029249 7.16192e-05
85.6088 5.64958 0.393521 1.63281 -0.00850925 0.00292334 7.14087e-05
85.6314 5.64893 0.397938 1.63279 -0.00802324 0.00303438 7.01438e-05
85.6493 5.64828 0.402373 1.63276 -0.00758774 0.00294026 6.9678e-05
85.6697 5.64763 0.406826 1.63274 -0.00754181 0.00287003 7.2185e-05
85.6895 5.64699 0.411295 1.63272 -0.00776799 0.0028975 7.53189e-05
85.71 5.64634 0.41578 1.63271 -0.0078038 0.00295684 7.75999e-05
85.7318 5.64569 0.420279 1.6327 -0.00761948 0.00295147 8.19443e-05
85.75 5.64505 0.424793 1.63268 -0.0073655 0.00292636 8.25865e-05
85.7709 5.64441 0.429321 1.63266 -0.0071143 0.002924 8.96548e-05
85.7904 5.64377 0.433862 1.63263 -0.00685709 0.00292699 9.97039e-05
85.8105 5.64313 0.438416 1.6326 -0.00661593 0.00291516 0.000103938
85.8324 5.6425 0.44298 1.63257 -0.00624268 0.00290078 0.000105429
85.8513 5.64186 0.447554 1.63254 -0.00579126 0.00298296 0.000102757
85.872 5.64122 0.452141 1.63252 -0.00627871 0.0029215 0.000102433
85.8913 5.64057 0.456745 1.63252 -0.00797552 0.00292405 9.7744e-05
85.9119 5.63992 0.461368 1.63252 -0.0101084 0.00295887 9.72884e-05
85.9339 5.63926 0.466016 1.63253 -0.0121946 0.00295775 9.66995e-05
85.9521 5.6386 0.470696 1.63254 -0.0140658 0.00293156 9.6872e-05
85.9732 5.63793 0.475413 1.63254 -0.0155019 0.00291979 9.82632e-05
85.9926 5.63725 0.480173 1.63253 -0.0165248 0.00291441 0.000100141
86.0129 5.63657 0.484981 1.63252 -0.0172174 0.00291071 0.000103516
86.0347 5.63588 0.489838 1.63251 -0.0175783 0.00291925 0.000105517
86.0543 5.63519 0.494747 1.63248 -0.0176585 0.00292225 0.000101918
86.075 5.63449 0.499708 1.63246 -0.0175782 0.00282708 0.000107437
86.095 5.6338 0.504721 1.63243 -0.0173323 0.00291158 0.000109384
86.1148 5.63309 0.509785 1.6324 -0.0168932 0.0028149 0.000112106
86.1355 5.63239 0.514897 1.63236 -0.0163501 0.00284158 0.000107742
86.1553 5.63168 0.520057 1.63233 -0.015732 0.00280242 0.000107453
86.1757 5.63097 0.525261 1.63229 -0.0150476 0.00287164 0.000101512
86.1954 5.63027 0.530507 1.63225 -0.0143031 0.00290838 9.713e-05
86.2155 5.62957 0.535791 1.63221 -0.0135059 0.00300774 9.32342e-05
86.2361 5.62886 0.541111 1.63216 -0.0126976 0.00283324 9.33725e-05
86.2557 5.62816 0.546464 1.63211 -0.0119193 0.00285158 9.16057e-05
86.2763 5.62746 0.551846 1.63206 -0.0111121 0.00288896 8.61801e-05
86.296 5.62676 0.557254 1.63201 -0.0102931 0.0029468 8.27756e-05
86.3168 5.62605 0.562686 1.63196 -0.00973038 0.00277806 8.49911e-05
86.3384 5.62535 0.568141 1.63191 -0.00950783 0.00281721 8.70032e-05
86.3567 5.62464 0.573615 1.63186 -0.00923358 0.00291922 8.38824e-05
86.3777 5.62394 0.579107 1.63182 -0.00879824 0.00291366 8.15046e-05
86.3972 5.62324 0.584615 1.63177 -0.00833656 0.0028802 8.21967e-05
86.417 5.62254 0.590138 1.63172 -0.00789638 0.00287948 8.49578e-05
86.4387 5.62184 0.595674 1.63167 -0.00743178 0.00289374 8.5503e-05
86.4577 5.62115 0.601221 1.63161 -0.00694821 0.00288117 8.59441e-05
86.4783 5.62045 0.606777 1.63155 -0.00633143 0.00286546 8.96595e-05
86.4978 5.61976 0.612339 1.6315 -0.00562705 0.00285748 9.37914e-05
86.5178 5.61907 0.617905 1.63144 -0.0049696 0.0028492 9.52394e-05
86.5395 5.61838 0.623473 1.63138 -0.00433603 0.00285617 9.9543e-05
86.5585 5.6177 0.62904 1.63132 -0.00375055 0.00285892 0.000110237
86.579 5.61701 0.634605 1.63126 -0.00322919 0.00285342 0.000119072
86.5986 5.61633 0.640164 1.6312 -0.00274216 0.00285901 0.000126512
86.619 5.61565 0.645716 1.63114 -0.00232535 0.00286601 0.000135929
86.6406 5.61497 0.65126 1.63108 -0.00194804 0.00286855 0.000139055
86.6594 5.61429 0.656794 1.63102 -0.00161782 0.00298722 0.000143329
86.6802 5.61361 0.662317 1.63096 -0.00157054 0.00290974 0.000143693
86.7 5.61292 0.667834 1.63091 -0.0021451 0.00284561 0.000140539
86.72 5.61223 0.673342 1.63086 -0.00300672 0.00278287 0.000141812
86.742 5.61195 0.675556 1.63038 -0.00212061 0.00284452 0.000139194
86.7605 5.61195 0.675409 1.62976 -0.0031054 0.00319761 4.70548e-05
86.782 5.61192 0.675115 1.62959 -0.00852182 0.0035672 -2.0288e-05
86.8011 5.61187 0.674711 1.62983 -0.0165976 0.00452549 -4.63273e-05
86.8209 5.61185 0.674317 1.6303 -0.0251182 0.00509519 -7.29495e-05
86.843 5.6118 0.674009 1.63083 -0.0320956 0.00501844 -7.535e-05
86.8626 5.61175 0.673787 1.63139 -0.037107 0.00475174 -0.000120681
86.8848 5.61172 0.673616 1.63203 -0.040908 0.00506283 -0.000181134
86.9033 5.61171 0.673498 1.63275 -0.0435649 0.00489652 -0.00019069
86.9233 5.61172 0.673431 1.63346 -0.0449363 0.00481757 -0.000181343
86.9454 5.61173 0.673456 1.63412 -0.0437387 0.00426963 -0.000172519
86.9634 5.61175 0.673548 1.63469 -0.0407589 0.00383332 -0.000164189
86.9837 5.61176 0.673664 1.63516 -0.0372195 0.00340852 -0.000156288
87.1554 5.61177 0.673786 1.63551 -0.0336621 0.00309728 -0.000148736
87.175 5.61178 0.673914 1.63576 -0.0300657 0.00279457 -0.000141553
87.1959 5.61179 0.674041 1.63591 -0.0266172 0.00254493 -0.000134699
87.2153 5.61181 0.674151 1.63597 -0.0236834 0.00228494 -0.000128171
87.2357 5.61182 0.674254 1.63593 -0.0209859 0.0020409 -0.000121954
87.2554 5.61185 0.674345 1.63582 -0.018611 0.0019561 -0.000115995
87.276 5.61188 0.674423 1.63564 -0.0166177 0.00179914 -0.00011034
87.2976 5.61193 0.674496 1.63542 -0.0147661 0.0016445 -0.00010496
87.3163 5.612 0.674556 1.63516 -0.0132307 0.001611 -9.98203e-05
87.3369 5.6121 0.674605 1.63488 -0.0119528 0.00154256 -9.4936e-05
87.3565 5.61223 0.674649 1.63458 -0.0108088 0.00151119 -9.02861e-05
87.3765 5.61238 0.674686 1.63427 -0.00984164 0.00150118 -8.5463e-05
87.3983 5.61257 0.674722 1.63396 -0.00888051 0.0014461 -7.85603e-05
87.4176 5.6128 0.674758 1.63366 -0.007947 0.00145633 -6.68506e-05
87.4388 5.61307 0.67479 1.63337 -0.00706629 0.00145633 -5.01929e-05
87.458 5.61337 0.67482 1.63311 -0.00625997 0.00136324 -3.42716e-05
87.4778 5.61373 0.674846 1.63287 -0.00554479 0.00140988 -1.50833e-05
87.5002 5.61414 0.674869 1.63267 -0.0048975 0.00143528 2.39014e-06
87.5183 5.6146 0.674888 1.63249 -0.00433973 0.00144715 1.84848e-05
87.5389 5.61511 0.674902 1.63233 -0.00389246 0.0013867 3.30236e-05
87.5587 5.61569 0.674912 1.63219 -0.0035423 0.00151522 4.87454e-05
87.5791 5.61632 0.674919 1.63208 -0.0032269 0.00151522 7.61255e-05
87.5993 5.617 0.674921 1.63199 -0.00302564 0.00147586 9.78896e-05
87.6192 5.61774 0.67492 1.63191 -0.00290099 0.00132852 0.000119393
87.6397 5.61856 0.674916 1.63186 -0.00283544 0.00164072 0.000139555
87.6597 5.61944 0.67491 1.63183 -0.00280226 0.0017849 0.000163805
87.6796 5.62038 0.674902 1.63183 -0.00282507 0.00150255 0.00018253
87.7011 5.6214 0.674894 1.63185 -0.00286034 0.00167256 0.000203464
87.7204 5.62249 0.674886 1.63189 -0.00290603 0.00201936 0.000222643
87.741 5.62365 0.674877 1.63194 -0.00300142 0.00194819 0.000231202
87.7603 5.62488 0.674866 1.63199 -0.0031767 0.00204669 0.000224751
87.7804 5.62617 0.674858 1.63205 -0.00329775 0.00216936 0.000217055
87.804 5.62753 0.674853 1.63209 -0.00338988 0.00185789 0.000204207
87.8213 5.62899 0.674851 1.63215 -0.00344141 0.0022266 0.000188389
87.8412 5.63055 0.674848 1.63224 -0.00353972 0.00247193 0.000156753
87.8612 5.6322 0.674842 1.63234 -0.00363423 0.00243894 0.000148431
87.8812 5.63391 0.674835 1.63246 -0.00375529 0.00220024 0.00014158
87.9027 5.6357 0.674831 1.63259 -0.00383532 0.00195687 0.000131965
87.9221 5.63757 0.674823 1.63272 -0.0039649 0.00208751 0.000125581
87.9433 5.63953 0.674817 1.63284 -0.00408029 0.0021802 0.00011943
87.9633 5.64155 0.674812 1.63295 -0.00415391 0.00193966 0.000114027
87.9827 5.64366 0.674809 1.63306 -0.00419262 0.00203531 0.00010647
88.0053 5.64587 0.674807 1.63316 -0.00421243 0.00247607 9.77858e-05
88.023 5.64814 0.674802 1.63327 -0.00407186 0.000989133 0.000111223
88.0445 5.65065 0.67481 1.63345 -0.0038547 0.00105962 0.000109471
88.0634 5.65336 0.67482 1.63368 -0.00370604 0.00189717 8.37308e-05
88.0834 5.65624 0.674835 1.63393 -0.00349561 0.00187966 5.10703e-05
88.1062 5.65932 0.674843 1.63417 -0.00331686 0.00148832 4.6646e-05
88.1242 5.66259 0.674853 1.63439 -0.00308968 0.0011386 4.10301e-05
88.1447 5.66607 0.67486 1.6346 -0.00294332 0.00140395 3.90237e-05
88.1643 5.66974 0.674865 1.6348 -0.00281949 0.00123295 3.77021e-05
88.1843 5.67361 0.674873 1.63499 -0.00258225 0.000870905 3.65347e-05
88.2108 5.6777 0.674886 1.63518 -0.00233611 0.00103912 2.28668e-05
88.2251 5.68196 0.674894 1.63535 -0.00217005 0.000679086 1.58797e-05
88.2464 5.68643 0.674903 1.6355 -0.0019731 0.0010214 8.72937e-06
88.2653 5.69108 0.674912 1.63562 -0.00179427 0.00114937 8.36851e-06
88.2857 5.69591 0.674918 1.63572 -0.00165586 0.00101915 5.79235e-06
88.3067 5.70092 0.674925 1.6358 -0.00149336 0.00103258 -1.18041e-07
88.3263 5.70612 0.674935 1.63586 -0.00132584 0.0012124 7.3142e-06
88.3468 5.7115 0.674938 1.6359 -0.00120228 0.00105629 2.35505e-05
88.3668 5.71706 0.674941 1.63592 -0.00107176 0.00124737 2.12617e-05
88.3863 5.7228 0.674946 1.63593 -0.000897439 0.00102798 1.69718e-05
88.4091 5.72874 0.674954 1.63592 -0.000762739 0.00144205 1.34835e-05
88.4268 5.73486 0.674966 1.63591 -0.000622646 0.00164888 1.1626e-05
88.4475 5.74115 0.674975 1.63587 -0.000486015 0.00151234 1.46658e-06
88.4677 5.74762 0.674982 1.63583 -0.000350774 0.00172498 -4.52749e-07
88.4874 5.75426 0.674989 1.63576 -0.000213351 0.00176337 -6.51345e-08
88.509 5.76106 0.674996 1.63568 -5.65085e-05 0.00145382 2.17348e-06
88.5281 5.76805 0.674999 1.63559 8.2906e-06 0.00217069 7.92507e-08
88.5491 5.77517 0.674994 1.6355 2.62864e-05 0.00191371 3.22541e-07
88.5683 5.78244 0.674985 1.63541 7.04432e-05 0.00217141 -8.34441e-07
88.5886 5.78984 0.67497 1.63532 0.000125125 0.00207592 -4.26137e-07
88.6094 5.79743 0.674952 1.63523 0.000133593 0.00297606 1.81058e-06
88.629 5.80514 0.674931 1.63512 0.000247093 0.00279652 7.48243e-07
88.65 5.81296 0.674908 1.63504 0.000369436 0.00215874 4.56756e-06
88.6709 5.82088 0.674883 1.63499 0.000427835 0.0021533 9.01525e-06
88.69 5.82892 0.674856 1.63494 0.000489513 0.00254001 9.59688e-06
88.7109 5.83706 0.674826 1.63488 0.000564721 0.0027908 8.35015e-06
88.7302 5.8453 0.674795 1.63481 0.000635957 0.00276358 5.83572e-06
88.751 5.85364 0.674762 1.63471 0.000696167 0.00226743 4.64285e-06
88.7705 5.86214 0.674726 1.63463 0.000788533 0.00350931 4.65541e-07
88.791 5.87068 0.674687 1.63456 0.000857212 0.00319812 -4.13886e-06
88.8126 5.8793 0.674644 1.6345 0.000912315 0.00298369 -6.37468e-06
88.8313 5.88798 0.674599 1.63444 0.000958617 0.00317567 -9.2485e-06
88.8523 5.89673 0.674549 1.63436 0.00100214 0.0033061 -1.43495e-05
88.8716 5.90554 0.674497 1.63425 0.00103831 0.00300055 -1.79597e-05
88.8922 5.91449 0.67444 1.63414 0.00106084 0.00395028 -1.95092e-05
88.9149 5.92351 0.674379 1.63403 0.0011114 0.00404484 -2.13805e-05
88.9325 5.9326 0.674314 1.63392 0.00116625 0.00368069 -2.55876e-05
88.9533 5.94174 0.674244 1.63383 0.00119275 0.00368137 -3.16996e-05
88.9731 5.95095 0.674171 1.63372 0.00120554 0.00388819 -3.77783e-05
88.993 5.96021 0.674093 1.6336 0.00122086 0.00395104 -4.52871e-05
89.0139 5.9695 0.67401 1.63345 0.00124464 0.0029164 -5.61926e-05
89.0336 5.97896 0.673923 1.63332 0.00126 0.003841 -6.19083e-05
89.0542 5.98852 0.673831 1.63319 0.00130376 0.00338784 -6.58963e-05
89.0738 5.99829 0.673734 1.63308 0.00137138 0.00358519 -7.40813e-05
89.0938 6.00826 0.673631 1.63297 0.0014569 0.00457703 -8.26603e-05
89.117 6.01831 0.673523 1.63286 0.00158456 0.00398979 -9.13153e-05
89.1348 6.02843 0.673409 1.63277 0.00169668 0.00329507 -9.92325e-05
89.1572 6.0386 0.67329 1.63269 0.00173541 0.00319216 -0.000105182
89.1749 6.04884 0.673164 1.63262 0.00173815 0.00376779 -0.000111893
89.1955 6.05911 0.673032 1.63253 0.00174846 0.00370281 -0.000116978
89.218 6.06943 0.672893 1.63242 0.00175044 0.00372251 -0.000122191
89.2354 6.07979 0.672748 1.6323 0.00174158 0.00376147 -0.000126811
89.256 6.09018 0.672597 1.63217 0.00172716 0.00400737 -0.000131249
89.2758 6.10058 0.672439 1.63201 0.00170519 0.00396192 -0.000140582
89.2958 6.111 0.672276 1.63183 0.00167288 0.00403199 -0.000147136
89.3191 6.12143 0.672106 1.63164 0.00163495 0.00404323 -0.000153116
89.3365 6.13185 0.671931 1.63143 0.00158253 0.00420518 -0.000158121
89.3596 6.14227 0.67175 1.6312 0.00150673 0.00428056 -0.000162111
89.3777 6.15267 0.671564 1.63096 0.00143671 0.00415398 -0.000165218
89.3976 6.16304 0.671373 1.63071 0.00137942 0.00426197 -0.00016845
89.4212 6.17339 0.671177 1.63045 0.00130712 0.00430637 -0.000171333
89.4383 6.1837 0.670977 1.63019 0.00122546 0.00441008 -0.000174226
89.4595 6.19398 0.670773 1.62992 0.00115914 0.00445587 -0.000179932
89.4781 6.20422 0.670564 1.62964 0.00109415 0.004636 -0.000182587
89.4986 6.2144 0.670352 1.62937 0.00106015 0.00454029 -0.000186292
89.5211 6.22452 0.670137 1.62909 0.00101627 0.00461091 -0.000191113
89.5389 6.23458 0.669918 1.62881 0.000959914 0.00472488 -0.000194705
89.5598 6.24456 0.669696 1.62854 0.000934463 0.00473242 -0.000197304
89.5795 6.25445 0.669471 1.62828 0.000885098 0.00468274 -0.000204835
89.5996 6.26427 0.669244 1.62802 0.000828557 0.00474464 -0.000209955
89.6218 6.274 0.669014 1.62776 0.000778969 0.00496764 -0.000211882
89.6398 6.28363 0.668782 1.62751 0.000748624 0.00459409 -0.000217815
89.6614 6.29319 0.668547 1.62728 0.000664219 0.00484307 -0.000221155
89.6805 6.30267 0.668311 1.62707 0.000610142 0.005242 -0.000222917
89.7006 6.31206 0.668073 1.62687 0.000592419 0.00537005 -0.000223256
89.7235 6.32132 0.667834 1.62668 0.00057725 0.00481656 -0.000227417
89.7412 6.3305 0.667593 1.62651 0.000545839 0.00510188 -0.000228945
89.7613 6.33956 0.66735 1.62634 0.000494877 0.00526193 -0.000230659
89.7811 6.3485 0.667107 1.62619 0.000463063 0.00501851 -0.000230692
89.8012 6.35731 0.666863 1.62604 0.000409824 0.00457431 -0.000236065
89.8226 6.36604 0.666618 1.6259 0.00032444 0.00525543 -0.000238336
89.8421 6.37464 0.666372 1.62579 0.000304804 0.00504321 -0.000241569
89.8641 6.38313 0.666126 1.62569 0.00029479 0.00490325 -0.000241995
89.8827 6.3915 0.665879 1.62561 0.000272374 0.00501447 -0.000243224
89.9028 6.39972 0.665633 1.62554 0.000198057 0.00493197 -0.000244063
89.9247 6.40782 0.665386 1.62547 0.000150226 0.00495777 -0.000243135
89.9428 6.4158 0.66514 1.6254 0.000111132 0.00522762 -0.000241446
89.9641 6.42362 0.664894 1.62532 3.98293e-05 0.00533704 -0.000242991
89.9836 6.43128 0.664649 1.62524 -6.06056e-06 0.00505295 -0.000243665
90.0033 6.4388 0.664405 1.62516 -0.00011143 0.00520179 -0.000245615
90.0257 6.44616 0.664162 1.62509 -0.000162375 0.00517584 -0.000246531
90.0442 6.45339 0.663921 1.62504 -0.000202923 0.00568152 -0.000248848
90.0656 6.46043 0.66368 1.62499 -0.000237484 0.00533268 -0.000248594
90.0842 6.4673 0.663442 1.62495 -0.000318631 0.00544023 -0.000248831
90.104 6.47399 0.663206 1.62492 -0.000378752 0.005336 -0.000250275
90.1273 6.48051 0.662972 1.62489 -0.000434461 0.00541893 -0.000249702
90.1456 6.48685 0.662741 1.62485 -0.000490688 0.00519809 -0.000249117
90.1671 6.49302 0.662512 1.6248 -0.000549024 0.00519229 -0.000248669
90.1864 6.49903 0.662287 1.62476 -0.000642874 0.00511143 -0.000249085
90.2064 6.50489 0.662064 1.62471 -0.000712801 0.00542983 -0.000249013
90.2289 6.51058 0.661845 1.62466 -0.000729071 0.00507818 -0.00024592
90.2464 6.51612 0.66163 1.6246 -0.000754595 0.00518067 -0.000244556
90.2695 6.52148 0.661418 1.62453 -0.00075083 0.0048988 -0.000244413
90.2871 6.5267 0.661209 1.62447 -0.000764153 0.00481582 -0.000247893
90.3073 6.53178 0.661005 1.62441 -0.000760244 0.00482088 -0.000249458
90.3301 6.5367 0.660804 1.62434 -0.000760949 0.00464553 -0.000248076
90.3482 6.54151 0.660606 1.62427 -0.000771127 0.00490936 -0.000248909
90.3685 6.54616 0.660413 1.62419 -0.000767918 0.00463185 -0.000249058
90.3883 6.55066 0.660223 1.62412 -0.000779403 0.00451893 -0.000248022
90.4083 6.55504 0.660036 1.62404 -0.00076178 0.0046001 -0.000247205
90.431 6.55926 0.659853 1.62397 -0.000738489 0.00429075 -0.000244696
90.4483 6.56337 0.659674 1.6239 -0.000740041 0.00448213 -0.000245542
90.4688 6.56734 0.659498 1.62383 -0.000745226 0.00429527 -0.000245556
90.4884 6.57119 0.659326 1.62376 -0.000732918 0.00439024 -0.000245049
90.5091 6.5749 0.659157 1.62368 -0.00070374 0.00406958 -0.000242698
90.5295 6.57849 0.658992 1.6236 -0.000683419 0.00388765 -0.000242376
90.5492 6.58196 0.658829 1.62352 -0.000685195 0.0039841 -0.000242846
90.5698 6.58531 0.65867 1.62344 -0.000654377 0.00396555 -0.000241629
90.5896 6.58853 0.658514 1.62337 -0.000645601 0.00381972 -0.000242415
90.6094 6.59163 0.658362 1.62331 -0.000633954 0.00361362 -0.000242608
90.6302 6.59461 0.658212 1.62324 -0.000629817 0.00361451 -0.000243527
90.6505 6.59748 0.658065 1.62317 -0.000620263 0.0034114 -0.000243139
90.671 6.60024 0.657921 1.62311 -0.000614507 0.00361182 -0.000243998
90.6899 6.6029 0.65778 1.62304 -0.000601265 0.00357887 -0.00024478
90.7101 6.60544 0.657641 1.62298 -0.000576882 0.00323825 -0.000245147
90.7322 6.60788 0.657506 1.62292 -0.000560443 0.0034173 -0.000245867
90.7508 6.6102 0.657373 1.62286 -0.000558185 0.00313966 -0.000245905
90.772 6.61241 0.657243 1.62281 -0.000563016 0.00304222 -0.000246086
90.7909 6.61452 0.657116 1.62276 -0.000581244 0.00344076 -0.000249845
90.8113 6.61653 0.656991 1.62272 -0.000577558 0.0032519 -0.000250853
90.832 6.61843 0.656869 1.62269 -0.000580056 0.00319327 -0.000251085
90.8514 6.62023 0.656749 1.62266 -0.00056151 0.00308377 -0.000251235
90.8721 6.62195 0.656632 1.62263 -0.000521467 0.00337101 -0.000253504
90.8917 6.62355 0.656518 1.62261 -0.000511634 0.00321343 -0.000254834
90.9117 6.62504 0.656406 1.62259 -0.000482752 0.0030115 -0.000256151
90.9335 6.62642 0.656296 1.62258 -0.000466595 0.00288309 -0.00025773
90.9531 6.62774 0.656189 1.62259 -0.000482569 0.00342549 -0.000260372
90.9745 6.62897 0.656084 1.6226 -0.00044313 0.00337146 -0.000260656
90.9933 6.63011 0.65598 1.62261 -0.000426879 0.00358571 -0.000261533
91.0134 6.63114 0.655879 1.62263 -0.000348163 0.00317414 -0.0002625
91.0361 6.63209 0.655779 1.62267 -0.000320842 0.00330419 -0.000261398
91.0542 6.63297 0.655682 1.62272 -0.000315689 0.00351874 -0.000260765
91.0748 6.63378 0.655586 1.62276 -0.000296387 0.00365329 -0.00026036
91.0941 6.63451 0.655491 1.6228 -0.000279191 0.00356526 -0.000258975
91.1142 6.63517 0.655398 1.62283 -0.000290609 0.00333146 -0.000258453
91.1355 6.63578 0.655306 1.62285 -0.000243233 0.00333732 -0.000256724
91.1544 6.63635 0.655215 1.62288 -0.000200552 0.00340587 -0.0002577
91.1764 6.63687 0.655125 1.6229 -0.000198106 0.00343196 -0.000259771
91.1955 6.63736 0.655037 1.6229 -0.000185122 0.00322204 -0.000257137
91.2156 6.63781 0.65495 1.6229 -0.000187016 0.00325167 -0.000256885
91.237 6.63822 0.654863 1.62289 -0.00018476 0.00337852 -0.000256735
91.2557 6.63861 0.654778 1.62286 -0.000165542 0.00342327 -0.000256474
91.2765 6.63895 0.654693 1.62283 -0.000127689 0.00316375 -0.000255962
91.296 6.63928 0.65461 1.62279 -0.000120239 0.00336908 -0.000255702
91.3162 6.63958 0.654527 1.62275 -0.000120998 0.00336976 -0.000255415
91.3368 6.63986 0.654445 1.6227 -0.000112321 0.00343515 -0.000255243
91.3564 6.64011 0.654363 1.62264 -0.00010771 0.0033027 -0.000254988
91.3773 6.64033 0.654282 1.62258 -9.42704e-05 0.00328562 -0.000254466
91.3964 6.64054 0.654202 1.62251 -7.44798e-05 0.00327005 -0.000254178
91.4167 6.64073 0.654123 1.62243 -7.55046e-05 0.00329677 -0.000253521
91.4387 6.64089 0.654043 1.62235 -6.63411e-05 0.0031913 -0.000252677
91.457 6.64103 0.653965 1.62227 -4.85855e-05 0.00320107 -0.000251456
91.4781 6.64117 0.653887 1.62218 -2.43431e-05 0.00323893 -0.000250584
91.4971 6.64128 0.653809 1.62209 1.1421e-05 0.00323968 -0.000249993
91.5176 6.64139 0.653731 1.622 4.76442e-05 0.00324072 -0.000249517
91.539 6.64148 0.653654 1.6219 8.01711e-05 0.00322154 -0.000249936
91.5579 6.64156 0.653576 1.6218 0.000100724 0.00311124 -0.000249918
91.579 6.64163 0.653498 1.6217 0.000111309 0.00315328 -0.000249762
91.5984 6.64169 0.65342 1.6216 0.000126146 0.00322026 -0.000248788
91.6184 6.64174 0.653342 1.62149 0.000136299 0.00319795 -0.000248099
91.639 6.64178 0.653264 1.62139 0.000131097 0.00322761 -0.000247687
91.6591 6.64181 0.653186 1.6213 0.000115273 0.0032747 -0.000247368
91.6796 6.64184 0.653107 1.62119 9.60821e-05 0.00330728 -0.000247104
91.6991 6.64187 0.653028 1.62109 7.19162e-05 0.00331769 -0.000245335
91.7192 6.64188 0.65295 1.62099 2.36755e-05 0.00332871 -0.000247553
91.7413 6.64189 0.652871 1.62089 -1.75401e-05 0.00333044 -0.000247897
91.7606 6.64189 0.652793 1.62078 -2.76273e-05 0.00314019 -0.000247336
91.7811 6.64189 0.652715 1.62068 -5.13192e-05 0.0032317 -0.000249787
91.8007 6.64191 0.652638 1.62059 -0.000167217 0.00343567 -0.000253015
91.8213 6.64193 0.652562 1.62051 -0.000337095 0.0034052 -0.000255388
91.8416 6.64197 0.652488 1.62044 -0.000502558 0.00335957 -0.000259772
91.861 6.64201 0.652416 1.62036 -0.000639827 0.00337772 -0.00026336
91.8825 6.64206 0.652347 1.62029 -0.000739575 0.00337415 -0.000267704
91.9015 6.64212 0.65228 1.62023 -0.000791766 0.00335839 -0.000271041
91.9216 6.64219 0.652216 1.62016 -0.000799717 0.00337657 -0.000274924
91.9426 6.64227 0.652156 1.6201 -0.000772606 0.00338754 -0.000277889
91.962 6.64236 0.652098 1.62004 -0.000712005 0.00348175 -0.000282544
91.9833 6.64245 0.652044 1.61999 -0.000622663 0.00343837 -0.00028561
92.0022 6.64254 0.651991 1.61995 -0.000511355 0.00343548 -0.000289253
92.0222 6.64264 0.651941 1.6199 -0.000373368 0.00338751 -0.000293358
92.0445 6.64274 0.651892 1.61986 -0.000204142 0.0035369 -0.000296479
92.0629 6.64284 0.651844 1.61983 -1.78367e-05 0.0035458 -0.000298805
92.0846 6.64295 0.651796 1.6198 0.000198329 0.00361246 -0.000301574
92.1035 6.64305 0.651747 1.61978 0.000615057 0.00359934 -0.000304198
92.124 6.64314 0.651692 1.61976 0.00137339 0.0035971 -0.000306528
92.1447 6.64323 0.651632 1.61974 0.00226781 0.00362217 -0.000307538
92.164 6.64331 0.651563 1.61972 0.00319712 0.00365628 -0.000308957
92.1853 6.64339 0.651482 1.61971 0.0040948 0.00368276 -0.000310647
92.205 6.64346 0.651385 1.61969 0.00493264 0.00369927 -0.000312553
92.2254 6.64353 0.651269 1.61968 0.00572045 0.0038446 -0.000312151
92.2456 6.64359 0.651132 1.61966 0.0064172 0.00377252 -0.000314097
92.265 6.64364 0.65097 1.61965 0.00700457 0.00370238 -0.000315564
92.2857 6.64368 0.650782 1.61964 0.00754344 0.00386134 -0.000316176
92.3056 6.64371 0.650566 1.61963 0.00802865 0.0037137 -0.000320296
92.3252 6.64373 0.650319 1.61963 0.00843293 0.00373157 -0.000320554
92.3468 6.64376 0.65004 1.61964 0.00873106 0.00391334 -0.000320139
92.3663 6.64377 0.649728 1.61964 0.00899016 0.00387044 -0.000322341
92.387 6.64377 0.649382 1.61965 0.00924795 0.00371451 -0.000325537
92.4065 6.64376 0.649002 1.61965 0.00942902 0.00392716 -0.000324908
92.4263 6.64374 0.648585 1.61967 0.0095755 0.00387115 -0.000327514
92.4492 6.64372 0.648133 1.61969 0.00972199 0.00380932 -0.000329991
92.4668 6.64369 0.647644 1.61971 0.00981659 0.0039244 -0.000330585
92.4878 6.64365 0.647119 1.61973 0.00992988 0.00386396 -0.000333621
92.5075 6.6436 0.646556 1.61976 0.0100928 0.00384447 -0.000336533
92.5272 6.64353 0.645955 1.61978 0.0102503 0.00390911 -0.000338808
92.5485 6.64346 0.645315 1.61981 0.0104324 0.00396713 -0.000340982
92.5677 6.64336 0.644637 1.61983 0.010621 0.00386085 -0.000344321
92.5883 6.64325 0.64392 1.61986 0.0107975 0.00388636 -0.000346436
92.6083 6.64313 0.643163 1.61988 0.0109456 0.0040439 -0.000347621
92.6281 6.64299 0.642365 1.61991 0.0111252 0.00400641 -0.000350962
92.6508 6.64283 0.641525 1.61994 0.011394 0.0040054 -0.000352636
92.6695 6.64267 0.640644 1.61998 0.0116563 0.00412981 -0.000351464
92.6896 6.64248 0.63972 1.62002 0.0118069 0.00399499 -0.000352323
92.7091 6.64228 0.638754 1.62006 0.011916 0.00396322 -0.000354477
92.7291 6.64206 0.637744 1.6201 0.012003 0.00388129 -0.000357697
92.7524 6.64183 0.63669 1.62014 0.0120387 0.00406877 -0.00035721
92.7699 6.64158 0.635593 1.62018 0.0120647 0.00414694 -0.000359649
92.7905 6.64132 0.634452 1.62022 0.0121956 0.004232 -0.000358871
92.8102 6.64103 0.633265 1.62027 0.0125737 0.0040693 -0.000360913
92.8303 6.64073 0.632032 1.62031 0.0129195 0.00418107 -0.000358294
92.8512 6.64041 0.630753 1.62036 0.0132775 0.00409082 -0.000358653
92.8706 6.64006 0.629425 1.62042 0.0137309 0.00418525 -0.000355383
92.8916 6.6397 0.628048 1.62047 0.0142409 0.00417726 -0.000357199
92.9111 6.63932 0.626619 1.62053 0.014679 0.00412229 -0.000358484
92.9311 6.63892 0.62514 1.62059 0.0148846 0.00414911 -0.000358366
92.9523 6.6385 0.623607 1.62065 0.0149395 0.00419392 -0.000357417
92.9722 6.63806 0.622021 1.6207 0.0149483 0.00427376 -0.000359968
92.9927 6.63761 0.620382 1.62076 0.0149468 0.00431241 -0.000361523
93.0124 6.63712 0.61869 1.6208 0.0148558 0.00417822 -0.00036259
93.0323 6.63663 0.616946 1.62085 0.0147332 0.00417287 -0.000362638
93.0537 6.63611 0.61515 1.6209 0.0145959 0.00421516 -0.000364623
93.0725 6.63558 0.613302 1.62095 0.0144807 0.00430792 -0.000367822
93.0931 6.63502 0.611402 1.62099 0.0145989 0.00427427 -0.000370227
93.1128 6.63443 0.609449 1.62104 0.0151356 0.0042198 -0.000371813
93.1336 6.63379 0.607439 1.62108 0.0162773 0.0042125 -0.000366219
93.155 6.63312 0.60537 1.62113 0.0177878 0.00423557 -0.000360012
93.1735 6.6324 0.603236 1.62118 0.0194174 0.00426849 -0.000355365
93.194 6.63165 0.601034 1.62122 0.0209819 0.00427986 -0.000352895
93.2142 6.63086 0.598757 1.62126 0.0224402 0.00427624 -0.000350636
93.2343 6.63002 0.596401 1.6213 0.0237789 0.00427915 -0.000350347
93.2559 6.62915 0.59396 1.62133 0.0248658 0.00427695 -0.000349116
93.2745 6.62824 0.591431 1.62137 0.0257693 0.00440813 -0.000346755
93.2973 6.62729 0.58881 1.6214 0.0265761 0.00427165 -0.000352058
93.3161 6.6263 0.586093 1.62144 0.0272824 0.00430984 -0.000354932
93.3357 6.62527 0.58328 1.62147 0.0278315 0.00434993 -0.000361528
93.3573 6.62421 0.580367 1.6215 0.0282417 0.0042549 -0.00037198
93.3763 6.62311 0.577355 1.62153 0.0284435 0.00432768 -0.000376061
93.3976 6.62198 0.574241 1.62157 0.0284894 0.00441503 -0.000380013
93.4171 6.62082 0.571026 1.6216 0.0285262 0.00425077 -0.000388763
93.437 6.61962 0.56771 1.62164 0.0285261 0.00432251 -0.000391913
93.4578 6.61839 0.564294 1.62168 0.0284587 0.00423897 -0.000396177
93.477 6.61713 0.560777 1.62172 0.0283805 0.00439008 -0.000397891
93.4986 6.61581 0.557159 1.62176 0.0284018 0.00418461 -0.000407154
93.5175 6.61446 0.553441 1.6218 0.0286165 0.00417564 -0.000413195
93.5375 6.61309 0.549624 1.62186 0.0285225 0.00430811 -0.000412968
93.5589 6.61168 0.54571 1.62192 0.0280958 0.00426118 -0.000419622
93.5788 6.61023 0.541699 1.62198 0.0275564 0.00420614 -0.000426985
93.5995 6.60876 0.537593 1.62204 0.0270219 0.00415605 -0.000432065
93.6181 6.60726 0.533395 1.62209 0.0264173 0.00421896 -0.000436468
93.6382 6.60574 0.529108 1.62215 0.0257692 0.00419566 -0.000441924
93.6613 6.60418 0.524733 1.6222 0.0250907 0.00410488 -0.000449995
93.6792 6.60259 0.520275 1.62225 0.0244166 0.00410438 -0.000454718
93.7004 6.60099 0.515736 1.62229 0.0236993 0.00413228 -0.000463558
93.7193 6.59936 0.511119 1.62233 0.0229675 0.0042596 -0.000472616
93.7397 6.5977 0.506426 1.62236 0.0224577 0.0041816 -0.00048386
93.7605 6.596 0.501657 1.6224 0.0224629 0.00394879 -0.000491021
93.7796 6.59428 0.496817 1.62245 0.0222096 0.00418076 -0.000489587
93.8005 6.59255 0.491908 1.62251 0.0213452 0.00434896 -0.000494986
93.8203 6.59081 0.486934 1.62257 0.0202603 0.00433242 -0.000505775
93.8403 6.58903 0.481895 1.62263 0.0193482 0.00416719 -0.000513389
93.8624 6.58722 0.476793 1.6227 0.0189464 0.00405028 -0.000516384
93.8807 6.58541 0.471635 1.62279 0.0183366 0.00412499 -0.000520965
93.9021 6.58358 0.466424 1.62287 0.0173265 0.00415494 -0.000525828
93.9211 6.58174 0.461163 1.62295 0.0161952 0.00410212 -0.000528761
93.9412 6.57988 0.455855 1.62302 0.0151762 0.00424795 -0.00053528
93.9624 6.57799 0.450502 1.62309 0.0146318 0.0040231 -0.00053539
93.9823 6.57608 0.445105 1.62316 0.0147668 0.0039757 -0.00053459
94.0032 6.57415 0.439668 1.62324 0.0148852 0.00408189 -0.000534048
94.0224 6.5722 0.434191 1.62331 0.014717 0.00410158 -0.000533235
94.043 6.57025 0.428676 1.62338 0.0143743 0.00406583 -0.000534393
94.0677 6.56828 0.423123 1.62344 0.0139103 0.00411025 -0.000533027
94.0835 6.56629 0.417534 1.6235 0.0133193 0.00412415 -0.000535181
94.104 6.5643 0.411912 1.62354 0.0126625 0.00413893 -0.000539527
94.124 6.56229 0.406259 1.62358 0.012018 0.00421986 -0.000540155
94.1439 6.56026 0.400574 1.62361 0.0117796 0.00417758 -0.000540261
94.1652 6.55822 0.394859 1.62365 0.0119258 0.00440698 -0.000534804
94.1841 6.55612 0.389112 1.62368 0.0127031 0.00413399 -0.000535789
94.205 6.55402 0.383333 1.62374 0.0135674 0.00423814 -0.000531287
94.2245 6.55191 0.377523 1.6238 0.0137777 0.00408601 -0.000530166
94.2447 6.54978 0.371681 1.62386 0.0136272 0.00404784 -0.000532982
94.2693 6.54764 0.365805 1.62392 0.0133304 0.00413703 -0.000530926
94.2855 6.54548 0.359896 1.62397 0.0129411 0.00402722 -0.000532199
94.3071 6.54332 0.353957 1.62401 0.0123323 0.00397215 -0.000533643
94.3255 6.54116 0.34799 1.62406 0.0115761 0.00403951 -0.000535584
94.3458 6.53897 0.341996 1.62409 0.0108411 0.00396564 -0.000535886
94.3668 6.53679 0.33598 1.62413 0.0101248 0.00395962 -0.000533549
94.3861 6.5346 0.329943 1.62415 0.00941426 0.00398997 -0.000532651
94.4069 6.53241 0.32389 1.62417 0.00862954 0.00398845 -0.000532663
94.4268 6.53021 0.317823 1.62419 0.00768205 0.00401553 -0.000530454
94.447 6.52801 0.311746 1.6242 0.00670802 0.00402277 -0.000527149
94.468 6.52581 0.305664 1.6242 0.00562022 0.00392975 -0.000524975
94.4872 6.52361 0.299579 1.62421 0.00450347 0.00395865 -0.000525886
94.5097 6.52142 0.293496 1.62421 0.00340576 0.00397847 -0.000530215
94.5281 6.51923 0.28742 1.6242 0.00223914 0.00386121 -0.00052918
94.5481 6.51705 0.281354 1.6242 0.00105077 0.00398291 -0.00052873
94.571 6.51489 0.275305 1.62419 -0.000142502 0.00408088 -0.000527068
94.5886 6.51273 0.269276 1.62419 -0.00132737 0.00385628 -0.00052614
94.6091 6.51058 0.26327 1.62418 -0.00239816 0.00394106 -0.000523973
94.6288 6.50844 0.257293 1.62418 -0.00342277 0.004022 -0.000518642
94.6491 6.50631 0.251349 1.62418 -0.00436223 0.00398655 -0.000516833
94.6703 6.50419 0.24544 1.62418 -0.00517494 0.00396241 -0.000517517
94.6895 6.50208 0.239571 1.62418 -0.00610881 0.00387995 -0.0005138
94.7107 6.49999 0.233745 1.62418 -0.00710523 0.00399218 -0.000512702
94.7296 6.49791 0.227966 1.62419 -0.00799878 0.00386541 -0.000509717
94.7502 6.49586 0.222236 1.6242 -0.00885546 0.00383041 -0.000509967
94.7716 6.49382 0.216559 1.62421 -0.00962125 0.00385281 -0.000507909
94.7904 6.4918 0.210937 1.62423 -0.0103003 0.00389384 -0.000503515
94.8117 6.48978 0.205372 1.62423 -0.0106601 0.0038693 -0.000501279
94.8309 6.48777 0.199865 1.62424 -0.0106507 0.00383289 -0.000500344
94.8509 6.48578 0.194416 1.62425 -0.0105932 0.00384083 -0.000499151
94.8735 6.48381 0.189028 1.62425 -0.0108047 0.00386575 -0.000496963
94.8914 6.48186 0.183701 1.62426 -0.0111734 0.00387103 -0.000497949
94.9128 6.47992 0.178435 1.62427 -0.0116226 0.00387159 -0.000495806
94.9317 6.478 0.173232 1.62427 -0.0121067 0.00387379 -0.000499549
94.952 6.4761 0.168094 1.62427 -0.0126251 0.00381766 -0.00049619
94.9751 6.47423 0.163022 1.62427 -0.0133025 0.00384143 -0.000494629
94.9928 6.47238 0.158019 1.62427 -0.014061 0.00385829 -0.000490023
95.0136 6.47056 0.153087 1.62427 -0.0147897 0.00386656 -0.00048689
95.0335 6.46876 0.148229 1.62427 -0.0154688 0.00387589 -0.000482358
95.0537 6.46699 0.143447 1.62427 -0.0161051 0.00389158 -0.000475521
95.0745 6.46524 0.138743 1.62426 -0.0167041 0.00389227 -0.000469269
95.0936 6.46351 0.134119 1.62426 -0.0172561 0.00388294 -0.000466859
95.1148 6.46182 0.129577 1.62425 -0.0177035 0.00388189 -0.00046346
95.1344 6.46014 0.125119 1.62424 -0.0180845 0.0038782 -0.000463817
95.1544 6.45849 0.120746 1.62423 -0.0185085 0.00379829 -0.000457096
95.1752 6.45688 0.116461 1.62422 -0.0191304 0.00388143 -0.00044941
95.1953 6.4553 0.112266 1.62421 -0.019848 0.00388697 -0.000447238
95.2162 6.45375 0.108161 1.62421 -0.0204996 0.00386871 -0.000445541
95.2356 6.45223 0.104149 1.62421 -0.0210462 0.00387072 -0.000439493
95.2561 6.45075 0.100232 1.6242 -0.0214808 0.00386734 -0.000432882
95.2767 6.44929 0.096411 1.6242 -0.0217942 0.00394194 -0.000427135
95.2957 6.44786 0.0926869 1.6242 -0.0219859 0.00381664 -0.000417004
95.3169 6.44647 0.0890603 1.6242 -0.0220733 0.0038456 -0.00041183
95.336 6.4451 0.0855317 1.6242 -0.0221312 0.00387135 -0.0004067
95.3585 6.44376 0.0821009 1.6242 -0.0221414 0.00394489 -0.000403003
95.3786 6.44244 0.0787676 1.62421 -0.0221012 0.00385921 -0.00039227
95.3966 6.44116 0.0755311 1.62422 -0.0219892 0.00392888 -0.000387763
95.4193 6.4399 0.0723907 1.62422 -0.0217976 0.00383639 -0.000378911
95.4377 6.43867 0.0693456 1.62423 -0.0215689 0.00396301 -0.000374168
95.458 6.43746 0.0663947 1.62424 -0.0213317 0.00393 -0.0003655
95.4785 6.43627 0.0635366 1.62425 -0.0210729 0.00390845 -0.000356825
95.4985 6.43511 0.0607703 1.62426 -0.0208417 0.00392175 -0.000346745
95.519 6.43397 0.0580944 1.62427 -0.0205757 0.00393269 -0.000339597
95.5384 6.43285 0.0555073 1.62428 -0.0202765 0.00394268 -0.000331496
95.5585 6.43176 0.0530074 1.62428 -0.0199016 0.00396965 -0.000321868
95.5811 6.43069 0.0505929 1.62428 -0.0194517 0.00399806 -0.000312169
95.5988 6.42964 0.0482619 1.62427 -0.018954 0.00401465 -0.000301157
95.6206 6.42862 0.0460126 1.62426 -0.0184489 0.00402109 -0.000299295
95.6397 6.42762 0.0438428 1.62425 -0.0179691 0.00401184 -0.000294185
95.6601 6.42664 0.0417506 1.62424 -0.017538 0.00402408 -0.000286867
95.6809 6.42569 0.039734 1.62424 -0.017145 0.00402328 -0.000278992
95.7001 6.42476 0.0377912 1.62423 -0.0167919 0.00403425 -0.000270593
95.7211 6.42386 0.0359204 1.62422 -0.0164361 0.0040556 -0.000260568
95.7403 6.42297 0.0341201 1.62421 -0.016126 0.00407398 -0.000251498
95.7602 6.42211 0.0323886 1.62419 -0.0158021 0.004089 -0.000242448
95.7812 6.42127 0.0307245 1.62418 -0.0154656 0.00410871 -0.000233527
95.8008 6.42046 0.0291262 1.62416 -0.0151327 0.00412163 -0.000222421
95.8242 6.41967 0.0275921 1.62414 -0.0147795 0.00413232 -0.000212809
95.8424 6.4189 0.0261207 1.62412 -0.0144207 0.00414634 -0.000203352
95.8624 6.41815 0.0247105 1.62409 -0.0140663 0.00415424 -0.000193002
95.8844 6.41743 0.0233597 1.62407 -0.0136804 0.00416418 -0.000187136
95.9027 6.41673 0.0220668 1.62404 -0.013311 0.00423134 -0.000184492
95.9239 6.41604 0.0208303 1.62402 -0.0129585 0.00419622 -0.000173778
95.9429 6.41537 0.0196483 1.62399 -0.0125766 0.00406444 -0.000161463
95.9632 6.41473 0.0185195 1.62397 -0.0122207 0.00419846 -0.000154986
95.985 6.4141 0.0174427 1.62396 -0.0119298 0.00424149 -0.000146282
96.0036 6.41349 0.0164168 1.62395 -0.011755 0.00417643 -0.000133235
96.0243 6.41289 0.0154403 1.62395 -0.0116038 0.00414451 -0.000121888
96.0441 6.41231 0.0145121 1.62394 -0.0113965 0.00417325 -0.000112649
96.0649 6.41175 0.0136312 1.62394 -0.0111378 0.00418304 -0.000100065
96.0855 6.41119 0.0127966 1.62394 -0.0108741 0.00417577 -9.14065e-05
96.1041 6.41065 0.0120074 1.62393 -0.0106212 0.00418283 -8.0829e-05
96.125 6.41013 0.0112621 1.62392 -0.0103617 0.00409894 -7.14537e-05
96.1445 6.40963 0.0105604 1.62391 -0.0101867 0.00415086 -6.37548e-05
96.1646 6.40914 0.00990157 1.62391 -0.0101428 0.00429875 -5.75848e-05
96.1866 6.40867 0.00928412 1.62391 -0.0100119 0.00420302 -4.93357e-05
96.2064 6.40821 0.00870725 1.62391 -0.0097747 0.00417667 -4.04794e-05
96.2261 6.40777 0.00817054 1.62392 -0.00953863 0.00420335 -3.27979e-05
96.2457 6.40734 0.00767292 1.62393 -0.00930576 0.00420745 -2.49543e-05
96.267 6.40692 0.00721316 1.62394 -0.0090458 0.00420878 -1.83069e-05
96.2868 6.40652 0.00679013 1.62395 -0.00876438 0.00421702 -1.19693e-05
96.3063 6.40614 0.00640288 1.62396 -0.0085063 0.00421317 -5.12598e-06
96.3269 6.40576 0.00604973 1.62397 -0.00817678 0.00419834 1.58905e-06
96.3472 6.4054 0.00572975 1.62398 -0.00785109 0.00418205 7.52762e-06
96.3669 6.40506 0.0054418 1.62399 -0.00757149 0.00418061 1.23137e-05
96.39 6.40472 0.00518423 1.624 -0.00726648 0.00418872 1.74505e-05
96.4071 6.40441 0.00495591 1.62401 -0.00696344 0.00418677 2.54048e-05
96.4283 6.4041 0.00475568 1.62402 -0.00667677 0.00420037 2.989e-05
96.4472 6.40381 0.00458209 1.62403 -0.00637052 0.00421867 3.39539e-05
96.4673 6.40353 0.00443408 1.62404 -0.00608506 0.00422219 3.8222e-05
96.4895 6.40327 0.00431049 1.62404 -0.00582683 0.00421309 4.35863e-05
96.5091 6.40302 0.00421032 1.62405 -0.00560562 0.00419677 4.76541e-05
96.5305 6.40278 0.0041322 1.62405 -0.00535396 0.00417336 5.14943e-05
96.5487 6.40255 0.00407511 1.62406 -0.00507617 0.00428145 5.50068e-05
96.5688 6.40233 0.00403802 1.62406 -0.00479172 0.0041644 5.95883e-05
96.5899 6.40211 0.00402026 1.62407 -0.00458048 0.00426124 6.22622e-05
96.6092 6.4019 0.00402027 1.62408 -0.00433269 0.004278 6.45947e-05
96.6299 6.4017 0.00403705 1.62409 -0.00405553 0.00425633 6.75055e-05
96.65 6.4015 0.00406932 1.62411 -0.00372836 0.00426319 6.96527e-05
96.6699 6.40131 0.00411594 1.62412 -0.0033851 0.00426745 7.28354e-05
96.6912 6.40113 0.00417571 1.62412 -0.00305501 0.00425276 7.53589e-05
96.7104 6.40095 0.00424726 1.62413 -0.00273159 0.0042524 7.7139e-05
96.7311 6.40077 0.00432936 1.62413 -0.00242655 0.00424915 7.80637e-05
96.751 6.40061 0.0044208 1.62413 -0.00214625 0.004239 7.98039e-05
96.7707 6.40044 0.00452033 1.62413 -0.00186726 0.00422942 8.02089e-05
96.7927 6.40029 0.00462698 1.62412 -0.00161335 0.00422835 8.01748e-05
96.8121 6.40013 0.00473965 1.62412 -0.00137293 0.00423239 8.15684e-05
96.8325 6.39999 0.00485721 1.62411 -0.0011184 0.00423703 8.46914e-05
96.8522 6.39985 0.00497885 1.6241 -0.000878013 0.00424095 8.63632e-05
96.872 6.39971 0.00510359 1.62409 -0.00065085 0.00425052 8.65662e-05
96.8943 6.39958 0.00523058 1.62407 -0.000443106 0.00425709 8.6342e-05
96.9132 6.39945 0.00535903 1.62406 -0.000263077 0.00424889 8.74326e-05
96.9344 6.39933 0.00548825 1.62404 -0.00010934 0.0042432 8.77837e-05
96.9532 6.39922 0.00561761 1.62402 2.08337e-05 0.00425115 8.74904e-05
96.9736 6.39911 0.00574645 1.624 0.000154249 0.00424651 8.68693e-05
96.9941 6.39901 0.0058739 1.62399 0.000344065 0.00424483 8.82555e-05
97.0142 6.39891 0.00599953 1.62397 0.000542461 0.00425246 8.94522e-05
97.036 6.39882 0.00612272 1.62395 0.00072475 0.00425753 8.73643e-05
97.0556 6.39873 0.00624275 1.62393 0.000894382 0.0042539 8.51793e-05
97.0754 6.39865 0.00635872 1.62391 0.00108746 0.00426419 8.54985e-05
97.0969 6.39857 0.00646984 1.62389 0.00131295 0.00435597 8.67934e-05
97.1159 6.39849 0.00657546 1.62388 0.00153481 0.00426187 8.66743e-05
97.1367 6.39841 0.00667496 1.62387 0.00171767 0.00425224 8.36e-05
97.1567 6.39833 0.00676749 1.62386 0.00188024 0.00417648 8.19504e-05
97.1759 6.39826 0.00685271 1.62386 0.00197902 0.00419683 8.52091e-05
97.1984 6.39819 0.0069304 1.62387 0.00198834 0.00432453 9.20148e-05
97.2167 6.39814 0.00700039 1.62388 0.00194547 0.00428886 9.49736e-05
97.2368 6.39808 0.00706269 1.62389 0.00187711 0.00422703 9.69598e-05
97.2568 6.39804 0.00711751 1.6239 0.00179647 0.00423326 0.000101017
97.2771 6.39799 0.00716519 1.62391 0.00170734 0.00425106 0.00010381
97.2984 6.39796 0.00720603 1.62392 0.00161884 0.00424789 0.000106599
97.3172 6.39793 0.00724038 1.62393 0.00153675 0.00423286 0.000109814
97.3393 6.3979 0.00726865 1.62393 0.00144927 0.00423516 0.000112205
97.3579 6.39788 0.00729122 1.62393 0.00135113 0.00423776 0.000116273
97.3776 6.39786 0.00730837 1.62393 0.00126596 0.00423224 0.0001187
97.3991 6.39785 0.00732053 1.62393 0.00117924 0.00422654 0.000121712
97.4178 6.39784 0.00732812 1.62392 0.00107993 0.00421741 0.000126718
97.4391 6.39784 0.00733135 1.62391 0.000997642 0.00420497 0.000132052
97.4589 6.39784 0.00733056 1.62389 0.000937048 0.0041923 0.000136502
97.4783 6.39785 0.00732616 1.62388 0.000867707 0.00418502 0.000140392
97.5 6.39786 0.00731846 1.62386 0.000787302 0.00418231 0.000144811
97.5189 6.39788 0.00730748 1.62384 0.000743999 0.00417624 0.000148406
97.5402 6.3979 0.00729361 1.62382 0.000705064 0.00416682 0.000151798
97.5596 6.39793 0.00727713 1.6238 0.000646864 0.0041603 0.000157151
97.5796 6.39796 0.00725817 1.62378 0.00059749 0.00418201 0.000154807
97.602 6.39799 0.00723678 1.62377 0.000567182 0.00419097 0.000157212
97.6201 6.39803 0.00721331 1.62375 0.000525702 0.00419112 0.000161684
97.6406 6.39808 0.00718798 1.62374 0.000464805 0.00419318 0.000165138
97.6603 6.39813 0.00716071 1.62373 0.000437179 0.0042039 0.000170415
97.6802 6.39818 0.00713173 1.62372 0.000424039 0.0042162 0.000174945
97.7011 6.39824 0.0071013 1.62371 0.000393838 0.00422808 0.000177869
97.7209 6.3983 0.0070695 1.62371 0.000351415 0.00422765 0.000179583
97.7422 6.39837 0.00703638 1.6237 0.000319116 0.00424492 0.000180635
97.7617 6.39845 0.00700206 1.6237 0.000298884 0.00425294 0.000180926
97.7813 6.39852 0.00696661 1.6237 0.000287693 0.00422978 0.000182586
97.8031 6.39861 0.00693016 1.6237 0.000274323 0.00421669 0.000186038
97.8217 6.39869 0.00689281 1.62369 0.00025192 0.00421091 0.000189051
97.8425 6.39879 0.00685453 1.62369 0.00024417 0.0042013 0.000188244
97.8623 6.39888 0.00681533 1.6237 0.000250392 0.00420707 0.000187729
97.8828 6.39898 0.00677533 1.62371 0.000245084 0.00422035 0.000190141
97.9035 6.39909 0.00673458 1.62371 0.000227364 0.00421855 0.000191398
97.9227 6.3992 0.00669312 1.62372 0.000202871 0.00420894 0.000192626
97.9438 6.39931 0.00665105 1.62372 0.000170834 0.00421622 0.000192659
97.964 6.39943 0.00660843 1.62373 0.000140556 0.004197 0.000194172
97.9838 6.39955 0.00656525 1.62373 0.00013648 0.00418021 0.000194902
98.0064 6.39968 0.00652167 1.62374 0.000133112 0.00418421 0.000195751
98.0239 6.39981 0.00647781 1.62374 0.000113829 0.00418362 0.00019693
98.045 6.39995 0.00643365 1.62375 9.51177e-05 0.00416171 0.000196646
98.0643 6.40009 0.00638921 1.62375 8.47834e-05 0.00416717 0.0001969
98.0844 6.40024 0.00634459 1.62376 7.28824e-05 0.00417078 0.000197205
98.1081 6.40039 0.00629984 1.62376 6.10937e-05 0.00415569 0.000195453
98.1254 6.40054 0.00625503 1.62376 4.01949e-05 0.00415165 0.000196562
98.1462 6.4007 0.00621023 1.62376 1.78872e-05 0.00414474 0.000197915
98.165 6.40086 0.00616526 1.62376 3.64166e-05 0.00414195 0.000198303
98.1851 6.40102 0.00612027 1.62376 5.69493e-05 0.00407223 0.000198934
98.2082 6.40121 0.00607517 1.62376 8.1764e-05 0.00419829 0.000201661
98.2257 6.40139 0.00602992 1.62377 0.000102292 0.00418857 0.000204517
98.2463 6.40158 0.00598444 1.62378 0.000119361 0.00413961 0.000205721
98.2666 6.40178 0.00593865 1.62379 0.000136943 0.00413471 0.00020514
98.2863 6.40197 0.00589256 1.62381 0.000141081 0.00414658 0.000204052
98.3069 6.40218 0.00584615 1.62382 0.000128442 0.00414792 0.000204362
98.3263 6.40238 0.00579953 1.62383 9.34746e-05 0.00415052 0.00020475
98.3469 6.40259 0.0057527 1.62383 5.88594e-05 0.0041549 0.000203455
98.3671 6.4028 0.00570579 1.62384 2.74082e-05 0.00415351 0.000200442
98.3869 6.40302 0.00565889 1.62384 -1.09194e-06 0.00416461 0.000200551
98.4078 6.40324 0.00561215 1.62384 -2.96838e-05 0.00415741 0.000200664
98.4281 6.40347 0.00556574 1.62383 -6.70716e-05 0.00414891 0.00020016
98.4477 6.4037 0.00551961 1.62383 -8.22864e-05 0.0041733 0.000200051
98.4678 6.40393 0.00547381 1.62382 -7.5109e-05 0.00418111 0.000200954
98.4883 6.40417 0.00542854 1.62382 -8.25411e-05 0.00417985 0.000201505
98.51 6.40441 0.00538394 1.62382 -0.000117409 0.00417774 0.000196625
98.5289 6.40466 0.00533979 1.62382 -0.000131665 0.00418084 0.000196085
98.5494 6.40491 0.00529616 1.62382 -0.000122198 0.00417246 0.000197082
98.5694 6.40516 0.00525324 1.62382 -0.000127801 0.00415981 0.000197334
98.5893 6.40542 0.00521108 1.62382 -0.000149231 0.00415767 0.000192603
98.6124 6.40568 0.00516966 1.62382 -0.000174157 0.00417151 0.000189651
98.6302 6.40594 0.00512898 1.62382 -0.000187939 0.00414998 0.000186905
98.652 6.40621 0.00508907 1.62383 -0.000187145 0.00413721 0.000187873
98.671 6.40648 0.00505002 1.62383 -0.000186001 0.00415212 0.000188717
98.6908 6.40676 0.00501193 1.62384 -0.00020056 0.00416678 0.000188682
98.712 6.40704 0.00497469 1.62384 -0.00020189 0.0041483 0.000183723
98.7315 6.40732 0.00493824 1.62385 -0.000187223 0.00414714 0.000182693
98.7524 6.40761 0.00490272 1.62386 -0.00018476 0.00415991 0.000181404
98.7718 6.4079 0.00486818 1.62387 -0.000205556 0.00417301 0.000179961
98.7919 6.4082 0.00483452 1.62388 -0.000219834 0.00416861 0.000178421
98.8132 6.40849 0.00480179 1.62389 -0.000227011 0.00415466 0.000176036
98.8322 6.4088 0.00477016 1.62389 -0.000252802 0.00414536 0.00017552
98.8536 6.4091 0.00473955 1.6239 -0.000263178 0.00425347 0.000173049
98.8726 6.40941 0.00470991 1.62391 -0.000251287 0.0041485 0.000173158
98.893 6.40972 0.00468133 1.62392 -0.00023315 0.00412301 0.000172199
98.9144 6.41003 0.00465385 1.62394 -0.000230802 0.00412656 0.000171091
98.9344 6.41035 0.00462743 1.62395 -0.000241791 0.00412367 0.000171258
98.9562 6.41067 0.0046021 1.62396 -0.000262436 0.00413017 0.000171942
98.9751 6.41099 0.00457784 1.62397 -0.000276092 0.00413563 0.0001739
98.9948 6.41132 0.00455475 1.62398 -0.000290171 0.00412833 0.000172147
99.0177 6.41165 0.00453281 1.62399 -0.000294662 0.00424168 0.000173567
99.0356 6.41198 0.00451195 1.624 -0.000274391 0.00413928 0.000172233
99.0569 6.41232 0.00449213 1.62401 -0.000236785 0.00421202 0.000171189
99.0752 6.41265 0.00447326 1.62403 -0.000194595 0.00418395 0.000169808
99.0955 6.41298 0.0044553 1.62405 -0.000168578 0.00417615 0.000168696
99.117 6.4133 0.004438 1.62408 -0.000129378 0.00406301 0.000166087
99.1365 6.41363 0.00442135 1.62411 -0.000108437 0.00413323 0.000164637
99.1567 6.41397 0.00440522 1.62414 -9.4159e-05 0.00418939 0.000163687
99.1768 6.41431 0.00438949 1.62417 -7.6838e-05 0.00426625 0.000162767
99.1971 6.41464 0.00437411 1.6242 -5.78879e-05 0.00413804 0.000161999
99.2179 6.41499 0.00435904 1.62424 -4.73281e-05 0.0041523 0.00016122
99.237 6.41533 0.00434433 1.62427 -5.62302e-05 0.00418762 0.000160478
99.2589 6.41568 0.00432996 1.62429 -7.64321e-05 0.00419664 0.000159758
99.2783 6.41603 0.00431584 1.62432 -8.0038e-05 0.00419007 0.000159052
99.2978 6.41639 0.00430201 1.62434 -7.3285e-05 0.00418982 0.000157471
99.3217 6.41675 0.00428859 1.62435 -7.9951e-05 0.00418385 0.000158171
99.339 6.41711 0.0042755 1.62437 -8.31894e-05 0.00416314 0.000158588
99.3601 6.41748 0.00426277 1.62438 -8.14755e-05 0.00415728 0.000156447
99.3789 6.41785 0.00425042 1.62438 -8.69715e-05 0.00415716 0.000157878
99.3989 6.41823 0.00423857 1.62439 -0.000108909 0.00415027 0.00015605
99.4214 6.4186 0.00422719 1.62439 -0.00013241 0.00414863 0.000155669
99.4394 6.41898 0.0042164 1.62439 -0.000160951 0.00415784 0.000155381
99.461 6.41937 0.00420623 1.62439 -0.000182878 0.00416217 0.000154674
99.4793 6.41976 0.00419689 1.62439 -0.000217183 0.00415707 0.000155307
99.5002 6.42015 0.00418835 1.62438 -0.000238536 0.00416085 0.00015593
99.5213 6.42054 0.00418068 1.62437 -0.00024564 0.00416747 0.000157812
99.5399 6.42094 0.00417411 1.62437 -0.000269601 0.00416959 0.000158375
99.561 6.42134 0.00416853 1.62436 -0.000278854 0.0041436 0.000158632
99.5806 6.42175 0.00416389 1.62436 -0.000257419 0.00414062 0.000157477
99.6002 6.42215 0.0041603 1.62436 -0.000242184 0.00415451 0.000157237
99.6218 6.42256 0.00415777 1.62436 -0.000243254 0.0041615 0.000156814
99.6403 6.42298 0.00415627 1.62435 -0.000257196 0.00415516 0.000156502
99.6615 6.4234 0.00415579 1.62435 -0.000271281 0.00418012 0.000156935
99.6813 6.42382 0.00415616 1.62435 -0.000251189 0.00422734 0.000157252
99.701 6.42425 0.00415739 1.62436 -0.000210906 0.00416849 0.000157511
99.7233 6.42468 0.00415946 1.62436 -0.000172533 0.00406213 0.000157781
99.7418 6.42512 0.00416228 1.62437 -0.000147967 0.00416012 0.000157634
99.7629 6.42556 0.00416569 1.62439 -0.000127747 0.0040944 0.000158634
99.7821 6.42601 0.0041696 1.62441 -0.000108994 0.00409923 0.000159974
99.802 6.42648 0.00417403 1.62443 -0.000105087 0.00415421 0.000160839
99.8241 6.42695 0.0041789 1.62446 -0.000109712 0.00413963 0.000162038
99.8428 6.42743 0.00418411 1.62449 -0.000101954 0.0041586 0.000163812
99.8647 6.42792 0.00418969 1.62452 -8.97995e-05 0.00414118 0.00016499
99.8836 6.42842 0.0041957 1.62455 -9.13312e-05 0.00410324 0.000164272
99.9034 6.42891 0.00420206 1.62458 -9.70194e-05 0.00409313 0.000163491
99.9246 6.42941 0.0042087 1.6246 -8.72083e-05 0.00398483 0.000162564
99.9441 6.42992 0.00421579 1.62463 -9.85053e-05 0.00410129 0.000162517
99.9655 6.43043 0.00422326 1.62465 -0.000113086 0.00412557 0.000162831
99.9845 6.43094 0.00423108 1.62468 -0.000114811 0.00405668 0.000163215
100.005 6.43146 0.00423926 1.62471 -0.000107176 0.00395117 0.00016252
100.026 6.43199 0.00424788 1.62474 -0.000106576 0.00411455 0.000162561
100.046 6.43252 0.00425684 1.62478 -9.77389e-05 0.0039794 0.000162916
100.068 6.43306 0.00426623 1.62482 -0.000101716 0.00399679 0.000162065
100.086 6.43362 0.00427596 1.62486 -0.000101446 0.00406665 0.000162873
100.107 6.43418 0.00428603 1.6249 -9.32903e-05 0.00406925 0.000161141
100.127 6.43476 0.00429644 1.62494 -8.76747e-05 0.00404474 0.000160694
100.147 6.43534 0.00430717 1.62498 -8.34116e-05 0.00403282 0.000159026
100.168 6.43593 0.00431821 1.62502 -8.00908e-05 0.00411166 0.000157506
100.187 6.43653 0.0043295 1.62506 -7.31981e-05 0.00403086 0.000156559
100.207 6.43712 0.00434098 1.6251 -5.8388e-05 0.00383318 0.000157071
100.228 6.43773 0.0043527 1.62513 -4.85264e-05 0.00403712 0.000157102
100.248 6.43835 0.00436452 1.62517 -3.11802e-05 0.00412191 0.000157151
100.269 6.43899 0.00437637 1.62521 -3.71394e-06 0.00395211 0.000157144
100.288 6.43964 0.00438837 1.62525 -5.03912e-06 0.00406865 0.000156206
100.308 6.44029 0.00440043 1.6253 -2.11572e-05 0.00404661 0.000155827
100.329 6.44096 0.00441264 1.62534 -5.24024e-05 0.00400028 0.000155778
100.349 6.44164 0.00442507 1.62538 -9.38656e-05 0.00397058 0.000155845
100.37 6.44233 0.00443772 1.62542 -0.000115129 0.0039401 0.000155929
100.389 6.44302 0.00445064 1.62544 -0.000113602 0.00391484 0.000156014
100.409 6.44373 0.00446391 1.62547 -0.000103051 0.00391607 0.000156112
100.43 6.44444 0.00447746 1.62549 -7.70505e-05 0.00392783 0.000155015
100.45 6.44517 0.00449132 1.62551 -6.25731e-05 0.00393661 0.000155212
100.471 6.4459 0.00450539 1.62552 -4.82789e-05 0.00394662 0.000155116
100.491 6.44665 0.00451962 1.62554 -3.1971e-05 0.00396781 0.000150657
100.51 6.4474 0.00453394 1.62555 -2.68539e-05 0.00398746 0.000154251
100.531 6.44816 0.00454847 1.62555 -3.83227e-05 0.00399762 0.000151359
100.551 6.44893 0.00456308 1.62556 -4.77474e-05 0.0040046 0.000150071
100.572 6.44971 0.00457782 1.62556 -5.7661e-05 0.0040251 0.00014999
100.591 6.4505 0.00459283 1.62556 -8.11863e-05 0.00403256 0.000150234
100.611 6.4513 0.0046082 1.62556 -0.000118887 0.00403718 0.000150842
100.632 6.45211 0.00462391 1.62555 -0.000143608 0.00403703 0.00015119
100.651 6.45293 0.00463998 1.62554 -0.000143882 0.00403444 0.000152418
100.672 6.45376 0.00465657 1.62553 -0.000144649 0.00404424 0.000151836
100.692 6.45459 0.00467386 1.62551 -0.000173339 0.00404978 0.000150084
100.712 6.45544 0.00469174 1.62549 -0.00019803 0.00405688 0.00015069
100.733 6.4563 0.00471021 1.62548 -0.000201076 0.00408445 0.000150295
100.752 6.45716 0.0047294 1.62546 -0.000204725 0.00409669 0.000152774
100.773 6.45803 0.00474941 1.62544 -0.000219324 0.00409158 0.000152905
100.792 6.45892 0.00477019 1.62543 -0.000228774 0.00411051 0.000153166
100.813 6.45981 0.00479168 1.62541 -0.000219923 0.00410418 0.0001535
100.835 6.46071 0.00481398 1.6254 -0.000212131 0.00406822 0.000153953
100.853 6.46163 0.00483701 1.62539 -0.000201028 0.00405231 0.000155486
100.874 6.46255 0.00486082 1.62538 -0.00020135 0.0040527 0.000156709
100.893 6.46348 0.00488536 1.62537 -0.00020096 0.00402724 0.000155514
100.913 6.46441 0.00491045 1.62536 -0.000176674 0.00401416 0.000155143
100.935 6.46536 0.00493612 1.62536 -0.000145283 0.00405135 0.000155374
100.954 6.46632 0.00496214 1.62536 -9.62302e-05 0.0041626 0.00015825
100.975 6.46727 0.00498833 1.62536 -2.42315e-05 0.00399833 0.000159826
100.994 6.46825 0.00501475 1.62538 1.37306e-05 0.00405992 0.000157775
101.014 6.46922 0.00504116 1.62539 2.82477e-05 0.00402794 0.000157887
101.038 6.4702 0.00506739 1.62542 3.93944e-05 0.00416146 0.000157959
101.055 6.47118 0.00509337 1.62544 5.33664e-05 0.0041471 0.000157913
101.076 6.47217 0.00511904 1.62547 6.95632e-05 0.00410669 0.00015645
101.096 6.47316 0.00514434 1.6255 8.81897e-05 0.00403497 0.000156849
101.116 6.47415 0.0051692 1.62553 0.000107008 0.0040681 0.00015659
101.137 6.47515 0.00519369 1.62557 0.000105157 0.00406775 0.000156337
101.156 6.47615 0.00521782 1.6256 7.98314e-05 0.00403607 0.000157936
101.177 6.47715 0.00524154 1.62563 5.75726e-05 0.00391149 0.00015938
101.197 6.47815 0.0052649 1.62565 4.8338e-05 0.00392619 0.000160415
101.217 6.47916 0.00528799 1.62568 4.16932e-05 0.00381416 0.000161467
101.238 6.48019 0.00531079 1.6257 4.45597e-05 0.00389487 0.000162425
101.257 6.48125 0.00533336 1.62573 4.60066e-05 0.00401449 0.000162864
101.278 6.48232 0.00535566 1.62576 5.11874e-05 0.00389255 0.000162047
101.297 6.48341 0.00537772 1.62579 5.22625e-05 0.00385407 0.00016191
101.318 6.48451 0.00539949 1.62582 5.69852e-05 0.00387599 0.000160623
101.34 6.48563 0.00542096 1.62584 6.24576e-05 0.0038775 0.000159249
101.358 6.48676 0.0054421 1.62587 6.93327e-05 0.00386895 0.00016042
101.379 6.48791 0.00546293 1.62588 7.41335e-05 0.00387472 0.00015903
101.398 6.48907 0.00548335 1.6259 8.8864e-05 0.00388887 0.000157169
101.418 6.49025 0.00550341 1.62591 9.54313e-05 0.00390472 0.000154831
101.44 6.49145 0.00552306 1.62592 9.58889e-05 0.003907 0.000154151
101.459 6.49266 0.00554228 1.62592 9.58048e-05 0.00391527 0.000154073
101.481 6.49389 0.00556111 1.62593 9.03373e-05 0.00393608 0.00015143
101.5 6.49513 0.00557952 1.62593 8.4841e-05 0.00394518 0.000150254
101.519 6.49639 0.00559752 1.62592 8.09908e-05 0.00394781 0.000151326
101.541 6.49766 0.00561529 1.62592 5.4387e-05 0.00394322 0.000150959
101.56 6.49895 0.00563287 1.62591 1.73621e-05 0.00394242 0.000148393
101.581 6.50025 0.00565029 1.6259 -1.51859e-05 0.00394749 0.000149642
101.601 6.50157 0.00566775 1.62588 -5.15116e-05 0.00395899 0.000149019
101.621 6.50291 0.00568536 1.62586 -8.68346e-05 0.0039611 0.0001488
101.643 6.50425 0.0057032 1.62584 -0.000114319 0.00396521 0.00014873
101.661 6.50562 0.00572141 1.62582 -0.000137374 0.00398168 0.000148586
101.682 6.507 0.00574014 1.62579 -0.000166836 0.0039821 0.000148986
101.702 6.50839 0.00575944 1.62576 -0.000189608 0.00399568 0.000148384
101.722 6.5098 0.00577923 1.62574 -0.000181712 0.00401828 0.000147686
101.745 6.51123 0.0057996 1.62571 -0.000160715 0.00400402 0.000147191
101.762 6.51267 0.00582054 1.62569 -0.000140067 0.00398771 0.000144828
101.783 6.51413 0.00584191 1.62567 -0.000113223 0.00399763 0.000145734
101.803 6.5156 0.00586378 1.62565 -0.000104975 0.00400904 0.00014412
101.823 6.51708 0.00588607 1.62563 -0.000108371 0.00401137 0.000142039
101.844 6.51858 0.00590867 1.62562 -0.000106329 0.00403462 0.000140512
101.863 6.5201 0.00593166 1.6256 -0.000114458 0.00404755 0.000143478
101.885 6.52163 0.00595504 1.62559 -0.000120138 0.00404899 0.000142428
101.904 6.52317 0.00597876 1.62558 -0.000116614 0.00412437 0.000140202
101.924 6.52472 0.00600281 1.62558 -0.000104807 0.00406404 0.000138759
101.945 6.52628 0.00602713 1.62558 -8.33125e-05 0.0040369 0.000138448
101.964 6.52784 0.00605172 1.62558 -6.56704e-05 0.00404298 0.000138088
101.985 6.52941 0.00607659 1.62558 -6.41025e-05 0.00404383 0.000136882
102.004 6.53099 0.00610156 1.62559 -5.25296e-05 0.00401978 0.0001391
102.024 6.53258 0.00612654 1.62559 -2.12205e-05 0.00402957 0.00014021
102.045 6.53417 0.00615158 1.6256 -8.387e-07 0.00405624 0.000141002
102.064 6.53577 0.00617662 1.62561 6.83576e-06 0.0039273 0.00014295
102.085 6.5374 0.00620158 1.62562 9.1779e-06 0.00419156 0.000145397
102.106 6.53903 0.00622635 1.62564 2.51925e-05 0.00398466 0.000146035
102.126 6.54068 0.0062509 1.62567 4.67301e-05 0.00397642 0.000145855
102.148 6.54234 0.00627517 1.62571 7.16646e-05 0.00408539 0.000146344
102.166 6.544 0.00629907 1.62575 9.94678e-05 0.00402753 0.000147303
102.187 6.54568 0.00632248 1.62579 0.000128931 0.00399775 0.000148046
102.207 6.54736 0.00634538 1.62583 0.000147062 0.00400854 0.000148328
102.226 6.54904 0.0063677 1.62587 0.000153737 0.0038741 0.000149464
102.248 6.55074 0.00638929 1.6259 0.000169173 0.003892 0.000150738
102.267 6.55247 0.0064102 1.62594 0.000177538 0.00397351 0.000151752
102.289 6.55422 0.00643046 1.62597 0.000169479 0.00393299 0.000149791
102.308 6.55599 0.00645003 1.62601 0.000153621 0.00389191 0.000151367
102.327 6.55778 0.00646894 1.62605 0.000136235 0.00388077 0.000152776
102.348 6.55959 0.00648716 1.62608 0.000137342 0.00386927 0.000154212
102.368 6.56142 0.00650474 1.62611 0.000146634 0.00386708 0.000154329
102.39 6.56328 0.00652174 1.62613 0.000151127 0.00387566 0.000152783
102.409 6.56515 0.00653813 1.62616 0.000148219 0.0038948 0.000152145
102.429 6.56705 0.00655391 1.62618 0.000141614 0.0040073 0.000152195
102.449 6.56896 0.00656901 1.62619 0.00014829 0.00384745 0.000152954
102.469 6.57089 0.00658362 1.62621 0.000130199 0.00390467 0.000154144
102.489 6.57285 0.00659768 1.62623 0.000113017 0.00397153 0.000155487
102.509 6.57482 0.00661123 1.62625 0.000103499 0.00404156 0.000155115
102.529 6.57681 0.00662425 1.62627 0.000105591 0.00395738 0.000155153
102.55 6.5788 0.00663687 1.62629 9.86819e-05 0.00388495 0.000155177
102.57 6.58083 0.00664917 1.62631 7.49482e-05 0.0040667 0.000154829
102.591 6.58286 0.0066611 1.62633 5.81365e-05 0.00402132 0.000155425
102.61 6.58491 0.00667271 1.62635 4.92199e-05 0.00397915 0.000156462
102.63 6.58697 0.00668407 1.62637 4.69486e-05 0.00400161 0.000156521
102.653 6.58904 0.00669517 1.62639 4.88224e-05 0.00402371 0.000157164
102.672 6.59113 0.00670606 1.62641 5.20527e-05 0.00408433 0.000156733
102.692 6.59322 0.00671677 1.62642 4.37364e-05 0.00407798 0.000157505
102.711 6.59532 0.00672732 1.62644 3.02535e-05 0.00404697 0.000157239
102.732 6.59743 0.00673765 1.62645 2.65179e-05 0.00389173 0.000156133
102.754 6.59956 0.00674789 1.62646 1.95339e-05 0.00413384 0.000154359
102.772 6.60171 0.00675793 1.62648 2.62442e-05 0.00412921 0.000152385
102.793 6.60386 0.00676778 1.6265 4.13879e-05 0.00401895 0.000151355
102.813 6.60603 0.00677746 1.62653 5.09234e-05 0.00400558 0.000151367
102.833 6.60822 0.00678698 1.62655 5.13943e-05 0.00402332 0.000151578
102.854 6.61041 0.00679632 1.62657 4.32306e-05 0.00401013 0.000150024
102.873 6.61262 0.00680542 1.62658 4.21111e-05 0.00397707 0.000149644
102.894 6.61485 0.00681434 1.6266 3.92903e-05 0.00395818 0.000149861
102.914 6.61708 0.00682312 1.62661 3.31676e-05 0.00403284 0.000146016
102.934 6.61932 0.0068318 1.62661 1.62803e-05 0.00400404 0.000144167
102.956 6.62157 0.00684035 1.62662 5.32213e-06 0.00376952 0.000143952
102.975 6.62383 0.00684882 1.62663 -1.82743e-06 0.00385855 0.000144197
102.995 6.62612 0.0068573 1.62664 -9.6509e-06 0.0039244 0.000143349
103.014 6.62842 0.00686576 1.62666 -1.25939e-05 0.00388151 0.000141707
103.035 6.63074 0.00687413 1.62667 9.93532e-07 0.00386517 0.000141987
103.056 6.63307 0.00688254 1.62669 6.07951e-06 0.00382871 0.000139697
103.075 6.63541 0.0068909 1.62672 1.04264e-05 0.00396433 0.000138492
103.256 6.63775 0.00689918 1.62674 1.75796e-05 0.00391586 0.000136429
103.273 6.6401 0.00690767 1.62678 -2.08819e-05 0.00513503 0.000138603
103.293 6.64232 0.00691534 1.62684 8.43954e-05 0.00354345 0.000140768
103.314 6.64449 0.00692289 1.62697 0.000148544 0.00336013 0.000143183
103.334 6.64662 0.00693008 1.62713 0.000168625 0.0038208 0.000145922
103.355 6.64873 0.0069367 1.62732 0.000170368 0.00393472 0.000148756
103.374 6.65084 0.00694244 1.62749 0.000201955 0.00382265 0.000151457
103.394 6.65269 0.00694966 1.62763 -0.000183628 -0.00348414 0.000163329
103.416 6.65551 0.00695203 1.62779 0.000339093 -0.00605614 0.00013909
103.435 6.65948 0.0069537 1.62828 0.000743001 -0.00141466 0.000135451
103.456 6.66436 0.00695425 1.62903 0.00078242 -0.00245728 0.000181112
103.475 6.67011 0.00695261 1.62996 0.000670614 -0.00443309 0.000225135
103.495 6.6766 0.00694858 1.63097 0.000543652 -0.00569499 0.000259666
103.518 6.68387 0.0069421 1.63202 0.000514739 -0.00442106 0.000282735
103.536 6.69172 0.00693403 1.63308 0.000443714 -0.00516073 0.00031313
103.557 6.70019 0.00692497 1.63413 0.000312805 -0.00437728 0.000341759
103.576 6.70916 0.00691479 1.63518 0.000209969 -0.00347156 0.000366835
103.596 6.71857 0.00690448 1.63617 1.36059e-05 -0.00282122 0.000401206
103.617 6.72842 0.00689359 1.63712 -5.38294e-05 -0.00202075 0.000420501
103.636 6.73859 0.00688233 1.63802 1.13914e-05 -0.00289533 0.000428855
103.658 6.74913 0.00687257 1.63885 -0.000141748 -0.00120645 0.000446602
103.677 6.75995 0.00686265 1.63962 -0.00014119 0.000330778 0.000457823
103.697 6.77093 0.00685334 1.64031 -0.000127548 0.00027205 0.00046593
103.718 6.78205 0.00684506 1.64092 -0.000178535 0.000812424 0.000475361
103.738 6.79328 0.00683729 1.64141 -0.000181506 0.000797604 0.000479984
103.758 6.80465 0.00683031 1.6418 -0.000174215 0.00304388 0.000471036
103.778 6.81597 0.00682433 1.6421 -0.000212591 0.00265365 0.000450977
103.798 6.82727 0.00681901 1.64234 -0.000242483 0.0027466 0.000449548
103.82 6.8385 0.00681494 1.64251 -0.000319827 0.00426437 0.00044894
103.84 6.8496 0.00681137 1.64261 -0.000277964 0.00476756 0.000448633
103.862 6.86052 0.00680874 1.64264 -0.000221551 0.00515947 0.00044605
103.88 6.87122 0.00680756 1.6426 -0.000272989 0.00618635 0.000442449
103.9 6.88166 0.00680672 1.6425 -0.000227527 0.00688243 0.000444373
103.922 6.89179 0.00680683 1.64234 -0.000207089 0.00766709 0.000437471
103.941 6.90156 0.00680791 1.64213 -0.000241607 0.008932 0.000428305
103.961 6.91088 0.006809 1.64188 -0.000167754 0.00857711 0.00042562
103.981 6.91975 0.00681036 1.64162 -7.38791e-05 0.00897753 0.000424858
104.001 6.92809 0.00681236 1.64137 -5.20688e-05 0.0097422 0.000421208
104.022 6.93591 0.00681357 1.64112 9.45927e-05 0.0104855 0.000423217
104.041 6.94308 0.00681536 1.64085 6.85996e-05 0.0100197 0.00040869
104.062 6.94973 0.0068168 1.6406 3.35657e-05 0.0111641 0.000395454
104.082 6.95579 0.00681824 1.64037 -4.63494e-05 0.0115832 0.000380548
104.102 6.96133 0.00681878 1.64016 1.14402e-05 0.0110598 0.000375347
104.125 6.96646 0.00681926 1.63999 5.22322e-05 0.0122981 0.0003693
104.143 6.97112 0.00682011 1.63982 -8.56182e-06 0.0136654 0.00035193
104.164 6.97518 0.00682031 1.63962 -1.85849e-05 0.0112717 0.000336954
104.183 6.97887 0.00682077 1.6395 -7.53299e-05 0.0124647 0.000324242
104.203 6.98213 0.00682119 1.63941 -8.13065e-05 0.0125608 0.000309404
104.225 6.98503 0.00682152 1.63933 -3.231e-05 0.0119352 0.000296154
104.244 6.98759 0.00682241 1.63924 -6.94036e-05 0.0118241 0.000279191
104.265 6.98985 0.00682329 1.63913 -7.9644e-05 0.0121233 0.000266954
104.285 6.99176 0.00682339 1.63898 4.13097e-05 0.0102527 0.000261219
104.305 6.99345 0.00682419 1.63886 9.78489e-06 0.0105241 0.000247787
104.326 6.9949 0.00682442 1.63872 5.68457e-05 0.00994739 0.000238062
104.345 6.99614 0.00682442 1.63855 9.81872e-05 0.00938335 0.000228907
104.366 6.99715 0.00682408 1.63836 0.000125819 0.00827784 0.000220111
104.385 6.99804 0.00682358 1.63814 9.88159e-05 0.00813736 0.000208004
104.406 6.99881 0.00682275 1.63791 5.73314e-05 0.00805178 0.000196191
104.427 6.99948 0.00682171 1.63766 2.76916e-05 0.00529921 0.00017497
104.446 7.00039 0.00681981 1.63744 0.00014255 0.00657454 0.000154416
104.467 7.00136 0.00681746 1.63726 0.000238453 0.00517139 0.000135008
104.486 7.00246 0.00681448 1.63709 0.000279711 0.00418968 0.000116468
104.506 7.00361 0.00681047 1.63691 0.000301578 0.00274324 0.000107958
104.527 7.00487 0.00680546 1.6367 0.000301273 0.00250627 9.67171e-05
104.547 7.0062 0.00679925 1.63647 0.000310826 0.00171063 8.54449e-05
104.569 7.00763 0.00679228 1.63623 0.000256314 0.00161989 7.60322e-05
104.587 7.0091 0.00678426 1.63597 0.000215092 0.00105317 6.94188e-05
104.607 7.01063 0.00677511 1.6357 0.000237428 0.00038992 5.75443e-05
104.628 7.01223 0.00676535 1.63541 0.000214932 0.000315684 4.89571e-05
104.647 7.0139 0.00675485 1.63511 0.000177033 0.000528867 4.27547e-05
104.668 7.01562 0.00674381 1.63479 0.000126431 0.00115716 3.57982e-05
104.688 7.01732 0.00673168 1.63448 0.000180877 0.000295555 2.84532e-05
104.708 7.01899 0.00671927 1.6342 0.000170736 8.52752e-05 2.21714e-05
104.731 7.02064 0.00670641 1.63395 0.000131523 0.000367914 1.54059e-05
104.749 7.02228 0.00669292 1.63372 0.000115232 0.000606488 8.27607e-06
104.771 7.0239 0.00667886 1.6335 0.000124903 0.000721659 3.96228e-06
104.789 7.02549 0.00666434 1.63328 0.000138444 0.000633508 -1.73639e-06
104.809 7.02707 0.0066494 1.63306 0.000137905 0.000895353 -8.52387e-06
104.83 7.02861 0.00663408 1.63284 0.000121659 0.00094498 -1.59258e-05
104.85 7.03013 0.00661821 1.63263 0.000121829 0.00106344 -2.1253e-05
104.871 7.0316 0.00660183 1.63243 0.000137995 0.00105589 -2.60852e-05
104.891 7.03304 0.00658499 1.63223 0.000145341 0.0011218 -2.74495e-05
104.911 7.03445 0.00656775 1.63204 0.000135035 0.00120966 -3.08546e-05
104.932 7.03582 0.00655017 1.63186 0.00010395 0.00136775 -3.38434e-05
104.95 7.03715 0.00653213 1.63168 9.012e-05 0.00138239 -3.67241e-05
104.971 7.03844 0.00651364 1.63151 9.92864e-05 0.0013632 -3.74678e-05
104.991 7.03969 0.00649481 1.63134 0.000111752 0.0014173 -3.74331e-05
105.011 7.0409 0.0064756 1.63119 0.000122243 0.0014741 -3.66751e-05
105.032 7.04206 0.00645602 1.63104 0.000129138 0.00156756 -3.81957e-05
105.051 7.04318 0.0064359 1.63089 0.000149193 0.00151934 -3.77407e-05
105.072 7.04426 0.00641518 1.63076 0.000184421 0.00155358 -3.87979e-05
105.091 7.0453 0.00639391 1.63063 0.000202077 0.00158488 -4.08145e-05
105.112 7.0463 0.00637197 1.63052 0.000210371 0.00161372 -4.14635e-05
105.133 7.04726 0.00634926 1.6304 0.000222001 0.0016803 -4.1682e-05
105.152 7.04818 0.00632568 1.6303 0.000243605 0.00165282 -4.19704e-05
105.174 7.04906 0.00630117 1.63021 0.000273196 0.00166565 -4.16354e-05
105.192 7.0499 0.0062757 1.63012 0.000296793 0.00177085 -3.91937e-05
105.213 7.05069 0.0062492 1.63004 0.000312562 0.00168254 -3.74547e-05
105.233 7.05144 0.00622148 1.62997 0.000339365 0.00169316 -3.42438e-05
105.253 7.05216 0.00619254 1.6299 0.000365864 0.00181781 -3.18731e-05
105.274 7.05283 0.00616226 1.62985 0.000393972 0.00188812 -3.09596e-05
105.294 7.05345 0.00613046 1.62981 0.000430346 0.00179185 -2.99739e-05
105.314 7.05403 0.00609701 1.62979 0.000477903 0.00185684 -2.89595e-05
105.335 7.05457 0.00606176 1.62978 0.000528712 0.00180568 -2.68657e-05
105.354 7.05507 0.00602465 1.62978 0.000566035 0.00191378 -2.46205e-05
105.375 7.05552 0.0059855 1.62979 0.000591724 0.0018605 -2.28378e-05
105.395 7.05594 0.00594412 1.6298 0.000623783 0.00196082 -2.1654e-05
105.415 7.05632 0.00590033 1.62983 0.000669012 0.00179946 -2.06973e-05
105.436 7.05666 0.00585418 1.62986 0.000692624 0.00184225 -1.80996e-05
105.455 7.05697 0.00580519 1.62989 0.000762158 0.00187757 -1.59744e-05
105.476 7.05723 0.00575312 1.62993 0.000872093 0.00175214 -1.39616e-05
105.495 7.05747 0.00569786 1.62998 0.000972579 0.00191968 -1.28202e-05
105.516 7.05767 0.00563897 1.63003 0.00106818 0.00182242 -1.20959e-05
105.537 7.05785 0.00557624 1.63009 0.00113416 0.00191605 -8.25569e-06
105.556 7.05799 0.00550921 1.63015 0.00120737 0.00193014 -5.30342e-06
105.577 7.05811 0.00543769 1.63021 0.00127742 0.00193332 -3.10858e-06
105.597 7.05819 0.00536128 1.63028 0.0013644 0.00183993 -1.36312e-06
105.617 7.05825 0.00527986 1.63034 0.00143852 0.00184585 3.35856e-07
105.638 7.05828 0.00519327 1.6304 0.00147792 0.00195392 1.94527e-06
105.657 7.05828 0.0051013 1.63045 0.00149732 0.00196538 3.86817e-06
105.678 7.05824 0.0050036 1.6305 0.00154416 0.00181104 6.67951e-06
105.698 7.05818 0.0049004 1.63056 0.00155306 0.00192158 8.79671e-06
105.718 7.05809 0.00479134 1.63061 0.00157773 0.00194093 1.04584e-05
105.739 7.05797 0.00467638 1.63066 0.00161689 0.00187234 1.09389e-05
105.758 7.05783 0.00455567 1.63072 0.00161908 0.00178594 1.26882e-05
105.779 7.05766 0.00442886 1.63076 0.00164534 0.00170791 1.55781e-05
105.798 7.05748 0.00429616 1.63081 0.0016505 0.00180613 1.78688e-05
105.819 7.05726 0.00415745 1.63086 0.00165209 0.0017296 1.93868e-05
105.84 7.05703 0.00401265 1.63091 0.00166436 0.0017936 1.9572e-05
105.859 7.05677 0.00386176 1.63096 0.00168313 0.00174619 2.01378e-05
105.88 7.05648 0.00370486 1.63101 0.00168691 0.00173235 2.07814e-05
105.9 7.05617 0.0035418 1.63105 0.00170053 0.00166245 2.45425e-05
105.92 7.05584 0.00337271 1.63109 0.00169727 0.00173939 2.72072e-05
105.941 7.05549 0.00319753 1.63114 0.00169351 0.00175076 2.87391e-05
105.961 7.05512 0.00301627 1.63118 0.00169145 0.00173371 2.98005e-05
105.983 7.05473 0.00282889 1.63122 0.00170409 0.00172753 3.15492e-05
106.001 7.05432 0.00263535 1.63126 0.00173251 0.00172675 3.32509e-05
106.021 7.0539 0.00243564 1.63129 0.00176069 0.0017291 3.4426e-05
106.044 7.05346 0.0022298 1.63133 0.00176683 0.0018626 3.55949e-05
106.062 7.053 0.00201752 1.63137 0.00180393 0.00193411 3.64657e-05
106.084 7.05251 0.00179857 1.63142 0.00188698 0.00174843 3.7473e-05
106.102 7.05201 0.00157272 1.63146 0.00200462 0.00174068 3.73412e-05
106.122 7.05148 0.00133991 1.6315 0.00209277 0.00187543 3.78387e-05
106.143 7.05094 0.0010998 1.63155 0.0021504 0.00184479 3.90901e-05
106.162 7.05039 0.000852349 1.6316 0.00215587 0.00186945 4.14028e-05
106.183 7.04983 0.000597519 1.63165 0.00211802 0.0019901 4.29812e-05
106.204 7.04925 0.00033504 1.6317 0.00210947 0.00188857 4.43887e-05
106.223 7.04866 6.50739e-05 1.63175 0.00211357 0.00181038 4.67566e-05
106.244 7.04805 -0.000212205 1.6318 0.0021044 0.00188709 4.70748e-05
106.264 7.04744 -0.000496756 1.63185 0.00208115 0.00191919 4.934e-05
106.285 7.04682 -0.000788598 1.6319 0.00207083 0.00199575 4.94448e-05
106.305 7.04617 -0.00108784 1.63194 0.00209911 0.0018225 4.92194e-05
106.324 7.04552 -0.00139467 1.63199 0.00217939 0.00183187 4.92394e-05
106.346 7.04486 -0.00170877 1.63204 0.00221258 0.00193655 4.94495e-05
106.365 7.04421 -0.0020302 1.6321 0.00219205 0.00191357 5.16417e-05
106.386 7.04354 -0.00235902 1.63215 0.00214433 0.00191805 5.2694e-05
106.405 7.04288 -0.00269507 1.63221 0.00208142 0.0019606 5.36031e-05
106.425 7.04221 -0.00303809 1.63227 0.00200408 0.00201395 5.40728e-05
106.448 7.04154 -0.00338774 1.63232 0.00190921 0.0020157 5.48826e-05
106.465 7.04087 -0.00374401 1.63237 0.00186491 0.00198864 5.40623e-05
106.486 7.0402 -0.00410722 1.63242 0.00195023 0.00195697 5.374e-05
106.508 7.03953 -0.00447738 1.63246 0.00211532 0.00194438 5.38668e-05
106.526 7.03885 -0.00485478 1.6325 0.00230473 0.00195921 5.31659e-05
106.548 7.03817 -0.00523995 1.63254 0.00248458 0.00188963 5.41528e-05
106.567 7.0375 -0.00563355 1.63258 0.00265257 0.00200549 5.60344e-05
106.588 7.03683 -0.00603618 1.63261 0.00280499 0.00189954 5.57929e-05
106.607 7.03616 -0.00644847 1.63265 0.00295113 0.00193932 5.35826e-05
106.627 7.03549 -0.00687091 1.63269 0.00308216 0.00190248 5.15104e-05
106.648 7.03483 -0.00730389 1.63273 0.00318059 0.00195668 4.99527e-05
106.668 7.03418 -0.00774779 1.63277 0.00325597 0.00197593 5.01546e-05
106.688 7.03353 -0.00820292 1.63281 0.00331733 0.00197966 4.89643e-05
106.708 7.03289 -0.00866938 1.63285 0.00334707 0.00198554 4.79621e-05
106.728 7.03225 -0.00914734 1.63288 0.00336034 0.00198531 4.74436e-05
106.752 7.03162 -0.00963689 1.63291 0.0033708 0.00199585 4.58869e-05
106.769 7.031 -0.010138 1.63294 0.00337684 0.00200868 4.39668e-05
106.79 7.03038 -0.0106506 1.63297 0.00335903 0.00200949 4.20983e-05
106.809 7.02977 -0.0111746 1.633 0.00332348 0.00200373 4.5512e-05
106.829 7.02916 -0.0117101 1.63302 0.00332337 0.00200494 4.38611e-05
106.851 7.02856 -0.012257 1.63305 0.00333735 0.00200824 4.2351e-05
106.87 7.02796 -0.0128151 1.63308 0.00333581 0.0020086 4.23599e-05
106.89 7.02738 -0.0133844 1.6331 0.00331808 0.00200423 4.18117e-05
106.911 7.02679 -0.0139647 1.63313 0.00327881 0.0019939 4.07835e-05
106.93 7.02622 -0.0145559 1.63316 0.00323968 0.00200012 4.11152e-05
106.952 7.02565 -0.0151579 1.63318 0.00318637 0.00200939 4.02563e-05
106.971 7.02508 -0.0157703 1.63321 0.00311775 0.00201728 4.12945e-05
106.993 7.02452 -0.0163929 1.63323 0.003056 0.002038 4.58831e-05
107.011 7.02397 -0.0170256 1.63325 0.0030102 0.00206496 4.74213e-05
107.031 7.02342 -0.017668 1.63327 0.00295218 0.00208184 4.98294e-05
107.055 7.02288 -0.0183199 1.63329 0.00290095 0.00210769 5.01228e-05
107.072 7.02235 -0.0189811 1.63331 0.00286325 0.00212709 5.26221e-05
107.093 7.02182 -0.0196517 1.63332 0.00287207 0.00211256 5.39171e-05
107.112 7.0213 -0.0203319 1.63334 0.00297538 0.00208884 5.32548e-05
107.133 7.02078 -0.0210216 1.63336 0.00308706 0.00209647 5.3904e-05
107.154 7.02027 -0.0217208 1.63337 0.00312432 0.00211036 5.36744e-05
107.173 7.01977 -0.0224296 1.63339 0.00310828 0.00211639 5.4444e-05
107.194 7.01927 -0.0231481 1.63341 0.00305801 0.0021188 5.43923e-05
107.213 7.01878 -0.0238761 1.63343 0.00298122 0.00211275 5.55717e-05
107.233 7.0183 -0.0246137 1.63345 0.002956 0.00210298 5.68942e-05
107.254 7.01782 -0.0253611 1.63348 0.00302511 0.00209685 5.60514e-05
107.273 7.01734 -0.0261181 1.6335 0.00312258 0.00209382 5.40784e-05
107.295 7.01687 -0.0268848 1.63352 0.00320138 0.00208967 5.16869e-05
107.314 7.01641 -0.0276614 1.63354 0.00325404 0.00207757 4.90007e-05
107.334 7.01596 -0.0284482 1.63357 0.00330163 0.00205655 4.84416e-05
107.358 7.01551 -0.0292457 1.63359 0.00339994 0.00204837 4.98179e-05
107.375 7.01506 -0.030054 1.63362 0.00349659 0.00206158 5.1861e-05
107.397 7.01462 -0.0308736 1.63364 0.00363565 0.00207788 5.21019e-05
107.415 7.01419 -0.0317047 1.63367 0.00375406 0.00209178 5.33233e-05
107.436 7.01376 -0.032548 1.63371 0.00390831 0.00210483 5.24373e-05
107.459 7.01334 -0.0334039 1.63374 0.00405073 0.00212247 5.25733e-05
107.476 7.01293 -0.0342727 1.63378 0.00416151 0.0021387 5.17203e-05
107.497 7.01252 -0.0351562 1.63382 0.00445347 0.00214278 4.96093e-05
107.517 7.01211 -0.0360547 1.63387 0.00480759 0.00214107 5.31732e-05
107.536 7.01172 -0.0369688 1.63392 0.00510798 0.00214816 5.50869e-05
107.558 7.01132 -0.0378995 1.63396 0.0053323 0.00215247 5.51217e-05
107.577 7.01094 -0.0388479 1.63401 0.00553062 0.00215069 5.52809e-05
107.598 7.01056 -0.0398148 1.63405 0.00571132 0.00214612 5.34499e-05
107.618 7.01018 -0.0408007 1.63409 0.00584485 0.00214819 5.31961e-05
107.638 7.00981 -0.0418062 1.63414 0.00594356 0.00214858 5.17782e-05
107.659 7.00945 -0.0428315 1.63418 0.00601571 0.00214642 5.44143e-05
107.678 7.00909 -0.0438768 1.63422 0.00606203 0.00214742 5.34601e-05
107.699 7.00874 -0.0449425 1.63425 0.00609696 0.00214142 5.09008e-05
107.718 7.0084 -0.0460284 1.63429 0.00610432 0.00213841 4.85742e-05
107.738 7.00806 -0.0471346 1.63432 0.00609125 0.00213608 4.6431e-05
107.76 7.00772 -0.048261 1.63435 0.00606909 0.00208638 4.64799e-05
107.779 7.00739 -0.0494074 1.63438 0.00603633 0.00203292 4.78378e-05
107.8 7.00706 -0.0505737 1.63442 0.00598121 0.0021478 4.73906e-05
107.819 7.00674 -0.0517595 1.63447 0.00589819 0.00230804 4.61054e-05
107.839 7.00641 -0.0529646 1.63451 0.00581104 0.00222985 4.42397e-05
107.861 7.00609 -0.0541885 1.63456 0.00573882 0.0021722 4.10096e-05
107.88 7.00577 -0.0554314 1.6346 0.00572457 0.00210868 3.80073e-05
107.902 7.00545 -0.0566928 1.63465 0.00572214 0.0023163 3.7274e-05
107.92 7.00513 -0.0579728 1.6347 0.00577289 0.00221177 3.49746e-05
107.94 7.00481 -0.0592714 1.63475 0.00583991 0.00224743 3.60197e-05
107.964 7.0045 -0.0605883 1.63481 0.00582091 0.0024137 3.63089e-05
107.981 7.00419 -0.0619232 1.63487 0.00572683 0.00241091 3.62422e-05
108.002 7.00389 -0.063276 1.63492 0.00559733 0.00240872 3.60778e-05
108.021 7.00357 -0.0646463 1.63498 0.0054502 0.00230495 3.49204e-05
108.041 7.00327 -0.0660333 1.63504 0.00527881 0.00240708 3.2872e-05
108.063 7.00297 -0.0674364 1.6351 0.00508287 0.00240812 3.20537e-05
108.082 7.00267 -0.0688548 1.63515 0.00488594 0.00233433 3.48345e-05
108.103 7.00236 -0.0702879 1.63521 0.00470841 0.00232856 3.77516e-05
108.122 7.00206 -0.0717347 1.63525 0.00452999 0.00230415 3.91512e-05
108.142 7.00176 -0.0731946 1.63529 0.00435838 0.00231903 3.75714e-05
108.164 7.00147 -0.0746669 1.63533 0.00419794 0.00238183 3.75246e-05
108.183 7.00118 -0.0761508 1.63537 0.00403131 0.00235754 3.63069e-05
108.204 7.00089 -0.0776459 1.6354 0.0038968 0.00230759 3.71333e-05
108.223 7.0006 -0.0791516 1.63543 0.00380334 0.002295 3.73498e-05
108.243 7.00031 -0.0806675 1.63546 0.00372429 0.00231919 3.86428e-05
108.265 7.00001 -0.0821938 1.63549 0.00376766 0.00232974 4.03691e-05
108.284 6.99972 -0.0837311 1.63551 0.00400895 0.00231868 3.89002e-05
108.305 6.99942 -0.0852799 1.63553 0.00436365 0.00231675 4.05503e-05
108.324 6.99912 -0.0868408 1.63554 0.00472821 0.00232578 4.13136e-05
108.344 6.99882 -0.0884141 1.63555 0.00489898 0.00233167 4.14626e-05
108.365 6.99852 -0.0900003 1.63556 0.00487948 0.00234097 4.17632e-05
108.385 6.99821 -0.0916004 1.63558 0.0048386 0.00235208 4.02321e-05
108.407 6.9979 -0.0932148 1.63559 0.00489463 0.00226077 3.90284e-05
108.425 6.9976 -0.0948426 1.63561 0.00484317 0.00239548 3.72288e-05
108.446 6.9973 -0.0964835 1.63562 0.00469324 0.00241488 3.5076e-05
108.468 6.997 -0.0981374 1.63564 0.00453249 0.00234604 3.40674e-05
108.486 6.99669 -0.099804 1.63567 0.00441678 0.00232009 3.31443e-05
108.508 6.99639 -0.101484 1.63569 0.00458075 0.00231627 3.18881e-05
108.527 6.99608 -0.103179 1.63571 0.0050267 0.00231152 3.28623e-05
108.547 6.99577 -0.104888 1.63574 0.00556104 0.00231039 3.1746e-05
108.568 6.99546 -0.106613 1.63576 0.00608353 0.00231792 3.00972e-05
108.587 6.99514 -0.108357 1.63578 0.00657458 0.00232465 2.86736e-05
108.608 6.99483 -0.11012 1.63579 0.00700642 0.0023266 2.6084e-05
108.628 6.99451 -0.111905 1.63581 0.00741259 0.00232903 2.3439e-05
108.648 6.9942 -0.113713 1.63582 0.00778509 0.00233017 1.94713e-05
108.669 6.99388 -0.115546 1.63582 0.00809793 0.00232877 1.83763e-05
108.689 6.99356 -0.117404 1.63583 0.0083431 0.00232091 1.45299e-05
108.709 6.99323 -0.119288 1.63583 0.00852501 0.00231065 9.90166e-06
108.73 6.99291 -0.121198 1.63583 0.00861864 0.00231024 8.9867e-06
108.75 6.99259 -0.123136 1.63583 0.00863804 0.00231347 8.49741e-06
108.771 6.99226 -0.125102 1.63582 0.00858654 0.00231092 1.07201e-05
108.79 6.99193 -0.127094 1.63581 0.00848306 0.00232204 7.80941e-06
108.813 6.9916 -0.129112 1.6358 0.00835519 0.00233792 7.11089e-06
108.831 6.99127 -0.131157 1.63579 0.00827434 0.00234244 5.64376e-06
108.85 6.99094 -0.133229 1.63578 0.00824954 0.00234279 1.92043e-06
108.872 6.9906 -0.135325 1.63578 0.0081852 0.0023428 3.1362e-06
108.891 6.99027 -0.137447 1.63577 0.00807257 0.0023438 4.9583e-06
108.912 6.98993 -0.139593 1.63577 0.00794937 0.00234387 7.00392e-06
108.931 6.9896 -0.141764 1.63576 0.00781933 0.00234167 7.23731e-06
108.951 6.98926 -0.143958 1.63575 0.00768122 0.00233352 5.54921e-06
108.972 6.98892 -0.146175 1.63575 0.00753633 0.00232615 6.11827e-06
108.992 6.98857 -0.148415 1.63574 0.00743827 0.00232734 3.21352e-06
109.013 6.98823 -0.150677 1.63574 0.00751183 0.00232976 -2.2527e-06
109.032 6.98789 -0.152963 1.63574 0.00769747 0.00237775 -9.07339e-06
109.052 6.98754 -0.155272 1.63575 0.00796843 0.0023227 -1.32259e-05
109.075 6.98719 -0.157604 1.63576 0.00814462 0.00235111 -1.39475e-05
109.093 6.98683 -0.159959 1.63577 0.00815343 0.00236375 -1.55002e-05
109.114 6.98648 -0.162338 1.63578 0.00807574 0.00236537 -1.93748e-05
109.134 6.98613 -0.164741 1.6358 0.00796971 0.00236624 -1.7758e-05
109.154 6.98577 -0.167168 1.63581 0.00786478 0.00243988 -1.98899e-05
109.176 6.98541 -0.169618 1.63583 0.00783034 0.00228878 -2.54136e-05
109.194 6.98504 -0.172091 1.63585 0.0079266 0.00229424 -2.70376e-05
109.215 6.98467 -0.174587 1.63587 0.00790836 0.00239376 -2.63797e-05
109.234 6.9843 -0.177105 1.6359 0.00774115 0.00240254 -2.92264e-05
109.255 6.98393 -0.179644 1.63593 0.00752729 0.00236794 -3.1442e-05
109.279 6.98356 -0.182205 1.63595 0.00728259 0.00234994 -3.35878e-05
109.296 6.98318 -0.184786 1.63597 0.00703576 0.00234215 -3.53671e-05
109.319 6.98281 -0.187386 1.63599 0.00674892 0.00233802 -3.28874e-05
109.337 6.98243 -0.190004 1.63601 0.0063847 0.00233266 -3.39061e-05
109.357 6.98206 -0.192638 1.63603 0.00604001 0.002332 -3.52585e-05
109.377 6.98168 -0.195288 1.63605 0.00571425 0.00233291 -3.75145e-05
109.397 6.9813 -0.197951 1.63607 0.00539113 0.00233212 -3.51638e-05
109.418 6.98091 -0.200627 1.63608 0.00515373 0.00238702 -3.32467e-05
109.437 6.98052 -0.203317 1.6361 0.00520532 0.00230671 -3.09608e-05
109.458 6.98014 -0.206018 1.63612 0.00524045 0.00230562 -3.13308e-05
109.477 6.97974 -0.20873 1.63615 0.00511929 0.00233521 -3.31932e-05
109.497 6.97935 -0.211453 1.63618 0.00485199 0.00245164 -3.48466e-05
109.518 6.97895 -0.214187 1.63621 0.00484059 0.00233804 -3.97538e-05
109.538 6.97854 -0.216934 1.63624 0.00530743 0.00227781 -4.01919e-05
109.558 6.97812 -0.219695 1.63628 0.00601402 0.00232375 -3.99306e-05
109.578 6.9777 -0.22247 1.63632 0.00669314 0.00234937 -3.56778e-05
109.598 6.97726 -0.225263 1.63636 0.00735916 0.00235741 -3.48537e-05
109.619 6.97681 -0.228075 1.63639 0.0080271 0.002365 -2.74601e-05
109.639 6.97636 -0.230909 1.63642 0.00859964 0.00236304 -2.72226e-05
109.66 6.9759 -0.233768 1.63644 0.00911436 0.00237238 -2.80231e-05
109.682 6.97542 -0.236652 1.63647 0.00956542 0.00238256 -2.39292e-05
109.7 6.97494 -0.239565 1.63648 0.00996842 0.00237881 -2.27646e-05
109.721 6.97445 -0.242507 1.6365 0.0103426 0.00238628 -2.28903e-05
109.74 6.97395 -0.245479 1.63652 0.0106375 0.00235629 -2.31875e-05
109.76 6.97345 -0.248483 1.63653 0.0108558 0.00239881 -2.34796e-05
109.781 6.97295 -0.25152 1.63654 0.0109812 0.00237562 -1.99775e-05
109.801 6.97243 -0.254589 1.63655 0.0110202 0.0024135 -1.76776e-05
109.822 6.97191 -0.257692 1.63656 0.0111197 0.00239728 -1.73647e-05
109.841 6.97138 -0.260828 1.63658 0.0113274 0.00239277 -1.52295e-05
109.861 6.97084 -0.264 1.63659 0.0115305 0.00240686 -1.41567e-05
109.883 6.97029 -0.267206 1.63661 0.0117154 0.00240087 -1.23792e-05
109.902 6.96974 -0.270447 1.63662 0.0118162 0.00231041 -8.11141e-06
109.922 6.96919 -0.273722 1.63663 0.0117143 0.00243599 -3.98772e-06
109.942 6.96863 -0.277032 1.63664 0.0114739 0.00244439 -4.81813e-06
109.962 6.96808 -0.280376 1.63665 0.011172 0.00246371 -8.90069e-06
109.986 6.96752 -0.283753 1.63666 0.0108474 0.00237658 -1.1146e-05
110.003 6.96696 -0.287161 1.63667 0.0105432 0.0023806 -1.45606e-05
110.024 6.96639 -0.2906 1.63668 0.0102396 0.00241798 -1.78524e-05
110.044 6.96583 -0.294068 1.63669 0.00992377 0.00238445 -2.03101e-05
110.063 6.96526 -0.297562 1.63669 0.00953703 0.00236854 -2.12723e-05
110.084 6.9647 -0.301083 1.6367 0.00914998 0.00242671 -2.07343e-05
110.103 6.96412 -0.30463 1.6367 0.00898316 0.00232921 -2.24418e-05
110.125 6.96355 -0.308201 1.63672 0.00888453 0.00236658 -2.44286e-05
110.144 6.96297 -0.311794 1.63673 0.00866328 0.00236639 -2.56756e-05
110.164 6.9624 -0.31541 1.63675 0.00841539 0.00242975 -2.50126e-05
110.189 6.96182 -0.319048 1.63676 0.00836773 0.0022304 -2.44521e-05
110.204 6.96123 -0.322706 1.63678 0.00824105 0.00226834 -2.4225e-05
110.226 6.96065 -0.326384 1.63681 0.00789494 0.00230065 -2.50102e-05
110.245 6.96007 -0.330081 1.63683 0.00751574 0.0023502 -2.91186e-05
110.265 6.95948 -0.333796 1.63685 0.00731482 0.00222546 -3.01446e-05
110.286 6.95888 -0.337528 1.63688 0.00714136 0.00226532 -3.20367e-05
110.306 6.95829 -0.341275 1.63691 0.00690846 0.0022882 -3.5216e-05
110.326 6.9577 -0.345038 1.63693 0.00667208 0.00228047 -3.99778e-05
110.346 6.9571 -0.348814 1.63695 0.00647336 0.00228323 -3.64107e-05
110.367 6.95651 -0.352604 1.63696 0.00619884 0.00228299 -3.39816e-05
110.388 6.95591 -0.356405 1.63697 0.00585706 0.00227045 -3.94956e-05
110.406 6.95532 -0.360216 1.63698 0.0055331 0.00225731 -4.71256e-05
110.428 6.95472 -0.364038 1.63699 0.0053122 0.00231425 -4.80759e-05
110.447 6.95411 -0.36787 1.63699 0.00549836 0.00223594 -4.50103e-05
110.467 6.9535 -0.371713 1.637 0.00585523 0.00227757 -4.11478e-05
110.488 6.95288 -0.375566 1.63702 0.00617553 0.00229761 -3.8105e-05
110.507 6.95225 -0.379431 1.63703 0.00643907 0.00240078 -3.51729e-05
110.528 6.95161 -0.383311 1.63705 0.00709138 0.00236237 -3.57418e-05
110.547 6.95095 -0.38721 1.63708 0.00840244 0.00225954 -3.51566e-05
110.568 6.95028 -0.391131 1.63712 0.00993215 0.00228032 -3.54623e-05
110.589 6.9496 -0.395078 1.63715 0.0114048 0.0023442 -3.62317e-05
110.608 6.94891 -0.399056 1.63719 0.0127089 0.00237505 -3.60644e-05
110.63 6.94821 -0.40307 1.63722 0.0138454 0.00239938 -3.38813e-05
110.649 6.94751 -0.407125 1.63725 0.0148204 0.0024059 -2.98465e-05
110.669 6.9468 -0.411223 1.63727 0.0156149 0.00239264 -2.35486e-05
110.691 6.94608 -0.415368 1.63729 0.0162506 0.00237665 -2.56411e-05
110.709 6.94535 -0.419563 1.6373 0.0166982 0.00237299 -3.07959e-05
110.73 6.94462 -0.423808 1.63731 0.0169716 0.00236767 -2.53457e-05
110.75 6.94387 -0.428105 1.63732 0.0170544 0.00236173 -2.49249e-05
110.77 6.94312 -0.432454 1.63732 0.016991 0.00236813 -2.92142e-05
110.79 6.94236 -0.436854 1.63731 0.0168616 0.00238148 -3.13737e-05
110.81 6.9416 -0.441307 1.6373 0.0166994 0.00238747 -3.02301e-05
110.831 6.94082 -0.44581 1.63729 0.0164446 0.00238088 -2.76324e-05
110.85 6.94004 -0.450362 1.63727 0.0160962 0.00237366 -2.83009e-05
110.87 6.93925 -0.454962 1.63726 0.0158343 0.00236806 -3.15668e-05
110.891 6.93845 -0.459611 1.63724 0.0156795 0.00236856 -3.0464e-05
110.911 6.93765 -0.464305 1.63722 0.0154453 0.00236595 -3.15647e-05
110.932 6.93684 -0.469044 1.63719 0.0150139 0.00234684 -3.21447e-05
110.951 6.93602 -0.473825 1.63717 0.0144536 0.00240079 -3.22962e-05
110.972 6.9352 -0.478648 1.63716 0.0138477 0.00225593 -3.55467e-05
110.992 6.93437 -0.483508 1.63714 0.0132324 0.00234766 -3.66096e-05
111.012 6.93354 -0.488405 1.63713 0.0126189 0.00237935 -3.44656e-05
111.033 6.93271 -0.493335 1.63712 0.0119036 0.00234684 -3.59047e-05
111.052 6.93189 -0.498296 1.63711 0.0111758 0.00236711 -3.57835e-05
111.072 6.93105 -0.503284 1.6371 0.0104609 0.00229078 -3.8894e-05
111.093 6.93022 -0.508297 1.63709 0.00968119 0.0022935 -4.00283e-05
111.113 6.92939 -0.513331 1.63708 0.00885178 0.00229802 -4.25454e-05
111.134 6.92856 -0.518384 1.63707 0.00803085 0.00228555 -4.39676e-05
111.153 6.92773 -0.523452 1.63706 0.00734098 0.00226957 -4.60774e-05
111.173 6.9269 -0.528534 1.63704 0.00679451 0.00225681 -5.09933e-05
111.194 6.92606 -0.533626 1.63703 0.00636859 0.00224755 -5.71705e-05
111.214 6.92523 -0.538728 1.63701 0.00609846 0.00232237 -5.79453e-05
111.235 6.92439 -0.543839 1.63699 0.00618363 0.00215127 -5.94009e-05
111.255 6.92355 -0.54896 1.63698 0.00653665 0.00217911 -6.2707e-05
111.275 6.9227 -0.554089 1.63698 0.00659665 0.00229097 -6.314e-05
111.296 6.92186 -0.559224 1.63698 0.00638683 0.00230482 -6.11374e-05
111.315 6.92101 -0.564369 1.63698 0.00613455 0.00228412 -6.29097e-05
111.336 6.92017 -0.56952 1.63699 0.00577727 0.00228829 -6.75805e-05
111.356 6.91933 -0.574676 1.63699 0.00530376 0.00228862 -6.55759e-05
111.375 6.91848 -0.579836 1.63699 0.00488795 0.00227508 -6.39757e-05
111.396 6.91764 -0.585 1.63699 0.00458469 0.00226101 -6.71345e-05
111.416 6.91679 -0.590166 1.63699 0.00430764 0.00224779 -6.51877e-05
111.437 6.91595 -0.59533 1.63698 0.00390012 0.00224404 -6.50506e-05
111.456 6.9151 -0.600493 1.63698 0.0034032 0.00223876 -6.59722e-05
111.476 6.91426 -0.605653 1.63697 0.0029544 0.00223093 -6.32067e-05
111.499 6.91341 -0.610808 1.63697 0.00261184 0.00222922 -5.80405e-05
111.517 6.91257 -0.615957 1.63695 0.00236447 0.00245602 -5.85385e-05
111.538 6.91172 -0.621102 1.63694 0.00253735 0.00233579 -5.97416e-05
111.557 6.91085 -0.626247 1.63695 0.00388038 0.00206534 -6.05104e-05
111.577 6.90997 -0.631395 1.63697 0.00592243 0.00212245 -5.78581e-05
111.6 6.90908 -0.636547 1.63701 0.00752684 0.00223935 -5.22899e-05
111.618 6.90818 -0.641709 1.63706 0.00869394 0.00225774 -4.88984e-05
111.639 6.90728 -0.646889 1.63711 0.00971514 0.00225198 -4.55291e-05
111.659 6.90636 -0.652089 1.63715 0.0106197 0.00225829 -3.94966e-05
111.679 6.90544 -0.657313 1.63718 0.0114588 0.00227912 -3.47113e-05
111.701 6.90451 -0.662565 1.63722 0.0121739 0.00228656 -2.97818e-05
111.719 6.90358 -0.667846 1.63724 0.0127526 0.00228178 -2.3696e-05
111.74 6.90264 -0.67316 1.63727 0.0132355 0.00228005 -1.65325e-05
111.76 6.90227 -0.675342 1.63685 0.0121091 0.00267405 -1.63365e-05
111.78 6.90224 -0.675382 1.63624 0.0106506 0.00276578 9.31047e-06
111.802 6.9022 -0.675305 1.63596 0.0115893 0.00311469 6.50807e-05
111.821 6.90216 -0.675123 1.63601 0.0149382 0.00382644 0.000118382
111.843 6.90212 -0.674882 1.63632 0.019773 0.00441695 0.00016022
111.861 6.90209 -0.674613 1.63679 0.0253001 0.0046724 0.000239909
111.881 6.90207 -0.674357 1.63735 0.0308789 0.00509934 0.000290255
111.903 6.90204 -0.674126 1.63801 0.0360711 0.00553071 0.000336924
111.921 6.90201 -0.673928 1.63875 0.040528 0.00550284 0.000401112
111.943 6.90201 -0.673782 1.63956 0.0438682 0.00563863 0.000428959
111.962 6.90201 -0.673668 1.64041 0.0464691 0.0057976 0.000437236
111.982 6.90201 -0.673557 1.64127 0.049115 0.00578333 0.000440189
112.103 6.902 -0.673444 1.64211 0.0518439 0.00538114 0.000435588
112.122 6.902 -0.67337 1.64292 0.053485 0.00566582 0.000435448
112.145 6.90201 -0.673391 1.64366 0.0522374 0.00527043 0.000435502
112.163 6.90203 -0.67348 1.64429 0.0489771 0.00468911 0.00043569
112.181 6.90204 -0.673583 1.64481 0.0454107 0.00411046 0.000435895
112.202 6.90205 -0.673696 1.64524 0.0416771 0.00369098 0.000436051
112.222 6.90206 -0.673821 1.64558 0.0377662 0.00328423 0.00043621
112.243 6.90208 -0.673938 1.64582 0.0341762 0.00291218 0.000436169
112.262 6.90209 -0.674048 1.64596 0.0308602 0.00252281 0.000433533
112.282 6.9021 -0.674156 1.64602 0.0277291 0.00223495 0.000427667
112.305 6.90212 -0.674255 1.64599 0.0248737 0.00192551 0.000418774
112.323 6.90214 -0.674349 1.64588 0.0222139 0.0016591 0.000406993
112.344 6.90216 -0.674431 1.64571 0.0198956 0.00150745 0.000392453
112.363 6.90219 -0.674504 1.64549 0.0178314 0.00129145 0.000375344
112.383 6.90223 -0.674574 1.64524 0.0158764 0.00120386 0.000356988
112.404 6.90229 -0.674633 1.64496 0.0142129 0.00112007 0.000339506
112.423 6.90236 -0.674684 1.64466 0.0127613 0.0010541 0.000322875
112.445 6.90245 -0.674727 1.64435 0.0115089 0.000932922 0.000307066
112.464 6.90257 -0.674762 1.64403 0.0104538 0.00101599 0.000292008
112.484 6.90271 -0.674795 1.64371 0.00946041 0.0010484 0.000277693
112.506 6.90289 -0.674828 1.6434 0.00850058 0.00104839 0.000261909
112.525 6.9031 -0.674859 1.64309 0.00757092 0.000993122 0.000244333
112.545 6.90335 -0.674889 1.64281 0.00667954 0.00102269 0.000225019
112.565 6.90364 -0.674917 1.64254 0.00585545 0.00102438 0.000202236
112.585 6.90397 -0.674942 1.64229 0.00509263 0.000966916 0.000181639
112.61 6.90435 -0.674967 1.64205 0.00432152 0.00102302 0.000155335
112.625 6.90477 -0.674993 1.6418 0.00354772 0.000523162 0.000128503
112.647 6.90529 -0.67501 1.64158 0.002954 0.000568045 0.000100754
112.666 6.90596 -0.675026 1.64141 0.00239509 0.00114724 6.68465e-05
112.686 6.90675 -0.675037 1.64128 0.00199374 0.00106376 5.06435e-05
112.708 6.90767 -0.675042 1.64119 0.00173932 0.0010699 4.21873e-05
112.726 6.90872 -0.675045 1.64113 0.00152 0.00110484 3.54482e-05
112.749 6.9099 -0.675047 1.64107 0.0013527 0.00117554 3.14145e-05
112.767 6.91119 -0.675044 1.64103 0.00125446 0.000893109 1.77475e-05
112.787 6.91263 -0.675038 1.64098 0.00118163 0.00133762 -2.5352e-06
112.808 6.91419 -0.675035 1.64095 0.00108726 0.00124957 -1.53264e-05
112.828 6.91589 -0.675033 1.64093 0.000993516 0.00147577 -2.02022e-05
112.848 6.91772 -0.675032 1.64092 0.000901683 0.00161039 -2.53442e-05
112.868 6.91969 -0.675033 1.64091 0.000771824 0.00176684 -2.45173e-05
112.888 6.92177 -0.675035 1.64089 0.000631593 0.00169022 -2.65693e-05
112.909 6.92399 -0.675034 1.64088 0.000555112 0.00165608 -2.95675e-05
112.928 6.92634 -0.675036 1.64087 0.000454305 0.00174539 -2.61895e-05
112.949 6.92882 -0.675039 1.64085 0.000319145 0.00180833 -2.76874e-05
112.969 6.93142 -0.675038 1.64083 0.000168264 0.00189819 -2.77451e-05
112.989 6.93414 -0.675028 1.64079 0.000116883 0.00181067 -2.10413e-05
113.011 6.93699 -0.675011 1.64075 4.05094e-05 0.002088 -5.98332e-06
113.029 6.93996 -0.67499 1.6407 -4.67864e-05 0.00216847 -2.66675e-06
113.05 6.94305 -0.674963 1.64064 -0.000154265 0.00211584 -2.53548e-06
113.07 6.94628 -0.674933 1.64057 -0.000273878 0.00241234 -2.90142e-06
113.09 6.94961 -0.674899 1.64049 -0.000403636 0.00222416 -3.96161e-06
113.111 6.95309 -0.674861 1.64041 -0.000546288 0.0024299 -2.43163e-06
113.131 6.95669 -0.674821 1.64032 -0.000673426 0.00240757 3.69256e-06
113.152 6.96042 -0.674779 1.64023 -0.000807538 0.00254848 1.30058e-05
113.171 6.9643 -0.674733 1.64013 -0.000921729 0.00257911 1.96139e-05
113.191 6.9683 -0.674684 1.64003 -0.00101314 0.0025454 2.26082e-05
113.214 6.97244 -0.674632 1.63992 -0.00111159 0.00245245 3.2065e-05
113.232 6.97672 -0.674575 1.6398 -0.00120456 0.00248638 4.23051e-05
113.252 6.98113 -0.674513 1.63969 -0.00129903 0.00259058 5.13943e-05
113.272 6.98567 -0.674447 1.63956 -0.00138736 0.00237865 6.00555e-05
113.292 6.99034 -0.674376 1.63944 -0.00150134 0.00237365 6.74935e-05
113.313 6.99516 -0.674298 1.63931 -0.00160942 0.00265573 7.80554e-05
113.333 7.00011 -0.674215 1.63917 -0.0016816 0.00251314 8.73021e-05
113.353 7.00522 -0.674126 1.63904 -0.00177932 0.00224893 9.76523e-05
113.373 7.01053 -0.674029 1.63891 -0.00188355 0.00299694 0.0001078
113.393 7.01596 -0.673926 1.6388 -0.00191991 0.002148 0.00011722
113.416 7.02152 -0.673816 1.63874 -0.00199893 0.00168305 0.000128339
113.433 7.02724 -0.673697 1.63868 -0.00211757 0.00247363 0.000138099
113.455 7.03306 -0.673571 1.63863 -0.00216276 0.00230244 0.000147578
113.474 7.03901 -0.673437 1.63859 -0.0021882 0.00225876 0.000156774
113.494 7.04508 -0.673295 1.63853 -0.00222384 0.00224948 0.000165893
113.514 7.05128 -0.673145 1.63847 -0.00224877 0.00236892 0.000174691
113.534 7.0576 -0.672986 1.6384 -0.00227608 0.00234564 0.000184319
113.556 7.06407 -0.672819 1.63831 -0.00233211 0.00266091 0.000193172
113.574 7.07064 -0.672643 1.63821 -0.00241517 0.00268403 0.000205908
113.595 7.07732 -0.672458 1.63811 -0.00248749 0.00273727 0.000218058
113.617 7.08411 -0.672265 1.638 -0.00252339 0.00281274 0.000228906
113.635 7.09102 -0.672062 1.63788 -0.0025516 0.00306585 0.000239115
113.656 7.09803 -0.67185 1.63774 -0.00255268 0.00222572 0.000251321
113.676 7.10525 -0.671628 1.63761 -0.00261234 0.00303909 0.00026065
113.696 7.11264 -0.671396 1.6375 -0.00270685 0.00324665 0.000272232
113.717 7.12021 -0.671155 1.63738 -0.00279048 0.00324718 0.000284661
113.736 7.12793 -0.670903 1.63727 -0.00291443 0.00328094 0.000297604
113.757 7.13577 -0.67064 1.63715 -0.00300293 0.0030031 0.000310242
113.777 7.14374 -0.670367 1.63702 -0.00306815 0.00307235 0.000319923
113.797 7.15185 -0.670083 1.63689 -0.00308886 0.00328148 0.000325555
113.818 7.16008 -0.669788 1.63674 -0.00306389 0.00318391 0.000332781
113.837 7.16844 -0.669482 1.63658 -0.00301996 0.00312793 0.000341113
113.858 7.17691 -0.669165 1.6364 -0.00297357 0.00323946 0.000348105
113.878 7.18549 -0.668838 1.63622 -0.00292098 0.00309113 0.000357393
113.899 7.19418 -0.6685 1.63603 -0.00287267 0.00301624 0.000364007
113.919 7.20297 -0.668152 1.63583 -0.00282395 0.00331633 0.000369831
113.939 7.21187 -0.667794 1.63563 -0.00273592 0.00331521 0.000373077
113.959 7.22086 -0.667426 1.63542 -0.00265026 0.00330054 0.000376102
113.979 7.22995 -0.66705 1.6352 -0.00258232 0.0035798 0.000381851
113.999 7.23912 -0.666664 1.63499 -0.00247374 0.00343559 0.000384957
114.02 7.24836 -0.666271 1.63477 -0.00234716 0.00298204 0.0003906
114.039 7.25772 -0.665869 1.63458 -0.00228963 0.00404767 0.00039605
114.061 7.26712 -0.665459 1.6344 -0.00218712 0.00360545 0.000406203
114.08 7.27659 -0.665042 1.63424 -0.00209058 0.00352262 0.000412032
114.1 7.28611 -0.664618 1.6341 -0.00199254 0.00366174 0.0004176
114.121 7.2957 -0.664188 1.63394 -0.00188845 0.00388184 0.000421533
114.141 7.30533 -0.663751 1.63378 -0.0017901 0.00401562 0.000424761
114.161 7.315 -0.663309 1.63361 -0.00169406 0.00398702 0.00043131
114.181 7.32472 -0.662862 1.63343 -0.00163367 0.00413814 0.000435921
114.201 7.33447 -0.66241 1.63324 -0.00158903 0.00421359 0.000436361
114.223 7.34425 -0.661952 1.63304 -0.00152113 0.00425043 0.000437589
114.242 7.35406 -0.661491 1.63284 -0.00144062 0.00438655 0.000436788
114.262 7.3639 -0.661025 1.63262 -0.00135275 0.0043938 0.000438817
114.282 7.37373 -0.660556 1.63239 -0.00124033 0.00361862 0.000444543
114.302 7.38365 -0.660083 1.63218 -0.00121984 0.00437907 0.000445668
114.324 7.39361 -0.659606 1.63199 -0.00122332 0.0049892 0.000444905
114.343 7.40359 -0.659126 1.63184 -0.00117438 0.00464791 0.000448294
114.364 7.4136 -0.658644 1.6317 -0.0011194 0.00441031 0.00044953
114.384 7.42362 -0.658158 1.63157 -0.00107274 0.00443492 0.00045186
114.403 7.43365 -0.65767 1.63143 -0.00101634 0.00451033 0.000457127
114.424 7.44368 -0.657179 1.63129 -0.000947967 0.0044886 0.000456947
114.444 7.45372 -0.656686 1.63114 -0.000894019 0.00479387 0.000458894
114.465 7.46373 -0.656192 1.63098 -0.000832448 0.00475493 0.000462952
114.484 7.4737 -0.655696 1.63082 -0.00072745 0.00443033 0.000466123
114.504 7.48363 -0.655198 1.63067 -0.000616013 0.00450546 0.000463522
114.525 7.49354 -0.6547 1.63051 -0.000544954 0.00496036 0.000463396
114.544 7.50339 -0.654201 1.63034 -0.000477114 0.00490756 0.000466493
114.567 7.51317 -0.653702 1.63017 -0.000382375 0.00480287 0.000472094
114.585 7.52289 -0.653204 1.63 -0.000308764 0.00502805 0.000475507
114.605 7.53255 -0.652705 1.62983 -0.000244512 0.00451051 0.000476749
114.626 7.54224 -0.652207 1.62969 -0.000207097 0.00548036 0.000475464
114.646 7.55185 -0.65171 1.62957 -0.000138046 0.0048685 0.00047702
114.667 7.56142 -0.651214 1.62949 -6.37091e-05 0.00488733 0.000478067
114.686 7.5709 -0.650719 1.62941 2.47815e-05 0.00488632 0.00047879
114.706 7.58029 -0.650227 1.62933 0.000146675 0.00484909 0.000476693
114.729 7.5896 -0.649736 1.62926 0.000254662 0.00506022 0.000475178
114.747 7.5988 -0.649248 1.62917 0.00035083 0.00535838 0.000476803
114.768 7.60786 -0.648763 1.62908 0.000492766 0.00502695 0.00047467
114.787 7.6168 -0.648282 1.629 0.00062216 0.00546407 0.000476525
114.808 7.62557 -0.647805 1.62892 0.000783105 0.0052678 0.000480733
114.829 7.63424 -0.647333 1.62884 0.000931151 0.00552974 0.000487818
114.848 7.64274 -0.646866 1.62876 0.00105872 0.00543046 0.000487778
114.869 7.65111 -0.646404 1.62868 0.00119014 0.00551735 0.000486474
114.888 7.65931 -0.645949 1.6286 0.00130632 0.00544311 0.000483307
114.908 7.66737 -0.6455 1.62852 0.00141843 0.0056267 0.000479538
114.93 7.67526 -0.645058 1.62844 0.00152207 0.00556319 0.000477627
114.949 7.68301 -0.644624 1.62836 0.00162291 0.00557799 0.000473746
114.97 7.69059 -0.644197 1.62829 0.00170148 0.0055208 0.000466822
114.989 7.69803 -0.643779 1.62822 0.00176143 0.005678 0.000462484
115.009 7.70529 -0.643369 1.62816 0.00183104 0.00545396 0.000459676
115.031 7.71239 -0.642967 1.62809 0.00189996 0.00541039 0.000454774
115.05 7.71934 -0.642574 1.62803 0.00196165 0.00540195 0.000452417
115.071 7.72614 -0.64219 1.62796 0.00200196 0.00556684 0.000446798
115.09 7.73276 -0.641815 1.62789 0.00203036 0.00530503 0.000442087
115.11 7.73926 -0.641449 1.62783 0.00206092 0.0054825 0.000434516
115.133 7.74559 -0.641093 1.62776 0.00209015 0.00524763 0.000427865
115.151 7.75178 -0.640746 1.6277 0.00212205 0.00512787 0.000420628
115.172 7.75783 -0.640408 1.62763 0.00212362 0.00507496 0.000413173
115.191 7.76374 -0.640079 1.62755 0.00210253 0.00518181 0.000406538
115.212 7.76949 -0.63976 1.62747 0.00207432 0.00493176 0.000400744
115.234 7.77512 -0.63945 1.62739 0.00205531 0.0047519 0.000397216
115.252 7.78061 -0.639149 1.62731 0.00201435 0.00482239 0.00039062
115.273 7.78598 -0.638857 1.62723 0.00193063 0.0049421 0.000381708
115.292 7.79121 -0.638573 1.62714 0.00186511 0.00463774 0.000375952
115.312 7.7963 -0.638298 1.62705 0.00183966 0.00441586 0.000370119
115.333 7.80127 -0.638031 1.62695 0.0018139 0.00438964 0.00036423
115.353 7.8061 -0.637772 1.62686 0.0017921 0.00428364 0.000358002
115.374 7.8108 -0.637521 1.62677 0.00175517 0.00425918 0.00034976
115.393 7.81537 -0.637277 1.62667 0.00172024 0.00403857 0.00034467
115.413 7.81983 -0.637041 1.62658 0.00167154 0.00403516 0.000340902
115.435 7.82416 -0.636812 1.6265 0.00159853 0.00407619 0.000338047
115.454 7.82836 -0.63659 1.62641 0.00154697 0.0039605 0.000333755
115.476 7.83245 -0.636376 1.62634 0.00154419 0.00386859 0.000328969
115.494 7.83641 -0.636168 1.62626 0.00154369 0.00377318 0.000324134
115.514 7.84027 -0.635967 1.62617 0.00153747 0.0038182 0.000320526
115.536 7.844 -0.635772 1.62609 0.00152007 0.00379769 0.000316795
115.555 7.84763 -0.635584 1.62601 0.0014994 0.00384374 0.00031446
115.576 7.85114 -0.635403 1.62594 0.0014664 0.00373719 0.000307277
115.596 7.85456 -0.635228 1.62586 0.0014271 0.00387891 0.000298167
115.615 7.85786 -0.635059 1.62579 0.00139376 0.00379535 0.000292899
115.637 7.86107 -0.634896 1.62571 0.00135579 0.00392762 0.000289784
115.656 7.86417 -0.634739 1.62563 0.00132692 0.00384489 0.000286893
115.678 7.86718 -0.634588 1.62556 0.00131699 0.00379432 0.000282029
115.696 7.87008 -0.634442 1.62548 0.00129762 0.0037904 0.000277268
115.716 7.8729 -0.634302 1.6254 0.00126241 0.00382702 0.000273496
115.738 7.87562 -0.634167 1.62532 0.00120613 0.00379814 0.000268861
115.757 7.87825 -0.634037 1.62524 0.00111942 0.00375833 0.000264331
115.778 7.88079 -0.633912 1.62515 0.00104317 0.00365114 0.000260217
115.797 7.88326 -0.633792 1.62506 0.000996359 0.00378685 0.000254957
115.817 7.88563 -0.633676 1.62497 0.00096583 0.00365898 0.000249546
115.839 7.88792 -0.633564 1.62488 0.0009551 0.00358108 0.000243986
115.858 7.89013 -0.633457 1.6248 0.000940353 0.00360606 0.000239528
115.878 7.89227 -0.633353 1.62471 0.000908391 0.00357653 0.000235102
115.898 7.89433 -0.633253 1.62464 0.000864608 0.00357355 0.000231913
115.918 7.89632 -0.633158 1.62456 0.00082188 0.003545 0.000230864
115.94 7.89823 -0.633065 1.62449 0.000798119 0.00354869 0.00022915
115.959 7.90007 -0.632976 1.62441 0.000777965 0.00350288 0.000226536
115.98 7.90184 -0.632891 1.62434 0.000759852 0.00346644 0.000223185
115.999 7.90354 -0.632808 1.62428 0.000738536 0.00342957 0.000218766
116.019 7.90518 -0.632729 1.62421 0.000739873 0.00336634 0.000216735
116.041 7.90674 -0.632654 1.62416 0.000740876 0.003366 0.00021456
116.06 7.90824 -0.632581 1.6241 0.000732544 0.00332689 0.000212301
116.081 7.90968 -0.632511 1.62405 0.000718285 0.0034382 0.000210253
116.1 7.91106 -0.632445 1.62399 0.00071141 0.00330488 0.000207867
116.121 7.91238 -0.632381 1.62394 0.000717644 0.00326221 0.000206259
116.142 7.91364 -0.632321 1.62389 0.00071378 0.00324593 0.00020373
116.161 7.91484 -0.632263 1.62385 0.000696252 0.00318827 0.000199722
116.182 7.91598 -0.632209 1.62381 0.000669964 0.00320208 0.000197394
116.201 7.91708 -0.632157 1.62377 0.000646135 0.00319917 0.000195458
116.222 7.91813 -0.632108 1.62374 0.000597794 0.00320352 0.000190619
116.242 7.91912 -0.632061 1.6237 0.000550641 0.00316654 0.000187124
116.262 7.92007 -0.632017 1.62366 0.000538097 0.00306343 0.000186645
116.284 7.92097 -0.631974 1.62362 0.000524114 0.00308586 0.00018498
116.302 7.92183 -0.631935 1.62358 0.000500417 0.00316045 0.000188365
116.322 7.92265 -0.631897 1.62354 0.000478001 0.00316708 0.000190601
116.344 7.92343 -0.631861 1.6235 0.000445787 0.00309826 0.000190135
116.363 7.92417 -0.631827 1.62346 0.000436982 0.00311083 0.000189486
116.384 7.92488 -0.631795 1.62341 0.000427354 0.00314747 0.000189677
116.403 7.92555 -0.631765 1.62337 0.000389532 0.00313058 0.000190168
116.423 7.9262 -0.631736 1.62333 0.000314445 0.0031151 0.000190055
116.446 7.92681 -0.631708 1.62328 0.00023816 0.00309162 0.000189699
116.464 7.92739 -0.631682 1.62324 0.000198918 0.00305541 0.000189554
116.485 7.92794 -0.631656 1.62321 0.000206464 0.00306267 0.000188558
116.504 7.92847 -0.631632 1.62317 0.000226662 0.00307298 0.000187947
116.524 7.92898 -0.631609 1.62314 0.000252587 0.00307367 0.000188535
116.546 7.92946 -0.631586 1.6231 0.00026774 0.00298296 0.000188881
116.565 7.92992 -0.631565 1.62307 0.000270836 0.00306583 0.000187861
116.586 7.93037 -0.631545 1.62304 0.000273991 0.00312173 0.000186646
116.606 7.93078 -0.631526 1.62301 0.000285178 0.0030554 0.00018746
116.625 7.93117 -0.631508 1.62299 0.000293237 0.00306769 0.000188224
116.647 7.93155 -0.631492 1.62297 0.000282454 0.00315778 0.000188486
116.666 7.93191 -0.631476 1.62295 0.000263601 0.00315949 0.000187534
116.687 7.93225 -0.631462 1.62293 0.000251099 0.00320968 0.000187257
116.706 7.93258 -0.631448 1.62291 0.000221784 0.0030192 0.000186384
116.726 7.9329 -0.631435 1.6229 9.48165e-05 0.00312645 0.000183932
116.75 7.93321 -0.631422 1.62288 -0.00013876 0.00313598 0.000181303
116.767 7.93351 -0.631407 1.62286 -0.000423321 0.00297246 0.00017998
116.788 7.93381 -0.631391 1.62285 -0.000707068 0.00306208 0.000178952
116.807 7.9341 -0.631373 1.62283 -0.00096573 0.00307271 0.000178512
116.828 7.93438 -0.631351 1.6228 -0.00122239 0.00300992 0.000178173
116.849 7.93466 -0.631324 1.62278 -0.00147711 0.00297851 0.000181719
116.869 7.93492 -0.631291 1.62275 -0.00172006 0.00297246 0.000180625
116.89 7.93518 -0.631252 1.62272 -0.00194721 0.0029626 0.000179893
116.91 7.93543 -0.631206 1.62268 -0.00214907 0.00295656 0.000179477
116.929 7.93567 -0.631151 1.62263 -0.0023604 0.00295307 0.000182928
116.951 7.9359 -0.631087 1.62259 -0.00257466 0.00295211 0.000184708
116.969 7.93612 -0.631014 1.62254 -0.00276431 0.00302507 0.000182997
116.991 7.93633 -0.630929 1.62249 -0.00294904 0.00299642 0.000182392
117.01 7.93652 -0.630834 1.62244 -0.00312344 0.00297327 0.00018179
117.03 7.9367 -0.630727 1.62239 -0.00328743 0.00301074 0.000180923
117.052 7.93686 -0.630607 1.62234 -0.00344262 0.00304813 0.000179743
117.07 7.937 -0.630474 1.62229 -0.00360718 0.00306774 0.000179235
117.091 7.93713 -0.630327 1.62224 -0.00380372 0.00309548 0.00017873
117.111 7.93724 -0.630166 1.62219 -0.00402544 0.00312776 0.000177846
117.131 7.93734 -0.629989 1.62214 -0.00421974 0.00313438 0.00017471
117.152 7.93742 -0.629797 1.62209 -0.00440362 0.00312626 0.000173372
117.171 7.93749 -0.629588 1.62204 -0.00460232 0.00312948 0.000171281
117.192 7.93754 -0.629362 1.62199 -0.00476994 0.0031384 0.000172278
117.212 7.93758 -0.629117 1.62194 -0.00492604 0.00323827 0.000172199
117.232 7.93759 -0.628855 1.6219 -0.00508648 0.00312768 0.000172968
117.253 7.93759 -0.628573 1.62186 -0.00525638 0.00321488 0.000171968
117.272 7.93757 -0.628271 1.62183 -0.00543134 0.00319626 0.000171588
117.293 7.93754 -0.627949 1.6218 -0.00560414 0.00334873 0.00017071
117.313 7.93749 -0.627606 1.62178 -0.00579146 0.00329796 0.000170517
117.333 7.93742 -0.627242 1.62176 -0.00594106 0.00341438 0.000170614
117.356 7.93734 -0.626856 1.62174 -0.00603095 0.00329299 0.000171363
117.374 7.93724 -0.626447 1.62173 -0.00612066 0.00336478 0.000172358
117.394 7.93713 -0.626016 1.62172 -0.0062894 0.00334251 0.000173435
117.414 7.93698 -0.62556 1.62172 -0.00654627 0.00332849 0.00017426
117.434 7.93682 -0.62508 1.62172 -0.0068577 0.00332698 0.000172743
117.456 7.93664 -0.624575 1.62172 -0.00717411 0.00341456 0.000171831
117.474 7.93643 -0.624043 1.62173 -0.00750396 0.00326758 0.000174668
117.496 7.9362 -0.623484 1.62174 -0.00779035 0.0033765 0.000175198
117.515 7.93596 -0.622896 1.62176 -0.00799212 0.00334965 0.000176211
117.535 7.93569 -0.622279 1.62179 -0.00814796 0.00335962 0.000177204
117.559 7.9354 -0.621632 1.62182 -0.00828939 0.00328867 0.000177642
117.575 7.93509 -0.620955 1.62186 -0.00839908 0.00341606 0.00017793
117.597 7.93475 -0.620248 1.6219 -0.00848466 0.00339934 0.000179909
117.616 7.93439 -0.619509 1.62194 -0.00855195 0.00343704 0.000181016
117.636 7.93402 -0.61874 1.62198 -0.0086061 0.00355555 0.000181845
117.657 7.93361 -0.617939 1.62202 -0.00878052 0.00356248 0.000182581
117.677 7.93318 -0.617105 1.62206 -0.00911642 0.00348211 0.000183964
117.697 7.93272 -0.616237 1.6221 -0.00949234 0.0035339 0.0001822
117.717 7.93224 -0.615335 1.62216 -0.0098276 0.00388965 0.000178423
117.737 7.93171 -0.614395 1.62222 -0.0106533 0.00370673 0.000176733
117.759 7.93112 -0.613412 1.6223 -0.0121113 0.0036098 0.000170226
117.778 7.93049 -0.612383 1.62239 -0.0137437 0.00363469 0.000166064
117.798 7.92983 -0.611305 1.62249 -0.0151689 0.00389634 0.000159583
117.819 7.92912 -0.610172 1.62259 -0.0164273 0.00387372 0.000157105
117.838 7.92836 -0.608979 1.6227 -0.0175817 0.003859 0.000155842
117.859 7.92757 -0.607722 1.62281 -0.0185308 0.00391208 0.000155706
117.878 7.92673 -0.606397 1.62291 -0.0193385 0.00392489 0.000157028
117.9 7.92585 -0.605001 1.62302 -0.020019 0.00384388 0.000160395
117.919 7.92494 -0.603532 1.62312 -0.0205258 0.00400512 0.000159081
117.939 7.92399 -0.601989 1.62322 -0.0209421 0.00407133 0.000160231
117.962 7.92299 -0.600369 1.62332 -0.0213018 0.00377744 0.000170565
117.98 7.92197 -0.598671 1.62341 -0.0215648 0.00393921 0.000172187
118.001 7.9209 -0.596895 1.6235 -0.0217367 0.00390548 0.000178513
118.02 7.9198 -0.595039 1.62359 -0.0218834 0.00393978 0.000182451
118.04 7.91866 -0.593105 1.62367 -0.0219575 0.00388049 0.000189317
118.063 7.9175 -0.591091 1.62375 -0.0219138 0.00398211 0.000191811
118.081 7.9163 -0.588999 1.62382 -0.021789 0.00388268 0.000197726
118.102 7.91506 -0.586828 1.62388 -0.0216672 0.0038813 0.000204424
118.121 7.91378 -0.58458 1.62394 -0.0216404 0.00376013 0.000211515
118.141 7.91248 -0.582253 1.62399 -0.0216803 0.00389434 0.000213824
118.163 7.91113 -0.579849 1.62403 -0.0217066 0.00384475 0.000218888
118.182 7.90976 -0.577369 1.62407 -0.0216775 0.0039205 0.000221327
118.203 7.90834 -0.574812 1.62411 -0.0215614 0.00384559 0.00023145
118.222 7.9069 -0.57218 1.62414 -0.0213669 0.0039571 0.000237337
118.242 7.90542 -0.569473 1.62417 -0.02109 0.00372802 0.000249789
118.265 7.90392 -0.566692 1.62419 -0.0207385 0.00389778 0.00024999
118.283 7.90239 -0.56384 1.62422 -0.0202865 0.00388199 0.000252326
118.303 7.90085 -0.560919 1.62424 -0.0197432 0.00397095 0.000258231
118.323 7.89927 -0.55793 1.62426 -0.0191565 0.00389679 0.000262754
118.343 7.89767 -0.554875 1.62427 -0.0185668 0.00401028 0.00026585
118.364 7.89605 -0.551758 1.62428 -0.0180174 0.00387784 0.000273549
118.383 7.8944 -0.54858 1.62429 -0.0175274 0.00385851 0.00028308
118.404 7.89273 -0.545343 1.6243 -0.0171919 0.00404456 0.000284844
118.423 7.89101 -0.542046 1.62431 -0.0172922 0.00395269 0.000289255
118.444 7.88926 -0.53869 1.62432 -0.0178128 0.00380056 0.00029224
118.465 7.88747 -0.535275 1.62433 -0.0182718 0.0039952 0.000288712
118.484 7.88566 -0.531801 1.62435 -0.0184692 0.00407243 0.000291412
118.506 7.8838 -0.528265 1.62437 -0.0187275 0.00414795 0.00029235
118.524 7.88189 -0.524665 1.62438 -0.0193907 0.00371582 0.000303058
118.544 7.87997 -0.521002 1.62441 -0.0198969 0.00412946 0.000298693
118.566 7.87801 -0.517274 1.62446 -0.0199843 0.00433273 0.000294689
118.585 7.87602 -0.513481 1.6245 -0.0199953 0.00414979 0.000300475
118.606 7.874 -0.509621 1.62454 -0.0200961 0.00390262 0.000305961
118.626 7.87198 -0.505698 1.62459 -0.0197824 0.0041119 0.00030853
118.646 7.86992 -0.501711 1.62465 -0.0192148 0.00408553 0.000310774
118.667 7.86784 -0.49766 1.62471 -0.0189267 0.00386179 0.000316071
118.686 7.86574 -0.493548 1.62479 -0.0185145 0.00378292 0.00032162
118.708 7.86363 -0.489379 1.62486 -0.0177988 0.00392608 0.000325184
118.727 7.86149 -0.485155 1.62492 -0.0169524 0.00405566 0.000327765
118.747 7.85932 -0.480876 1.62498 -0.0164827 0.00373784 0.00033573
118.768 7.85712 -0.476543 1.62505 -0.0165767 0.00382829 0.000332917
118.787 7.8549 -0.472157 1.62511 -0.0168912 0.00407173 0.00032963
118.809 7.85263 -0.46772 1.62516 -0.0171978 0.00392222 0.00033289
118.828 7.85034 -0.46323 1.62521 -0.0174773 0.00400071 0.000331471
118.848 7.84802 -0.458686 1.62525 -0.0177253 0.00393569 0.000333539
118.869 7.84567 -0.454088 1.62527 -0.017902 0.00393754 0.000337545
118.888 7.84329 -0.449435 1.62529 -0.0179727 0.00386881 0.000341636
118.911 7.84089 -0.444728 1.6253 -0.0179559 0.00403465 0.00034491
118.929 7.83846 -0.439967 1.6253 -0.017809 0.00395712 0.000354093
118.949 7.83602 -0.435152 1.62529 -0.0175489 0.00402025 0.00035874
118.97 7.83355 -0.430285 1.62527 -0.0172179 0.00388004 0.000368948
118.99 7.83106 -0.425366 1.62525 -0.0168534 0.00384698 0.000375242
119.01 7.82855 -0.420398 1.62522 -0.0164031 0.00386434 0.000378948
119.029 7.82602 -0.415381 1.62519 -0.0159211 0.00379604 0.000386152
119.05 7.82347 -0.410319 1.62515 -0.0153938 0.00380295 0.000394099
119.071 7.82092 -0.405214 1.6251 -0.0148002 0.00394938 0.000397745
119.09 7.81835 -0.400067 1.62505 -0.0142034 0.00375983 0.000405213
119.111 7.81577 -0.394882 1.625 -0.0135611 0.00381372 0.000409861
119.131 7.81316 -0.389659 1.62495 -0.0130544 0.00382672 0.000414328
119.151 7.81054 -0.384401 1.6249 -0.0127897 0.00378327 0.000417068
119.172 7.8079 -0.379109 1.62484 -0.0125978 0.00375646 0.000421858
119.192 7.80526 -0.373786 1.62478 -0.0122702 0.00397602 0.000423976
119.213 7.80258 -0.368432 1.62472 -0.0120104 0.00362183 0.000425468
119.232 7.79991 -0.363048 1.62467 -0.0116581 0.00372747 0.000422639
119.252 7.79723 -0.357638 1.62462 -0.011059 0.00368963 0.000423429
119.273 7.79454 -0.352202 1.62458 -0.0103704 0.00377266 0.000425436
119.293 7.79183 -0.346742 1.62454 -0.00989504 0.00361297 0.000429198
119.315 7.78912 -0.341261 1.62451 -0.00943815 0.00376758 0.000426385
119.333 7.78641 -0.335761 1.62448 -0.00874769 0.00374459 0.000428
119.353 7.7837 -0.330247 1.62445 -0.00782871 0.00372957 0.000428552
119.374 7.781 -0.32472 1.62442 -0.00688145 0.00371676 0.000430086
119.394 7.77829 -0.319184 1.62439 -0.00595568 0.00366229 0.000429714
119.414 7.77559 -0.313642 1.62435 -0.00510822 0.0036146 0.000428448
119.434 7.77291 -0.308099 1.62433 -0.00411274 0.00389733 0.000425224
119.454 7.77022 -0.302558 1.62431 -0.00312112 0.00364593 0.000428018
119.475 7.76754 -0.29702 1.6243 -0.00245957 0.00364439 0.000429929
119.494 7.76487 -0.291492 1.6243 -0.00159094 0.00386582 0.000428749
119.515 7.76222 -0.285978 1.62431 -0.000366304 0.00384148 0.00042697
119.535 7.75957 -0.28048 1.62431 0.000858523 0.00375934 0.000423385
119.555 7.75694 -0.275003 1.62432 0.00196166 0.00373645 0.000422387
119.576 7.75432 -0.26955 1.62431 0.00297773 0.00373349 0.000420301
119.595 7.75171 -0.264126 1.6243 0.00387286 0.00370301 0.000422583
119.617 7.74911 -0.258734 1.62428 0.00461776 0.00359922 0.0004264
119.636 7.74653 -0.253377 1.62426 0.00527675 0.0036309 0.000432173
119.656 7.74397 -0.248057 1.62423 0.00595037 0.00357801 0.000430907
119.678 7.74143 -0.242779 1.6242 0.00667195 0.00355691 0.000434109
119.697 7.73892 -0.237544 1.62417 0.00750575 0.00365208 0.000436397
119.718 7.73643 -0.232356 1.62413 0.0083737 0.00360241 0.000435462
119.737 7.73396 -0.227217 1.62409 0.00913269 0.00352531 0.000434284
119.758 7.73151 -0.222129 1.62406 0.00967616 0.00352017 0.000437777
119.778 7.72907 -0.217094 1.62402 0.010009 0.0035293 0.00043996
119.797 7.72665 -0.212113 1.62398 0.010181 0.00353018 0.000441972
119.819 7.72426 -0.207188 1.62394 0.0102139 0.00352679 0.000441738
119.838 7.72188 -0.202319 1.6239 0.0103378 0.00359614 0.000446437
119.858 7.71952 -0.197506 1.62386 0.0105867 0.00346 0.000441795
119.879 7.71719 -0.192751 1.62384 0.010839 0.00351408 0.000438387
119.899 7.71488 -0.188053 1.62381 0.0110168 0.00355877 0.00043655
119.92 7.71259 -0.183414 1.62379 0.0111653 0.00354704 0.00043734
119.939 7.71034 -0.178833 1.62377 0.0112716 0.00361956 0.000436455
119.959 7.70809 -0.17431 1.62375 0.0113606 0.00353903 0.000430981
119.981 7.70588 -0.169847 1.62373 0.0114767 0.0035497 0.000430863
120 7.70369 -0.165443 1.62371 0.0116227 0.00359819 0.000426832
120.02 7.70152 -0.161099 1.62369 0.0117163 0.00359759 0.000421546
120.04 7.69939 -0.156815 1.62368 0.0117924 0.00367918 0.000418066
120.06 7.69726 -0.15259 1.62366 0.0119086 0.00356599 0.000411675
120.081 7.69517 -0.148426 1.62365 0.0120197 0.00355081 0.000405696
120.101 7.6931 -0.144323 1.62363 0.012093 0.00359568 0.000405132
120.122 7.69105 -0.140279 1.62362 0.0121083 0.0036045 0.000402954
120.141 7.68903 -0.136296 1.6236 0.0121481 0.00359324 0.000398639
120.161 7.68703 -0.132374 1.62358 0.0123025 0.0035931 0.00039607
120.182 7.68506 -0.128513 1.62356 0.0124742 0.00360178 0.000392453
120.201 7.68311 -0.124713 1.62354 0.0126415 0.00360902 0.000388405
120.222 7.68118 -0.120975 1.62352 0.0127683 0.00357525 0.000381744
120.242 7.67929 -0.117299 1.6235 0.0129285 0.00364033 0.000378362
120.262 7.67742 -0.113685 1.62347 0.0130737 0.00362848 0.000373825
120.285 7.67557 -0.110134 1.62345 0.0131779 0.00364864 0.000370647
120.303 7.67375 -0.106646 1.62343 0.0133531 0.00360028 0.000366634
120.323 7.67197 -0.103223 1.62341 0.0135995 0.00372226 0.00036524
120.343 7.67021 -0.0998632 1.62339 0.0137921 0.00370361 0.000356871
120.364 7.66848 -0.0965679 1.62338 0.0138934 0.00367704 0.000353861
120.385 7.66677 -0.0933374 1.62336 0.0139458 0.00367098 0.000352342
120.404 7.66508 -0.0901716 1.62335 0.0139572 0.00356616 0.000348053
120.425 7.66343 -0.0870706 1.62333 0.0139631 0.00353189 0.000343818
120.444 7.6618 -0.0840344 1.62332 0.0139765 0.00367005 0.00034186
120.464 7.6602 -0.0810621 1.62331 0.0138992 0.00367026 0.000340377
120.487 7.65862 -0.0781537 1.6233 0.0137932 0.00359977 0.000335235
120.505 7.65706 -0.0753083 1.62329 0.0136459 0.00353887 0.000325804
120.526 7.65553 -0.0725248 1.62328 0.0133874 0.00342876 0.00031521
120.545 7.65403 -0.0698027 1.62327 0.0131276 0.00357904 0.000311575
120.565 7.65255 -0.0671417 1.62326 0.0130212 0.00361964 0.000307409
120.587 7.6511 -0.0645402 1.62325 0.0129113 0.00344386 0.000302111
120.606 7.64967 -0.0619974 1.62324 0.0127622 0.00364303 0.000300531
120.628 7.64827 -0.0595127 1.62324 0.0126142 0.00361207 0.000293928
120.646 7.64689 -0.0570851 1.62323 0.012402 0.00341045 0.000282703
120.667 7.64554 -0.0547138 1.62323 0.0121886 0.0035814 0.000279335
120.687 7.64421 -0.0523982 1.62323 0.0120284 0.0035861 0.000275347
120.706 7.64291 -0.0501373 1.62323 0.0118944 0.00369768 0.000268744
120.729 7.64163 -0.0479308 1.62323 0.0118521 0.00365496 0.000256021
120.748 7.64039 -0.045778 1.62323 0.0118266 0.00369752 0.000245482
120.767 7.63917 -0.0436784 1.62323 0.0118122 0.00363502 0.000239699
120.789 7.63797 -0.0416319 1.62323 0.0117967 0.00354573 0.000234485
120.807 7.63679 -0.0396379 1.62323 0.0117378 0.00355107 0.000229011
120.828 7.63564 -0.037696 1.62323 0.0116406 0.00348376 0.00022318
120.848 7.63451 -0.0358062 1.62323 0.0115781 0.00359447 0.000220339
120.868 7.63341 -0.0339673 1.62323 0.0114498 0.00364475 0.000215615
120.889 7.63232 -0.0321786 1.62323 0.0112161 0.00363575 0.000208481
120.91 7.63126 -0.0304393 1.62323 0.0109615 0.00363265 0.000204439
120.931 7.63022 -0.0287486 1.62322 0.0107248 0.00364106 0.000197098
120.949 7.6292 -0.0271051 1.62321 0.0104607 0.00363378 0.000191512
120.97 7.62821 -0.0255079 1.6232 0.0102075 0.00365717 0.000187059
120.99 7.62724 -0.0239558 1.62318 0.00997175 0.00366658 0.000177307
121.01 7.62629 -0.0224481 1.62317 0.00978872 0.00366859 0.000170588
121.032 7.62536 -0.0209838 1.62315 0.0096546 0.00366904 0.000162895
121.05 7.62445 -0.019562 1.62313 0.00952256 0.00367559 0.000157115
121.07 7.62356 -0.018182 1.62311 0.00938939 0.00367485 0.000151547
121.093 7.6227 -0.0168435 1.62309 0.00930617 0.00366491 0.000147289
121.112 7.62185 -0.0155458 1.62307 0.00924401 0.00366054 0.000143901
121.133 7.62103 -0.0142886 1.62304 0.00918896 0.00365877 0.000137891
121.152 7.62023 -0.0130711 1.62301 0.00909107 0.00366298 0.000131804
121.171 7.61945 -0.0118927 1.62299 0.00893385 0.00367913 0.000127766
121.193 7.61869 -0.010753 1.62296 0.00876463 0.00368104 0.000124182
121.212 7.61795 -0.00965163 1.62293 0.00865164 0.00366985 0.000119805
121.233 7.61723 -0.00858759 1.6229 0.00852655 0.0036782 0.000114714
121.253 7.61653 -0.00755989 1.62288 0.00832341 0.00370099 0.000111511
121.272 7.61585 -0.00656777 1.62285 0.00806977 0.00371209 0.000109755
121.294 7.6152 -0.00561051 1.62283 0.00783001 0.00371787 0.000104669
121.313 7.61456 -0.004687 1.6228 0.00759279 0.00371266 0.000101106
121.335 7.61395 -0.0037965 1.62278 0.00741008 0.00370186 9.58307e-05
121.353 7.61335 -0.00293808 1.62276 0.00725999 0.00369336 9.14164e-05
121.373 7.61278 -0.00211097 1.62274 0.00713121 0.00367082 8.8004e-05
121.396 7.61222 -0.00131466 1.62273 0.00704044 0.00363857 8.13323e-05
121.414 7.61169 -0.000548665 1.62271 0.0069806 0.00360892 7.76527e-05
121.435 7.61118 0.000187624 1.62269 0.00690344 0.00360626 7.61041e-05
121.454 7.61068 0.000894443 1.62268 0.00683898 0.00360487 7.24774e-05
121.474 7.61021 0.00157233 1.62266 0.00675305 0.00370184 7.07473e-05
121.495 7.60975 0.00222165 1.62265 0.00666066 0.00364906 6.61607e-05
121.515 7.6093 0.00284288 1.62264 0.006551 0.00358764 6.33934e-05
121.535 7.60887 0.00343664 1.62262 0.00641295 0.00363801 6.08996e-05
121.555 7.60845 0.00400345 1.62262 0.00626106 0.00371321 5.73531e-05
121.575 7.60804 0.00454392 1.62261 0.00610787 0.00370924 5.36501e-05
121.597 7.60765 0.00505903 1.62261 0.00590717 0.00373395 4.97709e-05
121.616 7.60726 0.00554944 1.62261 0.00569392 0.00377093 4.6868e-05
121.637 7.60689 0.00601587 1.62261 0.0054988 0.00379243 4.38877e-05
121.656 7.60653 0.00645906 1.62261 0.00534388 0.00381681 3.99004e-05
121.677 7.60618 0.00687987 1.62261 0.00519377 0.00384006 3.5972e-05
121.698 7.60585 0.00727899 1.62261 0.0050467 0.00386673 3.24153e-05
121.717 7.60553 0.00765689 1.62261 0.00492619 0.00390241 3.08034e-05
121.738 7.60522 0.00801435 1.62262 0.00479352 0.00387874 3.20536e-05
121.757 7.60493 0.00835216 1.62262 0.00462148 0.00395014 3.05438e-05
121.777 7.60464 0.00867114 1.62262 0.00439767 0.00392472 2.86893e-05
121.8 7.60436 0.00897237 1.62262 0.00409431 0.00387793 2.62855e-05
121.819 7.60408 0.00925683 1.62262 0.00375606 0.00391083 2.48638e-05
121.84 7.60381 0.00952573 1.62262 0.00341121 0.0038655 2.47047e-05
121.859 7.60355 0.00978047 1.62263 0.00306217 0.00395623 2.44354e-05
121.879 7.6033 0.0100225 1.62263 0.00270173 0.00399349 2.34276e-05
121.901 7.60305 0.010253 1.62264 0.00237225 0.00396036 2.24168e-05
121.919 7.6028 0.0104732 1.62266 0.00208749 0.00395643 2.1179e-05
121.94 7.60256 0.0106844 1.62267 0.00182893 0.00397678 2.0383e-05
121.96 7.60232 0.0108877 1.62268 0.00157903 0.00397882 2.02594e-05
121.98 7.60209 0.0110842 1.62269 0.00133767 0.00397174 2.14664e-05
122.003 7.60187 0.0112748 1.62269 0.0011006 0.00397958 2.03658e-05
122.02 7.60164 0.0114603 1.6227 0.0009038 0.00399875 2.08628e-05
122.041 7.60143 0.0116414 1.6227 0.000749463 0.00399467 2.11589e-05
122.061 7.60121 0.0118189 1.6227 0.000593584 0.00397021 2.13068e-05
122.081 7.601 0.0119936 1.6227 0.00044628 0.00395425 2.13775e-05
122.102 7.6008 0.0121657 1.6227 0.000338079 0.00395889 2.14457e-05
122.121 7.6006 0.0123358 1.6227 0.000257785 0.00396108 2.15337e-05
122.143 7.60041 0.0125042 1.6227 0.000191691 0.00396541 2.32521e-05
122.161 7.60022 0.0126715 1.62269 0.000117469 0.00397775 2.37332e-05
122.181 7.60003 0.0128376 1.62268 6.09648e-05 0.00397859 2.42073e-05
122.204 7.59985 0.0130027 1.62268 3.64118e-05 0.0039575 2.46112e-05
122.223 7.59968 0.0131672 1.62267 1.11341e-05 0.00394048 2.50427e-05
122.243 7.5995 0.0133311 1.62267 -1.21001e-05 0.00385293 2.65192e-05
122.263 7.59934 0.0134944 1.62267 -2.01462e-05 0.00389638 2.79801e-05
122.283 7.59919 0.0136572 1.62267 -1.83723e-05 0.00391709 2.73396e-05
122.305 7.59906 0.0138195 1.62268 1.15252e-05 0.00388907 2.37477e-05
122.324 7.59893 0.013981 1.62268 5.54574e-05 0.00387251 1.96459e-05
122.344 7.59882 0.0141418 1.62268 0.00010674 0.00387021 1.4755e-05
122.364 7.59872 0.0143017 1.62267 0.000151367 0.00384731 1.2631e-05
122.384 7.59863 0.0144605 1.62266 0.000192312 0.00382243 9.48899e-06
122.406 7.59855 0.0146181 1.62266 0.000215433 0.00379977 5.25311e-06
122.425 7.59849 0.0147745 1.62265 0.000224761 0.00378277 -2.79134e-07
122.446 7.59843 0.0149296 1.62264 0.000211456 0.00391944 -3.23031e-06
122.465 7.59838 0.0150831 1.62263 0.000237719 0.0037899 -7.03507e-06
122.485 7.59834 0.0152349 1.62263 0.000313227 0.00369407 -1.10394e-05
122.506 7.59832 0.015385 1.62263 0.0003812 0.00375449 -1.41814e-05
122.526 7.5983 0.0155333 1.62263 0.000429382 0.00378888 -1.81964e-05
122.546 7.59829 0.0156795 1.62264 0.000458129 0.00377352 -2.15489e-05
122.566 7.5983 0.0158235 1.62264 0.000483121 0.00373205 -2.71385e-05
122.586 7.59831 0.015965 1.62265 0.000529335 0.00372396 -3.14326e-05
122.609 7.59833 0.0161041 1.62266 0.000556378 0.0039097 -3.49711e-05
122.627 7.59836 0.0162404 1.62267 0.000603849 0.00381385 -3.9787e-05
122.649 7.5984 0.0163738 1.62269 0.000659863 0.00367002 -4.38038e-05
122.668 7.59843 0.0165042 1.62271 0.000716697 0.00366264 -4.69353e-05
122.687 7.59847 0.0166314 1.62273 0.000770168 0.00367445 -4.97333e-05
122.71 7.59851 0.0167552 1.62275 0.000817691 0.00365475 -5.35314e-05
122.727 7.59856 0.0168755 1.62277 0.000847133 0.00363508 -5.78594e-05
122.749 7.5986 0.0169921 1.62278 0.000873437 0.00362848 -6.30777e-05
122.768 7.59865 0.0171049 1.62279 0.000905859 0.00363296 -6.49658e-05
122.788 7.5987 0.0172137 1.6228 0.000961079 0.00351738 -6.72785e-05
122.81 7.59877 0.0173185 1.62281 0.000976146 0.00365387 -6.95582e-05
122.829 7.59884 0.0174194 1.62282 0.00095895 0.00381338 -7.15168e-05
122.85 7.59892 0.0175161 1.62283 0.000959664 0.00368265 -7.35709e-05
122.87 7.599 0.0176086 1.62285 0.000979913 0.00359211 -7.70094e-05
122.89 7.59908 0.017697 1.62286 0.000982013 0.00362375 -7.85704e-05
122.913 7.59916 0.0177814 1.62288 0.000971662 0.00364192 -8.22222e-05
122.93 7.59925 0.0178618 1.62289 0.000956063 0.00357068 -8.35672e-05
122.951 7.59935 0.0179383 1.6229 0.000922897 0.00371154 -8.42209e-05
122.97 7.59945 0.0180108 1.62291 0.00090781 0.00364898 -8.39827e-05
122.99 7.59955 0.0180794 1.62292 0.000913534 0.00356196 -8.61331e-05
123.013 7.59965 0.0181441 1.62293 0.00093218 0.00356472 -8.57088e-05
123.031 7.59976 0.018205 1.62294 0.000935702 0.00358185 -8.652e-05
123.053 7.59987 0.0182621 1.62295 0.000933474 0.00357609 -8.65841e-05
123.073 7.59998 0.0183154 1.62295 0.000930349 0.00357429 -8.98542e-05
123.093 7.60009 0.0183649 1.62295 0.000919254 0.00357909 -9.11631e-05
123.114 7.60021 0.0184106 1.62295 0.000925909 0.00358062 -9.13426e-05
123.134 7.60033 0.0184524 1.62295 0.000938081 0.00357812 -9.19586e-05
123.155 7.60045 0.0184905 1.62294 0.000944626 0.00357457 -9.27854e-05
123.174 7.60057 0.0185249 1.62293 0.000938196 0.00357265 -9.46454e-05
123.194 7.60069 0.0185555 1.62292 0.000925881 0.00357165 -9.52435e-05
123.216 7.60081 0.0185824 1.6229 0.000908087 0.00357154 -9.38706e-05
123.234 7.60094 0.0186056 1.62289 0.000901854 0.00356157 -9.48683e-05
123.257 7.60107 0.0186251 1.62287 0.000900197 0.00355998 -9.58198e-05
123.275 7.6012 0.0186411 1.62285 0.000899236 0.00356896 -9.65254e-05
123.294 7.60133 0.0186537 1.62283 0.000876203 0.00358223 -9.71824e-05
123.316 7.60147 0.0186627 1.62282 0.000853817 0.00359623 -9.78513e-05
123.335 7.6016 0.0186685 1.6228 0.000819198 0.00360909 -9.70711e-05
123.357 7.60174 0.018671 1.62278 0.000789851 0.0036111 -9.58027e-05
123.376 7.60188 0.0186704 1.62277 0.000754196 0.00360158 -9.55083e-05
123.395 7.60203 0.0186669 1.62276 0.00072498 0.00358805 -9.55802e-05
123.419 7.60217 0.0186604 1.62275 0.000712112 0.00357315 -9.57772e-05
123.436 7.60232 0.0186511 1.62274 0.000714777 0.00357618 -9.59904e-05
123.457 7.60247 0.018639 1.62273 0.00071014 0.00358468 -9.61958e-05
123.476 7.60262 0.0186242 1.62273 0.000710035 0.00358415 -9.64134e-05
123.496 7.60277 0.0186066 1.62272 0.000715421 0.00358815 -9.71339e-05
123.518 7.60292 0.0185862 1.62272 0.000722504 0.00359405 -9.90892e-05
123.537 7.60308 0.0185632 1.62271 0.000712182 0.00350726 -0.0001003
123.558 7.60324 0.0185378 1.62271 0.000659307 0.00363221 -0.000101698
123.577 7.60341 0.0185099 1.62271 0.000597562 0.00366165 -0.000102138
123.597 7.60358 0.0184794 1.62272 0.000576117 0.00360386 -9.92361e-05
123.62 7.60375 0.0184467 1.62272 0.000578592 0.00358323 -9.6553e-05
123.638 7.60392 0.0184118 1.62273 0.000584988 0.00359022 -9.62098e-05
123.659 7.60409 0.0183748 1.62274 0.000576226 0.00359978 -9.49537e-05
123.679 7.60427 0.0183358 1.62275 0.000560632 0.00359628 -9.33631e-05
123.698 7.60445 0.0182947 1.62276 0.000536046 0.00358628 -9.31454e-05
123.719 7.60462 0.0182517 1.62277 0.000496528 0.00358269 -9.32524e-05
123.739 7.60481 0.0182069 1.62278 0.000459439 0.00358029 -9.23325e-05
123.76 7.60499 0.0181603 1.62279 0.000460949 0.00357718 -8.96886e-05
123.779 7.60517 0.018112 1.6228 0.000462383 0.00357653 -8.994e-05
123.799 7.60536 0.018062 1.62281 0.000452898 0.00350439 -8.95666e-05
123.82 7.60556 0.0180106 1.62282 0.000433884 0.00355386 -9.02619e-05
123.84 7.60577 0.0179576 1.62283 0.000410363 0.00354902 -8.84694e-05
123.86 7.60598 0.017903 1.62284 0.000416017 0.00352045 -8.71632e-05
123.88 7.60621 0.017847 1.62285 0.000418788 0.00350353 -8.59409e-05
123.901 7.60644 0.0177897 1.62286 0.000387515 0.00349178 -8.50743e-05
123.923 7.60669 0.0177313 1.62287 0.000336107 0.00347902 -8.43298e-05
123.941 7.60694 0.0176716 1.62288 0.00029336 0.00348721 -8.17218e-05
123.963 7.6072 0.017611 1.62289 0.000250208 0.0035084 -8.00894e-05
123.982 7.60747 0.0175496 1.62289 0.000204503 0.00351341 -8.01986e-05
124.002 7.60775 0.0174874 1.6229 0.000193605 0.00350524 -7.97934e-05
124.022 7.60804 0.0174246 1.62291 0.000191491 0.00349749 -7.74789e-05
124.042 7.60834 0.0173613 1.62291 0.000178867 0.00348387 -7.6258e-05
124.063 7.60865 0.0172976 1.62291 0.000166377 0.00348115 -7.28261e-05
124.082 7.60896 0.0172333 1.62291 0.000159472 0.00350256 -7.05139e-05
124.102 7.60929 0.0171688 1.62291 0.000130868 0.00352592 -6.9414e-05
124.124 7.60962 0.0171039 1.62292 9.69333e-05 0.00352319 -6.88001e-05
124.143 7.60997 0.017039 1.62291 6.27026e-05 0.00350988 -6.79155e-05
124.164 7.61032 0.0169741 1.62291 6.91972e-06 0.00348761 -6.68812e-05
124.184 7.61068 0.0169096 1.62291 -7.97019e-05 0.00345868 -6.58014e-05
124.203 7.61105 0.0168456 1.62291 -0.000168897 0.00345988 -6.47161e-05
124.225 7.61142 0.0167824 1.62292 -0.000246106 0.00349176 -6.3624e-05
124.244 7.6118 0.0167201 1.62293 -0.000267877 0.00359028 -6.27005e-05
124.267 7.61218 0.0166585 1.62294 -0.00021402 0.00342255 -6.17258e-05
124.284 7.61257 0.0165981 1.62296 -0.000173487 0.00340339 -6.08101e-05
124.304 7.61297 0.0165386 1.62299 -0.000143311 0.00347115 -6.01972e-05
124.327 7.61338 0.0164797 1.62301 -9.91155e-05 0.0034955 -6.03011e-05
124.344 7.61379 0.0164214 1.62304 -5.39801e-05 0.0034818 -5.99733e-05
124.368 7.61421 0.0163636 1.62307 -1.58275e-05 0.00346859 -6.19901e-05
124.386 7.61464 0.0163062 1.6231 -8.21049e-06 0.00350042 -6.12562e-05
124.406 7.61507 0.0162489 1.62312 2.02458e-07 0.00353805 -6.0572e-05
124.427 7.61551 0.0161917 1.62315 3.53772e-05 0.00335468 -5.92387e-05
124.446 7.61595 0.0161347 1.62318 4.01311e-05 0.00339507 -5.84007e-05
124.467 7.6164 0.016078 1.62322 1.04828e-05 0.00345959 -5.7612e-05
124.486 7.61686 0.0160215 1.62325 -4.0412e-05 0.00344797 -5.68954e-05
124.507 7.61733 0.0159654 1.62329 -0.000104613 0.0034169 -5.61999e-05
124.53 7.61781 0.0159101 1.62332 -0.000188482 0.00352953 -5.55436e-05
124.549 7.61828 0.0158554 1.62335 -0.000228012 0.00342827 -5.56698e-05
124.57 7.61876 0.0158015 1.62339 -0.000220576 0.00334044 -5.54625e-05
124.589 7.61924 0.0157485 1.62342 -0.00020378 0.00335876 -5.41202e-05
124.609 7.61972 0.0156967 1.62345 -0.000199674 0.0033804 -5.37184e-05
124.629 7.62019 0.0156457 1.62348 -0.000198582 0.00337422 -5.38682e-05
124.649 7.62067 0.0155956 1.6235 -0.000174214 0.00335507 -5.36992e-05
124.671 7.62115 0.0155462 1.62352 -0.000119377 0.00333387 -5.33982e-05
124.689 7.62163 0.0154973 1.62353 -6.17659e-05 0.00332994 -5.30073e-05
124.709 7.62211 0.0154489 1.62355 -1.89397e-05 0.00333156 -5.25862e-05
124.731 7.62258 0.0154007 1.62355 2.72187e-05 0.00333693 -5.07295e-05
124.75 7.62306 0.0153528 1.62356 5.03396e-05 0.0033455 -4.98532e-05
124.771 7.62354 0.0153049 1.62357 3.6858e-05 0.00335583 -4.86222e-05
124.791 7.62402 0.0152572 1.62358 1.5035e-05 0.00336333 -4.75248e-05
124.811 7.62449 0.0152093 1.62358 2.97106e-05 0.00315272 -4.85467e-05
124.833 7.62498 0.0151615 1.62359 3.75902e-05 0.0033958 -4.86586e-05
124.851 7.62548 0.0151136 1.6236 6.64036e-05 0.00343044 -4.8362e-05
124.872 7.62598 0.0150655 1.62361 0.000103638 0.00335498 -4.80546e-05
124.892 7.6265 0.0150172 1.62362 0.000130781 0.00332735 -4.76617e-05
124.911 7.62702 0.0149686 1.62364 0.000143003 0.00333139 -4.5404e-05
124.933 7.62755 0.0149197 1.62365 0.000142831 0.00332315 -4.44625e-05
124.951 7.62808 0.0148705 1.62366 0.000134059 0.00330102 -4.38994e-05
124.973 7.62862 0.014821 1.62367 0.000118172 0.00328938 -4.46254e-05
124.992 7.62917 0.0147711 1.62368 9.47603e-05 0.00328008 -4.48001e-05
125.012 7.62973 0.014721 1.62368 9.13447e-05 0.00326046 -4.46824e-05
125.033 7.6303 0.0146706 1.62368 0.000102368 0.00324383 -4.4798e-05
125.053 7.63087 0.0146199 1.62368 0.000110219 0.0032249 -4.53431e-05
125.074 7.63145 0.0145691 1.62367 0.000111575 0.00322088 -4.62188e-05
125.093 7.63203 0.014518 1.62367 0.000101016 0.0032333 -4.6256e-05
125.114 7.63262 0.0144669 1.62366 6.12048e-05 0.00324376 -4.6079e-05
125.135 7.63322 0.0144157 1.62366 2.01908e-05 0.00324655 -4.64192e-05
125.154 7.63383 0.0143646 1.62366 -2.44573e-05 0.00324554 -4.67863e-05
125.176 7.63444 0.0143136 1.62366 -5.12626e-05 0.00324587 -4.57021e-05
125.194 7.63507 0.014263 1.62366 -6.75977e-05 0.00325721 -4.46871e-05
125.214 7.63569 0.0142128 1.62366 -7.85827e-05 0.00325691 -4.41906e-05
125.237 7.63633 0.014163 1.62366 -7.86044e-05 0.00325087 -4.68762e-05
125.254 7.63697 0.0141136 1.62367 -7.80984e-05 0.00324711 -4.82295e-05
125.276 7.63762 0.0140647 1.62367 -7.26385e-05 0.00324058 -4.99217e-05
125.295 7.63827 0.0140161 1.62368 -5.85897e-05 0.00324112 -5.14317e-05
125.315 7.63893 0.0139681 1.62368 -5.75911e-05 0.00323396 -5.14424e-05
125.337 7.6396 0.0139203 1.62369 -3.72715e-05 0.00322494 -5.52291e-05
125.356 7.64028 0.0138727 1.6237 -1.09691e-05 0.00322257 -5.75274e-05
125.377 7.64096 0.0138255 1.6237 -7.98868e-06 0.00321571 -5.82031e-05
125.396 7.64165 0.0137785 1.62371 -1.09737e-05 0.003218 -5.95618e-05
125.416 7.64234 0.0137317 1.62372 -1.81364e-05 0.00322829 -6.01074e-05
125.437 7.64304 0.0136852 1.62372 -2.23062e-05 0.00323137 -5.95706e-05
125.457 7.64375 0.0136386 1.62373 1.05592e-05 0.00322805 -5.97476e-05
125.478 7.64447 0.0135922 1.62374 3.80642e-05 0.00321851 -6.00816e-05
125.497 7.64519 0.0135459 1.62375 3.88061e-05 0.00320147 -5.96108e-05
125.517 7.64591 0.0134997 1.62376 2.94036e-05 0.0031928 -6.0587e-05
125.538 7.64665 0.0134534 1.62376 4.2744e-05 0.00321087 -6.03026e-05
125.558 7.64739 0.013407 1.62377 6.29482e-05 0.00322876 -6.00717e-05
125.579 7.64814 0.0133606 1.62378 6.37357e-05 0.00324224 -6.01863e-05
125.598 7.64889 0.0133142 1.62379 6.40834e-05 0.00324786 -5.86124e-05
125.618 7.64965 0.0132674 1.62379 9.16014e-05 0.00324317 -5.60308e-05
125.639 7.65041 0.0132205 1.6238 0.000111759 0.00323464 -5.43486e-05
125.659 7.65119 0.0131734 1.62381 0.000120325 0.00323208 -5.35386e-05
125.68 7.65197 0.0131261 1.62381 0.000109031 0.00323538 -5.22604e-05
125.699 7.65275 0.0130786 1.62381 8.74705e-05 0.00323769 -5.03106e-05
125.719 7.65354 0.0130307 1.62382 8.61002e-05 0.00324607 -5.04637e-05
125.741 7.65434 0.0129826 1.62382 9.31342e-05 0.00323363 -4.60439e-05
125.759 7.65515 0.0129343 1.62382 9.87215e-05 0.00327637 -4.16365e-05
125.781 7.65596 0.0128857 1.62383 0.000123167 0.0032366 -3.9969e-05
125.8 7.65678 0.0128368 1.62383 0.00014147 0.00319942 -3.82806e-05
125.82 7.65761 0.0127876 1.62383 0.000132827 0.00318358 -3.66104e-05
125.842 7.65844 0.0127383 1.62384 9.83823e-05 0.00301199 -3.60643e-05
125.861 7.6593 0.0126887 1.62385 5.49576e-05 0.00317669 -3.47644e-05
125.881 7.66018 0.0126389 1.62387 4.80634e-05 0.00317273 -3.40304e-05
125.902 7.66108 0.012589 1.62389 4.89907e-05 0.00310577 -3.33089e-05
125.921 7.66201 0.0125391 1.62391 3.79855e-05 0.00308781 -3.2048e-05
125.942 7.66295 0.0124894 1.62394 9.92848e-06 0.00309188 -3.11001e-05
125.962 7.66392 0.0124398 1.62396 -2.12627e-05 0.00308589 -2.99166e-05
125.984 7.6649 0.0123903 1.62398 -3.07718e-05 0.00306609 -2.87387e-05
126.002 7.6659 0.0123411 1.624 -3.10667e-05 0.00308279 -2.83907e-05
126.022 7.66693 0.0122919 1.62401 -7.43705e-06 0.00311383 -2.72605e-05
126.043 7.66797 0.0122429 1.62403 2.58133e-05 0.00308857 -2.59197e-05
126.062 7.66903 0.0121941 1.62405 4.18188e-05 0.00321463 -2.59456e-05
126.083 7.67011 0.0121452 1.62407 6.07423e-05 0.00308438 -2.47325e-05
126.103 7.6712 0.0120963 1.6241 6.28767e-05 0.00310098 -2.39688e-05
126.123 7.67232 0.0120474 1.62413 5.52261e-05 0.00315004 -2.14401e-05
126.144 7.67345 0.0119985 1.62415 4.64376e-05 0.00315125 -1.87886e-05
126.164 7.67461 0.0119494 1.62418 5.14671e-05 0.00309818 -1.59654e-05
126.184 7.67578 0.0119003 1.6242 5.78268e-05 0.00319113 -1.39276e-05
126.204 7.67697 0.0118512 1.62423 5.88153e-05 0.00318456 -1.2831e-05
126.224 7.67816 0.011802 1.62426 6.34636e-05 0.00315937 -1.21245e-05
126.247 7.67937 0.0117527 1.62428 6.15026e-05 0.00310139 -1.16178e-05
126.265 7.6806 0.0117032 1.62431 8.19325e-05 0.00310271 -1.05447e-05
126.287 7.68185 0.0116536 1.62433 9.63757e-05 0.00319317 -9.25767e-06
126.305 7.68311 0.0116039 1.62434 7.9981e-05 0.00318041 -8.00965e-06
126.326 7.68439 0.0115542 1.62436 6.08242e-05 0.00313472 -7.41594e-06
126.348 7.68567 0.0115042 1.62437 5.03315e-05 0.00314369 -7.05727e-06
126.366 7.68697 0.0114543 1.62438 3.95871e-05 0.00316829 -6.13181e-06
126.387 7.68829 0.0114044 1.62439 2.85528e-05 0.00317597 -4.85437e-06
126.407 7.68961 0.0113545 1.6244 1.31121e-05 0.00317808 -3.97299e-06
126.426 7.69095 0.0113047 1.6244 3.53149e-06 0.00318625 -4.34317e-06
126.449 7.69229 0.0112552 1.6244 -2.40159e-05 0.00319184 -3.82197e-06
126.467 7.69365 0.0112061 1.6244 -8.58341e-05 0.00312076 -4.38623e-06
126.49 7.69504 0.0111574 1.6244 -0.000128396 0.00323233 -4.38675e-06
126.508 7.69643 0.0111092 1.62441 -0.000138615 0.00306277 -3.68294e-06
126.528 7.69784 0.0110617 1.62441 -0.000152465 0.00321799 -2.92948e-06
126.548 7.69926 0.0110151 1.62442 -0.000183417 0.00322471 -1.8746e-06
126.568 7.70067 0.0109691 1.62444 -0.000191853 0.00322676 -7.82147e-07
126.589 7.70209 0.010924 1.62445 -0.0001847 0.00318114 -3.21446e-06
126.608 7.70353 0.0108798 1.62447 -0.000189285 0.00334335 -2.66924e-06
126.628 7.70497 0.0108365 1.62449 -0.000178665 0.00328499 -1.82352e-06
126.649 7.70641 0.0107939 1.62451 -0.000160585 0.00324036 -1.43235e-06
126.669 7.70786 0.0107521 1.62453 -0.000153768 0.00327076 -1.06684e-06
126.689 7.70932 0.0107112 1.62455 -0.000158724 0.00328555 -3.07157e-07
126.709 7.71077 0.010671 1.62457 -0.000167545 0.00327124 5.69975e-07
126.729 7.71223 0.0106315 1.62458 -0.000167475 0.00327274 1.51473e-06
126.751 7.7137 0.0105927 1.6246 -0.000148122 0.0032855 2.5043e-06
126.77 7.71517 0.0105547 1.62461 -0.00013699 0.00318709 3.09122e-06
126.79 7.71665 0.0105176 1.62463 -0.000163962 0.00333439 2.66847e-06
126.809 7.71814 0.0104813 1.62465 -0.000197738 0.0033648 2.28531e-06
126.83 7.71963 0.0104456 1.62467 -0.000195416 0.00330248 2.80061e-06
126.851 7.72113 0.0104108 1.62469 -0.000186615 0.00314411 3.82841e-06
126.87 7.72265 0.0103769 1.62472 -0.000179698 0.00320799 2.44492e-06
126.892 7.72419 0.0103438 1.62474 -0.000174932 0.00318857 1.64884e-06
126.911 7.72575 0.0103113 1.62476 -0.000149412 0.00312523 1.86171e-06
126.931 7.72733 0.0102796 1.62479 -0.000126246 0.00308822 2.43995e-06
126.953 7.72893 0.0102484 1.6248 -9.95153e-05 0.00307138 2.16848e-06
126.972 7.73055 0.0102177 1.62482 -6.36657e-05 0.0030636 1.01428e-06
126.993 7.73219 0.0101873 1.62483 -3.31376e-05 0.00305617 6.12148e-07
127.012 7.73384 0.0101573 1.62484 -2.03659e-05 0.00303234 8.76921e-07
127.032 7.73551 0.0101274 1.62485 -5.12827e-06 0.00302119 2.22815e-06
127.053 7.7372 0.0100977 1.62485 -2.03542e-07 0.00301535 3.80447e-06
127.073 7.73891 0.0100683 1.62486 -2.72028e-05 0.00291906 5.106e-06
127.093 7.74065 0.0100391 1.62487 -5.53954e-05 0.00293485 6.04098e-06
127.113 7.74241 0.0100101 1.62488 -6.79532e-05 0.00304973 3.59063e-06
127.134 7.74418 0.00998151 1.62489 -8.74098e-05 0.00299133 4.19855e-06
127.154 7.74598 0.00995335 1.6249 -0.000106145 0.00296607 6.17031e-06
127.173 7.74779 0.00992562 1.62491 -0.000110529 0.00298608 6.34658e-06
127.194 7.74962 0.00989846 1.62492 -0.000122144 0.0029988 7.11025e-06
127.214 7.75146 0.00987192 1.62493 -0.000144503 0.00300325 8.17054e-06
127.234 7.75333 0.00984604 1.62494 -0.000166161 0.00301903 9.35018e-06
127.257 7.75521 0.00982087 1.62494 -0.00018297 0.00304272 8.73788e-06
127.275 7.75711 0.00979651 1.62495 -0.000202034 0.00306267 7.7181e-06
127.296 7.75903 0.00977302 1.62495 -0.000221794 0.00313481 7.33661e-06
127.315 7.76095 0.00975035 1.62495 -0.00022043 0.0031196 6.8504e-06
127.335 7.76289 0.00972847 1.62496 -0.000196358 0.00314262 7.15857e-06
127.357 7.76483 0.00970746 1.62496 -0.000179481 0.00318831 7.94794e-06
127.376 7.76679 0.00968737 1.62496 -0.000185031 0.00322372 8.96395e-06
127.397 7.76875 0.00966807 1.62496 -0.000192313 0.00330359 1.00127e-05
127.416 7.77072 0.00964968 1.62497 -0.000213598 0.00329516 8.99127e-06
127.436 7.7727 0.00963209 1.62497 -0.000217732 0.00327435 8.1558e-06
127.457 7.77467 0.00961522 1.62497 -0.000192441 0.00320524 8.46857e-06
127.476 7.77665 0.00959921 1.62497 -0.000174552 0.00336886 9.18747e-06
127.498 7.77864 0.00958381 1.62498 -0.000138882 0.00329871 1.02134e-05
127.517 7.78064 0.009569 1.62498 -0.000103201 0.00329599 1.06908e-05
127.537 7.78265 0.00955477 1.625 -8.59855e-05 0.00329877 8.5156e-06
127.558 7.78467 0.00954108 1.62501 -9.64647e-05 0.00329384 7.43658e-06
127.578 7.78671 0.00952786 1.62502 -0.000112917 0.00328105 5.60197e-06
127.599 7.78875 0.00951504 1.62503 -0.000117525 0.00326945 5.17185e-06
127.618 7.7908 0.00950284 1.62504 -0.000142417 0.00325238 5.47728e-06
127.638 7.79286 0.0094913 1.62505 -0.000177486 0.00332935 5.28194e-06
127.66 7.79493 0.00948033 1.62507 -0.000183472 0.00321563 3.78108e-06
127.679 7.797 0.00947015 1.62508 -0.000194453 0.00310361 3.79157e-06
127.7 7.79909 0.00946074 1.62511 -0.000203207 0.00340772 4.06962e-06
127.719 7.80119 0.00945197 1.62514 -0.000182969 0.00341274 2.89697e-06
127.739 7.80329 0.00944386 1.62519 -0.000147152 0.00320087 2.83137e-06
127.763 7.80539 0.00943632 1.62524 -0.000107411 0.00317383 3.24965e-06
127.78 7.8075 0.00942921 1.6253 -6.54638e-05 0.00322655 3.01045e-06
127.801 7.80961 0.00942233 1.62535 -1.55764e-05 0.00325283 3.20799e-06
127.82 7.81172 0.00941561 1.6254 1.93661e-05 0.00316321 3.91678e-06
127.84 7.81384 0.00940893 1.62544 4.2595e-05 0.00316653 5.38949e-07
127.861 7.81596 0.00940196 1.62548 8.26757e-05 0.00260127 -5.44144e-07
127.881 7.81816 0.00939505 1.62554 6.28557e-05 0.00324884 -7.60209e-08
127.903 7.82042 0.00938774 1.62561 6.9002e-05 0.00350596 2.26734e-07
127.921 7.82269 0.00938008 1.62569 9.20425e-05 0.00315065 1.21426e-06
127.941 7.82501 0.00937222 1.62579 9.1175e-05 0.00304363 1.47517e-06
127.962 7.82735 0.00936422 1.62588 6.06798e-05 0.00308306 8.88558e-07
127.982 7.82973 0.00935603 1.62597 2.71306e-05 0.00307514 6.63586e-07
128.002 7.83213 0.00934762 1.62605 1.67372e-05 0.00302839 7.56767e-07
128.022 7.83458 0.00933917 1.62612 4.21627e-06 0.00310015 1.83156e-06
128.042 7.83704 0.00933078 1.62619 -1.67931e-05 0.00297977 5.33243e-06
128.064 7.83954 0.0093224 1.62625 -2.25473e-05 0.00298877 5.10776e-06
128.082 7.84205 0.00931419 1.6263 -3.78373e-05 0.00297713 5.83966e-06
128.103 7.84459 0.00930621 1.62635 -6.20411e-05 0.00297436 7.07429e-06
128.123 7.84716 0.0092985 1.62639 -8.37777e-05 0.00301592 5.72742e-06
128.143 7.84974 0.00929106 1.62642 -9.42258e-05 0.00292539 6.56201e-06
128.164 7.85236 0.00928388 1.62645 -8.33582e-05 0.00293756 8.11567e-06
128.183 7.85501 0.00927703 1.62646 -6.80895e-05 0.00307226 1.00874e-05
128.205 7.85767 0.00927046 1.62648 -5.25269e-05 0.00285842 1.01685e-05
128.224 7.86038 0.00926412 1.62649 -3.49916e-05 0.00305649 1.05953e-05
128.244 7.86312 0.00925795 1.62651 -2.19807e-05 0.00306019 1.06043e-05
128.266 7.86589 0.00925193 1.62652 -1.45758e-05 0.00316208 1.0632e-05
128.286 7.86866 0.00924595 1.62653 -2.47354e-06 0.00297858 1.05329e-05
128.308 7.87147 0.00924001 1.62654 6.89392e-06 0.00311116 1.15539e-05
128.326 7.87429 0.0092341 1.62655 1.19248e-05 0.00318166 1.08029e-05
128.346 7.87713 0.0092281 1.62656 2.72079e-05 0.00309033 1.06375e-05
128.367 7.87999 0.00922211 1.62658 2.32339e-05 0.00306509 1.28326e-05
128.386 7.88285 0.00921612 1.62659 7.04182e-06 0.00310885 1.59071e-05
128.408 7.88573 0.00921002 1.62659 1.02175e-05 0.00291139 1.67176e-05
128.427 7.88866 0.00920383 1.6266 2.48734e-05 0.00332177 1.77559e-05
128.447 7.8916 0.00919754 1.62661 4.44449e-05 0.00340597 1.79687e-05
128.468 7.89455 0.00919118 1.62663 4.99568e-05 0.00320459 1.75239e-05
128.487 7.89752 0.00918476 1.62666 3.84235e-05 0.00318301 1.55951e-05
128.508 7.90051 0.00917811 1.62668 3.92878e-05 0.0032419 1.7857e-05
128.528 7.90351 0.00917118 1.62671 6.25801e-05 0.00301011 2.10044e-05
128.547 7.90655 0.00916403 1.62674 8.98063e-05 0.00343972 2.11442e-05
128.568 7.9096 0.0091567 1.62677 8.76705e-05 0.00333585 2.22155e-05
128.588 7.91264 0.00914915 1.62681 7.14365e-05 0.00325048 2.30149e-05
128.609 7.91569 0.00914123 1.62685 7.16123e-05 0.0031731 2.4684e-05
128.628 7.91874 0.00913314 1.62689 5.85647e-05 0.00327869 2.62572e-05
128.648 7.9218 0.00912491 1.62692 3.60211e-05 0.00330709 2.57739e-05
128.67 7.92487 0.00911647 1.62695 2.99613e-05 0.00328623 2.6611e-05
128.689 7.92794 0.0091078 1.62697 4.66912e-05 0.0032823 2.71776e-05
128.709 7.93102 0.0090989 1.62697 7.57066e-05 0.00329262 2.85103e-05
128.729 7.93411 0.00908967 1.62697 0.000117214 0.00330458 2.63919e-05
128.75 7.93721 0.00907997 1.62697 0.00016105 0.00332611 2.84747e-05
128.77 7.94031 0.00906996 1.62695 0.000158591 0.00334214 2.89207e-05
128.789 7.94342 0.00905957 1.62694 0.000119283 0.00335471 3.08611e-05
128.811 7.94653 0.00904873 1.62691 8.60009e-05 0.00335982 3.18687e-05
128.83 7.94966 0.00903766 1.62689 4.23063e-05 0.00356694 3.04929e-05
128.85 7.95278 0.00902635 1.62686 1.18932e-05 0.0034113 3.12513e-05
128.871 7.95589 0.00901497 1.62684 -8.19763e-06 0.00288974 3.22333e-05
128.891 7.95904 0.00900373 1.62683 -3.71961e-05 0.00321905 3.01795e-05
128.913 7.96224 0.0089926 1.62684 -5.5292e-05 0.00352685 2.93818e-05
128.931 7.96546 0.0089815 1.62686 -3.78764e-05 0.00337497 2.91876e-05
128.951 7.96873 0.0089706 1.62689 -2.02535e-05 0.00323307 2.55715e-05
128.975 7.97203 0.00895982 1.62692 -4.56208e-06 0.00321243 2.4761e-05
128.992 7.97538 0.00894902 1.62695 2.15672e-05 0.00321214 2.47613e-05
129.014 7.97875 0.00893818 1.62698 4.52922e-05 0.003202 2.54111e-05
129.032 7.98217 0.00892733 1.627 4.9683e-05 0.00319913 2.38852e-05
129.053 7.98562 0.00891639 1.62702 3.91704e-05 0.00319788 2.48823e-05
129.073 7.98911 0.00890541 1.62703 2.01048e-05 0.00318887 2.37858e-05
129.093 7.99263 0.00889425 1.62704 2.22319e-05 0.00304392 2.31336e-05
129.116 7.9962 0.0088831 1.62706 1.49318e-05 0.00323633 2.57213e-05
129.134 7.99978 0.00887187 1.62707 2.30497e-05 0.00310323 2.33449e-05
129.153 8.0034 0.00886062 1.62709 2.45156e-05 0.00307826 2.2149e-05
129.175 8.00704 0.00884936 1.6271 1.47753e-05 0.00311704 2.20734e-05
129.195 8.01072 0.00883818 1.62712 -9.27405e-06 0.0031182 2.24659e-05
129.216 8.01442 0.00882714 1.62713 -4.53475e-05 0.00309934 2.3019e-05
129.235 8.01814 0.00881637 1.62713 -8.65224e-05 0.00310019 1.92558e-05
129.255 8.0219 0.00880579 1.62713 -9.88467e-05 0.00311738 1.83495e-05
129.276 8.02568 0.00879552 1.62713 -9.39291e-05 0.00314184 1.86536e-05
129.296 8.02949 0.00878564 1.62713 -8.70978e-05 0.00316833 1.80208e-05
129.317 8.03333 0.00877621 1.62712 -9.35211e-05 0.00317665 1.8329e-05
129.336 8.0372 0.00876724 1.62711 -0.000110236 0.00317487 1.89889e-05
129.357 8.04109 0.00875873 1.6271 -0.000124363 0.00325371 1.74109e-05
129.378 8.045 0.00875068 1.62708 -0.000129866 0.00299877 1.78303e-05
129.396 8.04895 0.0087431 1.62708 -0.000120191 0.0034028 1.86378e-05
129.419 8.05292 0.00873579 1.62709 -7.19438e-05 0.00315671 1.83197e-05
129.437 8.05691 0.00872903 1.62712 -6.69146e-05 0.00317824 1.93756e-05
129.457 8.06091 0.00872265 1.62715 -7.39768e-05 0.00320359 1.6522e-05
129.478 8.06492 0.00871659 1.62718 -8.57247e-05 0.00311769 1.60098e-05
129.497 8.06896 0.00871083 1.62721 -8.92072e-05 0.00316685 1.67453e-05
129.519 8.07301 0.00870558 1.62724 -0.000112422 0.00339157 1.61057e-05
129.537 8.07706 0.00870076 1.62728 -0.00012852 0.00302619 1.47309e-05
129.558 8.08115 0.00869628 1.62732 -0.000114218 0.00320853 1.40652e-05
129.578 8.08527 0.00869243 1.62738 -0.000128694 0.00334775 1.41232e-05
129.598 8.08943 0.00868915 1.62744 -0.000156027 0.00346764 1.48145e-05
129.619 8.09359 0.00868655 1.62751 -0.000190774 0.00335811 1.62471e-05
129.638 8.09776 0.00868453 1.62757 -0.000193743 0.00359042 1.48667e-05
129.659 8.10193 0.00868326 1.62763 -0.000194284 0.00365882 1.45345e-05
129.68 8.1061 0.00868267 1.62769 -0.000181774 0.00358302 1.55698e-05
129.699 8.11027 0.00868279 1.62775 -0.000169541 0.00358692 1.67714e-05
129.719 8.11444 0.00868357 1.62779 -0.00015714 0.0035795 2.00981e-05
129.74 8.11861 0.00868491 1.62783 -0.000135863 0.00364715 2.05678e-05
129.76 8.12279 0.00868675 1.62786 -0.000110189 0.00365241 2.13764e-05
129.78 8.12697 0.00868895 1.62788 -7.37764e-05 0.00365318 2.21536e-05
129.8 8.13116 0.00869139 1.62789 -3.1771e-05 0.00366722 2.36522e-05
129.821 8.13535 0.00869392 1.62789 1.74975e-05 0.00368034 2.20841e-05
129.84 8.13955 0.00869635 1.62788 6.81411e-05 0.00368621 2.08578e-05
129.86 8.14375 0.00869872 1.62786 8.46788e-05 0.00360999 1.89529e-05
129.881 8.14796 0.00870092 1.62784 7.1232e-05 0.00322704 1.99019e-05
129.901 8.1522 0.00870308 1.62782 2.04632e-05 0.00338244 2.00533e-05
129.922 8.15649 0.00870515 1.62783 -2.57552e-05 0.00373902 1.80343e-05
129.941 8.16083 0.00870717 1.62784 -5.04502e-05 0.0036492 1.86937e-05
129.961 8.1652 0.00870936 1.62786 -7.28192e-05 0.00347154 1.97249e-05
129.983 8.16962 0.00871179 1.62788 -8.69734e-05 0.00341159 2.14205e-05
130.002 8.17416 0.00871532 1.62792 -0.000235624 0.0062967 2.2637e-05
130.023 8.17852 0.0087181 1.62795 -0.000134633 0.00489742 2.5984e-05
130.042 8.18271 0.00872118 1.62808 4.53499e-07 0.00229434 2.85983e-05
130.062 8.1868 0.00872519 1.62833 -1.69899e-05 0.00277952 2.99325e-05
130.085 8.1908 0.0087296 1.62864 -9.11065e-05 0.00388484 3.00758e-05
130.103 8.19475 0.00873415 1.62896 -0.000131033 0.00439407 3.0239e-05
130.124 8.19864 0.00873894 1.62926 -0.000130612 0.00386012 3.17992e-05
130.143 8.20252 0.00874463 1.62955 -0.00019651 0.0039522 3.28044e-05
130.165 8.20641 0.00875078 1.62982 -0.000213683 0.00382735 3.37112e-05
130.187 8.21034 0.00875796 1.63007 -0.000260435 0.00396197 3.31153e-05
130.357 8.21431 0.00876622 1.63031 -0.00032221 0.00403939 3.42771e-05
130.374 8.21835 0.00877542 1.63052 -0.000336813 0.00373312 3.50249e-05
130.394 8.22248 0.00878579 1.63071 -0.000329836 0.00357685 3.29071e-05
130.414 8.22673 0.00879746 1.63086 -0.000333879 0.00344469 3.26644e-05
130.435 8.2311 0.00881036 1.63098 -0.000330789 0.00309866 3.23396e-05
130.454 8.23563 0.00882468 1.63107 -0.000356099 0.00282695 3.22689e-05
130.475 8.24033 0.00884064 1.63113 -0.000426448 0.00270542 3.51411e-05
130.495 8.24524 0.00885788 1.63118 -0.000437653 0.00219478 3.42349e-05
130.515 8.25037 0.00887728 1.63122 -0.000543338 0.00129962 4.10284e-05
130.536 8.25587 0.00889853 1.63125 -0.000605074 0.00120534 4.02243e-05
130.556 8.26176 0.00892142 1.63127 -0.000554237 0.00104459 3.55918e-05
130.576 8.26808 0.00894671 1.63127 -0.000554019 0.000524887 3.66545e-05
130.595 8.27492 0.00897386 1.63126 -0.000508325 0.000445433 3.02211e-05
130.615 8.28225 0.00900294 1.63126 -0.000465819 9.57554e-05 2.89289e-05
130.638 8.29008 0.00903404 1.63127 -0.000470486 -0.000692735 3.14686e-05
130.656 8.29843 0.00906648 1.63128 -0.000400293 -0.00198864 2.74003e-05
130.677 8.30741 0.00910149 1.63133 -0.000497529 -0.000850102 3.31531e-05
130.696 8.31696 0.00913761 1.63141 -0.000451553 -0.00100199 2.38188e-05
130.717 8.32715 0.00917515 1.63154 -0.000368525 -0.000616065 1.78485e-05
130.737 8.33794 0.00921432 1.63171 -0.000347638 -0.000446638 2.14988e-05
130.757 8.34941 0.00925412 1.63191 -0.000232742 0.00101364 1.42208e-05
130.778 8.36143 0.00929457 1.63214 -0.000101271 0.00104395 7.04059e-06
130.797 8.37402 0.00933515 1.63242 6.03236e-05 0.00162049 -3.02201e-06
130.817 8.38706 0.00937587 1.63274 0.000138078 0.00200881 -3.27e-06
130.838 8.40058 0.00941674 1.63308 8.79661e-05 0.00370587 3.66466e-06
130.858 8.41442 0.0094565 1.63343 0.000148346 0.00350927 3.76615e-06
130.878 8.42853 0.009494 1.63374 0.000493772 3.64407e-05 -1.2896e-05
130.898 8.44324 0.00953264 1.63409 0.000308523 0.00238687 2.89924e-05
130.918 8.45858 0.00956958 1.63462 0.000142352 0.0098538 3.38621e-05
130.94 8.47398 0.00960629 1.63532 -0.000133223 0.00818861 5.5771e-05
130.959 8.48949 0.00964242 1.63613 -0.000247269 0.00528066 7.26435e-05
130.98 8.50539 0.00967732 1.63696 -3.65887e-05 0.00660265 7.21409e-05
130.999 8.52162 0.00971395 1.63784 -2.02738e-05 0.0131489 8.52237e-05
131.02 8.53761 0.00974683 1.63885 0.000637453 0.00763758 7.90159e-05
131.04 8.55378 0.00978596 1.64011 -0.000216557 0.0200917 5.58445e-05
131.06 8.56896 0.00981497 1.64139 0.000438407 0.0189927 0.000205076
131.083 8.58295 0.00983936 1.64303 0.00149371 0.00970727 0.000325949
131.101 8.59606 0.00986433 1.64506 0.001466 0.012876 0.000310184
131.121 8.60823 0.00988417 1.64717 0.0012148 0.0158182 0.000316144
131.141 8.61976 0.00989766 1.6493 0.0011597 0.0196384 0.000344302
131.161 8.63045 0.00990514 1.65125 0.00131163 0.0170746 0.000364975
131.182 8.64057 0.00990952 1.65309 0.00113378 0.0195996 0.000365393
131.201 8.64993 0.0099102 1.65476 0.000861714 0.0199402 0.000353078
131.221 8.65868 0.00990676 1.65626 0.00071944 0.0205705 0.000353667
131.242 8.66675 0.00990033 1.65757 0.000597978 0.0203148 0.000349121
131.262 8.67426 0.00989114 1.65868 0.000521013 0.0202379 0.000348222
131.283 8.68129 0.00987962 1.65959 0.000483789 0.0204829 0.000350451
131.303 8.68785 0.00986664 1.6603 0.000379781 0.0205871 0.000344632
131.322 8.69397 0.00985178 1.66079 0.000340625 0.0198349 0.000343818
131.345 8.69966 0.00983598 1.66112 0.000253316 0.0197203 0.000332996
131.363 8.70489 0.00981971 1.66133 8.14524e-05 0.0189915 0.000319203
131.384 8.7098 0.0098021 1.66146 6.2184e-05 0.0195663 0.00031608
131.403 8.71428 0.00978338 1.66145 0.000153361 0.0177317 0.000318977
131.423 8.71844 0.00976431 1.66135 0.000197641 0.0173837 0.000315613
131.445 8.72224 0.0097444 1.66115 0.000248384 0.0164264 0.000313299
131.464 8.72575 0.00972425 1.66086 0.000185368 0.0166573 0.000305704
131.485 8.72894 0.00970258 1.66047 0.000248441 0.0152269 0.00029864
131.504 8.73189 0.00968063 1.66 0.000209501 0.0154783 0.000284752
131.524 8.73461 0.00965751 1.65949 0.000215865 0.015276 0.000277974
131.545 8.73715 0.00963348 1.65896 0.000240587 0.0152849 0.000270328
131.566 8.73949 0.00960841 1.65838 0.000282302 0.0140285 0.000261006
131.587 8.74167 0.00958265 1.65777 0.000268186 0.0136353 0.000248961
131.605 8.7437 0.00955589 1.65712 0.000254256 0.0134536 0.000240642
131.625 8.74563 0.00952825 1.65644 0.000233762 0.013418 0.000229573
131.646 8.74743 0.00949982 1.6557 0.000201667 0.0127083 0.000221717
131.666 8.74916 0.00947049 1.65494 0.000205863 0.0125429 0.000209998
131.687 8.7508 0.00944047 1.65416 0.000201758 0.0122566 0.000200341
131.706 8.75237 0.00940989 1.65336 0.000174419 0.0121895 0.000191192
131.726 8.75386 0.00937919 1.65255 6.95782e-05 0.0125086 0.000178899
131.749 8.75523 0.0093476 1.65173 7.28165e-05 0.0121574 0.000169059
131.767 8.75647 0.00931575 1.65087 9.55031e-05 0.0113659 0.000159393
131.788 8.75765 0.00928351 1.65001 0.00013848 0.011531 0.000147951
131.807 8.75873 0.00925106 1.64915 0.000139464 0.0115684 0.000136129
131.827 8.75974 0.00921805 1.64829 0.000155736 0.0115164 0.000124894
131.849 8.76066 0.00918446 1.64743 0.00018184 0.0112966 0.000112528
131.869 8.7615 0.00915048 1.64657 0.000169438 0.0112734 0.000102776
131.89 8.76227 0.00911593 1.6457 0.00016064 0.0111394 9.27174e-05
131.909 8.76297 0.00908116 1.64484 0.00010828 0.0112601 8.09663e-05
131.929 8.76359 0.00904634 1.64399 9.01258e-06 0.0108793 7.05035e-05
131.95 8.76419 0.00901083 1.64317 2.40797e-05 0.0110098 6.35824e-05
131.97 8.7648 0.00897541 1.64242 2.41925e-05 0.0115509 5.97011e-05
131.991 8.76535 0.00894021 1.64176 -6.87044e-06 0.0110606 5.366e-05
132.01 8.76588 0.00890502 1.64118 -1.64745e-05 0.0109176 4.712e-05
132.03 8.7664 0.0088699 1.64068 -1.33016e-05 0.0109071 4.69038e-05
132.051 8.76691 0.00883501 1.64025 -2.10791e-05 0.0107402 4.4063e-05
132.071 8.76741 0.00880066 1.63987 -8.69366e-05 0.0107471 4.40004e-05
132.092 8.76791 0.00876683 1.63955 -0.000160332 0.0109178 4.43458e-05
132.111 8.7684 0.00873383 1.63928 -0.000245133 0.0108112 4.16449e-05
132.131 8.76887 0.00870194 1.63905 -0.000339696 0.0105556 4.14869e-05
132.153 8.76935 0.00867168 1.63886 -0.00046419 0.0106439 4.16686e-05
132.172 8.76983 0.00864329 1.63869 -0.000574763 0.0107015 4.00034e-05
132.193 8.77029 0.00861692 1.63853 -0.000634326 0.0104108 3.86091e-05
132.212 8.77076 0.00859302 1.63839 -0.000675629 0.0103232 3.74929e-05
132.232 8.77121 0.00857181 1.63827 -0.000710756 0.0101892 3.71062e-05
132.254 8.77165 0.00855369 1.63816 -0.000780513 0.0103044 3.58888e-05
132.273 8.77208 0.00853863 1.63806 -0.000841437 0.0102383 3.70073e-05
132.294 8.7725 0.00852688 1.63796 -0.000894069 0.0101701 3.78009e-05
132.313 8.7729 0.0085186 1.63786 -0.000936187 0.0101602 3.97167e-05
132.334 8.7733 0.00851394 1.63777 -0.000966028 0.0101659 4.24069e-05
132.356 8.77368 0.00851309 1.63767 -0.000998282 0.0102807 4.48067e-05
132.374 8.77404 0.00851619 1.63758 -0.0010362 0.0102601 4.67181e-05
132.395 8.77439 0.00852328 1.63749 -0.00106608 0.0102214 4.98994e-05
132.414 8.77471 0.00853445 1.6374 -0.00108116 0.0102555 5.26262e-05
132.434 8.77502 0.00854974 1.63732 -0.00108106 0.0102992 5.35483e-05
132.455 8.77531 0.00856914 1.63723 -0.00107202 0.0103069 5.61979e-05
132.475 8.77557 0.00859285 1.63714 -0.00108943 0.0103026 5.86645e-05
132.495 8.77583 0.00862084 1.63706 -0.00112378 0.0103316 6.40035e-05
132.515 8.77606 0.00865311 1.63698 -0.00115171 0.0103271 6.78973e-05
132.535 8.77628 0.00868982 1.6369 -0.00118274 0.0103242 7.02932e-05
132.557 8.77647 0.00873101 1.63682 -0.00120724 0.0104453 7.21527e-05
132.576 8.77665 0.00877654 1.63674 -0.0011919 0.0103305 7.44597e-05
132.596 8.7768 0.00882665 1.63668 -0.00118731 0.0104203 7.63836e-05
132.616 8.77694 0.00888132 1.63661 -0.0011947 0.0104682 7.98263e-05
132.636 8.77705 0.00894065 1.63655 -0.00122808 0.010532 8.24318e-05
132.659 8.77715 0.00900477 1.6365 -0.00128837 0.0105294 8.44128e-05
132.676 8.77724 0.00907385 1.63645 -0.0013686 0.0106838 8.58727e-05
132.699 8.77731 0.0091479 1.63641 -0.00142022 0.010689 8.80035e-05
132.717 8.77736 0.00922702 1.63638 -0.00142925 0.0105692 9.13057e-05
132.737 8.77739 0.00931139 1.63636 -0.00142167 0.0105798 9.40883e-05
132.76 8.7774 0.00940103 1.63634 -0.0014086 0.0105118 9.74192e-05
132.777 8.7774 0.00949585 1.63633 -0.00138705 0.0105932 9.86441e-05
132.798 8.77738 0.00959592 1.63633 -0.00138673 0.0106893 9.97836e-05
132.817 8.77733 0.00970113 1.63634 -0.00139134 0.0105691 0.000103267
132.837 8.77727 0.00981147 1.63636 -0.00140103 0.010577 0.000106105
132.859 8.77719 0.00992695 1.63638 -0.00140813 0.0106445 0.000108603
132.878 8.77709 0.0100476 1.63641 -0.00142202 0.0107369 0.000110905
132.898 8.77697 0.0101737 1.63645 -0.00147147 0.0106843 0.00011178
132.918 8.77683 0.0103052 1.6365 -0.00152326 0.0107838 0.000112517
132.939 8.77667 0.010442 1.63656 -0.00153899 0.010738 0.000111751
132.96 8.7765 0.0105843 1.63662 -0.0015242 0.0107793 0.000112555
132.979 8.77631 0.010732 1.63669 -0.00150252 0.0108697 0.000114095
133 8.7761 0.010885 1.63676 -0.00147242 0.0107523 0.000117993
133.02 8.77588 0.0110433 1.63684 -0.00143597 0.0108852 0.000120975
133.04 8.77566 0.0112067 1.63692 -0.00140914 0.0109873 0.000123434
133.061 8.7754 0.0113754 1.63701 -0.00141884 0.0108521 0.000125884
133.08 8.77514 0.0115492 1.6371 -0.0014528 0.0109616 0.000128792
133.101 8.77485 0.0117284 1.6372 -0.00153169 0.0109144 0.000132705
133.121 8.77455 0.0119134 1.6373 -0.00166885 0.0109313 0.000134095
133.14 8.77424 0.0121045 1.63741 -0.00181651 0.0108618 0.000135764
133.165 8.77392 0.0123021 1.63751 -0.00197794 0.0109787 0.00013704
133.181 8.77358 0.0125069 1.63762 -0.00215789 0.0109386 0.000138611
133.202 8.77325 0.0127196 1.63774 -0.00232905 0.0110364 0.000139894
133.222 8.77289 0.0129405 1.63784 -0.00247127 0.0109329 0.000140243
133.242 8.77254 0.0131702 1.63795 -0.00259058 0.0110561 0.000140612
133.264 8.77217 0.0134091 1.63806 -0.0026775 0.0109454 0.000142024
133.283 8.77181 0.0136577 1.63817 -0.00275565 0.0110451 0.00014284
133.303 8.77142 0.0139162 1.63828 -0.00281709 0.0109791 0.000144994
133.324 8.77104 0.0141846 1.63838 -0.00284267 0.0110723 0.000148696
133.343 8.77064 0.0144632 1.63848 -0.002847 0.010982 0.000151546
133.365 8.77023 0.0147518 1.63858 -0.00281732 0.0108803 0.000149647
133.383 8.76982 0.0150506 1.63868 -0.00279609 0.0111047 0.000150927
133.405 8.76941 0.0153593 1.63878 -0.00276379 0.0111846 0.000154997
133.424 8.76898 0.0156778 1.63887 -0.00273582 0.0109008 0.000158429
133.444 8.76855 0.0160063 1.63897 -0.00274115 0.0111109 0.000160447
133.466 8.76813 0.0163444 1.63907 -0.00274868 0.0111904 0.000161984
133.485 8.76769 0.0166921 1.63917 -0.00274033 0.0111268 0.000160255
133.506 8.76725 0.0170494 1.63927 -0.00273656 0.0110514 0.000163445
133.525 8.76681 0.0174161 1.63937 -0.00271015 0.011175 0.000165328
133.545 8.76637 0.0177922 1.63946 -0.00266626 0.0110408 0.000168379
133.567 8.76593 0.0181773 1.63955 -0.00259564 0.0110048 0.000170619
133.586 8.76548 0.0185712 1.63964 -0.00251803 0.0109545 0.000174413
133.607 8.76504 0.0189738 1.63973 -0.00244053 0.0110748 0.000176279
133.626 8.76459 0.0193847 1.63982 -0.00238882 0.0109718 0.000178302
133.646 8.76414 0.0198037 1.63991 -0.00233397 0.0110634 0.000180614
133.667 8.76369 0.0202303 1.64 -0.00225934 0.010967 0.000182129
133.686 8.76325 0.0206646 1.64009 -0.00220492 0.0110749 0.000182914
133.709 8.7628 0.021106 1.64018 -0.00215616 0.0110032 0.000183133
133.727 8.76235 0.0215547 1.64027 -0.00214706 0.0110074 0.000184486
133.747 8.7619 0.0220105 1.64036 -0.00215532 0.0109833 0.00018691
133.769 8.76145 0.0224738 1.64045 -0.00224178 0.0110698 0.000184286
133.788 8.761 0.0229444 1.64053 -0.0023484 0.0108882 0.000184283
133.81 8.76054 0.023423 1.64062 -0.00250103 0.0110322 0.000184595
133.828 8.76009 0.0239094 1.6407 -0.0025766 0.0109505 0.000186539
133.848 8.75963 0.0244038 1.64079 -0.00256691 0.0109595 0.000188828
133.869 8.75917 0.0249064 1.64087 -0.00251881 0.0108234 0.000189507
133.889 8.75871 0.0254173 1.64096 -0.00248229 0.0109537 0.000188113
133.909 8.75825 0.0259363 1.64104 -0.00244549 0.0109464 0.000189057
133.929 8.75779 0.0264631 1.64112 -0.00239325 0.0109873 0.000190872
133.95 8.75733 0.0269976 1.6412 -0.00234704 0.0110856 0.000191092
133.97 8.75687 0.0275394 1.64128 -0.00228429 0.0111194 0.000192661
133.99 8.75642 0.0280884 1.64136 -0.00221871 0.0111594 0.000194798
134.01 8.75596 0.0286441 1.64143 -0.00211099 0.0111221 0.00019393
134.03 8.7555 0.0292065 1.6415 -0.00203888 0.0110368 0.000194343
134.05 8.75505 0.0297752 1.64158 -0.0020134 0.0111252 0.000195712
134.073 8.75459 0.0303502 1.64165 -0.00200291 0.0111359 0.000195271
134.091 8.75414 0.0309314 1.64173 -0.00204492 0.0112312 0.000195406
134.113 8.75369 0.0315194 1.64179 -0.00218847 0.0111005 0.00019651
134.132 8.75323 0.0321154 1.64186 -0.00255707 0.0110785 0.000197753
134.152 8.75276 0.0327204 1.64193 -0.0030746 0.0110002 0.000198173
134.173 8.75231 0.0333352 1.642 -0.00354718 0.0111421 0.000197157
134.192 8.75185 0.0339615 1.64207 -0.00391957 0.0110483 0.000196358
134.213 8.7514 0.0346008 1.64214 -0.00424026 0.0111968 0.000193384
134.232 8.75096 0.0352543 1.64221 -0.00450667 0.0112154 0.000192356
134.253 8.75051 0.0359231 1.64229 -0.00472008 0.0111822 0.00019133
134.274 8.75007 0.0366077 1.64236 -0.0048545 0.0112449 0.000190759
134.293 8.74963 0.0373088 1.64244 -0.00493198 0.0112768 0.000190649
134.313 8.74918 0.0380267 1.64251 -0.00496996 0.0111229 0.00019128
134.334 8.74874 0.0387616 1.64259 -0.0049895 0.0112265 0.000189133
134.353 8.74829 0.0395137 1.64266 -0.00500172 0.0111728 0.000189729
134.376 8.74785 0.0402828 1.64274 -0.00498992 0.0111677 0.000190016
134.394 8.74741 0.0410688 1.64281 -0.0049652 0.0112159 0.00019142
134.415 8.74697 0.0418717 1.64288 -0.0049331 0.0112295 0.000193079
134.435 8.74653 0.0426915 1.64295 -0.00492809 0.0111501 0.00019239
134.455 8.7461 0.0435279 1.64301 -0.00492396 0.0112714 0.000192523
134.478 8.74567 0.0443809 1.64308 -0.00491596 0.0111896 0.000194348
134.496 8.74524 0.0452503 1.64315 -0.00487939 0.011163 0.000194265
134.517 8.74481 0.0461358 1.64322 -0.00481755 0.0112192 0.000196671
134.536 8.74439 0.0470371 1.64329 -0.00473772 0.0113539 0.000198261
134.557 8.74396 0.0479541 1.64336 -0.00464661 0.0112225 0.000198483
134.579 8.74354 0.0488862 1.64343 -0.0045546 0.0112844 0.000198463
134.596 8.74311 0.0498331 1.6435 -0.00445095 0.0111825 0.000200617
134.62 8.74268 0.0507944 1.64358 -0.00435862 0.0112318 0.000203121
134.637 8.74226 0.0517697 1.64365 -0.00425477 0.0112441 0.000205565
134.657 8.74184 0.0527585 1.64372 -0.00416538 0.0112086 0.000208202
134.678 8.74142 0.0537604 1.64379 -0.00408339 0.0111667 0.000211612
134.697 8.74101 0.054775 1.64386 -0.00398448 0.0113043 0.000212212
134.719 8.7406 0.055802 1.64393 -0.00388795 0.0112628 0.000210973
134.737 8.74019 0.0568408 1.644 -0.0037899 0.0112344 0.000212766
134.758 8.73978 0.0578912 1.64407 -0.00369543 0.0111601 0.000215258
134.778 8.73937 0.0589527 1.64414 -0.00361829 0.0112611 0.000215381
134.798 8.73896 0.060025 1.64422 -0.00354968 0.0112636 0.000217181
134.819 8.73855 0.0611078 1.64429 -0.00348704 0.0111806 0.000219748
134.838 8.73815 0.0622015 1.64437 -0.00355187 0.011302 0.000222037
134.858 8.73773 0.0633066 1.64444 -0.00376725 0.0112414 0.000222855
134.879 8.73733 0.0644235 1.64452 -0.00410536 0.0112582 0.000222341
134.899 8.73692 0.0655535 1.64459 -0.00452334 0.0113626 0.000221656
134.919 8.73651 0.0666974 1.64466 -0.00490784 0.0112982 0.000220903
134.94 8.7361 0.0678557 1.64474 -0.00511035 0.0113843 0.000220726
134.959 8.73569 0.0690298 1.64481 -0.00522928 0.0112865 0.000222406
134.98 8.73529 0.0702201 1.64489 -0.0052607 0.0112977 0.00022356
135 8.73488 0.0714262 1.64497 -0.00513892 0.0112904 0.000226651
135.021 8.73448 0.0726479 1.64504 -0.00491883 0.0112821 0.000227976
135.04 8.73408 0.0738847 1.64511 -0.0046546 0.0112508 0.000226516
135.06 8.73368 0.0751356 1.64517 -0.00438992 0.0112349 0.000228599
135.081 8.73328 0.0763998 1.64523 -0.00414645 0.0112989 0.000232757
135.1 8.73289 0.0776761 1.6453 -0.003907 0.0113936 0.000235064
135.122 8.73249 0.0789644 1.64536 -0.00379989 0.0112314 0.000235473
135.141 8.73209 0.0802657 1.64542 -0.00406386 0.0112678 0.000233562
135.161 8.73169 0.0815801 1.64549 -0.00454798 0.0113405 0.000227543
135.182 8.7313 0.0829082 1.64556 -0.00505175 0.0114257 0.000225632
135.201 8.7309 0.0842517 1.64562 -0.0055311 0.0114027 0.000225066
135.222 8.7305 0.0856124 1.64568 -0.00599477 0.0114065 0.000225369
135.241 8.7301 0.0869918 1.64574 -0.00638808 0.0114434 0.000225455
135.262 8.72969 0.0883914 1.6458 -0.00671316 0.0113115 0.000229121
135.283 8.72928 0.0898124 1.64585 -0.00698742 0.0113374 0.000232158
135.302 8.72888 0.0912556 1.64591 -0.00714532 0.011333 0.000235277
135.323 8.72847 0.0927219 1.64597 -0.00726923 0.0113184 0.000235723
135.342 8.72805 0.0942117 1.64603 -0.00735041 0.0112903 0.00023899
135.363 8.72763 0.0957253 1.64608 -0.00740749 0.0113183 0.000242814
135.384 8.72722 0.0972626 1.64614 -0.00738701 0.0114141 0.0002471
135.403 8.7268 0.0988233 1.64619 -0.00729071 0.0112022 0.000253451
135.424 8.72638 0.100407 1.64625 -0.0071765 0.0112314 0.000254136
135.443 8.72597 0.102015 1.64631 -0.00707704 0.0113229 0.000254661
135.463 8.72554 0.103644 1.64636 -0.00696583 0.0111871 0.000258486
135.485 8.72512 0.105296 1.64642 -0.0068215 0.0111275 0.000261446
135.504 8.72471 0.106969 1.64649 -0.006708 0.0113 0.000263022
135.525 8.72428 0.108663 1.64655 -0.00659646 0.0112703 0.000262863
135.544 8.72386 0.110377 1.64661 -0.00645691 0.0113314 0.000262097
135.564 8.72344 0.112111 1.64667 -0.00630993 0.0111611 0.000260334
135.586 8.72301 0.113864 1.64673 -0.00620641 0.0112306 0.00026056
135.606 8.72259 0.115636 1.64679 -0.00612149 0.0111707 0.000261635
135.627 8.72216 0.117426 1.64685 -0.00603306 0.0112356 0.000260149
135.646 8.72174 0.119234 1.64691 -0.00588181 0.0113841 0.000260427
135.666 8.72131 0.121059 1.64697 -0.00571723 0.0112695 0.000260741
135.689 8.72088 0.1229 1.64702 -0.00560812 0.0114047 0.000261123
135.707 8.72046 0.124758 1.64708 -0.00547224 0.0115045 0.000259984
135.728 8.72003 0.12663 1.64713 -0.00525196 0.0113122 0.000262279
135.747 8.71961 0.128517 1.64719 -0.00505879 0.0114035 0.000264582
135.767 8.71918 0.130418 1.64724 -0.00492019 0.0114938 0.000264228
135.79 8.71876 0.132331 1.64729 -0.00467891 0.0113735 0.00026671
135.808 8.71833 0.134257 1.64734 -0.00442987 0.0113562 0.000271225
135.828 8.7179 0.136194 1.6474 -0.00417644 0.0114767 0.000269517
135.848 8.71748 0.138141 1.64744 -0.00393684 0.0113463 0.000270929
135.868 8.71704 0.140097 1.64749 -0.00373198 0.0112828 0.000269763
135.889 8.71662 0.142061 1.64754 -0.00351427 0.0113023 0.000267763
135.909 8.71619 0.144033 1.64758 -0.00334629 0.0112991 0.000267976
135.93 8.71575 0.146013 1.64762 -0.00332504 0.0111502 0.000269593
135.95 8.71532 0.148 1.64767 -0.00348568 0.0113231 0.000271339
135.969 8.71488 0.149994 1.64771 -0.00351487 0.011305 0.000271139
135.99 8.71444 0.151994 1.64775 -0.00336963 0.0112868 0.000269968
136.01 8.71399 0.154002 1.64779 -0.00331234 0.0112143 0.000269533
136.034 8.71354 0.156017 1.64784 -0.00354933 0.0112117 0.000270184
136.051 8.71309 0.15804 1.64788 -0.0037581 0.0112331 0.000269883
136.071 8.71263 0.16007 1.64792 -0.00375353 0.011158 0.000271659
136.093 8.71217 0.162108 1.64796 -0.00368185 0.0112245 0.000272625
136.111 8.71172 0.164153 1.648 -0.00363046 0.0113484 0.000273017
136.132 8.71126 0.166207 1.64803 -0.00364663 0.0112792 0.000270184
136.152 8.7108 0.16827 1.64807 -0.00406652 0.0111354 0.000265305
136.172 8.71032 0.170346 1.6481 -0.00492136 0.01121 0.000260204
136.194 8.70984 0.172435 1.64814 -0.00582822 0.0112342 0.000256274
136.212 8.70935 0.174539 1.64817 -0.00667097 0.0111539 0.000253977
136.233 8.70885 0.176662 1.64821 -0.00742023 0.0112379 0.000248942
136.253 8.70835 0.178807 1.64824 -0.00808078 0.0111789 0.000248366
136.273 8.70784 0.180977 1.64827 -0.00872832 0.0111829 0.000247072
136.295 8.70732 0.183173 1.64829 -0.00925497 0.0112482 0.000245374
136.314 8.70679 0.185397 1.64831 -0.00966768 0.0111766 0.000247784
136.335 8.70626 0.187652 1.64833 -0.0100697 0.0111702 0.000248309
136.354 8.70572 0.189939 1.64835 -0.0104133 0.0112817 0.000244534
136.374 8.70517 0.19226 1.64837 -0.0107217 0.0112195 0.00024662
136.396 8.70462 0.194614 1.64838 -0.0109496 0.0113357 0.000248103
136.415 8.70405 0.197003 1.64839 -0.0111092 0.0111871 0.000251249
136.436 8.70348 0.199428 1.6484 -0.0112692 0.0111834 0.000252046
136.456 8.7029 0.201889 1.64841 -0.0113596 0.0112434 0.000255356
136.476 8.70231 0.204386 1.64842 -0.0114456 0.0112553 0.000253996
136.496 8.70171 0.20692 1.64842 -0.0116315 0.0111743 0.000255422
136.517 8.70111 0.209493 1.64843 -0.0118461 0.011224 0.000253419
136.537 8.70049 0.212102 1.64843 -0.0118889 0.0112548 0.000252081
136.557 8.69988 0.214748 1.64843 -0.0117998 0.0113005 0.000254154
136.577 8.69924 0.217432 1.64844 -0.0116631 0.0112142 0.000260041
136.598 8.69861 0.220153 1.64844 -0.011509 0.0113133 0.000263175
136.617 8.69797 0.22291 1.64843 -0.0112991 0.0112224 0.000264773
136.639 8.69731 0.225701 1.64843 -0.0110554 0.0111964 0.00026548
136.658 8.69666 0.228527 1.64843 -0.0107907 0.0111997 0.000265347
136.677 8.696 0.231387 1.64842 -0.0105908 0.0112746 0.000261518
136.7 8.69532 0.23428 1.64842 -0.0106445 0.0112088 0.000259415
136.718 8.69465 0.237205 1.64842 -0.0106491 0.0113102 0.000256958
136.739 8.69396 0.240162 1.64842 -0.0104663 0.0112224 0.000259813
136.758 8.69328 0.243149 1.64842 -0.0101974 0.0113146 0.00026193
136.779 8.69258 0.246167 1.64841 -0.00991607 0.0112025 0.000270157
136.801 8.69187 0.249213 1.64841 -0.00963602 0.011196 0.000269432
136.819 8.69116 0.252287 1.6484 -0.00934488 0.0112581 0.000271622
136.84 8.69045 0.255388 1.64839 -0.00902276 0.0112181 0.000274178
136.86 8.68973 0.258514 1.64838 -0.00862313 0.0112315 0.000280048
136.88 8.68901 0.261663 1.64837 -0.00819887 0.0111513 0.000286451
136.901 8.68829 0.264834 1.64836 -0.00780477 0.011218 0.000285573
136.92 8.68756 0.268026 1.64835 -0.00755775 0.0113233 0.000281189
136.941 8.68682 0.27124 1.64833 -0.00760292 0.0111729 0.000281857
136.961 8.68609 0.274473 1.64832 -0.00773131 0.0112846 0.000281465
136.981 8.68534 0.277725 1.64831 -0.0076626 0.0111533 0.000281153
137.002 8.68459 0.280996 1.64831 -0.00748406 0.011124 0.000284695
137.022 8.68383 0.284286 1.64831 -0.00729253 0.0110781 0.000289707
137.042 8.68306 0.287593 1.6483 -0.00712196 0.0111423 0.000288824
137.061 8.68229 0.290919 1.6483 -0.00709687 0.0111216 0.000286931
137.082 8.68151 0.294263 1.64829 -0.00725488 0.0110309 0.000286323
137.103 8.68073 0.297623 1.64829 -0.00719008 0.0112957 0.000286529
137.122 8.67995 0.301001 1.6483 -0.00722793 0.011162 0.000291432
137.142 8.67915 0.304399 1.64832 -0.00771353 0.0112316 0.000291375
137.163 8.67834 0.30782 1.64834 -0.00880897 0.0111093 0.000287329
137.183 8.67752 0.311267 1.64836 -0.0102418 0.0111894 0.000277892
137.204 8.67668 0.314744 1.64839 -0.0116897 0.0111774 0.000272645
137.223 8.67582 0.318253 1.64841 -0.0129379 0.0111767 0.000271079
137.245 8.67494 0.321801 1.64844 -0.0139551 0.0113182 0.000271303
137.265 8.67405 0.32539 1.64845 -0.0146811 0.011222 0.000274133
137.284 8.67315 0.329024 1.64847 -0.015224 0.0112142 0.000274723
137.305 8.67224 0.332704 1.64847 -0.0156062 0.0112792 0.000275882
137.324 8.67131 0.336433 1.64847 -0.0157957 0.0112466 0.000280115
137.344 8.67038 0.34021 1.64847 -0.0157963 0.0112652 0.000280352
137.364 8.66944 0.344037 1.64845 -0.0156891 0.0111077 0.000284759
137.384 8.6685 0.347912 1.64844 -0.0155102 0.0112036 0.000282827
137.406 8.66755 0.351834 1.64843 -0.0151917 0.0112445 0.000283884
137.425 8.6666 0.355802 1.64841 -0.0148008 0.0113176 0.000286688
137.445 8.66564 0.359816 1.64838 -0.0144224 0.0112002 0.000292249
137.465 8.66467 0.363873 1.64835 -0.0140092 0.0112984 0.000292804
137.485 8.6637 0.367971 1.64832 -0.0135836 0.0111639 0.000292599
137.508 8.66271 0.37211 1.64829 -0.013223 0.0111876 0.000293641
137.527 8.66172 0.376287 1.64825 -0.0128677 0.0112046 0.000295056
137.548 8.66072 0.380502 1.64822 -0.0125564 0.0111951 0.000297996
137.567 8.65971 0.384751 1.64818 -0.0122066 0.0111442 0.000299757
137.588 8.65869 0.389035 1.64814 -0.0118483 0.0112001 0.000301694
137.609 8.65768 0.393351 1.6481 -0.0114596 0.0111852 0.000304172
137.628 8.65665 0.397698 1.64805 -0.0110852 0.0111049 0.000309084
137.649 8.65561 0.402075 1.64801 -0.0107671 0.0111327 0.00031406
137.668 8.65458 0.406479 1.64796 -0.0104553 0.0111615 0.000315365
137.688 8.65353 0.410911 1.64792 -0.0101712 0.0113228 0.000313364
137.71 8.65248 0.415368 1.64787 -0.00987545 0.0112149 0.000319545
137.729 8.65142 0.419849 1.64782 -0.0095873 0.0112663 0.000319377
137.75 8.65036 0.424353 1.64777 -0.00929296 0.0111376 0.000324092
137.769 8.64929 0.42888 1.64772 -0.0090468 0.0112024 0.000327807
137.789 8.64822 0.433427 1.64767 -0.0087995 0.0112216 0.00033202
137.811 8.64715 0.437994 1.64761 -0.00858466 0.0112065 0.000330526
137.829 8.64607 0.44258 1.64756 -0.00839855 0.0112026 0.000331734
137.853 8.64499 0.447185 1.64749 -0.0082291 0.0112083 0.000331612
137.87 8.6439 0.451806 1.64743 -0.00806874 0.0112475 0.000330606
137.89 8.64281 0.456444 1.64736 -0.00788338 0.011252 0.000330628
137.911 8.64171 0.4611 1.6473 -0.00794104 0.0111483 0.000330288
137.93 8.64061 0.465771 1.64726 -0.00792264 0.011376 0.000328861
137.951 8.63949 0.470459 1.64722 -0.00793908 0.0112164 0.000331372
137.97 8.63838 0.475164 1.64719 -0.00821911 0.0112598 0.000327146
137.99 8.63725 0.479886 1.64716 -0.0083814 0.0112056 0.000324819
138.011 8.63613 0.484623 1.64714 -0.00831194 0.0112051 0.000321676
138.031 8.635 0.489378 1.64712 -0.00815274 0.0112031 0.000320225
138.052 8.63387 0.494149 1.64709 -0.00793237 0.0111478 0.000320277
138.071 8.63273 0.498935 1.64706 -0.00766738 0.0110361 0.000320845
138.091 8.63158 0.503735 1.64703 -0.0073897 0.0111039 0.000322331
138.113 8.63044 0.508549 1.647 -0.00707246 0.0111165 0.00032489
138.132 8.62928 0.513375 1.64695 -0.00676756 0.0110935 0.000322686
138.154 8.62813 0.518212 1.64691 -0.0064944 0.0111422 0.000317538
138.173 8.62697 0.52306 1.64686 -0.00652553 0.0110803 0.00031528
138.193 8.6258 0.527922 1.64682 -0.00710563 0.0111224 0.000311414
138.214 8.62464 0.532798 1.64677 -0.00795387 0.0112107 0.000310089
138.234 8.62346 0.537689 1.64673 -0.00886139 0.0111614 0.000305616
138.255 8.62227 0.542599 1.64668 -0.00968394 0.0111313 0.000304498
138.275 8.62106 0.547531 1.64663 -0.0104808 0.0110731 0.000306545
138.295 8.61986 0.552488 1.64658 -0.011159 0.0112367 0.00030086
138.316 8.61864 0.557471 1.64653 -0.0116819 0.0112036 0.000296977
138.335 8.61741 0.562484 1.64648 -0.0120964 0.0110516 0.000298853
138.356 8.61618 0.567526 1.64642 -0.0123892 0.0111253 0.000301093
138.375 8.61495 0.572601 1.64636 -0.0125615 0.0112215 0.000298772
138.396 8.6137 0.577708 1.64631 -0.0127798 0.0111599 0.000302861
138.418 8.61244 0.582849 1.64625 -0.0130377 0.011119 0.000303267
138.436 8.61117 0.588025 1.64619 -0.0132283 0.0112135 0.000304956
138.457 8.60989 0.593234 1.64614 -0.0132684 0.0111109 0.000306264
138.476 8.60861 0.598479 1.64608 -0.013208 0.0111657 0.000302791
138.496 8.60733 0.603757 1.64602 -0.0130587 0.0112771 0.000299991
138.518 8.60603 0.609069 1.64596 -0.0127909 0.0111029 0.000297948
138.537 8.60474 0.614413 1.64589 -0.0124083 0.0111966 0.000295662
138.558 8.60344 0.619787 1.64583 -0.0119245 0.01113 0.000300546
138.577 8.60213 0.625191 1.64577 -0.0113632 0.011105 0.000308808
138.597 8.60082 0.630621 1.6457 -0.0107574 0.0112105 0.000314505
138.618 8.5995 0.636076 1.64564 -0.010263 0.011175 0.000321776
138.638 8.59817 0.641557 1.64558 -0.0102013 0.011069 0.000327535
138.659 8.59684 0.64706 1.64552 -0.0102154 0.0111167 0.000328424
138.678 8.5955 0.652584 1.64547 -0.00991944 0.0110822 0.000326727
138.698 8.59417 0.658128 1.64542 -0.0094688 0.0111443 0.000323337
138.719 8.59283 0.663691 1.64537 -0.00893699 0.0111495 0.000324034
138.738 8.59149 0.66927 1.64531 -0.00831076 0.0110793 0.000325165
138.76 8.59016 0.674863 1.64526 -0.00766872 0.0112047 0.000329572
138.779 8.59015 0.67497 1.6444 -0.00517984 0.0117105 0.00031391
138.799 8.59011 0.675003 1.64367 -0.0039833 0.0114816 0.000205584
138.821 8.59007 0.674949 1.64321 -0.00481661 0.0120434 0.000170864
138.84 8.59003 0.674823 1.64299 -0.00710607 0.0127295 0.000117991
138.863 8.58999 0.674633 1.64295 -0.0107584 0.0134307 4.72428e-05
138.88 8.58994 0.674392 1.64305 -0.0155605 0.0139316 -3.87267e-05
138.901 8.58989 0.674132 1.64325 -0.0210086 0.0145628 -0.000126019
138.922 8.58983 0.673878 1.64352 -0.0265915 0.0149836 -0.000197111
138.941 8.58976 0.673645 1.64386 -0.0319261 0.0150852 -0.000266549
138.962 8.58969 0.673444 1.64425 -0.0366545 0.0153615 -0.000337589
138.981 8.58964 0.673278 1.64468 -0.0406528 0.0157399 -0.000407478
139.001 8.5896 0.673148 1.64514 -0.0440232 0.0160221 -0.000427068
139.024 8.58958 0.673053 1.64564 -0.046684 0.0163167 -0.000402217
139.042 8.58957 0.672993 1.64616 -0.0485907 0.0166122 -0.000330573
139.064 8.58959 0.672942 1.64667 -0.0502441 0.0167042 -0.000268064
139.083 8.5896 0.672885 1.64716 -0.0518232 0.0165395 -0.000268802
139.264 8.58962 0.67283 1.64768 -0.0534459 0.0165363 -0.000253108
139.281 8.58963 0.672774 1.64822 -0.0551435 0.016422 -0.000237594
139.301 8.58964 0.672716 1.64879 -0.0569073 0.0163804 -0.000229257
139.322 8.58964 0.672644 1.64935 -0.0591833 0.0152524 -0.000214172
139.341 8.58968 0.672601 1.6499 -0.0604435 0.0153405 -0.000188379
139.361 8.58972 0.672615 1.65034 -0.0599571 0.0143056 -0.000179205
139.383 8.58977 0.672673 1.65066 -0.0579966 0.0129949 -0.000170401
139.401 8.58982 0.672753 1.65087 -0.0554699 0.0118542 -0.000136513
139.422 8.58986 0.67284 1.65097 -0.0527323 0.0109575 -0.000129492
139.442 8.5899 0.672937 1.65095 -0.0497901 0.0099645 -0.000123429
139.462 8.58994 0.673039 1.65083 -0.0467717 0.00932678 -0.000117566
139.485 8.58997 0.67314 1.65061 -0.0438565 0.00854401 -0.000112025
139.503 8.59001 0.673239 1.65032 -0.0410758 0.00804429 -0.000106669
139.524 8.59005 0.673336 1.64996 -0.0384432 0.00762654 -0.000101547
139.544 8.5901 0.673427 1.64953 -0.0360175 0.00725781 -9.66558e-05
139.564 8.59015 0.673512 1.64907 -0.0337811 0.00701812 -9.19694e-05
139.585 8.59022 0.673594 1.64859 -0.0316741 0.00693569 -8.74783e-05
139.604 8.59031 0.673669 1.64808 -0.0297803 0.00679372 -8.32155e-05
139.625 8.59044 0.67374 1.64757 -0.0279975 0.00668402 -7.91551e-05
139.645 8.5906 0.673808 1.64706 -0.026348 0.00676415 -7.52615e-05
139.665 8.5908 0.673873 1.64656 -0.0247405 0.0067547 -6.79549e-05
139.685 8.59106 0.673939 1.64607 -0.0231751 0.00686124 -6.46069e-05
139.705 8.59137 0.674001 1.6456 -0.0217023 0.0068924 -5.89448e-05
139.726 8.59173 0.674061 1.64515 -0.0202837 0.00690995 -5.22927e-05
139.745 8.59214 0.674117 1.64473 -0.0189836 0.00693832 -4.83528e-05
139.765 8.59261 0.674168 1.64434 -0.0177809 0.00693832 -4.00736e-05
139.787 8.59314 0.674217 1.64398 -0.0166656 0.00693832 -3.39645e-05
139.806 8.59374 0.674262 1.64364 -0.0156155 0.00688605 -2.4247e-05
139.826 8.5944 0.674304 1.64334 -0.0146507 0.00697035 -1.48049e-05
139.846 8.59514 0.674342 1.64307 -0.0137941 0.00701713 -6.89082e-06
139.866 8.59595 0.674375 1.64283 -0.0130351 0.00704043 1.53947e-06
139.888 8.59684 0.674406 1.64261 -0.0123578 0.00716942 6.7328e-06
139.907 8.59783 0.67444 1.64243 -0.0116298 0.00744045 -1.5742e-06
139.927 8.59889 0.674463 1.64227 -0.0111278 0.00746423 3.59983e-06
139.948 8.60005 0.674486 1.64214 -0.0106403 0.0076475 -1.76945e-06
139.967 8.60131 0.674507 1.64203 -0.0102002 0.00792055 -1.63483e-06
139.989 8.60265 0.674522 1.64193 -0.00986387 0.00801509 -2.6295e-07
140.007 8.60408 0.674536 1.64185 -0.00956897 0.00811326 1.17992e-06
140.029 8.60561 0.674551 1.64177 -0.00925962 0.00826397 3.12882e-07
140.048 8.60723 0.674564 1.6417 -0.00897118 0.00839276 -5.11876e-07
140.068 8.60895 0.674577 1.64162 -0.00869228 0.00839706 1.04709e-06
140.089 8.61077 0.674588 1.64155 -0.00845275 0.00846608 6.29123e-07
140.109 8.6127 0.674602 1.64148 -0.00816996 0.00861504 8.12212e-07
140.131 8.61473 0.674615 1.64141 -0.00788851 0.00873013 5.02701e-06
140.149 8.61686 0.674625 1.64134 -0.00768454 0.00834745 -1.04381e-06
140.169 8.61916 0.674638 1.64129 -0.00741344 0.00901583 -1.36875e-06
140.191 8.62155 0.674641 1.64126 -0.00735964 0.00916384 -1.10767e-06
140.209 8.62403 0.674642 1.64124 -0.00732808 0.00918137 -2.65752e-07
140.231 8.62661 0.674646 1.64123 -0.00724238 0.00914363 1.61533e-06
140.25 8.62929 0.674653 1.6412 -0.00708066 0.00932048 4.10832e-06
140.27 8.63209 0.674663 1.64116 -0.00687649 0.00959438 1.48448e-06
140.291 8.63497 0.674671 1.64111 -0.0067008 0.00962097 3.0562e-06
140.311 8.63795 0.67468 1.64104 -0.00649826 0.00959946 7.93815e-06
140.332 8.64098 0.674694 1.64096 -0.00615886 0.00812663 2.42728e-05
140.351 8.64425 0.674708 1.6409 -0.00584363 0.00899023 3.03348e-05
140.371 8.64777 0.674725 1.64089 -0.00546404 0.0102047 4.23537e-05
140.392 8.65152 0.674737 1.64089 -0.00526219 0.00980693 2.2617e-05
140.412 8.65552 0.674752 1.64091 -0.00507787 0.00954332 -5.89804e-07
140.433 8.65975 0.674752 1.64092 -0.00503137 0.00944706 2.72779e-06
140.452 8.66423 0.674759 1.6409 -0.00488355 0.00971757 -4.3689e-06
140.472 8.66893 0.674764 1.64085 -0.00477475 0.00921886 1.31293e-05
140.494 8.67388 0.674772 1.64079 -0.00458578 0.00928593 1.37277e-05
140.513 8.67909 0.674785 1.64072 -0.00434431 0.00943769 2.39878e-06
140.534 8.68454 0.6748 1.64065 -0.00403876 0.00970559 1.4735e-06
140.554 8.69019 0.67481 1.64055 -0.00384139 0.00932737 2.81207e-06
140.574 8.69609 0.674819 1.64044 -0.0036016 0.00968912 7.90536e-06
140.596 8.70219 0.674831 1.64033 -0.00336893 0.0095167 1.01436e-05
140.615 8.70852 0.674843 1.64021 -0.00316588 0.00966269 2.04867e-06
140.636 8.71505 0.674856 1.64008 -0.00289499 0.00985356 6.83139e-06
140.656 8.72176 0.674866 1.63994 -0.00264861 0.00964001 1.39071e-05
140.675 8.72867 0.674874 1.63978 -0.0024588 0.00952183 2.62058e-05
140.696 8.73575 0.674881 1.63963 -0.00228985 0.00933647 4.38638e-05
140.716 8.74305 0.674888 1.63947 -0.00209186 0.00954115 6.38769e-05
140.736 8.75058 0.674893 1.6393 -0.00191704 0.00994421 8.88384e-05
140.756 8.75829 0.674894 1.63913 -0.00181258 0.00958528 0.000113177
140.776 8.76622 0.674893 1.63895 -0.00177533 0.0102146 0.000130329
140.798 8.77429 0.674888 1.63877 -0.00177393 0.0102032 0.000160459
140.816 8.78249 0.674885 1.63859 -0.00174685 0.0100978 0.000187056
140.837 8.79083 0.674882 1.63839 -0.00172209 0.0100809 0.000215346
140.856 8.79931 0.674878 1.63818 -0.00170593 0.0104363 0.000242177
140.877 8.80793 0.674876 1.63796 -0.00168693 0.0106758 0.000263796
140.899 8.81666 0.674874 1.63773 -0.00165311 0.0108107 0.000288383
140.917 8.8255 0.674874 1.6375 -0.00159517 0.0108661 0.000309526
140.94 8.83444 0.674871 1.63725 -0.00161269 0.0103354 0.000324516
140.958 8.84353 0.674857 1.63698 -0.00167412 0.0104651 0.000313033
140.978 8.85283 0.67485 1.63673 -0.00176012 0.0119656 0.000307315
140.999 8.86221 0.674849 1.6365 -0.0016778 0.0110069 0.000298855
141.019 8.87174 0.674855 1.63631 -0.00165738 0.0111167 0.000287135
141.04 8.88135 0.674868 1.63613 -0.00160379 0.0105724 0.000272903
141.059 8.89114 0.674884 1.63596 -0.0015625 0.011224 0.000261045
141.079 8.90108 0.674878 1.63581 -0.00117503 0.0122571 0.000264041
141.102 8.91103 0.674873 1.63567 -0.000792162 0.010855 0.000267598
141.119 8.92104 0.674874 1.63558 -0.000823491 0.0109175 0.000266693
141.14 8.93111 0.674878 1.6355 -0.000924411 0.0115436 0.00026273
141.16 8.94122 0.674886 1.63541 -0.00095857 0.0117817 0.000256278
141.18 8.95137 0.674897 1.6353 -0.000952096 0.011884 0.000250392
141.201 8.96156 0.674911 1.63517 -0.000941079 0.0119614 0.000241152
141.22 8.97173 0.674919 1.635 -0.000934243 0.0111053 0.000231185
141.241 8.98203 0.67491 1.63481 -0.00085983 0.0116054 0.000191067
141.261 8.99247 0.674904 1.63465 -0.000833541 0.0125857 0.00015766
141.28 9.00301 0.674901 1.63452 -0.000839183 0.0122512 0.000130063
141.302 9.01368 0.674903 1.63441 -0.00101175 0.0129885 0.000100339
141.321 9.02438 0.674908 1.63431 -0.00101489 0.0125677 7.70073e-05
141.344 9.03507 0.674915 1.63423 -0.000841052 0.0112267 5.41249e-05
141.362 9.0458 0.674927 1.63417 -0.000764027 0.0112048 2.73526e-05
141.382 9.05659 0.674941 1.63412 -0.000676106 0.0123838 3.50522e-06
141.404 9.06734 0.674958 1.63405 -0.000634382 0.011884 -1.51137e-05
141.422 9.07807 0.674977 1.63398 -0.000520481 0.0118595 -6.3802e-06
141.443 9.08876 0.674984 1.6339 -0.000266846 0.011947 1.79842e-05
141.462 9.09942 0.674992 1.63379 -8.82255e-05 0.0119944 2.87856e-05
141.484 9.11006 0.674994 1.63364 2.96771e-05 0.0122635 3.53994e-05
141.504 9.12063 0.674986 1.63346 2.79255e-05 0.0120751 3.18247e-05
141.523 9.13116 0.674977 1.63325 4.29673e-05 0.0122799 3.19278e-05
141.544 9.14164 0.674965 1.63301 0.000136579 0.0121005 2.59947e-05
141.564 9.15207 0.67495 1.63275 0.000187951 0.0123867 1.62518e-05
141.584 9.16244 0.674934 1.63246 0.000215996 0.0121995 7.90746e-06
141.606 9.17275 0.674918 1.63215 0.000213662 0.012284 9.21501e-07
141.624 9.18302 0.674901 1.63182 0.000273427 0.0124895 -5.95675e-06
141.646 9.19322 0.674883 1.63147 0.000340021 0.0123059 -1.40912e-05
141.664 9.20336 0.674864 1.6311 0.000347044 0.012415 -2.34609e-05
141.684 9.21343 0.674843 1.63071 0.000378282 0.0125122 -3.18233e-05
141.707 9.22342 0.674821 1.63032 0.000409413 0.0124535 -4.15578e-05
141.725 9.23334 0.674797 1.62992 0.000458406 0.0126991 -4.91556e-05
141.746 9.24316 0.674772 1.62952 0.000503127 0.0124206 -5.69192e-05
141.765 9.25291 0.674745 1.62912 0.000526978 0.0127908 -6.42505e-05
141.785 9.26255 0.674716 1.62872 0.000571501 0.0125891 -7.50313e-05
141.808 9.27209 0.674685 1.62832 0.000580623 0.0126964 -8.51427e-05
141.826 9.28152 0.674651 1.62793 0.00067132 0.0124192 -9.13359e-05
141.847 9.29085 0.674615 1.62754 0.000702943 0.0126998 -0.000101267
141.867 9.30006 0.674576 1.62716 0.000675677 0.0126631 -0.00011426
141.886 9.30915 0.674535 1.62678 0.000689198 0.0124044 -0.000124235
141.909 9.31811 0.674492 1.62641 0.000730999 0.0124091 -0.000134705
141.927 9.32695 0.674446 1.62605 0.000694922 0.0123512 -0.000146318
141.948 9.33568 0.674397 1.6257 0.000713827 0.0125895 -0.000156268
141.968 9.34428 0.674346 1.62538 0.000640974 0.0130315 -0.000169185
141.988 9.35273 0.674292 1.62506 0.000663742 0.0124702 -0.000178167
142.009 9.36106 0.674236 1.62476 0.000677081 0.0127626 -0.000192423
142.028 9.36923 0.674178 1.62447 0.000586447 0.0126565 -0.000206325
142.049 9.37728 0.674118 1.62419 0.000534957 0.0130483 -0.000216249
142.068 9.38516 0.674055 1.62392 0.00051355 0.0127345 -0.000224442
142.088 9.39289 0.673991 1.62366 0.000463423 0.0129456 -0.000234062
142.109 9.40046 0.673925 1.6234 0.000549618 0.0127662 -0.000237822
142.129 9.40787 0.673857 1.62317 0.000529085 0.0127309 -0.000245416
142.151 9.41512 0.673788 1.62295 0.000543018 0.0125707 -0.000251957
142.171 9.42221 0.673716 1.62274 0.000595463 0.0127964 -0.000256161
142.19 9.42912 0.673643 1.62252 0.000474836 0.0127865 -0.00026838
142.211 9.43585 0.673568 1.62232 0.000469155 0.0126402 -0.000273217
142.23 9.4424 0.673492 1.62212 0.000471274 0.0123965 -0.000276042
142.252 9.44878 0.673413 1.62194 0.000451228 0.0124336 -0.000279047
142.271 9.45498 0.673334 1.62175 0.000474216 0.0120676 -0.000283465
142.291 9.46103 0.673252 1.62157 0.000455757 0.0123165 -0.000288231
142.312 9.46691 0.67317 1.62138 0.00039948 0.0119334 -0.00029341
142.332 9.47266 0.673086 1.6212 0.000359346 0.0122932 -0.000296723
142.352 9.47822 0.673001 1.62102 0.000320733 0.0119415 -0.000299452
142.371 9.48364 0.672916 1.62084 0.000307794 0.0119017 -0.000301578
142.391 9.48889 0.672828 1.62067 0.000326105 0.0117613 -0.00030143
142.413 9.49401 0.67274 1.62051 0.000362469 0.0117926 -0.000301497
142.432 9.49896 0.672651 1.62034 0.000438024 0.0112688 -0.00030086
142.453 9.50379 0.67256 1.62019 0.000468674 0.011625 -0.000300689
142.472 9.50846 0.672468 1.62003 0.000444514 0.0114092 -0.000302954
142.492 9.51299 0.672375 1.61988 0.000461263 0.0112617 -0.000304509
142.515 9.51738 0.67228 1.61973 0.000493327 0.0111552 -0.000302288
142.533 9.52163 0.672184 1.61959 0.000506339 0.0111069 -0.000302891
142.554 9.52575 0.672086 1.61945 0.000521389 0.011076 -0.000303884
142.573 9.52974 0.671986 1.61932 0.000569734 0.0108594 -0.000303782
142.593 9.53361 0.671885 1.6192 0.00056232 0.0109327 -0.000303628
142.614 9.53736 0.671781 1.61909 0.000554949 0.0109798 -0.000301391
142.634 9.54097 0.671677 1.61899 0.000492988 0.0108102 -0.000301967
142.654 9.54447 0.67157 1.61891 0.000497551 0.0107707 -0.000302188
142.674 9.54785 0.671462 1.61881 0.000457846 0.0107881 -0.000303143
142.694 9.55112 0.671353 1.61872 0.000422284 0.010547 -0.000302052
142.716 9.55427 0.671241 1.61863 0.000468224 0.0103619 -0.000299014
142.735 9.55732 0.671129 1.61855 0.000529723 0.0104721 -0.000298664
142.756 9.56023 0.671015 1.61849 0.000475293 0.0103888 -0.000299379
142.775 9.56303 0.6709 1.61843 0.00045327 0.0105783 -0.00029808
142.796 9.5657 0.670783 1.61838 0.000475406 0.0102998 -0.000297154
142.817 9.5683 0.670665 1.61834 0.000515029 0.0106224 -0.000293801
142.836 9.57077 0.670545 1.6183 0.00055586 0.0103169 -0.000290564
142.858 9.57313 0.670423 1.61825 0.000568545 0.0101155 -0.000285913
142.877 9.5754 0.6703 1.61821 0.000584245 0.0100814 -0.000282188
142.897 9.57758 0.670175 1.61816 0.000513495 0.0102083 -0.000281027
142.918 9.57967 0.670048 1.6181 0.000448724 0.0101583 -0.000281415
142.938 9.58167 0.669921 1.61803 0.000354446 0.0100316 -0.000282592
142.959 9.58359 0.669792 1.61797 0.000248857 0.0103068 -0.000282829
142.978 9.58543 0.669663 1.6179 0.000190654 0.0103776 -0.000282959
142.998 9.58717 0.669533 1.61783 0.000237569 0.0100083 -0.000282086
143.021 9.58884 0.669402 1.61776 0.00025961 0.0101863 -0.000282582
143.039 9.59041 0.669271 1.61769 0.00023097 0.0101334 -0.000282643
143.06 9.59191 0.66914 1.61762 0.000245674 0.0101915 -0.000281636
143.079 9.59332 0.669008 1.61755 0.000256968 0.0101674 -0.000279656
143.099 9.59467 0.668875 1.61749 0.000319762 0.0101298 -0.000276746
143.12 9.59594 0.668741 1.61743 0.000349054 0.0101696 -0.000275081
143.139 9.59714 0.668607 1.61736 0.000374939 0.0101853 -0.000276485
143.16 9.59827 0.668471 1.61729 0.000415769 0.0099923 -0.000274269
143.18 9.59933 0.668335 1.61722 0.000464398 0.00998518 -0.000273995
143.2 9.60032 0.668197 1.61715 0.000415787 0.00992277 -0.000273016
143.221 9.60126 0.668058 1.61709 0.000416976 0.0101718 -0.000269679
143.241 9.60213 0.667918 1.61702 0.000446121 0.00989747 -0.000267303
143.262 9.60295 0.667776 1.61695 0.0004838 0.00996136 -0.000265409
143.281 9.60369 0.667633 1.61688 0.000571666 0.00970663 -0.000263056
143.301 9.60439 0.667488 1.61681 0.000552154 0.00975751 -0.000263711
143.323 9.60505 0.667342 1.61675 0.000556251 0.00974442 -0.000262439
143.342 9.60565 0.667194 1.61669 0.000530808 0.00972397 -0.00026052
143.363 9.60621 0.667045 1.61664 0.000453225 0.00977779 -0.000258483
143.382 9.60671 0.666894 1.61659 0.000418186 0.00963651 -0.00025831
143.402 9.6072 0.666742 1.61655 0.00040158 0.00975513 -0.000257276
143.423 9.60767 0.666589 1.61651 0.000404984 0.0098991 -0.000255314
143.442 9.6081 0.666435 1.61647 0.000417504 0.00970195 -0.000254112
143.465 9.60852 0.666279 1.61642 0.000435433 0.00967704 -0.000253132
143.484 9.60892 0.666123 1.61637 0.000459821 0.00961294 -0.000252178
143.503 9.6093 0.665965 1.61632 0.000464657 0.00962676 -0.000251468
143.525 9.60967 0.665806 1.61626 0.000441523 0.00960582 -0.000249869
143.543 9.61002 0.665646 1.6162 0.000438719 0.00954018 -0.000247427
143.565 9.61037 0.665484 1.61614 0.000378979 0.00962762 -0.000245175
143.584 9.6107 0.665322 1.61608 0.000397957 0.00955898 -0.000240194
143.604 9.61101 0.665158 1.61601 0.00042428 0.0094501 -0.000237091
143.626 9.61131 0.664993 1.61595 0.0004451 0.00946947 -0.000235021
143.645 9.61159 0.664828 1.61589 0.000449477 0.00951764 -0.00023339
143.666 9.61186 0.664661 1.61582 0.000450458 0.00950078 -0.000229882
143.685 9.61211 0.664492 1.61575 0.000445229 0.00948414 -0.000226636
143.706 9.61234 0.664323 1.61568 0.000456258 0.00945188 -0.00022443
143.727 9.61256 0.664152 1.61561 0.00046901 0.00939167 -0.000222584
143.745 9.61278 0.66398 1.61554 0.000454174 0.00962358 -0.000221044
143.767 9.61298 0.663807 1.61547 0.000409531 0.00945401 -0.000218945
143.786 9.61317 0.663633 1.6154 0.000362682 0.00957472 -0.000215199
143.806 9.61335 0.663459 1.61533 0.000269947 0.00949898 -0.000217443
143.828 9.61353 0.663285 1.61528 -9.48593e-05 0.00963368 -0.000222975
143.847 9.61371 0.663114 1.61522 -0.000684243 0.00951435 -0.000229384
143.87 9.61389 0.662947 1.61517 -0.0013319 0.00951639 -0.000234034
143.887 9.61407 0.662785 1.61512 -0.00197918 0.00955318 -0.000237457
143.907 9.61425 0.662632 1.61507 -0.0025558 0.00952505 -0.000242781
143.93 9.61443 0.662488 1.61502 -0.00305648 0.00962899 -0.000248582
143.948 9.61461 0.662357 1.61498 -0.00348126 0.00960417 -0.000255754
143.969 9.61478 0.662238 1.61493 -0.0037923 0.0095717 -0.000260507
143.988 9.61494 0.662135 1.61489 -0.00399885 0.00959107 -0.000265967
144.008 9.6151 0.662047 1.61484 -0.00412314 0.00961612 -0.000270621
144.03 9.61525 0.661975 1.61479 -0.00417177 0.00956366 -0.000274551
144.048 9.61541 0.661919 1.61474 -0.0041422 0.00968334 -0.000278897
144.069 9.61556 0.661879 1.61469 -0.00407627 0.0097666 -0.000284072
144.089 9.61569 0.661855 1.61464 -0.00395646 0.00962393 -0.000286622
144.109 9.61582 0.661846 1.6146 -0.0037843 0.00963199 -0.000290568
144.132 9.61594 0.661852 1.61455 -0.00357117 0.00968098 -0.00029398
144.15 9.61606 0.661872 1.61452 -0.00336516 0.00975416 -0.00029904
144.171 9.61617 0.661905 1.61448 -0.00318562 0.00979437 -0.000302763
144.19 9.61626 0.66195 1.61445 -0.00296355 0.00967733 -0.000305265
144.21 9.61635 0.662007 1.61442 -0.00272564 0.00974061 -0.0003085
144.231 9.61644 0.662074 1.6144 -0.00249483 0.0098806 -0.000311964
144.251 9.61651 0.66215 1.61438 -0.00220051 0.00980534 -0.000315136
144.272 9.61657 0.662235 1.61437 -0.00188813 0.00979235 -0.00031747
144.291 9.61662 0.662326 1.61436 -0.00161887 0.00981129 -0.000319706
144.311 9.61666 0.662425 1.61435 -0.00143132 0.00981989 -0.000322277
144.333 9.61668 0.662528 1.61434 -0.00126407 0.0097523 -0.00032397
144.352 9.6167 0.662636 1.61433 -0.00102475 0.0099127 -0.000324772
144.372 9.61671 0.662747 1.61432 -0.000702126 0.00988907 -0.000325042
144.392 9.61672 0.662861 1.61432 -0.000382052 0.0101151 -0.00032683
144.413 9.61668 0.662975 1.61433 5.12793e-05 0.00976673 -0.000327051
144.433 9.61663 0.663086 1.61434 0.000747623 0.0097996 -0.000326103
144.453 9.61656 0.663193 1.61437 0.00167411 0.00994256 -0.000324833
144.474 9.61647 0.663293 1.6144 0.0025973 0.0100495 -0.000324891
144.493 9.61636 0.663383 1.61443 0.00346386 0.00998294 -0.000324218
144.513 9.61621 0.663459 1.61446 0.00433086 0.0100124 -0.000322427
144.535 9.61604 0.663517 1.61448 0.00514692 0.0100564 -0.000322468
144.556 9.61585 0.663556 1.61451 0.00592092 0.0100209 -0.000325957
144.574 9.61564 0.663572 1.61454 0.0065639 0.0101478 -0.000327623
144.594 9.6154 0.663563 1.61457 0.00711014 0.00997651 -0.000330093
144.614 9.61515 0.663526 1.6146 0.00758775 0.0100589 -0.000331137
144.635 9.61487 0.66346 1.61463 0.00801061 0.0100546 -0.000333069
144.655 9.61457 0.663364 1.61467 0.00834383 0.0100462 -0.000335656
144.675 9.61425 0.663235 1.6147 0.00868054 0.0100435 -0.000339912
144.695 9.61391 0.663073 1.61473 0.00893068 0.0101737 -0.000343092
144.715 9.61354 0.662876 1.61476 0.0091558 0.0101653 -0.00034524
144.737 9.61314 0.662645 1.61479 0.00938303 0.0100462 -0.000348652
144.756 9.61272 0.662378 1.61481 0.00958739 0.0100893 -0.00035043
144.776 9.61228 0.662074 1.61485 0.00973131 0.0101999 -0.000352026
144.796 9.61181 0.661733 1.61487 0.0098653 0.0102074 -0.000355248
144.816 9.61131 0.661355 1.6149 0.00995961 0.0102249 -0.000355276
144.837 9.61079 0.660939 1.61493 0.0100567 0.0102593 -0.000357519
144.857 9.61025 0.660485 1.61495 0.0101886 0.010259 -0.000360354
144.879 9.60967 0.659993 1.61497 0.0103229 0.0100699 -0.000364809
144.897 9.60909 0.659462 1.615 0.0104165 0.0102079 -0.000367033
144.917 9.60848 0.658892 1.61503 0.0105033 0.0102572 -0.000369862
144.939 9.60783 0.658283 1.61506 0.0106051 0.0100831 -0.000374383
144.958 9.60717 0.657633 1.61509 0.0107345 0.0100814 -0.00037773
144.978 9.60647 0.656945 1.61512 0.0108257 0.0102097 -0.000374853
144.998 9.60574 0.656214 1.61515 0.0111191 0.0101008 -0.000374479
145.018 9.60499 0.655443 1.61519 0.0113986 0.00999427 -0.000376525
145.039 9.60421 0.65463 1.61524 0.0115067 0.0101347 -0.000378148
145.059 9.6034 0.653776 1.61528 0.0115027 0.0100692 -0.000381156
145.079 9.60257 0.65288 1.61533 0.0114715 0.0102799 -0.000382056
145.1 9.6017 0.65194 1.61537 0.011634 0.0100423 -0.000385752
145.119 9.6008 0.650958 1.61542 0.0118437 0.0100486 -0.000384462
145.141 9.59989 0.649933 1.61548 0.0118805 0.0101078 -0.000386322
145.159 9.59894 0.648866 1.61553 0.0118296 0.0101713 -0.00038273
145.18 9.59797 0.647756 1.61558 0.0117636 0.0101969 -0.000383555
145.2 9.59697 0.646603 1.61562 0.0118031 0.0100476 -0.000387071
145.22 9.59595 0.645407 1.61567 0.011848 0.0100835 -0.000388802
145.243 9.5949 0.644169 1.61572 0.0118785 0.0101248 -0.00039025
145.261 9.59383 0.642888 1.61576 0.0119047 0.010127 -0.000391831
145.282 9.59274 0.641565 1.6158 0.0119351 0.0100185 -0.000393243
145.301 9.59163 0.640201 1.61584 0.0118768 0.0100621 -0.000395845
145.321 9.5905 0.638794 1.61588 0.011711 0.0101707 -0.000398955
145.344 9.58935 0.637347 1.61591 0.0114527 0.0100852 -0.000401647
145.362 9.58817 0.63586 1.61594 0.0112881 0.010098 -0.000401286
145.383 9.58697 0.634331 1.61597 0.0113282 0.0100644 -0.000402874
145.403 9.58573 0.632762 1.61601 0.0116005 0.0101919 -0.000398557
145.422 9.58445 0.631151 1.61605 0.0121397 0.0104786 -0.000389846
145.443 9.58309 0.629493 1.61612 0.0134241 0.0101919 -0.000381217
145.463 9.58167 0.627783 1.6162 0.0152417 0.0101254 -0.00036874
145.484 9.58018 0.626019 1.61631 0.0171812 0.0102715 -0.000349512
145.503 9.57861 0.624193 1.61641 0.0190144 0.0102521 -0.000336879
145.523 9.57699 0.6223 1.61652 0.0207032 0.0103521 -0.000326156
145.546 9.57531 0.620333 1.61663 0.0222144 0.0103 -0.000321639
145.564 9.57356 0.618286 1.61675 0.0234981 0.0103338 -0.000318046
145.587 9.57176 0.616155 1.61686 0.0244819 0.0104397 -0.000312999
145.604 9.56991 0.613937 1.61698 0.0252743 0.0106247 -0.0003094
145.624 9.56798 0.611628 1.61709 0.0259111 0.0103565 -0.000318712
145.646 9.56602 0.609225 1.61721 0.0263405 0.0106672 -0.000317888
145.665 9.56398 0.606729 1.61733 0.0265896 0.0105315 -0.000327353
145.685 9.5619 0.604137 1.61745 0.0267892 0.0106642 -0.000331612
145.706 9.55975 0.601448 1.61757 0.026912 0.0105131 -0.000342197
145.726 9.55756 0.598664 1.61769 0.0269049 0.0106215 -0.000346398
145.748 9.55531 0.595784 1.6178 0.0267793 0.0105395 -0.000355812
145.766 9.55301 0.592809 1.61791 0.0266755 0.0106485 -0.000360473
145.787 9.55064 0.589739 1.61802 0.0265618 0.0104865 -0.000373286
145.806 9.54823 0.586575 1.61813 0.0264121 0.0104227 -0.000383679
145.826 9.54578 0.583319 1.61823 0.0260963 0.0105132 -0.000396015
145.848 9.54329 0.579973 1.61833 0.0256654 0.0105157 -0.000413011
145.867 9.54075 0.576537 1.61842 0.0251152 0.0104226 -0.000430402
145.889 9.53816 0.573015 1.61852 0.0244752 0.0103819 -0.000440526
145.908 9.53554 0.569409 1.61861 0.0237584 0.0103371 -0.000449436
145.927 9.53289 0.565722 1.61869 0.0229746 0.0103256 -0.000459569
145.949 9.53022 0.561958 1.61877 0.0221032 0.0103345 -0.000471163
145.968 9.5275 0.55812 1.61884 0.0212104 0.0104681 -0.000480894
145.99 9.52472 0.554208 1.6189 0.0208249 0.0101243 -0.000493586
146.008 9.5219 0.550223 1.61898 0.0210266 0.0102861 -0.000483952
146.028 9.519 0.546168 1.61905 0.0215552 0.0101599 -0.00048119
146.05 9.51607 0.542039 1.61913 0.0222795 0.0103942 -0.000468846
146.068 9.51307 0.537837 1.61919 0.0229908 0.0100495 -0.000468799
146.089 9.51005 0.533562 1.61927 0.0231728 0.0102472 -0.000467962
146.109 9.50699 0.529213 1.61934 0.0227634 0.010095 -0.000477649
146.129 9.50391 0.52479 1.61941 0.0220921 0.0101187 -0.000480995
146.151 9.50079 0.520297 1.61948 0.0212137 0.0100509 -0.00048687
146.17 9.49765 0.515736 1.61955 0.0202105 0.010043 -0.000496781
146.19 9.4945 0.511112 1.6196 0.019054 0.0100015 -0.000506511
146.21 9.49134 0.506431 1.61965 0.0175742 0.010005 -0.000515716
146.23 9.48816 0.501697 1.6197 0.0159382 0.00998646 -0.000523321
146.251 9.48498 0.496916 1.61974 0.014299 0.0100304 -0.000529161
146.27 9.48179 0.492093 1.61978 0.0128251 0.00982432 -0.00053644
146.291 9.47858 0.487235 1.61981 0.011542 0.00986813 -0.000539837
146.311 9.47536 0.482346 1.61985 0.0105061 0.0099891 -0.000541376
146.331 9.4721 0.477427 1.61988 0.0101555 0.00920501 -0.000542526
146.352 9.46886 0.472485 1.61995 0.00967298 0.0101293 -0.000533497
146.371 9.4656 0.467524 1.62004 0.00881437 0.01032 -0.000531981
146.392 9.46231 0.46254 1.62015 0.00860175 0.00963517 -0.000532147
146.412 9.45901 0.457536 1.62028 0.0085991 0.00987416 -0.000525629
146.432 9.45571 0.452517 1.62043 0.00839129 0.0106741 -0.000521875
146.453 9.45233 0.447477 1.62057 0.00886104 0.0101052 -0.000516012
146.473 9.44888 0.442411 1.62073 0.0103844 0.00952142 -0.000500447
146.494 9.44544 0.437322 1.62091 0.0118634 0.0100329 -0.000482533
146.513 9.44195 0.432207 1.62109 0.0125254 0.00998081 -0.00048032
146.533 9.43846 0.427063 1.62127 0.0126511 0.00978233 -0.000479195
146.556 9.43496 0.421889 1.62144 0.012298 0.0098878 -0.000477218
146.573 9.43144 0.416685 1.62159 0.0117376 0.00985185 -0.00047658
146.595 9.42792 0.411453 1.62172 0.0110055 0.00979587 -0.000476886
146.614 9.42439 0.406195 1.62183 0.0102128 0.00980323 -0.000480337
146.634 9.42085 0.400915 1.62193 0.00942519 0.00975924 -0.000478606
146.655 9.4173 0.395615 1.622 0.00864356 0.00965051 -0.000475339
146.674 9.41375 0.390298 1.62206 0.0079018 0.00993328 -0.000470689
146.695 9.41019 0.384968 1.62211 0.00713177 0.00992469 -0.000471649
146.715 9.40662 0.379626 1.62215 0.00652276 0.00980968 -0.000471049
146.736 9.40306 0.374276 1.62218 0.00588012 0.00995707 -0.000469349
146.757 9.39949 0.36892 1.62221 0.00514149 0.00990146 -0.000467957
146.775 9.39594 0.363563 1.62223 0.00438694 0.00999108 -0.000465266
146.797 9.39238 0.358205 1.62224 0.00360334 0.00991811 -0.000463113
146.816 9.38884 0.352851 1.62225 0.00284256 0.00998214 -0.000464719
146.836 9.38529 0.347502 1.62226 0.00221835 0.00981253 -0.00046664
146.859 9.38176 0.342161 1.62227 0.00155221 0.00979507 -0.00046234
146.877 9.37823 0.336833 1.62227 0.00084418 0.0097966 -0.00046438
146.898 9.37471 0.331517 1.62228 0.000219894 0.00976434 -0.000464315
146.918 9.37119 0.326218 1.62228 -0.000383037 0.00975782 -0.000465573
146.938 9.36768 0.320938 1.62228 -0.000940539 0.0096556 -0.000467428
146.96 9.36419 0.315677 1.62228 -0.0014208 0.00967317 -0.000465381
146.978 9.36071 0.310439 1.62228 -0.00186385 0.00969286 -0.000465585
146.999 9.35724 0.305225 1.62228 -0.00226234 0.0096728 -0.00046041
147.019 9.35379 0.300036 1.62228 -0.00270154 0.00965273 -0.000457055
147.039 9.35036 0.294876 1.62228 -0.00319098 0.00956554 -0.000457766
147.062 9.34694 0.289745 1.62228 -0.00373226 0.0097161 -0.000454923
147.079 9.34355 0.284645 1.62228 -0.00434893 0.00965617 -0.000452287
147.1 9.34017 0.279579 1.62229 -0.0049185 0.00962286 -0.00045127
147.119 9.33682 0.274548 1.6223 -0.00541032 0.00961577 -0.000447707
147.139 9.33349 0.269554 1.62231 -0.00584464 0.00959585 -0.000441726
147.162 9.33018 0.264598 1.62232 -0.00619738 0.00951796 -0.000433705
147.18 9.32689 0.259682 1.62232 -0.00648815 0.00957988 -0.000427787
147.201 9.32363 0.254809 1.62233 -0.00686293 0.009474 -0.000423239
147.22 9.32039 0.249978 1.62234 -0.00725845 0.00954115 -0.00041847
147.24 9.31718 0.24519 1.62236 -0.00763976 0.00954976 -0.000413892
147.264 9.31399 0.240449 1.62237 -0.00804396 0.00955206 -0.000411086
147.281 9.31084 0.235754 1.6224 -0.00845507 0.00972102 -0.000410655
147.301 9.3077 0.231107 1.62242 -0.00879421 0.0095905 -0.000405551
147.321 9.30457 0.226507 1.62244 -0.00870032 0.00941197 -0.000398611
147.342 9.30146 0.221955 1.62248 -0.00831744 0.00951348 -0.000391525
147.363 9.29837 0.21745 1.62252 -0.00812894 0.00973601 -0.000389145
147.382 9.29529 0.212992 1.62258 -0.00789559 0.00948774 -0.000383239
147.402 9.29223 0.208578 1.62264 -0.00749606 0.00954445 -0.000381649
147.422 9.28919 0.204209 1.62271 -0.00719003 0.00965118 -0.000375456
147.442 9.28617 0.199882 1.62277 -0.00705291 0.00965508 -0.000370145
147.463 9.28317 0.195598 1.62283 -0.00704904 0.0096461 -0.00036439
147.483 9.28019 0.191356 1.62288 -0.00709496 0.0095521 -0.000357976
147.504 9.27724 0.187155 1.62293 -0.00721895 0.00956919 -0.000353677
147.523 9.27431 0.182996 1.62297 -0.00740866 0.00959112 -0.000347934
147.543 9.27142 0.17888 1.62301 -0.0076358 0.00956904 -0.000338563
147.565 9.26855 0.174808 1.62303 -0.00790161 0.00945035 -0.000327308
147.584 9.26571 0.17078 1.62306 -0.0082179 0.00948377 -0.000317487
147.605 9.26291 0.166797 1.62307 -0.00854992 0.00954163 -0.000315506
147.624 9.26014 0.16286 1.62309 -0.00890245 0.00950279 -0.000311787
147.645 9.25741 0.158971 1.6231 -0.00928862 0.00946554 -0.000308677
147.667 9.25471 0.155131 1.6231 -0.00968569 0.00946022 -0.000305713
147.685 9.25204 0.151342 1.6231 -0.0101041 0.00945045 -0.00029464
147.705 9.24941 0.147604 1.6231 -0.0105575 0.00936861 -0.000289773
147.725 9.24682 0.14392 1.6231 -0.0110284 0.00940283 -0.000284803
147.745 9.24427 0.140291 1.62309 -0.0115087 0.00942245 -0.000280892
147.766 9.24177 0.136718 1.62309 -0.0119075 0.00943265 -0.000273195
147.786 9.2393 0.133203 1.62308 -0.0122256 0.00942359 -0.000266333
147.806 9.23687 0.129747 1.62307 -0.0124783 0.00942145 -0.000259076
147.826 9.23449 0.126351 1.62306 -0.0127397 0.00948936 -0.000257232
147.846 9.23213 0.123015 1.62304 -0.0129947 0.00934976 -0.000247487
147.868 9.22982 0.119741 1.62304 -0.0131701 0.00942001 -0.00024433
147.887 9.22755 0.116529 1.62303 -0.0132627 0.00943019 -0.000239359
147.908 9.22531 0.113378 1.62302 -0.0133367 0.00941994 -0.000232981
147.927 9.22311 0.11029 1.62302 -0.013338 0.00948666 -0.000226295
147.947 9.22095 0.107263 1.62302 -0.0132777 0.00950797 -0.000218435
147.968 9.21883 0.104299 1.62302 -0.013245 0.00951356 -0.000209653
147.988 9.21675 0.101395 1.62302 -0.0132414 0.00943343 -0.000201876
148.009 9.21471 0.0985536 1.62303 -0.0132321 0.00949222 -0.000194455
148.029 9.21271 0.0957726 1.62303 -0.0132147 0.00959621 -0.000189293
148.049 9.21074 0.0930524 1.62304 -0.0132208 0.00957978 -0.000178701
148.069 9.2088 0.0903928 1.62304 -0.013227 0.00946183 -0.000167097
148.089 9.20691 0.0877936 1.62304 -0.013251 0.00962826 -0.000161156
148.11 9.20505 0.0852543 1.62305 -0.013208 0.00971308 -0.000151969
148.13 9.20322 0.0827746 1.62306 -0.0131113 0.00964338 -0.000144149
148.15 9.20142 0.0803544 1.62306 -0.0130544 0.00955012 -0.000135748
148.173 9.19967 0.077993 1.62307 -0.0129687 0.00971122 -0.000129312
148.192 9.19794 0.0756895 1.62308 -0.0128278 0.00969576 -0.000122128
148.212 9.19625 0.0734437 1.62309 -0.0126801 0.00963137 -0.000112844
148.232 9.1946 0.0712547 1.6231 -0.0125232 0.00963783 -0.00010397
148.253 9.19297 0.0691217 1.62311 -0.0123657 0.00963259 -9.63698e-05
148.274 9.19138 0.067044 1.62312 -0.0121931 0.00957786 -8.78336e-05
148.293 9.18982 0.0650207 1.62313 -0.0120263 0.00970313 -7.69667e-05
148.314 9.1883 0.0630512 1.62314 -0.0118776 0.00960619 -6.64352e-05
148.334 9.18681 0.0611343 1.62316 -0.011688 0.00958454 -6.00463e-05
148.353 9.18534 0.0592689 1.62317 -0.0114442 0.00952958 -5.38429e-05
148.375 9.18391 0.0574545 1.62319 -0.0112226 0.0096422 -4.71002e-05
148.393 9.18252 0.0556903 1.6232 -0.0110718 0.00966988 -3.84186e-05
148.414 9.18115 0.053975 1.62322 -0.0109079 0.00966456 -3.17072e-05
148.433 9.17981 0.0523078 1.62323 -0.0107309 0.00967241 -2.73999e-05
148.453 9.1785 0.050688 1.62323 -0.0105555 0.0096887 -2.38608e-05
148.476 9.17723 0.0491148 1.62324 -0.0104058 0.00969994 -2.10323e-05
148.494 9.17598 0.0475873 1.62324 -0.0102546 0.00970386 -1.66755e-05
148.515 9.17477 0.0461048 1.62323 -0.010085 0.00970235 -1.23443e-05
148.534 9.17358 0.0446664 1.62322 -0.00991662 0.00969986 -7.46362e-06
148.556 9.17243 0.0432716 1.62321 -0.00976382 0.0097038 6.19725e-07
148.575 9.1713 0.0419195 1.6232 -0.00962637 0.00970412 9.98734e-06
148.595 9.1702 0.0406094 1.62318 -0.00950036 0.00970424 1.58325e-05
148.616 9.16914 0.0393407 1.62316 -0.009363 0.00971024 2.35171e-05
148.635 9.16811 0.0381127 1.62313 -0.00922605 0.00977103 3.51191e-05
148.655 9.16709 0.036925 1.62311 -0.00912204 0.00969567 4.43176e-05
148.677 9.16611 0.0357767 1.62309 -0.00899615 0.00971214 4.8705e-05
148.695 9.16516 0.0346672 1.62307 -0.00884251 0.00974549 5.1254e-05
148.716 9.16424 0.0335959 1.62306 -0.00868411 0.00973512 5.54119e-05
148.736 9.16334 0.032562 1.62305 -0.00852027 0.00979372 5.82886e-05
148.757 9.16248 0.0315648 1.62303 -0.00835595 0.00980319 6.27713e-05
148.778 9.16163 0.0306035 1.62303 -0.00818854 0.00976687 6.62743e-05
148.798 9.1608 0.0296775 1.62302 -0.00805104 0.00970026 7.31459e-05
148.818 9.16 0.0287859 1.62301 -0.00788951 0.00978967 8.09536e-05
148.837 9.15923 0.027928 1.62301 -0.00771764 0.00966247 8.73098e-05
148.858 9.15848 0.0271032 1.62301 -0.00754793 0.00975239 9.26078e-05
148.879 9.15775 0.0263108 1.62302 -0.00742284 0.00983533 9.81509e-05
148.898 9.15705 0.0255501 1.62303 -0.00730702 0.00979338 0.000105982
148.919 9.15636 0.0248205 1.62305 -0.00719308 0.00972969 0.000111801
148.939 9.1557 0.0241213 1.62306 -0.00705445 0.00973847 0.00011568
148.959 9.15506 0.023452 1.62308 -0.00692928 0.00976337 0.000120291
148.98 9.15444 0.0228121 1.62309 -0.00682763 0.009778 0.00012757
148.998 9.15384 0.0222007 1.62311 -0.00667238 0.00978798 0.000131935
149.02 9.15326 0.0216172 1.62312 -0.00649023 0.00979322 0.000138164
149.039 9.15271 0.021061 1.62313 -0.00631487 0.00979741 0.000144995
149.059 9.15217 0.0205314 1.62314 -0.00614597 0.00980395 0.000149363
149.08 9.15165 0.0200277 1.62315 -0.00601911 0.00980639 0.000153666
149.1 9.15116 0.0195495 1.62316 -0.00593422 0.00981382 0.000156393
149.12 9.15068 0.0190962 1.62317 -0.00587677 0.00981779 0.000158546
149.14 9.15023 0.0186673 1.62318 -0.00580001 0.00979082 0.000161322
149.16 9.14979 0.0182622 1.62319 -0.00567613 0.00976613 0.000165256
149.181 9.14938 0.0178803 1.6232 -0.00551117 0.00975386 0.000169713
149.201 9.14898 0.0175212 1.6232 -0.00534163 0.00974394 0.000172787
149.222 9.14861 0.0171842 1.62321 -0.00518089 0.00981789 0.000175692
149.241 9.14825 0.0168686 1.62321 -0.00502304 0.0097037 0.00017929
149.261 9.14791 0.0165737 1.62322 -0.00488247 0.00966367 0.000181635
149.282 9.1476 0.0162994 1.62323 -0.00480683 0.00966192 0.000183492
149.301 9.1473 0.0160451 1.62324 -0.00479742 0.00972542 0.000186406
149.322 9.14702 0.0158105 1.62325 -0.00480127 0.00969385 0.000191075
149.342 9.14674 0.0155949 1.62326 -0.00470204 0.00964844 0.000194982
149.362 9.14648 0.0153979 1.62328 -0.00452032 0.00968231 0.000197648
149.385 9.14624 0.0152189 1.6233 -0.00428932 0.00968392 0.00020004
149.403 9.146 0.0150573 1.62332 -0.00406147 0.00958195 0.000202685
149.424 9.14578 0.014912 1.62334 -0.00382944 0.0095834 0.000203149
149.443 9.14558 0.0147827 1.62336 -0.00366638 0.00961325 0.000207327
149.463 9.1454 0.0146684 1.62339 -0.00356788 0.00965597 0.000210702
149.485 9.14523 0.0145684 1.62341 -0.00343601 0.00958172 0.000213123
149.503 9.14507 0.0144813 1.62343 -0.00318293 0.00954774 0.000214933
149.525 9.14492 0.0144066 1.62346 -0.00286842 0.00954409 0.000217541
149.544 9.14477 0.014343 1.62348 -0.00249307 0.00953523 0.000220989
149.564 9.14464 0.0142891 1.62351 -0.00208712 0.00950518 0.000223569
149.585 9.14451 0.0142437 1.62354 -0.00170317 0.00940639 0.000225414
149.604 9.14439 0.0142053 1.62356 -0.001351 0.00945308 0.000225604
149.625 9.14428 0.0141723 1.62359 -0.00101513 0.00957721 0.00022663
149.645 9.14417 0.0141437 1.62362 -0.000713254 0.00954807 0.000225067
149.665 9.14406 0.014118 1.62366 -0.000426659 0.00950556 0.000223683
149.686 9.14396 0.0140941 1.62369 -0.000156114 0.00950021 0.000223477
149.705 9.14386 0.0140709 1.62371 0.000104405 0.00949908 0.000223146
149.727 9.14376 0.0140475 1.62374 0.000350392 0.00948593 0.000223207
149.746 9.14366 0.0140229 1.62376 0.000573735 0.00948609 0.000222758
149.766 9.14357 0.0139962 1.62378 0.000767266 0.00949341 0.00022267
149.789 9.14348 0.0139669 1.6238 0.000929358 0.00948412 0.00022275
149.807 9.14339 0.0139341 1.62382 0.00106632 0.00948068 0.000221449
149.828 9.1433 0.0138975 1.62383 0.00115771 0.00949062 0.000219683
149.847 9.14322 0.0138568 1.62385 0.00120246 0.00957041 0.000220323
149.867 9.14313 0.0138117 1.62386 0.00121879 0.00950023 0.000220384
149.888 9.14305 0.013762 1.62388 0.00124309 0.00957602 0.00021773
149.907 9.14297 0.0137075 1.6239 0.00126421 0.00949666 0.000215717
149.928 9.14289 0.0136482 1.62392 0.00130077 0.00948882 0.000214055
149.948 9.14282 0.0135841 1.62394 0.00131379 0.00950492 0.000211982
149.968 9.14274 0.0135153 1.62395 0.00128011 0.00951552 0.000215111
149.989 9.14267 0.0134423 1.62397 0.00116443 0.00944298 0.000219062
150.009 9.1426 0.0133653 1.62398 0.000994546 0.00944703 0.000222484
150.031 9.14255 0.0132848 1.62398 0.000791554 0.00953459 0.000225315
150.049 9.14249 0.0132014 1.62399 0.00061075 0.0094494 0.000230164
150.069 9.14244 0.0131156 1.624 0.000478282 0.00940516 0.000232927
150.091 9.14239 0.013028 1.62401 0.000371046 0.00939979 0.000241593
150.11 9.14234 0.0129391 1.62402 0.000298189 0.00939647 0.000246041
150.13 9.14229 0.0128493 1.62403 0.000229804 0.00937292 0.000248873
150.15 9.14224 0.0127589 1.62403 0.000150355 0.00935979 0.000251815
150.17 9.1422 0.0126682 1.62403 9.21134e-05 0.00935498 0.000255979
150.191 9.14215 0.0125771 1.62403 7.01255e-05 0.00935283 0.000258937
150.21 9.14211 0.0124862 1.62402 2.82929e-05 0.00927345 0.000264258
150.231 9.14208 0.0123956 1.62401 -2.98643e-05 0.00930512 0.00026826
150.251 9.14205 0.0123055 1.624 -0.00010707 0.00944875 0.000273791
150.271 9.14203 0.0122159 1.624 -0.000148651 0.00939694 0.000277142
150.292 9.142 0.0121271 1.624 -0.000181905 0.00924763 0.000280696
150.311 9.14199 0.0120395 1.624 -0.000251123 0.00941259 0.000283859
150.332 9.14198 0.0119532 1.624 -0.000305835 0.00940578 0.0002868
150.352 9.14197 0.0118682 1.62401 -0.000342907 0.00934166 0.000289565
150.372 9.14196 0.0117848 1.62402 -0.000380831 0.00933086 0.000293002
150.394 9.14195 0.0117032 1.62402 -0.000415029 0.00933429 0.000296211
150.413 9.14194 0.0116234 1.62403 -0.000432503 0.00933535 0.000299129
150.434 9.14193 0.0115455 1.62403 -0.000447916 0.00925239 0.000301374
150.453 9.14194 0.0114696 1.62403 -0.000474363 0.00938687 0.000305539
150.473 9.14195 0.0113959 1.62403 -0.000496612 0.00937461 0.000309325
150.495 9.14196 0.0113242 1.62403 -0.000498477 0.00931614 0.000313996
150.514 9.14196 0.0112546 1.62403 -0.000483936 0.00921861 0.000317539
150.534 9.14198 0.0111873 1.62403 -0.000493741 0.0092725 0.000320601
150.555 9.142 0.0111222 1.62403 -0.000512308 0.00940439 0.000321716
150.574 9.14203 0.0110594 1.62404 -0.000538961 0.00934554 0.000324463
150.595 9.14206 0.0109987 1.62404 -0.000546143 0.0092948 0.000325168
150.614 9.14209 0.0109403 1.62404 -0.000538328 0.00930895 0.000327459
150.638 9.14212 0.0108842 1.62404 -0.0005255 0.00932264 0.000328119
150.656 9.14215 0.0108303 1.62403 -0.000514399 0.00925609 0.000328967
150.676 9.14218 0.0107786 1.62402 -0.000500138 0.00927634 0.000333278
150.698 9.14223 0.0107291 1.62402 -0.000508935 0.00938704 0.000334981
150.717 9.14228 0.0106819 1.62402 -0.000526234 0.00926308 0.000333805
150.738 9.14234 0.0106368 1.62402 -0.000530927 0.0093418 0.000335405
150.758 9.14241 0.0105937 1.62402 -0.000506511 0.00930036 0.000338286
150.777 9.14247 0.0105528 1.62403 -0.000495396 0.00920058 0.000343237
150.798 9.14254 0.0105142 1.62404 -0.000507647 0.00933514 0.000345093
150.818 9.14262 0.0104776 1.62405 -0.000497847 0.00921613 0.000346368
150.838 9.1427 0.010443 1.62407 -0.000492279 0.0092892 0.000345489
150.859 9.14279 0.0104105 1.62409 -0.000491675 0.00916485 0.000345583
150.878 9.14288 0.0103802 1.6241 -0.000508379 0.00916888 0.000344846
150.899 9.14298 0.0103521 1.62413 -0.000538535 0.00933785 0.000344341
150.919 9.14308 0.010326 1.62415 -0.000545802 0.00921917 0.000344113
150.939 9.14319 0.0103019 1.62417 -0.000532912 0.00922502 0.000345743
150.959 9.1433 0.0102802 1.62419 -0.000532885 0.00924623 0.000345982
150.979 9.14342 0.0102604 1.62421 -0.000515162 0.0091974 0.000349127
151.001 9.14353 0.0102428 1.62424 -0.000494255 0.00923176 0.000351055
151.02 9.14364 0.010227 1.62426 -0.00045545 0.00913854 0.000349568
151.04 9.14377 0.0102132 1.62427 -0.000438167 0.00923912 0.000347583
151.059 9.14389 0.0102013 1.62429 -0.000438827 0.00916605 0.000346481
151.08 9.14402 0.0101911 1.62431 -0.000437239 0.00920962 0.000346466
151.102 9.14416 0.0101827 1.62433 -0.000433325 0.0093273 0.000346276
151.12 9.1443 0.0101761 1.62435 -0.000453788 0.0092986 0.000344652
151.141 9.14444 0.0101712 1.62437 -0.000457742 0.00926184 0.000343639
151.161 9.14458 0.0101681 1.62439 -0.000448099 0.00928289 0.000342305
151.181 9.14473 0.0101667 1.6244 -0.00043202 0.00919054 0.000340848
151.202 9.14488 0.0101672 1.62441 -0.000456785 0.00928488 0.000341044
151.221 9.14504 0.0101694 1.62443 -0.000471884 0.00934938 0.00033826
151.242 9.1452 0.0101732 1.62444 -0.000441213 0.00913747 0.000337003
151.262 9.14537 0.0101788 1.62445 -0.000429628 0.00921004 0.000335588
151.281 9.14553 0.0101862 1.62447 -0.000435993 0.00915464 0.000334169
151.302 9.14571 0.0101954 1.62449 -0.000449782 0.00927808 0.000333153
151.322 9.14589 0.0102063 1.62451 -0.000463226 0.00937826 0.000329396
151.343 9.14607 0.0102186 1.62452 -0.00042854 0.00923735 0.000328775
151.363 9.14626 0.0102328 1.62454 -0.000421179 0.00934681 0.000328346
151.383 9.14646 0.0102487 1.62456 -0.000423799 0.00926992 0.000327799
151.406 9.14666 0.0102661 1.62458 -0.000417519 0.00935501 0.000326156
151.423 9.14686 0.0102849 1.6246 -0.000393754 0.00923527 0.000324772
151.444 9.14707 0.0103053 1.62462 -0.000366294 0.00922218 0.000324183
151.463 9.14728 0.010327 1.62463 -0.000337711 0.00925119 0.000324413
151.484 9.14749 0.0103501 1.62465 -0.000337597 0.00931728 0.000324028
151.506 9.1477 0.0103743 1.62466 -0.000310646 0.00918541 0.000322686
151.524 9.14792 0.0103996 1.62468 -0.000276401 0.00922377 0.0003217
151.546 9.14815 0.0104258 1.62469 -0.000229407 0.00923974 0.000320981
151.566 9.14838 0.0104528 1.6247 -0.000180234 0.00921861 0.000320341
151.585 9.14863 0.0104804 1.62471 -0.00013279 0.00920516 0.000321701
151.607 9.14888 0.0105087 1.62471 -0.000116704 0.00918136 0.000321504
151.625 9.14914 0.0105375 1.62471 -0.000123072 0.0091627 0.000318805
151.648 9.14941 0.0105666 1.62471 -0.000125218 0.00914816 0.000317455
151.666 9.14969 0.0105961 1.6247 -0.000127147 0.00912612 0.000315689
151.686 9.14997 0.0106262 1.62469 -0.000149686 0.00910973 0.000314686
151.709 9.15026 0.0106568 1.62468 -0.000190723 0.00910439 0.000313467
151.726 9.15056 0.0106882 1.62467 -0.000237307 0.0090925 0.00031116
151.747 9.15086 0.0107202 1.62465 -0.000265189 0.00907819 0.000308951
151.766 9.15118 0.0107532 1.62463 -0.00029085 0.00906699 0.00030597
151.786 9.1515 0.0107873 1.62461 -0.000324296 0.00905562 0.000303673
151.807 9.15182 0.0108224 1.62459 -0.000330951 0.00901804 0.000301081
151.827 9.15216 0.0108585 1.62456 -0.000310679 0.00898345 0.000300672
151.848 9.1525 0.0108958 1.62454 -0.000306012 0.00896913 0.000299033
151.868 9.15285 0.0109343 1.62451 -0.000317286 0.00895319 0.000297081
151.888 9.1532 0.0109738 1.62449 -0.000320772 0.00896889 0.00029562
151.909 9.15357 0.0110145 1.62447 -0.000314392 0.00894539 0.00029255
151.928 9.15394 0.0110561 1.62445 -0.000294306 0.00893201 0.000290131
151.95 9.15432 0.0110988 1.62444 -0.000273344 0.00901953 0.00028742
151.969 9.15469 0.0111423 1.62442 -0.000241449 0.00888376 0.00028567
151.988 9.15508 0.0111865 1.62441 -0.000189345 0.00889756 0.000284176
152.012 9.15547 0.0112312 1.6244 -0.000111806 0.00890738 0.000282151
152.029 9.15587 0.0112761 1.62439 -4.17201e-05 0.00890768 0.000280359
152.05 9.15628 0.0113213 1.62438 2.79361e-06 0.00891809 0.000279525
152.069 9.15669 0.0113664 1.62437 2.77691e-05 0.00893041 0.000279099
152.089 9.15711 0.0114113 1.62436 4.38554e-05 0.0089313 0.000278239
152.111 9.15753 0.0114558 1.62435 6.54392e-05 0.00890382 0.000277237
152.13 9.15797 0.0115001 1.62434 6.81818e-05 0.0088777 0.000276171
152.152 9.1584 0.0115441 1.62433 4.14285e-05 0.0088655 0.000275623
152.171 9.15885 0.0115878 1.62433 2.09801e-05 0.00884266 0.000276083
152.191 9.15929 0.0116312 1.62432 2.20329e-05 0.00879951 0.000274772
152.214 9.15975 0.0116744 1.62431 1.6283e-05 0.00877236 0.000272311
152.231 9.16021 0.0117173 1.6243 1.13568e-05 0.00875734 0.000270697
152.252 9.16067 0.0117601 1.62429 3.57494e-06 0.00873757 0.000270881
152.272 9.16115 0.0118028 1.62428 -1.97211e-05 0.00881271 0.000271899
152.292 9.16162 0.0118454 1.62427 -2.60062e-05 0.00871029 0.000271672
152.314 9.1621 0.0118877 1.62427 1.67171e-05 0.00872153 0.000271291
152.332 9.16258 0.0119297 1.62427 6.33832e-05 0.00876371 0.000270984
152.354 9.16308 0.0119715 1.62427 8.57733e-05 0.00888146 0.000272063
152.372 9.16357 0.0120127 1.62427 0.000110804 0.00873554 0.000273065
152.392 9.16407 0.0120535 1.62427 0.000122139 0.00877771 0.000273548
152.414 9.16458 0.0120937 1.62428 0.000132334 0.00882377 0.000274038
152.433 9.16509 0.0121333 1.62429 0.000140992 0.00888826 0.000275261
152.454 9.16561 0.0121723 1.6243 0.000130371 0.0088072 0.00027568
152.473 9.16613 0.0122105 1.62432 0.00013307 0.0087793 0.000275245
152.493 9.16665 0.0122482 1.62434 0.000133218 0.00882256 0.000275344
152.514 9.16718 0.0122852 1.62436 0.000135662 0.00872985 0.000274234
152.534 9.16772 0.0123215 1.62438 0.000144891 0.00868275 0.00027533
152.557 9.16828 0.0123571 1.62441 0.000151779 0.00873128 0.000273132
152.575 9.16886 0.0123922 1.62444 0.000138238 0.00887391 0.00027144
152.594 9.16946 0.0124265 1.62447 0.00013407 0.00889356 0.000271641
152.616 9.17006 0.0124601 1.62449 0.0001542 0.00868125 0.000271665
152.636 9.17068 0.0124929 1.62452 0.000183928 0.00868279 0.00027184
152.656 9.17131 0.0125249 1.62455 0.000208046 0.00871759 0.000272081
152.676 9.17196 0.012556 1.62458 0.000222198 0.00870336 0.000273599
152.695 9.17262 0.0125863 1.6246 0.000221344 0.00868638 0.000273751
152.717 9.17329 0.0126156 1.62462 0.000221566 0.0086849 0.000271831
152.736 9.17397 0.012644 1.62464 0.000221231 0.00867722 0.000268133
152.757 9.17466 0.0126715 1.62466 0.00020544 0.00866751 0.000266907
152.776 9.17537 0.0126983 1.62467 0.000162598 0.00866858 0.000263993
152.797 9.17609 0.0127244 1.62469 0.000117018 0.00877598 0.000262857
152.817 9.17682 0.0127497 1.62469 0.000106504 0.00875786 0.000263552
152.837 9.17755 0.0127744 1.6247 0.000103532 0.00866416 0.000263183
152.859 9.1783 0.0127987 1.62471 9.9905e-05 0.00868207 0.000261336
152.877 9.17906 0.0128226 1.62473 8.49043e-05 0.00879728 0.000263239
152.898 9.17982 0.0128461 1.62474 6.86122e-05 0.00870957 0.000263738
152.918 9.1806 0.0128692 1.62475 6.61934e-05 0.00881583 0.000262475
152.938 9.18139 0.0128919 1.62476 6.85771e-05 0.00870514 0.000262086
152.96 9.18218 0.0129142 1.62477 8.66216e-05 0.00862481 0.000261921
152.978 9.18299 0.0129362 1.62479 7.89465e-05 0.00877262 0.000261621
152.999 9.1838 0.0129578 1.62481 7.81369e-05 0.00865073 0.000260929
153.019 9.18462 0.0129789 1.62483 0.000100367 0.00856795 0.000261855
153.039 9.18545 0.0129998 1.62486 8.46075e-05 0.00862018 0.00026229
153.06 9.18629 0.0130203 1.62488 6.78891e-05 0.00876884 0.000259287
153.08 9.18714 0.0130404 1.62491 4.54066e-05 0.00877912 0.000258065
153.1 9.18799 0.0130603 1.62494 3.32691e-05 0.00876184 0.000257427
153.122 9.18885 0.0130799 1.62497 3.32213e-05 0.00877856 0.000255146
153.14 9.18971 0.0130994 1.62499 3.34615e-05 0.00879246 0.000253939
153.161 9.19057 0.0131186 1.62501 3.7626e-05 0.00879667 0.000253362
153.181 9.19144 0.0131374 1.62502 6.20712e-05 0.00880525 0.00025307
153.201 9.19231 0.013156 1.62503 8.97059e-05 0.00879908 0.00025291
153.222 9.19319 0.0131742 1.62503 0.000112688 0.00879562 0.000252818
153.241 9.19407 0.0131918 1.62503 0.000137444 0.00882767 0.000252795
153.262 9.19496 0.0132088 1.62503 0.000170818 0.00881225 0.00025279
153.282 9.19585 0.0132253 1.62503 0.000181712 0.00868853 0.000251755
153.302 9.19675 0.0132409 1.62502 0.00019937 0.00856694 0.000250485
153.326 9.19767 0.013256 1.62502 0.000166091 0.00865767 0.000249961
153.342 9.19861 0.0132705 1.62502 0.000123215 0.00875042 0.000248835
153.364 9.19957 0.0132846 1.62502 6.14492e-05 0.00893829 0.00024815
153.383 9.20053 0.0132981 1.62502 4.40873e-05 0.0086577 0.000247835
153.403 9.20151 0.0133114 1.62503 3.2276e-05 0.00852869 0.000247175
153.425 9.2025 0.0133244 1.62504 3.19985e-05 0.00864197 0.000248293
153.443 9.20352 0.0133374 1.62505 1.7207e-05 0.00866894 0.000246563
153.465 9.20455 0.0133503 1.62506 -1.4674e-06 0.00866383 0.000245633
153.484 9.2056 0.0133632 1.62506 -2.37907e-05 0.00859476 0.000245215
153.504 9.20665 0.013376 1.62506 -3.36405e-05 0.00858162 0.000245079
153.525 9.20771 0.0133889 1.62506 -3.02763e-05 0.0083841 0.00024519
153.544 9.2088 0.013402 1.62505 -5.34251e-05 0.00848838 0.000245293
153.566 9.20991 0.0134153 1.62506 -7.23728e-05 0.00858023 0.000245448
153.584 9.21105 0.0134288 1.62506 -8.45434e-05 0.00862837 0.000245561
153.605 9.21221 0.0134424 1.62506 -7.95657e-05 0.00850488 0.000247095
153.625 9.21339 0.0134564 1.62507 -7.88645e-05 0.00839694 0.000247535
153.646 9.21459 0.0134707 1.62507 -9.51227e-05 0.0085054 0.000247385
153.666 9.2158 0.0134851 1.62507 -7.11362e-05 0.00836941 0.000247678
153.686 9.21703 0.0134996 1.62508 -3.77686e-05 0.00838792 0.000248168
153.706 9.21827 0.0135144 1.62508 -1.87466e-05 0.00842034 0.000248454
153.729 9.21953 0.0135293 1.62508 -1.32177e-05 0.00842569 0.000248074
153.747 9.22082 0.0135441 1.62507 -3.28863e-08 0.0085225 0.000247429
153.769 9.22211 0.0135588 1.62507 2.88984e-05 0.00849022 0.000244248
153.788 9.22341 0.0135734 1.62506 4.93538e-05 0.00843674 0.000242978
153.807 9.22472 0.0135878 1.62505 6.07821e-05 0.00849165 0.000243228
153.829 9.22604 0.0136018 1.62504 9.13131e-05 0.00841574 0.00024211
153.847 9.22739 0.0136155 1.62504 0.00010069 0.00845915 0.000242072
153.869 9.22874 0.0136289 1.62504 0.000100916 0.00851583 0.00024147
153.888 9.23012 0.0136418 1.62503 0.000102804 0.00852589 0.000240781
153.908 9.23151 0.0136543 1.62503 9.76811e-05 0.00858531 0.000239863
153.929 9.23292 0.0136664 1.62503 8.21223e-05 0.00848042 0.000240522
153.949 9.23434 0.0136783 1.62503 5.45611e-05 0.00863401 0.000240325
153.969 9.23577 0.0136899 1.62504 3.18768e-05 0.00862382 0.00024046
153.989 9.23721 0.0137012 1.62504 2.87705e-05 0.00850617 0.000240819
154.009 9.23867 0.0137124 1.62505 1.26014e-05 0.00862715 0.000238783
154.03 9.24015 0.0137235 1.62507 1.21094e-05 0.00871618 0.000237104
154.05 9.24163 0.0137344 1.62508 2.62866e-05 0.00865349 0.0002366
154.07 9.24313 0.0137452 1.6251 3.03672e-05 0.00858091 0.000236469
154.091 9.24464 0.0137558 1.62511 4.09069e-05 0.0084886 0.000236641
154.11 9.24616 0.0137664 1.62513 1.9844e-05 0.00859351 0.000236923
154.131 9.24769 0.0137768 1.62515 2.40414e-05 0.00857256 0.000237282
154.15 9.24925 0.0137869 1.62517 4.58915e-05 0.00859504 0.000237124
154.171 9.2508 0.0137968 1.62519 6.33992e-05 0.00843127 0.000237118
154.191 9.25238 0.0138066 1.62521 6.09523e-05 0.00850994 0.000237511
154.211 9.25398 0.0138163 1.62524 3.1658e-05 0.00866494 0.000238014
154.232 9.25558 0.0138257 1.62526 2.38937e-05 0.00857833 0.000235694
154.251 9.25719 0.013835 1.62529 1.58505e-05 0.00837989 0.000234325
154.273 9.25884 0.013844 1.62532 3.80919e-05 0.00844752 0.000234062
154.291 9.2605 0.013853 1.62534 4.62298e-05 0.0084651 0.000234237
154.311 9.26219 0.0138619 1.62537 2.06347e-05 0.00864088 0.000234528
154.333 9.26389 0.0138705 1.62539 3.1706e-05 0.00842585 0.000234982
154.352 9.26561 0.0138789 1.62542 3.87033e-05 0.00838398 0.000235467
154.373 9.26734 0.0138874 1.62546 6.9162e-06 0.00829837 0.000235487
154.392 9.2691 0.0138959 1.6255 -2.54382e-05 0.00841801 0.000235563
154.413 9.27088 0.0139043 1.62554 -2.48528e-05 0.00861276 0.000235681
154.435 9.27266 0.013913 1.62557 -5.56769e-05 0.00841359 0.000235064
154.453 9.27445 0.0139218 1.62561 -8.97409e-05 0.00843214 0.000233753
154.473 9.27625 0.0139309 1.62565 -0.000103758 0.00863075 0.000232255
154.494 9.27806 0.0139403 1.62569 -0.000110277 0.008613 0.000229604
154.513 9.27985 0.0139503 1.62573 -0.000145532 0.00837403 0.000229378
154.535 9.28168 0.0139604 1.62576 -0.000115509 0.00863065 0.000227374
154.554 9.2835 0.0139704 1.6258 -2.12985e-05 0.00820127 0.000226777
154.575 9.28537 0.013981 1.62585 -5.743e-06 0.00854937 0.00022576
154.594 9.28724 0.0139917 1.6259 -1.52179e-05 0.00847224 0.000224894
154.615 9.28913 0.0140024 1.62596 -7.92063e-06 0.00839509 0.000224597
154.635 9.29103 0.014013 1.62602 1.51202e-05 0.00848289 0.000224554
154.655 9.29295 0.0140234 1.62608 5.07074e-05 0.00851718 0.000224626
154.676 9.29488 0.0140337 1.62613 7.81456e-05 0.00848588 0.000224796
154.696 9.29683 0.0140436 1.62617 9.8078e-05 0.00845435 0.000225088
154.716 9.29879 0.0140532 1.62621 0.000110276 0.00843091 0.000225497
154.738 9.30077 0.0140623 1.62623 0.000126628 0.00841535 0.000223124
154.756 9.30276 0.0140709 1.62624 0.000143246 0.00840794 0.000221253
154.777 9.30477 0.014079 1.62625 0.000144078 0.00841591 0.000219892
154.797 9.3068 0.0140867 1.62624 0.00011413 0.00845432 0.000219365
154.817 9.30884 0.0140939 1.62624 8.34279e-05 0.0084175 0.000218492
154.838 9.31089 0.0141008 1.62623 5.26516e-05 0.00839824 0.000214097
154.857 9.31297 0.0141073 1.62621 5.21138e-05 0.00845611 0.000212007
154.878 9.31505 0.0141136 1.62619 4.69141e-05 0.00846654 0.000209412
154.897 9.31713 0.0141195 1.62617 6.88353e-05 0.00833062 0.000210239
154.917 9.31924 0.0141253 1.62616 6.82043e-05 0.00840957 0.000209611
154.939 9.32136 0.0141309 1.62615 5.2917e-05 0.00846536 0.000207635
154.958 9.3235 0.0141362 1.62614 4.58261e-05 0.00844018 0.000205645
154.979 9.32565 0.0141414 1.62613 2.50297e-05 0.00851347 0.000204886
154.999 9.32782 0.0141465 1.62612 9.65833e-06 0.00848388 0.000204508
155.019 9.33 0.0141514 1.62611 1.77765e-06 0.0084588 0.000204357
155.04 9.3322 0.0141563 1.6261 1.64913e-06 0.00828142 0.000204484
155.059 9.33442 0.0141614 1.62609 -2.65271e-05 0.00836518 0.000203245
155.08 9.33667 0.0141666 1.62609 -4.78014e-05 0.00862151 0.000202007
155.101 9.33894 0.0141719 1.62608 -7.46297e-05 0.00856758 0.000201613
155.12 9.34122 0.0141774 1.62609 -8.16355e-05 0.00847447 0.000201686
155.143 9.34352 0.0141832 1.62609 -8.63369e-05 0.00849795 0.00020169
155.161 9.34583 0.0141893 1.62609 -8.85811e-05 0.00848419 0.00020002
155.182 9.34815 0.0141958 1.62609 -9.79758e-05 0.0084855 0.000199767
155.201 9.35049 0.0142027 1.62609 -0.000108773 0.0085621 0.000199953
155.221 9.35283 0.0142099 1.6261 -0.000112661 0.0085428 0.00020036
155.244 9.35519 0.0142176 1.6261 -0.000112288 0.00835776 0.000200008
155.261 9.35759 0.0142257 1.62612 -0.000127062 0.00870072 0.000199759
155.283 9.36 0.0142343 1.62614 -0.000136642 0.00864041 0.000201307
155.302 9.36242 0.0142432 1.62617 -0.000128174 0.00848075 0.000202534
155.323 9.36486 0.0142527 1.6262 -0.000126828 0.00849255 0.000202715
155.345 9.36731 0.0142626 1.62624 -0.000117724 0.00848365 0.000203274
155.363 9.36978 0.0142729 1.62626 -0.000103411 0.00843653 0.000204917
155.384 9.37225 0.0142835 1.62628 -6.67038e-05 0.00838325 0.000205302
155.404 9.37475 0.0142942 1.6263 -1.36945e-05 0.00835205 0.000206437
155.424 9.37725 0.0143048 1.62631 5.39929e-05 0.00833556 0.000207907
155.445 9.37977 0.0143152 1.62631 0.000108873 0.00802987 0.000209586
155.464 9.38232 0.0143256 1.62631 0.000105149 0.00842192 0.000208917
155.486 9.3849 0.0143355 1.62633 9.28887e-05 0.00847833 0.000210903
155.506 9.3875 0.014345 1.62635 8.76109e-05 0.0084161 0.000213078
155.525 9.3901 0.0143541 1.62638 9.77801e-05 0.00826951 0.000215182
155.546 9.39273 0.0143627 1.62641 0.000111457 0.00829658 0.000215672
155.565 9.39538 0.0143709 1.62644 0.000102347 0.00811287 0.000216377
155.586 9.39807 0.0143789 1.62648 6.33653e-05 0.0083266 0.000213073
155.606 9.4008 0.0143862 1.62652 9.19408e-05 0.00826979 0.000212171
155.626 9.40356 0.0143932 1.62657 0.000100746 0.00812294 0.00021258
155.648 9.40636 0.0144 1.62662 8.96948e-05 0.00807941 0.000213588
155.666 9.4092 0.0144064 1.62666 7.77917e-05 0.00808359 0.000214949
155.687 9.41207 0.0144123 1.62669 8.46745e-05 0.00808206 0.000215126
155.706 9.41497 0.0144179 1.62671 9.90693e-05 0.00808922 0.000214747
155.726 9.41791 0.0144231 1.62673 0.000104678 0.00812043 0.000215644
155.748 9.42088 0.0144279 1.62675 0.000112157 0.00812734 0.000216403
155.767 9.42389 0.0144322 1.62675 0.000128271 0.008196 0.000214097
155.788 9.42692 0.0144361 1.62675 0.000138967 0.00816698 0.000213085
155.808 9.42998 0.0144394 1.62674 0.000141064 0.00811533 0.000213751
155.827 9.43307 0.0144422 1.62673 0.000136707 0.00813353 0.000215006
155.85 9.43618 0.0144446 1.62671 0.000121603 0.00816538 0.000214214
155.868 9.43932 0.0144464 1.62669 0.000110752 0.0081172 0.000213572
155.889 9.4425 0.0144478 1.62667 0.000116108 0.00828503 0.000212359
155.908 9.44569 0.0144487 1.62664 9.90506e-05 0.00819368 0.000211932
155.928 9.4489 0.0144495 1.62662 5.8103e-05 0.00823874 0.000209256
155.95 9.45213 0.0144499 1.62661 4.09578e-05 0.00827234 0.000209534
155.968 9.45537 0.01445 1.62659 4.29862e-05 0.00828253 0.000209864
155.989 9.45864 0.0144499 1.62657 4.57048e-05 0.00828919 0.000209506
156.009 9.46192 0.0144497 1.62655 4.68931e-05 0.00806137 0.000209256
156.029 9.46523 0.0144498 1.62653 -3.3128e-05 0.00823691 0.000206781
156.051 9.46859 0.0144497 1.62652 -5.83979e-05 0.00834144 0.000205985
156.069 9.47198 0.0144496 1.62651 -4.92232e-05 0.00827822 0.00020617
156.091 9.47542 0.0144498 1.6265 -4.65819e-05 0.00843467 0.000207031
156.111 9.47886 0.0144501 1.62649 -3.91518e-05 0.00823345 0.000208373
156.13 9.48234 0.0144504 1.62649 -1.74092e-05 0.00825625 0.000208786
156.153 9.48583 0.0144512 1.6265 -5.43331e-05 0.00845997 0.000210167
156.171 9.48932 0.0144517 1.62651 -3.73018e-06 0.00790774 0.000209613
156.191 9.49284 0.0144527 1.62654 -2.34239e-05 0.00799114 0.000209575
156.211 9.4964 0.0144539 1.62658 -5.97599e-05 0.00856605 0.000209088
156.231 9.49996 0.0144552 1.62664 -9.44274e-05 0.0084839 0.000209368
156.256 9.50352 0.0144566 1.6267 -8.01264e-05 0.00833141 0.000210813
156.272 9.5071 0.0144584 1.62676 -6.69604e-05 0.00833664 0.000213029
156.292 9.51069 0.0144604 1.62681 -5.7898e-05 0.00837935 0.000215587
156.312 9.51429 0.0144626 1.62685 -3.86095e-05 0.00839416 0.000217964
156.332 9.51789 0.014465 1.62688 -3.10856e-05 0.00839423 0.000218289
156.354 9.52151 0.0144675 1.6269 -2.85758e-05 0.00839048 0.000219931
156.372 9.52514 0.0144702 1.62691 -1.95182e-05 0.00838082 0.000220417
156.393 9.52877 0.0144728 1.62691 -1.077e-07 0.00837386 0.000219178
156.413 9.53242 0.0144755 1.6269 1.79537e-05 0.00836077 0.000220359
156.433 9.53607 0.0144779 1.62688 5.47858e-05 0.00840522 0.000219707
156.454 9.53973 0.0144802 1.62686 8.73831e-05 0.00831347 0.00021832
156.474 9.5434 0.0144822 1.62683 0.000100947 0.00848773 0.000217005
156.496 9.54707 0.0144841 1.6268 6.80455e-05 0.00848731 0.000217784
156.514 9.55074 0.0144857 1.62677 4.9346e-05 0.00844395 0.00021698
156.534 9.5544 0.014487 1.62674 4.35698e-05 0.00841026 0.000217951
156.557 9.55807 0.0144882 1.62672 2.94783e-05 0.00857444 0.000217116
156.575 9.56172 0.0144887 1.62669 8.65e-05 0.00779301 0.00021942
156.596 9.56543 0.0144897 1.62668 3.23695e-05 0.00827733 0.000222459
156.615 9.56918 0.0144906 1.6267 -3.9199e-05 0.00867843 0.000223752
156.636 9.57296 0.0144913 1.62674 -5.26534e-05 0.00846693 0.0002238
156.658 9.57678 0.0144922 1.62679 -5.63745e-05 0.00823066 0.000223501
156.676 9.58063 0.0144934 1.62683 -7.12498e-05 0.00820966 0.000224868
156.698 9.58451 0.0144948 1.62688 -7.21325e-05 0.00818765 0.000223065
156.717 9.58842 0.0144965 1.62692 -6.43077e-05 0.008178 0.000221745
156.737 9.59236 0.0144983 1.62695 -5.13249e-05 0.00811476 0.000221555
156.758 9.59634 0.0145004 1.62698 -2.86655e-05 0.00798253 0.000217194
156.778 9.60035 0.0145024 1.627 1.38042e-06 0.00806352 0.000218105
156.798 9.6044 0.0145045 1.62701 2.38353e-05 0.00805093 0.000217694
156.817 9.60847 0.0145066 1.62702 3.13238e-05 0.00801307 0.000215755
156.837 9.61257 0.0145086 1.62703 3.98363e-05 0.00801929 0.000213174
156.858 9.61671 0.0145104 1.62702 6.07959e-05 0.00802603 0.000210813
156.878 9.62087 0.014512 1.62701 6.65531e-05 0.00803649 0.000209604
156.899 9.62506 0.0145135 1.62699 5.39937e-05 0.00807803 0.000210266
156.918 9.62929 0.0145146 1.62697 5.44837e-05 0.00812176 0.000211514
156.938 9.63354 0.0145155 1.62694 6.87629e-05 0.00814652 0.00021154
156.959 9.63782 0.0145162 1.62691 7.96498e-05 0.00815415 0.000210896
156.979 9.64214 0.0145166 1.62687 7.54744e-05 0.00816874 0.000211167
156.999 9.64648 0.0145169 1.62684 4.3201e-05 0.00817488 0.000209787
157.019 9.65086 0.0145171 1.6268 -6.43261e-07 0.00824823 0.000208769
157.039 9.65525 0.0145173 1.62675 -3.13106e-05 0.00816952 0.00020879
157.06 9.65967 0.0145176 1.62671 -6.27343e-05 0.008134 0.000205959
157.08 9.6641 0.014518 1.62667 -7.20423e-05 0.00785735 0.000204842
157.103 9.66858 0.0145189 1.62663 -0.000100625 0.00806666 0.00020277
157.12 9.67311 0.01452 1.6266 -0.000120936 0.00825984 0.000204265
157.14 9.67769 0.0145217 1.62658 -0.000135399 0.00846696 0.00020599
157.162 9.68229 0.0145235 1.62657 -0.000103871 0.00825916 0.000206129
157.181 9.68691 0.0145257 1.62656 -6.06851e-05 0.00798375 0.000206924
157.202 9.69155 0.0145283 1.62656 -5.0648e-05 0.00804451 0.000208312
157.221 9.69621 0.0145311 1.62656 -3.76125e-05 0.00814918 0.000209692
157.241 9.70089 0.0145339 1.62657 -3.665e-07 0.00817063 0.000208051
157.263 9.7056 0.0145367 1.62657 2.20213e-05 0.00835821 0.000208702
157.282 9.71032 0.0145396 1.62656 3.69387e-05 0.0083569 0.000209233
157.302 9.71504 0.0145422 1.62656 6.1147e-05 0.00828009 0.000209954
157.322 9.71977 0.0145446 1.62655 7.86982e-05 0.00831075 0.000211876
157.342 9.7245 0.0145468 1.62654 6.89901e-05 0.00829178 0.000213758
157.363 9.72925 0.014549 1.62653 3.0216e-05 0.00845646 0.000212886
157.383 9.734 0.0145508 1.62651 2.35585e-05 0.00844695 0.000213841
157.406 9.73876 0.0145525 1.62649 3.26189e-05 0.00840017 0.000211503
157.424 9.74352 0.0145541 1.62647 2.64047e-05 0.00843179 0.000211634
157.444 9.74829 0.0145557 1.62645 7.0961e-06 0.00846449 0.000211525
157.466 9.75306 0.0145572 1.62643 4.67159e-07 0.00837008 0.000212139
157.486 9.75785 0.0145588 1.6264 -1.97638e-05 0.00845161 0.000212721
157.508 9.76265 0.0145605 1.62637 -5.08868e-05 0.00854921 0.000213358
157.525 9.76746 0.0145625 1.62634 -0.000103608 0.00864931 0.000214347
157.546 9.77227 0.0145651 1.62631 -0.000170805 0.00818685 0.000215876
157.568 9.77714 0.0145672 1.62629 -6.78933e-05 0.00838813 0.000214873
157.586 9.78202 0.0145707 1.62628 -0.000133401 0.00880045 0.000215632
157.607 9.78687 0.0145741 1.62628 -0.000118732 0.00769668 0.000219064
157.626 9.7918 0.0145782 1.62631 -0.00014315 0.00790351 0.000218784
157.646 9.79682 0.0145828 1.62636 -0.000128133 0.00838639 0.000219677
157.667 9.80191 0.0145876 1.62642 -9.629e-05 0.00809814 0.000222743
157.686 9.80709 0.014593 1.62647 -9.0457e-05 0.00783573 0.000223406
157.855 9.81239 0.0145983 1.62653 2.8687e-06 0.00750354 0.000222578
157.874 9.81782 0.0146046 1.62658 -7.24508e-05 0.00753744 0.000227262
157.894 9.82342 0.0146106 1.62665 -4.52557e-05 0.0072661 0.0002226
157.916 9.82918 0.0146169 1.6267 -4.15731e-05 0.0063095 0.000224637
157.935 9.83522 0.0146233 1.62675 -2.17025e-05 0.00641691 0.000229665
157.956 9.84157 0.0146288 1.62681 0.000151186 0.00584092 0.00022834
157.975 9.8483 0.0146352 1.62687 5.72531e-05 0.00568169 0.000243189
157.996 9.85547 0.0146419 1.62694 -9.82627e-05 0.00590394 0.000250618
158.016 9.86311 0.014648 1.62702 -4.24798e-05 0.00519312 0.000245446
158.035 9.87122 0.0146549 1.6271 -0.000107641 0.00485083 0.000256208
158.056 9.87983 0.0146624 1.62719 -0.000155783 0.00442567 0.000262154
158.076 9.88896 0.0146685 1.62728 9.40883e-05 0.00205054 0.000270447
158.096 9.89881 0.0146794 1.62749 -0.000563007 0.00503501 0.000344327
158.118 9.90933 0.0146898 1.62784 -0.00060173 0.00596981 0.000324917
158.136 9.92031 0.0146987 1.62825 1.28253e-05 0.00132952 0.000287411
158.157 9.93195 0.0147108 1.62878 8.26658e-05 0.00229355 0.000314938
158.177 9.94416 0.0147244 1.62941 -0.000167669 0.00378961 0.000355168
158.197 9.95686 0.0147384 1.63009 -0.000382003 0.00365122 0.000392797
158.219 9.97008 0.0147507 1.63081 -6.23118e-05 0.00318012 0.000381888
158.238 9.98372 0.0147646 1.63154 4.09482e-05 0.00354357 0.000386567
158.259 9.99772 0.0147771 1.63225 0.000379288 0.00253741 0.000375559
158.278 10.012 0.014789 1.63293 0.000599193 0.00192354 0.000373819
158.299 10.0267 0.0148012 1.63356 0.000437079 0.00322036 0.000390006
158.32 10.0415 0.0148113 1.63415 0.000372183 0.00346426 0.000399474
158.339 10.0566 0.0148203 1.63466 0.000254442 0.00416892 0.000406413
158.36 10.0718 0.0148276 1.63509 0.000269132 0.00474851 0.000406548
158.38 10.0871 0.0148336 1.63544 0.000347006 0.00477245 0.000404109
158.399 10.1026 0.0148411 1.63573 1.91316e-05 0.00799944 0.000409507
158.422 10.118 0.0148416 1.63597 0.000739602 0.00295321 0.000446312
158.44 10.1336 0.0148438 1.63636 0.000710278 0.00628813 0.000492577
158.462 10.1495 0.0148458 1.63685 0.000283727 0.0117062 0.000534986
158.48 10.1651 0.0148444 1.6373 0.00014459 0.0107574 0.00062151
158.5 10.1806 0.0148415 1.63775 0.000167104 0.00906346 0.00068744
158.522 10.1958 0.014839 1.63819 3.14061e-05 0.0107142 0.000748265
158.541 10.2109 0.0148338 1.63859 0.000366361 0.0127047 0.000812847
158.562 10.2257 0.0148287 1.63894 0.000496466 0.0126781 0.000818419
158.581 10.2399 0.0148244 1.63926 0.000144486 0.00952463 0.000825427
158.601 10.254 0.0148156 1.63961 0.000372157 0.0113436 0.000871846
158.623 10.2679 0.0148079 1.63998 0.000188508 0.0153312 0.000890905
158.642 10.2813 0.0147965 1.64027 0.000391082 0.0142739 0.000929798
158.663 10.2943 0.0147843 1.64051 0.000456275 0.0129773 0.000947893
158.682 10.3068 0.0147715 1.64071 0.000295477 0.0141718 0.000959753
158.702 10.3189 0.0147544 1.64089 0.000584402 0.0146835 0.00100248
158.724 10.3303 0.014737 1.64105 0.000514797 0.0147973 0.000992225
158.743 10.3411 0.0147182 1.64119 0.000300769 0.0160225 0.000979355
158.763 10.3512 0.0146969 1.64129 0.000180975 0.0159655 0.00097964
158.783 10.3605 0.0146734 1.64136 0.000202978 0.0143281 0.000984211
158.803 10.3692 0.0146491 1.64143 0.000144236 0.0140951 0.000976187
158.824 10.3772 0.0146237 1.64151 9.92893e-05 0.0148341 0.000971769
158.844 10.3847 0.0145976 1.64158 5.53058e-05 0.0164858 0.000964694
158.865 10.3916 0.0145704 1.64159 5.41967e-05 0.0148436 0.000960957
158.885 10.3979 0.0145428 1.64161 2.96339e-05 0.0151716 0.000951479
158.904 10.4037 0.0145145 1.64162 3.11324e-05 0.0144394 0.00094079
158.926 10.4092 0.0144859 1.64163 2.78118e-05 0.015216 0.000929248
158.944 10.4141 0.0144562 1.64161 9.15292e-05 0.0138813 0.000916488
158.965 10.4186 0.0144264 1.64158 8.93372e-05 0.0138582 0.000900184
158.985 10.4227 0.0143957 1.64151 0.000127756 0.0125007 0.000880831
159.006 10.4265 0.0143646 1.64144 0.000138199 0.0127247 0.000862405
159.026 10.43 0.0143329 1.64134 0.000129858 0.0117798 0.00083722
159.045 10.4332 0.0143008 1.64121 0.000109279 0.011457 0.000809816
159.068 10.4361 0.0142683 1.64105 5.49656e-05 0.0109661 0.000783067
159.086 10.4387 0.0142352 1.64087 5.38931e-05 0.0110253 0.000764768
159.107 10.4411 0.0142014 1.64063 0.000108791 0.00994589 0.00073944
159.129 10.4433 0.014167 1.64036 0.000174695 0.00960517 0.000712285
159.147 10.4452 0.0141321 1.64006 0.000211085 0.00904877 0.000682662
159.17 10.4469 0.0140967 1.63974 0.000173362 0.00922435 0.00065708
159.187 10.4483 0.0140601 1.63938 0.000233804 0.00833103 0.000636442
159.207 10.4495 0.0140214 1.63899 0.000426254 0.00597281 0.000626103
159.23 10.4506 0.0139852 1.6387 -5.70501e-05 0.00864011 0.000606912
159.248 10.4516 0.0139467 1.63852 -0.00012892 0.00867503 0.000597925
159.268 10.4526 0.0139076 1.63841 4.17881e-06 0.00745011 0.000588275
159.287 10.4535 0.0138691 1.63835 4.56437e-05 0.00714958 0.000578296
159.308 10.4543 0.0138312 1.6383 -3.64258e-05 0.00703849 0.000568511
159.33 10.4551 0.0137932 1.63825 -5.5927e-05 0.00723031 0.000559877
159.348 10.4557 0.0137551 1.63819 7.22968e-06 0.00603476 0.000553192
159.37 10.4563 0.0137165 1.63816 0.000170598 0.0059439 0.000546664
159.389 10.4568 0.0136777 1.63812 0.000266632 0.00587383 0.000539755
159.409 10.4573 0.0136384 1.63808 0.00029301 0.00582333 0.000533618
159.43 10.4577 0.0135984 1.63803 0.00025894 0.00554372 0.000525912
159.449 10.458 0.0135572 1.63799 0.000258954 0.00525557 0.000522335
159.47 10.4583 0.0135146 1.63796 0.000348003 0.00529262 0.000519124
159.49 10.4585 0.0134714 1.63794 0.000337854 0.00545503 0.000514474
159.51 10.4586 0.0134272 1.63792 0.000298869 0.00531086 0.000510759
159.531 10.4587 0.013382 1.63789 0.000262126 0.00549406 0.000507011
159.551 10.4587 0.0133354 1.63786 0.000284825 0.00548985 0.000503489
159.573 10.4587 0.0132877 1.63783 0.00031199 0.00538296 0.000500033
159.591 10.4586 0.0132389 1.63779 0.000360167 0.00531259 0.000497042
159.611 10.4585 0.0131888 1.63775 0.000410658 0.00535408 0.000494633
159.634 10.4583 0.0131378 1.6377 0.000372634 0.00544467 0.000493191
159.652 10.4581 0.0130855 1.63764 0.000328679 0.00558592 0.000492642
159.673 10.4579 0.013032 1.63758 0.000318974 0.00551227 0.000490736
159.692 10.4576 0.0129773 1.6375 0.000316296 0.0055537 0.00048777
159.712 10.4573 0.0129213 1.63742 0.000338466 0.00553012 0.00048447
159.733 10.4569 0.012864 1.63733 0.000398105 0.00553795 0.000481129
159.752 10.4566 0.0128054 1.63723 0.000428375 0.0054674 0.00047938
159.774 10.4562 0.0127454 1.63712 0.000448194 0.00549307 0.000480118
159.793 10.4557 0.0126837 1.63702 0.000487863 0.00556316 0.000479294
159.813 10.4553 0.0126199 1.63691 0.000587586 0.00543704 0.000478697
159.835 10.4548 0.0125545 1.63679 0.000625763 0.00552737 0.00047759
159.854 10.4543 0.0124864 1.63667 0.000701314 0.00555303 0.000478554
159.875 10.4538 0.0124159 1.63655 0.000781144 0.00558546 0.00047806
159.894 10.4532 0.0123425 1.63643 0.00086284 0.00551471 0.0004766
159.914 10.4527 0.012266 1.63631 0.000929689 0.00552366 0.000476024
159.936 10.4521 0.0121862 1.63618 0.000973121 0.0055327 0.00047608
159.955 10.4515 0.0121031 1.63606 0.000984779 0.00554431 0.000476143
159.976 10.4509 0.0120164 1.63594 0.000997829 0.00571087 0.000476509
159.995 10.4502 0.0119261 1.63582 0.00100784 0.00559923 0.000475818
160.016 10.4496 0.011832 1.63569 0.00104247 0.00562331 0.00047661
160.037 10.4489 0.011734 1.63558 0.00107741 0.00558234 0.000479593
160.056 10.4482 0.0116321 1.63546 0.00110705 0.00560997 0.000482864
160.077 10.4476 0.0115261 1.63535 0.00114338 0.00565494 0.000484665
160.097 10.4469 0.0114161 1.63524 0.00116499 0.00568489 0.000488725
160.117 10.4462 0.0113021 1.63513 0.00115833 0.00572036 0.000489869
160.137 10.4454 0.0111839 1.63501 0.00114815 0.00566422 0.000491632
160.157 10.4447 0.0110617 1.6349 0.00111008 0.00579866 0.000493443
160.177 10.444 0.0109354 1.6348 0.00111155 0.00586185 0.000494097
160.197 10.4433 0.0108049 1.6347 0.00112942 0.00573532 0.000497034
160.217 10.4425 0.0106705 1.6346 0.00114579 0.00574049 0.000500202
160.239 10.4418 0.0105321 1.63451 0.00114055 0.0057834 0.000502042
160.258 10.4411 0.0103899 1.63442 0.00111808 0.00578074 0.000504851
160.28 10.4403 0.0102437 1.63433 0.00108878 0.00584305 0.000509337
160.299 10.4396 0.0100937 1.63425 0.00106858 0.00573796 0.000511891
160.318 10.4388 0.00993994 1.63416 0.00105483 0.00578762 0.000513773
160.34 10.4381 0.00978243 1.63409 0.00106064 0.00586421 0.000516826
160.358 10.4373 0.00962121 1.63401 0.00107945 0.00577196 0.000518612
160.38 10.4365 0.00945635 1.63394 0.00108505 0.00588468 0.000521574
160.4 10.4358 0.00928778 1.63388 0.00108926 0.00581747 0.000524225
160.419 10.435 0.00911555 1.63382 0.00108644 0.00594746 0.00052656
160.441 10.4343 0.00893953 1.63376 0.00109451 0.0059938 0.000529781
160.46 10.4335 0.00875972 1.63371 0.00111378 0.00597453 0.000533171
160.481 10.4328 0.00857607 1.63367 0.00113821 0.00592068 0.000536652
160.5 10.432 0.0083885 1.63362 0.00116873 0.00597866 0.000541647
160.52 10.4313 0.00819701 1.63359 0.0011927 0.0058785 0.000543379
160.541 10.4305 0.00800148 1.63355 0.00121298 0.00587685 0.000546205
160.561 10.4298 0.00780193 1.63353 0.00121745 0.00595872 0.000549242
160.582 10.429 0.00759836 1.6335 0.00120152 0.00607264 0.000553495
160.601 10.4283 0.0073907 1.63348 0.00119575 0.00596108 0.000555975
160.622 10.4276 0.00717882 1.63346 0.00122072 0.00598059 0.000560608
160.643 10.4269 0.0069628 1.63345 0.00125294 0.00614023 0.000566294
160.662 10.4261 0.00674245 1.63343 0.00130353 0.00611381 0.000569401
160.683 10.4254 0.00651759 1.63343 0.0013682 0.00612102 0.00057522
160.702 10.4247 0.006288 1.63343 0.00144839 0.0060876 0.000578783
160.722 10.424 0.0060536 1.63344 0.0015076 0.00623895 0.000582835
160.743 10.4233 0.00581399 1.63345 0.00157291 0.00621478 0.000585761
160.763 10.4226 0.00556884 1.63346 0.00166316 0.00614168 0.000588063
160.784 10.4218 0.00531799 1.63349 0.00174966 0.00618763 0.000590338
160.803 10.4211 0.00506059 1.63352 0.00191329 0.00612323 0.000594849
160.823 10.4204 0.00479578 1.63355 0.00219352 0.00611537 0.000599427
160.845 10.4197 0.0045233 1.6336 0.00245988 0.00615318 0.000602938
160.864 10.419 0.00424251 1.63364 0.00265025 0.00616344 0.000605667
160.885 10.4184 0.00395249 1.63368 0.0027987 0.00616432 0.000607911
160.904 10.4177 0.00365253 1.63372 0.00293441 0.00617564 0.000609664
160.924 10.417 0.0033423 1.63375 0.0030245 0.006183 0.00061259
160.945 10.4163 0.0030214 1.63379 0.00308876 0.00618933 0.000614938
160.965 10.4157 0.0026894 1.63382 0.00316056 0.00619864 0.000617708
160.986 10.415 0.00234632 1.63384 0.00319716 0.00620831 0.000619786
161.006 10.4144 0.00199201 1.63387 0.00320664 0.00622075 0.000621302
161.025 10.4138 0.00162629 1.63389 0.00321547 0.00623005 0.000622557
161.046 10.4131 0.00124915 1.6339 0.00322985 0.00624204 0.000623631
161.066 10.4125 0.00086065 1.63392 0.00323349 0.00626079 0.000624536
161.087 10.4119 0.000460977 1.63393 0.00319833 0.00623578 0.000625158
161.106 10.4113 5.00888e-05 1.63395 0.00315922 0.00627271 0.000625701
161.126 10.4107 -0.000371793 1.63396 0.00311024 0.00631703 0.000628644
161.151 10.4101 -0.000804397 1.63398 0.0030462 0.0063724 0.000630869
161.168 10.4096 -0.00124761 1.634 0.00299597 0.00633867 0.000632703
161.188 10.409 -0.00170151 1.63402 0.00301099 0.00632953 0.000633614
161.208 10.4085 -0.00216571 1.63404 0.00301994 0.00635097 0.000635834
161.228 10.4079 -0.00264007 1.63406 0.0030049 0.00637858 0.000637295
161.25 10.4074 -0.00312456 1.63408 0.00297066 0.00640177 0.000639061
161.269 10.4068 -0.0036191 1.63409 0.00293717 0.00640731 0.000639844
161.289 10.4063 -0.00412396 1.63411 0.00297035 0.0064056 0.00064382
161.309 10.4058 -0.0046391 1.63413 0.00304887 0.00640939 0.000646397
161.329 10.4053 -0.00516419 1.63415 0.00307325 0.00641869 0.000647186
161.351 10.4048 -0.0056994 1.63418 0.00306142 0.00642218 0.000648593
161.369 10.4043 -0.00624472 1.6342 0.00302643 0.00642229 0.000648468
161.39 10.4038 -0.00679996 1.63422 0.0029633 0.00642607 0.000648117
161.41 10.4033 -0.00736499 1.63425 0.00289729 0.00643857 0.000648759
161.43 10.4029 -0.00793956 1.63427 0.00283463 0.00645078 0.000650189
161.452 10.4024 -0.00852327 1.6343 0.00275781 0.00646133 0.00065028
161.47 10.4019 -0.00911591 1.63432 0.00268032 0.00647192 0.000654449
161.491 10.4015 -0.00971758 1.63435 0.00268192 0.00647397 0.000654922
161.51 10.401 -0.0103282 1.63438 0.00275712 0.00639908 0.000653253
161.53 10.4006 -0.0109479 1.63441 0.0028526 0.00651114 0.000652288
161.553 10.4002 -0.0115766 1.63445 0.00292636 0.00655006 0.000652982
161.571 10.3998 -0.0122146 1.63448 0.00298376 0.00651542 0.00065512
161.592 10.3994 -0.0128623 1.63453 0.00304628 0.00648533 0.000655444
161.612 10.399 -0.0135202 1.63457 0.00317081 0.00646812 0.000655792
161.631 10.3986 -0.0141881 1.63461 0.00324065 0.00645891 0.000656238
161.653 10.3982 -0.014866 1.63466 0.00321753 0.00648849 0.000657468
161.672 10.3978 -0.0155543 1.63471 0.00319195 0.00645868 0.000657874
161.693 10.3974 -0.0162525 1.63476 0.0031215 0.00640738 0.000656522
161.712 10.3971 -0.0169605 1.63481 0.00301661 0.00639213 0.000656644
161.732 10.3967 -0.0176779 1.63486 0.00288982 0.00639663 0.000657734
161.754 10.3964 -0.0184043 1.63491 0.002761 0.00639352 0.000656634
161.773 10.396 -0.0191391 1.63497 0.00261598 0.00639072 0.000657799
161.793 10.3957 -0.0198817 1.63502 0.00247324 0.00640738 0.000660748
161.813 10.3954 -0.0206326 1.63507 0.00250858 0.00639131 0.000661659
161.833 10.395 -0.021392 1.63512 0.00270442 0.00639411 0.000662323
161.857 10.3947 -0.0221597 1.63517 0.00294467 0.00645769 0.000664103
161.873 10.3944 -0.0229366 1.63522 0.00319335 0.00659054 0.000663831
161.894 10.3941 -0.0237237 1.63528 0.0034802 0.00644155 0.000663143
161.914 10.3938 -0.0245218 1.63533 0.00373569 0.0065518 0.000663631
161.934 10.3935 -0.0253318 1.63538 0.00397353 0.00647684 0.000665658
161.956 10.3932 -0.0261546 1.63544 0.00418387 0.00655514 0.000666911
161.974 10.3929 -0.026991 1.6355 0.00435161 0.0065534 0.000667978
161.996 10.3926 -0.0278415 1.63556 0.00450222 0.00668074 0.000668803
162.015 10.3923 -0.028707 1.63562 0.00464353 0.00657504 0.00066833
162.035 10.3921 -0.0295878 1.63569 0.00478302 0.00652866 0.000667679
162.056 10.3918 -0.0304841 1.63575 0.00485797 0.00665657 0.000667331
162.076 10.3915 -0.0313964 1.63581 0.00491127 0.00654481 0.000667445
162.097 10.3913 -0.0323251 1.63588 0.00497157 0.00652574 0.000668043
162.117 10.391 -0.03327 1.63595 0.00499204 0.00662622 0.000668089
162.136 10.3907 -0.0342311 1.63601 0.00497313 0.00662623 0.000666007
162.16 10.3905 -0.0352088 1.63607 0.0049808 0.00659642 0.000664745
162.178 10.3902 -0.0362028 1.63613 0.00499172 0.00655948 0.000663421
162.199 10.39 -0.0372134 1.63618 0.00503389 0.00663862 0.000661899
162.218 10.3897 -0.0382406 1.63623 0.00511708 0.00650628 0.000661435
162.238 10.3895 -0.0392846 1.63628 0.00519799 0.00661548 0.000660197
162.26 10.3892 -0.0403454 1.63634 0.00525417 0.00665283 0.000658588
162.279 10.389 -0.0414234 1.6364 0.00530275 0.00660902 0.000656937
162.301 10.3887 -0.0425185 1.63645 0.00533116 0.00659173 0.000655576
162.319 10.3885 -0.0436308 1.63651 0.00533731 0.00659822 0.000656403
162.339 10.3882 -0.0447602 1.63656 0.00530412 0.00652389 0.000655862
162.362 10.388 -0.0459063 1.63661 0.00520825 0.00668669 0.000657497
162.38 10.3878 -0.0470691 1.63666 0.00510996 0.00663089 0.000658073
162.401 10.3875 -0.0482482 1.63672 0.00502176 0.00653894 0.000659366
162.42 10.3873 -0.0494432 1.63678 0.00492439 0.00656939 0.000659429
162.44 10.387 -0.0506536 1.63683 0.00485084 0.00657578 0.000657709
162.464 10.3868 -0.0518793 1.63689 0.00479084 0.00656439 0.000654658
162.48 10.3866 -0.0531197 1.63694 0.00472764 0.00655974 0.000655112
162.503 10.3863 -0.0543746 1.637 0.00466498 0.00656176 0.000655762
162.521 10.3861 -0.0556445 1.63705 0.00472617 0.00656285 0.000655854
162.541 10.3858 -0.0569297 1.6371 0.00493749 0.00656872 0.000654528
162.564 10.3856 -0.0582303 1.63716 0.00517279 0.00657282 0.000652618
162.581 10.3854 -0.0595468 1.63721 0.00538227 0.00658239 0.000650839
162.602 10.3851 -0.0608792 1.63726 0.00542448 0.0065857 0.00065054
162.622 10.3849 -0.0622275 1.63732 0.00530854 0.00658557 0.000650526
162.642 10.3846 -0.063592 1.63737 0.00514544 0.00658097 0.000651998
162.663 10.3844 -0.0649721 1.63742 0.00497491 0.00658421 0.000650129
162.682 10.3841 -0.0663673 1.63747 0.00479824 0.00659856 0.000654048
162.703 10.3839 -0.0677767 1.63751 0.00462414 0.006607 0.000655954
162.722 10.3836 -0.0691997 1.63756 0.00446433 0.00660534 0.000658
162.742 10.3834 -0.0706356 1.6376 0.00429999 0.00659822 0.000662122
162.766 10.3831 -0.0720838 1.63764 0.00414447 0.00659312 0.000664395
162.784 10.3829 -0.0735434 1.63768 0.00397666 0.00659707 0.000662704
162.804 10.3826 -0.0750137 1.63772 0.00379015 0.00660602 0.00066319
162.823 10.3824 -0.076495 1.63777 0.00375635 0.00670399 0.000663349
162.844 10.3821 -0.0779886 1.63781 0.00408807 0.00658199 0.000663753
162.864 10.3819 -0.0794944 1.63787 0.00459963 0.00667515 0.000662779
162.884 10.3816 -0.0810135 1.63792 0.00511427 0.00651421 0.000662844
162.905 10.3813 -0.0825472 1.63799 0.00553249 0.00652758 0.000662394
162.925 10.3811 -0.0840969 1.63805 0.00583663 0.00668626 0.000664022
162.944 10.3808 -0.0856643 1.63812 0.00609503 0.00656969 0.000662909
162.966 10.3805 -0.0872505 1.63819 0.00633607 0.00662609 0.000661864
162.985 10.3802 -0.0888561 1.63826 0.00654502 0.0065922 0.000659812
163.008 10.38 -0.0904821 1.63833 0.00672434 0.00651204 0.000657307
163.026 10.3797 -0.0921291 1.63841 0.00689948 0.00639619 0.000654852
163.046 10.3794 -0.0937976 1.63848 0.00702884 0.00650065 0.000656402
163.068 10.3791 -0.095488 1.63855 0.00712416 0.00655113 0.000659211
163.087 10.3787 -0.0972009 1.63861 0.00722528 0.00649359 0.000659651
163.108 10.3784 -0.0989364 1.63868 0.00729479 0.00644173 0.000655619
163.127 10.3781 -0.100695 1.63874 0.00734469 0.00646655 0.000653807
163.148 10.3778 -0.102476 1.6388 0.0074082 0.00640056 0.000652493
163.168 10.3774 -0.104281 1.63886 0.00744447 0.00638872 0.000654388
163.188 10.3771 -0.106108 1.63892 0.00742062 0.00655817 0.000656473
163.208 10.3767 -0.107959 1.63898 0.00739383 0.0065068 0.000654433
163.228 10.3764 -0.109833 1.63904 0.00737167 0.00651582 0.000655832
163.248 10.376 -0.111729 1.6391 0.00737346 0.00652578 0.000655987
163.27 10.3757 -0.113649 1.63915 0.00739097 0.0065043 0.000652968
163.289 10.3753 -0.115591 1.63921 0.00745224 0.0065127 0.000654254
163.31 10.3749 -0.117558 1.63926 0.00768916 0.00641106 0.000656375
163.33 10.3745 -0.119548 1.6393 0.00792861 0.00642744 0.000661443
163.35 10.3741 -0.121562 1.63936 0.00797348 0.0065885 0.000662272
163.371 10.3737 -0.1236 1.6394 0.00790868 0.0064324 0.000659406
163.39 10.3733 -0.125661 1.63945 0.00773007 0.0064054 0.000657764
163.411 10.3729 -0.127746 1.6395 0.00746349 0.0065221 0.000654049
163.431 10.3725 -0.129853 1.63955 0.00720144 0.00646703 0.000650074
163.452 10.3721 -0.131982 1.63959 0.0069965 0.00629695 0.000647218
163.472 10.3717 -0.134131 1.63964 0.00679872 0.00636446 0.000650538
163.491 10.3713 -0.136301 1.63968 0.00662303 0.00638613 0.000651439
163.512 10.3708 -0.138489 1.63973 0.00646389 0.00632387 0.000649982
163.532 10.3704 -0.140696 1.63978 0.00644616 0.00637408 0.000651641
163.552 10.37 -0.142921 1.63983 0.00636897 0.0063504 0.000654596
163.572 10.3695 -0.145164 1.63989 0.00618692 0.00646199 0.000655962
163.592 10.3691 -0.147423 1.63993 0.00598173 0.00633344 0.00065542
163.614 10.3686 -0.149698 1.63998 0.00581057 0.00635701 0.000654961
163.632 10.3682 -0.151989 1.64003 0.00566301 0.00636138 0.000652473
163.652 10.3677 -0.154295 1.64008 0.00552669 0.00634728 0.000650374
163.674 10.3673 -0.156615 1.64013 0.00541922 0.0063385 0.000647195
163.693 10.3668 -0.158949 1.64017 0.00533517 0.00625244 0.000643571
163.714 10.3663 -0.161297 1.64021 0.00529663 0.00625842 0.000642466
163.734 10.3658 -0.163658 1.64025 0.00524657 0.00638197 0.000641093
163.754 10.3653 -0.166032 1.64029 0.00518153 0.00631519 0.000644477
163.776 10.3649 -0.168417 1.64033 0.00501354 0.00633336 0.00064262
163.794 10.3644 -0.170816 1.64037 0.00499593 0.00630771 0.000638056
163.815 10.3639 -0.173228 1.64041 0.00535286 0.00626182 0.000634864
163.835 10.3633 -0.175656 1.64045 0.00600881 0.00631376 0.000634015
163.855 10.3628 -0.178102 1.6405 0.0070997 0.00622807 0.000634869
163.876 10.3623 -0.180569 1.64055 0.0083752 0.00632793 0.000639455
163.895 10.3617 -0.183061 1.6406 0.00960046 0.00637275 0.000640289
163.916 10.3611 -0.185581 1.64065 0.0106479 0.0063497 0.000639794
163.935 10.3605 -0.188135 1.6407 0.0115526 0.00637185 0.000640952
163.956 10.3599 -0.190724 1.64073 0.0123395 0.00638246 0.000644231
163.977 10.3593 -0.193353 1.64077 0.012918 0.00626086 0.000644659
163.996 10.3586 -0.196022 1.6408 0.013347 0.00626606 0.000647558
164.019 10.358 -0.198734 1.64083 0.0136118 0.00628443 0.000649385
164.037 10.3573 -0.20149 1.64085 0.0137183 0.00631145 0.000649811
164.057 10.3567 -0.20429 1.64088 0.0136949 0.00643625 0.000653136
164.078 10.356 -0.207134 1.6409 0.0136739 0.00627979 0.000653479
164.097 10.3553 -0.210023 1.64093 0.0135657 0.00636462 0.000653453
164.118 10.3546 -0.212954 1.64095 0.0133859 0.00626272 0.000647364
164.138 10.3539 -0.215929 1.64097 0.013239 0.00628758 0.000643573
164.158 10.3532 -0.218946 1.641 0.0130589 0.0062292 0.000636628
164.178 10.3524 -0.222004 1.64102 0.0128852 0.00634536 0.00064031
164.198 10.3517 -0.225104 1.64104 0.0128662 0.00624922 0.000637469
164.22 10.3509 -0.228244 1.64106 0.0129482 0.00633459 0.000634479
164.239 10.3501 -0.231425 1.64109 0.0129067 0.00620478 0.000628855
164.259 10.3494 -0.234645 1.64111 0.0126682 0.0063085 0.000633552
164.28 10.3486 -0.237903 1.64113 0.012353 0.00624683 0.000632868
164.3 10.3478 -0.2412 1.64115 0.0120166 0.0063092 0.000632589
164.32 10.347 -0.244533 1.64117 0.011744 0.00630826 0.000630693
164.339 10.3461 -0.247902 1.64119 0.0116378 0.00615939 0.000624595
164.359 10.3453 -0.251305 1.64121 0.0114996 0.00625492 0.000618864
164.382 10.3445 -0.254742 1.64123 0.0111859 0.00629105 0.000613225
164.4 10.3436 -0.258211 1.64125 0.0108029 0.00626289 0.000605384
164.421 10.3428 -0.261711 1.64126 0.0104112 0.00624397 0.000599649
164.44 10.3419 -0.26524 1.64128 0.00992929 0.00616974 0.000597188
164.46 10.341 -0.268796 1.64129 0.00939702 0.00637889 0.000600453
164.481 10.3402 -0.272378 1.6413 0.00906412 0.00614322 0.000598007
164.501 10.3393 -0.275987 1.64131 0.00908765 0.00607076 0.000597066
164.522 10.3384 -0.27962 1.64133 0.0091495 0.00613164 0.000594767
164.541 10.3375 -0.283276 1.64135 0.00906529 0.00613761 0.000590012
164.561 10.3366 -0.286955 1.64137 0.0089135 0.00609879 0.000587781
164.584 10.3357 -0.290657 1.64138 0.00873745 0.00608578 0.000583741
164.601 10.3347 -0.294381 1.64139 0.0085293 0.00609261 0.000580809
164.623 10.3338 -0.298127 1.6414 0.00833064 0.00608878 0.000579689
164.642 10.3329 -0.301893 1.6414 0.00811844 0.00606899 0.000579267
164.662 10.3319 -0.305679 1.6414 0.00787462 0.0061832 0.000579878
164.684 10.3309 -0.309485 1.6414 0.00796485 0.00603487 0.000576441
164.704 10.33 -0.313312 1.64141 0.00839858 0.00604403 0.000577588
164.725 10.329 -0.317159 1.64142 0.00870563 0.00609412 0.000577477
164.744 10.328 -0.321027 1.64144 0.00878225 0.0061029 0.000578506
164.764 10.327 -0.324915 1.64146 0.00876573 0.00600118 0.000582534
164.786 10.326 -0.328825 1.64147 0.00864862 0.00614408 0.000579642
164.805 10.325 -0.332755 1.64148 0.00835782 0.00608207 0.000573817
164.826 10.324 -0.336705 1.64149 0.0079198 0.00616817 0.000571311
164.845 10.323 -0.340672 1.64151 0.00752172 0.00618434 0.000566926
164.864 10.322 -0.34466 1.64152 0.00761813 0.00596254 0.000565959
164.887 10.3209 -0.348667 1.64155 0.00811433 0.0059957 0.000562088
164.905 10.3199 -0.352693 1.64157 0.00869711 0.00603012 0.00055956
164.927 10.3188 -0.35674 1.6416 0.00925399 0.00606001 0.000556398
164.946 10.3178 -0.360811 1.64163 0.00979637 0.00616826 0.000553522
164.966 10.3167 -0.364907 1.64165 0.0103191 0.00605595 0.000551214
164.987 10.3156 -0.369029 1.64167 0.0107623 0.00615652 0.000549265
165.006 10.3145 -0.37318 1.64169 0.0111848 0.00606653 0.000545508
165.027 10.3134 -0.377361 1.64171 0.011568 0.00620425 0.000541814
165.046 10.3123 -0.381574 1.64173 0.0118696 0.00614475 0.000536112
165.067 10.3112 -0.385819 1.64175 0.0120754 0.00615645 0.00053466
165.088 10.3101 -0.390097 1.64176 0.0121607 0.00618381 0.000540457
165.107 10.3089 -0.394408 1.64177 0.0121735 0.00616264 0.000536069
165.128 10.3078 -0.398753 1.64178 0.0120975 0.00618276 0.000529764
165.148 10.3066 -0.40313 1.64179 0.0119382 0.00615742 0.000520325
165.167 10.3054 -0.40754 1.64179 0.0117212 0.00617666 0.000515568
165.19 10.3043 -0.411981 1.64179 0.01147 0.00618221 0.000506243
165.21 10.3031 -0.416452 1.64179 0.0111775 0.00616012 0.000503989
165.233 10.3019 -0.420952 1.64178 0.0107913 0.00614299 0.000503638
165.251 10.3007 -0.425479 1.64176 0.0103336 0.00613233 0.000501497
165.271 10.2995 -0.430032 1.64175 0.00985345 0.00612102 0.000500251
165.292 10.2983 -0.434609 1.64173 0.00938502 0.00610202 0.000500597
165.311 10.2971 -0.439208 1.64171 0.00897672 0.00608079 0.000499178
165.332 10.2959 -0.443828 1.64169 0.0085808 0.00607479 0.000499031
165.351 10.2946 -0.448466 1.64167 0.00817031 0.00607884 0.000496907
165.371 10.2934 -0.453122 1.64165 0.00782201 0.0060558 0.000492184
165.394 10.2922 -0.457793 1.64163 0.00755819 0.00605388 0.000491077
165.412 10.2909 -0.46248 1.64161 0.00731432 0.006086 0.000492874
165.433 10.2897 -0.467179 1.64158 0.00701527 0.00599956 0.000494426
165.452 10.2884 -0.47189 1.64157 0.00666187 0.00601761 0.000495915
165.472 10.2872 -0.476613 1.64156 0.00632202 0.00603125 0.000498544
165.493 10.2859 -0.481345 1.64155 0.00598532 0.0060821 0.000499708
165.512 10.2846 -0.486087 1.64155 0.00589587 0.00597796 0.000499423
165.534 10.2834 -0.490836 1.64156 0.00575844 0.00599602 0.000500489
165.553 10.2821 -0.495591 1.64157 0.00542608 0.00602186 0.000500069
165.573 10.2809 -0.500351 1.64158 0.00490209 0.00600949 0.000499095
165.593 10.2796 -0.505115 1.6416 0.0043287 0.00599544 0.000500409
165.613 10.2783 -0.50988 1.64161 0.00384085 0.00599381 0.000500563
165.636 10.2771 -0.514646 1.64162 0.00346549 0.00598016 0.00050088
165.653 10.2758 -0.519411 1.64163 0.0032242 0.00596301 0.000497892
165.673 10.2745 -0.524173 1.64164 0.00296911 0.00595616 0.000494934
165.695 10.2733 -0.528931 1.64165 0.0025872 0.00605947 0.00049431
165.713 10.272 -0.533685 1.64166 0.00257056 0.00595366 0.000494258
165.734 10.2707 -0.538438 1.64169 0.00317958 0.00578774 0.000496409
165.754 10.2695 -0.54319 1.64172 0.00396984 0.00596818 0.000501814
165.774 10.2682 -0.54794 1.64176 0.00450426 0.00595204 0.000501327
165.795 10.2669 -0.552692 1.6418 0.00488561 0.00589541 0.000501651
165.815 10.2656 -0.557447 1.64185 0.0051804 0.00592931 0.000501593
165.835 10.2643 -0.562206 1.64189 0.00539536 0.00587563 0.000500089
165.856 10.263 -0.56697 1.64193 0.00537008 0.00619526 0.000500802
165.875 10.2617 -0.571742 1.64197 0.0057379 0.00583383 0.000500206
165.896 10.2604 -0.576525 1.64202 0.00683155 0.00577432 0.000499531
165.916 10.2591 -0.581322 1.64209 0.00824015 0.00590829 0.000499268
165.936 10.2577 -0.586135 1.64215 0.00943119 0.00591373 0.000500045
165.956 10.2563 -0.590968 1.64221 0.0104543 0.00593863 0.000499807
165.976 10.255 -0.595826 1.64227 0.0113688 0.00591493 0.000497652
165.998 10.2536 -0.600711 1.64231 0.0121317 0.00581783 0.000493521
166.017 10.2522 -0.605628 1.64235 0.0127716 0.00595677 0.000495342
166.037 10.2508 -0.610578 1.64238 0.0132789 0.00590952 0.000492003
166.057 10.2493 -0.615563 1.64241 0.0136505 0.00588668 0.000492438
166.077 10.2479 -0.620586 1.64243 0.0139936 0.00590525 0.00049191
166.099 10.2465 -0.625646 1.64244 0.0142257 0.00596117 0.000494827
166.117 10.245 -0.630746 1.64244 0.0144018 0.00597011 0.000492686
166.138 10.2435 -0.635884 1.64244 0.0144694 0.00599686 0.000492517
166.158 10.2421 -0.641063 1.64244 0.0144806 0.00589403 0.000489703
166.177 10.2406 -0.646281 1.64243 0.0144164 0.00592866 0.000487422
166.199 10.2391 -0.651537 1.64242 0.0142416 0.00607364 0.000486049
166.218 10.2376 -0.656833 1.6424 0.0140419 0.00592926 0.000485815
166.239 10.2361 -0.662166 1.64239 0.0138226 0.00592126 0.000486223
166.259 10.2346 -0.667536 1.64237 0.0135445 0.00603342 0.000488941
166.279 10.233 -0.672941 1.64234 0.0132978 0.00596686 0.000485502
166.301 10.2325 -0.675168 1.64188 0.0116614 0.00749788 0.000502338
166.319 10.2324 -0.675188 1.64122 0.0102723 0.00813679 0.000667851
166.34 10.2324 -0.674957 1.64105 0.0140033 0.00781114 0.000875235
166.36 10.2322 -0.674579 1.64139 0.0215333 0.00917512 0.00103229
166.381 10.2321 -0.674162 1.64199 0.0305136 0.0103658 0.00118278
166.401 10.232 -0.673779 1.64273 0.0394127 0.0108412 0.00129524
166.42 10.2318 -0.673485 1.64351 0.0467312 0.010795 0.00135413
166.441 10.2317 -0.673293 1.64428 0.0515566 0.0106326 0.00139887
166.461 10.2315 -0.673169 1.64507 0.0544206 0.0106642 0.0014671
166.481 10.2314 -0.673071 1.64584 0.0567504 0.0106642 0.00149401
166.502 10.2313 -0.67298 1.64654 0.0588963 0.0106739 0.00151871
166.522 10.2313 -0.672895 1.64717 0.0608422 0.0106739 0.00155978
166.543 10.2313 -0.672819 1.64776 0.0626177 0.0106739 0.0015745
166.563 10.2313 -0.672759 1.64829 0.0642532 0.0106739 0.00152373
166.582 10.2313 -0.672704 1.64878 0.065747 0.0106739 0.00146847
166.603 10.2314 -0.672654 1.64922 0.0671096 0.0106583 0.00141388
166.79 10.2314 -0.672604 1.64962 0.0684052 0.0104974 0.00136672
166.812 10.2314 -0.672562 1.64999 0.0695317 0.0104974 0.00130932
166.831 10.2314 -0.672521 1.65033 0.070589 0.0104261 0.00125427
166.851 10.2314 -0.672483 1.65064 0.0715918 0.0103035 0.00120097
166.872 10.2315 -0.672445 1.65091 0.0725729 0.00972564 0.00114285
166.891 10.2315 -0.672416 1.65117 0.0732734 0.0098327 0.00108684
166.914 10.2315 -0.672426 1.65132 0.0725135 0.00932489 0.00103362
166.932 10.2315 -0.672498 1.65137 0.0694661 0.00845779 0.000983221
166.952 10.2316 -0.672607 1.65129 0.0652416 0.00759222 0.000935386
166.973 10.2316 -0.672727 1.65108 0.0608498 0.00696713 0.000889808
166.993 10.2316 -0.672854 1.65075 0.0564545 0.00623897 0.000846508
167.014 10.2316 -0.672983 1.65032 0.0521872 0.0056755 0.000805253
167.033 10.2316 -0.673108 1.6498 0.0482439 0.00402607 0.000766416
167.053 10.2317 -0.673229 1.64925 0.0445553 0.00407323 0.000728835
167.074 10.2318 -0.673353 1.6487 0.0409263 0.00372465 0.000693237
167.093 10.2319 -0.673474 1.64813 0.0375011 0.00301313 0.000659497
167.114 10.2319 -0.673582 1.64755 0.034497 0.00229388 0.000627386
167.134 10.2321 -0.673683 1.64697 0.0317904 0.0020349 0.000596705
167.154 10.2322 -0.673779 1.64638 0.0292487 0.00172632 0.000567536
167.175 10.2324 -0.673866 1.64579 0.0269954 0.0016145 0.000539745
167.194 10.2326 -0.673944 1.64521 0.0249996 0.00145504 0.000513323
167.215 10.2329 -0.674014 1.64464 0.0232138 0.00139947 0.000488174
167.234 10.2332 -0.674083 1.64409 0.0214998 0.00138418 0.000461899
167.255 10.2336 -0.674149 1.64358 0.0198713 0.00136184 0.000435966
167.278 10.234 -0.674211 1.64309 0.0183629 0.00140056 0.000412968
167.296 10.2346 -0.674267 1.64264 0.0169687 0.00143637 0.000385462
167.318 10.2351 -0.674322 1.64222 0.0156521 0.00148988 0.000361646
167.336 10.2358 -0.67437 1.64184 0.0144752 0.00138936 0.000329777
167.357 10.2365 -0.674415 1.64151 0.0133767 0.0015729 0.000302063
167.378 10.2373 -0.674452 1.6412 0.0124639 0.00140035 0.000274581
167.396 10.2382 -0.674488 1.64094 0.0115902 0.00163056 0.000245107
167.418 10.2392 -0.674517 1.64071 0.0108558 0.00164526 0.000219931
167.437 10.2403 -0.674542 1.64051 0.0102161 0.00178712 0.000186491
167.458 10.2414 -0.674563 1.64034 0.00966614 0.00173597 0.000161024
167.478 10.2427 -0.67458 1.6402 0.00921143 0.00184238 0.000135579
167.498 10.244 -0.674595 1.64007 0.00881004 0.00186054 0.000112878
167.519 10.2455 -0.674608 1.63996 0.00846236 0.00207348 8.94161e-05
167.538 10.2471 -0.674619 1.63986 0.00816152 0.00203463 6.93959e-05
167.559 10.2487 -0.674625 1.63977 0.00796635 0.00226444 5.33341e-05
167.58 10.2505 -0.674631 1.6397 0.00776137 0.00216783 3.06844e-05
167.599 10.2524 -0.674638 1.63965 0.00754345 0.00281141 1.87649e-05
167.619 10.2544 -0.67464 1.63962 0.00742968 0.0027339 -1.35492e-06
167.639 10.2566 -0.674639 1.63963 0.00740179 0.00258712 -1.71888e-05
167.66 10.2588 -0.674641 1.63965 0.0073774 0.00291721 -9.02398e-06
167.681 10.2612 -0.674639 1.63968 0.00742275 0.00290251 -1.0002e-05
167.7 10.2636 -0.674637 1.63971 0.00745772 0.00287603 -1.00203e-05
167.72 10.2662 -0.674637 1.63973 0.00744745 0.00308422 -9.21489e-06
167.74 10.2689 -0.674641 1.63976 0.00736947 0.00332298 -7.11137e-06
167.76 10.2717 -0.674639 1.63977 0.0074086 0.0033278 -7.88113e-06
167.783 10.2747 -0.67464 1.63977 0.00739971 0.00335088 -6.23527e-06
167.801 10.2777 -0.674641 1.63977 0.00735863 0.00351316 -8.96832e-06
167.821 10.2809 -0.674644 1.63976 0.00728808 0.00347387 -6.90594e-06
167.841 10.2842 -0.67465 1.63975 0.00716039 0.00373311 -7.51406e-06
167.861 10.2876 -0.674657 1.63973 0.00702645 0.00384053 -3.39578e-06
167.884 10.2912 -0.67466 1.6397 0.00696376 0.00389332 -4.48999e-06
167.902 10.2949 -0.674666 1.63967 0.00682634 0.00424158 -1.05018e-05
167.922 10.2987 -0.674673 1.63964 0.00668405 0.00409763 -3.01206e-06
167.942 10.3026 -0.674679 1.6396 0.00656363 0.00406957 -5.48932e-06
167.962 10.3066 -0.674686 1.63956 0.00641845 0.00419786 -5.09125e-06
167.983 10.3107 -0.674692 1.63951 0.00629453 0.00403367 -4.62597e-06
168.002 10.315 -0.674699 1.63946 0.00614315 0.00423892 -3.97631e-06
168.023 10.3193 -0.674706 1.6394 0.00598665 0.00417455 -5.6756e-06
168.043 10.3238 -0.674706 1.63932 0.00600324 0.00191997 -3.89407e-06
168.063 10.3285 -0.674679 1.63925 0.00594988 0.00312193 8.55796e-05
168.085 10.3335 -0.674675 1.63926 0.00575991 0.00548509 0.000165926
168.103 10.3387 -0.674694 1.63933 0.00561804 0.00493686 0.000224372
168.125 10.3442 -0.67472 1.63942 0.00564405 0.00429635 3.93488e-05
168.144 10.3499 -0.674714 1.6395 0.00570209 0.00397578 -6.08984e-05
168.164 10.3557 -0.674712 1.63958 0.00556804 0.00454417 -0.000101104
168.187 10.3618 -0.674717 1.63963 0.00540743 0.00452607 -0.000119398
168.205 10.3681 -0.674723 1.63965 0.00532672 0.00445993 -0.000104621
168.227 10.3746 -0.674732 1.63966 0.00525762 0.00426689 -6.30407e-05
168.245 10.3813 -0.674749 1.63965 0.0050792 0.00458121 -8.35686e-06
168.265 10.3882 -0.674756 1.63961 0.00492953 0.0040423 1.62401e-06
168.288 10.3953 -0.674768 1.63957 0.00473446 0.00438541 -4.80287e-06
168.305 10.4025 -0.674772 1.63951 0.00460029 0.00431576 -1.99255e-05
168.326 10.4099 -0.674783 1.63945 0.00441127 0.00437638 -7.2204e-06
168.346 10.4175 -0.674796 1.63936 0.00414069 0.00433358 -8.32946e-06
168.366 10.4253 -0.674812 1.63925 0.00382468 0.00449959 -6.65891e-06
168.387 10.4331 -0.674826 1.63913 0.00349657 0.00446495 -1.61364e-05
168.408 10.4412 -0.674838 1.639 0.00327897 0.00432032 -5.16128e-06
168.428 10.4494 -0.67485 1.63888 0.00303648 0.00454211 -6.40648e-06
168.447 10.4577 -0.674861 1.63876 0.00281965 0.00445445 -3.10788e-06
168.467 10.4661 -0.674871 1.63863 0.00259084 0.00448025 -1.0346e-05
168.49 10.4746 -0.67488 1.6385 0.00238994 0.004809 -1.12766e-05
168.509 10.4833 -0.674888 1.63837 0.00222638 0.00472652 -1.24005e-05
168.53 10.4921 -0.674895 1.63823 0.00208146 0.00494796 -1.19371e-05
168.549 10.501 -0.674901 1.63808 0.00198639 0.00476246 -7.69682e-06
168.569 10.51 -0.674904 1.63793 0.0019245 0.00487965 -6.62558e-06
168.59 10.519 -0.674907 1.63779 0.00185858 0.0050468 -5.65838e-06
168.61 10.5281 -0.67491 1.63765 0.00180291 0.00529497 -2.02344e-06
168.631 10.5373 -0.674913 1.63749 0.00173305 0.00540777 -8.25611e-06
168.65 10.5466 -0.674915 1.63733 0.00169362 0.00558496 -5.56328e-06
168.67 10.5559 -0.674916 1.63715 0.00167371 0.00559209 -3.97881e-06
168.692 10.5653 -0.674917 1.63697 0.00165836 0.00568669 -4.88817e-06
168.711 10.5748 -0.674917 1.63678 0.00165116 0.00578806 -5.5035e-06
168.732 10.5843 -0.674917 1.63658 0.00165984 0.00584981 -3.40503e-06
168.751 10.5938 -0.674916 1.63636 0.00167951 0.00540866 -2.25553e-06
168.771 10.6035 -0.674916 1.63615 0.00168528 0.0064905 -1.72429e-06
168.792 10.6133 -0.674916 1.63594 0.00168455 0.00649701 -1.13524e-06
168.812 10.6231 -0.674916 1.63576 0.00167314 0.00563127 -2.34776e-06
168.832 10.633 -0.674916 1.6356 0.00166819 0.00527497 -1.75023e-06
168.852 10.6431 -0.674918 1.63546 0.00164432 0.0065036 1.71193e-06
168.871 10.6531 -0.674918 1.63533 0.00162802 0.00631573 -6.40111e-06
168.893 10.6632 -0.674917 1.6352 0.00163029 0.00523025 -6.84052e-06
168.912 10.6734 -0.674918 1.63507 0.00165872 0.00630576 -2.95698e-06
168.933 10.6836 -0.674914 1.63496 0.0016625 0.00663551 -2.26054e-05
168.952 10.6938 -0.674913 1.63487 0.0016773 0.00635402 -2.59042e-05
168.973 10.704 -0.674914 1.63479 0.0016612 0.00634494 -2.54828e-05
168.994 10.7142 -0.674917 1.63471 0.0016152 0.00702583 -2.074e-05
169.013 10.7243 -0.674921 1.6346 0.0015492 0.00683945 -1.40103e-05
169.034 10.7345 -0.674925 1.63449 0.00150248 0.00654165 -7.41595e-07
169.054 10.7446 -0.67493 1.63437 0.00141366 0.00647248 -2.44668e-06
169.074 10.7546 -0.674934 1.63423 0.00130977 0.00717758 -3.6568e-06
169.095 10.7646 -0.674938 1.63408 0.00124622 0.00702528 -9.54867e-08
169.114 10.7746 -0.67494 1.63391 0.00118457 0.00686217 -2.66899e-06
169.138 10.7844 -0.674943 1.63373 0.00113076 0.00708331 -3.68833e-06
169.155 10.7942 -0.674945 1.63354 0.00108751 0.00739151 -6.95513e-06
169.174 10.8039 -0.674946 1.63334 0.00107468 0.00723209 -3.35464e-06
169.197 10.8136 -0.674946 1.63312 0.00106951 0.00723354 -1.35167e-06
169.216 10.8231 -0.674947 1.63289 0.00106197 0.00725243 -1.4046e-06
169.237 10.8326 -0.674947 1.63265 0.00105876 0.0073045 -1.08394e-06
169.257 10.842 -0.674947 1.6324 0.00106391 0.00735742 -6.86494e-07
169.276 10.8513 -0.674947 1.63214 0.0010665 0.00768407 -1.90551e-07
169.298 10.8605 -0.674947 1.63186 0.00105297 0.00729249 -9.69232e-07
169.317 10.8697 -0.674948 1.63159 0.00103449 0.00754107 -1.79863e-06
169.338 10.8787 -0.674948 1.63132 0.0010334 0.00748257 -1.7338e-06
169.358 10.8876 -0.674948 1.63106 0.0010358 0.0074895 -1.224e-06
169.377 10.8965 -0.674948 1.6308 0.00104175 0.00742066 -5.02154e-07
169.4 10.9052 -0.674948 1.63055 0.00104056 0.00775142 -9.67159e-07
169.418 10.9138 -0.674947 1.6303 0.00104295 0.00736413 -8.69636e-07
169.439 10.9224 -0.674947 1.63005 0.00104308 0.00722031 -1.29888e-06
169.458 10.9308 -0.674947 1.62981 0.00104824 0.00742244 -8.94736e-07
169.478 10.9391 -0.674947 1.62958 0.00105464 0.00715013 -5.98769e-07
169.501 10.9472 -0.674947 1.62936 0.00104136 0.00691149 -3.08878e-06
169.519 10.9553 -0.674948 1.62915 0.00103527 0.00749985 -9.30747e-07
169.539 10.9632 -0.674948 1.62897 0.00102099 0.00764902 -3.34013e-06
169.559 10.9711 -0.674947 1.62879 0.00104556 0.00693458 -8.90234e-07
169.579 10.9788 -0.674946 1.62864 0.00106756 0.00737112 -8.62164e-07
169.602 10.9864 -0.674946 1.6285 0.00106785 0.0077075 -2.12437e-06
169.62 10.9938 -0.674943 1.62839 0.00113404 0.00746316 3.5903e-07
169.641 11.0011 -0.67494 1.62828 0.00118508 0.00724756 -4.62008e-07
169.66 11.0083 -0.67494 1.62817 0.00119959 0.00744172 -2.18664e-06
169.68 11.0153 -0.674939 1.62807 0.00120114 0.00776741 -3.68058e-06
169.701 11.0222 -0.674939 1.62798 0.00121174 0.00761723 -2.73007e-06
169.72 11.0289 -0.674939 1.62788 0.00120486 0.00750349 -2.72899e-06
169.742 11.0355 -0.674939 1.62779 0.00122276 0.0077353 -9.35822e-07
169.761 11.042 -0.674938 1.62769 0.00123529 0.00763308 1.04114e-06
169.781 11.0483 -0.674939 1.62759 0.00120362 0.0074805 -1.35491e-05
169.802 11.0545 -0.67494 1.62749 0.00117387 0.00772409 -1.62241e-05
169.822 11.0605 -0.674941 1.62738 0.00115802 0.00760645 -1.20264e-05
169.843 11.0664 -0.674943 1.62727 0.00113502 0.00741463 -4.79039e-06
169.862 11.0722 -0.674945 1.62717 0.00109615 0.00763709 -2.34004e-06
169.882 11.0778 -0.674947 1.62706 0.00106735 0.00743732 2.65026e-06
169.903 11.0833 -0.674945 1.62695 0.00104475 0.00752557 -5.63605e-06
169.922 11.0887 -0.674947 1.62686 0.00102092 0.00758876 -2.86598e-06
169.944 11.094 -0.674948 1.62677 0.00100629 0.0074686 -1.18578e-05
169.963 11.0991 -0.67495 1.62669 0.000959654 0.00785029 -1.50473e-05
169.983 11.1041 -0.674951 1.6266 0.000931409 0.00745837 -1.29535e-05
170.004 11.109 -0.674954 1.62652 0.000911939 0.00770276 -7.23323e-07
170.023 11.1138 -0.674956 1.62644 0.000846235 0.00734994 -6.029e-06
170.044 11.1185 -0.674959 1.62636 0.000801643 0.00765572 -4.08495e-07
170.063 11.123 -0.674961 1.62629 0.00076354 0.00762006 -3.90031e-06
170.083 11.1274 -0.674963 1.62621 0.000725952 0.0074866 -3.92437e-06
170.105 11.1318 -0.674964 1.62615 0.000715552 0.00766447 -6.1986e-06
170.124 11.136 -0.674964 1.62609 0.00069048 0.00803064 -9.41689e-06
170.145 11.14 -0.674965 1.62602 0.00066568 0.00745104 -7.91667e-06
170.164 11.144 -0.674966 1.62597 0.000701358 0.00749638 2.27647e-06
170.184 11.1479 -0.674964 1.62591 0.000727082 0.00755736 3.65879e-06
170.207 11.1517 -0.674964 1.62586 0.000699174 0.00780606 2.30821e-06
170.225 11.1554 -0.674964 1.62581 0.000644841 0.00761762 -2.20021e-05
170.245 11.159 -0.674964 1.62575 0.000608775 0.00772491 -3.30296e-05
170.264 11.1624 -0.674964 1.62569 0.000596546 0.00748777 -3.56471e-05
170.285 11.1658 -0.674965 1.62564 0.000591134 0.00771259 -3.15465e-05
170.307 11.1691 -0.674966 1.62559 0.000562115 0.00732876 -2.36733e-05
170.326 11.1723 -0.67497 1.62553 0.000563947 0.00731365 -1.22405e-05
170.346 11.1754 -0.674973 1.62548 0.000538403 0.00719795 7.6844e-07
170.366 11.1784 -0.674975 1.62542 0.000481532 0.00742748 -2.49773e-07
170.386 11.1813 -0.674977 1.62535 0.000445066 0.0072786 -1.91194e-06
170.407 11.1842 -0.674979 1.62529 0.000413708 0.00710086 -3.00197e-07
170.426 11.1869 -0.674981 1.62522 0.000395896 0.00731551 -2.57273e-06
170.447 11.1896 -0.674982 1.62516 0.000321504 0.00727184 -1.95447e-05
170.467 11.1921 -0.674981 1.6251 0.000264667 0.0071926 -2.6574e-05
170.487 11.1946 -0.674981 1.62503 0.00023143 0.00695078 -3.02903e-05
170.509 11.197 -0.674983 1.62497 0.000226556 0.00709261 -2.39724e-05
170.527 11.1994 -0.674985 1.62491 0.000235209 0.00711047 -1.33648e-05
170.548 11.2017 -0.674987 1.62484 0.000218209 0.00701076 6.72237e-07
170.568 11.2038 -0.67499 1.62477 0.000196418 0.00711832 -9.0197e-06
170.589 11.2059 -0.67499 1.6247 0.000124479 0.00677176 -2.00303e-05
170.611 11.208 -0.674991 1.62464 9.93817e-05 0.00710503 -2.31013e-05
170.63 11.21 -0.674989 1.62458 8.12932e-05 0.00694699 -2.21681e-05
170.651 11.2119 -0.674987 1.62453 4.57236e-05 0.0069103 -1.1464e-05
170.67 11.2137 -0.674986 1.62448 6.02385e-05 0.00704783 -1.49355e-07
170.69 11.2154 -0.674985 1.62443 9.44048e-05 0.00717261 1.65816e-05
170.713 11.2171 -0.674984 1.62438 0.000108162 0.00688448 3.61174e-05
170.73 11.2187 -0.674983 1.62433 8.20812e-05 0.00689024 6.04126e-05
170.751 11.2203 -0.674983 1.62428 4.77586e-05 0.0069514 8.52379e-05
170.77 11.2217 -0.674982 1.62422 5.64433e-06 0.00683534 0.000114913
170.791 11.2232 -0.674979 1.62416 -3.59808e-05 0.0068457 9.90385e-05
170.814 11.2245 -0.674974 1.62411 -6.87865e-05 0.0069232 8.08205e-05
170.831 11.2259 -0.674966 1.62404 -0.000108511 0.0069486 6.16386e-05
170.852 11.2271 -0.674957 1.62397 -0.000128825 0.00701964 3.03528e-05
170.871 11.2283 -0.674946 1.6239 -0.00018237 0.00662132 9.9087e-06
170.892 11.2295 -0.674936 1.62383 -0.000191029 0.00685418 -4.11784e-06
170.913 11.2306 -0.674924 1.62377 -0.000212583 0.00683662 -1.11311e-05
170.932 11.2317 -0.674912 1.62371 -0.000233368 0.00663367 -1.0911e-05
170.952 11.2327 -0.674899 1.62366 -0.000258347 0.0067871 -2.74832e-06
170.972 11.2337 -0.674885 1.62361 -0.000280141 0.00683433 5.63181e-06
170.992 11.2347 -0.67487 1.62357 -0.000318715 0.00677985 2.00062e-05
171.014 11.2356 -0.674853 1.62352 -0.000354957 0.00671923 3.99362e-05
171.033 11.2365 -0.674836 1.62346 -0.000388938 0.00668506 6.12962e-05
171.054 11.2373 -0.674817 1.6234 -0.000404895 0.00662155 8.56234e-05
171.073 11.2382 -0.674796 1.62334 -0.000439625 0.00670898 0.000115665
171.093 11.239 -0.674774 1.62326 -0.000483947 0.00642552 0.00014376
171.114 11.2397 -0.674751 1.6232 -0.0002376 0.0065008 0.000175237
171.136 11.2405 -0.67473 1.62315 0.000242042 0.00660268 0.000208804
171.157 11.2413 -0.674709 1.6231 0.000793478 0.00663434 0.000242575
171.175 11.2421 -0.674692 1.62304 0.00129734 0.00651573 0.000281592
171.196 11.2428 -0.67468 1.62299 0.00176432 0.00650024 0.000319702
171.22 11.2435 -0.674674 1.62294 0.00217502 0.00649675 0.000361976
171.236 11.2443 -0.674677 1.62288 0.00250839 0.0064745 0.000400463
171.257 11.245 -0.674688 1.62282 0.00275859 0.00646431 0.000437586
171.276 11.2457 -0.67471 1.62276 0.00291955 0.00647536 0.000477592
171.296 11.2464 -0.674743 1.62269 0.00302095 0.00648998 0.000513224
171.318 11.247 -0.674784 1.62262 0.00297627 0.00654371 0.000456004
171.336 11.2477 -0.674827 1.62256 0.00276249 0.00650067 0.000238689
171.358 11.2483 -0.674875 1.6225 0.00261252 0.00659454 -3.42776e-05
171.377 11.2489 -0.674858 1.62244 0.00242815 0.00645036 -0.00020264
171.397 11.2494 -0.674842 1.62238 0.00226302 0.00646479 -0.00036517
171.418 11.25 -0.674824 1.62233 0.00215588 0.00655722 -0.00051278
171.437 11.2505 -0.674808 1.62229 0.00208118 0.00643949 -0.000644839
171.459 11.251 -0.674793 1.62224 0.00201309 0.00635918 -0.000763203
171.478 11.2515 -0.674781 1.62221 0.00193216 0.00639308 -0.000864179
171.498 11.2519 -0.674772 1.62217 0.0018432 0.00642939 -0.000950999
171.519 11.2524 -0.674765 1.62213 0.00174187 0.00644171 -0.00102753
171.538 11.2528 -0.674761 1.6221 0.00162757 0.00645229 -0.00109253
171.56 11.2532 -0.674759 1.62205 0.00149895 0.00646934 -0.00114749
171.579 11.2535 -0.674759 1.62201 0.00135746 0.00648978 -0.00118866
171.6 11.2539 -0.674762 1.62196 0.00120477 0.0065113 -0.0012204
171.62 11.2542 -0.674766 1.62191 0.00106127 0.00652203 -0.00123939
171.639 11.2545 -0.674771 1.62186 0.000916115 0.00653502 -0.00125116
171.66 11.2548 -0.674777 1.62181 0.000770935 0.00663861 -0.00125483
171.68 11.2551 -0.674783 1.62176 0.000664527 0.00658642 -0.0012438
171.7 11.2554 -0.67479 1.62171 0.000550592 0.00673646 -0.00122364
171.721 11.2556 -0.674799 1.62166 0.000413225 0.00666961 -0.00119522
171.741 11.2558 -0.674809 1.62162 0.000283705 0.00676866 -0.00116107
171.761 11.256 -0.67482 1.62158 0.000152988 0.00681965 -0.00112341
171.781 11.2561 -0.674832 1.62155 9.33992e-07 0.00685871 -0.001079
171.801 11.2563 -0.674833 1.62152 -6.9773e-05 0.00676939 -0.00101764
171.822 11.2564 -0.674828 1.62149 -0.000127841 0.00695458 -0.000952965
171.841 11.2565 -0.674814 1.62147 -0.000232928 0.00707206 -0.000868972
171.862 11.2566 -0.674792 1.62145 -0.000309856 0.00694615 -0.000741775
171.881 11.2566 -0.674768 1.62144 -0.000463463 0.00694392 -0.000633398
171.902 11.2566 -0.674741 1.62143 -0.000702561 0.00701912 -0.000525335
171.923 11.2566 -0.674712 1.62142 -0.000909834 0.00692962 -0.000421421
171.942 11.2566 -0.674678 1.62142 -0.00110468 0.00712486 -0.000319383
171.963 11.2566 -0.674639 1.62142 -0.00131422 0.0071088 -0.000180379
171.982 11.2565 -0.674594 1.62142 -0.00155433 0.00704833 -4.85709e-05
172.002 11.2564 -0.674542 1.62143 -0.00181773 0.00715556 6.72313e-05
172.023 11.2563 -0.674478 1.62144 -0.00199647 0.00696928 0.000172656
172.043 11.2562 -0.674403 1.62145 -0.00221169 0.00716923 0.000287966
172.064 11.256 -0.67432 1.62147 -0.00248803 0.00709345 0.000398612
172.083 11.2558 -0.674226 1.62149 -0.00278474 0.00697632 0.00050323
172.103 11.2556 -0.674121 1.62152 -0.00309151 0.00725749 0.000606003
172.124 11.2554 -0.674004 1.62154 -0.00353175 0.00711484 0.000702715
172.144 11.2551 -0.673864 1.62156 -0.00406246 0.00676326 0.000839167
172.164 11.2548 -0.673697 1.62158 -0.00463079 0.00647595 0.00100595
172.184 11.2545 -0.673502 1.62158 -0.00529249 0.00631704 0.0011926
172.204 11.2542 -0.67328 1.62158 -0.00607267 0.00619583 0.00138176
172.228 11.2538 -0.67303 1.62158 -0.0069356 0.00624836 0.00156676
172.245 11.2533 -0.672753 1.62158 -0.00792546 0.00635523 0.00172917
172.267 11.2529 -0.672445 1.62159 -0.00892284 0.00666837 0.00187548
172.286 11.2524 -0.672104 1.6216 -0.00981456 0.006714 0.00201371
172.306 11.2518 -0.671726 1.62161 -0.0106171 0.00682351 0.00214024
172.327 11.2512 -0.671308 1.62162 -0.0113368 0.00709111 0.00225559
172.347 11.2506 -0.670847 1.62163 -0.011906 0.00712333 0.00236186
172.367 11.2499 -0.670342 1.62164 -0.0124533 0.00711775 0.0024564
172.386 11.2492 -0.669791 1.62166 -0.0129103 0.00734442 0.00253947
172.407 11.2485 -0.669191 1.62168 -0.0132689 0.00736082 0.00261638
172.429 11.2477 -0.668541 1.6217 -0.0135571 0.0075157 0.00268363
172.447 11.2468 -0.667841 1.62172 -0.0137928 0.00743774 0.00274305
172.468 11.246 -0.667089 1.62175 -0.0139653 0.00739477 0.00279246
172.488 11.2451 -0.666286 1.62178 -0.0141012 0.0074399 0.00283157
172.508 11.2442 -0.66543 1.62181 -0.0141502 0.00742673 0.00286491
172.528 11.2432 -0.664522 1.62184 -0.0141203 0.00751662 0.00289192
172.548 11.2423 -0.663562 1.62187 -0.0140363 0.00762937 0.00291208
172.57 11.2412 -0.66255 1.6219 -0.0139986 0.007424 0.00292555
172.589 11.2402 -0.661487 1.62193 -0.0140003 0.00752163 0.00292819
172.609 11.2391 -0.660372 1.62196 -0.0139944 0.00753395 0.00292783
172.63 11.238 -0.659206 1.62199 -0.013962 0.00744641 0.00292217
172.649 11.2369 -0.65799 1.62203 -0.013883 0.00742016 0.00291073
172.67 11.2357 -0.656723 1.62206 -0.0138063 0.00752922 0.00289241
172.689 11.2345 -0.655405 1.62209 -0.0138577 0.00757318 0.00286933
172.71 11.2332 -0.654037 1.62212 -0.0141553 0.00742979 0.00284375
172.73 11.2319 -0.652616 1.62216 -0.0145761 0.00741469 0.00281405
172.75 11.2306 -0.651143 1.62219 -0.0150112 0.00762634 0.00277795
172.772 11.2292 -0.649617 1.62223 -0.0153927 0.00744789 0.00274492
172.79 11.2278 -0.648036 1.62227 -0.0155954 0.00767873 0.00270362
172.81 11.2264 -0.6464 1.62232 -0.0156444 0.00758897 0.00266653
172.831 11.2249 -0.644708 1.62238 -0.0156461 0.00765777 0.0026205
172.85 11.2234 -0.642961 1.62244 -0.0156031 0.00759819 0.00258022
172.871 11.2219 -0.641158 1.6225 -0.0155411 0.00758138 0.00253717
172.891 11.2203 -0.639301 1.62255 -0.0154245 0.00754774 0.00249195
172.911 11.2187 -0.63739 1.6226 -0.0153272 0.00746531 0.00244471
172.932 11.217 -0.635425 1.62266 -0.0150868 0.00775359 0.00239143
172.952 11.2154 -0.633407 1.62272 -0.015021 0.00755659 0.00234401
172.973 11.2136 -0.631335 1.62278 -0.0152826 0.00724799 0.00229279
172.992 11.2119 -0.629209 1.62285 -0.0156639 0.00736907 0.00223676
173.013 11.2101 -0.62703 1.62292 -0.0157619 0.00749212 0.00218059
173.035 11.2082 -0.624797 1.623 -0.0156952 0.00752476 0.00212965
173.054 11.2064 -0.622511 1.62307 -0.0156281 0.00738156 0.00207999
173.075 11.2045 -0.62017 1.62314 -0.0156273 0.00764983 0.00202209
173.093 11.2025 -0.617774 1.62322 -0.0159239 0.00751907 0.00196508
173.113 11.2005 -0.61532 1.6233 -0.0166583 0.00714698 0.00191426
173.135 11.1984 -0.61281 1.62341 -0.017216 0.00816548 0.00184517
173.154 11.1963 -0.610238 1.62354 -0.0181733 0.00785717 0.00178835
173.175 11.1941 -0.607596 1.6237 -0.0200597 0.0079776 0.0017183
173.194 11.1918 -0.604883 1.62387 -0.0222342 0.00812816 0.00164906
173.214 11.1894 -0.602093 1.62405 -0.0242187 0.00788613 0.00159416
173.236 11.1869 -0.59922 1.62423 -0.0256033 0.0081783 0.00153427
173.256 11.1844 -0.596259 1.6244 -0.0265719 0.00807268 0.00148949
173.278 11.1819 -0.593205 1.62457 -0.0273208 0.00812589 0.00144042
173.296 11.1792 -0.590056 1.62473 -0.0277501 0.0079984 0.0014035
173.316 11.1765 -0.586811 1.62489 -0.0278803 0.00806542 0.00136379
173.338 11.1738 -0.583468 1.62503 -0.0277627 0.00791624 0.00133454
173.357 11.171 -0.580029 1.62515 -0.0275395 0.00778656 0.00130388
173.378 11.1682 -0.576495 1.62527 -0.0271149 0.00808946 0.00126324
173.397 11.1653 -0.572867 1.62537 -0.0265423 0.00770935 0.00124483
173.417 11.1624 -0.569147 1.62546 -0.0260586 0.0077862 0.00120934
173.438 11.1594 -0.565337 1.62555 -0.02559 0.00771177 0.00117869
173.458 11.1564 -0.561439 1.62563 -0.0251495 0.00758198 0.0011521
173.48 11.1534 -0.557457 1.62571 -0.0245951 0.00781226 0.0011171
173.498 11.1502 -0.553391 1.62577 -0.0240807 0.00746441 0.00110155
173.518 11.1471 -0.549244 1.62584 -0.0235332 0.00753296 0.00107837
173.539 11.1439 -0.54502 1.6259 -0.0227318 0.00752776 0.00105705
173.559 11.1407 -0.540722 1.62595 -0.0217099 0.0076227 0.00103485
173.58 11.1375 -0.536353 1.62599 -0.0206567 0.00746086 0.00102024
173.599 11.1342 -0.531918 1.62602 -0.0196432 0.00752297 0.000999635
173.619 11.1309 -0.527421 1.62605 -0.0186435 0.00739791 0.000981213
173.642 11.1276 -0.522864 1.62606 -0.0177321 0.00736604 0.000964088
173.66 11.1243 -0.518253 1.62608 -0.016839 0.00735343 0.000949479
173.681 11.1209 -0.513591 1.62609 -0.0159256 0.00744728 0.000931071
173.7 11.1175 -0.508882 1.62609 -0.0150567 0.00729819 0.000914202
173.72 11.1141 -0.504129 1.62608 -0.0142782 0.0072656 0.000900548
173.742 11.1107 -0.499335 1.62607 -0.0135148 0.00720312 0.00088959
173.76 11.1073 -0.494504 1.62606 -0.0127717 0.00731028 0.000874575
173.781 11.1038 -0.489638 1.62604 -0.0120321 0.00724235 0.000864366
173.8 11.1003 -0.484741 1.62602 -0.0113145 0.00723721 0.00085363
173.821 11.0969 -0.479816 1.626 -0.0106336 0.00726794 0.000839794
173.842 11.0934 -0.474864 1.62598 -0.00997072 0.00723227 0.000824197
173.861 11.0899 -0.46989 1.62595 -0.00933998 0.00723857 0.000814203
173.884 11.0864 -0.464895 1.62592 -0.00873578 0.00725558 0.000803203
173.902 11.0828 -0.459881 1.62589 -0.00812329 0.00725013 0.000791668
173.922 11.0793 -0.454852 1.62585 -0.00755878 0.00719876 0.000782105
173.943 11.0758 -0.44981 1.62581 -0.00699601 0.00714335 0.000773915
173.963 11.0722 -0.444757 1.62578 -0.00642534 0.00726744 0.000764818
173.984 11.0687 -0.439694 1.62574 -0.00591137 0.00717119 0.000757726
174.003 11.0651 -0.434625 1.62571 -0.00542056 0.00716313 0.000750705
174.023 11.0615 -0.429551 1.62568 -0.00493836 0.00716488 0.00074221
174.044 11.058 -0.424473 1.62565 -0.0045003 0.00710212 0.000736817
174.063 11.0544 -0.419394 1.62562 -0.00413201 0.0070893 0.000729269
174.085 11.0509 -0.414315 1.62559 -0.00378736 0.00705692 0.000720023
174.104 11.0473 -0.409238 1.62556 -0.00328285 0.00709275 0.000714615
174.125 11.0438 -0.404167 1.62555 -0.00260417 0.00708758 0.000710045
174.146 11.0402 -0.399101 1.62554 -0.00195618 0.00737929 0.000705921
174.164 11.0367 -0.394041 1.62554 -0.0018055 0.00712822 0.000701744
174.186 11.0331 -0.388988 1.62555 -0.00204244 0.006979 0.000694828
174.205 11.0295 -0.383942 1.62558 -0.0023518 0.00709246 0.000689258
174.225 11.0259 -0.378903 1.6256 -0.00271248 0.00721861 0.000677321
174.247 11.0224 -0.37387 1.62563 -0.00306203 0.00714157 0.000668127
174.266 11.0188 -0.368842 1.62565 -0.00332739 0.00715967 0.00066241
174.288 11.0151 -0.363818 1.62568 -0.00351046 0.00725173 0.000656287
174.307 11.0115 -0.358796 1.6257 -0.00366919 0.00715907 0.000652947
174.326 11.0079 -0.353776 1.62573 -0.00374945 0.00721636 0.000648506
174.349 11.0043 -0.348758 1.62576 -0.00376131 0.00723844 0.000646474
174.367 11.0007 -0.343742 1.62578 -0.00371302 0.00723272 0.000649131
174.388 10.997 -0.338728 1.62579 -0.00360178 0.00715968 0.000646373
174.407 10.9934 -0.333716 1.6258 -0.0034617 0.00718343 0.000649985
174.428 10.9898 -0.328707 1.62581 -0.00330568 0.00723465 0.000647805
174.449 10.9861 -0.323701 1.62582 -0.0032083 0.00720604 0.000646134
174.467 10.9825 -0.318699 1.62583 -0.00314061 0.00711468 0.000642838
174.489 10.9789 -0.313701 1.62584 -0.00293143 0.00724738 0.00063598
174.509 10.9753 -0.308708 1.62585 -0.00264935 0.0071164 0.000632851
174.529 10.9717 -0.303721 1.62586 -0.00227687 0.00721524 0.00063258
174.549 10.9681 -0.298742 1.62587 -0.00178068 0.0072491 0.000632743
174.569 10.9645 -0.293773 1.62588 -0.00124366 0.007198 0.000634776
174.59 10.9609 -0.288815 1.62589 -0.000748884 0.00718399 0.00064113
174.609 10.9573 -0.283869 1.6259 -0.000266328 0.0071796 0.000642956
174.629 10.9538 -0.278938 1.6259 8.30566e-05 0.00699974 0.00064687
174.651 10.9502 -0.274024 1.62592 0.000508899 0.00723777 0.000643647
174.67 10.9467 -0.269128 1.62593 0.00106725 0.00724579 0.00064003
174.691 10.9432 -0.264252 1.62595 0.00164939 0.00734079 0.000633576
174.71 10.9397 -0.259398 1.62597 0.00209412 0.00724993 0.000633374
174.73 10.9362 -0.254566 1.62599 0.00226897 0.00697622 0.000629498
174.752 10.9328 -0.249758 1.62601 0.00245762 0.00713258 0.000627327
174.771 10.9293 -0.244977 1.62604 0.00281229 0.00724917 0.000619992
174.793 10.9259 -0.240223 1.62607 0.00332624 0.00706563 0.000615195
174.812 10.9225 -0.235497 1.6261 0.00387788 0.00708423 0.000615535
174.831 10.9192 -0.230802 1.62612 0.0044074 0.00725624 0.000618581
174.852 10.9158 -0.226139 1.62615 0.00475137 0.00712532 0.000619095
174.871 10.9125 -0.221506 1.62618 0.00477887 0.00700096 0.000611794
174.893 10.9092 -0.216908 1.62621 0.00478741 0.00708854 0.000604359
174.912 10.9059 -0.212344 1.62624 0.00488129 0.0070225 0.000600384
174.932 10.9026 -0.207813 1.62627 0.004978 0.00705664 0.00059878
174.956 10.8994 -0.203316 1.6263 0.00508173 0.00704693 0.000590836
174.973 10.8961 -0.198855 1.62632 0.00527522 0.00705092 0.000589653
174.994 10.8929 -0.194429 1.62635 0.00552962 0.00707365 0.000588017
175.013 10.8898 -0.190039 1.62637 0.00579673 0.00706516 0.000580026
175.033 10.8866 -0.185685 1.62638 0.00604722 0.00707987 0.000576864
175.056 10.8835 -0.181369 1.62639 0.00622891 0.00703707 0.000568417
175.074 10.8804 -0.177091 1.6264 0.00643962 0.00706747 0.000562698
175.095 10.8773 -0.172853 1.62641 0.00670562 0.00708425 0.000551837
175.115 10.8743 -0.168654 1.62641 0.00698951 0.0069741 0.000548073
175.134 10.8713 -0.164497 1.62641 0.00727135 0.00704407 0.000549125
175.155 10.8683 -0.160381 1.62641 0.00760209 0.00706853 0.00054821
175.174 10.8654 -0.15631 1.6264 0.00807977 0.00708824 0.000546518
175.198 10.8625 -0.152284 1.6264 0.00866 0.00707503 0.000543013
175.215 10.8596 -0.148305 1.62639 0.00929048 0.00704635 0.00053881
175.235 10.8568 -0.144375 1.62639 0.0099172 0.00702904 0.000534641
175.257 10.854 -0.140497 1.62638 0.0104871 0.00702139 0.000530224
175.276 10.8513 -0.136671 1.62637 0.0109792 0.00700717 0.000529451
175.298 10.8486 -0.132901 1.62635 0.011448 0.00699117 0.000526526
175.316 10.846 -0.129188 1.62634 0.0119219 0.00696651 0.000524903
175.336 10.8433 -0.125533 1.62632 0.0123958 0.00693959 0.00052315
175.358 10.8408 -0.121938 1.62631 0.0128084 0.00693286 0.000517024
175.377 10.8382 -0.118405 1.62629 0.0131433 0.00693265 0.000510254
175.397 10.8357 -0.114934 1.62627 0.0134222 0.00692955 0.00050536
175.417 10.8333 -0.111526 1.62626 0.0136159 0.0069367 0.00050011
175.437 10.8309 -0.108183 1.62624 0.0137313 0.00694284 0.000498258
175.459 10.8285 -0.104903 1.62623 0.0138341 0.00693571 0.000496737
175.477 10.8261 -0.101689 1.62621 0.0139044 0.00693367 0.000493707
175.498 10.8238 -0.0985383 1.6262 0.0139164 0.00694539 0.000492339
175.518 10.8216 -0.0954524 1.62619 0.0138948 0.00695259 0.000489476
175.538 10.8194 -0.0924305 1.62617 0.0138158 0.00695424 0.00048418
175.561 10.8172 -0.0894719 1.62616 0.0136603 0.00695895 0.000478187
175.58 10.815 -0.0865764 1.62615 0.0135147 0.0069632 0.000473871
175.6 10.8129 -0.0837434 1.62614 0.0134173 0.00697935 0.000469407
175.62 10.8109 -0.0809722 1.62613 0.0133519 0.00699025 0.000466552
175.64 10.8088 -0.0782622 1.62612 0.0132782 0.006992 0.000463157
175.661 10.8068 -0.0756129 1.62611 0.0131862 0.00700318 0.00045586
175.68 10.8049 -0.0730236 1.6261 0.0130893 0.00701173 0.000451384
175.701 10.803 -0.070494 1.6261 0.0130012 0.00700932 0.000447594
175.72 10.8011 -0.068023 1.62609 0.0128495 0.00702051 0.000443761
175.741 10.7992 -0.0656102 1.62609 0.0126657 0.00704246 0.000441487
175.763 10.7974 -0.0632544 1.62609 0.0124461 0.00705183 0.000436032
175.781 10.7957 -0.0609546 1.62608 0.0121711 0.0070498 0.000432195
175.802 10.7939 -0.0587098 1.62608 0.0118992 0.00700313 0.000426231
175.822 10.7922 -0.0565192 1.62608 0.01168 0.00700467 0.00041966
175.842 10.7906 -0.0543813 1.62609 0.0114532 0.00706477 0.000412932
175.862 10.789 -0.0522954 1.62609 0.0112584 0.00706432 0.000406589
175.882 10.7874 -0.0502602 1.6261 0.0110754 0.00712911 0.000395918
175.903 10.7858 -0.0482752 1.62611 0.0109303 0.00705098 0.000386089
175.922 10.7843 -0.0463395 1.62612 0.0107928 0.0070711 0.000380022
175.943 10.7828 -0.0444522 1.62613 0.0106532 0.00695051 0.000370978
175.965 10.7813 -0.0426127 1.62614 0.0105188 0.00712349 0.000367802
175.984 10.7799 -0.0408206 1.62616 0.0104242 0.00712064 0.000364608
176.005 10.7785 -0.0390752 1.62618 0.0103447 0.00706161 0.00036142
176.023 10.7771 -0.037376 1.6262 0.0102662 0.00706757 0.00035595
176.044 10.7758 -0.035722 1.62621 0.0101438 0.00709203 0.0003523
176.065 10.7745 -0.0341129 1.62623 0.0099808 0.0070464 0.000346295
176.084 10.7732 -0.0325475 1.62624 0.00974279 0.00704449 0.000339668
176.105 10.772 -0.0310251 1.62626 0.0094808 0.00715084 0.000330922
176.125 10.7707 -0.0295449 1.62627 0.00925163 0.00709577 0.000323277
176.145 10.7696 -0.0281059 1.62629 0.00907163 0.00705341 0.000317882
176.167 10.7684 -0.0267073 1.6263 0.00892443 0.00708273 0.000312361
176.185 10.7673 -0.0253484 1.62632 0.00881597 0.00711221 0.000307133
176.206 10.7662 -0.0240283 1.62633 0.0087059 0.00712409 0.000299886
176.225 10.7651 -0.0227465 1.62634 0.00859942 0.00714444 0.00029532
176.246 10.764 -0.0215025 1.62635 0.00848649 0.00716283 0.000290955
176.267 10.763 -0.0202957 1.62636 0.00837245 0.00717049 0.000283017
176.286 10.762 -0.0191255 1.62637 0.00826165 0.00717476 0.000277204
176.307 10.7611 -0.0179914 1.62638 0.00813619 0.00717657 0.000274251
176.326 10.7601 -0.0168925 1.62638 0.0079807 0.00716251 0.000272365
176.347 10.7592 -0.0158283 1.62639 0.0077941 0.00713178 0.000267415
176.368 10.7583 -0.0147979 1.6264 0.00760886 0.00710254 0.000262321
176.387 10.7575 -0.0138009 1.6264 0.00745557 0.0070951 0.000257682
176.408 10.7566 -0.0128362 1.62641 0.00731506 0.00704676 0.000253839
176.428 10.7558 -0.0119037 1.62642 0.00722617 0.00719407 0.000250308
176.448 10.755 -0.0110024 1.62643 0.0071271 0.00721525 0.000245293
176.47 10.7543 -0.0101319 1.62645 0.00702919 0.00716696 0.000238872
176.488 10.7535 -0.00929173 1.62647 0.00693185 0.0071835 0.000233114
176.509 10.7528 -0.00848153 1.62649 0.00685402 0.00716081 0.000226571
176.528 10.7521 -0.0077005 1.62651 0.0067331 0.00728194 0.000222837
176.548 10.7514 -0.00694822 1.62653 0.00659304 0.0072073 0.000215582
176.569 10.7507 -0.00622422 1.62655 0.00645964 0.00707221 0.000208819
176.589 10.7501 -0.00552802 1.62658 0.00635497 0.00723541 0.000205116
176.609 10.7494 -0.00485918 1.6266 0.00628863 0.00720933 0.00020041
176.629 10.7488 -0.00421724 1.62663 0.00624087 0.00717226 0.000196203
176.649 10.7482 -0.00360166 1.62666 0.00617108 0.00718299 0.000193078
176.67 10.7477 -0.00301212 1.62669 0.0060853 0.00720887 0.00019
176.69 10.7471 -0.00244811 1.62672 0.00596931 0.00723278 0.000186878
176.711 10.7466 -0.00190931 1.62674 0.00586075 0.00724751 0.000183628
176.731 10.746 -0.00139542 1.62677 0.00579198 0.00725285 0.000181264
176.75 10.7455 -0.00090575 1.62679 0.00570658 0.00725133 0.000178958
176.772 10.7451 -0.000439702 1.62682 0.00557748 0.00724515 0.000176358
176.791 10.7446 3.15941e-06 1.62684 0.00542721 0.00723899 0.000174492
176.813 10.7442 0.000423491 1.62685 0.00525818 0.00723194 0.000171979
176.831 10.7437 0.000821916 1.62687 0.00509082 0.00722876 0.000167155
176.851 10.7433 0.00119923 1.62688 0.0049104 0.00723146 0.000164197
176.872 10.7429 0.00155619 1.62689 0.00472014 0.00724042 0.000160209
176.892 10.7426 0.00189368 1.6269 0.00450712 0.00724744 0.000156885
176.912 10.7422 0.00221239 1.62691 0.00430666 0.00736773 0.000154486
176.932 10.7419 0.00251301 1.62692 0.00414363 0.00728974 0.000150227
176.952 10.7415 0.00279622 1.62693 0.00401793 0.00716188 0.000146939
176.973 10.7412 0.00306289 1.62694 0.00387481 0.00731152 0.000143592
176.993 10.7409 0.00331352 1.62695 0.0037358 0.00731663 0.000140788
177.014 10.7406 0.00354871 1.62697 0.00359583 0.00712859 0.00013788
177.033 10.7404 0.00376898 1.62699 0.00346931 0.0072752 0.000136359
177.054 10.7401 0.0039749 1.62701 0.00335338 0.00728127 0.000134539
177.074 10.7398 0.0041669 1.62704 0.00325957 0.00724515 0.000132043
177.094 10.7396 0.0043452 1.62706 0.0032208 0.00733173 0.000129627
177.115 10.7394 0.00450992 1.62709 0.00324445 0.00735929 0.000127554
177.134 10.7392 0.00466176 1.62712 0.00321134 0.00722891 0.000125238
177.154 10.739 0.00480091 1.62714 0.00311522 0.00735376 0.000123723
177.177 10.7388 0.00492753 1.62717 0.00300157 0.0075075 0.000122317
177.196 10.7386 0.00504239 1.6272 0.00282761 0.00733914 0.000119951
177.218 10.7384 0.00514592 1.62723 0.00263577 0.00737195 0.000118204
177.236 10.7383 0.00523877 1.62726 0.00245023 0.00743467 0.000117135
177.257 10.7381 0.00532195 1.6273 0.00223017 0.00752524 0.000116364
177.277 10.738 0.00539645 1.62733 0.00196081 0.00740562 0.000114149
177.297 10.7379 0.00546337 1.62736 0.00164254 0.00740556 0.000110416
177.318 10.7377 0.00552362 1.62739 0.00133093 0.00748981 0.000109571
177.337 10.7376 0.00557833 1.62742 0.001046 0.00747207 0.000107619
177.357 10.7375 0.00562877 1.62744 0.000766152 0.00733465 0.000105755
177.381 10.7374 0.00567596 1.62747 0.000504687 0.00749731 0.000105806
177.398 10.7373 0.0057208 1.62749 0.000283463 0.00750889 0.000104431
177.42 10.7372 0.00576428 1.62752 8.61736e-05 0.00745158 0.000101739
177.438 10.7371 0.00580722 1.62754 -9.90113e-05 0.00743487 9.96811e-05
177.459 10.737 0.00585028 1.62756 -0.000260995 0.00745262 9.90402e-05
177.479 10.7369 0.00589403 1.62758 -0.000388543 0.00746901 9.75608e-05
177.499 10.7368 0.00593906 1.6276 -0.000498708 0.00746759 9.63268e-05
177.519 10.7367 0.00598575 1.62761 -0.000581334 0.00746616 9.51486e-05
177.539 10.7366 0.00603439 1.62761 -0.000635657 0.00746186 9.40639e-05
177.559 10.7365 0.0060853 1.62761 -0.000678818 0.00743929 9.30366e-05
177.58 10.7364 0.00613856 1.62761 -0.000698548 0.00741207 9.20835e-05
177.599 10.7364 0.00619431 1.6276 -0.00070786 0.00737608 9.12021e-05
177.621 10.7363 0.00625266 1.62759 -0.000719165 0.00726613 9.04494e-05
177.639 10.7362 0.00631331 1.62758 -0.000674406 0.00734274 8.96417e-05
177.66 10.7361 0.00637587 1.62758 -0.000541914 0.00730652 8.72327e-05
177.681 10.7361 0.00643987 1.62759 -0.00032873 0.00728023 8.4005e-05
177.701 10.736 0.00650476 1.62759 -8.89922e-05 0.00731024 8.21662e-05
177.722 10.736 0.00656997 1.6276 0.000119292 0.0073324 8.0778e-05
177.742 10.736 0.00663464 1.62761 0.000305388 0.00721733 7.76052e-05
177.762 10.7359 0.00669799 1.62762 0.000473898 0.0073316 7.48076e-05
177.783 10.7359 0.00675928 1.62763 0.000639548 0.00733464 7.18705e-05
177.803 10.7359 0.00681802 1.62764 0.000778223 0.00719071 6.81927e-05
177.824 10.7359 0.00687362 1.62766 0.000899854 0.00726488 6.3318e-05
177.843 10.7359 0.00692573 1.62767 0.000985326 0.00692864 6.14656e-05
177.863 10.7359 0.00697374 1.62769 0.00108032 0.00707318 6.10619e-05
177.885 10.736 0.00701757 1.62773 0.00114267 0.00708529 6.03709e-05
178.045 10.7362 0.00705712 1.62777 0.0011488 0.00671878 5.9739e-05
178.064 10.7365 0.00709182 1.62781 0.00119174 0.00662741 5.86919e-05
178.083 10.7369 0.00712207 1.62784 0.00117984 0.00627169 5.8604e-05
178.103 10.7375 0.00714767 1.62788 0.0011591 0.00600338 5.8997e-05
178.126 10.7383 0.00716835 1.62793 0.00119473 0.00616024 5.79761e-05
178.143 10.7393 0.00718447 1.62798 0.00120388 0.00577415 5.73229e-05
178.164 10.7405 0.00719589 1.62804 0.0012016 0.00599828 5.77826e-05
178.184 10.742 0.00720259 1.62812 0.00119363 0.0053095 5.82684e-05
178.204 10.7437 0.00720511 1.6282 0.0010995 0.00508403 6.17159e-05
178.226 10.7457 0.00720287 1.62829 0.00108612 0.00464789 6.11758e-05
178.244 10.7481 0.00719665 1.62839 0.00103625 0.00485547 6.21265e-05
178.267 10.7508 0.00718649 1.62848 0.000978993 0.00393982 6.16239e-05
178.285 10.7538 0.00717212 1.62859 0.000990198 0.00349199 5.8844e-05
178.305 10.7573 0.00715445 1.6287 0.000912275 0.00342122 6.18509e-05
178.326 10.7613 0.0071331 1.62881 0.000879556 0.00149838 5.99069e-05
178.345 10.766 0.00710884 1.62894 0.000786516 0.00309066 6.23521e-05
178.366 10.7713 0.00708115 1.62912 0.000771183 0.00403585 5.8726e-05
178.385 10.7771 0.00705035 1.62934 0.000785726 0.00175079 5.68716e-05
178.405 10.7836 0.00701798 1.62963 0.000588034 0.0028229 6.53807e-05
178.427 10.7905 0.0069824 1.62997 0.000572346 0.00164539 6.08745e-05
178.446 10.7979 0.00694485 1.63035 0.000527528 0.00265182 5.86402e-05
178.467 10.8057 0.00690502 1.63076 0.000526983 0.00261069 5.66885e-05
178.486 10.8138 0.00686311 1.63118 0.000543694 0.0032516 5.52199e-05
178.506 10.8222 0.0068196 1.6316 0.0004954 0.00321149 5.46976e-05
178.529 10.8308 0.00677406 1.63202 0.000495976 0.00445366 5.18544e-05
178.547 10.8397 0.00672698 1.63241 0.00046199 0.0050054 5.23335e-05
178.568 10.8487 0.00667832 1.63277 0.000420324 0.0051876 5.33833e-05
178.589 10.8577 0.00662818 1.6331 0.000380809 0.0055468 5.51054e-05
178.608 10.8669 0.00657688 1.63341 0.000314099 0.00605739 5.61426e-05
178.629 10.876 0.00652432 1.63368 0.00028176 0.00686307 5.82102e-05
178.648 10.885 0.00647078 1.63392 0.000257873 0.00740605 6.03009e-05
178.67 10.8939 0.00641625 1.63412 0.000255237 0.00772328 6.24856e-05
178.689 10.9027 0.00636101 1.63429 0.000234306 0.00851146 6.41882e-05
178.709 10.9113 0.00630537 1.63443 0.000161147 0.00962827 6.41944e-05
178.73 10.9196 0.00624855 1.63453 0.000196095 0.00984245 6.84266e-05
178.75 10.9277 0.00619095 1.6346 0.000256538 0.0100849 7.47446e-05
178.77 10.9354 0.00613295 1.63466 0.00025221 0.0107933 7.60106e-05
178.79 10.9427 0.00607437 1.6347 0.000213645 0.011558 7.55546e-05
178.81 10.9496 0.0060152 1.63472 0.000161733 0.0120561 7.46966e-05
178.833 10.9562 0.00595523 1.63472 0.00015547 0.0127245 7.80312e-05
178.85 10.9622 0.0058947 1.63468 0.000168985 0.0118811 8.09033e-05
178.871 10.9679 0.00583386 1.63465 0.000151489 0.0132291 8.18385e-05
178.891 10.9731 0.00577214 1.63462 0.000183583 0.0131457 8.72137e-05
178.911 10.9779 0.00570997 1.63462 0.000195802 0.0136486 9.24652e-05
178.934 10.9823 0.00564702 1.63463 0.000235408 0.0132038 9.69844e-05
178.952 10.9864 0.00558419 1.63468 0.000136638 0.0130403 9.33167e-05
178.973 10.9902 0.00552059 1.63472 0.000107664 0.0134946 9.45567e-05
178.992 10.9937 0.00545694 1.63475 5.35392e-05 0.0127522 9.25084e-05
179.012 10.997 0.0053933 1.6348 -3.69322e-06 0.0135208 9.05289e-05
179.035 10.9999 0.00533045 1.63485 -0.000150745 0.0127977 8.26683e-05
179.054 11.0024 0.00526694 1.63489 -0.00011277 0.0111113 8.76465e-05
179.075 11.0048 0.00520522 1.63495 -0.00026413 0.0111444 8.26942e-05
179.094 11.0069 0.00514426 1.635 -0.000345924 0.0118526 8.19541e-05
179.115 11.0088 0.00508389 1.63502 -0.000294993 0.0102884 8.77545e-05
179.136 11.0106 0.00502433 1.63506 -0.000153562 0.0104246 9.49997e-05
179.155 11.0122 0.00496576 1.63513 -4.13281e-05 0.0115755 9.82713e-05
179.177 11.0138 0.00490828 1.63521 -5.43543e-05 0.0111006 0.000100538
179.196 11.0153 0.00485099 1.63528 -3.66625e-05 0.0105066 0.000102414
179.215 11.0168 0.00479394 1.63533 -1.11196e-05 0.0101632 0.000105598
179.236 11.0182 0.00473741 1.63534 -3.46297e-05 0.00988619 0.000109725
179.255 11.0196 0.00468134 1.63532 -7.77581e-05 0.0103559 0.000110124
179.278 11.0209 0.00462477 1.63527 2.7435e-05 0.009873 0.000114494
179.296 11.0221 0.00456904 1.63519 9.36239e-06 0.00839338 0.000113588
179.316 11.0234 0.00451345 1.63511 -1.20645e-05 0.00859591 0.000112018
179.337 11.0247 0.00445813 1.63504 -4.65607e-05 0.00886637 0.000110608
179.356 11.0261 0.00440335 1.63496 -9.99942e-05 0.00754373 0.000108102
179.377 11.0276 0.00434827 1.63491 4.27747e-06 0.0087942 0.000102403
179.396 11.0293 0.00429358 1.63488 6.44626e-05 0.00897076 0.000101262
179.417 11.0311 0.00423895 1.63485 8.931e-05 0.00955562 9.49325e-05
179.438 11.0329 0.00418516 1.63483 -5.69786e-05 0.00749403 8.83881e-05
179.457 11.0346 0.00413137 1.63487 -0.000135969 0.00748745 8.21983e-05
179.478 11.0364 0.00407785 1.63493 -0.000140985 0.00786926 7.65737e-05
179.497 11.0381 0.00402486 1.635 -0.000114647 0.00795508 7.14858e-05
179.517 11.0399 0.00397261 1.63505 -0.00010989 0.00776646 6.8368e-05
179.538 11.0416 0.00392105 1.63508 -0.000119335 0.00769038 6.49693e-05
179.558 11.0433 0.00387012 1.63509 -0.000130614 0.00776126 6.37305e-05
179.581 11.0451 0.00381982 1.63509 -0.000133279 0.00781596 6.09088e-05
179.598 11.0468 0.00377013 1.63506 -0.00012875 0.00784525 6.15089e-05
179.618 11.0485 0.00372098 1.63502 -0.000100794 0.00800982 5.94159e-05
179.641 11.0501 0.00367249 1.63495 -9.01698e-05 0.00793048 5.92191e-05
179.659 11.0518 0.00362469 1.63487 -0.000109659 0.00790898 5.94101e-05
179.679 11.0535 0.00357748 1.63477 -0.000130151 0.00810676 5.88436e-05
179.699 11.0551 0.00353099 1.63466 -0.000161058 0.00807733 5.82186e-05
179.719 11.0568 0.00348521 1.63454 -0.000181071 0.00817954 5.80249e-05
179.743 11.0584 0.00344035 1.6344 -0.000210876 0.00821985 5.70822e-05
179.76 11.0599 0.00339654 1.63426 -0.000252004 0.00823514 5.61893e-05
179.781 11.0615 0.00335384 1.63411 -0.000293364 0.00828022 5.53462e-05
179.8 11.063 0.00331242 1.63395 -0.000332906 0.00832137 5.6079e-05
179.821 11.0646 0.00327251 1.63379 -0.000388648 0.00835107 5.80259e-05
179.842 11.0661 0.00323428 1.63362 -0.000449871 0.00836301 5.95235e-05
179.86 11.0675 0.00319787 1.63345 -0.000500072 0.00842457 6.04239e-05
179.881 11.069 0.00316334 1.63328 -0.00052068 0.00844072 6.16874e-05
179.901 11.0704 0.00313102 1.6331 -0.000552095 0.00848949 6.24785e-05
179.921 11.0718 0.00310104 1.63292 -0.000597562 0.00853658 6.44014e-05
179.943 11.0732 0.00307334 1.63275 -0.00062039 0.0085962 6.61693e-05
179.962 11.0745 0.00304824 1.63257 -0.000655181 0.00851469 6.80474e-05
179.983 11.0758 0.0030257 1.63241 -0.00067401 0.00858722 6.95269e-05
180.002 11.0771 0.00300592 1.63225 -0.000694403 0.00878195 6.7772e-05
180.022 11.0784 0.00298894 1.63209 -0.000718444 0.00864607 6.75399e-05
180.046 11.0796 0.00297481 1.63195 -0.000739068 0.00868229 6.78105e-05
180.064 11.0808 0.00296355 1.63181 -0.000750248 0.00865277 7.07509e-05
180.085 11.082 0.0029553 1.63168 -0.000766298 0.00868151 7.2853e-05
180.105 11.0832 0.00295019 1.63155 -0.000800421 0.00872554 7.34964e-05
180.125 11.0843 0.00294827 1.63143 -0.000840186 0.00881538 7.48254e-05
180.145 11.0854 0.00294955 1.63132 -0.000864609 0.0086731 7.65741e-05
180.165 11.0864 0.00295414 1.63121 -0.00087384 0.00875528 7.63513e-05
180.186 11.0874 0.00296214 1.63111 -0.000882288 0.0086887 7.7254e-05
180.206 11.0884 0.00297355 1.63102 -0.000890762 0.00861809 8.01134e-05
180.226 11.0894 0.00298843 1.63093 -0.000898793 0.00875506 8.05413e-05
180.247 11.0904 0.00300677 1.63084 -0.000906856 0.00870724 8.33042e-05
180.266 11.0913 0.00302866 1.63077 -0.000922283 0.00866487 8.49263e-05
180.287 11.0922 0.0030541 1.6307 -0.000939718 0.00867047 8.63698e-05
180.306 11.093 0.00308307 1.63063 -0.000941683 0.00868841 8.50474e-05
180.327 11.0939 0.00311571 1.63057 -0.000957509 0.0087218 8.40761e-05
180.348 11.0947 0.00315203 1.63051 -0.000980816 0.00859638 8.27518e-05
180.367 11.0954 0.00319213 1.63046 -0.0010113 0.00869005 8.2158e-05
180.388 11.0962 0.00323621 1.63041 -0.00106825 0.00858834 8.21109e-05
180.407 11.0969 0.00328458 1.63036 -0.001163 0.00867836 8.12941e-05
180.427 11.0976 0.00333738 1.63031 -0.00126469 0.00857524 8.18324e-05
180.45 11.0982 0.0033949 1.63027 -0.00135226 0.0085632 8.18009e-05
180.468 11.0989 0.00345758 1.63023 -0.00144799 0.00856169 8.27114e-05
180.489 11.0994 0.00352578 1.63019 -0.00155211 0.00848823 8.38208e-05
180.509 11.1 0.00359982 1.63015 -0.00165246 0.00860552 8.55777e-05
180.528 11.1006 0.00367999 1.63011 -0.0017355 0.00862415 8.86956e-05
180.551 11.1011 0.00376667 1.63008 -0.00180927 0.00850049 9.03435e-05
180.569 11.1016 0.00386007 1.63005 -0.00186816 0.00871183 9.12715e-05
180.59 11.1021 0.00396028 1.63003 -0.00189245 0.00850558 9.33713e-05
180.609 11.1025 0.00406744 1.63001 -0.00189117 0.00868352 9.48428e-05
180.629 11.103 0.0041819 1.63 -0.00192984 0.00860205 9.8087e-05
180.65 11.1034 0.00430365 1.62999 -0.00198106 0.00847039 0.000100486
180.67 11.1037 0.00443259 1.63 -0.00200137 0.00864749 0.000101708
180.691 11.1041 0.00456918 1.63001 -0.00205295 0.00872924 0.000102975
180.71 11.1044 0.00471345 1.63003 -0.00211405 0.00850601 0.000105081
180.73 11.1047 0.00486537 1.63005 -0.00214697 0.00842969 0.000107153
180.752 11.105 0.00502514 1.63008 -0.00216873 0.00847303 0.000108186
180.771 11.1052 0.00519282 1.63012 -0.00217897 0.00843406 0.000109952
180.792 11.1055 0.0053684 1.63015 -0.00217405 0.00853698 0.000111544
180.811 11.1057 0.0055519 1.63019 -0.00216348 0.0086877 0.000111393
180.831 11.1058 0.00574355 1.63023 -0.0021927 0.00851337 0.000111101
180.854 11.106 0.00594317 1.63028 -0.00222413 0.00850535 0.000111398
180.872 11.1061 0.00615083 1.63033 -0.00225038 0.00855321 0.000112508
180.894 11.1062 0.00636647 1.63037 -0.00224553 0.00853469 0.000111136
180.912 11.1063 0.00659058 1.63042 -0.00230518 0.00828783 0.0001118
180.932 11.1063 0.00682294 1.63047 -0.0023565 0.00846704 0.00011232
180.953 11.1063 0.00706344 1.63052 -0.00235425 0.0085224 0.000113417
180.973 11.1063 0.00731232 1.63058 -0.00234163 0.00844669 0.000114448
180.994 11.1063 0.00756941 1.63063 -0.00230619 0.00842557 0.000115547
181.013 11.1063 0.00783483 1.63068 -0.00229365 0.00854277 0.000116045
181.033 11.1062 0.00810844 1.63073 -0.0022944 0.00832272 0.000117931
181.055 11.1062 0.00839001 1.63078 -0.00227551 0.00845181 0.000118773
181.074 11.1061 0.00867942 1.63082 -0.00223198 0.00853418 0.00011975
181.096 11.106 0.00897668 1.63087 -0.00219414 0.0084922 0.000119869
181.115 11.1059 0.00928169 1.63091 -0.00217628 0.00849149 0.000121041
181.135 11.1058 0.00959414 1.63095 -0.00214631 0.00848154 0.000122759
181.157 11.1056 0.00991404 1.63099 -0.00212514 0.00833034 0.00012493
181.175 11.1055 0.0102411 1.63102 -0.00209161 0.00840883 0.000126444
181.197 11.1053 0.0105752 1.63106 -0.00203027 0.00838195 0.00012768
181.216 11.1051 0.0109162 1.63109 -0.00198398 0.00845937 0.000127684
181.236 11.1049 0.0112638 1.63112 -0.00192729 0.0083528 0.000126686
181.258 11.1047 0.0116177 1.63115 -0.00186683 0.00844525 0.000127447
181.277 11.1045 0.0119781 1.63117 -0.00184454 0.00833069 0.000127846
181.297 11.1043 0.0123444 1.63119 -0.00179587 0.00835747 0.000128423
181.316 11.1041 0.0127168 1.63122 -0.0018112 0.00825811 0.000129474
181.336 11.1038 0.0130956 1.63124 -0.00188321 0.00836536 0.000128891
181.36 11.1035 0.0134806 1.63125 -0.00198667 0.00838347 0.000127276
181.378 11.1033 0.013872 1.63127 -0.00205703 0.00845977 0.000126489
181.398 11.103 0.0142704 1.63128 -0.00215489 0.00838607 0.00012383
181.42 11.1027 0.0146765 1.6313 -0.00235703 0.00849646 0.000122882
181.439 11.1024 0.015091 1.63132 -0.00263304 0.00840459 0.000122678
181.462 11.1021 0.0155142 1.63133 -0.00286084 0.00836616 0.000122543
181.479 11.1017 0.0159474 1.63135 -0.00310283 0.00835735 0.000121611
181.5 11.1014 0.0163911 1.63137 -0.0033037 0.00830772 0.000121598
181.519 11.101 0.0168461 1.63138 -0.00347823 0.0083348 0.000121947
181.539 11.1007 0.0173132 1.6314 -0.00362782 0.00834223 0.000122685
181.561 11.1003 0.0177926 1.63142 -0.0037277 0.00832438 0.000123878
181.581 11.0999 0.0182849 1.63143 -0.00378912 0.00831297 0.00012185
181.602 11.0996 0.0187903 1.63143 -0.00383312 0.00820363 0.000120747
181.621 11.0992 0.0193088 1.63144 -0.00384132 0.00830633 0.000119125
181.642 11.0988 0.0198408 1.63145 -0.0038655 0.00836432 0.000120978
181.663 11.0984 0.0203863 1.63146 -0.00389103 0.00819861 0.000122945
181.682 11.0979 0.0209451 1.63148 -0.00389161 0.00833726 0.000122821
181.703 11.0975 0.0215174 1.6315 -0.00387957 0.0084762 0.000120863
181.722 11.0971 0.022103 1.63152 -0.00388032 0.00837679 0.000120914
181.742 11.0967 0.022702 1.63155 -0.0039008 0.0083613 0.00012173
181.764 11.0963 0.0233143 1.63157 -0.00390231 0.00829997 0.000123512
181.783 11.0958 0.0239395 1.6316 -0.00384945 0.00842459 0.000122695
181.803 11.0954 0.0245778 1.63163 -0.0037836 0.00841747 0.000122455
181.823 11.0949 0.0252289 1.63165 -0.00374558 0.00835489 0.000123007
181.843 11.0945 0.0258929 1.63168 -0.00375484 0.00834942 0.000122901
181.864 11.094 0.0265692 1.63171 -0.00372817 0.00832226 0.000124346
181.884 11.0935 0.0272578 1.63173 -0.00367405 0.00833814 0.000124964
181.905 11.0931 0.0279586 1.63176 -0.00363648 0.00833685 0.000125187
181.923 11.0926 0.0286712 1.63179 -0.00356018 0.00825629 0.000126079
181.943 11.0921 0.0293954 1.63182 -0.00347744 0.00838041 0.000123915
181.965 11.0917 0.0301308 1.63185 -0.00340218 0.00829109 0.000124784
181.984 11.0912 0.0308772 1.63188 -0.00332067 0.00830341 0.000121385
182.006 11.0907 0.0316342 1.63191 -0.00323382 0.0084022 0.000118022
182.024 11.0902 0.0324014 1.63193 -0.00316979 0.00838341 0.000117819
182.045 11.0897 0.033179 1.63196 -0.00318165 0.00825555 0.000118933
182.065 11.0892 0.0339666 1.63198 -0.00318395 0.00831665 0.000118428
182.085 11.0887 0.0347637 1.632 -0.00312888 0.00832385 0.000117479
182.108 11.0882 0.0355704 1.63203 -0.00305795 0.00828726 0.000116496
182.125 11.0877 0.0363865 1.63205 -0.00299436 0.00828002 0.000116569
182.145 11.0872 0.0372117 1.63207 -0.00294056 0.00827605 0.000117722
182.166 11.0867 0.0380459 1.63208 -0.00290027 0.00825903 0.000119466
182.186 11.0862 0.0388886 1.63209 -0.00285207 0.00825293 0.000121615
182.207 11.0857 0.0397397 1.6321 -0.00278659 0.00825506 0.000124138
182.226 11.0852 0.040599 1.6321 -0.0027197 0.00824887 0.000125541
182.246 11.0847 0.0414662 1.6321 -0.00267397 0.00825079 0.000126385
182.268 11.0842 0.0423412 1.6321 -0.00264256 0.00825153 0.000128419
182.287 11.0837 0.0432237 1.6321 -0.00262229 0.00815048 0.000126852
182.309 11.0832 0.0441137 1.63209 -0.00260592 0.00827679 0.000126945
182.327 11.0827 0.0450109 1.6321 -0.00256328 0.00828139 0.000126795
182.348 11.0822 0.0459153 1.6321 -0.0025287 0.00823237 0.000125979
182.369 11.0817 0.046827 1.63211 -0.00254838 0.00822103 0.0001264
182.388 11.0812 0.0477464 1.63212 -0.00266659 0.00824413 0.000127171
182.409 11.0807 0.0486733 1.63213 -0.00279911 0.00827603 0.000124681
182.429 11.0802 0.0496091 1.63215 -0.00307604 0.00827698 0.000123939
182.449 11.0797 0.050555 1.63216 -0.00353135 0.00827436 0.000123687
182.469 11.0792 0.051512 1.63218 -0.00402306 0.00826048 0.00012443
182.489 11.0787 0.0524816 1.6322 -0.00450889 0.00824505 0.000125775
182.51 11.0782 0.0534656 1.63221 -0.00496017 0.00832435 0.000125623
182.53 11.0777 0.0544654 1.63222 -0.00535122 0.00820015 0.000127149
182.551 11.0771 0.0554829 1.63223 -0.00571257 0.00819657 0.000127223
182.573 11.0766 0.0565191 1.63223 -0.00602167 0.00823161 0.000128564
182.591 11.0761 0.0575754 1.63224 -0.00628302 0.00823881 0.000129122
182.612 11.0756 0.0586527 1.63225 -0.00651266 0.00823765 0.000127351
182.631 11.0751 0.0597517 1.63226 -0.0066919 0.00823406 0.000127787
182.654 11.0745 0.060873 1.63227 -0.00680682 0.00823239 0.000127275
182.672 11.074 0.0620171 1.63228 -0.00689182 0.00823186 0.000128901
182.693 11.0735 0.0631844 1.63229 -0.00694811 0.00821776 0.000129337
182.713 11.073 0.0643749 1.6323 -0.00698363 0.00820669 0.000130747
182.733 11.0724 0.0655888 1.6323 -0.00698688 0.00820931 0.000131624
182.752 11.0719 0.0668263 1.63231 -0.00701711 0.00821512 0.000134577
182.773 11.0714 0.0680875 1.63232 -0.00707842 0.00812894 0.000136703
182.792 11.0708 0.0693722 1.63233 -0.00711834 0.00827663 0.000137233
182.814 11.0703 0.0706804 1.63234 -0.00712868 0.00826336 0.000141075
182.833 11.0698 0.0720122 1.63236 -0.00710306 0.00818964 0.000142402
182.853 11.0693 0.0733672 1.63238 -0.00701979 0.00818792 0.000143098
182.875 11.0687 0.074745 1.6324 -0.00687994 0.00816636 0.000146459
182.894 11.0682 0.0761454 1.63243 -0.00675323 0.0082432 0.000146985
182.915 11.0677 0.0775684 1.63246 -0.00675133 0.00818405 0.000148243
182.934 11.0672 0.0790137 1.6325 -0.00680222 0.00818448 0.000148583
182.954 11.0666 0.0804806 1.63254 -0.0067977 0.00820602 0.000149793
182.977 11.0661 0.081969 1.63257 -0.00673408 0.00825217 0.000151111
182.995 11.0656 0.0834791 1.63261 -0.00667299 0.00821195 0.000151537
183.018 11.0651 0.0850103 1.63265 -0.00660367 0.00819775 0.000153939
183.036 11.0645 0.0865623 1.63269 -0.0065187 0.00820268 0.000154855
183.056 11.064 0.0881347 1.63273 -0.00641081 0.00813757 0.000154551
183.077 11.0635 0.0897271 1.63276 -0.00629078 0.00827767 0.000156656
183.096 11.063 0.0913388 1.6328 -0.00615123 0.0082588 0.000158119
183.118 11.0624 0.0929694 1.63283 -0.006022 0.00808282 0.000160349
183.136 11.0619 0.0946182 1.63286 -0.00586521 0.00823698 0.000162337
183.156 11.0614 0.0962845 1.6329 -0.00568985 0.00821396 0.000163717
183.178 11.0609 0.097968 1.63294 -0.00556642 0.00826297 0.000166423
183.198 11.0604 0.0996692 1.63298 -0.00565227 0.00817849 0.000169244
183.218 11.0599 0.101388 1.63302 -0.00586005 0.00818371 0.00017247
183.238 11.0593 0.103124 1.63307 -0.00607057 0.00821596 0.00017643
183.258 11.0588 0.104879 1.63311 -0.00641122 0.00821805 0.000176909
183.279 11.0583 0.106653 1.63315 -0.00679459 0.00814358 0.000174573
183.298 11.0578 0.108447 1.63319 -0.00690845 0.00825145 0.000176033
183.319 11.0573 0.110261 1.63323 -0.00682413 0.00828855 0.000176292
183.338 11.0568 0.112095 1.63327 -0.00656979 0.00829993 0.000178033
183.358 11.0563 0.113949 1.63332 -0.00626133 0.00823566 0.000179135
183.379 11.0558 0.11582 1.63336 -0.00591009 0.00817937 0.00018407
183.399 11.0553 0.117709 1.63341 -0.00553486 0.00831213 0.000180508
183.421 11.0548 0.119614 1.63345 -0.00524152 0.00826774 0.000179946
183.439 11.0543 0.121535 1.6335 -0.00533423 0.0081768 0.000181515
183.459 11.0538 0.123474 1.63355 -0.005965 0.00818598 0.00017993
183.481 11.0533 0.125431 1.6336 -0.00662437 0.00813175 0.000181093
183.5 11.0528 0.127406 1.63366 -0.00702718 0.00825216 0.00018151
183.521 11.0523 0.1294 1.63371 -0.00721371 0.00820325 0.000181191
183.54 11.0518 0.131416 1.63377 -0.00731968 0.00820412 0.000181699
183.561 11.0513 0.133454 1.63382 -0.00739208 0.00809927 0.000180928
183.581 11.0508 0.135514 1.63387 -0.00737881 0.00824518 0.000177687
183.601 11.0503 0.137596 1.63392 -0.00730306 0.00813179 0.000178262
183.622 11.0498 0.139699 1.63396 -0.00722841 0.00809154 0.000177901
183.641 11.0493 0.141824 1.634 -0.00713858 0.00821285 0.000176815
183.662 11.0488 0.143971 1.63404 -0.0071191 0.00815289 0.000178637
183.685 11.0484 0.146138 1.63407 -0.00716952 0.00814576 0.000180118
183.701 11.0479 0.148327 1.6341 -0.0071937 0.00815606 0.000177879
183.723 11.0474 0.150537 1.63413 -0.00721296 0.00819787 0.000176831
183.742 11.0469 0.152768 1.63415 -0.00723772 0.00815177 0.000179056
183.762 11.0464 0.15502 1.63418 -0.00722333 0.00806962 0.000181382
183.784 11.046 0.157293 1.6342 -0.00727072 0.00804824 0.000182881
183.803 11.0455 0.159588 1.63422 -0.00738378 0.00806047 0.000184683
183.823 11.045 0.161903 1.63423 -0.00742364 0.00815559 0.00018714
183.843 11.0446 0.16424 1.63425 -0.00731618 0.00806323 0.000189284
183.863 11.0441 0.166597 1.63427 -0.00711314 0.00813101 0.000193573
183.885 11.0436 0.168974 1.63428 -0.00686965 0.00823481 0.000196663
183.903 11.0432 0.17137 1.63429 -0.00660729 0.00823271 0.000199509
183.924 11.0427 0.173785 1.6343 -0.0063943 0.00816936 0.000202893
183.944 11.0423 0.176216 1.63431 -0.00619291 0.00814719 0.000206285
183.964 11.0418 0.178665 1.63432 -0.00602086 0.00803381 0.000206159
183.985 11.0414 0.181129 1.63433 -0.00586018 0.00810016 0.000207818
184.004 11.0409 0.183608 1.63434 -0.00570952 0.00827485 0.000210395
184.026 11.0405 0.186102 1.63435 -0.00560137 0.00819398 0.000213184
184.045 11.04 0.18861 1.63436 -0.00552935 0.00811378 0.000215096
184.065 11.0396 0.191131 1.63436 -0.00545652 0.00813573 0.000213677
184.087 11.0391 0.193666 1.63437 -0.00539483 0.00809587 0.00021648
184.105 11.0387 0.196214 1.63437 -0.00536757 0.00818683 0.000213666
184.126 11.0382 0.198775 1.63437 -0.00539228 0.00820432 0.000214114
184.145 11.0378 0.20135 1.63437 -0.00564894 0.0081601 0.000213795
184.165 11.0373 0.20394 1.63437 -0.0060804 0.00823582 0.000211293
184.187 11.0369 0.206546 1.63437 -0.00651718 0.00821278 0.000210878
184.206 11.0364 0.209168 1.63437 -0.00678109 0.00812688 0.000209216
184.227 11.036 0.211806 1.63438 -0.00687917 0.00816239 0.000211645
184.246 11.0355 0.214463 1.63438 -0.00688143 0.00817345 0.000211478
184.267 11.0351 0.217138 1.63438 -0.00682104 0.00817041 0.000214676
184.288 11.0346 0.21983 1.63437 -0.00671255 0.00820606 0.000216568
184.308 11.0342 0.22254 1.63437 -0.00659885 0.00820817 0.000218121
184.328 11.0337 0.225267 1.63436 -0.00640641 0.00815614 0.000220506
184.348 11.0333 0.22801 1.63435 -0.0061346 0.00802984 0.000220148
184.368 11.0328 0.230767 1.63435 -0.00585083 0.00815107 0.000218429
184.389 11.0324 0.233539 1.63434 -0.00557392 0.00820145 0.000217921
184.408 11.0319 0.236323 1.63434 -0.00531186 0.00813786 0.00021994
184.429 11.0315 0.23912 1.63434 -0.00508601 0.0081324 0.000221999
184.449 11.031 0.24193 1.63434 -0.00522105 0.00820815 0.000221053
184.469 11.0305 0.244754 1.63434 -0.00591805 0.0080961 0.000220162
184.49 11.0301 0.247594 1.63435 -0.00683751 0.00820368 0.000217832
184.51 11.0296 0.250452 1.63436 -0.00778909 0.00815735 0.000217235
184.531 11.0291 0.253331 1.63437 -0.00870711 0.00817553 0.000218505
184.555 11.0286 0.256234 1.63438 -0.00955041 0.00817354 0.000220385
184.581 11.0282 0.259166 1.63438 -0.010335 0.00817638 0.000222828
184.639 11.0277 0.262127 1.63438 -0.010989 0.00818405 0.000219375
184.659 11.0272 0.265121 1.63438 -0.0114887 0.00817874 0.000218384
184.666 11.0267 0.26815 1.63438 -0.011867 0.00817317 0.000219961
184.707 11.0262 0.271214 1.63437 -0.0121436 0.00816094 0.000219227
184.729 11.0257 0.274316 1.63436 -0.0123241 0.00815239 0.000218798
184.756 11.0253 0.277456 1.63435 -0.0124017 0.00813463 0.000215531
184.772 11.0248 0.280633 1.63434 -0.0124287 0.00811165 0.00021788
184.796 11.0243 0.283849 1.63432 -0.0124771 0.00809609 0.00021767
184.83 11.0238 0.287104 1.63431 -0.0125047 0.00807881 0.000217942
184.865 11.0233 0.290396 1.63429 -0.0124762 0.00805504 0.000219617
184.895 11.0228 0.293727 1.63427 -0.0123938 0.00804046 0.000221144
184.914 11.0223 0.297095 1.63425 -0.0122899 0.00802962 0.000216824
184.934 11.0218 0.3005 1.63423 -0.0121846 0.00801752 0.000218187
184.953 11.0213 0.303943 1.63421 -0.0121262 0.00801616 0.000213922
184.973 11.0208 0.307422 1.63419 -0.0121067 0.00802946 0.000214886
184.995 11.0203 0.310938 1.63417 -0.0123281 0.00798342 0.00021719
185.014 11.0197 0.314492 1.63416 -0.0125356 0.00800071 0.000219073
185.035 11.0192 0.318082 1.63415 -0.0125773 0.00801487 0.000219633
185.054 11.0187 0.32171 1.63415 -0.0127122 0.00799658 0.000220903
185.074 11.0182 0.325378 1.63415 -0.0129514 0.00808855 0.000222847
185.096 11.0177 0.329084 1.63415 -0.0131406 0.00798011 0.000228479
185.114 11.0171 0.33283 1.63417 -0.0134272 0.00808834 0.00022714
185.135 11.0166 0.336617 1.63418 -0.0137774 0.00800644 0.000229185
185.154 11.0161 0.340444 1.63421 -0.0137461 0.00804289 0.00023269
185.174 11.0155 0.344309 1.63423 -0.013325 0.00805954 0.000237159
185.196 11.015 0.348214 1.63426 -0.0127793 0.00805961 0.000238219
185.214 11.0144 0.352156 1.63428 -0.0122185 0.00805337 0.00023586
185.236 11.0139 0.356133 1.6343 -0.0116441 0.00804528 0.000238471
185.255 11.0133 0.360143 1.63432 -0.011105 0.00803715 0.000241519
185.274 11.0128 0.364183 1.63434 -0.0104842 0.00808732 0.000241299
185.295 11.0122 0.368252 1.63436 -0.0100749 0.00800352 0.000246119
185.315 11.0117 0.372348 1.63438 -0.00971958 0.00803665 0.000247909
185.336 11.0111 0.376467 1.63441 -0.00914068 0.00804462 0.000247932
185.356 11.0106 0.380608 1.63444 -0.0084489 0.00802271 0.000251728
185.375 11.01 0.384769 1.63446 -0.00783767 0.00801244 0.000253188
185.397 11.0094 0.388948 1.63447 -0.00730865 0.00808336 0.00025086
185.415 11.0089 0.393144 1.63448 -0.00713528 0.00791777 0.000253552
185.439 11.0083 0.397359 1.6345 -0.00761064 0.00790394 0.000253942
185.456 11.0077 0.40159 1.63452 -0.0081616 0.00796447 0.000253067
185.476 11.0071 0.405839 1.63455 -0.00851034 0.00798075 0.000252637
185.496 11.0065 0.410106 1.63458 -0.00871968 0.0080244 0.000248586
185.517 11.006 0.414393 1.6346 -0.00886693 0.00816187 0.000245168
185.539 11.0054 0.418701 1.63461 -0.00899818 0.00807226 0.000246226
185.557 11.0048 0.423033 1.63464 -0.00956297 0.00804531 0.000243676
185.577 11.0042 0.427393 1.63466 -0.0108391 0.00810074 0.00023823
185.598 11.0035 0.431782 1.6347 -0.0121513 0.00797528 0.00023594
185.617 11.0029 0.436203 1.63474 -0.0132543 0.00803628 0.000234415
185.64 11.0023 0.440661 1.63478 -0.0142262 0.00804998 0.00023526
185.658 11.0017 0.445159 1.63481 -0.0150415 0.00802518 0.000234462
185.679 11.001 0.449701 1.63485 -0.015794 0.00795988 0.000234317
185.698 11.0004 0.45429 1.63488 -0.0163587 0.00799738 0.000230328
185.719 10.9997 0.458927 1.6349 -0.0167532 0.00795809 0.000235194
185.739 10.9991 0.463613 1.63493 -0.0170267 0.00799549 0.00023797
185.76 10.9984 0.468351 1.63494 -0.0172398 0.00792619 0.000240396
185.779 10.9977 0.47314 1.63496 -0.0173219 0.00792711 0.000242687
185.8 10.9971 0.477982 1.63497 -0.0173316 0.00793536 0.000247011
185.82 10.9964 0.482874 1.63497 -0.0172277 0.00798776 0.000248296
185.842 10.9957 0.487819 1.63497 -0.017148 0.0079525 0.000251697
185.861 10.995 0.492814 1.63497 -0.0171219 0.00783989 0.000256437
185.88 10.9944 0.49786 1.63496 -0.0169934 0.00797957 0.000260112
185.903 10.9937 0.502956 1.63496 -0.0166947 0.00792927 0.000264931
185.922 10.993 0.5081 1.63494 -0.0163504 0.00793117 0.000268884
185.941 10.9923 0.513291 1.63493 -0.0159549 0.00801417 0.000268227
185.961 10.9916 0.518526 1.63492 -0.0154417 0.00814877 0.00026996
185.982 10.9909 0.523806 1.63489 -0.0149322 0.00799774 0.000280485
186.005 10.9902 0.529127 1.63487 -0.0145009 0.00802732 0.000286472
186.023 10.9894 0.534488 1.63485 -0.0140533 0.00796512 0.000286565
186.046 10.9887 0.539886 1.63483 -0.0136178 0.00802983 0.00028685
186.063 10.988 0.545321 1.6348 -0.01319 0.00803322 0.000285209
186.085 10.9873 0.550789 1.63477 -0.0126918 0.00800807 0.00028857
186.105 10.9866 0.556289 1.63474 -0.0121495 0.00800115 0.000290491
186.125 10.9859 0.561818 1.6347 -0.0115947 0.00800131 0.00029406
186.148 10.9851 0.567375 1.63466 -0.0110555 0.00799767 0.000294453
186.165 10.9844 0.572958 1.63461 -0.0105654 0.00800051 0.000298083
186.185 10.9837 0.578563 1.63457 -0.0100547 0.00797047 0.000303817
186.207 10.983 0.584192 1.63453 -0.00985607 0.00793102 0.000309834
186.227 10.9822 0.589842 1.6345 -0.00970782 0.00796711 0.000310172
186.249 10.9815 0.59551 1.63448 -0.0092274 0.00799451 0.000311901
186.267 10.9808 0.601194 1.63447 -0.00846918 0.00797694 0.000314743
186.287 10.98 0.606892 1.63445 -0.00761569 0.00793688 0.00031726
186.308 10.9793 0.612601 1.63444 -0.00679034 0.00790833 0.000319924
186.328 10.9786 0.618319 1.63443 -0.00604714 0.00787999 0.000325929
186.349 10.9778 0.624043 1.63441 -0.00535067 0.00776331 0.000331098
186.368 10.9771 0.62977 1.6344 -0.00473016 0.00790319 0.000332601
186.389 10.9764 0.635497 1.63438 -0.00422695 0.00801006 0.000334707
186.41 10.9757 0.641224 1.63437 -0.00396553 0.00785821 0.000338391
186.43 10.9749 0.646952 1.63436 -0.00442201 0.00791736 0.000342839
186.449 10.9742 0.652682 1.63436 -0.00536709 0.00786148 0.000341093
186.469 10.9734 0.658412 1.63437 -0.00597039 0.008005 0.000340178
186.49 10.9727 0.664144 1.63438 -0.00593763 0.00788066 0.000343184
186.511 10.972 0.669879 1.6344 -0.00563554 0.00786455 0.000342768
186.533 10.9712 0.675617 1.63442 -0.00529036 0.00792122 0.000340368
186.554 10.9712 0.67571 1.63361 -0.00294451 0.00815915 0.00033966
186.575 10.9712 0.675585 1.63302 -0.00432355 0.00845826 0.000107341
186.593 10.9711 0.675319 1.63283 -0.00917737 0.0100052 4.08664e-05
186.615 10.971 0.674955 1.63294 -0.0163131 0.0108416 -5.78226e-05
186.635 10.971 0.674575 1.63325 -0.0244011 0.0115787 -0.000111489
186.656 10.9709 0.674251 1.63362 -0.0316268 0.0115186 -0.000157178
186.674 10.9709 0.674011 1.63399 -0.0371731 0.0114421 -0.00018045
186.694 10.9709 0.673836 1.63438 -0.0410465 0.0111624 -0.000250667
186.715 10.9709 0.673714 1.63489 -0.0438105 0.0111111 -0.000258922
186.736 10.9709 0.673627 1.63549 -0.0457137 0.0110566 -0.000258912
186.757 10.9709 0.673532 1.63614 -0.0478137 0.0107494 -0.000251207
186.776 10.9709 0.673482 1.63677 -0.0486953 0.0105472 -0.000251199
186.796 10.9709 0.673523 1.63734 -0.0469231 0.0101029 -0.000251281
186.816 10.971 0.673609 1.63783 -0.0438939 0.00943494 -0.00025148
186.836 10.971 0.673708 1.63822 -0.0406228 0.00878849 -0.000251689
186.86 10.971 0.67381 1.63848 -0.0373341 0.008327 -0.000251839
187.032 10.971 0.673914 1.63864 -0.0340778 0.0078157 -0.000251869
187.053 10.971 0.674011 1.63871 -0.0311202 0.00749653 -0.000249302
187.075 10.971 0.674091 1.6387 -0.028654 0.00721666 -0.000243533
187.094 10.971 0.674168 1.63862 -0.0263265 0.00705595 -0.000234718
187.114 10.971 0.67424 1.63848 -0.0241645 0.00668411 -0.000223604
187.134 10.9711 0.674302 1.63827 -0.0222871 0.00656263 -0.000212666
187.153 10.9711 0.674359 1.63802 -0.0205815 0.00642227 -0.000202266
187.174 10.9711 0.674405 1.63772 -0.0191469 0.00629093 -0.00019237
187.194 10.9711 0.674447 1.6374 -0.0178694 0.00619705 -0.000182953
187.216 10.9711 0.674487 1.63708 -0.0166487 0.00625363 -0.000173979
187.234 10.9712 0.674519 1.63677 -0.0156285 0.00619272 -0.000165458
187.254 10.9712 0.674551 1.63648 -0.0146239 0.00607168 -0.000153442
187.277 10.9714 0.67458 1.63623 -0.0137045 0.00629689 -0.000145156
187.294 10.9715 0.674602 1.63601 -0.0129623 0.00623802 -0.000137893
187.316 10.9717 0.67462 1.63582 -0.0123383 0.0061795 -0.000131138
187.335 10.9719 0.674634 1.63565 -0.0118123 0.00617798 -0.000124711
187.357 10.9721 0.674645 1.6355 -0.0113501 0.00617798 -0.000118598
187.377 10.9724 0.674656 1.63536 -0.0109032 0.00613104 -0.00011086
187.395 10.9728 0.674666 1.63525 -0.0105121 0.00623488 -0.000105422
187.416 10.9732 0.674671 1.63515 -0.010203 0.00623487 -0.000100255
187.436 10.9736 0.67468 1.63506 -0.00984395 0.0062124 -9.29153e-05
187.456 10.9741 0.674688 1.63496 -0.00950095 0.00624074 -8.83214e-05
187.477 10.9747 0.674696 1.63487 -0.00916784 0.00620519 -8.21667e-05
187.497 10.9753 0.674703 1.63477 -0.0088619 0.00619166 -7.56365e-05
187.519 10.976 0.674711 1.63467 -0.00854295 0.00621579 -6.71757e-05
187.537 10.9767 0.674719 1.63457 -0.00822977 0.0062121 -5.72297e-05
187.558 10.9775 0.674726 1.63447 -0.00791365 0.0062121 -4.51116e-05
187.579 10.9784 0.674735 1.63436 -0.00759415 0.00614648 -3.29061e-05
187.598 10.9793 0.674743 1.63426 -0.00726547 0.00625537 -1.64352e-05
187.62 10.9803 0.67475 1.63416 -0.00696897 0.00620177 9.1022e-07
187.638 10.9813 0.674756 1.63406 -0.00667866 0.00626441 1.95668e-05
187.659 10.9824 0.67476 1.63397 -0.00644406 0.00612611 3.80521e-05
187.679 10.9836 0.674765 1.63388 -0.00618439 0.00617736 6.16403e-05
187.698 10.9848 0.674769 1.63381 -0.00596124 0.00615194 8.16005e-05
187.719 10.9861 0.674771 1.63373 -0.00573822 0.00516416 0.000101965
187.739 10.9876 0.674767 1.63366 -0.00565188 0.00516437 0.000131892
187.76 10.9893 0.674767 1.63363 -0.00550463 0.00593124 0.000149604
187.781 10.9911 0.674769 1.63361 -0.00539061 0.00568653 0.000156087
187.799 10.9931 0.674767 1.63361 -0.00535571 0.00536516 0.0001581
187.821 10.9954 0.674765 1.63361 -0.00533692 0.00516598 0.000153947
187.84 10.9978 0.674766 1.63361 -0.00526208 0.00533618 0.000152202
187.86 11.0003 0.674766 1.63362 -0.00521775 0.00534603 0.000149763
187.881 11.0031 0.674767 1.63362 -0.00517102 0.00542209 0.000139163
187.901 11.0061 0.67477 1.63361 -0.00507876 0.00537672 0.000129596
187.922 11.0092 0.67477 1.6336 -0.0050409 0.00553828 0.0001263
187.941 11.0125 0.674774 1.63359 -0.00495064 0.00505192 0.000119311
187.961 11.016 0.674778 1.63357 -0.00478833 0.005382 0.000125694
187.982 11.0196 0.674785 1.63355 -0.00465104 0.00524871 0.000112164
188.002 11.0235 0.67479 1.63352 -0.00455565 0.00554532 9.8463e-05
188.026 11.0274 0.674795 1.63349 -0.00443016 0.00541415 9.16124e-05
188.044 11.0316 0.674799 1.63346 -0.0043224 0.00581259 8.3767e-05
188.063 11.036 0.674805 1.63342 -0.00418339 0.00591183 8.0504e-05
188.084 11.0405 0.67481 1.63337 -0.0040564 0.00562954 7.42234e-05
188.103 11.0452 0.674815 1.63335 -0.00394658 0.00545311 7.11606e-05
188.126 11.0501 0.674822 1.63334 -0.00378306 0.00577585 6.21987e-05
188.144 11.0552 0.674828 1.63332 -0.0036461 0.00552405 6.04007e-05
188.164 11.0605 0.674834 1.6333 -0.0035145 0.00589435 5.52668e-05
188.187 11.0659 0.67484 1.63327 -0.00339137 0.00559586 5.21683e-05
188.205 11.0715 0.674845 1.63323 -0.00327414 0.00597387 4.77384e-05
188.226 11.0773 0.674851 1.63319 -0.00313303 0.00594163 4.63666e-05
188.245 11.0833 0.674859 1.63314 -0.0029766 0.00591435 4.21194e-05
188.267 11.0894 0.674866 1.63308 -0.00281405 0.00559811 4.09361e-05
188.287 11.0957 0.674876 1.63302 -0.00260816 0.00600694 3.86114e-05
188.306 11.1021 0.674887 1.63294 -0.00236672 0.00576266 3.67722e-05
188.328 11.1088 0.674898 1.63287 -0.00215073 0.00611424 3.42426e-05
188.346 11.1156 0.674908 1.63279 -0.00191273 0.00600505 3.76002e-05
188.367 11.1225 0.674918 1.63271 -0.00171191 0.00631766 3.51395e-05
188.388 11.1297 0.674927 1.63263 -0.00151721 0.00623775 3.69424e-05
188.408 11.137 0.674934 1.63254 -0.00133364 0.00627858 3.97332e-05
188.429 11.1444 0.674942 1.63246 -0.00115066 0.00636988 4.775e-05
188.448 11.152 0.674948 1.63237 -0.000985085 0.00621353 5.77354e-05
188.469 11.1597 0.674953 1.63228 -0.000843926 0.00671268 6.81792e-05
188.492 11.1676 0.674956 1.63218 -0.000764077 0.00624084 7.34444e-05
188.511 11.1755 0.674958 1.6321 -0.000695095 0.00631069 7.78886e-05
188.532 11.1836 0.67496 1.63202 -0.000621733 0.00660678 8.63415e-05
188.551 11.1917 0.674962 1.63193 -0.000548441 0.00671987 9.6453e-05
188.571 11.2 0.674964 1.63184 -0.000486458 0.00678249 0.000103684
188.592 11.2083 0.674965 1.63173 -0.000429815 0.00671834 0.000111864
188.611 11.2168 0.674967 1.63162 -0.000370888 0.00686998 0.000120054
188.632 11.2254 0.674968 1.63149 -0.000315912 0.00700142 0.000126886
188.653 11.234 0.67497 1.63136 -0.000268899 0.00698203 0.000127339
188.672 11.2428 0.674972 1.63121 -0.000212316 0.00695988 0.000131344
188.692 11.2516 0.674974 1.63107 -0.000149351 0.0073254 0.000138592
188.712 11.2605 0.674976 1.63092 -8.20127e-05 0.0070828 0.000143975
188.732 11.2695 0.674978 1.63077 -1.98551e-05 0.00699603 0.000146449
188.753 11.2785 0.674977 1.63062 1.32217e-05 0.00647046 0.000146463
188.772 11.2876 0.674968 1.63048 5.37056e-05 0.00739554 0.000137497
188.793 11.2968 0.674951 1.63036 0.000129953 0.00746218 0.000119246
188.813 11.3061 0.674929 1.63025 0.000235336 0.00729111 9.52891e-05
188.836 11.3155 0.674902 1.63014 0.000353811 0.00724278 7.13063e-05
188.853 11.325 0.674872 1.63001 0.000490038 0.00723706 4.60077e-05
188.873 11.3345 0.674838 1.62987 0.000638641 0.00720955 2.02791e-05
188.894 11.3442 0.674802 1.62972 0.000796126 0.00728904 -2.00339e-06
188.913 11.3539 0.674761 1.62955 0.000943443 0.00722175 -4.37567e-06
188.934 11.3636 0.674716 1.62938 0.00105729 0.00724879 -1.31008e-05
188.955 11.3734 0.674668 1.62919 0.00115862 0.00727919 -2.31532e-05
188.974 11.3833 0.674615 1.62899 0.00125438 0.00731279 -3.20213e-05
188.995 11.3932 0.674557 1.62879 0.00132728 0.00728444 -3.92359e-05
189.017 11.4031 0.674495 1.62857 0.00139558 0.00742519 -4.63138e-05
189.039 11.4131 0.674427 1.62836 0.0014541 0.00734029 -5.31752e-05
189.057 11.423 0.674354 1.62814 0.00150795 0.00737619 -6.03659e-05
189.077 11.4331 0.674275 1.62791 0.00155734 0.00740171 -6.85157e-05
189.097 11.4431 0.67419 1.62769 0.00158965 0.00737785 -7.51916e-05
189.118 11.4531 0.6741 1.62746 0.00159355 0.00750559 -8.20312e-05
189.14 11.4632 0.674004 1.62723 0.00160581 0.00761735 -8.64426e-05
189.157 11.4732 0.673901 1.62703 0.0016397 0.00788963 -8.9653e-05
189.177 11.4833 0.673793 1.62684 0.00166858 0.00763971 -9.30617e-05
189.198 11.4933 0.673678 1.62667 0.00166816 0.00762569 -9.60148e-05
189.217 11.5033 0.673557 1.62651 0.0016654 0.00765462 -0.000100412
189.24 11.5133 0.67343 1.62634 0.00166992 0.00722015 -0.000104074
189.258 11.5233 0.673297 1.6262 0.00170789 0.0077571 -0.000105651
189.277 11.5333 0.673157 1.62606 0.00173521 0.00784376 -0.000104949
189.298 11.5433 0.673011 1.62594 0.00176821 0.00785508 -0.00010492
189.318 11.5533 0.672859 1.62582 0.00176845 0.00753276 -0.000106537
189.34 11.5632 0.672701 1.6257 0.00177504 0.00755081 -0.000107886
189.358 11.5731 0.672536 1.62558 0.00176443 0.00778619 -0.00010662
189.378 11.583 0.672364 1.62545 0.00173972 0.00768732 -0.000106223
189.398 11.5928 0.672187 1.62532 0.00171767 0.00775097 -0.00010883
189.419 11.6025 0.672003 1.62519 0.0016905 0.00776033 -0.000110197
189.44 11.6122 0.671813 1.62505 0.00165106 0.00768738 -0.000110122
189.459 11.6219 0.671618 1.62491 0.00159128 0.00783984 -0.000109656
189.479 11.6314 0.671417 1.62477 0.00152169 0.00773541 -0.000110105
189.5 11.6409 0.671211 1.62462 0.0014511 0.00778348 -0.000111619
189.519 11.6503 0.671 1.62448 0.00139767 0.00799305 -0.000111919
189.542 11.6596 0.670784 1.62434 0.00133604 0.00792636 -0.000110389
189.56 11.6689 0.670563 1.62421 0.00131317 0.00819631 -0.000106677
189.58 11.6781 0.670338 1.62409 0.00125271 0.00817484 -0.000105066
189.601 11.6871 0.670109 1.62401 0.00118553 0.00773968 -0.000105121
189.621 11.6961 0.669876 1.62394 0.00112489 0.00774263 -0.000101935
189.641 11.7049 0.669639 1.62388 0.00107501 0.00786026 -9.91366e-05
189.661 11.7137 0.669399 1.62382 0.00101663 0.00799078 -9.57905e-05
189.681 11.7223 0.669155 1.62374 0.000947769 0.00746392 -9.3155e-05
189.703 11.7308 0.668909 1.62368 0.000877417 0.00806679 -9.32757e-05
189.721 11.7393 0.66866 1.62364 0.000901121 0.00876621 -8.91305e-05
189.744 11.7476 0.668408 1.62361 0.000896991 0.00807984 -8.71815e-05
189.762 11.7558 0.668154 1.6236 0.00080354 0.00871288 -8.558e-05
189.782 11.7638 0.667897 1.6236 0.000740117 0.0088307 -8.29056e-05
189.806 11.7716 0.667639 1.6236 0.000587801 0.0086359 -8.2505e-05
189.823 11.7792 0.667379 1.6236 0.000399708 0.00840856 -8.22949e-05
189.843 11.7867 0.667119 1.6236 0.000186729 0.00841524 -8.22077e-05
189.863 11.794 0.666859 1.62358 1.01723e-05 0.00861399 -8.07633e-05
189.884 11.8011 0.6666 1.62354 -0.000137794 0.00874003 -7.83973e-05
189.907 11.808 0.666342 1.6235 -0.000272962 0.00841015 -7.52813e-05
189.927 11.8148 0.666086 1.62346 -0.000390124 0.00842531 -7.24937e-05
189.95 11.8213 0.665832 1.62341 -0.000467617 0.00809661 -7.03549e-05
189.969 11.8277 0.66558 1.62337 -0.00053375 0.00845663 -7.04078e-05
189.988 11.834 0.665331 1.62331 -0.000572654 0.00814422 -6.73724e-05
190.011 11.8401 0.665086 1.62325 -0.000626777 0.00847077 -6.56173e-05
190.029 11.846 0.664843 1.62319 -0.000670247 0.00798594 -6.19383e-05
190.051 11.8518 0.664604 1.62313 -0.000690078 0.00773795 -5.80996e-05
190.069 11.8574 0.664368 1.62307 -0.000703765 0.0077679 -5.51922e-05
190.089 11.8629 0.664136 1.62302 -0.000696256 0.00751789 -5.26716e-05
190.11 11.8682 0.663907 1.62297 -0.000669813 0.00758904 -4.85782e-05
190.13 11.8734 0.663682 1.62291 -0.000646973 0.00749474 -4.76451e-05
190.154 11.8784 0.663459 1.62287 -0.000602211 0.00743249 -4.36879e-05
190.17 11.8833 0.66324 1.62283 -0.000566867 0.00779256 -4.00719e-05
190.19 11.8881 0.663023 1.62278 -0.000545822 0.00740231 -3.69305e-05
190.211 11.8926 0.66281 1.62274 -0.000504026 0.0071848 -3.37911e-05
190.231 11.8971 0.662599 1.6227 -0.000450026 0.00719915 -3.10406e-05
190.254 11.9014 0.66239 1.62266 -0.000411337 0.00756548 -2.79041e-05
190.272 11.9056 0.662184 1.6226 -0.000351864 0.00723086 -2.43727e-05
190.292 11.9096 0.66198 1.62254 -0.000313168 0.00739052 -2.0219e-05
190.315 11.9135 0.661777 1.62249 -0.00028859 0.00745622 -1.99312e-05
190.334 11.9173 0.661577 1.62244 -0.000277209 0.00737339 -1.85994e-05
190.356 11.921 0.661378 1.62239 -0.000256403 0.00759825 -1.62951e-05
190.373 11.9245 0.661181 1.62234 -0.000220892 0.00777327 -1.3725e-05
190.393 11.9279 0.660986 1.62228 -0.000211594 0.00744346 -1.32471e-05
190.416 11.9312 0.660792 1.62224 -0.000200103 0.00735785 -1.14857e-05
190.434 11.9344 0.660599 1.62219 -0.000198175 0.00727545 -8.78314e-06
190.456 11.9375 0.660408 1.62214 -0.000178494 0.00721961 -7.73826e-06
190.475 11.9404 0.660218 1.6221 -0.00017833 0.00752505 -5.83462e-06
190.495 11.9433 0.660029 1.62206 -0.000172161 0.00771276 -6.36367e-06
190.515 11.9461 0.659842 1.62202 -0.000178061 0.00743669 -6.35476e-06
190.534 11.9487 0.659656 1.62198 -0.000193716 0.00759694 -4.47516e-06
190.557 11.9513 0.659472 1.62194 -0.000194116 0.00754836 -1.39633e-06
190.575 11.9538 0.659289 1.6219 -0.000193058 0.00747136 -7.00064e-07
190.595 11.9562 0.659107 1.62185 -0.000173573 0.00744101 2.35735e-06
190.617 11.9585 0.658926 1.6218 -0.000152757 0.0074906 4.67152e-06
190.636 11.9607 0.658746 1.62175 -0.000146278 0.00745569 4.69768e-06
190.657 11.9628 0.658568 1.62168 -0.000138993 0.00723878 5.28995e-06
190.676 11.9648 0.658391 1.62162 -0.000124328 0.00751277 5.78193e-06
190.696 11.9667 0.658214 1.62156 -0.000110897 0.00739497 5.84427e-06
190.719 11.9686 0.658039 1.6215 -0.000110595 0.00715688 6.58966e-06
190.737 11.9704 0.657865 1.62144 -0.000129435 0.00709537 6.97054e-06
190.762 11.9721 0.657692 1.62138 -0.000132724 0.00706543 6.80913e-06
190.778 11.9737 0.65752 1.62132 -0.000136659 0.00706002 7.6575e-06
190.798 11.9753 0.657349 1.62126 -0.000142084 0.00694888 9.67157e-06
190.819 11.9768 0.65718 1.62119 -0.00012861 0.00704413 1.14309e-05
190.839 11.9783 0.657011 1.62112 -0.000109822 0.00687904 1.31857e-05
190.864 11.9797 0.656843 1.62105 -9.34763e-05 0.00684355 1.37877e-05
190.879 11.981 0.656676 1.62097 -8.38144e-05 0.00686019 1.47573e-05
190.899 11.9823 0.65651 1.6209 -6.90967e-05 0.00687875 1.50388e-05
190.921 11.9835 0.656345 1.62083 -3.69459e-05 0.00685054 1.6189e-05
190.94 11.9847 0.65618 1.62075 -1.57028e-05 0.00685871 1.73635e-05
190.962 11.9858 0.656016 1.62068 6.83225e-06 0.00680109 1.69261e-05
190.98 11.9869 0.655852 1.6206 9.64221e-06 0.00678198 1.49933e-05
191.001 11.988 0.655689 1.62052 1.71432e-05 0.00679157 1.55362e-05
191.022 11.989 0.655527 1.62044 3.51698e-05 0.00683003 1.30575e-05
191.041 11.9899 0.655364 1.62035 7.78912e-05 0.00673293 1.20918e-05
191.063 11.9908 0.655202 1.62026 0.000105487 0.00682004 1.18481e-05
191.081 11.9917 0.65504 1.62018 0.000129264 0.00666111 1.1952e-05
191.101 11.9925 0.654879 1.6201 0.000126719 0.00664421 1.18413e-05
191.123 11.9933 0.654717 1.62003 0.000124662 0.00664316 1.17548e-05
191.142 11.9941 0.654555 1.61997 0.000127273 0.00675333 1.05339e-05
191.164 11.9948 0.654393 1.6199 0.000136603 0.0065145 1.05566e-05
191.183 11.9955 0.654232 1.61984 0.000154489 0.00668742 1.02448e-05
191.203 11.9961 0.65407 1.61978 0.00017411 0.00676361 9.63774e-06
191.225 11.9968 0.653908 1.61973 0.000176527 0.00667284 9.11784e-06
191.244 11.9973 0.653745 1.61969 0.000184473 0.00659415 1.10304e-05
191.264 11.9979 0.653583 1.61964 0.000190617 0.00662104 1.22773e-05
191.285 11.9985 0.65342 1.6196 0.000200188 0.0066551 1.26646e-05
191.304 11.999 0.653258 1.61956 0.000211973 0.00659934 1.27587e-05
191.326 11.9995 0.653094 1.61953 0.000212327 0.00648437 1.46205e-05
191.345 11.9999 0.652931 1.61949 0.000211348 0.0065997 1.48049e-05
191.368 12.0004 0.652767 1.61946 0.000219714 0.0065524 1.43766e-05
191.384 12.0008 0.652603 1.61943 0.0002163 0.00656052 1.47706e-05
191.405 12.0012 0.652439 1.61939 0.000200083 0.00656874 1.52255e-05
191.426 12.0016 0.652274 1.61936 0.000188183 0.00657048 1.52809e-05
191.446 12.002 0.652109 1.61932 0.00020093 0.00655778 1.53227e-05
191.466 12.0023 0.651944 1.61929 0.00020265 0.00650781 1.52295e-05
191.487 12.0026 0.651779 1.61926 0.000185957 0.00653064 1.50495e-05
191.507 12.003 0.651613 1.61923 0.000165995 0.00655206 1.40748e-05
191.529 12.0032 0.651448 1.6192 0.000147064 0.00656904 1.29943e-05
191.548 12.0035 0.651282 1.61917 0.000136394 0.00656108 1.44073e-05
191.568 12.0038 0.651116 1.61914 0.000128529 0.00653364 1.41392e-05
191.588 12.004 0.650951 1.61911 0.0001094 0.00654709 1.36526e-05
191.608 12.0043 0.650786 1.61908 6.23112e-05 0.00643813 1.29139e-05
191.63 12.0045 0.650622 1.61905 -0.000171761 0.00651757 8.22099e-06
191.648 12.0047 0.65046 1.61903 -0.000574262 0.00652119 1.98472e-06
191.67 12.0049 0.650301 1.619 -0.000994938 0.00651845 -5.70987e-06
191.689 12.0052 0.650147 1.61897 -0.0013839 0.00653867 -1.07003e-05
191.709 12.0054 0.649998 1.61894 -0.00170251 0.00655188 -1.44295e-05
191.73 12.0056 0.649856 1.61891 -0.00195077 0.00655728 -1.77008e-05
191.749 12.0058 0.649721 1.61887 -0.00213753 0.00656326 -2.07177e-05
191.772 12.006 0.649595 1.61882 -0.00224236 0.00655131 -2.31628e-05
191.79 12.0063 0.649478 1.61878 -0.00227292 0.00659823 -2.49332e-05
191.811 12.0064 0.649369 1.61873 -0.00219359 0.00653545 -2.56815e-05
191.83 12.0066 0.649267 1.61869 -0.00178704 0.00651384 -2.61406e-05
191.851 12.0068 0.649171 1.61865 -0.00106991 0.00659799 -2.57404e-05
191.873 12.007 0.649078 1.61862 -0.000286193 0.00657853 -2.54004e-05
191.891 12.0071 0.648987 1.6186 0.000492234 0.00661155 -2.63579e-05
191.912 12.0072 0.648894 1.61857 0.00128675 0.00662622 -2.63868e-05
191.932 12.0073 0.648797 1.61855 0.00203984 0.00665939 -2.65011e-05
191.953 12.0074 0.648692 1.61853 0.00274955 0.00661086 -2.8677e-05
191.975 12.0075 0.648577 1.61851 0.00342219 0.00669947 -3.06115e-05
191.993 12.0075 0.648449 1.61848 0.00401175 0.00675378 -3.27006e-05
192.013 12.0076 0.648306 1.61847 0.00458029 0.00676923 -3.41116e-05
192.035 12.0076 0.648146 1.61845 0.00510962 0.00667685 -3.5948e-05
192.054 12.0076 0.647967 1.61844 0.0055508 0.00684746 -3.67139e-05
192.078 12.0077 0.647767 1.61844 0.00596187 0.00685777 -3.84312e-05
192.096 12.0076 0.647544 1.61843 0.00634077 0.00680396 -4.07375e-05
192.115 12.0076 0.647297 1.61843 0.0067033 0.00680122 -4.2827e-05
192.138 12.0076 0.647025 1.61843 0.00706463 0.00681995 -4.48351e-05
192.158 12.0075 0.646725 1.61843 0.00740909 0.00676571 -4.75495e-05
192.177 12.0074 0.646399 1.61843 0.00771495 0.00676546 -5.01197e-05
192.196 12.0073 0.646043 1.61843 0.00799142 0.00679988 -5.26294e-05
192.216 12.0072 0.645657 1.61844 0.00822295 0.00685996 -5.31172e-05
192.237 12.0071 0.64524 1.61846 0.00841676 0.00694363 -5.38857e-05
192.257 12.007 0.644791 1.61847 0.00867344 0.00687615 -5.67378e-05
192.278 12.0068 0.64431 1.61848 0.00902819 0.00691807 -5.85319e-05
192.296 12.0066 0.643793 1.6185 0.00945175 0.00679781 -6.16481e-05
192.317 12.0064 0.643242 1.61852 0.00986116 0.00685906 -6.28163e-05
192.338 12.0061 0.642654 1.61855 0.0101701 0.00692913 -6.19996e-05
192.359 12.0059 0.642029 1.61857 0.0104261 0.00706202 -6.05006e-05
192.381 12.0056 0.641365 1.6186 0.0106312 0.00697252 -6.35656e-05
192.4 12.0053 0.640662 1.61863 0.0108116 0.00688609 -6.64358e-05
192.42 12.005 0.639919 1.61866 0.0109594 0.00702194 -6.73212e-05
192.44 12.0047 0.639135 1.6187 0.0110936 0.00698799 -7.07772e-05
192.461 12.0044 0.63831 1.61873 0.0113545 0.00675134 -7.48026e-05
192.482 12.004 0.637443 1.61877 0.011608 0.00696312 -7.41945e-05
192.501 12.0036 0.636534 1.61881 0.011716 0.00705216 -7.48318e-05
192.52 12.0032 0.635582 1.61886 0.0117569 0.00689872 -7.8993e-05
192.542 12.0028 0.634588 1.6189 0.0117565 0.00700797 -7.93303e-05
192.561 12.0023 0.633551 1.61895 0.0117223 0.00707961 -7.9423e-05
192.582 12.0019 0.632472 1.61899 0.0116923 0.0068893 -8.38735e-05
192.602 12.0014 0.63135 1.61904 0.0116854 0.00692101 -8.47136e-05
192.622 12.0009 0.630186 1.61908 0.0116999 0.00702434 -8.55168e-05
192.644 12.0004 0.62898 1.61912 0.0117299 0.00696032 -8.55218e-05
192.663 11.9999 0.627731 1.61917 0.0117937 0.00696497 -8.24668e-05
192.684 11.9993 0.62644 1.61921 0.0118791 0.0069496 -8.15933e-05
192.703 11.9987 0.625107 1.61924 0.0119823 0.00691846 -7.95085e-05
192.724 11.9981 0.623731 1.61927 0.0121121 0.00683163 -8.05874e-05
192.746 11.9975 0.622313 1.6193 0.012183 0.00695648 -8.02879e-05
192.765 11.9969 0.620851 1.61933 0.0122266 0.00686396 -8.43849e-05
192.786 11.9962 0.619346 1.61935 0.0123054 0.00690106 -8.48695e-05
192.804 11.9956 0.617798 1.61938 0.0124064 0.00691631 -8.28626e-05
192.826 11.9949 0.616205 1.61941 0.0126241 0.00706216 -8.17717e-05
192.85 11.9941 0.614563 1.61945 0.0136244 0.0068624 -7.8959e-05
192.869 11.9933 0.612869 1.61951 0.0153289 0.0069043 -6.94042e-05
192.888 11.9925 0.611119 1.61958 0.0171403 0.00688755 -6.16719e-05
192.908 11.9917 0.609308 1.61966 0.0187927 0.00704373 -5.28115e-05
192.928 11.9908 0.607431 1.61973 0.0202725 0.00706576 -4.8768e-05
192.951 11.9899 0.60548 1.61982 0.0216253 0.00699334 -4.72202e-05
192.971 11.9889 0.603452 1.61989 0.0228277 0.00691923 -4.77792e-05
192.991 11.9879 0.601343 1.61997 0.0237878 0.0071038 -4.22963e-05
193.01 11.9869 0.599148 1.62005 0.0245794 0.00709736 -4.36744e-05
193.03 11.9858 0.596865 1.62013 0.0252562 0.00706761 -4.79012e-05
193.053 11.9847 0.594491 1.6202 0.0257995 0.00699137 -5.34582e-05
193.071 11.9836 0.592024 1.62027 0.026183 0.00707732 -5.78205e-05
193.091 11.9824 0.589464 1.62033 0.026507 0.00712976 -5.99514e-05
193.111 11.9812 0.586808 1.6204 0.0267957 0.00704331 -6.7697e-05
193.131 11.98 0.584056 1.62047 0.0270854 0.00709852 -7.02742e-05
193.152 11.9787 0.581206 1.62053 0.0273309 0.00699749 -7.71666e-05
193.171 11.9774 0.578259 1.6206 0.0275524 0.007062 -7.83272e-05
193.193 11.976 0.575214 1.62066 0.0277411 0.00699217 -8.65117e-05
193.213 11.9747 0.572071 1.62072 0.0279165 0.00699838 -9.09228e-05
193.232 11.9732 0.568828 1.62077 0.0280083 0.00696645 -9.85417e-05
193.254 11.9718 0.565487 1.62082 0.0280259 0.00706001 -9.96817e-05
193.273 11.9703 0.562048 1.62088 0.0278622 0.00707635 -0.000104302
193.296 11.9688 0.558512 1.62093 0.0275969 0.00697064 -0.000114973
193.313 11.9672 0.55488 1.62098 0.0272223 0.00697701 -0.00012828
193.333 11.9657 0.551153 1.62103 0.0267468 0.00698178 -0.00013965
193.354 11.9641 0.547335 1.62108 0.0261946 0.00690784 -0.000149218
193.375 11.9624 0.543427 1.62111 0.025501 0.00695602 -0.000155987
193.395 11.9608 0.539433 1.62114 0.0247258 0.00683613 -0.000165635
193.415 11.9591 0.535355 1.62117 0.0239225 0.00688056 -0.000166374
193.436 11.9574 0.531197 1.62121 0.0231128 0.00703902 -0.000167124
193.457 11.9557 0.52696 1.62124 0.0225579 0.0068912 -0.000174943
193.476 11.954 0.522644 1.62128 0.0226164 0.00652742 -0.000181706
193.497 11.9522 0.518254 1.62134 0.0225776 0.00676218 -0.00017662
193.516 11.9504 0.513793 1.6214 0.0220983 0.00673904 -0.000184688
193.536 11.9486 0.50926 1.62146 0.0214387 0.00678109 -0.000189629
193.558 11.9467 0.504658 1.62152 0.0207413 0.00664358 -0.000199842
193.578 11.9448 0.499991 1.62158 0.020015 0.00668367 -0.000206098
193.599 11.943 0.49526 1.62164 0.0192316 0.00670093 -0.000209941
193.618 11.9411 0.490469 1.62168 0.0184874 0.0066602 -0.000216703
193.638 11.9391 0.485622 1.62173 0.0177582 0.00669301 -0.000223749
193.661 11.9372 0.480721 1.62176 0.017012 0.00669625 -0.000229041
193.679 11.9353 0.475769 1.62179 0.0162799 0.00662306 -0.000234679
193.701 11.9333 0.470769 1.62183 0.0155755 0.0068606 -0.000231458
193.718 11.9313 0.46572 1.62186 0.0156141 0.00647245 -0.000235717
193.739 11.9293 0.460621 1.62191 0.0163682 0.00645539 -0.00023017
193.759 11.9272 0.455476 1.62198 0.0168182 0.006731 -0.000222896
193.778 11.9252 0.450286 1.62206 0.0167203 0.0069732 -0.000221604
193.8 11.9231 0.445047 1.62213 0.0164066 0.00674288 -0.000223195
193.819 11.921 0.439762 1.62221 0.0160832 0.0065583 -0.000226852
193.839 11.9189 0.434431 1.62228 0.0157235 0.00684394 -0.000227018
193.861 11.9168 0.429055 1.62235 0.0155232 0.00673408 -0.000236748
193.884 11.9146 0.423634 1.62242 0.0154821 0.00666957 -0.000240747
193.902 11.9125 0.41817 1.6225 0.0154157 0.00658243 -0.000246668
193.921 11.9103 0.412664 1.62257 0.0152056 0.00679514 -0.000243664
193.941 11.9081 0.407117 1.62264 0.0148872 0.00678101 -0.00024481
193.963 11.9059 0.40153 1.6227 0.014619 0.00662178 -0.000244872
193.981 11.9037 0.395904 1.62276 0.0142672 0.00676028 -0.000241952
194.005 11.9015 0.390241 1.62281 0.0137537 0.00666171 -0.000242724
194.022 11.8992 0.384543 1.62285 0.0131858 0.00670203 -0.000242263
194.041 11.897 0.378813 1.62289 0.0125295 0.00672095 -0.000241422
194.062 11.8947 0.373052 1.62292 0.0118518 0.00662716 -0.000244873
194.082 11.8925 0.367264 1.62295 0.0111223 0.00671452 -0.000247937
194.102 11.8902 0.361452 1.62296 0.0103134 0.00673979 -0.000251124
194.123 11.8879 0.355617 1.62298 0.00970465 0.00662995 -0.000257166
194.142 11.8857 0.349761 1.62299 0.0092708 0.00667241 -0.000257654
194.163 11.8834 0.343889 1.62299 0.008757 0.00660735 -0.000255168
194.183 11.8811 0.338002 1.623 0.00816596 0.00670982 -0.000253597
194.208 11.8788 0.332102 1.623 0.00760994 0.00649144 -0.000254786
194.223 11.8765 0.326191 1.623 0.00713225 0.00666534 -0.000255406
194.243 11.8742 0.320272 1.623 0.00640871 0.0066939 -0.000254195
194.264 11.8719 0.314349 1.62301 0.00543516 0.00665973 -0.000258774
194.285 11.8697 0.308423 1.62302 0.00442403 0.00660902 -0.000258989
194.306 11.8674 0.3025 1.62303 0.00344526 0.00651393 -0.000263656
194.324 11.8651 0.296583 1.62305 0.00230674 0.00662184 -0.000264404
194.344 11.8629 0.290677 1.62306 0.00113028 0.00649215 -0.000262979
194.366 11.8606 0.284784 1.62308 3.45072e-05 0.00652403 -0.000260698
194.386 11.8584 0.278909 1.6231 -0.000774526 0.006392 -0.000261631
194.409 11.8561 0.273054 1.62312 -0.00124218 0.00636669 -0.000262381
194.425 11.8539 0.267224 1.62316 -0.00189018 0.00652795 -0.000265362
194.445 11.8517 0.261422 1.62319 -0.00271965 0.00652888 -0.000267085
194.468 11.8495 0.255648 1.62323 -0.0034814 0.00647133 -0.000267069
194.486 11.8473 0.249906 1.62327 -0.00420317 0.00637317 -0.000269572
194.507 11.8452 0.2442 1.6233 -0.00502869 0.00652236 -0.000267494
194.526 11.843 0.238532 1.62333 -0.00591643 0.00641594 -0.000267969
194.547 11.8409 0.232906 1.62336 -0.0068233 0.00648258 -0.000267403
194.569 11.8387 0.227323 1.6234 -0.00730087 0.00620136 -0.000264119
194.588 11.8366 0.221784 1.62344 -0.00740888 0.0061602 -0.000261451
194.613 11.8345 0.216293 1.62348 -0.0077788 0.0062609 -0.000258789
194.628 11.8325 0.210852 1.62353 -0.00839276 0.00626127 -0.000253693
194.647 11.8304 0.205461 1.62358 -0.00899804 0.00622519 -0.000249878
194.67 11.8284 0.200123 1.62362 -0.00953858 0.00621935 -0.00024995
194.688 11.8263 0.194839 1.62365 -0.0100596 0.00621039 -0.000248962
194.712 11.8243 0.189612 1.62368 -0.0107151 0.00613132 -0.000247731
194.729 11.8224 0.184445 1.62371 -0.0114906 0.00623622 -0.000248844
194.749 11.8204 0.179339 1.62373 -0.0122644 0.0061315 -0.000242148
194.771 11.8185 0.174297 1.62375 -0.0129921 0.00615412 -0.000238341
194.79 11.8166 0.169323 1.62377 -0.0136538 0.00613983 -0.000231421
194.812 11.8147 0.164417 1.62379 -0.0142077 0.0059641 -0.000219408
194.83 11.8128 0.159583 1.62381 -0.0148474 0.00598782 -0.000217264
194.85 11.811 0.154823 1.62383 -0.0154896 0.00591824 -0.000210066
194.873 11.8092 0.15014 1.62385 -0.0162309 0.00596406 -0.000202786
194.891 11.8074 0.145537 1.62387 -0.0173066 0.00599154 -0.000197299
194.911 11.8057 0.141018 1.62389 -0.0185391 0.00596863 -0.000194435
194.932 11.8039 0.136586 1.62391 -0.0197073 0.00595604 -0.000187791
194.951 11.8023 0.132244 1.62393 -0.0207216 0.00596002 -0.000176952
194.973 11.8006 0.127996 1.62395 -0.0215146 0.00593951 -0.000173262
194.992 11.799 0.123846 1.62397 -0.022144 0.00592478 -0.000164779
195.012 11.7975 0.119794 1.62398 -0.0226087 0.00592714 -0.000159809
195.032 11.7959 0.115843 1.62399 -0.0229222 0.00592377 -0.000154218
195.052 11.7944 0.111993 1.62399 -0.0231032 0.00591342 -0.000147529
195.073 11.7929 0.108246 1.62399 -0.0231335 0.00600586 -0.00014483
195.094 11.7915 0.1046 1.62399 -0.0230017 0.00592707 -0.000137987
195.114 11.79 0.101055 1.62399 -0.0227526 0.00594453 -0.000131468
195.135 11.7886 0.0976098 1.62399 -0.0223933 0.00592474 -0.000123283
195.155 11.7873 0.0942632 1.62399 -0.0219743 0.00599897 -0.000117012
195.176 11.7859 0.0910133 1.62399 -0.0215424 0.00601978 -0.000111789
195.195 11.7846 0.0878584 1.62399 -0.0211579 0.00602543 -0.000103846
195.217 11.7833 0.0847964 1.62399 -0.020761 0.00604014 -9.27977e-05
195.235 11.782 0.0818254 1.62398 -0.0203646 0.00605139 -8.07914e-05
195.256 11.7808 0.0789435 1.62397 -0.0199419 0.0060598 -6.74606e-05
195.277 11.7795 0.0761486 1.62396 -0.0194747 0.00606266 -5.73162e-05
195.297 11.7783 0.0734392 1.62395 -0.0190612 0.00607113 -4.77238e-05
195.318 11.7771 0.0708137 1.62394 -0.0187432 0.00608983 -3.83959e-05
195.338 11.776 0.0682705 1.62393 -0.0185143 0.00609353 -2.82609e-05
195.358 11.7748 0.0658084 1.62391 -0.0183472 0.00608487 -1.87518e-05
195.378 11.7737 0.0634253 1.6239 -0.0180451 0.00607388 -8.46335e-06
195.398 11.7726 0.0611198 1.62389 -0.0176273 0.00606409 -6.7135e-07
195.419 11.7716 0.0588903 1.62388 -0.0171454 0.00606333 7.10254e-06
195.439 11.7705 0.0567349 1.62387 -0.0166498 0.00606393 1.45011e-05
195.459 11.7695 0.0546516 1.62385 -0.0161502 0.0060622 2.29662e-05
195.48 11.7685 0.0526384 1.62384 -0.0156831 0.00607153 3.29878e-05
195.499 11.7676 0.0506929 1.62382 -0.0152152 0.00608235 4.07698e-05
195.521 11.7666 0.0488134 1.6238 -0.0147678 0.00608782 4.45956e-05
195.54 11.7657 0.0469984 1.62378 -0.0144262 0.00609481 4.72499e-05
195.56 11.7648 0.0452462 1.62375 -0.0141868 0.00609447 5.6189e-05
195.582 11.7639 0.0435548 1.62374 -0.0138699 0.00608526 6.41791e-05
195.601 11.763 0.0419227 1.62372 -0.0134744 0.006076 6.89956e-05
195.62 11.7622 0.0403484 1.6237 -0.0130618 0.00607433 7.60371e-05
195.64 11.7614 0.0388305 1.62368 -0.0126932 0.00608372 8.45994e-05
195.661 11.7606 0.0373672 1.62366 -0.0123193 0.00609422 9.80511e-05
195.683 11.7598 0.0359565 1.62363 -0.0119064 0.00620704 0.000103944
195.701 11.7591 0.0345972 1.62361 -0.0115481 0.00613039 0.000112606
195.722 11.7584 0.0332878 1.62359 -0.0112357 0.00600261 0.000121768
195.741 11.7576 0.0320268 1.62357 -0.0109522 0.0060537 0.000131185
195.761 11.757 0.0308131 1.62356 -0.010706 0.00602277 0.000141512
195.782 11.7563 0.0296454 1.62355 -0.0105057 0.00618585 0.000147613
195.801 11.7556 0.0285232 1.62355 -0.0103965 0.00617626 0.000155216
195.823 11.755 0.0274449 1.62354 -0.0102139 0.00611266 0.000163605
195.842 11.7544 0.0264095 1.62354 -0.00994305 0.00603947 0.000170057
195.864 11.7538 0.0254164 1.62354 -0.00966484 0.00625496 0.000171786
195.889 11.7532 0.0244644 1.62354 -0.00941618 0.00627794 0.000179234
195.907 11.7526 0.0235521 1.62354 -0.00912125 0.0062289 0.000185666
195.924 11.752 0.0226783 1.62354 -0.0087979 0.00624794 0.000192694
195.945 11.7515 0.0218417 1.62354 -0.00848262 0.0062851 0.000199589
195.967 11.751 0.0210411 1.62354 -0.00818116 0.00628973 0.000205994
195.986 11.7504 0.0202752 1.62354 -0.00790809 0.00629928 0.000215603
196.005 11.7499 0.0195428 1.62353 -0.00765279 0.00631913 0.000224246
196.028 11.7494 0.0188428 1.62353 -0.00741383 0.00632751 0.000229684
196.046 11.749 0.0181743 1.62352 -0.00720604 0.00633307 0.000235004
196.066 11.7485 0.0175362 1.62351 -0.00701991 0.00634376 0.000239886
196.088 11.7481 0.0169278 1.6235 -0.00685237 0.00635554 0.000243909
196.108 11.7476 0.0163482 1.62349 -0.00669527 0.00636111 0.000247882
196.128 11.7472 0.0157966 1.62348 -0.00654651 0.00637974 0.00025385
196.147 11.7468 0.0152726 1.62347 -0.00641855 0.00640172 0.000257946
196.168 11.7464 0.0147755 1.62345 -0.00629618 0.00640971 0.000262467
196.19 11.7461 0.0143045 1.62343 -0.00617417 0.0064025 0.000265704
196.212 11.7457 0.0138594 1.62341 -0.00607496 0.00639595 0.000269172
196.23 11.7454 0.0134395 1.62339 -0.00598108 0.00639781 0.000274019
196.25 11.7451 0.0130441 1.62337 -0.00585053 0.00638741 0.000284098
196.27 11.7447 0.0126728 1.62334 -0.00570832 0.00637775 0.000290317
196.291 11.7444 0.0123252 1.62332 -0.00558385 0.00636788 0.000295857
196.31 11.7442 0.0120007 1.62329 -0.00548488 0.00635914 0.000299901
196.332 11.7439 0.0116988 1.62327 -0.00539707 0.00634915 0.000303352
196.351 11.7436 0.0114187 1.62324 -0.00525164 0.0063182 0.000306641
196.371 11.7434 0.0111598 1.62322 -0.00508184 0.00634651 0.000309486
196.391 11.7432 0.010922 1.62321 -0.00494332 0.00644159 0.000310677
196.412 11.7429 0.0107041 1.62319 -0.00478933 0.00643181 0.000311223
196.434 11.7427 0.0105055 1.62318 -0.00460636 0.00633968 0.000313864
196.451 11.7425 0.0103256 1.62317 -0.00442003 0.00637331 0.000318017
196.472 11.7423 0.0101634 1.62316 -0.00422346 0.00652965 0.000319185
196.493 11.7422 0.0100186 1.62316 -0.00406576 0.00640822 0.000322121
196.512 11.742 0.00989027 1.62317 -0.00391706 0.00640596 0.000324784
196.532 11.7418 0.00977755 1.62318 -0.00374844 0.00643119 0.000325818
196.552 11.7417 0.00967969 1.62319 -0.00355072 0.00643248 0.000327992
196.573 11.7415 0.00959603 1.6232 -0.00335626 0.00645499 0.000331202
196.595 11.7414 0.00952607 1.62322 -0.00320843 0.00644907 0.000330933
196.615 11.7412 0.00946872 1.62323 -0.00303364 0.00641122 0.000331738
196.637 11.7411 0.00942327 1.62325 -0.00283388 0.00640058 0.000333055
196.655 11.741 0.00938913 1.62326 -0.00264711 0.00640876 0.000333956
196.675 11.7408 0.00936542 1.62328 -0.00245667 0.00642381 0.000333945
196.696 11.7407 0.00935108 1.62329 -0.00221556 0.0064233 0.000334764
196.715 11.7406 0.00934534 1.6233 -0.00195843 0.00642698 0.000335787
196.738 11.7405 0.00934735 1.62331 -0.00171732 0.00642832 0.000336449
196.756 11.7404 0.00935612 1.62332 -0.00148551 0.00641383 0.00033658
196.776 11.7403 0.00937082 1.62333 -0.0012815 0.00640328 0.00033729
196.798 11.7402 0.00939048 1.62333 -0.00107807 0.00636152 0.000338172
196.819 11.7401 0.00941399 1.62333 -0.000830252 0.0063851 0.000339177
196.838 11.7401 0.00944074 1.62333 -0.000594932 0.00646988 0.000339249
196.859 11.74 0.00946976 1.62334 -0.000363284 0.00655022 0.000338848
196.88 11.7399 0.00950012 1.62334 -0.000137126 0.00638511 0.000338623
196.901 11.7399 0.00953105 1.62335 6.36286e-05 0.00635334 0.00034012
196.921 11.7398 0.00956215 1.62336 0.000175129 0.00642849 0.000342056
196.943 11.7397 0.00959308 1.62337 0.000182469 0.00645226 0.000346715
196.961 11.7397 0.00962351 1.62338 0.000134958 0.00642559 0.000353235
196.981 11.7396 0.00965339 1.62338 7.89035e-05 0.00640054 0.000357633
197.001 11.7396 0.00968294 1.62338 9.73873e-06 0.00639611 0.000361829
197.025 11.7396 0.00971249 1.62338 -7.90575e-05 0.00639278 0.000367143
197.044 11.7395 0.00974232 1.62338 -0.000177066 0.00637245 0.000371302
197.063 11.7395 0.00977267 1.62337 -0.000262763 0.00634812 0.000378451
197.083 11.7395 0.0098039 1.62336 -0.000337828 0.00634574 0.000383328
197.103 11.7395 0.00983633 1.62335 -0.000406724 0.00633668 0.00038847
197.124 11.7395 0.00987026 1.62333 -0.000476766 0.00632063 0.000392875
197.143 11.7395 0.009906 1.62331 -0.000551715 0.0063245 0.000395771
197.163 11.7395 0.00994376 1.62329 -0.000626077 0.00631403 0.000402627
197.185 11.7395 0.00998379 1.62327 -0.000688681 0.00631638 0.000408908
197.207 11.7395 0.0100263 1.62325 -0.000737082 0.00632518 0.00041274
197.226 11.7395 0.0100715 1.62322 -0.000763678 0.00629382 0.000416305
197.246 11.7395 0.0101194 1.6232 -0.000782194 0.00627543 0.00042062
197.267 11.7395 0.0101703 1.62318 -0.000791406 0.00630154 0.000423604
197.286 11.7396 0.0102239 1.62317 -0.000786478 0.006312 0.00042684
197.308 11.7396 0.0102804 1.62315 -0.000765152 0.00628127 0.000430464
197.327 11.7397 0.0103398 1.62313 -0.000757364 0.00624382 0.000434172
197.347 11.7397 0.0104019 1.62312 -0.000749795 0.00624549 0.000435784
197.367 11.7398 0.0104668 1.62311 -0.000734616 0.00625632 0.000437516
197.388 11.7398 0.0105343 1.6231 -0.000716641 0.00624965 0.000439765
197.41 11.7399 0.0106045 1.62309 -0.000714312 0.00624671 0.000441868
197.428 11.74 0.0106773 1.62308 -0.000717103 0.00624416 0.000443433
197.448 11.74 0.0107525 1.62307 -0.000698172 0.00621577 0.000445586
197.469 11.7401 0.0108302 1.62306 -0.000681941 0.0062723 0.000446732
197.488 11.7402 0.0109102 1.62305 -0.000640178 0.0061754 0.000449688
197.51 11.7403 0.0109924 1.62305 -0.000574509 0.00625501 0.000452497
197.529 11.7404 0.0110765 1.62305 -0.000517223 0.00628267 0.000455313
197.55 11.7404 0.0111625 1.62305 -0.00047678 0.00627628 0.00045813
197.569 11.7405 0.0112502 1.62306 -0.000450785 0.00628329 0.000460147
197.589 11.7406 0.0113394 1.62306 -0.000435834 0.00628545 0.000462396
197.609 11.7408 0.0114301 1.62306 -0.000423588 0.00625853 0.00046348
197.63 11.7409 0.0115222 1.62306 -0.000421979 0.00624357 0.000464908
197.649 11.741 0.0116156 1.62307 -0.000414857 0.00625905 0.000463558
197.67 11.7411 0.0117103 1.62307 -0.000387958 0.00622015 0.000464486
197.692 11.7412 0.0118061 1.62308 -0.000357199 0.00625181 0.000466109
197.711 11.7414 0.0119029 1.6231 -0.000307163 0.00628086 0.000466895
197.731 11.7415 0.0120005 1.62312 -0.000257403 0.00629772 0.000468075
197.754 11.7416 0.012099 1.62313 -0.000226411 0.00631168 0.000469597
197.773 11.7418 0.0121982 1.62315 -0.000207733 0.00630845 0.000469703
197.792 11.7419 0.0122979 1.62316 -0.000210346 0.00629649 0.000470951
197.813 11.7421 0.0123984 1.62318 -0.000246423 0.00629005 0.00047125
197.834 11.7422 0.0124996 1.62319 -0.000294166 0.00627712 0.000469851
197.855 11.7424 0.0126014 1.62322 -0.000316021 0.00626858 0.000469436
197.873 11.7425 0.012704 1.62324 -0.000307692 0.00626021 0.00046915
197.893 11.7427 0.0128075 1.62326 -0.000296535 0.00624209 0.000469774
197.913 11.7429 0.0129119 1.62328 -0.000302459 0.00623053 0.000469403
197.934 11.7431 0.013017 1.6233 -0.000299578 0.00622943 0.000469232
197.953 11.7432 0.013123 1.62332 -0.000279075 0.00622948 0.000468793
197.973 11.7434 0.0132297 1.62333 -0.000270424 0.00622698 0.000466748
197.993 11.7436 0.0133371 1.62334 -0.000260595 0.00621747 0.000464213
198.016 11.7438 0.0134451 1.62335 -0.000223762 0.00621488 0.00046322
198.036 11.744 0.0135536 1.62335 -0.000189173 0.00622622 0.000463612
198.054 11.7442 0.0136626 1.62336 -0.000168823 0.00623191 0.000463026
198.075 11.7444 0.0137717 1.62336 -0.000131362 0.00620574 0.000462598
198.097 11.7446 0.013881 1.62337 -7.86467e-05 0.00620425 0.000461734
198.116 11.7449 0.0139903 1.62338 -3.89853e-05 0.00621951 0.000463781
198.136 11.7451 0.0140994 1.62338 -1.4928e-06 0.00621538 0.000462487
198.156 11.7453 0.0142081 1.62339 3.97918e-05 0.00619553 0.000460672
198.177 11.7455 0.0143164 1.6234 5.84396e-05 0.00608709 0.000458648
198.196 11.7458 0.0144243 1.62341 6.84902e-05 0.00623687 0.000456577
198.216 11.746 0.0145312 1.62342 0.000119015 0.00626196 0.000454942
198.239 11.7463 0.0146373 1.62344 0.000187292 0.00622178 0.000453809
198.258 11.7465 0.0147423 1.62346 0.000245053 0.00617042 0.000452513
198.278 11.7468 0.0148462 1.62348 0.000276547 0.0063075 0.000449603
198.297 11.7471 0.0149488 1.62351 0.000298476 0.00625981 0.000447773
198.32 11.7473 0.0150498 1.62354 0.000316613 0.00617977 0.000446344
198.338 11.7476 0.0151493 1.62357 0.000336395 0.00619614 0.000444739
198.357 11.7479 0.015247 1.62361 0.000369303 0.00618973 0.000443666
198.378 11.7482 0.015343 1.62365 0.000402436 0.00617582 0.000442812
198.398 11.7485 0.0154371 1.62368 0.000433939 0.00617846 0.000442095
198.421 11.7488 0.0155293 1.62371 0.000455138 0.00617434 0.000440983
198.439 11.7491 0.0156195 1.62374 0.000469939 0.00616344 0.000439683
198.462 11.7494 0.0157075 1.62377 0.000472391 0.00616803 0.000440092
198.479 11.7497 0.0157935 1.62379 0.000475055 0.00617232 0.000438267
198.499 11.75 0.0158772 1.62381 0.000486539 0.00616458 0.000437245
198.522 11.7504 0.0159588 1.62383 0.000500947 0.00607752 0.000436576
198.54 11.7507 0.0160383 1.62385 0.000495378 0.00613017 0.000436062
198.563 11.751 0.0161156 1.62387 0.000490777 0.00629237 0.000435034
198.58 11.7514 0.0161907 1.62389 0.000481436 0.00617536 0.000433807
198.6 11.7517 0.0162636 1.62391 0.00048926 0.00606853 0.000433903
198.622 11.7521 0.0163344 1.62394 0.000500618 0.00608835 0.000433831
198.641 11.7524 0.0164029 1.62396 0.000506705 0.00611467 0.000431922
198.662 11.7528 0.0164694 1.62399 0.000504751 0.00611036 0.000431389
198.682 11.7531 0.0165337 1.62401 0.000487995 0.00611349 0.000427695
198.702 11.7535 0.0165959 1.62403 0.000472444 0.00613019 0.000425311
198.724 11.7539 0.0166561 1.62404 0.000459528 0.00613368 0.000423345
198.742 11.7542 0.0167142 1.62406 0.000462806 0.00606114 0.000422043
198.765 11.7546 0.0167703 1.62406 0.000463099 0.00607145 0.000421909
198.782 11.755 0.0168244 1.62407 0.000469266 0.0061879 0.000421631
198.803 11.7554 0.0168764 1.62408 0.000483356 0.00612783 0.000421241
198.823 11.7558 0.0169264 1.6241 0.000492422 0.00612314 0.000419805
198.843 11.7562 0.0169742 1.62411 0.000502749 0.00615697 0.000418813
198.866 11.7566 0.01702 1.62412 0.000511566 0.006185 0.000418052
198.884 11.757 0.0170637 1.62413 0.000517378 0.00619051 0.000416002
198.903 11.7574 0.0171052 1.62414 0.000510834 0.00618597 0.000417726
198.925 11.7578 0.0171447 1.62414 0.000504113 0.00609458 0.000417669
198.945 11.7582 0.017182 1.62414 0.000492342 0.00612393 0.000415973
198.964 11.7587 0.0172172 1.62415 0.000506904 0.00613214 0.000414082
198.984 11.7591 0.0172502 1.62416 0.000515591 0.00611949 0.000413094
199.004 11.7596 0.0172813 1.62416 0.000503911 0.00610897 0.000410932
199.025 11.76 0.0173105 1.62417 0.000464454 0.00609155 0.000411056
199.045 11.7605 0.0173376 1.62418 0.000452721 0.0061426 0.000410888
199.066 11.761 0.0173628 1.62419 0.000454711 0.00610896 0.000409608
199.086 11.7615 0.0173861 1.62421 0.000460749 0.00607273 0.00040827
199.107 11.762 0.0174076 1.62422 0.000467448 0.0060652 0.00040842
199.127 11.7626 0.0174273 1.62423 0.000452466 0.00605721 0.000405785
199.149 11.7631 0.0174451 1.62425 0.000438712 0.00610471 0.000406865
199.169 11.7636 0.0174612 1.62427 0.000421539 0.00590835 0.000407164
199.188 11.7642 0.0174755 1.62429 0.000418347 0.00594255 0.00040667
199.208 11.7648 0.0174882 1.62432 0.00040189 0.00606883 0.00040732
199.231 11.7654 0.0174991 1.62436 0.000411593 0.00608559 0.000406987
199.25 11.766 0.0175085 1.62439 0.000401518 0.00602728 0.000406361
199.269 11.7666 0.0175164 1.62443 0.000390792 0.0058422 0.000405986
199.289 11.7672 0.0175226 1.62447 0.000392908 0.00587742 0.000404769
199.309 11.7679 0.0175272 1.6245 0.000389629 0.0060363 0.000405848
199.331 11.7685 0.0175303 1.62454 0.000393928 0.00597372 0.000405639
199.35 11.7692 0.0175319 1.62458 0.00040013 0.00584264 0.000401301
199.37 11.7699 0.017532 1.62462 0.000389336 0.0059994 0.000399909
199.391 11.7706 0.0175305 1.62466 0.000378976 0.00604407 0.000398975
199.411 11.7713 0.0175277 1.62469 0.00036604 0.00599296 0.00039543
199.432 11.772 0.0175234 1.62473 0.000339898 0.00590414 0.000394188
199.453 11.7727 0.0175179 1.62476 0.00030327 0.0059434 0.00039417
199.475 11.7735 0.0175112 1.62479 0.000284055 0.00596022 0.000393729
199.492 11.7742 0.0175033 1.62481 0.000276465 0.00593655 0.000391081
199.513 11.775 0.0174943 1.62483 0.000272158 0.00591973 0.000389983
199.534 11.7758 0.0174843 1.62485 0.000281755 0.00591259 0.000389446
199.553 11.7766 0.0174731 1.62487 0.000299551 0.00600982 0.000389421
199.576 11.7774 0.0174609 1.62488 0.000300707 0.00595735 0.000388936
199.593 11.7783 0.0174476 1.6249 0.000291291 0.00593538 0.000387432
199.613 11.7791 0.0174332 1.62491 0.000281109 0.00595459 0.000384975
199.634 11.7799 0.0174178 1.62493 0.000266386 0.00596427 0.000386288
199.653 11.7808 0.0174014 1.62493 0.000250715 0.00596533 0.000384368
199.677 11.7817 0.0173841 1.62494 0.000240208 0.00597777 0.000383988
199.694 11.7825 0.0173659 1.62494 0.000222486 0.00591976 0.000382725
199.713 11.7834 0.017347 1.62495 0.000190907 0.00594363 0.000380974
199.736 11.7843 0.0173274 1.62495 0.000180752 0.00605026 0.000379976
199.756 11.7853 0.0173069 1.62495 0.000185507 0.00596298 0.000379208
199.776 11.7862 0.0172858 1.62496 0.000190054 0.0059303 0.000378579
199.796 11.7871 0.0172641 1.62497 0.000192943 0.00592616 0.000378026
199.816 11.7881 0.0172418 1.62497 0.00018237 0.00592179 0.000378097
199.838 11.789 0.0172188 1.62498 0.000170288 0.00590532 0.000378569
199.856 11.79 0.0171952 1.62498 0.000155168 0.00591022 0.00037835
199.879 11.7909 0.0171713 1.62498 0.000125976 0.00585861 0.000377481
199.896 11.7919 0.0171468 1.62498 0.000106189 0.00592519 0.000377019
199.918 11.7929 0.0171219 1.62498 0.000112238 0.00601685 0.000376624
199.938 11.794 0.0170967 1.62498 0.000105295 0.00575184 0.000376418
199.958 11.795 0.0170712 1.62499 9.57443e-05 0.00580736 0.000376224
199.98 11.7961 0.0170454 1.62501 9.04786e-05 0.0059566 0.000376114
199.999 11.7971 0.0170193 1.62503 8.55567e-05 0.00603197 0.000375941
200.019 11.7982 0.0169929 1.62505 8.68461e-05 0.00596083 0.000374864
200.045 11.7994 0.0169663 1.62507 8.6012e-05 0.00582505 0.000373861
200.063 11.8005 0.0169395 1.6251 7.88641e-05 0.00597971 0.000373382
200.083 11.8017 0.0169126 1.62513 6.31983e-05 0.005925 0.000373155
200.103 11.8028 0.0168854 1.62516 5.78977e-05 0.00586851 0.000373041
200.125 11.804 0.016858 1.62519 6.25021e-05 0.00587017 0.000373005
200.145 11.8052 0.0168305 1.62522 7.119e-05 0.00586892 0.00037189
200.164 11.8065 0.0168027 1.62524 8.10821e-05 0.00584125 0.00037209
200.186 11.8077 0.0167748 1.62526 8.4245e-05 0.00582914 0.000371831
200.205 11.8089 0.0167467 1.62528 8.14416e-05 0.00583065 0.000372401
200.225 11.8102 0.0167184 1.62529 7.86117e-05 0.00582316 0.00037267
200.245 11.8115 0.0166899 1.6253 6.73091e-05 0.00582669 0.000373081
200.265 11.8128 0.0166613 1.62531 4.36059e-05 0.00582595 0.000373468
200.288 11.8141 0.0166326 1.62532 2.15566e-05 0.00582514 0.000373892
200.307 11.8154 0.0166042 1.62532 -2.68097e-05 0.00582384 0.000373262
200.327 11.8168 0.016576 1.62533 -8.82378e-05 0.00582442 0.00037155
200.348 11.8181 0.016548 1.62533 -0.000118964 0.00582712 0.000371033
200.368 11.8195 0.0165206 1.62533 -0.000140155 0.00582169 0.000370175
200.391 11.8209 0.0164939 1.62533 -0.000167398 0.00582256 0.000371418
200.408 11.8223 0.0164678 1.62532 -0.000183092 0.00582294 0.000371408
200.428 11.8237 0.0164426 1.62531 -0.00020676 0.0058092 0.000372271
200.449 11.8251 0.0164183 1.62531 -0.000227831 0.00590463 0.000370972
200.468 11.8266 0.0163946 1.6253 -0.000201687 0.00582024 0.000369583
200.49 11.828 0.0163719 1.62529 -0.000173924 0.00592429 0.000368161
200.509 11.8295 0.01635 1.62529 -0.000166378 0.00577497 0.000367059
200.529 11.8309 0.0163289 1.6253 -0.000178503 0.00571974 0.000366689
200.551 11.8324 0.0163084 1.62531 -0.000154063 0.00587447 0.000366594
200.571 11.8339 0.0162886 1.62533 -0.000124572 0.00598491 0.000366696
200.593 11.8354 0.0162692 1.62534 -8.61582e-05 0.00601738 0.00036525
200.611 11.8369 0.0162503 1.62536 -6.28271e-05 0.00591517 0.000366605
200.631 11.8385 0.0162318 1.62538 -3.88949e-05 0.00607374 0.000364123
200.652 11.84 0.0162134 1.6254 -3.94176e-06 0.0060509 0.000363048
200.672 11.8415 0.0161951 1.62543 2.1274e-05 0.00598037 0.000361405
200.694 11.8431 0.016177 1.62545 2.78744e-05 0.00596675 0.000361373
200.712 11.8446 0.0161588 1.62548 2.29246e-05 0.00596191 0.00036147
200.733 11.8462 0.0161406 1.6255 2.20972e-05 0.00594666 0.000361628
200.752 11.8478 0.0161222 1.62552 4.07196e-05 0.00596806 0.000361849
200.772 11.8493 0.0161039 1.62553 4.57025e-05 0.00593225 0.000360522
200.792 11.8509 0.0160854 1.62555 5.83563e-05 0.00585933 0.000358419
200.813 11.8525 0.0160666 1.62557 8.13445e-05 0.0057359 0.000357746
200.832 11.8541 0.0160477 1.62559 7.99345e-05 0.00597832 0.000358998
200.853 11.8558 0.0160287 1.62562 7.20329e-05 0.00590286 0.000360368
200.873 11.8574 0.0160094 1.62566 6.40822e-05 0.00578002 0.000360212
200.895 11.8591 0.0159899 1.6257 6.06136e-05 0.00577075 0.000359982
200.913 11.8608 0.0159703 1.62574 5.05299e-05 0.00578656 0.00035975
200.933 11.8625 0.0159506 1.62577 3.24117e-05 0.0058555 0.000360109
200.955 11.8642 0.0159308 1.62581 2.05148e-05 0.00581815 0.000360674
200.975 11.8659 0.0159109 1.62583 2.40816e-05 0.00552082 0.000360593
200.995 11.8676 0.0158912 1.62587 1.64193e-07 0.00572509 0.000360822
201.015 11.8694 0.0158714 1.62592 -6.62832e-06 0.00574762 0.000361495
201.035 11.8712 0.0158517 1.62596 -3.98774e-06 0.00577782 0.000361128
201.057 11.8731 0.0158321 1.62601 -2.16296e-05 0.00567222 0.000361703
201.076 11.875 0.0158129 1.62606 -5.42049e-05 0.00556554 0.000362592
201.098 11.8769 0.0157938 1.62611 -7.85037e-05 0.00560545 0.000362697
201.117 11.8788 0.0157752 1.62616 -0.000100566 0.00562496 0.000362656
201.135 11.8808 0.015757 1.6262 -0.000114467 0.00557081 0.000362376
201.157 11.8828 0.0157391 1.62624 -0.000109734 0.00567321 0.000362806
201.176 11.8848 0.0157218 1.62627 -0.000114138 0.00561043 0.00036227
201.198 11.8868 0.0157051 1.62631 -0.000123204 0.00556529 0.000359014
201.216 11.8889 0.0156888 1.62634 -0.000110225 0.00566019 0.000357222
201.236 11.891 0.015673 1.62638 -9.69459e-05 0.00559458 0.000356981
201.258 11.8931 0.0156577 1.62641 -9.64398e-05 0.00560422 0.000356692
201.277 11.8952 0.0156428 1.62643 -9.625e-05 0.00564334 0.000355569
201.297 11.8973 0.0156283 1.62645 -9.35283e-05 0.00565709 0.000354432
201.318 11.8995 0.0156142 1.62647 -7.48612e-05 0.00565176 0.000354081
201.338 11.9017 0.0156005 1.62649 -6.1589e-05 0.00566987 0.000352982
201.359 11.9039 0.015587 1.6265 -4.63889e-05 0.00569649 0.000353957
201.38 11.9061 0.0155738 1.6265 -4.36647e-05 0.00570328 0.00035567
201.399 11.9083 0.0155609 1.62651 -4.95446e-05 0.00570541 0.000356517
201.42 11.9106 0.0155482 1.6265 -4.73984e-05 0.00570785 0.000357435
201.44 11.9128 0.0155357 1.6265 -4.54257e-05 0.00572609 0.000357008
201.461 11.9151 0.0155236 1.62649 -6.69514e-05 0.00570775 0.000356774
201.48 11.9174 0.0155118 1.62649 -7.8196e-05 0.00570541 0.000356427
201.501 11.9198 0.0155002 1.62648 -6.84531e-05 0.00575918 0.000356592
201.521 11.9221 0.0154887 1.62648 -3.83257e-05 0.00587748 0.000357219
201.54 11.9245 0.0154776 1.62648 -2.16352e-05 0.00573018 0.000358187
201.562 11.9269 0.0154667 1.62648 -2.57039e-05 0.00567249 0.000356992
201.582 11.9292 0.0154559 1.62649 -2.20959e-05 0.00585169 0.000357518
201.605 11.9317 0.0154452 1.6265 -1.66766e-05 0.00584037 0.000358435
201.621 11.9341 0.0154347 1.62651 -1.45173e-05 0.00575152 0.000359532
201.642 11.9365 0.0154243 1.62652 -2.06428e-05 0.00575787 0.000359552
201.663 11.939 0.0154142 1.62654 -5.15719e-05 0.00581347 0.000357245
201.682 11.9414 0.0154041 1.62656 -6.40051e-05 0.00580955 0.000356253
201.702 11.9439 0.0153942 1.62659 -5.15938e-05 0.00579575 0.000356261
201.723 11.9464 0.0153847 1.62663 -5.46616e-05 0.00585309 0.000354412
201.743 11.9489 0.0153756 1.62666 -8.97457e-05 0.00554845 0.000356678
201.764 11.9514 0.0153667 1.6267 -0.000102734 0.00571243 0.000358254
201.785 11.9539 0.0153583 1.62676 -0.000115018 0.00614166 0.000358573
201.808 11.9565 0.0153501 1.62682 -9.14143e-05 0.00593477 0.000359447
201.824 11.959 0.0153426 1.62689 -9.96855e-05 0.00597533 0.000358859
201.845 11.9616 0.0153354 1.62696 -0.000104021 0.00612233 0.000358555
201.865 11.9642 0.0153286 1.62704 -9.34025e-05 0.00596578 0.000356572
201.885 11.9668 0.0153223 1.62711 -8.77778e-05 0.00607108 0.000354772
201.907 11.9694 0.0153162 1.62718 -7.36253e-05 0.00606075 0.000353676
201.925 11.972 0.0153104 1.62724 -4.91559e-05 0.00592426 0.000351472
201.945 11.9746 0.0153049 1.6273 -3.09608e-05 0.00585445 0.000350269
201.968 11.9773 0.0152996 1.62735 -3.27621e-05 0.00589847 0.000351623
201.986 11.9799 0.0152947 1.6274 -6.79436e-05 0.00556959 0.000352611
202.008 11.9826 0.0152898 1.62746 -5.17515e-05 0.00595335 0.000350904
202.027 11.9854 0.015285 1.62754 -2.48497e-05 0.00597646 0.000350268
202.046 11.9882 0.0152805 1.62762 -2.43129e-05 0.00571164 0.000349153
202.069 11.991 0.0152761 1.62769 -2.70393e-05 0.00562424 0.000348927
202.088 11.9939 0.0152719 1.62777 -2.90172e-05 0.0055444 0.00034715
202.112 11.9968 0.0152678 1.62783 -1.79025e-05 0.00570047 0.000345999
202.129 11.9997 0.0152638 1.62788 -1.1761e-05 0.00556815 0.000344839
202.148 12.0027 0.0152597 1.62794 8.50557e-06 0.00562922 0.000344129
202.17 12.0057 0.0152557 1.62798 2.86523e-05 0.00565433 0.000342017
202.189 12.0088 0.0152516 1.62802 3.70679e-05 0.00559275 0.000341158
202.211 12.0118 0.0152475 1.62806 4.36327e-05 0.00549326 0.000341002
202.229 12.0149 0.0152434 1.62808 1.72074e-05 0.0055415 0.00033972
202.25 12.0181 0.0152392 1.6281 -4.4046e-06 0.00550838 0.000338074
202.271 12.0213 0.0152352 1.62811 -4.14626e-05 0.00547979 0.000336993
202.292 12.0245 0.0152313 1.62812 -7.57775e-05 0.00544717 0.000336906
202.312 12.0277 0.0152277 1.62812 -9.6146e-05 0.00536664 0.000337284
202.332 12.0309 0.0152245 1.62811 -0.000112264 0.00540108 0.000337934
202.352 12.0342 0.0152216 1.62811 -0.000122909 0.00542651 0.000338298
202.373 12.0376 0.0152193 1.6281 -0.000120762 0.00542425 0.000338176
202.393 12.0409 0.0152174 1.62808 -0.00011868 0.00542119 0.000338616
202.414 12.0443 0.015216 1.62807 -0.000117843 0.00542382 0.000336916
202.433 12.0477 0.0152151 1.62805 -0.000118613 0.00543512 0.000337195
202.453 12.0512 0.0152147 1.62803 -0.000124154 0.00545944 0.000337825
202.476 12.0546 0.0152148 1.628 -0.000133124 0.00555401 0.00033728
202.494 12.0581 0.0152153 1.62798 -0.000120692 0.00550158 0.000335757
202.516 12.0617 0.0152163 1.62795 -0.000101233 0.00560696 0.000336135
202.534 12.0652 0.0152176 1.62793 -7.63064e-05 0.00554536 0.000337516
202.555 12.0688 0.0152193 1.62791 -6.32358e-05 0.00558778 0.00033808
202.575 12.0724 0.0152213 1.6279 -4.78797e-05 0.00558848 0.000336708
202.601 12.076 0.0152235 1.62789 -3.37017e-05 0.00554821 0.000335134
202.618 12.0797 0.0152258 1.62789 -2.74386e-05 0.00549655 0.000333989
202.641 12.0834 0.0152284 1.62789 -3.13513e-05 0.00557629 0.000333852
202.661 12.0871 0.015231 1.62789 -2.69103e-05 0.00565221 0.00033452
202.687 12.0908 0.0152336 1.62789 -1.13381e-05 0.00549571 0.000334814
202.705 12.0946 0.0152363 1.62789 -1.41645e-06 0.00552239 0.000334202
202.725 12.0984 0.0152391 1.6279 6.41813e-06 0.00570811 0.000332842
202.746 12.1022 0.0152416 1.62791 4.24222e-05 0.00553039 0.000332847
202.766 12.106 0.0152441 1.62794 7.35542e-05 0.00579995 0.000333762
202.787 12.1099 0.0152461 1.628 0.000120747 0.00815711 0.000334468
202.806 12.1136 0.0152481 1.62807 8.83826e-05 0.00597525 0.000336456
202.825 12.1172 0.0152499 1.62825 4.02137e-05 0.00484283 0.000335419
202.846 12.1206 0.0152515 1.62852 -1.76412e-05 0.00536558 0.000337457
202.962 12.124 0.0152529 1.62883 -3.79249e-05 0.00616927 0.00033828
202.985 12.1273 0.0152541 1.62915 -2.15018e-05 0.00609401 0.000338506
203.005 12.1306 0.0152556 1.62945 -2.65697e-05 0.00602467 0.000340066
203.025 12.1339 0.015257 1.62973 1.08783e-05 0.00575601 0.000340812
203.043 12.1373 0.0152588 1.63 -3.23222e-05 0.00589771 0.000342973
203.063 12.1407 0.0152606 1.63027 -5.25653e-05 0.00594042 0.000345847
203.083 12.1443 0.0152624 1.63055 -2.87425e-05 0.00574828 0.000345879
203.103 12.1477 0.0152659 1.63077 -0.000268788 -0.00715387 0.000356751
203.125 12.1526 0.0152675 1.63134 0.000135419 0.00321524 0.000291956
203.143 12.1584 0.0152698 1.63244 0.000336637 0.00873979 0.000284187
203.163 12.165 0.0152716 1.63387 0.000399466 0.00355154 0.000292299
203.185 12.1724 0.0152734 1.63552 0.000216745 4.52686e-05 0.000317641
203.204 12.1804 0.0152743 1.63726 7.49673e-05 -0.00109631 0.00032667
203.224 12.1891 0.0152736 1.639 0.000182502 0.000659948 0.000312543
203.244 12.1984 0.015274 1.64072 3.6713e-05 -0.000155544 0.000330199
203.265 12.2083 0.0152742 1.64242 -7.09844e-05 -0.000397614 0.000336824
203.285 12.2186 0.0152748 1.64406 -0.000157464 0.00105404 0.000337999
203.305 12.2292 0.0152755 1.64564 -0.000127729 0.000582022 0.000335052
203.327 12.2402 0.0152774 1.64711 -0.000200056 -0.00012772 0.000343463
203.345 12.2516 0.0152807 1.64846 -0.000340079 0.000987142 0.000345222
203.366 12.2632 0.0152842 1.64966 -0.000304479 0.000914427 0.000343907
203.386 12.2749 0.0152887 1.65069 -0.000226934 0.00231974 0.00033882
203.407 12.2869 0.0152948 1.65156 -0.000281876 0.0017451 0.000342198
203.428 12.299 0.0153017 1.65229 -0.000279052 0.00344824 0.000341914
203.447 12.3112 0.01531 1.65284 -0.000321359 0.00404099 0.000342846
203.468 12.3235 0.0153199 1.65328 -0.000408607 0.00342124 0.000347986
203.487 12.3358 0.0153307 1.65362 -0.000389759 0.00415473 0.000353075
203.507 12.3481 0.0153432 1.65383 -0.000421631 0.00462675 0.00035487
203.529 12.3603 0.015357 1.65391 -0.000408655 0.00548559 0.000358529
203.548 12.3724 0.0153718 1.65387 -0.000327433 0.00650294 0.00036074
203.57 12.3843 0.0153884 1.65372 -0.000334438 0.00676974 0.000360564
203.589 12.3959 0.0154056 1.65349 -0.000276146 0.00704812 0.000363825
203.608 12.4073 0.0154237 1.65318 -0.00021212 0.00767609 0.000368555
203.63 12.4184 0.0154432 1.6528 -0.000256331 0.0083845 0.000369636
203.649 12.4291 0.0154625 1.65235 -0.000158536 0.00885912 0.000376314
203.669 12.4394 0.0154823 1.65186 -6.04719e-05 0.00959857 0.000380515
203.69 12.4493 0.0155035 1.65134 -0.000177019 0.00952275 0.000373783
203.712 12.4588 0.0155241 1.65075 -0.000118997 0.0105159 0.000380852
203.73 12.4679 0.0155461 1.65006 -0.000246951 0.0124084 0.000372505
203.75 12.4765 0.0155668 1.64924 -0.000101339 0.0124976 0.000386963
203.77 12.4844 0.0155879 1.64839 8.32676e-06 0.0121199 0.000394494
203.791 12.4917 0.0156088 1.64754 0.000115146 0.0132405 0.000401965
203.811 12.4984 0.0156295 1.64668 0.000115863 0.0119207 0.000396178
203.832 12.5046 0.0156492 1.6458 0.000169385 0.0126305 0.000398303
203.851 12.5101 0.0156694 1.6449 2.03275e-05 0.012495 0.00037257
203.871 12.5151 0.0156883 1.64398 -1.16021e-05 0.011224 0.000367284
203.892 12.5196 0.015707 1.6431 -5.65391e-05 0.0122508 0.000363833
203.912 12.5236 0.0157244 1.64226 6.36202e-05 0.0123445 0.000373903
203.934 12.5271 0.015742 1.64146 8.65228e-05 0.0115179 0.000371896
203.953 12.5301 0.0157583 1.64069 0.000234098 0.0126002 0.000383453
203.973 12.5328 0.0157741 1.63996 0.000299615 0.0125004 0.000382813
203.995 12.5351 0.0157892 1.63928 0.000253051 0.0143223 0.000376224
204.015 12.537 0.0158037 1.63859 0.000127274 0.0135353 0.000360852
204.038 12.5383 0.0158156 1.63791 0.000217695 0.0100237 0.000381696
204.057 12.5393 0.0158277 1.63736 0.000120928 0.0118147 0.000390504
204.075 12.54 0.015838 1.63688 0.000198748 0.0122048 0.000405872
204.096 12.5404 0.0158478 1.63644 0.000209673 0.0118473 0.000412306
204.116 12.5405 0.0158564 1.63599 0.000269278 0.00717353 0.000407499
204.136 12.5408 0.0158659 1.63564 3.49999e-05 0.00933849 0.000395595
204.156 12.5412 0.0158739 1.63538 3.77786e-05 0.0108328 0.000385022
204.176 12.5414 0.0158815 1.63515 5.60485e-05 0.00801971 0.000375521
204.198 12.5416 0.0158888 1.635 6.4151e-05 0.00597235 0.000369451
204.218 12.5419 0.0158965 1.6349 -2.63789e-05 0.00640648 0.00036286
204.24 12.5422 0.0159038 1.63482 -3.04728e-05 0.00625017 0.0003558
204.258 12.5426 0.0159109 1.6347 2.23539e-05 0.00515921 0.000349149
204.277 12.5429 0.015918 1.63457 4.34771e-05 0.0048618 0.000342565
204.299 12.5434 0.0159251 1.63439 4.41618e-05 0.0048829 0.000336083
204.319 12.5438 0.0159319 1.63418 5.33786e-05 0.00458705 0.000331148
204.338 12.5443 0.0159385 1.63392 6.60161e-05 0.00452651 0.000325475
204.358 12.5448 0.0159447 1.63364 9.12232e-05 0.00464307 0.000319918
204.378 12.5453 0.0159507 1.63334 0.000100676 0.00456958 0.000315085
204.399 12.5458 0.0159563 1.63302 0.000101637 0.00453424 0.00030992
204.419 12.5463 0.0159614 1.6327 0.000109458 0.00457523 0.000305112
204.439 12.5469 0.0159661 1.63237 0.000113507 0.00467285 0.000300205
204.459 12.5474 0.0159704 1.63204 0.000113976 0.00462658 0.000297453
204.48 12.548 0.0159741 1.63172 0.000124504 0.00467714 0.000297689
204.501 12.5485 0.0159774 1.63141 0.000130941 0.0047572 0.000295882
204.52 12.5491 0.0159802 1.63111 0.000133851 0.00481134 0.00029248
204.542 12.5497 0.0159823 1.63081 0.000151481 0.00494088 0.000290199
204.561 12.5502 0.0159839 1.63053 0.00016454 0.00493573 0.000287972
204.581 12.5508 0.0159848 1.63027 0.000170695 0.00498056 0.00028808
204.603 12.5514 0.0159851 1.63001 0.000174161 0.00506084 0.000285282
204.622 12.5519 0.0159847 1.62977 0.000186288 0.00512096 0.000283406
204.641 12.5525 0.0159835 1.62954 0.000200468 0.00515586 0.000283129
204.661 12.553 0.0159816 1.62933 0.000201332 0.00519852 0.000282268
204.681 12.5536 0.015979 1.62912 0.000197667 0.00533472 0.000283244
204.702 12.5542 0.0159755 1.62893 0.000203737 0.00528969 0.000283025
204.721 12.5547 0.0159711 1.62876 0.000224467 0.00531731 0.000284119
204.744 12.5552 0.0159658 1.6286 0.00025929 0.00535565 0.000287436
204.762 12.5558 0.0159594 1.62845 0.000300201 0.00531774 0.0002884
204.782 12.5563 0.0159519 1.62832 0.000338161 0.00545566 0.000289784
204.803 12.5568 0.0159431 1.62821 0.000367402 0.0054679 0.000290828
204.822 12.5573 0.0159329 1.62812 0.000406764 0.00543308 0.000291352
204.846 12.5578 0.0159211 1.62805 0.000443965 0.00547193 0.000292289
204.864 12.5583 0.0159077 1.628 0.000458953 0.00552045 0.000293121
204.884 12.5588 0.0158926 1.62798 0.000458966 0.00555105 0.000294153
204.906 12.5593 0.0158758 1.62798 0.000458836 0.00556763 0.000296101
204.926 12.5598 0.0158571 1.62798 0.000470837 0.0055792 0.000298267
204.946 12.5602 0.0158365 1.628 0.000507039 0.00569179 0.000300106
204.968 12.5607 0.0158141 1.62802 0.000526266 0.0055527 0.000301617
204.988 12.5611 0.0157898 1.62806 0.000539916 0.00561662 0.000302765
205.009 12.5616 0.0157634 1.62811 0.000548196 0.00568374 0.000303757
205.029 12.562 0.015735 1.62816 0.000546684 0.00571627 0.000305848
205.048 12.5624 0.0157047 1.62821 0.000523765 0.00574137 0.000308254
205.07 12.5629 0.0156725 1.62827 0.000492784 0.00575632 0.000310492
205.089 12.5633 0.0156384 1.62833 0.000464267 0.00581649 0.000312715
205.111 12.5637 0.0156025 1.62839 0.000455247 0.00580557 0.000314414
205.131 12.5641 0.015565 1.62845 0.000446244 0.0057668 0.000314143
205.155 12.5645 0.0155257 1.62851 0.000463288 0.00575748 0.000315496
205.171 12.5648 0.0154843 1.62856 0.000539955 0.00580389 0.00031774
205.192 12.5652 0.0154407 1.6286 0.000650965 0.00585135 0.000320015
205.212 12.5655 0.0153947 1.62864 0.000761899 0.00587908 0.000321871
205.232 12.5659 0.0153457 1.62868 0.000898552 0.00594127 0.000323794
205.255 12.5662 0.0152933 1.62871 0.00102963 0.00597703 0.000325005
205.272 12.5665 0.0152372 1.62874 0.00114754 0.00595718 0.000326364
205.292 12.5668 0.0151769 1.62878 0.00123453 0.00595004 0.000327857
205.315 12.5671 0.0151121 1.62881 0.0013111 0.00595332 0.000329389
205.334 12.5673 0.0150423 1.62884 0.0013842 0.0058523 0.000330805
205.355 12.5676 0.0149673 1.62887 0.00146652 0.00601766 0.000331361
205.374 12.5678 0.0148869 1.6289 0.00152231 0.00603997 0.000331631
205.394 12.5681 0.0148009 1.62893 0.00155907 0.00596632 0.000330813
205.414 12.5683 0.0147091 1.62896 0.0015866 0.00596393 0.000333766
205.435 12.5685 0.0146114 1.629 0.00161415 0.00599223 0.000333748
205.455 12.5687 0.0145077 1.62903 0.00165206 0.00600505 0.000333331
205.475 12.5689 0.0143978 1.62906 0.0016932 0.00594677 0.000333487
205.494 12.5691 0.0142818 1.62909 0.00169382 0.00603526 0.000331965
205.517 12.5692 0.0141596 1.62913 0.0016971 0.0059528 0.000331604
205.536 12.5694 0.0140312 1.62916 0.00169393 0.00611859 0.00033189
205.556 12.5696 0.0138965 1.6292 0.00168355 0.00605786 0.000331903
205.577 12.5697 0.0137558 1.62925 0.00166985 0.00607456 0.000330202
205.597 12.5699 0.013609 1.6293 0.00164235 0.00617012 0.000330155
205.617 12.57 0.0134561 1.62935 0.00163487 0.00616346 0.00033181
205.637 12.5701 0.0132973 1.6294 0.00163592 0.00612054 0.000331765
205.659 12.5702 0.0131326 1.62944 0.00163562 0.00610798 0.000331034
205.678 12.5703 0.012962 1.62949 0.00164127 0.00609862 0.000330713
205.697 12.5704 0.0127855 1.62953 0.00165249 0.00607742 0.000330762
205.719 12.5705 0.012603 1.62957 0.00167226 0.00599858 0.00033127
205.739 12.5706 0.0124147 1.62961 0.00166152 0.00602101 0.000331308
205.763 12.5706 0.0122205 1.62965 0.00165677 0.00598679 0.000331007
205.781 12.5707 0.0120204 1.6297 0.0016556 0.00609765 0.000330829
205.801 12.5708 0.0118144 1.62974 0.00166672 0.0060811 0.000330728
205.821 12.5708 0.0116024 1.62979 0.00169492 0.00598443 0.000331226
205.84 12.5708 0.0113845 1.62985 0.00171023 0.00609981 0.000331355
205.862 12.5709 0.0111607 1.6299 0.00171214 0.00605288 0.000331424
205.881 12.5709 0.0109308 1.62995 0.00172594 0.00597186 0.000333811
205.901 12.5709 0.0106949 1.63001 0.00174244 0.00598827 0.000335647
205.921 12.5709 0.0104529 1.63007 0.00177345 0.0060008 0.000337285
205.941 12.5709 0.0102044 1.63013 0.00184678 0.00592438 0.0003389
205.963 12.5708 0.00994949 1.63018 0.00191219 0.00596537 0.000339834
205.982 12.5708 0.00968819 1.63024 0.00193658 0.00603919 0.000340753
206.002 12.5708 0.00942029 1.6303 0.0019332 0.00603723 0.00034487
206.023 12.5707 0.00914579 1.63036 0.00191404 0.00602407 0.000346226
206.042 12.5707 0.00886478 1.63042 0.00188156 0.00602316 0.000346622
206.066 12.5707 0.00857731 1.63047 0.00185002 0.00608472 0.00034624
206.083 12.5706 0.00828345 1.63053 0.00183087 0.00590813 0.000345532
206.103 12.5705 0.00798328 1.63059 0.00182399 0.00597722 0.000346009
206.126 12.5705 0.00767697 1.63065 0.00181096 0.00604161 0.000347349
206.146 12.5704 0.00736456 1.63071 0.00179574 0.00603139 0.000349243
206.169 12.5704 0.00704619 1.63077 0.00177131 0.00608054 0.000351643
206.186 12.5703 0.00672134 1.63084 0.00183844 0.00595269 0.000352966
206.207 12.5702 0.00638966 1.6309 0.00201803 0.0060376 0.000354048
206.229 12.5701 0.00605089 1.63097 0.00223181 0.00599695 0.000354733
206.251 12.57 0.00570454 1.63104 0.00243062 0.00609579 0.000356472
206.27 12.5699 0.00534979 1.63111 0.00262565 0.00597207 0.000360438
206.289 12.5698 0.00498594 1.63118 0.00281295 0.00591947 0.000362487
206.309 12.5697 0.00461234 1.63126 0.00298265 0.0060708 0.00036391
206.33 12.5696 0.00422844 1.63133 0.0031209 0.00599907 0.000364174
206.349 12.5694 0.00383346 1.63141 0.00327001 0.00590459 0.000363311
206.369 12.5693 0.00342706 1.63149 0.00339811 0.00605697 0.000363968
206.39 12.5692 0.00300885 1.63157 0.00349161 0.00596643 0.000363843
206.41 12.569 0.00257844 1.63165 0.00356341 0.00603052 0.000363749
206.431 12.5689 0.00213543 1.63173 0.00364094 0.0059335 0.000362929
206.451 12.5687 0.00167967 1.63181 0.0037045 0.00602603 0.000362482
206.471 12.5685 0.00121092 1.63189 0.00375781 0.00608613 0.000362647
206.49 12.5683 0.000729069 1.63197 0.00379217 0.00597565 0.000363583
206.511 12.5682 0.000234077 1.63206 0.00380023 0.0060422 0.000364912
206.532 12.568 -0.000274187 1.63214 0.00380479 0.00608614 0.000366433
206.551 12.5678 -0.00079552 1.63222 0.00378042 0.00609017 0.000366378
206.576 12.5676 -0.00132997 1.6323 0.00375825 0.00616281 0.000366149
206.592 12.5674 -0.0018776 1.63237 0.00376844 0.00604828 0.00036639
206.612 12.5672 -0.0024382 1.63245 0.00377393 0.00607987 0.000367037
206.633 12.567 -0.00301174 1.63252 0.00377265 0.00602326 0.000366218
206.653 12.5668 -0.0035982 1.63259 0.00376598 0.00603712 0.000368657
206.673 12.5666 -0.00419737 1.63267 0.00373871 0.00609204 0.000370251
206.693 12.5663 -0.00480903 1.63274 0.00367813 0.00610296 0.000368684
206.713 12.5661 -0.00543311 1.6328 0.00362077 0.00608857 0.000366798
206.735 12.5659 -0.00606951 1.63287 0.00358638 0.00607045 0.000370164
206.753 12.5657 -0.00671788 1.63292 0.00355447 0.00604881 0.000371335
206.773 12.5654 -0.0073782 1.63297 0.00354618 0.00611691 0.000371092
206.794 12.5652 -0.00805053 1.63302 0.0035814 0.00601821 0.00036965
206.815 12.5649 -0.00873447 1.63307 0.00357414 0.00600317 0.000370268
206.838 12.5647 -0.00942999 1.63311 0.00353459 0.00601683 0.000369202
206.855 12.5644 -0.0101369 1.63315 0.00346251 0.0060138 0.000367668
206.878 12.5642 -0.0108549 1.63319 0.00335735 0.00601002 0.000367468
206.895 12.5639 -0.0115837 1.63323 0.00325411 0.0060082 0.000367085
206.917 12.5637 -0.0123229 1.63326 0.00315309 0.0060003 0.000369394
206.936 12.5634 -0.0130721 1.6333 0.00305011 0.00598425 0.000372537
206.957 12.5632 -0.0138308 1.63333 0.00296839 0.0059764 0.000373012
206.978 12.5629 -0.014599 1.63335 0.00291591 0.00598191 0.000374262
206.998 12.5626 -0.015376 1.63338 0.0028627 0.00599452 0.000374259
207.018 12.5624 -0.0161618 1.6334 0.002814 0.00599381 0.000373018
207.039 12.5621 -0.0169562 1.63342 0.00278976 0.00597729 0.000372764
207.058 12.5618 -0.0177591 1.63345 0.00279291 0.00598839 0.000372773
207.081 12.5615 -0.0185709 1.63347 0.00288581 0.00602165 0.00037242
207.099 12.5612 -0.0193921 1.63349 0.00309765 0.00604366 0.000370961
207.119 12.561 -0.020223 1.63351 0.00334367 0.00605977 0.000368995
207.14 12.5607 -0.0210642 1.63353 0.00356255 0.00607926 0.000370056
207.16 12.5604 -0.021916 1.63355 0.00365671 0.00609841 0.000372357
207.182 12.5601 -0.0227787 1.63357 0.00365945 0.00611156 0.000372179
207.2 12.5598 -0.0236537 1.6336 0.00377293 0.00607832 0.000373545
207.22 12.5595 -0.0245418 1.63363 0.00406783 0.00606704 0.000373364
207.24 12.5592 -0.0254429 1.63367 0.00435292 0.00612657 0.000371103
207.261 12.5589 -0.0263579 1.63371 0.00459433 0.00612085 0.000369726
207.284 12.5586 -0.0272878 1.63375 0.00479847 0.00608179 0.000368119
207.301 12.5583 -0.0282333 1.6338 0.00497024 0.00604937 0.000366784
207.321 12.558 -0.0291951 1.63384 0.00511496 0.00603437 0.000365661
207.342 12.5576 -0.0301736 1.63389 0.00523721 0.00602718 0.000365567
207.362 12.5573 -0.0311695 1.63393 0.00534466 0.00602305 0.000364024
207.385 12.557 -0.0321831 1.63398 0.00545318 0.00600785 0.000361311
207.403 12.5567 -0.0332146 1.63402 0.00554355 0.00599945 0.000358187
207.423 12.5563 -0.0342645 1.63407 0.00561437 0.00599552 0.000358152
207.444 12.556 -0.0353326 1.63411 0.00564373 0.00598943 0.000357505
207.463 12.5557 -0.0364193 1.63416 0.00563858 0.00598769 0.000354846
207.486 12.5553 -0.0375243 1.6342 0.00560675 0.00599931 0.00035425
207.504 12.555 -0.0386477 1.63424 0.00556127 0.00601276 0.000352574
207.524 12.5547 -0.0397892 1.63428 0.00552404 0.0060083 0.000351794
207.546 12.5543 -0.0409486 1.63432 0.00548044 0.00600257 0.000348802
207.565 12.554 -0.0421257 1.63436 0.00542692 0.00600254 0.000350354
207.588 12.5536 -0.0433201 1.6344 0.00535076 0.00599624 0.000348907
207.606 12.5533 -0.0445315 1.63444 0.00524357 0.00598766 0.000349028
207.626 12.5529 -0.0457594 1.63447 0.00514096 0.00597549 0.00035117
207.647 12.5526 -0.0470035 1.6345 0.00504021 0.00596739 0.000352201
207.669 12.5522 -0.0482634 1.63454 0.00494354 0.00596013 0.000353853
207.687 12.5519 -0.0495385 1.63456 0.00484359 0.00595196 0.000352045
207.708 12.5515 -0.0508283 1.63459 0.0047242 0.00595545 0.000351859
207.727 12.5511 -0.0521327 1.63462 0.00463052 0.00594097 0.000353145
207.747 12.5507 -0.053451 1.63465 0.00456219 0.00592169 0.000351775
207.768 12.5504 -0.0547831 1.63468 0.00449759 0.00590429 0.000352172
207.79 12.55 -0.0561286 1.63471 0.00445814 0.00587837 0.000354693
207.808 12.5496 -0.0574873 1.63474 0.00443457 0.00587134 0.000354716
207.828 12.5492 -0.0588591 1.63477 0.00443709 0.00587218 0.000352955
207.85 12.5489 -0.0602441 1.6348 0.00448121 0.00586162 0.000350012
207.871 12.5485 -0.0616432 1.63483 0.0046793 0.00585947 0.000348353
207.89 12.5481 -0.0630569 1.63487 0.00500081 0.00586792 0.000347419
207.91 12.5477 -0.0644859 1.6349 0.00537482 0.00591607 0.000347373
207.93 12.5473 -0.0659316 1.63494 0.00578459 0.00585288 0.000345941
207.955 12.5469 -0.0673952 1.63498 0.00616679 0.00586838 0.000346144
207.974 12.5465 -0.0688768 1.63502 0.00629056 0.0059613 0.000350461
207.997 12.546 -0.070377 1.63507 0.00621292 0.0059867 0.000349209
208.013 12.5456 -0.0718962 1.63511 0.00606264 0.00597368 0.000347722
208.036 12.5452 -0.0734342 1.63516 0.00589792 0.00596928 0.000344942
208.059 12.5448 -0.0749901 1.6352 0.00570021 0.00597234 0.000342166
208.074 12.5444 -0.0765634 1.63524 0.00553247 0.0059709 0.000343229
208.096 12.5439 -0.0781543 1.63529 0.00551647 0.00596607 0.000342557
208.115 12.5435 -0.0797614 1.63534 0.00545792 0.00596248 0.000342277
208.136 12.5431 -0.0813842 1.63538 0.00531794 0.00591176 0.000344074
208.161 12.5427 -0.0830222 1.63543 0.00512262 0.00597293 0.00034545
208.176 12.5422 -0.0846744 1.63547 0.00483907 0.00584545 0.000343935
208.197 12.5418 -0.08634 1.63552 0.00450772 0.00600042 0.000345239
208.217 12.5414 -0.088019 1.63557 0.00437152 0.00596227 0.000343766
208.237 12.5409 -0.0897123 1.63563 0.00466734 0.00595263 0.000343405
208.258 12.5405 -0.09142 1.63569 0.00520557 0.005955 0.000341511
208.278 12.5401 -0.093143 1.63575 0.005824 0.00592731 0.000339407
208.301 12.5396 -0.0948827 1.63581 0.00632813 0.00592761 0.000341212
208.32 12.5392 -0.096641 1.63586 0.00672722 0.00591951 0.000342819
208.339 12.5387 -0.0984196 1.63591 0.00707982 0.00588003 0.000344125
208.362 12.5383 -0.10022 1.63596 0.00739823 0.00586803 0.000347104
208.38 12.5378 -0.102044 1.63601 0.0077066 0.00586033 0.000348531
208.402 12.5373 -0.103891 1.63605 0.00798831 0.00584549 0.000346018
208.421 12.5369 -0.105764 1.63608 0.00819766 0.00586788 0.000345329
208.441 12.5364 -0.107662 1.63611 0.008344 0.00584361 0.000346225
208.463 12.5359 -0.109586 1.63614 0.00842056 0.00585066 0.00034575
208.482 12.5355 -0.111537 1.63617 0.00844684 0.00586517 0.000346218
208.502 12.535 -0.113515 1.6362 0.00844174 0.00586608 0.000345126
208.522 12.5345 -0.115519 1.63622 0.0084186 0.00588433 0.000344437
208.543 12.534 -0.117549 1.63625 0.00845046 0.00580648 0.000342021
208.564 12.5335 -0.119607 1.63628 0.00860345 0.00594879 0.000342352
208.584 12.533 -0.121692 1.63631 0.00870146 0.00588776 0.000339542
208.604 12.5325 -0.123804 1.63634 0.00879578 0.00586992 0.000336413
208.624 12.532 -0.125945 1.63637 0.00897481 0.00588927 0.000337174
208.643 12.5315 -0.128114 1.63641 0.00918385 0.00584738 0.000334341
208.665 12.531 -0.130311 1.63644 0.00926956 0.00587969 0.000333087
208.685 12.5305 -0.132536 1.63648 0.00923497 0.0059064 0.000330036
208.704 12.53 -0.13479 1.63651 0.00914445 0.0059036 0.000329979
208.724 12.5295 -0.137073 1.63653 0.00901448 0.00589402 0.000331698
208.743 12.5289 -0.139383 1.63656 0.0088437 0.00589275 0.000331336
208.764 12.5284 -0.14172 1.63658 0.00862969 0.00589693 0.000329532
208.785 12.5279 -0.144083 1.6366 0.00834696 0.00590493 0.000329829
208.804 12.5274 -0.14647 1.63662 0.00802607 0.00590446 0.000330275
208.824 12.5268 -0.148881 1.63663 0.00771878 0.00589738 0.000331306
208.845 12.5263 -0.151315 1.63665 0.00745491 0.00588225 0.000328297
208.864 12.5257 -0.153771 1.63666 0.0072216 0.00586566 0.00032818
208.886 12.5252 -0.156247 1.63667 0.00700156 0.00585989 0.00032921
208.909 12.5247 -0.158742 1.63667 0.00676876 0.00586091 0.000329237
208.925 12.5241 -0.161256 1.63668 0.00651869 0.00586147 0.00032897
208.945 12.5236 -0.163788 1.63669 0.0064654 0.00585737 0.000331047
208.967 12.523 -0.166339 1.6367 0.00666172 0.00585118 0.000331415
208.985 12.5225 -0.168908 1.63671 0.00693986 0.00584956 0.000331218
209.006 12.5219 -0.171496 1.63672 0.00719324 0.00584051 0.000329366
209.026 12.5213 -0.174103 1.63674 0.00728609 0.00582471 0.000327465
209.045 12.5208 -0.176729 1.63675 0.00724816 0.00581628 0.000323639
209.069 12.5202 -0.179375 1.63676 0.00715236 0.00582241 0.000321017
209.089 12.5197 -0.18204 1.63677 0.00703339 0.00583132 0.000323128
209.109 12.5191 -0.184723 1.63678 0.00681914 0.0058354 0.000322198
209.128 12.5185 -0.187424 1.63679 0.00651947 0.00583312 0.000322732
209.148 12.5179 -0.190142 1.6368 0.0062222 0.00581036 0.000326361
209.173 12.5174 -0.192876 1.63681 0.00593078 0.00577828 0.00032561
209.192 12.5168 -0.195623 1.63683 0.00554203 0.00578955 0.000322124
209.213 12.5162 -0.198383 1.63685 0.00508136 0.00586999 0.000322931
209.232 12.5156 -0.201154 1.63687 0.00469553 0.00597256 0.000324181
209.252 12.515 -0.203937 1.6369 0.004834 0.00592222 0.000323586
209.274 12.5144 -0.206734 1.63694 0.00544053 0.00591579 0.000325227
209.293 12.5138 -0.209544 1.63698 0.00621237 0.00579069 0.000325284
209.313 12.5132 -0.212369 1.63702 0.007004 0.00583641 0.000327901
209.333 12.5126 -0.215212 1.63706 0.00775358 0.00582799 0.000329099
209.354 12.5119 -0.218077 1.63711 0.00847328 0.0058021 0.000329631
