Time X Y Z Roll Pitch Yaw
0.152734 -5.70003e-05 9.13569e-05 0.282864 -1.06172e-07 -9.1811e-07 -9.66118e-05
0.170103 -5.70003e-05 9.13569e-05 0.282864 -1.06172e-07 -9.1811e-07 -9.66118e-05
0.18931 -5.70003e-05 9.13569e-05 0.282864 -1.06172e-07 -9.1811e-07 -9.66118e-05
0.210788 -5.70003e-05 9.13569e-05 0.282864 -1.06172e-07 -9.1811e-07 -9.66118e-05
0.22892 -5.70003e-05 9.13569e-05 0.282864 -1.06172e-07 -9.1811e-07 -9.66118e-05
0.249324 -5.70003e-05 9.13569e-05 0.282864 -1.06172e-07 -9.1811e-07 -9.66118e-05
0.268967 -5.70003e-05 9.13569e-05 0.282864 -1.06172e-07 -9.1811e-07 -9.66118e-05
0.288902 -5.70003e-05 9.13569e-05 0.282864 -1.06172e-07 -9.1811e-07 -9.66118e-05
0.311043 -5.70003e-05 9.13569e-05 0.282864 -1.06172e-07 -9.1811e-07 -9.66118e-05
0.328439 -5.70003e-05 9.13569e-05 0.282864 -1.06172e-07 -9.1811e-07 -9.66118e-05
0.348443 -5.70003e-05 9.13569e-05 0.282864 -1.06172e-07 -9.1811e-07 -9.66118e-05
0.369477 -5.70003e-05 9.13569e-05 0.282864 -1.06172e-07 -9.1811e-07 -9.66118e-05
0.388755 -5.70003e-05 9.13569e-05 0.282864 -1.06172e-07 -9.1811e-07 -9.66118e-05
0.40982 -5.70003e-05 9.13569e-05 0.282864 -1.06172e-07 -9.1811e-07 -9.66118e-05
0.428736 -5.70003e-05 9.13569e-05 0.282864 -1.06172e-07 -9.1811e-07 -9.66118e-05
0.448722 -5.70003e-05 9.13569e-05 0.282864 -1.06172e-07 -9.1811e-07 -9.66118e-05
0.469312 -5.70003e-05 9.13569e-05 0.282864 -1.06172e-07 -9.1811e-07 -9.66118e-05
0.488556 -5.70003e-05 9.13569e-05 0.282864 -1.06172e-07 -9.1811e-07 -9.66118e-05
0.511278 -5.70003e-05 9.13569e-05 0.282864 -1.06172e-07 -9.1811e-07 -9.66118e-05
0.529143 -5.70003e-05 9.13569e-05 0.282864 -1.06172e-07 -9.1811e-07 -9.66118e-05
0.549295 -5.70003e-05 9.13569e-05 0.282864 -1.06172e-07 -9.1811e-07 -9.66118e-05
0.56999 -5.70003e-05 9.13569e-05 0.282864 -1.06172e-07 -9.1811e-07 -9.66118e-05
0.593732 -5.70003e-05 9.13569e-05 0.282864 -1.06172e-07 -9.1811e-07 -9.66118e-05
0.61564 -5.70003e-05 9.13569e-05 0.282864 -1.06172e-07 -9.1811e-07 -9.66118e-05
0.635259 -5.70003e-05 9.13569e-05 0.282864 -1.06172e-07 -9.1811e-07 -9.66118e-05
0.655257 -5.70003e-05 9.13569e-05 0.282864 -1.06172e-07 -9.1811e-07 -9.66118e-05
0.676222 -5.70003e-05 9.13569e-05 0.282864 -1.06172e-07 -9.1811e-07 -9.66118e-05
0.695056 -5.70003e-05 9.13569e-05 0.282864 -1.06172e-07 -9.1811e-07 -9.66118e-05
0.716936 -5.70003e-05 9.13569e-05 0.282864 -1.06172e-07 -9.1811e-07 -9.66118e-05
0.73497 -5.70003e-05 9.13569e-05 0.282864 -1.06172e-07 -9.1811e-07 -9.66118e-05
0.754848 -5.70003e-05 9.13569e-05 0.282864 -1.06172e-07 -9.1811e-07 -9.66118e-05
0.775561 -5.70003e-05 9.13569e-05 0.282864 -1.06172e-07 -9.1811e-07 -9.66118e-05
0.794774 -5.70003e-05 9.13569e-05 0.282864 -1.06172e-07 -9.1811e-07 -9.66118e-05
0.816287 -5.70003e-05 9.13569e-05 0.282864 -1.06172e-07 -9.1811e-07 -9.66118e-05
0.834792 -5.70003e-05 9.13569e-05 0.282864 -1.06172e-07 -9.1811e-07 -9.66118e-05
0.854698 -5.70003e-05 9.13569e-05 0.282864 -1.06172e-07 -9.1811e-07 -9.66118e-05
0.875107 -5.70003e-05 9.13569e-05 0.282864 -1.06172e-07 -9.1811e-07 -9.66118e-05
0.895084 -5.70003e-05 9.13569e-05 0.282864 -1.06172e-07 -9.1811e-07 -9.66118e-05
0.916164 -5.70003e-05 9.13569e-05 0.282864 -1.06172e-07 -9.1811e-07 -9.66118e-05
0.935121 -5.70003e-05 9.13569e-05 0.282864 -1.06172e-07 -9.1811e-07 -9.66118e-05
0.955333 -5.70003e-05 9.13569e-05 0.282864 -1.06172e-07 -9.1811e-07 -9.66118e-05
0.976365 -5.70003e-05 9.13569e-05 0.282864 -1.06172e-07 -9.1811e-07 -9.66118e-05
0.995783 -5.70003e-05 9.13569e-05 0.282864 -1.06172e-07 -9.1811e-07 -9.66118e-05
1.01695 -5.70003e-05 9.13569e-05 0.282864 -1.06172e-07 -9.1811e-07 -9.66118e-05
1.03551 -5.70003e-05 9.13569e-05 0.282864 -1.06172e-07 -9.1811e-07 -9.66118e-05
1.05593 -5.70003e-05 9.13569e-05 0.282864 -1.06172e-07 -9.1811e-07 -9.66118e-05
1.07753 -5.70003e-05 9.13569e-05 0.282864 -1.06172e-07 -9.1811e-07 -9.66118e-05
1.0959 -5.70003e-05 9.13569e-05 0.282864 -1.06172e-07 -9.1811e-07 -9.66118e-05
1.11684 -5.70003e-05 9.13569e-05 0.282864 -1.06172e-07 -9.1811e-07 -9.66118e-05
1.13654 -5.70003e-05 9.13569e-05 0.282864 -1.06172e-07 -9.1811e-07 -9.66118e-05
1.15642 -5.70003e-05 9.13569e-05 0.282864 -1.06172e-07 -9.1811e-07 -9.66118e-05
1.17677 -5.70003e-05 9.13569e-05 0.282864 -1.06172e-07 -9.1811e-07 -9.66118e-05
1.19661 -5.70003e-05 9.13569e-05 0.282864 -1.06172e-07 -9.1811e-07 -9.66118e-05
1.21768 -5.70003e-05 9.13569e-05 0.282864 -1.06172e-07 -9.1811e-07 -9.66118e-05
1.23691 -5.70003e-05 9.13569e-05 0.282864 -1.06172e-07 -9.1811e-07 -9.66118e-05
1.25672 -5.70003e-05 9.13569e-05 0.282864 -1.06172e-07 -9.1811e-07 -9.66118e-05
1.27766 -5.70003e-05 9.13569e-05 0.282864 -1.06172e-07 -9.1811e-07 -9.66118e-05
1.29759 -5.70003e-05 9.13569e-05 0.282864 -1.06172e-07 -9.1811e-07 -9.66118e-05
1.31812 -5.70003e-05 9.13569e-05 0.282864 -1.06172e-07 -9.1811e-07 -9.66118e-05
1.33736 -5.70003e-05 9.13569e-05 0.282864 -1.06172e-07 -9.1811e-07 -9.66118e-05
1.35763 -5.70003e-05 9.13569e-05 0.282864 -1.06172e-07 -9.1811e-07 -9.66118e-05
1.37799 -5.70003e-05 9.13569e-05 0.282864 -1.06172e-07 -9.1811e-07 -9.66118e-05
1.39769 -5.70003e-05 9.13569e-05 0.282864 -1.06172e-07 -9.1811e-07 -9.66118e-05
1.41834 -5.70003e-05 9.13569e-05 0.282864 -1.06172e-07 -9.1811e-07 -9.66118e-05
1.4378 -5.70003e-05 9.13569e-05 0.282864 -1.06172e-07 -9.1811e-07 -9.66118e-05
1.45825 -5.70003e-05 9.13569e-05 0.282864 -1.06172e-07 -9.1811e-07 -9.66118e-05
1.48218 -5.70003e-05 9.13569e-05 0.282864 -1.06172e-07 -9.1811e-07 -9.66118e-05
1.49858 -5.70003e-05 9.13569e-05 0.282864 -1.06172e-07 -9.1811e-07 -9.66118e-05
1.51916 -5.70003e-05 9.13569e-05 0.282864 -1.06172e-07 -9.1811e-07 -9.66118e-05
1.53882 -5.70003e-05 9.13569e-05 0.282864 -1.06172e-07 -9.1811e-07 -9.66118e-05
1.55879 -5.70003e-05 9.13569e-05 0.282864 -1.06172e-07 -9.1811e-07 -9.66118e-05
1.57923 -5.70003e-05 9.13569e-05 0.282864 -1.06172e-07 -9.1811e-07 -9.66118e-05
1.5991 -5.70003e-05 9.13569e-05 0.282864 -1.06172e-07 -9.1811e-07 -9.66118e-05
1.62013 -5.70003e-05 9.13569e-05 0.282864 -1.06172e-07 -9.1811e-07 -9.66118e-05
1.63933 -5.70003e-05 9.13569e-05 0.282864 -1.06172e-07 -9.1811e-07 -9.66118e-05
1.6595 -5.70003e-05 9.13569e-05 0.282864 -1.06172e-07 -9.1811e-07 -9.66118e-05
1.68026 -5.70003e-05 9.13569e-05 0.282864 -1.06172e-07 -9.1811e-07 -9.66118e-05
1.69997 -5.70003e-05 9.13569e-05 0.282864 -1.06172e-07 -9.1811e-07 -9.66118e-05
1.72041 -5.70003e-05 9.13569e-05 0.282864 -1.06172e-07 -9.1811e-07 -9.66118e-05
1.74053 -5.70003e-05 9.13569e-05 0.282864 -1.06172e-07 -9.1811e-07 -9.66118e-05
1.76016 -5.70003e-05 9.13569e-05 0.282864 -1.06172e-07 -9.1811e-07 -9.66118e-05
1.7806 -5.70003e-05 9.13569e-05 0.282864 -1.06172e-07 -9.1811e-07 -9.66118e-05
1.80055 -5.70003e-05 9.13569e-05 0.282864 -1.06172e-07 -9.1811e-07 -9.66118e-05
1.82104 -5.70003e-05 9.13569e-05 0.282864 -1.06172e-07 -9.1811e-07 -9.66118e-05
1.84095 -5.70003e-05 9.13569e-05 0.282864 -1.06172e-07 -9.1811e-07 -9.66118e-05
1.86066 -5.70003e-05 9.13569e-05 0.282864 -1.06172e-07 -9.1811e-07 -9.66118e-05
1.88187 -5.70003e-05 9.13569e-05 0.282864 -1.06172e-07 -9.1811e-07 -9.66118e-05
1.90109 -5.70003e-05 9.13569e-05 0.282864 -1.06172e-07 -9.1811e-07 -9.66118e-05
1.9231 -5.70003e-05 9.13569e-05 0.282864 -1.06172e-07 -9.1811e-07 -9.66118e-05
1.94168 -5.70003e-05 9.13569e-05 0.282864 -1.06172e-07 -9.1811e-07 -9.66118e-05
1.96141 -5.70003e-05 9.13569e-05 0.282864 -1.06172e-07 -9.1811e-07 -9.66118e-05
1.98207 -5.70003e-05 9.13569e-05 0.282864 -1.06172e-07 -9.1811e-07 -9.66118e-05
2.00187 -5.70003e-05 9.13569e-05 0.282864 -1.06172e-07 -9.1811e-07 -9.66118e-05
2.02261 -5.70003e-05 9.13569e-05 0.282864 -1.06172e-07 -9.1811e-07 -9.66118e-05
2.04195 -5.70003e-05 9.13569e-05 0.282864 -1.06172e-07 -9.1811e-07 -9.66118e-05
2.06201 -5.70003e-05 9.13569e-05 0.282864 -1.06172e-07 -9.1811e-07 -9.66118e-05
2.08241 -5.70003e-05 9.13569e-05 0.282864 -1.06172e-07 -9.1811e-07 -9.66118e-05
2.10247 -5.70003e-05 9.13569e-05 0.282864 -1.06172e-07 -9.1811e-07 -9.66118e-05
2.12317 -5.70003e-05 9.13569e-05 0.282864 -1.06172e-07 -9.1811e-07 -9.66118e-05
2.14259 -5.70003e-05 9.13569e-05 0.282864 -1.06172e-07 -9.1811e-07 -9.66118e-05
2.16255 -5.70003e-05 9.13569e-05 0.282864 -1.06172e-07 -9.1811e-07 -9.66118e-05
2.18329 -5.70003e-05 9.13569e-05 0.282864 -1.06172e-07 -9.1811e-07 -9.66118e-05
2.20274 -5.70003e-05 9.13569e-05 0.282864 -1.06172e-07 -9.1811e-07 -9.66118e-05
2.2245 -5.70003e-05 9.13569e-05 0.282864 -1.06172e-07 -9.1811e-07 -9.66118e-05
2.24322 -5.70003e-05 9.13569e-05 0.282864 -1.06172e-07 -9.1811e-07 -9.66118e-05
2.26309 -5.70003e-05 9.13569e-05 0.282864 -1.06172e-07 -9.1811e-07 -9.66118e-05
2.28382 -5.70003e-05 9.13569e-05 0.282864 -1.06172e-07 -9.1811e-07 -9.66118e-05
2.30361 -5.70003e-05 9.13569e-05 0.282864 -1.06172e-07 -9.1811e-07 -9.66118e-05
2.32484 -5.70003e-05 9.13569e-05 0.282864 -1.06172e-07 -9.1811e-07 -9.66118e-05
2.3436 -5.70003e-05 9.13569e-05 0.282864 -1.06172e-07 -9.1811e-07 -9.66118e-05
2.36353 -5.70003e-05 9.13569e-05 0.282864 -1.06172e-07 -9.1811e-07 -9.66118e-05
2.38472 -5.70003e-05 9.13569e-05 0.282864 -1.06172e-07 -9.1811e-07 -9.66118e-05
2.40417 -5.70003e-05 9.13569e-05 0.282864 -1.06172e-07 -9.1811e-07 -9.66118e-05
2.4245 -5.70003e-05 9.13569e-05 0.282864 -1.06172e-07 -9.1811e-07 -9.66118e-05
2.4443 -5.70003e-05 9.13569e-05 0.282864 -1.06172e-07 -9.1811e-07 -9.66118e-05
2.46466 -5.70003e-05 9.13569e-05 0.282864 -1.06172e-07 -9.1811e-07 -9.66118e-05
2.48492 -5.70003e-05 9.13569e-05 0.282864 -1.06172e-07 -9.1811e-07 -9.66118e-05
2.50474 -5.70003e-05 9.13569e-05 0.282864 -1.06172e-07 -9.1811e-07 -9.66118e-05
2.52607 -5.70003e-05 9.13569e-05 0.282864 -1.06172e-07 -9.1811e-07 -9.66118e-05
2.54517 -5.70003e-05 9.13569e-05 0.282864 -1.06172e-07 -9.1811e-07 -9.66118e-05
2.56531 -5.70003e-05 9.13569e-05 0.282864 -1.06172e-07 -9.1811e-07 -9.66118e-05
2.58564 -5.70003e-05 9.13569e-05 0.282864 -1.06172e-07 -9.1811e-07 -9.66118e-05
2.60555 -5.70003e-05 9.13569e-05 0.282864 -1.06172e-07 -9.1811e-07 -9.66118e-05
2.62744 -5.70003e-05 9.13569e-05 0.282864 -1.06172e-07 -9.1811e-07 -9.66118e-05
2.64596 -5.70003e-05 9.13569e-05 0.282864 -1.06172e-07 -9.1811e-07 -9.66118e-05
2.6659 -5.70003e-05 9.13569e-05 0.282864 -1.06172e-07 -9.1811e-07 -9.66118e-05
2.68686 -5.70003e-05 9.13569e-05 0.282864 -1.06172e-07 -9.1811e-07 -9.66118e-05
2.70652 -5.70003e-05 9.13569e-05 0.282864 -1.06172e-07 -9.1811e-07 -9.66118e-05
2.72746 -5.70003e-05 9.13569e-05 0.282864 -1.06172e-07 -9.1811e-07 -9.66118e-05
2.74663 -5.70003e-05 9.13569e-05 0.282864 -1.06172e-07 -9.1811e-07 -9.66118e-05
2.76705 -5.70003e-05 9.13569e-05 0.282864 -1.06172e-07 -9.1811e-07 -9.66118e-05
2.78703 -5.70003e-05 9.13569e-05 0.282864 -1.06172e-07 -9.1811e-07 -9.66118e-05
2.8069 -5.70003e-05 9.13569e-05 0.282864 -1.06172e-07 -9.1811e-07 -9.66118e-05
2.82765 -5.70003e-05 9.13569e-05 0.282864 -1.06172e-07 -9.1811e-07 -9.66118e-05
2.84734 -5.70003e-05 9.13569e-05 0.282864 -1.06172e-07 -9.1811e-07 -9.66118e-05
2.86737 -5.70003e-05 9.13569e-05 0.282864 -1.06172e-07 -9.1811e-07 -9.66118e-05
2.88803 -5.70003e-05 9.13569e-05 0.282864 -1.06172e-07 -9.1811e-07 -9.66118e-05
2.90761 -5.70003e-05 9.13569e-05 0.282864 -1.06172e-07 -9.1811e-07 -9.66118e-05
2.92932 -5.70003e-05 9.13569e-05 0.282864 -1.06172e-07 -9.1811e-07 -9.66118e-05
2.94815 -5.70003e-05 9.13569e-05 0.282864 -1.06172e-07 -9.1811e-07 -9.66118e-05
2.96841 -5.70003e-05 9.13569e-05 0.282864 -1.06172e-07 -9.1811e-07 -9.66118e-05
2.98908 -5.70003e-05 9.13569e-05 0.282864 -1.06172e-07 -9.1811e-07 -9.66118e-05
3.00906 -5.70003e-05 9.13569e-05 0.282864 -1.06172e-07 -9.1811e-07 -9.66118e-05
3.02967 -5.70003e-05 9.13569e-05 0.282864 -1.06172e-07 -9.1811e-07 -9.66118e-05
3.04871 -5.70003e-05 9.13569e-05 0.282864 -1.06172e-07 -9.1811e-07 -9.66118e-05
3.06868 -5.70003e-05 9.13569e-05 0.282864 -1.06172e-07 -9.1811e-07 -9.66118e-05
3.08915 -5.70003e-05 9.13569e-05 0.282864 -1.06172e-07 -9.1811e-07 -9.66118e-05
3.1089 -5.70003e-05 9.13569e-05 0.282864 -1.06172e-07 -9.1811e-07 -9.66118e-05
3.12964 -5.70003e-05 9.13569e-05 0.282864 -1.06172e-07 -9.1811e-07 -9.66118e-05
3.14905 -5.70003e-05 9.13569e-05 0.282864 -1.06172e-07 -9.1811e-07 -9.66118e-05
3.16941 -5.70003e-05 9.13569e-05 0.282864 -1.06172e-07 -9.1811e-07 -9.66118e-05
3.18984 -5.70003e-05 9.13569e-05 0.282864 -1.06172e-07 -9.1811e-07 -9.66118e-05
3.2095 -5.70003e-05 9.13569e-05 0.282864 -1.06172e-07 -9.1811e-07 -9.66118e-05
3.22996 -5.70003e-05 9.13569e-05 0.282864 -1.06172e-07 -9.1811e-07 -9.66118e-05
3.25053 -5.70003e-05 9.13569e-05 0.282864 -1.06172e-07 -9.1811e-07 -9.66118e-05
3.26973 -5.70003e-05 9.13569e-05 0.282864 -1.06172e-07 -9.1811e-07 -9.66118e-05
3.29294 -5.70003e-05 9.13569e-05 0.282864 -1.06172e-07 -9.1811e-07 -9.66118e-05
3.31019 -5.70003e-05 9.13569e-05 0.282864 -1.06172e-07 -9.1811e-07 -9.66118e-05
3.33111 -5.70003e-05 9.13569e-05 0.282864 -1.06172e-07 -9.1811e-07 -9.66118e-05
3.35059 -5.70003e-05 9.13569e-05 0.282864 -1.06172e-07 -9.1811e-07 -9.66118e-05
3.37061 -5.70003e-05 9.13569e-05 0.282864 -1.06172e-07 -9.1811e-07 -9.66118e-05
3.39376 -5.70003e-05 9.13569e-05 0.282864 -1.06172e-07 -9.1811e-07 -9.66118e-05
3.41123 -5.70003e-05 9.13569e-05 0.282864 -1.06172e-07 -9.1811e-07 -9.66118e-05
3.43172 -5.70003e-05 9.13569e-05 0.282864 -1.06172e-07 -9.1811e-07 -9.66118e-05
3.45151 -5.70003e-05 9.13569e-05 0.282864 -1.06172e-07 -9.1811e-07 -9.66118e-05
3.47165 -5.70003e-05 9.13569e-05 0.282864 -1.06172e-07 -9.1811e-07 -9.66118e-05
3.49287 -5.70003e-05 9.13569e-05 0.282864 -1.06172e-07 -9.1811e-07 -9.66118e-05
3.51169 -5.70003e-05 9.13569e-05 0.282864 -1.06172e-07 -9.1811e-07 -9.66118e-05
3.53241 -5.70003e-05 9.13569e-05 0.282864 -1.06172e-07 -9.1811e-07 -9.66118e-05
3.55263 -5.70003e-05 9.13569e-05 0.282864 -1.06172e-07 -9.1811e-07 -9.66118e-05
3.57252 -5.70003e-05 9.13569e-05 0.282864 -1.06172e-07 -9.1811e-07 -9.66118e-05
3.59297 -5.70003e-05 9.13569e-05 0.282864 -1.06172e-07 -9.1811e-07 -9.66118e-05
3.61259 -5.70003e-05 9.13569e-05 0.282864 -1.06172e-07 -9.1811e-07 -9.66118e-05
3.63337 -5.70003e-05 9.13569e-05 0.282864 -1.06172e-07 -9.1811e-07 -9.66118e-05
3.65283 -5.70003e-05 9.13569e-05 0.282864 -1.06172e-07 -9.1811e-07 -9.66118e-05
3.67295 -5.70003e-05 9.13569e-05 0.282864 -1.06172e-07 -9.1811e-07 -9.66118e-05
3.6934 -5.70003e-05 9.13569e-05 0.282864 -1.06172e-07 -9.1811e-07 -9.66118e-05
3.71309 -5.70003e-05 9.13569e-05 0.282864 -1.06172e-07 -9.1811e-07 -9.66118e-05
3.73481 -5.70003e-05 9.13569e-05 0.282864 -1.06172e-07 -9.1811e-07 -9.66118e-05
3.7532 -5.70003e-05 9.13569e-05 0.282864 -1.06172e-07 -9.1811e-07 -9.66118e-05
3.7731 -5.70003e-05 9.13569e-05 0.282864 -1.06172e-07 -9.1811e-07 -9.66118e-05
3.79446 -5.70003e-05 9.13569e-05 0.282864 -1.06172e-07 -9.1811e-07 -9.66118e-05
3.8136 -5.70003e-05 9.13569e-05 0.282864 -1.06172e-07 -9.1811e-07 -9.66118e-05
3.83404 -5.70003e-05 9.13569e-05 0.282864 -1.06172e-07 -9.1811e-07 -9.66118e-05
3.85372 -5.70003e-05 9.13569e-05 0.282864 -1.06172e-07 -9.1811e-07 -9.66118e-05
3.87409 -5.70003e-05 9.13569e-05 0.282864 -1.06172e-07 -9.1811e-07 -9.66118e-05
3.89442 -5.70003e-05 9.13569e-05 0.282864 -1.06172e-07 -9.1811e-07 -9.66118e-05
3.91412 -5.70003e-05 9.13569e-05 0.282864 -1.06172e-07 -9.1811e-07 -9.66118e-05
3.93485 -5.70003e-05 9.13569e-05 0.282864 -1.06172e-07 -9.1811e-07 -9.66118e-05
3.95476 -5.70003e-05 9.13569e-05 0.282864 -1.06172e-07 -9.1811e-07 -9.66118e-05
3.97473 -5.70003e-05 9.13569e-05 0.282864 -1.06172e-07 -9.1811e-07 -9.66118e-05
3.99521 -5.70003e-05 9.13569e-05 0.282864 -1.06172e-07 -9.1811e-07 -9.66118e-05
4.01493 -5.70003e-05 9.13569e-05 0.282864 -1.06172e-07 -9.1811e-07 -9.66118e-05
4.03633 -5.70003e-05 9.13569e-05 0.282864 -1.06172e-07 -9.1811e-07 -9.66118e-05
4.0553 -5.70003e-05 9.13569e-05 0.282864 -1.06172e-07 -9.1811e-07 -9.66118e-05
4.07542 -5.70003e-05 9.13569e-05 0.282864 -1.06172e-07 -9.1811e-07 -9.66118e-05
4.09611 -5.70003e-05 9.13569e-05 0.282864 -1.06172e-07 -9.1811e-07 -9.66118e-05
4.11595 -5.70003e-05 9.13569e-05 0.282864 -1.06172e-07 -9.1811e-07 -9.66118e-05
4.13745 -5.70003e-05 9.13569e-05 0.282864 -1.06172e-07 -9.1811e-07 -9.66118e-05
4.1559 -5.70003e-05 9.13569e-05 0.282864 -1.06172e-07 -9.1811e-07 -9.66118e-05
4.17635 -5.70003e-05 9.13569e-05 0.282864 -1.06172e-07 -9.1811e-07 -9.66118e-05
4.19795 -5.70003e-05 9.13569e-05 0.282864 -1.06172e-07 -9.1811e-07 -9.66118e-05
4.2167 -5.70003e-05 9.13569e-05 0.282864 -1.06172e-07 -9.1811e-07 -9.66118e-05
4.23786 -5.70003e-05 9.13569e-05 0.282864 -1.06172e-07 -9.1811e-07 -9.66118e-05
4.25709 -5.70003e-05 9.13569e-05 0.282864 -1.06172e-07 -9.1811e-07 -9.66118e-05
4.27698 -5.70003e-05 9.13569e-05 0.282864 -1.06172e-07 -9.1811e-07 -9.66118e-05
4.29808 -5.70003e-05 9.13569e-05 0.282864 -1.06172e-07 -9.1811e-07 -9.66118e-05
4.31726 -5.70003e-05 9.13569e-05 0.282864 -1.06172e-07 -9.1811e-07 -9.66118e-05
4.3392 -5.70003e-05 9.13569e-05 0.282864 -1.06172e-07 -9.1811e-07 -9.66118e-05
4.35768 -5.70003e-05 9.13569e-05 0.282864 -1.06172e-07 -9.1811e-07 -9.66118e-05
4.37747 -5.70003e-05 9.13569e-05 0.282864 -1.06172e-07 -9.1811e-07 -9.66118e-05
4.39802 -5.70003e-05 9.13569e-05 0.282864 -1.06172e-07 -9.1811e-07 -9.66118e-05
4.41793 -5.70003e-05 9.13569e-05 0.282864 -1.06172e-07 -9.1811e-07 -9.66118e-05
4.43888 -5.70003e-05 9.13569e-05 0.282864 -1.06172e-07 -9.1811e-07 -9.66118e-05
4.45784 -5.70003e-05 9.13569e-05 0.282864 -1.06172e-07 -9.1811e-07 -9.66118e-05
4.47811 -5.70003e-05 9.13569e-05 0.282864 -1.06172e-07 -9.1811e-07 -9.66118e-05
4.49879 -5.70003e-05 9.13569e-05 0.282864 -1.06172e-07 -9.1811e-07 -9.66118e-05
4.51851 -5.70003e-05 9.13569e-05 0.282864 -1.06172e-07 -9.1811e-07 -9.66118e-05
4.53931 -5.70003e-05 9.13569e-05 0.282864 -1.06172e-07 -9.1811e-07 -9.66118e-05
4.55898 -5.70003e-05 9.13569e-05 0.282864 -1.06172e-07 -9.1811e-07 -9.66118e-05
4.57898 -5.70003e-05 9.13569e-05 0.282864 -1.06172e-07 -9.1811e-07 -9.66118e-05
4.60028 -5.70003e-05 9.13569e-05 0.282864 -1.06172e-07 -9.1811e-07 -9.66118e-05
4.61949 -5.70003e-05 9.13569e-05 0.282864 -1.06172e-07 -9.1811e-07 -9.66118e-05
4.64096 -5.70003e-05 9.13569e-05 0.282864 -1.06172e-07 -9.1811e-07 -9.66118e-05
4.66003 -5.70003e-05 9.13569e-05 0.282864 -1.06172e-07 -9.1811e-07 -9.66118e-05
4.67964 -5.70003e-05 9.13569e-05 0.282864 -1.06172e-07 -9.1811e-07 -9.66118e-05
4.701 -5.70003e-05 9.13569e-05 0.282864 -1.06172e-07 -9.1811e-07 -9.66118e-05
4.72075 -5.70003e-05 9.13569e-05 0.282864 -1.06172e-07 -9.1811e-07 -9.66118e-05
4.74234 -5.70003e-05 9.13569e-05 0.282864 -1.06172e-07 -9.1811e-07 -9.66118e-05
4.7605 -5.70003e-05 9.13569e-05 0.282864 -1.06172e-07 -9.1811e-07 -9.66118e-05
4.78048 -5.70003e-05 9.13569e-05 0.282864 -1.06172e-07 -9.1811e-07 -9.66118e-05
4.8013 -5.70003e-05 9.13569e-05 0.282864 -1.06172e-07 -9.1811e-07 -9.66118e-05
4.82071 -5.70003e-05 9.13569e-05 0.282864 -1.06172e-07 -9.1811e-07 -9.66118e-05
4.84229 -5.70003e-05 9.13569e-05 0.282864 -1.06172e-07 -9.1811e-07 -9.66118e-05
4.86088 -5.70003e-05 9.13569e-05 0.282864 -1.06172e-07 -9.1811e-07 -9.66118e-05
4.88132 -5.70003e-05 9.13569e-05 0.282864 -1.06172e-07 -9.1811e-07 -9.66118e-05
4.90174 -5.70003e-05 9.13569e-05 0.282864 -1.06172e-07 -9.1811e-07 -9.66118e-05
4.92165 -5.70003e-05 9.13569e-05 0.282864 -1.06172e-07 -9.1811e-07 -9.66118e-05
4.94267 -5.70003e-05 9.13569e-05 0.282864 -1.06172e-07 -9.1811e-07 -9.66118e-05
4.96168 -5.70003e-05 9.13569e-05 0.282864 -1.06172e-07 -9.1811e-07 -9.66118e-05
4.9817 -5.70003e-05 9.13569e-05 0.282864 -1.06172e-07 -9.1811e-07 -9.66118e-05
5.00232 -5.70003e-05 9.13569e-05 0.282864 -1.06172e-07 -9.1811e-07 -9.66118e-05
5.02199 -5.70003e-05 9.13569e-05 0.282864 -1.06172e-07 -9.1811e-07 -9.66118e-05
5.04402 -5.70003e-05 9.13569e-05 0.282864 -1.06172e-07 -9.1811e-07 -9.66118e-05
5.06248 -5.70003e-05 9.13569e-05 0.282864 -1.06172e-07 -9.1811e-07 -9.66118e-05
5.08239 -5.70003e-05 9.13569e-05 0.282864 -1.06172e-07 -9.1811e-07 -9.66118e-05
5.10328 -5.70003e-05 9.13569e-05 0.282864 -1.06172e-07 -9.1811e-07 -9.66118e-05
5.12291 -5.70003e-05 9.13569e-05 0.282864 -1.06172e-07 -9.1811e-07 -9.66118e-05
5.1445 -5.70003e-05 9.13569e-05 0.282864 -1.06172e-07 -9.1811e-07 -9.66118e-05
5.163 -5.70003e-05 9.13569e-05 0.282864 -1.06172e-07 -9.1811e-07 -9.66118e-05
5.18366 -5.70003e-05 9.13569e-05 0.282864 -1.06172e-07 -9.1811e-07 -9.66118e-05
5.20645 -5.70003e-05 9.13569e-05 0.282864 -1.06172e-07 -9.1811e-07 -9.66118e-05
5.22368 -5.70003e-05 9.13569e-05 0.282864 -1.06172e-07 -9.1811e-07 -9.66118e-05
5.24536 -5.70003e-05 9.13569e-05 0.282864 -1.06172e-07 -9.1811e-07 -9.66118e-05
5.26417 -5.70003e-05 9.13569e-05 0.282864 -1.06172e-07 -9.1811e-07 -9.66118e-05
5.28396 -5.70003e-05 9.13569e-05 0.282864 -1.06172e-07 -9.1811e-07 -9.66118e-05
5.30525 -5.70003e-05 9.13569e-05 0.282864 -1.06172e-07 -9.1811e-07 -9.66118e-05
5.32427 -5.70003e-05 9.13569e-05 0.282864 -1.06172e-07 -9.1811e-07 -9.66118e-05
5.3464 -5.70003e-05 9.13569e-05 0.282864 -1.06172e-07 -9.1811e-07 -9.66118e-05
5.36466 -5.70003e-05 9.13569e-05 0.282864 -1.06172e-07 -9.1811e-07 -9.66118e-05
5.38476 -5.70003e-05 9.13569e-05 0.282864 -1.06172e-07 -9.1811e-07 -9.66118e-05
5.40535 -5.70003e-05 9.13569e-05 0.282864 -1.06172e-07 -9.1811e-07 -9.66118e-05
5.42511 -5.70003e-05 9.13569e-05 0.282864 -1.06172e-07 -9.1811e-07 -9.66118e-05
5.447 -5.70003e-05 9.13569e-05 0.282864 -1.06172e-07 -9.1811e-07 -9.66118e-05
5.4653 -5.70003e-05 9.13569e-05 0.282864 -1.06172e-07 -9.1811e-07 -9.66118e-05
5.48531 -5.70003e-05 9.13569e-05 0.282864 -1.06172e-07 -9.1811e-07 -9.66118e-05
5.50792 -5.70003e-05 9.13569e-05 0.282864 -1.06172e-07 -9.1811e-07 -9.66118e-05
5.52568 -5.70003e-05 9.13569e-05 0.282864 -1.06172e-07 -9.1811e-07 -9.66118e-05
5.54745 -5.70003e-05 9.13569e-05 0.282864 -1.06172e-07 -9.1811e-07 -9.66118e-05
5.56622 -5.70003e-05 9.13569e-05 0.282864 -1.06172e-07 -9.1811e-07 -9.66118e-05
5.58637 -5.70003e-05 9.13569e-05 0.282864 -1.06172e-07 -9.1811e-07 -9.66118e-05
5.60706 -5.70003e-05 9.13569e-05 0.282864 -1.06172e-07 -9.1811e-07 -9.66118e-05
5.62639 -5.70003e-05 9.13569e-05 0.282864 -1.06172e-07 -9.1811e-07 -9.66118e-05
5.64913 -5.70003e-05 9.13569e-05 0.282864 -1.06172e-07 -9.1811e-07 -9.66118e-05
5.66701 -5.70003e-05 9.13569e-05 0.282864 -1.06172e-07 -9.1811e-07 -9.66118e-05
5.68669 -5.70003e-05 9.13569e-05 0.282864 -1.06172e-07 -9.1811e-07 -9.66118e-05
5.70718 -5.70003e-05 9.13569e-05 0.282864 -1.06172e-07 -9.1811e-07 -9.66118e-05
5.72706 -5.70003e-05 9.13569e-05 0.282864 -1.06172e-07 -9.1811e-07 -9.66118e-05
5.74785 -5.70003e-05 9.13569e-05 0.282864 -1.06172e-07 -9.1811e-07 -9.66118e-05
5.76741 -5.70003e-05 9.13569e-05 0.282864 -1.06172e-07 -9.1811e-07 -9.66118e-05
5.78747 -5.70003e-05 9.13569e-05 0.282864 -1.06172e-07 -9.1811e-07 -9.66118e-05
5.8086 -5.70003e-05 9.13569e-05 0.282864 -1.06172e-07 -9.1811e-07 -9.66118e-05
5.82787 -5.70003e-05 9.13569e-05 0.282864 -1.06172e-07 -9.1811e-07 -9.66118e-05
5.84854 -5.70003e-05 9.13569e-05 0.282864 -1.06172e-07 -9.1811e-07 -9.66118e-05
5.86785 -5.70003e-05 9.13569e-05 0.282864 -1.06172e-07 -9.1811e-07 -9.66118e-05
5.88832 -5.70003e-05 9.13569e-05 0.282864 -1.06172e-07 -9.1811e-07 -9.66118e-05
5.90907 -5.70003e-05 9.13569e-05 0.282864 -1.06172e-07 -9.1811e-07 -9.66118e-05
5.92842 -5.70003e-05 9.13569e-05 0.282864 -1.06172e-07 -9.1811e-07 -9.66118e-05
5.94972 -5.70003e-05 9.13569e-05 0.282864 -1.06172e-07 -9.1811e-07 -9.66118e-05
5.96895 -5.70003e-05 9.13569e-05 0.282864 -1.06172e-07 -9.1811e-07 -9.66118e-05
5.98859 -5.70003e-05 9.13569e-05 0.282864 -1.06172e-07 -9.1811e-07 -9.66118e-05
6.00909 -5.70003e-05 9.13569e-05 0.282864 -1.06172e-07 -9.1811e-07 -9.66118e-05
6.02902 -5.70003e-05 9.13569e-05 0.282864 -1.06172e-07 -9.1811e-07 -9.66118e-05
6.05177 -5.70003e-05 9.13569e-05 0.282864 -1.06172e-07 -9.1811e-07 -9.66118e-05
6.06951 -5.70003e-05 9.13569e-05 0.282864 -1.06172e-07 -9.1811e-07 -9.66118e-05
6.08959 -5.70003e-05 9.13569e-05 0.282864 -1.06172e-07 -9.1811e-07 -9.66118e-05
6.11051 -5.70003e-05 9.13569e-05 0.282864 -1.06172e-07 -9.1811e-07 -9.66118e-05
6.13036 -5.70003e-05 9.13569e-05 0.282864 -1.06172e-07 -9.1811e-07 -9.66118e-05
6.15216 -5.70003e-05 9.13569e-05 0.282864 -1.06172e-07 -9.1811e-07 -9.66118e-05
6.17045 -5.70003e-05 9.13569e-05 0.282864 -1.06172e-07 -9.1811e-07 -9.66118e-05
6.19058 -5.70003e-05 9.13569e-05 0.282864 -1.06172e-07 -9.1811e-07 -9.66118e-05
6.21158 -5.70003e-05 9.13569e-05 0.282864 -1.06172e-07 -9.1811e-07 -9.66118e-05
6.23071 -5.70003e-05 9.13569e-05 0.282864 -1.06172e-07 -9.1811e-07 -9.66118e-05
6.25209 -5.70003e-05 9.13569e-05 0.282864 -1.06172e-07 -9.1811e-07 -9.66118e-05
6.27099 -5.70003e-05 9.13569e-05 0.282864 -1.06172e-07 -9.1811e-07 -9.66118e-05
6.29113 -5.70003e-05 9.13569e-05 0.282864 -1.06172e-07 -9.1811e-07 -9.66118e-05
6.31144 -5.70003e-05 9.13569e-05 0.282864 -1.06172e-07 -9.1811e-07 -9.66118e-05
6.33125 -5.70003e-05 9.13569e-05 0.282864 -1.06172e-07 -9.1811e-07 -9.66118e-05
6.35223 -5.70003e-05 9.13569e-05 0.282864 -1.06172e-07 -9.1811e-07 -9.66118e-05
6.37174 -5.70003e-05 9.13569e-05 0.282864 -1.06172e-07 -9.1811e-07 -9.66118e-05
6.39171 -5.70003e-05 9.13569e-05 0.282864 -1.06172e-07 -9.1811e-07 -9.66118e-05
6.41302 -5.70003e-05 9.13569e-05 0.282864 -1.06172e-07 -9.1811e-07 -9.66118e-05
6.43204 -5.70003e-05 9.13569e-05 0.282864 -1.06172e-07 -9.1811e-07 -9.66118e-05
6.45298 -5.70003e-05 9.13569e-05 0.282864 -1.06172e-07 -9.1811e-07 -9.66118e-05
6.47231 -5.70003e-05 9.13569e-05 0.282864 -1.06172e-07 -9.1811e-07 -9.66118e-05
6.49256 -5.70003e-05 9.13569e-05 0.282864 -1.06172e-07 -9.1811e-07 -9.66118e-05
6.51342 -5.70003e-05 9.13569e-05 0.282864 -1.06172e-07 -9.1811e-07 -9.66118e-05
6.53266 -5.70003e-05 9.13569e-05 0.282864 -1.06172e-07 -9.1811e-07 -9.66118e-05
6.55419 -5.70003e-05 9.13569e-05 0.282864 -1.06172e-07 -9.1811e-07 -9.66118e-05
6.57296 -5.70003e-05 9.13569e-05 0.282864 -1.06172e-07 -9.1811e-07 -9.66118e-05
6.59357 -5.70003e-05 9.13569e-05 0.282864 -1.06172e-07 -9.1811e-07 -9.66118e-05
6.61363 -5.70003e-05 9.13569e-05 0.282864 -1.06172e-07 -9.1811e-07 -9.66118e-05
6.63352 -5.70003e-05 9.13569e-05 0.282864 -1.06172e-07 -9.1811e-07 -9.66118e-05
6.65463 -5.70003e-05 9.13569e-05 0.282864 -1.06172e-07 -9.1811e-07 -9.66118e-05
6.67375 -5.70003e-05 9.13569e-05 0.282864 -1.06172e-07 -9.1811e-07 -9.66118e-05
6.69379 -5.70003e-05 9.13569e-05 0.282864 -1.06172e-07 -9.1811e-07 -9.66118e-05
6.71397 -5.70003e-05 9.13569e-05 0.282864 -1.06172e-07 -9.1811e-07 -9.66118e-05
6.73386 -5.70003e-05 9.13569e-05 0.282864 -1.06172e-07 -9.1811e-07 -9.66118e-05
6.75542 -5.70003e-05 9.13569e-05 0.282864 -1.06172e-07 -9.1811e-07 -9.66118e-05
6.77413 -5.70003e-05 9.13569e-05 0.282864 -1.06172e-07 -9.1811e-07 -9.66118e-05
6.79453 -5.70003e-05 9.13569e-05 0.282864 -1.06172e-07 -9.1811e-07 -9.66118e-05
6.81601 -5.70003e-05 9.13569e-05 0.282864 -1.06172e-07 -9.1811e-07 -9.66118e-05
6.83526 -5.70003e-05 9.13569e-05 0.282864 -1.06172e-07 -9.1811e-07 -9.66118e-05
6.85569 -5.70003e-05 9.13569e-05 0.282864 -1.06172e-07 -9.1811e-07 -9.66118e-05
6.87489 -5.70003e-05 9.13569e-05 0.282864 -1.06172e-07 -9.1811e-07 -9.66118e-05
6.89541 -5.70003e-05 9.13569e-05 0.282864 -1.06172e-07 -9.1811e-07 -9.66118e-05
6.91572 -5.70003e-05 9.13569e-05 0.282864 -1.06172e-07 -9.1811e-07 -9.66118e-05
6.93531 -5.70003e-05 9.13569e-05 0.282864 -1.06172e-07 -9.1811e-07 -9.66118e-05
6.95717 -5.70003e-05 9.13569e-05 0.282864 -1.06172e-07 -9.1811e-07 -9.66118e-05
6.97575 -5.70003e-05 9.13569e-05 0.282864 -1.06172e-07 -9.1811e-07 -9.66118e-05
6.99569 -5.16008e-05 9.13264e-05 0.282867 -6.31041e-13 1.8171e-05 -9.66122e-05
7.0155 -1.41096e-05 9.13183e-05 0.282893 6.55072e-07 0.000164766 -9.64746e-05
7.03536 3.65099e-05 9.13178e-05 0.282998 -2.80734e-07 0.00135942 -9.68732e-05
7.05707 0.00012973 9.13008e-05 0.283243 3.99235e-06 0.00253227 -0.000101331
7.07579 0.000221381 9.12023e-05 0.283725 1.46372e-05 0.00393439 -0.000101325
7.09589 0.000329294 9.11297e-05 0.284535 1.23867e-05 0.00580651 -0.000103319
7.11658 0.000458187 9.0962e-05 0.285751 1.68935e-05 0.00739949 -0.000105608
7.13638 0.000604822 9.06852e-05 0.287444 2.52765e-05 0.00851812 -0.000106432
7.15807 0.000776244 9.0398e-05 0.28968 1.63211e-05 0.00969899 -0.000106896
7.17624 0.000976128 9.00013e-05 0.292512 1.37556e-05 0.0106386 -0.000108321
7.19645 0.00120893 8.94993e-05 0.295986 1.92711e-05 0.0113283 -0.00011151
7.21721 0.00148094 8.89568e-05 0.300147 1.34374e-05 0.0119883 -0.000111324
7.23693 0.00178324 8.84387e-05 0.305026 -4.51411e-06 0.0123701 -0.00011365
7.25876 0.00211857 8.7904e-05 0.310656 -1.76044e-05 0.0126526 -0.000114305
7.27713 0.00248849 8.7412e-05 0.317063 -2.30747e-05 0.0128607 -0.000116447
7.29764 0.00289375 8.71191e-05 0.32427 -4.44922e-05 0.012945 -0.000117436
7.31782 0.00333617 8.70726e-05 0.332296 -7.15855e-05 0.0130026 -0.000118595
7.33754 0.00380444 8.72962e-05 0.341157 -8.76287e-05 0.0129635 -0.000119154
7.35886 0.00429956 8.79095e-05 0.350865 -0.000101189 0.0128876 -0.00011737
7.3781 0.00482133 8.90955e-05 0.361435 -0.000126826 0.0128026 -0.00011858
7.39815 0.00536896 9.09247e-05 0.372876 -0.000156642 0.0126536 -0.000121752
7.41959 0.00594189 9.34017e-05 0.385195 -0.000171016 0.0124694 -0.000123259
7.43815 0.00653947 9.666e-05 0.398404 -0.000179622 0.0122944 -0.000124332
7.46003 0.00716158 0.000100834 0.412505 -0.000195824 0.0121612 -0.000127455
7.47857 0.00779582 0.0001059 0.427466 -0.000207251 0.0119626 -0.000128978
7.49851 0.00844156 0.000111887 0.4432 -0.000212342 0.0116927 -0.000129687
7.52042 0.00909738 0.000118883 0.459594 -0.000225336 0.0113799 -0.000130565
7.53889 0.00976171 0.000126928 0.476526 -0.000247496 0.011053 -0.000131504
7.56008 0.0104327 0.000136017 0.493879 -0.000266112 0.0106865 -0.000133558
7.57938 0.0111087 0.000146152 0.511551 -0.000273677 0.0103168 -0.000135575
7.59971 0.0117882 0.000157405 0.529452 -0.000281728 0.0099603 -0.000137661
7.61969 0.0124695 0.000169846 0.547501 -0.000301389 0.00959733 -0.000138299
7.63978 0.0131511 0.000183515 0.565633 -0.000329543 0.00923938 -0.000137823
7.66134 0.0138316 0.00019853 0.583788 -0.000369588 0.00888183 -0.000137247
7.68048 0.0145096 0.000215019 0.601915 -0.000419345 0.00854496 -0.000136938
7.70057 0.015184 0.000233048 0.619971 -0.00046084 0.00824433 -0.000137004
7.72094 0.0158536 0.000252693 0.637919 -0.00048401 0.00796535 -0.000137165
7.74037 0.0165174 0.00027409 0.655728 -0.000499872 0.00772668 -0.000137348
7.76201 0.0171746 0.000297314 0.673369 -0.000513405 0.00753297 -0.000138492
7.78085 0.0178246 0.000322382 0.69082 -0.000523219 0.00737202 -0.000139324
7.80082 0.0184651 0.000349326 0.70806 -0.000530877 0.00716607 -0.00013974
7.82179 0.0191063 0.000378152 0.725071 -0.000534585 0.00710352 -0.00014121
7.84182 0.0197474 0.000408899 0.741841 -0.000542469 0.00710856 -0.000141389
7.86297 0.0203771 0.000441576 0.758354 -0.000552856 0.00690139 -0.00014102
7.88171 0.021007 0.000476192 0.774603 -0.000561816 0.00683014 -0.000140901
7.90195 0.0216345 0.000512702 0.790578 -0.000558868 0.00677445 -0.000140835
7.9228 0.0222591 0.000551162 0.806269 -0.000556901 0.00668393 -0.000140786
7.94216 0.0228806 0.000591631 0.821668 -0.000568562 0.00656762 -0.000141047
7.96303 0.0234987 0.000634097 0.836771 -0.000584668 0.00645071 -0.000143108
7.98253 0.024113 0.000678579 0.851569 -0.000602868 0.00634008 -0.000144186
8.00292 0.024723 0.000725068 0.866058 -0.000611783 0.00621884 -0.000144784
8.02364 0.0253283 0.000773573 0.880235 -0.000608866 0.00608205 -0.000145115
8.04282 0.0259285 0.000824094 0.894094 -0.000597299 0.00594829 -0.000145286
8.06364 0.0265232 0.000876587 0.907635 -0.000578524 0.00582728 -0.000145355
8.0837 0.0271119 0.000931058 0.920854 -0.000566203 0.00570673 -0.000145385
8.10343 0.0276941 0.000987509 0.93375 -0.000569548 0.00557546 -0.000144669
8.12408 0.0282693 0.00104589 0.946321 -0.000580309 0.00543668 -0.000143107
8.14402 0.0288373 0.00110626 0.958567 -0.000600667 0.00529821 -0.000141163
8.16472 0.0293973 0.00116863 0.970485 -0.000618958 0.00514825 -0.000142651
8.18413 0.0299491 0.00123311 0.982076 -0.000647574 0.00501253 -0.000142806
8.20408 0.0304923 0.00129972 0.993343 -0.000671936 0.00490183 -0.000144928
8.22652 0.0310262 0.00136846 1.00428 -0.000681156 0.00479255 -0.000145533
8.24468 0.0315508 0.00143935 1.01488 -0.00067482 0.00469624 -0.000144757
8.26509 0.0320656 0.00151239 1.0251 -0.000659841 0.00460628 -0.000144045
8.28488 0.0325704 0.00158756 1.03496 -0.000645939 0.00451476 -0.000142631
8.30526 0.0330649 0.0016649 1.04445 -0.000643092 0.00443658 -0.000142735
8.32557 0.0335488 0.0017443 1.0536 -0.000640078 0.0043642 -0.000142551
8.34517 0.0340217 0.00182577 1.0624 -0.000638087 0.00428047 -0.000140465
8.36612 0.0344836 0.00190932 1.07089 -0.000637313 0.00422497 -0.00014166
8.38571 0.0349341 0.00199494 1.07908 -0.00063902 0.00417029 -0.000139849
8.40577 0.0353729 0.00208265 1.08698 -0.000645121 0.00411419 -0.000138348
8.42641 0.0358 0.00217249 1.09461 -0.000656682 0.00407002 -0.000137379
8.44603 0.036215 0.00226448 1.10198 -0.000668395 0.00402788 -0.000136477
8.46771 0.0366179 0.0023587 1.1091 -0.000688261 0.00398771 -0.000135566
8.48643 0.0370086 0.00245518 1.116 -0.000709015 0.00395266 -0.000134614
8.50652 0.0373868 0.00255404 1.12268 -0.000733699 0.00392111 -0.000135816
8.52712 0.0377525 0.00265525 1.12915 -0.00074649 0.00390501 -0.000136494
8.54722 0.0381056 0.00275891 1.13544 -0.000756452 0.00389088 -0.000134813
8.56843 0.0384446 0.00286508 1.14154 -0.000763255 0.00381651 -0.000134604
8.58716 0.0387821 0.00297387 1.14746 -0.000783622 0.00393565 -0.000134655
8.60744 0.0391033 0.00308524 1.15323 -0.000798501 0.0037928 -0.000133884
8.62764 0.0394183 0.00319924 1.15885 -0.000806377 0.00368263 -0.000133056
8.64742 0.0397307 0.00331588 1.16432 -0.000805632 0.0038195 -0.000132307
8.66895 0.040028 0.00343521 1.16966 -0.000805151 0.00369957 -0.000130953
8.68819 0.0403195 0.00355726 1.17487 -0.000809698 0.0035643 -0.00013057
8.70812 0.0406056 0.00368202 1.17996 -0.00081615 0.00356553 -0.000130293
8.7285 0.0408853 0.00380948 1.18492 -0.000818169 0.00355535 -0.000131512
8.74815 0.0411585 0.0039396 1.18977 -0.000813246 0.00350924 -0.000131533
8.77043 0.0414253 0.00407248 1.19451 -0.000818382 0.00346439 -0.000130964
8.78877 0.0416855 0.00420812 1.19915 -0.000832914 0.00342305 -0.000130735
8.80877 0.041939 0.00434644 1.20368 -0.000834792 0.00338598 -0.000131133
8.83073 0.0421856 0.00448763 1.20811 -0.000852506 0.0033531 -0.000131356
8.84978 0.0424253 0.00463159 1.21245 -0.000864001 0.00333006 -0.000130147
8.87058 0.042658 0.0047783 1.21671 -0.00085557 0.00330691 -0.000130869
8.88935 0.0428834 0.00492794 1.22088 -0.000865745 0.00328121 -0.000130458
8.90927 0.0431017 0.00508042 1.22497 -0.000873123 0.0032567 -0.000129765
8.92979 0.0433126 0.00523561 1.22899 -0.000854005 0.00323063 -0.000127462
8.94984 0.0435162 0.00539367 1.23293 -0.000847144 0.00320327 -0.000125972
8.97055 0.0437123 0.00555459 1.23681 -0.000854282 0.0031903 -0.000124758
8.9903 0.043901 0.00571815 1.24063 -0.000837791 0.00318516 -0.000123529
9.01056 0.0440822 0.00588425 1.24438 -0.000791602 0.00317937 -0.000122229
9.03059 0.0442559 0.00605295 1.24808 -0.000757562 0.003173 -0.000120885
9.05049 0.0444221 0.00622425 1.25173 -0.000758998 0.00316606 -0.000119514
9.07136 0.0445806 0.0063981 1.25532 -0.000786861 0.00314681 -0.000116809
9.09102 0.0447316 0.00657436 1.25886 -0.000799628 0.00311545 -0.000114786
9.11089 0.0448748 0.00675299 1.26235 -0.000783341 0.00308988 -0.000113203
9.13125 0.0450104 0.00693401 1.26579 -0.000753925 0.00307604 -0.000113855
9.15122 0.0451381 0.00711735 1.26919 -0.00072173 0.00303405 -0.00011317
9.17161 0.0452578 0.00730292 1.27253 -0.000693171 0.00299489 -0.000111888
9.19175 0.0453696 0.00749075 1.27584 -0.000691582 0.00296526 -0.000110913
9.2118 0.0454732 0.00768076 1.27911 -0.000705663 0.0029424 -0.000110578
9.2327 0.0455686 0.00787277 1.28234 -0.000693623 0.00292328 -0.000111482
9.25225 0.0456558 0.00806669 1.28554 -0.000657226 0.00290003 -0.000109111
9.2736 0.0457346 0.00826242 1.2887 -0.000601489 0.00288515 -0.00010614
9.2924 0.0458052 0.00845998 1.29183 -0.000564442 0.00288603 -0.000105377
9.31302 0.0458666 0.00865923 1.29493 -0.000547977 0.00277738 -0.000104816
9.33304 0.0459297 0.00886001 1.29801 -0.000535658 0.00283604 -0.000104553
9.3529 0.0459921 0.00906218 1.30106 -0.000515791 0.00287501 -0.000103746
9.37457 0.0460443 0.00926579 1.30409 -0.000509277 0.00272556 -0.000102252
9.39348 0.0460987 0.00947082 1.30711 -0.000517506 0.00279755 -0.000100718
9.41352 0.0461519 0.00967722 1.31011 -0.00052625 0.00280905 -9.90896e-05
9.43364 0.0462039 0.00988504 1.3131 -0.000538415 0.0027636 -9.76931e-05
9.45329 0.046255 0.0100943 1.31608 -0.000546662 0.00273075 -9.66482e-05
9.47557 0.0463052 0.0103049 1.31905 -0.000534401 0.00271381 -9.50481e-05
9.49434 0.046354 0.0105168 1.32202 -0.000518214 0.00268541 -9.32779e-05
9.51419 0.0464016 0.0107303 1.32498 -0.000526796 0.00265601 -9.27858e-05
9.53463 0.0464479 0.0109453 1.32795 -0.000559589 0.00263888 -9.09093e-05
9.55442 0.0464927 0.0111618 1.33091 -0.000591332 0.00262113 -8.71224e-05
9.57542 0.046536 0.0113797 1.33389 -0.000590288 0.00260399 -8.75312e-05
9.59463 0.0465778 0.011599 1.33686 -0.000555376 0.00259324 -8.55678e-05
9.61473 0.0466179 0.0118198 1.33985 -0.00051452 0.00257677 -8.76774e-05
9.63516 0.0466565 0.0120421 1.34284 -0.000493717 0.00258075 -8.72191e-05
9.65519 0.0466934 0.0122654 1.34584 -0.000462979 0.00258992 -8.62899e-05
9.67557 0.0467285 0.0124899 1.34885 -0.000429271 0.00257049 -8.49426e-05
9.69573 0.046762 0.0127153 1.35187 -0.000400357 0.00255178 -8.29106e-05
9.71548 0.0467938 0.0129416 1.3549 -0.000377279 0.00254548 -8.01483e-05
9.7359 0.0468237 0.0131687 1.35794 -0.000362097 0.00252087 -7.69361e-05
9.75573 0.0468518 0.0133966 1.36099 -0.000356531 0.00250606 -7.53747e-05
9.77741 0.046878 0.0136252 1.36406 -0.000350393 0.00250082 -7.63283e-05
9.79647 0.0469022 0.0138544 1.36713 -0.00034952 0.0024804 -7.52677e-05
9.81662 0.0469244 0.0140843 1.37022 -0.000355944 0.00247299 -7.65442e-05
9.8382 0.0469447 0.0143148 1.37332 -0.000356828 0.00246809 -7.73574e-05
9.85734 0.0469628 0.0145459 1.37643 -0.000351187 0.00244417 -7.93259e-05
9.87845 0.0469788 0.0147777 1.37954 -0.000338419 0.00243158 -7.90189e-05
9.89721 0.0469927 0.0150099 1.38267 -0.000314397 0.00242575 -8.06262e-05
9.91712 0.0470044 0.0152426 1.38581 -0.000278628 0.00241235 -8.07764e-05
9.9378 0.047014 0.0154757 1.38895 -0.000254114 0.00242619 -8.26972e-05
9.95737 0.0470213 0.0157091 1.39211 -0.000252762 0.00242036 -8.16513e-05
9.97835 0.0470263 0.0159428 1.39527 -0.000244489 0.00239762 -8.05646e-05
9.99764 0.0470291 0.0161766 1.39844 -0.000227017 0.00238657 -7.94943e-05
10.0179 0.0470297 0.0164106 1.40162 -0.000221633 0.00238621 -7.83958e-05
10.0387 0.047028 0.0166449 1.40479 -0.000236137 0.0023887 -7.7617e-05
10.058 0.047024 0.0168793 1.40797 -0.000248391 0.00238431 -8.30819e-05
10.0789 0.0470177 0.017114 1.41115 -0.000269618 0.00237836 -8.61638e-05
10.0985 0.0470091 0.0173492 1.41434 -0.000315865 0.00237118 -8.89079e-05
10.1186 0.0469982 0.0175848 1.41752 -0.000363325 0.00237897 -8.82271e-05
10.1389 0.046985 0.0178209 1.42071 -0.000367216 0.00237883 -8.90357e-05
10.1587 0.0469694 0.0180576 1.42389 -0.000367493 0.00236588 -9.02276e-05
10.1802 0.0469516 0.018295 1.42708 -0.000367145 0.00235736 -9.08748e-05
10.1992 0.0469314 0.0185329 1.43026 -0.000343899 0.00234972 -9.11103e-05
10.2192 0.0469088 0.0187713 1.43344 -0.000288955 0.00233752 -9.11066e-05
10.24 0.0468837 0.01901 1.43661 -0.000253664 0.00231759 -8.98896e-05
10.2596 0.0468563 0.0192492 1.43977 -0.000243142 0.0023155 -8.98212e-05
10.2814 0.0468264 0.0194885 1.44293 -0.000220931 0.00231569 -9.03557e-05
10.3001 0.0467925 0.0197279 1.44608 -0.000203689 0.00222765 -9.04799e-05
10.3204 0.046766 0.0199674 1.44922 -0.000205537 0.00233915 -9.02886e-05
10.3425 0.0467322 0.020207 1.45235 -0.000206479 0.00222842 -8.97703e-05
10.3602 0.0467029 0.0204465 1.45548 -0.000194979 0.0022164 -8.976e-05
10.3825 0.0466805 0.0206861 1.45859 -0.000187632 0.00235166 -9.05068e-05
10.4009 0.0466529 0.0209257 1.46169 -0.000196602 0.00220658 -9.05482e-05
10.4208 0.046633 0.0211654 1.46479 -0.000224185 0.00224901 -9.08037e-05
10.4419 0.0466188 0.0214053 1.46786 -0.000261477 0.00237549 -9.04343e-05
10.4609 0.0466002 0.0216454 1.47092 -0.000290628 0.00223301 -8.9769e-05
10.4817 0.0465897 0.0218859 1.47397 -0.000320463 0.00230732 -8.90458e-05
10.5015 0.0465843 0.0221269 1.47699 -0.000361946 0.00234631 -8.82166e-05
10.5214 0.0465845 0.0223685 1.47999 -0.000401292 0.00240889 -8.78792e-05
10.5428 0.0465809 0.0226108 1.48296 -0.00041716 0.00227784 -8.8501e-05
10.5618 0.0465875 0.0228539 1.48591 -0.000426646 0.00241043 -8.82389e-05
10.5836 0.0465893 0.0230979 1.48884 -0.000428638 0.00231007 -8.82526e-05
10.602 0.0465978 0.0233427 1.49174 -0.000419866 0.00227605 -9.06293e-05
10.6223 0.0466117 0.0235884 1.49461 -0.000425504 0.00230436 -9.11331e-05
10.6442 0.0466306 0.023835 1.49746 -0.000444709 0.00230661 -9.06871e-05
10.6626 0.0466546 0.0240826 1.50027 -0.000456563 0.00229129 -9.05645e-05
10.6833 0.0466837 0.0243311 1.50305 -0.00048013 0.00230258 -8.86848e-05
10.7027 0.046718 0.0245808 1.50579 -0.000498238 0.0023283 -8.76701e-05
10.7231 0.0467575 0.0248315 1.5085 -0.000502146 0.0023384 -8.8548e-05
10.7433 0.046802 0.0250833 1.51117 -0.000509083 0.00233804 -8.7502e-05
10.7632 0.0468518 0.0253364 1.51381 -0.000518244 0.00234624 -8.88298e-05
10.785 0.0469067 0.0255907 1.5164 -0.000538464 0.0023602 -8.78289e-05
10.8039 0.046967 0.0258462 1.51896 -0.000552425 0.00237583 -8.67063e-05
10.8236 0.0470324 0.0261031 1.52149 -0.000560421 0.00237592 -9.07782e-05
10.8441 0.0471052 0.0263614 1.52397 -0.000575648 0.00247542 -9.33514e-05
10.8645 0.0471736 0.026621 1.52642 -0.000589448 0.00237909 -9.31569e-05
10.8869 0.0472488 0.0268821 1.52884 -0.000606519 0.00237533 -9.34037e-05
10.9042 0.0473296 0.0271448 1.53123 -0.000621948 0.00242909 -9.6656e-05
10.9242 0.0474156 0.027409 1.53358 -0.000630375 0.00245415 -9.79585e-05
10.945 0.047507 0.0276748 1.53589 -0.000654036 0.00244817 -9.92968e-05
10.9646 0.0476037 0.0279425 1.53816 -0.000686474 0.00243968 -9.93713e-05
10.9859 0.047706 0.0282119 1.54039 -0.000724345 0.00244261 -9.91005e-05
11.006 0.0478157 0.0284834 1.54259 -0.000784724 0.00253743 -9.75184e-05
11.0257 0.0479211 0.0287571 1.54474 -0.000833954 0.00242451 -9.61695e-05
11.0482 0.0480356 0.029033 1.54686 -0.000865266 0.00251377 -9.45198e-05
11.0659 0.0481457 0.0293113 1.54894 -0.000878758 0.00242404 -9.39835e-05
11.0873 0.0482628 0.029592 1.551 -0.000876598 0.00244156 -9.44773e-05
11.1064 0.0483848 0.0298751 1.55301 -0.00085174 0.00255521 -9.44893e-05
11.1262 0.0484998 0.0301605 1.55499 -0.000820693 0.00242582 -9.44895e-05
11.1472 0.0486235 0.0304483 1.55693 -0.000797181 0.00253619 -9.38593e-05
11.1665 0.0487458 0.0307381 1.55883 -0.000766888 0.00257214 -9.301e-05
11.1876 0.0488661 0.0310301 1.5607 -0.000737372 0.00243708 -9.33197e-05
11.2069 0.0489949 0.031324 1.56253 -0.000710487 0.00249744 -9.31267e-05
11.227 0.0491314 0.0316196 1.56433 -0.000680699 0.00261969 -9.32577e-05
11.249 0.0492642 0.031917 1.56608 -0.000656972 0.00250631 -9.46306e-05
11.2675 0.0494032 0.0322161 1.56779 -0.000646615 0.00247859 -9.53816e-05
11.2881 0.0495487 0.0325168 1.56946 -0.000647781 0.0026145 -9.6785e-05
11.3073 0.0496905 0.0328189 1.57107 -0.000628889 0.00238406 -9.65798e-05
11.3276 0.0498496 0.033122 1.57246 -0.000530299 0.0023657 -9.65177e-05
11.3483 0.0500226 0.0334254 1.5735 -0.000346997 0.00240149 -9.5545e-05
11.3684 0.050198 0.0337289 1.57414 -0.000133203 0.00221852 -9.48283e-05
11.3897 0.0503853 0.0340321 1.5744 6.45257e-05 0.00216104 -9.41644e-05
11.409 0.0505846 0.0343343 1.5743 0.000227424 0.00225072 -9.3962e-05
11.4288 0.0507878 0.034635 1.57388 0.00035209 0.00215958 -9.36162e-05
11.451 0.0509983 0.0349335 1.57319 0.000457175 0.00219145 -9.56846e-05
11.4692 0.0512124 0.0352295 1.57224 0.000548812 0.00218268 -9.72944e-05
11.49 0.0514306 0.0355228 1.57108 0.000613598 0.00223496 -9.69642e-05
11.5093 0.051653 0.0358128 1.56973 0.00067149 0.00230141 -9.61559e-05
11.5294 0.0518795 0.0360995 1.56823 0.000707464 0.00234908 -9.6638e-05
11.5513 0.0521106 0.0363828 1.56658 0.00072832 0.00239996 -9.61006e-05
11.5698 0.0523463 0.0366625 1.56481 0.000733147 0.00244617 -9.51066e-05
11.5916 0.0525868 0.0369385 1.56294 0.000720858 0.00248761 -9.39152e-05
11.6099 0.0528324 0.0372111 1.56099 0.000702556 0.00253724 -9.40728e-05
11.6301 0.0530832 0.03748 1.55897 0.000678857 0.0025725 -9.63134e-05
11.6532 0.0533392 0.0377456 1.55689 0.00063711 0.00259139 -9.61522e-05
11.6711 0.0536008 0.0380079 1.55476 0.000594849 0.00262782 -9.69325e-05
11.6934 0.053868 0.038267 1.5526 0.000568259 0.00265862 -9.63647e-05
11.711 0.0541407 0.0385232 1.5504 0.000526037 0.00267779 -0.000100145
11.7312 0.0544193 0.0387765 1.54819 0.000473973 0.00269935 -0.000100825
11.7516 0.0547036 0.0390272 1.54596 0.000416163 0.00271157 -0.000100485
11.7711 0.0549937 0.0392753 1.54373 0.000376702 0.00271269 -0.00010251
11.7921 0.0552898 0.0395213 1.54149 0.000329989 0.00271572 -0.000103883
11.8114 0.0555917 0.0397651 1.53926 0.00029231 0.00272791 -0.000103481
11.8314 0.0558995 0.040007 1.53704 0.000243981 0.00273675 -0.000103925
11.8528 0.0562133 0.0402472 1.53484 0.000194516 0.00273969 -0.000104315
11.8722 0.0565329 0.0404857 1.53265 0.000173998 0.00273826 -0.000104047
11.8937 0.0568585 0.0407228 1.53049 0.000150191 0.00274039 -0.000103558
11.9123 0.05719 0.0409587 1.52836 0.000103258 0.00274133 -0.000106057
11.9322 0.0575274 0.0411932 1.52626 7.33278e-05 0.00274075 -0.000106448
11.9531 0.0578722 0.0414266 1.52419 7.48456e-05 0.00282343 -0.000106723
11.9726 0.0582134 0.0416589 1.52216 7.82717e-05 0.00277 -0.00010869
11.9936 0.0585529 0.0418902 1.52018 6.67337e-05 0.00274261 -0.000110164
12.0128 0.0588908 0.0421205 1.51824 6.03689e-05 0.00276829 -0.000111184
12.0331 0.0592266 0.0423497 1.51634 6.73499e-05 0.00278509 -0.000111562
12.0537 0.0595606 0.0425777 1.5145 9.74005e-05 0.00278801 -0.000112564
12.0733 0.0598928 0.0428045 1.5127 0.000144533 0.00279202 -0.00011374
12.0949 0.0602233 0.0430302 1.51095 0.000168103 0.00280382 -0.000113899
12.1139 0.060552 0.0432546 1.50926 0.000166328 0.00281318 -0.000116665
12.134 0.060879 0.0434778 1.50763 0.000140254 0.00282025 -0.00011717
12.1543 0.0612043 0.0436996 1.50605 0.000121879 0.00283277 -0.000116623
12.174 0.0615281 0.0439201 1.50453 0.000131767 0.00284439 -0.000118427
12.1962 0.0618501 0.0441393 1.50308 0.000145878 0.00282055 -0.000117536
12.2145 0.0621705 0.0443572 1.50168 0.00015435 0.00280141 -0.000119539
12.2344 0.0624893 0.0445739 1.50036 0.000156015 0.00280651 -0.000120844
12.2553 0.0628064 0.0447893 1.4991 0.000150977 0.00279937 -0.000121557
12.275 0.0631202 0.0450035 1.4979 0.000129205 0.00270991 -0.000122463
12.2963 0.0634425 0.0452165 1.49678 9.50458e-05 0.00286016 -0.000122702
12.315 0.0637606 0.0454283 1.49573 8.57184e-05 0.0028288 -0.000123447
12.3353 0.0640772 0.0456391 1.49475 8.49395e-05 0.00280465 -0.0001249
12.3555 0.0643924 0.0458489 1.49385 6.72213e-05 0.00283842 -0.000125528
12.3754 0.0647059 0.0460577 1.49301 5.437e-05 0.00286222 -0.000124115
12.3962 0.065018 0.0462657 1.49225 3.65243e-05 0.00287132 -0.000123185
12.4158 0.0653287 0.046473 1.49155 -6.01057e-06 0.00288328 -0.000123433
12.4358 0.0656379 0.0466798 1.49092 -6.49874e-05 0.00288562 -0.000124203
12.4564 0.0659458 0.0468861 1.49036 -0.000116649 0.00287794 -0.000124676
12.4761 0.0662522 0.0470921 1.48986 -0.000144204 0.0028675 -0.00012461
12.4974 0.0665571 0.047298 1.48942 -0.000180996 0.0028352 -0.000125673
12.5165 0.0668606 0.0475041 1.48904 -0.000233469 0.00281015 -0.000125927
12.5363 0.0671625 0.0477105 1.48872 -0.00029444 0.00280604 -0.000127314
12.5568 0.0674628 0.0479174 1.48846 -0.00035761 0.00279175 -0.000128864
12.5774 0.0677613 0.0481252 1.48825 -0.000435084 0.00277245 -0.000129468
12.5991 0.0680581 0.048334 1.4881 -0.000511873 0.00275641 -0.000129602
12.6169 0.0683531 0.048544 1.488 -0.000563829 0.00274662 -0.000129484
12.6371 0.0686463 0.0487554 1.48795 -0.000581672 0.00274156 -0.000129216
12.6578 0.0689376 0.0489682 1.48795 -0.000579613 0.00272531 -0.000130948
12.6774 0.069227 0.0491828 1.48799 -0.000584238 0.0027015 -0.000131803
12.6983 0.0695143 0.049399 1.48807 -0.000613318 0.00267865 -0.000132055
12.7176 0.0697995 0.0496172 1.4882 -0.000663246 0.00264806 -0.000131092
12.738 0.0700823 0.0498372 1.48837 -0.000703336 0.00259069 -0.000131262
12.7582 0.0703628 0.0500592 1.48857 -0.000733719 0.00255292 -0.000132152
12.7781 0.070641 0.0502833 1.48881 -0.000744579 0.00254074 -0.000132365
12.7993 0.0709189 0.0505094 1.48909 -0.000726876 0.00260516 -0.000133588
12.8188 0.0711849 0.0507377 1.48941 -0.000705378 0.00248269 -0.000136108
12.8385 0.071449 0.0509681 1.48976 -0.000700119 0.00248105 -0.000138811
12.8588 0.0717112 0.0512005 1.49015 -0.00070774 0.00261442 -0.000139831
12.8787 0.0719591 0.0514351 1.49057 -0.000716465 0.00248793 -0.000139227
12.9001 0.0722063 0.0516718 1.49103 -0.000740042 0.00253438 -0.000138636
12.9189 0.0724503 0.0519108 1.49153 -0.000788886 0.00265728 -0.000138405
12.939 0.0726808 0.0521522 1.49205 -0.000844289 0.00251863 -0.00013899
12.9598 0.072913 0.0523961 1.49261 -0.000892454 0.00264941 -0.000135068
12.9794 0.0731334 0.0526426 1.49319 -0.000918134 0.00262763 -0.00013285
13.0008 0.0733419 0.052892 1.4938 -0.000945958 0.00246063 -0.000132035
13.0197 0.0735506 0.0531443 1.49443 -0.00098754 0.00258117 -0.000131893
13.0411 0.0737443 0.0533998 1.49509 -0.00102992 0.00246809 -0.000129802
13.0625 0.073937 0.0536584 1.49577 -0.00107134 0.0025379 -0.000128765
13.0802 0.074119 0.0539205 1.49647 -0.00111672 0.00254964 -0.000128701
13.101 0.0742883 0.0541861 1.49718 -0.00115111 0.00239323 -0.000127737
13.1206 0.0744575 0.0544553 1.49792 -0.00117063 0.00250714 -0.000128206
13.1405 0.0746147 0.0547282 1.49867 -0.00118511 0.00249734 -0.000128559
13.1611 0.0747597 0.0550049 1.49944 -0.00120957 0.00232309 -0.000127578
13.1806 0.0749046 0.0552855 1.50022 -0.00124624 0.00243705 -0.000126609
13.2025 0.0750365 0.0555701 1.50102 -0.00126662 0.00241466 -0.000125273
13.2216 0.0751572 0.0558587 1.50182 -0.00129361 0.00227826 -0.000123629
13.2418 0.075277 0.0561516 1.50264 -0.00133243 0.00241396 -0.00012306
13.2626 0.0753833 0.0564487 1.50347 -0.00135782 0.00237656 -0.000123239
13.2823 0.0754798 0.0567501 1.5043 -0.00136183 0.00226491 -0.000123126
13.3031 0.0755762 0.0570557 1.50515 -0.00135186 0.00234649 -0.000123412
13.3222 0.0756695 0.0573656 1.506 -0.0013403 0.00236027 -0.00012271
13.3423 0.0757598 0.0576799 1.50685 -0.00133973 0.00231779 -0.000121532
13.3626 0.0758472 0.0579984 1.5077 -0.00134828 0.00227408 -0.000121766
13.3825 0.0759317 0.0583213 1.50855 -0.00136531 0.00225092 -0.000119175
13.4034 0.0760131 0.0586486 1.5094 -0.00140163 0.00222871 -0.000118314
13.4231 0.0760913 0.0589802 1.51025 -0.00143148 0.00219951 -0.000116982
13.4434 0.0761662 0.0593163 1.51109 -0.00143451 0.0021645 -0.000115382
13.4634 0.0762378 0.0596567 1.51192 -0.00141321 0.00213846 -0.000114258
13.4832 0.076306 0.0600015 1.51276 -0.00137649 0.00213341 -0.000111621
13.5038 0.0763707 0.0603505 1.51358 -0.00132389 0.00212044 -0.000109772
13.5233 0.0764318 0.0607033 1.5144 -0.00125418 0.00210698 -0.000107473
13.5434 0.0764894 0.06106 1.51521 -0.0011906 0.00209804 -0.000104964
13.5635 0.0765434 0.0614204 1.51601 -0.00115045 0.00208617 -0.000102838
13.5837 0.0765958 0.0617841 1.5168 -0.00112154 0.00214266 -0.000103212
13.6049 0.0766346 0.062151 1.51758 -0.00108233 0.00200675 -0.000103015
13.6239 0.0766714 0.0625209 1.51835 -0.00104393 0.00200756 -0.000102851
13.6441 0.0767015 0.0628937 1.51911 -0.000998145 0.00202963 -0.000102682
13.6651 0.0767244 0.0632691 1.51986 -0.000942334 0.00197997 -0.000102999
13.6844 0.0767453 0.0636471 1.52061 -0.000899673 0.00209987 -0.00010401
13.7049 0.0767509 0.0640274 1.52133 -0.000863385 0.00197253 -0.000103471
13.7243 0.0767557 0.0644098 1.52205 -0.000816428 0.00203789 -0.000102315
13.7448 0.0767498 0.0647941 1.52275 -0.000768679 0.00205271 -9.90346e-05
13.7653 0.0767351 0.0651802 1.52343 -0.000727951 0.00198401 -9.69679e-05
13.7851 0.0767122 0.065568 1.5241 -0.000696148 0.00199469 -9.64688e-05
13.8059 0.0766781 0.0659572 1.52476 -0.000661047 0.00186928 -9.51736e-05
13.8254 0.0766432 0.0663478 1.52539 -0.000633457 0.00198259 -9.33622e-05
13.8455 0.0765927 0.0667396 1.526 -0.000596858 0.00184516 -9.32533e-05
13.8658 0.0765419 0.0671324 1.5266 -0.000559015 0.00193736 -9.314e-05
13.8856 0.0764773 0.0675262 1.52718 -0.000535045 0.00184475 -9.10745e-05
13.9066 0.0764098 0.067921 1.52773 -0.000531373 0.00180361 -9.18926e-05
13.9261 0.0763353 0.0683166 1.52827 -0.000538813 0.00181597 -9.10299e-05
13.9463 0.076253 0.0687129 1.52878 -0.000534933 0.00174117 -8.9328e-05
13.9682 0.0761668 0.0691102 1.52927 -0.000546695 0.00176635 -8.7875e-05
13.9864 0.0760768 0.0695084 1.52974 -0.000572694 0.00188617 -8.7195e-05
14.007 0.0759733 0.0699077 1.53019 -0.000608639 0.0017855 -8.56612e-05
14.0265 0.0758682 0.0703081 1.53061 -0.000666116 0.0018178 -8.29745e-05
14.0467 0.0757559 0.0707099 1.53101 -0.00071852 0.00184032 -8.17326e-05
14.0671 0.0756362 0.0711131 1.53138 -0.000774936 0.00180347 -8.2375e-05
14.0869 0.0755127 0.0715181 1.53173 -0.000828335 0.00182772 -8.02119e-05
14.1076 0.075385 0.0719249 1.53206 -0.000861601 0.00182876 -7.91569e-05
14.1274 0.0752531 0.0723338 1.53237 -0.000900985 0.00180352 -7.80082e-05
14.1473 0.0751171 0.0727449 1.53265 -0.000951441 0.00177842 -7.74427e-05
14.1678 0.0749737 0.0731584 1.5329 -0.000988259 0.00172522 -7.6212e-05
14.1875 0.0748233 0.0735742 1.53314 -0.00100379 0.00172283 -7.67907e-05
14.2085 0.0746688 0.0739926 1.53336 -0.00101571 0.00177967 -7.73582e-05
14.228 0.0745098 0.0744137 1.53355 -0.00103207 0.00177708 -7.52883e-05
14.2482 0.0743465 0.0748373 1.53373 -0.00103886 0.00174202 -7.4589e-05
14.2709 0.074179 0.0752636 1.53388 -0.00103179 0.00171031 -7.42555e-05
14.2885 0.0740071 0.0756923 1.53402 -0.000993123 0.00167626 -7.39311e-05
14.3094 0.07383 0.0761233 1.53413 -0.000929508 0.00155772 -7.35521e-05
14.3287 0.0736586 0.0765567 1.53422 -0.00087945 0.00163366 -6.97086e-05
14.3487 0.0734899 0.0769921 1.5343 -0.000830189 0.00164238 -7.14374e-05
14.3699 0.073324 0.0774292 1.53436 -0.000772025 0.00159433 -7.12164e-05
14.389 0.0731612 0.0778681 1.5344 -0.000726157 0.00156355 -7.18799e-05
14.4102 0.0730013 0.0783083 1.53442 -0.000673679 0.00154461 -7.20077e-05
14.429 0.0728442 0.0787496 1.53443 -0.000607776 0.00153263 -7.18449e-05
14.4493 0.0726865 0.0791919 1.53442 -0.000540217 0.00146778 -7.25769e-05
14.4702 0.0725288 0.079635 1.5344 -0.000493499 0.0015003 -7.21249e-05
14.4896 0.0723765 0.0800787 1.53437 -0.000461175 0.00167302 -7.183e-05
14.5108 0.0722174 0.0805227 1.53433 -0.000423878 0.00155331 -7.11705e-05
14.5302 0.072062 0.080967 1.53428 -0.00039222 0.00158214 -7.13173e-05
14.5502 0.0719099 0.0814113 1.53424 -0.000362267 0.00166302 -6.98759e-05
14.5706 0.0717573 0.0818556 1.53418 -0.000315892 0.00161244 -6.74069e-05
14.5905 0.0716046 0.0822996 1.53413 -0.000254023 0.00155034 -6.61826e-05
14.6115 0.071457 0.082743 1.53407 -0.000178821 0.00171108 -6.4937e-05
14.6308 0.0713021 0.0831856 1.53401 -8.57865e-05 0.00158359 -6.67014e-05
14.651 0.0711527 0.0836272 1.53395 -9.60888e-07 0.00163568 -6.65626e-05
14.6719 0.0710069 0.0840674 1.53389 8.21148e-05 0.00173991 -6.607e-05
14.6916 0.0708546 0.0845058 1.53383 0.000159784 0.00158295 -6.59681e-05
14.7122 0.0707086 0.0849424 1.53377 0.000208133 0.00169013 -6.81205e-05
14.7314 0.0705622 0.0853768 1.53371 0.000236235 0.00166005 -6.81306e-05
14.7516 0.0704159 0.0858091 1.53365 0.000246346 0.00162582 -6.79674e-05
14.7722 0.0702747 0.086239 1.53359 0.000243663 0.00176434 -6.67857e-05
14.792 0.0701266 0.0866666 1.53354 0.000251339 0.00165759 -6.65016e-05
14.8129 0.0699843 0.0870917 1.5335 0.000273403 0.00171835 -6.58518e-05
14.8327 0.0698452 0.0875142 1.53345 0.000314671 0.00173956 -6.42748e-05
14.8525 0.0697092 0.0879341 1.53341 0.000369669 0.00170045 -6.34472e-05
14.8728 0.069577 0.088351 1.53336 0.000440767 0.00173473 -6.32673e-05
14.8925 0.0694391 0.0887648 1.53332 0.000523018 0.00164381 -6.22792e-05
14.9138 0.0693069 0.0891752 1.53328 0.000609005 0.00166597 -6.0769e-05
14.9328 0.0691777 0.0895818 1.53324 0.00071547 0.00166531 -6.15669e-05
14.9528 0.0690514 0.0899842 1.53321 0.00081807 0.00163542 -6.13369e-05
14.9733 0.0689282 0.0903823 1.53317 0.000901978 0.00159484 -6.1185e-05
14.9936 0.0688078 0.0907756 1.53314 0.00098275 0.00157416 -6.07855e-05
15.0148 0.0686904 0.0911637 1.53312 0.00105843 0.00157434 -6.11044e-05
15.0339 0.0685757 0.0915467 1.53309 0.00111134 0.001577 -6.35361e-05
15.0536 0.0684637 0.0919239 1.53307 0.00116743 0.00157423 -6.46308e-05
15.0774 0.0683545 0.0922954 1.53305 0.00123666 0.00157294 -6.43693e-05
15.0942 0.0682479 0.0926608 1.53304 0.00129377 0.00156927 -6.58376e-05
15.1152 0.0681441 0.09302 1.53303 0.00134695 0.00157564 -6.43426e-05
15.1356 0.068043 0.0933727 1.53302 0.00142035 0.00158045 -6.61734e-05
15.155 0.0679447 0.0937187 1.53302 0.00148249 0.00159675 -6.65407e-05
15.1781 0.0678493 0.0940578 1.53303 0.00153158 0.00162585 -6.87838e-05
15.1951 0.0677564 0.09439 1.53304 0.00155668 0.00160961 -6.89688e-05
15.2154 0.0676664 0.0947152 1.53306 0.00154952 0.00160315 -6.83809e-05
15.2354 0.0675793 0.0950332 1.5331 0.00154032 0.00161254 -6.74876e-05
15.2559 0.067495 0.0953441 1.53314 0.00155232 0.00162307 -7.00562e-05
15.2769 0.0674135 0.0956481 1.53318 0.00154277 0.00163773 -7.07371e-05
15.2964 0.0673348 0.095945 1.53324 0.00152608 0.00163493 -7.03267e-05
15.3169 0.0672569 0.0962348 1.5333 0.00153213 0.00155036 -7.18023e-05
15.3378 0.0671932 0.0965177 1.53338 0.00153882 0.00159365 -7.13087e-05
15.3576 0.0671429 0.0967938 1.53346 0.0015242 0.00162912 -7.15735e-05
15.3816 0.0671025 0.0970631 1.53356 0.00149376 0.00153579 -7.15074e-05
15.3993 0.0670726 0.0973256 1.53366 0.00147085 0.00148846 -7.04465e-05
15.4229 0.067053 0.0975815 1.53378 0.00144712 0.00149786 -7.08745e-05
15.4433 0.0670433 0.0978308 1.5339 0.00142807 0.00149457 -7.03632e-05
15.4636 0.0670434 0.0980737 1.53402 0.00141816 0.00148041 -6.9642e-05
15.4842 0.0670534 0.0983103 1.53416 0.00141593 0.00147658 -6.87679e-05
15.5073 0.0670733 0.0985405 1.53429 0.00141123 0.0014813 -6.77537e-05
15.5249 0.0671029 0.0987646 1.53443 0.0013877 0.00147909 -6.78659e-05
15.5488 0.0671423 0.0989825 1.53456 0.0013552 0.00148447 -6.71032e-05
15.5723 0.0671915 0.0991945 1.53471 0.00132223 0.00150838 -6.9063e-05
15.593 0.0672505 0.0994006 1.53485 0.00128855 0.00153349 -7.43904e-05
15.618 0.0673192 0.099601 1.535 0.00125625 0.00154017 -7.46365e-05
15.6436 0.0673977 0.0997957 1.53516 0.00124517 0.00153434 -7.53601e-05
15.6634 0.0674861 0.0999848 1.53532 0.00124611 0.00153451 -7.55617e-05
15.6843 0.0675842 0.100168 1.53548 0.00124012 0.00153358 -7.36729e-05
15.7068 0.0676921 0.100347 1.53564 0.00122404 0.00153501 -7.19386e-05
15.7291 0.0678097 0.10052 1.53581 0.00120468 0.00155086 -7.08389e-05
15.7506 0.067937 0.100687 1.53598 0.0011688 0.00156596 -6.97521e-05
15.7731 0.0680742 0.10085 1.53615 0.00111902 0.00158384 -7.06855e-05
15.7957 0.0682211 0.101008 1.53633 0.00107792 0.00160313 -7.12032e-05
15.8184 0.0683778 0.101161 1.53651 0.00105252 0.00160479 -6.95289e-05
15.8416 0.0685442 0.101309 1.53669 0.00101622 0.00158532 -6.82394e-05
15.8624 0.0687203 0.101453 1.53687 0.000983482 0.00157816 -6.95647e-05
15.8868 0.0689063 0.101592 1.53706 0.000961304 0.00159828 -7.18943e-05
15.904 0.0691019 0.101728 1.53725 0.000921562 0.00161554 -7.21531e-05
15.9347 0.0693072 0.101859 1.53744 0.000856777 0.00162173 -7.31595e-05
15.9538 0.0695224 0.101987 1.53763 0.000797303 0.00165357 -7.31729e-05
15.9742 0.0697474 0.102111 1.53782 0.000742288 0.00168525 -7.33032e-05
15.9942 0.0699821 0.102232 1.538 0.000681468 0.00168325 -7.3086e-05
16.014 0.0702266 0.10235 1.53819 0.000616624 0.00168322 -7.2687e-05
16.0382 0.0704812 0.102465 1.53838 0.000562337 0.00170699 -7.16863e-05
16.0589 0.0707453 0.102577 1.53857 0.000524909 0.00168724 -7.31784e-05
16.0947 0.0710192 0.102687 1.53876 0.000509109 0.00164969 -7.46447e-05
16.1169 0.0713051 0.102794 1.53895 0.000515926 0.0017425 -7.80275e-05
16.1414 0.07159 0.102899 1.53914 0.000520101 0.00162981 -8.01184e-05
16.1683 0.0718845 0.103002 1.53934 0.000520022 0.00150039 -8.20962e-05
16.1947 0.0721887 0.103102 1.53954 0.000518098 0.00149741 -8.30497e-05
16.2182 0.0725039 0.1032 1.53974 0.000513002 0.00157962 -8.36641e-05
16.2404 0.0728181 0.103296 1.53993 0.000507033 0.00146071 -8.40894e-05
16.2617 0.0731433 0.103389 1.54013 0.000508018 0.00153864 -8.43193e-05
16.2814 0.07348 0.10348 1.54033 0.000516251 0.00169511 -8.45059e-05
16.3033 0.0738158 0.103568 1.54053 0.000523968 0.00152357 -8.56422e-05
16.3227 0.074164 0.103655 1.54073 0.000516654 0.00158998 -8.78669e-05
16.3426 0.0745129 0.103739 1.54094 0.000495586 0.00162198 -8.73446e-05
16.3616 0.0748725 0.103821 1.54115 0.000464568 0.00177306 -8.63574e-05
16.3821 0.0752363 0.103901 1.54136 0.000398659 0.00176394 -8.69922e-05
16.4016 0.0756057 0.103979 1.54157 0.00030675 0.00171226 -8.94761e-05
16.4238 0.0759756 0.104057 1.54176 0.000214551 0.00152572 -8.99373e-05
16.4523 0.0763717 0.104132 1.54196 0.000132043 0.0015792 -9.02021e-05
16.4869 0.0767926 0.104208 1.54216 4.54818e-05 0.00165748 -9.0287e-05
16.5226 0.0772375 0.104282 1.54236 -5.15463e-05 0.00160584 -9.02918e-05
16.5458 0.0777069 0.104357 1.54256 -0.000141195 0.0015541 -9.02685e-05
16.5673 0.0782009 0.104432 1.54275 -0.000233887 0.00155595 -8.93728e-05
16.5891 0.0787191 0.104508 1.54294 -0.000319169 0.001571 -8.84525e-05
16.6073 0.0792612 0.104584 1.54311 -0.000397313 0.00156064 -8.79596e-05
16.6266 0.0798275 0.104662 1.54329 -0.000492396 0.00156571 -8.83187e-05
16.6449 0.080419 0.104742 1.54346 -0.000593906 0.00161156 -8.9289e-05
16.673 0.0810256 0.104824 1.54362 -0.000702279 0.00162086 -8.97209e-05
16.686 0.0816465 0.104909 1.54378 -0.000814972 0.0015026 -8.93937e-05
16.7046 0.0822933 0.104996 1.54394 -0.000934554 0.00157952 -8.91194e-05
16.7259 0.0829542 0.105087 1.54409 -0.00105074 0.00161961 -8.8677e-05
16.743 0.0836307 0.105181 1.54425 -0.00115658 0.00158957 -8.81588e-05
16.7637 0.0843232 0.10528 1.5444 -0.00128327 0.0015624 -8.74938e-05
16.7818 0.0850314 0.105384 1.54454 -0.00141546 0.00153734 -8.67466e-05
16.8009 0.085755 0.105492 1.54468 -0.00152161 0.00149193 -8.60177e-05
16.8204 0.086494 0.105607 1.54482 -0.00162168 0.00145489 -8.05662e-05
16.8396 0.0872483 0.105727 1.54495 -0.00170926 0.00143026 -7.99922e-05
16.8604 0.0880176 0.105853 1.54508 -0.00177517 0.00140139 -8.02591e-05
16.8787 0.0888017 0.105986 1.5452 -0.0018372 0.00138252 -8.09003e-05
16.898 0.0896006 0.106125 1.54532 -0.00188922 0.00136931 -8.34568e-05
16.918 0.0904141 0.106272 1.54544 -0.0019148 0.00134672 -8.49181e-05
16.9375 0.0912422 0.106425 1.54555 -0.00192125 0.00133717 -8.51457e-05
16.958 0.0920849 0.106585 1.54566 -0.00190001 0.00136358 -8.51458e-05
16.9769 0.0929421 0.106752 1.54577 -0.00184774 0.00139545 -8.51056e-05
16.9965 0.0938139 0.106925 1.54587 -0.00177654 0.00143184 -8.50189e-05
17.0168 0.0947004 0.107105 1.54597 -0.00170221 0.00148299 -8.54049e-05
17.0365 0.0956017 0.107291 1.54607 -0.00163365 0.00153487 -8.63964e-05
17.0563 0.0965179 0.107483 1.54616 -0.00159209 0.00156769 -8.64253e-05
17.0758 0.0974491 0.10768 1.54626 -0.00156567 0.00159405 -8.78602e-05
17.0955 0.0983976 0.107883 1.54635 -0.00153793 0.00173462 -8.86699e-05
17.1184 0.099351 0.108091 1.54644 -0.00150716 0.00157648 -8.73523e-05
17.1352 0.100323 0.108305 1.54653 -0.00148528 0.00163732 -8.66599e-05
17.1565 0.101301 0.108524 1.54662 -0.00147488 0.00157238 -8.7223e-05
17.1748 0.102296 0.108748 1.54672 -0.0014799 0.00174181 -8.8672e-05
17.1951 0.103295 0.108977 1.54682 -0.00147267 0.00167631 -8.84326e-05
17.2149 0.104311 0.109211 1.54692 -0.001466 0.00179517 -8.81439e-05
17.2344 0.105331 0.10945 1.54702 -0.00145168 0.00166955 -8.90941e-05
17.2551 0.106368 0.109694 1.54712 -0.00144004 0.00173685 -9.02843e-05
17.2746 0.107409 0.109942 1.54721 -0.00144985 0.0016422 -9.02427e-05
17.2944 0.108465 0.110196 1.54731 -0.0014804 0.00170536 -9.30305e-05
17.3147 0.109529 0.110455 1.5474 -0.00152303 0.00174475 -9.36726e-05
17.3341 0.1106 0.110719 1.54748 -0.00158678 0.00173617 -9.33042e-05
17.3559 0.111678 0.110989 1.54757 -0.0016856 0.00175431 -9.33185e-05
17.3744 0.112764 0.111265 1.54764 -0.00181166 0.00178649 -9.30926e-05
17.3943 0.113858 0.111546 1.54771 -0.00193404 0.00180322 -9.47101e-05
17.416 0.114959 0.111835 1.54777 -0.00206508 0.00184373 -9.37603e-05
17.4344 0.116067 0.112131 1.54783 -0.00220856 0.00187923 -9.22959e-05
17.4562 0.117183 0.112434 1.54788 -0.00234634 0.00187745 -9.14317e-05
17.4742 0.118311 0.112745 1.54792 -0.00246984 0.00159735 -8.9315e-05
17.4944 0.11949 0.113066 1.54798 -0.00260343 0.00186897 -8.98129e-05
17.5152 0.120705 0.113395 1.54804 -0.00271916 0.00189737 -8.92507e-05
17.5344 0.121948 0.113734 1.54811 -0.00280148 0.00170163 -8.77507e-05
17.5546 0.123222 0.114082 1.54817 -0.00285014 0.00167773 -8.88371e-05
17.5742 0.124526 0.11444 1.54824 -0.0028522 0.00172248 -8.52734e-05
17.5952 0.125861 0.114808 1.5483 -0.00279356 0.0017346 -8.31598e-05
17.6151 0.127225 0.115185 1.54835 -0.00270865 0.00172466 -8.30209e-05
17.6346 0.128619 0.115572 1.5484 -0.00262902 0.00171711 -8.41135e-05
17.6556 0.130043 0.115968 1.54845 -0.00253597 0.00168413 -8.36108e-05
17.6749 0.131496 0.116372 1.54849 -0.00244642 0.00164572 -8.24188e-05
17.6948 0.132979 0.116785 1.54853 -0.00236676 0.00169607 -8.299e-05
17.7149 0.134481 0.117205 1.54856 -0.00226881 0.00162111 -8.23705e-05
17.7348 0.136004 0.117633 1.5486 -0.00216043 0.00160213 -8.23941e-05
17.7564 0.137549 0.118068 1.54863 -0.00204102 0.00162683 -8.02735e-05
17.775 0.139115 0.11851 1.54866 -0.00191335 0.00163785 -7.91508e-05
17.7951 0.140702 0.118957 1.54869 -0.00179989 0.00163511 -7.97376e-05
17.8158 0.14231 0.119411 1.54872 -0.00170347 0.0016363 -7.82977e-05
17.8356 0.143939 0.119869 1.54874 -0.00161598 0.00163579 -7.91897e-05
17.8555 0.145588 0.120333 1.54876 -0.00155232 0.0016258 -7.69698e-05
17.8758 0.147259 0.120801 1.54878 -0.00150403 0.00161603 -7.75447e-05
17.8955 0.14895 0.121274 1.5488 -0.00145625 0.00161435 -7.73696e-05
17.9159 0.150661 0.12175 1.54881 -0.00142251 0.00160517 -7.68621e-05
17.936 0.152393 0.122231 1.54882 -0.00139753 0.00159382 -7.54662e-05
17.9569 0.154148 0.122716 1.54884 -0.0013674 0.00169314 -7.41223e-05
17.9761 0.155916 0.123205 1.54885 -0.00137131 0.00166809 -7.23422e-05
17.9965 0.1577 0.123698 1.54887 -0.0014219 0.00169464 -7.29503e-05
18.0166 0.159499 0.124195 1.54889 -0.00148586 0.00169516 -7.0973e-05
18.0366 0.161311 0.124696 1.54891 -0.00155467 0.00163233 -6.79812e-05
18.058 0.163136 0.125202 1.54894 -0.00164735 0.00163903 -6.58685e-05
18.0771 0.164973 0.125712 1.54897 -0.00173549 0.00169768 -6.48829e-05
18.0969 0.166823 0.126228 1.549 -0.00179759 0.00175729 -6.36053e-05
18.1173 0.168686 0.126749 1.54902 -0.00183303 0.00180157 -6.2588e-05
18.1371 0.170562 0.127275 1.54904 -0.00185975 0.00185304 -6.17202e-05
18.1582 0.17245 0.127807 1.54905 -0.00189666 0.00188694 -6.32262e-05
18.1777 0.174352 0.128344 1.54907 -0.00192994 0.00192174 -6.30901e-05
18.1977 0.176267 0.128888 1.54908 -0.00194022 0.00197356 -6.36535e-05
18.2191 0.178195 0.129437 1.5491 -0.0019344 0.00197257 -6.2695e-05
18.2384 0.180137 0.129991 1.54911 -0.00192402 0.00195813 -6.08256e-05
18.2596 0.182092 0.130552 1.54913 -0.00189646 0.00197401 -5.94198e-05
18.2785 0.18406 0.131118 1.54915 -0.0018792 0.00198939 -6.067e-05
18.2985 0.186042 0.13169 1.54916 -0.00185815 0.00199281 -6.21128e-05
18.3188 0.188037 0.132266 1.54918 -0.00180258 0.00200956 -6.24098e-05
18.3387 0.190045 0.132848 1.5492 -0.00175091 0.00202676 -6.04922e-05
18.3596 0.192066 0.133436 1.54922 -0.00171285 0.00203537 -5.77192e-05
18.3795 0.194101 0.134027 1.54924 -0.00162038 0.00203401 -5.89616e-05
18.3993 0.196151 0.134623 1.54926 -0.0015001 0.00211363 -5.88402e-05
18.4196 0.198206 0.135223 1.54928 -0.00140013 0.00205171 -6.13216e-05
18.4393 0.200277 0.135826 1.54931 -0.00130015 0.00209188 -6.48609e-05
18.4611 0.202353 0.136433 1.54934 -0.00120617 0.00199334 -6.52707e-05
18.4797 0.204442 0.137043 1.54937 -0.00114945 0.00165344 -6.28331e-05
18.4996 0.206588 0.137655 1.54942 -0.00110941 0.00160333 -6.05511e-05
18.5205 0.20878 0.13827 1.54947 -0.00109897 0.00163312 -5.83488e-05
18.5405 0.211007 0.138887 1.54952 -0.0011254 0.0016699 -5.70822e-05
18.5612 0.213269 0.139507 1.54958 -0.00116393 0.00167484 -5.48415e-05
18.5804 0.215566 0.140129 1.54963 -0.0011849 0.00168463 -5.28802e-05
18.6005 0.217897 0.140754 1.54969 -0.00120296 0.00168573 -5.18276e-05
18.6208 0.220262 0.141382 1.54974 -0.00123111 0.00166313 -4.9331e-05
18.6406 0.222662 0.142012 1.5498 -0.00124374 0.00164619 -4.75951e-05
18.6618 0.225096 0.142645 1.54985 -0.00123896 0.00171803 -4.58614e-05
18.6812 0.227554 0.143281 1.5499 -0.00122329 0.00163582 -4.46271e-05
18.7016 0.230039 0.14392 1.54996 -0.00120544 0.00161931 -4.44006e-05
18.7218 0.232549 0.144561 1.55001 -0.00119309 0.00165075 -4.45324e-05
18.7411 0.235086 0.145205 1.55007 -0.00119089 0.00166132 -4.70811e-05
18.7627 0.237648 0.145852 1.55013 -0.00117942 0.00167765 -4.65761e-05
18.7817 0.240237 0.146501 1.55018 -0.0011608 0.00170342 -4.60821e-05
18.8017 0.242851 0.147152 1.55024 -0.00115736 0.00171604 -4.47485e-05
18.8221 0.245491 0.147806 1.55029 -0.00114234 0.00174216 -4.35703e-05
18.8423 0.248156 0.148462 1.55034 -0.00108799 0.00186279 -4.55377e-05
18.864 0.250836 0.14912 1.5504 -0.000998267 0.00173366 -4.57487e-05
18.8825 0.253535 0.149779 1.55046 -0.00089505 0.00173289 -4.55705e-05
18.9026 0.256252 0.150441 1.55053 -0.00081009 0.0017882 -4.69222e-05
18.9239 0.258987 0.151103 1.55059 -0.000755709 0.00181412 -4.67862e-05
18.943 0.26174 0.151766 1.55066 -0.000734957 0.00180928 -4.593e-05
18.9643 0.26451 0.152431 1.55072 -0.000746506 0.0017932 -5.00362e-05
18.9834 0.267299 0.153096 1.55078 -0.00080494 0.00176772 -5.05324e-05
19.004 0.270104 0.153762 1.55084 -0.000903889 0.00173204 -5.17882e-05
19.024 0.272928 0.154431 1.55089 -0.00103208 0.00170347 -5.2488e-05
19.0436 0.275768 0.155101 1.55094 -0.00118596 0.00167467 -5.53734e-05
19.0661 0.278626 0.155774 1.551 -0.00133941 0.00166718 -5.73922e-05
19.0843 0.2815 0.156449 1.55105 -0.00149394 0.00167418 -5.70632e-05
19.1044 0.284393 0.157129 1.5511 -0.00167787 0.00175258 -5.78073e-05
19.1247 0.287292 0.157813 1.55115 -0.00185773 0.00169226 -5.61364e-05
19.1442 0.2902 0.158502 1.55121 -0.00202937 0.0016555 -5.73704e-05
19.1668 0.293127 0.159197 1.55127 -0.0022082 0.00180617 -5.80183e-05
19.1847 0.296061 0.159898 1.55134 -0.00238877 0.00175903 -5.72851e-05
19.2052 0.299004 0.160607 1.55141 -0.00257724 0.00175172 -5.71213e-05
19.2258 0.301956 0.161323 1.55147 -0.00273873 0.00178774 -5.99434e-05
19.2456 0.304918 0.162047 1.55154 -0.00284691 0.00181828 -6.26654e-05
19.2662 0.307889 0.16278 1.55161 -0.00291581 0.00184195 -6.77043e-05
19.2854 0.31087 0.163522 1.55167 -0.00295265 0.00189332 -7.07964e-05
19.3058 0.31386 0.164273 1.55173 -0.00296061 0.00190968 -7.54116e-05
19.3263 0.31686 0.165032 1.55179 -0.00294127 0.00191022 -7.73015e-05
19.3459 0.31987 0.165801 1.55186 -0.00290432 0.00193781 -7.87251e-05
19.3673 0.322889 0.166579 1.55192 -0.0028758 0.00195318 -8.28812e-05
19.3864 0.325918 0.167365 1.55199 -0.00281653 0.0019472 -8.52996e-05
19.4066 0.328957 0.168159 1.55205 -0.00273512 0.00195827 -8.50479e-05
19.4272 0.332006 0.168962 1.55212 -0.0026716 0.00204305 -8.67841e-05
19.4468 0.335053 0.169773 1.55218 -0.00260804 0.00190233 -8.72928e-05
19.4692 0.338114 0.170591 1.55225 -0.00254316 0.00202565 -9.11251e-05
19.4871 0.341164 0.171416 1.55233 -0.00248057 0.00137005 -9.03833e-05
19.5072 0.34429 0.172249 1.55242 -0.00243726 0.00186383 -9.09185e-05
19.5274 0.347462 0.173089 1.55254 -0.00237471 0.00202066 -9.1042e-05
19.5475 0.350682 0.173935 1.55267 -0.0023023 0.00187106 -8.89144e-05
19.5686 0.353942 0.174787 1.55281 -0.00222398 0.00172509 -8.71025e-05
19.5877 0.357242 0.175646 1.55296 -0.00215385 0.00168608 -8.60469e-05
19.6078 0.360582 0.17651 1.55309 -0.00208109 0.00166781 -8.48913e-05
19.6297 0.36396 0.177379 1.55323 -0.00199844 0.00162593 -8.28908e-05
19.6481 0.367377 0.178253 1.55335 -0.00194012 0.00158473 -7.94942e-05
19.6695 0.370833 0.179133 1.55347 -0.0019191 0.00162064 -7.68476e-05
19.6886 0.374317 0.180017 1.55359 -0.00189821 0.00156589 -7.38685e-05
19.7093 0.377831 0.180905 1.5537 -0.00185484 0.00154482 -7.22695e-05
19.7294 0.381376 0.181798 1.5538 -0.00179228 0.00154767 -6.99785e-05
19.7491 0.38495 0.182695 1.5539 -0.00171522 0.0015354 -6.78004e-05
19.7712 0.388555 0.183595 1.55399 -0.0016609 0.00153369 -6.33386e-05
19.7909 0.392189 0.1845 1.55408 -0.00162897 0.00153917 -5.98747e-05
19.8106 0.395852 0.185408 1.55417 -0.00160843 0.00161793 -5.65426e-05
19.8316 0.399534 0.186319 1.55426 -0.0016127 0.00151273 -5.5089e-05
19.8514 0.403238 0.187235 1.55434 -0.0016499 0.00152423 -5.32004e-05
19.872 0.406965 0.188153 1.55443 -0.00170839 0.00157555 -4.88119e-05
19.8911 0.410712 0.189076 1.55451 -0.00177819 0.00159171 -4.74278e-05
19.911 0.414482 0.190002 1.55459 -0.00183632 0.00158587 -4.82664e-05
19.9326 0.418272 0.190933 1.55467 -0.00186206 0.00158268 -4.65234e-05
19.9514 0.422085 0.191867 1.55475 -0.00187926 0.00164067 -4.49096e-05
19.973 0.425908 0.192806 1.55482 -0.00189218 0.00150911 -4.63888e-05
19.9917 0.429755 0.19375 1.5549 -0.00192588 0.00168664 -4.52758e-05
20.0126 0.433612 0.194698 1.55498 -0.00199719 0.00163813 -4.30105e-05
20.0328 0.437492 0.195652 1.55506 -0.00211339 0.00178965 -4.24284e-05
20.0522 0.441384 0.19661 1.55515 -0.00225184 0.00170835 -4.44891e-05
20.0739 0.44529 0.197575 1.55523 -0.0024167 0.00166845 -4.67033e-05
20.0933 0.44921 0.198546 1.55532 -0.00257212 0.00169323 -4.47347e-05
20.1129 0.453144 0.199523 1.5554 -0.00270413 0.00172652 -4.02754e-05
20.1338 0.457091 0.200508 1.55548 -0.00281341 0.00174124 -3.46435e-05
20.1536 0.461052 0.201501 1.55555 -0.00289042 0.00173002 -3.36349e-05
20.1755 0.465026 0.202502 1.55561 -0.00294402 0.00176001 -3.60042e-05
20.1949 0.469003 0.20351 1.55568 -0.0029892 0.00164549 -3.49993e-05
20.2147 0.472995 0.204528 1.55574 -0.00302617 0.0018594 -3.39082e-05
20.2399 0.476991 0.205553 1.55581 -0.00305034 0.00184386 -3.21649e-05
20.255 0.480992 0.206588 1.55588 -0.00307597 0.00178955 -3.39969e-05
20.2763 0.485 0.207631 1.55595 -0.00309939 0.00178326 -3.24479e-05
20.2956 0.489014 0.208683 1.55602 -0.00310876 0.00179046 -3.23752e-05
20.3163 0.493034 0.209743 1.55608 -0.00311511 0.00178438 -3.46644e-05
20.3369 0.497059 0.210813 1.55614 -0.0031646 0.00178115 -3.34773e-05
20.3562 0.501091 0.211892 1.5562 -0.00329243 0.00178244 -3.6283e-05
20.3774 0.505128 0.212981 1.55626 -0.0034773 0.00178055 -3.68423e-05
20.3979 0.509171 0.21408 1.55631 -0.00371256 0.00177185 -3.61752e-05
20.4168 0.51322 0.21519 1.55637 -0.00398613 0.00176595 -3.64932e-05
20.4371 0.517274 0.216313 1.55642 -0.00425424 0.00177035 -3.59414e-05
20.4571 0.521335 0.217448 1.55647 -0.00451837 0.00177067 -3.7012e-05
20.4791 0.525401 0.218597 1.55651 -0.00474833 0.00178174 -3.71601e-05
20.4978 0.529456 0.219761 1.55655 -0.0049419 0.00140663 -3.74975e-05
20.5178 0.533567 0.220941 1.55659 -0.0051458 0.00143469 -3.80005e-05
20.5398 0.537752 0.222137 1.55665 -0.00531032 0.0018592 -3.8601e-05
20.5582 0.541985 0.223349 1.55673 -0.00542058 0.00164353 -3.42625e-05
20.5793 0.54627 0.224579 1.55683 -0.00551353 0.00144194 -2.92759e-05
20.5985 0.550607 0.225826 1.55692 -0.00556293 0.00139578 -2.66805e-05
20.6186 0.554993 0.227091 1.55702 -0.0055566 0.00142067 -2.61527e-05
20.641 0.559419 0.228373 1.55712 -0.0054693 0.00136682 -2.38996e-05
20.659 0.563887 0.229671 1.55721 -0.00528556 0.0012886 -2.05726e-05
20.6798 0.568397 0.230986 1.5573 -0.00498897 0.00128547 -1.89757e-05
20.6995 0.572939 0.232315 1.55738 -0.00459491 0.00115991 -1.6541e-05
20.7194 0.577514 0.233657 1.55746 -0.00411726 0.00111358 -1.42718e-05
20.741 0.582121 0.23501 1.55753 -0.00353421 0.00119117 -1.47889e-05
20.7599 0.586751 0.236372 1.55761 -0.00289917 0.00111042 -1.66446e-05
20.7812 0.591408 0.237741 1.55769 -0.0021947 0.00117997 -1.5751e-05
20.8004 0.596083 0.239114 1.55776 -0.00140756 0.00114696 -1.63537e-05
20.8205 0.600775 0.240487 1.55783 -0.000622935 0.00106779 -1.80443e-05
20.8426 0.605484 0.241858 1.55791 0.000217229 0.00105835 -1.83319e-05
20.8608 0.610211 0.243224 1.55798 0.00110049 0.0011532 -1.7245e-05
20.8826 0.614948 0.24458 1.55805 0.00196926 0.00113003 -1.55863e-05
20.9011 0.619694 0.245925 1.55812 0.00288874 0.0010655 -2.04886e-05
20.921 0.62445 0.247253 1.55819 0.00380274 0.00114398 -2.13764e-05
20.9422 0.629208 0.248563 1.55826 0.00469619 0.00114156 -1.97182e-05
20.9615 0.633965 0.249849 1.55833 0.00560812 0.00110935 -1.95134e-05
20.9823 0.638724 0.25111 1.5584 0.0064689 0.0011132 -1.83808e-05
21.0019 0.643486 0.252342 1.55847 0.0072969 0.00120901 -1.38583e-05
21.0222 0.648241 0.253541 1.55853 0.00812433 0.00117886 -1.16499e-05
21.0456 0.652989 0.254704 1.55859 0.00889641 0.00114825 -1.0669e-05
21.0626 0.65773 0.255829 1.55866 0.00964985 0.0011826 -7.52747e-06
21.0835 0.662467 0.256913 1.55872 0.0103729 0.00131352 -3.69606e-06
21.103 0.66719 0.257953 1.55878 0.0110404 0.00129065 -1.33121e-06
21.123 0.671898 0.258946 1.55885 0.0116762 0.00125948 -3.21281e-07
21.1449 0.676592 0.259891 1.55891 0.0122701 0.00129535 3.90108e-06
21.164 0.681275 0.260785 1.55898 0.0128273 0.001415 9.00072e-06
21.1853 0.685936 0.261626 1.55904 0.013366 0.00140625 1.20421e-05
21.2044 0.690575 0.262411 1.55911 0.0138731 0.00138489 1.34488e-05
21.2243 0.695194 0.26314 1.55917 0.0143634 0.00141187 1.70115e-05
21.2458 0.699791 0.263811 1.55924 0.0148401 0.00144365 2.12994e-05
21.2646 0.704371 0.264421 1.5593 0.0152983 0.00153765 2.42968e-05
21.2853 0.708922 0.26497 1.55936 0.0157363 0.00152147 2.51811e-05
21.3057 0.713445 0.265455 1.55942 0.0161544 0.00146977 2.5759e-05
21.3252 0.71794 0.265876 1.55948 0.0165618 0.00147286 2.51291e-05
21.3473 0.722407 0.26623 1.55954 0.0169644 0.00148928 2.33035e-05
21.3653 0.726846 0.266517 1.5596 0.0173602 0.00149939 2.15676e-05
21.3893 0.731257 0.266735 1.55966 0.0177297 0.00151988 2.00187e-05
21.4057 0.735641 0.266883 1.55971 0.018072 0.00162211 1.71063e-05
21.4256 0.739988 0.26696 1.55977 0.0183995 0.00156996 1.14886e-05
21.447 0.744299 0.266964 1.55983 0.0186955 0.00155348 9.39686e-06
21.4675 0.748576 0.266896 1.55989 0.018969 0.00156411 8.23309e-06
21.4875 0.752817 0.266754 1.55995 0.0192404 0.00155872 3.52441e-06
21.5069 0.757024 0.266536 1.56001 0.0194805 0.00156746 9.05291e-07
21.5267 0.761189 0.266244 1.56007 0.0196887 0.000879803 -2.41385e-05
21.5476 0.765419 0.265875 1.56015 0.0198586 0.00147624 -1.75382e-05
21.5676 0.769672 0.265429 1.56025 0.0200008 0.00148784 -2.37181e-05
21.5893 0.773953 0.264906 1.56036 0.0201198 0.00127243 -3.47936e-05
21.6073 0.778251 0.264306 1.56049 0.0202028 0.00110497 -4.69129e-05
21.6276 0.78257 0.26363 1.56061 0.0202457 0.00111805 -5.49276e-05
21.6476 0.786901 0.262876 1.56074 0.0202455 0.0010593 -6.39244e-05
21.6678 0.791241 0.262046 1.56085 0.0201883 0.000962379 -8.11872e-05
21.6902 0.79559 0.26114 1.56097 0.020076 0.000914287 -9.17338e-05
21.7085 0.799949 0.260159 1.56108 0.019916 0.000919886 -0.000104256
21.7283 0.804318 0.259103 1.56118 0.0197306 0.000921953 -0.000114785
21.7492 0.808698 0.257973 1.56129 0.0195118 0.00101619 -0.00012445
21.7685 0.81308 0.256771 1.56138 0.0192483 0.00100845 -0.000134533
21.7898 0.817465 0.255498 1.56148 0.0189556 0.000962662 -0.000145842
21.8088 0.821854 0.254155 1.56158 0.0186328 0.00102891 -0.000154893
21.8291 0.826244 0.252744 1.56167 0.0182907 0.00107601 -0.00016077
21.8524 0.830637 0.251265 1.56177 0.0179402 0.00110989 -0.000169377
21.8697 0.835031 0.249721 1.56186 0.0175677 0.0011594 -0.000173928
21.8917 0.839428 0.248114 1.56195 0.0171912 0.00120194 -0.000180353
21.91 0.843828 0.246444 1.56203 0.0168049 0.0012932 -0.000185876
21.93 0.848222 0.244715 1.56211 0.0163869 0.00131222 -0.000192962
21.9536 0.852611 0.242926 1.5622 0.0159887 0.00134309 -0.000199442
21.9704 0.856995 0.241081 1.56228 0.0155914 0.00139801 -0.000202408
21.9914 0.861375 0.239181 1.56236 0.0151817 0.00143659 -0.000206602
22.0111 0.86575 0.237228 1.56244 0.0147958 0.00146703 -0.000210716
22.0309 0.87012 0.235223 1.56251 0.0143936 0.00149974 -0.000214223
22.0521 0.874487 0.233168 1.56258 0.0139803 0.00153533 -0.000217617
22.0713 0.878849 0.231065 1.56265 0.0135873 0.00156619 -0.000219871
22.0925 0.883207 0.228916 1.56271 0.0131841 0.0015804 -0.000217031
22.1116 0.887559 0.226722 1.56277 0.0127876 0.00162848 -0.000217864
22.1316 0.891904 0.224485 1.56283 0.0124214 0.00153545 -0.000220558
22.1536 0.896244 0.222207 1.5629 0.0120491 0.00165038 -0.00022149
22.1728 0.90057 0.219888 1.56297 0.0116942 0.00161831 -0.000225173
22.1933 0.904886 0.217532 1.56304 0.0113427 0.0016246 -0.000225747
22.2125 0.90919 0.215138 1.56311 0.0109862 0.00166537 -0.000227779
22.2323 0.913483 0.21271 1.56317 0.0106393 0.00170245 -0.000232972
22.2549 0.917764 0.210247 1.56324 0.0102878 0.00172305 -0.000231774
22.273 0.922035 0.207752 1.56329 0.00994531 0.00174775 -0.000232251
22.2968 0.926296 0.205227 1.56335 0.00961842 0.00177223 -0.00023317
22.3134 0.930545 0.202672 1.56341 0.00926978 0.0017919 -0.000231195
22.334 0.934784 0.200088 1.56346 0.00892128 0.00180709 -0.000229728
22.3564 0.939013 0.197479 1.56351 0.00857057 0.0018128 -0.000231519
22.3739 0.943231 0.194844 1.56355 0.00819256 0.00182496 -0.000231282
22.3953 0.947441 0.192186 1.5636 0.00782773 0.00191028 -0.000231797
22.4145 0.951631 0.189506 1.56364 0.0074683 0.00188423 -0.000233607
22.4345 0.955806 0.186805 1.56369 0.00711461 0.00190258 -0.000234412
22.4596 0.959964 0.184085 1.56373 0.00679053 0.00193284 -0.000234983
22.4753 0.964104 0.181347 1.56379 0.00645879 0.00189661 -0.000237495
22.4976 0.968227 0.178593 1.56384 0.00611401 0.00188744 -0.000240869
22.5157 0.972333 0.175823 1.56389 0.0057743 0.00189737 -0.000246455
22.5358 0.976399 0.17304 1.56392 0.00545214 0.000804221 -0.000259662
22.5596 0.98054 0.170245 1.56399 0.00508132 0.00157291 -0.000260466
22.5762 0.984744 0.167439 1.56409 0.00471218 0.00229664 -0.000261661
22.5985 0.989006 0.164623 1.56423 0.00435866 0.00209463 -0.00026832
22.6166 0.993319 0.161799 1.56438 0.00401096 0.00166624 -0.00027348
22.6368 0.997687 0.158969 1.56454 0.00364136 0.00163766 -0.000275985
22.6591 1.0021 0.156133 1.5647 0.00325767 0.00159729 -0.0002778
22.6778 1.00655 0.153294 1.56484 0.00288419 0.00150147 -0.00028291
22.7001 1.01105 0.150453 1.56498 0.00248973 0.00145043 -0.000285681
22.7182 1.01558 0.147611 1.56511 0.00207794 0.00152848 -0.000287762
22.7381 1.02016 0.144771 1.56522 0.0016474 0.00137021 -0.000291366
22.7616 1.02477 0.141934 1.56533 0.00119138 0.00142484 -0.0002958
22.7788 1.02942 0.139101 1.56543 0.000739121 0.00140015 -0.000299867
22.7995 1.0341 0.136274 1.56553 0.000278165 0.00140657 -0.000303065
22.8188 1.03881 0.133455 1.56562 -0.000201332 0.00143639 -0.000303973
22.839 1.04356 0.130647 1.5657 -0.000665393 0.00146441 -0.000301806
22.8605 1.04834 0.12785 1.56577 -0.0011315 0.00156495 -0.000301053
22.8796 1.05314 0.125066 1.56584 -0.00159693 0.00154661 -0.000303072
22.8999 1.05797 0.122297 1.5659 -0.00203257 0.00156887 -0.000306457
22.9195 1.06283 0.119546 1.56596 -0.00244837 0.00163727 -0.00031147
22.9401 1.06771 0.116812 1.56601 -0.00282886 0.00170043 -0.000315282
22.9621 1.07262 0.114098 1.56605 -0.00318897 0.00176287 -0.000317338
22.9799 1.07756 0.111406 1.5661 -0.00355193 0.00191477 -0.000317628
23.0017 1.08251 0.108736 1.56614 -0.0039051 0.00189295 -0.000317803
23.0207 1.08749 0.10609 1.56618 -0.0042495 0.00191145 -0.000318382
23.0406 1.09248 0.103469 1.56622 -0.00458189 0.0019713 -0.000315799
23.062 1.09749 0.100874 1.56626 -0.00489862 0.00202172 -0.000311584
23.0808 1.10252 0.0983066 1.56629 -0.00521145 0.0021548 -0.000311513
23.1018 1.10756 0.095768 1.56632 -0.00552038 0.00216661 -0.000309566
23.1212 1.11262 0.0932591 1.56636 -0.00581913 0.00214901 -0.000308524
23.1413 1.1177 0.0907811 1.56639 -0.00610646 0.00221472 -0.000304538
23.1622 1.12278 0.0883349 1.56643 -0.00637133 0.00220524 -0.000302236
23.1816 1.12788 0.0859214 1.56647 -0.00661361 0.00221217 -0.000299357
23.2024 1.13299 0.0835415 1.56651 -0.00684174 0.00224417 -0.000295405
23.2216 1.13812 0.0811959 1.56654 -0.00705395 0.00226576 -0.000291226
23.2429 1.14325 0.0788855 1.56658 -0.00726149 0.00235396 -0.000286693
23.264 1.14838 0.0766109 1.56661 -0.00747369 0.0022314 -0.000281443
23.2823 1.15353 0.074373 1.56664 -0.00768943 0.00238029 -0.000276995
23.304 1.15868 0.0721725 1.56668 -0.00790411 0.00238024 -0.00026908
23.3229 1.16384 0.07001 1.56672 -0.00811902 0.00237404 -0.000259911
23.3431 1.169 0.0678863 1.56675 -0.00833383 0.0023971 -0.000254425
23.3652 1.17416 0.065802 1.56679 -0.00854688 0.00242478 -0.000248831
23.3832 1.17933 0.0637579 1.56682 -0.00876438 0.0024441 -0.000243616
23.4053 1.18451 0.0617547 1.56685 -0.00898616 0.00247652 -0.000237794
23.4233 1.18969 0.0597932 1.56687 -0.00920957 0.00257085 -0.000232486
23.4432 1.19486 0.057874 1.5669 -0.00942674 0.00246479 -0.000226612
23.4656 1.20005 0.0559979 1.56692 -0.00964037 0.00259416 -0.000223041
23.4845 1.20523 0.0541655 1.56695 -0.00983191 0.00259259 -0.000220415
23.5055 1.2104 0.0523775 1.56699 -0.00999401 0.00258005 -0.000217806
23.5252 1.21558 0.0506343 1.56703 -0.0101482 0.00259264 -0.000215316
23.5453 1.22072 0.0489364 1.56706 -0.0103032 0.00150674 -0.000200935
23.5661 1.22598 0.0472847 1.56711 -0.0104798 0.00224567 -0.000206139
23.5856 1.23134 0.0456796 1.56721 -0.0106238 0.00279398 -0.000206893
23.6063 1.23677 0.0441215 1.56734 -0.0107335 0.00245029 -0.000200094
23.6263 1.24229 0.0426107 1.5675 -0.0108517 0.00208349 -0.000191632
23.6464 1.24787 0.0411473 1.56766 -0.0109709 0.00200356 -0.000188516
23.6693 1.25353 0.0397314 1.56781 -0.0110659 0.00208795 -0.000186718
23.6861 1.25926 0.0383631 1.56796 -0.0111261 0.00198666 -0.00018116
23.7077 1.26505 0.0370425 1.5681 -0.0111554 0.00191296 -0.000174524
23.7265 1.2709 0.0357695 1.56823 -0.011156 0.00201543 -0.000170539
23.7465 1.27681 0.034544 1.56836 -0.0111184 0.00194658 -0.000166149
23.7706 1.28277 0.0333657 1.56847 -0.0110467 0.0018786 -0.000162222
23.787 1.28879 0.0322341 1.56858 -0.0109483 0.00196873 -0.000160383
23.8079 1.29485 0.0311488 1.56868 -0.0108285 0.00190046 -0.000154326
23.827 1.30096 0.0301092 1.56877 -0.0106932 0.00189134 -0.000151951
23.8473 1.30712 0.0291147 1.56886 -0.0105391 0.00201153 -0.000152358
23.8703 1.31332 0.0281644 1.56895 -0.0103618 0.00199384 -0.000149594
23.8875 1.31956 0.0272576 1.56903 -0.0101696 0.00194921 -0.000144141
23.9091 1.32583 0.0263935 1.56911 -0.00997452 0.00199321 -0.000141907
23.9282 1.33215 0.0255711 1.56918 -0.00976844 0.0021303 -0.000141755
23.9485 1.3385 0.0247894 1.56925 -0.00954995 0.00214599 -0.000140784
23.9712 1.34488 0.0240477 1.56932 -0.00934706 0.00213344 -0.000138405
23.9885 1.35129 0.0233449 1.56939 -0.00914626 0.00218852 -0.000138233
24.0113 1.35773 0.0226801 1.56945 -0.00893137 0.00232558 -0.000137109
24.029 1.36419 0.0220524 1.56951 -0.00872733 0.00229416 -0.000135113
24.0491 1.37068 0.021461 1.56957 -0.00854168 0.00233132 -0.000134311
24.0711 1.37719 0.020905 1.56963 -0.00835882 0.00249073 -0.000133986
24.0898 1.38372 0.0203834 1.56969 -0.00817881 0.00248235 -0.000135555
24.1123 1.39026 0.0198956 1.56975 -0.00800554 0.00245123 -0.000135296
24.1302 1.39682 0.0194406 1.56981 -0.00783456 0.00249655 -0.000134304
24.1505 1.4034 0.0190178 1.56986 -0.00766636 0.00255061 -0.000133713
24.1714 1.40999 0.0186263 1.56992 -0.00749573 0.00264556 -0.000135527
24.1904 1.41659 0.0182654 1.56997 -0.00731931 0.00259835 -0.000135922
24.2113 1.42319 0.0179342 1.57002 -0.0071435 0.0026217 -0.000135363
24.2304 1.42981 0.0176321 1.57007 -0.00696872 0.0026722 -0.000134599
24.2513 1.43643 0.0173583 1.57012 -0.00680588 0.0026944 -0.000133552
24.2722 1.44307 0.017112 1.57016 -0.00665233 0.0027907 -0.00013265
24.2912 1.4497 0.0168925 1.57021 -0.00651141 0.00275766 -0.000129985
24.3128 1.45634 0.0166994 1.57025 -0.00638151 0.00272138 -0.000128808
24.3318 1.46298 0.0165318 1.5703 -0.0062552 0.0027509 -0.000128329
24.3515 1.46962 0.0163894 1.57034 -0.00614507 0.00278601 -0.000126947
24.3739 1.47626 0.0162715 1.57038 -0.00604614 0.0028018 -0.000125823
24.3918 1.4829 0.0161778 1.57042 -0.00595975 0.00291686 -0.000127631
24.4131 1.48954 0.0161077 1.57046 -0.00588147 0.00289186 -0.000127647
24.4324 1.49617 0.0160608 1.57049 -0.00579763 0.00285472 -0.000126149
24.4524 1.5028 0.0160367 1.57053 -0.00570364 0.00287831 -0.000126445
24.4734 1.50942 0.0160349 1.57057 -0.00559498 0.00288334 -0.00012352
24.4932 1.51603 0.0160549 1.57061 -0.00547619 0.0028652 -0.000122066
24.515 1.52264 0.0160963 1.57065 -0.00536064 0.00286635 -0.000122934
24.5337 1.52924 0.0161585 1.57068 -0.00523737 0.00293961 -0.000122132
24.5539 1.53583 0.0162409 1.57071 -0.00509695 0.00288494 -0.000117621
24.576 1.54242 0.0163428 1.57074 -0.00493888 0.00167679 -0.000108995
24.594 1.54917 0.0164641 1.57084 -0.00481394 0.00308977 -0.000114242
24.615 1.556 0.0166039 1.57099 -0.0046312 0.00292597 -0.000111101
24.6346 1.56291 0.0167614 1.57117 -0.00444018 0.00242246 -0.000106357
24.6547 1.56991 0.0169358 1.57138 -0.00425999 0.00230406 -0.0001029
24.6756 1.57697 0.0171263 1.57158 -0.00406024 0.0022644 -9.92375e-05
24.6948 1.58411 0.0173319 1.57177 -0.00384219 0.00221195 -9.71197e-05
24.7168 1.5913 0.0175517 1.57196 -0.00361748 0.00206139 -9.30986e-05
24.7351 1.59856 0.0177849 1.57212 -0.00338253 0.00194461 -8.91486e-05
24.7552 1.60587 0.0180304 1.57228 -0.00313634 0.00199576 -8.60849e-05
24.7763 1.61323 0.0182873 1.57242 -0.00287884 0.00192255 -8.31516e-05
24.7963 1.62065 0.0185545 1.57255 -0.00261657 0.00189891 -7.87712e-05
24.8172 1.62811 0.018831 1.57267 -0.0023525 0.00201135 -7.61632e-05
24.8359 1.63562 0.0191158 1.57278 -0.00208755 0.00198157 -7.18813e-05
24.8564 1.64316 0.0194078 1.57288 -0.00182166 0.00196369 -6.82381e-05
24.8794 1.65075 0.019706 1.57297 -0.00156833 0.00208103 -6.46899e-05
24.8965 1.65838 0.0200095 1.57306 -0.00132778 0.00204908 -6.0944e-05
24.9187 1.66604 0.0203172 1.57314 -0.00109501 0.00204939 -5.81192e-05
24.937 1.67373 0.0206282 1.57321 -0.000871386 0.00210015 -5.47411e-05
24.9575 1.68145 0.0209416 1.57328 -0.000644087 0.00221455 -5.00509e-05
24.9793 1.68921 0.0212565 1.57335 -0.000425698 0.00217781 -4.59169e-05
24.9975 1.69698 0.0215721 1.57341 -0.000227304 0.00220008 -4.28244e-05
25.0201 1.70479 0.0218876 1.57346 -2.82361e-05 0.00232695 -3.90604e-05
25.0382 1.71261 0.0222022 1.57352 0.000179915 0.00230325 -3.85415e-05
25.0584 1.72045 0.022515 1.57357 0.00038694 0.00233063 -3.39525e-05
25.0804 1.72831 0.0228253 1.57361 0.000589078 0.00239317 -2.70137e-05
25.0988 1.73619 0.0231322 1.57366 0.00079954 0.00251672 -2.36034e-05
25.1193 1.74408 0.0234351 1.57369 0.000993646 0.00249567 -2.10038e-05
25.139 1.75198 0.0237332 1.57373 0.00115987 0.00254109 -1.95149e-05
25.1589 1.75989 0.024026 1.57376 0.00131619 0.00261048 -2.04872e-05
25.1802 1.76781 0.0243126 1.5738 0.00146791 0.00272947 -2.03363e-05
25.1996 1.77574 0.0245926 1.57382 0.0016139 0.00269781 -1.93441e-05
25.2205 1.78367 0.0248655 1.57385 0.00174775 0.00272025 -1.84676e-05
25.24 1.79161 0.0251306 1.57388 0.00187216 0.00284571 -1.69477e-05
25.2602 1.79954 0.0253876 1.5739 0.00199006 0.00282782 -1.64517e-05
25.2816 1.80748 0.025636 1.57392 0.00210746 0.00278973 -1.66985e-05
25.3003 1.8154 0.0258754 1.57394 0.00222403 0.00281005 -1.64776e-05
25.3227 1.82333 0.0261053 1.57396 0.00233123 0.00283618 -1.30983e-05
25.3409 1.83125 0.0263254 1.57397 0.00242663 0.00291335 -1.19765e-05
25.3608 1.83916 0.0265353 1.57399 0.00252478 0.00284469 -1.18477e-05
25.3816 1.84706 0.0267346 1.574 0.00262257 0.00283724 -1.13553e-05
25.4011 1.85495 0.0269231 1.57401 0.00270997 0.00285668 -1.20083e-05
25.422 1.86283 0.0271004 1.57402 0.00279306 0.00285582 -1.567e-05
25.4414 1.8707 0.0272661 1.57402 0.00287979 0.0029246 -1.72794e-05
25.4619 1.87855 0.0274201 1.57403 0.00296967 0.0028546 -1.90749e-05
25.4841 1.88639 0.0275619 1.57403 0.00304979 0.00284022 -2.0658e-05
25.5026 1.8942 0.0276914 1.57404 0.00312523 0.00285599 -1.91214e-05
25.5229 1.902 0.0278082 1.57404 0.00320911 0.00284044 -1.98925e-05
25.5423 1.90978 0.027912 1.57404 0.00328647 0.00281464 -2.38951e-05
25.5626 1.91754 0.0280028 1.57405 0.00333992 0.00288796 -2.36786e-05
25.5838 1.92525 0.0280803 1.57404 0.00339945 0.00148858 -2.96312e-05
25.6028 1.93309 0.0281441 1.57408 0.00344898 0.00223768 -2.87948e-05
25.6247 1.94103 0.0281939 1.57416 0.00350827 0.00288327 -2.9544e-05
25.6436 1.94906 0.0282297 1.57427 0.00357834 0.0024833 -3.17224e-05
25.6635 1.95717 0.0282513 1.57441 0.00363813 0.00216039 -3.49398e-05
25.684 1.96535 0.0282586 1.57455 0.00368716 0.00202954 -3.98786e-05
25.7039 1.97361 0.0282516 1.57468 0.003723 0.00205397 -4.06507e-05
25.7249 1.98193 0.0282301 1.57481 0.00374598 0.00193982 -4.11697e-05
25.7443 1.99031 0.028194 1.57493 0.00377154 0.0019067 -4.29693e-05
25.7642 1.99875 0.0281433 1.57504 0.00378519 0.00185232 -4.58807e-05
25.7853 2.00725 0.0280782 1.57514 0.00378216 0.00186554 -4.72431e-05
25.8052 2.01579 0.0279985 1.57523 0.00377137 0.00182699 -4.88469e-05
25.8271 2.02438 0.0279043 1.57532 0.00376191 0.00177302 -5.11017e-05
25.8449 2.03302 0.0277958 1.5754 0.00374659 0.00186004 -5.16912e-05
25.8651 2.0417 0.027673 1.57547 0.0037169 0.00184405 -5.1909e-05
25.8857 2.05041 0.0275362 1.57553 0.00367853 0.00180547 -5.45932e-05
25.9052 2.05916 0.0273854 1.57559 0.00363802 0.00190416 -5.38938e-05
25.9258 2.06795 0.0272208 1.57565 0.00359704 0.00193309 -5.41232e-05
25.9457 2.07676 0.0270427 1.5757 0.00356079 0.00190844 -5.21263e-05
25.9657 2.08561 0.0268513 1.57575 0.00353 0.00200255 -5.14355e-05
25.9866 2.09448 0.0266467 1.5758 0.00348339 0.0020336 -5.10078e-05
26.0061 2.10337 0.0264291 1.57584 0.0034346 0.00205214 -5.03296e-05
26.0269 2.11229 0.0261989 1.57588 0.00338853 0.00218423 -4.95429e-05
26.0465 2.12122 0.025956 1.57592 0.00334209 0.00220518 -4.75267e-05
26.0665 2.13016 0.025701 1.57596 0.00329319 0.00221879 -4.6993e-05
26.0891 2.13912 0.0254338 1.576 0.00323835 0.00226886 -4.82717e-05
26.1072 2.1481 0.025155 1.57604 0.00318096 0.0023839 -5.05033e-05
26.1287 2.15708 0.0248645 1.57607 0.00312475 0.00234859 -5.17544e-05
26.1475 2.16607 0.0245628 1.5761 0.00306019 0.00237876 -5.20459e-05
26.1675 2.17506 0.0242501 1.57614 0.00299078 0.00253269 -5.38566e-05
26.1883 2.18406 0.0239267 1.57617 0.00292485 0.00249839 -5.41114e-05
26.2078 2.19306 0.0235929 1.5762 0.00286458 0.00248808 -5.46492e-05
26.2296 2.20207 0.0232489 1.57624 0.00281116 0.00251774 -5.67081e-05
26.248 2.21107 0.022895 1.57627 0.00275642 0.00261304 -5.785e-05
26.2684 2.22006 0.0225315 1.57631 0.00269585 0.00258294 -5.73401e-05
26.2894 2.22905 0.0221586 1.57634 0.00263329 0.00258542 -5.85632e-05
26.3083 2.23803 0.0217767 1.57637 0.00256794 0.00270787 -5.96852e-05
26.3302 2.247 0.0213859 1.5764 0.00249895 0.00270937 -6.16191e-05
26.3492 2.25595 0.0209866 1.57643 0.00243731 0.00266488 -6.44291e-05
26.369 2.26489 0.020579 1.57646 0.0023774 0.00268225 -6.65272e-05
26.3895 2.27382 0.0201635 1.57649 0.00231612 0.00270934 -7.01035e-05
26.4094 2.28273 0.0197402 1.57652 0.00225725 0.00270529 -7.17681e-05
26.4307 2.29163 0.0193096 1.57655 0.00218126 0.00276646 -7.22544e-05
26.4495 2.3005 0.0188717 1.57657 0.0021069 0.00272735 -7.13602e-05
26.4696 2.30935 0.018427 1.5766 0.00204335 0.00273345 -7.39659e-05
26.4906 2.31818 0.0179757 1.57664 0.00198298 0.00275278 -7.47728e-05
26.51 2.32699 0.0175181 1.57667 0.00193076 0.00281288 -7.69772e-05
26.5315 2.33577 0.0170544 1.5767 0.00187344 0.00271094 -8.13039e-05
26.5506 2.34453 0.0165849 1.57673 0.00181448 0.00280466 -8.35793e-05
26.5708 2.35327 0.0161097 1.57677 0.00176414 0.00282309 -8.83477e-05
26.5914 2.36192 0.015629 1.5768 0.00175007 0.000824431 -9.15014e-05
26.6107 2.3707 0.0151433 1.57686 0.00167615 0.00168952 -9.20377e-05
26.6321 2.37962 0.0146525 1.577 0.00158484 0.00326278 -9.11895e-05
26.6514 2.38862 0.0141568 1.57721 0.0015461 0.0027529 -9.60313e-05
26.6714 2.39773 0.0136566 1.57746 0.00149062 0.00209899 -9.85122e-05
26.6921 2.40692 0.0131523 1.57773 0.00140732 0.00197986 -9.89274e-05
26.7119 2.41618 0.0126442 1.578 0.0013207 0.00192531 -9.97709e-05
26.7336 2.42552 0.0121325 1.57825 0.00124035 0.00177522 -0.000102236
26.7527 2.43494 0.0116176 1.57848 0.00115813 0.00170396 -0.00010486
26.7723 2.44442 0.0110999 1.57869 0.00107376 0.00158751 -0.000107417
26.7944 2.45396 0.0105796 1.57888 0.000983884 0.00162415 -0.000108688
26.8129 2.46357 0.0100574 1.57905 0.000878335 0.00156189 -0.000112005
26.8343 2.47323 0.00953341 1.57921 0.000757814 0.0015165 -0.00011377
26.853 2.48294 0.00900817 1.57935 0.000639034 0.00159813 -0.000112763
26.8731 2.49271 0.00848205 1.57948 0.000532648 0.00155959 -0.000111064
26.8943 2.50252 0.0079555 1.5796 0.000435139 0.00166059 -0.000110423
26.9135 2.51238 0.0074289 1.57971 0.000343571 0.00167646 -0.00010929
26.9357 2.52228 0.00690268 1.57981 0.000247503 0.00176927 -0.000107502
26.9537 2.53221 0.00637721 1.57991 0.000146959 0.00177742 -0.000106132
26.974 2.54218 0.00585289 1.58 4.16708e-05 0.0018258 -0.000104344
26.9951 2.55219 0.00533012 1.58009 -6.42097e-05 0.00196169 -0.00010588
27.0143 2.56222 0.00480925 1.58017 -0.000166546 0.00198432 -0.000105725
27.0367 2.57228 0.00429068 1.58024 -0.000265263 0.00197172 -0.000103785
27.0546 2.58237 0.00377485 1.58031 -0.000366475 0.00211022 -0.000104422
27.0747 2.59248 0.00326206 1.58037 -0.000459774 0.00213198 -0.000102911
27.0995 2.6026 0.00275262 1.58043 -0.000537817 0.00212564 -0.000100476
27.1158 2.61275 0.00224692 1.58048 -0.000612013 0.00218212 -0.000100119
27.1366 2.62291 0.0017452 1.58053 -0.000681662 0.00233703 -9.76565e-05
27.1559 2.63308 0.00124774 1.58057 -0.000743782 0.00232157 -9.75246e-05
27.1764 2.64327 0.000754788 1.58062 -0.000807537 0.00234329 -9.59932e-05
27.2018 2.65347 0.00026661 1.58066 -0.00087574 0.00248374 -9.37913e-05
27.2171 2.66366 -0.00021662 1.58069 -0.000935236 0.00245851 -9.12503e-05
27.2395 2.67387 -0.000694636 1.58073 -0.000992808 0.00257476 -9.03315e-05
27.2574 2.68407 -0.00116724 1.58076 -0.00104871 0.00251665 -8.90791e-05
27.2774 2.69427 -0.00163416 1.58079 -0.00111372 0.00259672 -8.89572e-05
27.2981 2.70448 -0.0020952 1.58082 -0.0011807 0.00262625 -8.72605e-05
27.3177 2.71468 -0.00255011 1.58084 -0.00124786 0.00261316 -8.96587e-05
27.3405 2.72487 -0.0029987 1.58087 -0.00131341 0.00267768 -9.01937e-05
27.3581 2.73506 -0.00344074 1.58088 -0.00137164 0.00261839 -9.11811e-05
27.3783 2.74524 -0.00387598 1.5809 -0.00143237 0.00258691 -9.10916e-05
27.3993 2.7554 -0.00430419 1.58091 -0.00149563 0.00263145 -9.13511e-05
27.4191 2.76556 -0.00472506 1.58092 -0.00157407 0.0027718 -9.58301e-05
27.4392 2.77569 -0.00513847 1.58093 -0.00164573 0.0027046 -9.48391e-05
27.4587 2.78581 -0.00554418 1.58093 -0.00170587 0.00268339 -9.40943e-05
27.4789 2.79591 -0.00594192 1.58094 -0.00175993 0.0027281 -9.58902e-05
27.5009 2.80599 -0.00633152 1.58094 -0.00180865 0.00275465 -9.66787e-05
27.5193 2.81606 -0.00671285 1.58094 -0.00184988 0.002865 -9.57168e-05
27.5398 2.8261 -0.0070858 1.58094 -0.0018754 0.00283179 -9.64862e-05
27.5595 2.83612 -0.0074502 1.58094 -0.00190161 0.00280854 -9.5932e-05
27.5799 2.84612 -0.00780601 1.58094 -0.00192433 0.00280715 -9.48678e-05
27.6026 2.85609 -0.00815306 1.58094 -0.00195529 0.00274348 -9.70959e-05
27.62 2.86602 -0.00849136 1.58094 -0.00198432 0.000854728 -9.74294e-05
27.6423 2.87617 -0.00882037 1.581 -0.00206466 0.00278077 -0.000101995
27.6606 2.88642 -0.00914051 1.58112 -0.00207737 0.00289007 -0.000102389
27.6805 2.89679 -0.00945144 1.5813 -0.00208219 0.00227535 -0.000101937
27.7017 2.90725 -0.00975297 1.5815 -0.00211966 0.00183613 -0.000103135
27.721 2.91781 -0.0100451 1.5817 -0.00217366 0.00184691 -0.000103032
27.7428 2.92846 -0.010328 1.58189 -0.00220881 0.00177344 -0.000102404
27.7613 2.9392 -0.0106015 1.58207 -0.0022294 0.00167921 -0.00010181
27.7816 2.95001 -0.0108654 1.58223 -0.00224529 0.00152843 -0.00010246
27.8033 2.9609 -0.0111196 1.58237 -0.00226285 0.00160432 -0.000104296
27.8224 2.97185 -0.0113644 1.5825 -0.00226023 0.0015311 -0.000103341
27.8442 2.98287 -0.0115996 1.58262 -0.00226159 0.00145355 -0.000105583
27.8626 2.99395 -0.0118252 1.58272 -0.00226186 0.00155209 -0.000108901
27.8835 3.00509 -0.0120413 1.58281 -0.00225018 0.00158356 -0.000107844
27.9069 3.01628 -0.012248 1.58289 -0.00222147 0.00155968 -0.000107647
27.9231 3.02752 -0.0124455 1.58297 -0.00219361 0.00165147 -0.000106438
27.945 3.0388 -0.0126336 1.58304 -0.00217637 0.00160392 -0.000104459
27.9637 3.05012 -0.0128126 1.5831 -0.00217002 0.00172705 -0.000104357
27.9836 3.06148 -0.0129826 1.58316 -0.00215319 0.00170585 -0.000102407
28.0051 3.07288 -0.0131436 1.58321 -0.00213031 0.00175448 -0.000104017
28.0238 3.08432 -0.0132959 1.58325 -0.00210731 0.00193988 -0.000102919
28.0446 3.09578 -0.0134395 1.58329 -0.00207053 0.00187971 -0.000101859
28.0643 3.10727 -0.0135745 1.58333 -0.0020352 0.00202415 -0.000103105
28.0843 3.11879 -0.0137011 1.58336 -0.00199734 0.00203874 -0.000102508
28.1057 3.13032 -0.0138195 1.5834 -0.00196925 0.00203167 -0.000102813
28.125 3.14188 -0.0139298 1.58343 -0.00194951 0.0022128 -0.000102123
28.1457 3.15346 -0.0140321 1.58346 -0.00192171 0.00219173 -0.000102653
28.1652 3.16504 -0.0141265 1.58348 -0.00189852 0.00220958 -0.00010193
28.1858 3.17665 -0.0142132 1.58351 -0.00187703 0.00239871 -0.000100634
28.2064 3.18826 -0.0142924 1.58353 -0.00185102 0.00236831 -0.000102009
28.2256 3.19987 -0.014364 1.58355 -0.00183187 0.00240832 -9.90553e-05
28.2481 3.2115 -0.0144281 1.58357 -0.0018095 0.00261704 -0.000104866
28.2662 3.22312 -0.0144851 1.58359 -0.00177621 0.0025964 -0.000105523
28.2861 3.23474 -0.014535 1.5836 -0.0017472 0.00259024 -0.000104294
28.3094 3.24636 -0.0145778 1.58362 -0.00171867 0.00266063 -0.000104008
28.3268 3.25799 -0.0146138 1.58363 -0.00168771 0.00279375 -0.000107133
28.348 3.2696 -0.0146431 1.58364 -0.0016629 0.00281247 -0.000108897
28.3672 3.28121 -0.0146657 1.58364 -0.00163486 0.00289836 -0.000109996
28.3873 3.2928 -0.014682 1.58365 -0.0015963 0.00282162 -0.000109387
28.4081 3.30437 -0.014692 1.58365 -0.00156565 0.00283053 -0.000107703
28.4277 3.31593 -0.0146957 1.58366 -0.00153757 0.0028691 -0.000104443
28.4491 3.32748 -0.0146935 1.58366 -0.001504 0.00299323 -0.000101296
28.4679 3.33901 -0.0146855 1.58366 -0.00145729 0.00294039 -9.91833e-05
28.488 3.35052 -0.0146718 1.58367 -0.00142021 0.00285642 -9.8154e-05
28.5113 3.362 -0.0146524 1.58367 -0.00139482 0.00294108 -9.78001e-05
28.5284 3.37347 -0.0146277 1.58368 -0.00136695 0.00291913 -9.71974e-05
28.5511 3.3849 -0.0145977 1.58368 -0.00135327 0.0029353 -9.70163e-05
28.5692 3.39631 -0.0145624 1.58368 -0.00134213 0.00295223 -9.54756e-05
28.5892 3.40769 -0.014522 1.58368 -0.00132508 0.00292628 -9.08241e-05
28.6104 3.41904 -0.0144767 1.58368 -0.00129836 0.00298687 -8.53279e-05
28.6292 3.43043 -0.0144259 1.58369 -0.00135086 0.00669967 -8.94116e-05
28.6519 3.44147 -0.0143712 1.58373 -0.00120996 0.00403907 -7.8163e-05
28.6697 3.45224 -0.0143119 1.58393 -0.00104904 0.00193191 -6.81935e-05
28.69 3.46278 -0.014248 1.58425 -0.000976323 0.00287694 -6.05244e-05
28.7109 3.47309 -0.0141804 1.58463 -0.000905738 0.00404143 -5.50746e-05
28.7307 3.48319 -0.0141097 1.58501 -0.000798742 0.00413028 -4.91389e-05
28.7515 3.49309 -0.014036 1.58537 -0.000692547 0.0040363 -4.49612e-05
28.7707 3.50281 -0.0139599 1.58569 -0.000605909 0.00416908 -4.00441e-05
28.791 3.51234 -0.0138815 1.58596 -0.000535113 0.00424702 -3.56736e-05
28.8141 3.5217 -0.0138013 1.58618 -0.000471642 0.00418218 -2.90817e-05
28.8313 3.5309 -0.0137195 1.58636 -0.000408002 0.00435236 -2.4369e-05
28.8519 3.53994 -0.0136364 1.5865 -0.000345143 0.00401672 -1.74171e-05
28.8714 3.54885 -0.0135522 1.58661 -0.000289261 0.00404541 -1.23651e-05
28.892 3.55761 -0.013467 1.58669 -0.00023572 0.00383645 -1.18296e-05
28.9142 3.56624 -0.0133813 1.58675 -0.000186928 0.00380865 -6.64923e-06
28.932 3.57474 -0.0132951 1.58679 -0.00014106 0.00361659 -9.72132e-07
28.9531 3.58313 -0.0132085 1.58681 -0.000106334 0.00345013 4.93187e-06
28.9727 3.59141 -0.0131218 1.58681 -6.98905e-05 0.00322814 5.95181e-06
28.9927 3.59959 -0.0130351 1.58679 -3.16071e-05 0.00307182 8.98644e-06
29.0131 3.60768 -0.0129486 1.58676 7.84718e-06 0.00313579 1.05284e-05
29.0329 3.61567 -0.0128624 1.5867 4.24577e-05 0.00301147 1.3301e-05
29.0539 3.62355 -0.0127766 1.58664 8.30903e-05 0.00277025 1.6229e-05
29.0733 3.63131 -0.0126915 1.58657 0.000118743 0.00262081 1.98801e-05
29.0934 3.63893 -0.0126069 1.58648 0.000138968 0.00257614 2.25582e-05
29.1146 3.64642 -0.0125233 1.58639 0.000162625 0.00249604 2.86869e-05
29.1342 3.65377 -0.0124406 1.5863 0.000193088 0.00248073 3.41759e-05
29.1559 3.66095 -0.0123588 1.58619 0.000212981 0.00245856 3.81097e-05
29.1743 3.66797 -0.0122782 1.58608 0.000239585 0.00241936 4.15855e-05
29.1947 3.67481 -0.0121988 1.58596 0.000269428 0.00239436 4.39449e-05
29.2179 3.68148 -0.0121207 1.58584 0.000304149 0.00242713 4.72566e-05
29.2355 3.68795 -0.0120442 1.58571 0.000353688 0.00240306 5.15431e-05
29.2559 3.69423 -0.0119694 1.58558 0.000400832 0.00250558 5.51306e-05
29.2757 3.7003 -0.0118964 1.58545 0.00046076 0.00235385 5.89315e-05
29.2957 3.70616 -0.0118254 1.58531 0.000506558 0.00244737 6.1907e-05
29.3179 3.7118 -0.0117565 1.58518 0.000525313 0.00258384 6.64227e-05
29.3357 3.71722 -0.0116899 1.58505 0.000554323 0.00254481 7.1029e-05
29.3569 3.72241 -0.0116258 1.58492 0.000591062 0.00251437 7.48437e-05
29.3762 3.72736 -0.0115642 1.58479 0.000627514 0.00258612 7.77599e-05
29.3966 3.73207 -0.0115053 1.58466 0.000664792 0.00247085 8.11834e-05
29.4175 3.73653 -0.0114492 1.58453 0.000691203 0.00254622 8.58559e-05
29.4366 3.74073 -0.0113959 1.5844 0.000712959 0.00246954 8.97439e-05
29.4575 3.74467 -0.0113457 1.58427 0.000737053 0.00242196 9.47423e-05
29.4767 3.74835 -0.0112983 1.58415 0.000735438 0.00258004 9.55784e-05
29.4971 3.75174 -0.0112541 1.58403 0.000746091 0.00242793 9.83471e-05
29.5191 3.75485 -0.0112131 1.58391 0.000765548 0.00226574 0.000101857
29.5371 3.75767 -0.0111751 1.5838 0.000765736 0.0023359 0.000102632
29.5581 3.76019 -0.0111403 1.58369 0.000774803 0.00231181 0.000105348
29.5774 3.76241 -0.0111087 1.58359 0.00079494 0.00229749 0.000107584
29.5976 3.76431 -0.0110804 1.58349 0.000811203 0.00222988 0.00010954
29.6179 3.7659 -0.0110554 1.58339 0.000833096 0.00227689 0.000112226
29.638 3.76721 -0.0110334 1.58332 0.000782324 0.00427636 0.000111536
29.6592 3.76801 -0.0110157 1.58325 0.000912738 0.00192136 0.000114278
29.6783 3.7684 -0.0110016 1.58329 0.00100042 0.00094667 0.000115703
29.6981 3.76838 -0.0109909 1.58343 0.000996595 0.00160506 0.000115514
29.7226 3.76798 -0.0109843 1.58362 0.000989135 0.0022301 0.000116543
29.7392 3.7672 -0.0109818 1.58383 0.00100416 0.00213705 0.000117278
29.7616 3.76607 -0.0109834 1.58403 0.0010353 0.00185259 0.000119036
29.7797 3.76461 -0.0109887 1.58421 0.00102997 0.00175983 0.000117401
29.7992 3.76282 -0.0109981 1.58438 0.00100679 0.00167177 0.000115816
29.8227 3.76074 -0.0110113 1.58452 0.000981781 0.00140864 0.00011434
29.84 3.75837 -0.0110282 1.58464 0.000933232 0.00151683 0.000116511
29.8606 3.75571 -0.0110489 1.58475 0.000921282 0.00113048 0.000115155
29.8804 3.75281 -0.0110732 1.58484 0.000912057 0.00103327 0.000115259
29.9008 3.74965 -0.0111009 1.58492 0.00088268 0.00107336 0.000114254
29.9212 3.74627 -0.0111322 1.58499 0.000879657 0.000739538 0.000115154
29.9408 3.74267 -0.0111666 1.58504 0.000854395 0.000681856 0.000115725
29.9617 3.73886 -0.0112044 1.58509 0.000843636 0.000669022 0.000116368
29.9816 3.73487 -0.0112455 1.58513 0.000840969 0.000562372 0.000116856
30.0015 3.73069 -0.0112896 1.58516 0.000827993 0.00054796 0.000118146
30.0239 3.72633 -0.0113369 1.58518 0.000819803 0.000381787 0.000118819
30.0419 3.7218 -0.0113873 1.58519 0.000802362 0.000237178 0.000120571
30.0629 3.71712 -0.0114406 1.5852 0.000778306 0.00020262 0.00012199
30.082 3.71228 -0.0114967 1.5852 0.000756843 0.000189011 0.00012316
30.1021 3.70729 -0.0115557 1.58519 0.000725148 5.5059e-05 0.00012258
30.1259 3.70215 -0.0116171 1.58518 0.00067005 2.75223e-05 0.000122409
30.2908 3.69688 -0.0116811 1.58517 0.000631823 -0.000134949 0.000123507
30.3196 3.69149 -0.0117474 1.58515 0.000601744 -0.000187882 0.000124667
30.3396 3.68597 -0.0118159 1.58513 0.000570572 -0.000293673 0.000124515
30.3595 3.68033 -0.0118863 1.58511 0.000527357 -0.000316866 0.000123238
30.3806 3.67459 -0.0119586 1.58509 0.000501637 -0.000401644 0.000125365
30.4002 3.66874 -0.0120328 1.58506 0.000487298 -0.000464242 0.000128555
30.4208 3.6628 -0.0121087 1.58503 0.000479173 -0.000562129 0.000131402
30.4402 3.65677 -0.0121863 1.585 0.000466383 -0.000588532 0.00013556
30.4604 3.65066 -0.0122655 1.58497 0.000462252 -0.000667961 0.000139306
30.4813 3.64447 -0.0123461 1.58495 0.000452084 -0.000641226 0.000140492
30.5008 3.63821 -0.0124283 1.58492 0.000433407 -0.000674217 0.000140869
30.5217 3.63188 -0.0125119 1.58488 0.00041303 -0.000763964 0.000142367
30.5416 3.6255 -0.0125968 1.58485 0.000389185 -0.000725683 0.000143282
30.5613 3.61906 -0.012683 1.58482 0.000362069 -0.000770718 0.000144891
30.5819 3.61257 -0.0127703 1.58479 0.000339007 -0.000833828 0.000148046
30.6018 3.60604 -0.0128587 1.58476 0.000314583 -0.000777609 0.00015027
30.622 3.59948 -0.012948 1.58473 0.000288964 -0.000831016 0.000150831
30.6426 3.59288 -0.0130382 1.58469 0.000268167 -0.000873616 0.000152496
30.6622 3.58626 -0.0131292 1.58466 0.000246367 -0.000896901 0.000155453
30.6856 3.57961 -0.0132208 1.58463 0.000219956 -0.000861577 0.000160213
30.7024 3.57295 -0.0133131 1.5846 0.000199075 -0.00089835 0.000163537
30.7231 3.56629 -0.0134058 1.58457 0.000181403 -0.000842722 0.000167371
30.7426 3.55961 -0.013499 1.58454 0.000172655 -0.000884312 0.000171338
30.7632 3.55293 -0.0135925 1.58451 0.000156484 -0.000830166 0.000173742
30.7848 3.54626 -0.0136863 1.58448 0.000131965 -0.000881016 0.000174842
30.8032 3.53959 -0.0137802 1.58445 9.41742e-05 -0.000855248 0.000178028
30.8242 3.53293 -0.0138743 1.58442 6.01362e-05 -0.000809433 0.000178247
30.8442 3.52629 -0.0139682 1.5844 3.27735e-05 -0.000864746 0.000179196
30.8638 3.51967 -0.014062 1.58437 2.39895e-06 -0.000875044 0.000181571
30.8848 3.51309 -0.0141556 1.58435 -1.93833e-05 -0.00080785 0.000185229
30.9042 3.50652 -0.0142488 1.58433 -3.03734e-05 -0.000801223 0.000191352
30.9253 3.5 -0.0143417 1.58431 -3.79487e-05 -0.00073332 0.000193167
30.9447 3.49352 -0.014434 1.58429 -5.38992e-05 -0.000781015 0.000194666
30.9645 3.48708 -0.0145257 1.58428 -8.05825e-05 -0.000664959 0.000197825
30.9863 3.48069 -0.0146169 1.58426 -9.64964e-05 -0.000636415 0.000200849
31.0052 3.47435 -0.0147075 1.58425 -0.000104259 -0.000536077 0.000200702
31.0262 3.46807 -0.0147973 1.58424 -0.000116186 -0.000530026 0.000203473
31.0454 3.46185 -0.0148863 1.58423 -0.00014033 -0.000443935 0.000206981
31.0654 3.45569 -0.0149744 1.58423 -0.000168989 -0.000456229 0.000212133
31.0872 3.44961 -0.0150617 1.58422 -0.00018669 -0.000301106 0.000219357
31.1057 3.44359 -0.0151479 1.58422 -0.000202449 -0.000308695 0.000221304
31.1274 3.43766 -0.015233 1.58423 -0.00023025 -0.000122176 0.00022564
31.1466 3.4318 -0.0153169 1.58424 -0.000251326 -8.11224e-05 0.000229715
31.1666 3.42603 -0.0153996 1.58425 -0.000273903 4.50409e-05 0.000232256
31.1883 3.42034 -0.0154808 1.58427 -0.000307148 0.000115745 0.000233588
31.207 3.41474 -0.0155605 1.58428 -0.000332701 0.000168957 0.000235678
31.2299 3.40924 -0.0156387 1.5843 -0.000365452 0.000262619 0.000238879
31.2475 3.40383 -0.0157152 1.58432 -0.00038661 0.000360327 0.000240931
31.2675 3.39851 -0.0157901 1.58433 -0.000391614 0.000371746 0.000242146
31.29 3.3933 -0.015863 1.58435 -0.000415901 0.000551719 0.000245843
31.308 3.38819 -0.015934 1.58438 -0.000452384 0.000658265 0.000247521
31.3282 3.38318 -0.0160029 1.5844 -0.000487808 0.000600707 0.000249803
31.3483 3.37828 -0.0160697 1.58443 -0.000527039 0.000820483 0.000252353
31.3683 3.37349 -0.0161342 1.58447 -0.000556742 0.000930979 0.000256251
31.3902 3.36881 -0.0161964 1.58451 -0.000576207 0.000955174 0.000258258
31.4086 3.36424 -0.0162562 1.58455 -0.00056915 0.0009522 0.000260864
31.4306 3.35978 -0.0163136 1.58459 -0.000554565 0.00100594 0.000261027
31.4491 3.35544 -0.0163685 1.58463 -0.000557603 0.00109105 0.000260692
31.4693 3.35122 -0.016421 1.58467 -0.000583698 0.00118785 0.00026039
31.4898 3.34712 -0.0164708 1.58471 -0.000631379 0.00127642 0.000265087
31.5095 3.34313 -0.0165179 1.58475 -0.000684437 0.0013466 0.000266817
31.5303 3.33926 -0.0165621 1.58479 -0.000734717 0.00138639 0.000270554
31.5519 3.33551 -0.0166035 1.58483 -0.000752923 0.00147092 0.000272489
31.5717 3.33188 -0.0166419 1.58487 -0.000752957 0.00155476 0.000274433
31.5942 3.32838 -0.0166772 1.58491 -0.00075817 0.00162265 0.000276191
31.6133 3.32501 -0.0167093 1.58496 -0.000763764 0.00169974 0.000277432
31.6354 3.32175 -0.0167384 1.585 -0.000767998 0.00179831 0.000280439
31.6536 3.31862 -0.0167643 1.58504 -0.00076934 0.0018773 0.0002834
31.6743 3.31562 -0.0167871 1.58508 -0.000757034 0.00195421 0.000284388
31.6936 3.31273 -0.0168069 1.58513 -0.000740583 0.00204341 0.000284439
31.7139 3.30997 -0.0168237 1.58517 -0.000735674 0.00213098 0.000287748
31.7349 3.30734 -0.0168374 1.58522 -0.000739079 0.00221973 0.000290898
31.754 3.30482 -0.0168483 1.58526 -0.000728496 0.00228823 0.000292667
31.7737 3.30243 -0.0168563 1.58531 -0.000706935 0.00223387 0.000293657
31.7943 3.30017 -0.0168614 1.58537 -0.000691913 0.00249636 0.00029421
31.814 3.29804 -0.0168638 1.58543 -0.000674875 0.00255464 0.000295849
31.8359 3.29605 -0.0168633 1.5855 -0.000677934 0.00340178 0.000297472
31.8546 3.29412 -0.0168604 1.58557 -0.000641174 0.00283003 0.000299247
31.8745 3.29229 -0.016855 1.58568 -0.000602678 0.00255561 0.000300804
31.8979 3.29055 -0.0168471 1.58579 -0.000593733 0.00283465 0.000299114
31.9145 3.2889 -0.0168367 1.58591 -0.000593024 0.00306917 0.000299946
31.9359 3.28735 -0.0168241 1.58602 -0.000587986 0.00314652 0.000300255
31.9547 3.28588 -0.0168091 1.58612 -0.000592534 0.00321643 0.000300202
31.9748 3.28451 -0.0167918 1.58621 -0.00060661 0.00330792 0.000299501
31.9961 3.28323 -0.0167723 1.58628 -0.00060143 0.0033812 0.000298089
32.0152 3.28204 -0.0167505 1.58633 -0.000579279 0.00347091 0.000297313
32.0359 3.28094 -0.0167264 1.58638 -0.000573897 0.00353812 0.000296567
32.0553 3.27991 -0.0167001 1.58642 -0.000584994 0.0035637 0.000295822
32.0755 3.27898 -0.0166715 1.58644 -0.000603844 0.00357829 0.000295502
32.0971 3.27812 -0.0166404 1.58646 -0.000644337 0.00357241 0.000295469
32.1158 3.27736 -0.0166069 1.58647 -0.000689146 0.00360214 0.000295379
32.137 3.27666 -0.0165709 1.58647 -0.000713104 0.00362202 0.000292969
32.1566 3.27605 -0.0165323 1.58648 -0.00071137 0.00358135 0.000290522
32.1763 3.2755 -0.0164912 1.58647 -0.000693489 0.00353046 0.000288738
32.1975 3.27504 -0.0164475 1.58647 -0.000667355 0.00349343 0.000286193
32.2169 3.27464 -0.0164012 1.58646 -0.000654363 0.00356895 0.000284087
32.2382 3.27432 -0.0163524 1.58645 -0.000655019 0.00346197 0.000283624
32.2571 3.27406 -0.0163012 1.58643 -0.000658572 0.0033648 0.000280718
32.2772 3.27386 -0.0162476 1.58641 -0.000659525 0.00336119 0.000279668
32.3011 3.27373 -0.0161916 1.5864 -0.000658189 0.00336002 0.000279371
32.3182 3.27366 -0.0161331 1.58638 -0.000655178 0.00344054 0.0002785
32.3388 3.27365 -0.0160724 1.58636 -0.000641083 0.00332197 0.000277459
32.3583 3.2737 -0.0160092 1.58635 -0.000641443 0.00325882 0.000277287
32.3786 3.2738 -0.0159437 1.58633 -0.000645696 0.00327616 0.000277132
32.4006 3.27396 -0.0158759 1.58632 -0.00063161 0.00328748 0.00027641
32.4185 3.27418 -0.0158059 1.5863 -0.000616505 0.00337214 0.000275455
32.4408 3.27444 -0.0157336 1.58627 -0.000613693 0.00330979 0.000274728
32.4595 3.27475 -0.0156592 1.58625 -0.00060922 0.00326068 0.000273002
32.4792 3.27511 -0.0155826 1.58622 -0.000603879 0.00327519 0.000271278
32.4998 3.27551 -0.0155037 1.5862 -0.000613949 0.00327516 0.000268731
32.5192 3.27596 -0.0154228 1.58617 -0.000619286 0.00326314 0.000266126
32.5403 3.27647 -0.0153397 1.58615 -0.000613587 0.0033451 0.000264865
32.56 3.277 -0.0152544 1.58612 -0.00061603 0.00328018 0.00026325
32.5796 3.27758 -0.015167 1.58609 -0.000623139 0.00322376 0.000261525
32.6027 3.2782 -0.0150774 1.58606 -0.000629621 0.00324603 0.000260333
32.6211 3.27885 -0.0149855 1.58604 -0.000649874 0.00327283 0.000259451
32.6414 3.27954 -0.0148913 1.58601 -0.000678934 0.00328755 0.000259082
32.6611 3.28027 -0.0147948 1.58599 -0.000692963 0.00339553 0.000259418
32.681 3.28104 -0.014696 1.58596 -0.000695443 0.00337639 0.0002593
32.7031 3.28183 -0.0145948 1.58593 -0.000704172 0.00333352 0.000258367
32.7214 3.28265 -0.0144911 1.58591 -0.00071327 0.00334465 0.000257412
32.7425 3.28351 -0.0143848 1.58589 -0.000727972 0.00336353 0.000254126
32.7618 3.28439 -0.0142761 1.58586 -0.00075123 0.00336138 0.000251417
32.7819 3.2853 -0.0141648 1.58584 -0.000760654 0.00346657 0.000250459
32.802 3.28624 -0.0140509 1.58581 -0.000760265 0.00342644 0.000250983
32.8217 3.2872 -0.0139344 1.58579 -0.000761428 0.00336169 0.000251067
32.8449 3.28818 -0.0138153 1.58577 -0.000765528 0.00336861 0.000250958
32.8624 3.28918 -0.0136934 1.58575 -0.000798198 0.00338519 0.000249256
32.8823 3.29021 -0.0135681 1.58573 -0.000940124 0.00338708 0.000249062
32.9032 3.29126 -0.0134391 1.58571 -0.00115209 0.00337923 0.000249466
32.923 3.29233 -0.0133059 1.58569 -0.00136652 0.00339522 0.000246514
32.943 3.29342 -0.0131678 1.58568 -0.00158444 0.00346922 0.000246515
32.963 3.29452 -0.013024 1.58566 -0.00178534 0.00341301 0.000246228
32.9831 3.29564 -0.0128739 1.58564 -0.00194404 0.00336004 0.000245918
33.0044 3.29677 -0.0127168 1.58563 -0.00207739 0.0033463 0.000246
33.0238 3.29791 -0.0125521 1.58561 -0.0021998 0.00332037 0.000245662
33.0465 3.29907 -0.0123796 1.5856 -0.00227325 0.00332592 0.000244787
33.0638 3.30023 -0.0121989 1.58558 -0.00232785 0.00329643 0.000245891
33.0845 3.3014 -0.0120098 1.58557 -0.00236443 0.00327918 0.000245228
33.1051 3.30257 -0.0118121 1.58556 -0.00238177 0.00326121 0.000243955
33.1244 3.30375 -0.0116057 1.58555 -0.00239269 0.00321198 0.000243694
33.1449 3.30493 -0.0113907 1.58554 -0.00239368 0.0031831 0.000243881
33.1647 3.30612 -0.0111672 1.58553 -0.00237451 0.00321141 0.000244164
33.1846 3.3073 -0.0109351 1.58552 -0.00234886 0.00315083 0.000243767
33.2051 3.30848 -0.0106947 1.58551 -0.00230835 0.00311167 0.000244065
33.2253 3.30966 -0.010446 1.5855 -0.00226832 0.00309664 0.000242145
33.2471 3.31083 -0.0101892 1.5855 -0.00223253 0.00306322 0.000240074
33.2653 3.312 -0.00992432 1.58549 -0.00221577 0.00301705 0.000238721
33.2852 3.31317 -0.00965157 1.58548 -0.00221937 0.00310704 0.000241263
33.3066 3.31432 -0.00937114 1.58547 -0.00220022 0.00294534 0.000242616
33.3259 3.31547 -0.00908307 1.58547 -0.00216654 0.00276442 0.000242946
33.347 3.3166 -0.00878748 1.58548 -0.00212732 0.00273543 0.000242214
33.3662 3.31772 -0.00848461 1.58549 -0.00207102 0.00273491 0.000241738
33.3866 3.31883 -0.00817468 1.5855 -0.00200378 0.00272224 0.000241772
33.4078 3.31993 -0.00785778 1.58551 -0.00195759 0.00271514 0.000242143
33.4265 3.32101 -0.00753407 1.58552 -0.00194063 0.0027121 0.000242162
33.4474 3.32208 -0.0072038 1.58553 -0.0019272 0.00268149 0.000244631
33.4676 3.32314 -0.00686696 1.58554 -0.00192859 0.0026375 0.000245563
33.487 3.32419 -0.00652358 1.58555 -0.0019408 0.00266226 0.000244571
33.5098 3.32521 -0.00617376 1.58556 -0.00194774 0.00263645 0.000246262
33.5273 3.32621 -0.00581746 1.58557 -0.00195134 0.00258824 0.000246044
33.5496 3.3272 -0.00545466 1.58558 -0.0019553 0.00256189 0.000244001
33.5679 3.32816 -0.00508551 1.58559 -0.00193957 0.00251765 0.000244096
33.588 3.3291 -0.00470993 1.58561 -0.0019296 0.00246469 0.000245321
33.6084 3.33002 -0.00432789 1.58562 -0.00193739 0.00243302 0.000245456
33.6284 3.33092 -0.00393955 1.58563 -0.00193866 0.00238136 0.000246148
33.6511 3.3318 -0.00354496 1.58565 -0.001926 0.00232526 0.000248492
33.6688 3.33266 -0.00314417 1.58566 -0.00190093 0.00232148 0.000249961
33.6893 3.3335 -0.00273732 1.58568 -0.00186246 0.00231696 0.000250701
33.7116 3.33431 -0.0023245 1.5857 -0.00182171 0.00230068 0.00025202
33.7292 3.33511 -0.00190576 1.58572 -0.00180375 0.00229662 0.000253111
33.75 3.33588 -0.00148126 1.58575 -0.00179177 0.0022776 0.00025398
33.7697 3.33664 -0.00105115 1.58577 -0.00177574 0.00223121 0.000255176
33.7897 3.33737 -0.000615329 1.58579 -0.00178493 0.00230295 0.000256858
33.812 3.33807 -0.000173936 1.58582 -0.00179026 0.00207933 0.000257102
33.8298 3.33875 0.000272973 1.58586 -0.00178294 0.0020833 0.000257545
33.8518 3.3394 0.000725371 1.5859 -0.00176762 0.00200621 0.000258212
33.8709 3.34003 0.00118328 1.58594 -0.00176159 0.00200417 0.000258747
33.8909 3.34063 0.00164768 1.58599 -0.00193019 0.00215333 0.000258817
33.9132 3.34121 0.00211939 1.58604 -0.00230461 0.00195393 0.000259224
33.9315 3.34177 0.0025992 1.58609 -0.0027707 0.00203817 0.000259681
33.9518 3.34229 0.00308845 1.58616 -0.00324963 0.00199492 0.000258896
33.9714 3.3428 0.00358856 1.58622 -0.00367293 0.00209647 0.000256076
33.9915 3.34329 0.00410121 1.58629 -0.00405391 0.00217702 0.000255199
34.0135 3.34374 0.00462787 1.58636 -0.00439486 0.00205089 0.000254954
34.0317 3.34418 0.00516953 1.58643 -0.00464962 0.0021391 0.000255135
34.0524 3.3446 0.00572716 1.5865 -0.00481942 0.00215201 0.000254613
34.0721 3.345 0.00630148 1.58656 -0.00492832 0.00210565 0.000256058
34.0938 3.34538 0.00689293 1.58663 -0.00498699 0.00204637 0.00025836
34.1133 3.34574 0.0075017 1.58668 -0.00500279 0.00199579 0.000261031
34.133 3.34607 0.00812781 1.58673 -0.00497621 0.00195967 0.000263971
34.1543 3.34639 0.00877114 1.58678 -0.00491564 0.00193728 0.000265505
34.1733 3.34669 0.00943167 1.58682 -0.00486285 0.00192895 0.0002683
34.1934 3.34696 0.0101091 1.58685 -0.0048087 0.00193304 0.000269301
34.2159 3.34721 0.0108029 1.58689 -0.0047191 0.00192593 0.000268224
34.2337 3.34745 0.011513 1.58692 -0.00462866 0.00191535 0.000269941
34.2543 3.34766 0.0122389 1.58696 -0.00455687 0.00191424 0.000270583
34.2739 3.34786 0.0129803 1.58699 -0.00447357 0.00192317 0.000269609
34.2948 3.34803 0.0137367 1.58701 -0.00438059 0.00192682 0.000268414
34.3168 3.34818 0.014508 1.58704 -0.00430403 0.00192778 0.000267947
34.3356 3.34831 0.0152936 1.58706 -0.00423987 0.00192306 0.000265305
34.3563 3.34842 0.0160932 1.58708 -0.00416761 0.00192171 0.000264508
34.3763 3.34852 0.0169065 1.58709 -0.00408561 0.00192132 0.000263734
34.3964 3.34859 0.0177333 1.58711 -0.00402272 0.00192536 0.000262996
34.4196 3.34864 0.0185731 1.58712 -0.00395505 0.00190888 0.000262471
34.4379 3.34867 0.0194254 1.58713 -0.00385884 0.00189727 0.000263317
34.4588 3.34868 0.0202902 1.58714 -0.00377491 0.00190701 0.000264629
34.4775 3.34867 0.0211671 1.58715 -0.00370654 0.00183602 0.000266568
34.4977 3.34865 0.0220556 1.58717 -0.0036231 0.00185272 0.000267816
34.5186 3.34862 0.0229553 1.58718 -0.00352887 0.0019622 0.000268111
34.5379 3.34856 0.0238659 1.5872 -0.00342875 0.00182787 0.000268961
34.5588 3.3485 0.024787 1.58722 -0.00333974 0.00187244 0.000270781
34.5782 3.34842 0.0257183 1.58725 -0.00325042 0.0019081 0.000273106
34.5984 3.34833 0.0266592 1.58727 -0.00316566 0.00190199 0.000274482
34.6221 3.34823 0.0276097 1.5873 -0.00309696 0.00189412 0.000273771
34.6385 3.34812 0.0285692 1.58732 -0.00302728 0.00188951 0.00027415
34.6594 3.348 0.0295374 1.58733 -0.00296358 0.00186793 0.000274269
34.6786 3.34787 0.0305143 1.58735 -0.00292222 0.001851 0.000274483
34.6989 3.34772 0.0314995 1.58737 -0.00288707 0.00184542 0.000270915
34.7199 3.34756 0.0324928 1.58738 -0.00285471 0.00183094 0.000270837
34.7389 3.34739 0.0334942 1.58739 -0.0028355 0.00182077 0.000265454
34.7597 3.34721 0.0345034 1.58739 -0.00281671 0.00181441 0.000259832
34.7796 3.34701 0.0355204 1.58739 -0.00279257 0.00179787 0.000255894
34.7994 3.34681 0.0365451 1.58739 -0.00277947 0.00178545 0.000253951
34.82 3.34659 0.0375773 1.58739 -0.00276528 0.00178239 0.000248263
34.8394 3.34636 0.038617 1.58739 -0.00274435 0.00175965 0.000250315
34.8606 3.34612 0.039664 1.58738 -0.002708 0.00177437 0.000248089
34.88 3.34587 0.0407181 1.58738 -0.00265594 0.0017967 0.000246716
34.9002 3.3456 0.0417801 1.58738 -0.00275788 0.00173685 0.000246716
34.9218 3.34534 0.0428522 1.58739 -0.00329352 0.00186567 0.000246454
34.9405 3.34506 0.0439352 1.5874 -0.00406951 0.00173192 0.000248136
34.961 3.34478 0.0450309 1.58742 -0.00487411 0.00168503 0.000249568
34.9806 3.34449 0.0461421 1.58745 -0.00565173 0.00171505 0.000250276
35.0009 3.3442 0.0472714 1.58747 -0.00634446 0.00171853 0.000247979
35.0223 3.34391 0.0484215 1.5875 -0.00696628 0.00170666 0.00024772
35.0413 3.34361 0.0495946 1.58752 -0.00747859 0.00170727 0.000247669
35.0635 3.34331 0.0507924 1.58755 -0.00785588 0.00171233 0.00024852
35.0816 3.343 0.0520165 1.58757 -0.00813227 0.00171074 0.000248426
35.1021 3.34269 0.0532679 1.58759 -0.00829356 0.00170739 0.000247804
35.1233 3.34238 0.054547 1.58761 -0.00835568 0.00171434 0.000248183
35.1419 3.34206 0.0558543 1.58763 -0.00834764 0.00172581 0.000250014
35.1646 3.34174 0.0571897 1.58764 -0.00828621 0.00173498 0.000249982
35.1824 3.34141 0.0585529 1.58764 -0.00817344 0.0017508 0.000244163
35.2024 3.34108 0.0599435 1.58764 -0.00802375 0.00177402 0.000236885
35.2223 3.34075 0.061361 1.58764 -0.00788531 0.00179736 0.000233468
35.2425 3.34041 0.0628046 1.58764 -0.0076988 0.00170578 0.000230837
35.2641 3.34008 0.0642735 1.58764 -0.00749474 0.00179739 0.000229772
35.283 3.33975 0.0657669 1.58765 -0.00728381 0.00188208 0.000229372
35.303 3.33942 0.0672841 1.58766 -0.00705979 0.00186816 0.000229099
35.3277 3.3391 0.068824 1.58767 -0.00684361 0.00184442 0.000227312
35.3433 3.33879 0.0703857 1.58768 -0.00663504 0.0018453 0.000229126
35.3641 3.33848 0.0719685 1.5877 -0.00645051 0.00184401 0.000230545
35.3838 3.33817 0.0735717 1.58771 -0.00629651 0.00184244 0.000228888
35.4039 3.33787 0.0751943 1.58772 -0.00614988 0.00185881 0.000228621
35.4289 3.33757 0.076836 1.58773 -0.00602163 0.00187595 0.000226624
35.4443 3.33727 0.0784959 1.58773 -0.00589939 0.00189029 0.00022615
35.4668 3.33699 0.0801733 1.58774 -0.00574548 0.00192033 0.000225528
35.4846 3.3367 0.0818679 1.58774 -0.00560443 0.00194986 0.000227673
35.5046 3.33642 0.083579 1.58775 -0.00547503 0.0019626 0.000223733
35.5252 3.33615 0.0853059 1.58776 -0.00531853 0.0019858 0.000223986
35.5453 3.33588 0.0870481 1.58776 -0.00516977 0.00201379 0.00022602
35.5662 3.33561 0.088805 1.58777 -0.00504033 0.00202071 0.000223192
35.5856 3.33535 0.0905759 1.58777 -0.00490274 0.00203192 0.000223433
35.6053 3.3351 0.0923603 1.58778 -0.00476184 0.00205782 0.00022446
35.627 3.33485 0.0941576 1.58778 -0.00462231 0.00205855 0.000220709
35.646 3.3346 0.0959669 1.58779 -0.00445509 0.00205962 0.000220367
35.6665 3.33436 0.0977879 1.58779 -0.00428349 0.0020814 0.000222597
35.6858 3.33413 0.0996199 1.5878 -0.00413188 0.00209521 0.000223874
35.7062 3.3339 0.101462 1.58781 -0.00400845 0.0020935 0.000220758
35.7268 3.33367 0.103314 1.58781 -0.00388988 0.00210614 0.000221196
35.7466 3.33345 0.105176 1.58782 -0.00374965 0.00213097 0.000220594
35.768 3.33324 0.107046 1.58783 -0.00361832 0.0021326 0.000220944
35.7873 3.33303 0.108924 1.58783 -0.0035051 0.00206414 0.000218376
35.8073 3.33283 0.11081 1.58784 -0.00339095 0.00219603 0.000217532
35.8277 3.33264 0.112703 1.58786 -0.00326266 0.00204267 0.000220762
35.8476 3.33246 0.114603 1.58788 -0.00314281 0.00211075 0.000222481
35.8686 3.33229 0.116509 1.5879 -0.0030316 0.00198473 0.000224189
35.888 3.33212 0.118421 1.58793 -0.00293644 0.00199628 0.00022527
35.908 3.33198 0.12034 1.58797 -0.00311649 0.00203806 0.000226737
35.9291 3.33184 0.122269 1.58802 -0.00397475 0.00203052 0.00022885
35.9489 3.33172 0.124209 1.58807 -0.00522166 0.00201823 0.000234877
35.9709 3.33161 0.126165 1.58813 -0.00654133 0.0020099 0.000238397
35.9889 3.33151 0.128139 1.58819 -0.00776318 0.00200369 0.000241304
36.0089 3.33142 0.130137 1.58825 -0.00887407 0.00202225 0.000244818
36.0316 3.33135 0.132162 1.5883 -0.00983986 0.00204229 0.000251106
36.0494 3.33128 0.134219 1.58835 -0.0106123 0.00204146 0.000256649
36.0715 3.33123 0.136309 1.58839 -0.0112085 0.00202364 0.000259776
36.0899 3.3312 0.138435 1.58842 -0.011639 0.00201237 0.00026226
36.1101 3.33117 0.140599 1.58846 -0.0118948 0.00201304 0.000261762
36.1312 3.33116 0.142801 1.58849 -0.011992 0.00201771 0.000261454
36.1507 3.33115 0.145043 1.58852 -0.0119605 0.00201787 0.000264419
36.1738 3.33116 0.147324 1.58854 -0.0118372 0.00201833 0.000265886
36.1914 3.33119 0.149643 1.58857 -0.0116315 0.00202199 0.000267048
36.2113 3.33122 0.152 1.58859 -0.0113659 0.00203614 0.000262652
36.2352 3.33127 0.154393 1.5886 -0.0110672 0.00215079 0.000260725
36.252 3.33132 0.156822 1.58862 -0.0107331 0.0020499 0.000259144
36.2725 3.33138 0.159285 1.58863 -0.0103907 0.00204168 0.000257409
36.2922 3.33146 0.16178 1.58865 -0.0100352 0.00218657 0.0002563
36.3122 3.33153 0.164307 1.58868 -0.00967345 0.00205787 0.000256585
36.3371 3.33163 0.166864 1.5887 -0.00933598 0.00216929 0.000254822
36.3526 3.33172 0.169449 1.58874 -0.00900766 0.00210091 0.000256706
36.3733 3.33183 0.172061 1.58877 -0.00868463 0.00216306 0.00025678
36.3929 3.33194 0.174699 1.58881 -0.0083736 0.00209795 0.000258091
36.4132 3.33206 0.177361 1.58885 -0.00809252 0.0021677 0.00025958
36.4343 3.33218 0.180046 1.58889 -0.00783014 0.00217229 0.000259912
36.4534 3.33231 0.182754 1.58893 -0.00757835 0.00212857 0.00025937
36.476 3.33244 0.185482 1.58897 -0.0073446 0.00203441 0.00026291
36.4937 3.33259 0.18823 1.58901 -0.00710933 0.00216241 0.000261865
36.5139 3.33274 0.190998 1.58904 -0.00686377 0.00212291 0.000260554
36.5345 3.33289 0.193783 1.58907 -0.00663027 0.00207898 0.000259492
36.5546 3.33305 0.196585 1.5891 -0.00642121 0.00208377 0.000261736
36.5759 3.33321 0.199403 1.58913 -0.006214 0.00210503 0.000266958
36.5944 3.33337 0.202237 1.58915 -0.00599584 0.00212109 0.000267845
36.6143 3.33354 0.205085 1.58916 -0.00577331 0.00213837 0.000268281
36.6376 3.33371 0.207946 1.58918 -0.00556396 0.00215506 0.000265666
36.6551 3.33389 0.21082 1.58919 -0.00536596 0.00216937 0.000265208
36.6758 3.33407 0.213706 1.58919 -0.00516921 0.00217968 0.000264442
36.6956 3.33425 0.216602 1.5892 -0.00498171 0.00218629 0.000261047
36.7157 3.33444 0.219509 1.5892 -0.00479797 0.0021894 0.000260505
36.736 3.33463 0.222425 1.58919 -0.00462727 0.00219545 0.000257738
36.7555 3.33483 0.22535 1.58919 -0.00446656 0.00219868 0.000250956
36.7771 3.33503 0.228283 1.58918 -0.00431062 0.00221106 0.000246103
36.796 3.33523 0.231224 1.58916 -0.00416242 0.00223202 0.000240283
36.8161 3.33544 0.234171 1.58915 -0.00402361 0.00223837 0.000231553
36.8365 3.33565 0.237125 1.58914 -0.00388242 0.00224453 0.000231706
36.8571 3.33587 0.240084 1.58912 -0.00376377 0.00224477 0.000225487
36.8779 3.33609 0.243049 1.58911 -0.00362948 0.00225861 0.00022338
36.8974 3.33632 0.246018 1.5891 -0.00349082 0.00228024 0.000224392
36.9178 3.33655 0.248992 1.58909 -0.00350014 0.00222314 0.000225073
36.9378 3.3368 0.251975 1.58909 -0.00437109 0.00227978 0.000226213
36.9578 3.33706 0.254971 1.58911 -0.00601431 0.00236487 0.000226585
36.9789 3.33731 0.257982 1.58914 -0.00786251 0.00226697 0.000228282
36.9977 3.33758 0.261014 1.58917 -0.00965178 0.00224215 0.000230513
37.0182 3.33785 0.264073 1.58921 -0.01127 0.00225401 0.000230013
37.0392 3.33812 0.267166 1.58924 -0.0126926 0.00223869 0.000228421
37.0584 3.33839 0.270296 1.58927 -0.0138736 0.00221493 0.000227839
37.0798 3.33867 0.27347 1.5893 -0.0147818 0.00220825 0.000229914
37.1042 3.33896 0.276689 1.58932 -0.0154672 0.00219587 0.00023417
37.1235 3.33925 0.279958 1.58933 -0.0159216 0.00218117 0.000235704
37.1446 3.33954 0.283277 1.58934 -0.0161579 0.00216895 0.000234978
37.1674 3.33983 0.286647 1.58935 -0.0162105 0.00215995 0.000233864
37.1854 3.34013 0.290069 1.58936 -0.0161169 0.00215033 0.000234584
37.2051 3.34043 0.293543 1.58936 -0.0159082 0.00213898 0.000233572
37.2249 3.34074 0.297066 1.58936 -0.0155981 0.00213028 0.000233529
37.2457 3.34105 0.300639 1.58936 -0.0152127 0.00211943 0.000232134
37.2797 3.34136 0.30426 1.58935 -0.0147835 0.00212093 0.000229631
37.301 3.34168 0.307927 1.58935 -0.0143329 0.00213426 0.000225624
37.3185 3.342 0.311638 1.58933 -0.0138708 0.00214506 0.000222705
37.339 3.34233 0.315391 1.58932 -0.013395 0.00216588 0.000220849
37.3594 3.34265 0.319184 1.5893 -0.0129289 0.00217928 0.000223582
37.3785 3.34298 0.323016 1.58928 -0.0125001 0.00218054 0.000224777
37.3991 3.34332 0.326885 1.58926 -0.0120918 0.0021861 0.000218992
37.4188 3.34366 0.330788 1.58924 -0.0116849 0.00219218 0.00021463
37.4385 3.344 0.334725 1.58922 -0.0112928 0.00219849 0.00021087
37.4597 3.34435 0.338693 1.58919 -0.0109069 0.00220964 0.000206445
37.4783 3.3447 0.342692 1.58917 -0.0105362 0.00221056 0.000201978
37.4991 3.34505 0.346718 1.58914 -0.0101721 0.00221831 0.000198037
37.5186 3.34541 0.350771 1.58912 -0.00980062 0.00222528 0.000191994
37.5384 3.34577 0.35485 1.58909 -0.00944658 0.00221335 0.000190383
37.5604 3.34613 0.358953 1.58907 -0.00910547 0.00220946 0.000192134
37.5793 3.3465 0.363078 1.58904 -0.00879046 0.00220912 0.000200289
37.5996 3.34687 0.367224 1.58901 -0.0085191 0.0021971 0.000203504
37.6191 3.34725 0.371391 1.58899 -0.00827049 0.00218738 0.000202796
37.6391 3.34763 0.375577 1.58896 -0.00804031 0.00219113 0.000202303
37.6609 3.34801 0.37978 1.58894 -0.00782075 0.00219341 0.000196675
37.6797 3.3484 0.384001 1.58891 -0.00758434 0.00228684 0.000191848
37.701 3.34878 0.388238 1.58888 -0.00735614 0.00216196 0.000192583
37.7201 3.34917 0.39249 1.58886 -0.0071269 0.00224054 0.000192772
37.7406 3.34955 0.396756 1.58884 -0.00688267 0.00214352 0.000195718
37.7607 3.34993 0.401035 1.58883 -0.00664012 0.00210261 0.000199227
37.7806 3.35032 0.405326 1.58882 -0.00640241 0.00222103 0.000203163
37.8018 3.3507 0.409629 1.58882 -0.00614647 0.00207793 0.000208534
37.8209 3.35109 0.413941 1.58882 -0.00588125 0.00217965 0.000212679
37.8409 3.35146 0.418263 1.58882 -0.00562624 0.00207264 0.00021557
37.8614 3.35185 0.422593 1.58882 -0.00539092 0.00218686 0.000216857
37.881 3.35222 0.426931 1.58883 -0.00516171 0.0020526 0.000222433
37.9019 3.3526 0.431274 1.58883 -0.00495813 0.00214668 0.000226255
37.9214 3.35297 0.435623 1.58884 -0.00476686 0.00214043 0.000225604
37.9415 3.35334 0.439977 1.58884 -0.00458917 0.00201465 0.000228326
37.9643 3.35371 0.444339 1.58886 -0.00514068 0.00209588 0.000232396
37.9817 3.35408 0.448715 1.5889 -0.00690816 0.00216193 0.000233201
38.0023 3.35446 0.453107 1.58894 -0.00919268 0.0021459 0.000239009
38.0218 3.35484 0.457521 1.589 -0.0114433 0.0021355 0.000247573
38.0429 3.35522 0.461965 1.58906 -0.0135337 0.00213991 0.000253432
38.0654 3.35561 0.466446 1.58911 -0.0153941 0.00213916 0.000259802
38.0826 3.356 0.470971 1.58915 -0.0169389 0.00212643 0.000263477
38.1036 3.3564 0.475546 1.58919 -0.0181299 0.00211032 0.000267718
38.1234 3.35679 0.480175 1.58922 -0.0189758 0.00209405 0.00026815
38.1436 3.35719 0.484861 1.58924 -0.0195122 0.00208661 0.000266249
38.1638 3.3576 0.489607 1.58926 -0.0197756 0.00217545 0.000262567
38.1837 3.358 0.494414 1.58927 -0.0197894 0.00205311 0.000264177
38.2049 3.3584 0.499281 1.58928 -0.0196068 0.0021924 0.000257659
38.224 3.3588 0.504209 1.5893 -0.0192604 0.00209685 0.000256435
38.2442 3.3592 0.509195 1.58931 -0.0187779 0.00215327 0.00025673
38.2669 3.3596 0.514238 1.58932 -0.0181796 0.00210731 0.00025825
38.2849 3.36 0.519335 1.58934 -0.0175147 0.0021064 0.000256306
38.3058 3.3604 0.524484 1.58935 -0.0168181 0.00222352 0.00025155
38.3252 3.36079 0.529682 1.58937 -0.0160886 0.00207918 0.000258075
38.3458 3.36118 0.534927 1.58938 -0.0153515 0.00218099 0.000254014
38.3685 3.36157 0.540215 1.5894 -0.014629 0.00218871 0.000254007
38.3857 3.36196 0.545542 1.58941 -0.0139288 0.00214474 0.000257028
38.406 3.36234 0.550908 1.58942 -0.0132636 0.00213306 0.000263415
38.4258 3.36272 0.556308 1.58943 -0.012614 0.00205006 0.000272079
38.446 3.3631 0.56174 1.58943 -0.0119808 0.00216433 0.000273815
38.4686 3.36347 0.567201 1.58943 -0.0113807 0.00217808 0.000272799
38.4865 3.36384 0.57269 1.58943 -0.0108101 0.00212137 0.000268961
38.5083 3.36421 0.578203 1.58942 -0.0102721 0.00210775 0.000267097
38.5268 3.36457 0.583739 1.58942 -0.00975253 0.00211566 0.000269677
38.5469 3.36493 0.589296 1.58941 -0.0092489 0.00211473 0.00027107
38.5687 3.36528 0.59487 1.58939 -0.00876043 0.00211205 0.000274563
38.5874 3.36563 0.600461 1.58937 -0.00828707 0.00211495 0.000276127
38.6075 3.36597 0.606066 1.58935 -0.00783021 0.00203797 0.000278973
38.6273 3.36632 0.611684 1.58932 -0.00740243 0.00218364 0.000277336
38.6475 3.36666 0.617313 1.5893 -0.00699569 0.00213802 0.000280021
38.669 3.36699 0.622952 1.58927 -0.00659593 0.00210992 0.000284288
38.6878 3.36732 0.628598 1.58925 -0.00621585 0.00212429 0.000285705
38.7086 3.36765 0.63425 1.58922 -0.00585128 0.0021365 0.000292727
38.728 3.36797 0.639907 1.58919 -0.00549453 0.00213957 0.000299255
38.7485 3.36829 0.645567 1.58915 -0.00513674 0.00214493 0.000304965
38.7687 3.36861 0.651229 1.58911 -0.00477967 0.0021514 0.00030916
38.7885 3.36892 0.656891 1.58907 -0.00441906 0.00215845 0.000314827
38.8108 3.36922 0.662553 1.58902 -0.00406065 0.00216339 0.000319923
38.8289 3.36953 0.668212 1.58897 -0.00371058 0.00216143 0.000323487
38.8488 3.36982 0.673867 1.58891 -0.00337046 0.00215794 0.000324146
38.8706 3.36986 0.675096 1.5882 -0.00118098 0.00167218 0.000311355
38.8895 3.36986 0.675104 1.58756 -0.000749585 0.0018907 0.000332526
38.9107 3.36985 0.674897 1.58755 -0.0048085 0.00195296 0.000319613
38.9297 3.36986 0.674551 1.58806 -0.0119214 0.00190925 0.000313515
38.9502 3.36987 0.674152 1.58888 -0.0206267 0.00169945 0.000290376
38.9705 3.36988 0.673764 1.58984 -0.0295978 0.00173472 0.00030576
38.9912 3.36988 0.673412 1.59087 -0.0383159 0.00171106 0.000304353
39.0115 3.36989 0.673132 1.59191 -0.0458633 0.00160979 0.000289513
39.0317 3.36989 0.672937 1.59295 -0.0513785 0.0015639 0.000285988
39.052 3.36989 0.672814 1.594 -0.055036 0.00146045 0.000272011
39.0729 3.36989 0.672712 1.595 -0.05813 0.00143659 0.000263313
39.0923 3.36989 0.672621 1.59593 -0.0609724 0.00143659 0.000250409
39.1155 3.36989 0.672539 1.59677 -0.0635945 0.00150997 0.000230776
39.133 3.36988 0.67253 1.59749 -0.0638094 0.00147451 0.000219472
39.2923 3.36987 0.672615 1.59809 -0.0608211 0.00161952 0.000208761
39.3133 3.36986 0.67275 1.59853 -0.0563568 0.00171117 0.00019857
39.3347 3.36985 0.672887 1.5988 -0.0520101 0.00194395 0.000188937
39.3744 3.36984 0.673044 1.59892 -0.0472668 0.00211014 0.000179755
39.3917 3.36983 0.673205 1.5989 -0.0426531 0.00222064 0.000170995
39.4117 3.36982 0.673345 1.59875 -0.0387513 0.0023168 0.000162652
39.4328 3.36981 0.673489 1.5985 -0.0349059 0.00234347 0.00015469
39.4523 3.3698 0.673613 1.59817 -0.0316836 0.00248347 0.000147153
39.4745 3.36979 0.673717 1.59776 -0.0290404 0.00254699 0.000139958
39.4926 3.36979 0.673818 1.59731 -0.0265379 0.00256566 0.000133104
39.5125 3.36978 0.673897 1.59681 -0.0245961 0.00251186 0.000126571
39.5332 3.36978 0.673966 1.59627 -0.0229281 0.00249913 0.000120366
39.5527 3.36978 0.674038 1.59572 -0.0212213 0.00239994 0.000115401
39.5741 3.36978 0.674108 1.59518 -0.0195471 0.00239994 0.000113056
39.5932 3.36979 0.674179 1.59464 -0.0178896 0.00239051 0.000112259
39.6132 3.3698 0.674246 1.59412 -0.0162822 0.00238708 0.000126406
39.6337 3.36982 0.674314 1.59361 -0.0147439 0.00235674 0.000120959
39.6533 3.36986 0.67438 1.59312 -0.013279 0.0022592 0.000115377
39.6758 3.36991 0.674442 1.59266 -0.0118913 0.00218851 0.000117299
39.6939 3.36999 0.674499 1.59222 -0.0106375 0.00198311 0.00011059
39.7152 3.37009 0.674552 1.59181 -0.00946595 0.00175474 0.000111977
39.7359 3.37021 0.674598 1.59141 -0.0084136 0.00145084 0.000129671
39.7556 3.37035 0.674636 1.59104 -0.00746976 0.00122261 0.000163119
39.7762 3.37053 0.674666 1.59069 -0.00664271 0.00105593 0.00021631
39.7961 3.37073 0.674686 1.59035 -0.0059993 0.000896098 0.000281177
39.8159 3.37097 0.674697 1.59002 -0.00551795 0.000814391 0.000353129
39.8379 3.37123 0.6747 1.58969 -0.00518488 0.000780799 0.000437783
39.8563 3.37153 0.674695 1.58937 -0.00499343 0.000737262 0.000524027
39.8769 3.37186 0.674686 1.58904 -0.00489263 0.000788964 0.000613727
39.8966 3.37224 0.674672 1.58871 -0.00486238 0.000877743 0.000706293
39.9167 3.37266 0.674656 1.58838 -0.00487515 0.000956128 0.000804624
39.938 3.37312 0.674638 1.58805 -0.00490616 0.00104971 0.000907225
39.9566 3.37362 0.674621 1.58771 -0.00494965 0.001173 0.00100442
39.9786 3.37418 0.674604 1.58737 -0.00498299 0.0012993 0.00110043
39.9973 3.37477 0.674589 1.58702 -0.00499689 0.00130813 0.00119463
40.0172 3.37542 0.674574 1.58667 -0.0049985 0.00157802 0.00128546
40.0376 3.37611 0.674561 1.58633 -0.00497324 0.00162747 0.00137492
40.0574 3.37686 0.67455 1.58599 -0.00491442 0.00169878 0.00146467
40.0797 3.37767 0.674541 1.58565 -0.00483389 0.001758 0.00155113
40.0981 3.37853 0.674533 1.58532 -0.00473215 0.00180163 0.00163405
40.1181 3.37944 0.674525 1.58499 -0.0046245 0.00185057 0.00171537
40.1382 3.38038 0.674486 1.58464 -0.00484957 0.000429123 0.00173149
40.1586 3.38165 0.674455 1.58433 -0.00485584 0.0019539 0.00172239
40.1792 3.38313 0.674443 1.58407 -0.00474636 0.00189349 0.00171672
40.1985 3.38483 0.67445 1.58385 -0.00463113 0.00142717 0.00171073
40.2186 3.38676 0.674476 1.58366 -0.00448157 0.00141934 0.00169434
40.239 3.38889 0.674519 1.58348 -0.00423991 0.0014608 0.0016707
40.2589 3.39123 0.674566 1.58331 -0.00379777 0.00145042 0.0016485
40.2797 3.39375 0.6746 1.58314 -0.00322741 0.00118179 0.00160666
40.2997 3.39647 0.674627 1.58298 -0.00278981 0.00119208 0.001571
40.3193 3.39939 0.674649 1.58283 -0.00242426 0.00126239 0.0015413
40.3414 3.40249 0.674669 1.58268 -0.00208843 0.00119861 0.00152072
40.3597 3.40579 0.674686 1.58254 -0.00180496 0.00114322 0.00149734
40.3809 3.40927 0.674701 1.5824 -0.00156448 0.00115779 0.00148152
40.4003 3.41295 0.674712 1.58228 -0.00137163 0.00127919 0.00146768
40.4202 3.4168 0.674721 1.58215 -0.001226 0.00132058 0.00145569
40.4428 3.42084 0.674728 1.58203 -0.00111397 0.00133578 0.00144998
40.4606 3.42506 0.674733 1.58192 -0.00104033 0.00142315 0.00143939
40.4812 3.42946 0.674738 1.58182 -0.000993801 0.00153861 0.00142036
40.5012 3.43404 0.674743 1.58172 -0.000955816 0.00164117 0.00139633
40.5208 3.4388 0.674748 1.58163 -0.000901762 0.00171 0.00138441
40.5417 3.44374 0.674752 1.58155 -0.000848201 0.0017948 0.00137094
40.5615 3.44887 0.674757 1.58147 -0.000794159 0.00199623 0.00135842
40.5837 3.45417 0.674762 1.58141 -0.000746305 0.00195202 0.00133888
40.6018 3.45965 0.674768 1.58136 -0.000688322 0.00211242 0.00131926
40.6218 3.4653 0.674775 1.58131 -0.0006177 0.00219896 0.00129472
40.6421 3.47112 0.674783 1.58128 -0.000530722 0.0022645 0.00126805
40.6623 3.47712 0.674793 1.58126 -0.000433887 0.00233329 0.00123568
40.6846 3.4833 0.674803 1.58123 -0.00032944 0.00240506 0.00120101
40.7025 3.48964 0.674814 1.58122 -0.000226667 0.00248591 0.00116303
40.7225 3.49616 0.674824 1.58121 -0.000110161 0.00261987 0.0011209
40.7448 3.50285 0.674835 1.58121 2.61019e-05 0.00266487 0.00107734
40.7631 3.5097 0.674839 1.58122 3.53383e-05 0.00273615 0.00103786
40.7841 3.51671 0.67484 1.58124 4.90527e-05 0.002864 0.0010041
40.8033 3.52389 0.67484 1.58127 7.00078e-05 0.00300644 0.000974054
40.8232 3.53123 0.674837 1.5813 9.61618e-05 0.0031105 0.000949907
40.8451 3.53873 0.674831 1.58133 0.00011992 0.00329865 0.000938175
40.864 3.54639 0.674823 1.58137 0.000167099 0.00325584 0.000927641
40.8858 3.55421 0.67481 1.58141 0.000208498 0.00335151 0.000927951
40.9047 3.56218 0.674795 1.58147 0.000273676 0.00351151 0.000923973
40.9246 3.5703 0.674776 1.58153 0.000346452 0.00353523 0.000930817
40.9474 3.57856 0.674754 1.5816 0.000427924 0.00355472 0.000937297
40.9648 3.58696 0.674728 1.58168 0.000535777 0.00363296 0.000947724
40.986 3.59549 0.674698 1.58176 0.000649196 0.00360901 0.000953849
41.0056 3.60416 0.674665 1.58185 0.000775006 0.00365208 0.000956779
41.0254 3.61294 0.674628 1.58194 0.0009225 0.00358163 0.000958897
41.0463 3.62185 0.674587 1.58205 0.0010886 0.00362294 0.00095824
41.0659 3.63088 0.674541 1.58216 0.00127344 0.0036019 0.000951409
41.0867 3.64002 0.67449 1.58227 0.00144905 0.00361938 0.000936461
41.1059 3.64926 0.674435 1.58239 0.00162338 0.00352414 0.000920382
41.1259 3.65861 0.674373 1.58252 0.00176405 0.00365714 0.000901248
41.1494 3.66803 0.674306 1.58266 0.00170959 0.00313952 0.000880053
41.1666 3.67766 0.67423 1.5828 0.00203561 0.00323919 0.000844667
41.1872 3.68747 0.674146 1.58297 0.00246691 0.0032183 0.000809083
41.2069 3.69745 0.674053 1.58316 0.00273755 0.00292374 0.000778539
41.2271 3.70757 0.673951 1.58336 0.00286834 0.00279727 0.000744248
41.2483 3.71784 0.673838 1.58357 0.00300214 0.00294625 0.000704147
41.2675 3.72825 0.673714 1.58378 0.00313437 0.00285775 0.000665646
41.288 3.73878 0.673579 1.58399 0.0032103 0.00302281 0.00062395
41.308 3.74943 0.673431 1.58419 0.00331828 0.00296269 0.000579933
41.328 3.76019 0.673272 1.58439 0.00335634 0.00299106 0.00053917
41.349 3.77105 0.6731 1.58458 0.00333204 0.00311632 0.000500458
41.3682 3.782 0.672915 1.58477 0.00337081 0.00305877 0.000453604
41.3888 3.79302 0.672719 1.58496 0.00335124 0.00317098 0.000413165
41.4084 3.80413 0.67251 1.58515 0.00329594 0.00330396 0.000373228
41.4284 3.81529 0.672288 1.58533 0.00330213 0.00326186 0.000332794
41.4515 3.82651 0.672055 1.5855 0.00323545 0.00338567 0.00029077
41.47 3.83779 0.67181 1.58568 0.00315162 0.00351436 0.000248185
41.4916 3.8491 0.671553 1.58584 0.00311174 0.00349862 0.000209263
41.5102 3.86045 0.671285 1.586 0.00300918 0.00362972 0.000169732
41.5302 3.87182 0.671006 1.58615 0.00295705 0.00364125 0.000131716
41.5526 3.88321 0.670717 1.5863 0.00292401 0.00360951 9.1231e-05
41.5705 3.89462 0.670417 1.58644 0.0028137 0.00377877 5.19276e-05
41.5909 3.90603 0.670107 1.58658 0.00277454 0.00375951 1.12698e-05
41.6111 3.91743 0.669787 1.58671 0.00270319 0.00380507 -2.3372e-05
41.631 3.92883 0.669457 1.58683 0.00264667 0.00385538 -5.78683e-05
41.6525 3.94021 0.669118 1.58695 0.00260507 0.00386267 -9.1667e-05
41.6712 3.95157 0.668771 1.58707 0.00252625 0.00384348 -0.000125351
41.6928 3.9629 0.668414 1.58717 0.00243715 0.00394584 -0.000158882
41.7114 3.97419 0.668049 1.58727 0.00242064 0.00389489 -0.000189886
41.7315 3.98545 0.667676 1.58736 0.00232637 0.0040508 -0.000218338
41.753 3.99665 0.667295 1.58745 0.00230918 0.00399739 -0.000247026
41.772 4.00781 0.666906 1.58753 0.00223294 0.00409119 -0.000274419
41.7922 4.0189 0.666509 1.58761 0.00218383 0.00405784 -0.000299557
41.8121 4.02993 0.666105 1.58767 0.00215334 0.00404117 -0.000324184
41.8324 4.04089 0.665695 1.58774 0.00207306 0.00411965 -0.000346565
41.8554 4.05177 0.665277 1.58779 0.00203946 0.00410162 -0.000367361
41.8732 4.06257 0.664853 1.58783 0.00199498 0.00402768 -0.000389676
41.8941 4.07328 0.664422 1.58787 0.00191333 0.00412225 -0.000411313
41.9139 4.0839 0.663986 1.58791 0.00188038 0.00408507 -0.000431774
41.9342 4.09442 0.663543 1.58793 0.00181425 0.00402482 -0.000449674
41.9546 4.10484 0.663095 1.58795 0.00173006 0.00411689 -0.000465957
41.9741 4.11515 0.662641 1.58796 0.00171472 0.0040234 -0.000482185
41.9972 4.12535 0.662183 1.58797 0.00163963 0.00398788 -0.000497519
42.0146 4.13544 0.66172 1.58798 0.00152538 0.00409528 -0.000512097
42.0346 4.1454 0.661252 1.58797 0.00146268 0.0039735 -0.000524399
42.0556 4.15524 0.66078 1.58797 0.00140043 0.00395306 -0.000532615
42.0753 4.16495 0.660304 1.58796 0.00132278 0.00399409 -0.000542999
42.0955 4.17453 0.659824 1.58794 0.00126115 0.00399645 -0.000550186
42.115 4.18396 0.659341 1.58791 0.00120784 0.0039127 -0.000558474
42.1353 4.19325 0.658855 1.58789 0.00116311 0.00384844 -0.000565673
42.1556 4.20241 0.658366 1.58785 0.00115211 0.00456471 -0.000569198
42.1755 4.21134 0.657874 1.58782 0.00108143 0.00403158 -0.000574656
42.1961 4.22006 0.65738 1.58781 0.000923179 0.00374205 -0.000580657
42.2156 4.22857 0.656885 1.58781 0.000752202 0.00399835 -0.000585744
42.236 4.23686 0.656388 1.58783 0.00061318 0.00406168 -0.000591138
42.2566 4.24495 0.65589 1.58784 0.000478818 0.00409428 -0.000596577
42.2762 4.25284 0.655392 1.58785 0.000346269 0.00412483 -0.000599492
42.2983 4.26053 0.654895 1.58784 0.000228872 0.00411317 -0.000603058
42.3174 4.26802 0.654398 1.58783 0.000123749 0.00405741 -0.000603647
42.3369 4.27531 0.653902 1.5878 9.38625e-06 0.00398564 -0.000598547
42.3599 4.2824 0.653409 1.58776 -9.54787e-05 0.00390451 -0.000597724
42.3778 4.28929 0.652916 1.58771 -0.000168363 0.00381471 -0.000594212
42.4005 4.29598 0.652427 1.58765 -0.000239606 0.00374558 -0.000594085
42.418 4.30247 0.65194 1.58758 -0.000307747 0.00369036 -0.000591155
42.4381 4.30877 0.651455 1.58751 -0.000369307 0.00363772 -0.000592901
42.4622 4.31487 0.650974 1.58744 -0.00041165 0.0035994 -0.000592865
42.4786 4.32077 0.650496 1.58736 -0.000448947 0.00355663 -0.000589935
42.4992 4.32647 0.650022 1.58727 -0.000503109 0.00341115 -0.000588836
42.5189 4.33198 0.649551 1.58718 -0.00053999 0.00336077 -0.00058586
42.5393 4.33731 0.649083 1.58709 -0.000561631 0.00334596 -0.000581551
42.5596 4.34244 0.64862 1.587 -0.000582775 0.00326521 -0.000578429
42.5796 4.34739 0.64816 1.58691 -0.00061744 0.00317298 -0.000574479
42.5996 4.35215 0.647704 1.58682 -0.000664183 0.00311401 -0.000572281
42.6198 4.35672 0.647253 1.58673 -0.00070299 0.00306663 -0.000568948
42.64 4.36111 0.646806 1.58663 -0.000738479 0.00291815 -0.000568176
42.6631 4.36532 0.646363 1.58654 -0.000783976 0.00292277 -0.000565814
42.6806 4.36935 0.645925 1.58645 -0.000821322 0.00287007 -0.000561684
42.704 4.3732 0.645492 1.58636 -0.000863736 0.00276904 -0.000557011
42.7204 4.37688 0.645063 1.58627 -0.000917894 0.00267848 -0.000553144
42.7414 4.38038 0.64464 1.58618 -0.000962463 0.00259293 -0.000549754
42.7641 4.3837 0.644222 1.58608 -0.000975123 0.00240425 -0.000548442
42.7816 4.38685 0.643809 1.58599 -0.0010283 0.00243166 -0.000543246
42.8027 4.38983 0.643401 1.5859 -0.00109435 0.00237268 -0.000538226
42.8214 4.39265 0.643 1.58582 -0.00114903 0.00225103 -0.000534085
42.8416 4.39529 0.642604 1.58573 -0.0011946 0.00216512 -0.000529924
42.8635 4.39777 0.642214 1.58565 -0.00123477 0.00204198 -0.000525801
42.8821 4.40009 0.64183 1.58557 -0.00126314 0.00204 -0.000521311
42.9025 4.40225 0.641452 1.58549 -0.00128431 0.00196108 -0.000515552
42.9225 4.40425 0.641081 1.58541 -0.00132346 0.00185606 -0.000510218
42.9427 4.40609 0.640717 1.58534 -0.00139752 0.00172783 -0.000503441
42.9651 4.40778 0.640359 1.58526 -0.00141938 0.00161857 -0.000497425
42.9825 4.40931 0.640007 1.58519 -0.00142578 0.00154537 -0.000493302
43.0061 4.41069 0.639663 1.58512 -0.00143926 0.00146179 -0.000489217
43.023 4.41192 0.639325 1.58505 -0.00146384 0.00132432 -0.000483802
43.0431 4.41301 0.638994 1.58498 -0.00146745 0.00129365 -0.000479032
43.0644 4.41396 0.63867 1.58492 -0.00147275 0.00123297 -0.000473583
43.0842 4.41477 0.638353 1.58486 -0.00149514 0.00116446 -0.000469038
43.1046 4.41543 0.638043 1.58481 -0.00150728 0.0010234 -0.000464621
43.1242 4.41596 0.63774 1.58475 -0.00154087 0.00108395 -0.00046117
43.1445 4.41635 0.637444 1.58471 -0.00155612 0.00104739 -0.000457431
43.1699 4.41661 0.637155 1.58466 -0.00157677 0.000933723 -0.000453786
43.1853 4.41674 0.636873 1.58462 -0.00155307 0.000797305 -0.000447981
43.206 4.41676 0.636598 1.58458 -0.00150737 0.000761141 -0.000442756
43.2256 4.41666 0.63633 1.58455 -0.00150909 0.00064544 -0.000438107
43.2459 4.41645 0.636068 1.58452 -0.00150212 0.000615001 -0.000433685
43.2689 4.41613 0.635814 1.58449 -0.00148951 0.000469904 -0.000429451
43.2859 4.4157 0.635566 1.58446 -0.00150176 0.000483631 -0.000425101
43.3087 4.41518 0.635325 1.58444 -0.00151093 0.000428226 -0.000421198
43.3265 4.41456 0.635091 1.58442 -0.0015141 0.000470597 -0.000417845
43.3465 4.41385 0.634864 1.58441 -0.00151091 0.000393535 -0.000415649
43.3677 4.41306 0.634643 1.5844 -0.001443 0.000231004 -0.000413367
43.3872 4.41218 0.634428 1.58439 -0.00143891 0.000324097 -0.000409821
43.408 4.41123 0.63422 1.58439 -0.00143678 0.000304214 -0.000406289
43.4273 4.41021 0.634018 1.58439 -0.00142567 0.000364536 -0.000405346
43.4475 4.40911 0.633823 1.5844 -0.00140052 0.000382905 -0.00040665
43.4698 4.40796 0.633633 1.58441 -0.00133323 0.000409079 -0.000404116
43.4874 4.40675 0.63345 1.58442 -0.00128486 0.00034971 -0.000403242
43.5084 4.40548 0.633272 1.58443 -0.00127142 0.000491837 -0.000403586
43.528 4.40416 0.633099 1.58445 -0.00123294 0.000455749 -0.000403931
43.5482 4.4028 0.632932 1.58446 -0.00121589 0.000588255 -0.00040585
43.5703 4.40139 0.632771 1.58448 -0.00117977 0.000570315 -0.0004077
43.5882 4.39995 0.632614 1.58451 -0.00113807 0.000625668 -0.000408494
43.6092 4.39847 0.632463 1.58453 -0.00112867 0.00065547 -0.000410305
43.6291 4.39696 0.632316 1.58456 -0.00108897 0.000665596 -0.000411873
43.6486 4.39542 0.632174 1.58458 -0.00104456 0.000599062 -0.000412545
43.6707 4.39387 0.632037 1.58461 -0.00101257 0.00067344 -0.000413318
43.6891 4.39229 0.631904 1.58464 -0.000979189 0.000740695 -0.000415802
43.7099 4.39069 0.631775 1.58467 -0.000934782 0.000651124 -0.00041651
43.7295 4.38909 0.631651 1.58471 -0.000917386 0.000746878 -0.000419697
43.7494 4.38747 0.63153 1.58474 -0.000877346 0.000659701 -0.000422186
43.7721 4.38585 0.631414 1.58478 -0.000866466 0.000748471 -0.000423084
43.7901 4.38422 0.631301 1.58482 -0.000843073 0.00070357 -0.000424152
43.8106 4.3826 0.631192 1.58487 -0.000827973 0.000741793 -0.00042414
43.8302 4.38098 0.631086 1.58491 -0.00080602 0.000822144 -0.000424955
43.8509 4.37937 0.630984 1.58496 -0.000766976 0.000833859 -0.000427209
43.8744 4.37775 0.630885 1.585 -0.000730703 0.00073526 -0.000429131
43.8908 4.37616 0.630789 1.58504 -0.000719578 0.000819367 -0.000430739
43.9114 4.37457 0.630697 1.58508 -0.0007045 0.000869776 -0.000431908
43.9317 4.373 0.630608 1.58512 -0.000684314 0.000862216 -0.000433676
43.9514 4.37144 0.630521 1.58516 -0.00067665 0.000858399 -0.000434532
43.9744 4.36989 0.630438 1.58519 -0.000664719 0.000769335 -0.000436274
43.9916 4.36836 0.630357 1.58522 -0.000661 0.000847536 -0.000436509
44.0132 4.36685 0.630279 1.58525 -0.000662311 0.00093989 -0.000437479
44.0323 4.36536 0.630204 1.58529 -0.000658318 0.000961955 -0.000438283
44.0523 4.3639 0.630132 1.58532 -0.000634796 0.000990483 -0.000439905
44.0776 4.36245 0.630063 1.58536 -0.00060229 0.001027 -0.000441956
44.0935 4.36102 0.629996 1.58539 -0.000580875 0.000959647 -0.000443999
44.1158 4.35962 0.629931 1.58543 -0.000572427 0.00104641 -0.000446217
44.1341 4.35825 0.629869 1.58546 -0.000558164 0.00110885 -0.000446786
44.1539 4.35691 0.62981 1.5855 -0.000546507 0.00113368 -0.000445825
44.1759 4.3556 0.629753 1.58553 -0.000543833 0.000680184 -0.000449825
44.194 4.35436 0.629698 1.58557 -0.000672634 0.00117073 -0.000456956
44.2164 4.3532 0.629646 1.58562 -0.000649655 0.00125072 -0.000463598
44.2352 4.3521 0.629594 1.58568 -0.000137292 0.00119579 -0.000477261
44.2545 4.35106 0.62954 1.58574 0.000694786 0.00114049 -0.000490427
44.2764 4.35008 0.629483 1.5858 0.00162072 0.00112969 -0.000503821
44.2945 4.34916 0.62942 1.58585 0.00253713 0.00116084 -0.000516822
44.3158 4.3483 0.629347 1.58589 0.00342167 0.00119839 -0.000529613
44.3352 4.34749 0.629261 1.58593 0.00426945 0.00123468 -0.000543507
44.3553 4.34675 0.629159 1.58595 0.00503129 0.00126241 -0.000555076
44.3791 4.34606 0.629039 1.58597 0.00571588 0.00130467 -0.000565581
44.3964 4.34543 0.628896 1.58597 0.00633011 0.00134485 -0.000572161
44.4167 4.34486 0.62873 1.58597 0.0068331 0.00137257 -0.000583196
44.4364 4.34434 0.628538 1.58596 0.00726434 0.00140964 -0.000592273
44.4564 4.34389 0.628319 1.58595 0.00763949 0.00144481 -0.000599206
44.478 4.34349 0.62807 1.58593 0.00795281 0.00149508 -0.000605554
44.4967 4.34315 0.627792 1.58591 0.00821165 0.00155268 -0.000611646
44.5191 4.34287 0.627483 1.58588 0.00841736 0.00160494 -0.000615943
44.537 4.34265 0.627142 1.58584 0.00859091 0.00164576 -0.000619122
44.5574 4.34248 0.626768 1.5858 0.00876262 0.00167635 -0.000626353
44.5795 4.34238 0.626362 1.58575 0.00892654 0.00170696 -0.000633054
44.5973 4.34233 0.625921 1.5857 0.00908507 0.00180412 -0.000638739
44.6195 4.34233 0.625447 1.58565 0.0092234 0.00179691 -0.00064502
44.6377 4.34238 0.624938 1.5856 0.00933894 0.00182872 -0.000651893
44.6578 4.34247 0.624394 1.58556 0.0094539 0.00189022 -0.000656705
44.6816 4.34262 0.623815 1.58551 0.00955766 0.00192259 -0.000662438
44.6999 4.34282 0.623201 1.58546 0.00967549 0.00194609 -0.000668592
44.7217 4.34307 0.62255 1.58541 0.00982124 0.00197608 -0.000673766
44.7397 4.34337 0.621862 1.58536 0.00998344 0.00200328 -0.000679316
44.7595 4.34372 0.621138 1.58531 0.0101262 0.00203687 -0.000685525
44.7816 4.34412 0.620377 1.58526 0.0102601 0.00206126 -0.00069152
44.7999 4.34457 0.619578 1.58521 0.0104066 0.00216006 -0.00069794
44.8208 4.34506 0.61874 1.58516 0.0105432 0.00213447 -0.000705626
44.8404 4.34559 0.617864 1.58511 0.0106591 0.00214767 -0.000712896
44.8605 4.34616 0.616949 1.58507 0.0107715 0.00219164 -0.000719969
44.8824 4.34678 0.615995 1.58502 0.0108763 0.00221637 -0.000728697
44.9006 4.34743 0.615002 1.58498 0.0109955 0.00224005 -0.000737201
44.9232 4.34813 0.613968 1.58494 0.0111454 0.00227593 -0.000747203
44.9415 4.34887 0.612894 1.58489 0.0113003 0.00229539 -0.000755613
44.9609 4.34966 0.611779 1.58485 0.0114318 0.00230357 -0.000764625
44.9816 4.35048 0.610622 1.58481 0.011585 0.00232693 -0.000774011
45.0014 4.35135 0.609424 1.58477 0.0117661 0.00245454 -0.000781168
45.022 4.35224 0.608184 1.58473 0.0119759 0.00239917 -0.0007907
45.0415 4.35318 0.606901 1.5847 0.012159 0.00244568 -0.000799562
45.0615 4.35414 0.605574 1.58466 0.0123266 0.00253054 -0.000806947
45.083 4.35514 0.604203 1.58463 0.0124865 0.0025752 -0.000815018
45.1023 4.35618 0.602788 1.5846 0.0126666 0.00261298 -0.00082443
45.1227 4.35725 0.601327 1.58457 0.0128606 0.00265401 -0.000832803
45.1424 4.35835 0.599821 1.58454 0.013044 0.00267316 -0.000838742
45.1624 4.35949 0.598268 1.58451 0.0132266 0.00279847 -0.00084687
45.1849 4.36066 0.596669 1.58448 0.0134141 0.00276751 -0.000857263
45.2033 4.36185 0.595022 1.58445 0.0135849 0.00273191 -0.000868749
45.2253 4.36307 0.593325 1.58443 0.0141283 0.00278635 -0.00087919
45.2441 4.36432 0.591569 1.58444 0.0161639 0.00281564 -0.000894958
45.2639 4.3656 0.589747 1.58447 0.0194787 0.00286604 -0.000909832
45.2852 4.3669 0.587852 1.58453 0.0230162 0.00289035 -0.000925492
45.3046 4.36823 0.585874 1.5846 0.0263355 0.00292985 -0.000940595
45.3256 4.36958 0.5838 1.58468 0.0294867 0.00297596 -0.000956084
45.3451 4.37094 0.581619 1.58475 0.032176 0.00295154 -0.000969132
45.365 4.37233 0.579322 1.58482 0.0344446 0.00295151 -0.000980675
45.388 4.37374 0.5769 1.58488 0.0363336 0.00299408 -0.000990491
45.4058 4.37516 0.574346 1.58494 0.0377343 0.00302148 -0.000996644
45.4266 4.3766 0.571655 1.58499 0.0387363 0.00301471 -0.000999025
45.4456 4.37805 0.568823 1.58503 0.0393866 0.00299689 -0.00100505
45.4658 4.37951 0.565848 1.58507 0.0397291 0.00298328 -0.00100674
45.4865 4.38098 0.562729 1.5851 0.0398337 0.00297977 -0.00101117
45.506 4.38246 0.559465 1.58513 0.0397341 0.00296433 -0.00101691
45.5266 4.38396 0.556057 1.58516 0.0394592 0.00300048 -0.00102035
45.5471 4.38545 0.552507 1.58518 0.0390066 0.00294508 -0.00102689
45.567 4.38694 0.548816 1.58519 0.0384481 0.00293324 -0.00103287
45.5872 4.38844 0.544987 1.58521 0.0377935 0.00294068 -0.00103654
45.6067 4.38994 0.541024 1.58521 0.037043 0.00293004 -0.00104278
45.6281 4.39145 0.536929 1.58521 0.036214 0.00291088 -0.00105182
45.6474 4.39295 0.532706 1.58521 0.0353058 0.00296703 -0.00105923
45.6676 4.39445 0.528358 1.5852 0.0343838 0.00288584 -0.00107026
45.6903 4.39595 0.52389 1.58519 0.0334496 0.00284555 -0.00107988
45.7078 4.39744 0.519306 1.58518 0.0324822 0.00283922 -0.00108986
45.7286 4.39893 0.51461 1.58516 0.031533 0.00283305 -0.0011007
45.7482 4.4004 0.509805 1.58514 0.0306192 0.00282527 -0.00111405
45.7682 4.40188 0.504896 1.58512 0.0297177 0.00279704 -0.0011283
45.7911 4.40335 0.499887 1.58509 0.028855 0.00284874 -0.00114123
45.8085 4.4048 0.49478 1.58505 0.0280133 0.00275856 -0.00115592
45.8293 4.40624 0.489581 1.58502 0.0271887 0.00271323 -0.00117268
45.8485 4.40767 0.484291 1.58498 0.026397 0.00271524 -0.00119258
45.8688 4.40908 0.478916 1.58494 0.0256101 0.00270451 -0.00121134
45.8895 4.41048 0.473457 1.58489 0.0248469 0.0026856 -0.00123196
45.9137 4.41187 0.467919 1.58484 0.0241245 0.00267264 -0.00124671
45.9387 4.41324 0.462305 1.58478 0.0234168 0.00264992 -0.00125994
45.9659 4.4146 0.456617 1.58471 0.0226962 0.00262254 -0.00127519
45.9858 4.41594 0.450858 1.58465 0.0219323 0.00268147 -0.00128772
46.0132 4.41726 0.445033 1.58458 0.0211454 0.00257837 -0.00130722
46.0311 4.41856 0.439144 1.58451 0.020372 0.00250493 -0.00132586
46.0571 4.41984 0.433194 1.58444 0.0196036 0.00249677 -0.00134516
46.0749 4.4211 0.427187 1.58436 0.0188366 0.00249592 -0.00136767
46.0949 4.42234 0.421126 1.58428 0.0180753 0.00248574 -0.00138446
46.1167 4.42355 0.415013 1.58419 0.0173193 0.00247281 -0.00139941
46.1356 4.42474 0.408852 1.5841 0.0165726 0.00245353 -0.00141444
46.1568 4.42591 0.402647 1.584 0.0158383 0.00243791 -0.00142959
46.1758 4.42706 0.396399 1.5839 0.0151124 0.00242689 -0.00144522
46.196 4.42819 0.390113 1.5838 0.0143928 0.00241182 -0.00146311
46.2164 4.4293 0.38379 1.58369 0.0136887 0.00239566 -0.00148287
46.2363 4.43038 0.377435 1.58358 0.0130003 0.00246466 -0.00149741
46.2566 4.43144 0.371048 1.58346 0.0123607 0.00231705 -0.00150898
46.2766 4.43247 0.364631 1.58336 0.0123056 0.00240986 -0.00151606
46.2964 4.43347 0.358181 1.58326 0.0129571 0.00240539 -0.00152546
46.3174 4.43445 0.351701 1.58318 0.0138336 0.00236972 -0.00153803
46.3365 4.43539 0.345187 1.5831 0.0146242 0.00236953 -0.00154746
46.3572 4.43631 0.338638 1.58302 0.0152406 0.002372 -0.00155776
46.3768 4.4372 0.332052 1.58293 0.0156483 0.00236364 -0.00156612
46.397 4.43805 0.325427 1.58284 0.0157931 0.00235209 -0.00157085
46.4181 4.43888 0.318764 1.58275 0.0156775 0.00233603 -0.00157899
46.4371 4.43968 0.312062 1.58265 0.0153166 0.00232946 -0.00159037
46.4596 4.44046 0.305323 1.58254 0.0147308 0.00232197 -0.00160506
46.4776 4.4412 0.29855 1.58243 0.0139378 0.0023053 -0.00161645
46.4975 4.44192 0.291746 1.58232 0.0129818 0.00228852 -0.00162398
46.5187 4.4426 0.284913 1.5822 0.0119039 0.00227337 -0.00163635
46.5378 4.44326 0.278056 1.58209 0.0107123 0.00225871 -0.0016505
46.5595 4.44389 0.27118 1.58197 0.00946151 0.00224424 -0.00165851
46.5782 4.44449 0.26429 1.58185 0.00816709 0.00222378 -0.00167027
46.5981 4.44506 0.257391 1.58173 0.00682207 0.00220113 -0.00167991
46.6205 4.44561 0.250487 1.58161 0.00547794 0.00217888 -0.0016856
46.6396 4.44612 0.243584 1.58149 0.00412797 0.00206075 -0.00169215
46.6602 4.44662 0.236687 1.58137 0.00277951 0.00217529 -0.00170129
46.6794 4.44708 0.229802 1.58125 0.00148269 0.00211605 -0.00170675
46.6995 4.44752 0.222933 1.58114 0.000192943 0.00197617 -0.00170976
46.7214 4.44794 0.216085 1.58104 -0.00107253 0.00203097 -0.00171469
46.7394 4.44833 0.209263 1.58095 -0.00226731 0.00197274 -0.00171955
46.7626 4.4487 0.202473 1.58086 -0.00344149 0.00203507 -0.00172412
46.7809 4.44903 0.195717 1.58077 -0.00457127 0.00189009 -0.00172669
46.8005 4.44936 0.189002 1.58069 -0.00568097 0.00201748 -0.00172844
46.8247 4.44965 0.18233 1.58061 -0.00675917 0.00190404 -0.00172936
46.8413 4.44992 0.175706 1.58054 -0.00779156 0.00187488 -0.00173078
46.8625 4.45017 0.169134 1.58047 -0.0088013 0.0020144 -0.0017362
46.8814 4.4504 0.162617 1.5804 -0.00977054 0.00188199 -0.00173864
46.9014 4.4506 0.15616 1.58034 -0.0107163 0.00188114 -0.00173988
46.9219 4.45078 0.149765 1.58028 -0.0116539 0.00192159 -0.00174304
46.9417 4.45095 0.143437 1.58022 -0.0125647 0.00199469 -0.00174289
46.9625 4.45108 0.137178 1.58016 -0.0134554 0.00182593 -0.00174119
46.982 4.4512 0.130992 1.5801 -0.0143403 0.00184301 -0.00174258
47.0022 4.45129 0.124883 1.58004 -0.0152017 0.00186385 -0.00174211
47.0256 4.45137 0.118852 1.57999 -0.0160482 0.00182932 -0.00173975
47.0427 4.45143 0.112904 1.57993 -0.0168815 0.00178421 -0.00174157
47.0634 4.45146 0.107041 1.57987 -0.0176873 0.00175107 -0.00174052
47.0839 4.45148 0.101266 1.57981 -0.018488 0.00170621 -0.00174152
47.1035 4.45147 0.0955827 1.57975 -0.0192673 0.00167009 -0.0017371
47.1241 4.45144 0.0899926 1.5797 -0.0200214 0.00163995 -0.00173443
47.1434 4.4514 0.0844991 1.57964 -0.0207804 0.00160519 -0.00173401
47.1643 4.45133 0.0791048 1.57959 -0.0215267 0.00158515 -0.00173007
47.1843 4.45124 0.0738122 1.57954 -0.0222588 0.00157838 -0.00172495
47.2042 4.45113 0.0686239 1.57949 -0.0229906 0.00157188 -0.00171511
47.2255 4.451 0.0635425 1.57945 -0.0236992 0.00156742 -0.00170744
47.2448 4.45085 0.0585702 1.57941 -0.0243884 0.00156113 -0.00169823
47.2654 4.45068 0.0537096 1.57937 -0.0250681 0.00155917 -0.0016894
47.2853 4.45049 0.0489637 1.57934 -0.0258373 0.00156091 -0.00168137
47.3051 4.45028 0.0443359 1.57932 -0.0268454 0.00155625 -0.00167298
47.3266 4.45004 0.0398291 1.5793 -0.0279563 0.00154631 -0.00166289
47.346 4.44979 0.0354464 1.57929 -0.0290274 0.00153425 -0.00165111
47.3666 4.44952 0.0311913 1.57928 -0.0300137 0.00151613 -0.00163661
47.3865 4.44922 0.0270669 1.57928 -0.0308817 0.00150386 -0.00161978
47.4066 4.44891 0.0230762 1.57929 -0.031613 0.00140599 -0.00160124
47.428 4.44858 0.0192216 1.5793 -0.0321921 0.00144777 -0.00158932
47.4477 4.44824 0.0155047 1.57931 -0.0326065 0.00147052 -0.00157831
47.4684 4.44789 0.0119267 1.57933 -0.0328669 0.00144275 -0.00155972
47.4875 4.44753 0.00848843 1.57936 -0.0329896 0.00143587 -0.00154529
47.5073 4.44715 0.00518986 1.57938 -0.0329913 0.00144945 -0.00153371
47.5305 4.44676 0.00203065 1.57942 -0.0328817 0.00144668 -0.0015251
47.5481 4.44636 -0.000989899 1.57946 -0.0326883 0.0014432 -0.001524
47.5692 4.44595 -0.00387297 1.5795 -0.0324226 0.00144772 -0.00152227
47.5883 4.44552 -0.00662004 1.57954 -0.0320874 0.00145751 -0.0015221
47.6081 4.44509 -0.00923281 1.57959 -0.0316993 0.00146974 -0.00151974
47.6311 4.44464 -0.0117132 1.57965 -0.0312701 0.00148398 -0.00151134
47.6485 4.44417 -0.0140632 1.57971 -0.0308175 0.00149094 -0.00149406
47.6688 4.4437 -0.0162849 1.57977 -0.0303496 0.00141294 -0.00147818
47.6888 4.44322 -0.0183806 1.57983 -0.0298717 0.00146596 -0.00146528
47.709 4.44274 -0.0203521 1.57991 -0.0294205 0.00151816 -0.00145618
47.7317 4.44225 -0.0222017 1.57999 -0.0289935 0.00150614 -0.00144397
47.7496 4.44176 -0.0239316 1.58007 -0.0285831 0.0015072 -0.0014325
47.7705 4.44126 -0.0255437 1.58016 -0.028198 0.00152253 -0.00141918
47.7899 4.44076 -0.02704 1.58026 -0.0278201 0.00151013 -0.00140598
47.8098 4.44026 -0.0284225 1.58036 -0.0274421 0.00150682 -0.00139113
47.8322 4.43975 -0.0296929 1.58046 -0.0270714 0.00152071 -0.00138151
47.8514 4.43924 -0.030853 1.58057 -0.0267094 0.00150091 -0.00137038
47.8722 4.43872 -0.0319047 1.58069 -0.0263413 0.00148223 -0.00136133
47.8917 4.4382 -0.03285 1.5808 -0.0259544 0.00148205 -0.00134853
47.9118 4.43768 -0.0336905 1.58093 -0.0255541 0.00149234 -0.00133616
47.9336 4.43715 -0.0344283 1.58105 -0.0251575 0.0015002 -0.00132193
47.9518 4.43662 -0.0350651 1.58117 -0.0247513 0.0015142 -0.00131017
47.9721 4.43608 -0.035603 1.5813 -0.0243301 0.00152431 -0.00129871
47.9923 4.43554 -0.0360439 1.58143 -0.0239175 0.0015295 -0.00128793
48.0124 4.435 -0.0363897 1.58156 -0.0235021 0.00145862 -0.00127827
48.0343 4.43446 -0.0366423 1.5817 -0.0230738 0.00153011 -0.00127283
48.0533 4.43392 -0.0368036 1.58184 -0.0226393 0.00154899 -0.00126629
48.0738 4.43338 -0.0368757 1.58199 -0.0222031 0.00149215 -0.00125945
48.0939 4.43285 -0.0368603 1.58215 -0.0217836 0.00154612 -0.00125356
48.1136 4.43232 -0.0367595 1.58231 -0.0213713 0.00157427 -0.00124902
48.1358 4.43179 -0.0365752 1.58248 -0.0209691 0.00155844 -0.00124319
48.1543 4.43127 -0.0363093 1.58265 -0.0205937 0.00151214 -0.00123653
48.1745 4.43076 -0.0359636 1.58282 -0.0202329 0.00146401 -0.00122735
48.1947 4.43024 -0.0355397 1.58299 -0.0198745 0.00143578 -0.00121801
48.2142 4.42973 -0.0350393 1.58316 -0.0195411 0.00140394 -0.00121031
48.2359 4.42922 -0.0344639 1.58333 -0.0192204 0.00138362 -0.00120398
48.2549 4.42872 -0.0338151 1.5835 -0.0188889 0.00140466 -0.0011978
48.2769 4.42822 -0.0330945 1.58367 -0.0185721 0.0014341 -0.00119201
48.2959 4.42773 -0.0323038 1.58384 -0.0182022 0.00145741 -0.00118887
48.3157 4.42723 -0.0314451 1.58401 -0.0177135 0.00147239 -0.00118462
48.3365 4.42674 -0.0305204 1.58418 -0.017137 0.00149914 -0.00117972
48.3558 4.42626 -0.0295319 1.58434 -0.0165293 0.00153997 -0.0011764
48.3765 4.42578 -0.028482 1.58451 -0.015904 0.00155489 -0.0011729
48.3968 4.4253 -0.0273736 1.58467 -0.0152263 0.00156895 -0.00116921
48.4166 4.42483 -0.0262095 1.58483 -0.0145069 0.00161025 -0.00116565
48.4378 4.42436 -0.0249926 1.58499 -0.0137719 0.00164007 -0.00116246
48.4611 4.42389 -0.0237259 1.58515 -0.0130126 0.00164649 -0.00116083
48.4817 4.42343 -0.0224127 1.5853 -0.0122131 0.00165819 -0.00116059
48.5022 4.42298 -0.0210562 1.58544 -0.0113852 0.00167126 -0.00115905
48.5206 4.42252 -0.0196597 1.58559 -0.0105327 0.00169132 -0.00115833
48.5434 4.42207 -0.0182267 1.58573 -0.00968021 0.00170798 -0.00115786
48.5621 4.42163 -0.0167603 1.58587 -0.00884024 0.00166755 -0.00115407
48.585 4.42119 -0.0152644 1.58599 -0.00797787 0.00171538 -0.00115066
48.6068 4.42076 -0.0137422 1.58612 -0.0071181 0.00170152 -0.00114589
48.6263 4.42033 -0.0121968 1.58625 -0.00629087 0.0016695 -0.00114295
48.6464 4.41991 -0.0106318 1.58638 -0.00547389 0.00156366 -0.00113987
48.6678 4.4195 -0.00905047 1.5865 -0.00467465 0.00169342 -0.00113637
48.6899 4.41908 -0.00745595 1.58662 -0.00387832 0.00160105 -0.00113448
48.7089 4.41869 -0.00585145 1.58674 -0.00308534 0.00168043 -0.00113289
48.7279 4.41829 -0.00423997 1.58686 -0.00231747 0.00162336 -0.00112976
48.7495 4.41791 -0.00262462 1.58698 -0.00156058 0.00168536 -0.00113083
48.769 4.41754 -0.00100836 1.58709 -0.000814824 0.00159239 -0.00113253
48.7907 4.41717 0.000606056 1.58721 -0.000112776 0.00159089 -0.0011321
48.809 4.41682 0.0022157 1.58732 0.000579554 0.00166296 -0.00113309
48.8293 4.41647 0.00381798 1.58742 0.00124689 0.00168135 -0.00113338
48.8506 4.41614 0.00541032 1.58752 0.00188942 0.00173677 -0.00113782
48.8695 4.41582 0.00699014 1.58761 0.00251998 0.00163858 -0.0011391
48.8919 4.4155 0.0085551 1.58769 0.00312668 0.00170735 -0.00114
48.9096 4.4152 0.0101028 1.58777 0.00371504 0.00182141 -0.00114153
48.9296 4.41491 0.0116311 1.58784 0.00429273 0.00168801 -0.00114144
48.9502 4.41462 0.0131379 1.58791 0.0048107 0.00169914 -0.00114257
48.9697 4.41435 0.0146212 1.58798 0.00529465 0.00178253 -0.00114567
48.9913 4.41409 0.0160792 1.58804 0.00575263 0.00180275 -0.00115001
49.01 4.41384 0.0175101 1.58809 0.00616875 0.00179995 -0.00115112
49.0298 4.4136 0.0189125 1.58813 0.00655387 0.00182168 -0.00115393
49.0513 4.41338 0.020285 1.58817 0.0069098 0.00193253 -0.00116275
49.0702 4.41316 0.0216261 1.58819 0.00724667 0.00183983 -0.00116943
49.091 4.41295 0.0229345 1.58822 0.00757361 0.00184029 -0.00117645
49.1103 4.41276 0.0242093 1.58824 0.00786359 0.00188088 -0.00117882
49.1306 4.41257 0.0254492 1.58825 0.00814711 0.00194214 -0.00117884
49.1533 4.41239 0.0266522 1.58826 0.00860281 0.00189428 -0.00117696
49.1709 4.41221 0.0278163 1.58826 0.00927508 0.0018159 -0.00117534
49.1914 4.41205 0.0289397 1.58826 0.0100422 0.00185649 -0.00117143
49.2116 4.41189 0.0300204 1.58825 0.0107873 0.00198796 -0.00116765
49.2316 4.41174 0.0310556 1.58823 0.0114767 0.00182255 -0.00116715
49.2519 4.41161 0.0320429 1.58821 0.0121056 0.00196181 -0.00116206
49.2718 4.41147 0.0329801 1.58819 0.0126727 0.00187883 -0.00116275
49.2935 4.41135 0.033865 1.58817 0.0131658 0.00183835 -0.00115964
49.3124 4.41124 0.0346959 1.58814 0.0135836 0.00190875 -0.00115462
49.3324 4.41114 0.0354716 1.5881 0.0139155 0.0019416 -0.00115128
49.3559 4.41105 0.0361908 1.58805 0.0141648 0.00193854 -0.00114698
49.3726 4.41097 0.0368528 1.588 0.0143467 0.0019533 -0.00114235
49.3935 4.41091 0.037457 1.58793 0.0144619 0.0019877 -0.00114271
49.4126 4.41086 0.0380032 1.58786 0.0145003 0.00199963 -0.00114228
49.4344 4.41082 0.0384913 1.58778 0.0144822 0.00201405 -0.00113853
49.4537 4.41078 0.0389213 1.5877 0.0144397 0.0019951 -0.00113505
49.4731 4.41076 0.0392936 1.58762 0.0143636 0.00214174 -0.00112804
49.4941 4.41074 0.0396086 1.58754 0.0142556 0.00202529 -0.00112614
49.5136 4.41073 0.039867 1.58746 0.0141159 0.00215126 -0.00112398
49.5337 4.41073 0.0400695 1.58737 0.0139501 0.00214721 -0.00112096
49.5541 4.41073 0.0402167 1.58729 0.0137807 0.00201695 -0.00111995
49.5736 4.41074 0.0403096 1.58721 0.0136006 0.00213162 -0.0011168
49.5961 4.41076 0.0403491 1.58713 0.0134069 0.00210817 -0.00111531
49.614 4.41078 0.0403359 1.58705 0.0132138 0.001983 -0.00111428
49.634 4.41081 0.0402711 1.58697 0.0130095 0.002105 -0.00111364
49.6545 4.41085 0.0401556 1.58689 0.0127975 0.0020733 -0.00111225
49.6749 4.41089 0.0399904 1.58681 0.0125885 0.00197702 -0.0011108
49.6962 4.41094 0.0397764 1.58673 0.0123834 0.00209972 -0.0011065
49.7147 4.41099 0.0395146 1.58665 0.0121836 0.00211071 -0.00110502
49.7348 4.41105 0.0392061 1.58657 0.0119763 0.00204881 -0.00110894
49.7557 4.41111 0.0388516 1.58649 0.0117634 0.00204369 -0.00110913
49.7754 4.41118 0.0384522 1.58641 0.0115515 0.00206005 -0.00110819
49.796 4.41125 0.038009 1.58633 0.0113419 0.00205299 -0.00111081
49.8157 4.41132 0.0375228 1.58625 0.0111352 0.00204544 -0.00111169
49.8366 4.4114 0.0369946 1.58617 0.01093 0.00206076 -0.00111292
49.8565 4.41148 0.0364254 1.58608 0.0107231 0.00207487 -0.00111516
49.8765 4.41157 0.0358161 1.58599 0.0105108 0.00207612 -0.00111836
49.8981 4.41166 0.0351676 1.5859 0.0103108 0.00210799 -0.00112244
49.9171 4.41175 0.0344807 1.58581 0.0101201 0.00212672 -0.00112329
49.9367 4.41185 0.0337564 1.58573 0.0099228 0.00211904 -0.00112487
49.9592 4.41195 0.0329956 1.58565 0.00972185 0.00211625 -0.00112768
49.9771 4.41206 0.0321993 1.58557 0.00951913 0.00213153 -0.0011291
49.9979 4.41217 0.0313683 1.58549 0.00930131 0.00214102 -0.00113291
50.0175 4.41228 0.0305035 1.58541 0.00909188 0.00213696 -0.00113682
50.0374 4.4124 0.0296059 1.58534 0.00889079 0.00213906 -0.00114046
50.058 4.41253 0.0286764 1.58527 0.00867419 0.00213879 -0.00114423
50.0783 4.41265 0.0277161 1.5852 0.00843645 0.00213478 -0.00114769
50.1003 4.41278 0.0267259 1.58513 0.00819999 0.00213638 -0.00115063
50.1185 4.41292 0.0257066 1.58507 0.00797907 0.00212871 -0.00115466
50.1387 4.41306 0.0246594 1.58501 0.00775415 0.00211249 -0.00115767
50.1598 4.4132 0.0235853 1.58495 0.00751476 0.00209665 -0.00116118
50.179 4.41335 0.0224853 1.5849 0.00727205 0.0021015 -0.00116264
50.2013 4.4135 0.0213603 1.58484 0.00702513 0.00211266 -0.00116241
50.2197 4.41366 0.0202116 1.58479 0.006769 0.00210914 -0.00116355
50.2397 4.41382 0.0190399 1.58474 0.00652519 0.00211838 -0.00116345
50.2611 4.41398 0.0178465 1.5847 0.00628733 0.00212843 -0.001165
50.2804 4.41415 0.0166324 1.58466 0.00603249 0.0021323 -0.00116504
50.3022 4.41432 0.0153985 1.58462 0.00579563 0.00213735 -0.00116739
50.3208 4.41443 0.0141467 1.58457 0.00545626 -0.000850917 -0.00119799
50.3408 4.41491 0.0128785 1.58459 0.00485046 0.00154145 -0.00119385
50.3637 4.41564 0.0115981 1.58471 0.00366481 0.00194903 -0.00117332
50.3813 4.41662 0.0103094 1.58492 0.00207764 0.000837543 -0.00114917
50.4018 4.41786 0.00901692 1.58517 0.000430105 0.000197843 -0.00112974
50.4214 4.41936 0.00772587 1.58544 -0.00106416 9.75645e-05 -0.00111803
50.442 4.42111 0.00644256 1.5857 -0.00248564 -2.05615e-05 -0.00110714
50.4639 4.4231 0.00517205 1.58595 -0.00376047 -0.00030217 -0.00110162
50.4817 4.42535 0.00391905 1.58618 -0.00485444 -0.000482886 -0.00109875
50.5043 4.42787 0.00268782 1.58639 -0.00578452 -0.000535469 -0.00110101
50.5225 4.43065 0.00148191 1.58658 -0.00655396 -0.000651415 -0.00110222
50.5426 4.43371 0.000304353 1.58675 -0.00718579 -0.000655458 -0.00110706
50.5634 4.43704 -0.000842262 1.5869 -0.00772055 -0.000705909 -0.00111254
50.5824 4.44066 -0.00195596 1.58705 -0.00814252 -0.00052205 -0.0011244
50.6049 4.44456 -0.00303507 1.58719 -0.0084685 -0.00068713 -0.00113335
50.6226 4.44876 -0.00407839 1.58732 -0.00871924 -0.000562224 -0.00114088
50.6427 4.45324 -0.00508486 1.58744 -0.00892252 -0.000586801 -0.00114672
50.6635 4.45802 -0.00605407 1.58756 -0.00904296 -0.000659119 -0.00115315
50.6837 4.46311 -0.00698528 1.58767 -0.00914512 -0.000519152 -0.00116007
50.7036 4.4685 -0.00787824 1.58777 -0.00922793 -0.000436817 -0.00116317
50.7233 4.47422 -0.0087325 1.58787 -0.00932367 8.17559e-06 -0.00116981
50.7434 4.48021 -0.00954845 1.58797 -0.00932799 6.44812e-06 -0.00117074
50.7639 4.48648 -0.0103255 1.58807 -0.00935292 0.000136218 -0.0011639
50.7838 4.493 -0.0110635 1.58816 -0.00943435 0.000443407 -0.00115262
50.8042 4.49976 -0.011763 1.58824 -0.00943888 0.000534872 -0.00114303
50.8239 4.50673 -0.0124234 1.58832 -0.00949277 0.000941721 -0.00113216
50.8444 4.51391 -0.0130449 1.58839 -0.00952994 0.00117444 -0.001113
50.8647 4.52127 -0.0136277 1.58845 -0.00951975 0.00131634 -0.00109401
50.8845 4.52879 -0.0141713 1.5885 -0.00956746 0.00172861 -0.00107419
50.9065 4.53647 -0.0146762 1.58854 -0.00957603 0.00214396 -0.00105808
50.9249 4.54427 -0.0151425 1.58856 -0.00955379 0.00239168 -0.00103361
50.945 4.55219 -0.01557 1.58858 -0.00955453 0.00267457 -0.00101009
50.9707 4.56021 -0.0159592 1.58858 -0.00952887 0.00298157 -0.000988125
50.9857 4.56832 -0.01631 1.58857 -0.00949368 0.00328514 -0.000962009
51.0077 4.57651 -0.0166224 1.58855 -0.00951632 0.00377227 -0.000933804
51.0263 4.58475 -0.0168972 1.58853 -0.00944944 0.00387498 -0.000906016
51.0464 4.59303 -0.0171337 1.58849 -0.00946718 0.00433471 -0.00088036
51.0696 4.60134 -0.0173326 1.58846 -0.00946855 0.00462225 -0.000855361
51.0873 4.60966 -0.0174942 1.58841 -0.0094264 0.00480268 -0.000823371
51.1082 4.61799 -0.017618 1.58836 -0.00945644 0.00537865 -0.000792198
51.128 4.6263 -0.0177049 1.5883 -0.00942061 0.00558633 -0.0007568
51.1483 4.63457 -0.0177549 1.58825 -0.00933121 0.00559589 -0.00071954
51.1693 4.64279 -0.0177676 1.58819 -0.00933639 0.00616685 -0.000689431
51.1886 4.65095 -0.0177442 1.58814 -0.00927043 0.00637679 -0.000648569
51.2094 4.65903 -0.0176843 1.58808 -0.00924474 0.00667213 -0.000610579
51.229 4.66702 -0.0175885 1.58802 -0.00921115 0.00685506 -0.000573796
51.2489 4.6749 -0.0174573 1.58795 -0.00913083 0.00693424 -0.000536598
51.2705 4.68266 -0.0172904 1.58788 -0.00910262 0.00725177 -0.000497929
51.2895 4.6903 -0.0170887 1.5878 -0.0090364 0.00743532 -0.000459205
51.3095 4.69778 -0.0168526 1.58772 -0.00891179 0.00737126 -0.000419233
51.3295 4.70514 -0.0165809 1.58764 -0.0090044 0.00993146 -0.000410561
51.3497 4.7121 -0.0162777 1.58758 -0.0086133 0.0074239 -0.000341281
51.3708 4.71878 -0.0159397 1.58764 -0.00837365 0.0063913 -0.000293309
51.3902 4.72518 -0.0155684 1.58778 -0.00828847 0.00741555 -0.000265765
51.4107 4.73129 -0.0151656 1.58794 -0.00818802 0.00778821 -0.000232163
51.4303 4.73715 -0.0147323 1.58811 -0.00803067 0.00770481 -0.000191947
51.4505 4.74277 -0.0142689 1.58827 -0.00790534 0.00771156 -0.000154861
51.4719 4.74815 -0.0137762 1.58839 -0.00779842 0.00771022 -0.000115746
51.4909 4.7533 -0.013255 1.58848 -0.0076462 0.00762022 -7.44611e-05
51.5115 4.75822 -0.0127061 1.58854 -0.00745954 0.00746987 -3.26676e-05
51.5314 4.76293 -0.0121299 1.58856 -0.00728848 0.00732913 8.10048e-06
51.5514 4.76744 -0.0115275 1.58856 -0.00708315 0.00708928 5.50428e-05
51.572 4.77174 -0.0108996 1.58853 -0.00686415 0.00682781 0.000101899
51.5918 4.77585 -0.0102471 1.58849 -0.00662689 0.00660616 0.00014549
51.6142 4.77977 -0.00957112 1.58842 -0.00635341 0.00631171 0.000190884
51.6336 4.78351 -0.00887268 1.58834 -0.00607445 0.00608533 0.000236389
51.6541 4.78708 -0.00815292 1.58824 -0.00578729 0.0056566 0.000281711
51.6749 4.79048 -0.00741291 1.58813 -0.00550832 0.0054335 0.000325288
51.6941 4.79371 -0.00665393 1.588 -0.00522373 0.0051336 0.000370663
51.714 4.79679 -0.0058771 1.58786 -0.00493534 0.00489526 0.000415077
51.7343 4.79971 -0.00508357 1.58771 -0.00465122 0.00460448 0.000459456
51.755 4.80247 -0.00427458 1.58755 -0.00436081 0.0043194 0.000504062
51.7814 4.80508 -0.00345133 1.58738 -0.00405918 0.00406332 0.000546356
51.7986 4.80752 -0.00261486 1.58721 -0.00377726 0.00380456 0.000587148
51.8166 4.8098 -0.00176642 1.58702 -0.00350162 0.00355839 0.000628979
51.8361 4.81192 -0.00090719 1.58682 -0.003221 0.00333853 0.000671459
52.0197 4.81388 -3.82366e-05 1.58662 -0.00294493 0.00313394 0.000712305
52.0403 4.81567 0.000839413 1.58641 -0.00268604 0.00293932 0.00074953
52.0603 4.8173 0.00172468 1.5862 -0.00244326 0.00276316 0.000789353
52.0809 4.81878 0.00261654 1.58598 -0.00220631 0.00260071 0.000826203
52.1008 4.82008 0.00351402 1.58575 -0.0019694 0.00243358 0.00086011
52.1206 4.82123 0.00441625 1.58553 -0.00174781 0.00229105 0.000891597
52.141 4.82221 0.00532223 1.58529 -0.00152222 0.00205315 0.000923306
52.1611 4.82304 0.00623117 1.58506 -0.00130985 0.00196378 0.000953463
52.1819 4.82371 0.00714215 1.58483 -0.00109865 0.00183148 0.000982261
52.2019 4.82423 0.00805448 1.5846 -0.000912863 0.00164782 0.00101175
52.2216 4.82459 0.00896747 1.58436 -0.000757423 0.001475 0.00103763
52.2449 4.82479 0.00988033 1.58413 -0.000606038 0.00132344 0.00106384
52.2623 4.82484 0.0107923 1.5839 -0.000439016 0.00107157 0.00109234
52.2832 4.82475 0.011703 1.58366 -0.000284576 0.00101852 0.00111971
52.3033 4.8245 0.0126116 1.58343 -0.000115703 0.000902171 0.0011446
52.3226 4.82411 0.0135176 1.58321 5.43921e-05 0.000743321 0.00116273
52.3437 4.82356 0.0144202 1.58298 0.000234364 0.00049682 0.00118204
52.3633 4.82288 0.015319 1.58275 0.000379269 0.000454511 0.00120206
52.3857 4.82205 0.0162132 1.58252 0.000528113 0.000449723 0.00122271
52.4034 4.82109 0.017102 1.5823 0.00070596 0.000345562 0.00124212
52.4232 4.81998 0.0179851 1.58208 0.000878155 0.000148698 0.00125973
52.4445 4.81873 0.0188617 1.58186 0.00106397 9.84943e-06 0.00127699
52.4637 4.81736 0.019731 1.58164 0.00125545 -6.28032e-05 0.00128789
52.4847 4.81585 0.0205926 1.58143 0.00142016 -0.000203174 0.00130125
52.5041 4.81421 0.0214456 1.58122 0.00158922 -0.000291322 0.00131599
52.5243 4.81245 0.0222896 1.58101 0.00175367 -0.000322366 0.00132711
52.5466 4.81057 0.0231238 1.5808 0.00189385 -0.000441555 0.00133958
52.5648 4.80857 0.0239479 1.58059 0.00201892 -0.000410637 0.00135172
52.5852 4.80645 0.0247612 1.58039 0.00215638 -0.000509894 0.00136198
52.6052 4.80423 0.0255634 1.5802 0.00225025 -0.000427322 0.00137472
52.625 4.80191 0.0263537 1.58002 0.00239753 -0.000436586 0.00138653
52.6489 4.79948 0.0271319 1.57984 0.00254827 -0.00056291 0.00139895
52.6656 4.79697 0.0278978 1.57967 0.00265287 -0.000495705 0.00140957
52.6861 4.79437 0.0286504 1.57951 0.00277621 -0.000402853 0.00142041
52.7057 4.79168 0.0293898 1.57935 0.00288216 -0.000358201 0.00143118
52.7257 4.78892 0.0301151 1.5792 0.00301739 -0.000342548 0.00144338
52.7471 4.78608 0.030826 1.57905 0.0031683 -0.00041328 0.00145388
52.7667 4.78318 0.0315225 1.57891 0.00324837 -0.000215611 0.00146566
52.7873 4.78021 0.0322039 1.57877 0.00334402 -0.000180973 0.00147601
52.8065 4.77718 0.0328697 1.57865 0.00345103 -8.257e-05 0.00148834
52.827 4.7741 0.0335199 1.57853 0.00352747 -2.3641e-05 0.00149988
52.8483 4.77096 0.034154 1.57841 0.00362486 2.44829e-05 0.00151007
52.8674 4.76778 0.0347717 1.5783 0.00370971 3.91738e-05 0.00152028
52.8898 4.76455 0.0353729 1.5782 0.00379974 5.00843e-05 0.00152779
52.9082 4.76128 0.035957 1.5781 0.00390853 -4.22455e-05 0.00153671
52.9279 4.75798 0.036524 1.578 0.00399036 6.9644e-05 0.00154697
52.9496 4.75464 0.0370734 1.57792 0.00406468 0.000203836 0.00155635
52.9692 4.75127 0.0376051 1.57784 0.00414947 0.000113005 0.00156382
52.9902 4.74789 0.038119 1.57777 0.00418368 0.000268173 0.00156926
53.0104 4.74447 0.0386146 1.5777 0.00423219 0.000233465 0.0015765
53.0301 4.74104 0.0390921 1.57765 0.00426494 0.000316471 0.00158519
53.0539 4.7376 0.0395514 1.57761 0.00429241 0.000403829 0.00159357
53.0707 4.73414 0.0399923 1.57756 0.00431864 0.000355124 0.00160202
53.0913 4.73068 0.0404148 1.57753 0.0043425 0.000413546 0.00160927
53.1106 4.7272 0.0408189 1.5775 0.00436479 0.000345023 0.00161394
53.1307 4.72373 0.0412047 1.57747 0.00437763 0.000368915 0.0016197
53.1517 4.72026 0.0415721 1.57745 0.00438248 0.00043978 0.00162582
53.1712 4.71679 0.041921 1.57744 0.00439544 0.000371343 0.00163001
53.1929 4.71333 0.0422517 1.57743 0.00439967 0.000423869 0.00163531
53.2119 4.70988 0.0425641 1.57742 0.00439456 0.000498914 0.00163936
53.2315 4.70643 0.0428582 1.57742 0.0043937 0.000421682 0.00164381
53.2541 4.70301 0.0431342 1.57743 0.00438305 0.000500712 0.00164969
53.2716 4.6996 0.0433922 1.57744 0.00437232 0.00057089 0.00165567
53.294 4.6962 0.0436321 1.57746 0.00438132 0.00058412 0.00166241
53.3124 4.69283 0.0438538 1.57748 0.00442301 0.000517083 0.00166489
53.332 4.68948 0.0440576 1.5775 0.00444679 0.000651336 0.00166978
53.3535 4.68616 0.0442434 1.57754 0.00446139 0.000697115 0.00167461
53.3726 4.68286 0.0444112 1.57757 0.00447259 0.000625553 0.00167684
53.3932 4.6796 0.0445609 1.57761 0.00447786 0.00071838 0.00167944
53.4126 4.67637 0.0446928 1.57766 0.00447502 0.000764789 0.00168275
53.4328 4.67318 0.0448067 1.57771 0.00446948 0.000775742 0.00168507
53.4561 4.67001 0.0449028 1.57776 0.00445714 0.000740028 0.00168552
53.4736 4.66689 0.0449812 1.57782 0.00444333 0.000837993 0.00168817
53.4941 4.66381 0.0450419 1.57788 0.00443935 0.000893893 0.00169152
53.5134 4.66077 0.0450851 1.57794 0.00442407 0.000918556 0.00169627
53.534 4.65776 0.045111 1.578 0.00439847 0.000439401 0.00169613
53.5576 4.65485 0.0451199 1.57807 0.00433998 0.000720983 0.00169963
53.574 4.65204 0.0451126 1.57816 0.00417162 0.00112304 0.00170487
53.5953 4.6493 0.0450893 1.57825 0.00395655 0.000977111 0.0017069
53.6141 4.64666 0.0450508 1.57835 0.00373362 0.000875326 0.00170992
53.6343 4.6441 0.0449979 1.57844 0.00352011 0.000919135 0.0017133
53.6573 4.64163 0.0449316 1.57852 0.00330937 0.000959692 0.00171561
53.6756 4.63925 0.0448526 1.57859 0.00311209 0.00096596 0.00171828
53.6962 4.63695 0.0447617 1.57866 0.00294711 0.000982568 0.00171975
53.7158 4.63474 0.0446596 1.57871 0.00280792 0.00100945 0.00172393
53.7359 4.63261 0.0445469 1.57876 0.00267662 0.00102668 0.00172764
53.7598 4.63057 0.0444241 1.57879 0.00257054 0.00105686 0.00173013
53.7764 4.62861 0.0442918 1.57882 0.00247491 0.00108351 0.00173185
53.798 4.62674 0.0441504 1.57885 0.00237067 0.00109787 0.0017351
53.818 4.62495 0.0440003 1.57887 0.00226026 0.00115017 0.00173864
53.8367 4.62325 0.0438421 1.57889 0.00214893 0.00122479 0.0017426
53.8575 4.62163 0.0436761 1.5789 0.00203606 0.00130114 0.0017464
53.8769 4.6201 0.0435029 1.57891 0.00192555 0.00137562 0.00174875
53.8994 4.61865 0.0433227 1.57891 0.00182216 0.00145143 0.00175061
53.9175 4.61729 0.0431362 1.57891 0.00172551 0.00152614 0.00175219
53.9373 4.61601 0.0429436 1.57891 0.0016354 0.0015996 0.00175353
53.9604 4.61482 0.0427453 1.5789 0.00155346 0.00167519 0.00175463
53.9786 4.61371 0.0425417 1.57889 0.00147779 0.00174942 0.00175553
54.0002 4.61268 0.0423331 1.57887 0.00141084 0.00182255 0.00175923
54.0189 4.61174 0.0421196 1.57885 0.00135781 0.00189081 0.00176269
54.0385 4.61089 0.0419017 1.57883 0.00130727 0.00202505 0.00176787
54.0621 4.61011 0.0416796 1.57881 0.00124418 0.00202818 0.00177243
54.079 4.6094 0.0414536 1.57878 0.00116572 0.00207421 0.00177531
54.0997 4.60878 0.0412238 1.57876 0.00109056 0.00213717 0.00178008
54.1195 4.60823 0.0409905 1.57874 0.00103908 0.0021922 0.0017848
54.1396 4.60776 0.0407541 1.57871 0.000983353 0.00225641 0.00178757
54.1601 4.60736 0.0405147 1.57868 0.000916854 0.00232503 0.00179292
54.1796 4.60705 0.0402727 1.57865 0.000862882 0.00238872 0.0017957
54.2001 4.6068 0.0400281 1.57861 0.000811241 0.00243926 0.00180026
54.22 4.60664 0.0397814 1.57857 0.000747515 0.00251699 0.0018052
54.2401 4.60656 0.0395327 1.57853 0.00069185 0.00264322 0.00180841
54.2628 4.60654 0.0392822 1.57849 0.000639292 0.00266608 0.00181184
54.2802 4.6066 0.0390301 1.57845 0.000581177 0.00266509 0.0018147
54.3016 4.60672 0.0387767 1.57841 0.00051433 0.00271531 0.00182146
54.3206 4.60691 0.0385223 1.57836 0.000448361 0.002769 0.00182625
54.3422 4.60718 0.038267 1.57832 0.000404133 0.00281653 0.00182995
54.3616 4.60751 0.038011 1.57827 0.000366433 0.00286527 0.00183353
54.3818 4.60791 0.0377546 1.57822 0.000317984 0.00291442 0.00183738
54.4026 4.60838 0.0374978 1.57817 0.000280509 0.00296827 0.00184148
54.4222 4.60891 0.0372408 1.57811 0.000248806 0.00300156 0.00184615
54.4422 4.60952 0.0369841 1.57805 0.000188517 0.00315621 0.0018479
54.4637 4.61018 0.0367275 1.578 0.000141355 0.0030993 0.00184951
54.4832 4.61091 0.0364714 1.57794 7.1601e-05 0.00313475 0.00185282
54.5057 4.6117 0.036216 1.57789 -1.65545e-06 0.00321175 0.00185676
54.5237 4.61255 0.0359616 1.57784 -7.73403e-05 0.00327029 0.00185911
54.5446 4.61345 0.0357083 1.57779 -0.000131666 0.0033164 0.00186126
54.5665 4.61443 0.035456 1.57774 -0.000110134 0.00336377 0.00186269
54.5862 4.61546 0.0352043 1.57769 3.07303e-05 0.00341484 0.00186292
54.6072 4.61655 0.0349531 1.57765 0.000222831 0.00359026 0.00186652
54.6259 4.6177 0.0347018 1.5776 0.000441439 0.00350495 0.00186826
54.6476 4.6189 0.0344498 1.57755 0.000639403 0.00348884 0.0018698
54.6714 4.62015 0.0341964 1.57751 0.000796783 0.00356204 0.00187185
54.6899 4.62146 0.033941 1.57747 0.000922187 0.00367529 0.00187433
54.7074 4.62281 0.0336831 1.57743 0.00102519 0.00367065 0.00187618
54.7278 4.62421 0.0334221 1.57738 0.00110599 0.00364159 0.00187885
54.7485 4.62565 0.0331579 1.57734 0.00116981 0.00365499 0.00188161
54.7697 4.62714 0.0328903 1.5773 0.00119598 0.00379015 0.00188426
54.7882 4.62867 0.0326188 1.57726 0.00124169 0.00363261 0.00188612
54.8104 4.63023 0.0323435 1.57722 0.00125856 0.00354999 0.00188957
54.8293 4.63183 0.0320645 1.57718 0.00124415 0.00357137 0.00189406
54.8487 4.63347 0.0317817 1.57715 0.00121754 0.00364001 0.0018972
54.8707 4.63513 0.0314951 1.57711 0.00118275 0.00358514 0.00190003
54.8904 4.63682 0.0312048 1.57707 0.00115818 0.00354366 0.00190321
54.9118 4.63854 0.030911 1.57703 0.00113244 0.00351453 0.00190698
54.9307 4.64029 0.0306139 1.577 0.0010838 0.00353973 0.00191006
54.9514 4.64205 0.0303135 1.57696 0.00104107 0.00341745 0.0019124
54.9718 4.64383 0.0300101 1.57692 0.000999274 0.0033966 0.00191255
54.9915 4.64564 0.0297038 1.57689 0.000960164 0.00339641 0.00191408
55.0129 4.64746 0.0293947 1.57685 0.000919851 0.00344057 0.00191514
55.032 4.64929 0.0290831 1.57682 0.000879301 0.00335084 0.0019168
55.0524 4.65113 0.0287691 1.57679 0.000844084 0.00332569 0.00191869
55.0723 4.65298 0.0284528 1.57676 0.000809149 0.00333006 0.0019207
55.0919 4.65485 0.0281345 1.57672 0.000750749 0.00344498 0.00192231
55.1132 4.65672 0.0278141 1.57669 0.000732363 0.00334907 0.00192251
55.1327 4.65859 0.0274917 1.57666 0.000745215 0.0032238 0.00192256
55.1523 4.66047 0.0271675 1.57663 0.000743262 0.00322676 0.00192464
55.1763 4.66235 0.0268414 1.57661 0.000746698 0.00324339 0.0019266
55.1925 4.66423 0.0265134 1.57659 0.000757782 0.00322586 0.00192819
55.2139 4.66612 0.0261837 1.57657 0.000745094 0.00327547 0.0019297
55.2328 4.66799 0.025852 1.57656 0.000749544 0.00314693 0.00193061
55.2528 4.66986 0.0255184 1.57654 0.000757134 0.00312915 0.00192984
55.2751 4.67173 0.025183 1.57653 0.000766439 0.00314653 0.00193185
55.2939 4.67359 0.0248455 1.57652 0.000780369 0.00314303 0.0019341
55.3155 4.67545 0.0245063 1.57651 0.000772277 0.003136 0.00193425
55.3344 4.6773 0.0241653 1.5765 0.000738537 0.00320574 0.00193508
55.3546 4.67913 0.0238223 1.5765 0.000734592 0.0030996 0.00193509
55.3759 4.68095 0.0234775 1.57649 0.000736689 0.00308562 0.00193525
55.3948 4.68276 0.0231309 1.57649 0.000736115 0.00309933 0.00193383
55.416 4.68456 0.0227825 1.57649 0.000743688 0.00308068 0.00193349
55.4362 4.68634 0.0224324 1.57649 0.0007335 0.00305729 0.00193353
55.4556 4.68811 0.0220806 1.57648 0.000704938 0.00303007 0.00193062
55.4773 4.68986 0.0217271 1.57648 0.000691839 0.00306408 0.00192886
55.4989 4.6916 0.021372 1.57647 0.000690941 0.00297666 0.00192724
55.5201 4.69331 0.0210152 1.57647 0.000687427 0.00295424 0.00192662
55.5382 4.695 0.0206569 1.57646 0.000695639 0.00295526 0.00192585
55.5586 4.69667 0.0202968 1.57646 0.000723096 0.00293727 0.00192438
55.58 4.69832 0.0199348 1.57646 0.000773392 0.0029295 0.00192403
55.5985 4.69994 0.0195696 1.57647 0.00104658 0.00293345 0.00192379
55.6201 4.70155 0.0192002 1.57648 0.00152254 0.00292251 0.00192376
55.6393 4.70313 0.0188256 1.57649 0.00205807 0.00291561 0.00192334
55.6594 4.7047 0.0184442 1.5765 0.00257374 0.00298348 0.00192324
55.6802 4.70623 0.0180542 1.57652 0.00303645 0.00291396 0.00192345
55.6995 4.70773 0.0176538 1.57653 0.00343221 0.00289041 0.00192392
55.7197 4.70921 0.0172416 1.57655 0.00377447 0.00289424 0.00192389
55.7396 4.71066 0.0168162 1.57656 0.0040541 0.00289973 0.00192066
55.7594 4.71208 0.0163767 1.57657 0.00425836 0.00289496 0.00192068
55.7831 4.71347 0.0159222 1.57658 0.00441702 0.0028986 0.00191878
55.8017 4.71483 0.015452 1.57658 0.00452537 0.00290616 0.00192015
55.8222 4.71616 0.014966 1.57659 0.00458683 0.00287849 0.00191712
55.8406 4.71747 0.0144637 1.57659 0.00460867 0.00286332 0.00191474
55.8605 4.71874 0.0139451 1.5766 0.00461413 0.00285488 0.0019125
55.8837 4.71999 0.0134099 1.5766 0.00462715 0.00283129 0.00191011
55.9019 4.72122 0.0128585 1.57661 0.00461802 0.00282386 0.00190989
55.9238 4.72241 0.0122909 1.57661 0.00457058 0.00281184 0.00190713
55.9414 4.72358 0.0117073 1.57662 0.00452372 0.00277228 0.00190611
55.9616 4.72471 0.0111078 1.57662 0.00446244 0.00274051 0.001905
55.9863 4.72582 0.0104928 1.57663 0.00439042 0.00271913 0.00190372
56.0052 4.7269 0.00986257 1.57664 0.00432738 0.00268272 0.00190256
56.0262 4.72796 0.00921743 1.57664 0.00425131 0.00266001 0.00190041
56.0457 4.72898 0.00855766 1.57665 0.00417908 0.00263313 0.00189767
56.0656 4.72998 0.00788356 1.57666 0.00411664 0.00259088 0.00189464
56.09 4.73095 0.00719555 1.57666 0.00404085 0.00256452 0.00189064
56.1078 4.73189 0.0064939 1.57667 0.00396609 0.00253614 0.00188772
56.1282 4.7328 0.00577891 1.57668 0.00389787 0.0025857 0.00188452
56.1474 4.73368 0.00505077 1.57668 0.003849 0.00236039 0.00188012
56.1675 4.73453 0.00430994 1.5767 0.00378204 0.00239587 0.00187923
56.1892 4.73535 0.00355664 1.57672 0.00371975 0.00238857 0.00187536
56.2093 4.73613 0.00279099 1.57675 0.00368218 0.00224722 0.0018717
56.2286 4.73689 0.00201339 1.57678 0.00363178 0.00223232 0.00187154
56.2478 4.73762 0.0012241 1.57681 0.00357068 0.00233911 0.00187099
56.2679 4.73832 0.000423171 1.57684 0.00353664 0.00213254 0.00186888
56.2884 4.73898 -0.000389107 1.57688 0.00350853 0.00211217 0.00186686
56.3077 4.73962 -0.00121252 1.57691 0.00347542 0.0021472 0.00186435
56.33 4.74023 -0.00204697 1.57695 0.00345035 0.00213497 0.00186137
56.348 4.74081 -0.00289235 1.57698 0.00343846 0.00209988 0.00185828
56.3682 4.74136 -0.00374863 1.577 0.00344755 0.00207678 0.00185391
56.3892 4.74188 -0.0046156 1.57702 0.00343877 0.00206517 0.00185331
56.4096 4.74237 -0.0054932 1.57704 0.00341871 0.00205334 0.00185031
56.4301 4.74284 -0.00638142 1.57706 0.0034013 0.00204007 0.00184781
56.4491 4.74327 -0.00728014 1.57708 0.00338861 0.00202265 0.00184373
56.4687 4.74368 -0.00818931 1.57709 0.00338012 0.00199882 0.00184088
56.4909 4.74406 -0.00910884 1.5771 0.00337074 0.00197408 0.00184121
56.5117 4.74441 -0.0100385 1.5771 0.00334856 0.00196326 0.00183812
56.5299 4.74473 -0.0109784 1.57711 0.00333064 0.00194669 0.00183447
56.5502 4.74503 -0.0119284 1.57711 0.00330838 0.00193428 0.00183224
56.5696 4.74529 -0.0128881 1.57711 0.00327044 0.00193861 0.00183042
56.5901 4.74553 -0.0138578 1.57712 0.00325053 0.00192982 0.0018322
56.6109 4.74574 -0.0148387 1.57712 0.00349852 0.00191391 0.00183309
56.634 4.74592 -0.0158328 1.57714 0.00416543 0.00190938 0.00183357
56.6518 4.74607 -0.016841 1.57715 0.00498473 0.00190587 0.00183287
56.6708 4.74619 -0.017866 1.57717 0.00585009 0.00191739 0.00183135
56.6928 4.74629 -0.0189102 1.57719 0.00664281 0.00190982 0.00182969
56.7116 4.74636 -0.0199764 1.57721 0.00731473 0.00189116 0.00182845
56.732 4.7464 -0.0210675 1.57722 0.00791468 0.00190319 0.00182754
56.753 4.74641 -0.0221853 1.57724 0.00837332 0.00191223 0.00182585
56.7721 4.74639 -0.0233316 1.57725 0.00870953 0.00185838 0.00182323
56.7955 4.74636 -0.0245079 1.57726 0.0089736 0.00186701 0.00181973
56.8127 4.74631 -0.0257149 1.57728 0.00911451 0.00186511 0.00181645
56.8338 4.74624 -0.0269532 1.57729 0.00916766 0.00185552 0.00181506
56.854 4.74615 -0.0282229 1.57729 0.00914552 0.00186785 0.00181128
56.8729 4.74604 -0.029524 1.5773 0.00905858 0.0018839 0.00180951
56.8958 4.74591 -0.0308561 1.57731 0.00892046 0.00190905 0.00180471
56.916 4.74576 -0.0322186 1.57731 0.0087483 0.00195698 0.00180149
56.9391 4.74559 -0.0336108 1.57732 0.00854392 0.00201286 0.00180384
56.9559 4.7454 -0.0350318 1.57732 0.00830479 0.00205601 0.00180137
56.976 4.74519 -0.0364806 1.57732 0.00806009 0.00209338 0.00179808
56.9991 4.74497 -0.0379563 1.57732 0.00781127 0.00203423 0.0017976
57.0175 4.74473 -0.0394579 1.57732 0.00756516 0.00207651 0.00179501
57.0388 4.74448 -0.0409843 1.57732 0.00733017 0.00213443 0.00179129
57.0572 4.74422 -0.0425345 1.57733 0.00709825 0.00211557 0.0017882
57.0778 4.74395 -0.0441076 1.57733 0.00687605 0.00209416 0.00179061
57.0994 4.74367 -0.0457027 1.57734 0.00667427 0.00209224 0.00179018
57.1184 4.74338 -0.0473188 1.57734 0.00647962 0.00207617 0.00178736
57.1395 4.74308 -0.0489551 1.57734 0.00630046 0.00205407 0.00178783
57.1592 4.74277 -0.0506109 1.57734 0.0061265 0.00204542 0.00178983
57.1789 4.74245 -0.0522854 1.57734 0.00596736 0.00202735 0.00179132
57.1994 4.74212 -0.0539781 1.57733 0.00584158 0.00200355 0.00179272
57.2196 4.74178 -0.0556881 1.57732 0.00571727 0.00199758 0.00178979
57.2408 4.74142 -0.0574151 1.57732 0.00558288 0.00199468 0.00179148
57.2592 4.74106 -0.0591584 1.57731 0.00546588 0.00197461 0.00179206
57.2792 4.74069 -0.0609176 1.57731 0.00536153 0.00197953 0.00178891
57.3006 4.7403 -0.0626921 1.5773 0.00525998 0.00190512 0.00178592
57.3203 4.73991 -0.0644816 1.5773 0.00517828 0.00193174 0.00178317
57.3401 4.73952 -0.0662857 1.5773 0.00510825 0.00196478 0.00178319
57.3607 4.73913 -0.0681041 1.5773 0.00504718 0.00194437 0.00178044
57.3812 4.73873 -0.0699364 1.5773 0.00498634 0.00191603 0.00177735
57.4021 4.73833 -0.0717822 1.5773 0.00491967 0.00189904 0.00177315
57.421 4.73793 -0.0736413 1.5773 0.00484026 0.00189072 0.00177133
57.4435 4.73752 -0.0755133 1.5773 0.00475767 0.00190063 0.00176749
57.4622 4.73712 -0.0773979 1.5773 0.00466935 0.00191319 0.00176413
57.4822 4.73671 -0.0792946 1.5773 0.00456798 0.00192455 0.00176262
57.5037 4.73629 -0.0812031 1.57729 0.00445992 0.00194584 0.00176399
57.526 4.73588 -0.0831229 1.57728 0.00436348 0.00196647 0.00176187
57.5473 4.73546 -0.0850535 1.57727 0.00426224 0.00198357 0.00176133
57.5651 4.73504 -0.0869947 1.57726 0.00417547 0.00198803 0.00176267
57.5851 4.73461 -0.088946 1.57725 0.00408978 0.00198909 0.00176186
57.6072 4.73419 -0.0909071 1.57724 0.00399668 0.00200159 0.00176849
57.6258 4.73376 -0.0928793 1.57723 0.00421539 0.00202087 0.00176907
57.6464 4.73333 -0.0948661 1.57723 0.00516186 0.00203684 0.00176717
57.6665 4.7329 -0.0968694 1.57725 0.00653262 0.0020526 0.00176713
57.6863 4.73246 -0.0988924 1.57727 0.0079654 0.00207155 0.00176546
57.7074 4.73202 -0.10094 1.5773 0.00940021 0.00209409 0.00176241
57.7291 4.73158 -0.103018 1.57733 0.0107217 0.00201995 0.00175956
57.7469 4.73115 -0.10513 1.57737 0.0118568 0.00209303 0.00175913
57.7678 4.73073 -0.10728 1.5774 0.0127998 0.00211471 0.00176018
57.7875 4.7303 -0.109472 1.57743 0.0135011 0.00209301 0.00175707
57.8082 4.72989 -0.111709 1.57746 0.0139854 0.00209617 0.00175559
57.8277 4.72948 -0.113992 1.57748 0.0142439 0.00211224 0.00175684
57.8505 4.72908 -0.116321 1.5775 0.0142914 0.00211358 0.00175497
57.8687 4.72868 -0.118699 1.57752 0.0141813 0.00210753 0.00175341
57.8877 4.72829 -0.121123 1.57753 0.0139342 0.002104 0.00175184
57.9088 4.72791 -0.123593 1.57753 0.0135687 0.00210318 0.00175123
57.928 4.72753 -0.126108 1.57753 0.0131016 0.00210615 0.00174962
57.949 4.72715 -0.128666 1.57753 0.012593 0.00211028 0.00174392
57.9682 4.72678 -0.131264 1.57753 0.012054 0.00210844 0.00173798
57.9881 4.72642 -0.133901 1.57753 0.0114865 0.00210511 0.00173773
58.0085 4.72607 -0.136574 1.57753 0.0109354 0.00212503 0.00174015
58.029 4.72571 -0.139282 1.57752 0.0103777 0.00214557 0.00174002
58.0489 4.72537 -0.142022 1.57752 0.00985156 0.00216159 0.00174094
58.0693 4.72503 -0.144791 1.57751 0.00938992 0.0021966 0.00173918
58.0897 4.7247 -0.147589 1.57751 0.00894626 0.00221683 0.00174012
58.1093 4.72437 -0.150413 1.5775 0.00855923 0.00222612 0.0017402
58.1319 4.72405 -0.153261 1.57749 0.00821966 0.00226246 0.00173735
58.1523 4.72373 -0.156133 1.57749 0.0078872 0.00228945 0.00173414
58.1706 4.72343 -0.159026 1.57748 0.00758061 0.00230733 0.00173653
58.1904 4.72312 -0.16194 1.57747 0.00729746 0.00232483 0.00173758
58.2115 4.72283 -0.164873 1.57746 0.0070413 0.00232689 0.00174232
58.2314 4.72254 -0.167824 1.57744 0.00681596 0.00234392 0.00174114
58.2511 4.72225 -0.170792 1.57743 0.00658828 0.00235666 0.00174202
58.2716 4.72198 -0.173777 1.57741 0.0063763 0.00236031 0.00174562
58.2919 4.72171 -0.176777 1.5774 0.00619134 0.00238495 0.00174294
58.3121 4.72144 -0.179792 1.57738 0.00600148 0.00240732 0.00173943
58.3321 4.72118 -0.18282 1.57737 0.00581978 0.00240996 0.00174215
58.3529 4.72093 -0.185862 1.57735 0.005647 0.00239768 0.00174067
58.3726 4.72069 -0.188916 1.57734 0.00546743 0.00238698 0.00173849
58.3928 4.72045 -0.191981 1.57732 0.00528611 0.00230127 0.00173438
58.4135 4.72023 -0.195057 1.57731 0.00511083 0.00236119 0.00173182
58.4325 4.72002 -0.198143 1.5773 0.00494571 0.00242371 0.00172917
58.4538 4.71981 -0.201239 1.5773 0.00479457 0.00231921 0.00172398
58.473 4.71962 -0.204344 1.5773 0.00462567 0.00232936 0.00172079
58.4932 4.71942 -0.207456 1.5773 0.00444856 0.00237132 0.00171923
58.5143 4.71924 -0.210576 1.5773 0.00427028 0.00233122 0.00171458
58.5342 4.71906 -0.213702 1.5773 0.00409565 0.00235487 0.00170856
58.5559 4.71891 -0.216835 1.5773 0.00391068 0.00246543 0.00170413
58.5743 4.71876 -0.219972 1.5773 0.00372003 0.00241014 0.00169842
58.5941 4.71861 -0.223114 1.5773 0.00352271 0.00237619 0.00169322
58.6147 4.71847 -0.226259 1.5773 0.00333182 0.00239425 0.00168888
58.6352 4.71834 -0.229408 1.5773 0.00324091 0.00240782 0.00168508
58.656 4.71821 -0.232565 1.57732 0.00394894 0.00239579 0.0016777
58.6755 4.71808 -0.235731 1.57735 0.00545542 0.00231244 0.00167337
58.695 4.71798 -0.238912 1.57739 0.00736341 0.00234121 0.00166734
58.7179 4.71788 -0.242111 1.57743 0.00931229 0.00245118 0.0016632
58.7354 4.71779 -0.245336 1.57747 0.0111514 0.00236228 0.00165666
58.7564 4.71771 -0.248594 1.57752 0.0128473 0.00233182 0.00164937
58.7761 4.71763 -0.25189 1.57756 0.0142628 0.0023543 0.00164222
58.7963 4.71756 -0.255229 1.5776 0.0153733 0.00236797 0.00163272
58.8177 4.7175 -0.258616 1.57763 0.0162126 0.00238428 0.00162218
58.839 4.71744 -0.262054 1.57766 0.0167677 0.00239781 0.00160875
58.8597 4.71739 -0.265545 1.57768 0.017059 0.0024113 0.00160449
58.8801 4.71734 -0.26909 1.5777 0.0171078 0.00242177 0.00160623
58.9001 4.7173 -0.272689 1.57771 0.0169543 0.00242441 0.00160701
58.9223 4.71726 -0.276342 1.57772 0.0166333 0.00242569 0.00160578
58.9422 4.71723 -0.280047 1.57773 0.0161709 0.00243323 0.0016024
58.9633 4.71721 -0.283803 1.57773 0.0155975 0.00244639 0.0016043
58.9842 4.71719 -0.287607 1.57773 0.0149522 0.00245177 0.00159832
59.0027 4.71718 -0.291457 1.57773 0.014277 0.00245465 0.00158811
59.0231 4.71717 -0.295351 1.57772 0.0135906 0.0024555 0.00158733
59.0424 4.71717 -0.299285 1.57772 0.012911 0.00244844 0.00158705
59.0655 4.71717 -0.303257 1.57771 0.0122574 0.00244359 0.00159244
59.0839 4.71719 -0.307265 1.57771 0.0116741 0.00244 0.0015943
59.1044 4.7172 -0.311306 1.5777 0.0111493 0.00243097 0.00158853
59.1256 4.71723 -0.315377 1.5777 0.010637 0.00242169 0.00158199
59.1444 4.71725 -0.319478 1.57769 0.0101364 0.00241938 0.00158519
59.165 4.71729 -0.323604 1.57768 0.0096779 0.00242094 0.00159045
59.1845 4.71733 -0.327756 1.57767 0.00925227 0.00241698 0.00159053
59.2057 4.71737 -0.33193 1.57766 0.00885876 0.0024145 0.00159459
59.2261 4.71742 -0.336126 1.57765 0.0085073 0.00241845 0.00159514
59.2458 4.71748 -0.340342 1.57764 0.00818258 0.00241575 0.00159638
59.2673 4.71754 -0.344576 1.57762 0.00788506 0.00241006 0.00160577
59.2877 4.71761 -0.348828 1.5776 0.00763266 0.00241941 0.00161038
59.3064 4.71768 -0.353096 1.57759 0.00739772 0.00243161 0.00160808
59.327 4.71776 -0.357379 1.57757 0.007171 0.00243739 0.00161125
59.348 4.71785 -0.361677 1.57755 0.00696112 0.00243909 0.00160681
59.3704 4.71794 -0.365988 1.57753 0.00674668 0.00243977 0.00159712
59.3877 4.71803 -0.370311 1.57751 0.00652182 0.00244168 0.00158683
59.4075 4.71813 -0.374646 1.5775 0.00629073 0.00244266 0.00158337
59.4292 4.71824 -0.378992 1.57748 0.00607938 0.00243769 0.00158438
59.4481 4.71835 -0.383347 1.57746 0.00587636 0.00243088 0.00157737
59.4692 4.71847 -0.387711 1.57744 0.00567155 0.00242516 0.00156786
59.4878 4.71859 -0.392084 1.57742 0.00546302 0.00242103 0.00155842
59.5076 4.71872 -0.396463 1.5774 0.0052531 0.00241971 0.00155068
59.5328 4.71885 -0.40085 1.57738 0.00504406 0.00242267 0.00154196
59.5493 4.71899 -0.405241 1.57736 0.00483574 0.00242449 0.00153055
59.5705 4.71913 -0.409638 1.57733 0.00462242 0.00242744 0.00151773
59.5903 4.71928 -0.414038 1.57731 0.00440668 0.00243059 0.00150889
59.6103 4.71943 -0.418442 1.57728 0.00420141 0.00242797 0.00150204
59.6313 4.71959 -0.422847 1.57726 0.00399729 0.00242296 0.00148739
59.6505 4.71976 -0.427254 1.57723 0.00380525 0.00249863 0.00147475
59.6718 4.71992 -0.431667 1.57722 0.00433156 0.00244189 0.00147117
59.6919 4.72008 -0.436089 1.57723 0.00605309 0.00240735 0.00146597
59.7108 4.72023 -0.440525 1.57725 0.00834579 0.00234238 0.00146289
59.7329 4.72039 -0.44498 1.57729 0.010796 0.00238386 0.00145834
59.7528 4.72056 -0.449463 1.57733 0.0132197 0.00241778 0.00145704
59.7766 4.72073 -0.453982 1.57738 0.0154765 0.00247851 0.00145392
59.7925 4.72089 -0.458547 1.57743 0.0174552 0.00241929 0.00145249
59.8139 4.72106 -0.463162 1.57747 0.0190299 0.00241135 0.00145333
59.8338 4.72122 -0.467835 1.5775 0.020219 0.00242938 0.00144938
59.8535 4.72137 -0.47257 1.57753 0.0210407 0.00242368 0.00144628
59.8745 4.72153 -0.477369 1.57756 0.0214748 0.00241645 0.00144777
59.8939 4.72168 -0.482235 1.57757 0.0215454 0.00242433 0.00145038
59.9136 4.72183 -0.487168 1.57758 0.0213155 0.00243626 0.00144703
59.9347 4.72198 -0.492167 1.57759 0.0208287 0.00244288 0.00145044
59.9565 4.72212 -0.497229 1.57759 0.0201328 0.00245146 0.00145241
59.9764 4.72227 -0.502353 1.57759 0.0192862 0.00245935 0.00145305
59.9965 4.72241 -0.507535 1.57758 0.0183282 0.00245303 0.00145339
60.0171 4.72254 -0.512772 1.57757 0.0172896 0.00244785 0.0014509
60.0393 4.72268 -0.518059 1.57756 0.0162211 0.00244778 0.00144499
60.061 4.72281 -0.523393 1.57754 0.0151517 0.00244834 0.00144164
60.0789 4.72294 -0.528769 1.57753 0.014103 0.00244776 0.00144359
60.1033 4.72307 -0.534183 1.57751 0.0131104 0.00243515 0.00144937
60.1211 4.7232 -0.539631 1.57749 0.0121858 0.00242571 0.00145812
60.1421 4.72332 -0.545109 1.57747 0.011319 0.00241923 0.00146625
60.1664 4.72344 -0.550615 1.57744 0.0105149 0.00240771 0.00147134
60.1848 4.72356 -0.556144 1.57742 0.00981282 0.00240353 0.00147443
60.2066 4.72367 -0.561694 1.57739 0.0092166 0.00239572 0.00147668
60.2244 4.72379 -0.567263 1.57736 0.00868221 0.00237658 0.00147836
60.2454 4.7239 -0.572849 1.57734 0.00819343 0.00236391 0.00148949
60.2651 4.72401 -0.578449 1.57731 0.00775517 0.00235189 0.00149586
60.2853 4.72411 -0.584061 1.57728 0.00734566 0.002338 0.0014959
60.3048 4.72421 -0.589684 1.57725 0.00696223 0.00233029 0.00150049
60.3249 4.72431 -0.595316 1.57723 0.00660664 0.00232117 0.00150597
60.346 4.72441 -0.600956 1.5772 0.00627401 0.00231471 0.00150043
60.3648 4.7245 -0.606602 1.57717 0.00594621 0.00231485 0.00149309
60.3863 4.72459 -0.612254 1.57714 0.0056261 0.00231076 0.00148547
60.4052 4.72468 -0.617909 1.57712 0.00531129 0.00230921 0.00147298
60.4251 4.72477 -0.623567 1.57709 0.00498959 0.00231457 0.00145974
60.4489 4.72485 -0.629226 1.57706 0.00465474 0.00231954 0.00144712
60.4706 4.72493 -0.634885 1.57704 0.00431744 0.00231749 0.00143962
60.4891 4.72501 -0.640542 1.57701 0.00398942 0.00231063 0.00142841
60.5065 4.72508 -0.646198 1.57698 0.00367272 0.00230703 0.00142015
60.5265 4.72515 -0.651849 1.57696 0.00337296 0.00230121 0.00140661
60.5481 4.72522 -0.657495 1.57693 0.003074 0.00229907 0.001392
60.5677 4.72529 -0.663135 1.5769 0.00278103 0.00229311 0.00137833
60.5919 4.72535 -0.668768 1.57687 0.00248988 0.00228517 0.00136361
60.6085 4.72541 -0.674392 1.57685 0.00219775 0.00227427 0.00135328
60.6288 4.72542 -0.675502 1.57683 0.00210792 0.00227221 0.00135088
60.6537 4.72542 -0.675483 1.57682 0.0020588 0.00225034 0.00133883
60.6688 4.72542 -0.675448 1.57684 0.0023128 0.0021467 0.00132328
60.6897 4.72542 -0.675291 1.57728 0.0051305 0.00228009 0.00131356
60.7101 4.72542 -0.674967 1.57827 0.0115717 0.00229273 0.00130341
60.7292 4.72543 -0.674544 1.57965 0.0205492 0.00232207 0.0012902
60.7504 4.72544 -0.674104 1.58129 0.0305992 0.00236751 0.0012739
60.7694 4.72546 -0.673702 1.58304 0.040545 0.00234851 0.00125454
60.7913 4.72547 -0.673364 1.58483 0.0495732 0.0023693 0.00123239
60.8095 4.72549 -0.673111 1.58658 0.0567511 0.00234782 0.00120765
60.8294 4.7255 -0.672933 1.58827 0.062032 0.00232556 0.00118065
60.8524 4.72551 -0.67278 1.58981 0.0667399 0.00232557 0.00115158
60.8702 4.72552 -0.67265 1.59117 0.0708864 0.00232558 0.00112055
60.8908 4.72554 -0.672542 1.59232 0.074405 0.0023256 0.0010877
60.9101 4.72555 -0.672454 1.59326 0.0772763 0.0023256 0.00105314
60.9302 4.72556 -0.672385 1.594 0.0795251 0.00232561 0.00101696
61.0511 4.72558 -0.67233 1.59456 0.0812205 0.00232562 0.000979268
61.0691 4.72559 -0.672288 1.59495 0.0824263 0.00232562 0.000940143
61.0896 4.72561 -0.672265 1.59518 0.0828024 0.00232145 0.000899663
61.1093 4.72562 -0.672315 1.59525 0.080085 0.00231717 0.000857891
61.1293 4.72563 -0.672437 1.59515 0.0745585 0.00231066 0.000815915
61.1515 4.72564 -0.672596 1.5949 0.0680831 0.00227801 0.000775948
61.169 4.72565 -0.672788 1.59449 0.0609741 0.00215497 0.000738004
61.1908 4.72565 -0.673011 1.59394 0.0534418 0.00215009 0.000701838
61.2093 4.72566 -0.673251 1.59328 0.0459773 0.00211416 0.000667467
61.229 4.72567 -0.673493 1.59253 0.0389528 0.00204487 0.000634802
61.2517 4.72568 -0.67373 1.59172 0.0325034 0.00199147 0.000603724
61.2697 4.72569 -0.673954 1.59086 0.0266907 0.00187468 0.000574201
61.2901 4.72569 -0.674156 1.58997 0.0216687 0.0018574 0.000546068
61.3095 4.7257 -0.674333 1.58906 0.0174203 0.0018288 0.000519317
61.3294 4.72571 -0.674483 1.58816 0.0139026 0.00169984 0.000493911
61.351 4.72572 -0.674606 1.58727 0.0110601 0.00167638 0.000469711
61.3697 4.72573 -0.674719 1.58642 0.00845932 0.00161942 0.000437776
61.3909 4.72575 -0.674822 1.58564 0.00606541 0.00156017 0.000384902
61.4097 4.72578 -0.674912 1.58492 0.00396998 0.00133735 0.000332218
61.4299 4.72581 -0.674985 1.58426 0.00227787 0.00098085 0.000286561
61.4517 4.72586 -0.675036 1.58366 0.00100882 0.000837481 0.000226223
61.4698 4.72593 -0.675055 1.58312 0.000262125 0.000744259 0.000120761
61.4925 4.72603 -0.675019 1.58263 0.000251453 0.000767888 -0.000105712
61.5106 4.72616 -0.674979 1.58216 0.00049724 0.000832586 -0.000277265
61.5303 4.72632 -0.674933 1.58171 0.000897329 0.000902572 -0.000433384
61.551 4.7265 -0.674882 1.58126 0.00146248 0.00096912 -0.00057525
61.5707 4.7267 -0.674827 1.58081 0.00214081 0.000963193 -0.000701522
61.5914 4.72694 -0.674774 1.58035 0.00284014 0.00117636 -0.000814767
61.6108 4.72721 -0.674725 1.57988 0.00349152 0.00121873 -0.00091346
61.6308 4.72751 -0.674683 1.5794 0.0040517 0.00131579 -0.00100076
61.6529 4.72785 -0.674649 1.57891 0.00449298 0.00139118 -0.00107623
61.6719 4.72823 -0.674623 1.5784 0.00479667 0.00144536 -0.001141
61.6932 4.72864 -0.674605 1.57788 0.00497025 0.00148199 -0.00119014
61.7117 4.72908 -0.674596 1.57736 0.00501287 0.00147816 -0.00123288
61.7319 4.72956 -0.674592 1.57682 0.00495293 0.00145496 -0.00126552
61.7526 4.73007 -0.674594 1.57628 0.00480018 0.00145397 -0.00129283
61.7723 4.73062 -0.674601 1.57574 0.00457837 0.00139108 -0.00131247
61.7953 4.7312 -0.674606 1.57519 0.00443928 0.000443203 -0.00131143
61.8126 4.73197 -0.674618 1.57467 0.00421303 0.0007788 -0.00129753
61.8329 4.73295 -0.674637 1.57419 0.00385318 0.00134701 -0.00127682
61.8533 4.73413 -0.67466 1.57374 0.00342011 0.00109669 -0.00125751
61.8731 4.73548 -0.674685 1.57331 0.00295916 0.000850773 -0.00123546
61.8973 4.737 -0.674711 1.5729 0.00249825 0.000634229 -0.00120857
61.9137 4.73868 -0.674736 1.57249 0.00204935 0.000525588 -0.00118192
61.9336 4.74051 -0.67476 1.5721 0.0016477 0.000465409 -0.00115182
61.9565 4.74251 -0.67478 1.5717 0.001301 0.000428865 -0.00112592
61.9745 4.74467 -0.674797 1.5713 0.00102733 0.000434046 -0.00109701
61.9956 4.74698 -0.674811 1.57091 0.000825996 0.000468617 -0.0010667
62.0147 4.74946 -0.674822 1.57052 0.000694346 0.000522215 -0.00103267
62.0344 4.75209 -0.674831 1.57013 0.000622305 0.00061053 -0.000995479
62.0561 4.75489 -0.674838 1.56975 0.000585704 0.000718196 -0.000957051
62.0749 4.75784 -0.674844 1.56938 0.000591192 0.000810029 -0.000913594
62.0954 4.76096 -0.674848 1.56902 0.000632552 0.000920973 -0.000865682
62.115 4.76423 -0.674853 1.56868 0.000688041 0.00100483 -0.000812807
62.1352 4.76767 -0.674858 1.56835 0.00074434 0.00120137 -0.000752695
62.1584 4.77126 -0.674865 1.56803 0.000790278 0.00131103 -0.00068936
62.1754 4.775 -0.674874 1.56774 0.000820289 0.00138059 -0.000618404
62.1978 4.77889 -0.674884 1.56746 0.000825669 0.00148197 -0.0005437
62.2158 4.78294 -0.674896 1.5672 0.00080249 0.0015909 -0.00046934
62.2356 4.78715 -0.67491 1.56696 0.000759122 0.0017777 -0.000387648
62.2572 4.7915 -0.674926 1.56673 0.000694989 0.00173891 -0.000302671
62.2765 4.79601 -0.674943 1.56653 0.000609658 0.00191982 -0.000215302
62.297 4.80066 -0.674961 1.56634 0.00050509 0.00196495 -0.000128982
62.3167 4.80546 -0.67498 1.56617 0.000387688 0.00201878 -4.11259e-05
62.3366 4.8104 -0.674996 1.56603 0.000161175 0.00213778 -6.07838e-06
62.3604 4.81548 -0.675 1.56591 -2.55592e-05 0.00234194 -4.36892e-06
62.3772 4.8207 -0.674991 1.56581 3.12372e-06 0.0025451 1.48285e-05
62.3981 4.82606 -0.67498 1.56573 -6.53722e-05 0.00258544 4.78286e-05
62.4175 4.83157 -0.674965 1.56566 -0.000131287 0.00266363 3.00444e-05
62.4378 4.83722 -0.674949 1.56561 -0.00016931 0.00280218 3.22993e-05
62.4596 4.84301 -0.674933 1.56557 -0.000205622 0.00272385 4.56008e-05
62.4781 4.84895 -0.674916 1.56555 -0.000259547 0.00273944 6.39034e-05
62.5009 4.85503 -0.674897 1.56554 -0.000328498 0.00278112 9.05649e-05
62.5189 4.86126 -0.674878 1.56554 -0.000412525 0.00283551 0.000125025
62.5385 4.86762 -0.674856 1.56555 -0.000492032 0.00286426 0.000148122
62.5589 4.87414 -0.674832 1.56557 -0.000575406 0.00288507 0.000168795
62.5791 4.88079 -0.674806 1.5656 -0.000672338 0.00290626 0.000185082
62.6013 4.88759 -0.674776 1.56564 -0.000778014 0.00293223 0.000206337
62.6195 4.89452 -0.674743 1.56569 -0.000892803 0.00297473 0.000233526
62.6396 4.90161 -0.674707 1.56575 -0.00102083 0.00311942 0.000262678
62.6634 4.90883 -0.674666 1.56582 -0.00116097 0.00307591 0.000294448
62.6804 4.91619 -0.674621 1.56591 -0.0013038 0.00317501 0.000335624
62.7027 4.92369 -0.674571 1.56601 -0.00145812 0.00335831 0.000381727
62.7206 4.93133 -0.674515 1.56613 -0.00161037 0.00345729 0.00043406
62.7407 4.93911 -0.674454 1.56627 -0.00174908 0.00350731 0.000482348
62.7648 4.94702 -0.674385 1.56642 -0.0018721 0.00363922 0.000540732
62.7808 4.95506 -0.674309 1.56658 -0.00197817 0.00368653 0.000601856
62.802 4.9632 -0.674226 1.56675 -0.00205555 0.00262284 0.000670115
62.8218 4.97157 -0.674135 1.56696 -0.00216282 0.00332657 0.000737622
62.8414 4.98017 -0.674035 1.56722 -0.00233099 0.00385834 0.000808686
62.8649 4.98898 -0.673926 1.56752 -0.00251973 0.00394914 0.000880308
62.8813 4.99799 -0.673807 1.56785 -0.00271097 0.00368235 0.000953635
62.9023 5.00719 -0.673677 1.5682 -0.00290903 0.00374195 0.0010276
62.9216 5.01655 -0.673537 1.56856 -0.00308366 0.00374612 0.00110214
62.9417 5.02607 -0.673384 1.56891 -0.00322812 0.00375076 0.00117643
62.9671 5.03575 -0.67322 1.56926 -0.00334157 0.00374039 0.00125113
62.9826 5.04557 -0.673043 1.5696 -0.00342086 0.0037472 0.00132085
63.0034 5.05552 -0.672853 1.56993 -0.0034642 0.00379854 0.00139388
63.0226 5.06561 -0.67265 1.57025 -0.00347038 0.00384902 0.00146686
63.0427 5.07581 -0.672434 1.57056 -0.00344981 0.00387324 0.0015374
63.0639 5.08613 -0.672205 1.57085 -0.00341507 0.00392857 0.00160557
63.0834 5.09655 -0.671964 1.57114 -0.00336418 0.00394875 0.00167561
63.1041 5.10706 -0.67171 1.57141 -0.0032954 0.00398994 0.0017409
63.1238 5.11767 -0.671444 1.57168 -0.00321836 0.00400611 0.00180805
63.1439 5.12835 -0.671166 1.57193 -0.00313604 0.00404091 0.00187294
63.1669 5.13911 -0.670876 1.57218 -0.00304685 0.00405927 0.00193442
63.184 5.14993 -0.670576 1.57242 -0.00295341 0.0040857 0.00199483
63.2062 5.16081 -0.670264 1.57265 -0.00285688 0.00412871 0.00205339
63.2245 5.17174 -0.669942 1.57287 -0.0027563 0.00415253 0.00211101
63.2445 5.18271 -0.669611 1.57308 -0.00265378 0.00411625 0.00216677
63.2659 5.19372 -0.66927 1.57328 -0.00255656 0.00417842 0.00221898
63.2853 5.20476 -0.66892 1.57348 -0.00246183 0.0042411 0.00227069
63.3073 5.21582 -0.668561 1.57367 -0.00237159 0.00428867 0.00231864
63.3254 5.2269 -0.668194 1.57386 -0.00228052 0.00434493 0.00236364
63.3456 5.23799 -0.667819 1.57404 -0.00220092 0.00439305 0.00240869
63.3669 5.24908 -0.667436 1.57421 -0.00212732 0.00434949 0.00245464
63.3861 5.26017 -0.667047 1.57438 -0.00205939 0.00439016 0.00249887
63.4078 5.27125 -0.66665 1.57454 -0.00199057 0.00442624 0.00253556
63.4263 5.28232 -0.666247 1.57469 -0.00191345 0.00444813 0.0025719
63.4473 5.29337 -0.665837 1.57484 -0.00184905 0.00440342 0.00260582
63.4673 5.30439 -0.665422 1.57499 -0.00178695 0.00444418 0.00263934
63.4873 5.31538 -0.665001 1.57512 -0.00171218 0.0044585 0.0026687
63.5081 5.32634 -0.664575 1.57525 -0.00163497 0.00448523 0.00269557
63.5276 5.33724 -0.664144 1.57537 -0.00156851 0.00442634 0.00271954
63.5475 5.3481 -0.663707 1.57549 -0.00150523 0.00447807 0.00274337
63.5693 5.35891 -0.663267 1.5756 -0.00143137 0.00451893 0.0027688
63.5893 5.36966 -0.662823 1.57571 -0.00134958 0.00454382 0.00279061
63.6093 5.38035 -0.662374 1.57581 -0.00126487 0.00447486 0.0028062
63.6289 5.39096 -0.661923 1.57591 -0.00118423 0.00450726 0.00282455
63.6487 5.4015 -0.661468 1.576 -0.00110265 0.0044348 0.00283883
63.6698 5.41197 -0.66101 1.57609 -0.00101951 0.00445038 0.00285568
63.6895 5.42235 -0.660551 1.57617 -0.0009364 0.00445781 0.00287173
63.7209 5.43264 -0.660089 1.57625 -0.000858984 0.00444078 0.00288202
63.7424 5.44283 -0.659625 1.57632 -0.000786434 0.00438484 0.00289326
63.7608 5.45293 -0.65916 1.57639 -0.000717389 0.00439902 0.00289846
63.7821 5.46292 -0.658694 1.57645 -0.000646441 0.00429972 0.00290367
63.8014 5.47281 -0.658227 1.57651 -0.000576723 0.00430031 0.00290642
63.8233 5.48259 -0.657759 1.57656 -0.000527446 0.00483721 0.00290821
63.8413 5.4922 -0.657292 1.57661 -0.000437153 0.00471746 0.00290467
63.8619 5.50161 -0.656825 1.57668 -0.00028959 0.00434419 0.00290458
63.8819 5.51081 -0.656359 1.57675 -0.000124882 0.00421899 0.00290204
63.9017 5.51983 -0.655895 1.57683 4.22652e-05 0.00440805 0.00289285
63.9226 5.52866 -0.655433 1.5769 0.000211028 0.00449153 0.00288787
63.9429 5.5373 -0.654973 1.57697 0.000369386 0.00448219 0.00288317
63.9624 5.54575 -0.654517 1.57703 0.000514847 0.00448023 0.00287905
63.9838 5.55402 -0.654064 1.57707 0.000645517 0.00447731 0.00287422
64.0032 5.56211 -0.653616 1.5771 0.000754367 0.00444788 0.00286944
64.0242 5.57001 -0.653173 1.57711 0.000844998 0.00440843 0.00285937
64.0434 5.57773 -0.652735 1.57711 0.000918242 0.00436433 0.00284472
64.0636 5.58526 -0.652302 1.5771 0.000975404 0.00429276 0.00283239
64.0861 5.59261 -0.651874 1.57708 0.00101173 0.00421339 0.00281506
64.1043 5.59978 -0.651453 1.57704 0.00103687 0.00413859 0.00279844
64.1257 5.60676 -0.651037 1.577 0.00106007 0.00404147 0.00278113
64.1445 5.61356 -0.650627 1.57696 0.00107677 0.00394092 0.00276668
64.1653 5.62018 -0.650223 1.5769 0.00109682 0.00385012 0.00275703
64.1856 5.62662 -0.649825 1.57685 0.00112743 0.00375375 0.00274521
64.205 5.63288 -0.649433 1.57678 0.00116026 0.00364876 0.00272983
64.2278 5.63895 -0.649048 1.57672 0.00119563 0.00355047 0.00271719
64.246 5.64484 -0.648669 1.57664 0.00123895 0.00346518 0.00270139
64.2654 5.65055 -0.648296 1.57656 0.00128393 0.00337483 0.00268743
64.2869 5.65608 -0.647931 1.57648 0.00133471 0.00322315 0.00267344
64.307 5.66144 -0.647571 1.57639 0.00135445 0.00318656 0.00265663
64.3279 5.66663 -0.647219 1.57631 0.00134722 0.00310917 0.00264328
64.3471 5.67164 -0.646873 1.57622 0.00133795 0.00300022 0.00262553
64.3678 5.67649 -0.646534 1.57613 0.00132694 0.00289027 0.00260557
64.3876 5.68115 -0.646202 1.57604 0.00132054 0.00278068 0.00258636
64.4076 5.68565 -0.645876 1.57595 0.0013196 0.0026789 0.00256729
64.4299 5.68997 -0.645558 1.57586 0.00132335 0.00258569 0.0025486
64.4481 5.69413 -0.645245 1.57576 0.00133365 0.00243393 0.00253416
64.4689 5.69812 -0.64494 1.57567 0.00132881 0.00240168 0.00251723
64.4892 5.70194 -0.64464 1.57558 0.00131067 0.00233378 0.00250052
64.5088 5.70561 -0.644347 1.57549 0.00128152 0.00225133 0.00248237
64.5297 5.70911 -0.644061 1.5754 0.00124175 0.00212351 0.0024623
64.5519 5.71246 -0.643781 1.57531 0.00122197 0.00216458 0.00244705
64.5696 5.71565 -0.643506 1.57523 0.00121773 0.00213942 0.0024312
64.5929 5.71869 -0.643238 1.57514 0.00120376 0.00207952 0.00241664
64.6105 5.72157 -0.642976 1.57506 0.00117506 0.00200881 0.00240235
64.6314 5.7243 -0.642719 1.57497 0.00115946 0.00190886 0.00238415
64.6518 5.72687 -0.642468 1.57489 0.00114495 0.00172073 0.00236711
64.6711 5.7293 -0.642223 1.5748 0.00112566 0.00170259 0.00235223
64.6922 5.73158 -0.641984 1.57472 0.00112651 0.00164561 0.00233644
64.7154 5.73372 -0.64175 1.57464 0.00114491 0.00153228 0.00232099
64.7345 5.73571 -0.641521 1.57456 0.00118221 0.00139456 0.00230661
64.7531 5.73757 -0.641298 1.57449 0.0012001 0.00140816 0.0022905
64.7743 5.73929 -0.641081 1.57441 0.00119937 0.00138157 0.00227537
64.7953 5.74087 -0.64087 1.57434 0.00119579 0.0013124 0.00225857
64.8142 5.74232 -0.640664 1.57427 0.00119723 0.00126397 0.00224463
64.8366 5.74362 -0.640464 1.5742 0.00121345 0.00119618 0.00223042
64.8552 5.7448 -0.64027 1.57412 0.00123941 0.00103205 0.00221652
64.8743 5.74584 -0.640081 1.57406 0.00123997 0.00098337 0.00220301
64.897 5.74676 -0.639898 1.57399 0.00123011 0.000802913 0.00218799
64.9145 5.74756 -0.639721 1.57392 0.0012312 0.00071397 0.00217442
64.9353 5.74824 -0.639549 1.57386 0.00124723 0.000597842 0.00216222
64.9545 5.74879 -0.639384 1.57379 0.00125394 0.000381662 0.00215023
64.9745 5.74923 -0.639223 1.57373 0.00126334 0.00030919 0.00213537
64.9955 5.74956 -0.639069 1.57367 0.00126799 0.000182306 0.00212145
65.0157 5.74978 -0.63892 1.57362 0.0012527 0.000143577 0.00210878
65.0361 5.74989 -0.638777 1.57357 0.00124322 4.91591e-05 0.00209762
65.0556 5.74991 -0.638639 1.57352 0.00123332 6.46206e-05 0.00208606
65.0756 5.74983 -0.638507 1.57348 0.00121646 2.99922e-05 0.00207899
65.0994 5.74965 -0.63838 1.57344 0.00118243 9.47442e-05 0.00206776
65.1157 5.74939 -0.638258 1.5734 0.00114597 0.000164474 0.00205791
65.1363 5.74904 -0.638141 1.57337 0.00111714 0.000111035 0.00204831
65.1566 5.74861 -0.638029 1.57334 0.00109191 0.000209555 0.00204109
65.1763 5.7481 -0.637922 1.5733 0.00106792 0.000207744 0.00203296
65.1973 5.74751 -0.63782 1.57328 0.00103514 0.000298567 0.0020235
65.2164 5.74686 -0.637722 1.57325 0.000990238 0.000295344 0.00201472
65.2377 5.74614 -0.637629 1.57323 0.000931916 0.000399791 0.00200543
65.2568 5.74536 -0.637539 1.57321 0.000878815 0.000470849 0.00199881
65.2769 5.74452 -0.637454 1.57319 0.000827451 0.0004056 0.00198886
65.2987 5.74362 -0.637371 1.57317 0.000773036 0.000504534 0.00198025
65.3175 5.74267 -0.637293 1.57316 0.000724951 0.000474205 0.0019716
65.3376 5.74168 -0.637217 1.57314 0.000671375 0.000533232 0.00196282
65.3577 5.74064 -0.637145 1.57313 0.000610227 0.000560642 0.00195387
65.3775 5.73956 -0.637075 1.57312 0.000554303 0.000467939 0.00194619
65.3991 5.73844 -0.637008 1.57311 0.000494693 0.000541455 0.00193942
65.4181 5.73728 -0.636943 1.57311 0.000454682 0.000512214 0.00193282
65.4392 5.73609 -0.63688 1.5731 0.000425251 0.000531473 0.00192841
65.4585 5.73487 -0.636819 1.5731 0.000408697 0.000556543 0.00192091
65.4786 5.73362 -0.63676 1.5731 0.000392598 0.000512773 0.00191326
65.4993 5.73236 -0.636703 1.5731 0.000360774 0.000580643 0.00190693
65.5189 5.73107 -0.636647 1.57309 0.000333169 0.000622587 0.00190142
65.5393 5.72976 -0.636593 1.57309 0.000308754 0.000577646 0.00189645
65.5608 5.72845 -0.63654 1.5731 0.000273723 0.000635316 0.0018917
65.5793 5.72711 -0.636489 1.5731 0.000251521 0.000600585 0.00188846
65.6009 5.72578 -0.636439 1.5731 0.000213957 0.000621772 0.00188327
65.6197 5.72443 -0.636389 1.5731 0.000173766 0.000678877 0.00187853
65.6406 5.72309 -0.636341 1.57311 0.000147777 0.000699599 0.00187302
65.6596 5.72173 -0.636293 1.57312 0.00011105 0.000628183 0.00186851
65.6797 5.72039 -0.636246 1.57313 6.78145e-05 0.000699055 0.00186383
65.7028 5.71904 -0.636199 1.57315 2.01166e-05 0.000705311 0.00185952
65.7204 5.7177 -0.636153 1.57316 -1.26537e-05 0.000699606 0.00185522
65.7418 5.71637 -0.636106 1.57318 -2.38818e-05 0.000646288 0.00185075
65.7606 5.71505 -0.63606 1.5732 -4.53569e-05 0.000725587 0.0018457
65.7812 5.71373 -0.636014 1.57322 -6.55188e-05 0.000743211 0.00184135
65.8027 5.71243 -0.635968 1.57324 -6.70795e-05 0.000743833 0.00183592
65.8217 5.71114 -0.635921 1.57326 -4.90227e-05 0.000760831 0.00183168
65.8423 5.70987 -0.635875 1.57329 -4.2111e-05 0.000766315 0.00182709
65.8623 5.70859 -0.635829 1.57331 -1.89998e-05 0.000560139 0.00182776
65.8821 5.70737 -0.635781 1.57333 -0.00014118 0.000525847 0.00183251
65.904 5.7062 -0.635733 1.57335 -0.000416404 0.00071334 0.00184582
65.9232 5.70507 -0.635682 1.57337 -0.000775342 0.000712011 0.00185586
65.9452 5.70398 -0.635628 1.57339 -0.0012029 0.000670857 0.00186335
65.9638 5.70293 -0.635569 1.5734 -0.00165206 0.000699707 0.00187093
65.9837 5.70193 -0.635504 1.57341 -0.00212784 0.000759189 0.00188141
66.0048 5.70096 -0.635431 1.57341 -0.00258672 0.000787212 0.00189636
66.0241 5.70004 -0.635347 1.57341 -0.00301422 0.000802558 0.00191037
66.0451 5.69916 -0.635252 1.5734 -0.00345382 0.0008356 0.00192335
66.064 5.69832 -0.635144 1.5734 -0.00384588 0.000873429 0.00193593
66.0841 5.69752 -0.635022 1.57338 -0.00417894 0.000919015 0.00194763
66.1049 5.69677 -0.634884 1.57337 -0.00449141 0.000980339 0.00195817
66.1246 5.69605 -0.634728 1.57335 -0.00475133 0.00105271 0.00196694
66.1454 5.69538 -0.634555 1.57334 -0.004975 0.00112863 0.00197584
66.1652 5.69475 -0.634363 1.57332 -0.00517207 0.00120057 0.00198425
66.185 5.69416 -0.634151 1.5733 -0.00532643 0.00127841 0.00199414
66.2068 5.69361 -0.63392 1.57328 -0.00546008 0.00134553 0.00200276
66.2262 5.69311 -0.633667 1.57326 -0.00557419 0.00139964 0.00201563
66.2487 5.69265 -0.633394 1.57323 -0.00567561 0.00145138 0.00202382
66.2665 5.69223 -0.633099 1.5732 -0.00577305 0.00149335 0.00203122
66.2865 5.69185 -0.632783 1.57317 -0.00584767 0.0015395 0.00203953
66.3084 5.69151 -0.632444 1.57314 -0.00594964 0.00157632 0.00204671
66.3271 5.69122 -0.632084 1.57311 -0.00606263 0.00160219 0.00205399
66.3491 5.69097 -0.6317 1.57308 -0.00616068 0.00163922 0.00206342
66.3672 5.69076 -0.631294 1.57305 -0.00630905 0.00169119 0.00207207
66.3874 5.6906 -0.630863 1.57302 -0.00648358 0.00174721 0.00208046
66.4103 5.69048 -0.630409 1.57299 -0.00663913 0.00181162 0.00208726
66.4274 5.6904 -0.62993 1.57296 -0.00679574 0.00185517 0.00209485
66.4494 5.69036 -0.629426 1.57294 -0.00693038 0.00189613 0.00210235
66.4681 5.69037 -0.628896 1.57291 -0.00704981 0.00192912 0.00210811
66.4879 5.69042 -0.628341 1.57289 -0.00721298 0.00194716 0.00211341
66.5101 5.69051 -0.627758 1.57286 -0.00739119 0.00197812 0.0021206
66.5283 5.69064 -0.627149 1.57284 -0.00755018 0.00202462 0.00212625
66.5488 5.69082 -0.626512 1.57281 -0.00770549 0.00205868 0.00213311
66.5686 5.69104 -0.625846 1.57279 -0.00786494 0.00206325 0.00214109
66.5886 5.69131 -0.625152 1.57277 -0.00803641 0.00210044 0.00214453
66.6097 5.69161 -0.624428 1.57275 -0.00821545 0.00225489 0.00215077
66.6295 5.69196 -0.623675 1.57273 -0.00840103 0.00223563 0.00215519
66.6501 5.69233 -0.62289 1.57272 -0.00858609 0.00220993 0.00216193
66.6705 5.69275 -0.622075 1.57271 -0.00876703 0.0022624 0.00216926
66.6903 5.69319 -0.621228 1.5727 -0.00896232 0.00232089 0.00217716
66.7114 5.69368 -0.620348 1.57269 -0.00916497 0.00237697 0.00218546
66.7305 5.69419 -0.619435 1.57268 -0.00934634 0.00244919 0.00219167
66.752 5.69475 -0.618488 1.57267 -0.00952655 0.00251144 0.00219734
66.7708 5.69534 -0.617507 1.57267 -0.00970363 0.00256793 0.00220413
66.7917 5.69596 -0.616492 1.57266 -0.00985732 0.00263769 0.00220846
66.8145 5.69662 -0.615441 1.57265 -0.0100157 0.00269031 0.00221049
66.833 5.69732 -0.614354 1.57264 -0.0101745 0.00273093 0.00221501
66.8542 5.69805 -0.61323 1.57263 -0.0103166 0.00277837 0.00221927
66.8734 5.69882 -0.61207 1.57262 -0.0104713 0.00280246 0.00222487
66.8936 5.69962 -0.61087 1.57262 -0.0109577 0.00291376 0.00222881
66.9149 5.70046 -0.609623 1.57264 -0.012698 0.00291685 0.0022384
66.9336 5.70132 -0.608324 1.57268 -0.0155187 0.00291755 0.00225213
66.9537 5.70221 -0.606965 1.57273 -0.0187324 0.0029521 0.00226695
66.9738 5.70313 -0.605536 1.5728 -0.0220135 0.00297484 0.00228508
66.9936 5.70407 -0.604026 1.57288 -0.0252315 0.00297155 0.0022958
67.0177 5.70505 -0.602422 1.57295 -0.0282215 0.00295917 0.00230773
67.0346 5.70605 -0.600715 1.57303 -0.030855 0.00296025 0.00231482
67.0549 5.70708 -0.598895 1.5731 -0.0330634 0.00295956 0.0023194
67.0744 5.70814 -0.596955 1.57316 -0.0348036 0.00302844 0.00231748
67.0958 5.70922 -0.594887 1.57322 -0.0360567 0.00294349 0.00232407
67.1156 5.71032 -0.592687 1.57328 -0.0368651 0.00290501 0.00232781
67.1352 5.71143 -0.590352 1.57333 -0.0372801 0.00292384 0.00232925
67.156 5.71257 -0.587881 1.57337 -0.0373247 0.00293571 0.00232694
67.1768 5.71373 -0.585274 1.57341 -0.037054 0.00293639 0.00232493
67.1982 5.7149 -0.582532 1.57344 -0.0365492 0.00300132 0.00232138
67.2233 5.71609 -0.579656 1.57347 -0.0358629 0.00297361 0.00231841
67.2448 5.71729 -0.576651 1.57349 -0.0350171 0.00289138 0.00231501
67.2716 5.71851 -0.573519 1.57351 -0.0341191 0.00286424 0.00231511
67.2932 5.71973 -0.570263 1.57353 -0.0332268 0.00286022 0.00231583
67.3127 5.72096 -0.566888 1.57354 -0.032332 0.00284019 0.00231698
67.3447 5.72221 -0.563397 1.57355 -0.0314913 0.00281921 0.00232184
67.3624 5.72347 -0.559793 1.57355 -0.0306864 0.00280476 0.00232611
67.383 5.72473 -0.556081 1.57356 -0.0299476 0.00286217 0.00232723
67.4025 5.726 -0.552263 1.57356 -0.0293309 0.00275697 0.00233539
67.4223 5.72727 -0.548342 1.57356 -0.0287848 0.00275636 0.00233702
67.443 5.72854 -0.544321 1.57356 -0.0283192 0.00278395 0.00233779
67.4626 5.72981 -0.540201 1.57357 -0.0279278 0.00279577 0.00234565
67.4835 5.73109 -0.535985 1.57356 -0.0275872 0.00280281 0.00235289
67.5028 5.73237 -0.531674 1.57356 -0.0273333 0.00281006 0.0023615
67.5229 5.73365 -0.527269 1.57355 -0.0271277 0.00280619 0.00237276
67.5458 5.73494 -0.522773 1.57354 -0.0269109 0.0028725 0.00237973
67.5633 5.73622 -0.518186 1.57352 -0.0267037 0.00278452 0.00239015
67.5838 5.73749 -0.513509 1.57351 -0.0264607 0.00279104 0.00240253
67.6035 5.73876 -0.508745 1.57349 -0.0261624 0.00280978 0.00241297
67.6239 5.74002 -0.503893 1.57347 -0.0258446 0.00280407 0.002424
67.6444 5.74128 -0.498956 1.57345 -0.025478 0.0027929 0.00243251
67.664 5.74253 -0.493936 1.57343 -0.025055 0.00279142 0.00243895
67.685 5.74378 -0.488834 1.5734 -0.0245666 0.00279393 0.00245016
67.7045 5.74502 -0.483654 1.57336 -0.0240011 0.00278243 0.00246416
67.7243 5.74626 -0.478396 1.57332 -0.0234113 0.00277425 0.0024759
67.7461 5.74749 -0.473064 1.57328 -0.0227667 0.00281263 0.00248843
67.765 5.74871 -0.467661 1.57323 -0.0220219 0.00280685 0.00249726
67.7856 5.74992 -0.462189 1.57318 -0.0213072 0.00281565 0.00250828
67.8052 5.75111 -0.456651 1.57313 -0.0205685 0.00281838 0.00251864
67.8253 5.75229 -0.451051 1.57307 -0.0198041 0.0028106 0.00252675
67.8479 5.75346 -0.445392 1.57301 -0.0190805 0.0028157 0.00253801
67.8659 5.75461 -0.439676 1.57294 -0.0183204 0.00281238 0.00254656
67.8863 5.75575 -0.433907 1.57288 -0.0175886 0.00280101 0.0025583
67.9061 5.75688 -0.428088 1.57281 -0.016906 0.0027893 0.00257119
67.9264 5.758 -0.422221 1.57274 -0.0162277 0.002765 0.00257737
67.9467 5.75911 -0.416305 1.57268 -0.0162331 0.00275598 0.00258292
67.9665 5.7602 -0.41034 1.57264 -0.0170718 0.00274852 0.00258701
67.9879 5.76128 -0.404325 1.5726 -0.018265 0.00273411 0.00258483
68.0074 5.76235 -0.398257 1.57257 -0.0194221 0.00269879 0.00258848
68.0271 5.7634 -0.392133 1.57255 -0.0205528 0.00272296 0.00259497
68.0495 5.76444 -0.38595 1.57252 -0.0215063 0.00270503 0.00260709
68.0675 5.76545 -0.379704 1.57249 -0.0221484 0.0026708 0.00261769
68.089 5.76644 -0.373393 1.57246 -0.0225172 0.00265573 0.00262649
68.1076 5.76741 -0.367017 1.57242 -0.0225451 0.0026294 0.00263717
68.1277 5.76836 -0.360575 1.57237 -0.0222374 0.0025954 0.00264473
68.1488 5.76929 -0.354068 1.57232 -0.0216055 0.00257422 0.00264617
68.1686 5.7702 -0.3475 1.57227 -0.0207327 0.00256871 0.0026541
68.1891 5.77109 -0.340874 1.57221 -0.0196177 0.00255982 0.00266125
68.2084 5.77196 -0.334193 1.57214 -0.0182774 0.00254144 0.00266839
68.2286 5.77281 -0.327464 1.57207 -0.0168803 0.00254746 0.00267474
68.2509 5.77364 -0.320691 1.572 -0.01533 0.00253745 0.00268208
68.269 5.77445 -0.31388 1.57193 -0.0137131 0.00252116 0.00268596
68.2914 5.77524 -0.307037 1.57186 -0.0121564 0.00253194 0.00269071
68.3101 5.77601 -0.30017 1.57178 -0.0105192 0.00252077 0.00269872
68.3295 5.77676 -0.293283 1.5717 -0.00895643 0.0025141 0.00270183
68.352 5.77749 -0.286383 1.57162 -0.00748777 0.00251597 0.00270106
68.3698 5.77819 -0.279476 1.57155 -0.00600586 0.00250083 0.00270089
68.3927 5.77888 -0.272568 1.57147 -0.00466157 0.00249814 0.0026997
68.4112 5.77955 -0.265663 1.57139 -0.00338147 0.00248606 0.00269861
68.4311 5.7802 -0.258767 1.57131 -0.00212667 0.00247131 0.00269573
68.4522 5.78083 -0.251884 1.57124 -0.00100371 0.00246846 0.00269489
68.472 5.78144 -0.24502 1.57116 9.17625e-05 0.00244672 0.00269555
68.4925 5.78203 -0.238177 1.57108 0.00113189 0.00242822 0.00269688
68.5121 5.7826 -0.231361 1.571 0.00206828 0.00242369 0.00269721
68.5322 5.78315 -0.224575 1.57092 0.00299345 0.00241121 0.00269554
68.5528 5.78369 -0.217823 1.57084 0.00385781 0.0024016 0.00269819
68.5724 5.7842 -0.211107 1.57076 0.00467216 0.00239115 0.0026922
68.5941 5.78469 -0.204431 1.57067 0.0054833 0.00238 0.00269207
68.6127 5.78516 -0.197797 1.57059 0.00623184 0.0023768 0.00269215
68.6328 5.78562 -0.19121 1.5705 0.00696299 0.0023771 0.0026824
68.653 5.78605 -0.184671 1.57042 0.00768842 0.00237421 0.00268226
68.6735 5.78647 -0.178183 1.57033 0.0083829 0.00237264 0.00267182
68.6957 5.78686 -0.171749 1.57025 0.00908303 0.00236949 0.00266559
68.7141 5.78724 -0.165371 1.57016 0.00975817 0.00236589 0.00266373
68.734 5.7876 -0.159052 1.57007 0.0104144 0.00236614 0.00265134
68.7572 5.78794 -0.152794 1.56999 0.0110735 0.00235942 0.00264295
68.7744 5.78825 -0.1466 1.56991 0.0117127 0.00235701 0.00263686
68.7973 5.78855 -0.140471 1.56982 0.0123365 0.00235831 0.0026251
68.8151 5.78884 -0.134411 1.56974 0.0129535 0.00236007 0.00262025
68.8355 5.7891 -0.128421 1.56966 0.0135453 0.00235829 0.00261174
68.86 5.78934 -0.122503 1.56959 0.0141282 0.00235331 0.00259952
68.8754 5.78957 -0.11666 1.56951 0.0146981 0.00235461 0.00259201
68.8963 5.78977 -0.110893 1.56944 0.0152501 0.00235462 0.00258322
68.9158 5.78996 -0.105205 1.56937 0.015783 0.00235509 0.00257547
68.9357 5.79013 -0.0995964 1.5693 0.0163024 0.00235712 0.00256464
68.9562 5.79028 -0.0940712 1.56923 0.0169911 0.00235 0.00255701
68.9762 5.79041 -0.0886331 1.56918 0.0181072 0.00233513 0.00254839
68.9975 5.79053 -0.0832855 1.56913 0.0195119 0.00231764 0.00253803
69.0165 5.79062 -0.0780323 1.56909 0.0209928 0.00221587 0.00252033
69.0364 5.7907 -0.0728785 1.56906 0.0224606 0.00224639 0.00250873
69.0585 5.79078 -0.0678294 1.56904 0.0238954 0.00226727 0.00249746
69.0769 5.79084 -0.0628897 1.56902 0.0251999 0.00223608 0.00248422
69.097 5.79089 -0.0580637 1.56901 0.0263294 0.00222049 0.0024715
69.1168 5.79093 -0.0533556 1.56899 0.0273044 0.00221315 0.00246335
69.1367 5.79096 -0.0487686 1.56898 0.0280703 0.0022013 0.00245636
69.1603 5.79098 -0.0443052 1.56897 0.028652 0.00219165 0.00244172
69.1779 5.79099 -0.0399675 1.56896 0.0290585 0.00218397 0.00242874
69.1989 5.79099 -0.0357565 1.56896 0.0292816 0.00218367 0.00241902
69.2181 5.79097 -0.0316731 1.56895 0.0293658 0.00218837 0.00241061
69.2381 5.79095 -0.0277172 1.56895 0.0293272 0.00218446 0.00239965
69.2594 5.79091 -0.0238883 1.56895 0.0291854 0.00218054 0.00238425
69.2781 5.79087 -0.0201856 1.56895 0.0289519 0.00218544 0.00235762
69.2989 5.79081 -0.016608 1.56896 0.0286668 0.00218833 0.00233568
69.3188 5.79075 -0.0131541 1.56897 0.0283479 0.00219641 0.00231052
69.3387 5.79067 -0.00982213 1.56898 0.0279731 0.00221282 0.00229343
69.3618 5.79059 -0.00661071 1.56901 0.0276038 0.00222608 0.0022834
69.3795 5.79049 -0.00351791 1.56903 0.0272385 0.00223709 0.00227593
69.4005 5.79038 -0.00054199 1.56906 0.0268865 0.00225187 0.00227457
69.4196 5.79027 0.00231867 1.5691 0.0265748 0.0022671 0.00227333
69.4397 5.79014 0.00506586 1.56914 0.0262729 0.00226994 0.00226584
69.4628 5.79 0.00770101 1.56919 0.0259904 0.00225855 0.0022638
69.4802 5.78986 0.0102255 1.56924 0.0257424 0.00224334 0.0022614
69.5007 5.7897 0.0126409 1.5693 0.0255063 0.0022433 0.00225866
69.5202 5.78953 0.0149482 1.56937 0.0253024 0.00225273 0.0022591
69.5409 5.78935 0.0171488 1.56944 0.0251227 0.00217026 0.00224935
69.5614 5.78917 0.0192437 1.56951 0.0249571 0.00234262 0.00224574
69.5804 5.78898 0.0212337 1.5696 0.0248077 0.00224483 0.00223175
69.603 5.78879 0.0231199 1.5697 0.02465 0.00215243 0.00221643
69.6209 5.7886 0.0249032 1.56981 0.0244928 0.00230173 0.00220729
69.6409 5.78839 0.0265845 1.56993 0.0243378 0.00213845 0.00219204
69.6623 5.78819 0.028165 1.57006 0.0241657 0.00208026 0.00217873
69.6816 5.78798 0.0296455 1.5702 0.0240054 0.00213294 0.00216765
69.7038 5.78777 0.031027 1.57035 0.0238655 0.00216491 0.00215604
69.7215 5.78756 0.0323105 1.5705 0.0237239 0.00216765 0.00214172
69.7416 5.78734 0.0334968 1.57065 0.0236004 0.00217979 0.00212422
69.7629 5.78713 0.0345868 1.5708 0.023481 0.00219312 0.00211124
69.7821 5.78691 0.0355814 1.57095 0.0233465 0.00220156 0.00209323
69.8024 5.78669 0.0364812 1.57111 0.0232238 0.00220148 0.00207523
69.8223 5.78646 0.0372871 1.57127 0.0230944 0.00219887 0.00206185
69.8426 5.78624 0.0380002 1.57143 0.0229408 0.00219544 0.00204823
69.8632 5.78601 0.0386212 1.57159 0.0227735 0.00220177 0.00203189
69.8827 5.78578 0.0391511 1.57176 0.0225814 0.00221293 0.00201171
69.9048 5.78555 0.0395909 1.57192 0.0223912 0.00221262 0.00199047
69.923 5.78532 0.0399415 1.57209 0.0222043 0.00220483 0.00197439
69.9437 5.78508 0.0402042 1.57225 0.0219875 0.00219494 0.00195947
69.9664 5.78484 0.04038 1.57242 0.0217532 0.00218624 0.00194486
69.9838 5.7846 0.0404703 1.57259 0.0214776 0.00219258 0.00193248
70.0042 5.78436 0.0404766 1.57276 0.0211432 0.0022165 0.00191869
70.024 5.78412 0.0404001 1.57293 0.0208009 0.00222278 0.00190598
70.0442 5.78387 0.0402426 1.5731 0.0204214 0.00221988 0.00189252
70.0669 5.78362 0.0400059 1.57328 0.0199922 0.00222671 0.00188004
70.0843 5.78337 0.0396919 1.57345 0.0195396 0.00223542 0.00186759
70.1056 5.78312 0.0393027 1.57363 0.019028 0.00225036 0.00185422
70.1246 5.78287 0.0388406 1.5738 0.0184845 0.00226702 0.00184169
70.1446 5.78261 0.0383078 1.57398 0.0179003 0.00227699 0.00182997
70.1677 5.78236 0.0377073 1.57415 0.0172061 0.00228761 0.00181838
70.185 5.7821 0.0370416 1.57433 0.0164743 0.002294 0.00180625
70.206 5.78184 0.0363139 1.57451 0.0156963 0.00229974 0.00179392
70.2254 5.78157 0.0355275 1.57469 0.0148655 0.00230516 0.00178606
70.2462 5.78131 0.0346853 1.57486 0.0140644 0.00230398 0.00177629
70.2673 5.78105 0.033791 1.57504 0.0132376 0.00238571 0.00176603
70.286 5.78078 0.0328479 1.57521 0.0123976 0.0022364 0.00175193
70.3062 5.78053 0.0318589 1.57539 0.0116219 0.00223755 0.00174104
70.3264 5.78027 0.0308277 1.57557 0.0108319 0.00218632 0.0017308
70.3467 5.78002 0.0297573 1.57576 0.0100754 0.00226178 0.00172126
70.3692 5.77978 0.0286508 1.57594 0.00934464 0.00232429 0.00171458
70.3866 5.77954 0.0275114 1.57612 0.00859925 0.00231241 0.00170663
70.4084 5.7793 0.0263419 1.5763 0.00789907 0.00233235 0.00170403
70.4269 5.77907 0.0251451 1.57647 0.00722597 0.00224554 0.00169903
70.4474 5.77884 0.0239241 1.57663 0.00655114 0.00227624 0.00169538
70.4698 5.77862 0.0226813 1.57679 0.00590062 0.00231124 0.00169051
70.4885 5.7784 0.0214194 1.57694 0.00525279 0.00230664 0.00168604
70.5107 5.77819 0.0201411 1.57708 0.00462397 0.00229563 0.00168237
70.5286 5.77799 0.0188487 1.57721 0.00402617 0.00229531 0.00167878
70.549 5.77779 0.0175447 1.57734 0.00343401 0.00231364 0.00167534
70.5697 5.7776 0.0162313 1.57746 0.00288049 0.00232697 0.00167292
70.5891 5.77741 0.0149109 1.57757 0.00234387 0.00234823 0.00167499
70.6105 5.77723 0.0135857 1.57767 0.00179091 0.00237632 0.00167407
70.6296 5.77706 0.0122576 1.57776 0.00126939 0.00239566 0.00167266
70.6493 5.77689 0.0109288 1.57785 0.000758251 0.00240897 0.00167817
70.6705 5.77673 0.00960146 1.57794 0.000239679 0.00242847 0.00167756
70.69 5.77658 0.00827731 1.57801 -0.000249576 0.0024394 0.00168116
70.7124 5.77643 0.0069584 1.57808 -0.000730914 0.00244466 0.00168547
70.7309 5.77628 0.00564663 1.57814 -0.00121004 0.00247265 0.00168994
70.7508 5.77615 0.0043438 1.5782 -0.00167499 0.00248258 0.00169067
70.7714 5.77602 0.00305181 1.57825 -0.00214545 0.00248408 0.00168891
70.7918 5.77589 0.00177239 1.57829 -0.00261006 0.00250021 0.00168635
70.815 5.77577 0.000507146 1.57833 -0.00304536 0.00250833 0.00168683
70.8314 5.77566 -0.000742232 1.57836 -0.00345948 0.00250089 0.00169311
70.8516 5.77556 -0.00197393 1.57839 -0.00388352 0.00251859 0.00169411
70.8728 5.77546 -0.00318653 1.5784 -0.00429329 0.00254098 0.0016979
70.8921 5.77537 -0.00437848 1.57842 -0.00468998 0.00252914 0.00170141
70.9126 5.77528 -0.00554818 1.57842 -0.00509148 0.00253037 0.00170286
70.933 5.7752 -0.00669428 1.57842 -0.00547535 0.00254253 0.00170757
70.9537 5.77513 -0.00781536 1.57842 -0.00583952 0.00253203 0.00171296
70.9767 5.77505 -0.00890996 1.57841 -0.0062063 0.00206125 0.00171777
70.9936 5.77503 -0.00997674 1.5784 -0.00653832 0.00252896 0.00171118
71.0152 5.77504 -0.0110146 1.5784 -0.00683393 0.00244479 0.00170791
71.0341 5.77511 -0.0120222 1.57841 -0.007107 0.00236172 0.00170452
71.0541 5.77523 -0.012999 1.57842 -0.00734195 0.00227861 0.00170062
71.0772 5.7754 -0.0139437 1.57843 -0.00757498 0.00213743 0.00169633
71.0946 5.77564 -0.0148557 1.57843 -0.00780599 0.00205284 0.00169225
71.1149 5.77596 -0.0157341 1.57842 -0.00802724 0.0020356 0.00168717
71.1345 5.77636 -0.0165782 1.57841 -0.00825122 0.00199579 0.00168201
71.1547 5.77684 -0.0173873 1.57839 -0.00845043 0.00174561 0.00167815
71.1756 5.77742 -0.0181606 1.57837 -0.00863975 0.00172822 0.00167444
71.1949 5.7781 -0.0188974 1.57834 -0.00882706 0.00173279 0.00166915
71.2157 5.77889 -0.0195973 1.57831 -0.00898513 0.00167447 0.00166472
71.2352 5.77978 -0.0202595 1.57828 -0.00915391 0.00145949 0.00166147
71.2558 5.78079 -0.0208835 1.57825 -0.00932869 0.00144709 0.00165563
71.2785 5.78192 -0.0214689 1.57821 -0.00947848 0.00130214 0.00165076
71.2955 5.78318 -0.0220152 1.57818 -0.00960534 0.00127404 0.00164646
71.3163 5.78456 -0.022522 1.57815 -0.00971815 0.00116809 0.00164221
71.336 5.7861 -0.0229889 1.57812 -0.00982102 0.00119484 0.00163513
71.356 5.78778 -0.0234155 1.57809 -0.00993172 0.00115805 0.00162852
71.3767 5.78961 -0.0238019 1.57805 -0.0100175 0.00109884 0.00162399
71.3972 5.79161 -0.0241475 1.57802 -0.0100927 0.00116035 0.00161758
71.4181 5.79377 -0.0244522 1.57798 -0.0101705 0.00122357 0.00161131
71.4374 5.7961 -0.0247159 1.57794 -0.0102375 0.00112197 0.00160679
71.4575 5.79861 -0.0249384 1.5779 -0.0103104 0.00113889 0.00160141
71.4829 5.8013 -0.0251195 1.57785 -0.0103752 0.000977864 0.00159906
71.501 5.80419 -0.0252593 1.57781 -0.0104046 0.00127059 0.00158916
71.5226 5.80727 -0.0253576 1.57777 -0.0104278 0.00124847 0.00158196
71.5409 5.81055 -0.0254144 1.57773 -0.0104543 0.00131012 0.00157366
71.5605 5.81404 -0.0254297 1.57769 -0.0104691 0.0014294 0.00156507
71.5811 5.81774 -0.0254036 1.57766 -0.0104797 0.0013491 0.0015584
71.6006 5.82165 -0.0253363 1.57762 -0.0104854 0.00129469 0.0015514
71.6215 5.8258 -0.0252278 1.57759 -0.0104957 0.00137857 0.00154334
71.6413 5.83018 -0.0250781 1.57756 -0.0104976 0.00127774 0.00153314
71.6614 5.8348 -0.0248875 1.57753 -0.0104845 0.00134466 0.00152327
71.6818 5.83966 -0.024656 1.5775 -0.0104848 0.00119006 0.00151773
71.7016 5.84478 -0.0243838 1.57747 -0.0104718 0.00129947 0.00150944
71.7223 5.85016 -0.0240711 1.57746 -0.0104496 0.00137261 0.00150041
71.7415 5.8558 -0.0237179 1.57744 -0.0104455 0.00121071 0.00149391
71.7613 5.86172 -0.0233245 1.57743 -0.0104291 0.00130934 0.00148325
71.783 5.8679 -0.0228911 1.57743 -0.0104102 0.00150899 0.00146884
71.8018 5.87438 -0.0224178 1.57743 -0.0104016 0.0017866 0.00145593
71.8236 5.88113 -0.0219047 1.57743 -0.0103991 0.00187107 0.00144688
71.842 5.88814 -0.0213524 1.57744 -0.0103656 0.00203141 0.00143149
71.8625 5.89538 -0.0207609 1.57745 -0.0103042 0.00211978 0.00141288
71.8833 5.90284 -0.0201308 1.57746 -0.0102339 0.00224385 0.00139662
71.9026 5.9105 -0.0194627 1.57747 -0.0101032 0.00257209 0.00137489
71.9246 5.91835 -0.0187571 1.57748 -0.00993926 0.00294349 0.00134964
71.9435 5.92636 -0.0180148 1.57748 -0.00975948 0.00293421 0.00132995
71.9631 5.93453 -0.0172368 1.57748 -0.00952939 0.00337014 0.00130737
71.9832 5.94298 -0.0164219 1.5775 -0.00953995 0.00813132 0.00123816
72.0033 5.95091 -0.0155769 1.57754 -0.00888219 0.00781078 0.00120307
72.0262 5.95844 -0.0147002 1.57774 -0.00803456 0.00641835 0.00119111
72.0438 5.96563 -0.0137931 1.57808 -0.00737546 0.00812607 0.00114656
72.0638 5.97251 -0.0128598 1.57848 -0.00673128 0.00944207 0.0011063
72.0848 5.9791 -0.0119039 1.57889 -0.00604325 0.00964307 0.00107797
72.1045 5.98541 -0.0109273 1.5793 -0.00542003 0.00977273 0.00104954
72.1249 5.99145 -0.00993278 1.57966 -0.00486495 0.00987295 0.00102054
72.1446 5.99724 -0.00892267 1.57998 -0.00435461 0.00995075 0.000996155
72.1653 6.00278 -0.00789889 1.58026 -0.00390036 0.00995332 0.000974393
72.1859 6.00807 -0.00686343 1.58049 -0.00347234 0.00974194 0.00095543
72.2051 6.01313 -0.00581775 1.58068 -0.00309901 0.00955655 0.0009359
72.2273 6.01795 -0.00476344 1.58084 -0.00276265 0.00942331 0.000921281
72.2463 6.02255 -0.00370195 1.58096 -0.00244134 0.00903396 0.000909678
72.266 6.02692 -0.00263446 1.58105 -0.00214718 0.00869769 0.000901656
72.287 6.03108 -0.00156222 1.58113 -0.00186298 0.00833456 0.000898089
72.3062 6.03502 -0.000486327 1.58117 -0.00159175 0.00794875 0.000898337
72.3275 6.03876 0.00059223 1.5812 -0.00134289 0.00759399 0.000901164
72.3465 6.0423 0.00167241 1.58121 -0.00110287 0.00729747 0.000905512
72.3665 6.04565 0.00275324 1.5812 -0.00086991 0.00680168 0.000912433
72.3884 6.04881 0.00383389 1.58117 -0.00064915 0.00654093 0.000919729
72.4076 6.05179 0.00491338 1.58113 -0.000424136 0.0061556 0.000928424
72.428 6.05459 0.0059909 1.58108 -0.000206207 0.0058826 0.000941135
72.4477 6.05721 0.00706559 1.58102 8.32248e-06 0.0055063 0.000955724
72.4674 6.05967 0.0081366 1.58094 0.000217566 0.00512294 0.000977578
72.4879 6.06196 0.00920316 1.58086 0.00042246 0.00489491 0.00100218
72.5076 6.06408 0.0102644 1.58076 0.000630019 0.00447385 0.00102753
72.5283 6.06605 0.0113197 1.58066 0.0008299 0.00411206 0.00105698
72.548 6.06788 0.0123682 1.58054 0.00101551 0.00387179 0.00108544
72.5692 6.06955 0.0134093 1.58041 0.00119717 0.00338676 0.00111508
72.5898 6.07108 0.0144422 1.58028 0.00137224 0.00310675 0.0011458
72.6084 6.07249 0.0154663 1.58013 0.00153494 0.00289845 0.00117963
72.6295 6.07377 0.016481 1.57998 0.0016937 0.00255058 0.00121452
72.6486 6.07492 0.0174856 1.57981 0.00185143 0.00224267 0.00125087
72.6688 6.07596 0.0184797 1.57963 0.00200337 0.00201891 0.00128605
72.6939 6.07689 0.0194626 1.57945 0.00215476 0.00174796 0.00132172
72.7096 6.07772 0.0204338 1.57926 0.00229284 0.00150684 0.00135845
72.731 6.07846 0.0213929 1.57906 0.00241848 0.00137502 0.00139392
72.8851 6.0791 0.0223394 1.57885 0.00254185 0.00109876 0.00143054
72.9051 6.07965 0.0232727 1.57863 0.00266112 0.000866629 0.001467
72.9262 6.08014 0.0241926 1.57841 0.00277383 0.00083784 0.0015032
72.9458 6.08053 0.0250985 1.57818 0.00289297 0.000622766 0.00154189
72.9677 6.08083 0.02599 1.57794 0.00300929 0.000402904 0.00157772
72.9856 6.08104 0.0268668 1.5777 0.00312166 0.000216714 0.00161409
73.0057 6.08118 0.0277284 1.57745 0.00323665 0.000215343 0.00165095
73.0273 6.08122 0.0285744 1.5772 0.00334776 6.55659e-06 0.00168711
73.0464 6.08117 0.0294046 1.57695 0.00344153 -0.000124819 0.00172271
73.0669 6.08105 0.0302184 1.5767 0.00354331 -0.000123076 0.00175728
73.0866 6.08084 0.0310155 1.57644 0.00366239 -0.000151071 0.00179302
73.107 6.08055 0.0317954 1.57619 0.00379584 -0.000241422 0.00182964
73.1289 6.08017 0.0325578 1.57593 0.00394215 -0.000297265 0.00186496
73.147 6.07971 0.0333021 1.57567 0.00407268 -0.000281798 0.00190103
73.1674 6.07917 0.034028 1.57542 0.00420214 -0.000310157 0.00193265
73.1874 6.07855 0.0347349 1.57515 0.00434253 -0.00036159 0.00196449
73.2079 6.07784 0.0354224 1.57489 0.00448416 -0.000392152 0.00199569
73.228 6.07706 0.0360899 1.57462 0.00462355 -0.000537735 0.00202658
73.2479 6.07619 0.036737 1.57435 0.0047662 -0.000513707 0.00205507
73.2698 6.07526 0.0373633 1.57408 0.00489131 -0.000439119 0.00208446
73.2886 6.07425 0.0379684 1.57382 0.0049902 -0.000456299 0.00211326
73.3084 6.07317 0.038552 1.57356 0.00505196 -0.000557043 0.002139
73.3321 6.07203 0.0391139 1.57331 0.00510222 -0.000440068 0.00216394
73.3488 6.07082 0.0396539 1.57306 0.00514019 -0.000507281 0.00218869
73.3705 6.06955 0.040172 1.57281 0.0051647 -0.000448649 0.00221513
73.3893 6.06823 0.0406681 1.57258 0.00517549 -0.000315789 0.00223867
73.4094 6.06685 0.0411422 1.57235 0.00517752 -0.000349727 0.00226019
73.4311 6.06542 0.0415944 1.57213 0.00517155 -0.000236819 0.00228138
73.4498 6.06395 0.0420248 1.57192 0.00516078 -9.74925e-05 0.00230387
73.472 6.06242 0.0424335 1.57171 0.0051451 -0.000125568 0.00232286
73.4903 6.06086 0.0428207 1.57151 0.00512147 9.6784e-07 0.00234145
73.5107 6.05927 0.0431864 1.57132 0.00509635 0.000115918 0.00236174
73.5307 6.05763 0.0435308 1.57113 0.00507617 0.000115246 0.00237816
73.5505 6.05596 0.0438543 1.57095 0.00504021 0.000178397 0.00239462
73.5716 6.05427 0.0441569 1.57078 0.00498983 0.000265162 0.00241161
73.5916 6.05254 0.0444389 1.57061 0.00494183 0.000279809 0.00242644
73.6113 6.05079 0.0447006 1.57045 0.00489845 0.000318276 0.00244015
73.6344 6.04902 0.0449421 1.5703 0.00485594 0.000386067 0.00245515
73.6514 6.04724 0.0451638 1.57016 0.00480528 0.000427814 0.00246884
73.6726 6.04543 0.0453658 1.57002 0.00476913 0.00033599 0.00248208
73.6919 6.0436 0.0455482 1.56989 0.00476031 0.000447156 0.00249354
73.7119 6.04177 0.0457114 1.56978 0.00474052 0.000601806 0.00250549
73.7344 6.03992 0.0458555 1.56967 0.00470497 0.000641914 0.00251744
73.7524 6.03806 0.0459806 1.56958 0.00465864 0.000587654 0.00252806
73.7732 6.0362 0.0460872 1.5695 0.00459904 0.000664286 0.00253541
73.7933 6.03434 0.0461753 1.56942 0.00455452 0.000720446 0.00254291
73.8136 6.03247 0.0462451 1.56936 0.00451563 0.000739438 0.00255095
73.8339 6.0306 0.0462971 1.5693 0.00446334 0.000703723 0.00255618
73.8535 6.02874 0.0463314 1.56925 0.00440992 0.000825633 0.00256107
73.8741 6.02688 0.0463483 1.56921 0.0043588 0.000890632 0.00256644
73.8941 6.02503 0.0463481 1.56919 0.00429859 0.000891939 0.00257277
73.9138 6.02318 0.0463311 1.56917 0.0042201 0.000911358 0.00257997
73.9344 6.02133 0.0462976 1.56915 0.00415275 0.000872768 0.00258742
73.9541 6.01951 0.0462478 1.56915 0.00410032 0.000920554 0.00259301
73.9751 6.01769 0.0461822 1.56915 0.00404105 0.000975024 0.00259798
73.9947 6.01589 0.046101 1.56917 0.0039791 0.000982424 0.00260113
74.0147 6.0141 0.0460045 1.56919 0.00390949 0.000993363 0.00260342
74.0353 6.01232 0.045893 1.56921 0.00384058 0.000965571 0.00260605
74.0556 6.01057 0.0457667 1.56925 0.00378482 0.000992212 0.00260904
74.0754 6.00883 0.0456261 1.56929 0.00372707 0.00105374 0.00260816
74.0955 6.00712 0.0454713 1.56935 0.00367755 0.00108862 0.00260863
74.1159 6.00543 0.0453027 1.5694 0.00362631 0.00112448 0.00260984
74.1393 6.00376 0.0451205 1.56947 0.00356492 0.00118233 0.00260995
74.1563 6.00211 0.0449249 1.56954 0.00351029 0.00124275 0.00260797
74.1786 6.00048 0.0447162 1.56961 0.003468 0.00120002 0.0026049
74.1977 5.99889 0.0444946 1.5697 0.00342269 0.00133189 0.00260657
74.2174 5.99733 0.0442604 1.56979 0.00336558 0.00138288 0.00260626
74.238 5.99579 0.044014 1.56988 0.00329405 0.00138302 0.00260398
74.2571 5.99429 0.0437556 1.56999 0.00320374 0.00139433 0.00260293
74.2812 5.99281 0.0434856 1.5701 0.00310277 0.00141316 0.00260261
74.2978 5.99137 0.0432044 1.57022 0.00300258 0.00142993 0.00260244
74.3181 5.98996 0.0429125 1.57033 0.00288423 0.00137667 0.0026017
74.3421 5.98858 0.0426115 1.57045 0.00258597 0.00144399 0.00260214
74.3587 5.98725 0.0423025 1.57056 0.00210719 0.00148145 0.00260333
74.3814 5.98595 0.0419868 1.57067 0.0015656 0.00150188 0.00260484
74.3994 5.98469 0.0416661 1.57076 0.00102654 0.00153023 0.00260603
74.4193 5.98346 0.0413423 1.57084 0.000529703 0.00154691 0.00260714
74.4416 5.98228 0.0410174 1.57092 6.66088e-05 0.00155077 0.00260994
74.4592 5.98113 0.0406931 1.57099 -0.00034048 0.0015886 0.00260569
74.4799 5.98002 0.0403709 1.57105 -0.000688137 0.00160929 0.00260635
74.4993 5.97895 0.0400524 1.57111 -0.000999061 0.00162438 0.00260623
74.5198 5.97791 0.0397386 1.57117 -0.00125927 0.00165857 0.0026052
74.5426 5.97691 0.0394306 1.57122 -0.00147072 0.00168497 0.00260478
74.5601 5.97595 0.0391292 1.57127 -0.00164806 0.00171153 0.00260463
74.581 5.97502 0.0388351 1.57132 -0.00178869 0.0017494 0.00260301
74.6004 5.97414 0.0385489 1.57137 -0.00190689 0.00178458 0.0026015
74.6202 5.97329 0.0382712 1.57141 -0.00200942 0.00172706 0.00260013
74.6434 5.97248 0.0380022 1.57146 -0.00210762 0.00186819 0.00259806
74.6617 5.97171 0.0377424 1.5715 -0.0021822 0.00189327 0.00259543
74.6821 5.97098 0.0374918 1.57154 -0.00221797 0.00189479 0.00259234
74.7017 5.97029 0.0372507 1.57158 -0.00223788 0.00197682 0.00258992
74.7215 5.96964 0.0370192 1.57163 -0.00225799 0.00188799 0.00258807
74.7447 5.96904 0.0367974 1.57167 -0.00228172 0.00202897 0.00258525
74.7665 5.96847 0.0365854 1.57171 -0.00231082 0.002052 0.00258436
74.7887 5.96793 0.0363832 1.57174 -0.00234141 0.00197053 0.00258437
74.8075 5.96745 0.036191 1.57178 -0.00236692 0.0021225 0.00258232
74.8255 5.96699 0.0360087 1.57181 -0.00240065 0.00211996 0.00258315
74.8463 5.96658 0.0358365 1.57184 -0.00242675 0.00213143 0.00258254
74.8662 5.9662 0.0356744 1.57187 -0.00245357 0.00219117 0.00258116
74.8884 5.96586 0.0355226 1.57189 -0.00249048 0.00227575 0.00258158
74.907 5.96556 0.035381 1.5719 -0.00250988 0.00233782 0.0025814
74.9266 5.96529 0.0352498 1.57191 -0.00253368 0.00239647 0.00258001
74.9474 5.96506 0.0351291 1.57191 -0.00257878 0.00247097 0.0025796
74.9679 5.96487 0.035019 1.5719 -0.00261838 0.00252723 0.00257856
74.988 5.96472 0.0349196 1.57189 -0.00265176 0.00256369 0.00257795
75.0107 5.96461 0.034831 1.57188 -0.00269637 0.00260242 0.00257665
75.0312 5.96453 0.0347533 1.57186 -0.00274232 0.00263075 0.00257509
75.0558 5.96449 0.0346867 1.57183 -0.00278475 0.00264338 0.00257375
75.0815 5.96449 0.0346313 1.57181 -0.00282732 0.00264505 0.00257484
75.1058 5.96453 0.0345873 1.57177 -0.00287647 0.00264253 0.0025752
75.1272 5.9646 0.0345546 1.57174 -0.00291815 0.00263404 0.0025803
75.1478 5.96472 0.0345336 1.5717 -0.00294635 0.00262344 0.00258392
75.1682 5.96487 0.0345242 1.57166 -0.00296657 0.00261088 0.0025871
75.19 5.96505 0.0345265 1.57162 -0.00298077 0.0026063 0.00258943
75.2105 5.96528 0.0345408 1.57157 -0.00303996 0.00260472 0.00259079
75.2319 5.96554 0.0345677 1.57153 -0.00319406 0.00270403 0.00259062
75.2503 5.96583 0.0346073 1.57148 -0.00339299 0.00269528 0.00259294
75.2701 5.96616 0.0346602 1.57144 -0.00358462 0.00267336 0.00259387
75.2921 5.96651 0.0347269 1.5714 -0.00375979 0.00272555 0.00259537
75.3123 5.96689 0.0348081 1.57136 -0.0039214 0.00277946 0.00259662
75.3307 5.9673 0.0349045 1.57131 -0.00407037 0.0028016 0.00259578
75.3506 5.96774 0.0350164 1.57127 -0.00418831 0.00283825 0.0025944
75.3707 5.96821 0.0351441 1.57122 -0.0042726 0.00287713 0.00259443
75.3906 5.96871 0.0352882 1.57117 -0.00433288 0.00290547 0.00259717
75.4108 5.96924 0.0354486 1.57111 -0.0043733 0.00299494 0.00259572
75.4317 5.96979 0.0356256 1.57106 -0.00438229 0.00297498 0.00259695
75.4516 5.97036 0.035819 1.571 -0.00436764 0.00293784 0.00259864
75.4736 5.97096 0.0360289 1.57094 -0.0043291 0.00294057 0.00259967
75.4932 5.97157 0.036255 1.57089 -0.00429037 0.00294598 0.0026013
75.5128 5.97221 0.0364974 1.57083 -0.00425242 0.00293125 0.00260183
75.5329 5.97287 0.0367555 1.57078 -0.00419678 0.00293983 0.00260343
75.5526 5.97355 0.0370292 1.57072 -0.00413309 0.00293106 0.00260787
75.5768 5.97425 0.0373181 1.57067 -0.00405174 0.00297785 0.00261184
75.5943 5.97496 0.0376219 1.57062 -0.00394062 0.00293343 0.00261387
75.616 5.97569 0.0379402 1.57057 -0.00383055 0.00288701 0.00261596
75.6336 5.97643 0.0382725 1.57052 -0.00372693 0.00288769 0.00261748
75.6535 5.97719 0.0386185 1.57047 -0.00364135 0.00288638 0.00261807
75.6738 5.97795 0.0389778 1.57043 -0.00358031 0.00286937 0.00261764
75.6936 5.97873 0.03935 1.57038 -0.00352023 0.00287549 0.00261888
75.7149 5.97953 0.0397348 1.57033 -0.00346278 0.00288933 0.00261634
75.7338 5.98033 0.0401321 1.57029 -0.00341716 0.0028801 0.00261806
75.7537 5.98115 0.0405415 1.57024 -0.00337037 0.00296378 0.00261642
75.7738 5.98198 0.0409628 1.5702 -0.00332019 0.00292053 0.00261678
75.7936 5.9828 0.0413956 1.57016 -0.00325727 0.00285384 0.00261885
75.8145 5.98364 0.0418397 1.57013 -0.00317341 0.00282284 0.00261956
75.834 5.98447 0.0422949 1.57009 -0.00310122 0.00280504 0.00262143
75.8536 5.98532 0.0427609 1.57006 -0.0030495 0.00279285 0.00262077
75.8746 5.98616 0.0432372 1.57003 -0.00297152 0.00278362 0.00261993
75.8941 5.98701 0.0437236 1.56999 -0.00289084 0.00275767 0.00262075
75.9146 5.98787 0.0442199 1.56996 -0.00282756 0.00272935 0.00261987
75.9345 5.98873 0.0447256 1.56993 -0.00276111 0.00273514 0.00261968
75.9547 5.98959 0.0452405 1.56991 -0.00268974 0.00272684 0.00262212
75.9754 5.99046 0.0457643 1.56988 -0.0026264 0.00277075 0.00262263
75.9944 5.99132 0.0462967 1.56986 -0.00256025 0.00268589 0.00262395
76.0148 5.99218 0.0468375 1.56984 -0.00250236 0.00266029 0.00262438
76.0347 5.99303 0.0473863 1.56982 -0.00244115 0.00267045 0.00262469
76.0546 5.99388 0.0479428 1.56981 -0.00236823 0.00265106 0.0026247
76.0765 5.99473 0.0485069 1.5698 -0.00231147 0.00261852 0.00262438
76.0947 5.99557 0.0490782 1.56979 -0.00225944 0.00261529 0.00262284
76.1181 5.99641 0.0496565 1.56978 -0.00220316 0.00261886 0.00262015
76.1354 5.99724 0.0502416 1.56977 -0.00214561 0.00259714 0.00262196
76.1553 5.99807 0.0508332 1.56977 -0.00209969 0.00258175 0.00261874
76.1791 5.9989 0.0514312 1.56976 -0.0020609 0.00257671 0.00261441
76.1966 5.99972 0.0520353 1.56976 -0.00201246 0.00254757 0.00261585
76.2177 6.00053 0.0526455 1.56976 -0.00199328 0.00255027 0.0026167
76.2364 6.00135 0.0532626 1.56977 -0.0021574 0.00256046 0.00261497
76.2563 6.00216 0.053887 1.56977 -0.00245419 0.00264175 0.00261496
76.2782 6.00295 0.0545189 1.56979 -0.00274236 0.00258458 0.00261645
76.2971 6.00374 0.0551595 1.5698 -0.00301434 0.00253067 0.00261824
76.3191 6.00451 0.0558098 1.56982 -0.00327741 0.00254723 0.00261655
76.3372 6.00528 0.0564706 1.56985 -0.00350991 0.00255152 0.00261658
76.3577 6.00603 0.0571426 1.56987 -0.00368134 0.00253364 0.00261541
76.3777 6.00676 0.0578266 1.56989 -0.00378999 0.00253272 0.00261358
76.3977 6.00749 0.0585229 1.56991 -0.00387211 0.00252123 0.00261307
76.4191 6.0082 0.059232 1.56993 -0.00391608 0.00249358 0.00261171
76.438 6.00891 0.0599538 1.56995 -0.0039163 0.0024916 0.00260978
76.4581 6.0096 0.0606884 1.56997 -0.00389967 0.00248299 0.00260807
76.4781 6.01027 0.0614358 1.56999 -0.00385013 0.00245412 0.00260883
76.498 6.01094 0.0621956 1.57001 -0.00377493 0.00246457 0.00260612
76.5204 6.01159 0.0629676 1.57004 -0.00367963 0.00246291 0.00260646
76.5384 6.01224 0.0637515 1.57006 -0.00357232 0.0024291 0.00260584
76.5582 6.01287 0.0645468 1.57008 -0.00347006 0.00241135 0.00260369
76.579 6.01348 0.0653531 1.57011 -0.00337578 0.0024029 0.00260396
76.5988 6.01409 0.0661699 1.57013 -0.00326698 0.00236757 0.00260333
76.6191 6.01468 0.0669967 1.57015 -0.00314325 0.00235158 0.00260137
76.6387 6.01526 0.0678333 1.57018 -0.00303476 0.00235356 0.00259936
76.6588 6.01583 0.068679 1.5702 -0.00292937 0.00233198 0.00259785
76.6824 6.01639 0.0695334 1.57022 -0.0028267 0.00230718 0.00259583
76.6995 6.01694 0.0703962 1.57024 -0.00273351 0.00230944 0.00259476
76.7219 6.01747 0.0712669 1.57026 -0.0026409 0.00229275 0.00259285
76.7399 6.01799 0.072145 1.57029 -0.00253977 0.00226566 0.00259052
76.76 6.0185 0.0730301 1.57031 -0.00243775 0.00227178 0.00259053
76.7812 6.01899 0.0739221 1.57033 -0.00234926 0.00228189 0.00259036
76.8004 6.01948 0.0748202 1.57036 -0.0022582 0.0022598 0.00259063
76.8232 6.01995 0.0757244 1.57038 -0.00218294 0.00223789 0.00259081
76.841 6.0204 0.0766343 1.57041 -0.00211608 0.00223461 0.00258632
76.8606 6.02084 0.0775494 1.57043 -0.00203461 0.00218891 0.00258478
76.8822 6.02127 0.0784693 1.57046 -0.00193708 0.00231435 0.00258413
76.9019 6.02168 0.0793938 1.5705 -0.00183214 0.00218316 0.00258366
76.9233 6.02208 0.0803226 1.57054 -0.00175208 0.00228078 0.00258308
76.9424 6.02247 0.0812552 1.57058 -0.00167344 0.00227816 0.00258232
76.9628 6.02283 0.0821914 1.57063 -0.0015991 0.00213495 0.00257977
76.9844 6.02318 0.0831309 1.57068 -0.00154122 0.00226235 0.00257705
77.0025 6.02351 0.0840734 1.57073 -0.00149176 0.00213301 0.00257526
77.023 6.02383 0.0850187 1.57079 -0.00145139 0.00214635 0.00257503
77.0435 6.02414 0.0859665 1.57085 -0.00140186 0.00216159 0.00257415
77.0631 6.02442 0.0869168 1.57091 -0.00135331 0.002116 0.00257348
77.0834 6.0247 0.0878694 1.57097 -0.00132837 0.00213323 0.00257305
77.1033 6.02496 0.0888241 1.57103 -0.00131583 0.00212608 0.00257316
77.1249 6.02521 0.0897809 1.57109 -0.00129097 0.00223174 0.00257135
77.144 6.02543 0.0907394 1.57115 -0.00124885 0.00210709 0.00256881
77.1634 6.02565 0.0916998 1.57121 -0.00121124 0.00221164 0.00256604
77.1836 6.02585 0.0926618 1.57127 -0.00117925 0.00210151 0.00256461
77.2036 6.02604 0.0936252 1.57133 -0.00114315 0.00220647 0.00256143
77.2247 6.02621 0.0945901 1.57139 -0.00112796 0.00212365 0.00256111
77.2441 6.02637 0.0955579 1.57145 -0.00138766 0.00210474 0.00256134
77.264 6.02651 0.0965301 1.57151 -0.00198522 0.00217038 0.00256214
77.2882 6.02665 0.0975076 1.57157 -0.00268329 0.0021792 0.00256259
77.3047 6.02677 0.0984924 1.57163 -0.00337154 0.00214036 0.00256093
77.3253 6.02688 0.099487 1.57169 -0.00401749 0.00210749 0.00255727
77.3448 6.02699 0.100494 1.57174 -0.00457452 0.00210668 0.00255289
77.3649 6.02707 0.101514 1.57178 -0.0050567 0.00210262 0.0025488
77.3852 6.02715 0.102551 1.57183 -0.00543927 0.00208303 0.00254451
77.4052 6.02722 0.103605 1.57187 -0.00571283 0.00207503 0.00254368
77.426 6.02727 0.104678 1.5719 -0.00591502 0.00208364 0.00254347
77.4461 6.02731 0.105769 1.57194 -0.00604729 0.00208641 0.0025425
77.4656 6.02735 0.106881 1.57196 -0.00610872 0.00207366 0.00254017
77.4858 6.02736 0.108012 1.57199 -0.00611404 0.00205895 0.0025388
77.5057 6.02737 0.109163 1.572 -0.00606702 0.00205245 0.00253702
77.5277 6.02737 0.110334 1.57201 -0.00597354 0.00205376 0.00253463
77.546 6.02735 0.111525 1.57202 -0.00585515 0.0020515 0.00253009
77.5663 6.02733 0.112734 1.57202 -0.00574045 0.00205936 0.00252745
77.5866 6.02729 0.113962 1.57202 -0.00560864 0.00204866 0.00252182
77.6072 6.02724 0.115208 1.57202 -0.00545739 0.00204591 0.00251997
77.6273 6.02718 0.116471 1.57202 -0.00531982 0.00205275 0.00251582
77.6471 6.02711 0.117751 1.57202 -0.00518336 0.00204337 0.00250933
77.6669 6.02703 0.119047 1.57202 -0.00504357 0.00197579 0.0025059
77.688 6.02694 0.120358 1.57201 -0.00490772 0.00209382 0.00250295
77.7079 6.02684 0.121685 1.57201 -0.00475327 0.00202067 0.00250226
77.7303 6.02674 0.123025 1.57202 -0.0046077 0.00213452 0.00249798
77.7482 6.02663 0.12438 1.57203 -0.00446266 0.00208042 0.00249736
77.7686 6.02652 0.125747 1.57204 -0.00432818 0.0020874 0.00249747
77.7898 6.0264 0.127128 1.57205 -0.00420643 0.0021396 0.0024974
77.8088 6.02628 0.12852 1.57207 -0.00408632 0.00214136 0.00249524
77.8301 6.02616 0.129923 1.57208 -0.00397593 0.00211799 0.00249388
77.8492 6.02603 0.131338 1.57209 -0.00387705 0.00210662 0.00249095
77.8692 6.02591 0.132764 1.5721 -0.00379049 0.00209544 0.00248801
77.8921 6.02577 0.1342 1.57211 -0.00372016 0.00206813 0.00248512
77.9097 6.02564 0.135645 1.57211 -0.0036622 0.00205478 0.00248422
77.9307 6.0255 0.137101 1.57211 -0.00360657 0.00205588 0.00247996
77.9503 6.02536 0.138566 1.57211 -0.00356442 0.00204732 0.00247739
77.9704 6.02522 0.14004 1.57211 -0.00353727 0.00204629 0.00247379
77.9919 6.02507 0.141524 1.5721 -0.00351167 0.00205536 0.00247147
78.0109 6.02492 0.143016 1.57209 -0.00348644 0.0020454 0.0024704
78.0313 6.02476 0.144517 1.57208 -0.00345619 0.00204654 0.00246846
78.0514 6.02461 0.146027 1.57206 -0.00341296 0.00208004 0.00246424
78.0714 6.02445 0.147545 1.57205 -0.0033597 0.00208248 0.00246201
78.0933 6.02429 0.149071 1.57204 -0.00331403 0.00207341 0.00245718
78.1116 6.02412 0.150606 1.57202 -0.00327952 0.00207764 0.00245389
78.1347 6.02395 0.152148 1.57201 -0.00324455 0.00205999 0.00244694
78.152 6.02378 0.153698 1.572 -0.00317751 0.00206074 0.00244418
78.1721 6.0236 0.155256 1.57199 -0.00310461 0.00208874 0.00244105
78.1932 6.02343 0.15682 1.57198 -0.00303608 0.00209434 0.00243868
78.2132 6.02325 0.158392 1.57197 -0.00297508 0.00208415 0.00243678
78.2336 6.02306 0.15997 1.57196 -0.00291862 0.00209812 0.00243472
78.2529 6.02288 0.161555 1.57195 -0.00309633 0.0021211 0.00243441
78.273 6.02269 0.163152 1.57195 -0.00386011 0.00213657 0.00243569
78.2951 6.02249 0.16476 1.57196 -0.00495561 0.00213967 0.00243422
78.3134 6.0223 0.166383 1.57198 -0.00608809 0.00214005 0.00243139
78.3363 6.02211 0.168024 1.57199 -0.00714907 0.00214963 0.00243028
78.354 6.02191 0.169687 1.57202 -0.00808888 0.00218718 0.00243018
78.3744 6.02172 0.171376 1.57204 -0.00889158 0.0020512 0.00243178
78.3961 6.02153 0.173094 1.57207 -0.00954828 0.00216304 0.00243002
78.4152 6.02134 0.174842 1.57209 -0.0100403 0.00203897 0.00242904
78.4359 6.02115 0.176623 1.57213 -0.0103844 0.0020643 0.00242898
78.4556 6.02097 0.178439 1.57216 -0.0105948 0.00206445 0.00242922
78.4753 6.02079 0.180289 1.57219 -0.0106905 0.00200283 0.002427
78.4965 6.02061 0.182175 1.57222 -0.0107013 0.00206076 0.00242329
78.5161 6.02044 0.184096 1.57225 -0.0106214 0.0021024 0.00242094
78.5376 6.02027 0.186052 1.57228 -0.010468 0.00210009 0.00241992
78.5561 6.02011 0.188042 1.5723 -0.0102787 0.00208728 0.00241677
78.5764 6.01995 0.190066 1.57232 -0.0100654 0.0020699 0.00241608
78.5977 6.0198 0.192123 1.57233 -0.00982287 0.00204471 0.00241333
78.6169 6.01965 0.194211 1.57234 -0.00956229 0.00203617 0.00241342
78.6369 6.0195 0.19633 1.57235 -0.00930065 0.00204817 0.00241215
78.6568 6.01936 0.198479 1.57236 -0.00903249 0.00206577 0.00241148
78.6779 6.01923 0.200656 1.57236 -0.00876815 0.00207908 0.0024115
78.6991 6.0191 0.20286 1.57235 -0.00852841 0.00209235 0.00240959
78.7178 6.01897 0.205091 1.57235 -0.00829646 0.00210632 0.00240688
78.7406 6.01885 0.207347 1.57234 -0.00806522 0.00212426 0.00240154
78.7585 6.01874 0.209627 1.57233 -0.00784706 0.00214605 0.0023945
78.7781 6.01863 0.211931 1.57232 -0.00763519 0.00214389 0.0023946
78.7992 6.01852 0.214257 1.57231 -0.00741542 0.00216081 0.00239569
78.8191 6.01842 0.216604 1.57229 -0.00720183 0.00219484 0.00239257
78.841 6.01833 0.218973 1.57228 -0.00700274 0.00220605 0.00239103
78.8596 6.01823 0.221361 1.57227 -0.00681128 0.00222686 0.00238525
78.8798 6.01815 0.223768 1.57226 -0.00662496 0.00224588 0.00238218
78.9019 6.01807 0.226194 1.57225 -0.00646056 0.00224983 0.00237868
78.9205 6.01799 0.228637 1.57224 -0.00629951 0.00225859 0.00237269
78.9411 6.01792 0.231096 1.57223 -0.0061217 0.00226467 0.00237185
78.9608 6.01786 0.233572 1.57222 -0.00596572 0.00225853 0.00237057
78.9813 6.0178 0.236064 1.57221 -0.00581919 0.00226062 0.00236564
79.0022 6.01774 0.23857 1.5722 -0.00565849 0.00227166 0.0023609
79.0212 6.0177 0.24109 1.57218 -0.00551847 0.00227442 0.00235762
79.0426 6.01765 0.243623 1.57217 -0.00536893 0.00227021 0.00235433
79.0615 6.01761 0.24617 1.57216 -0.00517964 0.00226421 0.00235341
79.0816 6.01758 0.248728 1.57215 -0.00500786 0.00224872 0.00235354
79.1031 6.01755 0.251298 1.57213 -0.00485038 0.00224437 0.00235169
79.1218 6.01753 0.253878 1.57212 -0.00470303 0.00225538 0.0023525
79.1429 6.01751 0.256469 1.57211 -0.00458284 0.00225653 0.00234751
79.1623 6.01749 0.259069 1.5721 -0.00443778 0.00225883 0.0023463
79.1826 6.01749 0.261679 1.57209 -0.00429064 0.00226655 0.00234964
79.203 6.01748 0.264297 1.57208 -0.00417719 0.00226613 0.00235144
79.2233 6.01748 0.266922 1.57207 -0.00405469 0.00227061 0.0023478
79.2457 6.01749 0.269555 1.57206 -0.003927 0.00227747 0.00234984
79.2633 6.0175 0.272198 1.57206 -0.00417735 0.00227749 0.00235598
79.2841 6.01752 0.274853 1.57207 -0.00532726 0.00227963 0.00235967
79.3036 6.01754 0.277524 1.5721 -0.0069196 0.00228101 0.00236139
79.3235 6.01757 0.280214 1.57213 -0.00855481 0.0022796 0.00236202
79.3457 6.0176 0.282928 1.57216 -0.0101556 0.00228187 0.00235968
79.364 6.01764 0.285673 1.5722 -0.0115389 0.00226705 0.00235743
79.3845 6.01768 0.288453 1.57223 -0.0127514 0.0022465 0.00235714
79.4051 6.01773 0.291272 1.57226 -0.0137528 0.00223034 0.00235848
79.4243 6.01778 0.294135 1.57228 -0.0144508 0.00221007 0.00235923
79.4448 6.01783 0.297043 1.5723 -0.0149453 0.00220395 0.00235968
79.4644 6.01789 0.3 1.57232 -0.0152392 0.00219766 0.00236246
79.4844 6.01796 0.303006 1.57234 -0.0153584 0.00219384 0.00235938
79.5074 6.01803 0.306061 1.57235 -0.0153379 0.00219458 0.00235771
79.5253 6.0181 0.309166 1.57236 -0.0151932 0.00218866 0.00236016
79.5457 6.01818 0.312319 1.57237 -0.0149479 0.00217728 0.00236182
79.5652 6.01826 0.315521 1.57237 -0.0146178 0.00217146 0.00236017
79.5855 6.01835 0.318769 1.57238 -0.0142399 0.0021811 0.00235317
79.6075 6.01844 0.322062 1.57238 -0.0137984 0.00219186 0.00234631
79.6277 6.01853 0.325398 1.57238 -0.0133217 0.00219745 0.00234276
79.6482 6.01863 0.328775 1.57237 -0.0128728 0.00219923 0.00234021
79.6676 6.01873 0.332192 1.57237 -0.012413 0.00220858 0.00233793
79.6881 6.01884 0.335647 1.57236 -0.0119725 0.00222095 0.00233834
79.7098 6.01896 0.339137 1.57235 -0.0115585 0.00222303 0.00233038
79.7284 6.01907 0.342662 1.57234 -0.011131 0.0022302 0.00232733
79.7521 6.01919 0.346218 1.57233 -0.0107319 0.00224473 0.00232895
79.7686 6.01932 0.349806 1.57232 -0.010361 0.00232503 0.00232339
79.7885 6.01945 0.353422 1.57231 -0.00998783 0.0021874 0.00232423
79.8093 6.01957 0.357066 1.5723 -0.00963877 0.00226769 0.00232276
79.8295 6.01971 0.360736 1.5723 -0.00930138 0.00228208 0.00232307
79.8495 6.01984 0.36443 1.5723 -0.0089685 0.00229227 0.00231932
79.8694 6.01998 0.368149 1.57231 -0.00869843 0.00241698 0.00231651
79.8896 6.02011 0.371889 1.57232 -0.00843863 0.00230453 0.00231436
79.9104 6.02025 0.37565 1.57233 -0.00818257 0.00240507 0.00231425
79.9304 6.02039 0.379432 1.57235 -0.00793508 0.00246053 0.00231561
79.9513 6.02052 0.383232 1.57236 -0.0076769 0.00232836 0.0023135
79.9701 6.02066 0.38705 1.57238 -0.00742878 0.00245077 0.00231291
79.9907 6.0208 0.390885 1.5724 -0.00717921 0.00231516 0.00231593
80.0116 6.02095 0.394735 1.57242 -0.00692696 0.00239776 0.00231601
80.0308 6.02108 0.3986 1.57244 -0.00668177 0.00226311 0.00231978
80.0519 6.02123 0.402479 1.57247 -0.00644545 0.00232641 0.00232358
80.071 6.02136 0.406371 1.57249 -0.00620389 0.00222495 0.00232279
80.0913 6.0215 0.410274 1.57251 -0.00598157 0.00222792 0.00232301
80.1126 6.02165 0.414189 1.57253 -0.00577176 0.00234919 0.00232143
80.1326 6.02179 0.418113 1.57255 -0.00556939 0.00221878 0.00232232
80.1529 6.02193 0.422047 1.57256 -0.00536716 0.00228408 0.00232171
80.1724 6.02207 0.425988 1.57257 -0.00516404 0.00233149 0.00232519
80.1928 6.0222 0.429938 1.57259 -0.00496754 0.00219013 0.00232354
80.2133 6.02234 0.433894 1.5726 -0.00478356 0.0022638 0.00231958
80.2325 6.02248 0.437856 1.57262 -0.0045975 0.00228087 0.00232008
80.2536 6.02261 0.441823 1.57263 -0.00442126 0.00222271 0.00232036
80.2725 6.02274 0.445796 1.57264 -0.00440883 0.00214625 0.0023188
80.2933 6.02288 0.44978 1.57267 -0.00544675 0.00224067 0.00231795
80.3138 6.02302 0.453778 1.57271 -0.00743253 0.00226642 0.00231747
80.3327 6.02317 0.457794 1.57276 -0.00964922 0.00224309 0.00231451
80.3537 6.02332 0.461835 1.57282 -0.0117677 0.00220502 0.00231542
80.3737 6.02347 0.465907 1.57288 -0.0136709 0.00217887 0.00231408
80.394 6.02362 0.470018 1.57293 -0.0152965 0.00230027 0.00231106
80.4146 6.02377 0.474174 1.57298 -0.0166287 0.00216227 0.00230903
80.4336 6.02392 0.47838 1.57303 -0.0176286 0.00228049 0.00230337
80.4555 6.02407 0.48264 1.57307 -0.0183176 0.00217792 0.00230282
80.4741 6.02422 0.486956 1.57311 -0.0187567 0.00226069 0.00230048
80.4947 6.02437 0.49133 1.57315 -0.0189402 0.00215681 0.00230031
80.5151 6.02452 0.495763 1.57319 -0.0189164 0.00220964 0.00229518
80.5348 6.02466 0.500255 1.57322 -0.0187256 0.00220801 0.00229273
80.5564 6.02481 0.504805 1.57325 -0.0183999 0.0021136 0.00229334
80.5745 6.02496 0.509411 1.57328 -0.0179525 0.00225396 0.00229053
80.5944 6.0251 0.514072 1.5733 -0.0174049 0.00214298 0.00229041
80.6179 6.02525 0.518785 1.57332 -0.0168015 0.00218338 0.00228621
80.6348 6.02539 0.523549 1.57334 -0.016128 0.00224352 0.00228568
80.6557 6.02553 0.52836 1.57336 -0.0154436 0.00215386 0.00228107
80.6754 6.02568 0.533217 1.57337 -0.014767 0.00221539 0.00227855
80.6962 6.02582 0.538115 1.57338 -0.014073 0.00223138 0.00227409
80.7162 6.02595 0.543052 1.57338 -0.0134257 0.00213808 0.00227992
80.7361 6.02609 0.548027 1.57338 -0.0128061 0.00223318 0.00228007
80.7571 6.02623 0.553035 1.57338 -0.0121993 0.00225144 0.00228097
80.7767 6.02636 0.558076 1.57338 -0.0116734 0.00218776 0.00228094
80.797 6.02649 0.563146 1.57337 -0.0111706 0.00225029 0.00227974
80.8176 6.02662 0.568243 1.57336 -0.0106695 0.00219691 0.00227097
80.8375 6.02675 0.573366 1.57334 -0.0102011 0.00215952 0.00226737
80.8575 6.02687 0.578512 1.57332 -0.00973457 0.00208301 0.00227061
80.8774 6.027 0.58368 1.5733 -0.00929025 0.00225784 0.00226474
80.8973 6.02713 0.588868 1.57328 -0.00887252 0.00215863 0.002263
80.9187 6.02724 0.594073 1.57325 -0.00846378 0.00200025 0.00226534
80.9379 6.02737 0.599295 1.57323 -0.00808813 0.0022277 0.00226747
80.9591 6.02749 0.604532 1.57321 -0.00769912 0.00221853 0.00226544
80.9782 6.0276 0.609783 1.57318 -0.00730518 0.00202234 0.00225995
80.9984 6.02772 0.615045 1.57316 -0.00694933 0.00214607 0.00225687
81.0195 6.02783 0.620317 1.57314 -0.0065913 0.00224335 0.00225659
81.0384 6.02794 0.625598 1.57311 -0.00628477 0.00214601 0.00225731
81.0608 6.02805 0.630887 1.57308 -0.00602429 0.00216289 0.00225572
81.0789 6.02816 0.636182 1.57305 -0.0057267 0.00223549 0.00225165
81.0991 6.02826 0.641483 1.57301 -0.00541425 0.00217832 0.00225208
81.1202 6.02837 0.646788 1.57297 -0.00510112 0.00222148 0.00224988
81.1391 6.02848 0.652095 1.57293 -0.00475949 0.00226516 0.00224823
81.1599 6.02858 0.657404 1.57288 -0.00443218 0.00224353 0.00224692
81.1795 6.02868 0.662713 1.57283 -0.00410667 0.00227355 0.00224055
81.1997 6.02879 0.668021 1.57277 -0.00375166 0.00220462 0.00223841
81.2213 6.02888 0.673326 1.57271 -0.00340795 0.00215658 0.0022391
81.2402 6.02889 0.675417 1.57224 -0.00244714 0.00223634 0.00204692
81.2629 6.0288 0.675292 1.57158 -0.00331189 0.00225155 0.00177796
81.2805 6.02876 0.675062 1.57136 -0.00776914 0.0030908 0.00174188
81.3008 6.02874 0.674706 1.57161 -0.0150483 0.00347071 0.0017086
81.3232 6.02874 0.674295 1.57218 -0.0240663 0.00327597 0.00166768
81.342 6.02875 0.673896 1.57295 -0.0334787 0.00307281 0.00162629
81.3631 6.02875 0.673553 1.57384 -0.0421589 0.00296839 0.00158311
81.3826 6.02875 0.673303 1.57477 -0.0488525 0.00274671 0.0015385
81.4026 6.02874 0.673141 1.57572 -0.0532947 0.00249764 0.00149259
81.4238 6.02873 0.673034 1.57667 -0.0562166 0.00245687 0.0014455
81.4429 6.02872 0.672937 1.57756 -0.0589109 0.00245686 0.00139739
81.4638 6.0287 0.67285 1.57836 -0.0613642 0.00245685 0.00134834
81.4836 6.02869 0.672773 1.57907 -0.0635345 0.00245684 0.00129839
81.5033 6.02868 0.672706 1.57969 -0.0654231 0.00245683 0.00124761
81.5238 6.02866 0.672647 1.58023 -0.0670703 0.00245682 0.00119602
81.6918 6.02864 0.672595 1.58069 -0.0684959 0.00245681 0.00114369
81.7095 6.02863 0.67255 1.58109 -0.0696762 0.00245463 0.00109064
81.7285 6.02861 0.672558 1.58139 -0.0689595 0.00241426 0.00103747
81.7487 6.02859 0.672653 1.5816 -0.0651594 0.00226464 0.000986576
81.77 6.02857 0.672796 1.5817 -0.059913 0.00224506 0.000938214
81.7893 6.02856 0.672959 1.58168 -0.0543731 0.00219253 0.000892203
81.8097 6.02854 0.67312 1.58154 -0.0491888 0.00216037 0.00084846
81.8298 6.02852 0.673298 1.58129 -0.0438065 0.00213879 0.000806867
81.8495 6.02851 0.673468 1.58097 -0.0388747 0.00205591 0.000767281
81.8703 6.02849 0.673617 1.58056 -0.0347196 0.00205053 0.000729675
81.8902 6.02848 0.673768 1.58011 -0.0306821 0.00200276 0.000693895
81.9124 6.02847 0.673899 1.57961 -0.0272649 0.00196394 0.000659874
81.9305 6.02846 0.674011 1.57909 -0.0243947 0.00193325 0.000627525
81.9505 6.02845 0.674118 1.57854 -0.0217242 0.00183126 0.000596743
81.9725 6.02844 0.674205 1.57798 -0.0195563 0.0018161 0.000567495
81.9909 6.02843 0.674281 1.57742 -0.0176901 0.00176022 0.000539672
82.0109 6.02843 0.674354 1.57685 -0.0159206 0.00163595 0.000513051
82.0311 6.02844 0.674424 1.5763 -0.0142266 0.00163596 0.000495361
82.0517 6.02845 0.674492 1.57577 -0.0125883 0.00163596 0.000482506
82.0718 6.02848 0.674555 1.57525 -0.0110355 0.00154941 0.000480815
82.092 6.02853 0.674617 1.57477 -0.00954863 0.00159789 0.000482791
82.1122 6.02859 0.674671 1.57431 -0.00822096 0.00142236 0.000487594
82.1318 6.02868 0.67472 1.57389 -0.00696044 0.00131461 0.000509124
82.1523 6.02879 0.674764 1.57349 -0.00580923 0.00116701 0.000543096
82.1724 6.02892 0.674798 1.57312 -0.00480638 0.000973874 0.000591817
82.1923 6.02908 0.674821 1.57277 -0.00400403 0.000794189 0.000658918
82.2137 6.02926 0.674832 1.57243 -0.00341181 0.000578431 0.000739571
82.2328 6.02947 0.674832 1.5721 -0.00302477 0.000552134 0.000828801
82.2526 6.02971 0.674823 1.57178 -0.00282132 0.000576027 0.000924112
82.2771 6.02999 0.674805 1.57147 -0.00276329 0.000581542 0.00102618
82.2931 6.03031 0.674782 1.57115 -0.00282208 0.000615349 0.00113302
82.3151 6.03066 0.674755 1.57084 -0.00296047 0.000693655 0.00123738
82.3337 6.03106 0.674727 1.57051 -0.00312546 0.000793985 0.00134001
82.3534 6.03149 0.674699 1.57019 -0.00327688 0.000814466 0.0014488
82.3743 6.03196 0.674674 1.56985 -0.00342538 0.000955043 0.00154645
82.3939 6.03248 0.674649 1.56952 -0.00354218 0.00111509 0.00164655
82.4147 6.03305 0.674627 1.56918 -0.00361858 0.00119539 0.00174626
82.4343 6.03362 0.674608 1.56882 -0.00364272 -0.000444158 0.00184786
82.455 6.0344 0.674591 1.56849 -0.00366428 0.000223025 0.00192763
82.4764 6.0354 0.674582 1.56822 -0.00357244 0.00157549 0.00199878
82.4946 6.03659 0.674579 1.568 -0.00333051 0.00132228 0.00207759
82.5153 6.03797 0.67458 1.56782 -0.00304922 0.000824655 0.00214954
82.5352 6.03953 0.674581 1.56765 -0.00274195 0.000619183 0.00222242
82.5552 6.04127 0.674583 1.56748 -0.00243752 0.000735247 0.00229494
82.576 6.04319 0.674585 1.5673 -0.00213104 0.000673352 0.00236495
82.5958 6.04528 0.674587 1.56712 -0.0018369 0.000601455 0.00243416
82.6174 6.04755 0.674588 1.56693 -0.00157478 0.000588162 0.00250231
82.6359 6.05 0.674587 1.56672 -0.00135132 0.000593567 0.00256945
82.656 6.05261 0.674584 1.56651 -0.00116129 0.000620747 0.00263771
82.6799 6.0554 0.67458 1.56629 -0.00101389 0.000680638 0.00269958
82.698 6.05837 0.674575 1.56606 -0.000904806 0.000727273 0.0027595
82.7195 6.06151 0.674569 1.56584 -0.000825039 0.000829627 0.00281583
82.738 6.06483 0.674563 1.56561 -0.000762312 0.000909322 0.00286638
82.7581 6.06831 0.674557 1.56539 -0.000723097 0.001001 0.00291172
82.7807 6.07196 0.67455 1.56517 -0.00070096 0.00110927 0.00295446
82.7984 6.07578 0.674544 1.56496 -0.000692006 0.0012928 0.002986
82.8212 6.07976 0.67454 1.56476 -0.000670105 0.00123813 0.00301566
82.8393 6.08391 0.674536 1.56457 -0.000643563 0.0014156 0.00303823
82.859 6.08822 0.674534 1.56439 -0.000612279 0.00142519 0.00305548
82.8798 6.09269 0.674533 1.56421 -0.000571376 0.00164682 0.00306968
82.8994 6.09733 0.674533 1.56405 -0.000523477 0.00178393 0.00307848
82.9213 6.10213 0.674534 1.5639 -0.000462985 0.00187263 0.00308626
82.9404 6.10708 0.674536 1.56375 -0.000401049 0.00199939 0.00308733
82.9604 6.1122 0.674539 1.56362 -0.000348602 0.00216835 0.00308005
82.9833 6.11747 0.674542 1.56349 -0.000283284 0.00211661 0.00307338
83.0006 6.1229 0.674546 1.56337 -0.000207744 0.00228215 0.00306096
83.0214 6.12848 0.674552 1.56327 -0.000123708 0.00239101 0.00304145
83.0405 6.13423 0.674558 1.56317 -3.2066e-05 0.00256442 0.00301875
83.0607 6.14013 0.674559 1.56309 1.91849e-06 0.00270067 0.00298561
83.0817 6.14618 0.674555 1.56303 4.05223e-05 0.00285397 0.00294643
83.1011 6.15238 0.674547 1.56297 9.79251e-05 0.0029092 0.0029016
83.122 6.15874 0.674537 1.56292 0.000167712 0.00297045 0.00285408
83.1423 6.16525 0.674524 1.56288 0.000244378 0.00308128 0.00281176
83.1615 6.1719 0.674509 1.56285 0.00033208 0.00316781 0.00275966
83.182 6.17871 0.674493 1.56283 0.000431962 0.00323805 0.0026987
83.2015 6.18568 0.674475 1.56281 0.000537033 0.00340599 0.00264618
83.223 6.19279 0.674455 1.56279 0.000646283 0.00342375 0.00259792
83.2425 6.20005 0.674432 1.56278 0.000767065 0.00342875 0.00254194
83.2624 6.20746 0.674407 1.56279 0.000888771 0.00358595 0.00248461
83.2848 6.21501 0.674379 1.5628 0.00100548 0.00365246 0.00242464
83.3027 6.22271 0.674347 1.56283 0.00113185 0.00367318 0.00236743
83.3232 6.23055 0.674312 1.56286 0.00125944 0.00372876 0.00231358
83.3429 6.23853 0.674272 1.5629 0.00138209 0.00380925 0.00226121
83.363 6.24664 0.674227 1.56294 0.00150552 0.0039842 0.00221111
83.3846 6.25488 0.674176 1.563 0.00162434 0.00392821 0.00215858
83.4034 6.26325 0.67412 1.56306 0.00172571 0.0040652 0.00210614
83.424 6.27174 0.674058 1.56312 0.00180641 0.004098 0.00205378
83.4436 6.28034 0.673989 1.5632 0.0018648 0.00414382 0.00200436
83.4644 6.28904 0.673913 1.56328 0.00193157 0.00284466 0.00195668
83.4848 6.29801 0.673831 1.56341 0.00199286 0.00466031 0.00191522
83.5038 6.30716 0.673741 1.5636 0.00216553 0.00479627 0.00186955
83.5262 6.31649 0.673642 1.56383 0.00237034 0.00442478 0.0018245
83.5443 6.326 0.673535 1.56409 0.00253576 0.00411055 0.0017846
83.5642 6.33566 0.673419 1.56435 0.00267589 0.00415254 0.00174588
83.5853 6.34549 0.673293 1.56461 0.00279537 0.00437248 0.00170873
83.6051 6.35544 0.673157 1.56486 0.00289626 0.00413611 0.00167347
83.6253 6.36554 0.673011 1.56509 0.00298163 0.00406871 0.00164121
83.6449 6.37576 0.672853 1.56532 0.0030447 0.00421584 0.00161115
83.665 6.38609 0.672685 1.56554 0.00308427 0.00408207 0.00158094
83.6865 6.39654 0.672506 1.56575 0.00309016 0.00419016 0.00155618
83.7058 6.40707 0.672315 1.56595 0.00308198 0.00406205 0.00153057
83.727 6.41771 0.672113 1.56614 0.00307074 0.0040925 0.00150667
83.7462 6.42843 0.6719 1.56631 0.00304768 0.00403881 0.00148522
83.7665 6.43922 0.671677 1.56648 0.00300994 0.00408134 0.00146543
83.7903 6.45008 0.671442 1.56664 0.00296822 0.00400854 0.0014475
83.8067 6.461 0.671197 1.56679 0.00290616 0.00407577 0.00142999
83.8275 6.47197 0.670941 1.56693 0.0028429 0.00403815 0.00141804
83.8476 6.48299 0.670675 1.56706 0.00277626 0.00411495 0.00140748
83.8675 6.49405 0.670399 1.56719 0.00270786 0.00415095 0.00139371
83.8895 6.50514 0.670114 1.56731 0.00264882 0.00417644 0.00138037
83.9076 6.51626 0.669819 1.56741 0.00259217 0.00416524 0.00137046
83.9295 6.5274 0.669515 1.56751 0.0025359 0.00429808 0.00135992
83.9479 6.53855 0.669202 1.5676 0.00248464 0.00423002 0.00135039
83.9679 6.54971 0.668881 1.56769 0.00242217 0.00429141 0.00134247
83.9922 6.56086 0.668551 1.56776 0.00236452 0.00430662 0.00133721
84.0088 6.57202 0.668213 1.56783 0.00230994 0.0043921 0.00133176
84.0295 6.58315 0.667867 1.56789 0.00225961 0.00433269 0.00132566
84.0487 6.59427 0.667513 1.56795 0.00221287 0.0043842 0.00131924
84.0692 6.60536 0.667152 1.568 0.00216874 0.00444243 0.00131532
84.0894 6.61643 0.666784 1.56804 0.00211529 0.00444684 0.0013123
84.1095 6.62746 0.666409 1.56807 0.00205185 0.00442614 0.00130867
84.13 6.63845 0.666026 1.56809 0.00198877 0.00446517 0.00130465
84.1501 6.64939 0.665638 1.56811 0.00193305 0.00447329 0.00130347
84.17 6.66028 0.665243 1.56813 0.00188375 0.00449279 0.00130141
84.1915 6.67111 0.664841 1.56814 0.00184147 0.00443886 0.00130077
84.2103 6.68188 0.664434 1.56814 0.00179856 0.00443981 0.00129993
84.2317 6.69259 0.664021 1.56813 0.00175501 0.00447105 0.00130114
84.2509 6.70321 0.663602 1.56812 0.00171877 0.00438023 0.00130229
84.2709 6.71377 0.663178 1.56811 0.00167222 0.00438175 0.00130298
84.2924 6.72424 0.662749 1.56809 0.00162263 0.00440854 0.00130382
84.3119 6.73462 0.662315 1.56806 0.00157226 0.00434318 0.00130647
84.335 6.74491 0.661876 1.56803 0.00151809 0.00434136 0.00130863
84.3515 6.7551 0.661432 1.568 0.00146577 0.00426581 0.00131312
84.3718 6.76519 0.660984 1.56796 0.00141664 0.00429241 0.00131519
84.3935 6.77518 0.660532 1.56792 0.00136946 0.00429973 0.00131692
84.4127 6.78505 0.660076 1.56787 0.0013145 0.0042089 0.00131962
84.4338 6.79481 0.659616 1.56781 0.00125695 0.00420312 0.0013208
84.4535 6.80446 0.659152 1.56776 0.00119321 0.00412527 0.0013209
84.4732 6.814 0.658686 1.5677 0.00110014 0.00489716 0.00132572
84.4944 6.82332 0.658216 1.56764 0.00102571 0.0042893 0.00133031
84.5171 6.83244 0.657744 1.56761 0.000907989 0.00355675 0.00133771
84.5419 6.84137 0.65727 1.56761 0.000732559 0.00365876 0.00134294
84.5589 6.8501 0.656794 1.56761 0.000556743 0.00378371 0.0013491
84.5757 6.85865 0.656317 1.56762 0.000402054 0.00385132 0.00135428
84.5975 6.867 0.65584 1.56762 0.000257464 0.00382806 0.00136306
84.6169 6.87517 0.655364 1.5676 0.000106307 0.00389211 0.00137066
84.6382 6.88314 0.654888 1.56758 -3.23527e-05 0.00373567 0.00137724
84.6563 6.89093 0.654413 1.56754 -0.000151644 0.00383844 0.00138554
84.6772 6.89852 0.653941 1.5675 -0.000244619 0.00372495 0.00139336
84.698 6.90592 0.65347 1.56745 -0.000317032 0.00369965 0.00140097
84.717 6.91315 0.653002 1.5674 -0.000383405 0.00382813 0.00140532
84.7383 6.92017 0.652537 1.56734 -0.000445011 0.00365108 0.00141229
84.7577 6.92702 0.652074 1.56728 -0.000490328 0.00363656 0.0014177
84.7776 6.93368 0.651615 1.56721 -0.000520216 0.00361772 0.00142148
84.7977 6.94016 0.651159 1.56714 -0.000550901 0.00356153 0.00142588
84.8176 6.94645 0.650707 1.56705 -0.000598001 0.00350094 0.00143054
84.8385 6.95257 0.650258 1.56697 -0.00064074 0.00344596 0.00143503
84.8579 6.9585 0.649812 1.56688 -0.000662922 0.00338554 0.00144141
84.878 6.96425 0.649371 1.56678 -0.000668703 0.00331006 0.0014452
84.8984 6.96982 0.648933 1.56668 -0.000676966 0.00323424 0.00144909
84.919 6.9752 0.648499 1.56657 -0.000698251 0.00317569 0.00145487
84.9422 6.98041 0.648069 1.56646 -0.000739754 0.00308037 0.00145763
84.9586 6.98543 0.647643 1.56636 -0.000777799 0.00295981 0.0014614
84.979 6.99027 0.647221 1.56625 -0.000817022 0.00285649 0.00146459
85.0011 6.99494 0.646804 1.56613 -0.000861663 0.00276512 0.00146706
85.019 6.99942 0.646391 1.56602 -0.000915533 0.0025908 0.00146718
85.0401 7.00373 0.645983 1.56591 -0.000983567 0.00249189 0.00146899
85.0595 7.00786 0.64558 1.56581 -0.00105054 0.00243192 0.00147069
85.0798 7.01182 0.645182 1.5657 -0.00110897 0.00232743 0.00147131
85.0996 7.01561 0.644789 1.5656 -0.0011695 0.00221118 0.00147338
85.1202 7.01923 0.644402 1.5655 -0.00122896 0.00209788 0.00147379
85.1419 7.02268 0.644021 1.5654 -0.00127885 0.00198609 0.00147546
85.1605 7.02595 0.643646 1.5653 -0.00132672 0.00189015 0.00147723
85.1805 7.02906 0.643276 1.5652 -0.00135882 0.00173767 0.00147904
85.202 7.03199 0.642914 1.56509 -0.00137988 0.00164893 0.00148022
85.2213 7.03477 0.642557 1.56499 -0.00140022 0.00159386 0.00147954
85.2419 7.03738 0.642207 1.5649 -0.00142688 0.0014938 0.00148085
85.2614 7.03982 0.641863 1.5648 -0.0014548 0.00138527 0.00148079
85.2814 7.04211 0.641526 1.56471 -0.00147225 0.00129089 0.00148024
85.3053 7.04423 0.641196 1.56462 -0.00149291 0.00111594 0.00147879
85.3222 7.04619 0.640872 1.56453 -0.00152793 0.00104016 0.00147919
85.3429 7.048 0.640555 1.56445 -0.0015557 0.00100103 0.00148018
85.3622 7.04965 0.640245 1.56437 -0.00157385 0.000900484 0.00148098
85.3826 7.05115 0.639942 1.5643 -0.00158523 0.000787805 0.00148083
85.4041 7.05249 0.639645 1.56423 -0.00158252 0.000619667 0.00148183
85.4226 7.05369 0.639356 1.56416 -0.00158912 0.000573154 0.00148152
85.4451 7.05474 0.639074 1.5641 -0.0016106 0.00049137 0.00148009
85.4632 7.05565 0.638799 1.56405 -0.00162432 0.000386567 0.00147985
85.4835 7.0564 0.63853 1.56399 -0.00162433 0.000105483 0.00148054
85.5043 7.05703 0.638269 1.56394 -0.00162936 0.000152504 0.00148073
85.5235 7.05753 0.638015 1.5639 -0.00163536 0.000186973 0.00147923
85.5444 7.05789 0.637768 1.56387 -0.00162869 -3.2891e-05 0.00147876
85.5641 7.05813 0.637527 1.56384 -0.0016323 -0.000124073 0.0014783
85.5844 7.05824 0.637294 1.56382 -0.00164895 -0.000127153 0.00147772
85.6049 7.05823 0.637068 1.5638 -0.00165738 -0.00027838 0.00147653
85.6247 7.05811 0.636849 1.56379 -0.00166201 -0.000340494 0.00147579
85.6452 7.05788 0.636637 1.56378 -0.00164395 -0.000321901 0.00147344
85.6645 7.05755 0.636432 1.56378 -0.00160572 -0.000373863 0.00147183
85.6854 7.05711 0.636233 1.56377 -0.00157147 -0.000363429 0.00147074
85.7078 7.05657 0.636041 1.56377 -0.00154543 -0.000395899 0.0014672
85.7254 7.05595 0.635856 1.56378 -0.00152361 -0.00028771 0.00146578
85.7461 7.05524 0.635677 1.56378 -0.00149767 -0.000287199 0.00146208
85.7658 7.05445 0.635505 1.56379 -0.0014653 -0.000209594 0.00145932
85.7856 7.05358 0.635338 1.56381 -0.00143689 -0.000224582 0.00145635
85.8092 7.05264 0.635178 1.56382 -0.00140262 -0.000111852 0.00145191
85.8259 7.05163 0.635024 1.56384 -0.00136599 -0.000116501 0.00144745
85.8471 7.05055 0.634875 1.56385 -0.0013352 6.18626e-06 0.00144329
85.8667 7.04942 0.634732 1.56388 -0.00130519 7.75366e-06 0.00143998
85.8868 7.04823 0.634595 1.5639 -0.00127553 0.000119805 0.00143631
85.9105 7.04699 0.634462 1.56392 -0.00125342 0.000117055 0.0014319
85.9276 7.0457 0.634336 1.56395 -0.00123114 0.000211178 0.00142497
85.9488 7.04437 0.634214 1.56398 -0.0011997 0.000194625 0.0014184
85.9679 7.043 0.634097 1.56401 -0.00115243 0.000283981 0.00141283
85.988 7.04159 0.633985 1.56405 -0.00111306 0.00027361 0.00140695
86.0092 7.04016 0.633878 1.56409 -0.00108853 0.000355114 0.00140093
86.0281 7.03869 0.633775 1.56412 -0.00106231 0.000333283 0.00139506
86.0494 7.0372 0.633677 1.56416 -0.00102463 0.000392075 0.00138906
86.0695 7.03569 0.633583 1.56421 -0.000987355 0.000484096 0.00138285
86.0891 7.03415 0.633493 1.56425 -0.000955212 0.000431209 0.00137725
86.1095 7.03261 0.633408 1.5643 -0.000925109 0.000520095 0.00137163
86.1294 7.03105 0.633326 1.56435 -0.000881994 0.000496002 0.00136576
86.1504 7.02949 0.633247 1.5644 -0.000825053 0.000567368 0.00136122
86.1695 7.02793 0.633172 1.56445 -0.000774426 0.000639559 0.00135607
86.1893 7.02636 0.633101 1.5645 -0.000736594 0.000566769 0.00135072
86.2098 7.02479 0.633032 1.56456 -0.000700387 0.000643556 0.00134507
86.2302 7.02323 0.632967 1.56462 -0.000662487 0.000613757 0.00133948
86.2503 7.02167 0.632904 1.56468 -0.00062722 0.000649968 0.00133372
86.2704 7.02013 0.632844 1.56473 -0.00058729 0.000722705 0.00132898
86.2902 7.0186 0.632787 1.56479 -0.000545198 0.000741232 0.00132316
86.3123 7.01708 0.632732 1.56485 -0.000513323 0.000741156 0.00131781
86.3309 7.01557 0.632679 1.56491 -0.000491876 0.000675975 0.00131256
86.3523 7.01408 0.632628 1.56496 -0.000476279 0.000734051 0.00130868
86.3714 7.01261 0.632579 1.56501 -0.000461363 0.000797765 0.00130277
86.3916 7.01116 0.632533 1.56507 -0.000446473 0.000813999 0.00129739
86.4117 7.00973 0.632488 1.56512 -0.000425337 0.000839689 0.00129518
86.4315 7.00832 0.632445 1.56517 -0.000395414 0.000873601 0.00128975
86.4546 7.00693 0.632403 1.56522 -0.000375184 0.000805313 0.00128575
86.472 7.00556 0.632364 1.56527 -0.000353495 0.000868666 0.00128175
86.4925 7.00422 0.632326 1.56532 -0.000327538 0.000960206 0.00127909
86.5123 7.00292 0.632289 1.56537 -0.000261957 0.000729145 0.00127429
86.5327 7.00168 0.632251 1.56543 7.82964e-05 0.00101404 0.00126499
86.5537 7.00051 0.632212 1.5655 0.000705379 0.00102961 0.00125498
86.5729 6.99939 0.63217 1.56556 0.00143693 0.000960298 0.00124729
86.5935 6.99833 0.632122 1.56563 0.00216232 0.00105744 0.00124024
86.6157 6.99732 0.632066 1.56568 0.00285786 0.000974414 0.00123406
86.634 6.99637 0.631999 1.56573 0.00351214 0.00112351 0.00122802
86.6541 6.99547 0.631919 1.56577 0.00411466 0.00108362 0.0012217
86.6736 6.99463 0.631823 1.56581 0.00465307 0.00118332 0.00121494
86.6951 6.99385 0.63171 1.56584 0.00513547 0.00125862 0.00121063
86.7146 6.99311 0.631578 1.56587 0.00556166 0.00128161 0.00120513
86.7342 6.99244 0.631425 1.5659 0.00594318 0.00136813 0.00120225
86.7555 6.99181 0.631249 1.56592 0.00630302 0.00129198 0.00119845
86.775 6.99124 0.631049 1.56594 0.00662748 0.0014637 0.00119292
86.7949 6.99071 0.630824 1.56596 0.00691942 0.00149511 0.00118845
86.818 6.99024 0.630573 1.56597 0.00717511 0.00151984 0.00118618
86.8353 6.98982 0.630295 1.56597 0.0073906 0.00158296 0.00118632
86.8563 6.98946 0.629989 1.56597 0.00758826 0.00164223 0.00118776
86.8754 6.98914 0.629655 1.56597 0.00776087 0.00169995 0.00118675
86.8958 6.98887 0.629291 1.56595 0.00790323 0.00175938 0.00118495
86.9164 6.98865 0.628898 1.56594 0.00803893 0.00180265 0.0011825
86.9359 6.98849 0.628475 1.56592 0.00820768 0.001849 0.00117853
86.9564 6.98837 0.628021 1.56589 0.00839012 0.00190517 0.00117468
86.976 6.98831 0.627536 1.56586 0.00857055 0.00195618 0.00117247
86.9962 6.9883 0.627018 1.56583 0.00873569 0.00200372 0.00116961
87.0167 6.98833 0.626469 1.56579 0.00890689 0.00205587 0.00116559
87.0366 6.98842 0.625886 1.56575 0.00909777 0.00210176 0.00116359
87.0572 6.98856 0.62527 1.56571 0.00926239 0.00212257 0.00116037
87.0774 6.98876 0.624619 1.56567 0.00941538 0.00215333 0.00115693
87.0977 6.989 0.623934 1.56562 0.00959484 0.00219742 0.00115301
87.1184 6.98929 0.623213 1.56558 0.0098036 0.00230876 0.00114994
87.1374 6.98962 0.622456 1.56553 0.0100038 0.00227629 0.00114599
87.1583 6.99 0.621663 1.56549 0.0101677 0.00230664 0.00114302
87.178 6.99042 0.620832 1.56545 0.0103295 0.00237665 0.00113885
87.1983 6.99089 0.619964 1.56541 0.0104902 0.00243886 0.00113542
87.2211 6.99139 0.619057 1.56537 0.0106622 0.00249423 0.00113125
87.2387 6.99194 0.618112 1.56533 0.0108566 0.0025505 0.0011269
87.2588 6.99254 0.617127 1.56528 0.0110623 0.00258881 0.00112102
87.2788 6.99318 0.616102 1.56523 0.0112801 0.00261568 0.00111822
87.2991 6.99386 0.615036 1.56519 0.0114901 0.00263748 0.00110988
87.323 6.99458 0.613929 1.56514 0.0116938 0.00265218 0.00110223
87.3391 6.99535 0.612779 1.56509 0.0119135 0.00267623 0.00109369
87.3602 6.99616 0.611587 1.56504 0.0121198 0.00275342 0.0010885
87.3795 6.99701 0.610351 1.56499 0.0123141 0.00272526 0.00108171
87.4 6.99789 0.609071 1.56494 0.012506 0.00276348 0.00107469
87.422 6.9988 0.607746 1.5649 0.0126872 0.00281152 0.00106761
87.4402 6.99976 0.606376 1.56485 0.0128484 0.0028353 0.0010607
87.4607 7.00074 0.604959 1.5648 0.0130182 0.00286111 0.00105291
87.4809 7.00176 0.603497 1.56476 0.0132058 0.0028941 0.00104527
87.501 7.00282 0.601987 1.56471 0.0133774 0.0029023 0.00103741
87.5219 7.00392 0.60043 1.56467 0.0135704 0.00289982 0.00103036
87.5414 7.00505 0.598819 1.56464 0.0147805 0.00300687 0.00101833
87.5628 7.0062 0.597144 1.56465 0.0176703 0.00297882 0.000994375
87.5815 7.00739 0.5954 1.56469 0.0213104 0.00301079 0.000974828
87.6018 7.0086 0.593578 1.56475 0.0249411 0.00307478 0.000962375
87.624 7.00984 0.591664 1.56482 0.0282894 0.00312193 0.000949047
87.6422 7.01111 0.589648 1.56489 0.0313093 0.00315134 0.000934668
87.663 7.0124 0.587519 1.56495 0.0339143 0.00326388 0.000925027
87.6826 7.01372 0.585266 1.56501 0.0360339 0.00322382 0.000912461
87.7031 7.01505 0.582882 1.56507 0.0376927 0.00322168 0.000904782
87.7233 7.01641 0.580361 1.56512 0.0388976 0.00325124 0.000897538
87.7429 7.01778 0.577698 1.56516 0.0397263 0.00325664 0.0008893
87.7635 7.01918 0.57489 1.5652 0.0402619 0.00334027 0.000887782
87.7834 7.02059 0.571935 1.56523 0.040523 0.00325836 0.000879972
87.8034 7.02201 0.568832 1.56526 0.0405516 0.00320857 0.000870689
87.8257 7.02344 0.565582 1.56529 0.0403933 0.00321637 0.00086454
87.8441 7.02489 0.562185 1.56532 0.0400548 0.0032058 0.000857352
87.865 7.02635 0.558644 1.56533 0.0395396 0.00318097 0.000847754
87.8844 7.02781 0.55496 1.56535 0.0388804 0.00323271 0.000843073
87.9044 7.02928 0.551137 1.56536 0.038128 0.00313911 0.000830207
87.9255 7.03076 0.547177 1.56537 0.0372909 0.00311286 0.000817756
87.9445 7.03224 0.543084 1.56538 0.036408 0.00311609 0.000806349
87.9669 7.03372 0.538863 1.56538 0.0355056 0.0031112 0.000795531
87.9854 7.0352 0.534516 1.56538 0.0345729 0.00310339 0.00078331
88.0064 7.0367 0.530048 1.56538 0.0336326 0.00317947 0.000776825
88.0267 7.03818 0.525463 1.56537 0.0327077 0.00311294 0.000763658
88.046 7.03966 0.520765 1.56536 0.0317868 0.00307128 0.000749177
88.0666 7.04114 0.515957 1.56535 0.0308842 0.00308059 0.000734309
88.0866 7.04261 0.511044 1.56534 0.0299959 0.00308838 0.000718489
88.1067 7.04408 0.506029 1.56532 0.0291272 0.00308391 0.0007006
88.1275 7.04554 0.500917 1.5653 0.0283027 0.00307761 0.00068344
88.1468 7.047 0.49571 1.56527 0.027514 0.00306118 0.000666651
88.1689 7.04846 0.490412 1.56524 0.0267406 0.00310679 0.000651108
88.1874 7.0499 0.485027 1.56521 0.0259844 0.00301899 0.000628167
88.2074 7.05133 0.479557 1.56517 0.0252275 0.00300269 0.000607573
88.2293 7.05275 0.474007 1.56513 0.024464 0.0030112 0.000583473
88.2478 7.05415 0.468378 1.56509 0.0237058 0.00300729 0.000564222
88.269 7.05554 0.462675 1.56505 0.0229392 0.00299127 0.000548726
88.288 7.05692 0.456901 1.565 0.022175 0.00297295 0.000530137
88.3083 7.05829 0.451059 1.56495 0.0214373 0.00296375 0.000509918
88.3305 7.05964 0.445151 1.56489 0.0207025 0.00295015 0.000490246
88.3487 7.06099 0.439182 1.56483 0.0199908 0.00301808 0.000470108
88.3713 7.06231 0.433153 1.56477 0.0192992 0.00291635 0.000450221
88.3893 7.06361 0.427068 1.56471 0.0186027 0.00287941 0.000428372
88.4093 7.06489 0.420931 1.56465 0.0179252 0.00289463 0.000408817
88.4314 7.06616 0.414742 1.56458 0.0172227 0.00288666 0.000393146
88.4499 7.0674 0.408507 1.56452 0.0164773 0.00285945 0.000377182
88.471 7.06862 0.402228 1.56445 0.0157363 0.00283813 0.000362706
88.4907 7.06982 0.395907 1.56437 0.0149792 0.00281965 0.000346977
88.5103 7.071 0.389548 1.5643 0.0142093 0.00279677 0.00032942
88.5317 7.07216 0.383154 1.56422 0.0134449 0.00276889 0.000313886
88.5509 7.0733 0.376728 1.56413 0.0128061 0.00274104 0.000297538
88.5721 7.07442 0.370268 1.56406 0.012736 0.00271009 0.00028173
88.5918 7.07552 0.363777 1.56399 0.013051 0.0026855 0.000266397
88.6111 7.07661 0.357256 1.56393 0.0134141 0.00277461 0.000250982
88.6332 7.07766 0.350703 1.56387 0.013668 0.00260731 0.000237154
88.6514 7.07869 0.344119 1.56381 0.0137677 0.0026362 0.000219777
88.6736 7.07969 0.337504 1.56376 0.0136889 0.00265396 0.000203646
88.6922 7.08066 0.330857 1.5637 0.0134152 0.00256341 0.000189583
88.712 7.08162 0.324181 1.56364 0.0129378 0.00264171 0.000173885
88.7329 7.08254 0.317476 1.56357 0.0122726 0.0026254 0.00015829
88.7525 7.08344 0.310747 1.56351 0.0114659 0.00259952 0.000145173
88.7752 7.08431 0.303995 1.56344 0.0104868 0.00259718 0.000132162
88.7925 7.08515 0.297224 1.56337 0.00939765 0.00258909 0.000115176
88.8127 7.08596 0.290439 1.56329 0.00824341 0.00257082 9.74431e-05
88.8345 7.08675 0.283645 1.56322 0.0069764 0.00243777 8.19151e-05
88.8538 7.08752 0.276845 1.56314 0.00570569 0.00259296 6.92977e-05
88.8741 7.08825 0.270045 1.56307 0.00441244 0.00260902 5.41834e-05
88.8939 7.08896 0.26325 1.56299 0.00305727 0.00253776 3.9655e-05
88.9141 7.08964 0.256464 1.56292 0.00175533 0.00250986 2.64469e-05
88.9345 7.0903 0.249694 1.56285 0.00044041 0.0025108 1.63781e-05
88.9546 7.09093 0.242945 1.56278 -0.000880322 0.00250026 3.63299e-06
88.9751 7.09153 0.23622 1.56271 -0.00213083 0.00246824 -5.08731e-06
88.9951 7.09211 0.229525 1.56264 -0.00340572 0.00250219 -1.28984e-05
89.015 7.09266 0.222865 1.56258 -0.00463735 0.00246476 -1.76636e-05
89.0375 7.09318 0.216245 1.56251 -0.0058053 0.00237441 -3.17458e-05
89.0549 7.09369 0.209668 1.56245 -0.00699156 0.00249709 -4.09497e-05
89.0762 7.09416 0.20314 1.5624 -0.00810874 0.00240934 -4.65558e-05
89.0959 7.09461 0.196665 1.56234 -0.00918756 0.00226275 -5.4625e-05
89.1156 7.09504 0.190247 1.56229 -0.0102778 0.0023857 -6.49987e-05
89.1364 7.09544 0.183889 1.56225 -0.0112954 0.00222668 -7.13754e-05
89.1557 7.09582 0.177597 1.56221 -0.0123121 0.00228593 -7.75667e-05
89.1773 7.09617 0.171372 1.56218 -0.01332 0.00217269 -8.31812e-05
89.1962 7.0965 0.16522 1.56215 -0.0142637 0.00213383 -8.8911e-05
89.2165 7.09681 0.159144 1.56213 -0.0152228 0.00224893 -0.000100687
89.237 7.09709 0.153147 1.5621 -0.0161443 0.00210267 -0.000103757
89.2572 7.09736 0.147232 1.56209 -0.0170315 0.00221461 -0.000112275
89.2778 7.09759 0.141404 1.56207 -0.0179407 0.00211272 -0.000114411
89.2973 7.09781 0.135664 1.56206 -0.0188078 0.00219353 -0.000114035
89.3178 7.098 0.130016 1.56206 -0.019657 0.00225276 -0.000115516
89.3385 7.09816 0.124464 1.56206 -0.0205226 0.00212428 -0.000115221
89.3578 7.09831 0.11901 1.56206 -0.0213494 0.00225649 -0.000119451
89.3785 7.09843 0.113658 1.56207 -0.0221705 0.00215437 -0.000114484
89.3983 7.09853 0.108409 1.56208 -0.0229981 0.00212223 -0.000108831
89.4182 7.09861 0.103268 1.56209 -0.0237938 0.00211187 -0.000110798
89.4387 7.09866 0.0982364 1.5621 -0.0245943 0.00205149 -0.000111247
89.4586 7.0987 0.0933174 1.56212 -0.0253728 0.00204731 -0.000116157
89.4797 7.09872 0.0885134 1.56213 -0.0261197 0.00201772 -0.000113212
89.4998 7.09872 0.0838272 1.56215 -0.0268517 0.00197779 -0.000105539
89.5194 7.0987 0.0792611 1.56217 -0.0275403 0.00194295 -0.000101305
89.5404 7.09866 0.0748175 1.56219 -0.0282077 0.00191963 -0.000100855
89.5597 7.0986 0.0704988 1.56221 -0.0288842 0.0019077 -9.43686e-05
89.5809 7.09852 0.066308 1.56223 -0.0296676 0.001896 -9.01421e-05
89.6 7.09842 0.0622479 1.56226 -0.0305788 0.00188247 -8.42379e-05
89.6201 7.0983 0.0583207 1.56229 -0.0314821 0.00186543 -7.37207e-05
89.6404 7.09816 0.0545291 1.56233 -0.0322727 0.00185107 -6.44444e-05
89.6608 7.098 0.0508756 1.56237 -0.0329501 0.00184691 -5.32483e-05
89.6815 7.09782 0.0473622 1.56242 -0.0334927 0.00183956 -4.37798e-05
89.7013 7.09763 0.0439905 1.56247 -0.0338748 0.00182486 -2.67741e-05
89.721 7.09741 0.0407616 1.56252 -0.0341126 0.00181646 -9.80548e-06
89.7429 7.09717 0.037676 1.56257 -0.0342138 0.00181092 6.26812e-06
89.7622 7.09692 0.0347337 1.56262 -0.0341854 0.00172289 2.22445e-05
89.7844 7.09665 0.0319343 1.56268 -0.0340478 0.00177147 3.26385e-05
89.8025 7.09637 0.0292769 1.56275 -0.0338073 0.00179772 4.18765e-05
89.8225 7.09608 0.0267601 1.56283 -0.0334772 0.00179852 4.47997e-05
89.8445 7.09578 0.0243823 1.56291 -0.033076 0.00180052 4.37421e-05
89.863 7.09547 0.0221416 1.56299 -0.0326131 0.00181233 4.25481e-05
89.8842 7.09515 0.0200355 1.56308 -0.032104 0.00182586 4.70033e-05
89.903 7.09481 0.0180618 1.56317 -0.0315572 0.00183909 5.58285e-05
89.9241 7.09447 0.016218 1.56327 -0.0309955 0.00184623 6.71302e-05
89.9461 7.09411 0.0145016 1.56337 -0.0304345 0.00185198 7.92533e-05
89.9645 7.09374 0.0129097 1.56347 -0.0298598 0.00186623 9.26442e-05
89.9858 7.09336 0.0114402 1.56357 -0.0293068 0.00186291 0.000102922
90.0048 7.09297 0.0100902 1.56367 -0.0287566 0.00185737 0.000107938
90.0249 7.09257 0.00885707 1.56378 -0.0281728 0.00175937 0.000118652
90.0475 7.09216 0.00773853 1.5639 -0.0276083 0.00184878 0.000121812
90.0648 7.09176 0.00673199 1.56402 -0.0270572 0.00189317 0.0001249
90.0861 7.09135 0.00583481 1.56416 -0.0265094 0.00186977 0.000130029
90.1051 7.09093 0.00504464 1.5643 -0.0259894 0.00187425 0.000134928
90.1254 7.09051 0.00435889 1.56444 -0.0254757 0.00190602 0.000143087
90.1467 7.0901 0.00377524 1.56458 -0.0249795 0.00194072 0.000147883
90.1657 7.08967 0.00329146 1.56473 -0.0245151 0.00197385 0.00015401
90.1888 7.08925 0.00290528 1.56488 -0.0240638 0.00199402 0.000159608
90.206 7.08882 0.00261476 1.56502 -0.0236474 0.00200604 0.00016387
90.226 7.08839 0.00241784 1.56517 -0.0232457 0.00200751 0.000170277
90.2473 7.08796 0.00231247 1.56532 -0.0228147 0.00200537 0.000174072
90.2667 7.08752 0.00229686 1.56547 -0.0223973 0.00200723 0.000179368
90.2871 7.08709 0.00236901 1.56563 -0.0219801 0.0020047 0.000186419
90.3066 7.08665 0.00252699 1.56578 -0.0215551 0.00200228 0.000190601
90.3269 7.08621 0.00276902 1.56594 -0.0211603 0.00200101 0.000196249
90.3478 7.08576 0.00309311 1.5661 -0.0207586 0.00200169 0.000198965
90.3674 7.08532 0.00349746 1.56626 -0.020359 0.00200494 0.000201902
90.3885 7.08487 0.00398033 1.56642 -0.0199793 0.00200666 0.00020537
90.4079 7.08441 0.00453952 1.56659 -0.0195433 0.00187594 0.000210321
90.428 7.08397 0.00517347 1.56675 -0.0191089 0.00200107 0.000210551
90.4491 7.08352 0.00588026 1.56692 -0.0186792 0.00202689 0.000212602
90.4694 7.08308 0.00665781 1.56709 -0.0182264 0.00200712 0.000215652
90.4897 7.08264 0.00750435 1.56727 -0.0177922 0.00201271 0.000218819
90.5092 7.08221 0.00841777 1.56744 -0.0173556 0.00200944 0.000222814
90.5292 7.08178 0.00939601 1.56762 -0.0169023 0.00200011 0.000226368
90.5512 7.08136 0.0104373 1.56778 -0.0164664 0.00200499 0.000227674
90.5695 7.08094 0.0115395 1.56795 -0.0160051 0.00201189 0.000230223
90.5906 7.08053 0.0127003 1.56811 -0.0154726 0.00201461 0.000231689
90.6097 7.08013 0.0139169 1.56827 -0.0147936 0.00202376 0.000233928
90.63 7.07973 0.0151866 1.56843 -0.0139695 0.00202406 0.000237443
90.6515 7.07933 0.0165069 1.56859 -0.0131507 0.00202855 0.000240256
90.6702 7.07894 0.0178744 1.56874 -0.0123423 0.00203461 0.000243823
90.6917 7.07856 0.0192853 1.56889 -0.0114903 0.00202933 0.000247799
90.7109 7.07818 0.0207368 1.56904 -0.0106687 0.00204304 0.000249682
90.7304 7.07781 0.0222251 1.56918 -0.0098178 0.00205741 0.000251376
90.7519 7.07744 0.0237468 1.56932 -0.00893696 0.00206307 0.000248666
90.7707 7.07708 0.0252987 1.56945 -0.00810149 0.00207449 0.00024952
90.7919 7.07672 0.026877 1.56958 -0.00722215 0.00207527 0.000249093
90.8112 7.07637 0.0284784 1.5697 -0.00634643 0.00208535 0.000247503
90.8314 7.07603 0.0300995 1.56982 -0.00550429 0.00211369 0.000248486
90.8528 7.07569 0.0317366 1.56994 -0.00461515 0.00212861 0.0002462
90.8723 7.07535 0.0333868 1.57005 -0.00377948 0.00213562 0.000245321
90.8928 7.07503 0.0350465 1.57015 -0.00297852 0.00213291 0.000247508
90.9122 7.0747 0.0367123 1.57025 -0.00215476 0.0021205 0.000248197
90.9332 7.07439 0.0383816 1.57035 -0.0014065 0.0021204 0.000246515
90.9542 7.07407 0.040051 1.57045 -0.000665726 0.00211801 0.000246487
90.9729 7.07377 0.0417176 1.57054 5.8294e-05 0.00211356 0.000246787
90.9943 7.07347 0.0433792 1.57062 0.000686946 0.00211178 0.000243494
91.014 7.07317 0.0450327 1.5707 0.00130909 0.0021092 0.000241751
91.0336 7.07288 0.046676 1.57078 0.00188892 0.0021116 0.000237985
91.0557 7.0726 0.0483069 1.57085 0.00240235 0.00211532 0.00023716
91.0738 7.07232 0.0499231 1.57091 0.00292675 0.002112 0.000234411
91.0964 7.07204 0.0515229 1.57098 0.00340952 0.00213112 0.000225513
91.1142 7.07177 0.0531043 1.57103 0.0038706 0.00215435 0.000222255
91.1349 7.07151 0.0546653 1.57108 0.00434451 0.00217309 0.000214726
91.1564 7.07125 0.0562047 1.57113 0.00475734 0.00219765 0.000207391
91.1756 7.071 0.0577205 1.57117 0.00515922 0.00221264 0.000203732
91.196 7.07076 0.0592112 1.5712 0.00556039 0.00223089 0.000200084
91.2156 7.07052 0.0606755 1.57124 0.00593096 0.00236144 0.000194921
91.2356 7.07029 0.0621119 1.57127 0.00629818 0.00222355 0.000187872
91.2561 7.07008 0.0635185 1.57131 0.00672049 0.00227566 0.000188242
91.2762 7.06988 0.0648929 1.57135 0.00738262 0.002333 0.00019022
91.2968 7.06969 0.0662326 1.57138 0.00824878 0.00231584 0.000191259
91.3168 7.06952 0.0675358 1.5714 0.00911058 0.0022991 0.000192663
91.3364 7.06936 0.0687994 1.57142 0.0099277 0.00229245 0.000196405
91.3567 7.06921 0.0700203 1.57142 0.0107093 0.00228159 0.000199818
91.3767 7.06908 0.0711959 1.57141 0.0114021 0.00228404 0.000202782
91.3974 7.06896 0.0723236 1.57139 0.01202 0.00229334 0.000205765
91.4171 7.06885 0.0734013 1.57136 0.0125324 0.00228747 0.000209166
91.4373 7.06876 0.0744271 1.57133 0.0129455 0.0022907 0.000213184
91.4633 7.06868 0.0753992 1.57129 0.0133195 0.00230758 0.000217123
91.4791 7.06861 0.0763165 1.57124 0.0136278 0.00239203 0.000221472
91.5015 7.06855 0.0771779 1.57119 0.0138741 0.00225777 0.000221231
91.5188 7.06851 0.0779824 1.57114 0.0140809 0.00236389 0.000225039
91.5393 7.06847 0.0787296 1.57109 0.0142119 0.00228093 0.000228441
91.5634 7.06844 0.0794201 1.57104 0.0141243 0.00207377 0.000231754
91.5806 7.0683 0.0800541 1.57096 0.013929 -0.00390033 0.000153219
91.6015 7.06877 0.0806306 1.571 0.0136674 -0.000298372 0.000188135
91.6208 7.06975 0.081146 1.57131 0.0137579 0.00303141 0.000200752
91.6405 7.07121 0.0816017 1.57179 0.0141354 0.00135688 0.000138448
91.6613 7.07312 0.0819992 1.57239 0.0144717 -0.000580589 8.30891e-05
91.6804 7.07549 0.0823386 1.57303 0.0147273 -0.000783223 5.50344e-05
91.7028 7.07829 0.0826195 1.57365 0.0149839 -0.000582432 3.36492e-05
91.7208 7.08148 0.0828415 1.57422 0.0152401 -0.000938978 8.00086e-06
91.7408 7.08505 0.0830044 1.57474 0.015428 -0.00126516 -1.16333e-05
91.7622 7.08896 0.0831078 1.57518 0.0155301 -0.0014011 -2.15055e-05
91.7809 7.0932 0.0831514 1.57556 0.0155697 -0.0014126 -2.23254e-05
91.802 7.09775 0.0831354 1.57588 0.0155264 -0.00117061 -1.27586e-05
91.8214 7.10257 0.0830599 1.57613 0.0154178 -0.00107681 2.85878e-06
91.8415 7.10767 0.0829255 1.57633 0.0152502 -0.000956395 1.51806e-05
91.8636 7.11301 0.082733 1.57648 0.0150202 -0.000673148 3.2671e-05
91.8829 7.11859 0.0824833 1.57658 0.0147424 -0.000377964 5.60703e-05
91.9045 7.12438 0.0821775 1.57663 0.0144386 -0.000101655 7.93802e-05
91.9226 7.13037 0.0818169 1.57665 0.0141085 0.000196089 0.000106115
91.9434 7.13654 0.0814029 1.57664 0.0137556 0.000599083 0.00013607
91.9636 7.14288 0.0809369 1.5766 0.0133724 0.00106514 0.000169323
91.9834 7.14937 0.0804207 1.57652 0.0129756 0.00123285 0.00019936
92.0044 7.156 0.0798557 1.57642 0.0125791 0.0017406 0.000229076
92.0235 7.16275 0.0792437 1.5763 0.0121675 0.00207358 0.000258321
92.0442 7.16959 0.0785863 1.57616 0.011754 0.00242236 0.000288693
92.0643 7.17652 0.0778854 1.576 0.0113415 0.0026638 0.000317536
92.085 7.18352 0.0771426 1.57583 0.0109235 0.00302122 0.000346384
92.1054 7.19058 0.0763597 1.57563 0.0105009 0.00339146 0.000373308
92.1244 7.19767 0.0755385 1.57542 0.0100686 0.00368428 0.000399772
92.1448 7.20478 0.0746806 1.5752 0.00964305 0.00398551 0.000430797
92.1685 7.21188 0.0737879 1.57496 0.00923179 0.00430198 0.000459399
92.1851 7.21897 0.072862 1.57472 0.00881969 0.00437359 0.000483505
92.2057 7.22603 0.0719047 1.57447 0.0084084 0.00505452 0.000510498
92.2253 7.233 0.0709175 1.57421 0.00801214 0.00475962 0.000529403
92.2464 7.23991 0.0699023 1.57397 0.00757976 0.00523094 0.000553533
92.2668 7.24669 0.0688606 1.57373 0.00715624 0.00574145 0.000578928
92.2855 7.25335 0.0677942 1.57349 0.00672613 0.00572857 0.000599151
92.3059 7.25988 0.066705 1.57325 0.00629795 0.00636105 0.000620114
92.3262 7.26623 0.0655945 1.57301 0.00588028 0.00648489 0.000637503
92.3464 7.27239 0.0644645 1.57277 0.00546375 0.00633208 0.000650304
92.3694 7.27839 0.0633169 1.57254 0.00500705 0.00693367 0.000665921
92.3863 7.28418 0.0621531 1.57232 0.00458926 0.00699362 0.000680174
92.4079 7.28975 0.0609749 1.57209 0.00418724 0.00703324 0.000694419
92.4266 7.2951 0.0597841 1.57187 0.00376757 0.00727952 0.000706651
92.4468 7.3002 0.0585822 1.57164 0.00336925 0.00733084 0.000712631
92.4689 7.30505 0.0573708 1.57142 0.00297761 0.00750438 0.000720125
92.4873 7.3096 0.0561515 1.57118 0.00259102 0.00721127 0.000724279
92.5091 7.31389 0.0549257 1.57096 0.00222834 0.00763361 0.000725371
92.5277 7.31787 0.053695 1.57073 0.00185865 0.00743505 0.00072559
92.5484 7.32158 0.0524609 1.57052 0.00148477 0.00719184 0.000724577
92.57 7.32501 0.0512243 1.57031 0.00118426 0.00729496 0.000724406
92.5886 7.32818 0.0499869 1.57011 0.000888605 0.00710224 0.000725672
92.6096 7.33112 0.0487503 1.5699 0.000569377 0.00415314 0.000714249
92.6293 7.33409 0.0475135 1.56987 0.000555195 0.00820302 0.000709816
92.6495 7.33697 0.0462781 1.56998 0.00061509 0.00800127 0.000703023
92.6697 7.33978 0.0450443 1.57017 0.000655212 0.00621822 0.000692337
92.6899 7.34253 0.0438122 1.5704 0.000653525 0.00550036 0.000679901
92.7124 7.3452 0.0425814 1.57061 0.000656824 0.00530084 0.000667293
92.7316 7.3478 0.041352 1.57079 0.000651876 0.0048469 0.000653557
92.7526 7.35031 0.0401243 1.57092 0.000612468 0.00429517 0.000637369
92.7765 7.35275 0.0388983 1.57099 0.000523818 0.00387475 0.000617488
92.7959 7.35511 0.0376744 1.57102 0.000402714 0.00351389 0.000598726
92.825 7.35738 0.036453 1.57101 0.000251425 0.00323075 0.000578511
92.8478 7.35957 0.0352347 1.57095 7.35656e-05 0.00300151 0.000558098
93.0221 7.36167 0.0340201 1.57086 -0.000118496 0.00280215 0.000533008
93.0447 7.36369 0.03281 1.57074 -0.000330133 0.00267595 0.000509175
93.0634 7.36563 0.031605 1.5706 -0.000549532 0.00257428 0.000488455
93.0836 7.36747 0.0304062 1.57043 -0.000789079 0.00249504 0.000463287
93.1029 7.36924 0.0292142 1.57025 -0.00103009 0.00244365 0.000439842
93.1231 7.37092 0.02803 1.57005 -0.00124486 0.00240002 0.00041109
93.1456 7.37251 0.0268546 1.56984 -0.00147749 0.00229596 0.000386837
93.1636 7.37402 0.0256887 1.56963 -0.00172596 0.00231791 0.000359064
93.1849 7.37546 0.0245334 1.56941 -0.00196213 0.00230514 0.000330756
93.2042 7.37682 0.0233894 1.56918 -0.00220741 0.00225344 0.000304786
93.2243 7.3781 0.0222577 1.56895 -0.00244695 0.00222166 0.000279397
93.2445 7.3793 0.0211391 1.56872 -0.00265981 0.00220007 0.000255459
93.2645 7.38043 0.0200345 1.56849 -0.0028652 0.00216996 0.000231405
93.2856 7.38148 0.0189444 1.56825 -0.00304778 0.00213494 0.000207081
93.3048 7.38245 0.0178697 1.56801 -0.00320624 0.00210978 0.000181832
93.3245 7.38334 0.0168109 1.56777 -0.00336399 0.00208799 0.000157523
93.3459 7.38416 0.0157686 1.56752 -0.00350438 0.00197742 0.000133996
93.3652 7.38492 0.0147435 1.56727 -0.00364796 0.0020221 0.000109847
93.3862 7.3856 0.013736 1.56703 -0.00380712 0.00199965 8.56487e-05
93.4053 7.38621 0.0127467 1.5668 -0.00396408 0.00195893 6.20458e-05
93.4255 7.38676 0.0117761 1.56656 -0.0041279 0.00195685 3.81099e-05
93.4489 7.38724 0.0108247 1.56632 -0.00427144 0.00197315 1.79217e-05
93.4664 7.38765 0.00989298 1.56609 -0.00439758 0.00190356 -1.84719e-06
93.4866 7.38799 0.00898149 1.56586 -0.00451859 0.00192483 -2.22117e-05
93.5063 7.38828 0.00809062 1.56564 -0.00463237 0.00197504 -4.21936e-05
93.5266 7.38851 0.00722077 1.56542 -0.00474254 0.00196518 -6.19599e-05
93.547 7.38867 0.00637233 1.56521 -0.00485322 0.00193995 -8.26121e-05
93.5669 7.38878 0.00554561 1.565 -0.00496163 0.00192278 -9.668e-05
93.5875 7.38883 0.00474101 1.5648 -0.00506828 0.00188872 -0.000111966
93.6072 7.38882 0.00395889 1.5646 -0.00517498 0.00184979 -0.000130279
93.6272 7.38875 0.00319958 1.5644 -0.00528127 0.00182674 -0.000148295
93.6484 7.38862 0.00246347 1.56421 -0.00539282 0.00178741 -0.000165995
93.6678 7.38843 0.00175092 1.56402 -0.00551164 0.00174422 -0.000183571
93.6892 7.38818 0.00106226 1.56384 -0.00562849 0.00170673 -0.000197587
93.7078 7.38787 0.000397884 1.56366 -0.00574646 0.00165259 -0.000209867
93.7278 7.38751 -0.000241767 1.56348 -0.00586824 0.00160618 -0.000224904
93.7483 7.38709 -0.000856333 1.56331 -0.00599256 0.00150297 -0.00023768
93.7689 7.38661 -0.00144548 1.56315 -0.00610209 0.00152802 -0.000250958
93.7891 7.38609 -0.0020089 1.56299 -0.00618856 0.00147317 -0.000263234
93.8089 7.38551 -0.00254637 1.56284 -0.00624794 0.00140269 -0.000276965
93.8294 7.38489 -0.00305769 1.5627 -0.0062882 0.00134671 -0.00029129
93.8495 7.38421 -0.00354262 1.56257 -0.00633901 0.00128476 -0.000303042
93.8692 7.38348 -0.00400112 1.56245 -0.00639016 0.0012313 -0.000315057
93.8899 7.3827 -0.00443322 1.56233 -0.00641491 0.00115101 -0.000326036
93.9097 7.38187 -0.00483878 1.56222 -0.00643376 0.00119369 -0.000337736
93.9295 7.38101 -0.0052179 1.56212 -0.00643437 0.00120073 -0.000347163
93.9524 7.3801 -0.00557065 1.56203 -0.00641429 0.00118479 -0.00035766
93.9701 7.37914 -0.0058973 1.56194 -0.0063628 0.0010935 -0.000366297
93.9915 7.37815 -0.00619792 1.56187 -0.00630759 0.00121348 -0.000377897
94.0102 7.37713 -0.00647275 1.5618 -0.00626324 0.00127231 -0.00038664
94.0308 7.37607 -0.00672218 1.56175 -0.00620732 0.00127602 -0.000393834
94.0523 7.37498 -0.00694664 1.5617 -0.00612314 0.00123909 -0.000398353
94.0732 7.37386 -0.00714636 1.56166 -0.00603551 0.00128856 -0.000406175
94.0932 7.37272 -0.00732168 1.56162 -0.00596122 0.00133848 -0.000413716
94.1144 7.37155 -0.00747307 1.56159 -0.00588452 0.00137554 -0.000421511
94.1351 7.37035 -0.00760105 1.56157 -0.00578046 0.00131618 -0.000430458
94.154 7.36914 -0.00770604 1.56156 -0.00566045 0.00149176 -0.000437993
94.174 7.36791 -0.00778849 1.56156 -0.00554037 0.00156598 -0.000444839
94.195 7.36666 -0.00784893 1.56156 -0.0054234 0.00156908 -0.000449977
94.2141 7.3654 -0.00788797 1.56157 -0.00529902 0.00154659 -0.000453183
94.2342 7.36412 -0.00790608 1.56158 -0.00517786 0.00159031 -0.000459032
94.2545 7.36284 -0.00790377 1.5616 -0.00506792 0.00163573 -0.000464669
94.2742 7.36154 -0.00788162 1.56163 -0.00495758 0.00165183 -0.000467478
94.2965 7.36024 -0.00784016 1.56166 -0.00483722 0.00167618 -0.00047196
94.3149 7.35893 -0.00777987 1.56169 -0.00472162 0.00169488 -0.000474997
94.335 7.35761 -0.00770121 1.56173 -0.00461419 0.00169976 -0.000479657
94.3547 7.3563 -0.00760473 1.56177 -0.00450813 0.00173135 -0.000482147
94.3748 7.35498 -0.00749088 1.56181 -0.00440528 0.00175715 -0.000485048
94.3964 7.35366 -0.00736023 1.56186 -0.00428537 0.00177634 -0.000489365
94.415 7.35235 -0.00721321 1.56191 -0.00416555 0.00180564 -0.000494345
94.4352 7.35103 -0.00705032 1.56197 -0.00405788 0.00180138 -0.000494012
94.4586 7.34972 -0.00687201 1.56203 -0.00395791 0.00181867 -0.0004933
94.4757 7.34842 -0.00667878 1.56209 -0.00385962 0.00185226 -0.000491496
94.4987 7.34712 -0.0064711 1.56216 -0.00374873 0.00186565 -0.000494127
94.5161 7.34583 -0.0062495 1.56223 -0.00362225 0.0018799 -0.000497094
94.5362 7.34455 -0.00601436 1.5623 -0.00350825 0.00189241 -0.000499145
94.5568 7.34329 -0.00576655 1.56238 -0.00335193 0.00169396 -0.000500116
94.5768 7.34209 -0.00550723 1.56245 -0.00306781 0.00172476 -0.00050172
94.5976 7.34095 -0.00523785 1.56254 -0.00260514 0.00163963 -0.000504494
94.6173 7.33986 -0.00495968 1.56261 -0.0020636 0.00166205 -0.00050794
94.6372 7.33881 -0.00467413 1.56269 -0.00156895 0.00158451 -0.000509644
94.6577 7.33781 -0.00438315 1.56276 -0.00111978 0.00158081 -0.000512768
94.6782 7.33686 -0.00408871 1.56283 -0.000684698 0.00162779 -0.000513863
94.6983 7.33595 -0.00379216 1.56288 -0.000324967 0.00167739 -0.000512906
94.7184 7.33508 -0.00349504 1.56294 -1.49483e-05 0.00172869 -0.000513333
94.7382 7.33426 -0.00319866 1.56298 0.000259988 0.00178838 -0.000514197
94.7597 7.33348 -0.00290398 1.56302 0.000484802 0.00186628 -0.00051492
94.7785 7.33275 -0.00261205 1.56305 0.00068336 0.00193448 -0.00051391
94.8003 7.33207 -0.00232352 1.56308 0.000840487 0.00196173 -0.000512256
94.8189 7.33142 -0.00203903 1.56311 0.000962548 0.0019744 -0.000511108
94.8393 7.33083 -0.00175941 1.56313 0.0011101 0.00207342 -0.00051038
94.8601 7.33029 -0.00148511 1.56316 0.00126276 0.00207843 -0.000510001
94.8797 7.32979 -0.00121663 1.56318 0.00140754 0.00200673 -0.000507579
94.9018 7.32933 -0.000954503 1.56322 0.00154217 0.00205057 -0.000505991
94.9203 7.32892 -0.000699145 1.56325 0.0016522 0.00213273 -0.000504596
94.9401 7.32856 -0.000451039 1.56328 0.00174931 0.00218071 -0.000501903
94.9628 7.32824 -0.00021056 1.56332 0.0018384 0.00221629 -0.000498971
94.9814 7.32796 2.19796e-05 1.56334 0.00192076 0.00226392 -0.000498887
95.002 7.32774 0.000246197 1.56337 0.00200805 0.00229674 -0.000498921
95.0212 7.32755 0.000461878 1.56339 0.00208347 0.00232398 -0.000498222
95.0415 7.32741 0.000668759 1.5634 0.00214839 0.0023443 -0.000498807
95.0642 7.32732 0.00086641 1.56342 0.00223345 0.00236152 -0.00049813
95.083 7.32727 0.00105461 1.56343 0.00232326 0.00239068 -0.000494044
95.1057 7.32726 0.0012332 1.56343 0.00239671 0.00247532 -0.000492642
95.1232 7.3273 0.00140187 1.56344 0.00246031 0.00244937 -0.000491353
95.144 7.32737 0.00156039 1.56344 0.00251532 0.00243265 -0.000490767
95.1644 7.32748 0.00170856 1.56345 0.00256617 0.00247491 -0.000491352
95.1837 7.32762 0.00184628 1.56345 0.00260113 0.00251062 -0.000491763
95.2055 7.3278 0.00197335 1.56346 0.00263668 0.0025425 -0.00049201
95.2239 7.32802 0.00208954 1.56347 0.00269199 0.0025826 -0.00049219
95.2437 7.32828 0.00219476 1.56347 0.0027559 0.00261659 -0.000494063
95.2666 7.32857 0.00228886 1.56347 0.00281394 0.00262691 -0.000495642
95.2849 7.3289 0.00237154 1.56347 0.002883 0.00263689 -0.00049441
95.3053 7.32926 0.00244271 1.56347 0.00294439 0.00265382 -0.000494558
95.3244 7.32966 0.00250226 1.56347 0.00297768 0.0027128 -0.000494471
95.3447 7.33009 0.00254998 1.56347 0.00300712 0.00269239 -0.000494151
95.3662 7.33055 0.0025858 1.56347 0.00302595 0.00272826 -0.000493404
95.385 7.33104 0.00260971 1.56346 0.00303511 0.00278418 -0.00049373
95.4055 7.33155 0.00262177 1.56346 0.00302434 0.00281835 -0.000494011
95.4248 7.3321 0.0026219 1.56346 0.00302014 0.0028596 -0.000496237
95.4468 7.33267 0.00261015 1.56346 0.00302492 0.00290909 -0.000498651
95.4667 7.33327 0.00258665 1.56346 0.00301643 0.00294024 -0.000501099
95.4853 7.3339 0.0025514 1.56345 0.00300897 0.00297029 -0.000502227
95.5077 7.33457 0.00250439 1.56345 0.00301386 0.00310544 -0.000503086
95.526 7.33525 0.00244575 1.56345 0.00301456 0.00307961 -0.000505007
95.5458 7.33596 0.00237537 1.56345 0.00303118 0.00304582 -0.000506303
95.5667 7.33668 0.00229326 1.56345 0.00305846 0.0030774 -0.000506263
95.5858 7.33743 0.00219948 1.56345 0.00307857 0.00310318 -0.000508052
95.6073 7.3382 0.00209397 1.56345 0.00309248 0.0031147 -0.00050931
95.6261 7.339 0.0019767 1.56345 0.00310308 0.00312934 -0.000510098
95.6465 7.33981 0.00184767 1.56345 0.00311306 0.0031534 -0.0005113
95.6672 7.34065 0.00170689 1.56344 0.00311964 0.00318419 -0.000514179
95.687 7.3415 0.00155438 1.56343 0.00311831 0.00320592 -0.000515962
95.7078 7.34238 0.00139023 1.56342 0.00310573 0.003208 -0.000519196
95.7273 7.34328 0.0012144 1.56341 0.00310128 0.00329482 -0.000522782
95.7479 7.34419 0.00102689 1.5634 0.00311014 0.00324656 -0.00052736
95.7693 7.34512 0.000827776 1.56339 0.00312164 0.00324561 -0.000530003
95.7877 7.34606 0.000617081 1.56338 0.00312996 0.00326651 -0.00053128
95.8081 7.34701 0.000394869 1.56337 0.00312858 0.00326194 -0.000533769
95.8279 7.34798 0.000161096 1.56337 0.00313097 0.00325804 -0.000535992
95.8481 7.34896 -8.49981e-05 1.56336 0.00326486 0.00325683 -0.000537586
95.8698 7.34995 -0.000344007 1.56335 0.00354819 0.00324334 -0.000540595
95.8884 7.35096 -0.000616329 1.56335 0.00386718 0.00321587 -0.00054367
95.9099 7.35198 -0.000902895 1.56335 0.00417529 0.00324029 -0.000545472
95.9288 7.353 -0.00120478 1.56335 0.00446104 0.00317691 -0.000548192
95.9487 7.35403 -0.00152279 1.56335 0.00468187 0.00315131 -0.000551816
95.9733 7.35507 -0.00185783 1.56335 0.00485416 0.00315793 -0.000554969
95.9908 7.35611 -0.00221056 1.56335 0.00498192 0.00316907 -0.000557763
96.0126 7.35715 -0.0025814 1.56335 0.0050659 0.00317741 -0.000560492
96.0308 7.3582 -0.00297066 1.56335 0.00511088 0.00317943 -0.000563244
96.0521 7.35926 -0.00337845 1.56335 0.00511584 0.00317462 -0.000566038
96.0721 7.36032 -0.00380471 1.56335 0.00507972 0.00322009 -0.000566859
96.0927 7.36138 -0.00424933 1.56335 0.00501943 0.00318311 -0.000568234
96.1134 7.36243 -0.00471207 1.56335 0.00494366 0.00313945 -0.000570553
96.1324 7.36348 -0.00519256 1.56335 0.00485058 0.00311393 -0.00057315
96.1529 7.36453 -0.00569028 1.56335 0.0047241 0.00309721 -0.0005759
96.1752 7.36558 -0.00620474 1.56335 0.00457579 0.0030789 -0.000579059
96.1925 7.36662 -0.00673545 1.56335 0.00443008 0.00306079 -0.000581828
96.2133 7.36766 -0.00728174 1.56334 0.00427994 0.00304715 -0.000585117
96.2327 7.3687 -0.00784309 1.56333 0.00414228 0.00302038 -0.000584977
96.2524 7.36973 -0.0084189 1.56333 0.00401462 0.00311877 -0.000586026
96.2736 7.37076 -0.00900857 1.56332 0.00389111 0.00301713 -0.000589824
96.2929 7.37177 -0.00961169 1.56332 0.00378565 0.00296389 -0.000592835
96.3132 7.37277 -0.0102278 1.56332 0.00369606 0.00297737 -0.000594913
96.3334 7.37376 -0.0108565 1.56333 0.00363527 0.00297757 -0.000597819
96.3534 7.37474 -0.0114974 1.56333 0.00356858 0.00297591 -0.000600739
96.3747 7.37571 -0.0121501 1.56334 0.00348187 0.00297828 -0.000601738
96.3935 7.37667 -0.0128143 1.56334 0.00339289 0.00296162 -0.000601805
96.4146 7.37761 -0.0134896 1.56335 0.00328553 0.00294085 -0.000602396
96.4335 7.37855 -0.0141755 1.56335 0.00317962 0.00292316 -0.00060102
96.4542 7.37947 -0.0148717 1.56335 0.00309045 0.00290219 -0.000601734
96.474 7.38038 -0.0155776 1.56335 0.00298343 0.0028859 -0.000601726
96.4943 7.38129 -0.0162931 1.56335 0.0028965 0.0028544 -0.000602443
96.5161 7.38218 -0.0170176 1.56335 0.00282141 0.00286082 -0.00060377
96.5349 7.38305 -0.0177509 1.56335 0.00275511 0.00283709 -0.000605026
96.5548 7.3839 -0.0184927 1.56336 0.00270266 0.00284663 -0.000603796
96.5755 7.38473 -0.0192428 1.56336 0.00267152 0.00284418 -0.000604676
96.5945 7.38555 -0.0200009 1.56336 0.00263936 0.00283997 -0.000606652
96.6159 7.38634 -0.0207668 1.56337 0.0025894 0.00284938 -0.000607797
96.6355 7.38712 -0.0215404 1.56338 0.00254589 0.00283819 -0.000610022
96.6554 7.38787 -0.0223214 1.56338 0.00249693 0.00282122 -0.00061248
96.6762 7.38861 -0.0231096 1.56339 0.00242835 0.00281532 -0.000614268
96.6962 7.38933 -0.0239047 1.5634 0.00236152 0.00279226 -0.000617557
96.7173 7.39003 -0.0247065 1.56341 0.00230068 0.00274904 -0.000621309
96.7362 7.39072 -0.0255145 1.56341 0.00221828 0.00271841 -0.000624413
96.7566 7.39138 -0.0263286 1.56342 0.00212909 0.00268195 -0.000626701
96.7779 7.39203 -0.0271485 1.56343 0.00205659 0.00263059 -0.000628079
96.7965 7.39265 -0.0279738 1.56344 0.00197739 0.00260435 -0.000630119
96.819 7.39326 -0.0288041 1.56345 0.00188984 0.00258417 -0.000630837
96.8374 7.39384 -0.0296392 1.56346 0.00182362 0.00254337 -0.000630134
96.8578 7.39441 -0.0304795 1.56347 0.00188031 0.00252741 -0.000630587
96.8787 7.39496 -0.0313262 1.56349 0.00223497 0.00252816 -0.000631065
96.8975 7.39549 -0.0321802 1.56351 0.00278548 0.00252901 -0.000632085
96.9201 7.396 -0.0330427 1.56354 0.00339763 0.00253777 -0.000632898
96.9375 7.39649 -0.0339156 1.56356 0.00396701 0.00253371 -0.000632206
96.9575 7.39697 -0.034801 1.56359 0.00448997 0.00252291 -0.000633107
96.9794 7.39742 -0.0357007 1.56362 0.00495392 0.00251316 -0.000634516
96.9986 7.39786 -0.0366163 1.56364 0.00530457 0.00249353 -0.000636129
97.0197 7.39827 -0.0375493 1.56366 0.00558534 0.00247754 -0.000638574
97.0387 7.39867 -0.0385007 1.56369 0.00580157 0.00246794 -0.000638789
97.0592 7.39905 -0.0394713 1.56371 0.00593167 0.00244404 -0.000637025
97.0813 7.39941 -0.0404617 1.56373 0.00600288 0.00242972 -0.000638647
97.0992 7.39975 -0.041472 1.56375 0.00602593 0.00243161 -0.000639406
97.1206 7.40007 -0.0425024 1.56377 0.00599289 0.00243664 -0.000641791
97.1396 7.40037 -0.0435525 1.56379 0.0059091 0.00245125 -0.000645174
97.1602 7.40066 -0.0446221 1.56381 0.0057877 0.00248973 -0.000648038
97.1803 7.40092 -0.0457107 1.56382 0.00562312 0.00254056 -0.000642399
97.2003 7.40117 -0.0468177 1.56384 0.00544404 0.0025673 -0.000643791
97.2212 7.4014 -0.0479423 1.56386 0.00525324 0.00258896 -0.000647311
97.2407 7.40161 -0.0490837 1.56388 0.00503964 0.00262086 -0.000647846
97.2609 7.4018 -0.0502412 1.5639 0.00483675 0.00262796 -0.000649454
97.2822 7.40198 -0.0514139 1.56392 0.00463721 0.00261986 -0.000652824
97.3013 7.40214 -0.0526008 1.56394 0.00441846 0.00262187 -0.00065514
97.3225 7.40228 -0.0538012 1.56396 0.00420946 0.00260241 -0.000657938
97.3424 7.4024 -0.0550143 1.56398 0.00401881 0.00255293 -0.000659423
97.3628 7.40251 -0.0562393 1.564 0.00383309 0.00252197 -0.000656361
97.3838 7.40259 -0.0574754 1.56402 0.00367164 0.00248429 -0.000657724
97.4027 7.40266 -0.058722 1.56404 0.00352127 0.00243753 -0.000658974
97.4243 7.40272 -0.0599783 1.56406 0.00336966 0.00241448 -0.000658703
97.4431 7.40275 -0.0612438 1.56409 0.00323756 0.00238143 -0.000657983
97.4636 7.40276 -0.062518 1.56411 0.00312293 0.00235079 -0.000657546
97.4838 7.40276 -0.0638004 1.56413 0.00301583 0.00235737 -0.000659363
97.5037 7.40274 -0.0650905 1.56415 0.00292618 0.00228919 -0.000661053
97.5268 7.40272 -0.066388 1.56417 0.00285684 0.00241404 -0.000662086
97.5438 7.40267 -0.0676925 1.5642 0.00278293 0.00226229 -0.000664484
97.564 7.40261 -0.0690037 1.56424 0.00270405 0.00228055 -0.000667031
97.5848 7.40255 -0.0703214 1.56428 0.00265031 0.0023984 -0.000665879
97.6042 7.40247 -0.0716453 1.56432 0.00261503 0.00228174 -0.000667519
97.6255 7.40238 -0.0729751 1.56436 0.00256663 0.00231397 -0.000669591
97.645 7.40228 -0.0743106 1.56441 0.0025216 0.00236317 -0.000672016
97.6646 7.40216 -0.0756518 1.56446 0.00248412 0.00236233 -0.000673133
97.6853 7.40204 -0.0769983 1.5645 0.00243987 0.00235171 -0.000674467
97.7053 7.40191 -0.07835 1.56455 0.00238253 0.002342 -0.000674218
97.7269 7.40177 -0.0797066 1.56459 0.00232129 0.00232753 -0.000672697
97.7454 7.40162 -0.0810678 1.56463 0.0022527 0.002312 -0.000671966
97.7656 7.40146 -0.0824335 1.56467 0.00218096 0.00229326 -0.000669989
97.7857 7.40129 -0.0838033 1.56471 0.00210675 0.00229406 -0.000668517
97.8056 7.40111 -0.0851768 1.56475 0.00203071 0.00229596 -0.000667869
97.8267 7.40092 -0.0865539 1.56478 0.00195002 0.00228727 -0.000664809
97.846 7.40072 -0.0879341 1.56481 0.0018699 0.00227756 -0.000664844
97.8661 7.40051 -0.0893183 1.56485 0.00197873 0.00227318 -0.000665719
97.8872 7.40029 -0.090709 1.56489 0.00260122 0.00226917 -0.000665269
97.9062 7.40006 -0.0921072 1.56493 0.00352792 0.00226644 -0.00066571
97.9271 7.39982 -0.0935151 1.56498 0.00451009 0.0022725 -0.000668353
97.9464 7.39957 -0.094936 1.56503 0.00545582 0.00228802 -0.000672034
97.9664 7.39931 -0.0963732 1.56507 0.00630238 0.00231468 -0.000671053
97.9908 7.39904 -0.0978298 1.5651 0.00703085 0.0023301 -0.000671392
98.0067 7.39876 -0.0993084 1.56514 0.00762445 0.00232928 -0.000666012
98.0277 7.39847 -0.100811 1.56517 0.00806434 0.00233818 -0.000663194
98.047 7.39817 -0.10234 1.56519 0.00839633 0.00226535 -0.000663632
98.0672 7.39788 -0.103896 1.56522 0.0086184 0.00232656 -0.000663186
98.089 7.39758 -0.10548 1.56525 0.00871892 0.00243 -0.000664461
98.1074 7.39727 -0.107093 1.56528 0.008744 0.00231134 -0.000669555
98.1281 7.39696 -0.108735 1.56532 0.00869819 0.00236563 -0.000671833
98.1479 7.39665 -0.110404 1.56536 0.00858412 0.00239697 -0.000671735
98.1679 7.39634 -0.112102 1.5654 0.00842058 0.00239072 -0.000674145
98.1906 7.39603 -0.113827 1.56543 0.00822677 0.00237724 -0.000674893
98.2086 7.39571 -0.115579 1.56547 0.00800882 0.0023716 -0.0006768
98.2303 7.3954 -0.117356 1.56551 0.00776807 0.00236954 -0.000678008
98.249 7.39508 -0.119158 1.56555 0.00752391 0.0023703 -0.000681178
98.2693 7.39476 -0.120983 1.56558 0.00727176 0.00238005 -0.00067836
98.2924 7.39444 -0.122831 1.56561 0.0070281 0.00238684 -0.000678075
98.3112 7.39412 -0.1247 1.56564 0.00679615 0.0023791 -0.000674984
98.3311 7.3938 -0.12659 1.56566 0.00657209 0.00238527 -0.000674419
98.3513 7.39348 -0.1285 1.56569 0.00635561 0.00239986 -0.000672206
98.3712 7.39315 -0.130428 1.56571 0.00615486 0.002407 -0.000669715
98.3927 7.39283 -0.132375 1.56572 0.00595646 0.00241324 -0.000668336
98.4118 7.3925 -0.134338 1.56574 0.00577088 0.00242487 -0.000667782
98.4338 7.39218 -0.136318 1.56575 0.00564435 0.00243085 -0.000664974
98.4518 7.39185 -0.138314 1.56576 0.00557266 0.00243878 -0.00066457
98.4723 7.39152 -0.140326 1.56577 0.00550498 0.00244752 -0.00066199
98.4925 7.39119 -0.142352 1.56578 0.00544988 0.00245323 -0.000659493
98.5122 7.39085 -0.144394 1.56579 0.0053999 0.00237961 -0.000660844
98.5332 7.39053 -0.14645 1.5658 0.0053504 0.00248591 -0.000658251
98.5526 7.3902 -0.14852 1.56582 0.00532146 0.00240675 -0.000658945
98.5727 7.38988 -0.150605 1.56584 0.00528749 0.00242026 -0.000657073
98.5938 7.38956 -0.152704 1.56586 0.00524722 0.00243781 -0.000653865
98.6128 7.38925 -0.154816 1.56588 0.00520932 0.00242365 -0.000655037
98.6341 7.38894 -0.156942 1.56591 0.00515824 0.00248999 -0.000649501
98.6532 7.38864 -0.159081 1.56594 0.0050899 0.00260202 -0.000646768
98.6733 7.38834 -0.161233 1.56597 0.00500569 0.00246114 -0.000647931
98.6943 7.38805 -0.163398 1.566 0.00490438 0.00246835 -0.00064927
98.7143 7.38777 -0.165575 1.56604 0.00479964 0.00252913 -0.000650892
98.738 7.38749 -0.167763 1.56607 0.00469463 0.00253374 -0.000652879
98.7551 7.38722 -0.169963 1.5661 0.00457767 0.00251954 -0.000653088
98.7753 7.38695 -0.172174 1.56613 0.00445653 0.00252123 -0.000651473
98.7958 7.3867 -0.174395 1.56616 0.00433781 0.00251563 -0.000649903
98.8165 7.38645 -0.176625 1.56618 0.00421553 0.00250506 -0.000648038
98.8397 7.3862 -0.178866 1.5662 0.00408758 0.00250462 -0.000649468
98.8566 7.38596 -0.181114 1.56622 0.00396662 0.00250879 -0.000647442
98.8775 7.38573 -0.183372 1.56624 0.00394014 0.00250394 -0.000648753
98.9013 7.38551 -0.185642 1.56627 0.00455579 0.00249827 -0.000651575
98.925 7.38529 -0.187926 1.56631 0.00576471 0.00249812 -0.000652973
98.9487 7.38508 -0.190226 1.56636 0.00712623 0.00250986 -0.000655627
98.9695 7.38488 -0.192546 1.56641 0.00841922 0.00252192 -0.000659468
98.9887 7.38469 -0.194892 1.56646 0.00962196 0.00252534 -0.000665189
99.0097 7.3845 -0.197267 1.5665 0.0106949 0.00252898 -0.000663713
99.0288 7.38431 -0.199675 1.56654 0.0115714 0.00253766 -0.000663074
99.0484 7.38414 -0.202119 1.56658 0.012258 0.00254287 -0.000659175
99.0678 7.38397 -0.204603 1.56662 0.0127696 0.00255039 -0.000656213
99.0872 7.3838 -0.207128 1.56665 0.0131039 0.00255597 -0.000653268
99.1085 7.38365 -0.209694 1.56668 0.013282 0.00255804 -0.000652677
99.1273 7.3835 -0.212304 1.56671 0.0133268 0.00255662 -0.000656152
99.1478 7.38335 -0.214957 1.56673 0.0132541 0.00255183 -0.000657083
99.1673 7.38322 -0.217652 1.56674 0.0130918 0.00254957 -0.00065595
99.1869 7.38309 -0.22039 1.56675 0.012881 0.00254678 -0.00065702
99.2093 7.38296 -0.223168 1.56677 0.0126235 0.00255087 -0.000656686
99.2269 7.38285 -0.225988 1.56678 0.0123294 0.00255754 -0.00066187
99.2492 7.38274 -0.228846 1.56679 0.0120079 0.00256074 -0.000669299
99.2681 7.38263 -0.231741 1.5668 0.0116612 0.00256024 -0.000676078
99.2881 7.38254 -0.234673 1.56681 0.0112976 0.00256257 -0.000678848
99.3084 7.38245 -0.23764 1.56681 0.0109233 0.00256989 -0.000681902
99.3283 7.38236 -0.24064 1.56682 0.0105425 0.00257899 -0.000679854
99.35 7.38228 -0.243671 1.56682 0.0101696 0.00259032 -0.000676241
99.368 7.38221 -0.246732 1.56683 0.00979813 0.00260129 -0.000675149
99.3874 7.38215 -0.249822 1.56683 0.00943745 0.00260615 -0.000674298
99.4091 7.38209 -0.252939 1.56682 0.00910742 0.0026166 -0.000669632
99.4273 7.38204 -0.256082 1.56682 0.00883524 0.0026291 -0.000667243
99.4486 7.382 -0.25925 1.56681 0.00863244 0.00262476 -0.000664617
99.4675 7.38196 -0.262442 1.56679 0.00845463 0.00261709 -0.000666384
99.4874 7.38193 -0.265656 1.56678 0.00829314 0.00270496 -0.000661942
99.5085 7.3819 -0.268893 1.56677 0.00819794 0.00260877 -0.000659609
99.5278 7.38187 -0.272152 1.56677 0.00812894 0.00259813 -0.000661649
99.5482 7.38186 -0.275432 1.56677 0.00807737 0.00266957 -0.00066248
99.5673 7.38184 -0.278733 1.56677 0.00804751 0.00269613 -0.000662868
99.5875 7.38183 -0.282055 1.56677 0.00800387 0.00265712 -0.000664361
99.6098 7.38183 -0.285398 1.56678 0.00792562 0.00280433 -0.000662101
99.6276 7.38183 -0.288761 1.56679 0.00783645 0.00273579 -0.000665359
99.6497 7.38183 -0.292143 1.5668 0.00772917 0.00270396 -0.000666023
99.6675 7.38184 -0.295545 1.56682 0.00758875 0.00283105 -0.000664192
99.6877 7.38185 -0.298966 1.56684 0.00742176 0.00270499 -0.000664789
99.7081 7.38187 -0.302404 1.56686 0.00723781 0.00280924 -0.000666289
99.7279 7.38189 -0.305859 1.56688 0.00704964 0.00269128 -0.00067021
99.7484 7.38191 -0.309331 1.5669 0.00684669 0.00281793 -0.000674284
99.7683 7.38193 -0.312819 1.56693 0.0066357 0.00270348 -0.000679856
99.7881 7.38197 -0.316321 1.56696 0.00641327 0.0028163 -0.000676664
99.8094 7.38199 -0.319837 1.56698 0.00619523 0.00275196 -0.000676552
99.8284 7.38203 -0.323366 1.56701 0.00596877 0.00274035 -0.000678428
99.8487 7.38207 -0.326906 1.56704 0.00575202 0.00286799 -0.000680722
99.8688 7.38211 -0.330458 1.56706 0.00555231 0.00271938 -0.000686042
99.8885 7.38215 -0.334021 1.56709 0.00536086 0.00279905 -0.000686563
99.9092 7.3822 -0.337596 1.56713 0.00572062 0.00273529 -0.000687998
99.9291 7.38224 -0.341188 1.56718 0.00702009 0.00274133 -0.000685425
99.952 7.38229 -0.344798 1.56723 0.0087415 0.00277355 -0.000687321
99.9694 7.38233 -0.348432 1.5673 0.0104495 0.00263321 -0.000688082
99.9895 7.38238 -0.352094 1.56736 0.0120523 0.00272479 -0.000687209
100.011 7.38243 -0.35579 1.56742 0.0134642 0.00262387 -0.000690448
100.03 7.38248 -0.359526 1.56748 0.0146516 0.00269392 -0.000690627
100.052 7.38254 -0.363306 1.56753 0.0156112 0.00271312 -0.000691496
100.07 7.38259 -0.367133 1.56758 0.0163134 0.00259757 -0.000694159
100.09 7.38265 -0.37101 1.56762 0.0167764 0.00271669 -0.000693397
100.112 7.3827 -0.37494 1.56767 0.0170339 0.00261993 -0.000695417
100.13 7.38276 -0.378922 1.56771 0.017098 0.00274608 -0.000697261
100.152 7.38282 -0.382957 1.56774 0.0170161 0.00279212 -0.000698743
100.171 7.38288 -0.387045 1.56778 0.0168158 0.00275247 -0.000700583
100.191 7.38294 -0.391186 1.56782 0.0165182 0.00280527 -0.000702262
100.212 7.383 -0.395377 1.56785 0.0161218 0.00265753 -0.000705872
100.231 7.38307 -0.399617 1.56788 0.0156722 0.00274478 -0.00070607
100.252 7.38313 -0.403905 1.56791 0.0151939 0.00279278 -0.000702826
100.271 7.3832 -0.408238 1.56794 0.0146698 0.00265518 -0.0007097
100.292 7.38327 -0.412614 1.56797 0.0141406 0.0028029 -0.000709208
100.312 7.38334 -0.417032 1.568 0.0135965 0.00277747 -0.000713967
100.332 7.38341 -0.421488 1.56803 0.0130367 0.00276279 -0.000718568
100.352 7.38348 -0.425981 1.56805 0.0125057 0.00283015 -0.000715717
100.372 7.38355 -0.430509 1.56808 0.011984 0.00278001 -0.000717734
100.393 7.38362 -0.435069 1.5681 0.0114705 0.00265396 -0.000721676
100.413 7.3837 -0.439659 1.56812 0.0109727 0.00282133 -0.000716845
100.433 7.38377 -0.444278 1.56814 0.010492 0.00281462 -0.000715088
100.453 7.38384 -0.448923 1.56816 0.010047 0.00268729 -0.000715432
100.473 7.38392 -0.453592 1.56817 0.00962555 0.00279708 -0.000717848
100.494 7.384 -0.458284 1.56818 0.00923303 0.00279709 -0.000719137
100.513 7.38407 -0.462997 1.56819 0.00887078 0.00268259 -0.000725515
100.534 7.38416 -0.46773 1.56819 0.00849943 0.00280651 -0.000728718
100.554 7.38424 -0.47248 1.56819 0.0081429 0.00279792 -0.0007338
100.573 7.38432 -0.477247 1.56819 0.0078048 0.00271186 -0.000741983
100.593 7.3844 -0.48203 1.56819 0.00745265 0.00282325 -0.00074044
100.618 7.38449 -0.486826 1.56818 0.00712164 0.00278596 -0.000744593
100.634 7.38457 -0.491635 1.56817 0.006811 0.00267642 -0.000748004
100.654 7.38466 -0.496454 1.56816 0.00649242 0.00277943 -0.000751875
100.674 7.38474 -0.501284 1.56815 0.00620132 0.00273575 -0.0007543
100.696 7.38483 -0.506123 1.56813 0.00592639 0.00273406 -0.000756589
100.716 7.38492 -0.510969 1.56812 0.00563237 0.00275136 -0.000757114
100.735 7.38501 -0.515822 1.5681 0.00535809 0.00264787 -0.000760386
100.757 7.3851 -0.52068 1.56807 0.00508326 0.00273999 -0.000759161
100.775 7.3852 -0.525542 1.56805 0.0047998 0.00275284 -0.000757975
100.796 7.38528 -0.530407 1.56802 0.00452195 0.00264326 -0.00076184
100.818 7.38538 -0.535274 1.568 0.0042335 0.00274865 -0.000761453
100.836 7.38548 -0.540142 1.56797 0.00394983 0.00273835 -0.000765204
100.856 7.38557 -0.54501 1.56794 0.00367794 0.00262897 -0.000770814
100.876 7.38567 -0.549876 1.56791 0.00339578 0.0027597 -0.000768048
100.897 7.38576 -0.55474 1.56787 0.00310273 0.00277231 -0.000765083
100.917 7.38586 -0.559602 1.56785 0.00310671 0.00271841 -0.000761938
100.937 7.38595 -0.564468 1.56783 0.00428662 0.00271854 -0.000764324
100.957 7.38605 -0.56934 1.56784 0.00630604 0.00274629 -0.000764346
100.977 7.38614 -0.574223 1.56785 0.00848734 0.00276297 -0.000767835
100.997 7.38623 -0.579122 1.56787 0.0105701 0.00277834 -0.000772886
101.022 7.38632 -0.584046 1.56788 0.0124286 0.00280651 -0.000775096
101.037 7.38641 -0.589001 1.56789 0.014025 0.00283141 -0.000772099
101.058 7.3865 -0.593994 1.56789 0.0152971 0.00285441 -0.000766
101.078 7.38658 -0.599028 1.56788 0.0162262 0.00286986 -0.000760648
101.099 7.38667 -0.604107 1.56786 0.0168519 0.00290215 -0.000760057
101.119 7.38677 -0.609234 1.56784 0.0171885 0.00293674 -0.000759151
101.138 7.38686 -0.614411 1.56781 0.0172851 0.00287996 -0.000760205
101.16 7.38695 -0.619637 1.56779 0.017188 0.00286356 -0.000760087
101.179 7.38704 -0.624913 1.56776 0.0169211 0.00287818 -0.000756089
101.199 7.38713 -0.630237 1.56773 0.0165141 0.00288307 -0.000757965
101.221 7.38721 -0.635608 1.56769 0.016001 0.00288251 -0.000755104
101.241 7.3873 -0.641024 1.56765 0.0154168 0.00288569 -0.000750773
101.261 7.38739 -0.646482 1.56761 0.0147871 0.00289015 -0.000750289
101.281 7.38748 -0.65198 1.56756 0.0141308 0.0028065 -0.000756145
101.301 7.38757 -0.657516 1.56752 0.0134543 0.00293692 -0.00075422
101.322 7.38766 -0.663087 1.56748 0.0127822 0.00286136 -0.000752923
101.341 7.38775 -0.668689 1.56744 0.0120943 0.00282118 -0.000752047
101.363 7.38784 -0.674321 1.5674 0.0114178 0.00282065 -0.000752974
101.382 7.38785 -0.67553 1.56672 0.00923672 0.0026759 -0.000752281
101.402 7.38785 -0.675578 1.5661 0.00778928 0.00273713 -0.000756763
101.423 7.38785 -0.675448 1.56615 0.0101003 0.00281306 -0.000758298
101.442 7.38786 -0.675171 1.56675 0.0157017 0.00272672 -0.000758347
101.464 7.38787 -0.674827 1.56772 0.0230763 0.00266767 -0.00075839
101.483 7.38788 -0.674484 1.56888 0.0308732 0.00262138 -0.000758426
101.503 7.38789 -0.674188 1.5701 0.0379493 0.00258422 -0.000758453
101.524 7.38789 -0.673964 1.57131 0.0434766 0.00257641 -0.000758458
101.543 7.38789 -0.673809 1.57248 0.0472699 0.00256462 -0.000758462
101.564 7.3879 -0.67368 1.57354 0.0504873 0.00256462 -0.000758463
101.583 7.3879 -0.673567 1.57445 0.0532706 0.00256462 -0.000758463
101.603 7.3879 -0.673473 1.5752 0.0555808 0.00256462 -0.000758463
101.626 7.3879 -0.673395 1.5758 0.0573996 0.00256461 -0.000758463
101.644 7.3879 -0.673333 1.57624 0.0587416 0.00256461 -0.000758463
101.805 7.38791 -0.673286 1.57653 0.0596438 0.00256461 -0.000758463
101.825 7.38791 -0.67325 1.5767 0.0601489 0.00256461 -0.000758463
101.846 7.38791 -0.673226 1.57675 0.0603012 0.00256461 -0.000758463
101.866 7.38791 -0.673211 1.57669 0.0601378 0.00256461 -0.000758463
101.886 7.38791 -0.673204 1.57655 0.0596939 0.00256461 -0.000758463
101.906 7.3879 -0.673205 1.57632 0.059002 0.00256461 -0.000758464
101.926 7.3879 -0.673213 1.57602 0.0580874 0.00256461 -0.000758464
101.946 7.3879 -0.673228 1.57566 0.0569688 0.00256461 -0.000758464
101.968 7.3879 -0.673249 1.57523 0.0556732 0.00256461 -0.000758464
101.986 7.3879 -0.673275 1.57476 0.0542463 0.00256461 -0.000758418
102.007 7.3879 -0.673304 1.57427 0.0527489 0.00256461 -0.000756213
102.027 7.3879 -0.673334 1.57378 0.0512467 0.00256461 -0.000750837
102.047 7.38789 -0.673364 1.57331 0.0498057 0.00256462 -0.000742446
102.07 7.38789 -0.673389 1.57287 0.0485157 0.001947 -0.000731136
102.088 7.388 -0.673496 1.57252 0.0449282 0.00286787 -0.000717951
102.109 7.38819 -0.673726 1.57225 0.0380788 0.0029224 -0.0007023
102.128 7.38841 -0.673999 1.57203 0.0305691 0.00230349 -0.000682299
102.149 7.38869 -0.67428 1.57183 0.023303 0.00194439 -0.000659907
102.168 7.38902 -0.674546 1.57163 0.0167689 0.00169772 -0.000635176
102.188 7.38939 -0.674787 1.57143 0.0111098 0.00140963 -0.00060818
102.209 7.38983 -0.675 1.57122 0.00623247 0.00111763 -0.000579203
102.229 7.39032 -0.675166 1.571 0.00250865 0.000997476 -0.000550772
102.249 7.39085 -0.675206 1.57082 0.000612786 0.00110486 -0.00061034
102.269 7.39138 -0.675097 1.57072 0.000337941 0.00133031 -0.000734826
102.289 7.392 -0.674948 1.57066 -0.000155427 0.0019674 -0.000861084
102.31 7.39272 -0.67479 1.57062 -0.000682892 0.00239197 -0.00100425
102.329 7.39353 -0.674628 1.57059 -0.00120943 0.00228175 -0.00112849
102.349 7.39443 -0.674462 1.57058 -0.00164208 0.00217922 -0.00123746
102.372 7.39543 -0.674292 1.57057 -0.00199191 0.00218867 -0.00133767
102.39 7.39653 -0.674114 1.57056 -0.00227125 0.00218849 -0.00142923
102.411 7.39772 -0.673929 1.57055 -0.00247765 0.00216049 -0.0015105
102.43 7.399 -0.673735 1.57053 -0.00260538 0.00213974 -0.00158662
102.451 7.40038 -0.673533 1.57051 -0.00263536 0.00212387 -0.00165229
102.474 7.40186 -0.673322 1.57049 -0.00258158 0.00211266 -0.00170153
102.491 7.40343 -0.673102 1.57047 -0.00244919 0.00209836 -0.00173972
102.512 7.40509 -0.672874 1.57044 -0.00226105 0.00209224 -0.00177165
102.531 7.40684 -0.672638 1.57042 -0.00202453 0.0021031 -0.00180059
102.552 7.40869 -0.672395 1.5704 -0.00174842 0.0021178 -0.0018231
102.575 7.41063 -0.672147 1.57039 -0.00144225 0.00208688 -0.00184015
102.592 7.41266 -0.671894 1.57038 -0.00111239 0.00214374 -0.00185155
102.613 7.4148 -0.671638 1.57037 -0.000774174 0.0022328 -0.00185672
102.632 7.41703 -0.67138 1.57037 -0.000443754 0.00224928 -0.00185221
102.652 7.41936 -0.671121 1.57037 -8.77795e-05 0.002329 -0.00184526
102.673 7.42179 -0.670864 1.57038 0.000248718 0.00242929 -0.0018309
102.693 7.42432 -0.670608 1.5704 0.000567892 0.00248179 -0.00181204
102.713 7.42695 -0.670355 1.57041 0.000872259 0.00253419 -0.00178552
102.733 7.42968 -0.670107 1.57043 0.00115364 0.00260862 -0.00175748
102.753 7.43251 -0.669864 1.57044 0.00141643 0.00266566 -0.00172551
102.775 7.43544 -0.669627 1.57046 0.00166261 0.00264381 -0.00168223
102.794 7.43847 -0.669398 1.57047 0.00187187 0.00278339 -0.00164398
102.815 7.4416 -0.669177 1.57049 0.00207408 0.00274102 -0.00160212
102.834 7.44483 -0.668965 1.57051 0.00225666 0.0029234 -0.00155739
102.855 7.44817 -0.668763 1.57054 0.00239557 0.00285344 -0.00151043
102.875 7.45161 -0.66857 1.57058 0.00248885 0.00298259 -0.00146644
102.894 7.45514 -0.668388 1.57062 0.00256598 0.00290891 -0.00141838
102.917 7.45879 -0.668217 1.57066 0.00263565 0.00306012 -0.00136779
102.935 7.46253 -0.668056 1.57071 0.00269439 0.00303215 -0.00131492
102.955 7.46638 -0.667907 1.57076 0.00274982 0.00311503 -0.00125788
102.976 7.47034 -0.66777 1.57081 0.00277945 0.00317654 -0.00119818
102.996 7.4744 -0.667643 1.57086 0.0027913 0.00321196 -0.00113731
103.017 7.47857 -0.667528 1.5709 0.00279972 0.00324048 -0.00107914
103.036 7.48284 -0.667424 1.57095 0.00279524 0.00326637 -0.00102294
103.056 7.48722 -0.667332 1.57099 0.00277857 0.00328874 -0.000965874
103.077 7.49164 -0.667251 1.57102 0.00282881 0.00103105 -0.000909252
103.098 7.49644 -0.667181 1.57109 0.00269119 0.00255825 -0.000836489
103.119 7.50155 -0.667121 1.57125 0.0023401 0.00367278 -0.000758554
103.137 7.50695 -0.667071 1.57149 0.00197171 0.00286294 -0.000687069
103.158 7.51263 -0.667028 1.57178 0.00159493 0.00223136 -0.000619533
103.179 7.51858 -0.666993 1.57209 0.00121646 0.00215399 -0.000552172
103.198 7.52478 -0.666962 1.57239 0.000867004 0.00219422 -0.000490254
103.22 7.53122 -0.666935 1.57268 0.000565204 0.00210536 -0.000432944
103.239 7.5379 -0.666911 1.57294 0.000306618 0.00200722 -0.000380111
103.259 7.5448 -0.666888 1.57317 9.20793e-05 0.00200753 -0.000326225
103.279 7.55192 -0.666866 1.57339 -9.43976e-05 0.00192031 -0.000272744
103.299 7.55925 -0.666844 1.57357 -0.000253826 0.00204579 -0.000226174
103.322 7.56678 -0.666822 1.57374 -0.000377151 0.0020005 -0.000180629
103.34 7.57451 -0.666798 1.57389 -0.000484667 0.0021473 -0.000134367
103.361 7.58242 -0.666772 1.57402 -0.000566711 0.0021196 -8.82093e-05
103.383 7.59052 -0.666744 1.57414 -0.00063583 0.00218071 -4.52673e-05
103.404 7.59879 -0.666714 1.57425 -0.000698425 0.00228399 -3.08885e-06
103.421 7.60723 -0.666682 1.57434 -0.000750456 0.00237406 4.1751e-05
103.442 7.61583 -0.666646 1.57442 -0.000788563 0.00245604 8.28989e-05
103.462 7.62458 -0.666608 1.5745 -0.000826297 0.00250153 0.000118178
103.482 7.63347 -0.666566 1.57456 -0.000862538 0.00255991 0.000155091
103.503 7.6425 -0.666522 1.57461 -0.000895742 0.00270638 0.000191667
103.522 7.65167 -0.666474 1.57465 -0.000932614 0.00279231 0.000229377
103.543 7.66097 -0.666422 1.57468 -0.0009672 0.00289857 0.000261341
103.563 7.67039 -0.666366 1.5747 -0.00100979 0.00294083 0.000296113
103.584 7.67992 -0.666307 1.57471 -0.00106378 0.00306794 0.000330111
103.603 7.68957 -0.666244 1.57471 -0.00111723 0.00320925 0.000360998
103.624 7.69932 -0.666176 1.5747 -0.00116986 0.00323523 0.000392469
103.643 7.70917 -0.666105 1.57469 -0.00122246 0.00336603 0.000422888
103.664 7.71912 -0.666028 1.57467 -0.00127295 0.00353361 0.000452642
103.686 7.72915 -0.665947 1.57464 -0.00133022 0.00356827 0.000483611
103.704 7.73927 -0.66586 1.57461 -0.0013853 0.00364736 0.00051542
103.724 7.74947 -0.665769 1.57457 -0.0014363 0.00376762 0.000541701
103.744 7.75974 -0.665672 1.57453 -0.0014866 0.00385948 0.000568695
103.764 7.77008 -0.665569 1.57447 -0.00153429 0.00385533 0.000594242
103.786 7.78047 -0.665461 1.57441 -0.00158791 0.00397547 0.000618374
103.805 7.79093 -0.665347 1.57435 -0.00164389 0.00403476 0.000641647
103.825 7.80143 -0.665227 1.57427 -0.00168603 0.0040662 0.000660594
103.845 7.81198 -0.6651 1.57419 -0.00173648 0.00419995 0.0006838
103.865 7.82257 -0.664967 1.57411 -0.00182006 0.0041975 0.000703729
103.885 7.8332 -0.664828 1.57402 -0.00187958 0.00422842 0.000722128
103.905 7.84386 -0.664681 1.57392 -0.00191692 0.00437994 0.000741104
103.926 7.85454 -0.664527 1.57383 -0.00197761 0.0043977 0.000756809
103.945 7.86525 -0.664366 1.57372 -0.00203124 0.00439098 0.000770347
103.965 7.87597 -0.664198 1.57361 -0.00206653 0.00452308 0.000785474
103.987 7.88671 -0.664022 1.5735 -0.00210104 0.00454229 0.000807485
104.007 7.89744 -0.663838 1.57339 -0.00212186 0.00449077 0.000828912
104.027 7.90818 -0.663647 1.57327 -0.00213568 0.00454348 0.000843494
104.046 7.91892 -0.663448 1.57315 -0.00214477 0.00454486 0.000852627
104.066 7.92965 -0.663241 1.57303 -0.00215637 0.00465624 0.000865286
104.093 7.94036 -0.663027 1.5729 -0.00214381 0.00443583 0.000877936
104.109 7.95109 -0.662804 1.57277 -0.00218668 0.00445047 0.000893433
104.13 7.96182 -0.662574 1.57265 -0.00223624 0.00453546 0.000903452
104.149 7.97254 -0.662335 1.57253 -0.00231351 0.00442036 0.000916919
104.17 7.98324 -0.662089 1.5724 -0.00235044 0.00450669 0.000927513
104.19 7.99393 -0.661833 1.57228 -0.00239992 0.00453664 0.000941311
104.212 8.00459 -0.661569 1.57216 -0.00245576 0.00446736 0.000948405
104.233 8.01522 -0.661297 1.57203 -0.00247353 0.00455282 0.000955245
104.252 8.0258 -0.661016 1.5719 -0.00249068 0.00450352 0.000962553
104.274 8.03634 -0.660726 1.57178 -0.00249793 0.0045708 0.000967303
104.297 8.04682 -0.660427 1.57165 -0.00247312 0.00450802 0.000969871
104.316 8.05725 -0.66012 1.57153 -0.00245753 0.00447705 0.000972744
104.334 8.0676 -0.659804 1.57141 -0.00240165 0.00456941 0.000977152
104.354 8.07789 -0.65948 1.57128 -0.00231972 0.00463584 0.000978356
104.374 8.08809 -0.659148 1.57116 -0.00226325 0.00451382 0.00097641
104.395 8.0982 -0.658808 1.57104 -0.00219779 0.00452674 0.00097359
104.414 8.10823 -0.658461 1.57092 -0.00211058 0.00456819 0.000971815
104.442 8.11816 -0.658107 1.5708 -0.00203773 0.00451757 0.000971396
104.462 8.12798 -0.657746 1.57069 -0.00196489 0.00443632 0.000964683
104.481 8.1377 -0.657378 1.57058 -0.0018943 0.00445184 0.00095974
104.502 8.14731 -0.657004 1.57047 -0.00184428 0.00439742 0.000959194
104.521 8.1568 -0.656625 1.57036 -0.00175873 0.00447538 0.00095454
104.542 8.16616 -0.656239 1.57026 -0.00169694 0.00434946 0.000951448
104.561 8.17539 -0.655849 1.57016 -0.00163004 0.0043597 0.000942155
104.582 8.18449 -0.655453 1.57006 -0.00156333 0.0042811 0.000931056
104.602 8.19345 -0.655053 1.56997 -0.00149942 0.00427498 0.000923157
104.622 8.20227 -0.654648 1.56988 -0.00139701 0.00433456 0.00091423
104.642 8.21095 -0.65424 1.5698 -0.00133714 0.00425541 0.000906224
104.662 8.21947 -0.653827 1.56972 -0.00125967 0.00415765 0.000892763
104.682 8.22784 -0.653411 1.56964 -0.00116135 0.00423124 0.000878302
104.703 8.23604 -0.652992 1.56957 -0.0010879 0.00415326 0.000864767
104.722 8.24408 -0.65257 1.5695 -0.00102692 0.00409823 0.000852203
104.744 8.25195 -0.652145 1.56944 -0.000947323 0.00402225 0.000837303
104.763 8.25965 -0.651719 1.56938 -0.000863697 0.00404703 0.000820878
104.783 8.26717 -0.65129 1.56933 -0.000777994 0.00395073 0.000806627
104.805 8.27451 -0.65086 1.56928 -0.000696609 0.00398965 0.000789443
104.825 8.28167 -0.650429 1.56924 -0.000634118 0.00392504 0.000766675
104.847 8.28864 -0.649996 1.5692 -0.000554907 0.00381115 0.000749541
104.864 8.29542 -0.649563 1.56917 -0.000480878 0.00381267 0.000729482
104.884 8.302 -0.64913 1.56914 -0.000409142 0.00373122 0.000706756
104.91 8.30837 -0.648697 1.56911 -0.000334509 0.00362252 0.000689156
104.927 8.31456 -0.648263 1.56909 -0.000262988 0.00355079 0.000667771
104.948 8.32054 -0.647831 1.56907 -0.000200374 0.00348299 0.000642875
104.967 8.32632 -0.647398 1.56906 -0.000149451 0.00340137 0.000617094
104.987 8.33191 -0.646967 1.56905 -0.000117937 0.00330413 0.000587865
105.007 8.3373 -0.646537 1.56903 -0.000104617 0.00318962 0.000557492
105.029 8.3425 -0.646107 1.56903 -9.64852e-05 0.00306005 0.000520661
105.052 8.3475 -0.645679 1.56902 -8.82442e-05 0.00295485 0.000490507
105.07 8.3523 -0.645252 1.56902 -7.73346e-05 0.00283705 0.000466881
105.089 8.3569 -0.644826 1.56902 -6.52091e-05 0.00269356 0.000440572
105.113 8.36131 -0.644401 1.56903 -5.58075e-05 0.00258332 0.000412264
105.129 8.36552 -0.643978 1.56904 -3.8762e-05 0.00242287 0.000387429
105.152 8.36955 -0.643555 1.56905 -1.26282e-05 0.00237117 0.000363235
105.169 8.37339 -0.643135 1.56908 1.38489e-05 0.00225587 0.000337469
105.189 8.37704 -0.642715 1.5691 4.21103e-05 0.00212329 0.000313344
105.209 8.3805 -0.642298 1.56913 7.90694e-05 0.00194297 0.000288153
105.229 8.38378 -0.641882 1.56916 0.000111667 0.00188433 0.000262512
105.251 8.38688 -0.641468 1.5692 0.000150139 0.00185417 0.000237739
105.27 8.3898 -0.641056 1.56924 0.000195126 0.00168301 0.000215444
105.29 8.39255 -0.640646 1.56929 0.000238475 0.00164809 0.000195814
105.311 8.39513 -0.640238 1.56934 0.000284732 0.00164926 0.000174664
105.33 8.39754 -0.639833 1.56939 0.000331406 0.00152282 0.000152159
105.354 8.39979 -0.63943 1.56945 0.00038494 0.00156827 0.000132848
105.371 8.40187 -0.639031 1.56951 0.000433654 0.00146219 0.000113513
105.391 8.40381 -0.638634 1.56958 0.000484789 0.00151432 9.51113e-05
105.413 8.40559 -0.63824 1.56965 0.000537136 0.00145932 7.66274e-05
105.434 8.40722 -0.63785 1.56972 0.000582338 0.00147342 5.80437e-05
105.454 8.40871 -0.637464 1.5698 0.000606586 0.00152565 4.07008e-05
105.474 8.41005 -0.63708 1.56987 0.000626146 0.00145583 2.38814e-05
105.494 8.41126 -0.636701 1.56995 0.00064993 0.00146404 8.86962e-06
105.516 8.41233 -0.636326 1.57003 0.000701224 0.00141361 -7.10838e-06
105.535 8.41328 -0.635954 1.5701 0.00073514 0.00139083 -2.19743e-05
105.556 8.4141 -0.635586 1.57018 0.000753507 0.00130957 -3.70592e-05
105.575 8.4148 -0.635223 1.57025 0.000766128 0.00132536 -5.05755e-05
105.595 8.41538 -0.634864 1.57033 0.000795349 0.00135655 -6.31889e-05
105.616 8.41585 -0.634509 1.5704 0.000831168 0.00125936 -7.63898e-05
105.635 8.4162 -0.634158 1.57048 0.000857056 0.00134416 -8.95729e-05
105.656 8.41645 -0.633812 1.57056 0.000862113 0.00122972 -0.000103116
105.675 8.41659 -0.63347 1.57064 0.000888356 0.00131448 -0.000114548
105.696 8.41664 -0.633133 1.57073 0.000906964 0.00136213 -0.000124518
105.716 8.41658 -0.632801 1.57081 0.000911228 0.00121023 -0.000135305
105.736 8.41643 -0.632473 1.5709 0.000936245 0.00130542 -0.000146199
105.756 8.41619 -0.63215 1.57099 0.00094457 0.00119054 -0.000156917
105.775 8.41587 -0.631831 1.57107 0.000971799 0.00122483 -0.000167212
105.795 8.41546 -0.631518 1.57116 0.00099773 0.0012708 -0.000177724
105.817 8.41496 -0.631209 1.57125 0.000999242 0.00111099 -0.00018865
105.835 8.41439 -0.630905 1.57134 0.00101286 0.00118392 -0.000199008
105.857 8.41375 -0.630606 1.57143 0.00102467 0.00120616 -0.000208754
105.876 8.41303 -0.630312 1.57151 0.00102082 0.00102498 -0.000215766
105.896 8.41224 -0.630023 1.5716 0.00103704 0.00109118 -0.000224522
105.92 8.41139 -0.629739 1.57168 0.00104494 0.0010781 -0.000231122
105.936 8.41046 -0.62946 1.57177 0.00104183 0.000915247 -0.00023654
105.957 8.40949 -0.629186 1.57185 0.00106374 0.00100753 -0.000243301
105.976 8.40845 -0.628917 1.57193 0.00107222 0.000992282 -0.000251031
105.996 8.40735 -0.628653 1.57201 0.00106533 0.000810111 -0.00025857
106.018 8.4062 -0.628394 1.57209 0.00107788 0.000878576 -0.000265264
106.037 8.405 -0.62814 1.57217 0.00108054 0.000900323 -0.000272179
106.058 8.40375 -0.627891 1.57225 0.00106909 0.000766471 -0.000279767
106.077 8.40246 -0.627647 1.57233 0.00106963 0.000838398 -0.000286627
106.097 8.40113 -0.627408 1.5724 0.00106208 0.000839462 -0.000291181
106.117 8.39975 -0.627173 1.57247 0.00106209 0.000721272 -0.000295997
106.138 8.39833 -0.626944 1.57254 0.00104228 0.000343636 -0.000299536
106.158 8.39691 -0.62672 1.57261 0.0010358 0.000719726 -0.000302545
106.178 8.39548 -0.626499 1.57268 0.000975064 0.00073349 -0.000307064
106.198 8.39403 -0.626284 1.57276 0.000910063 0.000587763 -0.000311641
106.219 8.39258 -0.626073 1.57284 0.000847966 0.000444405 -0.000314279
106.238 8.39112 -0.625866 1.57292 0.000815947 0.000560716 -0.000317502
106.259 8.38965 -0.625662 1.573 0.0007784 0.000546347 -0.000320098
106.278 8.38818 -0.625463 1.57307 0.000735863 0.000492528 -0.000322866
106.299 8.38671 -0.625267 1.57314 0.000694218 0.000491764 -0.000324398
106.319 8.38522 -0.625074 1.5732 0.000633838 -0.000161906 -0.000326929
106.339 8.38379 -0.624885 1.57327 0.000792067 0.000683919 -0.000326651
106.359 8.38239 -0.624701 1.57336 0.000987201 0.000858795 -0.00032837
106.379 8.38102 -0.624521 1.57345 0.00114788 0.000630583 -0.000328039
106.399 8.37969 -0.624345 1.57355 0.00125033 0.000552406 -0.000323952
106.42 8.37839 -0.624175 1.57363 0.00131828 0.000596887 -0.000322397
106.439 8.37712 -0.62401 1.5737 0.00135247 0.000617517 -0.000322672
106.46 8.37589 -0.623851 1.57376 0.00134988 0.000620112 -0.000320781
106.479 8.37469 -0.623698 1.57381 0.00131509 0.00065363 -0.000315562
106.5 8.37353 -0.62355 1.57384 0.00124736 0.000667421 -0.00031377
106.521 8.3724 -0.623407 1.57386 0.00113727 0.000696807 -0.000311271
106.54 8.37131 -0.623268 1.57387 0.000994244 0.000752543 -0.000309135
106.561 8.37024 -0.623134 1.57387 0.000840019 0.000810604 -0.000306364
106.581 8.36922 -0.623004 1.57386 0.000664114 0.000821137 -0.000303825
106.601 8.36824 -0.622876 1.57385 0.000467873 0.000925691 -0.000300691
106.622 8.3673 -0.622751 1.57383 0.00029333 0.00100607 -0.000298658
106.641 8.3664 -0.622628 1.57381 0.000110015 0.00107274 -0.000296779
106.662 8.36554 -0.622505 1.57378 -9.3772e-05 0.00114167 -0.000292926
106.681 8.36473 -0.622382 1.57375 -0.000321076 0.00121389 -0.000289991
106.702 8.36396 -0.622258 1.57371 -0.000554623 0.00127105 -0.000286806
106.722 8.36323 -0.622132 1.57367 -0.000756723 0.00132692 -0.00028395
106.742 8.36254 -0.622004 1.57362 -0.000936465 0.00139016 -0.000281684
106.762 8.3619 -0.621873 1.57358 -0.00111921 0.00145674 -0.000279558
106.782 8.3613 -0.621737 1.57353 -0.00129785 0.00150691 -0.000277541
106.802 8.36075 -0.621598 1.57347 -0.00148103 0.00155285 -0.00027257
106.824 8.36023 -0.621452 1.57341 -0.00164923 0.00160246 -0.000269521
106.843 8.35977 -0.621301 1.57335 -0.00182682 0.00163755 -0.000265482
106.864 8.35934 -0.621143 1.57329 -0.00201498 0.00168024 -0.000260781
106.883 8.35896 -0.620978 1.57322 -0.00218197 0.00173312 -0.000256438
106.903 8.35862 -0.620805 1.57316 -0.00236322 0.00177017 -0.000251747
106.925 8.35832 -0.620623 1.57309 -0.00257226 0.00181521 -0.000247269
106.943 8.35807 -0.620431 1.57302 -0.00276429 0.00187503 -0.000242761
106.964 8.35786 -0.62023 1.57296 -0.00294935 0.00192282 -0.000236653
106.984 8.35769 -0.620017 1.57289 -0.00314718 0.00196765 -0.000230307
107.004 8.35757 -0.619793 1.57282 -0.003337 0.00202904 -0.000225657
107.025 8.35749 -0.619556 1.57275 -0.00352747 0.0020755 -0.000219573
107.045 8.35746 -0.619306 1.57267 -0.00372726 0.00211041 -0.000216559
107.067 8.35747 -0.619043 1.5726 -0.00390395 0.00215539 -0.00021248
107.085 8.35752 -0.618765 1.57252 -0.00407043 0.00220027 -0.00020838
107.105 8.35761 -0.618473 1.57245 -0.00423547 0.00223274 -0.000202222
107.126 8.35776 -0.618164 1.57237 -0.00438124 0.00227707 -0.000196593
107.146 8.35794 -0.61784 1.57229 -0.00455376 0.00232916 -0.000192384
107.167 8.35817 -0.617496 1.57222 -0.00503652 0.00237658 -0.000182708
107.186 8.35844 -0.617128 1.57217 -0.00651555 0.00244702 -0.000168029
107.207 8.35876 -0.616732 1.57212 -0.00865013 0.00251925 -0.000153923
107.228 8.35912 -0.616302 1.57209 -0.0109416 0.00259182 -0.000144232
107.247 8.35952 -0.615831 1.57207 -0.0130754 0.00262339 -0.000131738
107.268 8.35997 -0.615311 1.57204 -0.0150696 0.00264545 -0.000121866
107.288 8.36047 -0.614734 1.57202 -0.0168924 0.00277974 -0.000116173
107.307 8.36099 -0.614095 1.57199 -0.018396 0.00266859 -0.000108058
107.328 8.36156 -0.613387 1.57197 -0.0196609 0.0026535 -0.000101528
107.348 8.36216 -0.612606 1.57194 -0.0206762 0.00270455 -9.66235e-05
107.37 8.3628 -0.611748 1.57192 -0.0214286 0.00271748 -9.45929e-05
107.389 8.36347 -0.61081 1.57189 -0.0220227 0.00272555 -9.11984e-05
107.409 8.36418 -0.60979 1.57186 -0.022443 0.00272225 -8.73634e-05
107.43 8.36492 -0.608686 1.57182 -0.0227211 0.00276704 -8.46683e-05
107.449 8.36569 -0.607497 1.57178 -0.0228773 0.0027537 -8.06753e-05
107.47 8.36649 -0.606224 1.57173 -0.0229593 0.00275281 -7.68673e-05
107.489 8.36732 -0.604864 1.57169 -0.0229842 0.00277532 -7.42808e-05
107.51 8.36817 -0.60342 1.57165 -0.0229269 0.00278913 -6.78222e-05
107.531 8.36905 -0.601891 1.5716 -0.0228264 0.00279626 -6.69695e-05
107.55 8.36997 -0.600277 1.57156 -0.0227017 0.00292894 -6.66431e-05
107.57 8.3709 -0.59858 1.57152 -0.0225794 0.00286306 -5.88184e-05
107.591 8.37185 -0.5968 1.57148 -0.0224458 0.00276434 -4.98748e-05
107.611 8.37282 -0.594938 1.57144 -0.0222774 0.00278893 -4.3686e-05
107.631 8.37382 -0.592994 1.57141 -0.0221374 0.00284064 -3.74567e-05
107.651 8.37483 -0.59097 1.57139 -0.0220289 0.0028483 -3.04723e-05
107.673 8.37586 -0.588866 1.57136 -0.0219169 0.00284773 -2.23173e-05
107.692 8.37691 -0.586682 1.57133 -0.0218152 0.00285108 -1.30867e-05
107.712 8.37799 -0.584421 1.5713 -0.0217457 0.0029011 -3.94134e-06
107.733 8.37907 -0.582081 1.57128 -0.0216694 0.00284748 8.29196e-06
107.752 8.38016 -0.579664 1.57125 -0.0216074 0.00282506 1.65068e-05
107.772 8.38127 -0.57717 1.57123 -0.0215682 0.0028432 2.66045e-05
107.792 8.38239 -0.5746 1.57121 -0.0215614 0.00285777 3.60689e-05
107.812 8.38352 -0.571953 1.57119 -0.021565 0.00286993 5.18855e-05
107.833 8.38466 -0.569231 1.57116 -0.0215393 0.00286785 5.868e-05
107.853 8.38581 -0.566433 1.57114 -0.0215156 0.00285208 7.00766e-05
107.873 8.38698 -0.563559 1.57112 -0.021509 0.00288922 8.23359e-05
107.893 8.38815 -0.560611 1.5711 -0.0214997 0.002895 9.77048e-05
107.913 8.38932 -0.557588 1.57109 -0.0215135 0.0028817 0.000112952
107.935 8.39049 -0.55449 1.57107 -0.021535 0.00288362 0.000127754
107.954 8.39167 -0.551318 1.57105 -0.0215713 0.00288232 0.000139074
107.977 8.39286 -0.548071 1.57104 -0.0215975 0.00286914 0.000153512
107.995 8.39404 -0.544751 1.57102 -0.0216247 0.00286546 0.000165552
108.015 8.39523 -0.541356 1.57101 -0.0216569 0.00285746 0.000177844
108.035 8.39643 -0.537888 1.571 -0.0216686 0.0028472 0.000191593
108.055 8.39762 -0.534346 1.57099 -0.021635 0.0028516 0.000207497
108.076 8.39882 -0.530731 1.57098 -0.0215878 0.00295045 0.000224044
108.095 8.40002 -0.527043 1.57098 -0.0215666 0.00283682 0.000246399
108.115 8.4012 -0.523282 1.57098 -0.0215397 0.00281006 0.000260375
108.137 8.40239 -0.519449 1.57098 -0.0215055 0.00281881 0.000275429
108.156 8.40357 -0.515545 1.57098 -0.021454 0.00279603 0.000292286
108.176 8.40475 -0.511568 1.57099 -0.0214756 0.00277556 0.000308797
108.197 8.40592 -0.507514 1.57101 -0.0224808 0.00278875 0.000325506
108.216 8.40708 -0.503376 1.57106 -0.0247652 0.00282913 0.000339135
108.237 8.40825 -0.499153 1.57112 -0.0273811 0.00281844 0.000354619
108.256 8.4094 -0.494836 1.5712 -0.029789 0.00276738 0.000369631
108.278 8.41056 -0.490417 1.57129 -0.0320167 0.00289429 0.000377958
108.298 8.4117 -0.48589 1.57137 -0.0338045 0.00279577 0.000393813
108.318 8.41284 -0.481247 1.57144 -0.0351638 0.00267006 0.000412947
108.338 8.41395 -0.476484 1.57152 -0.036135 0.00268159 0.000427994
108.358 8.41506 -0.471598 1.57159 -0.0366287 0.00268504 0.000445833
108.379 8.41616 -0.466587 1.57165 -0.0367273 0.00266289 0.000462721
108.398 8.41724 -0.46145 1.5717 -0.0364856 0.00264414 0.000474393
108.418 8.41831 -0.456189 1.57174 -0.0359596 0.00264261 0.000485971
108.439 8.41936 -0.450806 1.57178 -0.0351839 0.00263718 0.000507213
108.458 8.42041 -0.445304 1.5718 -0.0342315 0.00263573 0.000522236
108.479 8.42144 -0.439687 1.57182 -0.0331379 0.00262763 0.000533689
108.499 8.42246 -0.433959 1.57183 -0.0318887 0.00259492 0.000548918
108.519 8.42346 -0.428126 1.57183 -0.0306087 0.00258127 0.000566567
108.542 8.42446 -0.422192 1.57183 -0.0292859 0.00256037 0.000581127
108.559 8.42544 -0.416163 1.57182 -0.027911 0.00263193 0.000591888
108.58 8.4264 -0.410044 1.5718 -0.0265814 0.00252387 0.000604604
108.6 8.42734 -0.403841 1.57179 -0.0252277 0.00245832 0.000618375
108.62 8.42826 -0.39756 1.57177 -0.0238839 0.0024715 0.000630432
108.641 8.42915 -0.391205 1.57174 -0.0226075 0.00248538 0.000645177
108.66 8.43003 -0.384782 1.5717 -0.0213572 0.00246709 0.0006546
108.681 8.43089 -0.378296 1.57166 -0.0201628 0.00244927 0.000660693
108.701 8.43173 -0.371753 1.57161 -0.0190061 0.00243821 0.000679996
108.721 8.43254 -0.365155 1.57156 -0.017863 0.00242947 0.000687225
108.742 8.43334 -0.35851 1.5715 -0.0167751 0.00242705 0.00069283
108.761 8.43412 -0.35182 1.57142 -0.0157243 0.00241645 0.000702325
108.782 8.43487 -0.345089 1.57134 -0.0147042 0.00240021 0.000713602
108.801 8.43561 -0.338323 1.57126 -0.0137218 0.0023853 0.000725562
108.821 8.43632 -0.331526 1.57116 -0.0127577 0.00236978 0.000747915
108.842 8.43702 -0.3247 1.57106 -0.0118149 0.00235544 0.000761994
108.862 8.43769 -0.31785 1.57095 -0.0108903 0.00233416 0.000787874
108.882 8.43834 -0.310979 1.57083 -0.00997655 0.00232033 0.000806322
108.902 8.43898 -0.304092 1.57071 -0.00908954 0.00231563 0.0008221
108.922 8.43959 -0.297191 1.57058 -0.00821754 0.00229805 0.000841091
108.945 8.44018 -0.290281 1.57044 -0.00737082 0.00228257 0.000859621
108.962 8.44076 -0.283364 1.5703 -0.00651533 0.00226679 0.000876094
108.984 8.44131 -0.276443 1.57015 -0.00566856 0.00223617 0.000886139
109.003 8.44184 -0.269523 1.57 -0.00484507 0.0022135 0.000900726
109.023 8.44235 -0.262606 1.56984 -0.00399644 0.00218704 0.000912242
109.047 8.44284 -0.255696 1.56968 -0.0031782 0.00216407 0.000925172
109.065 8.44331 -0.248796 1.56951 -0.00236037 0.00214765 0.000936074
109.085 8.44377 -0.241909 1.56934 -0.00150628 0.00212395 0.00094305
109.105 8.4442 -0.235038 1.56916 -0.000686884 0.00210592 0.000954313
109.125 8.44461 -0.228187 1.56898 0.000146764 0.00209275 0.000962217
109.145 8.44499 -0.221359 1.56879 0.00100098 0.00207264 0.000967148
109.165 8.44536 -0.214557 1.5686 0.00181694 0.00205925 0.000975151
109.187 8.44571 -0.207783 1.56841 0.00266148 0.00203969 0.000981082
109.206 8.44604 -0.201042 1.56821 0.00347841 0.00202716 0.00098773
109.225 8.44635 -0.194336 1.56801 0.00424296 0.00203396 0.000989166
109.248 8.44664 -0.187669 1.56782 0.00506676 0.00202919 0.000990508
109.266 8.4469 -0.181043 1.56761 0.00590764 0.0020245 0.000991578
109.287 8.44715 -0.174462 1.56741 0.00677953 0.0020179 0.00099273
109.306 8.44738 -0.167929 1.5672 0.00770868 0.00200263 0.000989307
109.326 8.44759 -0.161447 1.567 0.00862927 0.0020033 0.000986244
109.349 8.44777 -0.155021 1.56679 0.00960371 0.00199295 0.000985974
109.367 8.44794 -0.148653 1.56658 0.010611 0.00197877 0.000985583
109.388 8.44809 -0.142347 1.56637 0.0115882 0.00199806 0.00098463
109.407 8.44821 -0.136107 1.56616 0.0126159 0.00200567 0.000983766
109.427 8.44832 -0.129937 1.56596 0.0136339 0.00201415 0.00098592
109.45 8.44841 -0.123839 1.56575 0.0146251 0.00203156 0.000986916
109.468 8.44848 -0.11782 1.56555 0.0156613 0.00202959 0.000984189
109.489 8.44852 -0.11188 1.56536 0.0166345 0.00203551 0.000979489
109.509 8.44855 -0.106026 1.56517 0.017594 0.00204408 0.000980844
109.528 8.44856 -0.100259 1.56498 0.0185861 0.00203571 0.000978015
109.549 8.44855 -0.0945833 1.5648 0.019509 0.00201891 0.000975274
109.569 8.44853 -0.0890027 1.56464 0.0204293 0.00213999 0.000973935
109.59 8.44849 -0.0835203 1.56447 0.0213393 0.0019666 0.000969145
109.609 8.44844 -0.0781392 1.56433 0.0222028 0.0019365 0.000964492
109.629 8.44838 -0.072863 1.5642 0.0230997 0.00202344 0.000962819
109.652 8.4483 -0.0676944 1.56408 0.0239544 0.00205431 0.00095548
109.67 8.44821 -0.0626364 1.56397 0.0247672 0.00204966 0.00094925
109.69 8.44812 -0.0576922 1.56387 0.0256149 0.0020441 0.000943824
109.71 8.44801 -0.052864 1.56378 0.026383 0.00205861 0.00094303
109.73 8.44789 -0.0481547 1.56369 0.0270981 0.00206696 0.000941754
109.751 8.44776 -0.0435668 1.56362 0.0277734 0.00206526 0.000938381
109.77 8.44762 -0.039102 1.56355 0.028335 0.00207441 0.000933492
109.791 8.44747 -0.0347626 1.56349 0.0288429 0.00207533 0.000929924
109.81 8.44731 -0.03055 1.56345 0.0292772 0.00207172 0.000926974
109.831 8.44713 -0.0264655 1.56341 0.029625 0.00207385 0.000925959
109.853 8.44695 -0.0225103 1.56338 0.0299372 0.00207261 0.000924704
109.871 8.44676 -0.0186848 1.56336 0.0301673 0.00206517 0.000919329
109.892 8.44655 -0.0149897 1.56335 0.0303183 0.00206101 0.000918708
109.912 8.44633 -0.0114254 1.56335 0.0304283 0.00206128 0.000920871
109.931 8.44611 -0.00799178 1.56336 0.0304974 0.00206253 0.000920829
109.954 8.44587 -0.00468883 1.56337 0.0305425 0.00206449 0.00091787
109.973 8.44562 -0.00151632 1.5634 0.0305602 0.0020728 0.000921011
109.994 8.44537 0.00152616 1.56344 0.0305533 0.00207737 0.000913032
110.013 8.4451 0.0044389 1.56349 0.030541 0.00207515 0.000899234
110.033 8.44482 0.00722234 1.56355 0.0305267 0.00207668 0.000886087
110.053 8.44453 0.00987695 1.56362 0.0305145 0.00203937 0.000871981
110.074 8.44424 0.0124033 1.5637 0.0304885 0.00204585 0.000859017
110.094 8.44394 0.0148015 1.56379 0.0304878 0.00210224 0.000850775
110.114 8.44363 0.0170722 1.56389 0.0304808 0.00197657 0.000836071
110.135 8.44333 0.0192157 1.56401 0.0304753 0.00199053 0.000825356
110.158 8.44302 0.0212325 1.56414 0.0304676 0.00203633 0.000815445
110.174 8.44271 0.0231232 1.56429 0.0304421 0.0020462 0.000803718
110.197 8.4424 0.0248885 1.56444 0.0303948 0.00204272 0.000793867
110.215 8.44208 0.0265289 1.56461 0.0303182 0.0020481 0.000780966
110.235 8.44176 0.0280451 1.56478 0.0302036 0.0020588 0.000768835
110.256 8.44144 0.0294381 1.56496 0.0300682 0.00206504 0.000750759
110.276 8.44112 0.0307087 1.56516 0.0298978 0.00207953 0.000739098
110.298 8.44079 0.0318584 1.56536 0.0296509 0.00208856 0.000718193
110.316 8.44046 0.0328883 1.56557 0.02935 0.00210012 0.000703538
110.336 8.44013 0.0338003 1.56578 0.028976 0.00213121 0.000693236
110.356 8.4398 0.0345962 1.566 0.0285157 0.00214217 0.000678117
110.377 8.43947 0.0352782 1.56622 0.0280079 0.00213055 0.000664738
110.397 8.43913 0.0358486 1.56645 0.0274286 0.00214044 0.000652493
110.417 8.43879 0.0363101 1.56667 0.0267841 0.00216564 0.00064261
110.437 8.43845 0.0366655 1.5669 0.0260972 0.00219481 0.00063485
110.458 8.43811 0.0369179 1.56713 0.0253563 0.00222498 0.000627549
110.477 8.43776 0.0370705 1.56735 0.0245849 0.00224638 0.00062095
110.498 8.43741 0.0371266 1.56758 0.0237828 0.00217452 0.000612715
110.518 8.43707 0.0370897 1.56781 0.0229437 0.00221415 0.000605544
110.538 8.43673 0.0369629 1.56804 0.022116 0.00227775 0.000599338
110.559 8.43639 0.0367499 1.56827 0.0212892 0.0022259 0.000591497
110.578 8.43606 0.0364542 1.56851 0.0204547 0.00225347 0.000586003
110.603 8.43574 0.0360792 1.56876 0.0196459 0.00226419 0.000578614
110.619 8.43542 0.0356285 1.569 0.0188554 0.00224771 0.000572561
110.639 8.43511 0.0351053 1.56924 0.0180917 0.00222294 0.000565306
110.663 8.4348 0.0345131 1.56947 0.0173477 0.00221052 0.000557139
110.68 8.4345 0.0338548 1.5697 0.0166345 0.00219779 0.000549824
110.702 8.4342 0.0331334 1.56992 0.0159455 0.00220009 0.000544272
110.72 8.43391 0.0323521 1.57014 0.0152608 0.00223158 0.000538964
110.74 8.43363 0.0315136 1.57035 0.0145906 0.00224251 0.000531158
110.763 8.43335 0.0306206 1.57056 0.0139396 0.00224576 0.000523671
110.781 8.43308 0.0296762 1.57076 0.0132815 0.00227511 0.000519913
110.803 8.43282 0.0286827 1.57096 0.0126464 0.0023024 0.000517259
110.822 8.43256 0.027643 1.57115 0.0120275 0.00230549 0.000516502
110.842 8.4323 0.0265596 1.57133 0.0114127 0.00231679 0.000514164
110.863 8.43206 0.0254351 1.57151 0.0108169 0.00233604 0.000514034
110.882 8.43182 0.0242719 1.57167 0.010224 0.00233083 0.000514967
110.903 8.43158 0.0230726 1.57183 0.0096343 0.00231159 0.00051662
110.922 8.43135 0.0218395 1.57198 0.00904879 0.00231398 0.000515477
110.943 8.43113 0.0205749 1.57213 0.00849081 0.00232108 0.000511603
110.964 8.43091 0.019281 1.57227 0.00797467 0.00232797 0.000512709
110.984 8.4307 0.0179602 1.5724 0.00743989 0.00235516 0.000513256
111.006 8.4305 0.0166147 1.57252 0.00690364 0.00237191 0.000510226
111.024 8.4303 0.0152464 1.57264 0.00640119 0.00237838 0.000513155
111.045 8.4301 0.0138575 1.57275 0.00589206 0.00239139 0.000511451
111.068 8.42992 0.0124501 1.57285 0.00539222 0.00239401 0.000508295
111.085 8.42974 0.011026 1.57295 0.0049137 0.00239595 0.000511387
111.106 8.42956 0.00958762 1.57303 0.00440153 0.00240707 0.000510866
111.124 8.4294 0.0081366 1.57311 0.00390518 0.00240716 0.000508467
111.145 8.42923 0.00667491 1.57319 0.00342192 0.00240858 0.000515789
111.168 8.42908 0.00520466 1.57325 0.00293099 0.00241651 0.00051929
111.185 8.42893 0.00372757 1.57331 0.00246976 0.00241884 0.000518748
111.206 8.42879 0.00224583 1.57337 0.00197391 0.00243049 0.000520926
111.225 8.42865 0.000761414 1.57341 0.00144227 0.0024369 0.000519473
111.246 8.42852 -0.000722976 1.57346 0.000773195 0.00243542 0.000517963
111.266 8.42839 -0.00220463 1.57349 -4.74145e-05 0.00244237 0.000517207
111.286 8.42827 -0.00368117 1.57353 -0.00087904 0.00244274 0.000513675
111.306 8.42816 -0.00514941 1.57356 -0.00171441 0.00243503 0.000505736
111.326 8.42806 -0.00660509 1.57358 -0.00272349 0.00243171 0.000498227
111.346 8.42796 -0.00804478 1.5736 -0.00382484 0.00241576 0.000491485
111.368 8.42786 -0.00946469 1.57361 -0.00494173 0.00239878 0.000483698
111.386 8.42777 -0.0108609 1.57362 -0.0060019 0.00239266 0.000472679
111.407 8.42769 -0.0122299 1.57362 -0.00692756 0.00239745 0.000461836
111.426 8.42761 -0.0135678 1.57361 -0.00779455 0.0024082 0.000453661
111.447 8.42754 -0.0148714 1.5736 -0.0085504 0.0024069 0.000446309
111.467 8.42748 -0.0161381 1.57358 -0.00916619 0.00239891 0.000436983
111.486 8.42742 -0.0173654 1.57355 -0.00971197 0.00238702 0.000428168
111.507 8.42736 -0.0185511 1.57353 -0.0101743 0.00237281 0.00042184
111.527 8.42732 -0.0196937 1.57349 -0.0105612 0.00236912 0.00041344
111.547 8.42727 -0.0207916 1.57345 -0.0108915 0.00236611 0.000404888
111.571 8.42724 -0.0218438 1.57341 -0.0111516 0.00236088 0.000398624
111.588 8.42721 -0.0228493 1.57336 -0.0113567 0.00235395 0.000392547
111.608 8.42718 -0.0238074 1.5733 -0.0115172 0.00234852 0.00038664
111.627 8.42716 -0.0247177 1.57324 -0.0116426 0.00234921 0.000380099
111.647 8.42714 -0.0255793 1.57317 -0.0117761 0.00235378 0.000377192
111.672 8.42713 -0.0263923 1.57311 -0.0118868 0.00235936 0.00037579
111.688 8.42713 -0.0271563 1.57304 -0.0119581 0.0023724 0.000367972
111.709 8.42713 -0.027871 1.57298 -0.0120353 0.00237935 0.000362176
111.729 8.42714 -0.0285362 1.57291 -0.0121191 0.00238941 0.000362332
111.749 8.42715 -0.0291522 1.57285 -0.0121372 0.00239899 0.000359432
111.77 8.42717 -0.0297201 1.57279 -0.011912 0.00229319 0.000353617
111.789 8.4272 -0.0302406 1.57274 -0.0114982 0.00226132 0.000346662
111.811 8.42726 -0.0307144 1.57269 -0.0110642 0.00232878 0.00034047
111.83 8.42735 -0.0311433 1.57266 -0.0106533 0.00221165 0.000336988
111.85 8.42748 -0.0315288 1.57263 -0.0102756 0.00221102 0.000334307
111.87 8.42764 -0.0318725 1.5726 -0.00995 0.00213947 0.000330432
111.89 8.42786 -0.0321757 1.57258 -0.00968827 0.00210113 0.000326723
111.912 8.42814 -0.0324396 1.57256 -0.00948021 0.00204024 0.000323914
111.931 8.42849 -0.0326652 1.57254 -0.00934313 0.00202136 0.000321099
111.951 8.42892 -0.032853 1.57253 -0.00926215 0.00187121 0.000319789
111.971 8.42942 -0.0330037 1.57252 -0.00923317 0.00181537 0.000320216
111.991 8.43002 -0.0331174 1.57251 -0.00924979 0.0016626 0.000321399
112.014 8.43072 -0.0331943 1.5725 -0.00929562 0.00173032 0.000320197
112.032 8.43151 -0.0332343 1.57249 -0.00936373 0.00160417 0.000320843
112.052 8.43242 -0.0332374 1.57249 -0.00945655 0.00151366 0.000321556
112.073 8.43345 -0.0332032 1.57249 -0.00956073 0.00159636 0.000320832
112.093 8.4346 -0.0331316 1.57249 -0.00968788 0.00150924 0.000324202
112.113 8.43587 -0.0330222 1.5725 -0.00980874 0.00135095 0.000326459
112.133 8.43728 -0.0328747 1.5725 -0.00991955 0.00134459 0.000326092
112.153 8.43884 -0.0326888 1.57251 -0.0100178 0.00138898 0.000324705
112.174 8.44054 -0.0324645 1.57252 -0.0100844 0.00119907 0.000325989
112.193 8.44241 -0.0322012 1.57254 -0.0101598 0.00122277 0.000324284
112.214 8.44445 -0.0318989 1.57256 -0.0102318 0.00136624 0.000319461
112.234 8.44668 -0.0315577 1.57258 -0.0102597 8.84874e-05 0.000330541
112.254 8.44926 -0.0311761 1.57267 -0.0103935 0.00137798 0.000316767
112.276 8.45209 -0.0307545 1.57281 -0.0105092 0.00135234 0.000311167
112.294 8.45516 -0.0302929 1.57298 -0.0105875 0.000820682 0.000311052
112.315 8.45845 -0.0297911 1.57317 -0.0106461 0.000917606 0.000306979
112.335 8.46193 -0.0292495 1.57336 -0.0106505 0.000959263 0.000302281
112.355 8.46558 -0.0286685 1.57355 -0.0105848 0.000980409 0.000295873
112.377 8.46939 -0.0280482 1.57372 -0.0104609 0.0011548 0.000280943
112.395 8.47334 -0.0273895 1.57387 -0.010274 0.00143201 0.000266944
112.416 8.47741 -0.0266933 1.57402 -0.0100057 0.00156639 0.000254987
112.436 8.48157 -0.0259605 1.57414 -0.00969664 0.00181794 0.000241236
112.456 8.48581 -0.0251926 1.57426 -0.0093419 0.00183272 0.000229359
112.476 8.49011 -0.0243908 1.57436 -0.00895219 0.00218729 0.000212697
112.496 8.49446 -0.0235568 1.57447 -0.00852854 0.00235707 0.000198187
112.519 8.49883 -0.0226924 1.57456 -0.00806428 0.00274213 0.000182246
112.536 8.5032 -0.0217994 1.57465 -0.00759007 0.00271978 0.000168551
112.557 8.50759 -0.0208796 1.57473 -0.00713029 0.00325839 0.000151
112.579 8.51193 -0.0199351 1.5748 -0.00662886 0.00347025 0.000136241
112.597 8.51624 -0.0189677 1.57488 -0.0061372 0.00365669 0.000124315
112.62 8.52049 -0.0179796 1.57494 -0.00564543 0.00383623 0.000112127
112.637 8.52466 -0.0169726 1.575 -0.005148 0.00409784 0.000100608
112.658 8.52875 -0.0159486 1.57505 -0.00467297 0.0043391 8.77466e-05
112.681 8.53274 -0.0149098 1.5751 -0.00418928 0.00458788 7.79333e-05
112.699 8.53659 -0.013858 1.57514 -0.00371755 0.00446951 6.91951e-05
112.719 8.54033 -0.0127948 1.57518 -0.00327812 0.00490816 5.84674e-05
112.739 8.54391 -0.0117224 1.57521 -0.00282407 0.00511963 5.04285e-05
112.759 8.54732 -0.0106423 1.57524 -0.00238813 0.00518854 4.37749e-05
112.78 8.55055 -0.00955634 1.57526 -0.00197008 0.00525136 3.69327e-05
112.799 8.55358 -0.00846619 1.57528 -0.00155333 0.00507642 3.05286e-05
112.822 8.55643 -0.00737347 1.5753 -0.00114644 0.00530764 2.50716e-05
112.839 8.55911 -0.00627964 1.57532 -0.000768636 0.00534769 1.90268e-05
112.859 8.56161 -0.00518609 1.57533 -0.000438677 0.00527717 1.41671e-05
112.882 8.56395 -0.0040942 1.57534 -0.000139112 0.00525552 1.14229e-05
112.9 8.56613 -0.0030051 1.57534 0.000125121 0.0051871 8.88743e-06
112.92 8.56817 -0.00191988 1.57534 0.000362984 0.00516289 8.16805e-06
112.94 8.57006 -0.000839433 1.57533 0.000575722 0.00499699 6.51271e-06
112.96 8.57181 0.000235311 1.57532 0.000775273 0.00479003 1.02184e-05
112.982 8.57343 0.00130358 1.5753 0.000971087 0.00469746 1.18392e-05
113.001 8.57492 0.00236464 1.57527 0.00115368 0.00446889 1.68379e-05
113.021 8.57628 0.00341789 1.57524 0.00131847 0.00420823 1.92873e-05
113.041 8.57753 0.00446267 1.5752 0.00146255 0.00397374 2.45606e-05
113.061 8.57867 0.0054985 1.57516 0.00158431 0.00384457 2.99503e-05
113.082 8.5797 0.00652475 1.57512 0.00171002 0.0035552 3.66043e-05
113.101 8.58063 0.00754097 1.57507 0.00183964 0.0033866 4.30174e-05
113.123 8.58145 0.0085468 1.57501 0.00195345 0.00314031 4.92789e-05
113.143 8.58218 0.00954174 1.57496 0.00206599 0.00301078 5.82159e-05
113.162 8.58281 0.0105253 1.5749 0.00218884 0.00277247 6.72182e-05
113.183 8.58336 0.0114972 1.57483 0.00229952 0.00252059 7.57077e-05
113.203 8.58383 0.0124568 1.57477 0.00242941 0.00240901 8.50897e-05
113.224 8.58421 0.0134037 1.57469 0.00257374 0.00214266 9.9169e-05
113.243 8.58448 0.0143377 1.57461 0.00268959 0.000182757 0.000109974
113.263 8.58487 0.0152582 1.57457 0.00277598 0.00157484 0.000127373
113.284 8.5853 0.0161649 1.5746 0.00282964 0.00207295 0.000141524
113.304 8.58575 0.0170576 1.57466 0.00285083 0.00118467 0.000153757
113.325 8.58624 0.0179363 1.57475 0.00284794 0.0006506 0.000168236
113.344 8.58675 0.0188011 1.57483 0.00285206 0.000450162 0.000184021
113.501 8.58728 0.0196518 1.5749 0.00287783 0.000219099 0.000201768
113.522 8.58783 0.0204885 1.57496 0.00291051 -1.76593e-05 0.000219296
113.542 8.5884 0.0213112 1.57499 0.00293654 -0.000176993 0.000236406
113.562 8.58899 0.0221198 1.575 0.00297334 -0.000268398 0.000253034
113.582 8.58959 0.0229141 1.57498 0.00302967 -0.000332213 0.000268489
113.602 8.59021 0.023694 1.57495 0.00310206 -0.000347406 0.00028452
113.625 8.59085 0.0244591 1.5749 0.00319732 -0.000303786 0.000300244
113.642 8.5915 0.0252091 1.57484 0.00331885 -0.000224268 0.000315721
113.663 8.59217 0.0259438 1.57476 0.00343386 -0.000152307 0.000332862
113.683 8.59285 0.0266627 1.57468 0.00354137 -6.64924e-05 0.0003476
113.703 8.59356 0.0273657 1.57459 0.00362565 0.000120472 0.000364745
113.727 8.59426 0.0280522 1.57449 0.00371188 9.1357e-05 0.000380881
113.743 8.59499 0.0287219 1.57439 0.00379592 0.000315518 0.000397931
113.764 8.59573 0.0293747 1.57429 0.00387968 0.000430365 0.000414745
113.784 8.59648 0.0300102 1.57419 0.00395812 0.000495003 0.000431158
113.804 8.59724 0.0306282 1.57408 0.00403216 0.000599245 0.000446785
113.827 8.59801 0.0312284 1.57398 0.00410943 0.000726306 0.000460729
113.844 8.59879 0.0318106 1.57387 0.00418166 0.000844604 0.000474862
113.865 8.59959 0.0323747 1.57376 0.00423658 0.00095099 0.000490082
113.885 8.6004 0.0329205 1.57365 0.00428225 0.00105889 0.000506132
113.905 8.60122 0.0334478 1.57354 0.00432467 0.00117202 0.000519992
113.925 8.60206 0.0339565 1.57342 0.00436289 0.00127403 0.000532861
113.945 8.60291 0.0344466 1.5733 0.00438295 0.00136054 0.000542975
113.966 8.60377 0.034918 1.57318 0.0044058 0.00145424 0.000552679
113.986 8.60465 0.0353706 1.57306 0.00443345 0.00154538 0.0005638
114.006 8.60555 0.0358045 1.57293 0.00444397 0.0016235 0.00057601
114.028 8.60646 0.0362196 1.57281 0.00446499 0.00171932 0.000581731
114.046 8.60739 0.0366157 1.57268 0.0044986 0.00180434 0.000591217
114.066 8.60833 0.0369931 1.57256 0.00452178 0.00187035 0.000601252
114.087 8.60929 0.0373515 1.57244 0.00455612 0.00195829 0.000610445
114.107 8.61026 0.0376909 1.57231 0.00459436 0.00203385 0.000617948
114.128 8.61125 0.0380111 1.57219 0.00463988 0.00206528 0.000627367
114.147 8.61226 0.0383121 1.57208 0.00470547 0.00210617 0.000636196
114.168 8.61328 0.0385936 1.57196 0.00477042 0.00214878 0.000646247
114.187 8.61433 0.0388557 1.57185 0.00481412 0.00217528 0.000656416
114.208 8.61538 0.0390981 1.57173 0.00485716 0.0022149 0.000662174
114.228 8.61646 0.0393208 1.57162 0.00489638 0.00226447 0.000669288
114.248 8.61755 0.0395236 1.57152 0.00492264 0.00230959 0.00067514
114.27 8.61866 0.0397065 1.57141 0.00495352 0.00236113 0.000681719
114.288 8.61979 0.0398694 1.57131 0.00498024 0.00241547 0.000689935
114.309 8.62094 0.0400124 1.57121 0.00499496 0.00245937 0.000692897
114.331 8.6221 0.0401353 1.57111 0.00501566 0.00249892 0.000697653
114.349 8.62328 0.0402382 1.57102 0.00503767 0.00254159 0.0007033
114.37 8.62449 0.0403212 1.57093 0.00503937 0.0026513 0.000709698
114.39 8.6257 0.0403841 1.57084 0.00504146 0.00264382 0.000714908
114.41 8.62692 0.0404271 1.57076 0.00505099 0.00262359 0.000718258
114.433 8.62815 0.0404501 1.57068 0.00505974 0.00265595 0.000722217
114.45 8.62939 0.0404533 1.57061 0.00506802 0.00268614 0.000726802
114.471 8.63065 0.0404366 1.57054 0.00506684 0.00268825 0.00073003
114.491 8.63191 0.0404003 1.57047 0.0050545 0.00268523 0.000733748
114.51 8.63319 0.0403443 1.57041 0.00503097 0.00268941 0.000738203
114.534 8.63447 0.040269 1.57035 0.00498172 0.00268795 0.000741428
114.552 8.63577 0.0401746 1.57028 0.00490735 0.00268414 0.000742428
114.572 8.63707 0.0400613 1.57023 0.00481993 0.00269476 0.00074542
114.592 8.63839 0.0399297 1.57017 0.004713 0.00271109 0.000748417
114.612 8.63972 0.0397802 1.57011 0.00458451 0.002806 0.000747642
114.633 8.64105 0.0396133 1.57006 0.00444544 0.00278338 0.000749278
114.652 8.64238 0.0394296 1.57002 0.00429648 0.00275303 0.000750712
114.675 8.64372 0.0392297 1.56998 0.00413525 0.00277336 0.0007523
114.694 8.64506 0.0390143 1.56994 0.00397651 0.00278986 0.00075396
114.713 8.6464 0.038784 1.56991 0.00381201 0.00278459 0.00075448
114.734 8.64775 0.0385397 1.56988 0.00363777 0.0027803 0.000752436
114.753 8.64909 0.0382818 1.56986 0.00347372 0.00278964 0.00075362
114.775 8.65044 0.0380111 1.56984 0.00331512 0.00279017 0.000751868
114.794 8.6518 0.0377284 1.56982 0.0031482 0.00278944 0.00075023
114.813 8.65315 0.0374342 1.56981 0.00299382 0.00279757 0.000750792
114.836 8.65451 0.0371292 1.56981 0.00284659 0.00286009 0.000750175
114.854 8.65586 0.0368141 1.5698 0.00268999 0.00279797 0.000746815
114.875 8.65721 0.0364895 1.56981 0.00252839 0.00279139 0.000745954
114.895 8.65855 0.0361559 1.56981 0.00237845 0.00281003 0.000745774
114.914 8.65989 0.0358141 1.56983 0.00223676 0.00281162 0.000744712
114.937 8.66122 0.0354648 1.56984 0.00208249 0.00280351 0.000743112
114.955 8.66254 0.0351084 1.56986 0.00191798 0.00279582 0.000740452
114.976 8.66386 0.0347456 1.56988 0.00177561 0.00278889 0.00073925
114.996 8.66518 0.034377 1.56991 0.00163488 0.00292279 0.000738396
115.016 8.66649 0.0340036 1.56993 0.00141653 0.0028789 0.000736678
115.036 8.66777 0.0336274 1.56997 0.000952544 0.00278222 0.000735041
115.056 8.66903 0.0332498 1.57 0.000318085 0.00278505 0.000732751
115.077 8.67027 0.0328722 1.57003 -0.000336167 0.00281158 0.000731093
115.097 8.67149 0.0324969 1.57006 -0.000931585 0.0028222 0.000729525
115.117 8.67269 0.0321262 1.57009 -0.00147278 0.00283703 0.000727693
115.139 8.67387 0.0317622 1.57011 -0.00197042 0.00285453 0.000725738
115.157 8.67503 0.0314066 1.57012 -0.00239158 0.00285482 0.000723837
115.178 8.67617 0.0310611 1.57014 -0.00273956 0.00284274 0.000722986
115.197 8.67729 0.0307271 1.57015 -0.0030267 0.00282433 0.000723873
115.217 8.6784 0.0304056 1.57015 -0.00325464 0.00277085 0.000723329
115.239 8.67948 0.0300977 1.57016 -0.00343677 0.00275367 0.000724532
115.258 8.68054 0.029804 1.57017 -0.00357368 0.00285611 0.000723794
115.28 8.68157 0.0295249 1.57019 -0.00367197 0.00277978 0.000722906
115.299 8.68258 0.029261 1.57021 -0.00374392 0.00279715 0.000724823
115.319 8.68357 0.0290125 1.57023 -0.0037891 0.00269727 0.000725409
115.342 8.68453 0.0287796 1.57027 -0.0038291 0.00274996 0.000723942
115.359 8.68546 0.0285622 1.5703 -0.00383885 0.00274789 0.000723753
115.383 8.68637 0.0283605 1.57034 -0.00383439 0.00268936 0.000724327
115.4 8.68725 0.0281744 1.57038 -0.00383058 0.00265509 0.000725166
115.42 8.6881 0.028004 1.57042 -0.00383821 0.00264292 0.000725588
115.441 8.68892 0.0278493 1.57046 -0.00388308 0.00264051 0.000725339
115.46 8.68972 0.0277106 1.5705 -0.00396664 0.00265356 0.000724798
115.481 8.69049 0.0275878 1.57053 -0.00405416 0.002659 0.000725259
115.501 8.69123 0.0274812 1.57057 -0.00413374 0.00264794 0.000725817
115.521 8.69195 0.0273913 1.5706 -0.00423226 0.00265124 0.000728263
115.545 8.69264 0.0273182 1.57063 -0.00432328 0.00263893 0.000729539
115.561 8.6933 0.0272621 1.57067 -0.00439986 0.0026022 0.000731175
115.581 8.69393 0.0272236 1.5707 -0.00448788 0.00247058 0.000728896
115.601 8.69454 0.0272025 1.57074 -0.00455367 0.00254561 0.000728045
115.622 8.69513 0.0271991 1.57077 -0.00457904 0.00259367 0.000727816
115.644 8.69569 0.0272136 1.57081 -0.00459161 0.00243147 0.000726979
115.661 8.69623 0.0272459 1.57086 -0.00458516 0.00251861 0.000726118
115.682 8.69674 0.027296 1.57091 -0.00456612 0.00243151 0.000726436
115.702 8.69724 0.0273637 1.57096 -0.00453922 0.00242904 0.000725835
115.722 8.69771 0.027449 1.57101 -0.00452355 0.00255392 0.000724895
115.744 8.69816 0.0275517 1.57107 -0.00449555 0.00244149 0.000725412
115.762 8.69859 0.0276715 1.57113 -0.00445054 0.00244952 0.000724549
115.784 8.699 0.0278084 1.57118 -0.00440583 0.00251628 0.000724235
115.802 8.69939 0.027962 1.57124 -0.00435244 0.00250835 0.000723525
115.822 8.69976 0.0281321 1.5713 -0.0042925 0.00247908 0.000722304
115.845 8.70012 0.0283183 1.57135 -0.00422861 0.00246899 0.000720954
115.864 8.70045 0.0285206 1.5714 -0.00416756 0.00244852 0.000720715
115.885 8.70077 0.0287384 1.57145 -0.00410275 0.00241543 0.000720782
115.905 8.70107 0.0289715 1.57149 -0.00402323 0.00239289 0.00072108
115.925 8.70134 0.0292196 1.57153 -0.00395923 0.00238817 0.000721429
115.945 8.7016 0.0294825 1.57157 -0.00390881 0.00237846 0.000721896
115.965 8.70184 0.0297599 1.5716 -0.0038645 0.00235536 0.000716442
115.986 8.70207 0.0300515 1.57164 -0.00382824 0.00234029 0.000718454
116.005 8.70227 0.0303571 1.57167 -0.00379922 0.00232672 0.000719977
116.025 8.70245 0.0306767 1.5717 -0.00377092 0.00230389 0.000719788
116.047 8.70262 0.0310099 1.57172 -0.00374168 0.00229649 0.000717891
116.065 8.70277 0.0313568 1.57174 -0.0037212 0.00229125 0.000718082
116.087 8.70289 0.0317171 1.57176 -0.00370279 0.00227367 0.000716073
116.106 8.703 0.0320907 1.57178 -0.00368356 0.00224838 0.000715508
116.126 8.70309 0.0324774 1.57179 -0.00366073 0.00223754 0.000715596
116.15 8.70316 0.0328773 1.5718 -0.00363664 0.0022191 0.000714638
116.167 8.70322 0.03329 1.5718 -0.00361238 0.00220358 0.00071518
116.188 8.70325 0.0337155 1.57181 -0.00358924 0.00221328 0.000715911
116.206 8.70326 0.0341536 1.57181 -0.00355196 0.00219653 0.000716094
116.226 8.70326 0.0346042 1.57181 -0.00351423 0.00217514 0.000715609
116.248 8.70324 0.0350671 1.57181 -0.0034767 0.00218047 0.000715785
116.267 8.7032 0.0355419 1.57181 -0.00342532 0.00216567 0.00071588
116.287 8.70314 0.0360286 1.57181 -0.00336813 0.00214469 0.000715922
116.307 8.70306 0.036527 1.5718 -0.00331398 0.00215411 0.000713013
116.328 8.70296 0.0370366 1.5718 -0.00325324 0.00214876 0.000712504
116.348 8.70285 0.0375573 1.5718 -0.00319103 0.002127 0.000712004
116.368 8.70271 0.0380888 1.57179 -0.00313746 0.00212766 0.000713794
116.389 8.70256 0.0386309 1.57178 -0.00308794 0.00212531 0.000712854
116.409 8.70239 0.0391832 1.57178 -0.00302261 0.00202986 0.000715821
116.429 8.7022 0.0397456 1.57177 -0.00295559 0.00217915 0.00071741
116.45 8.702 0.040318 1.57177 -0.00295038 0.00208486 0.000718988
116.469 8.70179 0.0409012 1.57177 -0.00310556 0.00211863 0.000719067
116.49 8.70157 0.0414952 1.57178 -0.00334975 0.00213968 0.000718843
116.509 8.70134 0.0421004 1.57178 -0.00359751 0.0021247 0.000718681
116.529 8.7011 0.0427177 1.57179 -0.0038321 0.00210743 0.000719564
116.551 8.70085 0.0433479 1.57179 -0.00404077 0.00209633 0.00072101
116.57 8.70059 0.0439916 1.57178 -0.00421257 0.00209093 0.000722826
116.591 8.70032 0.0446494 1.57177 -0.00434567 0.00209089 0.000724385
116.61 8.70003 0.0453219 1.57175 -0.00443065 0.00209082 0.000719882
116.63 8.69974 0.0460092 1.57173 -0.00446718 0.00208429 0.000719414
116.651 8.69944 0.0467116 1.5717 -0.00447887 0.00209452 0.000719046
116.671 8.69912 0.047429 1.57168 -0.00444136 0.00213105 0.000719152
116.691 8.6988 0.0481613 1.57165 -0.0043659 0.00213486 0.000720395
116.711 8.69847 0.0489082 1.57163 -0.00428776 0.00213528 0.000720741
116.731 8.69812 0.0496693 1.57161 -0.00418769 0.00215985 0.000724948
116.753 8.69777 0.0504443 1.57159 -0.0040617 0.00215682 0.000726097
116.772 8.69741 0.0512326 1.57157 -0.00393841 0.00214857 0.0007256
116.793 8.69703 0.0520339 1.57155 -0.00382465 0.0020984 0.000725352
116.814 8.69665 0.0528476 1.57154 -0.00371488 0.00212393 0.000727027
116.833 8.69627 0.053673 1.57152 -0.00358021 0.00215639 0.000728949
116.858 8.69589 0.0545097 1.57151 -0.00343586 0.00215264 0.000730807
116.874 8.69551 0.0553573 1.57149 -0.00329842 0.00214387 0.00073019
116.897 8.69512 0.056215 1.57148 -0.00316292 0.0021622 0.000730525
116.914 8.69474 0.0570824 1.57146 -0.00304639 0.00218307 0.000731028
116.935 8.69435 0.0579589 1.57145 -0.00293097 0.00217681 0.000725919
116.955 8.69396 0.058844 1.57143 -0.00280008 0.00219349 0.000726408
116.975 8.69356 0.0597372 1.57142 -0.00267189 0.00222396 0.000725547
116.995 8.69317 0.060638 1.5714 -0.0025437 0.0022255 0.000725037
117.015 8.69277 0.0615459 1.57139 -0.00242934 0.00222635 0.000724467
117.035 8.69238 0.0624603 1.57138 -0.0023054 0.002257 0.000721272
117.056 8.69198 0.0633807 1.57137 -0.0021775 0.00227284 0.000723953
117.075 8.69158 0.0643069 1.57135 -0.00207469 0.00227589 0.000725343
117.096 8.69117 0.0652382 1.57134 -0.0019824 0.00229416 0.000724213
117.115 8.69077 0.0661743 1.57134 -0.0018841 0.00231123 0.000721714
117.135 8.69037 0.0671147 1.57133 -0.00178207 0.00229556 0.000721646
117.157 8.68996 0.068059 1.57132 -0.00167335 0.00229397 0.000720668
117.176 8.68955 0.0690069 1.57132 -0.0015829 0.00230375 0.000721613
117.196 8.68914 0.0699581 1.57131 -0.0015182 0.00230987 0.000714984
117.216 8.68873 0.070912 1.57131 -0.00143564 0.0023018 0.000720431
117.237 8.68832 0.0718684 1.57131 -0.00134679 0.00229934 0.00072357
117.261 8.68791 0.0728272 1.57131 -0.00127433 0.00222453 0.000725976
117.276 8.6875 0.0737879 1.57131 -0.00121217 0.00237527 0.0007243
117.298 8.6871 0.0747501 1.57132 -0.00113697 0.00229624 0.000720994
117.317 8.6867 0.0757137 1.57133 -0.00106229 0.00221024 0.000721143
117.337 8.68631 0.0766784 1.57135 -0.000991744 0.00228174 0.000722418
117.357 8.68591 0.0776439 1.57137 -0.00091523 0.00226603 0.000723363
117.377 8.68553 0.0786098 1.57139 -0.000840711 0.00224221 0.000722141
117.399 8.68514 0.0795759 1.57141 -0.000776948 0.00226401 0.000720434
117.418 8.68477 0.0805421 1.57143 -0.000723461 0.00227403 0.000720285
117.438 8.6844 0.0815079 1.57146 -0.000672445 0.00227484 0.000721969
117.458 8.68404 0.0824741 1.57148 -0.000744174 0.00228983 0.000721746
117.479 8.68369 0.0834418 1.5715 -0.00111688 0.00230213 0.000722596
117.499 8.68334 0.0844119 1.57152 -0.00166129 0.00230922 0.000722281
117.518 8.68299 0.0853853 1.57155 -0.00218548 0.00230524 0.000718987
117.538 8.68266 0.0863642 1.57157 -0.00270807 0.00231146 0.00071819
117.56 8.68233 0.0873502 1.5716 -0.00317517 0.00232846 0.000719217
117.579 8.682 0.088345 1.57163 -0.00354652 0.00233711 0.000718397
117.599 8.68169 0.0893502 1.57165 -0.00387252 0.00235388 0.000714159
117.619 8.68138 0.0903668 1.57167 -0.00410829 0.00237246 0.000712771
117.64 8.68107 0.0913957 1.5717 -0.00426272 0.00238758 0.0007097
117.66 8.68077 0.0924379 1.57172 -0.0043881 0.00240464 0.000710523
117.68 8.68048 0.0934934 1.57174 -0.00443761 0.00241749 0.000708241
117.701 8.6802 0.0945626 1.57176 -0.00443767 0.00242161 0.000705376
117.72 8.67992 0.0956457 1.57178 -0.00442595 0.00243053 0.000704162
117.74 8.67965 0.0967423 1.5718 -0.00436353 0.00244648 0.000704732
117.762 8.67938 0.0978522 1.57183 -0.00426548 0.00242789 0.000705924
117.782 8.67912 0.0989753 1.57185 -0.0041654 0.0024046 0.000704084
117.802 8.67887 0.100111 1.57187 -0.00405243 0.00241703 0.000703386
117.822 8.67863 0.101259 1.57189 -0.0039468 0.00243655 0.000704117
117.842 8.67839 0.102419 1.57192 -0.0038558 0.00243898 0.000700379
117.864 8.67816 0.10359 1.57194 -0.00375607 0.0024644 0.000698372
117.884 8.67793 0.104772 1.57196 -0.00365115 0.00249014 0.000696959
117.905 8.67771 0.105964 1.57198 -0.00355563 0.00248696 0.000694318
117.924 8.6775 0.107167 1.572 -0.00345523 0.00249974 0.000693863
117.944 8.67729 0.108379 1.57202 -0.00335053 0.00252802 0.000692769
117.965 8.67709 0.1096 1.57204 -0.00326099 0.00253599 0.000692275
117.984 8.6769 0.11083 1.57205 -0.00317528 0.00253513 0.000691234
118.009 8.67672 0.112069 1.57207 -0.00308005 0.00255928 0.00069099
118.025 8.67654 0.113316 1.57209 -0.00298053 0.00255474 0.000688988
118.044 8.67636 0.11457 1.5721 -0.00288475 0.00253323 0.000688957
118.066 8.6762 0.115832 1.57212 -0.00278287 0.00253937 0.000688467
118.085 8.67604 0.1171 1.57214 -0.00269802 0.00254685 0.000687488
118.106 8.67589 0.118375 1.57216 -0.00262376 0.00254093 0.000683087
118.125 8.67574 0.119657 1.57218 -0.00255298 0.00254614 0.000682677
118.145 8.6756 0.120944 1.5722 -0.00249337 0.00253884 0.000682783
118.168 8.67547 0.122236 1.57221 -0.0024268 0.00254651 0.000681236
118.186 8.67535 0.123534 1.57223 -0.00233364 0.00255254 0.000677817
118.207 8.67523 0.124837 1.57225 -0.00225313 0.00254167 0.000678009
118.226 8.67511 0.126145 1.57226 -0.00219297 0.0025293 0.000678202
118.247 8.67501 0.127457 1.57228 -0.00213618 0.00254073 0.000677651
118.267 8.67491 0.128773 1.57229 -0.0020906 0.00253711 0.000673525
118.287 8.67482 0.130094 1.57231 -0.00203904 0.0025334 0.000671307
118.309 8.67473 0.131417 1.57233 -0.00198174 0.00255616 0.000671334
118.327 8.67465 0.132745 1.57234 -0.0019344 0.00256107 0.000669651
118.347 8.67457 0.134076 1.57236 -0.00188766 0.00255838 0.000669977
118.368 8.67451 0.135409 1.57237 -0.00184113 0.00257536 0.000669779
118.387 8.67445 0.136746 1.57239 -0.00180612 0.00257253 0.000669809
118.408 8.67439 0.138086 1.57241 -0.00176722 0.00257609 0.000668868
118.428 8.67434 0.139428 1.57242 -0.00172189 0.00259964 0.000665455
118.448 8.6743 0.140773 1.57244 -0.00167802 0.00259453 0.000663525
118.469 8.67427 0.14212 1.57245 -0.00169887 0.00259304 0.000660831
118.488 8.67424 0.143472 1.57248 -0.00216013 0.00260765 0.000660311
118.509 8.67422 0.144831 1.5725 -0.00306646 0.0026033 0.000660936
118.529 8.6742 0.146198 1.57254 -0.00408388 0.00258362 0.000663901
118.549 8.67419 0.147577 1.57258 -0.00505242 0.00256402 0.000667619
118.572 8.67419 0.148971 1.57262 -0.00595982 0.00255767 0.000670598
118.59 8.67419 0.150383 1.57265 -0.00674991 0.00254039 0.00067359
118.61 8.6742 0.151816 1.57269 -0.00741674 0.00251234 0.000676588
118.63 8.67422 0.153273 1.57273 -0.00794644 0.0024943 0.000679227
118.65 8.67424 0.154755 1.57276 -0.00832289 0.00248058 0.000681005
118.672 8.67427 0.156265 1.5728 -0.00858542 0.00246552 0.000681721
118.691 8.6743 0.157803 1.57283 -0.00874251 0.00245126 0.000682948
118.712 8.67434 0.159369 1.57286 -0.00880177 0.00244272 0.000684154
118.732 8.67438 0.160965 1.57289 -0.00878557 0.00244067 0.000682672
118.751 8.67443 0.162589 1.57291 -0.00870896 0.00243676 0.000684028
118.772 8.67449 0.164242 1.57292 -0.0085833 0.00242564 0.000681378
118.792 8.67454 0.165922 1.57294 -0.0084274 0.00237929 0.000681446
118.812 8.6746 0.16763 1.57295 -0.00824646 0.00237683 0.000681874
118.832 8.67467 0.169365 1.57297 -0.00803884 0.00243751 0.00068
118.852 8.67474 0.171126 1.573 -0.00780262 0.00261392 0.00067768
118.875 8.6748 0.172912 1.57303 -0.00759037 0.00255262 0.000675736
118.892 8.67486 0.174721 1.57307 -0.00738912 0.00244505 0.000677065
118.913 8.67494 0.176554 1.57311 -0.00718069 0.00253407 0.000679609
118.932 8.675 0.178409 1.57316 -0.0069902 0.00238505 0.000680716
118.953 8.67508 0.180286 1.5732 -0.00681544 0.00245353 0.000680767
118.975 8.67515 0.182183 1.57325 -0.00664368 0.00237735 0.00068239
118.993 8.67521 0.1841 1.57329 -0.00646637 0.0023274 0.000683986
119.015 8.67528 0.186036 1.57333 -0.00628119 0.00224465 0.000684334
