Time LX LY LZ
8.16465 1597.61 385.661 12389.5
8.26397 705.021 386.575 2760.4
8.36573 6186.29 9693.73 33368.9
8.46773 5828.38 3327.56 23918.5
8.61062 1179.35 2555.12 8243.2
8.66446 1188.76 2584.82 8235.45
8.76272 1199.85 2614.13 8244.36
8.86409 1211.76 2641.06 8263.64
8.96562 1224.11 2668.89 8287.74
9.06557 1235.12 2692.69 8309.17
9.27043 1245.21 2714.95 8333.29
9.27571 792.435 1616.48 7113.82
9.41941 793.219 1616.4 7117.45
9.47585 793.943 1616.25 7122.22
9.5712 477.132 364.939 863.695
9.67333 853.097 1699.21 7945.98
9.77941 493.949 367.845 1025.35
9.88462 479.676 370.317 825.695
9.97418 657.877 376.328 2169.07
10.1358 608.461 377.565 1934.24
10.1852 483.186 378.219 890.897
10.3298 3026.49 7830.99 15569.5
10.3796 573.53 374.389 1380.1
10.484 623.468 380.862 1981.42
10.7886 541.372 376.657 1252.05
10.7956 2705.02 9929.25 15691.2
10.8023 2704.2 9907.79 15687.5
10.8822 699.979 385.948 3118.41
10.9879 550.77 379.029 1454.69
11.0868 626.022 385.698 2247.79
11.1878 3708.08 14503.3 18196.1
11.2885 3706.94 14455.2 18190.1
11.3882 590.893 386.834 2082.86
11.4893 3695.03 14591.4 18285.8
11.5912 3694.55 14557.2 18276.1
11.6894 3693.85 14523.4 18266.4
11.7917 3341.46 12856.2 17543.6
11.8963 3340.94 12834.3 17535.1
12.0482 624.686 385.885 2169.44
12.0987 3434.73 13331.3 17859.8
12.201 549.048 388.093 1419.46
12.3979 467.862 385.821 801.525
12.4517 653.71 387.371 2282.91
12.4982 449.73 917.67 2997.96
12.604 709.715 391.398 2982.68
12.6969 482.512 1044.94 3634.11
12.7982 482.989 1044.89 3639.61
12.9009 483.437 1044.87 3644.48
13.0025 651.58 390.797 2824.59
13.1615 509.101 1234.02 4038.85
13.2046 509.487 1234.59 4040.51
13.3545 509.761 1235.13 4041.92
13.455 509.956 1235.68 4043.16
13.5063 510.039 1236.13 4043.9
13.6651 510.055 1236.57 4044.71
13.7046 509.985 1237.06 4045.02
13.8154 509.87 1237.44 4045.41
13.9084 509.742 1237.91 4046.11
14.0064 509.603 1238.46 4046.98
14.2107 509.467 1239.05 4048.08
14.2638 509.352 1239.72 4049.47
14.3096 509.271 1240.45 4051.18
14.4131 509.225 1241.2 4053
14.5177 509.233 1242.06 4055.13
14.6122 509.295 1243.04 4057.59
14.8172 509.413 1244.14 4060.35
14.8277 509.588 1245.31 4063.48
14.9127 509.838 1246.69 4067.12
15.0177 510.155 1248.38 4071.32
15.1174 510.515 1250.23 4075.87
15.9147 511.091 1253.25 4082.9
15.968 511.526 1255.49 4088.37
16.4188 512.458 1260.55 4099.84
16.4521 513.507 1266.33 4113.14
16.4766 513.817 1268.07 4117.46
16.552 514.497 1271.54 4126.38
16.5694 515.243 1275.73 4136.45
16.7906 516.463 1282.93 4152.86
16.8002 516.921 1285.68 4159.16
16.8122 517.824 1291.31 4171.68
16.8264 518.763 1297.16 4184.68
16.8429 519.743 1303.29 4198.13
16.8918 520.76 1309.7 4212.14
16.9041 521.801 1316.27 4226.4
17.0728 522.918 1323.2 4241.63
17.1355 524.112 1330.55 4257.83
17.3287 525.371 1338.48 4275.03
17.3417 526.694 1346.87 4293.22
17.4783 528.104 1355.83 4312.55
17.59 529.568 1365.22 4332.68
17.6316 531.107 1375.19 4353.88
17.7328 510.475 1161.81 3965.86
17.8318 512.049 1170.26 3987.8
17.9348 513.64 1179.09 4010.23
18.0338 515.382 1188.1 4033.78
18.1866 517.316 1197.67 4059.21
18.281 697.604 395.019 2870.87
18.4341 703.124 395.01 2893.77
18.4454 708.964 394.998 2918.12
18.5382 4929.48 20298.4 25910.4
18.6353 4991.99 20609.7 26282.9
18.7916 5057.18 20930.6 26681.1
18.8442 5125.52 21261.3 27103.6
18.9898 5105.26 21052.5 26795
19.1378 4762.13 20198.5 24677.4
19.1494 4829.13 20570.5 25053.8
19.2406 4900.4 20963.5 25460.2
19.3383 4975.38 21372.8 25901.3
19.4449 5053.39 21791.7 26378.6
19.5431 723.298 393.109 2795.36
19.6424 5390.93 28056.6 23826
19.7436 5290.25 27022.5 23716.4
19.8451 5166.78 22935.4 25859
19.9457 5148.95 22465 26026.9
20.0447 5180.83 22767 26396.9
20.2136 5281.05 23449.5 26911.7
20.3589 5388.58 24178.4 27488
20.3768 845.438 390.993 3547.55
20.6078 5913.48 30068.4 27696.2
20.6197 6045.85 31142.3 28367.5
20.6538 6183.65 32334.6 29023.3
21.0028 678.516 390.352 1821.77
21.0157 5767.19 30771.8 27663.3
21.0277 588.811 390.707 1176.29
21.1043 6148.03 33415.2 29159.8
21.1596 5269.05 24851.1 29509.6
21.2574 4920.19 23084.3 29593.6
21.3581 662.479 392.653 1462.21
21.4582 861.494 394.461 2634.96
21.5579 4867.92 23936.2 32661.7
21.6605 681.525 392.797 1470.17
21.7578 4884.61 33620.8 33620.8
21.8627 4702.44 24817.9 33287.4
21.9601 4836.06 34583.8 34583.8
22.1175 801.409 380.71 2384.82
22.1641 5252.18 38594 28258.6
22.2652 5379.97 40229.2 29195.1
22.3633 724.264 383.425 1821.53
22.4643 4744.65 26371.7 32634.5
22.6691 4312.64 25829.3 33272.3
22.6783 4373.86 26741.4 34399.7
22.7687 612.927 386.068 1065.15
22.8737 4568.63 37159.8 28636.3
22.9703 668.432 388.519 1193.31
23.1717 4644.3 40335.6 30459.1
23.2284 4680.69 42033.6 31368.8
23.3188 4026.66 22822.7 27684.6
23.4316 971.022 392.747 2518.26
23.4805 853.461 379.55 2228.43
23.5746 3632.15 20411.7 22802.4
23.8241 3719.24 21098.5 23276.7
23.9764 812.691 382.491 1828.07
23.984 3899.71 22808.2 24541.6
23.9931 4004.24 25323.8 23454.1
24.0793 4115.53 26222.8 24072.3
24.2346 4234.17 27296.6 24663
24.2813 4365.55 28539.6 25275.4
24.3803 4057.17 25055.3 25368.2
24.4844 3997.93 24324.4 25593.8
24.6316 3946.61 22368.4 25756.2
24.6812 4076.74 23658.9 26474.2
24.7885 1113.29 387.877 3062.58
24.8877 4215.77 25082.6 28213.6
25.0357 4359.96 26492.4 29297
25.2399 4511.89 30627.2 27853.4
25.2493 4676.74 32348.4 29136.7
25.2894 4552.53 31261.4 29375.8
25.3899 1066.28 387.622 2640.07
25.5409 4713.78 34713.6 31426.2
25.5951 4909.86 37815.3 32620.1
25.8948 1214.11 378.063 3208.35
25.9008 3510.6 20398.7 24531.8
25.9076 3390.8 18482.8 24007.6
26.0462 3524.03 20034.7 24899.4
26.0939 2685.34 13196.8 21263.2
26.2488 2705.44 11676.1 19857.2
26.4947 2818.66 12563.5 20566.2
26.5981 2940.99 13566.9 21340.8
26.604 2524.04 10324.2 19180.6
26.7036 941.656 383.793 1584.62
26.7103 967.155 385.515 1625.12
26.8029 2583.54 11189.2 21401.4
26.9 2860.54 13633.3 22839.6
27.0052 2979.34 14865.4 23823.8
27.1624 2749.7 12735.4 22288.2
27.207 2848.59 13974.3 23313
27.3583 1071.35 380.562 1765.59
27.4078 3025.89 16637.2 24730.9
27.5084 1145.64 381.493 1898.6
27.6064 3211.1 17395.2 24902.8
27.7105 3349.36 19700.2 26264.2
27.8079 3497.3 22449.2 27769.3
27.909 3654.89 25731.2 29449.6
28.0591 3311.31 18155.1 25568.9
28.1159 2879.49 10884.2 19984.8
28.3609 2929.37 9575.7 18898.1
28.5126 3063.64 10651.9 19934.2
28.5186 3174.36 9356.3 19288.3
28.525 3335.29 10465.7 20513.4
28.6155 3512.83 11757.9 21890.3
28.7147 3709.9 13263 23452.4
28.8153 3555.36 11038.8 18374.2
28.9215 4030.38 507.563 6496.87
29.0345 247.985 558.587 3678.28
29.1768 278.157 808.506 4082.57
29.2252 264.631 733.44 5178.46
29.3261 567.908 7209.99 13507.8
29.4302 234.9 629.939 4442.5
29.5786 285.777 806.172 3684.83
29.6752 223.467 564.005 2748.25
29.7305 562.104 7115.84 13389.8
29.8309 544.791 6868.32 13190
29.9309 245.186 548.472 2369.64
30.1302 308.427 447.139 2099.31
30.1434 294.433 435.945 2004.8
30.2858 419.537 360.563 2209.38
30.4383 214.82 981.374 5247.68
30.4487 1273.76 10629.9 15969.5
30.5398 1309.36 10744.7 16081.7
30.6398 213.487 942.683 4711.57
30.8444 1661.73 12160.8 17356.1
30.8611 440.856 366.143 2023.59
30.9407 248.386 1100.1 4840
31.1957 209.633 760.457 5759.72
31.2937 258.82 644.958 2576.23
31.3874 220.559 738.123 3584.11
31.542 194.84 497.322 3567.12
31.5877 196.245 500.775 3614.72
31.6888 218.31 641.688 3309.64
31.7971 198.713 506.856 3704.31
31.8891 207.699 514.216 2430
32.0431 4090.22 39316.6 27252.7
32.0954 4155.69 40403.6 27554.1
32.2465 3646.38 36763 26604.3
32.3478 3678.89 37410.6 26789.6
32.5487 3700.91 37889.3 26921.6
32.5644 191.312 405.912 1518.08
32.6065 210.88 650.179 3316.56
32.8979 201.076 509.518 2520.33
32.913 189.446 537.129 2276.79
33.0015 203.728 519.808 3886.32
33.0147 203.751 519.933 3886.55
33.1008 203.752 520.014 3886.2
33.2001 203.745 520.073 3885.71
33.3036 203.731 520.112 3884.96
33.5068 203.707 520.129 3883.97
33.5195 203.681 520.124 3882.92
33.6558 203.659 520.106 3881.64
33.7061 203.653 520.102 3880.75
33.8049 203.668 520.114 3880.19
33.906 203.7 520.137 3879.85
34.0618 203.748 520.17 3879.72
34.1085 203.816 520.22 3879.93
34.2115 203.903 520.284 3880.43
34.3613 204.008 520.364 3881.25
34.4635 204.134 520.463 3882.68
34.514 204.288 520.573 3884.45
34.7137 204.465 520.658 3886.08
34.8202 201.82 511.402 2523.37
34.8338 202.006 511.51 2524.22
34.9198 202.191 511.592 2525.04
35.2178 202.391 511.669 2525.9
35.2328 202.594 511.725 2526.63
35.2507 3852.02 34944.5 26125.7
35.3221 3855.85 34956.1 26137.3
35.4256 3859.66 34964.4 26148.3
35.624 3863.76 34968.5 26158.9
35.6384 3867.77 34970.9 26169.4
35.7748 3871.9 34969.7 26179.1
35.8239 3876.15 34964.7 26188
35.9248 3880.46 34955.4 26196.1
36.0749 3884.85 34941.4 26203.4
36.1254 3889.36 34924 26210.6
36.2314 3894.06 34901.5 26216
36.3813 3726.53 32210.7 25287.5
36.4338 3476.86 29371.5 23588.9
36.5308 212.972 520.761 2769.88
36.6907 3485.15 29305 23578.7
36.7313 3285.45 26942.2 22569.6
36.8335 3291.61 26906.7 22553.9
36.9343 3297.83 26867.1 22535.4
37.086 3304.68 26824.6 22517
37.1336 3311.75 26779.5 22496.8
37.2339 3319.3 26731.9 22475.8
37.3357 3079.72 24713.9 21206.9
37.4839 2813.18 22910 19780.4
37.537 2826.81 22887.5 19723.8
37.646 213.601 476.743 2900
37.7419 207.094 520.71 2396.82
37.8413 209.633 476.17 1908.89
37.941 2933.07 23566.1 20540.7
38.143 2952.35 23519.6 20474.4
38.1544 2969.92 23383.6 20277
38.2436 2992.31 23339.2 20200.4
38.3474 3015.86 23295.7 20120.2
38.4927 3041.19 23255.2 20036.3
38.5496 2705.03 22564.6 17227.6
38.6995 2688.88 22280.4 16977.6
38.7505 2632.33 16446.2 21760.3
38.8466 2654.45 16343.3 21727
38.9526 2678.32 16238 21691.9
39.1485 2703.92 16129.4 21656.9
39.1579 2730.97 16018.3 21620.3
39.2565 2498.69 15080.2 20314.2
39.3588 2511.43 13885.8 19970.4
39.4625 2517.87 12670.7 19593.6
39.6142 2534.37 12552.2 19550.7
39.665 2555.69 12513.5 19540.2
39.7664 2549.29 12455.9 19498.6
39.8666 2549.19 12421.8 19509.2
40.1372 2549.91 12411.7 19516.6
40.2496 2556.02 12427.3 19540.4
40.3029 2562.27 12461.1 19565
40.5018 2566.76 12496.3 19581.4
40.5122 2569.83 12525.2 19591.1
40.6541 2564.08 12539.9 19577.5
40.7103 2541.33 12505.6 19507.2
40.8039 2508.41 12422 19392.4
40.9047 2463.66 12280 19232
41.0088 2408.99 12085.9 19031.8
41.1103 2343.72 11839.8 18785.4
41.2068 2269.83 11546.4 18496.7
41.3069 2188.26 11210.5 18168.4
41.4077 2098.99 10833.9 17802.3
41.5089 2005.12 10417.2 17400
41.6162 4947.73 382.045 19259.8
41.7677 4736.15 381.301 16659.2
41.8237 252935 14813.4 188763
41.9134 197151 12026.3 154334
42.0134 48787.8 6541.99 59944.4
42.1191 31202.1 6058.76 39842.2
42.2197 34592 5647.64 43296.2
42.3671 919.255 5192.02 12295
42.4151 863.362 4884.84 11940.2
42.5171 813.881 4605.95 11612.8
42.6174 749.108 3704.45 11179.3
42.7213 796.803 291.828 5620.97
42.8726 127.633 410.259 1040.77
42.9218 581.64 386.711 2886.69
43.0229 290.707 646.871 2783.73
43.1229 1245.16 4880.7 11987
43.2282 1213.77 4722.79 11825.1
43.3363 1189.25 4594.65 11691.8
43.4781 1738.37 322.861 7205.69
43.5324 2264.99 6798.38 14607.2
43.6346 263.748 508.396 1901.25
43.7921 701.56 274.742 2629.58
43.8436 227.671 554.264 2254.13
43.9894 168.657 539.337 1971.48
44.0442 152.882 526.842 2743.13
44.1397 152.75 527.027 2746.95
44.2875 152.865 527.573 2753.34
44.3935 153.128 528.315 2760.75
44.4517 134.355 477.187 2419.82
44.5522 230.28 230.28 36763.7
44.6516 1468.81 329.15 4258.12
44.7476 3541.95 243.427 30817.4
44.849 216.487 216.487 38813.8
44.9481 1280.82 1280.82 54098.1
45.0493 1281.13 1281.13 54307.9
45.1506 1281.42 1281.42 54415.2
45.255 1281.14 1281.14 54411.7
45.4017 1279.81 1279.81 54271
45.5532 1277.33 1277.33 54012.6
45.5738 1273.54 1273.54 53653.2
45.6539 1268.33 1268.33 53191.7
45.8058 1262.22 1262.22 52566.9
45.9507 1253.01 1253.01 51920.9
45.9739 1239.41 1239.41 51261.6
46.0562 1144.89 1144.89 30526.9
46.305 1125.09 19262.1 30152.9
46.3227 1102.62 19187.5 29776.5
46.3621 531.045 368.531 2939.8
46.5071 970.101 18822.7 28880.5
46.5557 938.875 17437.2 28500.9
46.6547 705.318 2678 8362.8
46.8088 206.691 549.014 1861.57
46.8618 790.361 2931.52 9225.13
47.0117 671.979 2400.35 7195.3
47.0618 686.977 2843.02 2843.02
47.1656 648.44 2433.53 7166.93
47.4673 363.119 1054.06 3816.84
47.4818 200.427 596.99 2022.5
47.5002 370.484 1041.63 4332.86
47.569 362.859 1051.38 3803.96
47.6734 195.05 611.777 2508.81
47.7697 372.293 1044.27 4326.88
47.8692 168.587 541.58 1803.98
47.9752 279.06 764.117 3201.12
48.0764 595.328 387.019 3438.69
48.2268 757.543 1576.35 6909.98
48.2773 755.828 1581.36 6916.53
48.3762 754.684 1586.19 6923.36
48.4897 754.26 1590.81 6930.69
48.7448 502.995 373.252 3391
48.7677 1031.02 3102.99 9671.52
48.8331 102.861 427.98 1403.69
48.8919 167.469 658.579 2684.37
48.9964 139.989 517.378 2498.44
49.1828 1608.41 5679.01 12275.1
49.2022 1611.82 5690.04 12286.7
49.3355 234.373 722.96 3647.03
49.4352 1601.54 4028.92 11730
49.4913 191.561 850.149 3907.08
49.6902 1254.34 4303.66 11064.1
49.7053 1255.6 4307.78 11068.8
49.8359 1256.54 4310.26 11072.5
49.9369 1257.15 4312.64 11074.9
49.9892 1256.33 4311.5 11070.8
50.0895 1252.47 4301.91 11051.9
50.1881 1244.01 4275.43 11010.1
50.2886 1230.02 4228.79 10939.8
50.3929 1209.26 4155.13 10833.6
50.4963 228.976 1170.11 5211.65
50.5913 1154.31 4589.67 10841
50.6917 1112.67 4388.45 10606.7
50.7927 1074.85 4198.56 10428.4
50.8944 1044.12 4042.36 10280.8
50.9952 1020.36 3927.78 10165.1
51.1546 212.1 999.164 5485.71
51.2071 210.89 968.896 4145.96
51.3009 204.798 942.769 5635.27
51.4091 130.579 434.206 1767.16
51.7521 210.057 921.923 3841.82
51.7702 1214.85 5860.59 12076.1
51.8992 237.758 777.454 3118.42
51.9974 99.3562 449.178 994.734
52.0447 1266.48 6161.56 12245.6
52.1501 248.659 732.909 2500.63
52.2551 637.028 2642.37 2642.37
52.3513 1292.44 6300.73 12335.5
52.5575 1289.77 6279.17 12321.6
52.5799 1292.26 6297.42 12338.7
52.7046 1295 6317.35 12357
52.8019 1298.02 6337.79 12375.8
52.8557 1301.09 6356.83 12393.7
52.9614 1304.16 6374.8 12410.7
53.0527 1307 6389.9 12425.3
53.1558 1309.57 6402.02 12437.8
53.2564 1311.78 6411.04 12447.7
53.3567 1313.45 6416.41 12454.4
53.5591 1314.59 6418.52 12458.1
53.5807 1315.08 6417.19 12458.6
53.7623 1314.92 6412.62 12455.9
53.7837 1314.19 6405.83 12450.7
53.9611 1313.02 6396.91 12443.6
53.9815 1311.47 6385.17 12434.5
54.1154 1309.55 6372.15 12423.9
54.2134 1307.25 6357.97 12411.8
54.2674 1291.81 6326.35 12366.7
54.4206 1288.97 6310.11 12352.6
54.5666 1286.09 6294.52 12338.8
54.5872 1283.1 6278.3 12324.4
54.7294 1280.02 6262.33 12310
54.7894 1264.48 6147.96 12264
54.8741 1261.5 6133.1 12250.7
54.9727 1258.66 6119.91 12238.7
55.128 1255.91 6107.55 12227.4
55.2756 1253.34 6097.79 12218
55.3006 1250.91 6089.41 12209.5
55.3772 1248.7 6083.25 12202.8
55.4805 1246.61 6078.13 12196.9
55.573 1244.73 6074.6 12192.4
55.6804 1243.02 6072.32 12189
55.8342 1197.28 5999.89 12177.8
55.8781 1196.21 6000.64 12177.1
55.9773 1195.23 6002.16 12177.2
56.1465 1194.3 6004.36 12177.9
56.2812 1193.6 6009.28 12180.7
56.301 1193.19 6017.42 12185.7
56.5877 1192.83 6026.5 12191.3
56.6066 1192.4 6035.62 12196.9
56.6321 1191.92 6045.35 12202.8
56.6881 1191.28 6054.93 12208.2
56.8385 1190.59 6064.58 12213.5
56.8921 191.62 802.08 4308.19
56.9915 1230.81 6159.95 12230.5
57.0912 1229.38 6166.58 12233.2
57.2011 1186.11 6095.78 12228.6
57.3475 1166.66 5869.85 12094.6
57.4033 1165.1 5878.66 12098.5
57.4909 1163.4 5887.14 12102
57.646 309.438 2631.96 2631.96
57.6964 217.184 743.469 3172.88
57.795 1616.13 7576.11 13563.7
57.8949 1616.47 7573.92 13565.6
58.0478 1616.88 7569.75 13566.8
58.105 1209.2 6245.31 12254.9
58.2017 1146.91 5923.62 12109.1
58.2989 1143.82 5926.79 12108.1
58.4034 1015.86 4212.78 10791.7
58.5058 217.392 874.071 4743.06
58.6059 1013.33 4225.32 10873.1
58.7565 1012.41 4220.11 10872.4
58.8546 203.597 518.488 2758.81
59.1276 1011.43 4185.31 10787.9
59.161 1010.18 4177.76 10785.7
59.1888 1008.46 4168.41 10782.3
59.2284 1007.12 4159.7 10780.6
59.3234 979.299 3795 10336.5
59.5201 777.693 3165.43 3165.43
59.7216 987.812 3895.56 10628.3
59.7422 987.552 3884.91 10628.4
59.7695 987.457 3873.22 10628.4
59.8343 965.975 3651.37 10124.9
59.9876 921.972 2555.62 9170.81
60.0314 251.863 846.259 3249.58
60.144 704.717 3283.14 3283.14
60.2471 295.303 489.858 2629.87
60.3408 150.076 452.443 2181.56
60.582 935.332 3460.05 9852.76
60.7349 936.805 3461.16 9856.1
60.7897 940.852 3472.67 9870.04
60.8868 140.427 456.28 2047.19
60.9915 958.966 3603.45 10119.3
61.094 1876.77 273.585 9611.17
61.1918 1864.87 266.886 9676.4
61.3931 968.159 3667.02 10277.2
61.4105 956.909 3632.42 10223.9
61.4915 929.002 3489.59 9943.38
61.5907 913.979 3429.06 9852.35
61.694 2153.99 303.133 11381.2
61.846 882.346 3363.52 9818.63
61.8969 857.26 3267.82 9671.47
61.9959 830.147 3162.39 9507.72
62.1485 768.16 2897.48 9091.01
62.2611 6293.65 379.85 14799.1
62.3043 766.459 2992.68 9231.25
62.5561 701.481 2684 8896.54
62.5743 646.274 2492.68 8442.11
62.6106 598.359 2235.54 7824.51
62.7075 577.891 1852.4 7346.37
62.8027 551.406 1767.45 7155.68
62.9034 296.294 874.684 2806.02
63.007 499.395 1844.09 7059.58
63.2098 479.233 1766.02 6896.64
63.2388 460.993 1696.04 6747.52
63.3095 446.466 1443.4 6377.51
63.6605 600.842 382.009 2423.08
63.6786 419.567 1363.04 6171.72
63.7024 2052.56 327.544 6545.13
63.7662 747.561 2731.56 2731.56
63.8628 386.643 1404.43 6122.92
63.9168 381.494 1384.07 6074.85
64.0165 377.578 1367.97 6037.3
64.3159 374.802 1355.97 6010.11
64.3394 135.607 545.515 2322.22
64.364 438.529 1825.68 7000.15
64.5196 666.312 2356.1 2356.1
64.5384 1661.04 325.334 4400.38
64.6738 443.959 1900.94 7269.29
64.7239 660.917 660.917 2251.12
64.8339 751.851 323.593 2062.83
64.9303 3327.68 309.181 8517.76
65.0317 229.444 229.444 31882.2
65.1788 28982.5 3866.86 32396.3
65.2841 29467.8 3900 32738.8
65.3816 29877.2 3927.95 33024.8
65.4299 30224.9 3951.82 33265.1
65.5879 30508 3969.5 33453
65.6366 228.613 228.613 26932.6
65.7929 8567.39 2893.57 16478.5
65.8452 4598.26 234.863 23992.9
65.9334 8635.91 2893.97 16484
66.0358 8635 2881.78 16456.2
66.1455 8626.78 2864.52 16412.3
66.3378 8609.71 2842.15 16350.6
66.3993 8577.42 2816.28 16263.3
66.4388 8118.77 2512.01 16021.7
66.5427 8094.52 2474.69 15871
66.6462 7821.79 2215.37 15649.6
66.8022 902.931 306.117 4302.34
66.852 168.527 561.044 1762.05
66.9542 3386.2 318.753 12522.6
67.0467 2825.77 332.574 10148.4
67.15 1381.98 3061.25 9036.41
67.2525 206.253 770.736 2272.85
67.4037 349.416 446.392 1893.91
67.4614 1471.15 2718.3 9125.37
67.5575 1455.66 2725.23 9105.62
67.6572 1440.91 2733.88 9088.12
67.7537 1427.11 2744.03 9072.91
67.8497 1295.33 2687.22 8922.78
67.9551 126.262 388.915 1014.6
68.0601 173.717 570.141 2021.2
68.1561 1296.77 2672.04 9009.99
68.2624 138.733 468.352 1551.82
68.3664 251.002 725.595 2508.31
68.4571 1453.26 3356.71 9826.57
68.564 500.734 380.382 2557.59
68.6628 1468.02 3382.6 9837.45
68.8152 128.071 540.877 2040.61
68.8642 471.093 362.523 2500.29
68.9649 1386.8 3374.67 9913.84
69.0635 1387.24 3378.34 9917.75
69.1741 157.654 862.729 3328.8
69.2712 1640.1 4393.53 11076.8
69.3664 1643.19 4394.65 11084
69.6395 63.0144 389.972 806.479
69.6664 1860.68 4531.18 11136.3
69.6944 1865.8 4527.3 11144
69.8315 219.488 709.662 2904.88
69.9291 1905.91 4560.2 11314.3
69.9788 1911.52 4556.86 11323.1
70.0746 1916.91 4554.03 11331.9
70.1812 1922.03 4552.36 11340.8
70.2776 1926.46 4551.23 11348.6
70.3784 1929.87 4549.74 11354.6
70.5297 1932.4 4548.83 11359.7
70.6358 1933.89 4548.18 11363.3
70.7336 1934.26 4547.56 11364.6
70.9568 1933.53 4546.51 11363.8
70.9862 1931.74 4544.81 11361.3
71.0193 1929.01 4542.68 11356
71.1005 1925.54 4540.35 11349.6
71.1938 1921.53 4537.67 11342.6
71.2928 1916.82 4535.02 11333.7
71.3917 1911.5 4531.71 11324
71.49 1905.87 4528.51 11313.3
71.6893 1900.08 4525.32 11302.6
71.7171 1894.35 4522.64 11292.4
71.7929 1888.75 4520.27 11282.6
71.9474 1883.26 4517.72 11273
71.9948 1877.88 4514.9 11263.5
72.3459 1872.74 4511.9 11254.5
72.3695 1867.86 4508.65 11245.9
72.3959 1863.28 4505.33 11237.5
72.5548 1858.72 4500.96 11228.6
72.6994 1854 4494.96 11218.1
72.7233 1849.3 4487.22 11207
72.751 1844.65 4477.97 11195.6
72.8001 1840.03 4467.8 11182.8
72.9035 1835.38 4456.06 11169.2
73.0014 1830.73 4443.31 11154.7
73.1543 1826.03 4429.46 11139.4
73.2536 1821.42 4414.98 11123.5
73.5019 1816.82 4399.77 11106.9
73.5278 1811.71 4382.67 11088.5
73.5554 1806.05 4363.35 11067.7
73.6118 1800.23 4342.55 11045
73.7057 1794.16 4320.97 11021.3
73.9579 1787.92 4298.73 10996.5
73.9861 1781.61 4276.08 10971.9
74.063 1774.97 4252.73 10946
74.1149 1768.06 4228.9 10919.2
74.2118 1761.03 4205.17 10892
74.4108 1753.76 4181.18 10863.6
74.436 1745.42 4155.35 10832.2
74.5187 1736.42 4127.78 10798.2
74.6226 1726.57 4098.19 10761.1
74.7208 1716.27 4067.3 10722.6
74.819 1705.44 4035.22 10682.4
74.9225 1694.27 4002.65 10641.1
75.0325 1682.65 3969.37 10597.8
75.1217 1670.62 3935.23 10553
75.2216 1658.16 3900.25 10506.7
75.3289 1645.34 3864.48 10458.9
75.4767 1631.58 3827.16 10407.3
75.5286 221.268 1498.18 4757.33
75.6234 1600.25 3731.29 10284.3
75.8807 1572.88 3669.3 10220.4
75.9111 1674.52 260.429 8026.2
75.9343 1573.01 3595.04 10053.2
76.0253 1557.03 3548.59 9951.05
76.1798 1543.75 3512.53 9898.89
76.2776 1529.38 3472.54 9840.26
76.3312 228.622 1048.26 3254.48
76.4385 250.437 804.876 2564.48
76.5394 247.6 691.997 2232.3
76.6922 216.674 877.374 3462.69
76.7379 2212.7 4587.87 10963.4
76.8442 246.881 1004.36 3124.48
76.9392 2152.17 4414.71 10781.6
77.0985 798.82 379.445 3076.75
77.1419 656.498 336.69 2442.64
77.2412 2434.31 4647.32 11294.5
77.3581 246.411 1340.99 4042.54
77.4979 2735.92 4858.31 11724.2
77.6799 246.573 732.017 2260.69
77.7846 2781.95 4989.61 11777.3
77.9369 2790.88 5007.47 11802.9
77.9823 2798.65 5023.13 11824.7
78.0874 2804.43 5034.01 11841.4
78.1944 2808.89 5042.02 11853.9
78.3397 2810.75 5044.62 11859.1
78.3944 2810.34 5042.28 11858.3
78.4886 2807.76 5035.22 11851.3
78.6923 2803.2 5023.75 11839.1
78.7319 2796.55 5008.05 11821
78.8495 2788.03 4988.36 11798
78.9536 2777.94 4965.59 11770.7
79.0486 2766.54 4940.27 11740
79.1005 2754.34 4913.54 11707.1
79.2048 2741.66 4885.99 11673.1
79.3998 2728.78 4858.43 11639.2
79.4351 2716.47 4832.57 11607.2
79.5043 2705.33 4809.25 11578
79.5964 2695.52 4788.74 11552.2
79.6991 2687.02 4771.13 11529.9
79.8006 2679.49 4755.66 11510.6
79.911 2673.33 4743.39 11494.7
80.0062 2668.57 4734.33 11482.6
80.1027 2664.79 4727.11 11473.7
80.2079 2662.18 4722.73 11467.3
80.3126 2660.71 4720.61 11464.5
80.4152 2660.16 4720.63 11464.1
80.5116 2660.42 4722.59 11465.9
80.6137 2661.61 4726.48 11470.3
80.7154 2663.59 4732.23 11477.1
80.8149 2666.16 4739.75 11485.8
80.9187 2669.09 4748.41 11495.6
81.027 2672.26 4757.93 11506.5
81.1656 2675.57 4768.12 11518.1
81.317 2679.21 4779.41 11530.6
81.3523 2682.88 4791.12 11543.1
81.5194 2686.27 4802.26 11555.1
81.5563 2689.43 4813.22 11566.7
81.6265 2692.33 4823.5 11577.7
81.7743 2695.03 4833.62 11588.1
82.0175 2697.2 4843.89 11598.1
82.0434 2699 4854.4 11607.9
82.0793 2700.29 4864.64 11616.9
82.2833 2701.54 4875.01 11624.1
82.3156 2702.48 4884.17 11631.3
82.3862 2702.71 4892.2 11637.2
82.4293 2702.07 4899.02 11641.5
82.5297 2670.9 4812.12 11634.5
82.6332 2668.1 4815.7 11634.1
82.7263 2664.4 4817.48 11631.8
82.8275 2660.08 4819.14 11628.4
82.9347 213.337 1551.44 4782.79
83.0374 205.892 634.836 2642.95
83.1913 209.404 646.043 2812.7
83.3357 223.336 1154.71 4217.76
83.3704 3312.62 6275.3 13002.4
83.5372 3303.17 6278.64 12995.3
83.5798 208.694 664.041 2834.49
83.6949 750.105 750.105 2804.78
83.8452 75.0637 401.724 1055.94
83.9976 3265.68 6315.42 12995
84.031 3253.98 6319.45 12986.6
84.0689 3241.83 6324.18 12977.9
84.2486 3229.19 6328.72 12968.6
84.2929 3216.32 6270.35 12942.2
84.358 207.641 1837.44 6649.98
84.4501 3179.51 6256.04 12890.2
84.8066 3153.8 6188.19 12773.9
84.8358 3139.57 6188.31 12761.4
84.8719 198.201 499.3 2126.58
84.9518 3037.99 5883.15 12514.4
84.9894 2543.56 5600.95 11803.1
85.0541 2142.82 4339.31 10892.2
85.1505 1512.75 3835.3 10090.6
85.297 1501.34 3845.53 10080.5
85.3536 1489.92 3856.46 10071.1
85.4523 1932.89 243.402 5785.03
85.5507 1441.58 3749.28 10050
85.6494 1430.32 3758.28 10040.7
85.7512 1395.26 3655.97 9895.13
85.8659 230.968 658.4 2175.22
85.9541 1383.16 3269.48 9361.12
86.0515 1345.28 3182.33 9209.89
86.2599 1249.2 2656.34 8588.77
86.2866 1242.6 2584.67 8520.58
86.5436 1241.77 2581.15 8505.2
86.594 111.482 417.814 1141.46
86.6949 234.806 618.65 2917.09
86.8447 1334.93 3128.36 9115.83
86.9486 1332.51 3128.39 9108.94
87.0008 1326.53 3113.1 9079.74
87.103 1317.99 3090.72 9040.66
87.2001 1225.05 2522.96 8353.6
87.3004 1214.78 2496.21 8306.99
87.4583 191.327 448.658 1983.77
87.5144 933.471 277.974 7397.98
87.6104 2849.44 309.544 10531.5
87.7099 2796.52 5551.4 12099.1
87.8178 1462.97 328.773 4789.39
87.915 3137.32 6427.37 13146.2
88.01 3000.72 6081.59 12779.4
88.1237 8503.15 368.016 15587.1
88.2155 143424 6718.88 106573
88.3115 2381.94 4825.03 11272.1
88.4124 1890.16 3750.92 9739.11
88.6137 1099.47 2080.3 7582.23
88.6402 1053.94 1986.73 7395.12
88.7221 956.141 1653.27 6843.21
88.818 917.728 1587.06 6684.2
88.9196 892.376 1490.86 6487.93
89.0224 858.58 1436.81 6348.17
89.1764 977.213 341.921 2948.09
89.3213 3139.14 334.428 8140.65
89.479 59.213 395.857 824.222
89.5081 170.473 673.533 1899.33
89.5327 1342.19 332.614 3402.87
89.6289 2159.81 1326.5 8067.99
89.7382 73.1107 406.948 801.784
89.8292 2193.79 1493.93 8106.22
89.9305 148.206 638.842 2144.64
90.0343 65.3928 400.617 950.925
90.2407 171.217 656.812 1703
90.277 666.513 356.181 1926.76
90.3928 1037.01 317.059 3670.74
90.44 250.489 903.381 2306.09
90.5477 154.032 579.606 1562.44
90.6494 4429.03 2276.75 11073.4
90.847 273.191 999.139 2455.84
90.887 257.867 996.52 2432.01
90.9478 53.2834 408.735 983.032
91.0524 8928.36 239.207 39276.1
91.1464 78.5567 432.944 1311.47
91.2504 8024.46 229.899 37518.6
91.3533 161.15 547.216 1960.79
91.5102 160.877 547.594 1962.16
91.5534 160.613 547.881 1963.21
91.6526 160.259 547.932 1963.31
91.7517 159.918 547.878 1963.09
91.8569 6835.01 249.849 24864.7
91.9573 306.965 646.289 2761.33
92.1123 177.012 571.655 2103.79
92.1577 159.545 546.959 1959.2
92.2555 76.6232 434.469 1309.88
92.4526 53.4112 411.029 982.268
92.4933 53.143 393.217 807.79
92.6113 5532.9 3429.89 12704.5
92.6724 773.839 379.376 2778.64
92.822 53.3586 392.989 805.197
92.8705 53.4519 392.891 804.273
92.9685 195.354 690.779 1758.66
93.0706 192.243 879.858 2176.72
93.2177 3472.38 3745.65 11674.7
93.3158 3468.31 3722.97 11658.2
93.3662 3457.72 3711.85 11645.1
93.5212 3440.34 3712.25 11635.1
93.7695 740.886 339.213 2636.12
93.8105 185.184 880.237 2186.62
93.8521 168.349 561.259 1686.82
93.8895 2825.11 3886.36 10846
93.9742 2810.91 3909.11 10852.1
94.0725 2798.76 3932.16 10859.9
94.1731 168.716 872.44 2880.42
94.3796 3138.67 4723.86 11449.3
94.4206 612.704 380.244 2533.38
94.5294 157.864 903.148 2993.77
94.5898 54.2884 408.12 971.825
94.6803 161.624 973.2 3015.86
94.7836 77.8748 430.542 1296.25
94.8866 77.9422 430.57 1296.91
94.9834 174.488 760.541 2211.22
95.0833 176.195 512.424 1930.42
95.1875 176.104 512.686 1932.11
95.2924 175.901 513.051 1933.74
95.3908 175.71 513.477 1935.29
95.4981 200.167 954.507 3031.47
95.7447 226.837 901.591 3963.32
95.7807 291.193 588.777 2859.62
95.8242 291.03 589.516 2861.65
95.8954 290.853 590.227 2863.54
95.9955 290.426 590.834 2864.88
96.095 289.053 591.105 2864.27
96.2028 286.531 590.895 2860.85
96.2971 226.027 1170.32 4290.17
96.4046 304.898 596.496 2947.5
96.5029 303.346 593.878 2930.82
96.6103 300.968 590.026 2907
96.7037 297.405 584.779 2875.1
96.8057 292.322 578.428 2837.07
96.9052 712.063 345.75 2611.8
97.0026 297.911 570.574 3088.49
97.1091 295.585 565.756 3060.1
97.3634 229.554 1135.04 4058.1
97.4033 202.948 977.263 2766.03
97.4544 234.803 1205.63 3054.09
97.5256 235.966 649.641 2505.74
97.6195 245.639 737.533 2026.28
97.7157 932.635 932.635 2481.52
97.9477 1063.95 1834.94 6457.4
98.0498 1038.39 1827.72 6394.14
98.1536 1039.32 1826.03 6394.48
98.2541 1041.34 1827.22 6399.81
98.3543 1044.31 1831 6409.48
98.4581 1048.1 1837.11 6422.99
98.5594 247.471 853.202 2266.7
98.6617 1074.51 1856.67 6512.46
98.7651 1079.4 1867.27 6533.07
98.8582 1084.57 1878.52 6554.63
98.9631 1090.01 1890.39 6577.22
99.0663 1095.56 1902.49 6600.19
99.1622 1084.03 1912.44 6567.87
99.3644 1089.01 1924.19 6589.68
99.4077 1093.48 1935.27 6610.49
99.4669 1097.12 1944.85 6628.72
99.6196 1099.96 1952.86 6644.18
99.6753 1102.24 1959.49 6657.29
99.7733 1066.25 1935.55 6355.26
99.87 1067.89 1938.85 6363.35
99.9704 1068.93 1940.72 6369.29
100.075 1069.32 1940.96 6373.07
100.174 1069.35 1940.23 6375.29
100.271 1068.85 1938.16 6375.64
100.634 1067.91 1935.11 6374.46
100.669 1066.52 1930.8 6371.64
100.709 1064.84 1925.72 6367.73
100.83 1062.99 1920.24 6363.44
100.868 1060.91 1914.13 6358.41
100.938 1058.79 1907.89 6353.46
100.988 1056.75 1901.73 6348.93
101.081 1054.62 1895.31 6344.2
101.179 1052.62 1889.08 6340.01
101.284 1050.83 1883.23 6336.8
101.399 1049.15 1877.65 6334.31
101.489 1047.64 1872.36 6332.44
101.587 1046.35 1867.51 6331.58
101.687 1045.25 1863.12 6331.91
101.788 1044.5 1859.31 6333.58
101.895 1044.03 1856.11 6336.37
101.988 1043.75 1853.27 6340.36
102.143 1043.67 1850.89 6345.41
102.246 1043.92 1848.99 6351.69
102.298 1044.32 1847.37 6358.99
102.493 1044.8 1845.96 6367.02
102.534 1045.46 1844.84 6375.93
102.692 1046.32 1844.07 6385.89
102.751 1047.38 1843.6 6396.87
102.896 1048.57 1843.36 6408.74
102.937 1049.92 1843.34 6421.33
102.998 1051.29 1843.21 6434.22
103.165 1052.65 1842.85 6447.29
103.204 1054.18 1842.32 6460.95
103.3 1055.63 1841.5 6474.68
103.51 1056.9 1840.37 6488.33
103.552 2311.05 242.764 6781.71
103.757 1059.45 1837.93 6517.25
103.798 979.253 1810.95 6509.96
103.839 980.608 1808.99 6523.75
103.907 981.943 1806.83 6537.88
104.008 961.769 1804.62 6476.3
104.117 963.098 1802.2 6490.3
104.217 964.544 1799.49 6505.07
104.363 863.07 1638.32 5674.94
104.417 863.291 1637.27 5687.18
104.573 863.479 1636.66 5700.1
104.624 216.598 216.598 7087.37
104.714 972.343 1786.6 6589.85
104.817 478.458 382.866 2030.11
105.018 319.899 500.372 1881.94
105.064 1030.89 1802.4 7087.57
105.124 999.565 1776.37 6751.16
105.22 1001.29 1773.1 6771.3
105.386 998.372 250.845 3629.45
105.433 1038.36 1789.57 7179.58
105.525 1006.24 1764.51 6835.91
105.725 231.73 892.381 2500.8
105.77 990.236 1758.35 6788.96
105.833 991.984 1755.75 6809.57
105.928 212.576 568.32 1634.99
106.042 230.486 757.354 2456.83
106.135 845.246 1577.95 6061.16
106.283 822.143 1524.24 5221.85
106.436 808.163 429.265 4112.56
106.657 765.29 392.839 3374.85
106.743 766.398 393.018 3383.23
106.829 3396.57 234.248 10832.5
106.975 794.385 413.07 3617.74
107.03 794.042 412.994 3622.09
107.129 793.998 412.754 3626.26
107.226 793.709 412.316 3628.63
107.339 320.432 412.125 1909.25
107.442 2663.82 275.343 9459.39
107.636 861.721 551.684 4978.95
107.673 854.713 546.11 4953.9
107.736 822.78 460.004 4200.86
107.84 810.614 456.344 4159.86
107.94 796.185 452.06 4110.39
108.088 779.823 447.221 4053.45
108.144 712.553 397.216 3863.84
108.246 700.777 380.497 3299.33
108.349 632.391 362.094 2997.17
108.467 10632.6 372.389 16902.7
108.552 107.187 419.801 907.891
109.006 624.604 355.255 3010.51
109.045 34.3467 385.142 568.023
109.082 2224.77 2768.06 11889.1
109.113 2086.54 2542.1 11443.9
109.151 1956.39 2219.99 10721.8
109.2 1873.75 2122.93 10473.7
109.248 1955.7 1476.64 9824.49
109.347 1873.26 1426.41 9576.74
109.454 103.679 412.626 1124.19
109.606 1756.59 1337.68 9244.95
109.656 1710.83 1302.83 9111.56
109.757 158.954 554.705 1771.56
109.854 1172.29 349.31 2928.22
109.951 1154.58 1418.54 8376.17
110.062 1258.25 310.628 2971.01
110.156 2286.11 1727.76 9826.95
110.319 169.754 711.842 1801.3
110.364 184.625 685.857 1604.27
110.46 2513.5 1968.37 10539.4
110.56 1974.1 1828.39 9794.2
110.672 158.696 637.201 2044.82
110.765 897.891 316.057 2114.82
110.868 746.362 361.277 1792.39
110.969 102.582 398.551 1455.78
111.078 844.56 318.08 1930.52
111.22 144.634 400.538 1858.05
111.275 145.062 400.667 1862.07
111.423 145.399 400.813 1865.89
111.473 145.508 400.968 1869.35
111.593 9108.36 265.323 27916.9
111.68 8935.49 266.455 28254.8
111.834 10329.5 252.464 34882.9
111.885 8634.27 270.107 25521.7
111.984 24313.2 417.783 32510.3
112.077 23942.8 395.66 32426.7
112.279 23913.2 394.684 32315.2
112.32 23824 393.45 32117.6
112.383 23701.3 391.914 31861
112.492 23523.8 390.099 31530.1
112.586 22026.3 376.199 30973.8
112.683 21726 351.688 30016
112.784 20767 334.73 29498.9
112.888 870.141 371.532 2722.11
112.992 138.76 403.399 1860.59
113.085 101.352 401.637 1461.53
113.289 926.992 351.511 2750.69
113.326 136.91 404.187 1852.41
113.391 100.056 402.289 1456.12
113.496 99.6412 402.556 1454.69
113.588 99.2257 402.845 1453.46
113.752 46.2564 383.815 807.744
113.845 46.2534 383.824 807.446
113.947 30.9072 383.597 541.61
114 30.8999 383.613 541.592
114.145 30.896 383.631 541.594
114.192 30.8961 383.651 541.618
114.35 30.8975 383.671 541.67
114.395 2036.36 2161.53 10473.1
114.495 2028.27 2169.14 10480
114.602 2020.43 2177.67 10487.9
114.698 2014.49 2185.56 10496.8
114.8 2010.65 2192.71 10507.1
114.897 2008.2 2198.61 10517.4
115 2007.04 2203.65 10528.3
115.101 2006.89 2207.58 10539.1
115.199 2008.12 2210.93 10551.2
115.356 184.44 1321.64 3659.3
115.663 31.3246 385.503 607.696
115.696 31.0432 383.839 543.167
115.731 31.0525 383.866 543.318
115.77 257.273 841.946 3069.12
115.877 46.8736 384.228 810.959
115.912 46.8791 384.268 811.272
116.029 46.881 384.31 811.604
116.115 46.8785 384.354 811.935
116.215 46.8775 384.399 812.292
116.367 46.8598 384.444 812.633
116.415 46.823 384.487 812.955
116.567 45.7631 384.527 812.149
116.621 44.6647 384.558 810.588
116.714 43.4559 384.576 808.141
116.969 42.1021 384.58 804.704
117.006 29.8972 384.275 540.12
117.044 29.6105 384.251 538.387
117.116 1818.87 1961.55 9993.29
117.22 1747.1 1860.46 9774.29
117.319 1697.41 1808.34 9639.75
117.42 1614.48 1655.87 9193.65
117.52 1577.5 1618.39 9064.6
117.681 1557.96 1591.92 9010.77
117.726 1553.67 1498.75 8838.66
117.926 208.493 893.641 2412.35
117.969 203.459 709.745 2051.15
118.156 1940.2 2394.24 10558.7
118.265 1938.81 2386.05 10575.2
118.568 1941.16 2384.46 10606.3
118.6 1946.94 2389.01 10650.8
118.631 1955.58 2398.79 10706.8
118.674 1966.91 2413.52 10773.9
118.922 1980.73 2432.81 10851.1
118.956 1996.6 2456.19 10936.9
118.987 2014.08 2483.25 11030
119.076 2032.63 2513.07 11128.3
119.175 2052.07 2545.04 11230.9
119.275 2071.95 2578.43 11336
119.383 2092.09 2612.87 11442.9
119.478 2112.22 2647.93 11550.3
119.586 1677.61 2625 10921.5
119.73 1691.15 2656.65 11014.2
119.787 5125.26 346.253 11614.9
119.937 1715.21 2726.33 11237.3
119.984 1693.16 2740.54 11311.2
120.083 1702.81 2764.25 11387.1
120.187 1711.31 2785.01 11456.8
120.292 1718.34 2802.28 11519.1
120.392 1723.98 2816.01 11573.9
120.545 1728.11 2825.86 11620.5
120.588 1730.75 2831.85 11659
120.745 1732 2834.2 11689.7
120.789 1731.66 2833.15 11712.3
120.892 1730.18 2828.53 11727.4
120.99 1727.67 2820.68 11736
121.096 1724.36 2810.02 11738.7
121.252 1720.54 2797.66 11737.1
121.3 1716.15 2783.75 11731.4
121.548 1711.51 2768.86 11722.8
121.756 1706.77 2753.55 11712.2
121.788 1702.02 2738.12 11700.1
121.897 1697.45 2722.95 11687.4
121.933 1692.83 2708.83 11674.3
122.056 1688.82 2695.34 11662.2
122.09 1685.56 2682.27 11651.2
122.121 1682.45 2668.91 11639.2
122.204 1680 2656.62 11628.9
122.304 1678.2 2645.53 11620.5
122.408 1676.77 2635.24 11613.1
122.508 1675.65 2625.37 11606.2
122.603 1674.91 2616.15 11600.2
122.704 1674.71 2607.96 11596.1
122.82 196.525 1302.29 3390.46
122.961 1849.11 2617.14 12040.1
123.013 1849.87 2609.73 12038.6
123.11 1851.17 2602.31 12038.2
123.212 1841.52 2593.93 11983
123.363 1842.58 2583.69 11977.9
123.615 1843.7 2573.12 11972.9
123.651 1682.09 2541.5 11576.9
123.688 1683.45 2530.99 11573.8
123.765 1684.86 2520.31 11571.2
123.87 1685.64 2511.34 11569.8
123.969 1686.68 2501.22 11568.7
124.021 1650.4 316.296 4311.22
124.122 1692.03 2479.23 11573.2
124.279 1694.53 2466.32 11574.2
124.328 1697.29 2453.51 11576.9
124.428 197.575 591.458 1754.94
124.521 1866.31 2447.73 11976.8
124.673 1869.85 2435.16 11985.1
124.729 210.312 632.203 1939.64
124.827 1712.97 2393.5 11619.6
124.925 2383.05 1716.01 11632.5
125.027 2370.42 1719.97 11646.2
125.127 1527.06 1719.1 10529.5
125.329 407.043 362.767 1635.39
125.366 1901.82 1525.23 10709.7
125.48 1908.04 1517.44 10729.8
125.536 1914.52 1509.6 10751.6
125.642 67.4415 391.194 862.781
125.74 501.168 376.752 1918.71
125.938 179.205 431.596 1168.36
125.975 1934.46 1475.44 10921.2
126.041 61.1168 389.049 787.659
126.136 1945.11 1453.62 10961.7
126.239 1916.14 1407.22 10733.2
126.339 1920.51 1395.51 10686.1
126.493 1928.65 1385.75 10713.2
126.604 1947.17 1381 10761.8
126.698 1930.47 1366.54 10616.9
126.946 1928.81 1368.34 10643.9
126.998 1889.01 1289.92 10182
127.148 1872.33 1277.59 10017.9
127.207 299.243 421.826 1594.07
127.305 1854.33 1271.9 10032.9
127.503 1845.34 1268.03 10037.2
127.53 1126.62 1572.91 9339.55
127.603 1121.36 1562.27 9334.18
127.706 1114.79 1550.06 9322.73
127.807 1106.86 1536.1 9304.7
127.913 1519.87 1519.87 9288.99
128.01 1499.14 1499.14 9254.36
128.111 1472.83 1070.31 9205.49
128.214 1440.99 1051.24 9120.88
128.311 977.562 1388.74 8895.5
128.414 952.354 1350.11 8784.01
128.569 926.721 1310.01 8682.48
128.671 900.831 1268.87 8593.36
128.762 875.18 1228.12 8459.6
128.824 850.36 1188.66 8327.2
128.973 675.12 975.072 7306.5
129.168 658.693 944.064 7191.71
129.194 642.646 914.358 7078.49
129.225 653.402 336.468 1875.04
129.372 719.951 881.469 7306.8
129.424 702.803 857.428 7201.44
129.525 585.995 815.321 6677.92
129.72 574.275 796.18 6596.44
129.785 92.7017 406.942 1015.85
129.826 1498.92 893.733 7965.61
130.035 2764.25 330.324 7199.31
130.068 677.682 843.375 7270.47
130.134 644.653 812.669 6920.19
130.226 640.391 805.643 6895.01
130.384 1370.61 331.306 2838.14
130.437 537.812 776.521 6462.79
130.538 136.001 435.363 942.97
130.63 643.153 796.699 6963.32
130.735 1207.81 328.803 2359.75
130.832 642.425 811.025 7157.63
131.037 643.151 811.968 7178.56
131.065 644.491 813.495 7203.37
131.136 646.239 815.381 7230.42
131.448 926.65 363.789 1604.59
131.476 657.259 851.086 7575.67
131.642 659.499 853.381 7606.31
131.668 661.756 855.543 7636.65
131.701 663.563 857.235 7663.53
131.8 14576.1 222.361 46805.2
131.849 670.011 869.479 7957.51
131.946 670.901 870.395 7980.64
132.048 671.343 870.97 8000.84
132.151 671.489 871.234 8018.93
132.246 665.89 868.573 7981.85
132.347 663.449 864.03 7894.55
132.5 661.629 859.355 7788.22
132.553 660.751 857.279 7795.04
132.699 655.016 853.646 7709.38
132.752 650.716 805.118 7303.61
132.857 649.672 802.176 7303.84
132.956 635.956 793.421 7194.54
133.107 539.749 770.68 6751.48
133.208 929.052 343.987 2574.29
133.274 543.996 327.869 1686.8
133.361 539.933 758.212 6736.81
133.463 535.793 729.115 6512.29
133.559 521.725 718.239 6291.48
133.657 481.835 673.007 5855.2
133.809 283.868 405.766 1272.79
133.864 493.771 670.28 5908.43
134.012 208.188 395.698 1076.64
134.064 505.776 676.166 5973.34
134.157 507.034 672.725 5971.93
134.314 485.805 654.159 5834.83
134.364 35.4558 381.189 538.258
134.565 457.132 630.87 5447.32
134.592 458.453 628.568 5448.68
134.669 459.696 626.564 5450.76
134.771 460.842 624.87 5453.51
134.921 461.871 623.507 5457.07
134.976 462.792 622.448 5461.39
135.075 463.562 621.648 5466.08
135.171 464.171 621.092 5471.04
135.337 663.018 341.928 2250.36
135.478 187.599 1288.8 3300.29
135.513 1669.99 942.417 8306.96
135.726 942.925 297.244 3029.11
135.758 2842.96 1263.82 10502.2
135.84 2842.23 1266.2 10520.6
135.889 704.364 280.636 2525.33
135.987 985.933 277.694 3082.43
136.088 2838.86 1273.99 10873.7
136.239 2835.91 1276.86 10893.8
136.288 2832.98 1273.57 10777.1
136.484 2831.77 1276.31 10797.7
136.507 2830.89 1278.9 10818
136.591 2494.55 250.231 5346.6
136.686 2832.1 1283.44 10859.3
136.783 2827.05 1284.32 10770.2
136.892 2829.89 1286.18 10790.2
136.985 2833.54 1287.82 10810.1
137.087 2835.51 1288.13 10823.5
137.188 2825.13 1282.92 10809.7
137.288 2797.75 1271.42 10762.4
137.397 2752.94 1253.3 10680.1
137.551 2689.25 1228.02 10558.4
137.745 2611.46 1197.21 10405.2
137.769 2526.97 1163.69 10234.2
137.844 2442.1 1129.92 10058.2
137.898 2362.17 1098.08 9889.02
138.003 1770.29 242.348 3900.08
138.151 2207.33 1020.43 9544.88
138.198 2163.28 1002.77 9448.29
138.349 2129.83 989.37 9376.88
138.406 2103.55 978.935 9322.85
138.509 2083.01 970.821 9282.4
138.607 2066.23 964.287 9054.35
138.852 2055.99 960.168 9038.1
138.948 2050.47 957.901 9033.3
139.046 2049.81 957.514 9040.08
139.152 2053.74 958.906 9057.93
139.312 2061.73 961.875 9085.53
139.406 2073.38 966.285 9121.75
139.459 2088.42 972.059 9166.05
139.556 2106.17 978.955 9216.91
139.651 2126.12 986.713 9272.88
139.756 2147.96 995.224 9333.04
139.905 2170.77 1004.16 9395.64
140.011 2194.68 1013.54 9460.64
140.062 2216.35 1021.45 9353.14
140.168 2240.36 1030.92 9416.92
140.266 2263.51 1040.13 9478.32
140.361 2284.15 1048.48 9534.26
140.463 2276.09 1045.31 9520.76
140.567 2290.95 1051.25 9562.36
140.665 2302.52 1055.88 9596.26
140.818 2311.51 1059.41 9624
140.867 2317.27 1061.61 9644.28
140.964 2319.81 1062.55 9657.23
141.064 2319.62 1062.37 9663.84
141.168 2316.81 1061.12 9664.24
141.27 2311.09 1058.76 9658.18
141.372 2303.07 1055.52 9647.07
141.471 2293.58 1051.58 9631.97
141.569 2282.69 1046.95 9613.13
141.669 2271.07 1041.93 9592.23
141.779 2258.61 1036.54 9569.22
141.881 2245.94 1031.05 9545.5
141.985 2233.67 1025.67 9522.55
142.08 2221.62 1020.35 9499.79
142.183 2210.46 1015.36 9478.97
142.283 2199.57 1010.46 9458.64
142.381 2188.79 1005.8 9439.31
142.477 2179.56 1001.54 9422.64
142.581 2171.4 997.464 9407.56
142.681 2138.27 980.481 9324.32
142.781 2133.11 977.214 9314.61
142.893 221.947 1756.38 4060.66
142.987 2096.37 950.874 9225.87
143.092 2094.5 948.681 9222.74
143.194 2093.66 946.753 9221.58
143.347 2093.57 945.11 9222.12
143.398 2064.03 934.223 9151.17
143.5 2065.43 933.009 9154.82
143.593 2068.14 931.898 9160.14
143.699 2071.75 930.836 9166.58
144.054 2075.92 929.765 9173.62
144.078 2080.43 928.661 9180.96
144.102 2085.34 927.549 9188.76
144.148 2090.39 926.393 9196.42
144.196 2095.54 925.128 9203.77
144.305 2100.58 923.746 9210.54
144.452 2093.42 921.94 9069.32
144.503 2097.64 920.248 9073.92
144.605 198.813 474.425 1402.6
144.709 444.678 375.257 1671.76
144.807 196.591 438.944 1197.15
145.022 173.413 464.746 1178.47
145.057 213.126 213.126 7427.96
145.113 2543.81 1114.5 10592.7
145.213 470.954 375.9 1748.11
145.308 2552.6 1108.84 10774.3
145.411 2553.28 1103.86 10585.8
145.511 2555.64 1099.74 10580.5
145.609 2557.98 1045.37 10178.3
145.762 2534.16 1031.32 10105.7
145.813 87.7748 389.93 960.615
145.91 2551.54 991.938 9783.36
146.014 54.7444 385.388 761.402
146.122 57.8237 383.728 787.111
146.22 88.886 388.595 859.471
146.563 1680.83 831.97 8207.31
146.59 96.7646 392.945 825.105
146.622 1686.11 825.16 8203.11
146.683 1691.17 821.722 8204.65
146.722 1696.66 817.902 8205.83
146.871 1702.54 813.872 8206.6
146.923 1708.61 809.654 8206.79
147.256 1690.36 794.989 8129.08
147.294 567.109 345.613 1854.36
147.324 1631.26 673.734 7575.41
147.457 1598.06 656.191 7210.39
147.489 1587.51 657.905 7200.08
147.693 557.891 282.916 1726.87
147.793 1625 677.19 7576.94
147.945 1268.41 620.97 6433.94
148 1266.83 621.363 6433.61
148.097 1263.78 621.449 6429.34
148.198 1259.35 621.103 6420.88
148.303 1253.62 620.267 6408.5
148.399 1246.69 618.972 6392.31
148.501 1237.89 617.282 6370.93
148.604 1226.42 614.554 6341.79
148.707 1211.64 610.634 6302.37
148.804 1193.88 605.518 6253.4
148.91 1172.47 599.459 6193.91
149.005 1146.61 592.613 6123.33
149.108 1118.42 584.964 6045.14
149.21 1088.43 576.629 5960.28
149.322 11328.6 352.358 13701.1
149.412 1052.01 608.077 6170.24
149.771 199.758 1013.11 2356.65
149.8 12080.5 354.827 14827.3
149.82 945.238 574.465 5711.8
149.919 7709.52 308.229 17715.1
149.947 862.242 510.912 5268.95
150.025 833.386 502.012 5172.61
150.125 806.585 493.49 5080.64
150.225 625.619 365.257 1630.68
150.322 778.169 510.134 5135.44
150.624 727.382 462.396 4717.07
150.648 3041.65 334.086 7849.92
150.674 694.367 450.995 4590.25
150.785 1943.07 331.427 5230.97
150.83 671.029 442.222 4496.2
150.984 605.864 346.033 1457.44
151.032 461.239 671.581 4642.01
151.131 649.31 433.46 4405.38
151.295 1704.29 334.146 3008.87
151.581 453.926 653.217 4607.46
151.6 452.911 650.602 4598.25
151.624 452.418 648.933 4593.49
151.645 452.409 648.17 4592.67
151.776 452.783 648.088 4594.75
151.884 230.885 899.478 2582.87
152.006 1636.85 359.278 2574.64
152.048 32354.7 683.343 45593.5
152.142 19201.8 683.645 26910.5
152.245 19701.5 685.893 27315
152.345 20167.5 687.431 27668.4
152.495 20507.8 688.57 27908
152.549 20662.8 689.042 27985.2
152.644 20671.2 689.106 27937.9
152.748 20575.2 688.646 27798.7
152.851 20416.8 687.64 27597.9
152.948 20193.7 686.141 27331.4
153.057 19921.8 684.319 27013.5
153.155 19613.2 682.21 26658.2
153.256 19284.9 679.88 26277.7
153.55 18943.8 677.319 25876.9
153.573 18492.3 667.111 25362.7
153.604 18164.2 664.27 24953
153.661 16494 259.408 47834.7
153.817 13690.8 261.018 38808.1
153.959 17184.2 655.807 23679.1
153.993 1872.88 333.844 4140.61
154.059 1770.01 358.635 4115.77
154.163 1245.91 371.382 3077.45
154.308 469.36 612.593 4567.09
154.364 590.996 447.198 4217.37
154.46 586.073 448.938 4209.21
154.66 581.264 450.884 4202.11
154.688 576.733 453.02 4196.45
154.755 572.314 455.318 4191.76
154.86 567.982 457.781 4187.91
154.962 563.816 460.383 4184.91
155.07 544.215 460.754 3936.99
155.165 531.87 461.433 3848.65
155.322 526.214 456.645 3733.36
155.417 509.912 456.959 3648.38
155.662 507.46 459.227 3648.85
155.68 505.435 461.253 3649.83
155.776 503.84 462.999 3651.17
155.805 502.72 464.419 3652.82
155.873 450.671 467.382 3276
156.025 451.935 466.572 3277.7
156.07 192.212 1663.88 3678.66
156.167 501.732 467.267 3660.79
156.275 502.022 467.573 3663.09
156.477 502.36 467.814 3665.36
156.507 502.733 468.017 3667.62
156.579 503.109 468.182 3669.76
156.677 503.559 468.331 3672.04
156.838 504.022 468.457 3674.28
156.879 504.577 468.538 3676.55
157.04 629.919 284.211 2003.1
157.075 525.05 475.745 3882.59
157.176 525.769 475.783 3884.96
157.335 526.529 475.792 3887.35
157.436 527.315 475.78 3889.77
157.48 528.092 475.742 3892.11
157.739 524.823 469.197 3778.26
157.885 525.626 469.119 3780.63
157.901 526.24 469.01 3781.96
157.923 526.332 468.773 3780.99
157.989 525.541 468.286 3776.23
158.093 523.431 467.453 3766.17
158.192 519.688 466.175 3749.61
158.293 514.041 464.344 3725.31
158.392 506.439 461.871 3692.95
158.493 497.456 458.862 3654.81
158.643 488.007 455.392 3613.76
158.701 1651.76 255.464 3774.36
158.8 1552.78 246.179 3174.54
158.953 1024.91 534.272 4799.31
159.005 1021.77 530.526 4765.24
159.1 1020.16 527.629 4739.68
159.207 438.96 460.44 3332.62
159.298 437.709 459.169 3326.39
159.395 436.782 458.206 3322.07
159.633 431.579 456.89 3211.56
159.789 431.39 456.441 3210.98
159.99 431.576 456.221 3212.29
160.008 432.132 456.227 3215.35
160.04 433.002 456.433 3219.89
160.138 434.12 456.812 3225.53
160.246 435.388 457.344 3232.01
160.347 436.779 458.062 3239.36
160.448 438.204 458.896 3247
160.552 439.639 459.874 3254.97
160.652 441.015 460.963 3262.96
160.749 442.284 462.118 3270.7
160.847 443.459 463.329 3278.22
160.948 438.34 457.796 3199.46
161.049 439.278 458.473 3205.3
161.149 439.981 459.055 3210.13
161.251 14054.2 275.775 31802.6
161.352 468.39 446.915 3304.11
161.456 468.927 447.15 3306.4
161.554 469.251 447.261 3307.68
161.805 469.414 447.28 3308.22
161.824 469.308 447.161 3307.53
161.863 469.067 446.969 3306.24
162.014 468.697 446.709 3304.33
162.065 468.222 446.391 3302.03
162.162 467.739 446.081 3299.78
162.261 467.277 445.785 3297.77
162.36 466.555 445.389 3294.54
162.462 465.837 445.015 3291.48
162.563 444.702 465.2 3288.86
162.67 444.455 464.64 3286.69
162.763 444.278 464.136 3284.91
162.87 444.157 463.668 3283.42
163.023 434.541 456.676 3196.17
163.079 434.182 456.256 3193.57
163.171 433.944 455.857 3191.32
163.374 433.799 455.477 3189.49
163.404 433.73 455.116 3188
163.483 433.752 454.782 3186.88
163.63 433.84 454.473 3186.08
163.678 433.995 454.187 3185.59
163.828 434.2 453.927 3185.36
163.884 434.47 453.705 3185.52
163.979 434.753 453.506 3185.86
164.081 435.033 453.339 3186.39
164.184 435.343 453.2 3187.14
164.288 395.025 451.304 2828.76
164.438 395.157 451.396 2829.72
164.488 2472.4 231.054 4960.78
164.591 436.462 453.175 3191.75
164.693 436.619 453.377 3193.23
164.835 436.718 453.688 3194.9
164.89 436.717 454.097 3196.56
164.988 436.6 454.594 3198.16
165.144 436.32 455.213 3199.75
165.194 435.93 455.96 3201.34
165.292 395.758 453.735 2841.75
165.394 249.352 813.881 2126.14
165.493 433.353 458.421 3202.86
165.59 393.74 454.77 2840.21
165.691 392.725 455.106 2838.68
165.793 391.638 455.471 2837.03
165.895 390.515 455.853 2835.21
165.998 389.26 456.23 2833
166.103 387.996 456.692 2831.05
166.298 463.79 370.737 1606.64
166.322 385.374 457.917 2827.76
166.502 384.007 458.652 2826.26
166.534 206.061 1162.39 2612.01
166.605 381.249 460.399 2823.9
166.698 659.517 376.497 2046
166.808 99.559 392.462 796.655
166.902 408.925 472.525 3177.66
167.007 54.3174 381.089 739.198
167.154 414.909 480.452 3260.1
167.206 2708.73 311.835 5568.38
167.311 370.92 469.383 2820.41
167.464 369.331 471.216 2821.08
167.518 104.65 389.632 870.971
167.612 366.257 475.366 2823.89
167.708 352.249 448.914 2592.56
167.959 213.09 400.904 1758.95
168.192 210.427 399.42 1569.78
168.208 210.545 399.466 1570.22
168.298 33.8206 379.101 830.178
168.401 44.9924 380.54 643.301
168.45 208.674 396.44 1439.53
168.553 207.374 396.155 1437.05
168.658 510.85 334.839 1753.36
168.803 208.214 398.504 1561.39
168.854 207.439 398.256 1558.45
168.955 206.565 397.993 1555.15
169.053 197.501 394.542 1421.89
169.208 2685.96 304.127 9405.45
169.256 202.248 396.94 1538.45
169.406 199.978 396.349 1529.69
169.459 197.303 395.659 1519.4
169.613 194.273 394.883 1507.74
169.762 168.77 390.608 1368.48
169.913 163.78 389.769 1355.3
169.946 13565.8 347.572 15348.5
169.966 188.933 398.905 1720.87
170.069 149.636 387.406 1312.4
170.218 144.991 386.552 1297.18
170.269 140.825 385.715 1281.85
170.364 17.697 373.702 609.109
170.515 17.529 373.444 606.798
170.614 2448.51 922.162 12774.3
170.714 2350.69 897.585 12442.2
170.77 2262.01 862.752 12101.6
170.916 2191.38 843.521 11888.9
170.968 2110.12 825.854 11640.2
171.071 2057.03 810.884 11469.3
171.168 2012.62 798.18 11322.1
171.275 2943.86 334.732 6506.53
171.422 5942.41 1687.13 19941.5
171.673 1550.17 324.801 2793.11
171.692 14.5645 369.031 474.356
171.71 14.5428 368.58 474.154
171.825 14.5297 368.135 474.018
171.882 14.5235 367.7 473.923
171.975 6469.97 2180 21067.2
172.076 6470.49 2176.98 21051.9
172.179 6482.96 2179.29 21064.9
172.282 962.605 363.813 1723.81
172.383 1147.87 354.324 1969.81
172.532 26.388 368.135 742.368
172.59 17.6983 365.837 589.839
172.684 17.7209 365.765 590.093
172.786 17.7231 365.756 590.347
173.039 17.7214 368.26 590.707
173.057 17.7474 368.235 591.174
173.142 17.7332 368.244 591.315
173.194 20602.7 259.293 40289.2
173.343 227.665 387.457 1665.67
173.389 227.49 387.475 1666.14
173.49 227.27 387.458 1666.2
173.596 226.983 387.409 1665.96
173.693 135.456 383.478 1249.19
173.798 135.343 383.442 1248.58
173.899 130.793 377.882 1157.39
173.999 17.5512 370.386 591.462
174.096 17.5271 370.396 591.285
174.198 17.5076 370.404 591.15
174.301 17.4886 370.41 590.945
174.405 14.5936 370.329 474.76
174.503 909.549 347.496 2229.24
174.613 17.4353 370.419 590.122
174.703 17.4226 370.4 589.862
174.81 210.61 694.078 1600.05
174.905 1424.32 340.41 3347.52
175.009 128.094 376.139 1143.34
175.111 26.2113 372.096 741.175
175.207 5166.46 1865.56 18480.1
175.31 4695.84 1526.48 16995.2
175.415 4674.71 1527.11 16967
175.671 3933.01 1354.21 15334.8
175.695 3673.56 1167.36 14382.9
175.726 192.276 465.272 1110.24
175.822 242.01 694.996 1602.32
175.914 14.5059 369.639 473.765
176.086 5094.75 1391.33 18273.5
176.119 34.1462 376.064 643.606
176.221 144.243 383.815 899.188
176.325 17.447 369.441 588.231
176.425 196.116 1584.66 3308.75
176.526 26.47 373.57 832.035
176.633 26.475 373.564 832.093
176.726 26.4788 373.576 832.151
176.834 265.048 525.691 1716.03
176.928 135.629 382.135 1336.25
177.031 935.839 269.35 2792.51
177.134 841.816 274.811 2536.54
177.232 172.856 402.009 1786.77
177.43 172.946 402.153 1787.52
177.456 173.02 402.305 1788.32
177.584 172.845 402.443 1788.76
177.633 172.352 402.558 1788.69
177.731 139.915 399.848 1527.92
177.832 135.322 383 1335.42
177.985 134.553 382.968 1332.16
178.037 124.283 381.349 1225.99
178.133 120.144 381.197 1219.45
178.232 119.131 380.999 1212.06
178.337 118.958 380.805 1205.59
178.491 119.689 380.625 1200.68
178.591 25.5455 374.5 817.567
178.69 25.4429 374.41 816.863
178.791 25.3706 374.322 816.546
178.839 25.3223 374.238 816.393
178.96 25.2943 374.159 816.461
179.098 25.2801 374.084 816.531
179.285 1012.67 293.167 1922.11
179.487 25.0411 371.509 726.67
179.505 25.065 371.439 726.612
179.589 1118.9 276.207 2130
179.692 123.698 379.636 1191.53
179.794 123.735 379.597 1191.53
179.89 123.727 379.567 1191.51
179.995 123.71 379.544 1191.47
180.095 123.679 379.529 1191.44
180.2 123.559 379.52 1191.34
180.351 123.433 379.515 1191.19
180.405 123.306 379.514 1190.97
180.551 123.171 379.516 1190.71
180.654 123.033 379.521 1190.41
180.812 122.897 379.529 1190.04
180.838 122.787 379.54 1189.7
180.907 122.716 379.553 1189.38
181.005 122.672 379.569 1189.08
181.111 122.626 379.587 1188.82
181.213 122.588 379.608 1188.6
181.365 122.556 379.632 1188.42
181.461 122.526 379.658 1188.24
181.518 122.509 379.686 1188.11
181.611 122.499 379.718 1188
181.717 122.5 379.752 1187.94
181.817 122.505 379.79 1187.87
181.914 122.512 379.83 1187.83
182.019 122.525 379.874 1187.8
182.115 122.543 379.92 1187.78
182.273 122.566 379.969 1187.79
182.315 122.585 380.02 1187.78
182.42 122.607 380.073 1187.8
182.514 122.63 380.128 1187.82
182.614 122.661 380.185 1187.84
182.762 122.689 380.244 1187.87
182.916 122.7 380.302 1187.87
183.08 122.72 380.362 1187.88
183.106 122.738 380.421 1187.89
183.13 122.759 380.48 1187.92
183.226 122.778 380.538 1187.95
183.423 122.797 380.596 1187.99
183.449 122.804 380.653 1188.04
183.578 122.797 380.709 1188.09
183.632 122.794 380.763 1188.15
184.234 122.801 380.702 1188.16
184.262 122.776 380.876 1188.17
184.292 4135.45 246.213 7298.35
184.313 127.053 395.814 1371.35
184.332 122.674 381.003 1188.12
184.35 122.631 381.036 1188.06
184.371 122.598 381.067 1188.05
184.438 122.525 381.095 1188
184.536 122.457 381.121 1187.94
184.641 122.38 381.145 1187.9
184.734 122.296 381.166 1187.74
184.835 122.25 381.188 1187.63
184.993 25.2131 374.866 814.785
185.035 25.2152 374.844 814.772
185.137 768.236 374.276 2155.27
185.292 122.003 381.296 1187.22
185.339 121.916 381.325 1187.08
185.439 121.824 381.357 1186.95
185.54 121.659 381.392 1186.74
185.641 121.535 381.431 1186.56
185.744 231.126 703.597 1747.07
185.843 154.325 399.207 1613.89
185.947 154.184 399.275 1613.53
186.049 576.275 372.454 1741.32
186.149 819.828 474.349 3087.6
186.252 133.373 392.493 930.086
186.414 259.588 372.762 1094.22
186.46 837.69 476.482 3250.04
186.555 838.72 474.676 3247.33
186.712 840.351 472.739 3245.07
186.758 842.525 470.655 3243.1
186.858 819.285 418.008 2837.66
186.954 821.33 415.975 2835.18
187.056 823.584 413.852 2832.74
187.159 133.362 390.041 916.301
187.258 828.299 409.33 2827.34
187.356 830.778 406.952 2824.44
187.458 815.206 399.961 2752.92
187.563 4894.05 249.384 9056.3
187.661 809.278 389.33 2508.82
187.76 765.084 379.132 2148.9
187.868 742.063 365.47 2071.1
188.024 738.938 365.521 2067.28
188.211 34.0193 373.034 613.257
188.352 754.305 379.196 2135.56
188.404 757.834 379.181 2138.8
188.506 760.184 379.104 2140.75
188.619 686.372 358.616 2200.45
188.709 816.329 393.27 2732.13
188.811 813.019 392.852 2725.95
188.918 808.598 392.273 2717.54
189.061 802.739 391.536 2706.2
189.119 795.504 390.641 2692.1
189.216 774.48 384.311 2441.7
189.314 763.827 383.147 2422.38
189.614 751.864 381.839 2400.49
189.631 738.44 380.365 2375.59
189.653 723.11 378.645 2347.59
189.724 705.324 376.637 2314.11
189.829 18082.8 347.04 20686.8
189.923 706.611 389.279 2614.28
190.021 14518.9 351.771 16336.5
190.123 661.503 376.499 2443.79
190.226 607.491 365.255 2121.43
190.379 549.859 346.515 1702.64
190.431 320.86 484.93 1540.64
190.531 317.432 473.83 1510.07
190.682 13.9411 369.376 559.041
190.735 13.8612 369.13 557.552
190.99 13.798 368.867 556.155
191.018 839.014 353.27 1706.63
191.039 13.7234 368.302 553.7
191.137 12.2159 367.948 458.993
191.239 6487.14 1747.58 22788
191.341 1762.46 341.993 3026.49
191.54 13.7441 366.989 550.491
191.565 13.7757 366.646 550.024
191.639 1742.56 331.242 2869.01
191.749 12.0339 365.931 457.621
191.839 1837.81 319.914 2912.51
191.942 13.948 365.366 549.105
192.091 13.9913 365.091 549.059
192.194 196.229 674.811 1714.82
192.242 77.7219 367.557 823.35
192.343 1455.53 349.217 2244.62
192.497 78.2212 369.829 977.647
192.649 18270 241.969 45252.7
192.668 16815.8 245.721 44938.9
192.742 84.903 375.426 1385.15
192.848 84.9919 375.799 1385.92
193.149 85.0649 376.165 1386.62
193.165 85.1179 376.514 1387.09
193.189 85.1387 376.835 1387.39
193.249 85.1381 377.127 1387.54
193.405 85.1148 377.39 1387.54
193.657 85.0652 377.623 1387.37
193.674 85.0019 377.832 1387.09
193.696 84.9277 378.016 1386.66
193.855 81.9076 377.711 1275.73
193.872 81.8312 377.853 1275.2
194.005 81.7077 377.971 1274.41
194.114 81.5742 378.073 1273.58
194.169 80.7033 377.893 1209.38
194.264 80.5649 377.958 1208.54
194.417 78.6517 375.293 1071.5
194.524 78.5371 375.288 1070.77
194.618 77.8417 375.064 975.497
194.719 76.4668 372.636 822.378
194.769 1368.07 348.135 2933.29
194.872 882.814 358.8 2085.34
194.972 77.4868 374.68 973.266
195.069 77.4677 373.087 887.317
195.171 77.4139 372.991 886.999
195.265 76.4663 372.117 820.104
195.422 76.5095 372.044 819.94
195.469 76.5637 371.979 819.847
195.569 76.5997 371.923 819.766
195.674 11.98 370.236 457.147
195.776 11.9815 370.233 457.158
195.878 11.9831 370.231 457.168
196.027 210.478 571.804 1256.2
196.132 13.944 370.255 548.299
196.191 27.2169 373.618 547.166
196.285 76.9806 371.726 820.15
196.379 209.442 607.147 1493.05
196.489 77.676 372.445 887.152
196.689 77.7112 372.458 887.26
196.713 77.7477 372.48 887.382
196.794 56.0949 379.606 652.195
196.889 1477.88 297.326 3628.32
196.991 1418.35 291.221 3423.18
197.095 227.995 425.622 1206.1
197.185 716.59 360.374 1193.3
197.287 218.408 414.454 1212.31
197.392 2829.38 290.179 5159.05
197.496 2840.79 289.344 5164.65
197.59 2852.06 288.529 5170.13
197.79 2862.86 287.762 5175.82
197.816 2860.42 285.595 5071.33
197.899 2864.5 285.041 5073
198.202 2860.55 284.649 5065.34
198.228 2843.97 284.515 5044.72
198.301 2765.72 282.513 4850.17
198.329 2715.42 283.068 4789.39
198.458 2643.74 283.981 4703.06
198.507 2550.9 285.231 4589.83
198.662 2197.39 278.116 4360.85
198.707 2094.95 279.632 4206.24
198.81 2050.98 282.559 4099.89
198.917 2014.67 284.887 4016.24
199.161 1990.06 286.905 3960.26
199.187 71.3568 374.825 1030.35
199.261 71.1027 374.717 1029.22
199.418 2859.93 238.514 4681.68
199.451 1949.02 292.331 3867.81
199.517 70.7315 374.412 1027.79
199.809 70.1209 374.162 937.851
199.967 1819.25 229.021 3592.97
199.994 70.1639 373.97 938.125
200.113 70.2455 373.885 938.508
200.17 70.357 373.809 939.015
200.264 70.4987 373.745 939.66
200.364 70.6615 373.692 940.404
200.467 70.8353 373.65 941.204
200.574 71.0227 373.621 942.065
200.664 71.2114 373.603 942.911
200.782 71.315 372.183 861.501
200.871 71.4995 372.18 862.252
200.977 71.6768 372.187 862.944
201.172 71.8411 372.203 863.609
201.205 71.9919 372.226 864.159
201.278 72.1228 372.254 864.628
201.386 72.2369 372.286 865.029
201.479 72.3267 372.32 865.336
201.677 72.3971 372.356 865.567
201.735 72.4443 372.392 865.692
201.827 72.4717 372.427 865.76
201.933 72.479 372.46 865.766
201.982 72.4698 372.491 865.68
202.083 72.449 372.521 865.562
202.18 72.4127 372.549 865.368
202.283 72.3636 372.574 865.172
202.39 72.3065 372.598 864.928
202.488 72.241 372.619 864.648
202.587 72.1749 372.638 864.372
202.684 72.1105 372.657 864.104
202.888 72.0484 372.674 863.851
202.915 71.9919 372.69 863.624
202.991 70.6463 372.107 798.735
203.089 70.6327 372.118 798.576
203.192 70.6427 372.129 798.45
203.29 70.6616 372.139 798.333
203.443 70.7029 372.149 798.254
203.495 70.7459 372.158 798.194
203.593 70.7936 372.167 798.154
203.796 70.8454 372.176 798.141
203.823 70.9063 372.185 798.165
203.898 70.9668 372.194 798.203
204.096 71.0225 372.203 798.263
204.125 71.082 372.212 798.346
204.203 71.1335 372.221 798.457
204.302 71.19 372.23 798.578
204.447 71.2485 372.238 798.711
204.598 71.3094 372.247 798.856
204.619 71.371 372.255 799.016
204.699 71.4361 372.263 799.182
204.806 71.5023 372.271 799.364
204.907 71.5617 372.279 799.556
205.111 71.5815 372.287 799.702
205.141 71.6217 372.294 799.88
205.208 71.6461 372.301 800.037
205.316 71.6679 372.306 800.182
205.413 71.6867 372.312 800.32
205.514 71.7002 372.316 800.44
205.611 71.7101 372.307 800.545
205.767 71.6292 372.295 800.375
205.875 3560.07 261.656 6209.6
205.92 72.2963 372.85 864.878
206.119 71.441 372.256 799.894
206.14 71.3795 372.242 799.738
206.224 13.4703 371.039 542.944
206.318 13.4665 371.026 542.917
206.421 11.6435 370.981 454.844
206.523 11.6411 370.968 454.84
206.622 11623.4 5297.64 36061.9
206.725 11577.4 5272.91 36027.4
206.874 5157.38 245.092 8407.64
206.973 11.6307 370.908 454.82
207.026 11474.8 5203.63 35976.9
207.121 11405.1 5074.03 35352.9
207.221 11374.8 5044.41 35333.1
207.323 11345.2 5014.36 35319
207.432 1840.78 285.153 3783.92
207.538 11453 5139.59 35690.5
207.632 225.515 422.134 1052.55
207.782 6575.46 236.638 10664.2
207.839 14574.4 5578.42 39636.5
207.933 14500.6 5455.42 39132.2
208.036 14512.6 5431.32 39240.8
208.242 14538.7 5421.61 39268.1
208.263 14546.6 5416.75 39273.2
208.468 14540 5401.58 39221.1
208.631 14370.7 5352.09 39094.8
208.683 14314.1 5339.51 39028
208.782 14031.8 5296.77 38959.6
208.883 13973.5 5290.23 38891.8
209.037 177.901 452.014 1102.25
209.086 13884.7 5304.97 39080.3
209.186 13777.7 5265.08 38882.3
209.284 13605.8 5194.69 38551.9
209.439 13164.6 4840.54 36884.7
209.489 12884 4733.51 36359.1
209.74 12553.8 4605.92 35734.4
209.758 12182.1 4460.21 35021
209.791 11776.3 4299.78 34232.4
209.888 11341.5 4126.23 33373.9
210.146 10882.5 3940.83 32452.3
210.165 10130.7 3537.76 30286.7
210.255 9577.24 319.66 9027.2
210.294 229454 7892.79 181786
210.451 176991 5998.41 139387
210.595 7869.86 2593.56 24271.6
210.607 7459.26 2446.49 23390.3
210.746 7035.01 2271.24 21912.9
210.807 6688.98 2148.76 21149.3
210.954 5360.05 1836.38 17885.8
211.057 5136.38 1745.01 17356.5
211.157 4936.23 1664.44 16875.9
211.207 4727.77 1518.74 15914.8
211.319 4577.31 1462.58 15551.2
211.507 4449.63 1415.85 15240.4
211.559 3492.95 334.638 7636.87
211.655 2003.71 324.418 3187.9
211.706 6770.74 2301.3 21464.4
211.864 6672.82 2251.34 21202.6
212.014 6598.24 2212.92 20997.2
212.064 6464.69 2161.4 20792.2
212.215 6430.99 2142.77 20686.2
212.362 6412.82 2131.69 20620.3
212.378 6409.81 2128.04 20598.5
212.467 1416.34 320.975 2292.86
212.519 1496.41 350.138 2364.24
212.619 8123.47 2755.66 25402.6
212.722 8159.71 2775.1 25559.1
212.822 1217.86 362.665 2044.34
212.918 27429.2 5391.45 51390.8
213.225 20863.7 247.147 41841.7
213.248 57930.5 5805.83 86167.9
213.28 29990 247.221 51250
213.329 110915 6894.56 172432
213.431 112275 6939.08 174924
213.531 113205 6974.4 177633
213.633 113710 7001.65 160770
213.733 113785 7019.95 162765
213.827 113556 7032.29 163817
214.028 112972 7034.53 163950
214.046 112199 7034.14 163510
214.184 111238 7030.24 162575
214.237 109954 7027.52 161062
214.338 16337.7 276.309 29104.3
214.436 81123 7083.37 118122
214.543 57010.2 6791.3 85276
214.639 1280.46 361.082 2695.94
214.74 9165.41 3029.54 28277.1
214.89 9110.19 3022.81 28152.1
214.943 1406.34 343.861 2858.13
215.04 9436.96 3169.06 29830.1
215.138 9395.21 3168.35 29724.5
215.246 987.015 266.948 1827.13
215.344 9504.41 3288.06 30709.9
215.451 9479.75 3293.77 30631.8
215.548 9461.67 3300.75 30561.5
215.655 9451.68 3308.81 30502.8
215.806 9448.86 3317.12 30455.3
215.85 9454.03 3326.45 30421.8
215.999 8817.14 2460.66 28343.1
216.06 692.929 340.392 1873.71
216.207 8927.24 2596.58 28649.9
216.26 162.635 438.301 1011.01
216.355 16.9612 369.383 498.354
216.454 9193.19 3088.22 29789.3
216.562 9205.94 3093.17 29804.8
216.664 9218.26 3098.26 29824.7
216.818 207.585 207.585 3619.76
216.93 9735.39 4299.01 32208.5
216.971 9746.47 4307.07 32240.2
217.213 9758.78 4316.71 32276.8
217.238 9770.87 4326.61 32314.2
217.268 113.541 381.71 807.423
217.412 9799.73 4374.46 32634.2
217.561 9812.59 4384.42 32675.6
217.578 9770.95 4113.76 31939.4
217.667 9781.8 4122.34 31973.5
217.817 9792.61 4130.65 32006.5
217.871 9802.09 4137.64 32035.4
217.972 9810.8 4143.88 32061.4
218.067 9817.73 4148.78 32082.2
218.234 9823.54 4152.96 32099.6
218.284 9827.38 4155.69 32112.1
218.378 9828.35 4157.15 32113.8
218.481 9827.07 4156.74 32111.1
218.631 9823.39 4153.4 32106.8
218.681 9817.35 4149.59 32091
218.782 9809.62 4143.85 32073.3
219.039 9800.39 4136.88 32051.6
219.064 9789.68 4129.34 32023.1
219.092 9777.2 4120.85 31987.7
219.235 9764.08 4110.39 31955.6
219.288 9749.15 4099.4 31914.7
219.439 9731.36 4086.34 31865.3
219.492 9710.83 4071.24 31808
219.692 9687.63 4053.59 31745.7
219.718 9662.45 4034.82 31676.8
219.839 9635.56 4015.07 31602.4
219.899 9606.84 3994.05 31523.5
220 9576.49 3971.79 31440.9
220.099 9543.57 3948.02 31351
220.201 9508.69 3923.19 31255.5
220.298 9470.69 3896.19 31152.9
220.396 9427.59 3866.64 31033.6
220.553 9379.31 3833.38 30902.7
220.606 9326.35 3796.96 30760.9
220.702 9269.82 3758.42 30609.9
220.803 9177.17 3715.68 29920.4
220.909 9112.45 3672.42 29748.4
221.005 8966.82 3626.13 28889.6
221.158 8898.28 3580.17 28712.2
221.209 8827.28 3533.55 28526.3
221.314 8753.91 3485.84 28334.6
221.409 8674.29 3434.75 28126
221.559 8588.57 3380.31 27900.9
221.615 8498.77 3323.36 27666.5
221.76 8405.37 3264.6 27422.7
221.817 8308.73 3204.16 27171.2
221.914 4480.96 315.644 3976.83
222.165 8108.08 3081.09 26646.6
222.188 8004.8 3018.81 26375.6
222.271 7901.4 2957.16 26104.4
222.325 7796.6 2895.44 25828.7
222.463 7382.14 2784.18 24379.7
222.524 7273.22 2721.8 24096
222.623 2187.14 262.31 3841.4
222.72 7668.35 3260.48 25533.6
222.823 7487.43 3139.31 25066.6
222.977 7296.68 3011.94 24568.9
223.024 7108.16 2887.01 24072.5
223.127 6932.16 2771.68 23602.7
223.227 2263.34 250.294 3794.11
223.324 8665.09 3488.19 27984.6
223.425 8340.29 3216.9 26595
223.584 8282.22 3169.04 26402.4
223.636 8258.42 3143.25 26302.7
223.737 8260.08 3134.07 26273.2
223.831 8282.17 3137.25 26297.4
224.079 8323.61 3150.79 26368.1
224.191 1189.72 275.936 2709.91
224.285 8563.73 3808 28154.5
224.388 8510.79 3747.45 27515
224.494 8613.43 3805.61 27744
224.693 8726.58 3871.21 27999.6
224.716 8847.33 3942.8 28274.6
224.841 8970.98 4017.4 28557.6
224.894 8804.79 3878.31 27720.7
225 8926.17 3950.74 27995.5
225.094 9039.39 4019.28 28253.8
225.198 9148.61 4086.46 28504.7
225.297 9245.97 4147.56 28730.4
225.394 9328.72 4201.11 28925.4
225.5 9395.04 4246.96 29088.5
225.599 9438.44 4280.03 29203.3
225.706 9463.79 4302.71 29279.8
225.802 9471.81 4315.59 29318.9
225.899 9465.18 4319.21 29324.8
226.003 9444.94 4314.65 29300.2
226.103 9413.05 4302.58 29248.5
226.209 9372.3 4284.42 29175.1
226.307 9324.74 4261.67 29085.1
226.408 9270.78 4234.36 28978.7
226.508 9214.32 4204.64 28864.8
226.608 9157.76 4172.99 28746.2
226.714 9100.73 4140.69 28625
226.861 9044.99 4109.03 28505.3
226.913 8992.49 4078.98 28391.7
227.01 8942.29 4049.4 28281
227.308 8894.31 4020.72 28173.7
227.332 8851.2 3994.51 28075.9
227.361 8813.63 3971.42 27989.9
227.422 8781.62 3951.03 27914.4
227.512 8754.4 3933.89 27851.1
227.616 8735.66 3919.62 27802.6
227.812 8722.34 3908.85 27766.1
227.825 8712.98 3902.03 27742.1
228.113 8707.07 3898.17 27728.5
228.314 8704.35 3896.9 27724.2
228.327 8490.61 3647.94 26720.1
228.345 8496.59 3652.16 26736.8
228.365 8506.15 3658.44 26761.8
228.427 8518.42 3666.6 26793.8
228.619 3602.48 232.209 6013.52
228.722 11468.5 4062.29 31817.5
228.737 11509.3 4074.67 31892.6
228.876 11548.3 4090.34 31973.3
228.922 11578.5 4106.48 32047.8
229.028 8074.62 291.39 6120.55
229.127 20651.7 7606.14 39615.3
229.226 20634.2 7553.77 39638.9
229.327 20616.8 7495.59 39656.7
229.481 20601.7 7432.52 39671.1
229.578 20588.8 7364.59 39680.6
229.635 20492.5 7291.15 39657.4
229.779 20478.7 7216.18 39665.6
229.839 787.071 369.798 1948.53
229.935 20828.8 7254.7 40832.1
230.033 20810.8 7157.58 40823.4
230.138 2694.34 335.1 3078.71
230.237 27459.5 7616.71 47017.3
230.337 27442.9 7496.95 46992.4
230.603 1159.1 345.445 1481.59
230.631 992.854 359.519 1288.25
230.651 709.416 346.419 879.386
230.797 1138.1 359.834 1479.05
230.998 705.636 344.892 872.413
231.017 6936.97 614.065 7933.45
231.053 6948.18 611.672 7915.3
231.252 1082.52 339.91 1398.43
231.276 167.54 390.172 919.461
231.355 7449.67 658.563 8290.34
231.653 5140.11 249.914 8350.02
231.674 9881.19 1747.81 9558.22
231.703 9814.23 1716.07 9483.55
231.762 7012.41 589.06 7787.03
231.916 7022.83 585.034 7775.19
232.006 7032.8 580.67 7764.68
232.059 7041.46 575.967 7753.73
232.161 302.015 368.402 547.999
232.262 520.204 333.147 702.653
232.365 6819.29 492.889 7561.29
232.468 6475.27 387.866 7274.15
232.709 757.623 347.791 1915.85
232.862 6495.92 388.024 7307.38
233.01 6511.39 388.192 7332.87
233.026 6294.07 375.864 7200.55
233.116 6318.49 375.884 7220.91
233.221 9.54621 367.086 439.948
233.322 9.53622 367.134 439.911
233.423 9.5239 367.185 439.833
233.567 9.50929 367.238 439.73
233.617 9.49227 367.289 439.609
233.769 9.47261 367.338 439.466
233.873 9.4468 367.383 439.296
233.923 9.41562 367.422 439.093
234.024 9.37981 367.453 438.835
234.128 9.33983 367.477 438.531
234.221 9.29613 367.493 438.186
234.331 15277.7 345.085 15974.6
234.484 9621.38 391.71 11663.7
234.534 1931.05 345.383 3531.42
234.627 9.0964 367.535 436.611
234.778 9.0426 367.514 436.189
234.979 69717.5 10118 78717
235.002 73248.4 9999.12 84427.6
235.041 60765 9760.75 69996.3
235.133 20410 3932.13 26906.4
235.23 20401.6 3888.82 26552.2
235.333 20418.5 3858.65 26244.2
235.441 20458.2 3840.41 25984.3
235.642 2008.07 322.801 3129.05
235.669 14230.1 3182.83 23960.7
235.802 11336.1 2484.18 22246
235.942 7602.84 2332.78 20383.6
235.966 7543.49 2288.6 20163.1
236.048 6879.27 1993.98 18108.5
236.148 6852.35 1972.02 17990.3
236.252 1902.28 326.859 2745.26
236.348 1775.73 338.669 3754.52
236.466 1310.7 360.348 1930.31
236.554 7579.65 2877.32 25275.4
236.644 7593.56 2881.52 25287
236.753 7618.16 2892.34 25328.8
236.854 7650.63 2908.49 25395.5
237.002 7687.72 2927.9 25478.8
237.053 16633 246.147 37716.3
237.204 17092.3 241.12 41377.5
237.252 46634.9 5663.16 78589
237.353 14290.3 256.686 30768.9
237.504 24729.3 233.919 39198.2
237.561 93239.2 6088.58 132206
237.706 94409 6127.89 134186
237.958 95091 6155.01 135664
237.974 18059.2 253.175 27238.4
237.991 111293 6481.53 177161
238.116 110543 6470.58 160940
238.211 109631 6449.45 162073
238.415 108666 6424.25 162171
238.434 107652 6396.49 161508
238.465 106627 6367.19 160358
238.568 82764 5825.19 127251
238.666 82123.8 5818.94 125972
238.768 65542 5527.65 99096.8
238.865 65118.3 5535.53 98062.1
239.068 18970 267.691 27013.2
239.085 6565.43 2477.5 22419.4
239.167 6536.37 2473.6 22363.7
239.276 6508.7 2470.91 22312
239.425 6484.56 2469.66 22267.7
239.502 6329.56 2290.89 21310.3
239.599 60.0717 375.199 586.426
239.751 6311.99 2223.59 21037.3
239.857 5901.8 2144.22 19765.1
239.904 5848.41 2146.76 19685.8
240.057 5842.73 2151.53 19677.7
240.105 5802.43 2140.85 19187.8
240.257 5795.9 2144.97 18885.3
240.306 5795.96 2149.17 18882.1
240.461 5798.69 2153.5 18882.8
240.507 5801.3 2156.65 18881.8
240.662 5804.32 2159.31 18881.4
240.711 5355.57 1673.23 17213.1
240.813 5356.18 1674.77 17214.2
240.908 2042.23 215.761 3573.27
241.111 6443.05 2264.1 19754.2
241.123 6435.1 2264.58 19753.6
241.213 6429 2264.77 19752.1
241.32 6424.89 2264.92 19751
241.413 6421.49 2264.65 19747.9
241.569 6418.35 2263.82 19742.3
241.62 6416.15 2262.81 19735.9
241.77 1138.99 282.179 2840.47
241.821 6846.72 3107.45 21816.7
241.97 6845.92 3103.83 21808.4
242.019 6844 3099.51 21798.9
242.123 6841.39 3095.19 21789.8
242.226 6836.51 3090.41 21777.6
242.32 6831.04 3085.81 21765.8
242.474 6824.73 3081.03 21753
242.581 6817.51 3076.02 21739
242.626 6808.84 3070.35 21722.3
242.728 6799.73 3064.72 21705.2
242.831 6789.64 3058.76 21686.6
242.928 6778.02 3052.07 21665.2
243.08 6765.17 3045.1 21641
243.131 6750.96 3037.28 21614.1
243.234 6735.32 3028.48 21583.2
243.334 6719.55 3019.55 21551.7
243.435 6703.16 3010.18 21518.5
243.536 6686.57 3000.21 21483.5
243.634 6668.26 2989.1 21443.7
243.738 6649.87 2977.49 21402.6
243.938 6630.42 2965.26 21358.8
243.951 6609.71 2952.03 21312.2
244.095 6585.9 2936.96 21258.5
244.189 6560.69 2920.08 21198.7
244.24 6533.98 2901.91 21134.8
244.344 6506.19 2882.81 21067.1
244.55 6047.19 2660.24 19688.6
244.563 6017.43 2639.55 19614.2
244.745 5985.91 2617.58 19535.1
244.758 5952.85 2594.56 19451.9
245.043 5918.48 2570.47 19364.6
245.057 5880.8 2544.61 19270.7
245.071 5838.37 2516.57 19167.6
245.148 5792.1 2485.38 19052.8
245.249 5743.74 2452.59 18931.6
245.356 5691.5 2417.3 18800
245.449 5636.9 2380.41 18661.1
245.551 5579.92 2342.2 18516
245.655 5520.68 2302.99 18365.2
245.752 5459.72 2263 18209.6
245.954 5397.86 2222.89 18051.2
245.969 5329.23 2182.06 17725.1
246.056 5258.3 2138.7 17549.7
246.213 5183.65 2093.05 17362.4
246.458 5105.56 2045.69 17165
246.469 5025.06 1997.4 16960.3
246.484 4942.78 1948.57 16749.5
246.563 4859.5 1899.79 16535.1
246.713 4775.76 1851.35 16318.1
246.764 4691.24 1803.23 16098.3
246.864 4606.57 1755.86 15877.8
246.966 2284.96 3412.16 3412.16
247.065 4428.93 1661.38 15423.1
247.167 728.467 359.354 1458.74
247.268 4194.2 1281.59 14360.9
247.374 4100.65 1247.51 14130
247.516 4007.53 1213.89 13897.8
247.673 3631.74 1119.69 12782.1
247.77 731.022 359.281 1420.79
247.828 801.795 363.285 1511.74
247.874 4107 1228.94 14610.2
247.972 3957.08 1188.75 13930.4
248.177 3855.54 1153.87 13671.1
248.193 3753.04 1118.93 13406.2
248.276 3650.67 1084.42 13138.8
248.377 2733.27 249.24 4572.26
248.481 129.539 439.566 866.012
248.586 1953.14 291.593 2844.08
248.989 4420.22 1752.08 15496.2
249.004 4274.16 1668.77 15119.3
249.142 4011.51 1552.42 14162.6
249.158 1975.08 364.098 3015.93
249.173 4296.02 1655.31 14411.9
249.286 2061.12 361.147 3082.42
249.301 4734.87 1709.76 15296.3
249.391 4370.49 1616.61 13875.2
249.596 1363.38 291.58 2031.4
249.61 4631.29 1651.19 14343.1
249.692 4583.71 1619.21 14201.2
249.79 4563.4 1599.61 14116.8
249.894 4572.81 1593.61 14096.8
250.049 1803.21 359.353 2398.07
250.095 6546.33 2083.39 18524.3
250.254 1686.2 358.427 2116.31
250.303 8185.2 2469.73 22879.7
250.595 891.791 299.742 1409.88
250.89 8728.47 2685.14 24841.2
251.098 8913.81 2664.58 25045.7
251.111 9108.87 2745.56 25557.5
251.13 9305.32 2828.35 26082.1
251.152 2233.6 246.762 3239.82
251.202 11508.5 5224.99 32096.9
251.25 11743.5 5403.8 32698.4
251.347 11804.9 4826.77 31899.2
251.451 11967.9 4961.8 32328.6
251.556 12158.2 5094.99 32803
251.653 12326.1 5216.27 33226.7
251.754 12471 5324.6 33597.4
251.905 12593.2 5419.25 33920.2
251.958 12686.1 5496 34177.5
252.205 12751.1 5555.4 34371.9
252.222 12790.5 5596.04 34520.5
252.261 12818.1 5624.15 34605.4
252.361 12827.2 5639.59 34658.8
252.47 12827.2 5649.05 34673.3
252.561 12815.6 5649.26 34658.2
252.66 12795.1 5642 34620.3
252.764 12769.2 5630.29 34572.6
252.913 12740.8 5615.33 34516
252.967 12707.1 5585.57 34157.6
253.118 12670.9 5563.96 34078.7
253.216 12637.6 5542.85 34003.6
253.267 12604.2 5521.84 33927.8
253.374 12570 5499.65 33851.1
253.525 12541.6 5480.19 33784.3
253.72 12514.9 5461.58 33720.9
253.736 12493.1 5445.88 33667.3
253.772 12476.2 5432.29 33623
253.869 12463.1 5420.88 33585.5
253.974 12454.3 5412.05 33557.9
254.077 12450.7 5406.51 33541.5
254.274 12451.2 5403.98 33531.9
254.291 12451.4 5402.34 33529
254.38 12453.9 5402.79 33532.1
254.481 12460.7 5405.51 33542.3
254.583 12471.6 5410.22 33560.2
254.683 12485.8 5416.67 33583.8
254.784 12501.4 5424.41 33609.5
254.933 12517.5 5431.99 33636.6
255.088 12533.4 5439.67 33661.4
255.139 12550.3 5447.65 33687.5
255.186 12566.8 5454.84 33713
255.291 12580.3 5461.69 33735.2
255.391 12593.9 5468.83 33757
255.492 12610.2 5476.75 33781.6
255.644 12626 5482.8 33802.8
255.697 12641.4 5487.87 33818.4
255.791 11349.4 4246.36 30882.3
255.893 11357.5 4248.74 30887.8
255.993 11364 4249.9 30888.4
256.101 11369.1 4249.58 30886.4
256.2 1303.52 273.902 2397.77
256.299 11599.4 4968.35 32311.2
256.398 11596.2 4963.51 32291.8
256.5 11594.8 4957.98 32271.6
256.655 11594.5 4952.29 32246.9
256.706 11595.4 4946.73 32221
256.804 11596.9 4939.9 32199.1
256.91 11599.7 4933.43 32178.3
257.007 11603.3 4926.89 32155.9
257.112 11608.8 4920.48 32136.9
257.254 11353.8 4093.23 30465.8
257.312 11353.5 4084.47 30437.6
257.409 663.324 303.121 1472.66
257.511 1255.61 366.439 2819.67
257.868 11697 2756.16 32607.8
257.885 11696.8 2750.1 32585.2
257.907 416.763 363.27 1222.49
257.97 11745.1 2516.09 32862.9
258.022 11747.3 2509.45 32832.8
258.169 11751.1 2502.55 32809.1
258.217 11754.7 2495.25 32776.8
258.319 107.429 371.389 723.897
258.417 11858.9 2896.89 33498.7
258.573 11543.1 2540.05 32812.2
258.628 1326.9 350.665 2860.55
258.723 1242.64 348.107 2653.62
258.823 12695.4 2602.34 36433.1
258.923 12583.1 2573.09 36337.6
259.033 68.3986 364.309 607.017
259.177 11921.3 2477.85 34228.2
259.229 11906.8 2479.6 34226.2
259.474 622.433 297.76 1443.89
259.567 12039.2 2495.17 34442.7
259.729 12061.9 2497.09 34590.7
259.77 12052.5 2496.27 34542
259.922 708.882 322.637 1951.43
259.972 12066.8 3004.78 35244.6
260.175 1065.27 330.561 2949.39
260.195 12259.3 3734.71 36603.2
260.474 12143.2 3692.14 36336.3
260.634 12004.3 3638.88 36009.3
260.783 11815.4 3569.59 35566.5
260.801 11572.8 3478.18 34979.2
260.893 11129.1 3218.35 33161.5
260.917 10813.7 3099.4 32407
260.939 10476.7 2971.44 31587.9
261.149 10127.3 2839.03 30724.3
261.177 9770.33 2704.11 29833.7
261.244 9331.42 2561.87 28881
261.288 8564.74 2372.63 25988.1
261.388 8242.84 2252.19 25172.5
261.535 7875.71 1933.86 23727.8
261.589 7577.26 1838.16 22970
261.69 225.873 729.177 1458.46
261.791 7152.22 1820.62 22138
261.939 6798.4 1594.61 20949.7
262.195 6285.55 1510.79 19319.2
262.209 6061.92 1453.72 18389.3
262.226 5902.87 1404.63 17971.7
262.396 1608.27 332.114 2419.22
262.41 5812.48 1408.44 18189
262.55 5712.42 1377.11 17911.5
262.6 5631.53 1351.99 17685.3
262.7 5567.65 1332.22 17505.2
262.799 5161.83 1281.12 16265.9
262.902 5129.73 1270.61 16171.5
263.002 5108.71 1263.52 16107.2
263.203 208.48 1460.33 2662.99
263.251 5477.62 1593.19 17369.5
263.304 5486.54 1594.06 17378.3
263.402 5502.59 1598.11 17406.9
263.505 5523.02 1604.55 17450
263.605 5546.42 1612.7 17503
263.706 5571.01 1621.66 17562.3
263.812 5595.1 1630.86 17622.7
264.017 25251 242.063 53056.3
264.073 23794.2 255.552 36030.3
264.162 81177.1 4522.22 115404
264.219 82033.9 4544.22 116208
264.317 82780.5 4566.3 116949
264.415 83174.4 4581.83 117375
264.518 83234.7 4594.15 117494
264.617 82859 4602.82 117210
264.718 82375.6 4607.74 116826
264.88 81795.9 4609.32 116286
264.92 81051.5 4607.13 115455
265.121 80227.7 4604.52 114466
265.177 79317 4601.41 113312
265.224 78462.5 4601.24 112155
265.327 33410.2 4000.12 46590.2
265.422 33346.4 4018.43 46109.5
265.522 5450.24 1601.42 17077.9
265.68 5437.63 1597.2 17042.7
265.777 5418.97 1592.16 16998.1
265.879 5396.02 1586.62 16947.8
265.929 5369.33 1580.24 16890.5
266.031 5347.37 1575.65 16845.2
266.132 5213.08 1496.22 16115.6
266.29 5113.12 1347 15414.2
266.488 5096.44 1345.81 15386.9
266.535 5081.68 1344.96 15363.3
266.548 5069.23 1344.47 15344.1
266.695 5058.99 1344.31 15328.7
266.794 198.689 480.594 1040.97
266.837 5074.44 1414.43 15801.3
266.94 5070.88 1415.26 15795.5
267.041 5068.94 1416.11 15791.7
267.141 4922.74 1369.23 15090.1
267.244 221.07 467.632 1021.32
267.343 127.524 359.708 710.477
267.543 5315.7 1614.15 17043.6
267.557 5318.13 1615.17 17047.4
267.648 5320.76 1616.17 17051.2
267.747 5324.02 1617.29 17056.2
268.148 5327.51 1618.36 17061.9
268.257 2336 213.729 3912.4
268.272 8602.94 2598.7 24016.1
268.292 8615.36 2602.67 24034.1
268.315 1502.22 285.994 3218.86
268.361 9762.78 2838.4 26333
268.512 9776.34 2841.31 26343.1
268.565 9789.53 2843.53 26349.9
268.659 9806.13 2845.65 26359
268.863 9825.69 2847.5 26369.2
269.012 9844.17 2849.11 26378.1
269.028 9855.83 2849.61 26379
269.162 9864.74 2850.02 26379.1
269.177 9871.46 2850.3 26379.4
269.267 9876.04 2850.24 26379.2
269.367 9878.11 2849.83 26377.9
269.467 9876.83 2848.97 26374.8
269.567 9870.53 2846.83 26365.7
269.666 9855.68 2843.17 26347.5
269.82 9833.68 2837.89 26320.3
269.87 9804.15 2830.79 26283.1
269.969 9768.6 2822.03 26237.6
270.119 9727.3 2811.62 26183.4
270.224 9682.94 2800.27 26124.1
270.324 9634.19 2787.49 26057.2
270.427 9582.14 2773.45 25983.4
270.477 9527.85 2758.51 25904.6
270.631 9468.5 2742.33 25817.4
270.731 9399.95 2723.76 25714.5
270.78 9324.74 2702.22 25595.4
270.88 9246.34 2678.92 25466.8
270.978 9163.14 2653.47 25325.8
271.083 9077.58 2626.92 25177.7
271.182 8986.16 2598.04 25015.2
271.331 8893.54 2568.41 24847.3
271.436 8796.45 2536.96 24667.8
271.487 2810.38 249.656 4530.17
271.587 10131.5 2700.75 27408.4
271.687 9982.06 2660.61 27146
271.79 9829.18 2615.4 26852.8
271.891 9726.19 2574.77 26617.1
271.991 9619.5 2538.74 26393.6
272.093 9507.85 2505.45 26177.8
272.19 9381.11 2471.02 25946.5
272.393 9230.32 2432.3 25679.4
272.409 9048.52 2387.14 25362.8
272.5 8826.74 2332.72 24975.9
272.646 8597.35 2266.58 24522.1
272.7 8437.79 2204.78 24126.1
272.797 8247.23 2051.33 23184.7
272.896 8190.46 2022.07 23005.5
273.046 8168.67 2005.51 22913.4
273.153 6215.87 227.981 6984.62
273.205 11299.1 2307.06 27348.1
273.364 10422.4 2245.15 25190.4
273.416 10505.3 2258.04 25295.7
273.504 10590 2274.86 25418.2
273.75 10679.2 2293.08 25548.9
274.003 5432.42 225.179 7274.82
274.018 14950 2537.57 31457.6
274.057 15083.7 2558.81 31642.1
274.154 15209.9 2579.48 31821.3
274.26 15315.1 2597.52 31976.2
274.357 15404 2613.68 32114.3
274.609 15474.6 2627.05 32229.1
274.623 15526.7 2637.83 32320.5
274.86 15558.5 2645.9 32387
274.876 15559.9 2649.96 32416.8
274.962 15543.4 2650.62 32419.8
274.977 15513.2 2648.77 32402.5
275.117 15478.5 2644.28 32369.7
275.262 15447.4 2639.27 32337
275.323 15411.1 2633.54 32297.1
275.466 14283.1 2478.34 29742.9
275.483 14247.6 2472.44 29701.3
275.569 14212.1 2466.47 29659.2
275.718 14178.3 2460.56 29618.6
275.819 14147.1 2455.09 29581.5
275.872 14120.4 2449.61 29547.2
276.129 14098.3 2444.42 29516.5
276.374 14081.3 2440.21 29493.5
276.392 14067.5 2436.47 29474.8
276.775 14058.1 2433.14 29453.5
276.794 14053.2 2431.11 29458.2
276.814 14053.3 2429.65 29459.4
276.834 14055.3 2428.5 29463.4
276.852 14059.7 2427.7 29471.3
276.871 14065 2427.41 29482.6
276.94 14081.2 2427.43 29502.1
276.982 14094.3 2427.86 29523.5
277.134 14103.3 2428.16 29543.2
277.185 14107.2 2428 29559.9
277.282 14108.7 2427.53 29575.8
277.387 14108.9 2426.95 29592.2
277.631 14111.8 2426.61 29613
277.649 14111.7 2425.86 29631.5
277.786 14111.7 2425.12 29651.6
277.801 14109.8 2424.02 29670.2
277.887 14120.3 2422.89 29699.1
277.993 14126.1 2421.22 29723.3
278.088 14118.9 2418.99 29738.5
278.19 14102.9 2416.04 29748.1
278.293 14081.2 2412.26 29753.4
278.39 14055.9 2407.93 29756.6
278.492 14028.9 2402.89 29757.6
278.85 13995.9 2397.09 29753.4
278.864 13958.5 2390.53 29745.1
278.882 13920.5 2383.4 29734.6
279.147 13891.1 2375.45 29730.4
279.254 13852.3 2366.24 29716.5
279.268 13802.9 2356.21 29693.2
279.287 13746.5 2345.45 29665.7
279.307 13687.2 2334.15 29637.8
279.403 13624.2 2322.08 29607.3
279.507 13559.4 2309.61 29576.4
279.609 13491.6 2296.41 29541.8
279.905 13425.1 2282.96 29508.3
279.919 13356.9 2269.18 29473.5
279.938 13305.4 2254.61 29449.3
280.066 13249.7 2239.17 29420.2
280.213 834.456 279.649 1633.04
280.232 264.609 446.501 1055.27
280.31 12949.6 2610.71 30959.2
280.465 12859.5 2589.1 30894.7
280.514 12771.3 2566.92 30831.1
280.616 12673.1 2261.47 30038.6
280.768 12588.1 2239.82 29973.5
280.867 12504.7 2217.94 29908
280.917 9579.17 2088 24903.7
281.07 9515.5 1970.61 24329.7
281.118 9477.58 1953.56 24305.8
281.222 9439.29 1936.31 24282.2
281.324 5972.74 1680.06 18495.2
281.418 5775.19 1326.92 17486
281.524 5763.44 1320.25 17463.1
281.675 5751.83 1313.34 17439.4
281.769 5739.81 1306.08 17413.7
281.875 180.702 355.649 792.786
281.981 5683.43 1291.51 17469.5
282.04 5667.47 1285.65 17418.9
282.287 5650.13 1280.45 17375
282.386 224.825 525.8 1197.44
282.486 5733.77 1601.23 18691.7
282.589 5718.46 1596.9 18659.3
282.79 5701.51 1591.77 18621.4
282.805 5681.62 1585.14 18574.1
282.889 5658.28 1576.91 18516.6
283.037 5630.55 1567.19 18448.3
283.089 5592.08 1554.53 18356.4
283.343 5539.44 1537.09 18229.5
283.364 5473.29 1515.15 18068.6
283.401 5395.83 1489.4 17878
283.503 5307.92 1460.29 17660
283.703 5210.01 1428.2 17416.6
283.727 5105.77 1394.36 17154.6
283.808 4906.57 1208.35 16052.8
283.998 4786.17 1175.23 15754.4
284.011 4662.49 1141.58 15444.9
284.105 17286.1 329.121 18210.1
284.304 169380 3708.21 128722
284.324 4282.26 1042.62 14485.8
284.404 4154.53 1009.57 14153.4
284.553 4031.58 978.118 13829.3
284.611 3915.89 948.858 13520.9
284.706 3807.74 913.847 13052.6
284.81 3597.72 870.486 12265.6
284.91 3015 333.595 3924.9
285.01 3871.61 849.681 12770.1
285.109 3789.76 830.368 12523.3
285.212 3683.96 813.31 12271.6
285.359 3627.26 799.288 12089.7
285.418 3581.38 787.536 11937.3
285.515 3545.19 777.822 11811.5
285.613 3518.01 769.961 11711.2
285.714 3498.66 763.664 11632
285.871 3486.84 758.87 11573.3
285.919 1389.5 341.238 1837.41
286.07 4003.04 918.88 12319.7
286.119 4005 917.021 12307.2
286.323 1708.85 329.703 2353.65
286.338 1818.21 319.274 2486.11
286.423 1712.52 305.529 2402.1
286.522 7229.56 2111.51 19224.9
286.679 7267.35 2126.53 19305.2
286.728 7306.42 2143.03 19395.1
286.833 15330.2 240.362 35065
286.978 76202.8 5469.54 124221
287.082 80196.8 5506.57 125774
287.184 82524.9 5538.29 127075
287.235 83849.2 5569.57 128230
287.33 84524.2 5590.89 129223
287.439 84930.9 5609.72 130342
287.535 85007.7 5621.28 131569
287.686 84828.1 5626.91 133140
287.737 84481.4 5629.29 120080
287.835 83955.4 5628.17 120703
287.989 83370.7 5626.85 120705
288.041 82644.5 5622.38 120207
288.192 81643.4 5622.97 119217
288.245 80361.9 5627.18 117892
288.39 79277.5 5625.91 116746
288.445 78364.3 5415.62 115191
288.602 753.348 339.858 1558.89
288.694 7100.16 2067.52 19107.3
288.75 7066.48 2057.07 19047.1
288.846 6778.25 1979.15 17986.3
288.95 2098 3702.81 3702.81
289.099 8598.88 2152.25 21412.9
289.298 8555.64 2146.81 21367.6
289.317 1895.3 323.208 3456.09
289.353 10514.3 2336.99 26308.6
289.452 10486.3 2335.4 26291.1
289.555 10467.7 2334.9 26286.8
289.707 10457.6 2335.44 26289.4
289.756 10453.5 2303.4 26041.4
289.857 145.934 386.092 801.913
289.965 10469.7 2462.5 26447.7
290.064 868.183 335.46 1922.37
290.314 11590.9 2696.68 29933.1
290.331 770.792 236.501 1462.98
290.365 11723.5 2608.74 30449.2
290.468 11729.7 2609.51 30466.5
290.565 2337.49 213.482 3695.62
290.672 1009.46 307.764 2132.62
290.926 59.522 353.441 581.45
290.945 12873.8 4417.63 34217.8
291.022 851.871 315.245 2086.88
291.072 13187.9 4622.72 35686.8
291.173 13196.1 4628.85 35710.1
291.269 13205.7 4635.78 35733.9
291.372 13216.2 4642.89 35758
291.475 13225.6 4649.52 35774.9
291.68 13233.3 4655.12 35785.1
291.699 13240 4659.16 35797.3
291.774 13242.8 4661.27 35798.3
291.877 13240.8 4660.33 35790.2
291.978 13234.1 4656.72 35771.1
292.078 13223.4 4650.77 35744.3
292.176 13192.2 4625.57 35559.9
292.433 13169.3 4613.27 35502.8
292.453 13140.3 4597.1 35435
292.74 13104 4577.19 35348.8
292.754 13063.1 4554.34 35253.4
292.774 13016.7 4528.43 35144.6
292.794 12965.2 4499.8 35022.2
292.888 12908.8 4468.2 34889.8
293.04 12847.8 4434.06 34744.9
293.189 12780 4397.14 34577.3
293.205 12707.9 4357.37 34402.4
293.294 9597.56 245.362 12253.6
293.495 18235.5 6994.23 42089
293.513 17973 6871.9 41703.9
293.647 17697 6740.89 41284.4
293.696 17416.6 6604.85 40847.3
293.795 17163.4 6480.46 40467.4
293.897 16930 6366.37 40085.3
294.15 16689.6 6249.06 39671.6
294.167 16418.3 6116.3 39196.4
294.258 16089.7 5954.82 38635.1
294.303 15692.7 5758.21 37929.9
294.403 15168.2 5269.68 36025
294.551 14789.2 5088.46 35359.3
294.656 14476 4937.43 34797.4
294.755 14252.3 4829.61 34378.7
294.859 14120.4 4767.23 34118
295.012 2375.12 257.977 3934.17
295.031 14963.5 5210.3 36115.7
295.167 2358.12 3398.95 3398.95
295.373 15468.5 6323.22 38400.2
295.51 15549 6366.27 38516.8
295.812 15626 6408.18 38647.5
295.828 15699.8 6448.8 38779
295.962 15765.9 6486.22 38902.3
295.976 15822.7 6519.23 39008.4
295.998 15866.5 6545.44 39091.4
296.118 15896.2 6564.13 39149.7
296.168 15908.9 6573.79 39183.3
296.263 15903.6 6574.18 39181.8
296.368 15882.8 6565.99 39154
296.466 15845.6 6548.1 39099.3
296.62 15794.4 6522.7 39015.9
296.675 15731.4 6490.53 38909.6
296.772 15659.1 6452.87 38784.6
296.871 15582.1 6411.98 38651.5
296.975 15504.7 6369.49 38514.8
297.078 15433.3 6330.46 38388.8
297.177 15369.2 6294.87 38272.6
297.274 15311.2 6262.26 38163.6
297.374 15261 6233.34 38070.3
297.479 15220.1 6209.11 37990.3
297.628 15186.7 6189.24 37923.8
297.676 15160.4 6173.61 37871.3
297.781 15142.3 6162.63 37834.2
297.93 15130 6154.99 37810.1
298.035 15124.4 6151.15 37798.4
298.182 15125.1 6150.82 37800.1
298.199 15130.3 6152.86 37809.5
298.284 15138.8 6157 37825.1
298.436 15151.1 6163.14 37846.9
298.538 15169.2 6171.03 37878.4
298.587 15188.3 6180.24 37914.2
298.739 15208.2 6190.65 37954.4
298.842 15228.4 6202.34 37997.2
298.892 15249 6214.48 38044.2
299.092 15269.6 6226.86 38091.2
299.11 15289.8 6239.32 38139.5
299.193 15307.9 6250.95 38185.1
299.445 15324 6261.66 38227.8
299.461 15340.6 6273.2 38271.6
299.495 15360.1 6283.6 38319.3
299.596 15375.1 6292.94 38361.3
299.697 15382.3 6300.07 38394
299.847 15383.9 6305.21 38421.8
299.9 15381 6308.02 38443.5
300.001 15374.6 6309.33 38460.7
300.1 15366.6 6309.25 38474.5
300.204 15356.7 6307.8 38483.9
300.503 15344.6 6304.69 38492.4
300.52 15331.7 6300.9 38497.1
300.539 15323.7 6294.72 38502.4
300.606 15306.4 6285.55 38500.5
301.057 15286.3 6275.98 38493.7
301.075 15263.9 6266.05 38491.8
301.096 15240.3 6255.5 38485.4
301.116 15217.1 6244.41 38479.5
301.22 4094.31 256.121 5719.66
301.243 19843.2 7690.95 47056.4
301.315 19791.7 7688.23 47063.5
301.415 1378.62 361.313 2837.89
301.615 20124.4 8085.44 48828.8
301.632 20086.3 8078.72 48850.8
301.823 20037.1 8073.47 48868
301.842 17786.1 7471.65 44644.6
301.922 1207.43 290.006 2668.39
302.019 15791.9 7359.84 41630.2
302.12 15780.3 7339.29 41636.4
302.28 15769.2 7315.68 41644.5
302.324 12761.7 5836.92 35475.4
302.424 12514.6 4777.96 34336.4
302.524 12508.1 4761.23 34307.2
302.733 857.529 288.798 1659.32
302.76 20476.1 9414.37 48724.2
302.878 20311.8 9365.06 48679.4
302.933 20056.9 8982.97 47126.5
303.038 177.428 374.234 787.302
303.132 19014.1 8593.41 45077.1
303.386 18849.4 8498.03 44957.2
303.406 18695.8 8398.81 44837.9
303.437 811.028 275.375 1644.67
303.534 18422 8110.82 44359.3
303.637 244.06 410.064 947.858
303.738 18200.2 7913.81 44493.5
303.836 17854.1 6576.66 42436.6
303.937 17762.1 6475.73 42349.1
304.046 17814.6 6453.08 42335.4
304.146 915.543 308.46 1797.83
304.537 18029.3 6746.18 44582.7
304.609 1484.37 315.132 2958.33
304.625 18526.1 7060.35 46453.3
304.715 18480.3 7077.04 46472.8
304.812 18297.9 7028.87 46366.2
304.916 18215.8 6992.06 46213.2
305.168 18090 6931.24 45946.5
305.187 17911.3 6843.17 45573.5
305.224 4023.01 302.168 9483.92
305.371 24494.1 7967.52 58393.9
305.418 23948.2 7783.84 57378.2
305.524 23327.6 7574.87 56227.3
305.625 22641.4 7338.97 54949.3
305.722 21321 6821.96 52419.4
305.926 20408.2 6512 50711.2
305.946 19387.6 6173.56 48752.5
306.029 18433.2 5839.93 46895.3
306.134 17473.7 5466.39 44699.7
306.294 16552.1 5133.93 42842.2
306.38 15674.3 4811.87 40784.6
306.431 14862.5 4513.11 39085.8
306.633 14109.3 4233.79 37483.1
306.783 13416.8 3975.83 35985.2
306.798 12553.1 3377.24 32773.5
306.886 172.491 393.296 758.755
306.937 11511 3032.89 30648.9
307.039 9835.1 2639.98 26082.9
307.243 1267.11 235.33 2398.63
307.296 9045.37 2709.05 25523.5
307.545 1879.02 2389.26 2389.26
307.561 8742.14 2905.92 25420.7
307.698 2607.91 328.502 4944.25
307.712 7881.7 2664.87 23317.4
307.746 2393.68 329.647 3112.65
307.999 2290.84 310.461 2920.94
308.014 8571.85 2810.72 23983
308.051 8547.79 2792.96 23897.4
308.154 8541.88 2785.2 23858
308.251 8550.37 2785.42 23855.6
308.452 8571.84 2792.69 23886.2
308.654 8603.65 2805.92 23944.1
308.678 1741.07 307.749 2240.24
308.704 12284.3 4513.45 33441.1
308.803 12340.5 4549.37 33575.2
308.906 12393 4583.54 33706.7
309.007 12433.5 4612.11 33822.1
309.063 12461.2 4632.48 33912.9
309.165 19177.2 237.11 25091.2
309.318 27069.7 9118.31 53831.8
309.371 20986.9 242.902 24708.7
309.466 28394.2 265.507 34845.3
309.615 102813 9033.21 169512
309.818 102267 8975.58 146463
309.838 101085 8914.02 147333
309.918 99510.6 8818.33 146359
310.018 98150.8 8761.62 145371
310.074 96699.7 8698.83 143923
310.221 95480.3 8646.96 142451
310.323 73887.7 8410.35 112581
310.373 73245.7 8382.33 111474
310.472 53382.1 8376.71 82418.2
310.58 21283.3 7265.5 44682.9
310.678 1819.2 313.607 2871.51
310.778 11755.8 4076.86 31811.5
310.932 11717 4068 31723.8
310.978 11669 4060.22 31623.7
311.08 11590.8 3692.85 30917.3
311.181 11531.5 3618.41 30586.3
311.283 1065.06 342.92 2041.52
311.432 11774.9 3666.7 31685.9
311.486 11080.5 2634.77 28858.7
311.583 11044.6 2636.57 28791.2
311.689 592.483 592.483 1154.59
311.788 1758.17 333.854 3130.13
311.887 10671.8 2250.7 28600.1
311.993 1358.86 348.642 2654.76
312.09 247.247 610.571 1174.1
312.196 11354 2387.14 30963.3
312.295 266.208 378.72 929.388
312.391 10830 1383.95 29507.8
312.495 95.799 354.162 617.257
312.751 11401.3 1453.11 30826.5
312.771 11398.2 1409.4 30452.2
312.803 11405 1411.94 30461
312.952 2475.77 210.391 3871.84
313.048 13763.7 4348.71 37080
313.153 13765 4353.65 37102
313.204 13747.3 4349.68 36964
313.306 13756.1 4357.46 36995.6
313.407 1239.1 302.247 2649.35
313.565 13963.6 5374.08 38639.8
313.614 238.843 483.058 1365.83
313.76 14011.6 5670.13 39183.4
313.82 1102.61 290.348 2622.23
313.912 14654.8 7301.99 43744.2
314.17 14673.6 7312.04 43784.3
314.188 14692.4 7322.35 43822.6
314.218 14712.1 7333.25 43865.1
314.618 14731.4 7345.1 43904.6
314.638 14749.5 7356.37 43945.6
314.663 14755.6 6832.04 43126.8
314.823 14767.5 6840 43154.3
314.842 14775.1 6845.18 43174.6
314.868 14775 6846.32 43179.6
314.92 14764.6 6840.73 43160.6
315.02 14745.6 6829.31 43121.8
315.128 14717.2 6810.92 43062.7
315.278 14680.3 6786.12 42983.4
315.427 14635.7 6755.34 42885.4
315.445 14581.8 6717.32 42766.5
315.629 14519.1 6672.4 42624.9
315.678 14446.2 6619.57 42455.7
315.728 14365.1 6560.5 42262.8
315.832 14269 6491.75 42037.6
315.931 14153 6408.43 41761.4
316.087 14020.2 6311.01 41441.2
316.133 13873.5 6202.49 41082.1
316.287 13714.6 6084.09 40688.7
316.334 13541.8 5955.2 40258.5
316.439 13359.1 5819.06 39796.5
316.536 13168.1 5677.53 39311.3
316.789 12968.7 5531 38801.4
316.814 12760.9 5379.87 38266.3
316.851 12535.7 5222.37 37698.1
316.94 12285.3 5051.53 37062.7
317.04 12019.9 4869.68 36384.2
317.196 11742.4 4681 35670.7
317.241 11274.8 4415.53 33993.4
317.395 10961.5 4220.95 33112.2
317.501 1975.51 249.198 3056.43
317.546 794.489 298.418 1389.26
317.696 11880.4 4502.23 34854.7
317.801 11489.4 4276.09 33923.3
318.047 11118.1 4058.62 33008
318.066 10799.1 3865.6 32196.6
318.113 10521.9 3706 31492.7
318.16 10270.4 3566.42 30857.4
318.258 10033.4 3439.2 30263.9
318.36 9801.06 3317.97 29686.6
318.457 9571.44 3198.86 29112.6
318.662 9311.51 3062.57 28071.6
318.71 9119.93 2962.57 27579.1
318.765 8958.5 2877.99 27156.2
318.864 1160.34 271.512 2215.93
319.021 2322.47 2966.33 2966.33
319.12 1851.92 281.826 2428.36
319.165 11099.1 4306.08 32623.6
319.277 11183.5 4357.06 32807.4
319.418 11304.2 4430.03 33078.2
319.624 1776.31 356.699 2287.29
319.771 12421.6 5266.6 35623.2
319.821 12645.8 5418.35 36128.5
319.921 12894.5 5588.62 36693.7
320.023 12994.4 5712.81 36392.4
320.13 13283.8 5913.06 37040
320.229 13589 6126.24 37727.2
320.339 3303.95 253.171 4432.77
320.427 18316.6 7399.51 45970
320.528 18784.3 7622.14 46803.2
320.632 19229 7833.08 47587.7
320.731 19642.2 8029.37 48311.6
320.83 19492.7 7420.5 47230.8
320.933 19809.4 7557.38 47769
321.035 20090.2 7676.46 48240
321.236 20338.9 7780.31 48648.1
321.255 19915.9 7050.87 47221.3
321.338 20069.9 7110.13 47474.9
321.439 20186.9 7155.79 47668.5
321.541 20260.5 7185.92 47792.4
321.645 20299.5 7204.09 47862.6
321.741 1682.81 303.993 2164.61
321.844 21081 7590.02 49562.4
322.044 21031.3 7572.54 49486.7
322.196 20955.6 7545.32 49370.8
322.216 20860.8 7508.76 49222.6
322.249 20751.1 7468.4 49053.2
322.347 20627.9 7424.38 48865
322.446 20488.4 7375.08 48652.8
322.547 20342.2 7323.13 48430.2
322.652 20196.9 7271.21 48209.6
322.756 20046.5 7217.02 47979.9
322.854 19897.8 7163.78 47754.3
323.007 19752.4 7111.57 47533.2
323.058 19616.4 7061.95 47326.3
323.153 19493 7013.79 47134.9
323.258 19374.1 6969.78 46954.7
323.413 19254.2 6927.64 46777
323.467 19139.8 6888.77 46611.5
323.563 19029.1 6851.92 46453.6
323.761 18924.7 6817.06 46305.5
323.783 18826.2 6784.73 46167.4
323.864 18734.1 6754.56 46040.4
324.017 18650 6727.67 45927
324.167 18575.5 6703.67 45828.4
324.188 18517.1 6679.6 45747.4
324.37 18460.2 6660.07 45676.1
324.429 18399.7 6643.01 45606.4
324.473 17096.6 6550.39 42610.2
324.57 17049.1 6539.72 42568.5
324.674 17007 6531.91 42538.1
324.773 16968.8 6526.2 42516
324.876 16935.2 6518.4 42179.7
324.973 16907.2 6516.93 42176.2
325.174 16884.4 6517.14 42181.4
325.197 1840.67 358.967 3700.27
325.279 17619.4 7255.08 44283.7
325.378 17588.2 7255.63 44287.8
325.477 17552.9 7257.36 44292
325.581 17514.1 7258.66 44293.7
325.73 617.463 262.928 1227.76
325.829 17485.9 7453.77 44848.2
325.883 17448.3 7454.41 44856.4
326.039 1053.45 313.452 1976.49
326.136 18197.3 8206.74 48156.6
326.287 7220.16 238.273 8829.79
326.311 7275.94 238.224 9828.33
326.394 27443.1 9115.91 62820.8
326.492 27277.1 9107.02 62785.8
326.652 27104.2 9095.76 62747.2
326.699 26727.9 9038.43 62676.3
326.794 26544 9020.45 62623.1
326.893 26357.8 8999.41 62565.5
326.998 26143.9 8867.7 62187.2
327.249 25964.5 8840.71 62127.9
327.268 21850.6 8625.52 54929.5
327.299 21726.3 8586.12 54871.1
327.401 727.056 251.376 1344.22
327.499 21371.4 8167.5 53679.9
327.653 21223.7 8118.24 53246.7
327.751 21087.4 8070.11 53156
327.806 20646.9 8020.96 53120.7
327.965 20663.9 7937.26 53010.6
328.204 85.6052 358.509 621.038
328.297 21331.1 8682.69 54923.7
328.397 21237.3 8712.91 54846.6
328.461 21156.2 8719.06 54755.3
328.559 20869.1 8528.92 53391.6
328.665 20689.5 8462.96 53067.3
328.864 20551.4 8377.33 52756
328.89 20369.1 8267.51 52358.1
328.958 20143 8137.06 51876.4
329.063 19869.3 7984.71 51301.2
329.213 19481.1 7686.59 49760.8
329.36 19123.4 7493.72 49005.7
329.39 18657.5 7256.27 48075.2
329.521 18109.5 6972.1 46954.6
329.572 17484.8 5819.75 43907.8
329.728 16830.5 5517.91 42572.7
329.824 16158.5 5209.55 41183.2
329.926 15486.2 4903.51 39775.2
330.07 14650.2 4571.89 37416.9
330.101 13040.9 4047.29 33453.7
330.227 12480.9 3788.31 32248
330.272 11950.7 3547.43 31091.9
330.369 11236.1 3256.36 29141.6
330.472 10767.3 3053.58 28110.1
330.622 2181.85 3216.15 3216.15
330.676 8850.05 2532.77 24487.6
330.773 8525.15 2395.77 23712.1
331.034 8274.53 2278.63 23069.9
331.053 847.709 234.376 1539.46
331.083 7387.57 1986.41 20930.6
331.178 975.542 230.11 1724.45
331.28 7180.32 2045.41 20841.7
331.433 6313.81 1795.92 18315.6
331.481 6239.08 1762.29 18118
331.586 2026.83 320.128 2638.06
331.937 6590.36 1895.24 19093.9
331.961 1654.71 347.235 2157.45
331.981 7850.4 2151.05 22632.5
332.188 7838.28 2143.09 22580.8
332.206 7838.37 2140.82 22562.6
332.23 7849.25 2143.44 22573.2
332.539 7868.39 2149.94 22606.8
332.597 7892.86 2159.55 22657.7
332.612 7920.63 2170.71 22721.6
332.639 13628.3 237.137 29060.8
332.746 14811.9 239.377 29748
333.034 74651 5685.57 106996
333.09 76722.8 5752.81 109403
333.113 62838.1 5660.3 88876.5
333.133 63821.9 5708.18 89845.1
333.286 64556.4 5748.29 90583.8
333.483 65053.4 5780.96 91106.9
333.502 65170.2 5809.75 91297.9
333.537 65054.5 5833.25 91265.6
333.635 64970 5854.41 91200.7
333.734 64793.1 5872.05 90961.1
334.038 64569.2 5888.93 90587.1
334.054 64293.5 5906.59 90086.9
334.076 63954.2 5923.84 89452.1
334.141 8184.41 2315.88 23664.4
334.243 8149.4 2305.98 23304.7
334.341 8117.66 2296.6 23234.6
334.491 8084.93 2286.77 23163.1
334.542 8049.32 2276.38 23084.2
334.643 7949.68 2060.34 22113.8
334.741 7912.35 2050.31 22031.6
334.898 7782.96 1887.13 21284.2
334.955 7750.35 1879.29 21210
335.196 7721.86 1872.14 21142.5
335.214 7698.17 1865.76 21083
335.3 7678.23 1859.9 21027.8
335.356 7663.54 1855.06 20982.9
335.453 7654.46 1851.46 20947.6
335.555 7650.69 1848.85 20922.2
335.651 7650.38 1846.85 20903.6
335.756 7651.76 1845.21 20889.9
335.909 7584.66 1843.67 20358.9
335.964 2109.4 214.005 3144.37
336.059 8188.65 2710.81 22390.2
336.161 795.076 337.561 1751.24
336.261 8516.13 2762.95 23490.9
336.413 8523.31 2765.46 23505
336.466 241.224 568.136 1281.01
336.612 8600.86 2941.02 24217.2
336.67 8608.22 2946.47 24236.5
336.767 8615.37 2952.12 24254.8
336.968 8622.99 2958.14 24273.9
336.985 8630.15 2963.75 24291.7
337.23 1378.31 248.694 2977.11
337.248 10609.9 4479.21 29321.1
337.28 10620.5 4482.15 29325.1
337.43 10628.8 4484.11 29325.2
337.474 10636.1 4485.66 29322.4
337.572 10628.6 4481.59 29299.8
337.723 10599.7 4468.71 29239.7
337.781 10537.8 4439.2 29123.7
337.877 10436.1 4387.04 28928.8
337.977 10283 4306.22 28635.9
338.078 10075.4 4193.86 28231.8
338.429 9814.26 4047.38 27710.8
338.449 9479.26 3849.07 26567
338.47 9185.7 3665.44 25921.3
338.538 8952.03 3487.09 25320
338.589 8773.83 3349.6 24841.1
338.687 8639.29 3248.74 24471.9
338.79 1435.01 275.136 2478.68
338.885 8676.28 3575.79 25345.5
338.99 8618.04 3530.91 25184.5
339.1 8576.22 3499.06 25069.6
339.195 8545.7 3475.49 24985.5
339.541 8528.41 3461.21 24934.9
339.555 8524.18 3456.33 24918.2
339.642 8530.62 3459.21 24929.2
339.801 8549.16 3470.84 24971.3
339.899 8576.75 3489.1 25037.3
339.953 2041.94 248.054 3303.65
340.047 9614.71 3825.55 27413.3
340.153 1725.79 245.642 3840.77
340.252 10678.6 4771.9 30162.7
340.354 10754.4 4822.77 30332.1
340.557 10832.1 4875.45 30505.6
340.575 10910.9 4929.12 30680.9
340.658 10986.7 4981.5 30849.7
340.806 11061.7 5033.27 31015.5
340.958 11134.1 5081.62 31171.8
340.975 10165 4187.01 28726.2
341.106 10206.6 4216.81 28829.1
341.161 10242.2 4243.35 28919.3
341.368 10272.2 4266.66 28997.9
341.387 10293.8 4284.67 29057.7
341.517 10307.6 4297.72 29100.2
341.619 10315.2 4306.41 29128.1
341.719 10317.2 4310.89 29141.9
341.771 10313.6 4311.41 29142.7
341.869 10304.7 4308.45 29130.9
341.969 10291.9 4303.25 29110.3
342.071 10275.3 4294.77 29079.5
342.275 10256.7 4284.29 29043.1
342.292 10235.2 4271.71 28999.6
342.375 10213.2 4258.29 28953.5
342.527 10189.7 4243.55 28903.5
342.627 10166.3 4228.6 28853.1
342.685 10144.3 4213.6 28803.3
342.777 10124 4198.53 28755.3
342.884 10104.5 4184.73 28710.4
343.036 10085 4171.14 28666.2
343.082 10066.8 4158.18 28624.5
343.18 10051 4146.66 28588.7
343.282 10036.2 4135.81 28555.4
343.383 10024.2 4126.91 28529.3
343.541 9889.17 3544.22 27118.7
343.589 9879.45 3538.28 27100.3
343.74 9872.65 3533.32 27087.1
343.788 9820.93 3514.21 26996.2
343.89 9817.34 3510.72 26990.3
343.99 9813.75 3507.95 26987
344.095 9810.53 3505.74 26986.5
344.393 9807.03 3503.57 26987
344.41 9803.16 3501.18 26987.2
344.432 9799.34 3498.87 26988.4
344.5 9795.96 3496.7 26991
344.6 9792.35 3494.38 26993.8
344.695 9790.12 3491.96 26998.1
344.896 9792.23 3489.53 27006.7
344.914 9789.78 3486.02 27009.9
345.057 9784.58 3482.2 27011.4
345.108 9778.49 3478.21 27013.1
345.202 1639.43 301.644 2723.93
345.352 10184.5 4171.59 28902.5
345.409 3787.11 259.025 5223.44
345.505 12361 4766.82 33090.4
345.604 2808.26 276.007 5240.99
345.764 13878.3 5687.02 36436.5
345.856 13863.8 5678.8 36448.5
345.915 5316.13 237.979 6989.24
346.015 797.069 351.858 1704.61
346.111 20380.7 6464.56 48582.5
346.211 20296.1 6456.65 48597.4
346.473 20214.5 6448.5 48618.6
346.497 20140.4 6441.35 48654.1
346.52 18743.3 5822.67 45377.4
346.666 18494.5 4736.25 43741.2
346.718 18414.3 4711.19 43737.9
346.82 17502 4633.12 41486.6
347.015 17334.5 4586.6 41421.9
347.034 17242.1 4554.45 41404.6
347.119 17147.6 4521.22 41384.9
347.223 17057.1 4486.66 41369.7
347.325 16947.5 3755.64 39508.1
347.475 11798.9 3293.99 29540.7
347.522 11762.6 3261.75 29524.3
347.624 11728.3 3229.05 29507.1
347.824 11654.8 3187.35 29399.7
347.842 11611.7 3106.76 28918.5
347.93 11605.9 3041.8 28383.4
348.079 11635 3041.25 28393.9
348.294 11646.1 3040.22 28396.5
348.375 11634.9 3041.13 28384.3
348.526 1539.03 243.102 2604.3
348.585 10962.8 3632.86 27828.1
348.725 2038.67 314.811 3940.02
348.777 12085 3963.22 30783.5
348.885 12027.9 3951.03 30698.5
348.988 11929.6 3923.62 30541.1
349.084 11796 3878.3 30303.9
349.188 11626.4 3815.39 29986.5
349.335 1379.14 311.716 3572.37
349.387 12280.1 4119.95 31504
349.548 11998.8 3998.5 30951.7
349.587 11691.9 3864.05 30338.2
349.788 10396.1 3310.47 27497.5
349.814 10082.6 3175.26 26559.5
349.9 9746.55 3031.43 25841.2
350.001 9399.78 2884.19 25093.6
350.148 9056.43 2736.62 24330.6
350.201 8722.39 2592.53 23569.8
350.3 8404.31 2455.41 22829.7
350.446 7848.79 2153.51 20729.2
350.499 7371.93 1950.98 19295.3
350.596 7102.75 1851.02 18673.1
350.752 1294.07 224.611 2034.1
350.802 7009.98 2074.24 19898.9
350.953 1924.51 335.771 3182.41
351.01 6939.81 2141.98 20323.8
351.203 6775.02 2060.96 19861.8
351.221 198.41 438.743 947.506
351.356 6479.32 1848.07 18666
351.507 6204.18 1598.55 17380.6
351.525 493.074 331.965 920.937
351.608 6098.95 1581.48 17376.5
351.712 5986.38 1526.72 16855.7
351.967 5944.9 1513.25 16756.3
351.986 5916.37 1503.98 16687.8
352.06 5899.49 1498.49 16647
352.13 2275.6 298.412 2790.5
352.315 8191.6 2788.46 21227.2
352.471 8208.99 2795.33 21266.4
352.488 8231.83 2805.77 21303.4
352.522 8261.69 2821.36 21359.4
352.678 3754.46 328.017 2764.42
352.774 26052.6 234.929 57926.3
352.823 24472.9 236.223 55792.7
352.924 26131.1 236.841 56427.3
353.028 99598.7 6100.78 144718
353.175 102317 6147.06 146454
353.232 104360 6184.5 148126
353.384 105776 6215.63 150020
353.433 106651 6240.19 152399
353.537 107006 6255.6 139652
353.633 107065 6268.24 140874
353.734 106733 6273.99 141205
353.837 106044 6272.9 140834
353.992 105244 6271.21 140125
354.037 103813 6271.45 138671
354.144 102354 6273.55 137088
354.339 101111 6281.36 135575
354.495 100046 6296 134071
354.512 71475.1 5784.49 93763.9
354.545 9837.06 3119.72 24886.6
354.748 2052.52 307.878 3291.94
354.848 12673.6 4520.06 31502.9
354.869 501.933 333.148 1123.76
354.948 12615.4 4522.21 31819.4
355.051 11289.5 3979.86 28501.7
355.204 11242.9 3966.71 28421.8
355.36 228.826 589.199 1111.36
355.412 11259.5 4286.3 29568.7
355.508 11225.3 4281.8 29513
355.562 11200 4279.14 29467.9
355.661 11182.1 4277.19 29430.6
355.815 11170.7 4275.8 29399.9
355.871 120.475 366.559 693.525
355.958 11241.5 4089.56 29162
356.062 1806.65 309.192 3222.64
356.168 175.349 351.451 721.858
356.268 220.3 473.554 942.113
356.369 32.5306 348.943 475.187
356.724 13733.3 4198.64 35325.5
356.746 13741.3 4079.14 35193.2
356.766 13759.1 4083.19 35215.6
356.865 13774.3 4086.98 35236.6
356.884 13788 4090.91 35261.3
356.971 13798.9 4094.53 35284.2
357.076 13808.1 4098.31 35307.6
357.181 2672.13 222.932 4398.43
357.275 15630.4 7017.44 40594.4
357.481 15633.5 7023.69 40611.4
357.54 1064.93 352.23 2730.4
357.583 1271.91 289.718 2829.44
357.68 17129 8105.8 45819.1
357.834 17132 8108.84 45825.7
357.935 16573.8 7927.67 44070.8
357.987 16578.2 7928.24 44071.6
358.087 16581.1 7927.88 44070.4
358.237 16579.7 7924.12 44058.7
358.333 16571.3 7916.31 44033.8
358.588 16553.2 7901.65 43990.2
358.742 16524.3 7878.8 43924.5
358.766 16482.8 7845.58 43835.1
358.943 16428 7802.48 43718.5
358.969 16358.6 7748.56 43568.9
358.996 16273.8 7681.93 43389.8
359.02 16173.2 7603.14 43172.9
359.1 16027.2 7500.52 42882.8
359.196 15839 7363.15 42487.9
359.298 15614.3 7194.81 42012
359.405 15358.2 6999.88 41454.2
359.549 14961.8 6534.98 39864.2
359.604 14647.1 6306.02 39183.2
359.701 14307.4 6061.13 38437.9
360.154 13947.1 5804.34 37639.1
360.176 13567.2 5537.66 36789.8
360.202 13162.9 5250.59 35569.8
360.228 12702 4963.2 34572.8
360.256 12202.4 4650.09 33472.6
360.361 11657.7 4309.75 32190
360.466 11123.8 3986.69 30972.6
360.514 10586.8 3671.52 29729.9
360.612 10057.5 3369.94 28485
360.712 9542.36 3087.13 27256.8
360.813 9046.67 2825.45 26059.3
361.013 8574.22 2586.15 24904.2
361.171 1115.29 295.812 2005.7
361.318 2598.88 254.874 3758.95
361.339 7313.7 2467.9 21692.2
361.366 6910.06 2242.62 20483.2
361.42 6248.71 1880.85 18458.7
361.513 5753.12 1613.4 16488
361.678 1416.18 350.367 2022.14
361.922 5433.62 1316.19 15159.3
361.966 4777.19 1156.63 13081.8
362.021 4284.62 971.558 11734.7
362.038 4214.13 948.501 11545.4
362.172 2082.05 350.56 2598.11
362.223 2031.45 350.642 2492.89
362.324 4811.7 1037.36 12588.8
362.421 4832.1 1036.55 12596.8
362.526 4878.95 1043 12661.5
362.623 4953.27 1057.49 12784.9
362.885 1762.06 346.674 1805.9
362.903 7399.78 1424.87 18000.8
362.935 7593.92 1475.68 18141.8
363.048 1497.57 346.164 1382.82
363.139 10475.1 3105.83 24565.1
363.353 1537.22 277.412 2406.7
363.536 14400 5873.16 34632.5
363.586 15005 6268.68 35819.6
363.685 15619 6671.51 37006
363.789 16227.6 7070.49 38162.6
363.891 16817.1 7454.44 39263.2
363.989 652.488 285.057 1238.87
364.24 18003.2 8093.5 41970
364.263 18429.2 8363.91 42738.4
364.296 18727 8520.79 42751.4
364.399 17398.3 8206.92 40290.7
364.599 17538.2 8309.56 40558.6
364.621 628.348 278.656 1412.69
364.703 17618.1 8765.86 41625.5
364.852 17546.3 8709.43 41503.9
364.96 712.532 279.213 1656.28
365.061 17451.2 8754.91 41957.3
365.159 17268.9 8617.35 41631.3
365.211 17101.8 8492.14 41329.1
365.311 16948.8 8378.62 41049.8
365.404 16815.3 8280.28 40805.7
365.509 16699.4 8194.92 40593.4
365.607 16606.7 8126.65 40424.1
365.766 16539.5 8076.75 40301.3
365.913 16496.3 8044.86 40223.9
365.934 16477.6 8031 40192.6
366.013 16484.6 8036.43 40209.6
366.113 16512.2 8056.57 40264.4
366.213 16558.3 8090.77 40354.3
366.313 16622.1 8138.87 40477.9
366.414 16703.8 8200.87 40635
366.514 16801.7 8273.1 40819.9
366.619 16916.1 8355.92 41031.8
366.772 17042.4 8446.66 41262.7
366.825 17178.5 8543.86 41509.8
366.925 17320.4 8645.15 41765.2
367.023 17467.3 8748.97 42026.7
367.121 17615.6 8852.74 42287.5
367.224 17762.6 8954.3 42542.3
367.322 17903.9 9052.84 42787.4
367.427 18034.1 9145.46 43013.5
367.583 17108.6 8654.6 40915.5
367.63 15491.4 7845.32 37784
367.779 15563.6 7905.28 37918.5
367.878 15626.3 7955.62 38031.2
367.936 15680.4 7997.84 38123.8
368.035 13805.3 6154.86 34157.6
368.192 13823.1 6167.51 34194.8
368.29 13833.6 6173.83 34215.5
368.337 13836 6172.84 34217.4
368.439 13830.5 6164.42 34202.4
368.59 13336 4979.16 32219.7
368.641 13313.9 4964.41 32172.8
368.741 13287.2 4946.5 32115.3
368.894 1152.56 310.406 1994.45
368.944 13640.1 5003.27 33009.7
369.1 13603 4978.31 32929.7
369.197 13563.3 4951.99 32840.7
369.449 13523.5 4924.35 32751.2
369.469 13482.8 4895.75 32660.6
369.499 13439.3 4864.53 32563.9
369.807 13395.7 4833.74 32464.9
369.832 3387.02 261.717 4857.1
369.857 1255.48 350.282 2434.48
369.881 15093.8 5329.64 36024.7
370.012 13643.7 4125.61 32759
370.11 13606.7 4100.98 32670.6
370.261 13543.3 3783.24 32128.6
370.517 13510.1 3761.68 32045.4
370.541 13478.8 3740.83 31966.2
370.868 13446.3 3720.21 31885.1
370.889 13416.3 3699.38 31807.2
370.917 13208.3 3345.46 30857.9
370.941 13185.1 3325.1 30786.2
370.973 453.825 290.73 1025.72
371.124 13609.9 3584.24 32714.3
371.271 13476.6 3559.96 31970.7
371.292 12938 3319.21 30409.5
371.321 551.226 271.064 1129.33
371.375 13659.9 3457.72 32647
371.573 13553.5 3422.34 32515
371.598 1152.21 336.091 2227.77
371.676 13805.2 3324.53 32886.6
371.789 13651.6 3295.69 32691.6
371.882 13620.1 3275.68 32739.6
372.123 1062.67 255.981 2131.48
372.337 13847.7 4162.52 34143.3
372.355 13932 4188.52 34255.1
372.443 13997.7 4211.77 34330.2
372.542 14019.7 4225.59 34339.4
372.698 518.052 309.435 1377.49
372.796 14077.4 4219.6 34931.2
372.897 14005.3 4190.71 34796.1
372.951 13902.8 4147.26 34594.9
373.041 13769.8 4089.38 34326.1
373.151 13348.3 4014.76 33984.5
373.254 13155.4 3927.1 33575.4
373.35 12504.9 3772.06 31713.7
373.453 12260.4 3659.86 31188
373.558 11983.2 3533.84 30600.1
373.807 11664.5 3395.18 29910.3
373.825 11326.2 3249 29165.1
374.01 10967.7 3093.28 28365.2
374.032 10605.3 2937.51 27550.6
374.11 10247.5 2785.73 26739.2
374.156 9899.07 2640.66 25943.8
374.258 9129.49 2091.26 23676.9
374.355 8829.54 1994.21 22993.6
374.461 8250.97 1875.9 21401.5
374.559 8000.33 1795 20829.2
374.664 1686.54 339.296 2406.21
374.763 2284.01 329.754 3738.01
374.919 7826.14 1908.49 20915.8
374.964 7376.53 1789.62 19226.7
375.064 7239.64 1736.7 18887.9
375.165 7124.41 1692.7 18600.3
375.27 7028.75 1656.49 18358.9
375.366 6582.73 1565.72 17191.6
375.465 6527.55 1542.97 16896
375.574 6486.42 1526.38 16783.8
375.669 6458.89 1514.66 16703.7
375.772 6442.45 1506.86 16650.7
375.87 6435.59 1502.41 16621.3
375.975 6435.8 1500.81 16610.2
376.075 1590.65 211.529 2682.94
376.174 7692.96 2109.92 19554.4
376.279 34217.6 230.943 69541.6
376.376 27060.3 4885.47 48247.5
376.534 28825.9 235.559 64360.9
376.584 21861.3 245.822 51007.2
376.731 31485.1 217.097 68292.1
376.884 135250 5890.89 185953
376.905 135047 5891.7 185603
376.989 134739 5884.57 184822
377.085 134580 5870.25 183694
377.488 111577 5852.24 182280
377.509 111742 5830.92 180615
377.533 111506 5806.24 178641
377.557 110958 5781.71 176557
377.593 110165 5760.88 174405
377.691 108820 5751.54 171830
377.797 107289 5748.57 169357
377.995 105943 5753.09 167263
378.013 84206.9 5233.63 124555
378.204 83503.4 5267.07 123310
378.224 82987 5310.66 122062
378.349 82530.1 5209.37 120542
378.408 861.369 337.08 1547.11
378.507 85733.1 5447.11 119910
378.605 7043.11 1911.18 18155.3
378.702 7025.38 1908.71 18132.7
378.803 7007.74 1906.83 18112.5
378.904 6988.93 1905.09 18092.3
379.005 6971.9 1904.16 18076.8
379.106 6938.01 1876.89 17746.4
379.407 6926.43 1878.11 17741.4
379.423 6917.42 1879.87 17740.6
379.446 6911.17 1882.03 17743.3
379.514 6906.67 1884.39 17748.1
379.61 6550.5 1581.93 16409.5
379.813 6544.93 1582.16 16413.8
379.831 6543.22 1583.12 16422.8
379.964 6544.51 1584.7 16435.4
380.016 6547.39 1586.65 16449.3
380.168 6551.21 1588.8 16463.4
380.727 1414.38 231.703 2249.53
380.747 7618.44 1866.99 19277.6
380.768 7625.42 1870.3 19295.2
380.79 7632.78 1873.52 19311.5
380.816 2147.63 216.72 3378.55
380.837 848.018 300.148 1933.41
380.879 11650.2 3012.64 28472.1
380.93 265.84 408.954 1079.08
381.13 930.798 306.98 2202.7
381.192 12100.2 3977.55 30458.1
381.235 12125.2 3982.02 30481.2
381.337 12143.3 3983.63 30493.9
381.487 12158.9 3981.92 30500.2
381.54 12158.9 3975.53 30486.7
381.639 12147.4 3964.92 30481.3
381.736 12063.8 3925.06 30289.8
381.893 11918.9 3855.38 30018
381.944 11686.7 3750.94 29579.3
382.095 11396.8 3623.5 29017.3
382.145 11077.2 3483.86 28382
382.242 10759.1 3344.4 27735.1
382.394 10113.2 2787.99 24992
382.499 9855.81 2690.46 24484.7
382.548 9612.95 2570.05 23672.3
382.644 9466.89 2514.37 23385
382.751 9359.71 2474.16 23180.1
382.847 9281.48 2444.18 23036.6
382.955 9220.65 2421.58 22924.2
383.111 2453.33 3363.19 3363.19
383.314 10065 2882.36 24276.2
383.406 10058.2 2876.45 24256.3
383.503 10068.1 2877.85 24268
383.606 10094.1 2886.32 24312
383.709 10134.7 2901.11 24383.8
383.867 10186.5 2921.25 24478
384.009 10251.7 2946.95 24597.6
384.031 2737.04 292.383 2045.09
384.219 1989.51 247.173 3821.92
384.241 13987.7 5115.57 32832.2
384.319 14126.4 5190.33 33088.1
384.42 14262.3 5263.93 33339.9
384.524 14394.6 5335.79 33584.4
384.622 14515.6 5401.55 33808.6
384.769 14627.5 5463.29 34015.7
384.877 14724.5 5517.37 34196.1
384.976 14805.6 5559.94 34347.4
385.326 14874.1 5594.54 34472.2
385.345 14922.2 5621.03 34562.5
385.372 14949.9 5638.01 34618.4
385.397 14963 5647.71 34648.8
385.579 14959.7 5648.62 34649.1
385.603 14942.7 5642.55 34627.3
385.633 14914.9 5630.49 34584.7
385.838 14877.3 5613.48 34525.1
385.86 14829.1 5590.6 34447.4
385.984 14775.5 5563.83 34358.7
386.339 14715.5 5533.4 34257.6
386.357 14650.5 5501.22 34149.1
386.383 14584 5468.19 34038.3
386.41 14519.2 5436.56 33930.3
386.59 14454.2 5404.72 33822.2
386.613 14389.5 5373.45 33714.6
386.645 14328.4 5343.29 33611.9
386.739 14272.5 5315.88 33519.3
386.894 14218.5 5290.03 33430.1
387.098 14171.7 5266.04 33350.7
387.12 14135 5246.5 33287.9
387.147 14101.4 5232.06 33234.5
387.345 14069.8 5219.18 33186.2
387.367 14045.2 5211.09 33151.4
387.498 14026.2 5206.19 33128.1
387.555 14008.7 5202.21 33108.5
387.652 13995.3 5200.83 33097.3
387.754 13986.1 5202.16 33093.9
387.855 13980.3 5205.73 33098.3
387.957 3619.61 253.376 5124.58
388.06 16112 5360.79 36888.4
388.212 16120.4 5370.49 36921.4
388.261 16126.7 5382.35 36955.7
388.413 16135.9 5397.25 36999.1
388.464 16144.7 5412.84 37045.2
388.615 16155.2 5429.56 37096.2
388.668 16169.2 5448.28 37155.5
388.766 16183.1 5467.95 37216
388.864 16198.4 5488.32 37281.2
388.971 16222.1 5506.84 37355.7
389.07 16248.8 5523.83 37432.6
389.171 14120.9 5403.82 33658.4
389.271 14127.2 5425.4 33709.3
389.374 13961.2 4887.46 32551
389.472 706.507 283.691 1349.58
389.572 13928.1 4875.79 32474.2
389.78 1263.13 277.155 2161.24
389.824 14054.3 5804.57 33614.7
389.878 14006.1 5797.39 33572.6
390.027 13963.1 5784.22 33532.4
390.183 13923.6 5766.32 33494.8
390.38 13871.8 5752.02 33445.2
390.401 13817.7 5743.02 33399.7
390.428 13761.9 5734.56 33353.6
390.486 13710.2 5727.96 33315.4
390.591 13659.8 5720.7 33278.2
390.69 13587.6 5699.85 33137.9
390.787 111.271 347.647 598.754
390.889 13508 5650.48 32991.6
390.988 13470.2 5637.51 32963.9
391.143 13393 5492.62 32101.4
391.187 2856.9 290.44 4347.34
391.292 1914.41 305.791 3369.23
391.443 13965.8 6849.78 32704.7
391.543 13306.7 5448.74 30394.9
391.598 13168.2 5373.9 29694
391.695 13187.2 5379.26 29726.6
391.802 603.495 295.157 1218.48
391.899 11952.4 2933.79 26128.8
392.004 11945.7 2931.88 25975.5
392.243 11924.3 2931.25 25975.7
392.352 81.145 348.48 561.28
392.454 11932.7 2935.24 26098.2
392.563 11921.5 2933.05 26069.2
392.709 11898.5 2925.44 26018.5
392.755 809.649 236.032 1677.88
392.853 11903.2 3336.17 26875.3
393.017 11825.3 3303.81 26725.6
393.115 11726.5 3263.55 26538.9
393.209 11600 3212.49 26306.5
393.26 11423.9 3141.09 25984.2
393.616 11059.4 3000.01 24900.6
393.913 10807.6 2901.44 24441.2
393.976 10525.8 2792.08 23923.9
394.003 8885.51 2395.45 19742.5
394.025 8419.29 2212.96 18523.9
394.048 8134.87 2102.89 18012.8
394.074 7850.62 1995.1 17497.5
394.125 7570.82 1891.28 16986
394.216 7297.15 1792.31 16481.7
394.32 7030.68 1698.13 15986.8
394.424 6777.95 1610.73 15511.5
394.474 6539.72 1530.17 15058.7
394.577 6318.39 1456.94 14633.5
394.676 6114.93 1391.06 14238.7
394.873 5931.18 1332.76 13878.6
394.938 2087.72 2528.39 2528.39
395.077 5993.52 1590.07 14306.6
395.095 5863.7 1533.04 14026.4
395.385 5644.54 1471.26 13342
395.405 5557.4 1432.73 13150.3
395.431 5486.82 1401.6 12992.9
395.487 5431.71 1377.09 12867.5
395.589 5339.47 1354.68 12464.2
395.688 5310.14 1340.67 12394
395.79 470.516 304.084 850.927
395.936 4829.61 1268.78 11470.1
395.989 1332.24 1332.24 1684.53
396.486 5633.54 1682.8 13388
396.64 5648.46 1689.01 13414.9
396.661 5669.68 1698.47 13455.5
396.683 5693.9 1709.6 13503
396.703 2435.52 312.938 312.938
396.727 2516.73 1847.47 2516.73
396.759 8636.29 2462.27 18098.3
396.811 29025.1 234.583 48254.5
396.903 137960 7311.61 183919
397 139514 7363.46 185812
397.159 141112 7419.28 187756
397.355 142263 7462.23 189089
397.379 143250 7494.94 189715
397.505 144929 7511.4 189901
397.526 135792 7513.98 189738
397.602 136031 7496.87 188907
397.707 135123 7444.64 187470
397.807 134072 7418.96 186441
397.969 101479 252.917 162619
398.012 217177 9030.34 331585
398.111 9005.16 9005.16 323946
398.209 91981.8 6907.7 113432
398.312 62326.7 6326.73 75595.6
398.461 8258.83 2233.14 17509.8
398.517 8212.59 2222.22 17444
398.614 8020.63 2067.07 16849.9
398.771 241.774 586.537 1094.77
398.914 8151.41 2266.46 17244.3
398.93 8103.89 2260.91 17192.5
399.015 8060.21 2256.32 17146
399.118 8018.73 2203.48 16943.9
399.218 7981.16 2200.27 16903.5
399.327 7941.68 2190.96 16791.7
399.421 7910.43 2188.37 16758
399.577 7881.91 2186.32 16726.8
399.622 7856.97 2184.43 16698.2
399.726 7835.88 2182.63 16672.5
399.973 7818.41 2180.87 16649.8
400.237 7803.53 2178.92 16628.5
400.259 2002.82 311.007 3582.63
400.281 167.628 342.131 730.135
400.307 287.731 388.15 933.584
400.338 891.416 318.562 1798.33
400.534 10716 3046.86 23427.4
400.594 2746.31 209.338 3793.93
400.639 13201.3 4864.57 28468.8
400.744 13181.1 4855.48 28448.4
400.993 1809.26 271.683 2996.23
401.01 14149.3 4952.23 30439.3
401.149 14131.7 4941.33 30410.8
401.169 14115.8 4930.47 30383.3
401.403 1858.89 334.117 4396.73
401.422 15607.4 5326.03 33308.2
401.499 15595.2 5313.39 33282.4
401.702 1640.89 226.799 3079.22
401.722 16508.6 5883.42 35571.4
401.755 16503.7 5871.09 35543.1
401.854 16496.4 5858.43 35512.7
401.953 16491.3 5848.07 35489.6
402.058 16488.5 5839.17 35468.9
402.254 16481.5 5829.91 35444.5
402.276 16471 5821.51 35420.7
402.358 16464.2 5819.82 35412.5
402.458 16472.2 5830.26 35434.8
402.56 16490.5 5851.6 35474.3
402.661 16425.7 5378.03 34566.2
402.761 16464.7 5416.67 34641.9
402.916 16363.6 4720.72 32967.5
402.965 16444.8 4783.32 33117.9
403.066 12694.9 2039.39 25645.4
403.171 10420.3 1631.68 19606.6
403.262 10367 1551.12 19041.5
403.365 354.169 340.501 856.275
403.466 10611.1 1435.54 19001.5
403.619 10772.3 1375.6 19039.6
403.669 10798.8 1302.14 18389.3
403.774 10969.6 1252.5 18543.4
403.923 11152.6 1209.57 18815.4
403.973 11212.2 1152.7 18858
404.07 11084.6 649.584 17645.8
404.228 11242.5 629.038 17945.6
404.528 9836.99 431.881 14729.8
404.549 4877.23 408.93 7293.11
404.57 4929.4 401.924 7406.95
404.783 3.66004 339.499 381.064
404.799 4781.91 393.253 7060.36
404.831 2536.26 381.076 3976.14
405.083 3.95446 338.819 380.654
405.102 2594.25 341.755 3110.96
405.124 8552.94 397.689 12369.7
405.187 8538.8 397.31 12348.9
405.334 5097.51 343.144 5319.22
405.384 19080.4 446.919 27481.4
405.487 6105.65 340.443 5354.87
405.693 7975.53 333.527 6274.81
405.843 46227.2 1145.72 81114.3
405.863 11487.6 332.649 7368.84
405.891 53577.4 1655.24 95566.3
406.04 53990.3 1667.45 95829.6
406.095 52741 1677.55 96231.7
406.196 8351.56 321.681 6882.36
406.293 3186.43 332.057 4055.93
406.399 13737.8 325.395 16080.7
406.501 8723.74 322.924 9799.48
406.596 66761.3 3359.71 134927
406.698 67075.5 3372.87 135712
406.9 67309.3 3381.47 136421
406.917 67552.9 3397.99 137263
407.05 67645.5 3408.13 137467
407.162 67636 3407.2 137503
407.207 67618.8 3405.43 137536
407.356 67600.8 3403.75 137583
407.411 67573 3401.69 137632
407.516 67504.4 3395.49 137612
407.607 67508.4 3398.08 137774
407.709 67437.9 3390.94 137792
407.861 67366.6 3384.35 137839
408.016 67294.8 3376.33 137907
408.364 67217.4 3367.83 138027
408.418 67117.7 3354.47 138109
408.434 67024.3 3342.53 138255
408.458 66955.6 3332.58 138481
408.482 66923.4 3325.73 138798
408.569 66931.4 3322.66 139199
408.671 66936.3 3320.8 139603
408.723 66949.6 3320.58 140015
408.829 67058.4 3331.54 140599
408.923 67173.7 3343.8 141202
409.083 67301 3357.63 141829
409.479 67467 3375.95 142524
409.496 67619.4 3393.22 143206
409.517 67779.3 3412.28 143913
409.536 67933.6 3431.31 144632
409.557 68054.9 3446.71 145336
409.631 68218.2 3467.4 146118
409.791 68268.8 3475.8 146779
409.837 68372.7 3490.62 147521
409.936 68372.3 3493.13 128442
410.037 68411.7 3500.1 128965
410.135 68416.6 3501.7 129415
410.239 68420.3 3502.55 129785
410.334 68427.3 3503.72 130086
410.435 68439.8 3506.11 130351
410.538 68446.7 3507.71 130585
410.642 68478.9 3512.58 130807
410.736 68529 3518.47 131039
410.892 68598.4 3527.25 131295
