Time X Y Z Roll Pitch Yaw
7.21169 0.000131517 -0.000457349 0.210813 -0.000272769 -0.000536725 -1.57019
7.21397 0.000137335 -0.000427014 0.213768 -0.000272168 -0.000650362 -1.57018
7.21839 0.000143193 -0.000396675 0.216723 -0.000270252 -0.00070959 -1.57017
7.2229 0.00014908 -0.000366426 0.219678 -0.000268027 -0.000767504 -1.57016
7.22703 0.000154992 -0.000335643 0.222634 -0.00026521 -0.000820661 -1.57016
7.24482 0.000160929 -0.00030434 0.225589 -0.000262451 -0.000867776 -1.57015
7.24541 0.000166906 -0.000272495 0.228544 -0.000260418 -0.000910823 -1.57014
7.249 0.000172933 -0.000240063 0.231499 -0.000258573 -0.000951524 -1.57014
7.25334 0.000179004 -0.000207019 0.234452 -0.000255229 -0.000990885 -1.57013
7.25415 0.000185114 -0.000173921 0.237404 -0.000251991 -0.000997418 -1.57012
7.25656 0.000191247 -0.000140682 0.240355 -0.000248437 -0.00100427 -1.57012
7.26553 0.000209653 -3.02819e-05 0.249194 -0.000229875 -0.00114103 -1.5701
7.27216 0.00021581 1.0825e-05 0.252136 -0.000224913 -0.00125081 -1.57009
7.27583 0.000222006 5.34915e-05 0.255074 -0.000219817 -0.00136354 -1.57008
7.28606 0.000228229 9.62714e-05 0.25801 -0.000212465 -0.00142118 -1.57008
7.28684 0.00023447 0.0001391 0.260943 -0.000205954 -0.00147645 -1.57007
7.29315 0.000240753 0.000182635 0.263872 -0.000199517 -0.00152547 -1.57007
7.2957 0.00024707 0.000226869 0.266798 -0.000192405 -0.00156641 -1.57006
7.29636 0.000253399 0.000271789 0.269721 -0.000185828 -0.00160137 -1.57005
7.29782 0.000259736 0.000317388 0.272639 -0.000179392 -0.00163259 -1.57005
7.30171 0.000266082 0.000363662 0.275553 -0.00017329 -0.0016607 -1.57004
7.30694 0.000272439 0.000410624 0.278463 -0.000168255 -0.00168813 -1.57004
7.3125 0.000278797 0.0004583 0.281369 -0.000164314 -0.00171505 -1.57003
7.31365 0.00028515 0.000506715 0.28427 -0.000160598 -0.0017431 -1.57002
7.32593 0.000291508 0.000555873 0.287166 -0.000156468 -0.00177281 -1.57002
7.32636 0.000297876 0.000605775 0.290058 -0.000152894 -0.00180374 -1.57001
7.32717 0.000304252 0.000656437 0.292944 -0.000148603 -0.00183652 -1.57001
7.33642 0.000310647 0.000707858 0.295825 -0.000144303 -0.0018717 -1.57
7.33646 0.00031707 0.000760028 0.2987 -0.000140267 -0.00190943 -1.57
7.34374 0.000323519 0.00081295 0.30157 -0.000135327 -0.00194903 -1.56999
7.34471 0.00032999 0.000866635 0.304435 -0.000131035 -0.00199092 -1.56999
7.34751 0.000336459 0.000921079 0.307293 -0.000127604 -0.00203352 -1.56998
7.3526 0.00034291 0.000976284 0.310146 -0.000124008 -0.00207596 -1.56997
7.35582 0.000349342 0.00103227 0.312992 -0.000121377 -0.0021188 -1.56997
7.35989 0.000355761 0.00108905 0.315833 -0.000119239 -0.00216136 -1.56996
7.36402 0.000362193 0.00114662 0.318667 -0.000115652 -0.00220225 -1.56996
7.3688 0.000368648 0.00120499 0.321494 -0.000111333 -0.00224196 -1.56995
7.37137 0.000375117 0.00126418 0.324316 -0.000107244 -0.00228092 -1.56995
7.37761 0.000381607 0.00132419 0.32713 -0.000103396 -0.00231899 -1.56994
7.38419 0.00038811 0.00138502 0.329938 -9.95814e-05 -0.00235693 -1.56993
7.38705 0.0003946 0.00144669 0.332739 -9.58469e-05 -0.00239406 -1.56993
7.38935 0.000401064 0.0015092 0.335533 -9.16796e-05 -0.00243096 -1.56992
7.39878 0.00040751 0.00157254 0.33832 -8.77814e-05 -0.00246814 -1.56992
7.40014 0.000413959 0.0016367 0.3411 -8.4902e-05 -0.00250462 -1.56991
7.40286 0.000420426 0.0017017 0.343872 -8.20951e-05 -0.00254077 -1.56991
7.40731 0.000426899 0.00176755 0.346638 -7.84725e-05 -0.00257699 -1.5699
7.41214 0.000433367 0.00183427 0.349396 -7.46401e-05 -0.00261263 -1.5699
7.4248 -0.00312936 0.00313348 0.363098 -7.09697e-05 -0.00264729 -1.56989
7.4259 -0.00313098 0.00320485 0.365865 -6.74409e-05 -0.00268202 -1.56989
7.42876 -0.00313261 0.00327711 0.368626 -6.44474e-05 -0.00271672 -1.56988
7.4323 -0.00313423 0.00335024 0.371378 -6.14677e-05 -0.00275011 -1.56987
7.4332 -0.00313584 0.00342423 0.374123 -5.81138e-05 -0.00278221 -1.56987
7.4456 -0.00313749 0.0034991 0.37686 -5.38431e-05 -0.0028135 -1.56986
7.44889 -0.00313919 0.00357486 0.379589 -4.9037e-05 -0.0028448 -1.56986
7.44894 -0.00314093 0.0036515 0.38231 -4.48674e-05 -0.0028753 -1.56985
7.45292 -0.00314267 0.00372903 0.385024 -4.04393e-05 -0.00290418 -1.56985
7.45786 -0.00314444 0.00380746 0.387729 -3.51455e-05 -0.00293323 -1.56984
7.45906 -0.00314623 0.00388679 0.390426 -2.93897e-05 -0.00296246 -1.56984
7.46417 -0.00314805 0.00396702 0.393115 -2.33029e-05 -0.00299138 -1.56983
7.4671 -0.00314991 0.00404815 0.395796 -1.69189e-05 -0.003021 -1.56983
7.47205 -0.00315179 0.00413017 0.398468 -1.0227e-05 -0.00305044 -1.56982
7.47468 -0.00315368 0.00421312 0.401133 -3.36979e-06 -0.00307864 -1.56982
7.48135 -0.0031556 0.004297 0.403788 3.55903e-06 -0.00310675 -1.56981
7.48567 -0.00315749 0.0043818 0.406436 1.07624e-05 -0.00313516 -1.56981
7.50267 -0.00316303 0.00464174 0.414327 3.11103e-05 -0.003219 -1.56979
7.5046 -0.00316486 0.0047302 0.416941 3.74979e-05 -0.00324683 -1.56979
7.50921 -0.0031667 0.00481959 0.419545 4.48002e-05 -0.00327437 -1.56978
7.51439 -0.00316856 0.00490993 0.422141 5.24875e-05 -0.00330223 -1.56978
7.51985 -0.00317046 0.00500121 0.424729 5.98337e-05 -0.00333042 -1.56977
7.52558 -0.0031724 0.00509342 0.427308 6.679e-05 -0.00335867 -1.56977
7.53088 -0.00317436 0.00518656 0.429878 7.35112e-05 -0.00338638 -1.56976
7.53252 -0.00317632 0.00528063 0.432439 7.99395e-05 -0.0034141 -1.56976
7.5434 -0.00469765 0.00467671 0.4367 8.5716e-05 -0.00344167 -1.56976
7.55759 -0.00470294 0.00477131 0.439247 9.13583e-05 -0.00346754 -1.56975
7.55764 -0.00470827 0.00486685 0.441786 9.59515e-05 -0.00349209 -1.56975
7.56999 -0.00396586 0.00392074 0.449835 0.000100992 -0.00355832 -1.56973
7.57591 -0.00396969 0.00401752 0.452339 0.000100828 -0.00357832 -1.56973
7.59804 -0.00398895 0.00451648 0.464726 0.000108193 -0.00368502 -1.56971
7.60985 -0.0039928 0.00461929 0.467176 0.000111511 -0.00370878 -1.56971
7.62559 -0.00399665 0.00472313 0.469618 0.000114629 -0.00373433 -1.5697
7.63085 -0.00400054 0.004828 0.472051 0.000118323 -0.00376136 -1.5697
7.63497 -0.00400448 0.00493393 0.474474 0.000122671 -0.00378856 -1.5697
7.64168 -0.00400847 0.00504088 0.476889 0.000126368 -0.00381452 -1.56969
7.66117 -0.00401251 0.00514884 0.479294 0.000130311 -0.00384037 -1.56969
7.66704 -0.00401658 0.00525781 0.481691 0.000134417 -0.00386644 -1.56969
7.66708 -0.00402068 0.0053678 0.484079 0.000136969 -0.00389059 -1.56968
7.68421 -0.00402478 0.00547881 0.486457 0.000139674 -0.00391309 -1.56968
7.68608 -0.0040289 0.00559082 0.488827 0.000142154 -0.0039345 -1.56967
7.69435 -0.00403305 0.00570385 0.491187 0.000142523 -0.00395359 -1.56967
7.70012 -0.00403724 0.0058179 0.493539 0.000142308 -0.00397141 -1.56967
7.71796 -0.00404146 0.00593296 0.495882 0.000141471 -0.00398962 -1.56966
7.718 -0.00404569 0.00604905 0.498215 0.000139919 -0.00400771 -1.56966
7.71802 -0.00404995 0.00616618 0.50054 0.000138736 -0.00402588 -1.56965
7.73071 -0.00405425 0.00628438 0.502855 0.000138381 -0.00404478 -1.56965
7.73075 -0.00405859 0.00640368 0.505162 0.000138606 -0.00406485 -1.56964
7.73077 -0.00406296 0.00652408 0.50746 0.000139635 -0.00408549 -1.56964
7.74025 -0.00406733 0.00664557 0.509748 0.000142359 -0.00410602 -1.56964
7.75104 -0.00407173 0.00676812 0.512028 0.000145671 -0.00412753 -1.56964
7.75156 -0.00407619 0.00689174 0.514299 0.000150103 -0.00414919 -1.56964
7.75278 -0.00408067 0.00701642 0.51656 0.000155747 -0.00417129 -1.56963
7.76055 -0.00408517 0.00714219 0.518813 0.000161441 -0.0041936 -1.56963
7.77066 -0.00408969 0.00726902 0.521056 0.000167457 -0.00421445 -1.56963
7.78411 -0.00409428 0.00739691 0.523291 0.000172899 -0.00423477 -1.56962
7.78419 -0.00409895 0.00752587 0.525517 0.000176631 -0.00425426 -1.56962
7.79292 -0.00410366 0.00765591 0.527734 0.000178961 -0.00427207 -1.56962
7.79767 -0.0041084 0.00778705 0.529941 0.000180972 -0.0042894 -1.56961
7.8036 -0.00411316 0.00791927 0.53214 0.000181448 -0.00430608 -1.56961
7.80869 -0.00411791 0.00805259 0.534328 0.000181521 -0.00432217 -1.56961
7.81365 -0.00412269 0.008187 0.536506 0.000182768 -0.0043388 -1.56961
7.82463 -0.00412751 0.0083225 0.538671 0.000184385 -0.00435523 -1.5696
7.82797 -0.00413236 0.00845904 0.540823 0.000186188 -0.004371 -1.5696
7.82817 -0.00413728 0.00859665 0.542962 0.000188009 -0.00438701 -1.5696
7.83707 -0.00414225 0.00873533 0.545087 0.00019028 -0.00440302 -1.56959
7.83928 -0.00414729 0.0088751 0.547198 0.000194456 -0.00441809 -1.56959
7.85905 -0.00415239 0.00901597 0.549293 0.000199513 -0.0044341 -1.56959
7.85911 -0.00415755 0.00915793 0.551374 0.00020408 -0.00445145 -1.56959
7.89534 -0.00416274 0.00930096 0.553439 0.000209756 -0.0044703 -1.56958
7.89538 -0.00416798 0.00944507 0.555488 0.000216775 -0.00448963 -1.56958
7.8954 -0.00417328 0.00959025 0.557522 0.000224353 -0.00450884 -1.56958
7.89542 -0.00417865 0.00973648 0.55954 0.000232487 -0.0045293 -1.56958
7.89548 -0.00418408 0.00988375 0.561542 0.000241079 -0.00455021 -1.56957
7.90257 -0.00418956 0.0100321 0.563528 0.000249776 -0.00457188 -1.56957
7.90532 -0.00419509 0.0101815 0.565498 0.000259165 -0.00459401 -1.56956
7.91359 -0.0035408 0.00897359 0.567775 0.000269736 -0.00461586 -1.56956
7.9182 -0.0035452 0.00912261 0.569713 0.000281121 -0.00463803 -1.56956
7.92892 -0.00354964 0.00927269 0.571637 0.000292087 -0.00465958 -1.56956
7.93401 -0.00355413 0.00942385 0.573544 0.000301793 -0.00468018 -1.56955
7.93405 -0.00355865 0.00957612 0.575436 0.000310357 -0.00470008 -1.56955
7.93941 -0.00356323 0.00973013 0.577313 0.000317441 -0.00477103 -1.56955
7.94514 -0.00356788 0.0098858 0.579174 0.000324283 -0.00484023 -1.56954
7.94518 -0.00357261 0.0100417 0.581021 0.000331456 -0.00485492 -1.56954
7.97894 -0.0035774 0.0101978 0.582853 0.000337733 -0.00486484 -1.56954
7.98572 -0.00358224 0.0103547 0.58467 0.000344239 -0.00486704 -1.56954
8.00807 -0.00358712 0.0105124 0.586473 0.000351066 -0.00486132 -1.56953
8.01089 -0.00359203 0.0106709 0.588262 0.000357966 -0.00484947 -1.56953
8.01094 -0.00359697 0.0108302 0.590037 0.000365118 -0.00483553 -1.56953
8.01549 -0.00360195 0.0109897 0.591798 0.000369632 -0.00480144 -1.56953
8.02431 -0.00360701 0.0111495 0.593546 0.000375274 -0.00476756 -1.56952
8.02679 -0.00361216 0.011311 0.59528 0.000385033 -0.00475912 -1.56952
8.0327 -0.00361742 0.0114741 0.597001 0.000395482 -0.00475936 -1.56952
8.03501 -0.00362279 0.011639 0.598708 0.000408555 -0.00479316 -1.56952
8.04153 -0.00362823 0.0118055 0.600402 0.000422005 -0.00483652 -1.56951
8.05113 -0.00363371 0.0119724 0.602084 0.000432647 -0.00486115 -1.56951
8.05565 -0.00363921 0.0121395 0.603753 0.000442248 -0.00488747 -1.56951
8.05845 -0.00364476 0.0123075 0.60541 0.000451327 -0.0049112 -1.56951
8.06405 -0.00365036 0.0124764 0.607054 0.000460382 -0.00492916 -1.56951
8.07611 -0.00365602 0.0126461 0.608687 0.000468445 -0.00494175 -1.5695
8.09037 -0.0036734 0.0131601 0.613512 0.00048367 -0.00496359 -1.5695
8.10463 -0.00367933 0.0133331 0.615097 0.000486712 -0.00496804 -1.5695
8.10873 -0.00368533 0.0135069 0.61667 0.000490119 -0.00497304 -1.5695
8.11252 -0.00369143 0.0136816 0.618232 0.000494678 -0.00498001 -1.56949
8.11527 -0.00369763 0.0138572 0.619782 0.00049977 -0.00498836 -1.56949
8.12882 -0.00370394 0.0140336 0.621322 0.00050568 -0.00499776 -1.56949
8.13105 -0.00371035 0.0142109 0.62285 0.000512412 -0.00500961 -1.56949
8.13653 -0.00371686 0.014389 0.624368 0.000519366 -0.00502357 -1.56948
8.14481 -0.00372343 0.014568 0.625875 0.000527726 -0.0050386 -1.56948
8.15421 -0.00373007 0.0147478 0.627372 0.000537308 -0.00505362 -1.56948
8.15891 -0.00373681 0.0149285 0.628858 0.000546939 -0.00506776 -1.56948
8.16439 -0.00374366 0.01511 0.630333 0.000556709 -0.00508149 -1.56947
8.17779 -0.0037506 0.0152924 0.631799 0.000565738 -0.00509516 -1.56947
8.18442 -0.00375763 0.0154757 0.633254 0.000573506 -0.00510757 -1.56947
8.19102 -0.00376475 0.0156599 0.6347 0.000580954 -0.00511923 -1.56947
8.1911 -0.00377199 0.015845 0.636135 0.000587961 -0.00513025 -1.56946
8.19111 -0.00377934 0.0160311 0.637561 0.000592936 -0.00514011 -1.56946
8.22884 -0.00287259 0.0143661 0.639108 0.000596558 -0.00514954 -1.56946
8.23269 -0.00287852 0.0145506 0.640515 0.000600271 -0.00515869 -1.56945
8.24057 -0.00288452 0.0147361 0.641913 0.000603121 -0.00516746 -1.56945
8.2512 -0.00289061 0.0149224 0.643301 0.00060635 -0.00517756 -1.56945
8.27061 -0.00165786 0.0122256 0.644678 0.000610187 -0.0051895 -1.56945
8.27914 -0.00166202 0.0124088 0.646049 0.000615224 -0.00520129 -1.56944
8.28004 -0.0016663 0.0125929 0.64741 0.000620628 -0.00521286 -1.56944
8.28415 -0.00167068 0.0127779 0.648762 0.000625667 -0.00522397 -1.56944
8.28666 -0.00167519 0.0129638 0.650106 0.000631884 -0.00523498 -1.56944
8.28979 -0.00167983 0.0131506 0.651441 0.000638243 -0.00524707 -1.56944
8.28984 -0.0016846 0.0133383 0.652768 0.000643321 -0.00525907 -1.56944
8.28986 -0.00168951 0.0135269 0.654086 0.000649346 -0.00527023 -1.56943
8.29163 -0.00169453 0.0137164 0.655395 0.000656133 -0.00528004 -1.56943
8.29891 -0.00169966 0.0139069 0.656697 0.000662681 -0.00528734 -1.56943
8.30633 -0.00170489 0.0140982 0.65799 0.000669423 -0.00529397 -1.56943
8.31093 -0.00171023 0.0142905 0.659275 0.000676172 -0.00530123 -1.56943
8.31827 -0.00171567 0.0144837 0.660552 0.000682769 -0.00530785 -1.56942
8.32408 -0.0017212 0.0146779 0.661821 0.000688985 -0.00531416 -1.56942
8.33061 -0.00172683 0.0148731 0.663082 0.000694796 -0.00532175 -1.56942
8.33372 -0.00173257 0.0150692 0.664336 0.000699467 -0.00533064 -1.56942
8.33871 -0.0017384 0.0152662 0.665581 0.000703212 -0.00534092 -1.56941
8.35054 -0.00174431 0.0154642 0.666819 0.00070612 -0.00535172 -1.56941
8.35494 -0.00175031 0.0156631 0.66805 0.000709348 -0.00536258 -1.56941
8.36247 -0.00175639 0.0158629 0.669273 0.000713432 -0.00537337 -1.56941
8.36351 -0.00176257 0.0160637 0.670488 0.000717528 -0.00538377 -1.56941
8.36958 -0.00176888 0.0162654 0.671697 0.000721813 -0.00539338 -1.56941
8.38228 -0.00177534 0.0164681 0.672898 0.000726407 -0.0054002 -1.56941
8.38232 -0.00178197 0.0166717 0.674092 0.000730844 -0.0054058 -1.5694
8.39377 -0.00178874 0.0168762 0.675279 0.000735732 -0.00541112 -1.5694
8.3961 -0.00179562 0.0170817 0.676459 0.000741093 -0.00541591 -1.5694
8.4006 -0.00180261 0.0172881 0.677632 0.000745895 -0.00542066 -1.5694
8.40928 -0.00180974 0.0174955 0.678798 0.000750193 -0.00542561 -1.5694
8.41449 -0.001817 0.0177039 0.679957 0.000753918 -0.00543215 -1.56939
8.42577 -0.00182437 0.0179132 0.68111 0.000756467 -0.00543988 -1.56939
8.42746 -0.00183183 0.0181235 0.682256 0.000758027 -0.00544819 -1.56939
8.43169 -0.00183941 0.0183347 0.683395 0.000759054 -0.00545678 -1.56939
8.43707 -0.00184711 0.0185469 0.684528 0.000760054 -0.00546658 -1.56939
8.45022 -0.00185491 0.0187601 0.685655 0.000760891 -0.00547802 -1.56939
8.45213 -0.00186281 0.0189742 0.686775 0.00076123 -0.00548898 -1.56939
8.45604 -0.00187081 0.0191893 0.687889 0.000762785 -0.00549961 -1.56938
8.46203 -0.00187894 0.0194054 0.688997 0.000765127 -0.0055099 -1.56938
8.47834 -0.0018872 0.0196224 0.690099 0.000768091 -0.00551859 -1.56938
8.4787 -0.00189557 0.0198404 0.691194 0.000772799 -0.00552618 -1.56938
8.48494 -0.00190406 0.0200594 0.692284 0.000777653 -0.00553303 -1.56938
8.49164 -0.00191269 0.0202793 0.693368 0.000783387 -0.00553996 -1.56938
8.49168 -0.00192148 0.0205001 0.694445 0.00078993 -0.00554617 -1.56938
8.49754 -0.00193042 0.0207219 0.695517 0.000795652 -0.0055507 -1.56937
8.51616 -0.00193953 0.0209446 0.696583 0.000801703 -0.00555534 -1.56937
8.51621 -0.00194879 0.0211683 0.697643 0.000807665 -0.00556067 -1.56937
8.52445 -0.00195817 0.021393 0.698698 0.000813273 -0.00556642 -1.56937
8.5245 -0.00196767 0.0216186 0.699746 0.000818043 -0.00557349 -1.56937
8.53268 -0.0019773 0.0218453 0.70079 0.00082125 -0.00558157 -1.56937
8.53991 -0.00198706 0.0220729 0.701827 0.000823681 -0.00558986 -1.56937
8.55402 -0.000927538 0.018831 0.702951 0.000825371 -0.00559951 -1.56936
8.55779 -0.000935902 0.019055 0.703978 0.000826953 -0.00560955 -1.56936
8.59144 0.00051385 0.0106515 0.70707 0.00082639 -0.00562188 -1.56936
8.60683 0.000507499 0.0108637 0.70809 0.000826117 -0.00563125 -1.56936
8.6092 0.000501024 0.011077 0.709104 0.000825669 -0.00563894 -1.56936
8.61686 0.000494424 0.0112912 0.710114 0.000825852 -0.00564534 -1.56936
8.61797 0.00048769 0.0115064 0.711118 0.000826933 -0.00565174 -1.56936
8.62257 0.000480812 0.0117226 0.712117 0.000829043 -0.00565734 -1.56936
8.62827 0.000473785 0.0119398 0.713112 0.000832049 -0.00566144 -1.56936
8.63467 0.00046661 0.0121579 0.714101 0.000835549 -0.00566389 -1.56936
8.64766 0.000459283 0.012377 0.715085 0.000838439 -0.00566578 -1.56936
8.65429 0.00045179 0.0125971 0.716065 0.000841616 -0.00566739 -1.56936
8.66163 0.000444143 0.0128182 0.717039 0.000845885 -0.00566851 -1.56935
8.70497 0.000404238 0.0139386 0.721841 0.000872441 -0.00567965 -1.56935
8.71376 0.000395914 0.0141656 0.722788 0.000879476 -0.00568343 -1.56935
8.72331 0.000387431 0.0143942 0.723729 0.000889242 -0.00571167 -1.56935
8.73434 0.000378802 0.0146242 0.724666 0.000898082 -0.00574137 -1.56934
8.7376 0.00037006 0.0148545 0.725599 0.000904172 -0.0057484 -1.56934
8.74353 0.00036121 0.015085 0.726527 0.000910554 -0.00575523 -1.56934
8.74646 0.000352221 0.015316 0.727451 0.000916162 -0.00576203 -1.56934
8.75565 0.000343074 0.0155478 0.72837 0.000919817 -0.00576805 -1.56934
8.76365 0.00033377 0.0157803 0.729285 0.000923097 -0.00577283 -1.56934
8.7709 0.000324308 0.0160134 0.730196 0.000927451 -0.00577758 -1.56934
8.79542 0.000314693 0.0162472 0.731102 0.000931805 -0.00578316 -1.56934
8.79548 0.000304921 0.0164817 0.732004 0.000935912 -0.00579033 -1.56934
8.80717 0.000274688 0.0171893 0.734686 0.000954201 -0.00581756 -1.56934
8.82424 0.000264312 0.0174266 0.735572 0.000961104 -0.00582756 -1.56934
8.82792 0.000253776 0.0176645 0.736454 0.000966829 -0.00583841 -1.56933
8.83912 0.000243088 0.0179031 0.737331 0.000972378 -0.0058497 -1.56934
8.85516 0.000232262 0.0181425 0.738205 0.000978216 -0.00586098 -1.56934
8.85732 0.000221292 0.0183825 0.739074 0.00098427 -0.00587235 -1.56933
8.86671 0.000210162 0.0186232 0.73994 0.000990066 -0.00588494 -1.56933
8.89225 0.00019887 0.0188647 0.740802 0.000995494 -0.00589802 -1.56933
8.8923 0.000187439 0.0191069 0.74166 0.00100094 -0.0059113 -1.56933
8.90508 0.000175887 0.0193498 0.742514 0.0010059 -0.00592437 -1.56933
8.92057 0.000164175 0.0195933 0.743365 0.00101003 -0.00593601 -1.56933
8.93283 0.000152272 0.0198376 0.744212 0.00101306 -0.00594684 -1.56933
8.94144 0.000140196 0.0200826 0.745055 0.00101424 -0.00595654 -1.56933
8.94375 0.000127947 0.0203283 0.745894 0.00101418 -0.00596494 -1.56933
8.94381 0.00011551 0.0205748 0.74673 0.00101382 -0.00597271 -1.56933
8.94912 0.000102894 0.0208219 0.747563 0.00101299 -0.00597936 -1.56932
8.96724 9.01089e-05 0.0210697 0.748391 0.0010115 -0.00598403 -1.56932
8.97581 7.7141e-05 0.0213182 0.749217 0.00101024 -0.00598797 -1.56932
8.97737 6.39978e-05 0.0215675 0.750038 0.00100927 -0.00599188 -1.56932
8.98118 5.07066e-05 0.0218175 0.750857 0.00100701 -0.00599575 -1.56932
8.98378 3.72944e-05 0.0220683 0.751672 0.00100424 -0.00599986 -1.56932
8.98645 2.37534e-05 0.0223198 0.752483 0.00100192 -0.00600366 -1.56932
9.01739 1.00453e-05 0.0225721 0.753291 0.000999626 -0.00600696 -1.56932
9.01743 -3.83038e-06 0.0228251 0.754095 0.000996574 -0.00601039 -1.56932
9.01745 -1.78602e-05 0.0230789 0.754896 0.000992909 -0.00601458 -1.56932
9.01747 -3.20534e-05 0.0233334 0.755694 0.000989198 -0.00601961 -1.56932
9.02846 -4.64252e-05 0.0235888 0.756489 0.000985057 -0.00602432 -1.56932
9.04783 -6.09829e-05 0.0238449 0.75728 0.000981538 -0.00602906 -1.56932
9.0749 -0.000121083 0.024877 0.760411 0.000965604 -0.00604899 -1.56932
9.08014 -0.000136574 0.0251369 0.761186 0.000961501 -0.0060534 -1.56932
9.08955 -0.000152231 0.0253976 0.761958 0.000957457 -0.0060577 -1.56932
9.09367 -0.000168027 0.0256589 0.762726 0.000953208 -0.0060625 -1.56932
9.1256 -0.000216331 0.0264477 0.765013 0.00094655 -0.00607795 -1.56931
9.13326 -0.000232758 0.0267121 0.765769 0.000945751 -0.00608378 -1.56931
9.15946 -0.00024936 0.0269773 0.766522 0.000945153 -0.00609133 -1.56931
9.1765 0.00164706 0.0219591 0.768318 0.000943768 -0.00610066 -1.56931
9.21569 0.00189113 0.0177642 0.773674 0.000942411 -0.00612282 -1.56931
9.22858 0.0018769 0.0180184 0.774419 0.00094266 -0.00613004 -1.56931
9.23788 0.00186253 0.0182733 0.775161 0.000943553 -0.00613819 -1.56931
9.25317 0.00239949 0.0132998 0.780427 0.000943408 -0.00615004 -1.56931
9.25327 0.00238559 0.0135487 0.781169 0.000944087 -0.00615605 -1.56931
9.26781 0.00237152 0.0137983 0.781909 0.000944515 -0.00616231 -1.56931
9.26914 0.00235732 0.0140487 0.782646 0.000945601 -0.00616975 -1.56931
9.28107 0.00234299 0.0142999 0.78338 0.000946501 -0.00617655 -1.56931
9.29985 0.00232853 0.0145519 0.784112 0.000946602 -0.00618308 -1.56931
9.32517 0.00231392 0.0148046 0.784841 0.000945917 -0.00618994 -1.56931
9.34564 0.00229915 0.0150581 0.785567 0.000945201 -0.00619653 -1.56931
9.38821 0.00228422 0.0153123 0.78629 0.000944903 -0.00620274 -1.56931
9.39064 0.00226916 0.0155673 0.787011 0.000944488 -0.00620853 -1.56931
9.44247 0.00222323 0.0163368 0.789157 0.000946508 -0.00622411 -1.56931
9.44481 0.00220766 0.0165948 0.789868 0.000946729 -0.00622783 -1.56931
9.44487 0.00219193 0.0168535 0.790575 0.000946278 -0.00623117 -1.56931
9.45716 0.00217606 0.017113 0.791281 0.000946324 -0.00623488 -1.56931
9.46831 0.00216003 0.0173732 0.791983 0.000946181 -0.00623811 -1.56931
9.47856 0.00214384 0.0176342 0.792684 0.000946052 -0.00624057 -1.56931
9.4786 0.00212749 0.0178959 0.793382 0.000945276 -0.00624291 -1.56931
9.48938 0.00211096 0.0181585 0.794077 0.000943961 -0.00624432 -1.56931
9.49477 0.00209428 0.0184218 0.79477 0.000942712 -0.00624531 -1.56931
9.50213 0.00207744 0.0186859 0.795461 0.000942233 -0.0062466 -1.56931
9.53986 0.00206048 0.0189507 0.796149 0.000942816 -0.00624716 -1.56931
9.53993 0.00204339 0.0192163 0.796835 0.000942932 -0.00624714 -1.56931
9.53995 0.00202616 0.0194827 0.797519 0.000942161 -0.00624616 -1.56931
9.53997 0.00200879 0.0197498 0.7982 0.000940872 -0.00624505 -1.56931
9.55087 0.00199127 0.0200177 0.798879 0.000939368 -0.00624558 -1.56931
9.57002 0.00197363 0.0202864 0.799555 0.000937423 -0.00624731 -1.56931
9.57456 0.00195586 0.0205558 0.80023 0.000934779 -0.00624964 -1.56931
9.58335 0.00193797 0.0208261 0.800902 0.000931441 -0.00625286 -1.56931
9.58403 0.00191994 0.0210971 0.801571 0.000926545 -0.00625755 -1.56931
9.58454 0.00190176 0.0213689 0.802239 0.000921403 -0.00626288 -1.56931
9.59034 0.00188342 0.0216414 0.802904 0.000916771 -0.00626719 -1.56931
9.5956 0.00186492 0.0219148 0.803567 0.000911488 -0.00627151 -1.56931
9.60663 0.00184625 0.0221889 0.804228 0.000906224 -0.00627626 -1.5693
9.6126 0.00182738 0.0224637 0.804887 0.000900717 -0.00628023 -1.5693
9.62128 0.00180832 0.0227393 0.805543 0.000895266 -0.00628309 -1.5693
9.63435 0.00178911 0.0230156 0.806198 0.000890908 -0.00628506 -1.5693
9.63849 0.00176975 0.0232928 0.80685 0.000886414 -0.00628655 -1.5693
9.65131 0.00175024 0.0235707 0.8075 0.000882684 -0.00628745 -1.5693
9.65767 0.0017306 0.0238495 0.808148 0.000879995 -0.00628872 -1.5693
9.65913 0.00171085 0.0241291 0.808795 0.000877878 -0.00629083 -1.5693
9.66566 0.00169096 0.0244094 0.809439 0.000877198 -0.00629419 -1.5693
9.72936 0.00371735 0.0161294 0.81828 0.000875288 -0.00630731 -1.5693
9.72941 0.00369989 0.0163998 0.818931 0.000876697 -0.00631308 -1.5693
9.72943 0.00368226 0.016671 0.81958 0.000879906 -0.00632103 -1.5693
9.72944 0.00366448 0.0169429 0.820227 0.000884386 -0.00633028 -1.5693
9.72948 0.00364653 0.0172157 0.820872 0.000889654 -0.00633912 -1.5693
9.73859 0.00438616 0.0116866 0.831268 0.000893785 -0.00635788 -1.5693
9.74135 0.00436895 0.0119532 0.831922 0.000899422 -0.0063644 -1.5693
9.7459 0.00435159 0.0122205 0.832574 0.000904609 -0.00637019 -1.5693
9.75792 0.00433409 0.0124885 0.833224 0.000908884 -0.00637463 -1.5693
9.76342 0.00431643 0.0127573 0.833872 0.000911938 -0.0063775 -1.5693
9.772 0.00429859 0.0130269 0.834518 0.00091348 -0.00637888 -1.5693
9.77941 0.00428061 0.0132973 0.835162 0.000914449 -0.00637974 -1.5693
9.78606 0.00426248 0.0135685 0.835804 0.000917159 -0.00637981 -1.5693
9.78895 0.00424422 0.0138405 0.836445 0.000920622 -0.006379 -1.5693
9.79113 0.00422585 0.0141132 0.837083 0.000923468 -0.00637836 -1.5693
9.80057 0.00420737 0.0143868 0.837719 0.000926862 -0.00637856 -1.5693
9.81006 0.00418875 0.0146611 0.838354 0.000930398 -0.00637946 -1.5693
9.81097 0.00416997 0.0149362 0.838987 0.000933185 -0.00638222 -1.5693
9.81612 0.00415105 0.0152121 0.839617 0.000936313 -0.00638759 -1.5693
9.82663 0.00413198 0.0154887 0.840246 0.000939395 -0.00639472 -1.5693
9.82968 0.00411277 0.0157662 0.840874 0.000940901 -0.00640388 -1.5693
9.83102 0.00409342 0.0160444 0.841499 0.000941638 -0.0064138 -1.5693
9.83106 0.00407394 0.0163234 0.842123 0.000941757 -0.00642431 -1.5693
9.83379 0.00405432 0.0166032 0.842745 0.00094113 -0.0064349 -1.5693
9.83884 0.00403454 0.0168839 0.843365 0.000940316 -0.00644549 -1.5693
9.84643 0.00401461 0.0171658 0.843983 0.000940336 -0.00649806 -1.56929
9.84894 0.00399452 0.0174491 0.8446 0.000940745 -0.00655129 -1.56929
9.8652 0.00397426 0.0177324 0.845214 0.000940956 -0.00656374 -1.56929
9.86572 0.00395385 0.0180156 0.845827 0.000941058 -0.00657441 -1.56929
9.86843 0.0039333 0.0182993 0.846439 0.000940657 -0.00658056 -1.56929
9.88402 0.00391259 0.0185828 0.847049 0.000940579 -0.0065356 -1.56929
9.89172 0.00389175 0.0188663 0.847657 0.000940434 -0.0064852 -1.56929
9.8992 0.00387078 0.019151 0.848264 0.000940443 -0.00647618 -1.56929
9.89923 0.00384971 0.0194372 0.848868 0.000941107 -0.00646676 -1.56929
9.89989 0.00382854 0.0197242 0.849472 0.000941684 -0.0064628 -1.56929
9.90229 0.00380721 0.0200126 0.850074 0.000943004 -0.00650553 -1.56929
9.90391 0.00378571 0.0203023 0.850674 0.000944351 -0.00655555 -1.56929
9.90745 0.00376405 0.020592 0.851273 0.000944832 -0.0065724 -1.56929
9.91231 0.00374225 0.0208817 0.85187 0.00094533 -0.00658959 -1.56929
9.91614 0.00372031 0.0211718 0.852466 0.000945965 -0.00660308 -1.56929
9.92083 0.00369821 0.0214625 0.853061 0.000946716 -0.00661148 -1.56929
9.92423 0.00367597 0.0217537 0.853654 0.000947627 -0.00661534 -1.56929
9.92877 0.00365357 0.0220454 0.854246 0.000947055 -0.00661692 -1.56929
9.93835 0.00363104 0.0223376 0.854836 0.000945231 -0.00661617 -1.56929
9.95036 0.00356259 0.0232173 0.856597 0.000937898 -0.00660614 -1.56929
9.96785 0.00645523 0.0136416 0.873859 0.000923623 -0.00662288 -1.56929
9.9741 0.00643555 0.0139241 0.874458 0.000918663 -0.00662722 -1.56929
9.9788 0.00641571 0.014207 0.875056 0.00091316 -0.00663399 -1.56929
9.98477 0.00639569 0.0144905 0.875652 0.000908057 -0.0066412 -1.56929
9.99428 0.00637551 0.0147744 0.876247 0.000903288 -0.00664945 -1.56929
9.99525 0.0063552 0.0150588 0.87684 0.000899733 -0.00665832 -1.56929
10.0073 0.00633478 0.0153437 0.877431 0.000896067 -0.00666752 -1.56929
10.0087 0.00631428 0.0156291 0.878021 0.000893018 -0.0066772 -1.56929
10.0122 0.00629365 0.015915 0.87861 0.000890886 -0.00668537 -1.56929
10.0143 0.00627287 0.0162014 0.879196 0.000888155 -0.00669333 -1.56929
10.0219 0.00625192 0.0164884 0.879782 0.00088638 -0.00670105 -1.56929
10.0239 0.00623079 0.0167759 0.880365 0.000884971 -0.00670808 -1.56929
10.031 0.00620948 0.0170639 0.880947 0.000884268 -0.00671601 -1.56929
10.0323 0.00618802 0.0173525 0.881528 0.000884422 -0.00672381 -1.56929
10.0352 0.00616644 0.0176416 0.882107 0.000884711 -0.00673196 -1.56929
10.0414 0.00614473 0.0179311 0.882684 0.000886069 -0.00674025 -1.56929
10.0455 0.0061229 0.0182213 0.88326 0.000887544 -0.00674782 -1.56928
10.0485 0.00610091 0.0185119 0.883835 0.000888301 -0.00675608 -1.56928
10.0568 0.00607879 0.0188031 0.884407 0.000889274 -0.00676476 -1.56928
10.0596 0.00605654 0.0190948 0.884979 0.000890738 -0.00677343 -1.56928
10.0643 0.00603419 0.019387 0.885548 0.000892265 -0.00678123 -1.56928
10.0673 0.0060117 0.0196798 0.886117 0.000893988 -0.00678852 -1.56928
10.0792 0.00594322 0.0205615 0.887812 0.00089858 -0.00681104 -1.56928
10.0814 0.00592007 0.0208565 0.888374 0.000899609 -0.0068182 -1.56928
10.0927 0.00589679 0.021152 0.888934 0.000900674 -0.00682449 -1.56928
10.0963 0.00587335 0.0214481 0.889493 0.000901144 -0.00682976 -1.56928
10.1 0.0058498 0.0217447 0.890051 0.000900705 -0.0068346 -1.56928
10.1028 0.00582613 0.0220419 0.890607 0.000900163 -0.00683847 -1.56928
10.1035 0.00580231 0.0223396 0.891161 0.000898753 -0.00684136 -1.56928
10.1078 0.00577834 0.0226378 0.891714 0.000896772 -0.00684321 -1.56928
10.1183 0.00575422 0.0229366 0.892265 0.000894207 -0.00684421 -1.56928
10.1183 0.00572993 0.023236 0.892815 0.000891206 -0.0068455 -1.56928
10.1293 0.00570549 0.0235359 0.893364 0.000889794 -0.00684734 -1.56928
10.133 0.0056809 0.0238363 0.893911 0.000889635 -0.0068503 -1.56928
10.1372 0.00565616 0.0241373 0.894457 0.000889707 -0.0068545 -1.56928
10.1433 0.00563128 0.0244389 0.895001 0.000890912 -0.00685884 -1.56928
10.1457 0.00560677 0.0247414 0.895544 0.000893539 -0.00686389 -1.56928
10.1507 0.00671245 0.0165801 0.907889 0.000893508 -0.00688863 -1.56927
10.1614 0.0066886 0.016873 0.908444 0.000895907 -0.00689498 -1.56927
10.1639 0.00666459 0.0171666 0.908997 0.000897829 -0.00690021 -1.56927
10.1796 0.0065916 0.0180504 0.910647 0.000898352 -0.00691098 -1.56927
10.1998 0.0072054 0.00451925 0.932839 0.000889409 -0.00694432 -1.56927
10.2047 0.00718119 0.00479914 0.933407 0.000887255 -0.00694374 -1.56927
10.2153 0.00715684 0.00507955 0.933974 0.000885022 -0.00694293 -1.56927
10.2157 0.00713232 0.0053605 0.93454 0.000883709 -0.00694225 -1.56927
10.2203 0.00710764 0.00564202 0.935104 0.000882882 -0.00694162 -1.56927
10.2255 0.00708283 0.00592412 0.935666 0.000882765 -0.00694113 -1.56927
10.2275 0.0070579 0.00620676 0.936228 0.000882955 -0.00694147 -1.56927
10.2287 0.00703284 0.00648994 0.936788 0.000884084 -0.00694272 -1.56926
10.2361 0.0070076 0.0067737 0.937346 0.000885194 -0.00694453 -1.56926
10.2434 0.00698221 0.00705804 0.937904 0.000886118 -0.00694648 -1.56926
10.2466 0.00695669 0.00734295 0.93846 0.000887529 -0.0069493 -1.56926
10.2477 0.00693108 0.00762844 0.939015 0.000888511 -0.00695328 -1.56926
10.251 0.00690537 0.0079145 0.939568 0.00088929 -0.00695759 -1.56926
10.252 0.00687953 0.00820111 0.94012 0.000889551 -0.00696119 -1.56926
10.2554 0.00685354 0.00848826 0.940671 0.000889815 -0.0069646 -1.56926
10.2599 0.0068274 0.00877598 0.941221 0.000890402 -0.00696832 -1.56926
10.2623 0.0068011 0.00906423 0.941769 0.000891133 -0.00697247 -1.56926
10.2676 0.00677465 0.00935302 0.942316 0.00089281 -0.00697702 -1.56925
10.2743 0.00674804 0.00964237 0.942862 0.000894327 -0.00698157 -1.56925
10.2772 0.00672129 0.0099323 0.943407 0.000895705 -0.006986 -1.56925
10.2816 0.00669438 0.0102228 0.94395 0.000897676 -0.00699101 -1.56925
10.286 0.00666731 0.0105139 0.944492 0.000898884 -0.00699676 -1.56925
10.2985 0.00664007 0.0108054 0.945033 0.000899307 -0.00700272 -1.56925
10.3025 0.00661265 0.0110976 0.945572 0.000898928 -0.00700955 -1.56925
10.3083 0.00658507 0.0113903 0.946111 0.000897172 -0.00701798 -1.56925
10.3103 0.00655736 0.0116835 0.946648 0.000894376 -0.00702757 -1.56925
10.3136 0.00652951 0.0119773 0.947184 0.000891171 -0.0070371 -1.56925
10.3185 0.00650149 0.0122717 0.947718 0.000887253 -0.00704749 -1.56925
10.3206 0.0064733 0.0125667 0.948252 0.000883021 -0.00705933 -1.56924
10.3323 0.00644497 0.0128622 0.948784 0.000879975 -0.00707098 -1.56924
10.3356 0.00641648 0.0131583 0.949315 0.000877427 -0.00708254 -1.56924
10.3369 0.00638783 0.013455 0.949844 0.000874801 -0.00709333 -1.56924
10.3427 0.00635902 0.0137522 0.950373 0.000873332 -0.00710278 -1.56924
10.3462 0.00633007 0.0140501 0.9509 0.000872278 -0.00711123 -1.56924
10.354 0.00630097 0.0143486 0.951427 0.000871549 -0.00711851 -1.56924
10.3603 0.00627212 0.0146477 0.951952 0.000872637 -0.00712549 -1.56924
10.3638 0.00679475 0.00796006 0.960634 0.000871833 -0.0071502 -1.56924
10.368 0.00676601 0.00825222 0.961166 0.000873131 -0.00715681 -1.56924
10.3714 0.00673715 0.00854499 0.961697 0.000873929 -0.00716435 -1.56924
10.3819 0.00664978 0.00942701 0.963283 0.00087042 -0.00719261 -1.56923
10.3877 0.00662039 0.00972227 0.963809 0.000868032 -0.0072042 -1.56923
10.3983 0.00659088 0.0100181 0.964334 0.000864913 -0.00721632 -1.56923
10.4019 0.0065612 0.0103146 0.964858 0.000862073 -0.00722913 -1.56923
10.4064 0.00653137 0.0106116 0.965381 0.000860473 -0.00724128 -1.56923
10.4093 0.00650138 0.0109093 0.965902 0.000859597 -0.0072515 -1.56923
10.4209 0.00647123 0.0112075 0.966423 0.000858658 -0.00726043 -1.56923
10.4229 0.00644095 0.0115063 0.966942 0.000858102 -0.007269 -1.56923
10.4307 0.00641056 0.0118056 0.96746 0.000858629 -0.0072773 -1.56923
10.4324 0.00638007 0.0121056 0.967977 0.00085946 -0.00728531 -1.56923
10.4333 0.00634945 0.0124062 0.968493 0.00086029 -0.00729335 -1.56923
10.4391 0.00631869 0.0127074 0.969008 0.000860137 -0.00730202 -1.56923
10.4437 0.00628777 0.0130091 0.969521 0.00085944 -0.00731165 -1.56923
10.4494 0.00625668 0.0133115 0.970033 0.00085892 -0.00732278 -1.56923
10.4642 0.00622544 0.0136145 0.970545 0.00085781 -0.00733434 -1.56922
10.4669 0.00619404 0.013918 0.971055 0.000855767 -0.00734606 -1.56922
10.4701 0.00616253 0.0142222 0.971564 0.000854114 -0.0073581 -1.56922
10.5387 0.00763614 -0.00672244 1.00165 0.000828772 -0.00751587 -1.56922
10.5412 0.00760577 -0.0064384 1.00218 0.000826328 -0.00752306 -1.56922
10.5449 0.00754468 -0.00586848 1.00322 0.000821891 -0.00753728 -1.56922
10.5515 0.00748307 -0.00529549 1.00427 0.00082046 -0.00754875 -1.56922
10.5539 0.00745205 -0.00500829 1.00479 0.000821176 -0.00755288 -1.56921
10.5619 0.00816446 -0.0132513 1.01405 0.000816929 -0.00758637 -1.56921
10.5636 0.00813413 -0.0129724 1.01458 0.000819088 -0.00758843 -1.56921
10.5684 0.00810366 -0.0126929 1.0151 0.00082129 -0.00759135 -1.56921
10.5699 0.00807307 -0.0124128 1.01563 0.00082288 -0.00759454 -1.56921
10.5723 0.00804236 -0.012132 1.01615 0.000823347 -0.00759922 -1.56921
10.5732 0.00801152 -0.0118506 1.01667 0.000823069 -0.00760571 -1.56921
10.5746 0.00798055 -0.0115685 1.01719 0.000821793 -0.00761249 -1.56921
10.6014 0.00794945 -0.0112858 1.01771 0.000819678 -0.00761973 -1.56921
10.6042 0.00791819 -0.0110024 1.01823 0.000816818 -0.00762759 -1.56921
10.6055 0.00788677 -0.0107184 1.01875 0.000812865 -0.00763588 -1.56921
10.6107 0.00785527 -0.0104327 1.01927 0.000808496 -0.00764482 -1.56921
10.6218 0.00929728 -0.0198411 1.02799 0.000794041 -0.00769068 -1.56921
10.6236 0.00926728 -0.0195659 1.02852 0.000791548 -0.00769674 -1.5692
10.6277 0.0092371 -0.01929 1.02904 0.000790636 -0.00770173 -1.5692
10.6358 0.00920676 -0.0190135 1.02956 0.000790362 -0.00770604 -1.5692
10.6497 0.00911479 -0.01818 1.03112 0.000791376 -0.00771269 -1.5692
10.6523 0.00908383 -0.017901 1.03163 0.000792268 -0.0077136 -1.5692
10.6546 0.00905275 -0.0176212 1.03215 0.000793246 -0.00771417 -1.5692
10.6599 0.00902153 -0.0173408 1.03266 0.000793178 -0.00771389 -1.5692
10.6651 0.00899017 -0.0170598 1.03318 0.00079177 -0.00771439 -1.5692
10.6721 0.00895864 -0.0167781 1.03369 0.000790117 -0.00771626 -1.5692
10.6722 0.00892697 -0.0164957 1.0342 0.000787276 -0.00771855 -1.5692
10.6781 0.00889517 -0.0162127 1.03471 0.000783069 -0.00772103 -1.5692
10.6828 0.00886327 -0.015929 1.03522 0.000778171 -0.00772433 -1.5692
10.6888 0.00883124 -0.0156446 1.03573 0.000773075 -0.00772889 -1.56919
10.6906 0.00879909 -0.0153597 1.03624 0.000768772 -0.00773266 -1.56919
10.6958 0.00876684 -0.0150741 1.03675 0.000764157 -0.00773493 -1.56919
10.698 0.00873446 -0.0147878 1.03725 0.000759421 -0.00773724 -1.56919
10.7029 0.00870197 -0.0145008 1.03776 0.00075581 -0.00773936 -1.56919
10.7129 0.00866935 -0.0142132 1.03826 0.000752581 -0.00774106 -1.56919
10.7213 0.00966176 -0.0227275 1.0473 0.000739175 -0.0077789 -1.56919
10.7256 0.00963025 -0.0224482 1.04781 0.000736343 -0.00777855 -1.56919
10.7303 0.00959863 -0.0221681 1.04832 0.000733748 -0.00777792 -1.56919
10.7325 0.0095669 -0.0218875 1.04883 0.000731678 -0.00777849 -1.56919
10.7463 0.00953508 -0.0216062 1.04934 0.000728796 -0.00777964 -1.56919
10.7463 0.00950316 -0.0213242 1.04984 0.000724631 -0.00778121 -1.56919
10.7563 0.00947115 -0.0210416 1.05035 0.000720173 -0.00778431 -1.56919
10.7563 0.00943902 -0.0207583 1.05085 0.00071488 -0.00778862 -1.56919
10.7575 0.0094068 -0.0204744 1.05136 0.000708586 -0.00779358 -1.56919
10.7611 0.00937446 -0.0201898 1.05186 0.000702123 -0.00779866 -1.56919
10.7665 0.009342 -0.0199046 1.05236 0.00069541 -0.00780426 -1.56918
10.7706 0.0093094 -0.0196187 1.05286 0.000689042 -0.00780992 -1.56918
10.7781 0.00927666 -0.0193322 1.05335 0.000683621 -0.0078138 -1.56918
10.782 0.0092438 -0.019045 1.05385 0.000679735 -0.00781655 -1.56918
10.7855 0.00921083 -0.0187571 1.05435 0.000677453 -0.00781891 -1.56918
10.7877 0.00917773 -0.0184686 1.05484 0.000675389 -0.0078208 -1.56918
10.7943 0.00914452 -0.0181795 1.05534 0.000673963 -0.00782111 -1.56918
10.8006 0.00911121 -0.0178897 1.05583 0.000672548 -0.00782027 -1.56918
10.8038 0.0090778 -0.0175992 1.05632 0.000669555 -0.00781916 -1.56918
10.8099 0.0090443 -0.0173081 1.05681 0.000664871 -0.00781711 -1.56918
10.8134 0.00901068 -0.0170163 1.0573 0.000658865 -0.0078145 -1.56917
10.8161 0.00897695 -0.0167238 1.05779 0.000652019 -0.00781221 -1.56917
10.8245 0.00894308 -0.0164306 1.05828 0.000644373 -0.00781148 -1.56917
10.8282 0.00890911 -0.0161368 1.05877 0.000636152 -0.00781041 -1.56917
10.8329 0.00854419 -0.0176269 1.05849 0.000627485 -0.00780689 -1.56917
10.86 0.00946406 -0.0265498 1.06767 0.00060639 -0.00784442 -1.56917
10.8603 0.00943077 -0.0262659 1.06816 0.000596987 -0.00784118 -1.56917
10.9054 0.00933039 -0.0254102 1.06963 0.000569285 -0.00782947 -1.56917
10.9206 0.00922905 -0.0245486 1.07109 0.000541335 -0.0078157 -1.56916
10.9348 0.00919503 -0.0242601 1.07158 0.000532311 -0.00781079 -1.56916
10.9348 0.00916091 -0.023971 1.07206 0.000523386 -0.0078051 -1.56916
10.9374 0.00912671 -0.0236813 1.07254 0.000513432 -0.00779884 -1.56916
10.9491 0.00909245 -0.0233909 1.07303 0.000502988 -0.00779308 -1.56916
10.9539 0.00905811 -0.0230993 1.07351 0.00049318 -0.00783176 -1.56916
10.9678 0.0090237 -0.0228065 1.07399 0.000483992 -0.00787 -1.56915
10.983 0.00898921 -0.0225139 1.07447 0.000475308 -0.0078636 -1.56915
11.0028 0.00895465 -0.0222215 1.07494 0.000466444 -0.00785587 -1.56915
11.0199 0.00885029 -0.0213416 1.07637 0.000438153 -0.00781451 -1.56915
11.0305 0.0088153 -0.0210473 1.07685 0.000429254 -0.00779886 -1.56915
11.0327 0.00878023 -0.0207523 1.07732 0.000421694 -0.00779053 -1.56915
11.0396 0.0087451 -0.0204566 1.07779 0.000415122 -0.00778958 -1.56915
11.044 0.00870989 -0.0201602 1.07826 0.000408847 -0.00779384 -1.56915
11.0472 0.00867461 -0.0198631 1.07873 0.00040336 -0.00780161 -1.56915
11.0588 0.00863924 -0.0195654 1.0792 0.000398242 -0.00781115 -1.56915
11.0614 0.0086038 -0.0192664 1.07967 0.000393024 -0.00785936 -1.56915
11.0627 0.0085683 -0.0189663 1.08014 0.00038849 -0.0079059 -1.56915
11.0649 0.00853274 -0.0186663 1.08061 0.000384315 -0.00791099 -1.56915
11.0728 0.00849711 -0.0183666 1.08107 0.000380261 -0.00791248 -1.56914
11.0863 0.00846141 -0.0180666 1.08154 0.000376117 -0.0079089 -1.56914
11.1068 0.00842564 -0.0177669 1.082 0.000372516 -0.00784714 -1.56914
11.11 0.0083898 -0.0174674 1.08247 0.000368853 -0.00778258 -1.56914
11.117 0.0083539 -0.0171668 1.08293 0.000365239 -0.00776937 -1.56914
11.1241 0.00831793 -0.0168648 1.08339 0.000361989 -0.00775791 -1.56914
11.1253 0.0082819 -0.0165622 1.08386 0.000357898 -0.00775372 -1.56914
11.1287 0.00824581 -0.016259 1.08432 0.000354127 -0.00775921 -1.56914
11.1356 0.00820965 -0.015955 1.08478 0.000351353 -0.00777303 -1.56914
11.1383 0.00817341 -0.0156504 1.08524 0.000348229 -0.00779229 -1.56914
11.1408 0.0081371 -0.015345 1.08569 0.000344789 -0.00781448 -1.56914
11.1437 0.00810077 -0.0150383 1.08615 0.000342142 -0.0078793 -1.56914
11.1489 0.00806443 -0.0147305 1.08661 0.000340464 -0.00794298 -1.56914
11.153 0.00802805 -0.0144229 1.08706 0.000339588 -0.00796157 -1.56914
11.1597 0.00799163 -0.0141155 1.08752 0.0003392 -0.00797491 -1.56914
11.1627 0.00795517 -0.0138079 1.08797 0.000339024 -0.0079802 -1.56914
11.1658 0.00791865 -0.0134999 1.08843 0.000338285 -0.00797696 -1.56913
11.1706 0.00788205 -0.0131916 1.08888 0.000336665 -0.0079689 -1.56913
11.1748 0.00784539 -0.0128829 1.08933 0.000334665 -0.00795864 -1.56913
11.1784 0.00780866 -0.0125745 1.08978 0.000331723 -0.00791301 -1.56913
11.1871 0.00777187 -0.0122663 1.09023 0.000329025 -0.0078672 -1.56913
11.193 0.00773505 -0.011957 1.09068 0.000327157 -0.00785651 -1.56912
11.1987 0.00769819 -0.0116464 1.09113 0.000325423 -0.00785074 -1.56912
11.2018 0.0076613 -0.0113352 1.09158 0.000324286 -0.00785271 -1.56912
11.2084 0.00762437 -0.0110232 1.09202 0.000322912 -0.00786049 -1.56912
11.2368 0.00817953 -0.0212326 1.10154 0.000304899 -0.00789624 -1.56912
11.2448 0.00814335 -0.0209296 1.10199 0.000306499 -0.00788286 -1.56911
11.2448 0.00810709 -0.0206268 1.10243 0.000307218 -0.00782407 -1.56911
11.2499 0.00807231 -0.0203251 1.10288 0.000308131 -0.00776024 -1.56911
11.2553 0.00803596 -0.0200214 1.10332 0.000310151 -0.00773187 -1.56911
11.2599 0.00900841 -0.0292697 1.11171 0.000294074 -0.00774719 -1.56911
11.2633 0.00897341 -0.0289735 1.11216 0.0002965 -0.00775829 -1.56911
11.2665 0.00893837 -0.0286762 1.11261 0.000298043 -0.00777817 -1.56911
11.2718 0.00890328 -0.0283791 1.11306 0.000297869 -0.00777772 -1.56911
11.2857 0.00886814 -0.0280822 1.1135 0.000298063 -0.00778311 -1.5691
11.2866 0.00883295 -0.027785 1.11395 0.000298393 -0.00779078 -1.5691
11.2904 0.00879773 -0.0274875 1.1144 0.000297851 -0.00779776 -1.5691
11.2967 0.00876251 -0.0271903 1.11484 0.000297076 -0.00774999 -1.5691
11.2985 0.00872727 -0.0268934 1.11529 0.000295459 -0.00770295 -1.5691
11.3036 0.008692 -0.0265952 1.11573 0.000293472 -0.00771074 -1.5691
11.3125 0.00865668 -0.0262958 1.11617 0.000292985 -0.00772073 -1.5691
11.3144 0.00862132 -0.0259958 1.11662 0.000293023 -0.00773513 -1.5691
11.3268 0.00858591 -0.0256951 1.11706 0.000293414 -0.00775676 -1.56909
11.3268 0.00855042 -0.0253932 1.1175 0.000296284 -0.00781433 -1.56909
11.33 0.00851484 -0.0250902 1.11794 0.000300949 -0.00787497 -1.56909
11.3412 0.0084792 -0.0247873 1.11837 0.000304708 -0.0079068 -1.56909
11.3412 0.0084435 -0.0244847 1.11881 0.000308266 -0.00793495 -1.56909
11.3412 0.00840774 -0.0241818 1.11925 0.000311734 -0.00795687 -1.56909
11.3466 0.00837189 -0.0238786 1.11968 0.000314881 -0.00797159 -1.56909
11.3514 0.00833597 -0.023575 1.12012 0.000317781 -0.00797914 -1.56909
11.3531 0.00829998 -0.0232717 1.12055 0.000321587 -0.0079282 -1.56909
11.3577 0.00826394 -0.0229687 1.12098 0.000325409 -0.00787423 -1.56908
11.362 0.00822785 -0.0226644 1.12141 0.000327664 -0.00787181 -1.56908
11.3671 0.00819172 -0.0223588 1.12184 0.000329658 -0.00787171 -1.56908
11.3701 0.00815555 -0.0220526 1.12227 0.000331805 -0.00787814 -1.56908
11.376 0.00811934 -0.0217456 1.1227 0.000332193 -0.007891 -1.56908
11.3777 0.0080831 -0.0214374 1.12313 0.000332573 -0.00794163 -1.56908
11.3818 0.00804681 -0.021128 1.12356 0.00033243 -0.0079984 -1.56908
11.386 0.00801048 -0.0208187 1.12398 0.00032995 -0.00802606 -1.56908
11.3939 0.0079741 -0.0205097 1.12441 0.000326317 -0.00805065 -1.56908
11.3948 0.00793767 -0.0202004 1.12483 0.000321465 -0.00806898 -1.56907
11.397 0.00790123 -0.0198908 1.12525 0.000316591 -0.00808077 -1.56907
11.4073 0.00786477 -0.0195808 1.12568 0.000311511 -0.00808581 -1.56907
11.4103 0.00782828 -0.0192712 1.1261 0.000307902 -0.00803471 -1.56907
11.4117 0.00779175 -0.0189617 1.12652 0.00030607 -0.00798069 -1.56907
11.414 0.00775518 -0.018651 1.12694 0.000304118 -0.00797621 -1.56907
11.4189 0.00771857 -0.018339 1.12735 0.000302013 -0.00797432 -1.56907
11.434 0.0076819 -0.0180257 1.12777 0.000299777 -0.00802462 -1.56907
11.4381 0.00764519 -0.0177112 1.12819 0.000298845 -0.00808205 -1.56907
11.4381 0.00760842 -0.0173968 1.1286 0.000298917 -0.00809802 -1.56907
11.4486 0.00757159 -0.0170825 1.12902 0.000298936 -0.00811279 -1.56906
11.4488 0.00753471 -0.016768 1.12943 0.000298957 -0.00812237 -1.56906
11.451 0.00749778 -0.016453 1.12985 0.000297975 -0.00812376 -1.56906
11.4592 0.0074608 -0.0161377 1.13026 0.000296257 -0.00811565 -1.56906
11.4607 0.00742377 -0.0158221 1.13067 0.000294788 -0.00809956 -1.56906
11.4646 0.00738669 -0.0155067 1.13108 0.000293111 -0.00803492 -1.56906
11.4688 0.00734958 -0.0151915 1.13149 0.000292257 -0.00796836 -1.56906
11.4785 0.00731285 -0.0148747 1.1319 0.000292487 -0.00794432 -1.56906
11.4797 0.00727565 -0.0145571 1.13231 0.000292893 -0.00792335 -1.56906
11.5017 0.00992782 -0.0305108 1.13701 0.000242771 -0.00801584 -1.56906
11.5105 0.00989453 -0.0302071 1.13742 0.000244134 -0.00806138 -1.56905
11.5105 0.0098612 -0.0299035 1.13783 0.000247324 -0.00806172 -1.56905
11.5335 0.0108439 -0.0397975 1.14588 0.000226001 -0.00810998 -1.56905
11.5388 0.0107805 -0.0392107 1.14671 0.00023611 -0.00808978 -1.56905
11.5389 0.0107487 -0.0389168 1.14712 0.000241683 -0.00807109 -1.56905
11.5391 0.0107168 -0.0386232 1.14753 0.000247088 -0.00801466 -1.56905
11.5405 0.0106849 -0.0383297 1.14794 0.000252291 -0.00795615 -1.56905
11.5406 0.0106528 -0.0380351 1.14835 0.000257468 -0.00793342 -1.56904
11.5492 0.0106208 -0.0377393 1.14876 0.00026391 -0.00791533 -1.56904
11.5499 0.0105887 -0.0374428 1.14917 0.000271211 -0.00790221 -1.56904
11.5664 0.0105564 -0.0371448 1.14957 0.000278464 -0.00789582 -1.56904
11.5777 0.0115353 -0.0467751 1.15674 0.000253759 -0.0079933 -1.56904
11.5804 0.0115048 -0.0464857 1.15715 0.000260382 -0.00804646 -1.56904
11.5812 0.0114743 -0.0461966 1.15756 0.00026804 -0.00805043 -1.56904
11.5878 0.0114437 -0.0459078 1.15797 0.000274538 -0.00805197 -1.56904
11.5904 0.011413 -0.0456186 1.15838 0.000279764 -0.00804666 -1.56904
11.596 0.0113823 -0.0453291 1.15878 0.000284267 -0.00803245 -1.56904
11.6056 0.0113515 -0.04504 1.15919 0.000286193 -0.00797946 -1.56904
11.61 0.0113207 -0.044751 1.15959 0.00028754 -0.00792078 -1.56904
11.613 0.0112898 -0.0444609 1.16 0.000289739 -0.00789205 -1.56904
11.6213 0.0111969 -0.0435848 1.1612 0.000292195 -0.00784042 -1.56903
11.6281 0.0111658 -0.0432913 1.1616 0.000291996 -0.00783809 -1.56903
11.6332 0.0111346 -0.0429966 1.162 0.000291264 -0.00789353 -1.56903
11.6333 0.0111034 -0.0427007 1.1624 0.000289922 -0.00795405 -1.56903
11.643 0.0110721 -0.0424049 1.1628 0.000289516 -0.00796835 -1.56903
11.643 0.0110408 -0.0421095 1.16319 0.000290525 -0.00798339 -1.56903
11.645 0.0110095 -0.0418137 1.16359 0.000292362 -0.00799417 -1.56903
11.6546 0.010978 -0.0415177 1.16398 0.000295188 -0.00799692 -1.56903
11.6549 0.0109466 -0.0412214 1.16438 0.000298995 -0.00799165 -1.56903
11.6601 0.0109151 -0.0409253 1.16477 0.000301996 -0.00794793 -1.56902
11.666 0.0108836 -0.0406295 1.16516 0.000304722 -0.00789943 -1.56902
11.6729 0.010852 -0.0403325 1.16555 0.000308543 -0.00788151 -1.56902
11.6787 0.0108204 -0.0400343 1.16594 0.000311831 -0.00786498 -1.56902
11.6815 0.0107887 -0.0397355 1.16633 0.000315481 -0.00785314 -1.56902
11.6822 0.010757 -0.039436 1.16672 0.000318974 -0.00784814 -1.56902
11.6962 0.0107251 -0.0391362 1.16711 0.000321339 -0.00785019 -1.56902
11.7054 0.0106933 -0.0388347 1.16749 0.000323067 -0.00790805 -1.56902
11.7087 0.0106615 -0.0385321 1.16788 0.000324344 -0.00797082 -1.56902
11.7103 0.0114631 -0.047691 1.17523 0.000294632 -0.0080351 -1.56901
11.7172 0.0114328 -0.0473986 1.17562 0.000295879 -0.00805358 -1.56901
11.7239 0.0114024 -0.047106 1.17601 0.000296744 -0.00807143 -1.56901
11.724 0.0113719 -0.0468136 1.1764 0.000295859 -0.00804985 -1.56901
11.7264 0.0113413 -0.0465214 1.17678 0.000295303 -0.00802084 -1.56901
11.7289 0.0113107 -0.046228 1.17717 0.000295782 -0.00802283 -1.56901
11.7346 0.01128 -0.0459334 1.17755 0.000295858 -0.00802459 -1.56901
11.738 0.0112493 -0.0456375 1.17794 0.000295833 -0.00806585 -1.56901
11.7488 0.0112185 -0.0453405 1.17832 0.000295844 -0.00811047 -1.56901
11.7517 0.0111876 -0.0450436 1.1787 0.000296177 -0.00811914 -1.56901
11.7565 0.0111566 -0.044747 1.17909 0.000296579 -0.00812646 -1.56901
11.7628 0.0111256 -0.04445 1.17947 0.000295736 -0.00812993 -1.56901
11.7733 0.0110945 -0.0441528 1.17985 0.000294167 -0.00812839 -1.569
11.7734 0.0110634 -0.0438552 1.18022 0.000292655 -0.0081214 -1.569
11.7734 0.0110322 -0.043558 1.1806 0.000290061 -0.00806693 -1.569
11.7767 0.0110009 -0.043261 1.18098 0.000287855 -0.00800922 -1.569
11.7884 0.0109696 -0.0429627 1.18135 0.00028727 -0.00799407 -1.569
11.7895 0.0109382 -0.0426631 1.18173 0.000287011 -0.00798238 -1.569
11.7918 0.0109067 -0.0423628 1.1821 0.000287357 -0.00797782 -1.569
11.7978 0.0108752 -0.0420618 1.18248 0.000289354 -0.00798207 -1.569
11.812 0.0108437 -0.0417601 1.18285 0.000292417 -0.00799389 -1.569
11.8148 0.0105137 -0.0443925 1.18071 0.000291728 -0.00803827 -1.56899
11.8182 0.0104817 -0.0440913 1.18108 0.000295232 -0.00809817 -1.56899
11.8252 0.0104496 -0.0437903 1.18144 0.000297839 -0.00811957 -1.56899
11.8314 0.0112406 -0.0536479 1.1882 0.000262351 -0.00818328 -1.56899
11.8369 0.0112101 -0.0533575 1.18857 0.000264976 -0.00819702 -1.56899
11.8466 0.0111796 -0.0530666 1.18894 0.000266814 -0.00820435 -1.56899
11.8499 0.011149 -0.0527755 1.18931 0.000266999 -0.00820557 -1.56899
11.8527 0.0111183 -0.0524846 1.18968 0.000265591 -0.00816071 -1.56898
11.8541 0.0110876 -0.0521939 1.19005 0.000262565 -0.00811305 -1.56898
11.8569 0.0110568 -0.051902 1.19042 0.000259549 -0.00810604 -1.56898
11.8627 0.0110259 -0.0516089 1.19078 0.000257253 -0.00810098 -1.56898
11.8732 0.0109949 -0.051315 1.19115 0.00025455 -0.00810253 -1.56898
11.8751 0.0109639 -0.0510204 1.19151 0.000251856 -0.00811 -1.56898
11.8788 0.0109328 -0.0507251 1.19187 0.000249732 -0.00812103 -1.56897
11.8953 0.0108391 -0.049836 1.19295 0.000242997 -0.0081622 -1.56897
11.9022 0.0108078 -0.0495388 1.19331 0.000240089 -0.00817459 -1.56897
11.9085 0.0107764 -0.0492413 1.19367 0.000237269 -0.00818206 -1.56897
11.9105 0.0107449 -0.0489434 1.19403 0.000233842 -0.00818298 -1.56896
11.9176 0.0107134 -0.0486458 1.19439 0.000229581 -0.00813233 -1.56896
11.9196 0.0106818 -0.0483483 1.19474 0.000225086 -0.00807573 -1.56896
11.9308 0.0106502 -0.0480498 1.1951 0.000220998 -0.00806053 -1.56896
11.9407 0.0106185 -0.0477496 1.19545 0.000217275 -0.00804613 -1.56896
11.9408 0.0105867 -0.047449 1.1958 0.000213504 -0.00803666 -1.56896
11.9481 0.0105549 -0.0471478 1.19615 0.00021101 -0.00803531 -1.56896
11.9501 0.0113196 -0.0570826 1.20217 0.000165961 -0.0080844 -1.56895
11.9529 0.0112894 -0.0567902 1.20252 0.000165273 -0.00813776 -1.56895
11.9581 0.0112592 -0.0564967 1.20288 0.000164857 -0.00819642 -1.56895
11.9698 0.0112289 -0.0562033 1.20323 0.000163865 -0.00821869 -1.56895
11.9718 0.0111986 -0.0559102 1.20358 0.000162917 -0.00823954 -1.56895
11.9719 0.0111682 -0.0556169 1.20394 0.000161479 -0.00825449 -1.56895
11.9749 0.0111378 -0.0553232 1.20429 0.000159358 -0.00826065 -1.56895
11.9819 0.0111073 -0.0550298 1.20464 0.000156957 -0.00821276 -1.56894
11.9921 0.0110767 -0.0547365 1.20499 0.000154325 -0.0081579 -1.56894
11.9958 0.0110461 -0.0544422 1.20534 0.000151746 -0.00814419 -1.56894
12.0011 0.0110155 -0.0541466 1.20568 0.000150405 -0.00812909 -1.56894
12.002 0.0109847 -0.0538504 1.20603 0.000150553 -0.00811652 -1.56894
12.0073 0.0109539 -0.0535536 1.20638 0.000152002 -0.00810852 -1.56894
12.0132 0.0109231 -0.0532554 1.20672 0.000153521 -0.0081052 -1.56894
12.0192 0.0108922 -0.0529573 1.20707 0.000154942 -0.00810653 -1.56894
12.0306 0.0115977 -0.0628919 1.21302 0.000109585 -0.0081522 -1.56893
12.0369 0.0115685 -0.0626035 1.21336 0.000112344 -0.00815856 -1.56893
12.0485 0.0115392 -0.0623139 1.21371 0.000115423 -0.00821021 -1.56893
12.0518 0.0115099 -0.062023 1.21406 0.000118844 -0.00826211 -1.56893
12.0522 0.0114806 -0.0617324 1.2144 0.000122474 -0.0082705 -1.56893
12.0528 0.0114512 -0.0614421 1.21475 0.000126015 -0.00827865 -1.56893
12.0542 0.0114217 -0.0611514 1.21509 0.000128423 -0.00828482 -1.56893
12.0586 0.0113922 -0.0608611 1.21543 0.000130343 -0.00824683 -1.56892
12.0742 0.0113626 -0.0605709 1.21577 0.000132808 -0.00820803 -1.56892
12.085 0.011333 -0.0602797 1.21611 0.000135508 -0.00821214 -1.56892
12.0971 0.0113034 -0.0599872 1.21645 0.000137812 -0.00822063 -1.56892
12.099 0.0112737 -0.059694 1.21679 0.000140566 -0.00823544 -1.56892
12.1085 0.011244 -0.0594002 1.21713 0.000144007 -0.00825767 -1.56892
12.1094 0.0112142 -0.0591057 1.21747 0.000146786 -0.00828741 -1.56892
12.1111 0.0111843 -0.0588106 1.21781 0.000149725 -0.00832074 -1.56892
12.1122 0.0111544 -0.0585142 1.21814 0.00015381 -0.00839659 -1.56892
12.1147 0.0111244 -0.0582166 1.21848 0.000157188 -0.00847107 -1.56891
12.1197 0.0110944 -0.0579192 1.21881 0.000159547 -0.00850005 -1.56891
12.1219 0.0110643 -0.057622 1.21914 0.000160636 -0.00852357 -1.56891
12.1324 0.0110343 -0.0573251 1.21948 0.000160522 -0.00849479 -1.56891
12.1347 0.0110042 -0.0570283 1.21981 0.000159665 -0.00845727 -1.56891
12.1446 0.010974 -0.0567304 1.22014 0.000158505 -0.00845667 -1.56891
12.1446 0.0109437 -0.0564311 1.22047 0.000157731 -0.00845279 -1.5689
12.1488 0.0109135 -0.0561306 1.2208 0.000156049 -0.00845077 -1.5689
12.1505 0.0108832 -0.05583 1.22113 0.000153444 -0.00845429 -1.5689
12.1562 0.0108529 -0.0555281 1.22146 0.000151816 -0.00850533 -1.5689
12.1629 0.0108225 -0.0552249 1.22179 0.00015001 -0.00856653 -1.5689
12.1679 0.011476 -0.0651865 1.22728 9.44344e-05 -0.00863385 -1.5689
12.1781 0.0114474 -0.064895 1.22761 9.17845e-05 -0.00866871 -1.5689
12.1836 0.0114186 -0.0646031 1.22794 8.96467e-05 -0.00870438 -1.5689
12.1899 0.0113899 -0.0643109 1.22827 8.68717e-05 -0.00873674 -1.56889
12.1911 0.0113611 -0.0640189 1.2286 8.28164e-05 -0.00871969 -1.56889
12.2023 0.0113322 -0.0637271 1.22893 7.8396e-05 -0.00869709 -1.56889
12.2225 0.0113034 -0.0634341 1.22926 7.3912e-05 -0.00871286 -1.56889
12.2295 0.0112745 -0.0631397 1.22958 6.909e-05 -0.00872516 -1.56889
12.2315 0.0112455 -0.0628447 1.22991 6.36972e-05 -0.00873848 -1.56889
12.2364 0.0112165 -0.0625489 1.23023 5.81795e-05 -0.0087539 -1.56888
12.2434 0.0111874 -0.0622518 1.23056 5.2284e-05 -0.00881073 -1.56888
12.2476 0.0111583 -0.0619535 1.23088 4.68071e-05 -0.00886838 -1.56888
12.2504 0.0111292 -0.0616553 1.2312 4.13084e-05 -0.00888527 -1.56888
12.2549 0.0111 -0.0613572 1.23153 3.55496e-05 -0.00889735 -1.56888
12.2568 0.0110709 -0.0610587 1.23185 2.9461e-05 -0.00890199 -1.56888
12.2624 0.0110416 -0.0607599 1.23217 2.25088e-05 -0.00889906 -1.56888
12.2658 0.0110124 -0.0604606 1.23249 1.59717e-05 -0.0088892 -1.56888
12.2686 0.0109832 -0.0601615 1.23281 9.12707e-06 -0.00883177 -1.56888
12.2767 0.0110341 -0.0598762 1.2333 -7.27017e-07 -0.00877492 -1.56888
12.2826 0.011658 -0.0698409 1.2387 -6.53442e-05 -0.00879261 -1.56887
12.2911 0.0116309 -0.0695511 1.23902 -7.00988e-05 -0.00877821 -1.56887
12.2973 0.0116038 -0.0692606 1.23934 -7.46269e-05 -0.00876986 -1.56887
12.3089 0.0115766 -0.0689688 1.23966 -7.81534e-05 -0.00880889 -1.56887
12.3135 0.0115494 -0.0686757 1.23998 -8.1097e-05 -0.00885343 -1.56887
12.3156 0.0115222 -0.0683827 1.2403 -8.5801e-05 -0.0088599 -1.56887
12.3227 0.011495 -0.06809 1.24061 -9.13574e-05 -0.00886664 -1.56886
12.3248 0.0114677 -0.0677969 1.24093 -9.60845e-05 -0.00886995 -1.56886
12.3298 0.0114405 -0.067504 1.24124 -0.000101445 -0.00882618 -1.56886
12.3323 0.0114132 -0.0672112 1.24156 -0.000106384 -0.00877605 -1.56886
12.3342 0.0113859 -0.0669172 1.24187 -0.000109914 -0.00876108 -1.56886
12.338 0.0113585 -0.0666219 1.24218 -0.000112874 -0.00874484 -1.56886
12.3461 0.0113311 -0.0663259 1.24249 -0.00011517 -0.00873216 -1.56886
12.3501 0.0113038 -0.0660285 1.24281 -0.000116727 -0.00876713 -1.56886
12.3553 0.0112764 -0.0657299 1.24312 -0.00011784 -0.00880616 -1.56886
12.3605 0.011249 -0.0654314 1.24342 -0.000119049 -0.008805 -1.56885
12.3664 0.0112216 -0.0651331 1.24373 -0.000120204 -0.00880374 -1.56885
12.3733 0.0111942 -0.0648351 1.24404 -0.000120693 -0.00875789 -1.56885
12.3771 0.0111667 -0.0645372 1.24435 -0.000119577 -0.00870749 -1.56885
12.3837 0.0111393 -0.0642381 1.24465 -0.000118068 -0.00869574 -1.56885
12.3858 0.0111118 -0.0639377 1.24496 -0.000116239 -0.00868505 -1.56885
12.3905 0.0110843 -0.0636366 1.24526 -0.000113363 -0.00867895 -1.56885
12.3985 0.0110567 -0.0633347 1.24557 -0.000110445 -0.00867906 -1.56885
12.4017 0.0110291 -0.0630321 1.24587 -0.000107399 -0.00868504 -1.56884
12.4048 0.0109608 -0.062811 1.24626 -0.000103508 -0.00873842 -1.56884
12.412 0.010933 -0.0625059 1.24656 -0.000100967 -0.00879501 -1.56884
12.4183 0.0114682 -0.0722867 1.25166 -0.000162221 -0.00884154 -1.56884
12.4328 0.0114425 -0.0719938 1.25196 -0.000161584 -0.00885424 -1.56884
12.4373 0.0114167 -0.0717006 1.25226 -0.000161099 -0.00885886 -1.56884
12.4404 0.0113909 -0.0714076 1.25257 -0.000161625 -0.00881125 -1.56884
12.4438 0.0113652 -0.0711148 1.25287 -0.000161886 -0.00875404 -1.56884
12.4587 0.0113394 -0.0708209 1.25317 -0.00016115 -0.0087324 -1.56884
12.4587 0.0113136 -0.0705256 1.25347 -0.000160096 -0.00870841 -1.56884
12.4657 0.0112877 -0.0702297 1.25377 -0.000158792 -0.00868576 -1.56883
12.4712 0.0112619 -0.0699331 1.25407 -0.00015847 -0.0086666 -1.56883
12.4762 0.011236 -0.0696352 1.25437 -0.000157635 -0.00869216 -1.56883
12.4838 0.0112101 -0.0693361 1.25467 -0.000155877 -0.00872074 -1.56883
12.4893 0.0111843 -0.0690371 1.25496 -0.000154734 -0.00871035 -1.56883
12.4894 0.0111584 -0.0687384 1.25526 -0.00015344 -0.00869934 -1.56882
12.4894 0.0111326 -0.0684399 1.25555 -0.000152267 -0.008643 -1.56882
12.4968 0.0111067 -0.0681415 1.25585 -0.000150586 -0.00858314 -1.56882
12.4993 0.0110808 -0.067842 1.25614 -0.000147819 -0.0085633 -1.56882
12.5019 0.0110548 -0.0675413 1.25644 -0.000145136 -0.00854474 -1.56882
12.5035 0.0110289 -0.0672398 1.25673 -0.000144002 -0.00853019 -1.56882
12.5061 0.0110029 -0.0669377 1.25702 -0.000143105 -0.00852132 -1.56882
12.5117 0.010977 -0.0666349 1.25731 -0.000141798 -0.00851754 -1.56882
12.52 0.0109511 -0.0663314 1.2576 -0.000141071 -0.00851722 -1.56882
12.5225 0.0109251 -0.0660272 1.25789 -0.000141158 -0.0085202 -1.56882
12.5283 0.0108992 -0.0657217 1.25818 -0.000142019 -0.00856602 -1.56882
12.5294 0.0108732 -0.065415 1.25846 -0.000143209 -0.00861151 -1.56881
12.5356 0.0108473 -0.0651085 1.25875 -0.000145456 -0.0086149 -1.56881
12.5398 0.0108213 -0.0648022 1.25904 -0.000148128 -0.00861604 -1.56881
12.5509 0.0107954 -0.0644956 1.25932 -0.0001508 -0.00861296 -1.56881
12.5528 0.0107694 -0.0641892 1.25961 -0.000153758 -0.00856333 -1.56881
12.5591 0.0107435 -0.063883 1.25989 -0.000155916 -0.00850965 -1.56881
12.5644 0.0107174 -0.0635757 1.26017 -0.000157814 -0.0084967 -1.56881
12.574 0.0106914 -0.0632671 1.26045 -0.000160146 -0.00848626 -1.56881
12.5741 0.0106654 -0.0629578 1.26073 -0.000161768 -0.00848197 -1.56881
12.5801 0.0106393 -0.0626478 1.26102 -0.000163472 -0.00848543 -1.56881
12.5848 0.0106132 -0.0623372 1.26129 -0.000165463 -0.00849296 -1.56881
12.5882 0.0105871 -0.062026 1.26157 -0.000167342 -0.00850358 -1.56881
12.5913 0.0105609 -0.0617141 1.26185 -0.000168249 -0.00851684 -1.5688
12.594 0.0105348 -0.0614015 1.26213 -0.000168157 -0.00853012 -1.5688
12.6031 0.0105086 -0.0610876 1.26241 -0.000166886 -0.00858327 -1.5688
12.6066 0.0104824 -0.0607725 1.26268 -0.000163774 -0.00863482 -1.5688
12.618 0.0104562 -0.0604576 1.26296 -0.000159723 -0.00864309 -1.5688
12.6221 0.0104301 -0.060143 1.26323 -0.000154922 -0.00864755 -1.5688
12.6285 0.0104039 -0.0598286 1.2635 -0.000150768 -0.0086047 -1.5688
12.6319 0.0103254 -0.0588901 1.26432 -0.000142946 -0.00845302 -1.56879
12.6351 0.0102993 -0.058578 1.2646 -0.000141226 -0.0084438 -1.56879
12.6447 0.0102733 -0.0582652 1.26487 -0.000139817 -0.00844186 -1.56879
12.6471 0.0102472 -0.0579518 1.26514 -0.000138942 -0.00844531 -1.56879
12.6502 0.0102211 -0.0576377 1.26541 -0.000138087 -0.0084529 -1.56879
12.6562 0.0102018 -0.0573271 1.26575 -0.000138534 -0.00846434 -1.56879
12.6628 0.0101757 -0.0570117 1.26602 -0.000139915 -0.00847653 -1.56878
12.6687 0.0101496 -0.0566951 1.26628 -0.000140916 -0.00853057 -1.56878
12.6792 0.0107017 -0.0667892 1.27115 -0.00020956 -0.00860493 -1.56878
12.6833 0.0106777 -0.0664843 1.27142 -0.00021108 -0.00861465 -1.56878
12.6835 0.0106537 -0.0661795 1.27169 -0.000212791 -0.00862002 -1.56877
12.6841 0.0106297 -0.0658751 1.27196 -0.000214769 -0.00857931 -1.56877
12.6968 0.0106057 -0.0655708 1.27223 -0.000216618 -0.00853311 -1.56877
12.702 0.0105817 -0.0652654 1.27249 -0.000217054 -0.00852403 -1.56877
12.7047 0.0105577 -0.0649587 1.27276 -0.000216745 -0.00851677 -1.56877
12.7048 0.0105337 -0.0646513 1.27303 -0.000216066 -0.0085158 -1.56877
12.7085 0.0105097 -0.0643432 1.27329 -0.000214886 -0.0085215 -1.56877
12.7245 0.0104858 -0.0640345 1.27356 -0.000214087 -0.00853295 -1.56877
12.7246 0.0104618 -0.0637252 1.27382 -0.0002131 -0.00854839 -1.56877
12.7331 0.0104379 -0.0634151 1.27408 -0.000211185 -0.00856563 -1.56876
12.7419 0.0104139 -0.0631044 1.27435 -0.000209112 -0.00858387 -1.56876
12.742 0.01039 -0.0627925 1.27461 -0.000205572 -0.008643 -1.56876
12.7488 0.010366 -0.0624794 1.27487 -0.000200731 -0.00869989 -1.56876
12.7498 0.0103421 -0.0621665 1.27513 -0.000195284 -0.00871266 -1.56876
12.758 0.0102702 -0.061233 1.27591 -0.000177837 -0.00859132 -1.56876
12.7625 0.0102462 -0.060923 1.27617 -0.000172554 -0.00853555 -1.56876
12.7669 0.0102222 -0.0606118 1.27643 -0.000167583 -0.0085147 -1.56876
12.773 0.0101981 -0.0602994 1.27668 -0.00016307 -0.00849328 -1.56875
12.7803 0.010174 -0.0599863 1.27694 -0.000158513 -0.00847606 -1.56875
12.7828 0.0101499 -0.0596726 1.27719 -0.000155127 -0.00846468 -1.56875
12.7918 0.0101258 -0.0593582 1.27745 -0.000152686 -0.00845936 -1.56875
12.7964 0.0101016 -0.0590432 1.2777 -0.000150395 -0.00845874 -1.56875
12.7977 0.0100774 -0.0587275 1.27796 -0.000148655 -0.00846083 -1.56875
12.8092 0.0100531 -0.0584111 1.27821 -0.000147513 -0.00846535 -1.56875
12.8139 0.0100288 -0.0580942 1.27846 -0.000147913 -0.00847121 -1.56875
12.814 0.0100045 -0.0577766 1.27872 -0.000149204 -0.00847844 -1.56875
12.8196 0.00998016 -0.0574584 1.27897 -0.000151734 -0.00848647 -1.56874
12.824 0.00995582 -0.0571395 1.27922 -0.000155456 -0.00849411 -1.56874
12.8277 0.0099315 -0.05682 1.27947 -0.000160367 -0.00850145 -1.56874
12.8307 0.00990719 -0.0564999 1.27972 -0.000167327 -0.00850792 -1.56874
12.8319 0.0098829 -0.0561791 1.27996 -0.000175921 -0.00851334 -1.56874
12.8431 0.00985862 -0.055857 1.28021 -0.000184985 -0.00855911 -1.56874
12.8432 0.00983436 -0.0555337 1.28046 -0.00019453 -0.00860369 -1.56874
12.8799 0.0102082 -0.0662995 1.28453 -0.000272908 -0.00860849 -1.56874
12.8813 0.0101398 -0.0653779 1.28527 -0.000303582 -0.00847018 -1.56873
12.8838 0.010117 -0.0650719 1.28551 -0.000312013 -0.00841388 -1.56873
12.8846 0.0100941 -0.0647647 1.28576 -0.000318711 -0.00839698 -1.56873
12.8904 0.0100712 -0.0644562 1.28601 -0.000323474 -0.00838276 -1.56873
12.8905 0.0100484 -0.0641472 1.28625 -0.000326567 -0.00837437 -1.56873
12.8952 0.0100254 -0.0638412 1.28649 -0.000328791 -0.00837258 -1.56873
12.9119 0.010489 -0.0738617 1.2912 -0.000406387 -0.00838556 -1.56872
12.9132 0.0104682 -0.0735647 1.29145 -0.000405973 -0.00839665 -1.56872
12.9166 0.0104474 -0.0732671 1.29169 -0.000404977 -0.00841333 -1.56872
12.9167 0.0104266 -0.0729689 1.29194 -0.000403468 -0.00843248 -1.56872
12.9167 0.0104058 -0.0726701 1.29218 -0.000401454 -0.00845181 -1.56872
12.9187 0.010385 -0.0723706 1.29243 -0.000398888 -0.00847115 -1.56872
12.9247 0.0103641 -0.0720706 1.29267 -0.000396333 -0.00848818 -1.56872
12.9357 0.0103433 -0.07177 1.29291 -0.000393458 -0.00850147 -1.56872
12.9486 0.0103224 -0.0714688 1.29315 -0.000390385 -0.00851165 -1.56871
12.9486 0.0103015 -0.071167 1.2934 -0.000388155 -0.00851882 -1.56871
12.9502 0.0102806 -0.0708646 1.29364 -0.000386003 -0.00852233 -1.56871
12.9502 0.0102597 -0.0705615 1.29388 -0.000383793 -0.00852299 -1.56871
12.9547 0.0102385 -0.0702566 1.29411 -0.000381698 -0.00852158 -1.56871
12.9585 0.0102175 -0.0699524 1.29435 -0.000379423 -0.0085184 -1.56871
12.9597 0.0101965 -0.0696476 1.29459 -0.000376307 -0.00851482 -1.56871
12.9644 0.0101755 -0.0693422 1.29483 -0.000373317 -0.00851077 -1.56871
12.9661 0.0101546 -0.0690356 1.29506 -0.000369813 -0.00854876 -1.5687
12.977 0.010535 -0.0788773 1.29963 -0.000444992 -0.00858888 -1.5687
12.9796 0.010516 -0.0785841 1.29987 -0.000440494 -0.00858906 -1.5687
12.9887 0.010497 -0.0782913 1.30011 -0.000436101 -0.00859009 -1.5687
12.9985 0.010478 -0.0779982 1.30034 -0.000432237 -0.00859017 -1.5687
12.9986 0.0104591 -0.0777054 1.30058 -0.000429743 -0.00854585 -1.5687
13.0034 0.0104401 -0.0774128 1.30081 -0.000427742 -0.00849857 -1.5687
13.0054 0.0104211 -0.0771192 1.30105 -0.000425561 -0.00849161 -1.56869
13.0123 0.0104022 -0.0768244 1.30128 -0.000424032 -0.00848657 -1.56869
13.0193 0.0103832 -0.0765289 1.30152 -0.000422809 -0.00848691 -1.56869
13.0246 0.0100548 -0.0786828 1.29925 -0.000423286 -0.00844692 -1.56869
13.0319 0.0100347 -0.0783899 1.29948 -0.000422702 -0.00846293 -1.56869
13.0456 0.0103814 -0.0880869 1.30384 -0.000506798 -0.00847353 -1.56869
13.0496 0.0103631 -0.087808 1.30407 -0.00050558 -0.00849606 -1.56868
13.0555 0.0103447 -0.0875285 1.3043 -0.000504625 -0.00851953 -1.56868
13.0597 0.0103263 -0.0872484 1.30453 -0.000503811 -0.00854233 -1.56868
13.0623 0.0103079 -0.0869678 1.30476 -0.000502936 -0.00856184 -1.56868
13.065 0.0102894 -0.0866866 1.305 -0.000502053 -0.0085769 -1.56868
13.0777 0.0102342 -0.0858397 1.30568 -0.000500112 -0.00859706 -1.56867
13.0839 0.0102159 -0.0855563 1.30591 -0.000500268 -0.00859589 -1.56867
13.0919 0.0101976 -0.0852723 1.30614 -0.000499876 -0.00859215 -1.56867
13.0976 0.0101793 -0.0849877 1.30637 -0.000497918 -0.00858644 -1.56867
13.0992 0.0101611 -0.0847025 1.30659 -0.000496167 -0.00857959 -1.56866
13.1018 0.0101428 -0.0844168 1.30682 -0.000495071 -0.00857353 -1.56866
13.1097 0.0101245 -0.0841304 1.30704 -0.00049408 -0.00856784 -1.56866
13.1226 0.0101062 -0.0838429 1.30727 -0.000493297 -0.00860391 -1.56866
13.1237 0.0100879 -0.0835543 1.30749 -0.000493411 -0.00864165 -1.56866
13.126 0.0100696 -0.0832659 1.30772 -0.0004943 -0.00864025 -1.56866
13.1282 0.0100512 -0.0829778 1.30794 -0.00049557 -0.0086391 -1.56866
13.1364 0.0100329 -0.0826901 1.30816 -0.000498537 -0.00859372 -1.56866
13.1389 0.0100145 -0.0824026 1.30838 -0.000502293 -0.00854392 -1.56865
13.145 0.0099962 -0.082114 1.3086 -0.000505457 -0.00853308 -1.56865
13.1519 0.00997786 -0.0818243 1.30882 -0.000508632 -0.00852515 -1.56865
13.152 0.00995951 -0.0815339 1.30904 -0.000511836 -0.00852372 -1.56865
13.1613 0.00994115 -0.081243 1.30926 -0.000513696 -0.00853032 -1.56865
13.1711 0.00992277 -0.0809514 1.30948 -0.000515072 -0.00854471 -1.56865
13.1728 0.00990437 -0.0806591 1.3097 -0.000516534 -0.0085648 -1.56865
13.1773 0.00988593 -0.0803663 1.30992 -0.000517433 -0.00858839 -1.56865
13.1831 0.00986749 -0.080073 1.31014 -0.00051795 -0.00861348 -1.56864
13.1915 0.00984904 -0.079779 1.31036 -0.000517826 -0.00863754 -1.56864
13.1938 0.00983057 -0.0794845 1.31057 -0.000517598 -0.0086593 -1.56864
13.1964 0.00981209 -0.0791894 1.31079 -0.000517293 -0.00867846 -1.56864
13.2012 0.00979358 -0.0788938 1.311 -0.000516472 -0.00869367 -1.56864
13.2163 0.00977508 -0.0785969 1.31122 -0.000515508 -0.00874546 -1.56864
13.2198 0.00975658 -0.078299 1.31143 -0.000515165 -0.00879369 -1.56864
13.2199 0.0097381 -0.0780012 1.31165 -0.000515427 -0.00879835 -1.56864
13.2265 0.00971941 -0.0777033 1.31186 -0.000515454 -0.00879784 -1.56864
13.2339 0.00970093 -0.0774056 1.31207 -0.000515626 -0.00878907 -1.56864
13.2396 0.00968245 -0.0771083 1.31229 -0.000516694 -0.00872994 -1.56864
13.248 0.0100621 -0.086818 1.3164 -0.000610638 -0.00864175 -1.56863
13.251 0.0100458 -0.086536 1.31662 -0.000611115 -0.00861343 -1.56863
13.2581 0.0100294 -0.0862528 1.31683 -0.000612111 -0.0085863 -1.56863
13.2611 0.010013 -0.0859691 1.31704 -0.00061433 -0.00856541 -1.56863
13.2679 0.00999653 -0.0856847 1.31726 -0.000617002 -0.00855375 -1.56862
13.2796 0.00998011 -0.0853997 1.31747 -0.000619328 -0.00855059 -1.56862
13.2842 0.00996366 -0.0851141 1.31768 -0.000621399 -0.00855321 -1.56862
13.2843 0.00994718 -0.0848279 1.31789 -0.000623571 -0.00856003 -1.56862
13.2889 0.00993072 -0.0845408 1.3181 -0.000626065 -0.00857008 -1.56862
13.2918 0.00991425 -0.0842535 1.31831 -0.000628675 -0.00858153 -1.56862
13.294 0.00989782 -0.0839657 1.31852 -0.000632046 -0.00859257 -1.56861
13.3 0.0100362 -0.0920812 1.32099 -0.000713628 -0.0085663 -1.56861
13.312 0.010021 -0.0918069 1.3212 -0.000717708 -0.00857235 -1.56861
13.3149 0.0100059 -0.091532 1.32141 -0.000721521 -0.00857444 -1.56861
13.3176 0.00999077 -0.0912566 1.32162 -0.000725731 -0.00857195 -1.5686
13.3371 0.00994535 -0.0904214 1.32225 -0.000736645 -0.00867378 -1.5686
13.3448 0.00993017 -0.0901401 1.32245 -0.000739948 -0.00870422 -1.5686
13.3474 0.00991499 -0.0898591 1.32266 -0.000743411 -0.00869248 -1.5686
13.3476 0.00989982 -0.0895785 1.32287 -0.000746063 -0.00867821 -1.5686
13.3492 0.00988465 -0.0892976 1.32307 -0.000748666 -0.00865924 -1.5686
13.3505 0.00986948 -0.089017 1.32328 -0.000751461 -0.00859482 -1.56859
13.3549 0.00985432 -0.0887368 1.32348 -0.000753764 -0.00852657 -1.56859
13.3584 0.00983916 -0.0884555 1.32368 -0.000755929 -0.00849677 -1.56859
13.3639 0.009824 -0.088173 1.32389 -0.000758602 -0.00846992 -1.56859
13.3676 0.00980883 -0.0878899 1.32409 -0.000762058 -0.00844956 -1.56859
13.3799 0.00979366 -0.0876063 1.32429 -0.00076601 -0.00843672 -1.56859
13.3799 0.00977849 -0.087322 1.32449 -0.000769852 -0.00843081 -1.56859
13.3806 0.00976331 -0.0870372 1.3247 -0.000773073 -0.00843008 -1.56859
13.3847 0.00974813 -0.0867519 1.3249 -0.000775114 -0.00843286 -1.56859
13.3869 0.00973295 -0.086466 1.3251 -0.00077648 -0.00843681 -1.56858
13.3975 0.00971781 -0.0861796 1.3253 -0.000778555 -0.00844158 -1.56858
13.4009 0.00970272 -0.0858926 1.3255 -0.000780722 -0.00844646 -1.56858
13.41 0.00968767 -0.0856052 1.3257 -0.000781995 -0.00845046 -1.56858
13.4159 0.00967268 -0.0853172 1.32589 -0.000782705 -0.00845347 -1.56858
13.4195 0.00965772 -0.0850287 1.32609 -0.000782467 -0.00845544 -1.56858
13.4327 0.00964279 -0.0847396 1.32629 -0.000781856 -0.00845576 -1.56858
13.4367 0.00962786 -0.08445 1.32649 -0.000780729 -0.00845413 -1.56858
13.4367 0.00961293 -0.0841599 1.32668 -0.000778386 -0.00845196 -1.56857
13.4384 0.009598 -0.0838693 1.32688 -0.000775748 -0.0084498 -1.56857
13.4491 0.00958312 -0.0835782 1.32707 -0.000773763 -0.00844718 -1.56857
13.4519 0.0095683 -0.0832865 1.32727 -0.000771811 -0.0084448 -1.56857
13.4575 0.00955354 -0.0829943 1.32746 -0.000770082 -0.00844266 -1.56857
13.4599 0.00953879 -0.0827016 1.32765 -0.000770054 -0.00844094 -1.56857
13.4628 0.00952402 -0.0824083 1.32785 -0.000771151 -0.00844041 -1.56857
13.4687 0.00950925 -0.0821145 1.32804 -0.000772815 -0.00844136 -1.56856
13.4764 0.00949453 -0.0818201 1.32823 -0.000775234 -0.00844362 -1.56856
13.4773 0.00947987 -0.0815251 1.32842 -0.000777968 -0.00844597 -1.56856
13.4798 0.00946523 -0.0812297 1.32861 -0.000781178 -0.00844828 -1.56856
13.4949 0.00945062 -0.0809337 1.3288 -0.000783816 -0.0084505 -1.56856
13.495 0.00943604 -0.0806371 1.32899 -0.000785572 -0.00845239 -1.56856
13.4993 0.00942146 -0.08034 1.32918 -0.000787005 -0.00845334 -1.56856
13.5045 0.00940687 -0.0800424 1.32937 -0.000787815 -0.00845258 -1.56856
13.5053 0.00939227 -0.0797436 1.32955 -0.000787508 -0.00849429 -1.56856
13.5105 0.00937768 -0.0794437 1.32974 -0.00078663 -0.00853552 -1.56855
13.5118 0.00936314 -0.0791441 1.32993 -0.000786211 -0.00853176 -1.56855
13.5197 0.00934864 -0.0788449 1.33011 -0.000785473 -0.00852577 -1.56855
13.522 0.00933416 -0.0785461 1.3303 -0.000785285 -0.00847351 -1.56855
13.529 0.0093197 -0.0782476 1.33048 -0.000785509 -0.00841603 -1.56855
13.5308 0.00930523 -0.077948 1.33067 -0.000785109 -0.00839882 -1.56855
13.5345 0.00929076 -0.0776472 1.33085 -0.000785575 -0.00838461 -1.56855
13.5415 0.00927629 -0.077346 1.33103 -0.00078661 -0.00837638 -1.56854
13.545 0.00926183 -0.0770441 1.33121 -0.000786982 -0.00837533 -1.56854
13.5559 0.00924737 -0.0767417 1.3314 -0.000786467 -0.00838123 -1.56854
13.5593 0.00923291 -0.0764387 1.33158 -0.000785742 -0.00839218 -1.56854
13.5627 0.00921843 -0.0761351 1.33176 -0.000785511 -0.00840677 -1.56854
13.5711 0.00920394 -0.075831 1.33194 -0.000785594 -0.0084234 -1.56854
13.5733 0.00918943 -0.0755263 1.33212 -0.000786659 -0.00844022 -1.56854
13.5766 0.00917493 -0.0752211 1.3323 -0.000788441 -0.00845592 -1.56853
13.578 0.00916043 -0.0749153 1.33248 -0.000791278 -0.0084696 -1.56853
13.5974 0.00914595 -0.0746089 1.33266 -0.000795548 -0.00848035 -1.56853
13.6008 0.00913149 -0.074302 1.33284 -0.000799476 -0.0084884 -1.56853
13.6095 0.00911704 -0.0739946 1.33302 -0.000802769 -0.00849429 -1.56853
13.6175 0.00910261 -0.0736866 1.3332 -0.000805712 -0.0084976 -1.56853
13.6205 0.00908822 -0.0733782 1.33337 -0.000808749 -0.008499 -1.56853
13.6227 0.00907388 -0.0730692 1.33355 -0.000812304 -0.00849802 -1.56852
13.6277 0.00905956 -0.0727597 1.33373 -0.000816559 -0.00849538 -1.56852
13.6352 0.00904525 -0.0724496 1.3339 -0.000820586 -0.00849267 -1.56852
13.6353 0.00903095 -0.072139 1.33408 -0.00082416 -0.00849028 -1.56852
13.6417 0.00901665 -0.0718279 1.33425 -0.000828683 -0.008488 -1.56852
13.6449 0.00900238 -0.0715163 1.33443 -0.000833909 -0.00848639 -1.56851
13.6478 0.00898817 -0.0712041 1.3346 -0.000839416 -0.00848661 -1.56851
13.6538 0.00897404 -0.0708914 1.33477 -0.000844664 -0.00848832 -1.56851
13.6597 0.00895994 -0.0705782 1.33495 -0.00084973 -0.00848971 -1.56851
13.6622 0.00894587 -0.0702645 1.33512 -0.000855382 -0.00849016 -1.56851
13.6667 0.00893185 -0.0699502 1.33529 -0.00086007 -0.00849021 -1.5685
13.6859 0.00889018 -0.069004 1.3358 -0.000868201 -0.00848713 -1.5685
13.6972 0.0088488 -0.068053 1.33631 -0.000874605 -0.00847992 -1.56849
13.7016 0.00883501 -0.067735 1.33648 -0.000875921 -0.00847732 -1.56849
13.7095 0.00882182 -0.0674182 1.33664 -0.000877483 -0.00847545 -1.56849
13.7132 0.00880811 -0.0670991 1.33681 -0.000880851 -0.00847401 -1.56849
13.73 0.00940449 -0.0777849 1.33812 -0.0010182 -0.00838806 -1.56848
13.7313 0.00939514 -0.077485 1.33829 -0.0010221 -0.00838795 -1.56848
13.733 0.00938587 -0.0771845 1.33846 -0.00102716 -0.00838815 -1.56848
13.7392 0.00937664 -0.0768835 1.33862 -0.0010318 -0.00838792 -1.56848
13.7515 0.00936762 -0.0765829 1.33879 -0.0010361 -0.00842883 -1.56848
13.7595 0.0095597 -0.0852659 1.34194 -0.00112703 -0.00840453 -1.56847
13.7605 0.00955186 -0.0849808 1.34211 -0.00112924 -0.00840233 -1.56847
13.7645 0.00954404 -0.0846961 1.34227 -0.00113091 -0.00839776 -1.56847
13.7783 0.00952072 -0.0838348 1.34277 -0.00113112 -0.0083573 -1.56846
13.782 0.009513 -0.0835446 1.34293 -0.00112799 -0.0083376 -1.56846
13.7865 0.00950531 -0.0832533 1.34309 -0.00112245 -0.00832128 -1.56846
13.7901 0.0094977 -0.0829616 1.34325 -0.00111656 -0.00831014 -1.56846
13.8016 0.00949015 -0.0826693 1.34342 -0.00111087 -0.00830673 -1.56846
13.811 0.00948265 -0.0823766 1.34358 -0.00110495 -0.00831255 -1.56845
13.811 0.00947521 -0.0820833 1.34374 -0.00109921 -0.00832485 -1.56845
13.8158 0.00946781 -0.0817895 1.3439 -0.00109391 -0.00834148 -1.56845
13.8293 0.00944599 -0.080905 1.34438 -0.00107959 -0.00839512 -1.56845
13.8307 0.00943884 -0.0806092 1.34454 -0.0010753 -0.00841124 -1.56845
13.8363 0.00943172 -0.0803128 1.3447 -0.00107168 -0.00842403 -1.56845
13.8468 0.00942464 -0.0800161 1.34486 -0.00106956 -0.0084334 -1.56844
13.8503 0.0094176 -0.0797188 1.34502 -0.00106737 -0.00843983 -1.56844
13.8521 0.00941059 -0.0794211 1.34518 -0.00106427 -0.0084429 -1.56844
13.8556 0.00940362 -0.0791229 1.34534 -0.00106124 -0.00844387 -1.56844
13.8609 0.00939668 -0.0788242 1.34549 -0.0010577 -0.00844273 -1.56844
13.8647 0.00938977 -0.078525 1.34565 -0.00105407 -0.00844009 -1.56844
13.8758 0.00938291 -0.0782253 1.34581 -0.00105106 -0.00843697 -1.56844
13.8775 0.00937611 -0.0779251 1.34596 -0.00104803 -0.00843402 -1.56843
13.8788 0.00936935 -0.0776243 1.34612 -0.00104461 -0.00843208 -1.56843
13.8876 0.00936263 -0.077323 1.34627 -0.00104191 -0.00843187 -1.56843
13.8962 0.00935596 -0.0770213 1.34643 -0.00104016 -0.00843284 -1.56843
13.8963 0.00934932 -0.076719 1.34658 -0.0010379 -0.00843473 -1.56842
13.9266 0.00958939 -0.0848578 1.35021 -0.00112526 -0.00836461 -1.56842
13.9289 0.0095844 -0.0845724 1.35037 -0.00112325 -0.00836891 -1.56842
13.9308 0.00957944 -0.0842866 1.35052 -0.00112012 -0.00837292 -1.56841
13.9318 0.0095745 -0.0840003 1.35067 -0.00111626 -0.0083759 -1.56841
13.941 0.00956958 -0.0837134 1.35083 -0.00111217 -0.00837843 -1.56841
13.9685 0.00980764 -0.0916746 1.35436 -0.00119907 -0.00829108 -1.56841
13.9712 0.00980417 -0.0914057 1.35452 -0.00119316 -0.0082919 -1.56841
13.9731 0.00980074 -0.0911364 1.35467 -0.00118724 -0.00829306 -1.5684
13.9746 0.00979735 -0.0908666 1.35483 -0.00118118 -0.00829427 -1.5684
13.9756 0.009794 -0.0905964 1.35498 -0.00117603 -0.00829612 -1.5684
13.99 0.00978397 -0.0897844 1.35543 -0.00116417 -0.00830451 -1.5684
13.9935 0.00978068 -0.0895124 1.35558 -0.00116049 -0.0083072 -1.5684
14.0033 0.00977742 -0.0892399 1.35573 -0.00115687 -0.00830962 -1.56839
14.0114 0.0100166 -0.0970441 1.35896 -0.0012551 -0.00820924 -1.56839
14.0155 0.0100148 -0.0967907 1.35911 -0.00125255 -0.00821155 -1.56839
14.0197 0.0100129 -0.0965368 1.35926 -0.00124922 -0.00821415 -1.56839
14.0236 0.0100112 -0.0962825 1.35941 -0.00124619 -0.00821648 -1.56839
14.0279 0.0100095 -0.0960278 1.35956 -0.00124304 -0.00821918 -1.56838
14.0305 0.0100078 -0.0957726 1.35971 -0.00123884 -0.00822186 -1.56838
14.0416 0.0100061 -0.0955164 1.35986 -0.00123473 -0.00826519 -1.56838
14.0443 0.0100045 -0.0952593 1.36001 -0.00123102 -0.00830855 -1.56838
14.0485 0.0100028 -0.0950025 1.36015 -0.00122659 -0.00831088 -1.56838
14.0528 0.0100012 -0.0947462 1.3603 -0.00122278 -0.00831093 -1.56838
14.0555 0.00999958 -0.0944897 1.36045 -0.00122002 -0.00830553 -1.56838
14.0628 0.009998 -0.0942338 1.3606 -0.00121831 -0.00825911 -1.56838
14.075 0.00999644 -0.0939782 1.36074 -0.00121783 -0.00820978 -1.56837
14.0776 0.00999492 -0.0937217 1.36089 -0.00121696 -0.00819594 -1.56837
14.082 0.00999342 -0.0934641 1.36103 -0.00121572 -0.00818403 -1.56837
14.0838 0.00999195 -0.0932061 1.36118 -0.00121494 -0.00817805 -1.56837
14.0873 0.00999052 -0.0929476 1.36133 -0.00121477 -0.00818045 -1.56837
14.0917 0.00998912 -0.0926888 1.36147 -0.0012151 -0.00819053 -1.56837
14.0984 0.00988391 -0.0927333 1.3614 -0.00120628 -0.00818852 -1.56836
14.1014 0.00988134 -0.0924746 1.36155 -0.00120745 -0.00820695 -1.56836
14.1051 0.0098788 -0.0922155 1.36169 -0.00120799 -0.00822621 -1.56836
14.1139 0.0098763 -0.091956 1.36184 -0.00120862 -0.00824398 -1.56836
14.1217 0.0098738 -0.0916962 1.36198 -0.00120923 -0.0082591 -1.56836
14.1223 0.00987131 -0.0914359 1.36212 -0.00120907 -0.0082717 -1.56836
14.1228 0.00986883 -0.0911752 1.36227 -0.00120867 -0.00828153 -1.56835
14.13 0.0101262 -0.0986511 1.3656 -0.0013098 -0.00817878 -1.56835
14.1355 0.0101251 -0.09841 1.36575 -0.00131 -0.00818214 -1.56835
14.139 0.010124 -0.0981684 1.36589 -0.00131034 -0.00818188 -1.56835
14.1507 0.0101229 -0.0979265 1.36604 -0.00131059 -0.0081782 -1.56835
14.1523 0.0101219 -0.0976842 1.36618 -0.00131163 -0.00817345 -1.56835
14.1567 0.0101208 -0.0974415 1.36632 -0.00131329 -0.00816747 -1.56835
14.1615 0.0101198 -0.0971984 1.36647 -0.0013148 -0.00816126 -1.56835
14.1718 0.0101187 -0.0969549 1.36661 -0.00131552 -0.00815578 -1.56835
14.1725 0.0101177 -0.096711 1.36675 -0.00131647 -0.00815081 -1.56834
14.1816 0.0101168 -0.0964666 1.36689 -0.00131762 -0.0081473 -1.56834
14.1841 0.0101158 -0.0962219 1.36704 -0.00131839 -0.00814617 -1.56834
14.1879 0.010115 -0.0959768 1.36718 -0.00131878 -0.00814659 -1.56834
14.1929 0.0101141 -0.0957313 1.36732 -0.0013193 -0.00814698 -1.56834
14.1944 0.0101132 -0.0954853 1.36746 -0.00131943 -0.00814826 -1.56834
14.2057 0.0101124 -0.095239 1.3676 -0.00131886 -0.00814973 -1.56833
14.2085 0.0101116 -0.0949922 1.36774 -0.00131836 -0.00815167 -1.56833
14.2129 0.0101109 -0.094745 1.36788 -0.0013173 -0.00815366 -1.56833
14.2193 0.0101101 -0.0944968 1.36802 -0.001315 -0.00820173 -1.56833
14.2273 0.0101092 -0.0942476 1.36815 -0.0013126 -0.00824992 -1.56833
14.2282 0.0101085 -0.0939989 1.36829 -0.00130981 -0.00825139 -1.56833
14.2311 0.0101078 -0.0937508 1.36843 -0.00130782 -0.00825214 -1.56833
14.2377 0.0101071 -0.0935025 1.36857 -0.00130638 -0.0082516 -1.56832
14.2563 0.0103613 -0.100597 1.37205 -0.00140437 -0.00809326 -1.56832
14.26 0.0103618 -0.100371 1.37219 -0.00140209 -0.00804832 -1.56832
14.2601 0.0103622 -0.100144 1.37233 -0.00139982 -0.00804527 -1.56832
14.2617 0.0103627 -0.0999152 1.37247 -0.00139731 -0.0080449 -1.56832
14.2686 0.0103632 -0.0996865 1.3726 -0.00139511 -0.00805048 -1.56832
14.2807 0.0103637 -0.0994574 1.37274 -0.00139232 -0.00806203 -1.56831
14.285 0.0103642 -0.0992278 1.37288 -0.00138976 -0.00807842 -1.56831
14.285 0.0103648 -0.0989978 1.37302 -0.00138817 -0.00809721 -1.56831
14.2877 0.0103654 -0.0987674 1.37315 -0.00138727 -0.00811523 -1.56831
14.2906 0.0103661 -0.0985366 1.37329 -0.00138706 -0.00813086 -1.56831
14.2933 0.0103667 -0.0983055 1.37342 -0.00138619 -0.00814305 -1.56831
14.3015 0.0103674 -0.098074 1.37356 -0.00138483 -0.00815127 -1.56831
14.3046 0.0103682 -0.0978422 1.3737 -0.00138432 -0.00815557 -1.56831
14.3074 0.010369 -0.0976101 1.37383 -0.00138447 -0.00815574 -1.5683
14.3103 0.0103698 -0.0973777 1.37397 -0.00138506 -0.00815191 -1.5683
14.3137 0.0103707 -0.0971449 1.3741 -0.00138605 -0.00814459 -1.5683
14.3199 0.0103716 -0.0969117 1.37424 -0.00138755 -0.00813513 -1.5683
14.3217 0.0103726 -0.0966782 1.37437 -0.0013891 -0.00812543 -1.5683
14.332 0.0103736 -0.0964443 1.3745 -0.00139072 -0.0081162 -1.5683
14.3351 0.0103746 -0.09621 1.37464 -0.00139192 -0.00810799 -1.5683
14.3354 0.0103756 -0.0959754 1.37477 -0.00139285 -0.00810122 -1.5683
14.3406 0.0103766 -0.0957404 1.3749 -0.00139403 -0.00809602 -1.56829
14.3454 0.0103777 -0.0955049 1.37504 -0.00139385 -0.00809127 -1.56829
14.3521 0.0103787 -0.0952691 1.37517 -0.0013941 -0.00808697 -1.56829
14.3535 0.0103799 -0.0950329 1.3753 -0.00139471 -0.00808388 -1.56829
14.3781 0.0106388 -0.101791 1.37882 -0.00149389 -0.00796263 -1.56829
14.3815 0.010641 -0.101576 1.37896 -0.00149298 -0.00796055 -1.56829
14.3829 0.0106432 -0.10136 1.37909 -0.00149196 -0.00795802 -1.56828
14.4011 0.0106454 -0.101143 1.37922 -0.00149083 -0.00795519 -1.56828
14.4066 0.0106476 -0.100926 1.37935 -0.00148978 -0.00795207 -1.56828
14.4105 0.0106499 -0.100709 1.37948 -0.00148734 -0.00798522 -1.56828
14.4155 0.0106522 -0.10049 1.37961 -0.00148596 -0.00801903 -1.56828
14.4167 0.0106545 -0.100272 1.37974 -0.00148621 -0.00801697 -1.56827
14.4186 0.0106569 -0.100055 1.37987 -0.00148549 -0.00801415 -1.56827
14.4214 0.0106593 -0.0998376 1.38 -0.00148625 -0.00796827 -1.56827
14.4244 0.0106617 -0.0996212 1.38013 -0.00148936 -0.00791858 -1.56827
14.4308 0.0106641 -0.0994039 1.38026 -0.00149207 -0.00790698 -1.56827
14.437 0.0106666 -0.0991858 1.38039 -0.00149405 -0.00789741 -1.56827
14.4388 0.0106691 -0.0989672 1.38052 -0.00149651 -0.00789356 -1.56826
14.4456 0.0106716 -0.0987483 1.38065 -0.00149941 -0.007896 -1.56826
14.45 0.0106741 -0.0985291 1.38077 -0.00150259 -0.00790309 -1.56826
14.4587 0.0106766 -0.0983095 1.3809 -0.00150573 -0.00791246 -1.56826
14.4662 0.0106792 -0.0980896 1.38103 -0.00150832 -0.00792173 -1.56826
14.4699 0.0106817 -0.0978693 1.38116 -0.00151102 -0.00792993 -1.56825
14.4746 0.0106842 -0.0976488 1.38128 -0.00151312 -0.00793708 -1.56825
14.4839 0.0106868 -0.0974279 1.38141 -0.00151494 -0.00794131 -1.56825
14.4889 0.0106894 -0.0972066 1.38153 -0.00151737 -0.00794276 -1.56825
14.4992 0.010692 -0.0969851 1.38166 -0.00152036 -0.0079418 -1.56825
14.4992 0.0106947 -0.0967632 1.38179 -0.00152418 -0.00793806 -1.56825
14.5049 0.0106974 -0.0965411 1.38191 -0.00152889 -0.00793241 -1.56825
14.5116 0.0107002 -0.0963185 1.38204 -0.00153389 -0.00792496 -1.56825
14.5189 0.0107031 -0.0960956 1.38216 -0.00153851 -0.00791514 -1.56825
14.5218 0.010957 -0.102498 1.38558 -0.001639 -0.00778096 -1.56824
14.5346 0.0109608 -0.102296 1.3857 -0.00164313 -0.00777168 -1.56824
14.5371 0.0109645 -0.102093 1.38583 -0.00164653 -0.00776246 -1.56824
14.5409 0.0109682 -0.101891 1.38596 -0.00164827 -0.00775388 -1.56824
14.558 0.010972 -0.101687 1.38608 -0.00164903 -0.0077479 -1.56824
14.5606 0.0109758 -0.101484 1.38621 -0.00164916 -0.00774277 -1.56824
14.5628 0.0109796 -0.10128 1.38633 -0.00164751 -0.00777532 -1.56823
14.5703 0.0109835 -0.101074 1.38645 -0.00164529 -0.0078104 -1.56823
14.5778 0.0109874 -0.10087 1.38658 -0.00164347 -0.00781016 -1.56823
14.5789 0.0109913 -0.100666 1.3867 -0.00164154 -0.00780872 -1.56823
14.5793 0.0109953 -0.100462 1.38682 -0.00164028 -0.00780378 -1.56823
14.581 0.0109994 -0.100258 1.38695 -0.00164021 -0.00774996 -1.56823
14.5827 0.0110035 -0.100056 1.38707 -0.00164154 -0.0076916 -1.56823
14.5928 0.0110076 -0.099852 1.38719 -0.00164416 -0.00767502 -1.56823
14.596 0.0110118 -0.0996475 1.38731 -0.00164814 -0.00765912 -1.56823
14.5988 0.011016 -0.0994427 1.38744 -0.00165236 -0.00764776 -1.56823
14.6134 0.0112492 -0.105218 1.39095 -0.00174774 -0.00752673 -1.56823
14.6154 0.0112541 -0.105033 1.39108 -0.00175042 -0.00753028 -1.56823
14.6225 0.011259 -0.104848 1.3912 -0.00175376 -0.00753961 -1.56822
14.6225 0.011264 -0.104663 1.39132 -0.00175706 -0.00755181 -1.56822
14.6229 0.011269 -0.104478 1.39145 -0.00175956 -0.00756461 -1.56822
14.6279 0.011274 -0.104292 1.39157 -0.00176088 -0.00757714 -1.56822
14.6328 0.011279 -0.104106 1.39169 -0.00176215 -0.00758807 -1.56822
14.6494 0.011284 -0.10392 1.39182 -0.00176413 -0.00759672 -1.56822
14.6513 0.011289 -0.103734 1.39194 -0.00176565 -0.00760266 -1.56822
14.657 0.0112941 -0.103547 1.39206 -0.0017674 -0.00760543 -1.56822
14.6695 0.0112993 -0.10336 1.39218 -0.00176988 -0.00760496 -1.56822
14.67 0.0113044 -0.103173 1.3923 -0.00177175 -0.00760237 -1.56822
14.6781 0.0113095 -0.102986 1.39242 -0.00177301 -0.00759863 -1.56822
14.6804 0.0113147 -0.102798 1.39255 -0.00177444 -0.00759385 -1.56822
14.688 0.01132 -0.102611 1.39267 -0.0017771 -0.00758771 -1.56821
14.6883 0.0113253 -0.102422 1.39279 -0.00177998 -0.00758157 -1.56821
14.6902 0.0113308 -0.102234 1.39291 -0.00178274 -0.00757674 -1.56821
14.6962 0.0113362 -0.102045 1.39303 -0.00178617 -0.00757148 -1.56821
14.7008 0.0113418 -0.101856 1.39314 -0.00178998 -0.00756543 -1.5682
14.7064 0.0113474 -0.101667 1.39326 -0.00179506 -0.0075601 -1.5682
14.7114 0.0113531 -0.101478 1.39338 -0.00180025 -0.00755519 -1.5682
14.7133 0.0113588 -0.101288 1.3935 -0.00180488 -0.00754998 -1.5682
14.7191 0.0113645 -0.101098 1.39362 -0.00180937 -0.00754449 -1.5682
14.7211 0.0113702 -0.100908 1.39373 -0.00181445 -0.00753893 -1.5682
14.7279 0.011376 -0.100717 1.39385 -0.00182121 -0.0075332 -1.56819
14.7366 0.0113819 -0.100526 1.39397 -0.00182772 -0.00752709 -1.56819
14.7378 0.0113878 -0.100335 1.39408 -0.00183359 -0.00752114 -1.56819
14.7387 0.0113938 -0.100144 1.3942 -0.00183974 -0.00751537 -1.56819
14.7451 0.0113999 -0.0999524 1.39431 -0.00184514 -0.00750952 -1.56819
14.748 0.011406 -0.0997606 1.39442 -0.00184927 -0.00750347 -1.56819
14.7573 0.0114122 -0.0995685 1.39454 -0.00185245 -0.00749889 -1.56819
14.7615 0.0114184 -0.0993762 1.39465 -0.0018536 -0.00749604 -1.56819
14.7797 0.0114247 -0.0991836 1.39476 -0.00185345 -0.00749337 -1.56818
14.7843 0.011431 -0.0989907 1.39488 -0.00185277 -0.00749103 -1.56818
14.7871 0.0114374 -0.0987976 1.39499 -0.00185112 -0.0074897 -1.56818
14.7912 0.0114438 -0.0986043 1.3951 -0.00184912 -0.00748892 -1.56818
14.8087 0.0114635 -0.0980231 1.39544 -0.00184567 -0.00748388 -1.56818
14.8156 0.0114703 -0.0978289 1.39555 -0.00184402 -0.00748167 -1.56817
14.8181 0.0114771 -0.0976345 1.39566 -0.00184169 -0.00747838 -1.56817
14.8207 0.0114839 -0.0974398 1.39577 -0.00184074 -0.00747373 -1.56817
14.8261 0.0114908 -0.097245 1.39587 -0.00183985 -0.00746866 -1.56817
14.8305 0.0114977 -0.0970499 1.39598 -0.00183887 -0.00746262 -1.56817
14.8383 0.0115046 -0.0968546 1.39609 -0.0018382 -0.00745559 -1.56817
14.8409 0.0115116 -0.096659 1.3962 -0.0018373 -0.00744844 -1.56816
14.8511 0.0115186 -0.0964633 1.39631 -0.00183619 -0.00744229 -1.56816
14.8584 0.0115257 -0.0962672 1.39641 -0.00183389 -0.00743721 -1.56816
14.8628 0.0115328 -0.096071 1.39652 -0.00183053 -0.00743281 -1.56816
14.8766 0.0115617 -0.0952841 1.39695 -0.00180863 -0.0074208 -1.56816
14.8862 0.011569 -0.0950866 1.39705 -0.00180185 -0.00741831 -1.56815
14.8908 0.0115763 -0.0948888 1.39716 -0.00179587 -0.00741538 -1.56815
14.8977 0.0115837 -0.0946909 1.39726 -0.00179057 -0.00741218 -1.56815
14.9106 0.0118249 -0.100652 1.4008 -0.00187343 -0.00729012 -1.56815
14.9114 0.0118329 -0.100475 1.40091 -0.00186974 -0.00728446 -1.56815
14.9154 0.011841 -0.100298 1.40102 -0.00186765 -0.00727784 -1.56815
14.9229 0.0118491 -0.100121 1.40112 -0.00186608 -0.00726992 -1.56814
14.9288 0.0118573 -0.0999437 1.40123 -0.00186351 -0.00726008 -1.56814
14.9363 0.0118655 -0.0997662 1.40133 -0.00186017 -0.0072494 -1.56814
14.942 0.0118738 -0.0995885 1.40144 -0.00185693 -0.00723962 -1.56814
14.9455 0.0118822 -0.0994107 1.40154 -0.0018542 -0.00723107 -1.56814
14.9503 0.0118906 -0.0992328 1.40164 -0.00185156 -0.00722501 -1.56814
14.9531 0.011899 -0.0990546 1.40175 -0.00184897 -0.00722192 -1.56813
14.9594 0.0119075 -0.0988763 1.40185 -0.00184683 -0.00722132 -1.56813
14.9645 0.0119163 -0.0986981 1.40195 -0.00184444 -0.00722406 -1.56813
14.9684 0.0119248 -0.0985194 1.40206 -0.00184196 -0.00723021 -1.56813
14.9742 0.0119334 -0.0983406 1.40216 -0.00184025 -0.00723636 -1.56813
14.9778 0.0121211 -0.103589 1.40528 -0.00191534 -0.00712473 -1.56812
14.9822 0.0121299 -0.10343 1.40538 -0.0019152 -0.00713051 -1.56812
14.994 0.0121388 -0.10327 1.40548 -0.00191678 -0.0071352 -1.56812
14.9981 0.0121477 -0.103111 1.40559 -0.00191959 -0.00713891 -1.56812
15.0013 0.0121566 -0.102951 1.40569 -0.00192309 -0.00714189 -1.56812
15.0062 0.0121655 -0.102791 1.40579 -0.00192775 -0.0071435 -1.56812
15.0086 0.0121745 -0.102631 1.4059 -0.00193323 -0.00714343 -1.56811
15.0141 0.0121836 -0.102471 1.406 -0.00193905 -0.00714269 -1.56811
15.0184 0.0121927 -0.102311 1.4061 -0.00194525 -0.00714234 -1.56811
15.0228 0.0122018 -0.10215 1.4062 -0.00195193 -0.00714277 -1.56811
15.0283 0.0122111 -0.10199 1.4063 -0.00195713 -0.00714347 -1.56811
15.0311 0.0122204 -0.101829 1.4064 -0.0019607 -0.00714517 -1.56811
15.0418 0.0122298 -0.101668 1.40651 -0.00196354 -0.00714847 -1.56811
15.0479 0.0122392 -0.101507 1.40661 -0.00196558 -0.00715223 -1.56811
15.0514 0.0122486 -0.101346 1.40671 -0.00196753 -0.00715572 -1.5681
15.0637 0.0122581 -0.101184 1.40681 -0.00196968 -0.00715856 -1.5681
15.0655 0.0122676 -0.101023 1.40691 -0.00197145 -0.00716112 -1.5681
15.0696 0.0122771 -0.100861 1.407 -0.00197355 -0.00716363 -1.5681
15.0723 0.0122867 -0.100699 1.4071 -0.00197668 -0.00716471 -1.5681
15.0791 0.0122963 -0.100537 1.4072 -0.0019804 -0.0071649 -1.5681
15.0839 0.012306 -0.100375 1.4073 -0.00198407 -0.00716369 -1.56809
15.0859 0.0123157 -0.100213 1.4074 -0.00198786 -0.00716111 -1.56809
15.092 0.0123255 -0.10005 1.4075 -0.00199147 -0.00715843 -1.56809
15.0977 0.0123353 -0.0998875 1.40759 -0.00199395 -0.0071561 -1.56809
15.1019 0.0123452 -0.0997248 1.40769 -0.00199585 -0.00715491 -1.56809
15.1088 0.0123552 -0.0995619 1.40779 -0.00199719 -0.00715471 -1.56809
15.1121 0.0123652 -0.0993989 1.40789 -0.00199811 -0.00715516 -1.56809
15.1155 0.0123753 -0.0992358 1.40798 -0.00199793 -0.00715614 -1.56808
15.1268 0.0123855 -0.0990725 1.40808 -0.0019963 -0.00715702 -1.56808
15.1286 0.0123957 -0.098909 1.40817 -0.00199463 -0.00715747 -1.56808
15.1328 0.012406 -0.0987454 1.40827 -0.0019931 -0.00715737 -1.56808
15.1482 0.0124373 -0.0982538 1.40855 -0.00199205 -0.00714975 -1.56808
15.1541 0.0124479 -0.0980897 1.40865 -0.00199298 -0.00714464 -1.56807
15.1569 0.0124586 -0.0979255 1.40874 -0.00199386 -0.00713897 -1.56807
15.1609 0.0124693 -0.0977612 1.40883 -0.00199463 -0.00713384 -1.56807
15.169 0.01248 -0.0975967 1.40893 -0.00199423 -0.00712907 -1.56807
15.1744 0.0124908 -0.0974321 1.40902 -0.00199274 -0.00712497 -1.56807
15.1776 0.0125017 -0.0972673 1.40911 -0.00199071 -0.00712159 -1.56807
15.183 0.0125126 -0.0971024 1.40921 -0.00198761 -0.00711927 -1.56806
15.1855 0.0125235 -0.0969373 1.4093 -0.0019837 -0.00711789 -1.56806
15.1921 0.0125345 -0.0967721 1.40939 -0.001979 -0.00711618 -1.56806
15.2021 0.0125455 -0.0966067 1.40948 -0.00197365 -0.00711382 -1.56806
15.2025 0.0125565 -0.0964413 1.40957 -0.00196899 -0.00711034 -1.56806
15.2039 0.0125676 -0.0962757 1.40966 -0.00196483 -0.0071048 -1.56806
15.2083 0.0125787 -0.09611 1.40975 -0.0019611 -0.00709868 -1.56805
15.2134 0.0125898 -0.0959441 1.40984 -0.00195747 -0.0070929 -1.56805
15.2255 0.012601 -0.0957781 1.40993 -0.00195475 -0.00708542 -1.56805
15.2279 0.0126122 -0.0956119 1.41002 -0.00195279 -0.00707711 -1.56805
15.2279 0.0126235 -0.0954455 1.41011 -0.00195045 -0.00707046 -1.56805
15.2298 0.0126349 -0.095279 1.4102 -0.00194809 -0.00706598 -1.56805
15.2336 0.0126463 -0.0951124 1.41029 -0.00194504 -0.00706336 -1.56805
15.2379 0.0126577 -0.0949457 1.41038 -0.00194163 -0.00706261 -1.56805
15.2508 0.0126691 -0.0947789 1.41047 -0.00193776 -0.00706357 -1.56805
15.253 0.0126806 -0.0946118 1.41056 -0.00193349 -0.00706598 -1.56804
15.2548 0.0126922 -0.0944447 1.41064 -0.00192919 -0.00706863 -1.56804
15.2563 0.0127038 -0.0942774 1.41073 -0.001925 -0.00707135 -1.56804
15.2632 0.0127154 -0.0941099 1.41082 -0.00192178 -0.00707353 -1.56804
15.2668 0.0127271 -0.0939423 1.41091 -0.00191963 -0.00707558 -1.56804
15.2787 0.0127388 -0.0937745 1.41099 -0.00191804 -0.00707716 -1.56804
15.2787 0.0127506 -0.0936066 1.41108 -0.00191706 -0.00707631 -1.56803
15.2985 0.0127625 -0.0934386 1.41116 -0.00191701 -0.00707383 -1.56803
15.303 0.0127744 -0.0932705 1.41125 -0.0019179 -0.00707033 -1.56803
15.3041 0.0127864 -0.0931022 1.41134 -0.00191892 -0.0070664 -1.56803
15.3088 0.0127984 -0.0929337 1.41142 -0.00192084 -0.00706285 -1.56803
15.3179 0.0128105 -0.0927651 1.41151 -0.0019236 -0.0070593 -1.56803
15.3197 0.0128226 -0.0925964 1.41159 -0.00192529 -0.00705534 -1.56803
15.3278 0.0128348 -0.0924275 1.41168 -0.00192621 -0.00705254 -1.56802
15.3295 0.0128471 -0.0922584 1.41176 -0.00192623 -0.00705094 -1.56802
15.3575 0.012998 -0.0979425 1.41503 -0.00199628 -0.00693896 -1.56802
15.3606 0.0130224 -0.097645 1.4152 -0.00199092 -0.00693762 -1.56802
15.3607 0.0130347 -0.0974961 1.41529 -0.00198695 -0.00693662 -1.56801
15.3607 0.0130471 -0.0973464 1.41537 -0.00198318 -0.00697945 -1.56801
15.3607 0.0130594 -0.097196 1.41546 -0.00198002 -0.0070213 -1.56801
15.3607 0.0130718 -0.0970463 1.41554 -0.00197909 -0.00701865 -1.56801
15.3731 0.0130843 -0.0968977 1.41563 -0.00198005 -0.00701268 -1.56801
15.3742 0.0130968 -0.0967496 1.41571 -0.00198418 -0.00696719 -1.56801
15.3777 0.0131093 -0.0966022 1.41579 -0.00198984 -0.00691592 -1.56801
15.3873 0.0132193 -0.101482 1.41903 -0.00206007 -0.00679863 -1.56801
15.3941 0.0132314 -0.101352 1.41911 -0.00206697 -0.00678001 -1.56801
15.4138 0.0132436 -0.101223 1.4192 -0.00207248 -0.00676845 -1.568
15.4182 0.0132558 -0.101093 1.41929 -0.00207742 -0.00676445 -1.568
15.4233 0.0132681 -0.100963 1.41937 -0.00208272 -0.00676757 -1.568
15.4235 0.0132805 -0.100833 1.41946 -0.00208776 -0.0067771 -1.568
15.4264 0.0132929 -0.100703 1.41954 -0.00209225 -0.0067918 -1.568
15.4358 0.0133054 -0.100573 1.41963 -0.00209542 -0.00680932 -1.56799
15.4365 0.0133178 -0.100443 1.41971 -0.00209768 -0.00682847 -1.56799
15.438 0.0133303 -0.100313 1.4198 -0.00209812 -0.00684832 -1.56799
15.4393 0.0133428 -0.100183 1.41988 -0.0020981 -0.00686728 -1.56799
15.4518 0.013426 -0.104336 1.42305 -0.00215696 -0.00680498 -1.56799
15.4545 0.0134379 -0.104223 1.42314 -0.00215572 -0.00681856 -1.56798
15.4678 0.0134498 -0.104111 1.42323 -0.00215464 -0.00683011 -1.56798
15.4709 0.0134618 -0.103998 1.42331 -0.00215412 -0.00683982 -1.56798
15.4732 0.0134739 -0.103885 1.4234 -0.00215274 -0.00684667 -1.56798
15.5034 0.013546 -0.107278 1.42651 -0.00220667 -0.00679345 -1.56798
15.5079 0.0135573 -0.107181 1.4266 -0.0022079 -0.00679663 -1.56798
15.508 0.0135687 -0.107084 1.42668 -0.00220918 -0.00679763 -1.56797
15.5112 0.0135801 -0.106987 1.42677 -0.00221088 -0.00679566 -1.56797
15.5142 0.0135917 -0.10689 1.42686 -0.00221362 -0.00679145 -1.56797
15.5175 0.0136032 -0.106793 1.42694 -0.00221696 -0.0067854 -1.56797
15.5205 0.013615 -0.106697 1.42703 -0.00221998 -0.00677804 -1.56797
15.524 0.0136267 -0.1066 1.42711 -0.00222272 -0.00677134 -1.56797
15.5266 0.0136385 -0.106502 1.4272 -0.00222448 -0.00676593 -1.56796
15.5297 0.0136503 -0.106405 1.42728 -0.00222458 -0.0067614 -1.56796
15.5367 0.0137158 -0.109189 1.43029 -0.00227418 -0.00671815 -1.56796
15.5438 0.0137266 -0.109106 1.43038 -0.00227315 -0.0067132 -1.56796
15.5524 0.0137375 -0.109023 1.43047 -0.00227124 -0.00670866 -1.56796
15.5525 0.0137484 -0.108941 1.43055 -0.00226874 -0.00670496 -1.56796
15.5547 0.0137593 -0.108858 1.43064 -0.00226564 -0.00670063 -1.56796
15.5567 0.0137702 -0.108775 1.43072 -0.00226329 -0.00669564 -1.56795
15.5586 0.0137812 -0.108693 1.43081 -0.00226166 -0.00668974 -1.56795
15.5666 0.0137922 -0.10861 1.43089 -0.00225969 -0.00668214 -1.56795
15.5719 0.0138032 -0.108527 1.43098 -0.00225787 -0.00667326 -1.56795
15.5756 0.0138143 -0.108445 1.43106 -0.00225631 -0.00666247 -1.56795
15.5843 0.0138254 -0.108362 1.43114 -0.00225593 -0.00665033 -1.56795
15.5903 0.0138365 -0.108279 1.43123 -0.0022568 -0.00663975 -1.56795
15.5933 0.0138476 -0.108196 1.43131 -0.00225873 -0.00663048 -1.56794
15.5998 0.0138588 -0.108114 1.43139 -0.00226106 -0.00662196 -1.56794
15.6027 0.01387 -0.108031 1.43147 -0.00226311 -0.00661593 -1.56794
15.6048 0.0138813 -0.107948 1.43156 -0.00226559 -0.00661242 -1.56794
15.6097 0.0138925 -0.107865 1.43164 -0.00226705 -0.00664742 -1.56793
15.6135 0.0139038 -0.107781 1.43172 -0.00226801 -0.00668429 -1.56793
15.6167 0.0139151 -0.107698 1.4318 -0.00226966 -0.00668597 -1.56793
15.6224 0.0139265 -0.107616 1.43188 -0.00227171 -0.00668602 -1.56793
15.628 0.0139378 -0.107534 1.43196 -0.00227253 -0.00662775 -1.56793
15.6325 0.0139492 -0.107454 1.43204 -0.00227421 -0.0065664 -1.56793
15.6414 0.0139607 -0.107373 1.43212 -0.00227904 -0.00655547 -1.56793
15.6474 0.0139722 -0.107292 1.4322 -0.00228446 -0.00654345 -1.56792
15.6536 0.0139837 -0.107211 1.43228 -0.00228985 -0.00653714 -1.56792
15.6591 0.0139952 -0.107129 1.43237 -0.00229563 -0.00654035 -1.56792
15.6633 0.0140069 -0.107048 1.43245 -0.00230289 -0.00655285 -1.56792
15.6653 0.0140185 -0.106967 1.43253 -0.00231121 -0.00657114 -1.56792
15.6698 0.0140302 -0.106885 1.43261 -0.0023191 -0.0065929 -1.56791
15.6783 0.014042 -0.106804 1.43268 -0.00232649 -0.00661634 -1.56791
15.6896 0.0140537 -0.106722 1.43276 -0.00233285 -0.0066396 -1.56791
15.6969 0.0140655 -0.10664 1.43284 -0.00233907 -0.00666082 -1.56791
15.697 0.0140773 -0.106559 1.43292 -0.00234581 -0.00667896 -1.56791
15.6999 0.0141023 -0.109155 1.43578 -0.00239787 -0.00666637 -1.56791
15.7045 0.0141131 -0.109087 1.43586 -0.00240315 -0.00667756 -1.56791
15.705 0.0141239 -0.109019 1.43594 -0.00240879 -0.00668552 -1.56791
15.7226 0.0141347 -0.108952 1.43603 -0.00241399 -0.00669039 -1.56791
15.7263 0.0141456 -0.108884 1.43611 -0.0024187 -0.00669283 -1.56791
15.7282 0.0141566 -0.108816 1.43619 -0.00242436 -0.00669297 -1.56791
15.7325 0.0141676 -0.108749 1.43627 -0.00243041 -0.00669145 -1.56791
15.7361 0.0141787 -0.108681 1.43635 -0.00243611 -0.00668917 -1.5679
15.7448 0.0141899 -0.108614 1.43643 -0.0024407 -0.00668631 -1.5679
15.7471 0.0142011 -0.108546 1.43651 -0.00244301 -0.00668394 -1.5679
15.7498 0.0142125 -0.108478 1.43659 -0.00244473 -0.0066804 -1.5679
15.7512 0.0142238 -0.108411 1.43666 -0.00244615 -0.00667548 -1.5679
15.7679 0.0142582 -0.108208 1.4369 -0.00244428 -0.00666462 -1.56789
15.7795 0.0142698 -0.108141 1.43698 -0.00244186 -0.00666165 -1.56789
15.7853 0.0142814 -0.108073 1.43705 -0.00243953 -0.0066573 -1.56789
15.7916 0.0142932 -0.108006 1.43713 -0.00243814 -0.00665122 -1.56789
15.7987 0.014305 -0.107939 1.43721 -0.00243711 -0.00664433 -1.56789
15.7987 0.0143168 -0.107871 1.43728 -0.00243649 -0.00663595 -1.56788
15.7994 0.0143286 -0.107804 1.43736 -0.00243698 -0.00662492 -1.56788
15.8059 0.0143268 -0.109988 1.4402 -0.00248062 -0.00660898 -1.56788
15.8107 0.0143374 -0.109933 1.44028 -0.00248087 -0.00659656 -1.56788
15.8126 0.014348 -0.109878 1.44036 -0.00248086 -0.00658492 -1.56788
15.8189 0.0143587 -0.109823 1.44043 -0.00248112 -0.00657507 -1.56788
15.8227 0.0143695 -0.109768 1.44051 -0.00248137 -0.00656616 -1.56788
15.8381 0.0143803 -0.109714 1.44059 -0.00248081 -0.00655845 -1.56788
15.8442 0.0143912 -0.109659 1.44066 -0.00247941 -0.00655246 -1.56788
15.8446 0.0144022 -0.109604 1.44074 -0.00247773 -0.00654738 -1.56788
15.8523 0.0144355 -0.109434 1.44096 -0.00247241 -0.00667664 -1.56787
15.8564 0.0144467 -0.109376 1.44103 -0.00247136 -0.00671927 -1.56787
15.8666 0.014458 -0.109319 1.44111 -0.00247147 -0.00671259 -1.56787
15.8678 0.0144693 -0.109262 1.44118 -0.00247121 -0.00670241 -1.56787
15.8704 0.0144808 -0.109206 1.44125 -0.00246997 -0.006687 -1.56787
15.8751 0.0144923 -0.109151 1.44133 -0.00246959 -0.00666495 -1.56787
15.8829 0.0145039 -0.109097 1.4414 -0.00247265 -0.00660572 -1.56786
15.8935 0.0145156 -0.109043 1.44147 -0.002478 -0.00653955 -1.56786
15.8976 0.0145273 -0.108989 1.44154 -0.00248295 -0.00650019 -1.56786
15.9041 0.0145391 -0.108934 1.44162 -0.00248809 -0.00646422 -1.56786
15.9056 0.014551 -0.10888 1.44169 -0.0024938 -0.00643467 -1.56786
15.9109 0.0145629 -0.108825 1.44176 -0.00249913 -0.00641273 -1.56786
15.9134 0.0145748 -0.108771 1.44183 -0.00250345 -0.00640102 -1.56786
15.9198 0.0145869 -0.108716 1.4419 -0.00250629 -0.00639899 -1.56786
15.9243 0.014599 -0.108662 1.44198 -0.00250848 -0.00640325 -1.56786
15.9296 0.0146112 -0.108607 1.44205 -0.00251033 -0.00641264 -1.56786
15.9314 0.0146234 -0.108553 1.44212 -0.0025124 -0.00642529 -1.56786
15.9381 0.0146357 -0.108498 1.44219 -0.00251426 -0.00643983 -1.56786
15.9398 0.0146481 -0.108444 1.44226 -0.00251492 -0.00645496 -1.56785
15.9487 0.0146605 -0.10839 1.44233 -0.0025148 -0.00646921 -1.56785
15.9497 0.014673 -0.108336 1.4424 -0.00251374 -0.00648156 -1.56785
15.9556 0.0146856 -0.108282 1.44247 -0.00251184 -0.00649187 -1.56785
15.9704 0.0146983 -0.108228 1.44254 -0.00250961 -0.00650028 -1.56785
15.9704 0.014711 -0.108174 1.44262 -0.00250791 -0.00650645 -1.56785
15.9749 0.0147238 -0.10812 1.44269 -0.00250667 -0.00651036 -1.56785
15.9798 0.0147367 -0.108066 1.44276 -0.00250564 -0.00651106 -1.56785
15.98 0.0147496 -0.108012 1.44282 -0.0025046 -0.00650955 -1.56784
15.9879 0.0147626 -0.107959 1.44289 -0.00250338 -0.00650667 -1.56784
15.9951 0.0147757 -0.107905 1.44296 -0.00250213 -0.00650279 -1.56784
15.9981 0.0147888 -0.107851 1.44303 -0.00250062 -0.00649913 -1.56784
16 0.014802 -0.107798 1.4431 -0.0024984 -0.00649537 -1.56784
16.0067 0.0148151 -0.107744 1.44317 -0.00249607 -0.00649208 -1.56784
16.0105 0.0148283 -0.107691 1.44324 -0.00249369 -0.00649061 -1.56784
16.0154 0.0148416 -0.107637 1.4433 -0.00249113 -0.00649148 -1.56783
16.0186 0.0148549 -0.107584 1.44337 -0.00248856 -0.00649381 -1.56783
16.0245 0.0148683 -0.107531 1.44344 -0.00248637 -0.00649658 -1.56783
16.0332 0.0148818 -0.107478 1.4435 -0.00248449 -0.00649927 -1.56783
16.0374 0.0148953 -0.107424 1.44357 -0.00248263 -0.00650191 -1.56783
16.045 0.0149088 -0.107371 1.44364 -0.00248185 -0.00650378 -1.56783
16.0475 0.0149224 -0.107318 1.4437 -0.00248263 -0.00650404 -1.56783
16.0527 0.0149361 -0.107265 1.44377 -0.00248409 -0.00650315 -1.56782
16.0558 0.0149498 -0.107213 1.44383 -0.00248605 -0.00650054 -1.56782
16.0721 0.0149636 -0.10716 1.4439 -0.00248831 -0.00649653 -1.56782
16.0805 0.0149775 -0.107107 1.44396 -0.00249078 -0.00649184 -1.56782
16.0943 0.0149917 -0.107054 1.44402 -0.0024934 -0.00648628 -1.56782
16.1005 0.0149069 -0.109318 1.44672 -0.0025336 -0.00649056 -1.56781
16.1115 0.0149193 -0.109277 1.44678 -0.002536 -0.00648454 -1.56781
16.1137 0.0149317 -0.109237 1.44685 -0.00253754 -0.00647983 -1.56781
16.1166 0.0149442 -0.109196 1.44691 -0.00253725 -0.00647676 -1.56781
16.1224 0.0149819 -0.109075 1.4471 -0.00252942 -0.00647297 -1.5678
16.126 0.0149946 -0.109035 1.44717 -0.00252552 -0.00647268 -1.5678
16.1322 0.0150073 -0.108995 1.44723 -0.00252183 -0.00647123 -1.5678
16.1342 0.0150201 -0.108955 1.44729 -0.00251853 -0.00646931 -1.5678
16.1423 0.0150329 -0.108915 1.44736 -0.0025161 -0.00646614 -1.5678
16.1493 0.0150458 -0.108875 1.44742 -0.00251542 -0.00646053 -1.56779
16.1561 0.0150588 -0.108835 1.44748 -0.00251487 -0.00645285 -1.56779
16.1581 0.0150718 -0.108796 1.44754 -0.00251427 -0.00644415 -1.56779
16.1635 0.015085 -0.108756 1.4476 -0.0025143 -0.00643665 -1.56779
16.1661 0.0150981 -0.108717 1.44767 -0.00251317 -0.00643037 -1.56779
16.1821 0.0151114 -0.108677 1.44773 -0.00251251 -0.00642534 -1.56778
16.1821 0.0151247 -0.108638 1.44779 -0.00251274 -0.00642204 -1.56778
16.1846 0.015138 -0.108599 1.44785 -0.00251282 -0.0064208 -1.56778
16.1865 0.0151514 -0.10856 1.44791 -0.00251286 -0.00642115 -1.56778
16.1941 0.0151648 -0.108521 1.44797 -0.00251417 -0.00642159 -1.56778
16.1991 0.0151782 -0.108482 1.44803 -0.00251606 -0.00642239 -1.56777
16.2008 0.0151917 -0.108443 1.44809 -0.00251859 -0.00642329 -1.56777
16.211 0.0152053 -0.108404 1.44815 -0.00252258 -0.00642383 -1.56777
16.2149 0.0152189 -0.108367 1.44821 -0.00252687 -0.00642407 -1.56777
16.2162 0.0152325 -0.108329 1.44827 -0.00253192 -0.0064239 -1.56777
16.2271 0.0152462 -0.10829 1.44833 -0.00253746 -0.00642346 -1.56777
16.2345 0.0151974 -0.11046 1.45072 -0.00258434 -0.00643157 -1.56777
16.2433 0.0152099 -0.110433 1.45078 -0.00259031 -0.00643105 -1.56777
16.248 0.0152225 -0.110406 1.45084 -0.00259592 -0.00643138 -1.56776
16.2482 0.0152351 -0.110379 1.4509 -0.00260091 -0.00643299 -1.56776
16.2514 0.0152478 -0.110352 1.45096 -0.00260517 -0.00643529 -1.56776
16.2557 0.0152606 -0.110326 1.45102 -0.00260899 -0.00643812 -1.56776
16.2644 0.0152733 -0.110299 1.45108 -0.00261245 -0.00644072 -1.56776
16.2669 0.0152861 -0.110272 1.45114 -0.0026163 -0.0064429 -1.56776
16.2699 0.015299 -0.110246 1.4512 -0.00262018 -0.00644414 -1.56776
16.2712 0.015312 -0.11022 1.45125 -0.00262415 -0.00644456 -1.56775
16.2796 0.0152517 -0.111885 1.45353 -0.00266743 -0.00647701 -1.56775
16.2817 0.0152635 -0.111869 1.45359 -0.00267308 -0.00647541 -1.56775
16.2888 0.0152753 -0.111853 1.45365 -0.00267759 -0.00647297 -1.56775
16.2955 0.0152873 -0.111837 1.45371 -0.00268213 -0.00647067 -1.56775
16.2998 0.0152992 -0.111821 1.45377 -0.00268667 -0.006468 -1.56775
16.3041 0.0153112 -0.111805 1.45383 -0.00269079 -0.00646535 -1.56775
16.3082 0.0153233 -0.11179 1.45388 -0.00269427 -0.00646359 -1.56774
16.312 0.0153355 -0.111774 1.45394 -0.00269613 -0.00646277 -1.56774
16.3184 0.0153477 -0.111759 1.454 -0.0026968 -0.00646295 -1.56774
16.3185 0.0153599 -0.111743 1.45406 -0.00269706 -0.00646387 -1.56774
16.3502 0.0153722 -0.111728 1.45411 -0.00269621 -0.00646504 -1.56774
16.3509 0.0153846 -0.111713 1.45417 -0.00269404 -0.00646573 -1.56774
16.3545 0.015397 -0.111698 1.45423 -0.00269245 -0.0064663 -1.56773
16.3641 0.0154094 -0.111684 1.45428 -0.00269121 -0.00646615 -1.56773
16.3739 0.015422 -0.111669 1.45434 -0.00269017 -0.00646498 -1.56773
16.3775 0.0154346 -0.111654 1.4544 -0.00269015 -0.00646317 -1.56773
16.3803 0.0154474 -0.11164 1.45445 -0.00269111 -0.00645977 -1.56773
16.3854 0.0154602 -0.111626 1.45451 -0.00269256 -0.00645571 -1.56772
16.3902 0.015473 -0.111611 1.45456 -0.00269321 -0.00645172 -1.56772
16.3937 0.015486 -0.111597 1.45462 -0.00269326 -0.0064468 -1.56772
16.3992 0.0154991 -0.111584 1.45467 -0.0026943 -0.00644161 -1.56772
16.4016 0.0155122 -0.11157 1.45473 -0.00269488 -0.00643667 -1.56772
16.4064 0.0155254 -0.111556 1.45478 -0.00269438 -0.00643229 -1.56772
16.4138 0.0155387 -0.111543 1.45484 -0.00269352 -0.00642928 -1.56771
16.418 0.015552 -0.11153 1.45489 -0.00269164 -0.00642739 -1.56771
16.4265 0.0155653 -0.111516 1.45494 -0.00268938 -0.00642634 -1.56771
16.4293 0.0155787 -0.111503 1.455 -0.00268711 -0.00642638 -1.56771
16.4369 0.0155922 -0.111491 1.45505 -0.00268468 -0.00642651 -1.5677
16.4385 0.0156057 -0.111478 1.4551 -0.00268305 -0.00642681 -1.5677
16.445 0.0156193 -0.111465 1.45516 -0.00268198 -0.0064274 -1.5677
16.4493 0.0156329 -0.111453 1.45521 -0.00268095 -0.00642809 -1.5677
16.4511 0.0156466 -0.11144 1.45526 -0.00268005 -0.00642923 -1.5677
16.4551 0.0156603 -0.111428 1.45531 -0.00267954 -0.00642964 -1.56769
16.4635 0.0156741 -0.111416 1.45537 -0.00268031 -0.00642894 -1.56769
16.4653 0.015688 -0.111404 1.45542 -0.0026808 -0.00642751 -1.56769
16.4688 0.015702 -0.111392 1.45547 -0.00268085 -0.00642555 -1.56769
16.4736 0.015716 -0.11138 1.45552 -0.00268175 -0.00642413 -1.56769
16.48 0.0157301 -0.111368 1.45557 -0.00268219 -0.00642234 -1.56769
16.4884 0.0157443 -0.111357 1.45562 -0.00268205 -0.00641965 -1.56769
16.4917 0.0157585 -0.111346 1.45567 -0.0026825 -0.00641744 -1.56768
16.494 0.0157728 -0.111334 1.45573 -0.00268201 -0.00641468 -1.56768
16.4993 0.0157871 -0.111323 1.45578 -0.00268095 -0.00641082 -1.56768
16.502 0.0158015 -0.111312 1.45583 -0.00268107 -0.00640666 -1.56768
16.5072 0.015816 -0.111301 1.45588 -0.00268188 -0.00640303 -1.56768
16.5159 0.0158305 -0.111291 1.45593 -0.00268231 -0.00639974 -1.56768
16.5216 0.0158451 -0.11128 1.45598 -0.00268278 -0.00639675 -1.56767
16.5247 0.0158597 -0.11127 1.45603 -0.00268405 -0.00639469 -1.56767
16.5333 0.0158745 -0.11126 1.45608 -0.00268564 -0.00639322 -1.56767
16.5334 0.0158894 -0.11125 1.45613 -0.0026886 -0.00639183 -1.56767
16.5498 0.0159043 -0.11124 1.45618 -0.00269283 -0.00639161 -1.56767
16.5513 0.0159193 -0.11123 1.45623 -0.00269756 -0.00639202 -1.56767
16.5521 0.0159343 -0.11122 1.45628 -0.00270175 -0.00639138 -1.56766
16.5572 0.0159493 -0.111211 1.45633 -0.00270574 -0.00639054 -1.56766
16.5633 0.0159644 -0.111201 1.45638 -0.00271013 -0.0063901 -1.56766
16.5644 0.0159796 -0.111192 1.45643 -0.00271427 -0.00638981 -1.56766
16.5663 0.0159948 -0.111183 1.45647 -0.00271874 -0.00638985 -1.56766
16.5957 0.0159367 -0.112991 1.45859 -0.00276515 -0.00642687 -1.56766
16.5959 0.0159511 -0.112992 1.45864 -0.00277075 -0.00642676 -1.56766
16.5972 0.0159655 -0.112993 1.45869 -0.00277483 -0.0064259 -1.56766
16.5973 0.0159799 -0.112994 1.45874 -0.00277845 -0.00642451 -1.56765
16.6069 0.0159945 -0.112995 1.45879 -0.00278329 -0.0064225 -1.56765
16.6085 0.0160091 -0.112996 1.45884 -0.00278795 -0.00642102 -1.56765
16.6126 0.0160238 -0.112997 1.45889 -0.00279185 -0.00641981 -1.56765
16.6177 0.0160391 -0.112999 1.45894 -0.00279561 -0.00641892 -1.56765
16.6313 0.0159463 -0.114299 1.46099 -0.00283746 -0.00648004 -1.56765
16.6347 0.0159599 -0.114309 1.46104 -0.00284034 -0.00647901 -1.56765
16.6385 0.0159736 -0.114319 1.46109 -0.00284296 -0.00647857 -1.56764
16.6386 0.0159873 -0.114329 1.46114 -0.00284522 -0.00647732 -1.56764
16.6487 0.0160011 -0.114339 1.46119 -0.00284696 -0.00647523 -1.56764
16.6493 0.016015 -0.114349 1.46124 -0.00284875 -0.00647403 -1.56764
16.6527 0.016029 -0.114359 1.46129 -0.00285012 -0.00647254 -1.56764
16.6533 0.0160431 -0.11437 1.46134 -0.0028505 -0.00647062 -1.56764
16.6592 0.0160572 -0.114381 1.46139 -0.00285146 -0.00646945 -1.56764
16.6662 0.0160714 -0.114392 1.46143 -0.00285286 -0.00646756 -1.56763
16.6698 0.0160857 -0.114403 1.46148 -0.00285311 -0.00646442 -1.56763
16.6705 0.0161 -0.114414 1.46153 -0.00285347 -0.0064607 -1.56763
16.6802 0.0161145 -0.114425 1.46158 -0.00285388 -0.00645701 -1.56763
16.6846 0.016129 -0.114437 1.46163 -0.00285406 -0.00645295 -1.56763
16.6911 0.0161435 -0.114449 1.46167 -0.00285453 -0.00644911 -1.56763
16.6918 0.0161582 -0.114461 1.46172 -0.00285451 -0.00644536 -1.56763
16.701 0.0161728 -0.114473 1.46177 -0.00285288 -0.00644136 -1.56762
16.7097 0.0161876 -0.114485 1.46182 -0.00285021 -0.00643762 -1.56762
16.7099 0.0162025 -0.114497 1.46186 -0.00284735 -0.00643424 -1.56762
16.7127 0.0162174 -0.11451 1.46191 -0.00284397 -0.00643113 -1.56762
16.7217 0.0162325 -0.114523 1.46196 -0.00283966 -0.00642874 -1.56762
16.7308 0.0162475 -0.114536 1.462 -0.00283527 -0.00642725 -1.56762
16.7388 0.0162627 -0.114549 1.46205 -0.00283158 -0.00642507 -1.56761
16.7395 0.0162779 -0.114562 1.46209 -0.00282866 -0.00642265 -1.56761
16.7454 0.0162932 -0.114575 1.46214 -0.00282567 -0.00642094 -1.56761
16.7535 0.0163085 -0.114589 1.46218 -0.00282239 -0.00641934 -1.56761
16.755 0.0163239 -0.114602 1.46223 -0.00281883 -0.00641745 -1.56761
16.7594 0.0163393 -0.114616 1.46227 -0.00281505 -0.00641564 -1.56761
16.7628 0.0163548 -0.11463 1.46232 -0.00281117 -0.00641306 -1.56761
16.7664 0.0163704 -0.114645 1.46236 -0.00280671 -0.0064102 -1.56761
16.7694 0.016386 -0.114659 1.46241 -0.0028025 -0.00640752 -1.5676
16.7745 0.0164018 -0.114674 1.46245 -0.00279874 -0.00640444 -1.5676
16.7797 0.0164175 -0.114688 1.4625 -0.0027954 -0.00640194 -1.5676
16.7856 0.0164334 -0.114703 1.46254 -0.0027929 -0.00640046 -1.5676
16.7925 0.0164493 -0.114718 1.46259 -0.00279081 -0.00639927 -1.5676
16.7961 0.0164653 -0.114733 1.46263 -0.00278961 -0.00639797 -1.56759
16.8008 0.0164813 -0.114749 1.46267 -0.00278912 -0.00639697 -1.56759
16.827 0.0164263 -0.116007 1.4646 -0.0028315 -0.00646664 -1.56759
16.8286 0.0164414 -0.11603 1.46465 -0.00283104 -0.00646666 -1.56759
16.8291 0.0164567 -0.116053 1.46469 -0.00283075 -0.00646616 -1.56758
16.8329 0.0164719 -0.116076 1.46474 -0.00283069 -0.0064661 -1.56758
16.8329 0.0164873 -0.1161 1.46478 -0.00283083 -0.00646631 -1.56758
16.8368 0.0165026 -0.116124 1.46483 -0.00283067 -0.00646572 -1.56758
16.8379 0.0165181 -0.116148 1.46487 -0.00283064 -0.00646509 -1.56758
16.8428 0.0165335 -0.116172 1.46491 -0.00283099 -0.00646431 -1.56757
16.8473 0.016549 -0.116197 1.46496 -0.00283158 -0.00646313 -1.56757
16.8775 0.0165428 -0.117228 1.4667 -0.00287915 -0.00653632 -1.56757
16.8776 0.0165578 -0.11726 1.46674 -0.00287956 -0.00653609 -1.56757
16.8776 0.0165729 -0.117292 1.46679 -0.00287959 -0.00653526 -1.56757
16.8776 0.016588 -0.117324 1.46683 -0.00288018 -0.00653375 -1.56757
16.896 0.0166034 -0.117356 1.46688 -0.00287987 -0.00653239 -1.56757
16.8984 0.0165671 -0.117992 1.46862 -0.00292504 -0.00663359 -1.56756
16.9026 0.0165815 -0.11803 1.46866 -0.00292472 -0.00663107 -1.56756
16.9074 0.0165959 -0.118068 1.46871 -0.00292461 -0.0066285 -1.56756
16.9078 0.0166104 -0.118106 1.46875 -0.00292394 -0.00662574 -1.56756
16.9089 0.016625 -0.118145 1.4688 -0.00292344 -0.0066228 -1.56756
16.9126 0.0166397 -0.118183 1.46884 -0.0029235 -0.00661964 -1.56756
16.9202 0.0166545 -0.118222 1.46889 -0.00292267 -0.00661596 -1.56756
16.9219 0.0166694 -0.118261 1.46893 -0.00292153 -0.00661138 -1.56755
16.9289 0.0166843 -0.118301 1.46898 -0.00292071 -0.00660614 -1.56755
16.9437 0.0166992 -0.11834 1.46902 -0.00292029 -0.00660104 -1.56755
16.9593 0.0167022 -0.118829 1.47052 -0.00296778 -0.00669803 -1.56755
16.9593 0.0167167 -0.118874 1.47057 -0.00296606 -0.00669134 -1.56755
16.9593 0.0167312 -0.118919 1.47061 -0.00296471 -0.00668525 -1.56755
16.9593 0.0167459 -0.118964 1.47066 -0.00296337 -0.00667958 -1.56755
16.9654 0.0167606 -0.119009 1.4707 -0.00296248 -0.00667359 -1.56755
16.9682 0.0167753 -0.119054 1.47075 -0.00296121 -0.00666784 -1.56754
16.9761 0.01679 -0.1191 1.47079 -0.00296043 -0.00666327 -1.56754
16.9824 0.0168048 -0.119146 1.47084 -0.00296119 -0.0066596 -1.56754
16.994 0.0168197 -0.119192 1.47088 -0.00296173 -0.00665651 -1.56754
16.9941 0.0168346 -0.119238 1.47093 -0.00296281 -0.00665374 -1.56754
17.0021 0.0168496 -0.119285 1.47097 -0.00296402 -0.006652 -1.56754
17.0046 0.0168646 -0.119331 1.47101 -0.00296483 -0.00665146 -1.56753
17.0137 0.0168797 -0.119378 1.47106 -0.00296652 -0.00665027 -1.56753
17.0138 0.0168949 -0.119426 1.4711 -0.00296829 -0.00664932 -1.56753
17.0188 0.0169102 -0.119473 1.47114 -0.00297065 -0.00664855 -1.56753
17.0276 0.0169255 -0.119521 1.47119 -0.00297382 -0.00664649 -1.56753
17.0296 0.0169409 -0.119569 1.47123 -0.002977 -0.00664458 -1.56753
17.0322 0.0169563 -0.119617 1.47127 -0.00298 -0.00664302 -1.56753
17.0386 0.0169717 -0.119666 1.47132 -0.00298276 -0.00664081 -1.56753
17.0439 0.0169872 -0.119715 1.47136 -0.00298473 -0.00663881 -1.56752
17.0449 0.0170028 -0.119764 1.4714 -0.00298643 -0.00663664 -1.56752
17.0494 0.0170184 -0.119813 1.47144 -0.00298755 -0.00663532 -1.56752
17.055 0.017034 -0.119862 1.47148 -0.00298775 -0.00663407 -1.56752
17.057 0.0170497 -0.119912 1.47153 -0.00298798 -0.00663228 -1.56752
17.0631 0.0170653 -0.119962 1.47157 -0.00298862 -0.00663123 -1.56752
17.0733 0.017081 -0.120012 1.47161 -0.00298914 -0.00662943 -1.56752
17.0756 0.0170968 -0.120063 1.47165 -0.00298909 -0.00662704 -1.56751
17.0875 0.0171146 -0.12045 1.47307 -0.00304178 -0.00673769 -1.56751
17.0952 0.0171301 -0.120505 1.47311 -0.00304102 -0.00673538 -1.56751
17.0968 0.0171457 -0.120561 1.47315 -0.00303997 -0.00673282 -1.56751
17.0981 0.0171614 -0.120616 1.47319 -0.00303953 -0.00672959 -1.56751
17.1029 0.017177 -0.120672 1.47323 -0.00303911 -0.00672504 -1.56751
17.1087 0.0171928 -0.120728 1.47327 -0.00303779 -0.0067206 -1.56751
17.117 0.0172085 -0.120785 1.47332 -0.00303648 -0.00671654 -1.56751
17.1202 0.0172244 -0.120841 1.47336 -0.00303529 -0.00671154 -1.5675
17.133 0.0172403 -0.120898 1.4734 -0.00303429 -0.00670614 -1.5675
17.1331 0.0172563 -0.120955 1.47344 -0.00303297 -0.00670224 -1.5675
17.1339 0.0172724 -0.121012 1.47348 -0.00303138 -0.00669837 -1.5675
17.1393 0.0172885 -0.12107 1.47352 -0.00303109 -0.00669428 -1.5675
17.1438 0.0173046 -0.121127 1.47356 -0.00303091 -0.00669046 -1.5675
17.1467 0.0173208 -0.121186 1.4736 -0.00303044 -0.00668656 -1.5675
17.1656 0.0173862 -0.12142 1.47376 -0.00302791 -0.00667037 -1.5675
17.1676 0.0174027 -0.121479 1.4738 -0.00302654 -0.00666623 -1.56749
17.1706 0.0174192 -0.121539 1.47384 -0.00302498 -0.00666251 -1.56749
17.1789 0.0174358 -0.121598 1.47388 -0.00302344 -0.00669796 -1.56749
17.1829 0.0174525 -0.121656 1.47391 -0.00302207 -0.00673375 -1.56749
17.1988 0.0174692 -0.121716 1.47395 -0.00302056 -0.00673013 -1.56749
17.2013 0.017486 -0.121777 1.47399 -0.00301904 -0.00672573 -1.56749
17.208 0.0175029 -0.121839 1.47403 -0.00301736 -0.00671893 -1.56749
17.2177 0.0175709 -0.122089 1.47418 -0.00300681 -0.00668235 -1.56748
17.2214 0.017588 -0.122152 1.47422 -0.00300512 -0.00667713 -1.56748
17.2275 0.0176052 -0.122216 1.47426 -0.00300479 -0.0066817 -1.56748
17.2348 0.0176224 -0.122279 1.4743 -0.00300424 -0.00669734 -1.56748
17.237 0.0176396 -0.122343 1.47434 -0.00300434 -0.00672115 -1.56747
17.2521 0.0176737 -0.122692 1.47562 -0.00306131 -0.00686738 -1.56747
17.2546 0.0176908 -0.12276 1.47566 -0.00306178 -0.00689692 -1.56747
17.2566 0.017708 -0.122829 1.4757 -0.00306246 -0.00692527 -1.56747
17.262 0.0177252 -0.122897 1.47574 -0.0030639 -0.00695154 -1.56747
17.2738 0.0177426 -0.122966 1.47578 -0.00306674 -0.00697467 -1.56747
17.2792 0.0177601 -0.123036 1.47582 -0.00307029 -0.00699327 -1.56747
17.2818 0.0177777 -0.123105 1.47586 -0.00307399 -0.00700643 -1.56747
17.2842 0.0177952 -0.123175 1.4759 -0.00307833 -0.00701502 -1.56746
17.2889 0.0178129 -0.123245 1.47594 -0.00308324 -0.00702023 -1.56746
17.2932 0.0178305 -0.123315 1.47598 -0.00308753 -0.00702282 -1.56746
17.2974 0.0178483 -0.123386 1.47602 -0.00309129 -0.00702253 -1.56746
17.3011 0.017866 -0.123456 1.47606 -0.00309502 -0.00702054 -1.56746
17.3082 0.0178839 -0.123527 1.4761 -0.00309839 -0.00701793 -1.56746
17.3123 0.0179018 -0.123599 1.47614 -0.0031009 -0.00701473 -1.56746
17.3187 0.0179197 -0.12367 1.47618 -0.00310185 -0.00701075 -1.56746
17.3242 0.0179377 -0.123742 1.47621 -0.00310146 -0.00700625 -1.56746
17.334 0.0179557 -0.123813 1.47625 -0.00310013 -0.00700235 -1.56746
17.3341 0.0179738 -0.123886 1.47629 -0.00309714 -0.0069988 -1.56745
17.3368 0.0179919 -0.123958 1.47633 -0.00309256 -0.00699571 -1.56745
17.3437 0.0180102 -0.12403 1.47637 -0.00308763 -0.00699226 -1.56745
17.3482 0.0180284 -0.124103 1.4764 -0.00308299 -0.00698788 -1.56745
17.353 0.0180468 -0.124176 1.47644 -0.00307794 -0.00698297 -1.56745
17.3618 0.0180652 -0.12425 1.47648 -0.00307299 -0.00697745 -1.56745
17.3683 0.0180837 -0.124322 1.47652 -0.00306811 -0.00701212 -1.56745
17.3733 0.0181021 -0.124395 1.47655 -0.00306377 -0.00704558 -1.56744
17.3827 0.0181206 -0.124469 1.47659 -0.00306057 -0.00703686 -1.56744
17.3839 0.0181392 -0.124543 1.47663 -0.00305857 -0.0070256 -1.56744
17.3841 0.0181578 -0.124619 1.47666 -0.00305787 -0.00696914 -1.56744
17.388 0.0181765 -0.124696 1.4767 -0.00305637 -0.00690789 -1.56744
17.3925 0.0181953 -0.124773 1.47673 -0.00305522 -0.00688548 -1.56744
17.399 0.0182142 -0.124849 1.47677 -0.00305518 -0.00686546 -1.56744
17.4058 0.0182331 -0.124926 1.47681 -0.00305453 -0.00685186 -1.56743
17.4088 0.018252 -0.125002 1.47684 -0.00305381 -0.00684707 -1.56743
17.4132 0.018271 -0.125079 1.47688 -0.00305353 -0.00684992 -1.56743
17.4206 0.01829 -0.125156 1.47691 -0.00305339 -0.00685828 -1.56743
17.4223 0.0183091 -0.125234 1.47695 -0.00305269 -0.00687135 -1.56743
17.4283 0.0183282 -0.125311 1.47698 -0.0030516 -0.00688698 -1.56743
17.4326 0.0183473 -0.125389 1.47702 -0.00305077 -0.00690234 -1.56743
17.4354 0.0183665 -0.125466 1.47706 -0.00305059 -0.00691584 -1.56742
17.4419 0.0183858 -0.125545 1.47709 -0.00305017 -0.0069273 -1.56742
17.4533 0.0184051 -0.125623 1.47713 -0.00304922 -0.00693622 -1.56742
17.4535 0.0184245 -0.125702 1.47716 -0.00304798 -0.00694143 -1.56742
17.4596 0.0184438 -0.12578 1.4772 -0.00304595 -0.00694375 -1.56742
17.4759 0.0184633 -0.12586 1.47723 -0.00304469 -0.00694357 -1.56742
17.4762 0.0184828 -0.125939 1.47727 -0.00304332 -0.00694011 -1.56742
17.4782 0.0185025 -0.126019 1.4773 -0.00304146 -0.00693448 -1.56742
17.4817 0.0185221 -0.126098 1.47734 -0.00304053 -0.00692788 -1.56742
17.4863 0.0185419 -0.126178 1.47737 -0.00303915 -0.00695878 -1.56741
17.4864 0.0185617 -0.126257 1.47741 -0.00303706 -0.00698955 -1.56741
17.4948 0.0185816 -0.126337 1.47744 -0.00303534 -0.00698287 -1.56741
17.4973 0.0186016 -0.126419 1.47747 -0.00303409 -0.00697485 -1.56741
17.501 0.0186217 -0.126501 1.47751 -0.00303331 -0.00691978 -1.56741
17.5079 0.0186419 -0.126584 1.47754 -0.00303264 -0.00686256 -1.56741
17.5128 0.0186621 -0.126668 1.47757 -0.00303193 -0.00684889 -1.5674
17.5226 0.0186823 -0.12675 1.47761 -0.00303127 -0.00683733 -1.5674
17.5273 0.0187025 -0.126833 1.47764 -0.00303047 -0.0068304 -1.5674
17.5279 0.0187228 -0.126917 1.47767 -0.00302972 -0.00683004 -1.5674
17.5327 0.0187431 -0.127 1.47771 -0.00302821 -0.00683584 -1.5674
17.5386 0.0187635 -0.127084 1.47774 -0.003026 -0.00684603 -1.5674
17.543 0.0187839 -0.127168 1.47777 -0.0030223 -0.00685859 -1.56739
17.5434 0.0188043 -0.127252 1.4778 -0.00301753 -0.00687162 -1.56739
17.5468 0.0188248 -0.127336 1.47784 -0.00301303 -0.00688363 -1.56739
17.5505 0.0188454 -0.127421 1.47787 -0.0030083 -0.0068931 -1.56739
17.5558 0.018866 -0.127506 1.4779 -0.00300357 -0.00689878 -1.56738
17.564 0.0188866 -0.127591 1.47793 -0.00299896 -0.0069014 -1.56738
17.5644 0.0189073 -0.127676 1.47797 -0.00299454 -0.00690234 -1.56738
17.5711 0.018928 -0.127762 1.478 -0.00299054 -0.00690135 -1.56738
17.5773 0.0189488 -0.127848 1.47803 -0.00298794 -0.00689755 -1.56738
17.5794 0.0189697 -0.127934 1.47806 -0.00298686 -0.00689122 -1.56738
17.5828 0.0189905 -0.128019 1.47809 -0.0029863 -0.00692564 -1.56737
17.5857 0.0190114 -0.128105 1.47813 -0.00298626 -0.00695835 -1.56737
17.6037 0.0190324 -0.128191 1.47816 -0.00298577 -0.00694672 -1.56737
17.6081 0.0190534 -0.128279 1.47819 -0.00298533 -0.00693191 -1.56737
17.6132 0.0190745 -0.128368 1.47822 -0.00298705 -0.00687859 -1.56737
17.6149 0.0190957 -0.128458 1.47825 -0.00298904 -0.00681971 -1.56737
17.628 0.0191169 -0.128547 1.47828 -0.00299006 -0.00679148 -1.56737
17.628 0.0191382 -0.128636 1.47831 -0.0029911 -0.00676687 -1.56737
17.6307 0.0191595 -0.128726 1.47834 -0.00299209 -0.00675038 -1.56736
17.6391 0.0191804 -0.128817 1.47837 -0.00299278 -0.00674249 -1.56736
17.6429 0.0192018 -0.128907 1.4784 -0.0029936 -0.006741 -1.56736
17.6514 0.0192232 -0.128997 1.47843 -0.00299519 -0.00674547 -1.56736
17.6567 0.0192447 -0.129087 1.47846 -0.00299692 -0.00675481 -1.56736
17.6567 0.0192662 -0.129178 1.47849 -0.00299798 -0.00676586 -1.56735
17.664 0.0193002 -0.129641 1.47968 -0.0030545 -0.00689344 -1.56735
17.7364 0.0194162 -0.130654 1.48214 -0.00315289 -0.00716868 -1.56733
17.7414 0.019437 -0.130773 1.48217 -0.00315026 -0.00715698 -1.56733
17.7427 0.0194579 -0.130893 1.48221 -0.00314835 -0.00714522 -1.56733
17.7459 0.0194788 -0.131014 1.48224 -0.00314726 -0.00712886 -1.56733
17.7478 0.0194997 -0.131136 1.48228 -0.0031479 -0.00707572 -1.56733
17.762 0.0195206 -0.13126 1.48231 -0.00314853 -0.00701827 -1.56733
17.7641 0.0195415 -0.131382 1.48235 -0.00314757 -0.00699172 -1.56733
17.7695 0.019511 -0.131188 1.48328 -0.00321049 -0.00712661 -1.56733
17.7724 0.0195318 -0.131312 1.48332 -0.0032115 -0.00711115 -1.56732
17.7791 0.0195525 -0.131436 1.48335 -0.00321259 -0.00710265 -1.56732
17.7841 0.0195734 -0.13156 1.48339 -0.00321635 -0.00710021 -1.56732
17.7873 0.0195943 -0.131685 1.48342 -0.00322099 -0.00710268 -1.56732
17.7988 0.0196151 -0.13181 1.48346 -0.003226 -0.00710763 -1.56732
17.8045 0.0196361 -0.131935 1.48349 -0.00323187 -0.00711388 -1.56732
17.806 0.019657 -0.132061 1.48353 -0.00323745 -0.00712129 -1.56732
17.8121 0.0196781 -0.132187 1.48356 -0.00324313 -0.00712815 -1.56731
17.8135 0.0196991 -0.132313 1.4836 -0.0032483 -0.00713268 -1.56731
17.8183 0.0197203 -0.132439 1.48363 -0.00325253 -0.00713385 -1.56731
17.8219 0.0197414 -0.132566 1.48367 -0.00325656 -0.00713195 -1.56731
17.8254 0.0197626 -0.132693 1.4837 -0.00326107 -0.00712782 -1.56731
17.8297 0.0197839 -0.132821 1.48374 -0.00326646 -0.00712118 -1.56731
17.8384 0.0198052 -0.132949 1.48377 -0.00327133 -0.00711363 -1.5673
17.8447 0.0198266 -0.133077 1.4838 -0.00327546 -0.0071066 -1.5673
17.8465 0.0198481 -0.133205 1.48384 -0.00327871 -0.00709894 -1.5673
17.8551 0.0198696 -0.133334 1.48387 -0.00328032 -0.00709089 -1.5673
17.8629 0.0198912 -0.133463 1.4839 -0.00328062 -0.00708272 -1.5673
17.8685 0.0199128 -0.133592 1.48394 -0.00327991 -0.00707522 -1.5673
17.8696 0.0199345 -0.133722 1.48397 -0.0032781 -0.00706853 -1.5673
17.8738 0.0199563 -0.133852 1.484 -0.00327532 -0.00706141 -1.5673
17.8794 0.0199781 -0.133982 1.48403 -0.0032706 -0.00705474 -1.56729
17.9001 0.0199478 -0.133617 1.48489 -0.00332953 -0.00721227 -1.56729
17.9037 0.0199694 -0.133749 1.48492 -0.00332558 -0.0072043 -1.56729
17.9054 0.019991 -0.13388 1.48495 -0.00332262 -0.00719618 -1.56729
17.9073 0.0200126 -0.134012 1.48498 -0.0033201 -0.00718737 -1.56729
17.9168 0.0200343 -0.134144 1.48502 -0.00331932 -0.00717799 -1.56729
17.9215 0.020056 -0.134277 1.48505 -0.00331899 -0.0071691 -1.56728
17.9241 0.0200778 -0.13441 1.48508 -0.00331914 -0.00716087 -1.56728
17.9279 0.0200996 -0.134543 1.48511 -0.00332029 -0.00715269 -1.56728
17.9318 0.0201214 -0.134677 1.48514 -0.00332139 -0.00714471 -1.56728
17.9377 0.0201433 -0.134811 1.48517 -0.00332168 -0.00713801 -1.56728
17.9442 0.0201652 -0.134946 1.48521 -0.00332138 -0.00713312 -1.56728
17.9476 0.0201871 -0.13508 1.48524 -0.00332069 -0.00712906 -1.56727
17.953 0.0201964 -0.134643 1.48601 -0.00339191 -0.00730412 -1.56727
17.956 0.0202182 -0.134778 1.48604 -0.00338929 -0.00730184 -1.56727
17.9624 0.02024 -0.134914 1.48607 -0.00338735 -0.00729952 -1.56727
17.967 0.020262 -0.13505 1.4861 -0.0033862 -0.00729735 -1.56727
17.9767 0.020284 -0.135186 1.48613 -0.00338498 -0.00729378 -1.56727
17.9774 0.020306 -0.135322 1.48616 -0.00338432 -0.00728844 -1.56727
17.9799 0.0203281 -0.135459 1.48619 -0.00338405 -0.00728291 -1.56726
17.9855 0.0203502 -0.135596 1.48622 -0.00338478 -0.00727648 -1.56726
17.9913 0.0203724 -0.135733 1.48625 -0.00338546 -0.00726916 -1.56726
18.0071 0.0203946 -0.135871 1.48628 -0.00338603 -0.0072614 -1.56726
18.0092 0.0204169 -0.136009 1.48631 -0.00338667 -0.0072538 -1.56726
18.0126 0.0204392 -0.136147 1.48634 -0.00338646 -0.00724786 -1.56726
18.0145 0.0204615 -0.136286 1.48637 -0.00338625 -0.00724384 -1.56726
18.0239 0.0204839 -0.136425 1.4864 -0.00338589 -0.00724096 -1.56726
18.0286 0.0205063 -0.136564 1.48643 -0.00338523 -0.00723898 -1.56725
18.0363 0.0205288 -0.136704 1.48646 -0.00338386 -0.00723851 -1.56725
18.0364 0.0205513 -0.136844 1.48649 -0.00338232 -0.00723913 -1.56725
18.0389 0.0205738 -0.136984 1.48651 -0.00338245 -0.00724036 -1.56725
18.0462 0.0205965 -0.137125 1.48654 -0.00338397 -0.00724134 -1.56725
18.0481 0.0206191 -0.137266 1.48657 -0.00338571 -0.00724219 -1.56725
18.0515 0.0206418 -0.137407 1.4866 -0.00338869 -0.00724316 -1.56725
18.0598 0.0206645 -0.137549 1.48662 -0.00339267 -0.00724314 -1.56724
18.0649 0.0206873 -0.137691 1.48665 -0.00339641 -0.00724169 -1.56724
18.067 0.0207101 -0.137833 1.48668 -0.0034003 -0.00724004 -1.56724
18.0713 0.020733 -0.137976 1.48671 -0.00340385 -0.00723908 -1.56724
18.0789 0.0207559 -0.138119 1.48673 -0.00340673 -0.00723795 -1.56724
18.0817 0.0207789 -0.138262 1.48676 -0.00340982 -0.00723647 -1.56724
18.0877 0.0208019 -0.138406 1.48678 -0.00341328 -0.00723495 -1.56724
18.0964 0.020825 -0.13855 1.48681 -0.00341701 -0.0072332 -1.56724
18.098 0.0208481 -0.138694 1.48684 -0.00342056 -0.00723079 -1.56724
18.1028 0.0208712 -0.138839 1.48686 -0.00342354 -0.00722718 -1.56723
18.1088 0.0208944 -0.138984 1.48689 -0.00342612 -0.00722384 -1.56723
18.1187 0.0209176 -0.13913 1.48691 -0.00342863 -0.00722106 -1.56723
18.1224 0.0209409 -0.139275 1.48694 -0.00343113 -0.00721816 -1.56723
18.1296 0.0209642 -0.139421 1.48696 -0.00343338 -0.00721454 -1.56723
18.1354 0.0209875 -0.139568 1.48699 -0.00343614 -0.0072104 -1.56723
18.1418 0.021011 -0.139714 1.48701 -0.00343881 -0.00720647 -1.56723
18.1509 0.0210345 -0.139861 1.48704 -0.00344149 -0.00720185 -1.56723
18.1553 0.021058 -0.140009 1.48706 -0.0034444 -0.00719717 -1.56723
18.1604 0.0210816 -0.140157 1.48709 -0.00344708 -0.00719188 -1.56722
18.1605 0.0211052 -0.140305 1.48711 -0.00344975 -0.00718604 -1.56722
18.1751 0.0211762 -0.140751 1.48718 -0.00345604 -0.00716603 -1.56722
18.1797 0.0211999 -0.1409 1.48721 -0.0034577 -0.00715912 -1.56722
18.1942 0.021295 -0.141491 1.4873 -0.00346201 -0.00724993 -1.56721
18.1989 0.0213189 -0.141638 1.48732 -0.00346566 -0.0072753 -1.56721
18.2034 0.0213428 -0.141786 1.48734 -0.00347286 -0.00727504 -1.56721
18.2088 0.0213667 -0.141934 1.48736 -0.00348115 -0.00727473 -1.5672
18.2147 0.0213908 -0.142085 1.48739 -0.00348733 -0.00720695 -1.5672
18.2293 0.0214149 -0.142236 1.48741 -0.00349264 -0.0071378 -1.5672
18.233 0.021439 -0.142387 1.48743 -0.00349998 -0.00713529 -1.56719
18.2341 0.0214632 -0.142538 1.48745 -0.00350653 -0.00713501 -1.56719
18.2377 0.0214874 -0.142689 1.48748 -0.00351219 -0.00714002 -1.56719
18.245 0.0215116 -0.142841 1.4875 -0.0035182 -0.00715387 -1.56719
18.2484 0.0215359 -0.142992 1.48752 -0.00352377 -0.00717509 -1.56718
18.2503 0.0215603 -0.143144 1.48754 -0.00352807 -0.00719907 -1.56718
18.2565 0.0215847 -0.143297 1.48756 -0.00353238 -0.00722385 -1.56718
18.2687 0.0216092 -0.14345 1.48759 -0.00353673 -0.00724664 -1.56718
18.2695 0.0216337 -0.143603 1.48761 -0.00354026 -0.00726517 -1.56718
18.2716 0.0216583 -0.143756 1.48763 -0.00354338 -0.00727933 -1.56718
18.2735 0.0216829 -0.14391 1.48765 -0.00354724 -0.00728897 -1.56718
18.2778 0.0217076 -0.144064 1.48768 -0.00355162 -0.00729427 -1.56718
18.2826 0.0217323 -0.144219 1.4877 -0.00355609 -0.00729576 -1.56717
18.2901 0.0217572 -0.144374 1.48772 -0.00356111 -0.0072947 -1.56717
18.2971 0.0217821 -0.14453 1.48775 -0.00356582 -0.00729127 -1.56717
18.3034 0.0218071 -0.144685 1.48777 -0.00356999 -0.00728628 -1.56717
18.3081 0.0218321 -0.144841 1.48779 -0.00357321 -0.00727982 -1.56717
18.3089 0.0218572 -0.144998 1.48781 -0.00357474 -0.00727255 -1.56717
18.3114 0.0218824 -0.145154 1.48783 -0.00357447 -0.00726578 -1.56717
18.3154 0.0219076 -0.145311 1.48785 -0.00357375 -0.00725871 -1.56716
18.3226 0.0219329 -0.145469 1.48788 -0.00357336 -0.00725102 -1.56716
18.3288 0.0219583 -0.145626 1.4879 -0.00357285 -0.00724458 -1.56716
18.3299 0.0219837 -0.145784 1.48792 -0.00357199 -0.00724015 -1.56716
18.3344 0.0220091 -0.145942 1.48794 -0.00357032 -0.00723767 -1.56716
18.3425 0.0220347 -0.146101 1.48796 -0.00356808 -0.00723619 -1.56716
18.3481 0.0220603 -0.14626 1.48798 -0.00356569 -0.00723494 -1.56715
18.3482 0.0220859 -0.146419 1.488 -0.00356446 -0.00723442 -1.56715
18.3563 0.0221116 -0.146579 1.48802 -0.00356507 -0.00723369 -1.56715
18.3643 0.0221374 -0.146739 1.48804 -0.00356584 -0.00723326 -1.56715
18.3643 0.0221633 -0.146899 1.48806 -0.0035657 -0.00723294 -1.56715
18.3667 0.0221892 -0.14706 1.48808 -0.0035655 -0.00723204 -1.56714
18.3696 0.0222152 -0.14722 1.4881 -0.00356528 -0.00723107 -1.56714
18.3738 0.0222413 -0.147382 1.48812 -0.0035652 -0.00722997 -1.56714
18.3877 0.0222675 -0.147543 1.48814 -0.00356581 -0.00722831 -1.56714
18.3901 0.0222937 -0.147705 1.48816 -0.0035667 -0.00722621 -1.56714
18.3916 0.02232 -0.147868 1.48818 -0.00356734 -0.00722438 -1.56714
18.3935 0.0223464 -0.14803 1.4882 -0.00356742 -0.00722307 -1.56714
18.3936 0.0223729 -0.148193 1.48822 -0.00356703 -0.00722062 -1.56714
18.4025 0.0223995 -0.148357 1.48823 -0.00356692 -0.0072173 -1.56713
18.4038 0.0224262 -0.14852 1.48825 -0.00356657 -0.00721465 -1.56713
18.4069 0.0224529 -0.148684 1.48827 -0.00356608 -0.00721249 -1.56713
18.4106 0.0224797 -0.148849 1.48829 -0.00356612 -0.00720959 -1.56713
18.4188 0.0225065 -0.149013 1.48831 -0.00356544 -0.0072059 -1.56713
18.4189 0.0225334 -0.149178 1.48832 -0.00356389 -0.00720272 -1.56713
18.4238 0.0225603 -0.149344 1.48834 -0.00356216 -0.00719899 -1.56712
18.4286 0.0225873 -0.149509 1.48836 -0.00355988 -0.00719355 -1.56712
18.4311 0.0226144 -0.149675 1.48838 -0.00355754 -0.00718792 -1.56712
18.439 0.0226416 -0.149842 1.48839 -0.00355607 -0.00718273 -1.56712
18.4482 0.0226688 -0.150008 1.48841 -0.00355468 -0.00717749 -1.56712
18.4531 0.0226961 -0.150175 1.48843 -0.00355077 -0.00719769 -1.56712
18.4545 0.0227233 -0.150341 1.48844 -0.00354687 -0.00721934 -1.56712
18.5053 0.022707 -0.149751 1.48921 -0.00361902 -0.00734952 -1.56712
18.5087 0.0227342 -0.14992 1.48923 -0.00361725 -0.00729557 -1.56711
18.5106 0.0228162 -0.150418 1.48928 -0.00361809 -0.00728446 -1.56711
18.5166 0.0228436 -0.150581 1.48929 -0.00361906 -0.00727791 -1.56711
18.5204 0.0228711 -0.150742 1.48931 -0.00361908 -0.00727099 -1.56711
18.5277 0.022899 -0.150905 1.48932 -0.00361869 -0.00726328 -1.56711
18.5305 0.0229265 -0.151067 1.48934 -0.00361793 -0.00725691 -1.5671
18.5305 0.0229542 -0.15123 1.48935 -0.00361638 -0.00725233 -1.5671
18.5346 0.0229432 -0.150511 1.49 -0.00369011 -0.00743916 -1.5671
18.5475 0.0229709 -0.150673 1.49002 -0.0036871 -0.00743986 -1.5671
18.555 0.0229986 -0.150836 1.49004 -0.0036839 -0.00744236 -1.5671
18.5592 0.0230264 -0.150998 1.49005 -0.00368026 -0.00744598 -1.56709
18.5657 0.0230543 -0.151162 1.49007 -0.00367763 -0.00744955 -1.56709
18.5734 0.0230822 -0.151325 1.49009 -0.00367623 -0.00745279 -1.56709
18.5757 0.0231102 -0.151489 1.4901 -0.00367463 -0.00745527 -1.56709
18.5797 0.0231383 -0.151654 1.49012 -0.00367337 -0.00745746 -1.56709
18.5873 0.0231664 -0.151819 1.49013 -0.00367311 -0.00745911 -1.56709
18.5921 0.0231947 -0.151984 1.49015 -0.00367353 -0.00746043 -1.56709
18.5948 0.023223 -0.152149 1.49016 -0.00367379 -0.00746126 -1.56708
18.5985 0.0232514 -0.152315 1.49018 -0.00367332 -0.00746145 -1.56708
18.6114 0.0232798 -0.152481 1.49019 -0.00367284 -0.00746127 -1.56708
18.6123 0.0233083 -0.152647 1.49021 -0.00367359 -0.0074599 -1.56708
18.6266 0.0233369 -0.152814 1.49022 -0.00367536 -0.0074591 -1.56708
18.631 0.0233656 -0.152981 1.49024 -0.00367698 -0.00745909 -1.56708
18.6355 0.0233943 -0.153149 1.49025 -0.0036781 -0.00745866 -1.56707
18.6355 0.0234232 -0.153317 1.49027 -0.00367868 -0.00745813 -1.56707
18.6411 0.0234521 -0.153485 1.49028 -0.0036781 -0.00745704 -1.56707
18.6412 0.023481 -0.153654 1.4903 -0.00367736 -0.00745556 -1.56707
18.6429 0.02351 -0.153823 1.49031 -0.00367689 -0.00745439 -1.56707
18.6461 0.0235392 -0.153992 1.49032 -0.00367554 -0.00745359 -1.56707
18.6496 0.0235684 -0.154162 1.49034 -0.00367394 -0.00745228 -1.56707
18.671 0.0235976 -0.154332 1.49035 -0.00367266 -0.00745047 -1.56707
18.6747 0.0236269 -0.154503 1.49036 -0.00367153 -0.00744842 -1.56706
18.6775 0.0236563 -0.154673 1.49038 -0.00367012 -0.00744667 -1.56706
18.6828 0.0236858 -0.154844 1.49039 -0.00366851 -0.00744437 -1.56706
18.692 0.0237154 -0.155016 1.4904 -0.00366716 -0.0074409 -1.56706
18.7003 0.023745 -0.155188 1.49041 -0.00366514 -0.00743762 -1.56706
18.7034 0.0237746 -0.15536 1.49043 -0.00366264 -0.00743484 -1.56706
18.7073 0.0238044 -0.155532 1.49044 -0.00365905 -0.00746858 -1.56706
18.7198 0.0238342 -0.155703 1.49045 -0.00365522 -0.00750146 -1.56706
18.7199 0.0238641 -0.155877 1.49046 -0.00365042 -0.0074347 -1.56706
18.7283 0.023894 -0.156053 1.49047 -0.00364502 -0.00736972 -1.56706
18.7284 0.023924 -0.156227 1.49048 -0.00364494 -0.00743913 -1.56705
18.7386 0.023954 -0.156401 1.4905 -0.0036418 -0.00743847 -1.56705
18.7446 0.0239841 -0.156578 1.49051 -0.00363483 -0.00736898 -1.56705
18.7506 0.0240141 -0.156754 1.49052 -0.00363116 -0.00737316 -1.56705
18.7506 0.0240442 -0.156931 1.49053 -0.00362827 -0.00738277 -1.56704
18.7577 0.0240744 -0.157107 1.49054 -0.00362651 -0.00739858 -1.56704
18.7999 0.0240683 -0.156374 1.49111 -0.00369794 -0.00762942 -1.56704
18.8151 0.0240988 -0.156549 1.49112 -0.00369662 -0.00765519 -1.56704
18.8197 0.0241292 -0.156725 1.49113 -0.00369571 -0.00767946 -1.56704
18.8218 0.0241598 -0.156902 1.49114 -0.00369598 -0.00770071 -1.56704
18.8379 0.0241026 -0.155873 1.49162 -0.00377142 -0.00790682 -1.56704
18.8426 0.0241945 -0.156397 1.49166 -0.00377422 -0.00793566 -1.56703
18.8534 0.0242253 -0.156572 1.49167 -0.00377529 -0.00793779 -1.56703
18.8599 0.0242561 -0.156748 1.49168 -0.00377529 -0.00793606 -1.56703
18.8599 0.024287 -0.156924 1.4917 -0.00377502 -0.00793248 -1.56703
18.8611 0.0243179 -0.1571 1.49171 -0.00377416 -0.00792822 -1.56703
18.8613 0.0243489 -0.157277 1.49172 -0.003773 -0.00792338 -1.56702
18.8638 0.02438 -0.157454 1.49174 -0.00376765 -0.00792776 -1.56702
18.8639 0.0244111 -0.15763 1.49175 -0.0037618 -0.00793626 -1.56702
18.8666 0.0244423 -0.157808 1.49176 -0.00376069 -0.00794044 -1.56702
18.8701 0.0244735 -0.157986 1.49177 -0.00375954 -0.00794673 -1.56702
18.8762 0.0245049 -0.158165 1.49179 -0.00375862 -0.00795317 -1.56702
18.88 0.0245363 -0.158346 1.4918 -0.00375585 -0.0079006 -1.56702
18.888 0.0245677 -0.158527 1.49181 -0.00375246 -0.00784996 -1.56701
18.8901 0.0245992 -0.158709 1.49182 -0.00375021 -0.00785909 -1.56701
18.8966 0.0246307 -0.15889 1.49184 -0.00374771 -0.00786992 -1.56701
18.9021 0.0246622 -0.159072 1.49185 -0.0037454 -0.00788563 -1.56701
18.913 0.0246938 -0.159253 1.49186 -0.0037428 -0.00790598 -1.56701
18.9195 0.0247254 -0.159435 1.49187 -0.00373996 -0.00792863 -1.56701
18.9196 0.0247571 -0.159618 1.49188 -0.00373759 -0.00795095 -1.56701
18.922 0.0247888 -0.159801 1.49189 -0.00373579 -0.00796976 -1.567
18.932 0.0248205 -0.159984 1.49191 -0.00373366 -0.00798369 -1.567
18.9354 0.0248523 -0.160168 1.49192 -0.00373121 -0.0079918 -1.567
18.9354 0.0248841 -0.160352 1.49193 -0.00372924 -0.00799338 -1.567
18.9368 0.024916 -0.160536 1.49194 -0.00372813 -0.00798859 -1.567
18.9492 0.0249479 -0.160721 1.49196 -0.00372703 -0.00797858 -1.567
18.9688 0.02498 -0.160906 1.49197 -0.00372603 -0.00796525 -1.56699
18.9764 0.0250121 -0.161091 1.49198 -0.00372608 -0.00795063 -1.56699
19.0109 0.0250161 -0.16044 1.49245 -0.00380829 -0.00808697 -1.56698
19.0136 0.0250481 -0.160624 1.49246 -0.00380969 -0.00807312 -1.56698
19.0222 0.0250801 -0.160808 1.49248 -0.00381073 -0.00806097 -1.56698
19.0267 0.0251122 -0.160992 1.49249 -0.00381209 -0.00805059 -1.56698
19.0267 0.0251442 -0.161176 1.4925 -0.00380871 -0.00805287 -1.56698
19.0518 0.0250624 -0.159957 1.49287 -0.00388589 -0.00825926 -1.56698
19.0519 0.0250943 -0.160139 1.49288 -0.00388651 -0.0082603 -1.56698
19.0519 0.0251264 -0.160322 1.49289 -0.00388667 -0.00826127 -1.56697
19.0605 0.0251585 -0.160506 1.49291 -0.0038885 -0.00826104 -1.56697
19.0606 0.0251906 -0.16069 1.49292 -0.00389156 -0.0082592 -1.56697
19.0639 0.0252228 -0.160876 1.49293 -0.00389098 -0.00818649 -1.56697
19.0671 0.025255 -0.161062 1.49294 -0.00389077 -0.00811476 -1.56697
19.0759 0.0252871 -0.161248 1.49296 -0.00389431 -0.0081119 -1.56697
19.0821 0.0253194 -0.161434 1.49297 -0.00389809 -0.00810968 -1.56697
19.0864 0.025253 -0.160191 1.49328 -0.00398489 -0.00831651 -1.56697
19.0914 0.0252851 -0.160374 1.4933 -0.00398637 -0.00832863 -1.56696
19.0996 0.0253172 -0.160557 1.49331 -0.00398782 -0.00834812 -1.56696
19.1149 0.0253494 -0.160741 1.49332 -0.00398905 -0.00837041 -1.56696
19.115 0.0253816 -0.160925 1.49334 -0.00399064 -0.00839317 -1.56696
19.1163 0.025414 -0.16111 1.49335 -0.0039917 -0.00841401 -1.56696
19.1218 0.0254464 -0.161295 1.49336 -0.00399279 -0.00843031 -1.56695
19.1278 0.0254788 -0.16148 1.49338 -0.00399506 -0.00844081 -1.56695
19.1401 0.0255113 -0.161665 1.49339 -0.00399791 -0.00844586 -1.56695
19.1456 0.0255439 -0.161851 1.49341 -0.0040018 -0.00844632 -1.56695
19.1521 0.0255765 -0.162038 1.49342 -0.00400663 -0.0084428 -1.56694
19.1581 0.0256092 -0.162224 1.49343 -0.00401157 -0.00843541 -1.56694
19.1585 0.0256419 -0.162412 1.49345 -0.00401539 -0.00842512 -1.56694
19.1599 0.0256746 -0.162599 1.49346 -0.0040183 -0.00841226 -1.56694
19.1614 0.0257074 -0.162787 1.49347 -0.00402094 -0.00839756 -1.56694
19.1659 0.0257402 -0.162975 1.49349 -0.00402311 -0.00838232 -1.56694
19.1687 0.025773 -0.163163 1.4935 -0.00402459 -0.00836578 -1.56694
19.1739 0.0258059 -0.163352 1.49351 -0.00402537 -0.00834994 -1.56693
19.1838 0.0258389 -0.163541 1.49353 -0.0040247 -0.00833623 -1.56693
19.1877 0.0258719 -0.16373 1.49354 -0.00402348 -0.00832394 -1.56693
19.1958 0.0259049 -0.16392 1.49355 -0.00402269 -0.00831294 -1.56693
19.2003 0.025938 -0.16411 1.49356 -0.00402089 -0.00830441 -1.56693
19.2227 0.0260709 -0.164864 1.49361 -0.00402228 -0.00853834 -1.56692
19.2304 0.0261043 -0.16505 1.49362 -0.00402293 -0.00859581 -1.56692
19.231 0.0261377 -0.165238 1.49363 -0.00402143 -0.00858646 -1.56692
19.2378 0.0261713 -0.165428 1.49364 -0.00402026 -0.008573 -1.56691
19.2418 0.0262049 -0.165618 1.49365 -0.00401941 -0.00855263 -1.56691
19.2504 0.0262385 -0.165809 1.49366 -0.00402273 -0.00850662 -1.56691
19.2531 0.0262722 -0.166001 1.49367 -0.00402662 -0.00845029 -1.56691
19.2581 0.0263059 -0.166193 1.49368 -0.00402703 -0.0084057 -1.56691
19.262 0.0263397 -0.166385 1.49369 -0.00402744 -0.00836358 -1.56691
19.2693 0.0263735 -0.166578 1.4937 -0.00402766 -0.00832681 -1.56691
19.2756 0.0264074 -0.166771 1.49371 -0.00402792 -0.00829675 -1.56691
19.2764 0.0264414 -0.166964 1.49372 -0.00402893 -0.00827434 -1.56691
19.2876 0.0264754 -0.167157 1.49373 -0.00402979 -0.00825973 -1.56691
19.2877 0.0265094 -0.167351 1.49374 -0.00403067 -0.008252 -1.5669
19.2892 0.0265435 -0.167545 1.49375 -0.00403155 -0.0082503 -1.5669
19.2973 0.0265777 -0.167739 1.49376 -0.00403293 -0.00825267 -1.5669
19.3014 0.026612 -0.167934 1.49377 -0.00403411 -0.00825763 -1.5669
19.3031 0.0266463 -0.168129 1.49378 -0.00403493 -0.00826498 -1.56689
19.3075 0.0266807 -0.168324 1.49379 -0.00403602 -0.00827228 -1.56689
19.314 0.0267151 -0.16852 1.4938 -0.00403629 -0.00827823 -1.56689
19.3221 0.0267495 -0.168716 1.49381 -0.00403598 -0.0082827 -1.56689
19.3261 0.0267841 -0.168913 1.49382 -0.00403505 -0.00828441 -1.56689
19.3349 0.0268187 -0.16911 1.49382 -0.00403412 -0.00828341 -1.56689
19.3391 0.0268533 -0.169307 1.49383 -0.00403397 -0.00828145 -1.56689
19.3426 0.026888 -0.169504 1.49384 -0.00403402 -0.00827879 -1.56688
19.349 0.0269228 -0.169702 1.49385 -0.00403413 -0.00827396 -1.56688
19.3547 0.0269576 -0.169901 1.49386 -0.00403387 -0.00826731 -1.56688
19.3645 0.0269926 -0.170099 1.49387 -0.00403324 -0.0082602 -1.56688
19.3682 0.0270276 -0.170298 1.49388 -0.00403249 -0.00825227 -1.56688
19.3713 0.0270627 -0.170497 1.49389 -0.00403114 -0.00824416 -1.56687
19.3774 0.0270978 -0.170697 1.49389 -0.0040288 -0.00823677 -1.56687
19.4333 0.02712 -0.169842 1.49419 -0.00409346 -0.00842214 -1.56687
19.4356 0.027155 -0.170039 1.4942 -0.00408508 -0.00841808 -1.56687
19.4495 0.0271902 -0.170239 1.49421 -0.00407638 -0.00841397 -1.56687
19.4502 0.0272253 -0.170437 1.49422 -0.00406754 -0.00841013 -1.56686
19.4522 0.0272604 -0.170635 1.49422 -0.00405948 -0.00840631 -1.56686
19.4577 0.0272957 -0.170834 1.49423 -0.00405308 -0.00840242 -1.56686
19.4746 0.0272142 -0.169497 1.49446 -0.0041369 -0.00860954 -1.56686
19.4774 0.0272491 -0.169693 1.49446 -0.00413578 -0.00860514 -1.56686
19.485 0.027284 -0.169889 1.49447 -0.00413551 -0.00860155 -1.56686
19.485 0.027319 -0.170085 1.49448 -0.00413533 -0.00859914 -1.56686
19.4874 0.027354 -0.170281 1.49449 -0.00413457 -0.0085973 -1.56685
19.4981 0.027389 -0.170478 1.49449 -0.00413359 -0.00859463 -1.56685
19.5104 0.0275648 -0.171468 1.49453 -0.00413001 -0.00858467 -1.56684
19.5169 0.0276 -0.171667 1.49453 -0.0041289 -0.00858436 -1.56684
19.5214 0.0276352 -0.171866 1.49454 -0.00412686 -0.00858465 -1.56684
19.5262 0.0276706 -0.172066 1.49454 -0.00412587 -0.00858515 -1.56684
19.5332 0.0275191 -0.170502 1.49467 -0.00420986 -0.00878857 -1.56684
19.5507 0.027554 -0.170697 1.49468 -0.00420921 -0.00878796 -1.56684
19.5509 0.0275889 -0.170893 1.49469 -0.00420783 -0.00878668 -1.56683
19.5517 0.0276238 -0.171089 1.49469 -0.00420627 -0.00878466 -1.56683
19.5559 0.0276587 -0.171285 1.4947 -0.00420484 -0.00878269 -1.56683
19.5607 0.0276936 -0.171482 1.4947 -0.00420309 -0.00878026 -1.56683
19.5744 0.0277285 -0.171679 1.49471 -0.00420123 -0.008778 -1.56683
19.5812 0.0277634 -0.171877 1.49471 -0.0042002 -0.00877711 -1.56682
19.5813 0.0277983 -0.172074 1.49472 -0.00419995 -0.00877677 -1.56682
19.5836 0.0278333 -0.172273 1.49472 -0.0042001 -0.00877738 -1.56682
19.595 0.0278683 -0.172471 1.49473 -0.00420059 -0.0087784 -1.56682
19.5957 0.0279033 -0.17267 1.49473 -0.00420213 -0.00877982 -1.56682
19.5989 0.0279384 -0.172869 1.49474 -0.0042054 -0.0087821 -1.56682
19.6077 0.0279736 -0.173069 1.49474 -0.0042099 -0.00878519 -1.56682
19.6134 0.0280088 -0.173269 1.49475 -0.0042143 -0.00878922 -1.56681
19.6134 0.0280441 -0.173469 1.49475 -0.00421864 -0.00879377 -1.56681
19.6169 0.0280795 -0.17367 1.49475 -0.00422336 -0.00879863 -1.56681
19.6185 0.028115 -0.173871 1.49476 -0.00422831 -0.00880331 -1.56681
19.6222 0.0281505 -0.174073 1.49476 -0.00423358 -0.00880773 -1.56681
19.6348 0.0281861 -0.174274 1.49477 -0.00423961 -0.0088125 -1.5668
19.6357 0.0282217 -0.174477 1.49477 -0.00424608 -0.00881693 -1.5668
19.6394 0.0282573 -0.174679 1.49477 -0.00425258 -0.00882098 -1.5668
19.6469 0.028293 -0.174882 1.49478 -0.00425955 -0.00882544 -1.5668
19.6511 0.0283287 -0.175085 1.49478 -0.00426552 -0.00882991 -1.5668
19.6544 0.0283644 -0.175289 1.49478 -0.00427055 -0.00883359 -1.5668
19.6603 0.0284002 -0.175493 1.49479 -0.00427562 -0.00883619 -1.5668
19.6833 0.0284361 -0.175698 1.49479 -0.00428149 -0.00883948 -1.56679
19.6915 0.028472 -0.175902 1.49479 -0.00428742 -0.00884315 -1.56679
19.6926 0.0285079 -0.176107 1.49479 -0.00429255 -0.00884568 -1.56679
19.6946 0.028544 -0.176313 1.4948 -0.00429791 -0.00884762 -1.56679
19.699 0.0285802 -0.17652 1.4948 -0.00430341 -0.00884981 -1.56679
19.7038 0.0286164 -0.176727 1.4948 -0.00430863 -0.00885139 -1.56679
19.7127 0.0286526 -0.176933 1.4948 -0.00431375 -0.00885254 -1.56679
19.7352 0.0285005 -0.175531 1.49492 -0.00441629 -0.00907306 -1.56679
19.7353 0.0285356 -0.175734 1.49492 -0.00442138 -0.00907434 -1.56679
19.7544 0.0285715 -0.175937 1.49492 -0.00442632 -0.00907449 -1.56679
19.7562 0.0286074 -0.17614 1.49492 -0.00443121 -0.00907387 -1.56678
19.7612 0.0283491 -0.174278 1.49498 -0.0045277 -0.00929976 -1.56678
19.7643 0.0283842 -0.174476 1.49498 -0.00452972 -0.00929656 -1.56678
19.7851 0.0284898 -0.175071 1.49499 -0.00453323 -0.00928215 -1.56678
19.8044 0.0285959 -0.175669 1.49499 -0.00453567 -0.00926466 -1.56677
19.8064 0.0286314 -0.175869 1.49499 -0.00453788 -0.00925978 -1.56677
19.8164 0.028667 -0.176069 1.495 -0.00454126 -0.0092556 -1.56677
19.8371 0.0287027 -0.17627 1.495 -0.00454526 -0.00925156 -1.56677
19.8406 0.0287385 -0.176471 1.495 -0.00454932 -0.00924815 -1.56677
19.8432 0.0287743 -0.176671 1.495 -0.00455367 -0.00928858 -1.56677
19.848 0.0288103 -0.176872 1.495 -0.0045583 -0.00932904 -1.56676
19.8534 0.0288463 -0.177074 1.495 -0.00456332 -0.00932536 -1.56676
19.8534 0.0288824 -0.177277 1.49501 -0.00456789 -0.00931872 -1.56676
19.8534 0.0289185 -0.17748 1.49501 -0.00457148 -0.00930585 -1.56676
19.8572 0.0289548 -0.177685 1.49501 -0.00457492 -0.00924055 -1.56676
19.8572 0.0289911 -0.177892 1.49501 -0.00457828 -0.00916902 -1.56676
19.8613 0.0290275 -0.178098 1.49501 -0.00457978 -0.00913904 -1.56675
19.8739 0.0290639 -0.178304 1.49502 -0.00457993 -0.00910928 -1.56675
19.8763 0.0291005 -0.17851 1.49502 -0.00458012 -0.00908298 -1.56675
19.8849 0.0291371 -0.178717 1.49502 -0.0045787 -0.00906398 -1.56675
19.8865 0.0291737 -0.178924 1.49502 -0.00457635 -0.00905383 -1.56675
19.8971 0.0292104 -0.179131 1.49503 -0.00457325 -0.00905142 -1.56675
19.8987 0.0292473 -0.179338 1.49503 -0.00456877 -0.0090547 -1.56675
19.9077 0.0292842 -0.179546 1.49503 -0.00456369 -0.00906085 -1.56675
19.9154 0.0290268 -0.177608 1.49504 -0.00465865 -0.00930485 -1.56675
19.9241 0.0290629 -0.177811 1.49505 -0.00465367 -0.00931263 -1.56675
19.9259 0.029099 -0.178014 1.49505 -0.00464852 -0.00931989 -1.56675
19.9324 0.0292078 -0.178625 1.49506 -0.00463627 -0.00932407 -1.56674
19.9359 0.0292442 -0.178829 1.49507 -0.00463326 -0.00931962 -1.56674
19.944 0.0292807 -0.179034 1.49507 -0.0046313 -0.00931342 -1.56674
19.9516 0.0293172 -0.179239 1.49508 -0.00463039 -0.00930557 -1.56674
19.9537 0.0293538 -0.179445 1.49508 -0.00462992 -0.00929585 -1.56674
19.9841 0.0293905 -0.179651 1.49509 -0.0046299 -0.00928668 -1.56674
19.9874 0.0294273 -0.179857 1.49509 -0.00462949 -0.0092786 -1.56674
19.994 0.0294641 -0.180063 1.49509 -0.004629 -0.00927224 -1.56673
19.9967 0.029501 -0.18027 1.4951 -0.00462868 -0.00926783 -1.56673
20.0011 0.029538 -0.180478 1.4951 -0.00462866 -0.00926463 -1.56673
20.0157 0.0295751 -0.180685 1.49511 -0.00462887 -0.00926232 -1.56673
20.0215 0.0296123 -0.180893 1.49511 -0.0046291 -0.0092608 -1.56673
20.0222 0.0296494 -0.181102 1.49511 -0.00462964 -0.0092603 -1.56672
20.032 0.0297612 -0.181729 1.49512 -0.00463296 -0.0092644 -1.56672
20.0404 0.0297986 -0.181939 1.49513 -0.00463466 -0.0092673 -1.56671
20.0434 0.029836 -0.182149 1.49513 -0.00463599 -0.00926958 -1.56671
20.0468 0.0298735 -0.18236 1.49513 -0.00463635 -0.00927078 -1.56671
20.0549 0.029911 -0.18257 1.49513 -0.00463618 -0.00927181 -1.56671
20.0563 0.0299486 -0.182782 1.49514 -0.00463619 -0.00927279 -1.56671
20.0768 0.0299863 -0.182993 1.49514 -0.00463643 -0.00927253 -1.56671
20.0768 0.030024 -0.183205 1.49514 -0.00463721 -0.00927183 -1.5667
20.0868 0.0300617 -0.183418 1.49514 -0.00463764 -0.00927151 -1.5667
20.0869 0.0300995 -0.18363 1.49514 -0.00463803 -0.00927162 -1.5667
20.1024 0.0302522 -0.184485 1.49515 -0.00463958 -0.00927292 -1.56669
20.1123 0.0299541 -0.18238 1.49512 -0.00473916 -0.0095105 -1.5667
20.1237 0.0299913 -0.182588 1.49512 -0.00473878 -0.00950847 -1.5667
20.1286 0.0300285 -0.182797 1.49512 -0.00473919 -0.00950547 -1.56669
20.1319 0.0300657 -0.183006 1.49512 -0.00473907 -0.00950201 -1.56669
20.1374 0.0301031 -0.183215 1.49512 -0.00473827 -0.00949886 -1.56669
20.1456 0.0301404 -0.183425 1.49512 -0.00473736 -0.00949544 -1.56669
20.1482 0.0301779 -0.183636 1.49512 -0.00473632 -0.00949135 -1.56669
20.1539 0.0302154 -0.183846 1.49512 -0.0047356 -0.00948676 -1.56669
20.1579 0.030253 -0.184057 1.49513 -0.00473553 -0.00948346 -1.56669
20.165 0.0302906 -0.184269 1.49513 -0.0047346 -0.00948045 -1.56669
20.1713 0.0303283 -0.18448 1.49513 -0.00473209 -0.00947682 -1.56668
20.1779 0.0303661 -0.184693 1.49513 -0.00472957 -0.00947204 -1.56668
20.1813 0.0304039 -0.184905 1.49513 -0.00472713 -0.00946621 -1.56668
20.1932 0.0304418 -0.185118 1.49513 -0.00472477 -0.00946047 -1.56668
20.2007 0.0304797 -0.185331 1.49513 -0.00472308 -0.00945425 -1.56668
20.2022 0.0305177 -0.185545 1.49513 -0.00472133 -0.00944868 -1.56668
20.2078 0.0305558 -0.185759 1.49513 -0.00472048 -0.00944484 -1.56667
20.2144 0.0305938 -0.185973 1.49513 -0.00472165 -0.00944183 -1.56667
20.2266 0.030632 -0.186188 1.49512 -0.00472393 -0.00943892 -1.56667
20.229 0.0306702 -0.186403 1.49512 -0.00472625 -0.00943664 -1.56667
20.2331 0.0307085 -0.186618 1.49512 -0.00472889 -0.00943589 -1.56667
20.25 0.0307468 -0.186834 1.49512 -0.00473202 -0.00943598 -1.56667
20.2539 0.0307853 -0.18705 1.49512 -0.00473625 -0.00943517 -1.56667
20.2539 0.0308238 -0.187267 1.49512 -0.00474097 -0.00943506 -1.56666
20.2578 0.0308623 -0.187483 1.49512 -0.00474474 -0.00946975 -1.56666
20.2621 0.0309009 -0.187699 1.49512 -0.00474879 -0.00950334 -1.56666
20.2731 0.0309396 -0.187916 1.49512 -0.00475292 -0.00950214 -1.56666
20.2774 0.0309783 -0.188135 1.49512 -0.00475609 -0.00949943 -1.56666
20.2827 0.031017 -0.188354 1.49511 -0.00475892 -0.00949287 -1.56666
20.2875 0.0310559 -0.188574 1.49511 -0.00476007 -0.00948069 -1.56666
20.2956 0.0310947 -0.188795 1.49511 -0.00475823 -0.00941218 -1.56665
20.3028 0.0311336 -0.189018 1.49511 -0.00475603 -0.00934097 -1.56665
20.3074 0.0311726 -0.18924 1.49511 -0.00475442 -0.00932111 -1.56665
20.3172 0.0312115 -0.189462 1.49511 -0.00475164 -0.00930429 -1.56665
20.3191 0.0312505 -0.189685 1.49511 -0.00474761 -0.00929404 -1.56665
20.3279 0.0312895 -0.189908 1.49511 -0.00474372 -0.0092932 -1.56665
20.3306 0.0313286 -0.190131 1.4951 -0.00474017 -0.00930088 -1.56665
20.3355 0.0313677 -0.190354 1.4951 -0.00473613 -0.00931426 -1.56665
20.3446 0.031407 -0.190578 1.4951 -0.00473153 -0.00933151 -1.56664
20.3497 0.0314462 -0.190802 1.4951 -0.00472702 -0.00934983 -1.56664
20.3547 0.0314856 -0.191027 1.4951 -0.00472402 -0.00936726 -1.56664
20.3591 0.031525 -0.191252 1.4951 -0.00472171 -0.00938281 -1.56664
20.3643 0.0315644 -0.191477 1.4951 -0.00471962 -0.00939439 -1.56664
20.3671 0.031604 -0.191703 1.4951 -0.00471839 -0.00940243 -1.56663
20.3735 0.0316436 -0.191929 1.4951 -0.00471742 -0.00940781 -1.56663
20.3834 0.0316832 -0.192156 1.4951 -0.00471616 -0.00940954 -1.56663
20.3938 0.0318027 -0.192837 1.4951 -0.00471398 -0.00940258 -1.56662
20.3964 0.0318427 -0.193066 1.4951 -0.00471397 -0.00939819 -1.56662
20.4008 0.0318828 -0.193294 1.4951 -0.00471365 -0.0093939 -1.56662
20.4133 0.0319229 -0.193523 1.4951 -0.004713 -0.00939016 -1.56662
20.4184 0.0319631 -0.193752 1.4951 -0.00471349 -0.00938676 -1.56662
20.4212 0.0320034 -0.193982 1.4951 -0.00471434 -0.00938409 -1.56662
20.4283 0.0320438 -0.194212 1.4951 -0.00471412 -0.00938202 -1.56662
20.4419 0.0321653 -0.194904 1.4951 -0.00471283 -0.00937871 -1.56661
20.444 0.032206 -0.195136 1.4951 -0.00471244 -0.00937841 -1.56661
20.4485 0.0322466 -0.195368 1.4951 -0.00471128 -0.00937847 -1.56661
20.4569 0.0322874 -0.1956 1.4951 -0.00471001 -0.00937843 -1.56661
20.4603 0.0323282 -0.195833 1.49509 -0.00470926 -0.00937736 -1.56661
20.4641 0.0323691 -0.196066 1.49509 -0.00470867 -0.00937577 -1.56661
20.4731 0.03241 -0.196299 1.49509 -0.00470794 -0.00937398 -1.56661
20.4782 0.032451 -0.196533 1.49509 -0.00470721 -0.00937208 -1.5666
20.4812 0.032492 -0.196767 1.49509 -0.00470626 -0.00937015 -1.5666
20.4852 0.032533 -0.197002 1.49509 -0.00470427 -0.00936718 -1.5666
20.5052 0.0325741 -0.197237 1.49508 -0.00470311 -0.00936351 -1.5666
20.507 0.0326152 -0.197472 1.49508 -0.0047029 -0.00936029 -1.5666
20.5183 0.0326564 -0.197708 1.49508 -0.00470184 -0.0093563 -1.5666
20.5183 0.0326976 -0.197944 1.49508 -0.00469933 -0.00935217 -1.5666
20.5183 0.032739 -0.19818 1.49507 -0.00469729 -0.00934821 -1.5666
20.5274 0.0327803 -0.198417 1.49507 -0.00469612 -0.00934367 -1.56659
20.53 0.0328217 -0.198655 1.49507 -0.00469463 -0.00933841 -1.56659
20.5361 0.0328632 -0.198893 1.49507 -0.00469276 -0.00933328 -1.56659
20.5403 0.0329048 -0.199131 1.49506 -0.00469131 -0.00932936 -1.56659
20.5531 0.0329464 -0.199369 1.49506 -0.0046909 -0.00932539 -1.56659
20.5573 0.0329881 -0.199608 1.49506 -0.00469052 -0.00932242 -1.56659
20.5615 0.0330298 -0.199848 1.49505 -0.00469148 -0.00932043 -1.56659
20.5674 0.0330716 -0.200087 1.49505 -0.00469339 -0.00931826 -1.56658
20.5718 0.0331133 -0.200327 1.49505 -0.00469598 -0.00931693 -1.56658
20.5863 0.0331548 -0.200569 1.49504 -0.00469968 -0.00931679 -1.56658
20.5976 0.0320833 -0.196919 1.49527 -0.00480158 -0.00962649 -1.56658
20.5991 0.0321218 -0.19715 1.49526 -0.00480367 -0.0096259 -1.56658
20.6014 0.0321604 -0.19738 1.49526 -0.0048058 -0.00962464 -1.56658
20.6041 0.032199 -0.197612 1.49526 -0.0048081 -0.0096238 -1.56658
20.6108 0.0322377 -0.197843 1.49526 -0.00481067 -0.00962297 -1.56658
20.6124 0.0322764 -0.198075 1.49525 -0.00481302 -0.00962137 -1.56657
20.6196 0.032315 -0.198307 1.49525 -0.00481456 -0.00961909 -1.56657
20.6224 0.0323537 -0.19854 1.49525 -0.00481567 -0.00961752 -1.56657
20.6284 0.0323925 -0.198773 1.49524 -0.00481713 -0.00961612 -1.56657
20.633 0.0324313 -0.199006 1.49524 -0.0048194 -0.00961347 -1.56657
20.6364 0.0324702 -0.19924 1.49523 -0.00482162 -0.00961021 -1.56657
20.6403 0.0325091 -0.199474 1.49523 -0.00482298 -0.00960638 -1.56657
20.6507 0.0325481 -0.199709 1.49523 -0.00482402 -0.00960182 -1.56656
20.6545 0.0325872 -0.199943 1.49522 -0.0048245 -0.00959684 -1.56656
20.6569 0.0326263 -0.200179 1.49522 -0.00482475 -0.00959119 -1.56656
20.6685 0.0326655 -0.200414 1.49521 -0.00482613 -0.00958598 -1.56656
20.6803 0.0327835 -0.201124 1.4952 -0.00483304 -0.0095733 -1.56655
20.6965 0.032823 -0.201361 1.4952 -0.00483493 -0.00956911 -1.56655
20.7496 0.0319221 -0.198578 1.49528 -0.00494424 -0.00985993 -1.56655
20.7519 0.0319585 -0.198806 1.49528 -0.00494732 -0.00985635 -1.56655
20.7536 0.031995 -0.199035 1.49527 -0.00495048 -0.00985218 -1.56654
20.755 0.0320315 -0.199264 1.49527 -0.00495254 -0.0098469 -1.56654
20.7566 0.032068 -0.199493 1.49526 -0.00495446 -0.00984066 -1.56654
20.7661 0.0321047 -0.199723 1.49526 -0.00495609 -0.00983304 -1.56654
20.7702 0.0321415 -0.199954 1.49526 -0.00495703 -0.00982467 -1.56654
20.7706 0.0321783 -0.200184 1.49525 -0.00495802 -0.00981675 -1.56654
20.7722 0.0322152 -0.200415 1.49525 -0.00495897 -0.0098094 -1.56653
20.773 0.0322521 -0.200647 1.49524 -0.00496 -0.00980191 -1.56653
20.7901 0.0312485 -0.197005 1.49521 -0.00506302 -0.0101053 -1.56653
20.8032 0.0312825 -0.197226 1.49521 -0.00506609 -0.0101004 -1.56653
20.8084 0.0313164 -0.197447 1.49521 -0.00506946 -0.0100972 -1.56653
20.8125 0.0313505 -0.197669 1.4952 -0.00507442 -0.0100938 -1.56653
20.8161 0.0313846 -0.197891 1.4952 -0.00508004 -0.0100917 -1.56653
20.82 0.0314875 -0.19856 1.49519 -0.0050972 -0.010088 -1.56652
20.8206 0.0315221 -0.198783 1.49519 -0.00510248 -0.0100852 -1.56652
20.8224 0.0315566 -0.199008 1.49518 -0.00510686 -0.0100814 -1.56652
20.9175 0.0300945 -0.194156 1.49477 -0.00534621 -0.0107064 -1.56651
20.9212 0.0301239 -0.194362 1.49477 -0.00534766 -0.0107097 -1.56651
20.9253 0.0301533 -0.19457 1.49477 -0.00534885 -0.0107121 -1.56651
20.9254 0.0301828 -0.194777 1.49477 -0.00534905 -0.0107142 -1.56651
20.9294 0.0302123 -0.194985 1.49477 -0.00534942 -0.0107155 -1.5665
20.9394 0.0303312 -0.19582 1.49476 -0.00534376 -0.010709 -1.5665
20.9474 0.0303613 -0.19603 1.49476 -0.00533955 -0.0107051 -1.5665
20.953 0.0303913 -0.19624 1.49476 -0.00533504 -0.0107003 -1.5665
20.9702 0.0296168 -0.192831 1.49441 -0.00543976 -0.0110089 -1.5665
20.9705 0.0296443 -0.19303 1.49441 -0.0054366 -0.0110045 -1.5665
20.9797 0.0296718 -0.19323 1.49441 -0.00543406 -0.0110008 -1.5665
20.9798 0.0296993 -0.193431 1.49441 -0.00543308 -0.0109979 -1.5665
20.9854 0.0297269 -0.193631 1.49441 -0.00543322 -0.010996 -1.5665
20.991 0.0297545 -0.193833 1.49441 -0.00543452 -0.0109963 -1.5665
20.9947 0.0297822 -0.194034 1.49441 -0.00543682 -0.0109977 -1.56649
21.0026 0.0298099 -0.194236 1.49441 -0.00543962 -0.0109982 -1.56649
21.0026 0.0298376 -0.194438 1.49441 -0.00544114 -0.0109975 -1.56649
21.0092 0.0298653 -0.19464 1.49441 -0.00544148 -0.0109956 -1.56649
21.0141 0.0298931 -0.194843 1.49441 -0.0054412 -0.0109931 -1.56649
21.0206 0.0299208 -0.195046 1.49441 -0.0054396 -0.0109899 -1.56649
21.028 0.0299486 -0.195249 1.49441 -0.00543793 -0.0109851 -1.56649
21.0484 0.0300597 -0.196065 1.49441 -0.00543266 -0.0109651 -1.56648
21.0502 0.0300875 -0.19627 1.49441 -0.00543157 -0.0109612 -1.56648
21.0545 0.0301153 -0.196476 1.4944 -0.00543149 -0.0109579 -1.56648
21.0674 0.0301431 -0.196681 1.4944 -0.00543192 -0.0109562 -1.56647
21.0677 0.0301709 -0.196887 1.4944 -0.0054337 -0.0109547 -1.56647
21.0728 0.0301988 -0.197094 1.4944 -0.00543708 -0.0109544 -1.56647
21.0792 0.0302275 -0.197301 1.4944 -0.00543987 -0.0109547 -1.56647
21.0919 0.0302555 -0.197508 1.4944 -0.00544209 -0.0109538 -1.56647
21.0939 0.0302835 -0.197716 1.4944 -0.00544444 -0.010952 -1.56647
21.095 0.0303115 -0.197924 1.4944 -0.00544598 -0.0109492 -1.56647
21.0995 0.0303396 -0.198132 1.4944 -0.00544709 -0.010946 -1.56646
21.1059 0.0295844 -0.19465 1.49397 -0.00555775 -0.0112562 -1.56647
21.1111 0.02961 -0.194848 1.49397 -0.00555681 -0.0112497 -1.56647
21.1194 0.0296356 -0.195047 1.49397 -0.0055551 -0.0112429 -1.56647
21.1287 0.0296612 -0.195245 1.49397 -0.00555351 -0.0112362 -1.56646
21.1506 0.0297642 -0.196043 1.49397 -0.00554521 -0.0112195 -1.56646
21.1514 0.0297901 -0.196243 1.49397 -0.00554293 -0.0112185 -1.56646
21.1521 0.029816 -0.196444 1.49397 -0.00554233 -0.0112189 -1.56645
21.1578 0.0298421 -0.196645 1.49397 -0.00554267 -0.011221 -1.56645
21.1663 0.0298681 -0.196847 1.49397 -0.00554308 -0.0112244 -1.56645
21.1761 0.0298943 -0.197048 1.49397 -0.00554371 -0.011228 -1.56645
21.1761 0.0299206 -0.19725 1.49397 -0.00554395 -0.0112311 -1.56645
21.1783 0.029947 -0.197453 1.49397 -0.00554389 -0.0112336 -1.56644
21.1836 0.0299733 -0.197656 1.49397 -0.00554343 -0.0112351 -1.56644
21.1837 0.0299998 -0.197859 1.49397 -0.00554077 -0.0112349 -1.56644
21.1934 0.0300263 -0.198062 1.49397 -0.00553716 -0.011233 -1.56644
21.1964 0.0300528 -0.198266 1.49397 -0.00553297 -0.0112303 -1.56644
21.2003 0.0300793 -0.19847 1.49397 -0.00552757 -0.0112272 -1.56644
21.2126 0.0301059 -0.198674 1.49397 -0.00552334 -0.0112236 -1.56644
21.2146 0.0301326 -0.198879 1.49397 -0.00552001 -0.0112203 -1.56644
21.2221 0.0301593 -0.199084 1.49397 -0.00551682 -0.0112174 -1.56643
21.2346 0.0301861 -0.19929 1.49397 -0.0055142 -0.0112147 -1.56643
21.2365 0.0302129 -0.199495 1.49397 -0.00551232 -0.0112128 -1.56643
21.2462 0.0302398 -0.199701 1.49396 -0.00551122 -0.011212 -1.56643
21.2525 0.0302668 -0.199908 1.49396 -0.00551068 -0.0112133 -1.56643
21.2525 0.0302938 -0.200114 1.49396 -0.0055111 -0.0112159 -1.56643
21.2525 0.0303208 -0.200321 1.49396 -0.00551319 -0.0112183 -1.56643
21.2557 0.0303479 -0.200529 1.49396 -0.00551703 -0.0112203 -1.56643
21.2735 0.030375 -0.200737 1.49396 -0.00552021 -0.0112231 -1.56642
21.2758 0.0304022 -0.200945 1.49396 -0.00552187 -0.0112258 -1.56642
21.2805 0.0304294 -0.201153 1.49396 -0.00552356 -0.0112269 -1.56642
21.2838 0.0304566 -0.201362 1.49396 -0.00552434 -0.0112271 -1.56642
21.2894 0.0304838 -0.201572 1.49396 -0.00552397 -0.0112261 -1.56642
21.2895 0.0305111 -0.201781 1.49396 -0.00552292 -0.0112241 -1.56642
21.2974 0.0305384 -0.201991 1.49396 -0.00552054 -0.0112219 -1.56642
21.3016 0.0305658 -0.202201 1.49396 -0.00551631 -0.0112192 -1.56641
21.3062 0.0305932 -0.202412 1.49396 -0.00551213 -0.0112162 -1.56641
21.3103 0.0306206 -0.202623 1.49395 -0.00550908 -0.0112134 -1.56641
21.3242 0.0306505 -0.202836 1.49395 -0.00550624 -0.0112111 -1.56641
21.3266 0.030678 -0.203048 1.49395 -0.00550485 -0.01121 -1.56641
21.3286 0.0307055 -0.203259 1.49395 -0.00550472 -0.0112094 -1.56641
21.3349 0.030733 -0.203472 1.49395 -0.00550497 -0.0112094 -1.56641
21.3564 0.0299578 -0.199694 1.49348 -0.00561275 -0.0115208 -1.56641
21.3565 0.0299828 -0.199896 1.49348 -0.00561352 -0.0115224 -1.56641
21.3614 0.0300079 -0.200098 1.49348 -0.005614 -0.0115234 -1.56641
21.4065 0.0294424 -0.197438 1.49292 -0.00571694 -0.0118257 -1.56639
21.4139 0.0294883 -0.197824 1.49293 -0.00571188 -0.0118206 -1.56639
21.414 0.0295345 -0.198212 1.49293 -0.00570498 -0.0118165 -1.56638
21.4183 0.0295576 -0.198406 1.49293 -0.00570119 -0.0118151 -1.56638
21.4184 0.0295809 -0.198601 1.49293 -0.0056977 -0.0118143 -1.56638
21.4201 0.0296042 -0.198796 1.49293 -0.00569572 -0.011814 -1.56638
21.4228 0.0296275 -0.198992 1.49293 -0.00569447 -0.0118142 -1.56637
21.4235 0.0296509 -0.199187 1.49293 -0.00569309 -0.0118155 -1.56637
21.4289 0.029674 -0.199384 1.49293 -0.00569261 -0.0118178 -1.56637
21.458 0.0291319 -0.196309 1.49231 -0.0057927 -0.0121232 -1.56637
21.4673 0.0291534 -0.196495 1.49231 -0.00579048 -0.0121219 -1.56637
21.4834 0.0292395 -0.197243 1.49231 -0.00577529 -0.0121077 -1.56636
21.4951 0.0293039 -0.197807 1.49232 -0.00576205 -0.0120952 -1.56635
21.5045 0.0293254 -0.197995 1.49232 -0.00576163 -0.0121593 -1.56635
21.5177 0.0293469 -0.198182 1.49232 -0.00576146 -0.0122234 -1.56635
21.5211 0.0293684 -0.198371 1.49232 -0.00575943 -0.0122189 -1.56635
21.5223 0.02939 -0.198561 1.49232 -0.00575811 -0.0122122 -1.56635
21.5293 0.0294115 -0.198752 1.49232 -0.00575699 -0.0122 -1.56634
21.5306 0.0294331 -0.198943 1.49232 -0.00576019 -0.0121761 -1.56634
21.5428 0.0294548 -0.199136 1.49233 -0.00576169 -0.0121454 -1.56634
21.5429 0.0294764 -0.199329 1.49233 -0.00575754 -0.0121161 -1.56634
21.556 0.0294979 -0.199521 1.49233 -0.00575197 -0.0120905 -1.56634
21.5675 0.0295843 -0.200294 1.49234 -0.00571382 -0.0120527 -1.56634
21.5707 0.0296059 -0.200488 1.49234 -0.00570227 -0.0120587 -1.56633
21.5717 0.0296275 -0.200682 1.49235 -0.00569107 -0.0120699 -1.56633
21.5764 0.0296492 -0.200877 1.49235 -0.00568031 -0.0120842 -1.56633
21.5849 0.0296708 -0.201072 1.49235 -0.00567126 -0.0120999 -1.56633
21.5865 0.0296924 -0.201267 1.49236 -0.00566301 -0.0121161 -1.56633
21.5896 0.029714 -0.201462 1.49236 -0.00565553 -0.0121308 -1.56632
21.5936 0.0297355 -0.201658 1.49236 -0.00564927 -0.0121427 -1.56632
21.5982 0.0297571 -0.201854 1.49237 -0.0056443 -0.0121516 -1.56632
21.6021 0.0297787 -0.20205 1.49237 -0.00563998 -0.0121575 -1.56632
21.6129 0.0298004 -0.202246 1.49238 -0.00563598 -0.0121603 -1.56632
21.6141 0.029822 -0.202443 1.49238 -0.00563292 -0.0121604 -1.56632
21.6163 0.0298436 -0.20264 1.49239 -0.00562952 -0.0121584 -1.56632
21.6184 0.0298652 -0.202838 1.49239 -0.00562556 -0.0121554 -1.56631
21.656 0.0298868 -0.203036 1.49239 -0.0056221 -0.0121518 -1.56631
21.6624 0.0299084 -0.203234 1.4924 -0.00561997 -0.0121484 -1.56631
21.6624 0.0299301 -0.203433 1.4924 -0.00561877 -0.0121453 -1.56631
21.6625 0.0299517 -0.203631 1.49241 -0.00561698 -0.0121441 -1.56631
21.67 0.0299733 -0.20383 1.49241 -0.00561421 -0.0121448 -1.56631
21.6833 0.0299949 -0.20403 1.49241 -0.00561127 -0.012146 -1.5663
21.6949 0.0300165 -0.20423 1.49242 -0.00560884 -0.0121477 -1.5663
21.7571 0.02905 -0.198178 1.49104 -0.00580481 -0.0127603 -1.5663
21.7609 0.0290671 -0.198358 1.49105 -0.00580375 -0.0127604 -1.56629
21.7627 0.0290842 -0.198538 1.49105 -0.00580232 -0.0127602 -1.56629
21.7638 0.0291012 -0.198718 1.49105 -0.00580075 -0.0127589 -1.56629
21.7667 0.0291182 -0.198899 1.49106 -0.0057991 -0.0127563 -1.56629
21.7683 0.0291352 -0.19908 1.49106 -0.00579785 -0.0127532 -1.56628
21.7703 0.0291522 -0.199262 1.49107 -0.00579681 -0.0127503 -1.56628
21.7713 0.0291692 -0.199443 1.49107 -0.00579595 -0.0127484 -1.56628
21.772 0.0291861 -0.199625 1.49107 -0.00579542 -0.0127478 -1.56628
21.7778 0.029203 -0.199807 1.49107 -0.0057952 -0.0127468 -1.56628
21.7817 0.0292198 -0.199989 1.49108 -0.00579827 -0.012816 -1.56628
21.7886 0.029236 -0.20017 1.49108 -0.00580062 -0.0128827 -1.56628
21.8055 0.0292527 -0.200353 1.49108 -0.00579923 -0.012875 -1.56628
21.8073 0.0292695 -0.200537 1.49108 -0.00579787 -0.0128624 -1.56628
21.8163 0.0287641 -0.1968 1.4903 -0.00589374 -0.0131259 -1.56628
21.8164 0.0287791 -0.196974 1.4903 -0.00589545 -0.0130715 -1.56628
21.8174 0.0287941 -0.19715 1.49031 -0.00589711 -0.0130071 -1.56628
21.8242 0.0288091 -0.197325 1.49031 -0.00589628 -0.0129614 -1.56628
21.8265 0.028824 -0.1975 1.49032 -0.00589604 -0.0129182 -1.56627
21.83 0.0288389 -0.197675 1.49032 -0.00589693 -0.0128817 -1.56627
21.83 0.0288538 -0.19785 1.49032 -0.00589799 -0.0128539 -1.56627
21.8342 0.0288686 -0.198026 1.49033 -0.00589898 -0.0128363 -1.56627
21.8396 0.0288835 -0.198202 1.49033 -0.00590028 -0.0128279 -1.56627
21.8404 0.0288983 -0.198378 1.49034 -0.00590238 -0.0128264 -1.56627
21.8436 0.0289132 -0.198554 1.49034 -0.00590556 -0.0128311 -1.56627
21.8471 0.028928 -0.198731 1.49034 -0.00590832 -0.01284 -1.56627
21.867 0.0289424 -0.198908 1.49035 -0.00591153 -0.012851 -1.56626
21.8671 0.0289572 -0.199085 1.49035 -0.00591498 -0.012863 -1.56626
21.8671 0.0289719 -0.199262 1.49036 -0.00591719 -0.0128752 -1.56626
21.8698 0.0289866 -0.19944 1.49036 -0.005918 -0.0128868 -1.56626
21.9068 0.0286122 -0.196274 1.48956 -0.00601481 -0.0131858 -1.56626
21.9127 0.0286251 -0.196442 1.48956 -0.00601458 -0.0131853 -1.56626
21.9189 0.0286381 -0.19661 1.48957 -0.00601381 -0.0131829 -1.56626
21.9216 0.028651 -0.196779 1.48957 -0.00601317 -0.0131788 -1.56626
21.9241 0.0286639 -0.196947 1.48958 -0.00601311 -0.0131748 -1.56626
21.9281 0.0286768 -0.197116 1.48958 -0.00601389 -0.0131711 -1.56626
21.9353 0.0286898 -0.197285 1.48959 -0.00601483 -0.0131685 -1.56625
21.9411 0.0287027 -0.197455 1.48959 -0.00601505 -0.0131683 -1.56625
21.946 0.0287156 -0.197624 1.4896 -0.00601608 -0.0131699 -1.56625
21.948 0.0287285 -0.197794 1.4896 -0.00601768 -0.0131726 -1.56625
21.9547 0.0287414 -0.197964 1.48961 -0.00601912 -0.0131762 -1.56625
21.958 0.0287542 -0.198135 1.48961 -0.0060214 -0.0131804 -1.56625
21.9674 0.0287671 -0.198305 1.48961 -0.00602395 -0.0131859 -1.56624
21.9738 0.02878 -0.198476 1.48962 -0.00602659 -0.0131921 -1.56624
21.9748 0.028793 -0.198647 1.48962 -0.0060296 -0.0131982 -1.56624
21.9811 0.0288059 -0.198819 1.48962 -0.00603249 -0.0132046 -1.56624
21.9879 0.0288189 -0.19899 1.48963 -0.00603556 -0.0132111 -1.56624
22.0024 0.0288318 -0.199163 1.48963 -0.00603895 -0.0132174 -1.56624
22.0082 0.0288447 -0.199335 1.48964 -0.0060423 -0.0132242 -1.56623
22.0102 0.0288575 -0.199507 1.48964 -0.00604612 -0.0132313 -1.56623
22.0119 0.0288703 -0.19968 1.48964 -0.00605 -0.013237 -1.56623
22.0157 0.0288832 -0.199853 1.48964 -0.00605386 -0.0132426 -1.56623
22.018 0.028896 -0.200026 1.48965 -0.00605764 -0.0132485 -1.56623
22.0317 0.0285114 -0.196341 1.48879 -0.00615836 -0.0135294 -1.56623
22.0321 0.0285227 -0.196504 1.48879 -0.00616235 -0.0135346 -1.56623
22.0525 0.028534 -0.196666 1.4888 -0.00616566 -0.0135399 -1.56623
22.055 0.0285453 -0.19683 1.4888 -0.00616955 -0.0135451 -1.56623
22.0616 0.0285565 -0.196993 1.4888 -0.00617324 -0.0135513 -1.56623
22.0616 0.0285676 -0.197156 1.48881 -0.00617596 -0.013556 -1.56623
22.0822 0.0286119 -0.197814 1.48882 -0.00618201 -0.0135633 -1.56622
22.0877 0.0286229 -0.19798 1.48882 -0.006182 -0.0135017 -1.56622
22.0984 0.0286339 -0.198147 1.48882 -0.00618291 -0.0134384 -1.56622
22.099 0.0286448 -0.198314 1.48883 -0.00618605 -0.0134353 -1.56622
22.1086 0.0286558 -0.19848 1.48883 -0.00619018 -0.0134333 -1.56621
22.1095 0.0286666 -0.198646 1.48883 -0.00619493 -0.0134365 -1.56621
22.1137 0.0286775 -0.198813 1.48883 -0.00619955 -0.0134471 -1.56621
22.1159 0.0286884 -0.19898 1.48884 -0.0062045 -0.0134631 -1.56621
22.1197 0.0286992 -0.199147 1.48884 -0.00620913 -0.0134818 -1.56621
22.124 0.0287101 -0.199315 1.48884 -0.00621326 -0.0135 -1.56621
22.1405 0.0287209 -0.199482 1.48885 -0.00621773 -0.0135158 -1.5662
22.1447 0.0287316 -0.19965 1.48885 -0.0062226 -0.0135293 -1.5662
22.1566 0.0287638 -0.200155 1.48886 -0.00623734 -0.0135467 -1.5662
22.1622 0.0287746 -0.200323 1.48886 -0.00624179 -0.0135445 -1.5662
22.1663 0.0287853 -0.200492 1.48887 -0.00624524 -0.0135391 -1.5662
22.1722 0.0287961 -0.200661 1.48887 -0.00624789 -0.0135732 -1.56619
22.1949 0.0288068 -0.200829 1.48887 -0.00625053 -0.0136064 -1.56619
22.1992 0.0288176 -0.200998 1.48888 -0.00625295 -0.013597 -1.56619
22.2012 0.0288284 -0.201169 1.48888 -0.00625525 -0.0135856 -1.56619
22.206 0.0288393 -0.20134 1.48888 -0.00625946 -0.0135477 -1.56619
22.2172 0.0288501 -0.201513 1.48888 -0.006263 -0.0135052 -1.56619
22.221 0.028861 -0.201685 1.48889 -0.00626383 -0.0134841 -1.56619
22.2237 0.0288719 -0.201857 1.48889 -0.00626411 -0.0134662 -1.56619
22.2302 0.0288827 -0.202029 1.48889 -0.00626443 -0.0134534 -1.56619
22.238 0.0288936 -0.202202 1.4889 -0.00626411 -0.0134476 -1.56618
22.2419 0.0289045 -0.202374 1.4889 -0.00626351 -0.0134477 -1.56618
22.2476 0.0289154 -0.202547 1.4889 -0.0062631 -0.0134508 -1.56618
22.2522 0.0289264 -0.20272 1.48891 -0.00626243 -0.0134565 -1.56618
22.2616 0.0289373 -0.202893 1.48891 -0.0062618 -0.0134643 -1.56618
22.2617 0.0289483 -0.203067 1.48891 -0.00626172 -0.0134731 -1.56618
22.2633 0.0289593 -0.203241 1.48891 -0.00626179 -0.0134812 -1.56617
22.2749 0.0289703 -0.203415 1.48892 -0.00626124 -0.0134878 -1.56617
22.2827 0.0289812 -0.203589 1.48892 -0.00626026 -0.0134922 -1.56617
22.291 0.0289921 -0.203763 1.48892 -0.0062594 -0.0134948 -1.56617
22.2927 0.029003 -0.203938 1.48892 -0.0062588 -0.0134946 -1.56617
22.2943 0.0290139 -0.204113 1.48893 -0.00625844 -0.0134916 -1.56617
22.3062 0.0290574 -0.204816 1.48894 -0.00625673 -0.0134683 -1.56616
22.3104 0.0290682 -0.204993 1.48894 -0.00625496 -0.01346 -1.56616
22.3391 0.0290791 -0.205169 1.48894 -0.00625348 -0.0134515 -1.56616
22.3391 0.0290899 -0.205346 1.48894 -0.00625316 -0.0134442 -1.56616
22.3433 0.0291008 -0.205523 1.48895 -0.00625321 -0.0134761 -1.56615
22.3488 0.0291117 -0.205699 1.48895 -0.00625499 -0.0135092 -1.56615
22.3547 0.0291227 -0.205876 1.48895 -0.00625793 -0.0135049 -1.56615
22.365 0.0291338 -0.206054 1.48895 -0.00626069 -0.0135008 -1.56615
22.3699 0.0291448 -0.206234 1.48896 -0.00626489 -0.013463 -1.56615
22.3841 0.0288132 -0.202206 1.48813 -0.00636077 -0.0136855 -1.56615
22.3862 0.0288425 -0.202711 1.48814 -0.00636874 -0.0136559 -1.56615
22.3888 0.0288523 -0.202877 1.48814 -0.00637153 -0.0136509 -1.56615
22.3888 0.0288621 -0.203044 1.48814 -0.00637448 -0.0136501 -1.56615
22.3889 0.028872 -0.203212 1.48815 -0.00637707 -0.0136529 -1.56615
22.393 0.0288818 -0.203379 1.48815 -0.00637913 -0.0136593 -1.56615
22.4029 0.0288916 -0.203547 1.48815 -0.00638074 -0.0136667 -1.56614
22.4098 0.028902 -0.203714 1.48815 -0.00638235 -0.0136734 -1.56614
22.4272 0.0286449 -0.19984 1.48726 -0.00648165 -0.0139502 -1.56615
22.432 0.0286537 -0.199997 1.48726 -0.00648153 -0.0139546 -1.56615
22.4336 0.0286626 -0.200155 1.48727 -0.0064825 -0.0139573 -1.56615
22.452 0.0286982 -0.200788 1.48728 -0.00648514 -0.0139496 -1.56614
22.4634 0.0287072 -0.200947 1.48728 -0.00648559 -0.0139432 -1.56614
22.4819 0.0287162 -0.201106 1.48728 -0.00648662 -0.0139354 -1.56614
22.482 0.0287252 -0.201265 1.48729 -0.00648723 -0.0139271 -1.56613
22.5068 0.0287343 -0.201425 1.48729 -0.0064876 -0.0139189 -1.56613
22.5069 0.0287433 -0.201584 1.48729 -0.00648691 -0.0139539 -1.56613
22.508 0.0287523 -0.201743 1.48729 -0.00648523 -0.0139891 -1.56613
22.515 0.0287614 -0.201902 1.4873 -0.00648483 -0.0139819 -1.56613
22.5151 0.0287705 -0.202064 1.4873 -0.00648551 -0.0139743 -1.56613
22.5214 0.0287796 -0.202226 1.4873 -0.00648705 -0.0139278 -1.56613
22.5239 0.0287887 -0.202389 1.4873 -0.00648793 -0.0138782 -1.56613
22.5332 0.0287977 -0.202552 1.48731 -0.0064887 -0.0138641 -1.56612
22.5384 0.0288068 -0.202714 1.48731 -0.00649053 -0.0138516 -1.56612
22.5425 0.0288158 -0.202877 1.48731 -0.00649208 -0.0138457 -1.56612
22.557 0.0288249 -0.20304 1.48731 -0.00649395 -0.0138468 -1.56612
22.5595 0.0288339 -0.203204 1.48731 -0.00649624 -0.0138523 -1.56612
22.5651 0.0288429 -0.203367 1.48732 -0.00649835 -0.0138614 -1.56612
22.5706 0.0288519 -0.203531 1.48732 -0.00649976 -0.0138713 -1.56611
22.5881 0.0285938 -0.199657 1.48641 -0.00659519 -0.0141437 -1.56612
22.6044 0.0286018 -0.19981 1.48642 -0.00659741 -0.014151 -1.56612
22.6133 0.0286098 -0.199964 1.48642 -0.0065995 -0.0141558 -1.56612
22.6133 0.0286177 -0.200118 1.48642 -0.00660109 -0.0141576 -1.56611
22.6176 0.0286257 -0.200272 1.48643 -0.00660208 -0.0141571 -1.56611
22.6201 0.0286337 -0.200427 1.48643 -0.00660278 -0.014155 -1.56611
22.6253 0.0286417 -0.200581 1.48643 -0.00660341 -0.0141507 -1.56611
22.6293 0.0286497 -0.200736 1.48643 -0.00660445 -0.0141447 -1.56611
22.6319 0.0286577 -0.200892 1.48644 -0.00660609 -0.0141374 -1.56611
22.6515 0.0286659 -0.201046 1.48644 -0.00660801 -0.0141295 -1.56611
22.6562 0.0284155 -0.197329 1.48552 -0.00669714 -0.0143742 -1.56611
22.6624 0.0284226 -0.197475 1.48552 -0.00669861 -0.0143674 -1.56611
22.6671 0.0284297 -0.197621 1.48552 -0.00670087 -0.014361 -1.56611
22.6829 0.0284367 -0.197767 1.48553 -0.00670302 -0.0143552 -1.56611
22.6848 0.0284439 -0.197913 1.48553 -0.00670426 -0.0143512 -1.56611
22.6915 0.028451 -0.198059 1.48553 -0.00670518 -0.014348 -1.56611
22.6916 0.0284582 -0.198205 1.48554 -0.0067061 -0.0143439 -1.56611
22.695 0.0284654 -0.198352 1.48554 -0.0067074 -0.0143396 -1.5661
22.7107 0.028487 -0.198794 1.48555 -0.00671383 -0.0143284 -1.5661
22.7162 0.0284943 -0.198941 1.48555 -0.00671602 -0.0143249 -1.5661
22.7216 0.0285015 -0.199089 1.48555 -0.00671729 -0.0143205 -1.5661
22.7273 0.0285087 -0.199237 1.48555 -0.006719 -0.0143158 -1.5661
22.7351 0.028516 -0.199386 1.48556 -0.0067208 -0.014311 -1.5661
22.742 0.0285232 -0.199534 1.48556 -0.00672161 -0.0143061 -1.5661
22.742 0.0285304 -0.199683 1.48556 -0.00672227 -0.0143011 -1.56609
22.7473 0.0285376 -0.199832 1.48556 -0.00672246 -0.0142954 -1.56609
22.7501 0.0285448 -0.199982 1.48556 -0.00672305 -0.0142887 -1.56609
22.7617 0.0285519 -0.200131 1.48556 -0.0067233 -0.0142816 -1.56609
22.7668 0.0285591 -0.200281 1.48556 -0.00672366 -0.014275 -1.56609
22.7693 0.0285663 -0.200431 1.48556 -0.00672533 -0.014269 -1.56609
22.7776 0.0285735 -0.200581 1.48557 -0.00672823 -0.014264 -1.56609
22.7776 0.0285807 -0.20073 1.48557 -0.00673255 -0.0143064 -1.56609
22.7831 0.0285879 -0.200879 1.48557 -0.00673671 -0.0143495 -1.56608
22.7885 0.0285953 -0.20103 1.48557 -0.00674175 -0.0143472 -1.56608
22.7915 0.0286025 -0.201181 1.48557 -0.00674793 -0.0143443 -1.56608
22.817 0.0284071 -0.197945 1.48465 -0.00685626 -0.0145639 -1.56609
22.8271 0.0284134 -0.198088 1.48465 -0.00685966 -0.0145584 -1.56609
22.8282 0.0284197 -0.198231 1.48465 -0.00686217 -0.0145617 -1.56609
22.8302 0.028426 -0.198375 1.48465 -0.00686379 -0.0145735 -1.56609
22.8326 0.0284324 -0.198518 1.48465 -0.00686453 -0.0145914 -1.56608
22.841 0.0284387 -0.198662 1.48465 -0.00686469 -0.0146126 -1.56608
22.8427 0.0284451 -0.198805 1.48466 -0.00686455 -0.0146345 -1.56608
22.845 0.0284514 -0.198949 1.48466 -0.00686475 -0.0146551 -1.56608
22.8537 0.0284577 -0.199093 1.48466 -0.00686535 -0.0146734 -1.56608
22.857 0.0284641 -0.199238 1.48466 -0.00686596 -0.0146884 -1.56608
22.86 0.0284704 -0.199382 1.48467 -0.00686627 -0.0146996 -1.56608
22.8763 0.0284768 -0.199527 1.48467 -0.00686689 -0.014706 -1.56608
22.8764 0.0284832 -0.199672 1.48467 -0.00686791 -0.0147087 -1.56608
22.8861 0.0284896 -0.199817 1.48467 -0.0068693 -0.0147087 -1.56607
22.901 0.0285151 -0.2004 1.48469 -0.00687237 -0.0146872 -1.56607
22.9125 0.0285214 -0.200546 1.48469 -0.00687224 -0.014678 -1.56607
22.9264 0.0283173 -0.196887 1.48374 -0.00696033 -0.0149172 -1.56608
22.9298 0.0283228 -0.197024 1.48374 -0.00696046 -0.0149101 -1.56608
22.9305 0.0283282 -0.197161 1.48375 -0.00696065 -0.0149045 -1.56607
22.9312 0.0283337 -0.197297 1.48375 -0.00696097 -0.0149493 -1.56607
22.9367 0.0283392 -0.197434 1.48375 -0.00696095 -0.0149511 -1.56607
22.9559 0.0283447 -0.197572 1.48375 -0.00696176 -0.0149047 -1.56607
22.9652 0.0283502 -0.19771 1.48376 -0.00696278 -0.0149014 -1.56607
22.9693 0.0283558 -0.197848 1.48376 -0.00696368 -0.0148947 -1.56607
22.9701 0.0283613 -0.197987 1.48376 -0.00696507 -0.0148817 -1.56607
22.9757 0.028367 -0.198125 1.48377 -0.00696564 -0.0148632 -1.56607
22.9763 0.0283726 -0.198263 1.48377 -0.00696519 -0.0148428 -1.56606
22.9781 0.0283783 -0.198402 1.48377 -0.00696447 -0.01482 -1.56606
22.9828 0.0283839 -0.198541 1.48378 -0.00696355 -0.0147953 -1.56606
22.983 0.0283896 -0.19868 1.48378 -0.00696213 -0.0147703 -1.56606
22.9939 0.0283954 -0.198819 1.48378 -0.00696113 -0.0147465 -1.56606
22.9957 0.0284012 -0.198959 1.48378 -0.00696067 -0.0147259 -1.56606
23.0035 0.028407 -0.199098 1.48379 -0.00696079 -0.0147083 -1.56605
23.0035 0.0284128 -0.199238 1.48379 -0.00696095 -0.0146924 -1.56605
23.0084 0.0284186 -0.199378 1.48379 -0.0069613 -0.014679 -1.56605
23.0115 0.0284243 -0.199518 1.48379 -0.00696292 -0.0146685 -1.56605
23.0178 0.0284301 -0.199659 1.4838 -0.00696492 -0.0146614 -1.56605
23.0242 0.0284364 -0.199799 1.4838 -0.00696699 -0.0146573 -1.56605
23.0281 0.0284422 -0.19994 1.4838 -0.00696966 -0.0146548 -1.56605
23.0315 0.0284481 -0.200081 1.4838 -0.00697248 -0.0146541 -1.56604
23.0377 0.0284539 -0.200223 1.4838 -0.00697458 -0.0146549 -1.56604
23.0608 0.0282777 -0.196692 1.48292 -0.00705359 -0.0148798 -1.56605
23.0636 0.0282828 -0.196824 1.48292 -0.00705738 -0.0148825 -1.56605
23.0673 0.028288 -0.196956 1.48292 -0.00706129 -0.0148855 -1.56605
23.0739 0.0282932 -0.197089 1.48293 -0.00706606 -0.0148886 -1.56605
23.0759 0.0282984 -0.197222 1.48293 -0.00707043 -0.0148917 -1.56605
23.0801 0.0283035 -0.197355 1.48293 -0.00707482 -0.0148946 -1.56605
23.0904 0.0283087 -0.197489 1.48293 -0.0070789 -0.0148967 -1.56604
23.0954 0.0283138 -0.197622 1.48293 -0.00708185 -0.0148986 -1.56604
23.0974 0.028319 -0.197756 1.48293 -0.00708479 -0.0149004 -1.56604
23.1014 0.0283241 -0.19789 1.48294 -0.0070873 -0.0149015 -1.56604
23.1112 0.0283293 -0.198025 1.48294 -0.00709007 -0.0149018 -1.56604
23.1135 0.0283345 -0.198159 1.48294 -0.0070931 -0.0149011 -1.56603
23.1195 0.0283397 -0.198294 1.48294 -0.007095 -0.0149002 -1.56603
23.1249 0.0283449 -0.198429 1.48294 -0.00709647 -0.0148987 -1.56603
23.1291 0.0283502 -0.198564 1.48294 -0.00709806 -0.0148966 -1.56603
23.1335 0.0283555 -0.198699 1.48294 -0.00709977 -0.0148943 -1.56603
23.1401 0.0283608 -0.198834 1.48294 -0.00710103 -0.0148916 -1.56603
23.1438 0.0283661 -0.19897 1.48294 -0.00710207 -0.0148888 -1.56602
23.1556 0.0283715 -0.199107 1.48294 -0.00710306 -0.0148859 -1.56602
23.1593 0.0283769 -0.199243 1.48294 -0.00710321 -0.0148828 -1.56602
23.1861 0.028187 -0.195742 1.48205 -0.00717435 -0.0150938 -1.56603
23.1894 0.0281916 -0.195869 1.48205 -0.00717471 -0.0150901 -1.56603
23.1966 0.0281962 -0.195997 1.48205 -0.00717457 -0.0150858 -1.56603
23.1969 0.0282008 -0.196124 1.48205 -0.00717481 -0.015081 -1.56603
23.1998 0.0282055 -0.196252 1.48205 -0.00717466 -0.0150752 -1.56602
23.2181 0.0282102 -0.196379 1.48205 -0.00717416 -0.0150693 -1.56602
23.2185 0.0282149 -0.196507 1.48205 -0.00717446 -0.0150645 -1.56602
23.221 0.0282196 -0.196636 1.48205 -0.00717542 -0.0150604 -1.56602
23.2246 0.0282243 -0.196764 1.48205 -0.00717652 -0.0150563 -1.56602
23.2307 0.0282291 -0.196893 1.48205 -0.00717907 -0.0150526 -1.56602
23.2439 0.0282338 -0.197021 1.48205 -0.00718363 -0.0150506 -1.56602
23.2473 0.0282386 -0.19715 1.48205 -0.00718883 -0.0150498 -1.56601
23.248 0.0282434 -0.19728 1.48205 -0.0071945 -0.0150498 -1.56601
23.254 0.0282483 -0.197409 1.48205 -0.0072005 -0.0150504 -1.56601
23.2662 0.0282532 -0.197539 1.48205 -0.00720583 -0.0150497 -1.56601
23.2705 0.0282581 -0.197669 1.48205 -0.00721061 -0.015048 -1.56601
23.2738 0.0282631 -0.197799 1.48205 -0.00721505 -0.0150461 -1.56601
23.278 0.0282682 -0.197929 1.48205 -0.00721865 -0.0150426 -1.56601
23.2829 0.0282732 -0.198059 1.48205 -0.0072209 -0.015038 -1.56601
23.29 0.0282782 -0.19819 1.48205 -0.00722233 -0.0150325 -1.566
23.3069 0.0282834 -0.198321 1.48205 -0.00722385 -0.0150261 -1.566
23.3069 0.0282885 -0.198452 1.48205 -0.00722527 -0.0150198 -1.566
23.3093 0.0281617 -0.195029 1.48117 -0.00729851 -0.0152244 -1.56601
23.3209 0.0281662 -0.195152 1.48117 -0.00730012 -0.0152192 -1.56601
23.321 0.0281708 -0.195274 1.48117 -0.00730191 -0.015215 -1.56601
23.3263 0.0281755 -0.195397 1.48117 -0.00730377 -0.0152127 -1.56601
23.3315 0.0281802 -0.195519 1.48117 -0.00730619 -0.0152115 -1.56601
23.3381 0.0281849 -0.195642 1.48117 -0.00730952 -0.0152114 -1.566
23.3443 0.0281897 -0.195766 1.48117 -0.00731327 -0.0152131 -1.566
23.3468 0.0281946 -0.195889 1.48117 -0.00731695 -0.0152152 -1.566
23.3509 0.0281995 -0.196013 1.48117 -0.0073204 -0.0152174 -1.566
23.3567 0.0282043 -0.196136 1.48117 -0.00732354 -0.0152197 -1.566
23.3632 0.0282092 -0.19626 1.48117 -0.00732521 -0.0152209 -1.566
23.3632 0.0282141 -0.196385 1.48117 -0.00732642 -0.0152209 -1.566
23.3769 0.028219 -0.196509 1.48117 -0.00732711 -0.01522 -1.566
23.3846 0.028224 -0.196633 1.48117 -0.00732717 -0.0152173 -1.56599
23.3875 0.028229 -0.196758 1.48117 -0.00732633 -0.0152128 -1.56599
23.3904 0.028234 -0.196883 1.48116 -0.00732471 -0.015207 -1.56599
23.3917 0.0282391 -0.197008 1.48116 -0.0073231 -0.0152011 -1.56599
23.4 0.0282442 -0.197133 1.48116 -0.0073211 -0.0151958 -1.56599
23.4019 0.0282494 -0.197259 1.48116 -0.00731846 -0.0151911 -1.56599
23.4105 0.0282547 -0.197384 1.48116 -0.00731603 -0.015188 -1.56599
23.4229 0.02826 -0.19751 1.48116 -0.00731474 -0.0151864 -1.56598
23.4282 0.0282654 -0.197636 1.48116 -0.00731361 -0.0151859 -1.56598
23.436 0.0282708 -0.197762 1.48116 -0.00731308 -0.0151872 -1.56598
23.4391 0.0282762 -0.197889 1.48116 -0.00731385 -0.01519 -1.56598
23.453 0.0281921 -0.194509 1.4803 -0.00738567 -0.0153973 -1.56599
23.4548 0.0281971 -0.194627 1.4803 -0.0073866 -0.0154001 -1.56599
23.4581 0.0282021 -0.194746 1.4803 -0.00738758 -0.0154027 -1.56599
23.4645 0.0282071 -0.194864 1.4803 -0.00738739 -0.0154044 -1.56599
23.4715 0.0282122 -0.194982 1.4803 -0.00738605 -0.0154045 -1.56599
23.4734 0.0282173 -0.195101 1.4803 -0.00738437 -0.0154025 -1.56598
23.4758 0.0282224 -0.19522 1.4803 -0.00738176 -0.0153998 -1.56598
23.4785 0.0282275 -0.195339 1.4803 -0.00737876 -0.0153967 -1.56598
23.4805 0.0282326 -0.195458 1.4803 -0.00737476 -0.0153923 -1.56598
23.4939 0.0282377 -0.195577 1.4803 -0.00736961 -0.015387 -1.56598
23.4974 0.0282428 -0.195697 1.4803 -0.00736497 -0.0153817 -1.56598
23.4994 0.0282479 -0.195816 1.4803 -0.00736107 -0.0153765 -1.56598
23.5089 0.028253 -0.195936 1.4803 -0.00735744 -0.0153716 -1.56598
23.5119 0.0282582 -0.196056 1.4803 -0.00735359 -0.0153673 -1.56598
23.5141 0.0282634 -0.196176 1.4803 -0.00735032 -0.0153643 -1.56597
23.5216 0.0282686 -0.196297 1.4803 -0.00734941 -0.0153629 -1.56597
23.5252 0.0282739 -0.196417 1.4803 -0.00735037 -0.0153628 -1.56597
23.5263 0.0282792 -0.196538 1.4803 -0.00735233 -0.0153642 -1.56597
23.5298 0.0282845 -0.196659 1.4803 -0.00735493 -0.015367 -1.56597
23.5328 0.0282899 -0.19678 1.4803 -0.00735834 -0.0153701 -1.56597
23.5401 0.0282952 -0.196901 1.4803 -0.00736217 -0.0153721 -1.56597
23.5435 0.0283005 -0.197022 1.4803 -0.00736525 -0.0153733 -1.56597
23.5498 0.0283059 -0.197144 1.4803 -0.00736677 -0.0153739 -1.56597
23.5539 0.0283113 -0.197266 1.4803 -0.00736754 -0.0153741 -1.56597
23.5669 0.0283167 -0.197388 1.4803 -0.00736801 -0.0153734 -1.56596
23.5705 0.0283222 -0.19751 1.4803 -0.00736707 -0.0153718 -1.56596
23.5756 0.0283277 -0.197632 1.4803 -0.00736458 -0.0153706 -1.56596
23.5797 0.0283443 -0.198001 1.4803 -0.00735217 -0.0153782 -1.56596
23.5866 0.0283499 -0.198125 1.48029 -0.00734704 -0.0153848 -1.56596
23.5927 0.0283555 -0.19825 1.48029 -0.00734128 -0.0153918 -1.56596
23.6008 0.0283612 -0.198375 1.48029 -0.00733595 -0.0153987 -1.56596
23.603 0.028367 -0.1985 1.48029 -0.00733202 -0.015406 -1.56596
23.6036 0.0283728 -0.198626 1.48029 -0.00732912 -0.0154131 -1.56596
23.608 0.0283786 -0.198752 1.48028 -0.00732768 -0.0154204 -1.56596
23.614 0.0283845 -0.198879 1.48028 -0.0073272 -0.0154296 -1.56596
23.6151 0.0283904 -0.199007 1.48027 -0.00732794 -0.0154405 -1.56596
23.62 0.0283963 -0.199135 1.48027 -0.00732998 -0.0154521 -1.56596
23.6355 0.0284022 -0.199263 1.48026 -0.00732988 -0.01548 -1.56596
23.6368 0.0284081 -0.199391 1.48025 -0.00733159 -0.0155119 -1.56596
23.6441 0.028414 -0.19952 1.48024 -0.00733776 -0.0155329 -1.56596
23.6469 0.02842 -0.19965 1.48024 -0.00734494 -0.0155545 -1.56596
23.6548 0.0284259 -0.199781 1.48023 -0.00735245 -0.0155746 -1.56596
23.6602 0.0284319 -0.199914 1.48021 -0.00735985 -0.0155926 -1.56596
23.6618 0.0284379 -0.200046 1.4802 -0.00736875 -0.0156084 -1.56597
23.6636 0.028444 -0.20018 1.48019 -0.00737838 -0.0156218 -1.56597
23.6672 0.0284501 -0.200314 1.48018 -0.00738792 -0.0156324 -1.56597
23.6722 0.0284562 -0.20045 1.48016 -0.00739767 -0.0156413 -1.56597
23.6762 0.0284624 -0.200586 1.48015 -0.00740797 -0.0156493 -1.56597
23.7115 0.0284106 -0.197184 1.47927 -0.0074991 -0.01594 -1.56599
23.716 0.0284223 -0.197437 1.47923 -0.00751767 -0.01603 -1.566
23.7174 0.0284282 -0.197564 1.47921 -0.00752764 -0.0160399 -1.566
23.7217 0.0284342 -0.197691 1.47919 -0.00753759 -0.0160467 -1.566
23.7218 0.0284402 -0.19782 1.47917 -0.00754725 -0.0160498 -1.566
23.7248 0.0284463 -0.19795 1.47915 -0.00755629 -0.0160511 -1.56601
23.7255 0.0284523 -0.198081 1.47913 -0.00756378 -0.0160509 -1.56601
23.7383 0.0284582 -0.198212 1.4791 -0.00757085 -0.0160505 -1.56601
23.7444 0.0284643 -0.198345 1.47908 -0.00757804 -0.0160516 -1.56601
23.7483 0.0284704 -0.198479 1.47905 -0.00758422 -0.0160537 -1.56602
23.749 0.0284765 -0.198614 1.47903 -0.00759037 -0.0160578 -1.56602
23.7565 0.028429 -0.195188 1.47816 -0.00766901 -0.0163236 -1.56604
23.7637 0.0284348 -0.195315 1.47813 -0.00767572 -0.0163893 -1.56604
23.7655 0.0284406 -0.195443 1.4781 -0.00767859 -0.0164288 -1.56604
23.7685 0.0284466 -0.195573 1.47807 -0.00768123 -0.0164688 -1.56605
23.7842 0.0284648 -0.195977 1.47799 -0.00769253 -0.0164396 -1.56606
23.7867 0.0284711 -0.196116 1.47796 -0.00769545 -0.01641 -1.56606
23.79 0.0284773 -0.196257 1.47793 -0.00769752 -0.0163779 -1.56607
23.7986 0.0284836 -0.196398 1.4779 -0.00769962 -0.0163998 -1.56607
23.8009 0.02849 -0.19654 1.47787 -0.00770013 -0.0164242 -1.56608
23.8044 0.0284965 -0.196684 1.47784 -0.00769824 -0.0164001 -1.56609
23.8064 0.0285031 -0.19683 1.47781 -0.00769579 -0.0163811 -1.56609
23.8138 0.0285097 -0.196978 1.47778 -0.00769269 -0.0163645 -1.5661
23.8237 0.0285163 -0.197127 1.47775 -0.00768959 -0.0163487 -1.5661
23.8266 0.028523 -0.197278 1.47772 -0.0076857 -0.0163325 -1.56611
23.8275 0.0285298 -0.19743 1.47769 -0.0076809 -0.016317 -1.56612
23.8373 0.0285366 -0.197584 1.47766 -0.00767369 -0.0163207 -1.56612
23.8423 0.0285435 -0.197739 1.47762 -0.00767128 -0.0163223 -1.56613
23.8455 0.0285505 -0.197897 1.47759 -0.00767138 -0.0163102 -1.56614
23.8479 0.0285576 -0.198057 1.47756 -0.00766468 -0.0163225 -1.56614
23.8681 0.0285652 -0.198215 1.47752 -0.00765896 -0.0163396 -1.56615
23.8713 0.0285724 -0.198377 1.47749 -0.00765555 -0.0163442 -1.56616
23.8753 0.0285796 -0.198542 1.47745 -0.00765178 -0.0163495 -1.56617
23.8888 0.028587 -0.195421 1.47665 -0.00771649 -0.0165406 -1.56619
23.8945 0.028594 -0.195581 1.47661 -0.00771167 -0.0165439 -1.56619
23.8968 0.0286011 -0.195743 1.47658 -0.00770955 -0.0166173 -1.5662
23.9067 0.0286082 -0.195907 1.47654 -0.00770671 -0.0166873 -1.56621
23.908 0.0286154 -0.196073 1.4765 -0.00769962 -0.0166839 -1.56621
23.9125 0.0286226 -0.196241 1.47647 -0.00769254 -0.0166803 -1.56622
23.9163 0.0286301 -0.196414 1.47643 -0.00768539 -0.0166725 -1.56623
23.9174 0.0286375 -0.196588 1.4764 -0.00767713 -0.0166567 -1.56624
23.9218 0.0286449 -0.196763 1.47636 -0.00766527 -0.0166436 -1.56625
23.9279 0.0286815 -0.193742 1.47557 -0.00772032 -0.0168128 -1.56627
23.9336 0.0286888 -0.193914 1.47553 -0.00771386 -0.0167992 -1.56628
23.9406 0.0286963 -0.19409 1.47549 -0.00770752 -0.0167888 -1.56629
23.9448 0.0287038 -0.194267 1.47546 -0.00770002 -0.0167824 -1.5663
23.9496 0.0287114 -0.194447 1.47542 -0.00769368 -0.0167808 -1.56631
23.9542 0.028719 -0.194629 1.47538 -0.00768805 -0.0167836 -1.56632
23.9573 0.0287267 -0.194814 1.47534 -0.00768148 -0.0167892 -1.56633
23.9656 0.0287344 -0.195002 1.47531 -0.00767502 -0.0167971 -1.56634
23.9656 0.0287422 -0.195192 1.47527 -0.00766824 -0.0168075 -1.56635
23.9741 0.0287501 -0.195384 1.47523 -0.00766074 -0.0168188 -1.56636
23.9741 0.028758 -0.195579 1.47519 -0.00765306 -0.0168294 -1.56636
23.9845 0.028766 -0.195776 1.47515 -0.00764554 -0.0168399 -1.56637
23.9872 0.028774 -0.195976 1.47511 -0.00763849 -0.0168492 -1.56638
24.0091 0.0287821 -0.196178 1.47508 -0.00762841 -0.0168656 -1.56639
24.0094 0.0287902 -0.196381 1.47504 -0.00761936 -0.0168844 -1.5664
24.0148 0.0287984 -0.196588 1.475 -0.00761134 -0.0169199 -1.56641
24.0187 0.0288066 -0.196797 1.47496 -0.00760355 -0.0169552 -1.56642
24.0223 0.0288148 -0.19701 1.47492 -0.00759914 -0.0169673 -1.56643
24.0293 0.0288231 -0.197226 1.47488 -0.00759475 -0.0169767 -1.56644
24.0306 0.0288313 -0.197446 1.47484 -0.00758971 -0.0169813 -1.56645
24.0358 0.0288397 -0.197668 1.4748 -0.00758494 -0.0169818 -1.56646
24.0377 0.028848 -0.197894 1.47475 -0.00758014 -0.0169801 -1.56648
24.0438 0.0288563 -0.198122 1.47471 -0.00757444 -0.0169777 -1.56649
24.0498 0.0288646 -0.198354 1.47467 -0.0075676 -0.0170197 -1.5665
24.0519 0.0288729 -0.198587 1.47463 -0.00755936 -0.0170643 -1.56651
24.0561 0.0288812 -0.198825 1.47459 -0.00755078 -0.0170676 -1.56652
24.0608 0.0288895 -0.199066 1.47455 -0.00754185 -0.0170724 -1.56653
24.0651 0.0288978 -0.199311 1.47451 -0.00753227 -0.0170767 -1.56654
24.0714 0.0289061 -0.199559 1.47446 -0.00752236 -0.0170792 -1.56656
24.08 0.0289145 -0.199811 1.47442 -0.00751038 -0.017108 -1.56657
24.0874 0.0289228 -0.200065 1.47438 -0.00749841 -0.0171379 -1.56658
24.0951 0.0289312 -0.200323 1.47434 -0.00748838 -0.017143 -1.56659
24.0952 0.0289396 -0.200585 1.4743 -0.00747804 -0.017149 -1.56661
24.1083 0.028948 -0.200851 1.47425 -0.00746607 -0.0170843 -1.56662
24.1102 0.0289564 -0.201122 1.47421 -0.00745574 -0.017021 -1.56663
24.1132 0.0289648 -0.201396 1.47417 -0.00744882 -0.01703 -1.56665
24.1144 0.0289733 -0.201671 1.47413 -0.00744299 -0.0170928 -1.56666
24.1181 0.0289818 -0.201949 1.47408 -0.00743569 -0.0171999 -1.56667
24.1305 0.0289903 -0.20223 1.47404 -0.00742776 -0.0172607 -1.56668
24.1335 0.0289988 -0.202517 1.474 -0.00742239 -0.0172812 -1.5667
24.1378 0.0290073 -0.202808 1.47395 -0.00741722 -0.0172913 -1.56671
24.1456 0.0290158 -0.203103 1.47391 -0.00741428 -0.0172767 -1.56672
24.1509 0.0290243 -0.203403 1.47387 -0.00741179 -0.0172463 -1.56674
24.1535 0.0290328 -0.203706 1.47383 -0.00740469 -0.0172458 -1.56675
24.1553 0.0290414 -0.204011 1.47378 -0.00739704 -0.0172413 -1.56676
24.1661 0.0290499 -0.20432 1.47374 -0.00739248 -0.0172639 -1.56677
24.1709 0.0290585 -0.204633 1.4737 -0.00738719 -0.017286 -1.56678
24.1717 0.029067 -0.20495 1.47366 -0.00737921 -0.0172509 -1.5668
24.1739 0.0290755 -0.205273 1.47362 -0.00737095 -0.0172176 -1.56681
24.1788 0.029084 -0.2056 1.47358 -0.00736227 -0.0171826 -1.56682
24.1848 0.0290924 -0.205931 1.47354 -0.0073527 -0.0170948 -1.56683
24.1916 0.0291008 -0.206267 1.4735 -0.00734224 -0.0170395 -1.56685
24.1916 0.0291092 -0.206606 1.47346 -0.00733285 -0.017037 -1.56686
24.1971 0.0291175 -0.206948 1.47342 -0.00732518 -0.0170079 -1.56687
24.2073 0.0291259 -0.207296 1.47338 -0.00731806 -0.0169872 -1.56689
24.2099 0.0291342 -0.207648 1.47334 -0.00731112 -0.0169756 -1.5669
24.2129 0.0291425 -0.208003 1.4733 -0.00730519 -0.0169726 -1.56691
24.2173 0.0291508 -0.208364 1.47326 -0.00730013 -0.0169756 -1.56693
24.2215 0.0291591 -0.208728 1.47322 -0.00729395 -0.0169831 -1.56694
24.2284 0.0291675 -0.209097 1.47318 -0.00728763 -0.0169941 -1.56695
24.2297 0.0291758 -0.209469 1.47314 -0.00728065 -0.017007 -1.56697
24.2374 0.0291841 -0.209846 1.4731 -0.00727303 -0.0170204 -1.56698
24.2692 0.029235 -0.206745 1.47239 -0.00732826 -0.0172024 -1.56701
24.2721 0.029243 -0.207123 1.47235 -0.0073202 -0.0172157 -1.56702
24.2764 0.0292511 -0.207504 1.47231 -0.00731168 -0.0172283 -1.56703
24.2794 0.0292591 -0.20789 1.47227 -0.00730432 -0.01724 -1.56705
24.2813 0.0292671 -0.20828 1.47223 -0.00729711 -0.017249 -1.56706
24.2813 0.0292751 -0.208675 1.47219 -0.00728976 -0.0172561 -1.56708
24.2866 0.0292831 -0.209073 1.47215 -0.00728309 -0.0172615 -1.56709
24.2903 0.029291 -0.209476 1.47211 -0.00727673 -0.0172657 -1.5671
24.2932 0.0292989 -0.209882 1.47207 -0.00727053 -0.0172704 -1.56712
24.3 0.0293061 -0.210292 1.47203 -0.00726474 -0.0172736 -1.56713
24.3055 0.0293139 -0.210707 1.47199 -0.00726009 -0.0173288 -1.56714
24.3114 0.029337 -0.211962 1.47187 -0.00724634 -0.0174958 -1.56719
24.3165 0.0293446 -0.212383 1.47183 -0.00724314 -0.0175592 -1.5672
24.3192 0.0293522 -0.212808 1.47178 -0.00724051 -0.017617 -1.56721
24.3252 0.0293598 -0.213238 1.47174 -0.00723723 -0.0175684 -1.56723
24.3328 0.0293794 -0.210311 1.47109 -0.00729435 -0.017681 -1.56726
24.3381 0.0293867 -0.210742 1.47105 -0.00728974 -0.0176782 -1.56727
24.3455 0.0293939 -0.211177 1.47101 -0.00728565 -0.0176785 -1.56729
24.3518 0.0294011 -0.211616 1.47097 -0.00728206 -0.017683 -1.5673
24.354 0.0294083 -0.212059 1.47093 -0.00727709 -0.0176939 -1.56732
24.361 0.0294154 -0.212506 1.47089 -0.00727172 -0.017712 -1.56733
24.3675 0.0294225 -0.212957 1.47085 -0.00726656 -0.0177355 -1.56734
24.3698 0.0294296 -0.213412 1.4708 -0.00726131 -0.0177625 -1.56736
24.3731 0.0294366 -0.213872 1.47076 -0.00725773 -0.0177897 -1.56737
24.3932 0.0294436 -0.214335 1.47072 -0.00725536 -0.0178147 -1.56739
24.3984 0.0294505 -0.214802 1.47068 -0.0072534 -0.0178375 -1.5674
24.4013 0.0294574 -0.215274 1.47064 -0.00725156 -0.0178568 -1.56741
24.4255 0.029484 -0.217201 1.47048 -0.00724456 -0.017889 -1.56747
24.429 0.0293598 -0.214257 1.46996 -0.00728831 -0.0180158 -1.56749
24.4325 0.0293658 -0.214745 1.46992 -0.00728796 -0.0180112 -1.56751
24.4363 0.0293719 -0.215237 1.46988 -0.0072872 -0.0180034 -1.56752
24.4444 0.0293779 -0.215733 1.46984 -0.00728673 -0.0179946 -1.56754
24.4481 0.0293838 -0.216233 1.4698 -0.00728626 -0.0179379 -1.56756
24.4532 0.0293898 -0.216738 1.46976 -0.00728431 -0.0178814 -1.56757
24.4549 0.0293956 -0.217246 1.46973 -0.00728229 -0.0178724 -1.56759
24.4593 0.0294015 -0.217757 1.46969 -0.0072789 -0.0178642 -1.5676
24.4631 0.0294073 -0.218272 1.46965 -0.00727438 -0.0178589 -1.56762
24.4672 0.029413 -0.218791 1.46961 -0.00727049 -0.0178565 -1.56764
24.4699 0.0294187 -0.219313 1.46957 -0.00726653 -0.0178555 -1.56765
24.4797 0.0294244 -0.219839 1.46953 -0.00726242 -0.0178537 -1.56767
24.4833 0.02943 -0.220369 1.46949 -0.00725863 -0.01785 -1.56769
24.4932 0.0294355 -0.220902 1.46945 -0.00725543 -0.0178437 -1.5677
24.4959 0.029441 -0.221439 1.46941 -0.0072523 -0.0178347 -1.56772
24.5017 0.0294463 -0.22198 1.46937 -0.00724859 -0.0178241 -1.56773
24.5032 0.0294517 -0.222524 1.46933 -0.00724536 -0.0178123 -1.56775
24.5103 0.029457 -0.223072 1.46929 -0.00724334 -0.0177989 -1.56776
24.5263 0.0294622 -0.223624 1.46925 -0.00724188 -0.0177844 -1.56778
24.5264 0.0294673 -0.224179 1.46921 -0.00724092 -0.0177692 -1.56779
24.5305 0.0294724 -0.224738 1.46917 -0.00724072 -0.0177543 -1.56781
24.5326 0.0294773 -0.225301 1.46913 -0.00724164 -0.01774 -1.56783
24.5365 0.0294823 -0.225868 1.46909 -0.00724241 -0.0176665 -1.56784
24.549 0.0294872 -0.22644 1.46905 -0.00724322 -0.0175953 -1.56786
24.5526 0.0294921 -0.227014 1.46901 -0.00724443 -0.0175874 -1.56787
24.5548 0.0294969 -0.227591 1.46897 -0.00724567 -0.0175841 -1.56789
24.5633 0.0295017 -0.228171 1.46893 -0.00724713 -0.0175885 -1.5679
24.5655 0.0295063 -0.228755 1.46889 -0.00724798 -0.0176024 -1.56792
24.5708 0.0295109 -0.229341 1.46885 -0.00724747 -0.0176244 -1.56794
24.5739 0.0295153 -0.229932 1.46881 -0.00724677 -0.0176485 -1.56795
24.5771 0.0295197 -0.230525 1.46877 -0.00724655 -0.0176718 -1.56797
24.5831 0.029524 -0.231122 1.46873 -0.00724589 -0.0176923 -1.56798
24.5851 0.0295283 -0.231723 1.46869 -0.00724445 -0.0177086 -1.568
24.5912 0.0295326 -0.232327 1.46866 -0.00724264 -0.0177191 -1.56801
24.6364 0.0294208 -0.231304 1.46821 -0.00727255 -0.0178009 -1.56808
24.6405 0.0294241 -0.23191 1.46817 -0.00727409 -0.0177912 -1.5681
24.6449 0.0294273 -0.232519 1.46813 -0.00727653 -0.0177826 -1.56812
24.6489 0.0294305 -0.23313 1.4681 -0.00727955 -0.0177804 -1.56813
24.6497 0.0294336 -0.233744 1.46806 -0.00728221 -0.0177857 -1.56815
24.6545 0.0294366 -0.234361 1.46802 -0.00728533 -0.0177971 -1.56816
24.6549 0.0294395 -0.234982 1.46798 -0.00728903 -0.0178126 -1.56818
24.6557 0.0294424 -0.235605 1.46794 -0.00729301 -0.017829 -1.56819
24.6565 0.0294452 -0.236231 1.4679 -0.00729677 -0.0178441 -1.56821
24.6666 0.029448 -0.23686 1.46786 -0.00730026 -0.0178564 -1.56822
24.6706 0.0294504 -0.237492 1.46783 -0.0073034 -0.0178644 -1.56824
24.6716 0.029453 -0.238127 1.46779 -0.00730564 -0.0178686 -1.56825
24.6801 0.0294556 -0.238766 1.46775 -0.00730758 -0.0178682 -1.56827
24.683 0.0294581 -0.239407 1.46771 -0.00730968 -0.0178627 -1.56828
24.6872 0.0294606 -0.240051 1.46767 -0.00731262 -0.0178524 -1.5683
24.695 0.0291892 -0.237351 1.46747 -0.00734752 -0.0178802 -1.56832
24.6982 0.0291907 -0.237994 1.46744 -0.00735045 -0.0178256 -1.56834
24.7031 0.0291921 -0.23864 1.4674 -0.00735254 -0.0178047 -1.56835
24.7099 0.0291935 -0.239287 1.46736 -0.00735422 -0.0177852 -1.56837
24.7132 0.0291949 -0.239938 1.46732 -0.00735484 -0.0177696 -1.56839
24.7194 0.0291962 -0.24059 1.46729 -0.00735503 -0.0177593 -1.5684
24.7276 0.0291974 -0.24125 1.46725 -0.00735549 -0.0177533 -1.56842
24.7309 0.0291986 -0.241908 1.46721 -0.00735652 -0.0177493 -1.56843
24.7359 0.0291997 -0.242569 1.46718 -0.00735835 -0.0177463 -1.56845
24.7462 0.028976 -0.239943 1.46722 -0.00737641 -0.0177671 -1.56847
24.748 0.0289763 -0.240602 1.46718 -0.00737701 -0.0177622 -1.56849
24.7537 0.0289766 -0.241263 1.46715 -0.00737737 -0.0177552 -1.56851
24.7568 0.0289769 -0.241927 1.46711 -0.00737811 -0.0176956 -1.56852
24.7616 0.0289771 -0.242594 1.46707 -0.00737892 -0.0176335 -1.56854
24.772 0.0289772 -0.243264 1.46703 -0.00738032 -0.0176187 -1.56856
24.775 0.0289773 -0.243935 1.467 -0.00738151 -0.0176059 -1.56857
24.775 0.0289773 -0.244608 1.46696 -0.00738265 -0.0175979 -1.56859
24.7803 0.0289773 -0.245284 1.46692 -0.00738376 -0.0175972 -1.5686
24.7874 0.0289772 -0.245962 1.46689 -0.00738489 -0.0176036 -1.56862
24.7956 0.028977 -0.246643 1.46685 -0.00738603 -0.0176128 -1.56864
24.8013 0.0289768 -0.247325 1.46681 -0.00738624 -0.0176242 -1.56865
24.8044 0.0289766 -0.248011 1.46678 -0.00738625 -0.0176348 -1.56866
24.812 0.0289762 -0.248698 1.46674 -0.0073859 -0.0176419 -1.56868
24.8138 0.0289758 -0.249388 1.4667 -0.00738568 -0.0176467 -1.56869
24.816 0.0289754 -0.250081 1.46667 -0.00738504 -0.0175922 -1.56871
24.8228 0.0289749 -0.250777 1.46663 -0.00738442 -0.0175347 -1.56872
24.8268 0.0289743 -0.251474 1.4666 -0.00738522 -0.0175305 -1.56874
24.8326 0.0289737 -0.252173 1.46656 -0.00738605 -0.0175258 -1.56875
24.8359 0.028973 -0.252874 1.46652 -0.00738738 -0.0175247 -1.56877
24.8402 0.0289723 -0.253576 1.46649 -0.00738921 -0.0175286 -1.56878
24.8453 0.0289715 -0.254281 1.46645 -0.00739054 -0.0175344 -1.5688
24.8491 0.0289706 -0.254988 1.46642 -0.0073908 -0.01754 -1.56881
24.8546 0.0289697 -0.255697 1.46638 -0.00739075 -0.0175446 -1.56883
24.8645 0.0289688 -0.256408 1.46634 -0.00739176 -0.0175467 -1.56884
24.8671 0.0289678 -0.257121 1.46631 -0.00739367 -0.0175461 -1.56886
24.8692 0.0289668 -0.257837 1.46627 -0.00739657 -0.0174914 -1.56887
24.8836 0.0289658 -0.258555 1.46624 -0.00740014 -0.0174328 -1.56889
24.8889 0.0289647 -0.259274 1.4662 -0.00740419 -0.0174207 -1.5689
24.8922 0.0289636 -0.259995 1.46617 -0.00740901 -0.0174058 -1.56891
24.8923 0.0289625 -0.260717 1.46613 -0.00741362 -0.0173905 -1.56893
24.8967 0.0289613 -0.261441 1.4661 -0.00741804 -0.0173761 -1.56894
24.9098 0.0289602 -0.262168 1.46606 -0.00742266 -0.0173623 -1.56896
24.9198 0.0286994 -0.259535 1.46625 -0.00744802 -0.0173595 -1.56898
24.928 0.0286973 -0.260256 1.46622 -0.00745194 -0.017345 -1.56899
24.9299 0.0286951 -0.260979 1.46618 -0.00745505 -0.0173301 -1.56901
24.9349 0.028693 -0.261703 1.46615 -0.00745847 -0.0173158 -1.56902
24.9444 0.0286908 -0.26243 1.46611 -0.00746252 -0.017266 -1.56904
24.9545 0.0286886 -0.263159 1.46608 -0.00746584 -0.0172148 -1.56905
24.9591 0.0286864 -0.263889 1.46604 -0.00746723 -0.0171974 -1.56906
24.9667 0.0286796 -0.266086 1.46593 -0.00746445 -0.0171542 -1.5691
24.973 0.0286773 -0.266821 1.4659 -0.0074628 -0.0171461 -1.56912
24.9796 0.0286749 -0.267557 1.46586 -0.00746162 -0.0171425 -1.56913
24.9865 0.0286724 -0.268295 1.46583 -0.00746011 -0.017142 -1.56915
24.9876 0.0286698 -0.269035 1.46579 -0.00745998 -0.0171063 -1.56916
24.9908 0.0286672 -0.269777 1.46576 -0.00746008 -0.0170697 -1.56917
25.0036 0.0286646 -0.27052 1.46573 -0.00745986 -0.0170678 -1.56919
25.009 0.0286619 -0.271263 1.46569 -0.00746012 -0.0170646 -1.5692
25.0121 0.0286592 -0.272007 1.46566 -0.00746053 -0.0170614 -1.56922
25.0165 0.0286564 -0.272753 1.46562 -0.00746121 -0.0170597 -1.56923
25.021 0.0286536 -0.273499 1.46559 -0.00746172 -0.0170581 -1.56924
25.0211 0.0286507 -0.274247 1.46555 -0.00746318 -0.0170551 -1.56926
25.0303 0.0286479 -0.274996 1.46552 -0.00746473 -0.0170501 -1.56927
25.0342 0.028645 -0.275745 1.46548 -0.00746658 -0.0170424 -1.56928
25.0342 0.028642 -0.276497 1.46545 -0.00746879 -0.0170323 -1.5693
25.0405 0.028639 -0.277249 1.46541 -0.00747107 -0.0170207 -1.56931
25.0483 0.028636 -0.278002 1.46538 -0.00747356 -0.0170073 -1.56933
25.0502 0.0286329 -0.278756 1.46534 -0.00747585 -0.0169936 -1.56934
25.0603 0.0286298 -0.279511 1.46531 -0.00747796 -0.0170174 -1.56935
25.0617 0.0286266 -0.280267 1.46527 -0.00748171 -0.0170406 -1.56937
25.0693 0.0286233 -0.281025 1.46524 -0.00748599 -0.0170274 -1.56938
25.0776 0.02862 -0.281784 1.4652 -0.00748997 -0.0170143 -1.56939
25.0788 0.0286166 -0.282545 1.46517 -0.00749462 -0.0169989 -1.5694
25.0806 0.0286132 -0.283307 1.46513 -0.00749975 -0.0170201 -1.56942
25.0831 0.0286097 -0.28407 1.46509 -0.007507 -0.0170386 -1.56943
25.0897 0.0286062 -0.284835 1.46506 -0.00751555 -0.0170164 -1.56944
25.0931 0.0286026 -0.285602 1.46502 -0.00752444 -0.0169936 -1.56946
25.0965 0.0285991 -0.286372 1.46498 -0.00753467 -0.0169201 -1.56947
25.1048 0.0285954 -0.287144 1.46495 -0.00754726 -0.0168432 -1.56948
25.1062 0.0285917 -0.287917 1.46491 -0.00756059 -0.0168153 -1.56949
25.1123 0.0285879 -0.288691 1.46487 -0.00757235 -0.0168352 -1.56951
25.1141 0.0285841 -0.289465 1.46484 -0.00758356 -0.0168644 -1.56952
25.1268 0.0285802 -0.290241 1.4648 -0.00759507 -0.016862 -1.56953
25.1319 0.0285763 -0.29102 1.46476 -0.00760656 -0.0168656 -1.56954
25.1398 0.0285724 -0.291801 1.46472 -0.00761722 -0.0168695 -1.56956
25.1435 0.0285684 -0.292583 1.46469 -0.00762692 -0.0168709 -1.56957
25.1488 0.0285645 -0.293367 1.46465 -0.00763622 -0.0168703 -1.56958
25.1529 0.0285605 -0.294153 1.46461 -0.00764589 -0.0168684 -1.56959
25.1638 0.0285566 -0.294941 1.46458 -0.00765537 -0.0168656 -1.5696
25.1721 0.0285526 -0.295731 1.46454 -0.00766422 -0.0168623 -1.56962
25.1721 0.0285486 -0.296522 1.4645 -0.00767324 -0.0168589 -1.56963
25.1757 0.0281962 -0.293703 1.46483 -0.00770795 -0.0169025 -1.56964
25.1809 0.0281911 -0.294488 1.46479 -0.00771519 -0.0169469 -1.56965
25.1832 0.028186 -0.295276 1.46475 -0.00772136 -0.0169474 -1.56967
25.1861 0.0281809 -0.296066 1.46471 -0.0077268 -0.0169488 -1.56968
25.1928 0.0281757 -0.296858 1.46467 -0.00773109 -0.0169504 -1.56969
25.2043 0.0281706 -0.297653 1.46464 -0.00773428 -0.0169508 -1.5697
25.2122 0.0281554 -0.300059 1.46452 -0.00774256 -0.0168365 -1.56974
25.2148 0.0281504 -0.30087 1.46449 -0.0077448 -0.0168017 -1.56975
25.2227 0.0281453 -0.301682 1.46445 -0.00774812 -0.0168076 -1.56976
25.2248 0.0281403 -0.302497 1.46441 -0.00775176 -0.0168135 -1.56977
25.2344 0.0281352 -0.303312 1.46437 -0.0077531 -0.0168645 -1.56978
25.2356 0.0281301 -0.304129 1.46434 -0.0077535 -0.0169182 -1.56979
25.2408 0.028125 -0.304949 1.4643 -0.00775509 -0.0169299 -1.5698
25.2448 0.0281199 -0.305772 1.46426 -0.00775599 -0.0169407 -1.56982
25.2477 0.0281147 -0.306598 1.46422 -0.0077558 -0.0169461 -1.56983
25.2513 0.0281095 -0.307426 1.46419 -0.00775638 -0.0169456 -1.56984
25.2631 0.0281042 -0.308256 1.46415 -0.00775755 -0.0169406 -1.56985
25.2685 0.0280989 -0.309088 1.46411 -0.00775841 -0.0169334 -1.56986
25.2694 0.0280936 -0.309923 1.46408 -0.00775891 -0.0169256 -1.56987
25.2749 0.0280883 -0.31076 1.46404 -0.00775922 -0.0169189 -1.56988
25.2844 0.028083 -0.3116 1.464 -0.00775937 -0.0169145 -1.56989
25.2872 0.0280777 -0.312441 1.46396 -0.00775877 -0.0169127 -1.56991
25.306 0.0280723 -0.313285 1.46393 -0.00775706 -0.0169562 -1.56992
25.3084 0.028067 -0.31413 1.46389 -0.00775578 -0.0170018 -1.56993
25.3121 0.0280616 -0.314978 1.46385 -0.00775474 -0.0170463 -1.56994
25.315 0.0280562 -0.315829 1.46381 -0.00775344 -0.0170904 -1.56995
25.3189 0.0280507 -0.316683 1.46378 -0.00775226 -0.0170495 -1.56996
25.3263 0.0280453 -0.317542 1.46374 -0.0077509 -0.0170014 -1.56997
25.3311 0.0280399 -0.318403 1.4637 -0.00774912 -0.0169864 -1.56998
25.3378 0.0280344 -0.319265 1.46367 -0.00774606 -0.0170062 -1.56999
25.3427 0.0280291 -0.320131 1.46363 -0.00774364 -0.0169844 -1.57
25.3427 0.0280237 -0.321 1.46359 -0.00774217 -0.0169264 -1.57001
25.3468 0.0280184 -0.321872 1.46356 -0.00773923 -0.016912 -1.57002
25.3516 0.0280131 -0.322745 1.46352 -0.00773639 -0.0168992 -1.57003
25.3548 0.0280077 -0.323621 1.46348 -0.00773424 -0.0169341 -1.57004
25.3604 0.0280024 -0.324499 1.46345 -0.00773144 -0.016974 -1.57005
25.3846 0.027997 -0.32538 1.46341 -0.00772777 -0.0170172 -1.57006
25.3846 0.0279917 -0.326264 1.46337 -0.00772437 -0.0170618 -1.57007
25.3917 0.0279864 -0.327152 1.46334 -0.007723 -0.0170213 -1.57008
25.3917 0.027981 -0.328044 1.4633 -0.00772164 -0.016974 -1.57009
25.3962 0.0279758 -0.328941 1.46327 -0.00771919 -0.0169943 -1.5701
25.3999 0.0279704 -0.329838 1.46323 -0.00771743 -0.0170092 -1.57011
25.4077 0.0276236 -0.327382 1.4636 -0.00775007 -0.0169862 -1.57012
25.4122 0.0276173 -0.328278 1.46357 -0.00774939 -0.0169687 -1.57013
25.4204 0.0276109 -0.329177 1.46353 -0.00774736 -0.0169562 -1.57014
25.4222 0.0276045 -0.33008 1.4635 -0.00774502 -0.0169477 -1.57015
25.4238 0.027599 -0.330986 1.46346 -0.00774254 -0.0169431 -1.57016
25.4282 0.0275926 -0.331894 1.46343 -0.00774069 -0.0169886 -1.57017
25.432 0.0275861 -0.332805 1.46339 -0.00773908 -0.0170392 -1.57018
25.4418 0.027174 -0.330416 1.46389 -0.00777571 -0.0170371 -1.57018
25.4471 0.0271664 -0.331327 1.46385 -0.00777463 -0.0170479 -1.57019
25.4597 0.0271602 -0.332239 1.46382 -0.00777414 -0.017058 -1.5702
25.4621 0.0271526 -0.333157 1.46378 -0.00777296 -0.0170653 -1.57021
25.4675 0.0267901 -0.331209 1.46433 -0.00780524 -0.0170324 -1.57022
25.475 0.0267814 -0.332128 1.46429 -0.00780352 -0.0170003 -1.57023
25.4782 0.0267726 -0.333051 1.46426 -0.00780183 -0.0169663 -1.57024
25.4805 0.0267639 -0.333977 1.46423 -0.00779855 -0.0169681 -1.57025
25.482 0.0267551 -0.334905 1.46419 -0.00779462 -0.0169727 -1.57026
25.4846 0.0267463 -0.335836 1.46416 -0.0077915 -0.0169822 -1.57027
25.4925 0.0267375 -0.336771 1.46412 -0.00778832 -0.0169973 -1.57028
25.4948 0.0267286 -0.337708 1.46409 -0.00778365 -0.0170167 -1.57029
25.5014 0.0267197 -0.338649 1.46406 -0.00777815 -0.0170387 -1.57029
25.507 0.0267108 -0.339592 1.46402 -0.00777264 -0.017061 -1.5703
25.5107 0.0267018 -0.340539 1.46399 -0.00776578 -0.0170835 -1.57031
25.5212 0.0266929 -0.34149 1.46395 -0.00775949 -0.0170642 -1.57032
25.5252 0.0266839 -0.342444 1.46392 -0.0077548 -0.0170407 -1.57033
25.5284 0.0266749 -0.343401 1.46389 -0.00774905 -0.0170538 -1.57034
25.5406 0.0266658 -0.34436 1.46385 -0.00774377 -0.0170641 -1.57035
25.5446 0.0266567 -0.345322 1.46382 -0.007739 -0.0170724 -1.57035
25.5466 0.0266475 -0.346286 1.46378 -0.00773358 -0.01708 -1.57036
25.5493 0.0266383 -0.347253 1.46375 -0.00772757 -0.0170872 -1.57037
25.5574 0.0266291 -0.348223 1.46372 -0.00772154 -0.0170934 -1.57037
25.5733 0.0266197 -0.349196 1.46368 -0.0077154 -0.0170971 -1.57038
25.5739 0.0266104 -0.350172 1.46365 -0.00770908 -0.0170987 -1.57039
25.5769 0.0266011 -0.35115 1.46362 -0.00770298 -0.0170991 -1.5704
25.5793 0.0265918 -0.352132 1.46358 -0.00769703 -0.0170975 -1.57041
25.6097 0.0263017 -0.353405 1.46405 -0.00772705 -0.017061 -1.57043
25.6104 0.0262913 -0.354393 1.46402 -0.00772466 -0.0170631 -1.57044
25.6145 0.0262808 -0.355383 1.46398 -0.00772165 -0.0170704 -1.57045
25.6189 0.0262704 -0.356376 1.46395 -0.00771792 -0.0170804 -1.57046
25.6218 0.0262599 -0.357371 1.46391 -0.00771416 -0.0170906 -1.57046
25.6301 0.0262494 -0.358369 1.46388 -0.00771069 -0.0170997 -1.57047
25.6321 0.0262388 -0.359369 1.46384 -0.007708 -0.0171072 -1.57048
25.6429 0.0262282 -0.360372 1.46381 -0.00770546 -0.0171121 -1.57048
25.6463 0.0262176 -0.361377 1.46378 -0.00770317 -0.0171149 -1.57049
25.6529 0.0262069 -0.362385 1.46374 -0.00770081 -0.0170641 -1.5705
25.6555 0.0261961 -0.363396 1.46371 -0.00769833 -0.0170119 -1.57051
25.6627 0.0261853 -0.364409 1.46368 -0.00769672 -0.0170095 -1.57051
25.667 0.0261745 -0.365423 1.46364 -0.00769582 -0.0170052 -1.57052
25.6699 0.0261636 -0.366439 1.46361 -0.00769441 -0.0170033 -1.57053
25.6793 0.0261527 -0.367458 1.46357 -0.00769286 -0.0170052 -1.57054
25.6799 0.0261417 -0.368478 1.46354 -0.00769213 -0.0170085 -1.57054
25.6854 0.0261306 -0.369501 1.46351 -0.00769133 -0.0170113 -1.57055
25.69 0.0261195 -0.370526 1.46347 -0.0076895 -0.017013 -1.57056
25.6951 0.026108 -0.371552 1.46344 -0.0076873 -0.0170127 -1.57056
25.7015 0.0260968 -0.372582 1.46341 -0.00768535 -0.0169672 -1.57057
25.7219 0.0259961 -0.371209 1.46399 -0.00774212 -0.0168954 -1.57058
25.723 0.0259843 -0.372237 1.46396 -0.00773997 -0.0168915 -1.57058
25.7249 0.0259724 -0.373266 1.46392 -0.00773763 -0.0168852 -1.57059
25.7256 0.0259604 -0.374297 1.46389 -0.00773553 -0.01688 -1.5706
25.7277 0.0259485 -0.375329 1.46386 -0.00773346 -0.0168782 -1.5706
25.7306 0.0259365 -0.376364 1.46382 -0.00773104 -0.0168784 -1.57061
25.7404 0.0259244 -0.3774 1.46379 -0.00772921 -0.0168789 -1.57062
25.7452 0.0259123 -0.378438 1.46376 -0.00772786 -0.0168786 -1.57062
25.7516 0.0259001 -0.379478 1.46372 -0.00772717 -0.0168772 -1.57063
25.7544 0.0258878 -0.380521 1.46369 -0.00772877 -0.0168465 -1.57064
25.7566 0.0258755 -0.381565 1.46366 -0.00773024 -0.0168125 -1.57064
25.7605 0.0258631 -0.382611 1.46362 -0.00773135 -0.0168038 -1.57065
25.7646 0.0258506 -0.383658 1.46359 -0.00773356 -0.0167951 -1.57065
25.768 0.0258382 -0.384706 1.46356 -0.00773526 -0.016789 -1.57066
25.7794 0.0258257 -0.385755 1.46352 -0.00773703 -0.0167865 -1.57066
25.7842 0.0258132 -0.386806 1.46349 -0.00773836 -0.0167883 -1.57067
25.7877 0.0258006 -0.387859 1.46346 -0.00773907 -0.0167932 -1.57067
25.792 0.025788 -0.388912 1.46342 -0.00773969 -0.0167996 -1.57068
25.7982 0.0257754 -0.389968 1.46339 -0.00774022 -0.0168064 -1.57069
25.8069 0.0257627 -0.391026 1.46336 -0.00774111 -0.0167703 -1.57069
25.808 0.02575 -0.392085 1.46332 -0.00774221 -0.0167333 -1.57069
25.812 0.0257372 -0.393146 1.46329 -0.00774343 -0.0167375 -1.5707
25.8226 0.0257244 -0.394207 1.46326 -0.00774511 -0.0167424 -1.5707
25.8244 0.0257112 -0.39527 1.46323 -0.0077467 -0.016749 -1.57071
25.83 0.0256984 -0.396333 1.46319 -0.0077486 -0.0167578 -1.57071
25.83 0.0256855 -0.397397 1.46316 -0.00775085 -0.016769 -1.57072
25.8314 0.0256726 -0.398463 1.46313 -0.00775241 -0.0167806 -1.57072
25.849 0.0256151 -0.397368 1.46374 -0.00781141 -0.0167456 -1.57072
25.8551 0.0256018 -0.398431 1.46371 -0.00781439 -0.016752 -1.57073
25.8583 0.0255884 -0.399495 1.46368 -0.0078162 -0.0167008 -1.57074
25.862 0.025575 -0.400562 1.46365 -0.00781745 -0.0166483 -1.57074
25.8693 0.0255616 -0.401628 1.46361 -0.00781922 -0.0166507 -1.57075
25.8702 0.0255481 -0.402695 1.46358 -0.00782103 -0.0166533 -1.57075
25.8733 0.0255346 -0.403763 1.46355 -0.00782304 -0.0166607 -1.57076
25.8752 0.0255211 -0.404831 1.46352 -0.00782476 -0.0166745 -1.57076
25.8822 0.0255075 -0.405901 1.46348 -0.00782554 -0.0166918 -1.57076
25.8885 0.0254938 -0.406971 1.46345 -0.00782536 -0.0167106 -1.57077
25.8912 0.0254801 -0.408042 1.46342 -0.00782467 -0.0167285 -1.57077
25.9228 0.0254734 -0.407225 1.46406 -0.00788457 -0.0166962 -1.57078
25.9229 0.0254593 -0.408293 1.46403 -0.00788292 -0.0167069 -1.57078
25.9236 0.0254452 -0.409363 1.46399 -0.00788113 -0.0166695 -1.57079
25.9263 0.025431 -0.410434 1.46396 -0.00787883 -0.0166281 -1.57079
25.9274 0.0254168 -0.411504 1.46393 -0.00787654 -0.0166258 -1.5708
25.933 0.0254026 -0.412575 1.4639 -0.00787482 -0.0166212 -1.5708
25.9364 0.0253883 -0.413647 1.46387 -0.00787355 -0.0166189 -1.57081
25.9483 0.025374 -0.414719 1.46384 -0.00787247 -0.0166211 -1.57081
25.95 0.0253596 -0.415791 1.4638 -0.00787163 -0.0166285 -1.57082
25.9515 0.0253452 -0.416864 1.46377 -0.00787118 -0.0166394 -1.57082
25.9622 0.0253307 -0.417938 1.46374 -0.00787265 -0.0166218 -1.57082
25.968 0.0253161 -0.419014 1.46371 -0.00787418 -0.0166029 -1.57083
25.9767 0.0253015 -0.420088 1.46368 -0.00787523 -0.0166113 -1.57083
25.9806 0.0252868 -0.421163 1.46365 -0.0078767 -0.0166178 -1.57084
25.9838 0.025272 -0.422238 1.46362 -0.00787775 -0.0166229 -1.57084
25.9977 0.0252571 -0.423313 1.46359 -0.00787986 -0.0166277 -1.57085
26.0001 0.0252422 -0.424388 1.46356 -0.00788259 -0.0166322 -1.57085
26.0012 0.0252273 -0.425465 1.46353 -0.00788439 -0.0165816 -1.57085
26.0042 0.0252123 -0.426542 1.4635 -0.00788555 -0.016529 -1.57086
26.0063 0.0251973 -0.427618 1.46347 -0.0078869 -0.0165302 -1.57086
26.0111 0.0251822 -0.428694 1.46344 -0.00788882 -0.0165321 -1.57087
26.0155 0.0251671 -0.429769 1.4634 -0.00789077 -0.0165372 -1.57087
26.017 0.0251519 -0.430845 1.46337 -0.00789096 -0.0165477 -1.57087
26.0282 0.0251367 -0.43192 1.46334 -0.00789035 -0.0165615 -1.57088
26.0309 0.0251214 -0.432996 1.46331 -0.00788987 -0.0165746 -1.57088
26.0324 0.025106 -0.434071 1.46328 -0.00789032 -0.0165609 -1.57089
26.0362 0.0250907 -0.435148 1.46325 -0.00789037 -0.0165406 -1.57089
26.0476 0.0250753 -0.436223 1.46323 -0.00788762 -0.0165374 -1.5709
26.0502 0.0250598 -0.437297 1.4632 -0.00788345 -0.0165308 -1.5709
26.0596 0.0250443 -0.438371 1.46317 -0.00787968 -0.0165225 -1.5709
26.0701 0.0250288 -0.439445 1.46314 -0.00787594 -0.0165137 -1.57091
26.0702 0.0250132 -0.440518 1.46311 -0.00787192 -0.0165056 -1.57091
26.0712 0.0249975 -0.441591 1.46308 -0.00786898 -0.016498 -1.57091
26.0825 0.0249818 -0.442664 1.46305 -0.0078667 -0.0164896 -1.57092
26.0842 0.0249661 -0.443736 1.46302 -0.00786476 -0.0164805 -1.57092
26.0882 0.0249503 -0.444808 1.46299 -0.00786315 -0.0164229 -1.57093
26.0946 0.0249344 -0.445881 1.46296 -0.00786305 -0.0163656 -1.57093
26.0979 0.0249185 -0.446953 1.46294 -0.0078638 -0.016357 -1.57093
26.1013 0.0249025 -0.448023 1.46291 -0.00786396 -0.0163515 -1.57093
26.104 0.0248865 -0.449092 1.46288 -0.00786506 -0.0163522 -1.57094
26.118 0.0248384 -0.452296 1.46279 -0.00787127 -0.0163754 -1.57095
26.1277 0.0248224 -0.453363 1.46277 -0.00787424 -0.0163425 -1.57095
26.1282 0.0248063 -0.45443 1.46274 -0.00787728 -0.0163075 -1.57095
26.1308 0.0247902 -0.455496 1.46271 -0.00787951 -0.0163126 -1.57096
26.1397 0.024774 -0.45656 1.46268 -0.00788089 -0.016314 -1.57096
26.1417 0.0247578 -0.457623 1.46266 -0.00788209 -0.0163158 -1.57096
26.1466 0.0247415 -0.458685 1.46263 -0.00788411 -0.0163199 -1.57097
26.1539 0.0247251 -0.459747 1.4626 -0.00788596 -0.0163237 -1.57097
26.163 0.0247087 -0.460807 1.46257 -0.00788763 -0.0163251 -1.57097
26.1693 0.0246923 -0.461866 1.46255 -0.00788887 -0.0163249 -1.57098
26.1705 0.0246759 -0.462925 1.46252 -0.00789185 -0.0163002 -1.57098
26.1724 0.0246594 -0.463983 1.46249 -0.00789488 -0.0162705 -1.57098
26.1778 0.0246428 -0.46504 1.46247 -0.00789488 -0.0162583 -1.57099
26.1808 0.0246262 -0.466095 1.46244 -0.00789481 -0.0162439 -1.57099
26.1879 0.0246095 -0.467149 1.46241 -0.00789598 -0.0161924 -1.57099
26.188 0.0245927 -0.468203 1.46238 -0.00789724 -0.0161423 -1.57099
26.1922 0.0245759 -0.469254 1.46236 -0.0078979 -0.0161307 -1.571
26.197 0.0245591 -0.470303 1.46233 -0.00789842 -0.0161218 -1.571
26.2117 0.0245422 -0.471351 1.4623 -0.00789877 -0.0161171 -1.571
26.2122 0.0245252 -0.472397 1.46228 -0.00789929 -0.0161159 -1.57101
26.2165 0.0245082 -0.473441 1.46225 -0.0079005 -0.0161179 -1.57101
26.2216 0.0244911 -0.474484 1.46222 -0.00790213 -0.0161208 -1.57102
26.2269 0.024474 -0.475525 1.46219 -0.00790425 -0.0161226 -1.57102
26.2279 0.0244569 -0.476566 1.46217 -0.00790822 -0.0160959 -1.57102
26.2406 0.0244397 -0.477605 1.46214 -0.00791208 -0.0160641 -1.57103
26.2442 0.0244225 -0.478642 1.46211 -0.00791398 -0.0160547 -1.57103
26.2452 0.0244052 -0.479677 1.46208 -0.00791463 -0.0160442 -1.57103
26.2503 0.0243879 -0.48071 1.46206 -0.00791433 -0.0160341 -1.57103
26.2546 0.0243705 -0.481741 1.46203 -0.0079138 -0.0160262 -1.57103
26.2583 0.024353 -0.48277 1.462 -0.00791252 -0.0160198 -1.57104
26.2644 0.0243355 -0.483797 1.46198 -0.0079108 -0.0160141 -1.57104
26.2664 0.024318 -0.484823 1.46195 -0.00791035 -0.0160086 -1.57104
26.2703 0.0243004 -0.485847 1.46192 -0.00790878 -0.0159425 -1.57105
26.2852 0.0242478 -0.488916 1.46185 -0.00790982 -0.0157569 -1.57105
26.2975 0.024195 -0.491972 1.46177 -0.00792564 -0.0157879 -1.57106
26.3124 0.0241774 -0.492987 1.46175 -0.00793212 -0.0158034 -1.57106
26.3223 0.0241597 -0.493999 1.46172 -0.00793848 -0.0158157 -1.57106
26.3223 0.0241419 -0.49501 1.4617 -0.00794482 -0.01579 -1.57106
26.3243 0.0241242 -0.496019 1.46167 -0.00795115 -0.0157586 -1.57107
26.3287 0.0241064 -0.497026 1.46165 -0.00795661 -0.0157562 -1.57107
26.3331 0.0240885 -0.498029 1.46163 -0.00796125 -0.0157522 -1.57107
26.3414 0.0240706 -0.49903 1.4616 -0.0079653 -0.0157481 -1.57107
26.3478 0.0240526 -0.500029 1.46158 -0.00796844 -0.0157443 -1.57107
26.3507 0.0240345 -0.501025 1.46156 -0.00797056 -0.0157411 -1.57107
26.3548 0.0240163 -0.502019 1.46153 -0.00797322 -0.015738 -1.57107
26.3639 0.0239981 -0.50301 1.46151 -0.00797549 -0.0157343 -1.57108
26.3658 0.0239798 -0.503999 1.46148 -0.00797715 -0.0157308 -1.57108
26.3686 0.0239615 -0.504985 1.46146 -0.00797966 -0.0157274 -1.57108
26.371 0.0239431 -0.505969 1.46144 -0.00798186 -0.0157225 -1.57108
26.3756 0.0239246 -0.50695 1.46142 -0.00798385 -0.0157166 -1.57108
26.38 0.0239062 -0.507929 1.46139 -0.00798627 -0.0157105 -1.57108
26.3843 0.0238876 -0.508906 1.46137 -0.0079886 -0.0157041 -1.57109
26.3894 0.0238691 -0.509881 1.46135 -0.00799116 -0.0156983 -1.57109
26.3941 0.0238505 -0.510853 1.46132 -0.00799369 -0.0156927 -1.57109
26.4003 0.0238318 -0.511822 1.4613 -0.00799501 -0.0156881 -1.57109
26.4102 0.0238131 -0.512789 1.46127 -0.00799441 -0.0156856 -1.57109
26.4131 0.0237944 -0.513754 1.46125 -0.00799346 -0.015684 -1.5711
26.4156 0.0237756 -0.514717 1.46123 -0.00799212 -0.0156832 -1.5711
26.4234 0.0237568 -0.515677 1.4612 -0.00798952 -0.0156831 -1.5711
26.4252 0.023738 -0.516635 1.46118 -0.0079862 -0.0156831 -1.5711
26.4314 0.0237192 -0.51759 1.46116 -0.00798222 -0.0156837 -1.5711
26.4568 0.0236439 -0.521388 1.46106 -0.00797027 -0.0156805 -1.5711
26.4625 0.023625 -0.522332 1.46104 -0.00796932 -0.0156776 -1.5711
26.4694 0.0236061 -0.523274 1.46101 -0.00796855 -0.0156749 -1.5711
26.4714 0.0235871 -0.524212 1.46099 -0.00796743 -0.0156727 -1.5711
26.4758 0.0235681 -0.525149 1.46097 -0.00796632 -0.0156706 -1.5711
26.483 0.0235492 -0.526083 1.46094 -0.00796426 -0.01567 -1.5711
26.4843 0.0235301 -0.527015 1.46092 -0.00796084 -0.0156708 -1.5711
26.4897 0.0235109 -0.527945 1.46089 -0.00795643 -0.0156715 -1.5711
26.501 0.0236213 -0.526801 1.4614 -0.00802462 -0.0156541 -1.5711
26.5059 0.0236022 -0.527721 1.46137 -0.00801829 -0.0156565 -1.5711
26.5074 0.0235829 -0.528639 1.46135 -0.0080121 -0.0156589 -1.5711
26.5101 0.0235636 -0.529554 1.46132 -0.00800653 -0.0156614 -1.5711
26.5132 0.0235443 -0.530467 1.4613 -0.00800179 -0.0156632 -1.57111
26.5151 0.0235249 -0.531378 1.46127 -0.00799857 -0.015664 -1.57111
26.5245 0.0235054 -0.532287 1.46125 -0.00799662 -0.0156636 -1.57111
26.5259 0.0234859 -0.533193 1.46122 -0.00799554 -0.0156619 -1.57111
26.5416 0.0234664 -0.534097 1.4612 -0.00799413 -0.0156593 -1.57111
26.5469 0.0234468 -0.534998 1.46117 -0.00799184 -0.0156559 -1.57111
26.5525 0.0236551 -0.534114 1.46164 -0.00806604 -0.01563 -1.57111
26.5555 0.0236357 -0.535006 1.46161 -0.0080645 -0.0156273 -1.57111
26.5567 0.0236163 -0.535896 1.46159 -0.0080622 -0.0156255 -1.57111
26.5603 0.0235969 -0.536783 1.46156 -0.00805885 -0.0156243 -1.57111
26.5703 0.0235774 -0.537668 1.46154 -0.00805463 -0.0156245 -1.57111
26.5771 0.0235579 -0.538551 1.46151 -0.00805001 -0.0156258 -1.57111
26.582 0.0235383 -0.539431 1.46149 -0.0080448 -0.0156279 -1.57112
26.5845 0.0235187 -0.540309 1.46146 -0.00803561 -0.0156516 -1.57112
26.5897 0.023499 -0.541183 1.46143 -0.00802548 -0.0156798 -1.57112
26.5942 0.0234792 -0.542057 1.46141 -0.00801731 -0.0156912 -1.57112
26.6001 0.0234594 -0.542928 1.46138 -0.0080103 -0.015702 -1.57112
26.6061 0.0234395 -0.543798 1.46136 -0.00800596 -0.0157112 -1.57112
26.6099 0.0234196 -0.544665 1.46133 -0.00800353 -0.0157172 -1.57112
26.6174 0.0233996 -0.545531 1.46131 -0.00800326 -0.0157197 -1.57112
26.6215 0.0233797 -0.546395 1.46128 -0.00800654 -0.0157187 -1.57112
26.6296 0.0233598 -0.547256 1.46125 -0.00801274 -0.0157163 -1.57112
26.6308 0.0233398 -0.548116 1.46123 -0.0080216 -0.0157129 -1.57112
26.6356 0.0233197 -0.548973 1.4612 -0.00803253 -0.0157091 -1.57112
26.6384 0.0232996 -0.549829 1.46117 -0.00804423 -0.0157068 -1.57112
26.6432 0.0232795 -0.550682 1.46115 -0.00805756 -0.0157064 -1.57113
26.6509 0.0232593 -0.551534 1.46112 -0.00807137 -0.0157096 -1.57113
26.6553 0.0232391 -0.552383 1.46109 -0.00808501 -0.0157161 -1.57112
26.6595 0.0232188 -0.553231 1.46107 -0.00809929 -0.0157248 -1.57112
26.6667 0.0231986 -0.554076 1.46104 -0.00811329 -0.0157363 -1.57112
26.6702 0.0231782 -0.554919 1.46101 -0.00812689 -0.0157496 -1.57112
26.6753 0.0231579 -0.55576 1.46098 -0.00814033 -0.0158118 -1.57112
26.6776 0.0231375 -0.556598 1.46095 -0.00815271 -0.0158733 -1.57112
26.6863 0.0231171 -0.557435 1.46093 -0.00816376 -0.0158845 -1.57112
26.6886 0.0230967 -0.558271 1.4609 -0.00817446 -0.0158926 -1.57112
26.69 0.0230763 -0.559106 1.46087 -0.00818464 -0.0158954 -1.57112
26.6983 0.0230558 -0.559938 1.46084 -0.00819353 -0.0158919 -1.57112
26.7025 0.0230353 -0.560769 1.46081 -0.00820317 -0.0158846 -1.57113
26.7144 0.0230149 -0.561598 1.46078 -0.00821457 -0.0158778 -1.57113
26.7185 0.0229944 -0.562425 1.46075 -0.00822767 -0.0158731 -1.57113
26.7323 0.0229739 -0.563251 1.46073 -0.0082415 -0.0158709 -1.57112
26.7617 0.0231913 -0.56492 1.46096 -0.00838463 -0.0159072 -1.57112
26.763 0.0231712 -0.565733 1.46093 -0.00840023 -0.0159734 -1.57112
26.7681 0.0231512 -0.566543 1.4609 -0.00841401 -0.0160395 -1.57112
26.7682 0.0231311 -0.567353 1.46087 -0.00842533 -0.0160543 -1.57112
26.7691 0.023111 -0.568161 1.46084 -0.00843553 -0.0160654 -1.57112
26.7725 0.0230909 -0.568969 1.46081 -0.00844485 -0.0160702 -1.57112
26.7749 0.0230708 -0.569774 1.46078 -0.00845335 -0.0160682 -1.57112
26.7765 0.0230507 -0.570579 1.46075 -0.00846096 -0.0160623 -1.57112
26.7812 0.0230312 -0.571391 1.46072 -0.00846804 -0.0160554 -1.57112
26.7921 0.0230112 -0.572193 1.46069 -0.00847458 -0.0160487 -1.57112
26.7922 0.0229911 -0.572993 1.46066 -0.00848039 -0.0160443 -1.57113
26.7931 0.022971 -0.573792 1.46063 -0.00848606 -0.0160427 -1.57113
26.8191 0.0232963 -0.573327 1.46084 -0.00857346 -0.0160573 -1.57112
26.8251 0.0232769 -0.57412 1.46081 -0.00857859 -0.0160631 -1.57112
26.8261 0.0232574 -0.574911 1.46078 -0.00858222 -0.0160724 -1.57112
26.8277 0.023238 -0.575701 1.46075 -0.00858645 -0.0160846 -1.57112
26.8296 0.0232186 -0.576489 1.46071 -0.0085924 -0.0161557 -1.57112
26.8327 0.0231992 -0.577275 1.46068 -0.00859761 -0.0162285 -1.57112
26.8358 0.0231797 -0.578061 1.46065 -0.00860153 -0.0162434 -1.57112
26.8421 0.0231603 -0.578846 1.46062 -0.00860597 -0.0162555 -1.57112
26.8428 0.0231409 -0.57963 1.46059 -0.00861041 -0.0162637 -1.57112
26.8461 0.0231215 -0.580413 1.46056 -0.0086139 -0.016267 -1.57112
26.8493 0.0231022 -0.581195 1.46053 -0.00861754 -0.0162672 -1.57112
26.8533 0.0230828 -0.581975 1.4605 -0.00862064 -0.0162671 -1.57112
26.8681 0.0230634 -0.582755 1.46047 -0.00862241 -0.0162687 -1.57112
26.8693 0.0230441 -0.583533 1.46044 -0.00862394 -0.0162724 -1.57112
26.8703 0.0230248 -0.58431 1.46041 -0.00862575 -0.0162791 -1.57112
26.8741 0.0230055 -0.585086 1.46038 -0.00862748 -0.016288 -1.57112
26.8803 0.0229862 -0.585861 1.46035 -0.00862805 -0.0162996 -1.57112
26.8827 0.022967 -0.586635 1.46032 -0.00862838 -0.0163134 -1.57112
26.8863 0.0229477 -0.587407 1.46029 -0.00862859 -0.016328 -1.57112
26.8931 0.0229285 -0.588179 1.46026 -0.00862773 -0.0163432 -1.57111
26.8987 0.0229093 -0.588949 1.46022 -0.00862677 -0.0163579 -1.57111
26.903 0.0228901 -0.589718 1.46019 -0.00862678 -0.0164208 -1.57111
26.9136 0.022871 -0.590485 1.46016 -0.00862746 -0.0164844 -1.57111
26.9154 0.0228519 -0.591251 1.46013 -0.00862754 -0.0164981 -1.57111
26.9171 0.0228329 -0.592018 1.4601 -0.00862729 -0.016508 -1.57111
26.9257 0.0228138 -0.592783 1.46007 -0.00862735 -0.0165129 -1.57111
26.9316 0.0227947 -0.593548 1.46004 -0.008628 -0.0165123 -1.57111
26.943 0.0227377 -0.595831 1.45994 -0.00862625 -0.0166182 -1.57111
26.9473 0.0227188 -0.596588 1.45991 -0.0086242 -0.0166529 -1.57111
26.9527 0.0226999 -0.597345 1.45988 -0.00862203 -0.0166514 -1.57111
26.9641 0.022681 -0.598102 1.45985 -0.0086195 -0.0166532 -1.57111
26.9662 0.0226621 -0.598858 1.45982 -0.00861635 -0.0166551 -1.57111
26.9708 0.0226434 -0.599612 1.45979 -0.00861243 -0.0166559 -1.57111
26.9821 0.0226246 -0.600366 1.45975 -0.00860777 -0.0167026 -1.57111
27.0169 0.0229642 -0.602984 1.45972 -0.00865974 -0.0169435 -1.5711
27.019 0.0229462 -0.603724 1.45969 -0.0086533 -0.0169378 -1.5711
27.0194 0.0229283 -0.604463 1.45965 -0.00864675 -0.016933 -1.5711
27.0198 0.0229103 -0.605201 1.45962 -0.0086398 -0.0169307 -1.5711
27.0201 0.0228924 -0.605939 1.45959 -0.00863178 -0.0169301 -1.5711
27.0267 0.0228744 -0.606675 1.45956 -0.00862346 -0.0169848 -1.5711
27.0281 0.0228563 -0.607411 1.45952 -0.00861565 -0.0170418 -1.5711
27.0337 0.0228383 -0.608146 1.45949 -0.00860793 -0.0170467 -1.5711
27.0463 0.0228202 -0.608882 1.45946 -0.00860078 -0.0170532 -1.5711
27.0463 0.0228022 -0.609618 1.45942 -0.00859392 -0.0170596 -1.5711
27.0596 0.0227836 -0.610354 1.45939 -0.00858849 -0.0170247 -1.5711
27.0627 0.0227656 -0.611089 1.45936 -0.00858213 -0.0170157 -1.57109
27.0646 0.0227476 -0.611823 1.45933 -0.00857458 -0.0170417 -1.57109
27.0676 0.0227296 -0.612557 1.45929 -0.00856854 -0.0170378 -1.57109
27.0694 0.0227116 -0.613291 1.45926 -0.00856199 -0.0170383 -1.57109
27.0721 0.0226936 -0.614024 1.45923 -0.00855492 -0.0170442 -1.57109
27.0738 0.0226756 -0.614757 1.4592 -0.00854814 -0.0170543 -1.57109
27.1028 0.0230645 -0.614497 1.45923 -0.00862058 -0.017094 -1.57109
27.1056 0.0230473 -0.615227 1.4592 -0.00861279 -0.0171086 -1.57109
27.1058 0.0230301 -0.615956 1.45917 -0.00860507 -0.0171772 -1.57109
27.1144 0.0230129 -0.616684 1.45914 -0.00859669 -0.0172463 -1.57109
27.1168 0.0229957 -0.617413 1.45911 -0.00858769 -0.0172632 -1.57109
27.1225 0.0229784 -0.618142 1.45908 -0.00857908 -0.0172798 -1.57109
27.1296 0.0229612 -0.618872 1.45905 -0.00857052 -0.0172931 -1.57109
27.1327 0.022944 -0.619601 1.45901 -0.0085622 -0.0173026 -1.57108
27.1352 0.0229267 -0.62033 1.45898 -0.00855435 -0.0173092 -1.57108
27.1423 0.0229094 -0.62106 1.45895 -0.00854642 -0.0173156 -1.57108
27.1443 0.0228922 -0.621789 1.45892 -0.00853856 -0.017324 -1.57108
27.1468 0.0228749 -0.622519 1.45889 -0.00853086 -0.0173339 -1.57108
27.1531 0.0228577 -0.623247 1.45886 -0.00852213 -0.0173812 -1.57108
27.1604 0.0228404 -0.623976 1.45883 -0.00851348 -0.0174294 -1.57108
27.1628 0.0228232 -0.624705 1.45879 -0.00850606 -0.0174429 -1.57108
27.1691 0.022806 -0.625434 1.45876 -0.0085 -0.0175078 -1.57108
27.1805 0.0227888 -0.626163 1.45873 -0.0084945 -0.0175177 -1.57108
27.1845 0.0227715 -0.626894 1.4587 -0.00848851 -0.0174726 -1.57108
27.191 0.0227542 -0.627626 1.45867 -0.00848263 -0.0174758 -1.57108
27.201 0.0227369 -0.628357 1.45864 -0.0084772 -0.0174744 -1.57108
27.2054 0.0227194 -0.629088 1.45861 -0.0084718 -0.0175111 -1.57108
27.2075 0.022702 -0.629819 1.45857 -0.00846621 -0.0175506 -1.57108
27.212 0.0226845 -0.63055 1.45854 -0.00846016 -0.0175844 -1.57108
27.2168 0.0226669 -0.631282 1.45851 -0.00845539 -0.0176171 -1.57108
27.2221 0.0226494 -0.632016 1.45848 -0.00845286 -0.0175827 -1.57108
27.2308 0.0226317 -0.632752 1.45845 -0.00844989 -0.0175418 -1.57108
27.2341 0.022614 -0.633488 1.45842 -0.00844642 -0.0175263 -1.57108
27.2383 0.0225963 -0.634224 1.45839 -0.00844311 -0.0175066 -1.57107
27.2444 0.0225785 -0.63496 1.45836 -0.00844082 -0.0175333 -1.57107
27.249 0.0225608 -0.635696 1.45833 -0.00843953 -0.0175617 -1.57107
27.2588 0.022543 -0.636433 1.4583 -0.00843866 -0.0175449 -1.57107
27.2623 0.0225253 -0.637172 1.45827 -0.00843885 -0.0175282 -1.57107
27.2735 0.022472 -0.639394 1.45819 -0.0084423 -0.0174715 -1.57107
27.2775 0.0224542 -0.640137 1.45816 -0.00844516 -0.0174501 -1.57107
27.2842 0.0224363 -0.640881 1.45813 -0.00844976 -0.0173942 -1.57107
27.2863 0.0224184 -0.641628 1.4581 -0.00845274 -0.0173368 -1.57107
27.2907 0.0224005 -0.642374 1.45807 -0.00845195 -0.0173466 -1.57107
27.2966 0.0223825 -0.64312 1.45804 -0.00845008 -0.0173625 -1.57107
27.3003 0.0223644 -0.643867 1.45802 -0.00844977 -0.0173525 -1.57107
27.3093 0.0223463 -0.644617 1.45799 -0.00844919 -0.0173518 -1.57107
27.3144 0.0223282 -0.645367 1.45796 -0.0084472 -0.0173584 -1.57107
27.324 0.0223101 -0.646119 1.45793 -0.00844569 -0.01737 -1.57107
27.3269 0.0222919 -0.646872 1.45791 -0.0084444 -0.0174348 -1.57106
27.3284 0.0222737 -0.647624 1.45788 -0.00844299 -0.0175006 -1.57106
27.3311 0.0222555 -0.648379 1.45785 -0.00844296 -0.0175167 -1.57106
27.3353 0.0222372 -0.649137 1.45782 -0.00844414 -0.0175305 -1.57106
27.3399 0.0222189 -0.649895 1.4578 -0.00844485 -0.0175399 -1.57106
27.3462 0.0222006 -0.650655 1.45777 -0.00844534 -0.0175443 -1.57106
27.3565 0.0221823 -0.651417 1.45774 -0.0084453 -0.0175446 -1.57106
27.3579 0.0221639 -0.65218 1.45772 -0.00844372 -0.0175438 -1.57106
27.363 0.0221455 -0.652945 1.45769 -0.00844173 -0.0175438 -1.57106
27.3684 0.022127 -0.653711 1.45767 -0.00844083 -0.0175453 -1.57105
27.3729 0.0221085 -0.654478 1.45764 -0.00843974 -0.0175481 -1.57105
27.376 0.0220899 -0.655247 1.45762 -0.00843771 -0.0175971 -1.57105
27.3876 0.0220713 -0.656016 1.45759 -0.00843519 -0.0176476 -1.57105
27.3939 0.0220527 -0.656787 1.45756 -0.00843208 -0.0176537 -1.57105
27.4016 0.0220341 -0.657561 1.45754 -0.00842841 -0.0176587 -1.57105
27.4039 0.0220154 -0.658337 1.45751 -0.00842477 -0.0176592 -1.57105
27.4127 0.0220017 -0.659109 1.45749 -0.00842133 -0.0176557 -1.57105
27.4187 0.021983 -0.659889 1.45746 -0.00841723 -0.0176491 -1.57105
27.4231 0.0225702 -0.659985 1.45736 -0.00848539 -0.0177049 -1.57105
27.4259 0.0225528 -0.660764 1.45734 -0.00847947 -0.0177336 -1.57105
27.4271 0.0225353 -0.661547 1.45731 -0.00847423 -0.0177272 -1.57104
27.4445 0.0225185 -0.662331 1.45729 -0.00846937 -0.0177212 -1.57104
27.4454 0.0225009 -0.663118 1.45726 -0.0084652 -0.0177137 -1.57104
27.4535 0.0224833 -0.663907 1.45724 -0.00846078 -0.0177045 -1.57104
27.4563 0.0224656 -0.664698 1.45721 -0.00845586 -0.0177375 -1.57104
27.4655 0.0229375 -0.664868 1.45709 -0.00851769 -0.0178017 -1.57104
27.468 0.0229208 -0.665662 1.45707 -0.008512 -0.0177925 -1.57104
27.4722 0.0229041 -0.666458 1.45704 -0.00850735 -0.0177831 -1.57104
27.4789 0.0228873 -0.667257 1.45702 -0.00850282 -0.0177253 -1.57104
27.4789 0.0228705 -0.66806 1.457 -0.00849865 -0.0176644 -1.57104
27.4811 0.0228536 -0.668864 1.45697 -0.00849471 -0.0176477 -1.57104
27.4869 0.0228367 -0.669669 1.45695 -0.00849042 -0.0176343 -1.57104
27.4935 0.0228198 -0.670476 1.45693 -0.00848559 -0.0176286 -1.57104
27.5014 0.0228028 -0.671285 1.4569 -0.0084798 -0.0176323 -1.57104
27.5082 0.0227857 -0.672097 1.45688 -0.00847458 -0.0176448 -1.57103
27.5132 0.0227685 -0.67291 1.45686 -0.00846969 -0.0176633 -1.57103
27.5133 0.0227514 -0.673726 1.45684 -0.0084645 -0.0176845 -1.57103
27.5211 0.0227342 -0.674543 1.45681 -0.00845926 -0.0177066 -1.57103
27.5263 0.0227169 -0.675363 1.45679 -0.00845364 -0.0177282 -1.57103
27.5268 0.0226996 -0.676184 1.45677 -0.00844815 -0.0177471 -1.57103
27.5303 0.0226822 -0.677008 1.45675 -0.00844243 -0.0177174 -1.57103
27.535 0.0226648 -0.677835 1.45672 -0.00843698 -0.0176838 -1.57103
27.5412 0.0226473 -0.678663 1.4567 -0.0084324 -0.0176918 -1.57103
27.5443 0.0226298 -0.679492 1.45668 -0.00842739 -0.0176989 -1.57103
27.5503 0.0226122 -0.680323 1.45666 -0.00842157 -0.0177078 -1.57103
27.5533 0.0225945 -0.681156 1.45664 -0.00841508 -0.0177198 -1.57103
27.558 0.0225768 -0.68199 1.45661 -0.00840847 -0.0177356 -1.57103
27.564 0.0225591 -0.682826 1.45659 -0.00840222 -0.0177525 -1.57103
27.5728 0.0225413 -0.683664 1.45657 -0.00839658 -0.0177679 -1.57103
27.5753 0.0225234 -0.684503 1.45655 -0.00839117 -0.0177817 -1.57103
27.578 0.0225054 -0.685344 1.45653 -0.00838595 -0.0177936 -1.57103
27.5891 0.0224874 -0.686187 1.45651 -0.00838165 -0.0178024 -1.57102
27.5951 0.0224693 -0.687032 1.45648 -0.00837854 -0.0178079 -1.57102
27.5976 0.0224512 -0.687878 1.45646 -0.00837594 -0.0178108 -1.57102
27.6019 0.022433 -0.688727 1.45644 -0.00837313 -0.0177666 -1.57102
27.6042 0.0224147 -0.689577 1.45642 -0.00837133 -0.0177197 -1.57102
27.6156 0.0223963 -0.690429 1.4564 -0.00837141 -0.0177164 -1.57102
27.6199 0.0223779 -0.691282 1.45638 -0.00837224 -0.017714 -1.57102
27.6976 0.0233113 -0.700307 1.45581 -0.00843269 -0.0176373 -1.57101
27.6999 0.0232951 -0.701174 1.45579 -0.00842811 -0.0176277 -1.571
27.706 0.0232788 -0.702042 1.45577 -0.00842503 -0.0176158 -1.571
27.7094 0.0232625 -0.702913 1.45575 -0.00842357 -0.0175622 -1.571
27.7157 0.0232446 -0.703781 1.45573 -0.00842259 -0.0175069 -1.571
27.7203 0.023228 -0.704654 1.4557 -0.00842178 -0.0174906 -1.571
27.7218 0.0232114 -0.705527 1.45568 -0.00842125 -0.0174759 -1.571
27.7315 0.0238173 -0.706729 1.45543 -0.00845073 -0.0174616 -1.571
27.7385 0.023802 -0.707605 1.45541 -0.00845096 -0.0174538 -1.571
27.7547 0.0237868 -0.708482 1.45539 -0.00845198 -0.017449 -1.571
27.7581 0.0237714 -0.70936 1.45537 -0.00845304 -0.0174457 -1.571
27.761 0.0237561 -0.710239 1.45535 -0.00845403 -0.0174435 -1.571
27.7649 0.0237407 -0.711119 1.45533 -0.00845538 -0.0174414 -1.571
27.772 0.0237253 -0.712001 1.45531 -0.00845767 -0.0174378 -1.571
27.7737 0.0237099 -0.712883 1.45529 -0.00846079 -0.0174329 -1.571
27.7786 0.0236944 -0.713767 1.45527 -0.00846377 -0.0174269 -1.571
27.7808 0.0236788 -0.714651 1.45525 -0.00846612 -0.0174191 -1.571
27.7809 0.0236632 -0.715538 1.45523 -0.0084694 -0.017371 -1.571
27.7868 0.0236475 -0.716426 1.4552 -0.0084726 -0.0173213 -1.57099
27.8224 0.0241811 -0.721412 1.45488 -0.00850431 -0.0173288 -1.571
27.8243 0.0241668 -0.7223 1.45486 -0.00850299 -0.017336 -1.57099
27.828 0.0241523 -0.723188 1.45484 -0.00850223 -0.0173447 -1.57099
27.8601 0.0246354 -0.728543 1.4545 -0.008532 -0.0171895 -1.571
27.8601 0.0246222 -0.729443 1.45448 -0.00853702 -0.0171469 -1.571
27.864 0.0246091 -0.730343 1.45446 -0.00854107 -0.0171408 -1.571
27.8681 0.0245958 -0.731244 1.45444 -0.00854532 -0.0171348 -1.57099
27.8706 0.0245826 -0.732144 1.45443 -0.00854912 -0.0171307 -1.57099
27.8739 0.0245693 -0.733046 1.45441 -0.00855259 -0.0171302 -1.57099
27.8774 0.0245553 -0.733947 1.45439 -0.00855509 -0.0171321 -1.57099
27.8804 0.0245419 -0.73485 1.45437 -0.00855736 -0.0171352 -1.57099
27.9063 0.0251119 -0.7367 1.4541 -0.00857884 -0.0171639 -1.57099
27.9063 0.0251 -0.737605 1.45408 -0.00858038 -0.0171642 -1.57099
27.9123 0.0250881 -0.738511 1.45406 -0.00858221 -0.0171625 -1.57099
27.9124 0.0250761 -0.739417 1.45404 -0.00858492 -0.0171589 -1.57099
27.9156 0.0250635 -0.740325 1.45402 -0.00858755 -0.0171148 -1.57099
27.9252 0.0250515 -0.741233 1.45401 -0.00858931 -0.0170691 -1.57099
27.9358 0.0255495 -0.743068 1.45373 -0.00861251 -0.0171078 -1.57099
27.9371 0.0255388 -0.743977 1.45371 -0.00861388 -0.0170966 -1.57099
27.9412 0.0255281 -0.744887 1.45369 -0.00861386 -0.0170871 -1.57099
27.942 0.0255173 -0.745796 1.45368 -0.00861349 -0.0170817 -1.57099
27.943 0.0255064 -0.746707 1.45366 -0.00861308 -0.0170806 -1.57099
27.9541 0.0254955 -0.747609 1.45364 -0.00861174 -0.0170824 -1.57099
27.9573 0.0254845 -0.748519 1.45362 -0.00860952 -0.0170856 -1.57099
27.9621 0.0259114 -0.750452 1.45334 -0.00862375 -0.0171411 -1.571
27.9686 0.0259017 -0.751365 1.45332 -0.0086221 -0.0171009 -1.571
27.9721 0.0258919 -0.752279 1.45331 -0.00862109 -0.0170605 -1.571
27.9842 0.0258821 -0.753193 1.45329 -0.00861853 -0.0170611 -1.571
27.9843 0.0258721 -0.754106 1.45327 -0.00861589 -0.01706 -1.57099
27.9988 0.0258622 -0.755019 1.45326 -0.00861369 -0.0170611 -1.57099
28.0022 0.0258522 -0.755932 1.45324 -0.00861084 -0.0170653 -1.57099
28.0077 0.0258421 -0.756844 1.45322 -0.0086087 -0.0170711 -1.57099
28.0106 0.0258319 -0.757757 1.45321 -0.0086078 -0.0170756 -1.57099
28.0127 0.0258218 -0.758669 1.45319 -0.00860771 -0.0170772 -1.57099
28.0168 0.0258116 -0.759582 1.45317 -0.008608 -0.0170762 -1.57099
28.0205 0.0258014 -0.760495 1.45316 -0.00860853 -0.0170268 -1.57099
28.0342 0.0257911 -0.761408 1.45314 -0.0086099 -0.0169741 -1.57099
28.0343 0.0257808 -0.76232 1.45313 -0.0086119 -0.0169644 -1.57099
28.0356 0.0257705 -0.763232 1.45311 -0.00861346 -0.0169557 -1.57099
28.039 0.0257601 -0.764143 1.45309 -0.00861569 -0.01695 -1.57098
28.0568 0.0257496 -0.765053 1.45308 -0.00861833 -0.0169482 -1.57098
28.0601 0.0257391 -0.765964 1.45306 -0.00862047 -0.0169488 -1.57098
28.0602 0.0257286 -0.766873 1.45304 -0.00862255 -0.0169507 -1.57098
28.0638 0.025718 -0.767783 1.45303 -0.00862497 -0.016953 -1.57098
28.0672 0.0257074 -0.768692 1.45301 -0.00862737 -0.0169544 -1.57098
28.0683 0.0256969 -0.769601 1.453 -0.0086301 -0.0169548 -1.57098
28.0722 0.0256863 -0.770509 1.45298 -0.00863329 -0.0169538 -1.57098
28.0752 0.0256756 -0.771418 1.45296 -0.00863597 -0.016908 -1.57098
28.0819 0.0256649 -0.772326 1.45295 -0.00863758 -0.0168603 -1.57098
28.0904 0.0256542 -0.773234 1.45293 -0.00863895 -0.0168532 -1.57097
28.0942 0.0256435 -0.77414 1.45292 -0.00864048 -0.0168466 -1.57097
28.0953 0.0256327 -0.775046 1.4529 -0.00864113 -0.0168451 -1.57097
28.1035 0.0256218 -0.775951 1.45289 -0.00864159 -0.0168484 -1.57097
28.1102 0.0256109 -0.776855 1.45287 -0.00864189 -0.0168535 -1.57097
28.1234 0.0255999 -0.777759 1.45285 -0.00864213 -0.0168595 -1.57097
28.1238 0.0255889 -0.778662 1.45284 -0.00864405 -0.016865 -1.57097
28.1275 0.0255779 -0.779564 1.45282 -0.00864695 -0.0168695 -1.57097
28.1309 0.0255668 -0.780466 1.45281 -0.00865 -0.016872 -1.57097
28.1336 0.0255558 -0.781367 1.45279 -0.008654 -0.0168708 -1.57097
28.1531 0.0259673 -0.783088 1.45255 -0.00868261 -0.0168726 -1.57098
28.156 0.0259573 -0.783991 1.45254 -0.00868665 -0.0168254 -1.57098
28.1631 0.0259474 -0.784891 1.45252 -0.0086908 -0.0168138 -1.57097
28.1657 0.0259373 -0.785791 1.45251 -0.00869529 -0.0168027 -1.57097
28.1665 0.0259273 -0.786689 1.45249 -0.00869938 -0.0167951 -1.57097
28.1743 0.0259172 -0.787586 1.45248 -0.00870236 -0.0167918 -1.57097
28.1826 0.0259071 -0.788482 1.45246 -0.00870539 -0.016793 -1.57097
28.1861 0.0258969 -0.789377 1.45245 -0.00870887 -0.0167967 -1.57097
28.1954 0.0258867 -0.790272 1.45244 -0.00871157 -0.016802 -1.57097
28.1983 0.0258765 -0.791166 1.45242 -0.00871396 -0.0167694 -1.57097
28.2036 0.0258662 -0.792059 1.45241 -0.00871613 -0.0167345 -1.57097
28.204 0.0258559 -0.792951 1.45239 -0.00871761 -0.0167359 -1.57096
28.213 0.0258455 -0.793841 1.45238 -0.00871897 -0.0167363 -1.57096
28.2174 0.025835 -0.79473 1.45236 -0.00871991 -0.0167372 -1.57096
28.2195 0.0258246 -0.795617 1.45235 -0.00872059 -0.0167399 -1.57096
28.2252 0.0258141 -0.796503 1.45233 -0.00872182 -0.0167447 -1.57096
28.2338 0.0258036 -0.797388 1.45232 -0.00872486 -0.0167507 -1.57096
28.2339 0.0257931 -0.798271 1.4523 -0.00872796 -0.0167554 -1.57096
28.2407 0.0257826 -0.799155 1.45229 -0.00873061 -0.0167589 -1.57095
28.2529 0.0257721 -0.800037 1.45227 -0.00873374 -0.0167141 -1.57095
28.2536 0.0257615 -0.800918 1.45226 -0.00873653 -0.0166669 -1.57096
28.2577 0.0260969 -0.802996 1.45216 -0.00875423 -0.0167246 -1.57096
28.2682 0.0260681 -0.805629 1.45212 -0.00876058 -0.0167329 -1.57096
28.2753 0.0260583 -0.806504 1.4521 -0.00876305 -0.0167086 -1.57096
28.2804 0.0260486 -0.807377 1.45209 -0.00876506 -0.0166861 -1.57096
28.2866 0.0260388 -0.808249 1.45207 -0.0087651 -0.0166985 -1.57096
28.2924 0.026029 -0.809118 1.45206 -0.00876486 -0.0167124 -1.57095
28.2976 0.0260191 -0.809985 1.45205 -0.00876552 -0.0167266 -1.57095
28.3 0.0260093 -0.810851 1.45203 -0.00876655 -0.0167411 -1.57095
28.3009 0.0259993 -0.811714 1.45202 -0.0087673 -0.0168036 -1.57095
28.3092 0.0259894 -0.812574 1.452 -0.00876777 -0.0168637 -1.57095
28.3182 0.0259795 -0.813434 1.45199 -0.0087677 -0.016871 -1.57095
28.3225 0.0259695 -0.814293 1.45198 -0.00876856 -0.0168717 -1.57094
28.323 0.0259596 -0.81515 1.45196 -0.008771 -0.0168646 -1.57094
28.3271 0.0259497 -0.816005 1.45195 -0.00877417 -0.016888 -1.57094
28.329 0.0259398 -0.816858 1.45194 -0.00877887 -0.0169069 -1.57094
28.333 0.02593 -0.817711 1.45192 -0.00878664 -0.0168851 -1.57094
28.3398 0.0259201 -0.818563 1.45191 -0.00879623 -0.0168614 -1.57094
28.3468 0.0259101 -0.819413 1.45189 -0.00880653 -0.016837 -1.57094
28.349 0.0259002 -0.820263 1.45188 -0.00881817 -0.016811 -1.57094
28.3529 0.0258902 -0.821111 1.45187 -0.00883117 -0.0167835 -1.57094
28.3561 0.0258803 -0.821958 1.45185 -0.00884489 -0.0167558 -1.57094
28.3607 0.0258703 -0.822804 1.45184 -0.00885858 -0.0167306 -1.57094
28.3736 0.0258604 -0.823649 1.45182 -0.00887199 -0.0167095 -1.57094
28.378 0.0258505 -0.824492 1.45181 -0.00888477 -0.0166924 -1.57094
28.3798 0.0258406 -0.825334 1.45179 -0.00889727 -0.0166792 -1.57094
28.3853 0.0258307 -0.826175 1.45177 -0.00890958 -0.0166703 -1.57094
28.387 0.0258208 -0.827015 1.45176 -0.00892148 -0.0166644 -1.57094
28.3894 0.0258109 -0.827853 1.45174 -0.0089327 -0.0166604 -1.57093
28.412 0.0257812 -0.830361 1.45169 -0.0089584 -0.0166585 -1.57093
28.4178 0.0257713 -0.831194 1.45167 -0.00896329 -0.0166966 -1.57093
28.4209 0.0257615 -0.832026 1.45166 -0.00896759 -0.0167359 -1.57093
28.4391 0.025752 -0.832857 1.45164 -0.00897135 -0.0167398 -1.57093
28.4395 0.0261024 -0.834908 1.45157 -0.00899425 -0.0168093 -1.57094
28.4449 0.0260937 -0.83574 1.45156 -0.00899715 -0.0168082 -1.57094
28.4533 0.026085 -0.836572 1.45154 -0.00900066 -0.0168027 -1.57094
28.4541 0.0260763 -0.837402 1.45152 -0.00900428 -0.0167954 -1.57094
28.4547 0.0260677 -0.838232 1.4515 -0.00900752 -0.0167883 -1.57093
28.4633 0.026059 -0.839061 1.45148 -0.00901151 -0.0167806 -1.57093
28.4731 0.0260504 -0.839889 1.45146 -0.00901635 -0.0167732 -1.57093
28.4812 0.026042 -0.840715 1.45144 -0.00902011 -0.0168046 -1.57093
28.4895 0.0263569 -0.842838 1.45143 -0.00904489 -0.0169108 -1.57094
28.4943 0.0263493 -0.843665 1.45141 -0.00905032 -0.0169107 -1.57094
28.4944 0.0263417 -0.844493 1.45139 -0.00905637 -0.016909 -1.57093
28.4944 0.0263341 -0.84532 1.45137 -0.00906328 -0.0169041 -1.57093
28.5029 0.0263266 -0.846147 1.45135 -0.00907056 -0.0168942 -1.57093
28.512 0.0263192 -0.846973 1.45133 -0.0090777 -0.016877 -1.57093
28.5122 0.0263117 -0.847798 1.45131 -0.00908436 -0.0168527 -1.57093
28.5122 0.0263043 -0.848623 1.45129 -0.00909067 -0.016825 -1.57093
28.5138 0.0262969 -0.849447 1.45127 -0.00909571 -0.0167964 -1.57093
28.52 0.0262896 -0.850271 1.45125 -0.0090999 -0.0167691 -1.57093
28.5239 0.0262822 -0.851095 1.45124 -0.00910319 -0.0167449 -1.57093
28.5351 0.0262749 -0.851917 1.45122 -0.00910451 -0.0167652 -1.57093
28.5494 0.0262676 -0.852738 1.4512 -0.00910509 -0.0167895 -1.57093
28.5529 0.0262602 -0.853559 1.45118 -0.00910526 -0.0167777 -1.57093
28.5562 0.0262529 -0.854381 1.45116 -0.00910495 -0.016769 -1.57093
28.5638 0.0262457 -0.855202 1.45114 -0.009105 -0.0167609 -1.57093
28.5665 0.0262385 -0.856023 1.45112 -0.00910478 -0.0167518 -1.57092
28.5757 0.0262313 -0.856845 1.4511 -0.00910444 -0.0167424 -1.57092
28.5795 0.0262242 -0.857665 1.45108 -0.00910483 -0.0167351 -1.57092
28.5827 0.0262171 -0.858486 1.45106 -0.00910552 -0.01673 -1.57092
28.5879 0.02621 -0.859306 1.45104 -0.00910619 -0.0167281 -1.57092
28.5941 0.0262028 -0.860126 1.45102 -0.00910717 -0.0167789 -1.57092
28.5966 0.0261956 -0.860945 1.451 -0.00910861 -0.0168324 -1.57092
28.6023 0.0261884 -0.861764 1.45097 -0.00910957 -0.0168395 -1.57091
28.6052 0.0261812 -0.862584 1.45095 -0.00910976 -0.0168469 -1.57091
28.6098 0.0261866 -0.863427 1.45093 -0.0091072 -0.0168433 -1.57091
28.6158 0.0261795 -0.864247 1.45091 -0.00910598 -0.0168406 -1.57091
28.6229 0.0265314 -0.866281 1.45093 -0.00913344 -0.0169043 -1.57092
28.633 0.0265255 -0.867104 1.45091 -0.00913096 -0.0168913 -1.57092
28.6367 0.0265197 -0.867927 1.45089 -0.00912803 -0.0168767 -1.57092
28.6396 0.0265138 -0.868751 1.45087 -0.00912459 -0.0168631 -1.57092
28.6481 0.026508 -0.869574 1.45085 -0.00912024 -0.0168515 -1.57092
28.6482 0.0265022 -0.870397 1.45083 -0.00911477 -0.0168429 -1.57092
28.6561 0.0264964 -0.87122 1.45081 -0.00910864 -0.0168387 -1.57092
28.658 0.0264907 -0.872044 1.45079 -0.00910226 -0.0168388 -1.57092
28.663 0.0264849 -0.872867 1.45077 -0.00909589 -0.0168422 -1.57092
28.6632 0.0264792 -0.873691 1.45075 -0.00908915 -0.0168485 -1.57091
28.6793 0.0264735 -0.874514 1.45073 -0.00908225 -0.0169044 -1.57091
28.6816 0.0264678 -0.875336 1.45071 -0.0090763 -0.0169634 -1.57091
28.6847 0.0264622 -0.87616 1.45069 -0.00907157 -0.0169788 -1.57091
28.6922 0.0264566 -0.876984 1.45067 -0.00906572 -0.0170321 -1.57091
28.696 0.0264509 -0.877808 1.45065 -0.00906014 -0.0170846 -1.57091
28.7058 0.0264454 -0.878633 1.45063 -0.00905725 -0.0170632 -1.57091
28.7071 0.0264398 -0.879461 1.45061 -0.00905431 -0.0170363 -1.57091
28.7071 0.0264343 -0.880288 1.45059 -0.00905058 -0.017038 -1.57091
28.7092 0.0264288 -0.881114 1.45057 -0.00904648 -0.0170769 -1.57091
28.7139 0.0264233 -0.881941 1.45055 -0.0090428 -0.0171172 -1.57091
28.7211 0.0264179 -0.882768 1.45053 -0.00903977 -0.0171211 -1.57091
28.7264 0.0264125 -0.883597 1.45051 -0.00903636 -0.0171268 -1.57091
28.7284 0.0264071 -0.884426 1.45049 -0.00903225 -0.0171325 -1.57091
28.7346 0.0264017 -0.885256 1.45047 -0.00902807 -0.0171367 -1.57091
28.7362 0.0263964 -0.886086 1.45045 -0.00902352 -0.0171843 -1.57091
28.7408 0.026391 -0.886917 1.45042 -0.00901855 -0.0172323 -1.5709
28.749 0.0263857 -0.887749 1.4504 -0.0090142 -0.0172366 -1.5709
28.7559 0.0263805 -0.888582 1.45038 -0.00901 -0.0172399 -1.5709
28.7647 0.0263752 -0.889416 1.45036 -0.0090055 -0.0172394 -1.5709
28.7664 0.02637 -0.890252 1.45034 -0.00900138 -0.0172354 -1.5709
28.7714 0.0263647 -0.891088 1.45032 -0.00899806 -0.0172293 -1.5709
28.7751 0.0263595 -0.891925 1.45031 -0.00899454 -0.0172229 -1.5709
28.7832 0.0263542 -0.892764 1.45029 -0.00899056 -0.0172182 -1.5709
28.7899 0.026349 -0.893603 1.45027 -0.00898742 -0.0172163 -1.5709
28.7913 0.0263438 -0.894443 1.45025 -0.00898468 -0.0172172 -1.5709
28.7959 0.0263386 -0.895284 1.45023 -0.00898175 -0.017221 -1.5709
28.7994 0.0263334 -0.896126 1.45021 -0.00897982 -0.017228 -1.5709
28.8048 0.0263283 -0.896969 1.45019 -0.00897836 -0.0172384 -1.5709
28.8119 0.0263231 -0.897813 1.45017 -0.00897592 -0.0172946 -1.5709
28.8156 0.026318 -0.898657 1.45015 -0.00897311 -0.0173522 -1.5709
28.8233 0.0263128 -0.899503 1.45013 -0.00897157 -0.0173302 -1.5709
28.828 0.0263078 -0.900352 1.45011 -0.00896926 -0.0173048 -1.5709
28.834 0.0263027 -0.9012 1.45009 -0.0089644 -0.0173448 -1.5709
28.8407 0.0262975 -0.902048 1.45007 -0.00895996 -0.017381 -1.57089
28.8461 0.0262925 -0.902898 1.45005 -0.0089558 -0.0174189 -1.57089
28.8521 0.026629 -0.905265 1.45012 -0.00897339 -0.0175274 -1.5709
28.8541 0.0266249 -0.906122 1.4501 -0.00896919 -0.0175255 -1.5709
28.8576 0.0266209 -0.90698 1.45008 -0.00896525 -0.0175195 -1.5709
28.8638 0.0266168 -0.90784 1.45006 -0.00896233 -0.017508 -1.5709
28.8661 0.0266128 -0.908701 1.45004 -0.00895995 -0.0174915 -1.5709
28.8708 0.0266087 -0.909564 1.45002 -0.00895742 -0.017473 -1.5709
28.8766 0.0266046 -0.910429 1.45001 -0.00895431 -0.0174557 -1.57089
28.8904 0.0266005 -0.911295 1.44999 -0.0089517 -0.0174423 -1.57089
28.9018 0.0265964 -0.912163 1.44997 -0.00894988 -0.0174333 -1.57089
28.9069 0.0265922 -0.913032 1.44995 -0.00894772 -0.0174289 -1.57089
28.9086 0.0265796 -0.915655 1.4499 -0.0089401 -0.0174466 -1.57089
28.9087 0.0265753 -0.916535 1.44988 -0.00893628 -0.0174628 -1.57089
28.914 0.026571 -0.917418 1.44987 -0.00893139 -0.0174798 -1.57089
28.9296 0.0265667 -0.918303 1.44985 -0.00892722 -0.0174494 -1.57089
28.937 0.0265624 -0.91919 1.44983 -0.00892244 -0.0174148 -1.57089
28.9383 0.0265582 -0.920079 1.44982 -0.00891673 -0.0174213 -1.57089
28.9421 0.0265539 -0.920968 1.4498 -0.00891136 -0.017427 -1.57089
28.9464 0.0265496 -0.921858 1.44979 -0.00890656 -0.0175265 -1.57089
28.9579 0.0265452 -0.922748 1.44977 -0.00890194 -0.0176285 -1.57088
28.9662 0.0265405 -0.92364 1.44975 -0.00889679 -0.0176392 -1.57088
28.971 0.0268646 -0.92613 1.44988 -0.00891608 -0.0177157 -1.57089
28.9714 0.0268613 -0.927032 1.44986 -0.00891163 -0.01771 -1.57089
28.9765 0.0268579 -0.927937 1.44985 -0.00890917 -0.0176536 -1.57089
28.978 0.0268546 -0.928845 1.44983 -0.00890777 -0.0175837 -1.57089
28.9864 0.0268512 -0.929755 1.44982 -0.00890494 -0.017542 -1.57089
28.9885 0.0268478 -0.930665 1.44981 -0.00890139 -0.0175008 -1.57089
29.0071 0.0268444 -0.931578 1.4498 -0.00889837 -0.0174675 -1.57089
29.0127 0.026841 -0.932492 1.44978 -0.00889472 -0.0174446 -1.57089
29.0146 0.0268375 -0.933408 1.44977 -0.0088903 -0.0174331 -1.57089
29.0184 0.0268341 -0.934326 1.44976 -0.00888629 -0.0174124 -1.57089
29.0218 0.0268286 -0.935231 1.44975 -0.00888297 -0.0173791 -1.57089
29.0317 0.0268251 -0.936153 1.44974 -0.00887659 -0.0173707 -1.57088
29.036 0.0268962 -0.939042 1.44998 -0.00887746 -0.0175074 -1.57089
29.0396 0.026893 -0.939971 1.44997 -0.00887125 -0.0175379 -1.57089
29.0515 0.0268897 -0.940902 1.44996 -0.00886569 -0.0175735 -1.57089
29.054 0.0268865 -0.941834 1.44995 -0.00886094 -0.0176113 -1.57089
29.0549 0.0268833 -0.942768 1.44994 -0.00885593 -0.0176478 -1.57089
29.0575 0.02688 -0.943703 1.44993 -0.00885202 -0.0176812 -1.57089
29.0663 0.0268766 -0.94464 1.44992 -0.00884932 -0.0177095 -1.57088
29.0717 0.0268733 -0.945579 1.44991 -0.0088476 -0.0177309 -1.57088
29.0803 0.0268699 -0.946519 1.4499 -0.00884718 -0.0177459 -1.57088
29.0831 0.0268666 -0.947461 1.44989 -0.0088473 -0.0177545 -1.57088
29.0864 0.0268632 -0.948404 1.44988 -0.00884788 -0.0177577 -1.57088
29.0915 0.0268598 -0.949349 1.44987 -0.00884853 -0.0177109 -1.57088
29.0963 0.0268564 -0.950297 1.44986 -0.00884939 -0.0176616 -1.57088
29.0975 0.0268529 -0.951245 1.44986 -0.0088498 -0.0176579 -1.57088
29.1078 0.0268494 -0.952194 1.44985 -0.00884835 -0.017656 -1.57088
29.1101 0.0268459 -0.953144 1.44984 -0.00884611 -0.0176572 -1.57087
29.1149 0.0268423 -0.954095 1.44983 -0.00884468 -0.0176638 -1.57087
29.1183 0.0268388 -0.955047 1.44982 -0.00884375 -0.0176767 -1.57087
29.1237 0.026835 -0.956 1.44981 -0.00884295 -0.0176936 -1.57087
29.1279 0.0268313 -0.956955 1.4498 -0.00884211 -0.0177117 -1.57087
29.1374 0.0269322 -0.959595 1.45005 -0.00886462 -0.0178522 -1.57088
29.1403 0.0269288 -0.960557 1.45004 -0.00886608 -0.0178691 -1.57088
29.16 0.0269254 -0.96152 1.45003 -0.00886739 -0.0178843 -1.57088
29.1649 0.0269221 -0.962484 1.45002 -0.00886913 -0.0178975 -1.57088
29.1651 0.0269187 -0.963449 1.45001 -0.00887106 -0.0179078 -1.57088
29.177 0.0269083 -0.966351 1.44999 -0.0088758 -0.0179214 -1.57087
29.1813 0.0269048 -0.967321 1.44998 -0.00887671 -0.0179235 -1.57087
29.1839 0.0269013 -0.968291 1.44997 -0.00887699 -0.0179295 -1.57087
29.1882 0.0268978 -0.969262 1.44996 -0.00887673 -0.0179393 -1.57087
29.2063 0.0268943 -0.970234 1.44995 -0.00887611 -0.0179508 -1.57087
29.2094 0.0268907 -0.971207 1.44994 -0.00887509 -0.0179633 -1.57087
29.2101 0.0268872 -0.972181 1.44993 -0.00887484 -0.0179756 -1.57087
29.2107 0.0268837 -0.973155 1.44992 -0.00887534 -0.0179864 -1.57087
29.2169 0.0268801 -0.97413 1.44991 -0.00887577 -0.0179941 -1.57087
29.2199 0.0268766 -0.975107 1.44991 -0.00887572 -0.0179986 -1.57087
29.2316 0.026873 -0.976084 1.4499 -0.00887419 -0.0179548 -1.57087
29.2356 0.0268695 -0.977064 1.44989 -0.00887195 -0.0179085 -1.57087
29.2468 0.0268587 -0.979999 1.44986 -0.00886337 -0.0179091 -1.57086
29.2517 0.026855 -0.980976 1.44985 -0.00885994 -0.0179134 -1.57086
29.2572 0.0268514 -0.981954 1.44984 -0.00885683 -0.0179215 -1.57086
29.2611 0.0268477 -0.982933 1.44983 -0.00885376 -0.0179301 -1.57086
29.2633 0.026844 -0.983912 1.44982 -0.00884956 -0.017937 -1.57086
29.2681 0.0268403 -0.984892 1.44981 -0.0088453 -0.0179421 -1.57086
29.2722 0.0268366 -0.985872 1.4498 -0.00884181 -0.017945 -1.57086
29.2838 0.0268328 -0.986853 1.44979 -0.00883848 -0.0179453 -1.57086
29.2859 0.0268291 -0.987835 1.44978 -0.00883557 -0.0178993 -1.57086
29.291 0.0268252 -0.988818 1.44977 -0.00883256 -0.0178518 -1.57086
29.2967 0.0268214 -0.9898 1.44976 -0.00882983 -0.017846 -1.57085
29.3066 0.0268176 -0.990783 1.44975 -0.0088274 -0.017841 -1.57085
29.31 0.0268138 -0.991765 1.44974 -0.00882558 -0.017841 -1.57085
29.3122 0.02681 -0.992748 1.44973 -0.00882363 -0.0178484 -1.57085
29.3145 0.0268062 -0.993731 1.44972 -0.00882134 -0.0178641 -1.57085
29.3276 0.0268023 -0.994714 1.44971 -0.0088183 -0.0178868 -1.57085
29.3296 0.0267985 -0.995697 1.4497 -0.00881577 -0.0179133 -1.57085
29.3319 0.0267946 -0.996681 1.44969 -0.00881478 -0.0179408 -1.57085
29.3357 0.0267906 -0.997665 1.44968 -0.00881408 -0.0179667 -1.57085
29.3388 0.0267866 -0.998649 1.44967 -0.00881441 -0.0179891 -1.57085
29.3434 0.0267826 -0.999633 1.44966 -0.00881604 -0.0179669 -1.57085
29.3551 0.0267785 -1.00062 1.44965 -0.00881788 -0.0179398 -1.57085
29.3566 0.0267744 -1.0016 1.44964 -0.00881965 -0.0179484 -1.57085
29.3577 0.0267703 -1.00259 1.44963 -0.00882207 -0.0179524 -1.57085
29.3641 0.0267661 -1.00357 1.44962 -0.00882415 -0.0179534 -1.57085
29.3651 0.0267619 -1.00456 1.44961 -0.00882548 -0.0179548 -1.57084
29.3701 0.0267576 -1.00554 1.4496 -0.00882633 -0.0179563 -1.57084
29.3769 0.0267533 -1.00652 1.44959 -0.00882679 -0.0179571 -1.57084
29.3794 0.026749 -1.00751 1.44958 -0.00882669 -0.0179564 -1.57084
29.3841 0.0267446 -1.00849 1.44957 -0.00882595 -0.0179543 -1.57084
29.3894 0.0267403 -1.00948 1.44956 -0.00882525 -0.0179499 -1.57084
29.3963 0.026736 -1.01046 1.44955 -0.00882597 -0.0179051 -1.57084
29.3989 0.0267317 -1.01145 1.44954 -0.00882656 -0.0178586 -1.57084
29.4015 0.0267274 -1.01243 1.44953 -0.00882642 -0.0178479 -1.57084
29.4061 0.026723 -1.01341 1.44952 -0.00882695 -0.0178386 -1.57083
29.4145 0.0267186 -1.01439 1.44951 -0.00882738 -0.0178333 -1.57083
29.4154 0.0267142 -1.01538 1.4495 -0.00882834 -0.0178336 -1.57083
29.4195 0.0267098 -1.01636 1.44949 -0.00882919 -0.0178394 -1.57083
29.4256 0.0267053 -1.01734 1.44948 -0.00883001 -0.0178479 -1.57083
29.4283 0.0267009 -1.01832 1.44947 -0.00883219 -0.0178567 -1.57083
29.4479 0.0266964 -1.0193 1.44946 -0.00883458 -0.0178648 -1.57083
29.4496 0.026692 -1.02028 1.44945 -0.00883768 -0.0178713 -1.57083
29.4517 0.0266875 -1.02126 1.44944 -0.00884196 -0.0178747 -1.57083
29.4595 0.026683 -1.02224 1.44943 -0.00884599 -0.0178346 -1.57083
29.4605 0.0266785 -1.02322 1.44942 -0.00884848 -0.0177898 -1.57083
29.4785 0.0266604 -1.02713 1.44938 -0.00885259 -0.0175957 -1.57082
29.4829 0.0266559 -1.02811 1.44937 -0.00885326 -0.0175493 -1.57082
29.493 0.0266423 -1.03103 1.44934 -0.00885308 -0.0175432 -1.57082
29.4988 0.0266377 -1.032 1.44933 -0.00885294 -0.0175433 -1.57082
29.5041 0.0266331 -1.03297 1.44932 -0.00885296 -0.017543 -1.57081
29.5091 0.0266284 -1.03394 1.44931 -0.00885263 -0.0175405 -1.57081
29.5146 0.0266236 -1.0349 1.44929 -0.00885267 -0.0175341 -1.57081
29.5191 0.0266189 -1.03587 1.44928 -0.00885307 -0.0175238 -1.57081
29.5204 0.0266141 -1.03683 1.44927 -0.00885346 -0.0175093 -1.57081
29.5367 0.026595 -1.04068 1.44923 -0.00885463 -0.0174373 -1.5708
29.5402 0.0265902 -1.04164 1.44922 -0.00885524 -0.0173743 -1.5708
29.5441 0.0265853 -1.0426 1.44921 -0.00885637 -0.0173124 -1.5708
29.5606 0.0265805 -1.04356 1.4492 -0.00885684 -0.0172969 -1.5708
29.5629 0.0265757 -1.04452 1.44919 -0.00885709 -0.0172852 -1.5708
29.5688 0.0265708 -1.04547 1.44917 -0.00885691 -0.0172784 -1.5708
29.5789 0.026566 -1.04643 1.44916 -0.00885536 -0.0172785 -1.5708
29.5838 0.0265612 -1.04738 1.44915 -0.0088531 -0.0172849 -1.5708
29.591 0.0265565 -1.04833 1.44914 -0.00885032 -0.0172949 -1.5708
29.5944 0.0266078 -1.05122 1.44945 -0.00886101 -0.0174029 -1.57081
29.5962 0.0266029 -1.05218 1.44944 -0.00886035 -0.0173732 -1.57081
29.6014 0.0265981 -1.05313 1.44943 -0.00885927 -0.0173404 -1.57081
29.6073 0.0265933 -1.05408 1.44942 -0.00885822 -0.0173435 -1.57081
29.611 0.0265885 -1.05503 1.44941 -0.0088587 -0.0173446 -1.57081
29.6176 0.0265836 -1.05598 1.4494 -0.00886015 -0.0173442 -1.57081
29.6188 0.0265787 -1.05693 1.44939 -0.00886194 -0.0173434 -1.5708
29.625 0.0265737 -1.05787 1.44938 -0.00886426 -0.0172992 -1.5708
29.6262 0.0265686 -1.05882 1.44937 -0.00886669 -0.0172533 -1.5708
29.631 0.0265635 -1.05976 1.44936 -0.00886911 -0.0172473 -1.5708
29.6339 0.0265584 -1.0607 1.44935 -0.00887099 -0.0172408 -1.5708
29.6483 0.0265532 -1.06164 1.44934 -0.00887235 -0.0172371 -1.5708
29.6521 0.026548 -1.06257 1.44933 -0.00887379 -0.0172364 -1.5708
29.6528 0.0265427 -1.06351 1.44932 -0.00887455 -0.0172379 -1.5708
29.6541 0.0265375 -1.06444 1.44931 -0.00887523 -0.0172397 -1.5708
29.6594 0.0265323 -1.06537 1.4493 -0.00887536 -0.0171997 -1.5708
29.6631 0.0265271 -1.0663 1.44929 -0.00887442 -0.0171567 -1.5708
29.6748 0.0265218 -1.06723 1.44928 -0.00887302 -0.017151 -1.5708
29.6776 0.0265166 -1.06815 1.44928 -0.00887269 -0.0171456 -1.57079
29.7081 0.0266164 -1.07094 1.44967 -0.00890281 -0.0172667 -1.5708
29.7107 0.0266112 -1.07187 1.44966 -0.00890293 -0.0172696 -1.5708
29.713 0.026606 -1.07279 1.44965 -0.0089023 -0.0172745 -1.5708
29.7168 0.0266008 -1.07371 1.44964 -0.00890246 -0.0172807 -1.5708
29.722 0.0265956 -1.07463 1.44963 -0.00890381 -0.0172857 -1.5708
29.7388 0.0270513 -1.07595 1.44957 -0.00894271 -0.0173271 -1.57081
29.745 0.0270474 -1.07687 1.44956 -0.00894457 -0.0173282 -1.57081
29.745 0.0270435 -1.07778 1.44955 -0.0089466 -0.0173258 -1.57081
29.7496 0.0270395 -1.07869 1.44954 -0.00894977 -0.0172816 -1.57081
29.7497 0.0270355 -1.07961 1.44953 -0.00895226 -0.0172351 -1.57081
29.7497 0.0270315 -1.08051 1.44953 -0.00895399 -0.0172266 -1.57081
29.7497 0.0270274 -1.08142 1.44952 -0.00895744 -0.0172178 -1.57081
29.759 0.027456 -1.08264 1.44948 -0.00900615 -0.0172638 -1.57081
29.7608 0.0274531 -1.08354 1.44947 -0.00900953 -0.0172588 -1.57081
29.7658 0.0274503 -1.08444 1.44946 -0.00901399 -0.0172123 -1.57081
29.7814 0.0274416 -1.08713 1.44944 -0.00902785 -0.0170768 -1.57081
29.7844 0.0274386 -1.08802 1.44943 -0.00903099 -0.0171171 -1.57081
29.7941 0.0274356 -1.08892 1.44942 -0.00903426 -0.017159 -1.57081
29.8028 0.0274326 -1.0898 1.44942 -0.00903789 -0.0171613 -1.57081
29.8053 0.0274296 -1.09069 1.44941 -0.00903996 -0.0171599 -1.57081
29.8148 0.0274266 -1.09157 1.4494 -0.00904066 -0.0171505 -1.57081
29.8177 0.0274235 -1.09246 1.44939 -0.00904091 -0.0171327 -1.5708
29.8195 0.0274205 -1.09334 1.44939 -0.00904156 -0.0171084 -1.5708
29.821 0.0274175 -1.09421 1.44938 -0.00904281 -0.0170802 -1.5708
29.8246 0.0274145 -1.09509 1.44937 -0.009043 -0.0170515 -1.5708
29.8306 0.0274115 -1.09596 1.44937 -0.00904241 -0.0170241 -1.5708
29.8336 0.0274084 -1.09683 1.44936 -0.0090423 -0.0169988 -1.5708
29.839 0.0274054 -1.0977 1.44935 -0.00904196 -0.0169786 -1.5708
29.8444 0.0274023 -1.09857 1.44935 -0.00904031 -0.016964 -1.5708
29.8509 0.0273993 -1.09943 1.44934 -0.00903931 -0.0169536 -1.5708
29.8544 0.0273962 -1.10029 1.44933 -0.00903927 -0.0169475 -1.5708
29.8607 0.0273932 -1.10115 1.44933 -0.00903882 -0.0169457 -1.5708
29.8643 0.0273901 -1.10201 1.44932 -0.00903941 -0.0169867 -1.57079
29.8673 0.027387 -1.10286 1.44931 -0.00904127 -0.0170309 -1.57079
29.871 0.027384 -1.10371 1.44931 -0.00904449 -0.0170377 -1.57079
29.8771 0.027381 -1.10456 1.4493 -0.0090504 -0.0170419 -1.57079
29.8822 0.0273779 -1.10541 1.44929 -0.00905888 -0.0169986 -1.57079
29.8843 0.0273749 -1.10626 1.44928 -0.0090673 -0.0169501 -1.57079
29.892 0.0273718 -1.10711 1.44928 -0.00907655 -0.0169839 -1.57079
29.8943 0.0273688 -1.10795 1.44927 -0.00908721 -0.0170193 -1.57078
29.8994 0.0273658 -1.10879 1.44926 -0.0090982 -0.0170173 -1.57078
29.9022 0.0273629 -1.10962 1.44925 -0.00910921 -0.017021 -1.57078
29.9159 0.027354 -1.11213 1.44922 -0.00914366 -0.017038 -1.57078
29.9233 0.027351 -1.11296 1.44922 -0.009156 -0.0170434 -1.57078
29.9345 0.0273481 -1.11379 1.44921 -0.00916847 -0.0170482 -1.57078
29.9392 0.0273452 -1.11461 1.4492 -0.00918152 -0.0170532 -1.57078
29.9392 0.0273423 -1.11544 1.44919 -0.00919503 -0.0170582 -1.57078
29.9441 0.0273395 -1.11626 1.44918 -0.00920849 -0.0170627 -1.57078
29.9493 0.0273367 -1.11708 1.44917 -0.00922194 -0.017066 -1.57077
29.9542 0.0273338 -1.1179 1.44915 -0.00923578 -0.017068 -1.57077
29.9673 0.0273252 -1.12034 1.44912 -0.00927362 -0.017198 -1.57077
29.9789 0.0273223 -1.12114 1.44911 -0.00928356 -0.0172398 -1.57077
29.9819 0.0273196 -1.12195 1.44909 -0.00929354 -0.0172379 -1.57077
29.9833 0.0273168 -1.12276 1.44908 -0.00930397 -0.0172349 -1.57077
29.9889 0.0273141 -1.12356 1.44907 -0.00931331 -0.0172291 -1.57077
29.9962 0.0273219 -1.12434 1.44905 -0.0093246 -0.0172259 -1.57076
29.9981 0.0273193 -1.12514 1.44904 -0.00933198 -0.0172174 -1.57076
30.0084 0.0277788 -1.12625 1.44905 -0.00938994 -0.0172715 -1.57077
30.0089 0.0277775 -1.12705 1.44903 -0.00939626 -0.0172668 -1.57077
30.0127 0.0277763 -1.12784 1.44902 -0.00940148 -0.017265 -1.57077
30.0168 0.0277752 -1.12864 1.44901 -0.00940609 -0.017267 -1.57077
30.0385 0.0279828 -1.12938 1.449 -0.0094435 -0.0173219 -1.57078
30.0502 0.0279822 -1.13017 1.44898 -0.00944697 -0.0173291 -1.57078
30.0555 0.0279816 -1.13096 1.44897 -0.00945019 -0.0173816 -1.57077
30.0569 0.0279811 -1.13174 1.44895 -0.00945214 -0.0174353 -1.57077
30.0605 0.0279806 -1.13253 1.44894 -0.00945301 -0.0174456 -1.57077
30.0629 0.0279802 -1.13331 1.44892 -0.00945313 -0.0174545 -1.57077
30.0658 0.0279797 -1.1341 1.44891 -0.00945232 -0.0174596 -1.57077
30.0673 0.0279793 -1.13488 1.44889 -0.00945127 -0.0174593 -1.57077
30.0767 0.0279788 -1.13566 1.44887 -0.00945017 -0.0174542 -1.57076
30.085 0.0279783 -1.13644 1.44886 -0.00944797 -0.0174466 -1.57076
30.0879 0.0279778 -1.13722 1.44884 -0.00944579 -0.0174386 -1.57076
30.0985 0.0279774 -1.138 1.44883 -0.00944347 -0.017432 -1.57076
30.0997 0.027977 -1.13877 1.44881 -0.0094403 -0.0174278 -1.57076
30.1005 0.0279766 -1.13955 1.44879 -0.00943616 -0.0174262 -1.57076
30.1028 0.0279763 -1.14032 1.44878 -0.00943151 -0.017427 -1.57076
30.1131 0.027976 -1.14109 1.44876 -0.00942589 -0.0174311 -1.57075
30.1163 0.0279757 -1.14186 1.44874 -0.00941971 -0.0174818 -1.57075
30.1178 0.0279755 -1.14263 1.44872 -0.00941381 -0.0175339 -1.57075
30.1223 0.0279753 -1.1434 1.44871 -0.00940861 -0.0175439 -1.57075
30.1269 0.0279752 -1.14416 1.44869 -0.00940331 -0.0175539 -1.57075
30.135 0.0279751 -1.14493 1.44867 -0.00939818 -0.0175614 -1.57075
30.1354 0.0279751 -1.1457 1.44865 -0.00939421 -0.0175654 -1.57075
30.1391 0.0279751 -1.14646 1.44864 -0.00938922 -0.0176061 -1.57075
30.1469 0.0279752 -1.14722 1.44862 -0.00938418 -0.0176463 -1.57075
30.1604 0.0279752 -1.14798 1.4486 -0.00938012 -0.017648 -1.57075
30.1607 0.0279754 -1.14874 1.44858 -0.00937636 -0.0176493 -1.57074
30.1634 0.0279755 -1.1495 1.44857 -0.00937284 -0.0176495 -1.57074
30.1658 0.0279757 -1.15026 1.44855 -0.00936945 -0.0176486 -1.57074
30.17 0.027976 -1.15102 1.44853 -0.0093662 -0.0176466 -1.57074
30.1813 0.0279762 -1.15178 1.44851 -0.00936279 -0.0176449 -1.57074
30.1865 0.0279765 -1.15254 1.44849 -0.00935914 -0.0176458 -1.57074
30.1884 0.0279767 -1.1533 1.44848 -0.00935548 -0.0176496 -1.57074
30.1921 0.027977 -1.15405 1.44846 -0.00935239 -0.0176564 -1.57074
30.1975 0.0279773 -1.15481 1.44844 -0.00934909 -0.0176663 -1.57074
30.1999 0.0279777 -1.15556 1.44842 -0.00934497 -0.0176785 -1.57074
30.2078 0.027978 -1.15632 1.4484 -0.00934066 -0.017692 -1.57074
30.2117 0.0279783 -1.15707 1.44839 -0.00933627 -0.0177065 -1.57073
30.2266 0.0279787 -1.15782 1.44837 -0.00933171 -0.0177208 -1.57073
30.2301 0.027979 -1.15858 1.44835 -0.00932728 -0.0177357 -1.57073
30.2371 0.0279794 -1.15933 1.44833 -0.00932308 -0.0177501 -1.57073
30.2397 0.0279808 -1.16008 1.44831 -0.0093193 -0.0177635 -1.57073
30.2537 0.0282055 -1.16059 1.44823 -0.00934662 -0.0178088 -1.57073
30.2542 0.0282066 -1.16134 1.44821 -0.00934471 -0.0178639 -1.57073
30.258 0.0282078 -1.16208 1.44819 -0.00934264 -0.0179193 -1.57073
30.2607 0.0282089 -1.16283 1.44818 -0.00934134 -0.01793 -1.57073
30.2611 0.0282101 -1.16358 1.44816 -0.00934017 -0.0179382 -1.57072
30.2688 0.0282113 -1.16432 1.44814 -0.00933815 -0.0179437 -1.57072
30.2729 0.0282126 -1.16507 1.44812 -0.00933513 -0.0179459 -1.57072
30.2814 0.0282139 -1.16581 1.4481 -0.00933249 -0.0179464 -1.57072
30.2934 0.0284967 -1.16643 1.44803 -0.00936136 -0.0179769 -1.57073
30.3011 0.0284989 -1.16717 1.44801 -0.00935959 -0.0179782 -1.57073
30.3022 0.0285011 -1.16791 1.44799 -0.00935698 -0.0179809 -1.57072
30.3098 0.0285034 -1.16866 1.44797 -0.00935362 -0.0180266 -1.57072
30.3143 0.0285056 -1.1694 1.44795 -0.00935044 -0.018076 -1.57072
30.317 0.0285078 -1.17014 1.44794 -0.00934756 -0.018089 -1.57072
30.322 0.0285101 -1.17088 1.44792 -0.00934476 -0.018104 -1.57072
30.3263 0.0285123 -1.17163 1.4479 -0.00934232 -0.0181176 -1.57072
30.3312 0.0285145 -1.17237 1.44788 -0.00933963 -0.0181711 -1.57072
30.3441 0.0285164 -1.17311 1.44786 -0.00933752 -0.0182202 -1.57072
30.3491 0.0285186 -1.17385 1.44784 -0.00933626 -0.0182223 -1.57072
30.3555 0.0287894 -1.17447 1.4478 -0.0093672 -0.0182552 -1.57073
30.3591 0.0287924 -1.17521 1.44779 -0.00936528 -0.0182885 -1.57073
30.373 0.0287955 -1.17595 1.44777 -0.00936436 -0.0183167 -1.57072
30.3737 0.0287987 -1.17669 1.44775 -0.0093643 -0.0183012 -1.57072
30.3784 0.0288019 -1.17744 1.44773 -0.00936401 -0.0182835 -1.57072
30.3951 0.0288052 -1.17818 1.44771 -0.00936432 -0.0182638 -1.57072
30.3958 0.0288084 -1.17893 1.44769 -0.00936443 -0.018242 -1.57072
30.3969 0.0288116 -1.17967 1.44768 -0.0093637 -0.0182212 -1.57072
30.3982 0.0288148 -1.18042 1.44766 -0.00936327 -0.0182035 -1.57072
30.4058 0.0288181 -1.18116 1.44764 -0.0093624 -0.0182342 -1.57072
30.4085 0.0288214 -1.18191 1.44762 -0.0093611 -0.0182714 -1.57072
30.4167 0.0288245 -1.18265 1.4476 -0.00936031 -0.0182272 -1.57072
30.4238 0.0292323 -1.18373 1.44781 -0.00941641 -0.0182514 -1.57073
30.4473 0.0292457 -1.18598 1.44775 -0.00941083 -0.0182753 -1.57072
30.454 0.0292502 -1.18673 1.44774 -0.00940836 -0.0182866 -1.57072
30.4636 0.0292548 -1.18747 1.44772 -0.00940542 -0.0182965 -1.57072
30.4707 0.0292594 -1.18822 1.4477 -0.00940243 -0.0183035 -1.57072
30.4732 0.029264 -1.18898 1.44769 -0.00939882 -0.0183059 -1.57072
30.4836 0.0292686 -1.18973 1.44767 -0.00939494 -0.0183432 -1.57072
30.486 0.0292732 -1.19048 1.44765 -0.0093917 -0.0183786 -1.57072
30.488 0.0292778 -1.19123 1.44763 -0.0093895 -0.0183729 -1.57072
30.4946 0.0292825 -1.19199 1.44762 -0.00938683 -0.0183637 -1.57072
30.4984 0.0292871 -1.19274 1.4476 -0.00938442 -0.0183531 -1.57071
30.5003 0.0292917 -1.1935 1.44758 -0.00938215 -0.0183415 -1.57071
30.511 0.0292963 -1.19426 1.44757 -0.00937945 -0.018374 -1.57071
30.5156 0.0293009 -1.19502 1.44755 -0.00937664 -0.0184086 -1.57071
30.5171 0.0293056 -1.19578 1.44753 -0.00937396 -0.0184006 -1.57071
30.5217 0.0293102 -1.19654 1.44752 -0.00937093 -0.0183938 -1.57071
30.5263 0.0293149 -1.1973 1.4475 -0.00936667 -0.0183863 -1.57071
30.5297 0.0293196 -1.19807 1.44749 -0.00936153 -0.0183763 -1.57071
30.5331 0.0293242 -1.19883 1.44747 -0.00935592 -0.0183659 -1.57071
30.5361 0.0293289 -1.1996 1.44745 -0.00934993 -0.0183571 -1.57071
30.5447 0.0293335 -1.20037 1.44744 -0.0093429 -0.0183508 -1.57071
30.5458 0.0293381 -1.20113 1.44742 -0.00933521 -0.0183479 -1.57071
30.5531 0.0297622 -1.20228 1.44768 -0.00939224 -0.0184198 -1.57071
30.5648 0.0297679 -1.20306 1.44767 -0.0093859 -0.0184235 -1.57071
30.5661 0.0297737 -1.20383 1.44765 -0.0093806 -0.0184299 -1.57071
30.5698 0.0297794 -1.20461 1.44764 -0.00937529 -0.0184839 -1.57071
30.5756 0.0297852 -1.20539 1.44762 -0.00937127 -0.01854 -1.57071
30.5838 0.029791 -1.20616 1.44761 -0.00936731 -0.018596 -1.57071
30.5859 0.0297968 -1.20694 1.44759 -0.0093628 -0.0186513 -1.57071
30.5945 0.0298026 -1.20773 1.44758 -0.00936038 -0.0186181 -1.57071
30.5979 0.0298084 -1.20851 1.44756 -0.00935823 -0.0185775 -1.57071
30.6085 0.0298142 -1.2093 1.44755 -0.00935519 -0.01857 -1.57071
30.609 0.02982 -1.21009 1.44753 -0.00935204 -0.018594 -1.57071
30.6118 0.0298258 -1.21088 1.44752 -0.00934861 -0.0186164 -1.5707
30.6261 0.0298315 -1.21167 1.44751 -0.00934543 -0.0186023 -1.5707
30.6281 0.0298373 -1.21246 1.44749 -0.0093408 -0.0185886 -1.5707
30.6304 0.029843 -1.21326 1.44748 -0.00933547 -0.0185748 -1.5707
30.6345 0.0298487 -1.21406 1.44747 -0.00933164 -0.0185605 -1.5707
30.6458 0.0298544 -1.21486 1.44745 -0.00932732 -0.0185466 -1.5707
30.6488 0.0298601 -1.21566 1.44744 -0.00932253 -0.0185347 -1.5707
30.658 0.0298658 -1.21646 1.44743 -0.00931757 -0.0185266 -1.5707
30.658 0.0298714 -1.21727 1.44741 -0.00931198 -0.0185225 -1.5707
30.6635 0.0298771 -1.21808 1.4474 -0.00930619 -0.0186067 -1.57069
30.6686 0.0298827 -1.21888 1.44739 -0.00930112 -0.0186553 -1.57069
30.672 0.0298883 -1.2197 1.44738 -0.00929614 -0.0186227 -1.57069
30.6786 0.0298937 -1.22051 1.44736 -0.00929122 -0.0186285 -1.57069
30.6856 0.0302993 -1.22167 1.44763 -0.00935021 -0.0186962 -1.5707
30.6856 0.0303059 -1.22249 1.44762 -0.00934629 -0.0187283 -1.5707
30.6958 0.0303125 -1.22331 1.44761 -0.00934246 -0.0187566 -1.5707
30.6994 0.0303191 -1.22413 1.4476 -0.00933894 -0.0187451 -1.5707
30.7051 0.0303257 -1.22496 1.44758 -0.00933526 -0.0187322 -1.5707
30.7072 0.0303323 -1.22579 1.44757 -0.00933145 -0.0187161 -1.57069
30.7106 0.0303389 -1.22662 1.44756 -0.00932754 -0.0186967 -1.57069
30.7129 0.0303455 -1.22746 1.44755 -0.00932334 -0.0186762 -1.57069
30.7154 0.030352 -1.2283 1.44754 -0.00932 -0.0186579 -1.57069
30.7262 0.0303585 -1.22914 1.44753 -0.00931599 -0.0186431 -1.57069
30.7271 0.0303651 -1.22998 1.44752 -0.00931125 -0.0186314 -1.57069
30.7328 0.0303716 -1.23083 1.44751 -0.00930771 -0.018585 -1.57069
30.7363 0.0303781 -1.23167 1.4475 -0.00930399 -0.0185436 -1.57068
30.7499 0.0303847 -1.23253 1.44749 -0.00930018 -0.0185463 -1.57068
30.753 0.0303912 -1.23338 1.44748 -0.00929641 -0.0185544 -1.57068
30.7586 0.0303978 -1.23423 1.44747 -0.0092927 -0.0185691 -1.57068
30.7641 0.0304043 -1.23509 1.44746 -0.00929013 -0.0185899 -1.57068
30.7716 0.0304108 -1.23595 1.44745 -0.00928779 -0.018613 -1.57068
30.7725 0.0304173 -1.23681 1.44744 -0.00928585 -0.0186363 -1.57067
30.7758 0.0304238 -1.23767 1.44743 -0.00928459 -0.0186573 -1.57067
30.7771 0.0304303 -1.23854 1.44742 -0.00928365 -0.0186756 -1.57067
30.7798 0.0304368 -1.23941 1.44741 -0.00928389 -0.0186909 -1.57067
30.7874 0.0304433 -1.24028 1.4474 -0.0092839 -0.0187012 -1.57067
30.7891 0.0304498 -1.24115 1.44739 -0.00928329 -0.0187081 -1.57067
30.7933 0.0304561 -1.24203 1.44738 -0.00928232 -0.0187127 -1.57067
30.8045 0.0308072 -1.24303 1.44763 -0.00934386 -0.0187514 -1.57068
30.8056 0.0308146 -1.24391 1.44762 -0.00934299 -0.0187122 -1.57068
30.8106 0.0308218 -1.2448 1.44761 -0.00934046 -0.0187124 -1.57068
30.8129 0.0308291 -1.24568 1.44761 -0.00933652 -0.0187144 -1.57068
30.8379 0.0308657 -1.25013 1.44757 -0.00931176 -0.0187674 -1.57067
30.8441 0.0308731 -1.25102 1.44756 -0.00930582 -0.0187841 -1.57067
30.8459 0.0308805 -1.25192 1.44755 -0.00930003 -0.0187993 -1.57067
30.8551 0.0308878 -1.25282 1.44754 -0.00929404 -0.0188123 -1.57067
30.8573 0.0308951 -1.25372 1.44754 -0.00928838 -0.0188219 -1.57066
30.8685 0.0309024 -1.25462 1.44753 -0.00928345 -0.0188282 -1.57066
30.8707 0.0309096 -1.25553 1.44752 -0.00927959 -0.0187921 -1.57066
30.8742 0.0309169 -1.25644 1.44751 -0.00927653 -0.0187535 -1.57066
30.8781 0.0309242 -1.25734 1.44751 -0.0092746 -0.0187527 -1.57066
30.8823 0.0309315 -1.25825 1.4475 -0.00927428 -0.0187521 -1.57066
30.8864 0.0309387 -1.25916 1.44749 -0.00927388 -0.0187542 -1.57066
30.8928 0.0309459 -1.26008 1.44749 -0.00927244 -0.0187596 -1.57066
30.896 0.0309532 -1.26099 1.44748 -0.00927054 -0.0187675 -1.57066
30.8995 0.0309604 -1.26191 1.44747 -0.00926859 -0.0187767 -1.57066
30.9061 0.0309675 -1.26283 1.44747 -0.00926662 -0.018784 -1.57066
30.9083 0.0309747 -1.26374 1.44746 -0.00926358 -0.018788 -1.57066
30.9134 0.0309818 -1.26466 1.44746 -0.00925982 -0.0187894 -1.57065
30.9181 0.0309889 -1.26559 1.44745 -0.00925654 -0.0187878 -1.57065
30.9218 0.030996 -1.26651 1.44744 -0.00925395 -0.0187831 -1.57065
30.9272 0.031003 -1.26744 1.44744 -0.0092518 -0.018776 -1.57065
30.9306 0.0310101 -1.26836 1.44743 -0.00924958 -0.018728 -1.57065
30.9381 0.0310171 -1.26929 1.44743 -0.00924727 -0.0186781 -1.57065
30.946 0.0310241 -1.27022 1.44742 -0.00924463 -0.0186661 -1.57065
30.9494 0.0310311 -1.27115 1.44741 -0.00924205 -0.0186562 -1.57065
30.9531 0.031038 -1.27209 1.44741 -0.00923862 -0.018651 -1.57064
30.9612 0.031045 -1.27302 1.4474 -0.00923504 -0.0186514 -1.57064
30.9699 0.031052 -1.27395 1.4474 -0.00923231 -0.0186563 -1.57064
30.9779 0.031059 -1.27489 1.44739 -0.00922996 -0.0186634 -1.57064
30.981 0.0310659 -1.27583 1.44739 -0.00922859 -0.018671 -1.57064
30.9841 0.0310729 -1.27677 1.44738 -0.00922792 -0.0186787 -1.57064
30.9907 0.0310796 -1.2777 1.44738 -0.00922776 -0.0186851 -1.57064
30.9987 0.0314418 -1.27893 1.44768 -0.00929348 -0.0187654 -1.57064
30.9988 0.0314496 -1.27987 1.44767 -0.00929363 -0.0187646 -1.57064
31.002 0.0314573 -1.28081 1.44767 -0.00929473 -0.0187614 -1.57064
31.0059 0.0314651 -1.28176 1.44767 -0.0092968 -0.0187175 -1.57064
31.0184 0.0314729 -1.28271 1.44766 -0.00929948 -0.0186715 -1.57064
31.0185 0.0314806 -1.28366 1.44766 -0.00930135 -0.0186629 -1.57064
31.0236 0.0314884 -1.2846 1.44765 -0.00930269 -0.0186542 -1.57064
31.0268 0.0314961 -1.28555 1.44765 -0.00930446 -0.0186479 -1.57064
31.0302 0.0315038 -1.2865 1.44764 -0.00930661 -0.0186462 -1.57064
31.0363 0.0315114 -1.28746 1.44764 -0.00930736 -0.0186513 -1.57064
31.038 0.0315191 -1.28841 1.44763 -0.00930752 -0.0186619 -1.57064
31.0447 0.0315267 -1.28936 1.44763 -0.00930847 -0.0186743 -1.57063
31.0493 0.0315342 -1.29032 1.44762 -0.00930924 -0.018688 -1.57063
31.0546 0.0315418 -1.29127 1.44762 -0.00931074 -0.0187006 -1.57063
31.0652 0.0315493 -1.29223 1.44762 -0.00931258 -0.018711 -1.57063
31.0665 0.0315569 -1.29318 1.44761 -0.00931423 -0.0187193 -1.57063
31.0747 0.0315645 -1.29414 1.44761 -0.00931638 -0.0187247 -1.57063
31.0814 0.031572 -1.2951 1.4476 -0.00931978 -0.018726 -1.57063
31.0922 0.0315795 -1.29606 1.4476 -0.0093244 -0.0186891 -1.57062
31.0953 0.031587 -1.29702 1.4476 -0.00932871 -0.0186475 -1.57062
31.0978 0.0315945 -1.29799 1.44759 -0.00933248 -0.0186379 -1.57062
31.1038 0.0316017 -1.29895 1.44759 -0.00933603 -0.018629 -1.57062
31.1099 0.0319627 -1.3001 1.44787 -0.0094014 -0.018696 -1.57063
31.1149 0.0319709 -1.30106 1.44786 -0.00940388 -0.0186937 -1.57063
31.117 0.0319792 -1.30202 1.44786 -0.00940557 -0.0186931 -1.57062
31.1206 0.0319874 -1.30299 1.44786 -0.00940752 -0.0186947 -1.57062
31.1253 0.0319956 -1.30396 1.44785 -0.00941023 -0.0186962 -1.57062
31.1294 0.0320038 -1.30492 1.44785 -0.00941332 -0.0186963 -1.57062
31.1336 0.032012 -1.30589 1.44785 -0.00941738 -0.0186952 -1.57062
31.1493 0.0320202 -1.30686 1.44784 -0.00942221 -0.0186488 -1.57062
31.1527 0.0320283 -1.30783 1.44784 -0.00942593 -0.0186001 -1.57062
31.1528 0.0320365 -1.3088 1.44784 -0.00943011 -0.0185924 -1.57062
31.1544 0.0320446 -1.30977 1.44784 -0.00943548 -0.018585 -1.57062
31.1623 0.0320528 -1.31074 1.44783 -0.00944035 -0.0185797 -1.57062
31.1639 0.0320609 -1.3117 1.44783 -0.00944451 -0.0185774 -1.57061
31.1651 0.032069 -1.31267 1.44783 -0.00944848 -0.0185784 -1.57061
31.1725 0.0320771 -1.31365 1.44782 -0.00945284 -0.0185817 -1.57061
31.1784 0.0320852 -1.31462 1.44782 -0.00945757 -0.0185862 -1.57061
31.1829 0.0320933 -1.31559 1.44782 -0.00946126 -0.0185907 -1.57061
31.1936 0.0321014 -1.31656 1.44782 -0.00946311 -0.0185932 -1.57061
31.1999 0.0321094 -1.31753 1.44781 -0.00946485 -0.0185934 -1.57061
31.2032 0.0321174 -1.3185 1.44781 -0.00946774 -0.0185918 -1.57061
31.2068 0.0321254 -1.31948 1.44781 -0.00947112 -0.0185411 -1.57061
31.2187 0.0321494 -1.3224 1.4478 -0.00947795 -0.0183802 -1.57061
31.2243 0.0321574 -1.32338 1.4478 -0.00947896 -0.0183737 -1.5706
31.2379 0.0321654 -1.32436 1.4478 -0.00947887 -0.0183716 -1.5706
31.238 0.0321734 -1.32534 1.4478 -0.00947753 -0.0183726 -1.5706
31.2505 0.0321814 -1.32632 1.4478 -0.00947653 -0.0183735 -1.5706
31.2519 0.0321894 -1.32729 1.4478 -0.00947646 -0.0183731 -1.5706
31.2603 0.0321974 -1.32827 1.4478 -0.00947735 -0.0183264 -1.5706
31.269 0.0322054 -1.32925 1.4478 -0.009479 -0.0182765 -1.5706
31.2694 0.0322134 -1.33023 1.44779 -0.00948021 -0.0182694 -1.5706
31.2715 0.0322214 -1.33121 1.44779 -0.00948126 -0.018263 -1.5706
31.2755 0.0322294 -1.33219 1.44779 -0.00948177 -0.0182604 -1.5706
31.2832 0.0322374 -1.33316 1.44779 -0.00948192 -0.0182618 -1.5706
31.2836 0.0322453 -1.33414 1.44779 -0.00948368 -0.0182652 -1.57059
31.2866 0.0322533 -1.33512 1.44779 -0.00948564 -0.0182685 -1.57059
31.2894 0.0322613 -1.33609 1.44779 -0.00948705 -0.0182703 -1.57059
31.3255 0.0325971 -1.33718 1.44808 -0.00955136 -0.0183482 -1.5706
31.3255 0.0326058 -1.33816 1.44808 -0.00955213 -0.0183437 -1.5706
31.3258 0.0326145 -1.33914 1.44808 -0.00955262 -0.0183369 -1.5706
31.3263 0.0326233 -1.34011 1.44808 -0.00955443 -0.0182897 -1.5706
31.3318 0.0326321 -1.34109 1.44808 -0.00955738 -0.0182395 -1.5706
31.3358 0.0326582 -1.34402 1.44808 -0.00956183 -0.0182033 -1.5706
31.3391 0.0326669 -1.34499 1.44808 -0.00956225 -0.018197 -1.5706
31.3413 0.0326759 -1.34596 1.44808 -0.00956143 -0.018197 -1.5706
31.3448 0.0329041 -1.34691 1.44836 -0.00961812 -0.0182832 -1.5706
31.3538 0.0329133 -1.34788 1.44836 -0.00961596 -0.0182921 -1.5706
31.3554 0.0329224 -1.34885 1.44836 -0.00961368 -0.0183026 -1.5706
31.3649 0.0329316 -1.34982 1.44836 -0.00961217 -0.0182797 -1.5706
31.3687 0.0329407 -1.35079 1.44836 -0.00961096 -0.0182544 -1.5706
31.372 0.0329499 -1.35176 1.44836 -0.00960917 -0.0182577 -1.5706
31.3756 0.032959 -1.35273 1.44836 -0.00960794 -0.018258 -1.5706
31.3812 0.0329682 -1.35369 1.44837 -0.00960792 -0.0182571 -1.5706
31.385 0.0329774 -1.35466 1.44837 -0.00960924 -0.0182557 -1.5706
31.4063 0.0329866 -1.35562 1.44837 -0.00961153 -0.0182536 -1.5706
31.4069 0.0329959 -1.35658 1.44837 -0.00961272 -0.0182506 -1.5706
31.4075 0.0330052 -1.35755 1.44837 -0.00961346 -0.0182466 -1.57059
31.4106 0.0330145 -1.35851 1.44837 -0.00961326 -0.0182405 -1.57059
31.4123 0.0330238 -1.35947 1.44837 -0.00961216 -0.0181848 -1.57059
31.4171 0.0330332 -1.36043 1.44837 -0.00961307 -0.0181278 -1.57059
31.4276 0.0330426 -1.36139 1.44837 -0.00961487 -0.0181173 -1.57059
31.4314 0.033052 -1.36235 1.44838 -0.00961575 -0.0181085 -1.57059
31.4333 0.0330614 -1.36331 1.44838 -0.00961594 -0.018106 -1.57059
31.436 0.0330708 -1.36426 1.44838 -0.00961604 -0.0181124 -1.57059
31.4409 0.0330802 -1.36522 1.44838 -0.00961637 -0.0181261 -1.57059
31.4456 0.0330896 -1.36617 1.44838 -0.00961645 -0.0181442 -1.57059
31.4506 0.0330989 -1.36712 1.44838 -0.00961586 -0.0181642 -1.57059
31.4597 0.0331083 -1.36807 1.44839 -0.00961549 -0.0181397 -1.57059
31.4611 0.0331396 -1.36904 1.44852 -0.00963789 -0.0181504 -1.57059
31.4668 0.033149 -1.36999 1.44852 -0.00963644 -0.0181635 -1.57059
31.4732 0.0331584 -1.37094 1.44852 -0.00963644 -0.0181713 -1.57059
31.4807 0.0331679 -1.37189 1.44852 -0.00963784 -0.0181762 -1.57059
31.4821 0.0331773 -1.37283 1.44853 -0.00963943 -0.0181803 -1.57059
31.4858 0.0331868 -1.37378 1.44853 -0.00964155 -0.0181824 -1.57059
31.5194 0.0331963 -1.37472 1.44853 -0.00964402 -0.0181829 -1.57059
31.5194 0.0332059 -1.37566 1.44853 -0.00964677 -0.0181814 -1.57059
31.5262 0.0332154 -1.3766 1.44854 -0.00964833 -0.0181765 -1.57058
31.5377 0.033225 -1.37753 1.44854 -0.0096494 -0.0181697 -1.57058
31.5383 0.0332346 -1.37847 1.44854 -0.00965083 -0.0181613 -1.57058
31.542 0.0332442 -1.37941 1.44855 -0.00965266 -0.0181156 -1.57058
31.5512 0.0332538 -1.38034 1.44855 -0.00965468 -0.0180689 -1.57058
31.5567 0.0332634 -1.38127 1.44855 -0.00965618 -0.0180572 -1.57058
31.5604 0.033273 -1.3822 1.44856 -0.00965751 -0.018047 -1.57058
31.5619 0.0332826 -1.38313 1.44856 -0.009658 -0.0180392 -1.57058
31.5679 0.0332977 -1.38405 1.44856 -0.00965873 -0.0180869 -1.57058
31.5743 0.0333112 -1.38502 1.4487 -0.00968142 -0.0181725 -1.57058
31.5795 0.0333209 -1.38595 1.4487 -0.0096822 -0.0182155 -1.57058
31.5899 0.0333306 -1.38687 1.4487 -0.00968366 -0.018255 -1.57058
31.6029 0.0333403 -1.38779 1.4487 -0.00968584 -0.0182398 -1.57058
31.6082 0.03335 -1.38871 1.4487 -0.00968849 -0.0182145 -1.57058
31.6136 0.0333597 -1.38963 1.44871 -0.00969221 -0.0181798 -1.57058
31.6145 0.0333694 -1.39055 1.44871 -0.00969787 -0.018139 -1.57058
31.6155 0.0333791 -1.39146 1.44871 -0.00970397 -0.0180969 -1.57058
31.6237 0.0333889 -1.39238 1.44871 -0.00971114 -0.0180562 -1.57058
31.6288 0.0333986 -1.39329 1.44871 -0.00971938 -0.0180219 -1.57058
31.6333 0.0334084 -1.39421 1.44872 -0.00972828 -0.0179958 -1.57058
31.6355 0.0334181 -1.39512 1.44872 -0.00973885 -0.0179766 -1.57058
31.6407 0.0334279 -1.39603 1.44872 -0.00974995 -0.0179654 -1.57058
31.6456 0.0334376 -1.39694 1.44872 -0.00976188 -0.0180137 -1.57058
31.6502 0.0334474 -1.39785 1.44872 -0.00977403 -0.0180677 -1.57058
31.6558 0.0334573 -1.39875 1.44872 -0.00978489 -0.0180714 -1.57057
31.664 0.0334671 -1.39966 1.44872 -0.00979562 -0.0180741 -1.57057
31.6703 0.033477 -1.40057 1.44872 -0.00980607 -0.0180718 -1.57057
31.6719 0.0334869 -1.40148 1.44872 -0.00981506 -0.0180635 -1.57057
31.6762 0.0334969 -1.40238 1.44873 -0.00982341 -0.0180514 -1.57057
31.6857 0.0335067 -1.40329 1.44873 -0.00983092 -0.018037 -1.57057
31.6868 0.0335166 -1.40419 1.44873 -0.00983669 -0.0180225 -1.57057
31.6922 0.0335265 -1.40509 1.44873 -0.0098425 -0.01801 -1.57057
31.6941 0.0335363 -1.40599 1.44873 -0.0098487 -0.0180003 -1.57057
31.6969 0.0335462 -1.4069 1.44873 -0.0098542 -0.0179927 -1.57057
31.7039 0.0335557 -1.40781 1.44888 -0.00988483 -0.0180299 -1.57057
31.7091 0.0335656 -1.40871 1.44888 -0.00989082 -0.0180816 -1.57057
31.7146 0.0335755 -1.4096 1.44888 -0.00989611 -0.0181359 -1.57057
31.7173 0.0335853 -1.4105 1.44888 -0.00990065 -0.0181396 -1.57057
31.7212 0.0335952 -1.4114 1.44888 -0.00990499 -0.0181445 -1.57057
31.7263 0.033605 -1.4123 1.44888 -0.00990902 -0.0181476 -1.57057
31.7341 0.0336149 -1.4132 1.44887 -0.00991261 -0.0181451 -1.57057
31.7391 0.0336249 -1.41409 1.44887 -0.00991559 -0.0181367 -1.57056
31.7515 0.0336348 -1.41499 1.44887 -0.0099176 -0.0181252 -1.57056
31.7534 0.0336447 -1.41589 1.44887 -0.00991897 -0.0181139 -1.57056
31.7566 0.0336547 -1.41678 1.44887 -0.00992042 -0.0181037 -1.57056
31.7566 0.0336647 -1.41768 1.44887 -0.00992133 -0.0180956 -1.57056
31.7619 0.0336748 -1.41858 1.44887 -0.00992122 -0.0181341 -1.57056
31.7664 0.0336848 -1.41947 1.44886 -0.00992106 -0.0181749 -1.57056
31.7763 0.033695 -1.42036 1.44886 -0.00992189 -0.0181753 -1.57056
31.7818 0.0337052 -1.42126 1.44886 -0.00992368 -0.0181776 -1.57056
31.7836 0.0337154 -1.42215 1.44886 -0.00992678 -0.0181779 -1.57056
31.7891 0.0337257 -1.42305 1.44885 -0.00993043 -0.0181776 -1.57056
31.7948 0.033736 -1.42394 1.44885 -0.00993497 -0.0181779 -1.57055
31.7997 0.0337463 -1.42484 1.44885 -0.0099401 -0.0181795 -1.57055
31.8083 0.0337566 -1.42573 1.44884 -0.0099449 -0.0181838 -1.57055
31.8141 0.0337671 -1.42663 1.44884 -0.00995019 -0.0181893 -1.57055
31.8184 0.0337776 -1.42752 1.44884 -0.00995419 -0.0182259 -1.57055
31.8277 0.0337881 -1.42841 1.44883 -0.00995769 -0.0182662 -1.57055
31.8307 0.0337593 -1.429 1.44885 -0.00997129 -0.0183082 -1.57055
31.8377 0.0337699 -1.42989 1.44884 -0.00997475 -0.0183202 -1.57055
31.8494 0.0337806 -1.43078 1.44884 -0.00997841 -0.018285 -1.57055
31.8525 0.0337913 -1.43168 1.44884 -0.00998104 -0.018248 -1.57054
31.8562 0.033802 -1.43257 1.44883 -0.00998367 -0.018308 -1.57054
31.8669 0.0338128 -1.43346 1.44883 -0.00998609 -0.0183688 -1.57054
31.8684 0.0338237 -1.43436 1.44882 -0.0099869 -0.0183823 -1.57054
31.8699 0.0338346 -1.43525 1.44882 -0.00998709 -0.018404 -1.57054
31.8846 0.0338679 -1.43793 1.4488 -0.00998389 -0.0185783 -1.57054
31.8923 0.0338791 -1.43882 1.4488 -0.00998258 -0.0186365 -1.57054
31.8998 0.0338903 -1.43971 1.44879 -0.00998187 -0.0186613 -1.57054
31.902 0.0339017 -1.4406 1.44879 -0.00998121 -0.0186821 -1.57053
31.9074 0.033913 -1.4415 1.44878 -0.00998144 -0.0186974 -1.57053
31.9116 0.0339244 -1.44239 1.44878 -0.00998203 -0.0187074 -1.57053
31.9123 0.0339358 -1.44328 1.44878 -0.00998197 -0.0187121 -1.57053
31.9183 0.0339473 -1.44418 1.44877 -0.00998245 -0.0187114 -1.57053
31.9195 0.0339588 -1.44507 1.44877 -0.00998361 -0.0187078 -1.57053
31.9291 0.0339704 -1.44597 1.44876 -0.00998323 -0.0187013 -1.57053
31.9362 0.033982 -1.44687 1.44876 -0.00998173 -0.018692 -1.57053
31.941 0.0339937 -1.44776 1.44875 -0.00998099 -0.0186826 -1.57053
31.956 0.0340408 -1.45136 1.44874 -0.00997244 -0.0186549 -1.57052
31.9614 0.0340526 -1.45227 1.44873 -0.00996801 -0.0186512 -1.57052
31.9681 0.0340645 -1.45317 1.44873 -0.0099629 -0.0186485 -1.57052
31.9688 0.0340764 -1.45408 1.44872 -0.00995732 -0.0186439 -1.57052
31.9824 0.0340883 -1.45499 1.44872 -0.0099516 -0.0186363 -1.57052
31.9848 0.0341002 -1.4559 1.44871 -0.00994642 -0.0186257 -1.57052
31.9912 0.0341123 -1.45681 1.44871 -0.00994194 -0.0186134 -1.57052
31.9949 0.0341243 -1.45772 1.4487 -0.0099376 -0.0186015 -1.57052
31.9989 0.0341365 -1.45863 1.4487 -0.00993377 -0.0185902 -1.57052
32.0043 0.0341487 -1.45954 1.44869 -0.00993027 -0.0186287 -1.57051
32.0124 0.0341609 -1.46045 1.44869 -0.00992733 -0.018669 -1.57051
32.0128 0.0341731 -1.46136 1.44868 -0.00992404 -0.018663 -1.57051
32.024 0.0341854 -1.46228 1.44868 -0.00992009 -0.0186568 -1.57051
32.0288 0.0341977 -1.46319 1.44867 -0.00991598 -0.0186468 -1.57051
32.0315 0.03421 -1.46411 1.44867 -0.00991116 -0.0186325 -1.57051
32.0557 0.0341452 -1.4647 1.44867 -0.00991003 -0.0186735 -1.57051
32.0558 0.0341575 -1.46562 1.44867 -0.00990425 -0.0186907 -1.57051
32.0597 0.0341698 -1.46654 1.44866 -0.00990003 -0.0186783 -1.57051
32.0597 0.0341821 -1.46746 1.44866 -0.009895 -0.0186679 -1.57051
32.0618 0.0341945 -1.46838 1.44865 -0.00988882 -0.0186581 -1.57051
32.0826 0.034207 -1.4693 1.44865 -0.00988236 -0.0186481 -1.57051
32.0827 0.0342195 -1.47023 1.44864 -0.00987585 -0.0186389 -1.5705
32.083 0.0342321 -1.47115 1.44864 -0.00986897 -0.0186311 -1.5705
32.0962 0.0342447 -1.47208 1.44863 -0.00986272 -0.0186718 -1.5705
32.0963 0.0342573 -1.473 1.44862 -0.00985651 -0.0187152 -1.5705
32.0995 0.03427 -1.47393 1.44862 -0.00985032 -0.018676 -1.5705
32.1007 0.0342827 -1.47487 1.44861 -0.0098451 -0.0186363 -1.5705
32.108 0.0342955 -1.4758 1.44861 -0.00983985 -0.0186326 -1.5705
32.1111 0.0343082 -1.47674 1.4486 -0.00983391 -0.0186575 -1.5705
32.1206 0.034321 -1.47767 1.4486 -0.00982838 -0.0186813 -1.5705
32.1217 0.0343339 -1.47861 1.44859 -0.00982288 -0.0186757 -1.5705
32.1268 0.0343467 -1.47955 1.44859 -0.00981744 -0.0186729 -1.57049
32.1328 0.0342575 -1.48008 1.44858 -0.00981636 -0.0186972 -1.57049
32.1355 0.0342703 -1.48103 1.44858 -0.00981149 -0.0186946 -1.57049
32.1439 0.0342831 -1.48197 1.44857 -0.00980765 -0.0186926 -1.57049
32.1585 0.0343215 -1.4848 1.44856 -0.00979601 -0.0189718 -1.57049
32.167 0.0343344 -1.48574 1.44855 -0.00979239 -0.0190687 -1.57048
32.1741 0.0343472 -1.48669 1.44854 -0.00978896 -0.0190742 -1.57048
32.1837 0.0343602 -1.48764 1.44854 -0.00978669 -0.019043 -1.57048
32.1884 0.0343731 -1.48859 1.44853 -0.00978387 -0.0190057 -1.57048
32.1887 0.034386 -1.48955 1.44853 -0.0097792 -0.0189931 -1.57048
32.1978 0.0343989 -1.4905 1.44852 -0.00977517 -0.0189716 -1.57048
32.1997 0.0344119 -1.49146 1.44852 -0.00977128 -0.0189471 -1.57048
32.2033 0.0344248 -1.49242 1.44851 -0.00976617 -0.018924 -1.57048
32.2118 0.0344378 -1.49338 1.44851 -0.00976014 -0.0189508 -1.57048
32.2133 0.0344508 -1.49435 1.44851 -0.00975365 -0.0189842 -1.57048
32.2172 0.0344638 -1.49531 1.4485 -0.00974682 -0.0189779 -1.57048
32.2202 0.0344768 -1.49628 1.4485 -0.00974016 -0.0189748 -1.57047
32.225 0.0344897 -1.49725 1.4485 -0.00973367 -0.0189721 -1.57047
32.2289 0.0345027 -1.49822 1.4485 -0.00972688 -0.0189687 -1.57047
32.2361 0.0345156 -1.4992 1.44849 -0.00972154 -0.0189238 -1.57047
32.2421 0.0345284 -1.50018 1.44849 -0.00971709 -0.0188787 -1.57047
32.2432 0.0345413 -1.50115 1.44849 -0.00971242 -0.0188751 -1.57047
32.2495 0.0345541 -1.50214 1.44849 -0.00970768 -0.0188749 -1.57047
32.2593 0.0345669 -1.50312 1.44849 -0.0097036 -0.0188821 -1.57047
32.2603 0.0345797 -1.5041 1.44848 -0.00970075 -0.018897 -1.57047
32.2661 0.0345925 -1.50509 1.44848 -0.00969815 -0.0189179 -1.57047
32.2771 0.0346053 -1.50608 1.44848 -0.00969689 -0.0188992 -1.57047
32.2772 0.0346181 -1.50707 1.44848 -0.00969601 -0.0188791 -1.57046
32.2826 0.0346309 -1.50806 1.44848 -0.00969403 -0.0188996 -1.57046
32.2924 0.0346436 -1.50906 1.44848 -0.00969181 -0.018921 -1.57046
32.3015 0.0346564 -1.51005 1.44848 -0.00968964 -0.0189441 -1.57046
32.3028 0.0346692 -1.51105 1.44848 -0.00968724 -0.0189694 -1.57046
32.312 0.034682 -1.51205 1.44847 -0.0096851 -0.0189967 -1.57046
32.3141 0.0346948 -1.51305 1.44847 -0.00968381 -0.0190245 -1.57046
32.3141 0.0347075 -1.51405 1.44847 -0.00968372 -0.0190503 -1.57046
32.3293 0.0347458 -1.51706 1.44847 -0.00968403 -0.0191014 -1.57045
32.3405 0.0347841 -1.52009 1.44847 -0.00968343 -0.019117 -1.57045
32.3428 0.0347968 -1.5211 1.44847 -0.00968417 -0.0190712 -1.57044
32.3474 0.0348096 -1.52212 1.44847 -0.00968488 -0.0190244 -1.57044
32.3528 0.0348224 -1.52313 1.44847 -0.00968555 -0.019023 -1.57044
32.3546 0.0348352 -1.52415 1.44847 -0.00968716 -0.0190245 -1.57044
32.3586 0.0348479 -1.52517 1.44847 -0.00968803 -0.019031 -1.57044
32.3655 0.0348606 -1.52619 1.44847 -0.00968842 -0.0190452 -1.57044
32.3781 0.0348733 -1.52721 1.44847 -0.00968996 -0.0190652 -1.57044
32.3794 0.0348861 -1.52823 1.44847 -0.009691 -0.019087 -1.57044
32.3794 0.0348988 -1.52925 1.44847 -0.00969239 -0.0191096 -1.57044
32.3874 0.0349115 -1.53027 1.44847 -0.00969433 -0.0191305 -1.57044
32.3885 0.0349241 -1.5313 1.44847 -0.00969623 -0.0191472 -1.57043
32.397 0.0349368 -1.53233 1.44847 -0.00969802 -0.0191222 -1.57043
32.4009 0.0349494 -1.53336 1.44847 -0.0096992 -0.0190924 -1.57043
32.4114 0.0349621 -1.53439 1.44847 -0.00969935 -0.0190941 -1.57043
32.4122 0.0349747 -1.53542 1.44847 -0.0096986 -0.0190925 -1.57043
32.4225 0.0349873 -1.53645 1.44847 -0.00969837 -0.0190912 -1.57043
32.4241 0.035 -1.53748 1.44847 -0.00969809 -0.0190913 -1.57043
32.4292 0.0350126 -1.53851 1.44847 -0.00969787 -0.0190927 -1.57043
32.4374 0.0350253 -1.53954 1.44847 -0.00969736 -0.0190953 -1.57043
32.4407 0.0350379 -1.54058 1.44847 -0.00969688 -0.019098 -1.57042
32.4434 0.0350505 -1.54161 1.44847 -0.00969665 -0.0191003 -1.57042
32.452 0.0350632 -1.54265 1.44847 -0.00969639 -0.0191022 -1.57042
32.4546 0.0350758 -1.54369 1.44847 -0.00969685 -0.019103 -1.57042
32.4597 0.0350885 -1.54472 1.44847 -0.00969813 -0.0190657 -1.57042
32.4671 0.0351011 -1.54576 1.44847 -0.00969874 -0.0190257 -1.57042
32.4698 0.0351137 -1.5468 1.44847 -0.00969922 -0.0190206 -1.57042
32.4721 0.0351263 -1.54784 1.44848 -0.00970055 -0.0190161 -1.57041
32.4774 0.0351389 -1.54888 1.44848 -0.00970202 -0.0190138 -1.57041
32.4818 0.0351515 -1.54993 1.44848 -0.00970347 -0.0190148 -1.57041
32.4881 0.035164 -1.55097 1.44848 -0.00970471 -0.0190176 -1.57041
32.4907 0.0351766 -1.55201 1.44848 -0.00970606 -0.0190201 -1.57041
32.4955 0.0351891 -1.55305 1.44848 -0.00970731 -0.0190212 -1.57041
32.5069 0.0352016 -1.5541 1.44848 -0.00970855 -0.0190207 -1.57041
32.5094 0.035214 -1.55514 1.44848 -0.00971015 -0.0190188 -1.57041
32.515 0.0352265 -1.55618 1.44848 -0.00971135 -0.0190147 -1.57041
32.5175 0.035239 -1.55723 1.44848 -0.00971253 -0.0190071 -1.57041
32.5216 0.0352514 -1.55828 1.44848 -0.00971445 -0.0189594 -1.57041
32.5296 0.0352639 -1.55932 1.44848 -0.00971526 -0.0189097 -1.57041
32.5362 0.0352764 -1.56037 1.44848 -0.00971519 -0.0188951 -1.57041
32.5363 0.0352888 -1.56142 1.44848 -0.0097153 -0.0188807 -1.57041
32.5396 0.0353013 -1.56247 1.44848 -0.00971568 -0.0188702 -1.5704
32.5576 0.0353137 -1.56351 1.44848 -0.009716 -0.0188634 -1.5704
32.563 0.0353262 -1.56456 1.44848 -0.0097149 -0.0188586 -1.5704
32.563 0.0353385 -1.56561 1.44848 -0.00971378 -0.018855 -1.5704
32.5744 0.0353509 -1.56666 1.44848 -0.00971353 -0.0188514 -1.5704
32.5762 0.0353632 -1.56771 1.44848 -0.00971259 -0.0188472 -1.5704
32.5786 0.0353755 -1.56876 1.44849 -0.00971145 -0.0187983 -1.5704
32.5801 0.0353878 -1.56981 1.44849 -0.00971053 -0.018747 -1.5704
32.5845 0.0354001 -1.57086 1.44849 -0.00971005 -0.0187374 -1.5704
32.59 0.0354123 -1.57191 1.44849 -0.00970973 -0.0187269 -1.5704
32.5959 0.0354246 -1.57296 1.44849 -0.00970881 -0.0187175 -1.5704
32.5985 0.035437 -1.57401 1.44849 -0.00970786 -0.0187117 -1.5704
32.6061 0.0354493 -1.57506 1.44849 -0.00970788 -0.0187097 -1.5704
32.608 0.0354617 -1.57611 1.44849 -0.00970825 -0.0187102 -1.5704
32.6188 0.0354741 -1.57716 1.44849 -0.00970894 -0.0187117 -1.5704
32.6211 0.0354853 -1.57821 1.44849 -0.0097098 -0.0187142 -1.5704
32.6322 0.0353703 -1.57882 1.44844 -0.00970456 -0.0187303 -1.5704
32.6405 0.0353826 -1.57987 1.44844 -0.00970668 -0.0186886 -1.5704
32.6451 0.0353948 -1.58092 1.44844 -0.00970829 -0.0186452 -1.5704
32.6523 0.0354071 -1.58197 1.44844 -0.00970927 -0.0186433 -1.5704
32.6571 0.0354194 -1.58302 1.44844 -0.0097106 -0.0186415 -1.5704
32.6606 0.0354317 -1.58407 1.44844 -0.00971142 -0.0186426 -1.5704
32.6666 0.0354441 -1.58511 1.44844 -0.00971174 -0.0186473 -1.5704
32.67 0.0354564 -1.58616 1.44845 -0.00971292 -0.0186539 -1.5704
32.6797 0.0354687 -1.58721 1.44845 -0.00971535 -0.0186608 -1.5704
32.6844 0.035481 -1.58825 1.44845 -0.00971738 -0.0186656 -1.5704
32.6872 0.0354934 -1.5893 1.44845 -0.00971988 -0.0186276 -1.5704
32.6902 0.0355057 -1.59035 1.44845 -0.00972339 -0.0185857 -1.5704
32.6939 0.0355181 -1.59139 1.44845 -0.00972624 -0.0185795 -1.5704
32.699 0.0355305 -1.59244 1.44845 -0.00972904 -0.0185717 -1.5704
32.7025 0.0355429 -1.59348 1.44845 -0.00973215 -0.0185652 -1.5704
32.7053 0.0355553 -1.59453 1.44845 -0.0097344 -0.0185627 -1.57039
32.7137 0.0355678 -1.59557 1.44846 -0.00973577 -0.0185649 -1.57039
32.7184 0.0355804 -1.59661 1.44846 -0.00973653 -0.018571 -1.57039
32.7185 0.0355929 -1.59766 1.44846 -0.00973717 -0.0185781 -1.57039
32.7293 0.0356055 -1.5987 1.44846 -0.00973774 -0.0185853 -1.57039
32.7329 0.0356181 -1.59974 1.44846 -0.00973789 -0.0185923 -1.57039
32.7361 0.0356308 -1.60078 1.44846 -0.00973823 -0.0185538 -1.57039
32.7363 0.0356434 -1.60182 1.44847 -0.00973873 -0.0185119 -1.57039
32.7411 0.0356561 -1.60286 1.44847 -0.00973931 -0.01851 -1.57039
32.7452 0.0356687 -1.6039 1.44847 -0.00973968 -0.0185081 -1.57038
32.7702 0.0355188 -1.60428 1.4484 -0.00973089 -0.0185246 -1.57039
32.7748 0.0355312 -1.60532 1.4484 -0.00973133 -0.0185239 -1.57039
32.7749 0.0355436 -1.60635 1.44841 -0.00973174 -0.0185247 -1.57038
32.7769 0.0355561 -1.60738 1.44841 -0.00973167 -0.0185253 -1.57038
32.8202 0.0353645 -1.60764 1.44829 -0.00971685 -0.0185395 -1.57039
32.8236 0.0353888 -1.6097 1.4483 -0.00971792 -0.0185315 -1.57038
32.8253 0.035401 -1.61073 1.4483 -0.00971768 -0.0185245 -1.57038
32.8299 0.0354132 -1.61176 1.4483 -0.00971762 -0.0185162 -1.57038
32.8315 0.0354255 -1.61278 1.4483 -0.00971876 -0.0184607 -1.57038
32.8341 0.0354378 -1.61381 1.44831 -0.00972045 -0.0184039 -1.57038
32.8393 0.0354502 -1.61484 1.44831 -0.00972219 -0.0183927 -1.57038
32.8429 0.0354625 -1.61586 1.44831 -0.00972472 -0.0183429 -1.57038
32.8517 0.0354749 -1.61688 1.44831 -0.00972721 -0.0182982 -1.57038
32.8629 0.0353086 -1.61775 1.44841 -0.00974027 -0.0183279 -1.57037
32.8668 0.0353207 -1.61876 1.44841 -0.00974283 -0.0183351 -1.57037
32.8668 0.0353328 -1.61978 1.44842 -0.0097459 -0.0183482 -1.57037
32.8678 0.035345 -1.6208 1.44842 -0.00974875 -0.0183665 -1.57037
32.8705 0.0353572 -1.62181 1.44842 -0.00975074 -0.0183894 -1.57037
32.8705 0.0353694 -1.62282 1.44842 -0.00975317 -0.0184119 -1.57037
32.871 0.0353816 -1.62383 1.44842 -0.00975501 -0.0184312 -1.57037
32.8774 0.0353938 -1.62485 1.44843 -0.00975713 -0.0184472 -1.57037
32.8876 0.0352575 -1.62615 1.4487 -0.00979537 -0.0185012 -1.57037
32.8897 0.0352693 -1.62715 1.4487 -0.00979629 -0.0185072 -1.57036
32.901 0.0352811 -1.62816 1.44871 -0.00979722 -0.0184622 -1.57036
32.9043 0.0352929 -1.62917 1.44871 -0.00979825 -0.0184121 -1.57036
32.9044 0.0353047 -1.63017 1.44871 -0.00979949 -0.0184052 -1.57036
32.9122 0.0353165 -1.63117 1.44871 -0.00980019 -0.0183992 -1.57036
32.9217 0.0353282 -1.63217 1.44872 -0.00980055 -0.0183966 -1.57036
32.9298 0.03534 -1.63317 1.44872 -0.00980163 -0.0183995 -1.57036
32.9339 0.0353519 -1.63416 1.44872 -0.00980311 -0.0184083 -1.57037
32.9353 0.0353637 -1.63516 1.44873 -0.00980445 -0.0184213 -1.57037
32.9397 0.0353756 -1.63615 1.44873 -0.00980609 -0.0183975 -1.57037
32.9439 0.0353875 -1.63714 1.44873 -0.00980849 -0.0183739 -1.57036
32.9486 0.0353994 -1.63813 1.44874 -0.00981056 -0.0183872 -1.57036
32.9632 0.0352372 -1.63933 1.44898 -0.00984384 -0.0184368 -1.57036
32.9667 0.0352487 -1.64031 1.44898 -0.00984508 -0.0184449 -1.57036
32.9699 0.0352602 -1.64129 1.44899 -0.00984674 -0.0184524 -1.57036
32.9765 0.0352717 -1.64227 1.44899 -0.00984816 -0.0184587 -1.57036
32.9775 0.0352833 -1.64325 1.44899 -0.00984859 -0.0184189 -1.57036
32.9872 0.0352949 -1.64423 1.449 -0.00984951 -0.0183757 -1.57036
32.9894 0.0353065 -1.64521 1.449 -0.00984978 -0.0183732 -1.57036
32.996 0.0353181 -1.64618 1.449 -0.00984945 -0.018369 -1.57035
32.9993 0.0353296 -1.64715 1.44901 -0.00984912 -0.0183657 -1.57035
33.0063 0.0353412 -1.64811 1.44901 -0.00984894 -0.0183653 -1.57036
33.0107 0.0353528 -1.64908 1.44901 -0.00984827 -0.0183671 -1.57035
33.0136 0.0353645 -1.65004 1.44902 -0.00984699 -0.0183689 -1.57035
33.018 0.0353761 -1.651 1.44902 -0.0098467 -0.0183681 -1.57035
33.0205 0.0353877 -1.65196 1.44902 -0.00984617 -0.0183649 -1.57035
33.0273 0.0353649 -1.65293 1.44901 -0.0098405 -0.0183554 -1.57035
33.0397 0.0351777 -1.65401 1.44924 -0.0098689 -0.0183869 -1.57035
33.0445 0.0351888 -1.65496 1.44925 -0.00986738 -0.0183757 -1.57034
33.0598 0.0352224 -1.65781 1.44926 -0.00986439 -0.0183293 -1.57034
33.0675 0.0352337 -1.65875 1.44926 -0.00986387 -0.0183116 -1.57034
33.08 0.0352449 -1.65969 1.44926 -0.00986378 -0.0182947 -1.57034
33.0834 0.0352562 -1.66062 1.44927 -0.00986367 -0.0182787 -1.57034
33.0852 0.0352674 -1.66156 1.44927 -0.00986358 -0.0182637 -1.57034
33.0861 0.0352787 -1.66249 1.44927 -0.00986311 -0.0182508 -1.57034
33.1072 0.0352899 -1.66342 1.44927 -0.00986239 -0.0182402 -1.57033
33.1073 0.0353011 -1.66435 1.44928 -0.00986161 -0.0182312 -1.57033
33.1073 0.0353123 -1.66528 1.44928 -0.00985978 -0.0182233 -1.57033
33.1104 0.0353234 -1.6662 1.44928 -0.00985692 -0.0182156 -1.57033
33.1153 0.0353346 -1.66712 1.44928 -0.00985344 -0.0182083 -1.57033
33.1229 0.0353458 -1.66804 1.44929 -0.0098509 -0.0182536 -1.57033
33.1297 0.035357 -1.66896 1.44929 -0.00984966 -0.0182984 -1.57033
33.1343 0.0353682 -1.66987 1.44929 -0.00984838 -0.0182897 -1.57033
33.1372 0.0353795 -1.67078 1.44929 -0.00984867 -0.0182781 -1.57033
33.14 0.0353906 -1.67169 1.44929 -0.00985128 -0.0182607 -1.57033
33.1479 0.0354019 -1.6726 1.4493 -0.0098575 -0.0182061 -1.57033
33.1526 0.0354131 -1.67351 1.4493 -0.00986646 -0.0181459 -1.57033
33.1562 0.0354245 -1.67442 1.4493 -0.00987645 -0.0181133 -1.57033
33.162 0.0354358 -1.67532 1.4493 -0.0098874 -0.018118 -1.57033
33.1657 0.0354471 -1.67622 1.4493 -0.0098997 -0.0181298 -1.57033
33.1914 0.0354923 -1.6798 1.44931 -0.00996291 -0.0180805 -1.57032
33.1946 0.0355037 -1.6807 1.44931 -0.0099812 -0.0180746 -1.57032
33.1946 0.035515 -1.68159 1.44931 -0.00999871 -0.0180699 -1.57032
33.1984 0.0355263 -1.68248 1.44931 -0.0100156 -0.0180661 -1.57032
33.2017 0.0355376 -1.68337 1.44931 -0.0100326 -0.018063 -1.57032
33.2106 0.035549 -1.68425 1.44931 -0.0100468 -0.0180909 -1.57032
33.2162 0.0355603 -1.68514 1.44931 -0.0100599 -0.0181202 -1.57032
33.2174 0.0355717 -1.68602 1.44931 -0.0100732 -0.0181205 -1.57032
33.2229 0.0355831 -1.6869 1.44931 -0.0100846 -0.0181202 -1.57031
33.227 0.0355945 -1.68778 1.44931 -0.0100949 -0.0181185 -1.57031
33.2354 0.035606 -1.68865 1.44931 -0.010106 -0.0181162 -1.57031
33.2383 0.0356175 -1.68953 1.44931 -0.0101181 -0.0181148 -1.57031
33.2447 0.0356291 -1.69041 1.44931 -0.0101294 -0.0181147 -1.57031
33.2588 0.035676 -1.69389 1.44931 -0.0101631 -0.0181396 -1.57031
33.2617 0.0356878 -1.69475 1.4493 -0.0101701 -0.018151 -1.57031
33.2668 0.0356997 -1.69562 1.4493 -0.0101773 -0.0181631 -1.5703
33.2765 0.0357116 -1.69648 1.4493 -0.0101827 -0.0181764 -1.5703
33.2781 0.0357236 -1.69734 1.4493 -0.010186 -0.0181902 -1.5703
33.2803 0.0357356 -1.6982 1.44929 -0.0101885 -0.0182031 -1.5703
33.287 0.0357476 -1.69906 1.44929 -0.0101891 -0.0182455 -1.5703
33.289 0.0357597 -1.69991 1.44929 -0.0101889 -0.0182887 -1.5703
33.2954 0.0357718 -1.70077 1.44928 -0.0101897 -0.0183021 -1.57029
33.303 0.0357839 -1.70162 1.44928 -0.0101895 -0.0183126 -1.57029
33.3064 0.0357961 -1.70248 1.44927 -0.0101887 -0.0183187 -1.57029
33.3115 0.0358084 -1.70333 1.44927 -0.0101885 -0.0183201 -1.57029
33.315 0.0358208 -1.70418 1.44927 -0.0101893 -0.0183166 -1.57029
33.3171 0.0358332 -1.70502 1.44926 -0.0101897 -0.0183103 -1.57029
33.3227 0.0358456 -1.70587 1.44926 -0.0101897 -0.0183024 -1.57029
33.3255 0.0358582 -1.70672 1.44925 -0.0101907 -0.018294 -1.57029
33.3395 0.0358707 -1.70756 1.44925 -0.0101915 -0.0182873 -1.57029
33.3406 0.0358833 -1.70841 1.44925 -0.010192 -0.0182827 -1.57029
33.3467 0.035896 -1.70925 1.44924 -0.0101928 -0.0182801 -1.57029
33.3517 0.0359087 -1.71009 1.44924 -0.0101936 -0.01828 -1.57029
33.3617 0.0359215 -1.71093 1.44923 -0.0101938 -0.0182823 -1.57029
33.3662 0.0359343 -1.71177 1.44923 -0.0101941 -0.0182871 -1.57029
33.3662 0.0359473 -1.7126 1.44922 -0.0101954 -0.0182931 -1.57029
33.3725 0.0359602 -1.71344 1.44922 -0.0101962 -0.0183005 -1.57029
33.3749 0.0359733 -1.71427 1.44921 -0.0101962 -0.0183099 -1.57029
33.3759 0.0359864 -1.71511 1.44921 -0.0101975 -0.0183781 -1.57029
33.3794 0.0359995 -1.71594 1.4492 -0.0101981 -0.0184441 -1.57028
33.3842 0.0360128 -1.71677 1.44919 -0.0101976 -0.0184485 -1.57028
33.3902 0.0360261 -1.7176 1.44919 -0.0101974 -0.0184479 -1.57028
33.3953 0.0360394 -1.71842 1.44918 -0.0101967 -0.0184392 -1.57028
33.4109 0.0360529 -1.71925 1.44918 -0.0101963 -0.0184241 -1.57028
33.4112 0.0360664 -1.72008 1.44917 -0.0101957 -0.0184058 -1.57028
33.4176 0.0360799 -1.7209 1.44917 -0.0101951 -0.0183879 -1.57028
33.4222 0.0360936 -1.72173 1.44916 -0.0101946 -0.0183732 -1.57028
33.4305 0.0361073 -1.72255 1.44916 -0.0101941 -0.0183633 -1.57028
33.4354 0.0361211 -1.72337 1.44915 -0.0101928 -0.0183985 -1.57028
33.4856 0.0356603 -1.72659 1.44953 -0.0102333 -0.0186634 -1.57026
33.4887 0.0356731 -1.72741 1.44952 -0.0102304 -0.0186824 -1.57026
33.49 0.035686 -1.72822 1.44951 -0.0102257 -0.018701 -1.57026
33.492 0.0356988 -1.72903 1.44951 -0.0102211 -0.0187193 -1.57026
33.4947 0.0357118 -1.72984 1.4495 -0.0102173 -0.0187376 -1.57026
33.5048 0.0357247 -1.73065 1.4495 -0.0102122 -0.018781 -1.57025
33.5056 0.0357377 -1.73146 1.44949 -0.0102085 -0.0188256 -1.57025
33.5057 0.0357507 -1.73227 1.44949 -0.0102064 -0.0188443 -1.57025
33.5061 0.0357638 -1.73308 1.44948 -0.010204 -0.0188605 -1.57025
33.5094 0.0357779 -1.73388 1.44947 -0.0102028 -0.0188738 -1.57025
33.5121 0.0357911 -1.73469 1.44947 -0.0102016 -0.0188828 -1.57025
33.5243 0.0355533 -1.73535 1.44962 -0.0102198 -0.0189212 -1.57024
33.5243 0.0355661 -1.73615 1.44962 -0.0102189 -0.0189251 -1.57024
33.5278 0.035579 -1.73696 1.44961 -0.0102194 -0.0189287 -1.57024
33.5278 0.0355919 -1.73777 1.4496 -0.0102196 -0.018932 -1.57024
33.5349 0.035605 -1.73857 1.4496 -0.01022 -0.0189352 -1.57024
33.5522 0.0356181 -1.73937 1.44959 -0.0102215 -0.0189386 -1.57024
33.5565 0.0354019 -1.73991 1.4497 -0.0102381 -0.0189712 -1.57024
33.5596 0.0354145 -1.74072 1.4497 -0.0102405 -0.0189757 -1.57023
33.5639 0.0354273 -1.74152 1.44969 -0.0102424 -0.0189813 -1.57023
33.5666 0.0354401 -1.74232 1.44968 -0.0102412 -0.0190075 -1.57023
33.5689 0.0354529 -1.74312 1.44968 -0.0102418 -0.0190166 -1.57023
33.5729 0.0354658 -1.74393 1.44967 -0.010244 -0.0190061 -1.57023
33.577 0.0354787 -1.74473 1.44967 -0.0102417 -0.0190471 -1.57023
33.583 0.0354916 -1.74553 1.44966 -0.0102384 -0.019087 -1.57023
33.5857 0.0355046 -1.74633 1.44965 -0.0102361 -0.0190914 -1.57022
33.5878 0.0355177 -1.74713 1.44964 -0.0102346 -0.0191549 -1.57022
33.6112 0.0355308 -1.74793 1.44964 -0.0102323 -0.0191528 -1.57022
33.6143 0.0355439 -1.74873 1.44963 -0.0102285 -0.0190887 -1.57022
33.6148 0.0355571 -1.74953 1.44962 -0.0102267 -0.0191972 -1.57022
33.6172 0.0355703 -1.75033 1.44962 -0.0102255 -0.0193016 -1.57022
33.6237 0.0355835 -1.75113 1.44961 -0.0102241 -0.019294 -1.57022
33.6304 0.0355969 -1.75193 1.4496 -0.0102222 -0.0192854 -1.57022
33.6366 0.0356103 -1.75273 1.4496 -0.0102206 -0.0192488 -1.57022
33.6422 0.0356238 -1.75354 1.44959 -0.0102191 -0.0192025 -1.57022
33.6442 0.0356373 -1.75434 1.44958 -0.0102143 -0.0191903 -1.57022
33.6488 0.0356509 -1.75514 1.44958 -0.0102093 -0.0191795 -1.57022
33.6545 0.0356645 -1.75595 1.44957 -0.0102058 -0.019155 -1.57022
33.6584 0.0356782 -1.75675 1.44957 -0.010202 -0.0191397 -1.57022
33.6636 0.0356919 -1.75755 1.44956 -0.0101993 -0.0191335 -1.57022
33.6675 0.0357057 -1.75836 1.44956 -0.0101953 -0.0190738 -1.57021
33.6742 0.0357196 -1.75917 1.44955 -0.0101921 -0.0190874 -1.57021
33.6807 0.0357336 -1.75997 1.44955 -0.0101911 -0.0191678 -1.57021
33.6838 0.0357476 -1.76078 1.44954 -0.0101893 -0.0191892 -1.57021
33.6889 0.0357616 -1.76158 1.44954 -0.0101878 -0.0192189 -1.57021
33.6963 0.0357757 -1.76239 1.44953 -0.0101867 -0.0192531 -1.57021
33.7009 0.0357897 -1.7632 1.44953 -0.0101861 -0.0192861 -1.57021
33.7047 0.0358039 -1.764 1.44952 -0.0101826 -0.019334 -1.57021
33.7102 0.0358181 -1.76481 1.44952 -0.0101788 -0.0193787 -1.5702
33.7152 0.0358323 -1.76562 1.44952 -0.0101781 -0.0194016 -1.5702
33.7203 0.0358465 -1.76643 1.44951 -0.0101771 -0.0194188 -1.5702
33.7266 0.0358608 -1.76724 1.44951 -0.0101756 -0.0194287 -1.5702
33.7285 0.0358752 -1.76805 1.44951 -0.0101744 -0.0194313 -1.5702
33.7318 0.0358895 -1.76886 1.4495 -0.0101726 -0.0194273 -1.5702
33.7376 0.0359039 -1.76967 1.4495 -0.0101694 -0.0194194 -1.5702
33.7471 0.0359183 -1.77049 1.4495 -0.0101669 -0.0194725 -1.5702
33.7473 0.0359328 -1.7713 1.44949 -0.0101624 -0.0195222 -1.5702
33.7512 0.0359473 -1.77211 1.44949 -0.0101555 -0.0195074 -1.5702
33.7543 0.0359618 -1.77293 1.44949 -0.0101497 -0.0194911 -1.5702
33.7607 0.0359764 -1.77375 1.44948 -0.0101438 -0.0194705 -1.5702
33.7637 0.0359911 -1.77457 1.44948 -0.0101375 -0.0194455 -1.5702
33.7699 0.0360058 -1.77538 1.44948 -0.010131 -0.0194192 -1.5702
33.7758 0.0360205 -1.7762 1.44947 -0.0101244 -0.0193955 -1.5702
33.7797 0.0360353 -1.77703 1.44947 -0.0101171 -0.0193987 -1.5702
33.7861 0.03605 -1.77785 1.44947 -0.0101108 -0.0194096 -1.57019
33.7884 0.0360649 -1.77867 1.44947 -0.0101069 -0.0193629 -1.57019
33.7963 0.0360798 -1.7795 1.44946 -0.0101033 -0.0193217 -1.57019
33.8013 0.0360947 -1.78032 1.44946 -0.0100999 -0.0193264 -1.57019
33.8088 0.0361097 -1.78115 1.44946 -0.0100971 -0.0193329 -1.57019
33.8159 0.0361246 -1.78198 1.44946 -0.0100949 -0.0194059 -1.57019
33.8216 0.0358746 -1.78243 1.44955 -0.0101039 -0.0195083 -1.57018
33.8245 0.035889 -1.78326 1.44955 -0.0101007 -0.0195186 -1.57018
33.8347 0.0359035 -1.78409 1.44955 -0.0100974 -0.0195281 -1.57018
33.8406 0.035918 -1.78492 1.44955 -0.0100933 -0.0195303 -1.57018
33.8498 0.0359326 -1.78575 1.44955 -0.0100894 -0.0195237 -1.57018
33.8547 0.0359471 -1.78659 1.44955 -0.0100833 -0.0195283 -1.57018
33.8551 0.0359617 -1.78742 1.44954 -0.0100771 -0.019534 -1.57018
33.8686 0.0357323 -1.78806 1.44963 -0.0100834 -0.019546 -1.57017
33.8717 0.0357465 -1.7889 1.44963 -0.0100786 -0.0195393 -1.57017
33.8775 0.0357606 -1.78974 1.44963 -0.0100739 -0.0195328 -1.57017
33.8808 0.0357748 -1.79059 1.44963 -0.0100693 -0.0195277 -1.57016
33.8898 0.0357891 -1.79143 1.44963 -0.0100645 -0.0195874 -1.57016
33.9001 0.0358033 -1.79228 1.44963 -0.0100595 -0.0196471 -1.57016
33.9036 0.0358176 -1.79312 1.44963 -0.0100534 -0.0196435 -1.57016
33.905 0.0358319 -1.79397 1.44963 -0.0100459 -0.0196397 -1.57016
33.9083 0.0358462 -1.79483 1.44963 -0.0100389 -0.0196329 -1.57016
33.9155 0.0358606 -1.79568 1.44963 -0.0100317 -0.0196226 -1.57016
33.9175 0.035875 -1.79654 1.44963 -0.0100235 -0.0196111 -1.57016
33.9234 0.0358894 -1.7974 1.44963 -0.010016 -0.0195995 -1.57016
33.9314 0.0359038 -1.79826 1.44963 -0.0100073 -0.0196068 -1.57016
33.9314 0.0359183 -1.79912 1.44963 -0.00999886 -0.0196209 -1.57015
33.9347 0.0359328 -1.79998 1.44963 -0.00999234 -0.0196261 -1.57015
33.948 0.0359473 -1.80085 1.44963 -0.0099859 -0.0196353 -1.57015
33.9499 0.0359618 -1.80172 1.44963 -0.00998033 -0.0196472 -1.57015
33.9552 0.0359763 -1.80259 1.44963 -0.00997397 -0.0196032 -1.57015
33.9788 0.0360198 -1.80523 1.44963 -0.00995505 -0.0194742 -1.57015
33.9824 0.0360342 -1.80612 1.44964 -0.00995106 -0.0194899 -1.57015
33.9852 0.0360487 -1.807 1.44964 -0.0099483 -0.0195018 -1.57015
33.9955 0.0360631 -1.8079 1.44964 -0.00994598 -0.019507 -1.57015
33.9974 0.0360775 -1.80879 1.44964 -0.00994358 -0.0195072 -1.57015
34.0027 0.036092 -1.80969 1.44964 -0.00994056 -0.0195054 -1.57014
34.0103 0.0361065 -1.81059 1.44965 -0.00993913 -0.0194885 -1.57014
34.0124 0.0361209 -1.81149 1.44965 -0.00993751 -0.0194704 -1.57014
34.0206 0.0361354 -1.81239 1.44965 -0.00993387 -0.0194678 -1.57014
34.0254 0.0361498 -1.8133 1.44965 -0.00993108 -0.0194693 -1.57014
34.0292 0.0361642 -1.81421 1.44966 -0.00992817 -0.0194749 -1.57014
34.0337 0.0361787 -1.81512 1.44966 -0.00992422 -0.0194847 -1.57014
34.0378 0.0361931 -1.81603 1.44966 -0.00992078 -0.0194987 -1.57014
34.0416 0.0362076 -1.81695 1.44967 -0.00991633 -0.0195159 -1.57014
34.046 0.0362221 -1.81786 1.44967 -0.00991136 -0.0195346 -1.57014
34.0504 0.0362366 -1.81878 1.44967 -0.00990742 -0.0195522 -1.57014
34.0546 0.036251 -1.81971 1.44968 -0.00990414 -0.019568 -1.57014
34.0581 0.0362655 -1.82063 1.44968 -0.00990148 -0.0195821 -1.57013
34.0649 0.0362799 -1.82156 1.44968 -0.00989877 -0.0195935 -1.57013
34.0697 0.0362943 -1.82249 1.44969 -0.00989621 -0.0196014 -1.57013
34.0777 0.0363088 -1.82342 1.44969 -0.00989293 -0.019605 -1.57013
34.0829 0.0363232 -1.82435 1.4497 -0.00988967 -0.0196059 -1.57013
34.0866 0.0363377 -1.82529 1.4497 -0.00988855 -0.0195721 -1.57013
34.0915 0.0363521 -1.82622 1.4497 -0.00988802 -0.0195347 -1.57013
34.0949 0.0363666 -1.82716 1.44971 -0.00988737 -0.0195281 -1.57013
34.1043 0.036381 -1.82811 1.44971 -0.00988599 -0.0195228 -1.57013
34.1054 0.0363954 -1.82905 1.44972 -0.00988445 -0.0195203 -1.57012
34.1074 0.0364098 -1.82999 1.44972 -0.0098843 -0.0195221 -1.57012
34.11 0.0364243 -1.83094 1.44972 -0.00988418 -0.0195276 -1.57012
34.1137 0.0364387 -1.83189 1.44973 -0.00988385 -0.0195357 -1.57012
34.129 0.0364531 -1.83284 1.44973 -0.00988352 -0.0195446 -1.57012
34.1337 0.0364675 -1.83379 1.44974 -0.00988362 -0.0195521 -1.57012
34.1362 0.0364818 -1.83475 1.44974 -0.00988361 -0.0195586 -1.57012
34.1417 0.0364962 -1.8357 1.44974 -0.00988394 -0.0195634 -1.57012
34.1441 0.0365105 -1.83666 1.44975 -0.00988518 -0.0195651 -1.57012
34.1598 0.0365248 -1.83762 1.44975 -0.00988613 -0.0195628 -1.57012
34.1617 0.036539 -1.83859 1.44976 -0.0098876 -0.0195206 -1.57012
34.1695 0.0365532 -1.83955 1.44976 -0.00988929 -0.0194761 -1.57012
34.1704 0.0365674 -1.84052 1.44977 -0.00989139 -0.0194664 -1.57012
34.1724 0.0365816 -1.84148 1.44977 -0.00989409 -0.0194572 -1.57012
34.1734 0.0365958 -1.84245 1.44978 -0.00989586 -0.0194503 -1.57012
34.1779 0.0366099 -1.84342 1.44978 -0.00989726 -0.0194476 -1.57012
34.1851 0.0366241 -1.8444 1.44978 -0.00989871 -0.0194474 -1.57011
34.1876 0.0366382 -1.84537 1.44979 -0.00990011 -0.0194473 -1.57011
34.1926 0.0366523 -1.84634 1.44979 -0.00990061 -0.0194467 -1.57011
34.1965 0.0366664 -1.84732 1.4498 -0.00990111 -0.0194447 -1.57011
34.2136 0.0367226 -1.85125 1.44982 -0.00990819 -0.0194128 -1.57011
34.2189 0.0367366 -1.85223 1.44982 -0.00991143 -0.019361 -1.57011
34.2307 0.0367507 -1.85322 1.44983 -0.00991475 -0.0193084 -1.57011
34.2318 0.0367647 -1.85421 1.44983 -0.00991658 -0.0192945 -1.57011
34.2394 0.0367787 -1.8552 1.44984 -0.00991762 -0.0192816 -1.57011
34.2527 0.0367928 -1.85619 1.44984 -0.00991786 -0.0192708 -1.57011
34.2948 0.0362897 -1.85619 1.44996 -0.00992694 -0.0193068 -1.57009
34.3022 0.0363154 -1.85818 1.44997 -0.00992376 -0.0192943 -1.57009
34.3032 0.0363282 -1.85917 1.44998 -0.00992148 -0.019287 -1.57009
34.3139 0.0363664 -1.86216 1.45 -0.00991979 -0.0192565 -1.57009
34.3154 0.0363793 -1.86316 1.45 -0.00991977 -0.0192415 -1.57008
34.3175 0.0363922 -1.86416 1.45001 -0.00991957 -0.0192242 -1.57008
34.3183 0.0364051 -1.86516 1.45001 -0.00991956 -0.0192064 -1.57008
34.3209 0.0361492 -1.8656 1.4501 -0.009929 -0.0192158 -1.57007
34.3233 0.0361614 -1.86661 1.45011 -0.00992973 -0.0191974 -1.57007
34.3233 0.0361737 -1.86761 1.45012 -0.00992999 -0.0191161 -1.57007
34.3273 0.036186 -1.86862 1.45012 -0.00993095 -0.0190375 -1.57007
34.3289 0.0361982 -1.86963 1.45013 -0.00993284 -0.019025 -1.57007
34.3471 0.0362105 -1.87064 1.45014 -0.00993512 -0.0190142 -1.57007
34.3512 0.0362228 -1.87164 1.45014 -0.0099392 -0.0190081 -1.57007
34.3534 0.036235 -1.87265 1.45015 -0.00994391 -0.0190097 -1.57007
34.3571 0.0362472 -1.87367 1.45015 -0.00994822 -0.0190174 -1.57007
34.3639 0.0362594 -1.87468 1.45016 -0.00995277 -0.0190292 -1.57007
34.3735 0.0362716 -1.87569 1.45017 -0.00995664 -0.019043 -1.57007
34.3826 0.0362838 -1.87671 1.45017 -0.00995973 -0.0190555 -1.57006
34.3826 0.0362961 -1.87772 1.45018 -0.00996306 -0.0190651 -1.57006
34.3877 0.0363084 -1.87874 1.45019 -0.00996516 -0.019072 -1.57006
34.3971 0.036042 -1.879 1.45026 -0.00997194 -0.0190531 -1.57005
34.4061 0.0360536 -1.88001 1.45026 -0.00997406 -0.019 -1.57005
34.4105 0.0360652 -1.88103 1.45027 -0.00997648 -0.0189982 -1.57005
34.4167 0.0360767 -1.88205 1.45028 -0.00997886 -0.0189966 -1.57005
34.4172 0.0360883 -1.88307 1.45029 -0.00998112 -0.0189981 -1.57005
34.426 0.0360998 -1.88409 1.45029 -0.00998226 -0.0190061 -1.57005
34.4295 0.0361113 -1.88511 1.4503 -0.00998274 -0.0190202 -1.57005
34.4322 0.0361229 -1.88613 1.45031 -0.00998292 -0.019037 -1.57005
34.4386 0.0361344 -1.88715 1.45032 -0.00998274 -0.0190549 -1.57004
34.4461 0.0361459 -1.88818 1.45033 -0.00998415 -0.0190518 -1.57004
34.4462 0.0361575 -1.8892 1.45034 -0.00998574 -0.0190436 -1.57004
34.4508 0.036169 -1.89023 1.45035 -0.00998497 -0.0190488 -1.57004
34.458 0.0361804 -1.89125 1.45035 -0.00998283 -0.0190502 -1.57004
34.4581 0.0361918 -1.89227 1.45036 -0.00998019 -0.0190499 -1.57004
34.4658 0.0362032 -1.8933 1.45037 -0.00997792 -0.0190482 -1.57004
34.467 0.0362145 -1.89433 1.45038 -0.0099756 -0.0190442 -1.57004
34.4714 0.0362259 -1.89535 1.45039 -0.00997295 -0.0190383 -1.57004
34.4785 0.0359339 -1.89547 1.45041 -0.00996648 -0.0190577 -1.57003
34.4912 0.0359445 -1.8965 1.45042 -0.00996475 -0.0190499 -1.57003
34.4927 0.0359551 -1.89752 1.45043 -0.00996317 -0.0190417 -1.57003
34.4957 0.0359657 -1.89855 1.45044 -0.00996266 -0.0190328 -1.57003
34.4957 0.0359764 -1.89957 1.45045 -0.00996275 -0.0190224 -1.57003
34.4998 0.035987 -1.9006 1.45045 -0.00996393 -0.0189889 -1.57003
34.5086 0.0359976 -1.90163 1.45046 -0.00996522 -0.0189528 -1.57003
34.5122 0.0360082 -1.90266 1.45047 -0.00996535 -0.0189356 -1.57003
34.5137 0.0360189 -1.90368 1.45048 -0.0099654 -0.0189186 -1.57002
34.5369 0.0360295 -1.90471 1.45049 -0.00996534 -0.0189036 -1.57002
34.5419 0.0360402 -1.90574 1.4505 -0.00996545 -0.0188913 -1.57003
34.5461 0.0360508 -1.90677 1.45051 -0.00996634 -0.0188818 -1.57002
34.5483 0.0360615 -1.90779 1.45052 -0.00996785 -0.0188739 -1.57002
34.5551 0.0360722 -1.90882 1.45053 -0.00996933 -0.018866 -1.57002
34.5611 0.0360829 -1.90985 1.45053 -0.0099691 -0.018801 -1.57002
34.5675 0.0360936 -1.91088 1.45054 -0.00996779 -0.0187364 -1.57002
34.5697 0.0361043 -1.91191 1.45055 -0.00996674 -0.0187284 -1.57002
34.5711 0.036115 -1.91293 1.45056 -0.00996582 -0.0187218 -1.57002
34.5743 0.0361257 -1.91396 1.45057 -0.00996476 -0.0187211 -1.57002
34.5793 0.0361364 -1.91499 1.45058 -0.00996326 -0.0187271 -1.57002
34.5826 0.036147 -1.91602 1.45059 -0.00996131 -0.018737 -1.57002
34.5879 0.0361576 -1.91704 1.4506 -0.00995948 -0.0187466 -1.57002
34.5977 0.0361682 -1.91807 1.45061 -0.00995752 -0.0187531 -1.57002
34.5977 0.0361788 -1.91909 1.45062 -0.00995513 -0.0187557 -1.57002
34.6067 0.0361894 -1.92012 1.45062 -0.00995349 -0.0187539 -1.57002
34.6067 0.0361999 -1.92115 1.45063 -0.00995274 -0.0187472 -1.57002
34.6145 0.0362104 -1.92217 1.45064 -0.00995184 -0.0186782 -1.57002
34.623 0.0362209 -1.9232 1.45065 -0.00995053 -0.0186076 -1.57002
34.6313 0.0362524 -1.92627 1.45068 -0.009952 -0.0185825 -1.57002
34.6325 0.0362629 -1.92729 1.45069 -0.00995386 -0.0185828 -1.57002
34.6384 0.0362735 -1.92831 1.4507 -0.0099568 -0.0185889 -1.57002
34.6425 0.036284 -1.92933 1.45071 -0.00996163 -0.0185991 -1.57002
34.6532 0.0362946 -1.93035 1.45072 -0.00996833 -0.0185855 -1.57002
34.6569 0.0363052 -1.93137 1.45073 -0.00997546 -0.0185699 -1.57002
34.6597 0.0363157 -1.93239 1.45074 -0.00998243 -0.0185769 -1.57002
34.6673 0.0363262 -1.9334 1.45075 -0.0099908 -0.0185797 -1.57002
34.6807 0.0360814 -1.93342 1.45075 -0.00999189 -0.0186043 -1.57001
34.6824 0.0360914 -1.93443 1.45076 -0.0100007 -0.0186042 -1.57001
34.6854 0.0361013 -1.93545 1.45077 -0.010009 -0.0186009 -1.57001
34.6899 0.0361113 -1.93646 1.45078 -0.0100164 -0.0185953 -1.57001
34.6961 0.0361212 -1.93747 1.45079 -0.0100237 -0.0185869 -1.57001
34.699 0.036131 -1.93848 1.4508 -0.0100304 -0.0185753 -1.57001
34.7047 0.0361409 -1.93949 1.45081 -0.0100364 -0.0185615 -1.57001
34.7119 0.0361509 -1.9405 1.45082 -0.0100418 -0.0185463 -1.57001
34.7178 0.0361608 -1.94151 1.45083 -0.0100463 -0.0185294 -1.57
34.7182 0.0361708 -1.94252 1.45084 -0.0100514 -0.0184844 -1.57
34.7237 0.0361807 -1.94353 1.45085 -0.0100564 -0.0184384 -1.57
34.7329 0.0361906 -1.94453 1.45086 -0.0100591 -0.0184201 -1.57
34.7422 0.0358175 -1.94448 1.45079 -0.0100414 -0.0184184 -1.56999
34.7475 0.0358265 -1.94548 1.4508 -0.0100421 -0.0184054 -1.56999
34.7488 0.0358355 -1.94648 1.45081 -0.0100429 -0.0183963 -1.56999
34.7619 0.0358626 -1.94948 1.45085 -0.0100456 -0.0183854 -1.56999
34.7648 0.0358716 -1.95047 1.45086 -0.010047 -0.0183857 -1.56999
34.767 0.0358806 -1.95147 1.45087 -0.0100489 -0.0183865 -1.56999
34.7706 0.0358896 -1.95246 1.45088 -0.0100504 -0.0183887 -1.56999
34.7953 0.0358986 -1.95345 1.45089 -0.0100516 -0.0183919 -1.56999
34.7993 0.0359076 -1.95444 1.4509 -0.010053 -0.0183933 -1.56999
34.8031 0.0359166 -1.95543 1.45091 -0.010054 -0.0183899 -1.56999
34.8088 0.0359256 -1.95642 1.45092 -0.0100556 -0.0183507 -1.56998
34.8117 0.0359345 -1.9574 1.45093 -0.0100578 -0.0183087 -1.56998
34.8171 0.0359435 -1.95839 1.45094 -0.0100588 -0.0182947 -1.56998
34.8207 0.0359524 -1.95937 1.45095 -0.0100598 -0.0182786 -1.56998
34.8255 0.0359614 -1.96035 1.45096 -0.0100618 -0.0182641 -1.56998
34.8308 0.0359704 -1.96133 1.45097 -0.0100643 -0.0182518 -1.56998
34.8334 0.0359795 -1.96231 1.45098 -0.0100665 -0.0182423 -1.56998
34.8389 0.0359886 -1.96329 1.45099 -0.0100687 -0.0182358 -1.56998
34.8435 0.0359977 -1.96426 1.451 -0.010072 -0.0182314 -1.56998
34.8505 0.0360068 -1.96524 1.45101 -0.0100754 -0.0182281 -1.56998
34.8536 0.0360159 -1.96621 1.45102 -0.0100786 -0.0182262 -1.56998
34.8683 0.0357823 -1.96598 1.45097 -0.0100689 -0.0182492 -1.56997
34.8684 0.0357909 -1.96695 1.45098 -0.0100736 -0.0182504 -1.56997
34.8702 0.0357996 -1.96791 1.45099 -0.0100805 -0.018253 -1.56997
34.8741 0.0358082 -1.96887 1.451 -0.0100885 -0.0182557 -1.56997
34.881 0.0358169 -1.96983 1.45101 -0.010096 -0.0182582 -1.56996
34.8849 0.0358256 -1.97079 1.45102 -0.0101023 -0.018303 -1.56996
34.8978 0.0358343 -1.97175 1.45103 -0.0101082 -0.0183474 -1.56996
34.8978 0.0358431 -1.97271 1.45104 -0.0101155 -0.0183484 -1.56996
34.9032 0.0358518 -1.97366 1.45104 -0.0101234 -0.0183475 -1.56996
34.9062 0.0358605 -1.97461 1.45105 -0.0101309 -0.0183433 -1.56996
34.9138 0.0358693 -1.97557 1.45106 -0.010139 -0.0183351 -1.56996
34.9199 0.0358781 -1.97652 1.45107 -0.010148 -0.0183258 -1.56996
34.9225 0.0358869 -1.97747 1.45107 -0.0101572 -0.0183176 -1.56996
34.9261 0.0358958 -1.97842 1.45108 -0.010166 -0.0183117 -1.56995
34.9357 0.0359047 -1.97936 1.45109 -0.0101743 -0.0183083 -1.56995
34.9358 0.0359136 -1.98031 1.45109 -0.0101829 -0.0183086 -1.56995
34.937 0.0359226 -1.98125 1.4511 -0.0101912 -0.0183123 -1.56995
34.9433 0.0359315 -1.9822 1.4511 -0.0101989 -0.0183546 -1.56995
34.9486 0.0359405 -1.98314 1.45111 -0.0102074 -0.0184006 -1.56995
34.9507 0.0359495 -1.98408 1.45111 -0.0102166 -0.0184133 -1.56995
34.9553 0.0359585 -1.98502 1.45112 -0.0102248 -0.018425 -1.56995
34.9598 0.0359676 -1.98596 1.45112 -0.0102334 -0.0183872 -1.56995
34.9636 0.0359766 -1.98689 1.45113 -0.0102418 -0.0183461 -1.56995
34.9691 0.0359858 -1.98783 1.45113 -0.0102495 -0.018396 -1.56994
34.9758 0.035995 -1.98876 1.45114 -0.0102578 -0.0184472 -1.56994
34.9765 0.0360042 -1.9897 1.45114 -0.010266 -0.0184553 -1.56994
34.9806 0.0360135 -1.99063 1.45115 -0.0102738 -0.0184665 -1.56994
34.9864 0.0360228 -1.99156 1.45115 -0.010281 -0.0184782 -1.56994
34.9957 0.0360322 -1.99249 1.45116 -0.0102872 -0.0184866 -1.56994
35.0038 0.0360416 -1.99342 1.45116 -0.0102927 -0.0184909 -1.56994
35.0038 0.0360511 -1.99435 1.45117 -0.0102979 -0.0184928 -1.56993
35.0099 0.0360606 -1.99528 1.45117 -0.0103021 -0.0184933 -1.56993
35.0251 0.0360895 -1.99806 1.45118 -0.0103136 -0.0184898 -1.56993
35.0316 0.0360993 -1.99898 1.45119 -0.0103188 -0.0184889 -1.56993
35.0333 0.036109 -1.9999 1.45119 -0.0103248 -0.0184898 -1.56993
35.0378 0.0361189 -2.00083 1.45119 -0.0103306 -0.0184911 -1.56993
35.0438 0.0361288 -2.00175 1.4512 -0.0103365 -0.0184929 -1.56993
35.0477 0.0361387 -2.00267 1.4512 -0.0103427 -0.0185388 -1.56993
35.0561 0.0361488 -2.00358 1.4512 -0.0103485 -0.0185859 -1.56993
35.0586 0.0361589 -2.0045 1.4512 -0.0103538 -0.0185903 -1.56992
35.0626 0.036169 -2.00542 1.45121 -0.0103583 -0.018593 -1.56992
35.067 0.0361793 -2.00633 1.45121 -0.0103625 -0.0185912 -1.56992
35.0725 0.0361896 -2.00725 1.45121 -0.0103659 -0.0185852 -1.56992
35.0756 0.0362001 -2.00817 1.45121 -0.010369 -0.0185774 -1.56992
35.0789 0.0362106 -2.00908 1.45122 -0.0103716 -0.0185669 -1.56992
35.0846 0.0362211 -2.00999 1.45122 -0.0103714 -0.018596 -1.56992
35.0867 0.0362317 -2.01091 1.45122 -0.0103688 -0.0186265 -1.56992
35.0928 0.0362423 -2.01182 1.45122 -0.0103667 -0.0185772 -1.56992
35.1003 0.036253 -2.01273 1.45122 -0.0103646 -0.0185292 -1.56992
35.1086 0.0362637 -2.01364 1.45123 -0.0103622 -0.0185206 -1.56991
35.1111 0.0362745 -2.01455 1.45123 -0.01036 -0.018513 -1.56991
35.1146 0.0362853 -2.01546 1.45123 -0.0103578 -0.0185544 -1.56991
35.1197 0.0362962 -2.01637 1.45123 -0.0103557 -0.0186016 -1.56991
35.1208 0.0363071 -2.01728 1.45123 -0.0103549 -0.0186127 -1.56991
35.122 0.0363181 -2.01819 1.45123 -0.0103559 -0.0186294 -1.56991
35.1335 0.0363292 -2.0191 1.45123 -0.010357 -0.0186479 -1.56991
35.1336 0.0363403 -2.02 1.45124 -0.0103581 -0.0186658 -1.5699
35.1447 0.0363515 -2.02091 1.45124 -0.0103592 -0.0186823 -1.5699
35.146 0.0363628 -2.02182 1.45124 -0.0103601 -0.0186984 -1.5699
35.1482 0.036374 -2.02273 1.45124 -0.0103605 -0.018714 -1.5699
35.1496 0.0363854 -2.02363 1.45124 -0.0103604 -0.0187278 -1.5699
35.153 0.0363968 -2.02454 1.45124 -0.0103601 -0.0187407 -1.5699
35.1621 0.0364082 -2.02544 1.45124 -0.0103601 -0.0187531 -1.5699
35.1638 0.0364197 -2.02635 1.45125 -0.0103605 -0.0187649 -1.5699
35.1662 0.0364313 -2.02725 1.45125 -0.0103609 -0.0188187 -1.56989
35.1757 0.0364429 -2.02816 1.45125 -0.0103614 -0.0188713 -1.56989
35.1758 0.0364546 -2.02906 1.45125 -0.0103619 -0.0188803 -1.56989
35.1821 0.0364664 -2.02996 1.45125 -0.0103624 -0.0188412 -1.56989
35.1831 0.0364782 -2.03087 1.45125 -0.0103621 -0.0187966 -1.56989
35.1909 0.03649 -2.03177 1.45125 -0.0103612 -0.0188356 -1.56989
35.1973 0.0365019 -2.03267 1.45125 -0.0103591 -0.018873 -1.56989
35.2015 0.0362005 -2.03215 1.45118 -0.0103391 -0.0188934 -1.56988
35.2048 0.0362119 -2.03306 1.45118 -0.0103356 -0.0188947 -1.56988
35.2103 0.0362233 -2.03396 1.45118 -0.0103308 -0.0188966 -1.56988
35.2155 0.0362349 -2.03486 1.45118 -0.010325 -0.0188973 -1.56988
35.2203 0.0362464 -2.03576 1.45119 -0.0103191 -0.018896 -1.56988
35.2241 0.036258 -2.03666 1.45119 -0.0103131 -0.0188926 -1.56987
35.2299 0.0362697 -2.03756 1.45119 -0.0103057 -0.0188894 -1.56987
35.2388 0.0362814 -2.03846 1.45119 -0.0102982 -0.0188864 -1.56987
35.2417 0.0362933 -2.03936 1.45119 -0.0102909 -0.0188841 -1.56987
35.2516 0.0363051 -2.04026 1.45119 -0.010283 -0.0188833 -1.56987
35.2604 0.0363171 -2.04115 1.4512 -0.0102754 -0.0189314 -1.56987
35.2652 0.0363291 -2.04205 1.4512 -0.0102682 -0.0189793 -1.56987
35.2653 0.0363412 -2.04295 1.4512 -0.0102615 -0.0190254 -1.56987
35.2698 0.0363533 -2.04385 1.4512 -0.0102554 -0.0190713 -1.56986
35.2751 0.0363656 -2.04475 1.4512 -0.010251 -0.0190284 -1.56986
35.2827 0.036378 -2.04565 1.4512 -0.0102481 -0.0189784 -1.56986
35.2853 0.0363904 -2.04655 1.45121 -0.0102439 -0.018994 -1.56986
35.2866 0.0364029 -2.04745 1.45121 -0.010239 -0.0190068 -1.56986
35.2967 0.0364154 -2.04835 1.45121 -0.0102342 -0.0189887 -1.56986
35.2999 0.0364279 -2.04925 1.45121 -0.0102292 -0.018976 -1.56986
35.301 0.0364405 -2.05016 1.45122 -0.0102238 -0.0189676 -1.56986
35.3127 0.0364784 -2.05286 1.45122 -0.0102065 -0.0189656 -1.56985
35.3171 0.0364911 -2.05377 1.45123 -0.0101988 -0.0189728 -1.56985
35.3237 0.0365039 -2.05467 1.45123 -0.0101899 -0.0189831 -1.56985
35.325 0.0365166 -2.05558 1.45123 -0.0101818 -0.018995 -1.56985
35.3281 0.0365294 -2.05648 1.45123 -0.0101751 -0.0190074 -1.56985
35.3368 0.0365422 -2.05739 1.45123 -0.010169 -0.01902 -1.56985
35.341 0.0365551 -2.0583 1.45124 -0.0101628 -0.0190317 -1.56985
35.346 0.036568 -2.0592 1.45124 -0.0101562 -0.019041 -1.56985
35.3505 0.036581 -2.06011 1.45124 -0.0101472 -0.0190803 -1.56984
35.3548 0.0365939 -2.06102 1.45124 -0.0101385 -0.0191197 -1.56984
35.3605 0.036607 -2.06192 1.45124 -0.0101314 -0.019128 -1.56984
35.3671 0.03662 -2.06283 1.45125 -0.0101235 -0.019134 -1.56984
35.3707 0.0366331 -2.06374 1.45125 -0.0101153 -0.0191359 -1.56984
35.3775 0.0366463 -2.06465 1.45125 -0.010107 -0.019134 -1.56984
35.3793 0.0366594 -2.06556 1.45125 -0.0100983 -0.019129 -1.56984
35.388 0.0366726 -2.06648 1.45125 -0.01009 -0.0191221 -1.56984
35.3924 0.0366857 -2.06739 1.45126 -0.0100824 -0.0191146 -1.56984
35.3979 0.0366989 -2.0683 1.45126 -0.0100744 -0.0191072 -1.56983
35.4042 0.0367121 -2.06922 1.45126 -0.0100666 -0.0191007 -1.56983
35.4103 0.0367253 -2.07013 1.45126 -0.0100586 -0.0191317 -1.56983
35.4124 0.0367384 -2.07105 1.45126 -0.0100514 -0.0191654 -1.56983
35.4164 0.0367516 -2.07196 1.45127 -0.0100462 -0.0191659 -1.56983
35.4213 0.0367648 -2.07288 1.45127 -0.0100419 -0.0191657 -1.56983
35.4253 0.036778 -2.0738 1.45127 -0.0100391 -0.0191623 -1.56983
35.4279 0.0367912 -2.07472 1.45127 -0.0100371 -0.0191548 -1.56982
35.4306 0.0368043 -2.07564 1.45127 -0.010036 -0.019143 -1.56982
35.4364 0.0368175 -2.07657 1.45128 -0.0100361 -0.0190802 -1.56983
35.446 0.0368307 -2.07749 1.45128 -0.010037 -0.0190707 -1.56983
35.4477 0.036844 -2.07842 1.45128 -0.0100373 -0.0191114 -1.56983
35.4788 0.0365031 -2.07787 1.45121 -0.0100168 -0.0191791 -1.56982
35.4829 0.0365157 -2.07879 1.45121 -0.0100156 -0.0192298 -1.56982
35.4829 0.0365282 -2.07972 1.45121 -0.0100135 -0.0192295 -1.56981
35.4829 0.0365408 -2.08064 1.45122 -0.0100112 -0.0192295 -1.56981
35.4829 0.0365534 -2.08157 1.45122 -0.0100081 -0.0192265 -1.56981
35.4829 0.036566 -2.0825 1.45123 -0.0100038 -0.0192198 -1.56981
35.4829 0.0365787 -2.08343 1.45123 -0.0100002 -0.0192116 -1.56981
35.5037 0.0366083 -2.08436 1.45123 -0.00999637 -0.0192039 -1.56981
35.5118 0.0363064 -2.08379 1.45113 -0.00996942 -0.0192207 -1.5698
35.513 0.0363187 -2.08473 1.45114 -0.0099664 -0.019219 -1.5698
35.5159 0.0363309 -2.08566 1.45114 -0.00996381 -0.0192642 -1.56979
35.5258 0.0363431 -2.08659 1.45115 -0.00996085 -0.0193131 -1.56979
35.532 0.0363554 -2.08753 1.45115 -0.00995757 -0.0193208 -1.56979
35.5336 0.0363677 -2.08847 1.45116 -0.00995454 -0.0193292 -1.56979
35.5445 0.0363799 -2.08941 1.45116 -0.0099518 -0.0193337 -1.56979
35.5469 0.0363922 -2.09035 1.45117 -0.00994996 -0.0193845 -1.56978
35.5495 0.0364045 -2.09129 1.45117 -0.00994823 -0.0194291 -1.56978
35.5596 0.0364168 -2.09224 1.45118 -0.00994639 -0.0194159 -1.56978
35.5619 0.0364291 -2.09318 1.45118 -0.0099459 -0.0193975 -1.56978
35.5672 0.0364415 -2.09413 1.45119 -0.00994631 -0.019372 -1.56978
35.5689 0.0364539 -2.09508 1.4512 -0.00994521 -0.0193634 -1.56978
35.571 0.0364662 -2.09604 1.4512 -0.00994369 -0.0193553 -1.56978
35.5776 0.0364786 -2.09699 1.45121 -0.00994489 -0.0192982 -1.56978
35.5876 0.0364909 -2.09795 1.45121 -0.00994713 -0.0192455 -1.56978
35.5916 0.0365032 -2.09891 1.45122 -0.00994786 -0.0192259 -1.56977
35.5933 0.0365155 -2.09987 1.45123 -0.00994812 -0.0192111 -1.56977
35.5962 0.0365278 -2.10084 1.45123 -0.00994838 -0.0192035 -1.56977
35.6096 0.0365401 -2.1018 1.45124 -0.00994789 -0.0192037 -1.56977
35.6125 0.0365525 -2.10277 1.45125 -0.00994625 -0.0192125 -1.56977
35.6145 0.0365649 -2.10374 1.45126 -0.0099432 -0.0192278 -1.56977
35.624 0.0365773 -2.10471 1.45126 -0.00993942 -0.0192474 -1.56977
35.6266 0.0365897 -2.10568 1.45127 -0.0099356 -0.0192698 -1.56977
35.6302 0.036602 -2.10666 1.45128 -0.00993211 -0.0192935 -1.56977
35.6329 0.0366144 -2.10764 1.45128 -0.00992932 -0.019317 -1.56977
35.6365 0.0366268 -2.10862 1.45129 -0.00992818 -0.0193176 -1.56977
35.639 0.0366393 -2.1096 1.4513 -0.00992653 -0.0193136 -1.56977
35.6504 0.0366517 -2.11058 1.45131 -0.00992327 -0.019325 -1.56977
35.6536 0.0366642 -2.11157 1.45132 -0.00991979 -0.0193335 -1.56977
35.6548 0.0366766 -2.11256 1.45132 -0.00991516 -0.0193406 -1.56977
35.6624 0.0366891 -2.11354 1.45133 -0.00991077 -0.0193473 -1.56977
35.6695 0.0367016 -2.11453 1.45134 -0.00990607 -0.0193544 -1.56977
35.6707 0.0367141 -2.11552 1.45135 -0.00990076 -0.0193612 -1.56977
35.6786 0.0367266 -2.11652 1.45136 -0.00989574 -0.019367 -1.56977
35.6793 0.036739 -2.11751 1.45136 -0.00989024 -0.0193722 -1.56977
35.6837 0.0367514 -2.11851 1.45137 -0.00988469 -0.0193771 -1.56977
35.6885 0.0367639 -2.11951 1.45138 -0.0098812 -0.0193502 -1.56977
35.6911 0.0367763 -2.12051 1.45139 -0.00987786 -0.0193204 -1.56977
35.6941 0.0367888 -2.12151 1.45139 -0.00987242 -0.0193183 -1.56976
35.6989 0.0368014 -2.12251 1.4514 -0.00986722 -0.0193166 -1.56976
35.7039 0.0368139 -2.12351 1.45141 -0.00986223 -0.0193185 -1.56976
35.708 0.0368264 -2.12452 1.45141 -0.00985652 -0.0193253 -1.56976
35.7123 0.0368389 -2.12552 1.45142 -0.00985089 -0.0193354 -1.56976
35.7153 0.0368515 -2.12653 1.45143 -0.00984492 -0.0193471 -1.56976
35.724 0.036864 -2.12754 1.45144 -0.00983877 -0.0193595 -1.56976
35.7288 0.0368765 -2.12855 1.45144 -0.0098336 -0.0193708 -1.56976
35.7298 0.036889 -2.12956 1.45145 -0.00982949 -0.019381 -1.56976
35.7384 0.0369015 -2.13057 1.45146 -0.00982674 -0.0193894 -1.56976
35.7446 0.036914 -2.13159 1.45147 -0.00982506 -0.0193953 -1.56976
35.7487 0.0369265 -2.1326 1.45147 -0.00982393 -0.0193987 -1.56975
35.7704 0.0366331 -2.13207 1.45144 -0.00980855 -0.0194001 -1.56974
35.7751 0.036645 -2.13309 1.45145 -0.00980886 -0.0193691 -1.56974
35.7764 0.0366569 -2.1341 1.45145 -0.00980781 -0.0193609 -1.56974
35.783 0.0366687 -2.13512 1.45146 -0.00980641 -0.0193528 -1.56974
35.7849 0.0366806 -2.13614 1.45147 -0.00980455 -0.0193467 -1.56974
35.7982 0.0363696 -2.13539 1.45136 -0.00977483 -0.0193689 -1.56973
35.7983 0.0363808 -2.13641 1.45137 -0.00977314 -0.0193703 -1.56973
35.8081 0.036392 -2.13743 1.45138 -0.00977174 -0.019375 -1.56973
35.8087 0.0364032 -2.13844 1.45138 -0.00977069 -0.0193808 -1.56973
35.8106 0.0364144 -2.13946 1.45139 -0.00977022 -0.0193868 -1.56972
35.8113 0.0364255 -2.14048 1.4514 -0.00976927 -0.0193931 -1.56972
35.8306 0.0362827 -2.13954 1.45118 -0.00972265 -0.0193623 -1.56972
35.8307 0.0362935 -2.14056 1.45119 -0.0097203 -0.0193112 -1.56972
35.8307 0.0363042 -2.14158 1.4512 -0.00971879 -0.019316 -1.56972
35.8307 0.036315 -2.1426 1.45121 -0.00971703 -0.0193219 -1.56972
35.8322 0.0363257 -2.14362 1.45121 -0.00971569 -0.0193328 -1.56972
35.8364 0.0363364 -2.14464 1.45122 -0.00971495 -0.0193508 -1.56971
35.8402 0.036347 -2.14567 1.45123 -0.00971373 -0.0193744 -1.56971
35.8484 0.0363576 -2.14669 1.45124 -0.00971247 -0.0194021 -1.56971
35.8664 0.0362861 -2.14611 1.45091 -0.00965735 -0.0194285 -1.56971
35.8697 0.0362966 -2.14713 1.45092 -0.00965829 -0.019453 -1.56971
35.8725 0.0363072 -2.14816 1.45093 -0.00966021 -0.0194733 -1.56971
35.8764 0.0363177 -2.14918 1.45093 -0.00966283 -0.019489 -1.56971
35.8827 0.0363282 -2.1502 1.45094 -0.00966539 -0.0194986 -1.56971
35.897 0.0363387 -2.15122 1.45095 -0.00966794 -0.019502 -1.5697
35.897 0.0363492 -2.15225 1.45096 -0.00966998 -0.0194457 -1.5697
35.897 0.0363597 -2.15328 1.45097 -0.00967222 -0.0193846 -1.5697
35.9019 0.0363702 -2.1543 1.45098 -0.00967499 -0.0193747 -1.5697
35.9061 0.0363806 -2.15533 1.45098 -0.00967759 -0.0193642 -1.5697
35.9103 0.0363907 -2.15635 1.45099 -0.00967966 -0.0193561 -1.5697
35.9162 0.0362898 -2.15586 1.45068 -0.00962707 -0.01935 -1.5697
35.9289 0.0363001 -2.15688 1.45069 -0.00962902 -0.019348 -1.5697
35.9325 0.0363104 -2.15791 1.4507 -0.00963126 -0.0193473 -1.56969
35.9365 0.0363208 -2.15893 1.45071 -0.0096339 -0.0193457 -1.56969
35.9445 0.0363311 -2.15996 1.45072 -0.00963684 -0.0193429 -1.56969
35.946 0.0363414 -2.16098 1.45073 -0.00963857 -0.0192734 -1.56969
35.9473 0.0363518 -2.16201 1.45074 -0.0096397 -0.0192028 -1.56969
35.9495 0.0363621 -2.16304 1.45075 -0.00964227 -0.0191971 -1.56969
35.9596 0.0363724 -2.16406 1.45075 -0.00964505 -0.0191935 -1.56969
35.964 0.0363827 -2.16509 1.45076 -0.0096472 -0.0191946 -1.56969
35.9653 0.0363929 -2.16611 1.45077 -0.00964959 -0.0192029 -1.56969
35.9671 0.0364032 -2.16714 1.45078 -0.00965226 -0.0192187 -1.56969
35.9695 0.0364135 -2.16817 1.45079 -0.00965454 -0.0192376 -1.56968
35.9745 0.0364237 -2.16919 1.4508 -0.00965666 -0.0192556 -1.56968
35.98 0.0364338 -2.17022 1.45081 -0.00965839 -0.0192704 -1.56968
35.9842 0.0364439 -2.17124 1.45082 -0.00966022 -0.0192816 -1.56968
36.0006 0.036454 -2.17227 1.45083 -0.00966229 -0.0192874 -1.56968
36.0037 0.0364642 -2.17329 1.45084 -0.00966418 -0.019288 -1.56968
36.0095 0.0364743 -2.17432 1.45085 -0.00966495 -0.0192245 -1.56968
36.0134 0.0364844 -2.17535 1.45086 -0.00966547 -0.0191588 -1.56968
36.0143 0.0364945 -2.17637 1.45087 -0.00966767 -0.0191509 -1.56968
36.0165 0.0365047 -2.1774 1.45088 -0.00967026 -0.0191422 -1.56968
36.0406 0.0365147 -2.17842 1.4509 -0.00967292 -0.0191379 -1.56968
36.0451 0.0365248 -2.17945 1.45091 -0.00967564 -0.0191389 -1.56968
36.0502 0.0365347 -2.18047 1.45092 -0.0096776 -0.0191422 -1.56968
36.0536 0.0365447 -2.1815 1.45093 -0.00968012 -0.0191455 -1.56968
36.0639 0.0363055 -2.18072 1.45044 -0.00960133 -0.0191333 -1.56967
36.0716 0.0363153 -2.18174 1.45045 -0.00960623 -0.0191243 -1.56967
36.0739 0.0363251 -2.18276 1.45046 -0.00961018 -0.0191078 -1.56967
36.0769 0.036335 -2.18378 1.45047 -0.00961241 -0.0190935 -1.56967
36.0778 0.0363448 -2.1848 1.45048 -0.00961479 -0.0190761 -1.56967
36.1021 0.0363546 -2.18582 1.45049 -0.00961681 -0.0190562 -1.56967
36.1074 0.0363643 -2.18684 1.4505 -0.00961888 -0.0190348 -1.56967
36.1075 0.036374 -2.18786 1.45051 -0.00962077 -0.0190135 -1.56967
36.1075 0.0363837 -2.18887 1.45052 -0.00962281 -0.0189926 -1.56967
36.1084 0.0363934 -2.18989 1.45054 -0.00962543 -0.0189718 -1.56967
36.1101 0.036403 -2.1909 1.45055 -0.00962807 -0.0189515 -1.56967
36.1108 0.0364127 -2.19192 1.45056 -0.00963075 -0.0188878 -1.56967
36.1131 0.0364222 -2.19293 1.45057 -0.00963384 -0.018824 -1.56967
36.1163 0.0364318 -2.19395 1.45058 -0.00963656 -0.0188051 -1.56967
36.129 0.0364413 -2.19496 1.45059 -0.00963937 -0.0187889 -1.56967
36.1317 0.0364508 -2.19597 1.4506 -0.0096425 -0.0187783 -1.56967
36.1459 0.0364603 -2.19698 1.45061 -0.00964523 -0.0187739 -1.56967
36.1517 0.0364698 -2.19799 1.45062 -0.00964739 -0.0187738 -1.56966
36.1552 0.0364792 -2.199 1.45063 -0.0096489 -0.0187768 -1.56966
36.1576 0.0364887 -2.20001 1.45064 -0.00965076 -0.0187809 -1.56966
36.1596 0.0364981 -2.20102 1.45065 -0.00965278 -0.0187857 -1.56966
36.1721 0.0365076 -2.20203 1.45066 -0.00965402 -0.0187898 -1.56966
36.1748 0.036517 -2.20303 1.45067 -0.00965549 -0.0187916 -1.56966
36.1783 0.0365265 -2.20404 1.45068 -0.00965597 -0.0187249 -1.56966
36.1807 0.0365359 -2.20504 1.45069 -0.00965495 -0.0186575 -1.56966
36.1943 0.0365454 -2.20605 1.4507 -0.00965463 -0.0186543 -1.56966
36.1979 0.0365549 -2.20705 1.45071 -0.00965433 -0.0186511 -1.56966
36.2003 0.0365643 -2.20805 1.45072 -0.00965401 -0.018653 -1.56966
36.2071 0.0365737 -2.20905 1.45073 -0.00965355 -0.0186609 -1.56965
36.2116 0.0365832 -2.21005 1.45074 -0.00965286 -0.0186733 -1.56965
36.2145 0.0365927 -2.21105 1.45075 -0.00965491 -0.0186708 -1.56965
36.2181 0.0366021 -2.21205 1.45076 -0.00965797 -0.0186648 -1.56965
36.224 0.0366118 -2.21304 1.45077 -0.00965966 -0.0186701 -1.56965
36.2299 0.0363305 -2.21202 1.45028 -0.00957699 -0.0186628 -1.56964
36.2403 0.0363397 -2.21301 1.4503 -0.00957943 -0.01866 -1.56964
36.2555 0.0363489 -2.214 1.45031 -0.00958138 -0.0186543 -1.56964
36.2555 0.0363581 -2.21498 1.45032 -0.00958185 -0.0186464 -1.56964
36.2576 0.0363673 -2.21597 1.45033 -0.00958251 -0.018636 -1.56964
36.2606 0.0363764 -2.21695 1.45034 -0.00958426 -0.0186246 -1.56964
36.2631 0.0363856 -2.21793 1.45034 -0.0095861 -0.018576 -1.56964
36.2696 0.0363948 -2.21891 1.45035 -0.00958795 -0.0185249 -1.56964
36.2791 0.036422 -2.22184 1.45038 -0.00959585 -0.0184872 -1.56964
36.2834 0.0364311 -2.22281 1.45039 -0.00959899 -0.0184809 -1.56964
36.2924 0.0364402 -2.22378 1.4504 -0.00960203 -0.0184781 -1.56964
36.3018 0.0364492 -2.22475 1.45041 -0.00960559 -0.0184786 -1.56963
36.3094 0.0364583 -2.22571 1.45042 -0.00960881 -0.0184806 -1.56963
36.313 0.0364674 -2.22667 1.45043 -0.0096118 -0.0184823 -1.56963
36.3189 0.0364765 -2.22764 1.45044 -0.00961347 -0.0184087 -1.56963
36.3196 0.0364855 -2.2286 1.45045 -0.00961582 -0.018336 -1.56963
36.3286 0.0364946 -2.22956 1.45046 -0.00961964 -0.0183396 -1.56963
36.3314 0.0365038 -2.23051 1.45047 -0.00962222 -0.0183464 -1.56963
36.341 0.0365129 -2.23147 1.45047 -0.00962426 -0.0183608 -1.56963
36.3511 0.036273 -2.23053 1.45 -0.00954424 -0.0183725 -1.56962
36.3552 0.036282 -2.23147 1.45001 -0.00954518 -0.0183974 -1.56962
36.3577 0.0362911 -2.23242 1.45002 -0.00954817 -0.0184145 -1.56962
36.3615 0.0363002 -2.23336 1.45003 -0.00954991 -0.0184236 -1.56962
36.3707 0.0363092 -2.2343 1.45004 -0.00954914 -0.0184301 -1.56962
36.3746 0.0363182 -2.23524 1.45004 -0.00954807 -0.0184316 -1.56962
36.3829 0.0363273 -2.23617 1.45005 -0.00954643 -0.0184272 -1.56962
36.3868 0.0363363 -2.2371 1.45006 -0.00954531 -0.0184184 -1.56962
36.4018 0.0363454 -2.23804 1.45007 -0.00954437 -0.0184067 -1.56962
36.4042 0.0363545 -2.23896 1.45008 -0.00954333 -0.0183918 -1.56962
36.411 0.0363636 -2.23989 1.45009 -0.00954217 -0.0183753 -1.56962
36.4111 0.0363727 -2.24081 1.4501 -0.00954099 -0.0183587 -1.56962
36.4111 0.0363818 -2.24174 1.45011 -0.00953971 -0.0183429 -1.56962
36.4173 0.0363909 -2.24265 1.45012 -0.00953833 -0.0183276 -1.56962
36.4201 0.0364 -2.24357 1.45013 -0.00953708 -0.0183142 -1.56962
36.4235 0.0364091 -2.24449 1.45014 -0.00953569 -0.0183016 -1.56962
36.4288 0.0364183 -2.2454 1.45015 -0.0095348 -0.0182901 -1.56961
36.4416 0.0364274 -2.24631 1.45016 -0.00953294 -0.0182807 -1.56961
36.4446 0.0364366 -2.24722 1.45017 -0.00952938 -0.0182733 -1.56961
36.4471 0.0364458 -2.24812 1.45018 -0.00952592 -0.0183102 -1.56961
36.4515 0.036455 -2.24902 1.45019 -0.00952299 -0.018348 -1.56961
36.4614 0.0364643 -2.24992 1.4502 -0.00952011 -0.0183429 -1.56961
36.4652 0.0364735 -2.25082 1.45021 -0.00951776 -0.018336 -1.56961
36.472 0.0364828 -2.25172 1.45022 -0.00951644 -0.0183246 -1.56961
36.473 0.0364921 -2.25262 1.45023 -0.00951646 -0.0183067 -1.56961
36.4769 0.0365013 -2.25351 1.45023 -0.00951815 -0.0182833 -1.56961
36.4797 0.0365106 -2.2544 1.45024 -0.00952187 -0.0182571 -1.56961
36.4845 0.0365199 -2.25529 1.45025 -0.00952778 -0.0182302 -1.56961
36.488 0.0365291 -2.25618 1.45026 -0.0095351 -0.0182046 -1.56961
36.4933 0.0365384 -2.25706 1.45027 -0.00954421 -0.0181815 -1.56961
36.4997 0.0365476 -2.25795 1.45028 -0.00955466 -0.0181621 -1.56961
36.5079 0.0365569 -2.25883 1.45028 -0.00956622 -0.0181479 -1.56961
36.518 0.0365661 -2.25971 1.45029 -0.00957903 -0.0181396 -1.56961
36.52 0.0365753 -2.26059 1.4503 -0.00959161 -0.0181364 -1.56961
36.5251 0.0365846 -2.26146 1.45031 -0.00960483 -0.0181372 -1.56961
36.5281 0.0365938 -2.26234 1.45031 -0.00962012 -0.0182111 -1.5696
36.5304 0.0366031 -2.26321 1.45032 -0.00963396 -0.0182843 -1.5696
36.5358 0.0366124 -2.26408 1.45033 -0.00964522 -0.0182865 -1.5696
36.5434 0.0366217 -2.26495 1.45033 -0.00965576 -0.0182879 -1.5696
36.5464 0.0366311 -2.26582 1.45034 -0.00966485 -0.0182831 -1.5696
36.5537 0.0366405 -2.26668 1.45034 -0.00967363 -0.0182693 -1.5696
36.5567 0.0366498 -2.26755 1.45035 -0.00968281 -0.0182495 -1.5696
36.5596 0.0366592 -2.26841 1.45035 -0.00969043 -0.0182274 -1.5696
36.5623 0.0366686 -2.26927 1.45036 -0.00969743 -0.0182055 -1.5696
36.5649 0.036678 -2.27013 1.45036 -0.00970562 -0.0181862 -1.5696
36.569 0.0366874 -2.27099 1.45037 -0.00971389 -0.0181718 -1.56959
36.5757 0.0366968 -2.27184 1.45037 -0.0097221 -0.0181637 -1.56959
36.5847 0.0367063 -2.2727 1.45038 -0.00973067 -0.0181619 -1.56959
36.5856 0.0367158 -2.27355 1.45038 -0.00973876 -0.0181663 -1.56959
36.5883 0.0367253 -2.2744 1.45039 -0.009745 -0.018175 -1.56959
36.593 0.0367349 -2.27525 1.45039 -0.00975114 -0.0181869 -1.56959
36.5979 0.0367445 -2.2761 1.4504 -0.00975728 -0.0182022 -1.56959
36.6015 0.0367541 -2.27695 1.4504 -0.00976181 -0.0182186 -1.56959
36.6067 0.0367638 -2.27779 1.4504 -0.00976605 -0.0182354 -1.56959
36.6126 0.0367735 -2.27864 1.45041 -0.00977063 -0.0182527 -1.56959
36.6136 0.0367831 -2.27948 1.45041 -0.00977478 -0.0182699 -1.56959
36.6184 0.0367928 -2.28032 1.45041 -0.00977672 -0.0182961 -1.56959
36.6292 0.0368025 -2.28116 1.45041 -0.00977923 -0.0183247 -1.56959
36.6363 0.0368123 -2.28199 1.45042 -0.00978365 -0.0183464 -1.56959
36.6365 0.0368222 -2.28283 1.45042 -0.00978793 -0.0183665 -1.56959
36.6365 0.036832 -2.28367 1.45042 -0.00979224 -0.0183855 -1.56959
36.652 0.0368711 -2.28699 1.45042 -0.0098117 -0.0184433 -1.56958
36.6553 0.0368808 -2.28782 1.45042 -0.00981693 -0.0185183 -1.56958
36.6631 0.0368906 -2.28865 1.45042 -0.0098214 -0.0185905 -1.56958
36.6764 0.0369004 -2.28947 1.45042 -0.00982409 -0.0185949 -1.56958
36.6792 0.0369103 -2.2903 1.45042 -0.00982482 -0.0185945 -1.56958
36.6848 0.0369203 -2.29112 1.45042 -0.00982671 -0.0185697 -1.56958
36.6899 0.0369303 -2.29195 1.45042 -0.00982762 -0.0185342 -1.56958
36.6918 0.0369403 -2.29277 1.45042 -0.00982691 -0.0185085 -1.56958
36.6944 0.0369504 -2.29359 1.45042 -0.00982416 -0.0185026 -1.56958
36.703 0.0369605 -2.29441 1.45042 -0.00982059 -0.0185022 -1.56957
36.7043 0.0369707 -2.29523 1.45042 -0.00981908 -0.0184913 -1.56957
36.7066 0.036981 -2.29604 1.45042 -0.00981733 -0.0184871 -1.56957
36.7115 0.0369912 -2.29686 1.45042 -0.00981583 -0.0184876 -1.56957
36.7158 0.0370016 -2.29768 1.45042 -0.00981431 -0.0184915 -1.56957
36.7201 0.037012 -2.29849 1.45042 -0.00981265 -0.0184979 -1.56957
36.7292 0.0370224 -2.2993 1.45042 -0.00981038 -0.0185071 -1.56957
36.7312 0.037033 -2.30012 1.45041 -0.00980751 -0.0185185 -1.56957
36.7447 0.0370436 -2.30093 1.45041 -0.00980505 -0.0185318 -1.56957
36.7522 0.0370542 -2.30174 1.45041 -0.00980331 -0.0185462 -1.56957
36.7595 0.0370649 -2.30255 1.45041 -0.00980151 -0.0185597 -1.56957
36.7595 0.0370755 -2.30336 1.45041 -0.00979976 -0.018573 -1.56956
36.767 0.0371186 -2.30658 1.4504 -0.00979344 -0.0186292 -1.56956
36.77 0.0371295 -2.30738 1.4504 -0.00979161 -0.0186424 -1.56955
36.7749 0.0371406 -2.30819 1.4504 -0.00979013 -0.0186531 -1.56956
36.7813 0.0371517 -2.30899 1.4504 -0.00978974 -0.0187298 -1.56955
36.7938 0.0371628 -2.30979 1.4504 -0.00978892 -0.0188039 -1.56955
36.7952 0.037174 -2.31059 1.45039 -0.00978486 -0.01875 -1.56955
36.8003 0.0371852 -2.3114 1.45039 -0.00977992 -0.0186928 -1.56955
36.8103 0.0371964 -2.3122 1.45039 -0.00977595 -0.0186863 -1.56955
36.8118 0.0372077 -2.313 1.45039 -0.00976976 -0.0186957 -1.56955
36.8148 0.037219 -2.3138 1.45038 -0.00976366 -0.0187057 -1.56955
36.8184 0.0372304 -2.31459 1.45038 -0.00975924 -0.0186986 -1.56955
36.8288 0.0372417 -2.31539 1.45038 -0.00975436 -0.018695 -1.56955
36.8312 0.0372531 -2.31619 1.45038 -0.00974971 -0.0186948 -1.56955
36.8326 0.0372645 -2.31699 1.45038 -0.00974619 -0.0186973 -1.56955
36.8353 0.0372759 -2.31779 1.45037 -0.00974269 -0.018701 -1.56954
36.8387 0.0372874 -2.31858 1.45037 -0.00973907 -0.0187054 -1.56954
36.8441 0.0372988 -2.31938 1.45037 -0.00973566 -0.0187107 -1.56954
36.8468 0.0373103 -2.32018 1.45037 -0.00973144 -0.0187171 -1.56954
36.854 0.0373219 -2.32097 1.45036 -0.00972786 -0.0187248 -1.56954
36.8623 0.0373334 -2.32177 1.45036 -0.00972507 -0.018734 -1.56954
36.8648 0.037345 -2.32256 1.45036 -0.0097219 -0.0187859 -1.56954
36.8729 0.0373567 -2.32336 1.45036 -0.0097185 -0.018839 -1.56954
36.8755 0.0373683 -2.32415 1.45035 -0.00971448 -0.0188498 -1.56954
36.8787 0.03738 -2.32495 1.45035 -0.0097107 -0.0188576 -1.56954
36.8876 0.0373917 -2.32574 1.45035 -0.00970744 -0.0188606 -1.56954
36.8877 0.0374034 -2.32654 1.45035 -0.0097034 -0.0188573 -1.56954
36.8963 0.0374151 -2.32733 1.45034 -0.00969941 -0.0188474 -1.56954
36.8969 0.0374268 -2.32813 1.45034 -0.00969616 -0.0188334 -1.56954
36.9019 0.0374385 -2.32892 1.45034 -0.00969352 -0.018819 -1.56954
36.9062 0.0374503 -2.32971 1.45034 -0.00969112 -0.0188062 -1.56953
36.912 0.0374621 -2.33051 1.45033 -0.00968888 -0.018795 -1.56953
36.9136 0.0374738 -2.3313 1.45033 -0.00968776 -0.0187876 -1.56953
36.9199 0.0374856 -2.3321 1.45033 -0.00968771 -0.0187844 -1.56953
36.9255 0.0374974 -2.33289 1.45033 -0.00968825 -0.0188358 -1.56953
36.9339 0.0375093 -2.33368 1.45032 -0.0096893 -0.0188916 -1.56953
36.9362 0.0375211 -2.33448 1.45032 -0.00969068 -0.0189002 -1.56953
36.9419 0.037533 -2.33527 1.45032 -0.00969213 -0.0189083 -1.56953
36.9679 0.0372714 -2.33362 1.4498 -0.00960965 -0.0189079 -1.56952
36.9679 0.0372832 -2.33441 1.4498 -0.00961119 -0.0189082 -1.56952
36.9679 0.0372951 -2.33521 1.4498 -0.00961236 -0.0189049 -1.56952
36.9679 0.0373071 -2.336 1.44979 -0.00961253 -0.0188984 -1.56952
36.968 0.0373191 -2.33679 1.44979 -0.00961236 -0.0189359 -1.56952
36.9757 0.0373311 -2.33758 1.44979 -0.00961185 -0.0189735 -1.56952
36.9772 0.0373432 -2.33837 1.44979 -0.00961095 -0.018967 -1.56952
36.9887 0.0371206 -2.33701 1.44928 -0.00952777 -0.0189537 -1.56951
36.991 0.0371327 -2.3378 1.44928 -0.00952597 -0.018949 -1.56951
36.995 0.0371447 -2.33859 1.44927 -0.00952327 -0.0189428 -1.56951
37.004 0.0371568 -2.33938 1.44927 -0.00952043 -0.0189337 -1.56951
37.0041 0.037169 -2.34017 1.44927 -0.0095182 -0.018922 -1.56951
37.0127 0.0371811 -2.34096 1.44927 -0.00951551 -0.0189124 -1.56951
37.0134 0.0371932 -2.34175 1.44927 -0.00951173 -0.0189055 -1.56951
37.0178 0.0372054 -2.34254 1.44927 -0.00950802 -0.0189015 -1.56951
37.0203 0.0372176 -2.34333 1.44926 -0.00950503 -0.0189022 -1.56951
37.0557 0.0370128 -2.34221 1.44882 -0.00942865 -0.0188997 -1.5695
37.0655 0.0370487 -2.34458 1.44882 -0.00941324 -0.0189252 -1.5695
37.0724 0.0370728 -2.34618 1.44882 -0.00940226 -0.0189514 -1.5695
37.0767 0.0370861 -2.34697 1.44882 -0.00939784 -0.0189623 -1.5695
37.0825 0.0368396 -2.34586 1.44837 -0.0093186 -0.0189629 -1.56949
37.0875 0.0368514 -2.34665 1.44837 -0.00931492 -0.0189635 -1.56949
37.095 0.036875 -2.34826 1.44837 -0.00930992 -0.0189039 -1.56949
37.0988 0.0368869 -2.34906 1.44837 -0.00930743 -0.0188731 -1.56949
37.1026 0.0368988 -2.34987 1.44837 -0.00930203 -0.0188942 -1.56949
37.1062 0.0369107 -2.35067 1.44837 -0.00929654 -0.0189179 -1.56949
37.1085 0.0369226 -2.35148 1.44837 -0.00929253 -0.0189212 -1.56949
37.1115 0.0369346 -2.35229 1.44837 -0.00928797 -0.0189269 -1.56949
37.1137 0.0369465 -2.3531 1.44837 -0.00928346 -0.0189342 -1.56949
37.116 0.0369585 -2.35391 1.44837 -0.00927958 -0.0189425 -1.56949
37.1191 0.0369704 -2.35472 1.44837 -0.00927531 -0.0189516 -1.56949
37.1457 0.0370179 -2.35799 1.44838 -0.0092571 -0.0189973 -1.56948
37.1458 0.0370297 -2.35882 1.44838 -0.00925261 -0.0190101 -1.56948
37.1483 0.0370415 -2.35964 1.44838 -0.00924776 -0.0190213 -1.56948
37.1569 0.0370533 -2.36047 1.44839 -0.00924224 -0.0190283 -1.56948
37.1698 0.036827 -2.35978 1.44779 -0.0091497 -0.0190018 -1.56948
37.1707 0.0368385 -2.36061 1.44779 -0.00914342 -0.0190032 -1.56947
37.177 0.03685 -2.36143 1.4478 -0.00913578 -0.019041 -1.56947
37.1872 0.0375158 -2.36316 1.44788 -0.00915211 -0.0190663 -1.56949
37.1928 0.0375279 -2.36399 1.44788 -0.009145 -0.019072 -1.56949
37.2018 0.0375399 -2.36483 1.44789 -0.00913811 -0.0191316 -1.56949
37.2124 0.0367329 -2.36562 1.44694 -0.00898599 -0.0192423 -1.56948
37.2189 0.0367438 -2.36645 1.44694 -0.00897919 -0.0192436 -1.56948
37.2224 0.0367547 -2.36729 1.44694 -0.00897259 -0.0192413 -1.56948
37.2259 0.0367656 -2.36813 1.44694 -0.00896704 -0.019237 -1.56948
37.2327 0.0367765 -2.36897 1.44694 -0.0089611 -0.0192324 -1.56948
37.2378 0.0367874 -2.36981 1.44694 -0.00895538 -0.0192299 -1.56948
37.2483 0.0367982 -2.37065 1.44694 -0.00895021 -0.0192293 -1.56948
37.2522 0.0368091 -2.3715 1.44694 -0.00894396 -0.0192659 -1.56948
37.2536 0.0368199 -2.37234 1.44694 -0.00893899 -0.019307 -1.56948
37.263 0.0368308 -2.37319 1.44695 -0.00893629 -0.019317 -1.56948
37.2657 0.0368417 -2.37404 1.44695 -0.0089334 -0.019374 -1.56947
37.2701 0.0368526 -2.3749 1.44695 -0.00893047 -0.0194285 -1.56947
37.2781 0.0368635 -2.37575 1.44695 -0.00892886 -0.0193817 -1.56947
37.2804 0.0368745 -2.37661 1.44695 -0.00892897 -0.0193308 -1.56947
37.2847 0.0368854 -2.37748 1.44695 -0.00892933 -0.0193708 -1.56947
37.2882 0.0368963 -2.37834 1.44696 -0.00892886 -0.0194068 -1.56947
37.2982 0.0369073 -2.37921 1.44696 -0.00892727 -0.019398 -1.56947
37.309 0.0369182 -2.38007 1.44696 -0.00892527 -0.0193933 -1.56947
37.3107 0.0369291 -2.38095 1.44696 -0.00892383 -0.0193595 -1.56947
37.3192 0.03694 -2.38182 1.44697 -0.00892191 -0.0193274 -1.56947
37.3225 0.0369509 -2.3827 1.44697 -0.00891775 -0.0193642 -1.56947
37.3246 0.0369617 -2.38358 1.44697 -0.00891304 -0.0194065 -1.56946
37.3294 0.0369725 -2.38446 1.44698 -0.0089086 -0.0194212 -1.56946
37.3345 0.0369833 -2.38534 1.44698 -0.00890483 -0.0194417 -1.56946
37.339 0.0369941 -2.38623 1.44699 -0.00890162 -0.019467 -1.56946
37.341 0.0370048 -2.38711 1.44699 -0.00889759 -0.0194936 -1.56946
37.346 0.0370156 -2.38801 1.447 -0.00889411 -0.0194714 -1.56946
37.3499 0.0370264 -2.3889 1.447 -0.00889165 -0.0194482 -1.56946
37.3732 0.0369067 -2.38907 1.4467 -0.00884802 -0.0194562 -1.56945
37.374 0.036917 -2.38997 1.44671 -0.00884525 -0.0194806 -1.56945
37.3757 0.0369273 -2.39087 1.44672 -0.00884319 -0.0195072 -1.56945
37.3785 0.0369376 -2.39177 1.44672 -0.0088433 -0.019536 -1.56945
37.3792 0.036948 -2.39267 1.44673 -0.0088448 -0.0195646 -1.56944
37.3815 0.0369583 -2.39358 1.44673 -0.00884646 -0.0195906 -1.56944
37.4072 0.0368638 -2.39555 1.4464 -0.00880661 -0.019495 -1.56944
37.4094 0.0368736 -2.39646 1.44641 -0.00880976 -0.019458 -1.56943
37.4174 0.0368834 -2.39738 1.44641 -0.00881243 -0.019458 -1.56943
37.4207 0.0368931 -2.3983 1.44642 -0.00881534 -0.0194567 -1.56943
37.4244 0.0369028 -2.39922 1.44643 -0.00881747 -0.0194574 -1.56943
37.4291 0.0369125 -2.40014 1.44643 -0.00881885 -0.0194606 -1.56943
37.4356 0.0369222 -2.40107 1.44644 -0.00881942 -0.0194644 -1.56943
37.4402 0.0369319 -2.40199 1.44645 -0.00881951 -0.0194686 -1.56943
37.444 0.0369415 -2.40292 1.44645 -0.00881948 -0.0194726 -1.56943
37.4455 0.0369512 -2.40385 1.44646 -0.00881927 -0.0194748 -1.56943
37.4548 0.0369608 -2.40478 1.44647 -0.00881851 -0.0194746 -1.56943
37.4568 0.0369704 -2.40572 1.44647 -0.00881815 -0.0194731 -1.56943
37.463 0.0369801 -2.40665 1.44648 -0.00881924 -0.0194696 -1.56942
37.4667 0.0369897 -2.40759 1.44649 -0.00882047 -0.019464 -1.56942
37.4706 0.0369993 -2.40853 1.44649 -0.00882107 -0.0194559 -1.56942
37.4757 0.0370089 -2.40947 1.4465 -0.00882258 -0.0194462 -1.56942
37.4796 0.0370185 -2.41041 1.44651 -0.00882508 -0.0194363 -1.56942
37.4811 0.0370281 -2.41136 1.44651 -0.00882687 -0.0194253 -1.56942
37.4853 0.0370377 -2.41231 1.44652 -0.00882833 -0.0193716 -1.56942
37.493 0.0369116 -2.41238 1.44619 -0.0087805 -0.0193028 -1.56941
37.4986 0.0369206 -2.41333 1.4462 -0.00878061 -0.0192915 -1.56941
37.5122 0.0369479 -2.41618 1.44622 -0.00877634 -0.019277 -1.56941
37.5149 0.036957 -2.41714 1.44623 -0.0087744 -0.0192812 -1.56941
37.5185 0.036966 -2.41809 1.44623 -0.00877246 -0.0192907 -1.56941
37.5239 0.0369751 -2.41905 1.44624 -0.00877077 -0.0193021 -1.56941
37.5293 0.0369841 -2.42001 1.44625 -0.00876949 -0.0193133 -1.56941
37.5326 0.036993 -2.42097 1.44625 -0.00876824 -0.0193232 -1.56941
37.5425 0.0370019 -2.42193 1.44626 -0.00876755 -0.0193317 -1.56941
37.5501 0.0370108 -2.4229 1.44627 -0.00876715 -0.0193377 -1.56941
37.553 0.0370196 -2.42386 1.44627 -0.00876731 -0.0193398 -1.56941
37.5591 0.0370285 -2.42483 1.44628 -0.00876865 -0.0192987 -1.56941
37.5639 0.0370373 -2.4258 1.44629 -0.0087703 -0.019253 -1.5694
37.5695 0.0370461 -2.42677 1.4463 -0.0087721 -0.0192431 -1.5694
37.5706 0.0370549 -2.42774 1.4463 -0.00877394 -0.0192326 -1.5694
37.5719 0.0370638 -2.42872 1.44631 -0.00877585 -0.0192247 -1.5694
37.582 0.0370726 -2.42969 1.44632 -0.00877718 -0.0192196 -1.5694
37.5835 0.0370815 -2.43067 1.44632 -0.00877769 -0.0192165 -1.5694
37.5867 0.0370903 -2.43164 1.44633 -0.00877855 -0.0192148 -1.5694
37.5913 0.0370991 -2.43262 1.44634 -0.00877932 -0.0192126 -1.5694
37.5943 0.0371078 -2.4336 1.44635 -0.00878097 -0.0192088 -1.5694
37.5988 0.0371165 -2.43458 1.44635 -0.0087831 -0.0192034 -1.5694
37.6032 0.0371252 -2.43556 1.44636 -0.00878498 -0.0191956 -1.5694
37.6093 0.0371338 -2.43654 1.44637 -0.00878725 -0.019186 -1.5694
37.6124 0.0371424 -2.43753 1.44638 -0.00878949 -0.0191748 -1.5694
37.6231 0.0371509 -2.43851 1.44639 -0.00879226 -0.0191252 -1.5694
37.6272 0.0371595 -2.4395 1.44639 -0.00879428 -0.0190737 -1.5694
37.6276 0.037168 -2.44049 1.4464 -0.00879491 -0.0190572 -1.5694
37.6409 0.0371935 -2.44346 1.44643 -0.00879113 -0.0190252 -1.5694
37.6451 0.0372019 -2.44445 1.44643 -0.00878865 -0.0190225 -1.5694
37.6507 0.0372103 -2.44544 1.44644 -0.00878678 -0.0190223 -1.5694
37.6596 0.0372187 -2.44643 1.44645 -0.00878441 -0.0190235 -1.56939
37.6607 0.037227 -2.44742 1.44646 -0.00878199 -0.0190248 -1.56939
37.664 0.0372353 -2.44842 1.44647 -0.0087807 -0.019025 -1.56939
37.669 0.0372435 -2.44942 1.44648 -0.00878074 -0.0190233 -1.56939
37.6725 0.0372518 -2.45041 1.44649 -0.00878331 -0.0189868 -1.56939
37.6806 0.0372601 -2.45141 1.44649 -0.0087863 -0.0189467 -1.56939
37.6872 0.0372683 -2.45241 1.4465 -0.00878812 -0.018936 -1.56939
37.6927 0.0372765 -2.45341 1.44651 -0.008791 -0.0189259 -1.56939
37.6954 0.0372846 -2.45441 1.44652 -0.00879469 -0.0189181 -1.56939
37.7007 0.0372927 -2.45541 1.44653 -0.0087984 -0.0189129 -1.56939
37.7105 0.0373008 -2.45641 1.44654 -0.00880223 -0.01891 -1.56939
37.7139 0.0373089 -2.45741 1.44655 -0.00880574 -0.018908 -1.56939
37.7168 0.0373169 -2.45841 1.44656 -0.00880914 -0.0189056 -1.56939
37.7227 0.037325 -2.45942 1.44657 -0.00881233 -0.0189025 -1.56939
37.7237 0.037333 -2.46042 1.44658 -0.00881455 -0.0188976 -1.56939
37.73 0.037341 -2.46143 1.44659 -0.00881645 -0.0188908 -1.56939
37.7603 0.0372404 -2.46249 1.44625 -0.00877124 -0.0188539 -1.56938
37.7655 0.0372478 -2.46349 1.44626 -0.00877326 -0.018839 -1.56938
37.7658 0.0372552 -2.46449 1.44627 -0.00877459 -0.0188246 -1.56938
37.7667 0.0372625 -2.46549 1.44628 -0.00877531 -0.018813 -1.56938
37.7735 0.0372698 -2.46649 1.44628 -0.00877549 -0.0188057 -1.56938
37.7736 0.037277 -2.46749 1.44629 -0.00877606 -0.0188007 -1.56938
37.7783 0.0372842 -2.46849 1.4463 -0.0087778 -0.0187979 -1.56938
37.7847 0.0372914 -2.4695 1.44631 -0.00877916 -0.0187961 -1.56938
37.7893 0.0371934 -2.46956 1.44595 -0.00872811 -0.0187779 -1.56937
37.7994 0.0372001 -2.47056 1.44596 -0.00872817 -0.0187759 -1.56937
37.8064 0.0372068 -2.47156 1.44597 -0.00872799 -0.0187722 -1.56937
37.808 0.0372135 -2.47256 1.44597 -0.00872825 -0.0187662 -1.56937
37.808 0.0372202 -2.47357 1.44598 -0.0087292 -0.0187236 -1.56937
37.8192 0.0372269 -2.47457 1.44599 -0.00872949 -0.0186784 -1.56937
37.8228 0.0372335 -2.47557 1.446 -0.00872867 -0.0186664 -1.56937
37.8296 0.0372401 -2.47658 1.44601 -0.00872727 -0.0186544 -1.56937
37.8333 0.0372467 -2.47758 1.44601 -0.0087255 -0.018644 -1.56937
37.8372 0.0372533 -2.47858 1.44602 -0.00872379 -0.0186371 -1.56937
37.8433 0.0372598 -2.47958 1.44603 -0.00872137 -0.0186346 -1.56937
37.8449 0.0372663 -2.48059 1.44604 -0.0087191 -0.0186351 -1.56937
37.8509 0.0372728 -2.48159 1.44605 -0.00871725 -0.0186361 -1.56937
37.8514 0.0372793 -2.48259 1.44605 -0.00871567 -0.0186369 -1.56936
37.8583 0.0372858 -2.4836 1.44606 -0.00871519 -0.0186363 -1.56936
37.8653 0.0372923 -2.4846 1.44607 -0.00871452 -0.0185799 -1.56936
37.8711 0.0372988 -2.4856 1.44608 -0.00871341 -0.0185237 -1.56936
37.8735 0.0373052 -2.48661 1.44609 -0.00871234 -0.0185196 -1.56936
37.876 0.0373118 -2.48761 1.4461 -0.00871063 -0.0185149 -1.56936
37.88 0.0372167 -2.48761 1.44573 -0.00865646 -0.0184978 -1.56936
37.8896 0.0372226 -2.48861 1.44573 -0.00865541 -0.0185004 -1.56935
37.8939 0.0372286 -2.48961 1.44574 -0.00865362 -0.0185057 -1.56935
37.9001 0.0372345 -2.4906 1.44575 -0.00865172 -0.0185108 -1.56935
37.9051 0.0372404 -2.4916 1.44576 -0.00864971 -0.0185141 -1.56935
37.9127 0.0372463 -2.4926 1.44577 -0.00864855 -0.0185141 -1.56935
37.9154 0.0372521 -2.4936 1.44578 -0.00864798 -0.0184589 -1.56935
37.922 0.0372578 -2.4946 1.44579 -0.00864789 -0.018403 -1.56935
37.9359 0.0372636 -2.4956 1.44579 -0.00864849 -0.0183994 -1.56935
37.9383 0.0372694 -2.4966 1.4458 -0.0086492 -0.0183959 -1.56935
37.9395 0.0372752 -2.49759 1.44581 -0.00864996 -0.0183957 -1.56935
37.9413 0.0372809 -2.49859 1.44582 -0.00865098 -0.0184008 -1.56934
37.9439 0.0372867 -2.49959 1.44583 -0.008652 -0.0184091 -1.56934
37.9611 0.0372924 -2.50058 1.44584 -0.00865326 -0.0184178 -1.56934
37.9611 0.0372981 -2.50158 1.44585 -0.00865556 -0.018425 -1.56934
37.9612 0.0373037 -2.50257 1.44585 -0.00865835 -0.0184291 -1.56934
37.9663 0.0373094 -2.50356 1.44586 -0.00866264 -0.0184065 -1.56934
37.9745 0.037315 -2.50456 1.44587 -0.00866651 -0.0183786 -1.56934
37.9785 0.0373207 -2.50555 1.44588 -0.00866935 -0.0183675 -1.56934
37.9837 0.0373263 -2.50654 1.44589 -0.0086734 -0.0183532 -1.56934
37.9891 0.0373319 -2.50753 1.4459 -0.00867719 -0.0183387 -1.56934
37.9949 0.0372967 -2.50747 1.44553 -0.0086259 -0.0183117 -1.56933
37.9959 0.0373019 -2.50845 1.44554 -0.00862966 -0.0182993 -1.56933
38.0007 0.0373071 -2.50944 1.44554 -0.00863406 -0.018287 -1.56933
38.0091 0.0373123 -2.51043 1.44555 -0.00863862 -0.0182227 -1.56933
38.0159 0.0373175 -2.51141 1.44556 -0.00864265 -0.0181588 -1.56933
38.0194 0.0373227 -2.51239 1.44557 -0.00864565 -0.0181488 -1.56933
38.0211 0.0373279 -2.51338 1.44558 -0.00864823 -0.0181426 -1.56933
38.0263 0.0373331 -2.51436 1.44559 -0.00865096 -0.0181404 -1.56933
38.0272 0.0373383 -2.51534 1.4456 -0.00865407 -0.0181433 -1.56933
38.031 0.0373434 -2.51632 1.44561 -0.0086571 -0.0181497 -1.56933
38.064 0.0373588 -2.51924 1.44563 -0.0086674 -0.0181584 -1.56932
38.0667 0.0373638 -2.52022 1.44564 -0.00867134 -0.0181556 -1.56932
38.0692 0.0373689 -2.52119 1.44565 -0.00867592 -0.0181492 -1.56932
38.0778 0.037374 -2.52216 1.44566 -0.00868051 -0.0181399 -1.56932
38.0805 0.0373792 -2.52313 1.44567 -0.00868513 -0.0180688 -1.56932
38.0845 0.0373843 -2.5241 1.44568 -0.00869039 -0.0179965 -1.56932
38.0917 0.0373894 -2.52507 1.44568 -0.00869544 -0.0179847 -1.56932
38.0987 0.0373944 -2.52604 1.44569 -0.00870078 -0.0179759 -1.56932
38.0993 0.0373995 -2.527 1.4457 -0.00870675 -0.0179733 -1.56932
38.1028 0.0374045 -2.52797 1.44571 -0.00871317 -0.0179645 -1.56932
38.1105 0.0374096 -2.52893 1.44572 -0.00871803 -0.0179611 -1.56932
38.1135 0.0374147 -2.52989 1.44573 -0.00872096 -0.0179744 -1.56932
38.1171 0.0374198 -2.53085 1.44574 -0.0087239 -0.0179889 -1.56932
38.1291 0.0374363 -2.53079 1.44536 -0.00867259 -0.0179893 -1.56931
38.1294 0.0374411 -2.53175 1.44537 -0.00867336 -0.0180593 -1.56931
38.1318 0.0374459 -2.5327 1.44538 -0.00867263 -0.0181263 -1.56931
38.1345 0.0374508 -2.53365 1.44539 -0.00867158 -0.0181318 -1.56931
38.1443 0.0374556 -2.53459 1.4454 -0.00867078 -0.0181324 -1.56931
38.1533 0.0374703 -2.53743 1.44542 -0.00867273 -0.0181032 -1.56931
38.1588 0.0374752 -2.53837 1.44543 -0.00867458 -0.018108 -1.5693
38.1712 0.03749 -2.54119 1.44546 -0.00869059 -0.0181386 -1.5693
38.1846 0.0374949 -2.54212 1.44547 -0.00870122 -0.0181082 -1.5693
38.1892 0.0374999 -2.54306 1.44547 -0.00871287 -0.0180773 -1.5693
38.1896 0.0375049 -2.54399 1.44548 -0.00872485 -0.0181198 -1.5693
38.1928 0.0375099 -2.54492 1.44549 -0.00873715 -0.0181648 -1.5693
38.2017 0.0375149 -2.54584 1.4455 -0.0087496 -0.0181643 -1.5693
38.2052 0.0375199 -2.54677 1.4455 -0.00876215 -0.0181645 -1.5693
38.2109 0.037525 -2.5477 1.44551 -0.00877384 -0.0181618 -1.5693
38.2148 0.03753 -2.54862 1.44552 -0.00878556 -0.0181531 -1.56929
38.221 0.0375351 -2.54955 1.44552 -0.00879697 -0.0181388 -1.56929
38.2265 0.0375401 -2.55047 1.44553 -0.00880765 -0.0181211 -1.56929
38.2288 0.0375452 -2.55139 1.44554 -0.0088176 -0.0181012 -1.56929
38.2311 0.0375503 -2.55231 1.44554 -0.00882599 -0.0180819 -1.56929
38.2383 0.0375554 -2.55323 1.44555 -0.00883329 -0.0180657 -1.56929
38.2411 0.0375605 -2.55415 1.44555 -0.00884023 -0.0180522 -1.56929
38.2489 0.0375657 -2.55507 1.44556 -0.00884489 -0.0180675 -1.56929
38.2577 0.0375709 -2.55599 1.44556 -0.00884843 -0.0180887 -1.56929
38.273 0.0375866 -2.55873 1.44558 -0.00886399 -0.0180939 -1.56929
38.2803 0.0375919 -2.55965 1.44559 -0.00887051 -0.0180988 -1.56929
38.2849 0.0375973 -2.56057 1.44559 -0.00887791 -0.0181041 -1.56929
38.2891 0.0376026 -2.56148 1.4456 -0.00888457 -0.01811 -1.56929
38.2903 0.037608 -2.56239 1.4456 -0.00888986 -0.0181165 -1.56929
38.2944 0.0376133 -2.56331 1.4456 -0.0088948 -0.018123 -1.56929
38.2955 0.0376187 -2.56422 1.44561 -0.00889937 -0.0181294 -1.56928
38.3061 0.0376242 -2.56513 1.44561 -0.00890286 -0.018136 -1.56928
38.3098 0.0376296 -2.56604 1.44562 -0.00890648 -0.0181434 -1.56928
38.3123 0.0376351 -2.56695 1.44562 -0.00890978 -0.0181515 -1.56928
38.3185 0.0376406 -2.56786 1.44562 -0.00891091 -0.0181596 -1.56928
38.319 0.0376461 -2.56877 1.44563 -0.00891084 -0.0181676 -1.56928
38.3228 0.0376517 -2.56968 1.44563 -0.00891117 -0.0182326 -1.56928
38.3414 0.0376573 -2.57058 1.44563 -0.00891032 -0.0182949 -1.56927
38.3415 0.037663 -2.57149 1.44563 -0.00890792 -0.0182975 -1.56927
38.3515 0.0376803 -2.57421 1.44564 -0.0089003 -0.0182695 -1.56927
38.3583 0.0376861 -2.57511 1.44564 -0.00889678 -0.0182461 -1.56927
38.3648 0.037692 -2.57601 1.44564 -0.00889257 -0.0182195 -1.56927
38.366 0.037698 -2.57692 1.44564 -0.00889006 -0.0181925 -1.56927
38.372 0.037704 -2.57782 1.44565 -0.00888982 -0.0181685 -1.56927
38.3759 0.03771 -2.57872 1.44565 -0.00889021 -0.018149 -1.56927
38.3897 0.0377161 -2.57963 1.44565 -0.00889057 -0.0181351 -1.56927
38.3912 0.0377223 -2.58053 1.44565 -0.00889162 -0.0181279 -1.56926
38.3913 0.0377284 -2.58143 1.44565 -0.00889245 -0.0181739 -1.56926
38.3949 0.0377345 -2.58233 1.44565 -0.0088931 -0.0182241 -1.56926
38.408 0.0377535 -2.58503 1.44566 -0.00889477 -0.0182316 -1.56926
38.4099 0.03776 -2.58594 1.44566 -0.00889439 -0.0182306 -1.56926
38.4156 0.0377665 -2.58684 1.44566 -0.00889352 -0.0182268 -1.56926
38.4315 0.037773 -2.58774 1.44567 -0.00889122 -0.0182231 -1.56925
38.4336 0.0377797 -2.58864 1.44567 -0.00888853 -0.0182197 -1.56925
38.4391 0.0377863 -2.58954 1.44567 -0.00888679 -0.0182174 -1.56925
38.4427 0.0377931 -2.59045 1.44567 -0.00888584 -0.018218 -1.56925
38.4439 0.0377998 -2.59135 1.44568 -0.0088825 -0.0182312 -1.56925
38.4572 0.0378203 -2.59405 1.44568 -0.0088748 -0.0182939 -1.56924
38.4669 0.0378273 -2.59494 1.44568 -0.00887545 -0.018311 -1.56924
38.4703 0.0378342 -2.59584 1.44569 -0.00887611 -0.0183281 -1.56924
38.4781 0.0378413 -2.59674 1.44569 -0.00887634 -0.0183438 -1.56924
38.481 0.0378484 -2.59764 1.44569 -0.00887539 -0.0183585 -1.56924
38.4849 0.0378556 -2.59854 1.44569 -0.00887442 -0.0183725 -1.56924
38.4887 0.0378627 -2.59943 1.44569 -0.008873 -0.0183848 -1.56924
38.4964 0.03787 -2.60033 1.44569 -0.00887073 -0.0183968 -1.56924
38.5044 0.0378772 -2.60123 1.4457 -0.0088678 -0.018408 -1.56923
38.5163 0.0379227 -2.60093 1.44526 -0.00880554 -0.018409 -1.56923
38.5175 0.0379299 -2.60183 1.44526 -0.00880056 -0.0184287 -1.56923
38.5217 0.0379372 -2.60272 1.44526 -0.00879786 -0.0184457 -1.56923
38.5273 0.0379446 -2.60362 1.44527 -0.00879384 -0.0184618 -1.56923
38.5314 0.037952 -2.60452 1.44527 -0.00879068 -0.0184767 -1.56922
38.5431 0.0379594 -2.60542 1.44527 -0.00878855 -0.0184905 -1.56922
38.5431 0.0379669 -2.60632 1.44527 -0.00878619 -0.0185026 -1.56922
38.5441 0.0379744 -2.60722 1.44527 -0.00878365 -0.0185117 -1.56922
38.5546 0.0379819 -2.60811 1.44527 -0.00878326 -0.0185946 -1.56922
38.5728 0.0379894 -2.60901 1.44527 -0.00878286 -0.0186748 -1.56922
38.577 0.0379969 -2.60991 1.44527 -0.00877896 -0.0186211 -1.56922
38.5777 0.0380045 -2.61082 1.44527 -0.0087752 -0.0185623 -1.56922
38.5841 0.0380121 -2.61172 1.44527 -0.00877092 -0.0185723 -1.56922
38.5909 0.0380198 -2.61262 1.44527 -0.00876586 -0.0185801 -1.56922
38.5922 0.0380275 -2.61352 1.44527 -0.00876146 -0.0185713 -1.56922
38.5981 0.0380352 -2.61443 1.44527 -0.00875494 -0.0185771 -1.56921
38.6028 0.0380429 -2.61533 1.44527 -0.00874851 -0.0185965 -1.56921
38.6086 0.0380507 -2.61623 1.44528 -0.00874474 -0.0186221 -1.56921
38.6107 0.0380585 -2.61714 1.44528 -0.00874144 -0.0186537 -1.56921
38.6151 0.0380663 -2.61805 1.44528 -0.00873827 -0.0186898 -1.56921
38.6197 0.0380742 -2.61896 1.44528 -0.00873572 -0.0187276 -1.56921
38.6275 0.0380821 -2.61987 1.44528 -0.00873317 -0.0187645 -1.56921
38.6344 0.0380915 -2.62078 1.44528 -0.0087315 -0.0187985 -1.56921
38.6398 0.0381493 -2.62045 1.44487 -0.00867613 -0.0188174 -1.56921
38.6455 0.0381572 -2.62136 1.44487 -0.00867597 -0.0188451 -1.56921
38.6483 0.0381652 -2.62227 1.44487 -0.00867498 -0.0188677 -1.5692
38.6531 0.0381732 -2.62318 1.44487 -0.00867201 -0.0189046 -1.5692
38.6586 0.0381813 -2.62409 1.44487 -0.0086693 -0.0189404 -1.5692
38.6616 0.0381894 -2.625 1.44488 -0.00866819 -0.0189566 -1.5692
38.6642 0.0381975 -2.62592 1.44488 -0.00866786 -0.0189683 -1.5692
38.6683 0.0382056 -2.62684 1.44488 -0.00866772 -0.0189752 -1.5692
38.6778 0.0382759 -2.62651 1.44444 -0.00860997 -0.0189629 -1.56919
38.6793 0.038284 -2.62742 1.44444 -0.0086091 -0.0190113 -1.56919
38.6819 0.0382922 -2.62834 1.44445 -0.00860653 -0.0190554 -1.56919
38.7087 0.038193 -2.62818 1.44406 -0.0085518 -0.0190285 -1.56918
38.7125 0.0382007 -2.6291 1.44406 -0.0085483 -0.0190148 -1.56918
38.7126 0.0382084 -2.63002 1.44406 -0.00854316 -0.0189254 -1.56918
38.7175 0.0382162 -2.63094 1.44407 -0.0085381 -0.018835 -1.56918
38.7301 0.038224 -2.63186 1.44407 -0.00853384 -0.0188641 -1.56918
38.7314 0.0382318 -2.63279 1.44407 -0.00852964 -0.0189 -1.56918
38.7388 0.0382396 -2.63371 1.44407 -0.00852586 -0.0189034 -1.56918
38.7389 0.0382474 -2.63464 1.44407 -0.00851899 -0.0189278 -1.56918
38.7478 0.0382552 -2.63557 1.44407 -0.00851204 -0.0189667 -1.56918
38.7512 0.038263 -2.6365 1.44408 -0.00850715 -0.0190073 -1.56918
38.7563 0.0382709 -2.63743 1.44408 -0.00850172 -0.0190473 -1.56917
38.7591 0.0382787 -2.63836 1.44408 -0.00849586 -0.0190843 -1.56917
38.7615 0.0382865 -2.6393 1.44408 -0.00849024 -0.0191716 -1.56917
38.7671 0.0382944 -2.64024 1.44409 -0.00848499 -0.0192499 -1.56917
38.7692 0.0383022 -2.64118 1.44409 -0.00847985 -0.0192636 -1.56917
38.7761 0.0383101 -2.64212 1.4441 -0.00847214 -0.0191938 -1.56917
38.7801 0.0383181 -2.64307 1.4441 -0.00846437 -0.0191172 -1.56917
38.7826 0.0383261 -2.64401 1.4441 -0.00845899 -0.019112 -1.56917
38.7875 0.038334 -2.64496 1.44411 -0.00845373 -0.0191075 -1.56917
38.7912 0.038342 -2.64591 1.44411 -0.00844856 -0.0191107 -1.56917
38.7967 0.0384356 -2.64595 1.44375 -0.0083963 -0.0191061 -1.56917
38.8069 0.0384435 -2.6469 1.44376 -0.00839115 -0.0191293 -1.56916
38.8099 0.0384515 -2.64785 1.44376 -0.00838575 -0.0191569 -1.56916
38.8128 0.0384595 -2.64881 1.44377 -0.00837786 -0.0191997 -1.56916
38.8151 0.0384675 -2.64976 1.44377 -0.00837047 -0.0192434 -1.56916
38.8295 0.0384755 -2.65072 1.44378 -0.00836536 -0.0192709 -1.56916
38.834 0.0384836 -2.65168 1.44378 -0.0083605 -0.0192933 -1.56916
38.8357 0.0384916 -2.65265 1.44379 -0.00835678 -0.0193094 -1.56916
38.8477 0.0384997 -2.65362 1.4438 -0.00835281 -0.0192432 -1.56916
38.8558 0.0385077 -2.65459 1.4438 -0.00834963 -0.019174 -1.56916
38.8587 0.0385158 -2.65556 1.44381 -0.00834792 -0.0191793 -1.56916
38.8598 0.0385239 -2.65653 1.44382 -0.00834645 -0.0191833 -1.56916
38.8689 0.038532 -2.6575 1.44383 -0.00834566 -0.0191896 -1.56916
38.8705 0.0385401 -2.65848 1.44383 -0.00834491 -0.0192001 -1.56916
38.8727 0.0385483 -2.65945 1.44384 -0.00834364 -0.0192114 -1.56915
38.8771 0.0385564 -2.66043 1.44385 -0.00834185 -0.0192217 -1.56915
38.8814 0.0385645 -2.66141 1.44385 -0.00833923 -0.0192302 -1.56915
38.8856 0.0385727 -2.6624 1.44386 -0.00833559 -0.0192342 -1.56915
38.8909 0.0385808 -2.66338 1.44387 -0.00833045 -0.0192339 -1.56915
38.894 0.038589 -2.66437 1.44387 -0.00832465 -0.0192299 -1.56915
38.8983 0.0385971 -2.66536 1.44388 -0.00831867 -0.0192223 -1.56915
38.9134 0.0386053 -2.66635 1.44389 -0.00831093 -0.0191405 -1.56915
38.9158 0.0386135 -2.66734 1.4439 -0.00830374 -0.0190605 -1.56915
38.9158 0.0386217 -2.66833 1.4439 -0.00829878 -0.0190539 -1.56915
38.9159 0.0386299 -2.66933 1.44391 -0.00829515 -0.0190457 -1.56915
38.9196 0.0386381 -2.67033 1.44392 -0.00829239 -0.0190418 -1.56914
38.935 0.0386707 -2.67433 1.44394 -0.00828018 -0.0190522 -1.56914
38.9513 0.0386789 -2.67533 1.44395 -0.00827713 -0.0190553 -1.56914
38.9526 0.038687 -2.67634 1.44396 -0.00827422 -0.0190545 -1.56914
38.9607 0.0386951 -2.67734 1.44397 -0.00827179 -0.0190114 -1.56914
38.9619 0.0387032 -2.67835 1.44397 -0.00826977 -0.0189647 -1.56914
38.9695 0.0387113 -2.67936 1.44398 -0.00826697 -0.0189537 -1.56913
38.9755 0.0387193 -2.68037 1.44399 -0.00826324 -0.0189434 -1.56913
38.9787 0.0387273 -2.68139 1.44399 -0.00825926 -0.0189367 -1.56913
38.9824 0.0387352 -2.6824 1.444 -0.00825537 -0.0189342 -1.56913
38.9931 0.0387592 -2.68545 1.44402 -0.00824342 -0.0189318 -1.56913
38.9975 0.0387672 -2.68646 1.44403 -0.00823989 -0.0189297 -1.56913
39.0064 0.0387751 -2.68748 1.44404 -0.00823628 -0.0189254 -1.56913
39.0064 0.0387831 -2.6885 1.44404 -0.00823315 -0.0189194 -1.56913
39.0109 0.038791 -2.68953 1.44405 -0.00823091 -0.0189122 -1.56913
39.0124 0.038799 -2.69055 1.44406 -0.00822898 -0.0189033 -1.56913
39.0295 0.038807 -2.69157 1.44406 -0.00822866 -0.018851 -1.56913
39.0295 0.0388149 -2.6926 1.44407 -0.0082287 -0.0187995 -1.56913
39.0313 0.0388229 -2.69363 1.44408 -0.00822793 -0.0187904 -1.56913
39.0333 0.0388308 -2.69465 1.44408 -0.00822684 -0.018783 -1.56913
39.0345 0.0388386 -2.69568 1.44409 -0.00822627 -0.01878 -1.56913
39.0476 0.0388465 -2.69671 1.4441 -0.00822595 -0.0187823 -1.56913
39.0512 0.0388543 -2.69774 1.4441 -0.00822605 -0.0187883 -1.56912
39.0515 0.0388622 -2.69877 1.44411 -0.00822638 -0.018796 -1.56912
39.0569 0.03887 -2.6998 1.44411 -0.00822724 -0.0188035 -1.56912
39.0726 0.0388777 -2.70084 1.44412 -0.00822879 -0.0188092 -1.56912
39.0749 0.0388855 -2.70187 1.44413 -0.00822951 -0.0188128 -1.56912
39.0784 0.0388933 -2.7029 1.44413 -0.0082294 -0.0188134 -1.56912
39.0813 0.038901 -2.70394 1.44414 -0.0082309 -0.018791 -1.56912
39.0876 0.0389087 -2.70498 1.44415 -0.00823247 -0.0187643 -1.56912
39.091 0.0389164 -2.70601 1.44415 -0.00823255 -0.0187537 -1.56912
39.0928 0.0389241 -2.70705 1.44416 -0.00823275 -0.0187426 -1.56912
39.1009 0.0389318 -2.70809 1.44417 -0.0082327 -0.0187329 -1.56912
39.1047 0.0389394 -2.70913 1.44417 -0.00823337 -0.0187255 -1.56911
39.1064 0.038947 -2.71016 1.44418 -0.00823395 -0.0187196 -1.56911
39.1105 0.0389546 -2.7112 1.44419 -0.00823382 -0.0187144 -1.56911
39.114 0.0389622 -2.71224 1.44419 -0.00823348 -0.0187093 -1.56911
39.1221 0.0389698 -2.71329 1.4442 -0.0082326 -0.0187048 -1.56911
39.1237 0.0389775 -2.71433 1.4442 -0.00823158 -0.0186994 -1.56911
39.1274 0.0389851 -2.71537 1.44421 -0.00823052 -0.0186925 -1.56911
39.1368 0.0389927 -2.71641 1.44422 -0.00822983 -0.0186844 -1.56911
39.1425 0.0390003 -2.71745 1.44422 -0.00823145 -0.0186613 -1.56911
39.1479 0.0390079 -2.7185 1.44423 -0.00823212 -0.0186362 -1.56911
39.1564 0.0390155 -2.71954 1.44424 -0.00823062 -0.018624 -1.56911
39.1601 0.039023 -2.72059 1.44424 -0.00822945 -0.0186125 -1.56911
39.164 0.0390305 -2.72163 1.44425 -0.00822762 -0.0186017 -1.56911
39.1678 0.0390379 -2.72268 1.44425 -0.00822591 -0.0185914 -1.56911
39.1716 0.0390453 -2.72372 1.44426 -0.00822443 -0.0185826 -1.56911
39.1772 0.0390527 -2.72477 1.44426 -0.00822239 -0.0185749 -1.56911
39.1794 0.03906 -2.72582 1.44427 -0.00822038 -0.0185678 -1.56911
39.1834 0.0390673 -2.72686 1.44427 -0.00821897 -0.0185612 -1.56911
39.1879 0.0390746 -2.72791 1.44428 -0.00821933 -0.0185234 -1.5691
39.1903 0.0390819 -2.72896 1.44429 -0.00822049 -0.0184839 -1.5691
39.195 0.0390891 -2.73 1.44429 -0.00822073 -0.0184734 -1.5691
39.2008 0.0390962 -2.73105 1.4443 -0.00822113 -0.0184631 -1.5691
39.2065 0.0391034 -2.7321 1.4443 -0.00822275 -0.0184542 -1.5691
39.2105 0.0391105 -2.73314 1.44431 -0.00822443 -0.0184454 -1.5691
39.2129 0.0391176 -2.73419 1.44431 -0.00822692 -0.0184376 -1.5691
39.2157 0.0391246 -2.73524 1.44431 -0.0082304 -0.0184299 -1.5691
39.219 0.0391316 -2.73629 1.44432 -0.00823371 -0.0184208 -1.5691
39.2246 0.0391386 -2.73733 1.44432 -0.00823683 -0.0184102 -1.56909
39.2321 0.0391456 -2.73838 1.44433 -0.00823993 -0.0183979 -1.56909
39.2368 0.0391525 -2.73943 1.44433 -0.00824229 -0.0183229 -1.56909
39.2405 0.0391595 -2.74048 1.44434 -0.00824493 -0.0182474 -1.5691
39.2435 0.0391664 -2.74152 1.44434 -0.00824831 -0.0182346 -1.5691
39.2564 0.0391734 -2.74257 1.44435 -0.00825081 -0.0182266 -1.5691
39.2621 0.0391803 -2.74362 1.44435 -0.00825362 -0.0182268 -1.5691
39.2677 0.0391872 -2.74466 1.44436 -0.00825712 -0.0182367 -1.5691
39.27 0.039194 -2.74571 1.44436 -0.0082601 -0.0182561 -1.5691
39.2713 0.0392009 -2.74675 1.44437 -0.00826302 -0.0182801 -1.5691
39.277 0.0392078 -2.7478 1.44437 -0.00826679 -0.0183046 -1.56909
39.2821 0.0392146 -2.74884 1.44438 -0.00827065 -0.0183284 -1.56909
39.2911 0.0392214 -2.74989 1.44438 -0.00827359 -0.0183491 -1.56909
39.2911 0.0392281 -2.75093 1.44439 -0.00827609 -0.0183654 -1.56909
39.2962 0.0392349 -2.75197 1.44439 -0.00827734 -0.0183108 -1.56909
39.304 0.0392758 -2.75194 1.44406 -0.00823771 -0.0182396 -1.56909
39.3071 0.0392822 -2.75298 1.44407 -0.0082391 -0.0182455 -1.56909
39.3124 0.0392887 -2.75402 1.44408 -0.00823987 -0.0182509 -1.56909
39.3142 0.039295 -2.75506 1.44408 -0.00824204 -0.0182614 -1.56909
39.3199 0.0393014 -2.7561 1.44409 -0.00824519 -0.0182792 -1.56909
39.3289 0.0393077 -2.75714 1.4441 -0.00824831 -0.0183042 -1.56909
39.336 0.0393265 -2.76025 1.44412 -0.00825762 -0.0183862 -1.56909
39.3448 0.0393328 -2.76129 1.44412 -0.00826112 -0.018374 -1.56909
39.3485 0.0393389 -2.76232 1.44413 -0.00826495 -0.0183573 -1.56909
39.3519 0.0393451 -2.76336 1.44414 -0.00826801 -0.0183724 -1.56909
39.3557 0.0393512 -2.76439 1.44415 -0.00827034 -0.0183829 -1.56909
39.3655 0.0393573 -2.76543 1.44416 -0.00827301 -0.0183912 -1.56909
39.3669 0.0393634 -2.76646 1.44416 -0.00827453 -0.018399 -1.56909
39.4322 0.0396034 -2.77145 1.44353 -0.00819445 -0.0183642 -1.56908
39.4325 0.0396092 -2.77247 1.44354 -0.008195 -0.0183558 -1.56908
39.4372 0.0396151 -2.77348 1.44355 -0.00819515 -0.0183481 -1.56908
39.4388 0.0396209 -2.7745 1.44356 -0.0081953 -0.0183405 -1.56908
39.442 0.0396268 -2.77551 1.44357 -0.00819601 -0.0183334 -1.56908
39.4523 0.0396284 -2.77653 1.44357 -0.00819673 -0.0183268 -1.56908
39.4524 0.0397365 -2.77645 1.44327 -0.00816022 -0.0183102 -1.56908
39.4575 0.0397423 -2.77746 1.44328 -0.00816257 -0.0183025 -1.56907
39.4595 0.039748 -2.77847 1.44328 -0.0081649 -0.018293 -1.56907
39.4636 0.0397537 -2.77947 1.44329 -0.00816704 -0.0182421 -1.56907
39.4641 0.0397594 -2.78048 1.4433 -0.00816962 -0.0181888 -1.56907
39.4702 0.0397651 -2.78148 1.44331 -0.00817048 -0.0181737 -1.56907
39.4706 0.0397707 -2.78249 1.44331 -0.00817054 -0.0181594 -1.56907
39.4754 0.0397764 -2.78349 1.44332 -0.00817091 -0.0181493 -1.56907
39.482 0.0397821 -2.78449 1.44333 -0.00817153 -0.0181439 -1.56907
39.4852 0.0397878 -2.78548 1.44334 -0.00817259 -0.0181413 -1.56907
39.4913 0.0397934 -2.78648 1.44334 -0.0081734 -0.0181404 -1.56907
39.4976 0.0397991 -2.78748 1.44335 -0.00817398 -0.0180904 -1.56907
39.4982 0.0398047 -2.78847 1.44336 -0.00817477 -0.0180408 -1.56907
39.5084 0.0399402 -2.78847 1.44303 -0.008139 -0.0180263 -1.56907
39.5143 0.0399456 -2.78945 1.44303 -0.0081395 -0.0180266 -1.56907
39.521 0.0399511 -2.79044 1.44304 -0.00813883 -0.0180283 -1.56907
39.5349 0.0399567 -2.79142 1.44305 -0.00813768 -0.0180319 -1.56907
39.5512 0.0401041 -2.79139 1.44275 -0.00810321 -0.0179869 -1.56907
39.5527 0.0401095 -2.79237 1.44276 -0.00810342 -0.0179503 -1.56907
39.5536 0.0401149 -2.79335 1.44276 -0.00810183 -0.0179493 -1.56907
39.558 0.0401312 -2.79626 1.44278 -0.00809407 -0.0179454 -1.56907
39.5693 0.0401367 -2.79723 1.44279 -0.00809234 -0.0179458 -1.56907
39.5732 0.0401421 -2.7982 1.4428 -0.0080918 -0.0179469 -1.56907
39.5762 0.0401476 -2.79916 1.4428 -0.00809152 -0.017947 -1.56907
39.5912 0.040153 -2.80012 1.44281 -0.00809113 -0.0178914 -1.56907
39.5913 0.0401585 -2.80108 1.44282 -0.00809132 -0.0178347 -1.56907
39.5977 0.0401639 -2.80204 1.44282 -0.0080934 -0.0178308 -1.56907
39.6008 0.0401693 -2.80299 1.44283 -0.00809674 -0.0178258 -1.56907
39.6037 0.0401747 -2.80394 1.44284 -0.00810026 -0.017822 -1.56907
39.6098 0.04018 -2.80489 1.44285 -0.00810325 -0.0178201 -1.56907
39.6108 0.0401853 -2.80584 1.44285 -0.00810669 -0.0178195 -1.56906
39.6152 0.0401906 -2.80679 1.44286 -0.0081104 -0.017818 -1.56906
39.6198 0.0401959 -2.80773 1.44287 -0.00811306 -0.0178143 -1.56906
39.6213 0.0402011 -2.80867 1.44287 -0.00811544 -0.0178089 -1.56906
39.6278 0.0402064 -2.80961 1.44288 -0.00811911 -0.017766 -1.56906
39.6338 0.0402116 -2.81054 1.44289 -0.00812237 -0.0177209 -1.56906
39.6381 0.0402169 -2.81147 1.44289 -0.00812403 -0.0177097 -1.56906
39.6421 0.0402221 -2.8124 1.4429 -0.0081261 -0.0176996 -1.56906
39.6456 0.0402274 -2.81333 1.44291 -0.00812886 -0.0177454 -1.56906
39.6497 0.0402326 -2.81425 1.44291 -0.00813171 -0.0177939 -1.56906
39.6545 0.0402378 -2.81518 1.44292 -0.00813398 -0.0177921 -1.56905
39.6611 0.0402431 -2.8161 1.44293 -0.00813595 -0.0177894 -1.56905
39.6643 0.0402483 -2.81701 1.44293 -0.00813861 -0.0177803 -1.56905
39.6689 0.0402534 -2.81793 1.44294 -0.00814173 -0.0177612 -1.56905
39.6807 0.0402586 -2.81884 1.44295 -0.00814498 -0.0177339 -1.56905
39.684 0.0402638 -2.81975 1.44296 -0.00814908 -0.0177024 -1.56905
39.7033 0.040269 -2.82066 1.44296 -0.00815398 -0.0176693 -1.56905
39.7058 0.0402742 -2.82157 1.44297 -0.00815935 -0.017637 -1.56905
39.7084 0.0402794 -2.82247 1.44298 -0.00816595 -0.0176078 -1.56905
39.7147 0.0402846 -2.82337 1.44299 -0.00817339 -0.0175828 -1.56905
39.7291 0.0402899 -2.82427 1.44299 -0.008181 -0.0175613 -1.56905
39.7291 0.0402951 -2.82517 1.443 -0.00819005 -0.0175453 -1.56905
39.7308 0.0403004 -2.82606 1.44301 -0.00819996 -0.017584 -1.56905
39.7418 0.0404905 -2.8259 1.4427 -0.00817721 -0.017616 -1.56905
39.7505 0.0404959 -2.82679 1.44271 -0.00818889 -0.0176137 -1.56904
39.7534 0.0405013 -2.82767 1.44271 -0.00820025 -0.0176125 -1.56904
39.7673 0.0405068 -2.82856 1.44272 -0.00821079 -0.0176076 -1.56904
39.7673 0.0407332 -2.82837 1.44243 -0.00819074 -0.0175898 -1.56904
39.7756 0.0407387 -2.82924 1.44244 -0.0082018 -0.017576 -1.56904
39.7794 0.0407443 -2.83012 1.44244 -0.00821253 -0.0175595 -1.56904
39.7816 0.0407499 -2.83099 1.44245 -0.00822245 -0.0175419 -1.56904
39.7856 0.0407555 -2.83186 1.44245 -0.00823147 -0.0175637 -1.56904
39.7962 0.0407611 -2.83273 1.44245 -0.00824157 -0.0175886 -1.56904
39.8045 0.0407667 -2.8336 1.44246 -0.00825229 -0.0175785 -1.56904
39.8064 0.0407724 -2.83446 1.44246 -0.00826135 -0.0175704 -1.56904
39.8083 0.0407781 -2.83533 1.44246 -0.00827056 -0.0175626 -1.56904
39.8161 0.0407951 -2.83791 1.44247 -0.00829741 -0.0175336 -1.56904
39.8193 0.0408008 -2.83877 1.44248 -0.00830555 -0.0175236 -1.56904
39.8273 0.0408065 -2.83962 1.44248 -0.00831345 -0.0175171 -1.56904
39.8383 0.0408122 -2.84048 1.44248 -0.00832003 -0.0175139 -1.56903
39.8402 0.040818 -2.84133 1.44248 -0.00832567 -0.0175143 -1.56903
39.8442 0.0408237 -2.84218 1.44248 -0.00833048 -0.0175181 -1.56903
39.8457 0.0408296 -2.84303 1.44248 -0.00833538 -0.0175255 -1.56903
39.8548 0.0408355 -2.84388 1.44248 -0.00834077 -0.0175364 -1.56903
39.8569 0.0408414 -2.84472 1.44249 -0.00834584 -0.0175497 -1.56903
39.8612 0.0408474 -2.84557 1.44249 -0.00835059 -0.0175641 -1.56903
39.8625 0.0408534 -2.84641 1.44249 -0.00835613 -0.0176225 -1.56903
39.8702 0.0408594 -2.84725 1.44249 -0.00836103 -0.0176821 -1.56903
39.8712 0.0408654 -2.84809 1.44249 -0.00836432 -0.0176984 -1.56902
39.8779 0.0408714 -2.84893 1.44249 -0.00836796 -0.0177124 -1.56902
39.8831 0.0408776 -2.84977 1.44249 -0.0083711 -0.0176808 -1.56902
39.8874 0.0408838 -2.8506 1.44248 -0.0083722 -0.0176422 -1.56902
39.8882 0.04089 -2.85144 1.44248 -0.00837123 -0.0176807 -1.56902
39.893 0.0408962 -2.85227 1.44248 -0.0083691 -0.0177206 -1.56902
39.8987 0.0409025 -2.8531 1.44248 -0.00836656 -0.0177243 -1.56902
39.9062 0.0409088 -2.85393 1.44248 -0.00836345 -0.0177339 -1.56902
39.9139 0.0411819 -2.85366 1.44215 -0.0083286 -0.0177377 -1.56902
39.9166 0.0411885 -2.85449 1.44215 -0.0083244 -0.0177552 -1.56902
39.9249 0.0411952 -2.85531 1.44215 -0.00832014 -0.0177752 -1.56902
39.9287 0.0412019 -2.85613 1.44215 -0.0083169 -0.0177976 -1.56902
39.9313 0.0412087 -2.85695 1.44215 -0.0083134 -0.0178218 -1.56902
39.9339 0.0412155 -2.85777 1.44214 -0.00830944 -0.0178475 -1.56902
39.9385 0.0412224 -2.85859 1.44214 -0.00830589 -0.0178739 -1.56902
39.9506 0.0412293 -2.85941 1.44214 -0.00830314 -0.0178998 -1.56902
39.9524 0.0412363 -2.86022 1.44214 -0.00830079 -0.0179245 -1.56901
39.9603 0.0412433 -2.86103 1.44214 -0.00829881 -0.0179881 -1.56901
39.962 0.0412504 -2.86184 1.44213 -0.00829876 -0.0180497 -1.56901
39.9676 0.0412575 -2.86265 1.44213 -0.00830025 -0.0180687 -1.56901
39.9739 0.0412646 -2.86346 1.44213 -0.00830175 -0.0180835 -1.56901
39.9768 0.0412718 -2.86427 1.44212 -0.00830196 -0.0180925 -1.56901
39.9798 0.041279 -2.86508 1.44212 -0.00830141 -0.0180958 -1.569
39.9833 0.0412862 -2.86589 1.44212 -0.00830131 -0.0180941 -1.569
39.9877 0.0412935 -2.86669 1.44212 -0.00830025 -0.0180892 -1.569
39.9956 0.0413007 -2.8675 1.44211 -0.00829883 -0.0180839 -1.569
39.9996 0.041308 -2.8683 1.44211 -0.00829624 -0.0181167 -1.569
40.0032 0.0413153 -2.8691 1.4421 -0.00829253 -0.0181514 -1.569
40.0112 0.0415546 -2.86882 1.44177 -0.0082577 -0.0181399 -1.569
40.0138 0.0415622 -2.86962 1.44177 -0.00825416 -0.0181418 -1.569
40.0205 0.0415698 -2.87042 1.44176 -0.00825051 -0.0181427 -1.569
40.035 0.0415775 -2.87122 1.44176 -0.00824666 -0.0181417 -1.569
40.0351 0.0415852 -2.87201 1.44176 -0.00824281 -0.0181406 -1.569
40.0415 0.0415929 -2.87281 1.44175 -0.00823891 -0.0181401 -1.569
40.047 0.0416006 -2.8736 1.44175 -0.0082348 -0.0181892 -1.569
40.0492 0.0416083 -2.8744 1.44174 -0.00823032 -0.0182399 -1.569
40.0621 0.0416161 -2.87519 1.44174 -0.0082255 -0.0181964 -1.569
40.0654 0.0416239 -2.87598 1.44173 -0.00822088 -0.0181521 -1.569
40.0729 0.0416317 -2.87678 1.44173 -0.00821671 -0.0181504 -1.569
40.0773 0.0416395 -2.87757 1.44172 -0.00821245 -0.0181423 -1.569
40.0778 0.0416474 -2.87836 1.44172 -0.00820866 -0.0181303 -1.56899
40.0916 0.0416553 -2.87915 1.44171 -0.00820462 -0.0181527 -1.56899
40.0916 0.0416632 -2.87994 1.44171 -0.00820105 -0.0181808 -1.56899
40.0943 0.0416711 -2.88072 1.44171 -0.0081997 -0.018182 -1.56899
40.1014 0.041679 -2.88151 1.4417 -0.00819811 -0.0182237 -1.56899
40.105 0.0416869 -2.8823 1.4417 -0.00819636 -0.018266 -1.56899
40.1103 0.0416948 -2.88308 1.44169 -0.00819573 -0.0182696 -1.56899
40.1144 0.0417028 -2.88387 1.44169 -0.0081947 -0.018271 -1.56899
40.1227 0.0417108 -2.88466 1.44168 -0.00819305 -0.0182691 -1.56899
40.126 0.0417188 -2.88545 1.44168 -0.00819159 -0.018264 -1.56899
40.1275 0.0417268 -2.88623 1.44167 -0.00818893 -0.0182583 -1.56899
40.13 0.041735 -2.88702 1.44167 -0.00818488 -0.0182532 -1.56899
40.1407 0.0417431 -2.8878 1.44167 -0.00818072 -0.0182497 -1.56899
40.1438 0.0417513 -2.88859 1.44166 -0.00817736 -0.0182496 -1.56899
40.151 0.0417595 -2.88938 1.44166 -0.00817431 -0.0182533 -1.56899
40.1518 0.0417677 -2.89016 1.44165 -0.00817049 -0.0182608 -1.56899
40.1572 0.0417759 -2.89095 1.44165 -0.00816702 -0.0182724 -1.56899
40.1614 0.0417842 -2.89173 1.44164 -0.00816299 -0.0182871 -1.56899
40.1632 0.0417926 -2.89252 1.44164 -0.00815879 -0.0183432 -1.56898
40.1695 0.041801 -2.8933 1.44163 -0.00815583 -0.0184011 -1.56898
40.1705 0.0418094 -2.89409 1.44163 -0.00815346 -0.01842 -1.56898
40.1748 0.0418178 -2.89487 1.44162 -0.00815109 -0.018383 -1.56898
40.1828 0.0418262 -2.89566 1.44162 -0.00814917 -0.0183424 -1.56898
40.1866 0.0418346 -2.89645 1.44161 -0.00814844 -0.0183527 -1.56898
40.1892 0.041843 -2.89723 1.44161 -0.00814754 -0.0184103 -1.56898
40.1938 0.0418515 -2.89801 1.4416 -0.00814571 -0.018471 -1.56898
40.2103 0.04186 -2.8988 1.4416 -0.00814399 -0.018489 -1.56897
40.2113 0.0418685 -2.89958 1.44159 -0.00814337 -0.0185081 -1.56897
40.2165 0.041877 -2.90037 1.44159 -0.00814304 -0.0185232 -1.56897
40.2232 0.0418856 -2.90115 1.44158 -0.00814236 -0.0185338 -1.56897
40.225 0.0418942 -2.90194 1.44158 -0.00814189 -0.0185401 -1.56897
40.2354 0.0419028 -2.90272 1.44158 -0.00814055 -0.0185775 -1.56897
40.244 0.0419114 -2.90351 1.44157 -0.00813906 -0.0186135 -1.56897
40.246 0.0419201 -2.90429 1.44157 -0.00813839 -0.018614 -1.56897
40.2488 0.0419289 -2.90508 1.44157 -0.00813783 -0.0186148 -1.56897
40.2627 0.0419555 -2.90744 1.44156 -0.00813268 -0.0186192 -1.56897
40.2693 0.0419644 -2.90823 1.44155 -0.00813044 -0.018621 -1.56897
40.2734 0.0419733 -2.90902 1.44155 -0.00812875 -0.0186246 -1.56897
40.286 0.0419823 -2.90981 1.44154 -0.00812572 -0.0186314 -1.56897
40.2886 0.0419913 -2.9106 1.44154 -0.00812216 -0.0186401 -1.56897
40.2982 0.0420004 -2.91139 1.44154 -0.00811854 -0.0186502 -1.56896
40.3065 0.0420094 -2.91218 1.44153 -0.00811446 -0.0186624 -1.56896
40.3065 0.0420185 -2.91297 1.44153 -0.0081095 -0.0187052 -1.56896
40.3066 0.0420276 -2.91376 1.44153 -0.00810515 -0.0187501 -1.56896
40.3077 0.0420367 -2.91455 1.44152 -0.0081023 -0.0188105 -1.56896
40.319 0.0420457 -2.91534 1.44152 -0.00809966 -0.0188672 -1.56896
40.32 0.0420548 -2.91613 1.44152 -0.00809783 -0.0188748 -1.56896
40.3279 0.0420638 -2.91692 1.44151 -0.00809429 -0.0188157 -1.56896
40.3284 0.0420729 -2.91772 1.44151 -0.00808974 -0.0187487 -1.56896
40.3325 0.042082 -2.91852 1.44151 -0.00808537 -0.018789 -1.56896
40.3382 0.0420911 -2.91931 1.4415 -0.00807843 -0.018829 -1.56896
40.343 0.0421001 -2.92011 1.4415 -0.00806922 -0.0188206 -1.56896
40.3464 0.0421092 -2.92091 1.4415 -0.00805939 -0.0188175 -1.56896
40.3497 0.0421183 -2.92171 1.4415 -0.00804955 -0.018817 -1.56896
40.3573 0.0421274 -2.9225 1.44149 -0.00803898 -0.0188378 -1.56896
40.3695 0.0421365 -2.92331 1.44149 -0.00802923 -0.0188615 -1.56896
40.3696 0.0421456 -2.92411 1.44149 -0.0080202 -0.0188672 -1.56896
40.3696 0.0421548 -2.92491 1.44149 -0.00801046 -0.0188737 -1.56896
40.3743 0.042164 -2.92572 1.44149 -0.00800156 -0.0188328 -1.56896
40.3789 0.0421732 -2.92652 1.44149 -0.00799408 -0.018793 -1.56896
40.3834 0.0421825 -2.92733 1.44149 -0.00798734 -0.0188018 -1.56896
40.3854 0.0421918 -2.92814 1.44149 -0.00797956 -0.0188109 -1.56895
40.3896 0.0422011 -2.92895 1.44148 -0.00797293 -0.0188824 -1.56895
40.3945 0.0422104 -2.92976 1.44148 -0.00796771 -0.0189574 -1.56895
40.3981 0.0422196 -2.93057 1.44148 -0.007962 -0.0189743 -1.56895
40.4034 0.0422288 -2.93138 1.44148 -0.00795634 -0.0189896 -1.56895
40.4072 0.0422381 -2.9322 1.44148 -0.00795022 -0.0189994 -1.56895
40.4108 0.0422473 -2.93301 1.44148 -0.00794449 -0.0190019 -1.56895
40.4154 0.0422566 -2.93383 1.44148 -0.00793989 -0.0189989 -1.56895
40.424 0.0422659 -2.93465 1.44148 -0.00793639 -0.0189929 -1.56894
40.4255 0.0422752 -2.93547 1.44148 -0.0079338 -0.0189862 -1.56894
40.4307 0.0422844 -2.93629 1.44148 -0.00793207 -0.0189813 -1.56894
40.4332 0.0422936 -2.93711 1.44148 -0.00793128 -0.0189782 -1.56894
40.4383 0.0423029 -2.93793 1.44148 -0.00793064 -0.0189773 -1.56894
40.4518 0.0423121 -2.93875 1.44148 -0.00793077 -0.0190418 -1.56894
40.4518 0.0423212 -2.93958 1.44148 -0.00793143 -0.0191063 -1.56894
40.4536 0.0423304 -2.9404 1.44148 -0.00793137 -0.019107 -1.56894
40.4603 0.0423395 -2.94123 1.44148 -0.00793082 -0.0191564 -1.56894
40.4673 0.0423486 -2.94206 1.44148 -0.00792928 -0.019202 -1.56894
40.472 0.0423578 -2.94289 1.44148 -0.00792689 -0.0191915 -1.56894
40.4771 0.0423669 -2.94373 1.44148 -0.00792499 -0.0191733 -1.56894
40.4797 0.042376 -2.94456 1.44148 -0.00792314 -0.0191489 -1.56894
40.4838 0.0423851 -2.9454 1.44148 -0.00792102 -0.0191199 -1.56894
40.4905 0.0423941 -2.94624 1.44148 -0.00791869 -0.0190874 -1.56894
40.4961 0.0424031 -2.94708 1.44148 -0.00791645 -0.0190549 -1.56894
40.5003 0.0424121 -2.94792 1.44148 -0.00791488 -0.0190266 -1.56893
40.5014 0.042421 -2.94877 1.44148 -0.00791233 -0.019005 -1.56893
40.5035 0.0424298 -2.94962 1.44148 -0.00790852 -0.0189902 -1.56893
40.5092 0.0424386 -2.95046 1.44148 -0.0079051 -0.0189826 -1.56893
40.527 0.0426443 -2.95002 1.4411 -0.00786954 -0.0189673 -1.56893
40.5281 0.0426531 -2.95086 1.4411 -0.00786634 -0.019029 -1.56893
40.5286 0.042662 -2.95172 1.4411 -0.00786372 -0.0190953 -1.56893
40.532 0.0426709 -2.95257 1.4411 -0.00786176 -0.0191063 -1.56893
40.5421 0.0426797 -2.95342 1.4411 -0.00785922 -0.0191153 -1.56893
40.5543 0.0426886 -2.95428 1.44111 -0.00785828 -0.0190999 -1.56893
40.5576 0.0426974 -2.95514 1.44111 -0.0078581 -0.0190737 -1.56893
40.5619 0.0427062 -2.95601 1.44111 -0.00785449 -0.0190756 -1.56893
40.5655 0.042715 -2.95687 1.44111 -0.00785063 -0.0190781 -1.56893
40.5666 0.0427238 -2.95774 1.44111 -0.00784836 -0.0190672 -1.56893
40.5706 0.0427326 -2.9586 1.44111 -0.00784647 -0.0190606 -1.56893
40.5772 0.0427413 -2.95947 1.44112 -0.00784499 -0.0190576 -1.56893
40.5831 0.04275 -2.96035 1.44112 -0.00784268 -0.019058 -1.56893
40.5922 0.0427586 -2.96122 1.44112 -0.00783952 -0.0190624 -1.56892
40.5997 0.0427672 -2.9621 1.44113 -0.00783709 -0.0190704 -1.56892
40.602 0.0427758 -2.96298 1.44113 -0.00783518 -0.0190817 -1.56892
40.6043 0.0427843 -2.96386 1.44113 -0.00783339 -0.0190953 -1.56892
40.6093 0.0427928 -2.96474 1.44113 -0.00783156 -0.0191102 -1.56892
40.6157 0.0428013 -2.96563 1.44114 -0.00782846 -0.0191254 -1.56892
40.6187 0.0428098 -2.96651 1.44114 -0.00782564 -0.0191397 -1.56892
40.6218 0.0428182 -2.96741 1.44114 -0.00782543 -0.0191398 -1.56892
40.6257 0.0428266 -2.9683 1.44114 -0.00782542 -0.0191351 -1.56892
40.6294 0.042835 -2.96919 1.44115 -0.00782405 -0.0191377 -1.56891
40.6379 0.0428434 -2.97009 1.44115 -0.00782235 -0.0191386 -1.56891
40.6399 0.0428517 -2.97099 1.44115 -0.00782121 -0.0191389 -1.56891
40.6484 0.04286 -2.97188 1.44116 -0.00782125 -0.019139 -1.56891
40.6523 0.0428682 -2.97279 1.44116 -0.00782043 -0.0191391 -1.56891
40.6571 0.0428764 -2.97369 1.44116 -0.00781909 -0.0191389 -1.56891
40.6589 0.0428846 -2.97459 1.44116 -0.00781843 -0.0191395 -1.56891
40.669 0.0428928 -2.9755 1.44117 -0.00781756 -0.0191402 -1.56891
40.6747 0.0429009 -2.97641 1.44117 -0.00781616 -0.0191398 -1.56891
40.6751 0.0429089 -2.97732 1.44117 -0.00781614 -0.01911 -1.56891
40.6775 0.042917 -2.97823 1.44117 -0.00781645 -0.019077 -1.56891
40.6791 0.042925 -2.97915 1.44118 -0.00781521 -0.0190675 -1.56891
40.6859 0.0429331 -2.98006 1.44118 -0.00781432 -0.0190575 -1.56891
40.6953 0.042941 -2.98098 1.44118 -0.00781307 -0.0190504 -1.56891
40.7003 0.042949 -2.9819 1.44118 -0.00781183 -0.0190467 -1.5689
40.7041 0.042957 -2.98282 1.44119 -0.00781168 -0.0190453 -1.5689
40.7187 0.042965 -2.98374 1.44119 -0.00781195 -0.019045 -1.5689
40.7187 0.0429729 -2.98466 1.44119 -0.00781296 -0.0190454 -1.5689
40.7218 0.0429809 -2.98558 1.44119 -0.0078133 -0.0190463 -1.5689
40.7312 0.0429882 -2.98651 1.44119 -0.00781225 -0.0190478 -1.5689
40.7487 0.0431925 -2.98607 1.44072 -0.00777571 -0.0190249 -1.5689
40.7529 0.0432005 -2.987 1.44072 -0.00777577 -0.0190257 -1.5689
40.7599 0.0432084 -2.98793 1.44072 -0.0077762 -0.0190257 -1.5689
40.7619 0.0432162 -2.98885 1.44072 -0.00777621 -0.0190238 -1.5689
40.7659 0.0432236 -2.98978 1.44072 -0.00777594 -0.0190204 -1.5689
40.7698 0.0435698 -2.98943 1.44049 -0.0077567 -0.0190048 -1.5689
40.7764 0.0435779 -2.99036 1.44049 -0.00775813 -0.0189862 -1.5689
40.8148 0.0436502 -2.99254 1.44046 -0.00774915 -0.0189626 -1.56889
40.8177 0.0436581 -2.99347 1.44046 -0.00774658 -0.0189554 -1.56889
40.8195 0.0436661 -2.99441 1.44046 -0.00774502 -0.0189504 -1.56889
40.8212 0.0436739 -2.99534 1.44046 -0.00774343 -0.0189477 -1.56889
40.8232 0.0436817 -2.99628 1.44046 -0.00774128 -0.0189452 -1.56888
40.8248 0.0436895 -2.99721 1.44046 -0.0077399 -0.0189422 -1.56888
40.8334 0.0436969 -2.99815 1.44046 -0.0077386 -0.0189392 -1.56888
40.8357 0.0437304 -2.99855 1.44042 -0.00773131 -0.0189374 -1.56888
40.8359 0.043738 -2.99949 1.44042 -0.00773043 -0.0189338 -1.56888
40.844 0.0437455 -3.00043 1.44042 -0.00772882 -0.0189287 -1.56888
40.8463 0.043753 -3.00137 1.44042 -0.00772604 -0.0189229 -1.56888
40.8488 0.0437605 -3.00231 1.44042 -0.00772275 -0.0189172 -1.56888
40.8606 0.0437679 -3.00326 1.44042 -0.00772027 -0.0188864 -1.56888
40.8719 0.0437753 -3.0042 1.44042 -0.0077164 -0.0188543 -1.56888
40.8765 0.0437826 -3.00515 1.44042 -0.0077103 -0.018846 -1.56887
40.8803 0.04379 -3.0061 1.44042 -0.00770498 -0.0188378 -1.56887
40.8941 0.0437973 -3.00704 1.44042 -0.00769954 -0.0188306 -1.56887
40.8944 0.0438046 -3.00799 1.44042 -0.00769359 -0.0188256 -1.56887
40.8982 0.0438119 -3.00894 1.44042 -0.00768818 -0.0188225 -1.56887
40.9168 0.0438363 -3.00926 1.44037 -0.00767698 -0.018823 -1.56887
40.9194 0.0438435 -3.01021 1.44037 -0.00767328 -0.0188212 -1.56887
40.9216 0.0438506 -3.01117 1.44037 -0.00767098 -0.0188181 -1.56887
40.9282 0.0438577 -3.01212 1.44037 -0.0076685 -0.0188143 -1.56887
40.9307 0.0438648 -3.01307 1.44037 -0.00766583 -0.0188098 -1.56887
40.9331 0.0438719 -3.01402 1.44037 -0.00766412 -0.0188037 -1.56886
40.9461 0.0445592 -3.01417 1.44054 -0.00767082 -0.0188267 -1.56889
40.9476 0.0445674 -3.01512 1.44054 -0.00766912 -0.0188187 -1.56889
40.9535 0.0445755 -3.01608 1.44054 -0.00766675 -0.0187678 -1.56889
40.958 0.0445836 -3.01704 1.44054 -0.00766472 -0.0187176 -1.56889
40.9597 0.0445916 -3.01799 1.44054 -0.00766333 -0.0187109 -1.56889
40.9684 0.0445996 -3.01895 1.44055 -0.00766174 -0.0187075 -1.56889
40.9742 0.0446076 -3.01991 1.44055 -0.00765953 -0.0187093 -1.56889
40.9794 0.0446154 -3.02087 1.44055 -0.00765753 -0.018716 -1.56888
40.982 0.0446233 -3.02182 1.44055 -0.00765659 -0.0187278 -1.56888
40.9841 0.0446311 -3.02278 1.44055 -0.00765567 -0.0187417 -1.56888
40.9877 0.0446388 -3.02374 1.44055 -0.00765476 -0.018755 -1.56888
40.9934 0.0446465 -3.0247 1.44055 -0.00765452 -0.0187675 -1.56888
40.9997 0.0446541 -3.02566 1.44055 -0.00765502 -0.0187782 -1.56888
41.0055 0.0446617 -3.02663 1.44056 -0.00765785 -0.0187739 -1.56888
41.0058 0.0446693 -3.02759 1.44056 -0.00766074 -0.0187634 -1.56888
41.0108 0.0446769 -3.02855 1.44056 -0.00766259 -0.0187577 -1.56888
41.0183 0.0446844 -3.02951 1.44056 -0.00766557 -0.0187476 -1.56888
41.0206 0.0446919 -3.03048 1.44057 -0.00766931 -0.0187347 -1.56888
41.0251 0.0446993 -3.03144 1.44057 -0.00767374 -0.0187208 -1.56888
41.0271 0.0447066 -3.0324 1.44057 -0.00767827 -0.0187074 -1.56888
41.0331 0.044714 -3.03337 1.44057 -0.00768345 -0.0186948 -1.56887
41.0401 0.0447213 -3.03433 1.44058 -0.00768885 -0.0186824 -1.56887
41.0431 0.0447115 -3.03527 1.44051 -0.00769334 -0.0186629 -1.56887
41.0515 0.0449161 -3.03561 1.4405 -0.00772161 -0.0178542 -1.56888
41.0569 0.0449239 -3.0366 1.4405 -0.00775036 -0.0169865 -1.56889
41.0649 0.0449315 -3.03757 1.44051 -0.00776036 -0.016828 -1.56889
41.0696 0.044939 -3.03853 1.44051 -0.00776934 -0.0166803 -1.56889
41.0778 0.0449464 -3.03947 1.44052 -0.00776402 -0.0166884 -1.56889
41.0857 0.0449537 -3.0404 1.44052 -0.007757 -0.0167961 -1.56889
41.0944 0.044961 -3.04132 1.44053 -0.00775543 -0.0169729 -1.56889
41.0964 0.0449683 -3.04224 1.44054 -0.00775355 -0.0171952 -1.56888
41.0992 0.0449755 -3.04315 1.44055 -0.00775357 -0.0174497 -1.56888
41.1072 0.0449827 -3.04405 1.44056 -0.00775498 -0.0176823 -1.56888
41.1103 0.0449899 -3.04495 1.44058 -0.00775765 -0.0178124 -1.56888
41.1214 0.0449971 -3.04584 1.44059 -0.00776213 -0.0178958 -1.56888
41.1304 0.0450042 -3.04673 1.44062 -0.00776696 -0.017928 -1.56888
41.1324 0.0450113 -3.04761 1.44064 -0.00777274 -0.0179114 -1.56888
41.1353 0.0450183 -3.04849 1.44067 -0.00777831 -0.0178833 -1.56888
41.136 0.0450253 -3.04936 1.44069 -0.00778324 -0.0178299 -1.56888
41.1467 0.0450322 -3.05022 1.44072 -0.00778976 -0.0177342 -1.56888
41.15 0.0450392 -3.05108 1.44075 -0.00779706 -0.0176319 -1.56888
41.1581 0.0450461 -3.05193 1.44078 -0.00780349 -0.017531 -1.56888
41.1602 0.045053 -3.05277 1.44082 -0.00780912 -0.0174374 -1.56888
41.1637 0.0450599 -3.05361 1.44085 -0.0078147 -0.0173563 -1.56888
41.1658 0.0450667 -3.05445 1.44088 -0.00781995 -0.0172911 -1.56888
41.167 0.0450735 -3.05528 1.44092 -0.00782593 -0.0172422 -1.56888
41.1723 0.0450802 -3.0561 1.44095 -0.00783146 -0.0172093 -1.56888
41.1779 0.045087 -3.05691 1.44099 -0.00783621 -0.0172603 -1.56888
41.1826 0.0450936 -3.05772 1.44103 -0.00783952 -0.0173199 -1.56888
41.1852 0.0451003 -3.05853 1.44106 -0.00783935 -0.0173137 -1.56888
41.1969 0.0451069 -3.05933 1.4411 -0.007839 -0.0173073 -1.56888
41.1986 0.0451134 -3.06012 1.44113 -0.00784016 -0.0172945 -1.56888
41.2023 0.04512 -3.06091 1.44117 -0.00784141 -0.0172729 -1.56888
41.2064 0.0451266 -3.0617 1.44121 -0.00784236 -0.0172435 -1.56888
41.2236 0.0451461 -3.06402 1.44132 -0.00784538 -0.017146 -1.56888
41.2261 0.0451524 -3.06478 1.44136 -0.00784706 -0.0171152 -1.56888
41.2364 0.0451587 -3.06553 1.44139 -0.00784806 -0.0170876 -1.56888
41.2387 0.045165 -3.06629 1.44143 -0.00784938 -0.0170645 -1.56888
41.2403 0.0451713 -3.06703 1.44146 -0.00785088 -0.0170465 -1.56888
41.2432 0.0451776 -3.06777 1.4415 -0.00785104 -0.0170334 -1.56888
41.2493 0.0451838 -3.06851 1.44154 -0.00785174 -0.0170249 -1.56888
41.2568 0.04519 -3.06924 1.44157 -0.00785208 -0.0170197 -1.56888
41.259 0.0451962 -3.06996 1.4416 -0.00785137 -0.0170173 -1.56887
41.2693 0.0452024 -3.07068 1.44164 -0.00785052 -0.0170165 -1.56887
41.2711 0.0452085 -3.0714 1.44167 -0.00784938 -0.0170169 -1.56887
41.2722 0.0452146 -3.07211 1.4417 -0.00784756 -0.0170187 -1.56887
41.2871 0.0452328 -3.0742 1.4418 -0.00783947 -0.0170263 -1.56887
41.2898 0.0452388 -3.07489 1.44183 -0.00783679 -0.0170286 -1.56887
41.2921 0.0452448 -3.07557 1.44186 -0.00783417 -0.01703 -1.56887
41.2974 0.0452507 -3.07625 1.44189 -0.00783109 -0.0170316 -1.56887
41.3024 0.0452566 -3.07692 1.44192 -0.00782852 -0.0170329 -1.56887
41.3262 0.0452806 -3.07957 1.44204 -0.00781519 -0.017045 -1.56887
41.331 0.0452866 -3.08022 1.44207 -0.00780932 -0.0170502 -1.56887
41.3731 0.0452611 -3.08228 1.44173 -0.00776208 -0.0169882 -1.56886
41.3767 0.0452667 -3.0829 1.44175 -0.00775593 -0.01697 -1.56886
41.3806 0.0452723 -3.08353 1.44178 -0.00775097 -0.0169512 -1.56886
41.3901 0.0452779 -3.08414 1.44181 -0.00774673 -0.0169349 -1.56886
41.4058 0.0463273 -3.08586 1.44182 -0.00773403 -0.0169111 -1.56892
41.4093 0.0463348 -3.08645 1.44184 -0.00773204 -0.0169143 -1.56892
41.4147 0.0463424 -3.08704 1.44186 -0.00773086 -0.0169223 -1.56892
41.4169 0.0463499 -3.08762 1.44189 -0.00772974 -0.0169331 -1.56892
41.4199 0.0463574 -3.0882 1.44191 -0.00772867 -0.0169459 -1.56892
41.4255 0.0463649 -3.08877 1.44194 -0.00772838 -0.0169603 -1.56892
41.428 0.0463724 -3.08934 1.44196 -0.00772942 -0.0169751 -1.56891
41.4301 0.0463799 -3.0899 1.44198 -0.00773152 -0.0169902 -1.56891
41.4349 0.0463874 -3.09046 1.44201 -0.00773522 -0.017004 -1.56891
41.4447 0.0463948 -3.09101 1.44203 -0.00774009 -0.0170168 -1.56891
41.4485 0.0464022 -3.09156 1.44205 -0.00774568 -0.0170294 -1.56891
41.4549 0.0464096 -3.0921 1.44207 -0.00775265 -0.0170414 -1.56891
41.4587 0.0464169 -3.09264 1.44209 -0.0077603 -0.0170538 -1.56891
41.4659 0.0464243 -3.09318 1.44212 -0.00776751 -0.0170669 -1.56891
41.47 0.0464316 -3.09371 1.44214 -0.00777436 -0.0170801 -1.56891
41.4746 0.0464389 -3.09423 1.44216 -0.00778038 -0.0170942 -1.56891
41.4785 0.0464461 -3.09475 1.44218 -0.00778575 -0.0171096 -1.5689
41.4907 0.0464533 -3.09526 1.4422 -0.00779043 -0.0171249 -1.5689
41.4952 0.0464477 -3.09577 1.44221 -0.00779488 -0.0171401 -1.5689
41.4957 0.0464547 -3.09628 1.44223 -0.00779948 -0.0171568 -1.5689
41.504 0.0466255 -3.09611 1.44191 -0.00778807 -0.0171768 -1.56891
41.5067 0.0466328 -3.09661 1.44193 -0.00779086 -0.0172208 -1.56891
41.5147 0.0466402 -3.0971 1.44195 -0.0077947 -0.0172384 -1.56891
41.5204 0.0466475 -3.09758 1.44197 -0.00779819 -0.0172537 -1.56891
41.5246 0.0466548 -3.09806 1.44198 -0.00780114 -0.0172666 -1.56891
41.538 0.046662 -3.09854 1.442 -0.00780494 -0.0172759 -1.56891
41.5465 0.0466692 -3.09901 1.44202 -0.00780905 -0.0172834 -1.56891
41.5481 0.0466764 -3.09948 1.44204 -0.00781278 -0.0172909 -1.56891
41.5486 0.0466836 -3.09994 1.44205 -0.00781596 -0.0172978 -1.56891
41.5526 0.0466907 -3.1004 1.44207 -0.00781984 -0.0173063 -1.56891
41.5611 0.0466979 -3.10085 1.44209 -0.00782485 -0.0173168 -1.56891
41.5615 0.046705 -3.1013 1.4421 -0.00783018 -0.017328 -1.56891
41.5654 0.0467121 -3.10174 1.44212 -0.00783486 -0.0173398 -1.56891
41.5703 0.0467192 -3.10218 1.44214 -0.00783931 -0.0173519 -1.56891
41.578 0.0467262 -3.10262 1.44215 -0.00784367 -0.0173629 -1.56891
41.5903 0.0467333 -3.10305 1.44217 -0.0078475 -0.0173732 -1.5689
41.5927 0.0467403 -3.10347 1.44219 -0.00785098 -0.0173834 -1.5689
41.5963 0.0467473 -3.10389 1.4422 -0.00785361 -0.0173924 -1.5689
41.6036 0.0467543 -3.10431 1.44222 -0.00785568 -0.0174004 -1.5689
41.6148 0.0467613 -3.10472 1.44223 -0.00785811 -0.017409 -1.5689
41.621 0.0467683 -3.10513 1.44225 -0.00785989 -0.0174168 -1.5689
41.621 0.0467754 -3.10553 1.44226 -0.0078605 -0.0174244 -1.5689
41.621 0.0467824 -3.10593 1.44228 -0.00786108 -0.0174323 -1.5689
41.6247 0.0467894 -3.10633 1.44229 -0.00786166 -0.0174395 -1.5689
41.6414 0.0467964 -3.10672 1.44231 -0.00786068 -0.01747 -1.5689
41.6447 0.0468034 -3.1071 1.44232 -0.0078594 -0.0175034 -1.5689
41.6488 0.0468105 -3.10748 1.44233 -0.00785899 -0.0175149 -1.56889
41.6512 0.0468176 -3.10786 1.44235 -0.00785814 -0.0175252 -1.56889
41.6573 0.0467986 -3.10824 1.44236 -0.0078573 -0.0175332 -1.56889
41.6595 0.0468056 -3.10861 1.44238 -0.00785782 -0.017538 -1.56889
41.6693 0.0469552 -3.10827 1.44203 -0.00784242 -0.0175183 -1.56891
41.6703 0.0469626 -3.10863 1.44204 -0.00784341 -0.0175214 -1.56891
41.6763 0.04697 -3.10898 1.44206 -0.00784559 -0.017525 -1.56891
41.6786 0.0469775 -3.10933 1.44207 -0.00784783 -0.0175298 -1.56891
41.6855 0.0469849 -3.10968 1.44208 -0.00785044 -0.0175348 -1.56891
41.6883 0.0469924 -3.11002 1.44209 -0.0078537 -0.0175407 -1.56891
41.6979 0.0469998 -3.11036 1.44211 -0.00785784 -0.0175488 -1.56891
41.7011 0.0470073 -3.11069 1.44212 -0.00786186 -0.0175582 -1.56891
41.7054 0.0470148 -3.11102 1.44213 -0.00786541 -0.0175676 -1.56891
41.7091 0.0470223 -3.11135 1.44214 -0.00786901 -0.0175766 -1.56891
41.7192 0.0470297 -3.11167 1.44215 -0.00787089 -0.0175854 -1.56891
41.7287 0.0470372 -3.11199 1.44217 -0.00787115 -0.017594 -1.56891
41.7288 0.0470447 -3.1123 1.44218 -0.0078713 -0.0176027 -1.5689
41.7427 0.0470667 -3.11321 1.44221 -0.00786595 -0.0176248 -1.5689
41.7477 0.0470739 -3.11351 1.44223 -0.00786172 -0.0176298 -1.5689
41.7524 0.0470812 -3.1138 1.44224 -0.00785689 -0.0176345 -1.5689
41.7641 0.047185 -3.11324 1.44186 -0.00783388 -0.0176162 -1.56891
41.7693 0.0471924 -3.11352 1.44188 -0.0078294 -0.0176656 -1.56891
41.7766 0.0471999 -3.1138 1.44189 -0.00782563 -0.0177182 -1.56891
41.7805 0.0472073 -3.11407 1.4419 -0.00782346 -0.0177304 -1.56891
41.782 0.0472148 -3.11434 1.44191 -0.00782212 -0.0177428 -1.56891
41.7975 0.0472222 -3.11461 1.44192 -0.00782155 -0.0177525 -1.56891
41.7993 0.0472297 -3.11487 1.44193 -0.00782115 -0.0177571 -1.56891
41.8018 0.047237 -3.11513 1.44194 -0.00782173 -0.0177562 -1.56891
41.8052 0.0472444 -3.11538 1.44195 -0.00782293 -0.0177522 -1.56891
41.8113 0.0472518 -3.11563 1.44196 -0.00782306 -0.0177468 -1.56891
41.8118 0.0472591 -3.11588 1.44197 -0.00782304 -0.0177409 -1.56891
41.8171 0.0472665 -3.11613 1.44198 -0.00782264 -0.0177366 -1.56891
41.822 0.0472738 -3.11636 1.44199 -0.00782166 -0.0177348 -1.56891
41.828 0.0472811 -3.1166 1.442 -0.00782082 -0.0177366 -1.56891
41.8298 0.0472884 -3.11683 1.44202 -0.00781915 -0.0177422 -1.56891
41.8338 0.0472956 -3.11706 1.44203 -0.00781741 -0.0177507 -1.56891
41.8374 0.0473029 -3.11728 1.44204 -0.00781618 -0.0177622 -1.5689
41.8472 0.0473102 -3.1175 1.44205 -0.00781432 -0.0177756 -1.5689
41.8496 0.0473174 -3.11772 1.44206 -0.00781245 -0.01779 -1.5689
41.8588 0.0473247 -3.11793 1.44207 -0.00781025 -0.0178049 -1.5689
41.8624 0.0473319 -3.11814 1.44208 -0.00780675 -0.0178197 -1.5689
41.8641 0.0473392 -3.11835 1.44209 -0.00780331 -0.017834 -1.5689
41.8688 0.0473464 -3.11855 1.4421 -0.00780008 -0.0178479 -1.5689
41.8736 0.0473536 -3.11874 1.44211 -0.00779584 -0.0179095 -1.5689
41.8784 0.0473609 -3.11893 1.44212 -0.00779094 -0.0179685 -1.56889
41.8857 0.0473681 -3.11912 1.44213 -0.00778654 -0.0179759 -1.56889
41.8985 0.0473754 -3.11931 1.44214 -0.0077827 -0.0179799 -1.56889
41.9027 0.0473492 -3.1195 1.44215 -0.0077784 -0.0179775 -1.56889
41.9049 0.0473564 -3.11968 1.44216 -0.00777532 -0.0179679 -1.56889
41.9061 0.0473635 -3.11985 1.44217 -0.00777343 -0.0179511 -1.56889
41.9077 0.0473706 -3.12003 1.44218 -0.00777265 -0.0179305 -1.56889
41.9116 0.0475204 -3.11931 1.44178 -0.00775402 -0.0178834 -1.5689
41.9217 0.0475279 -3.11947 1.44179 -0.007756 -0.0178628 -1.5689
41.9245 0.0475354 -3.11963 1.4418 -0.00775818 -0.0178463 -1.5689
41.9293 0.0475429 -3.11979 1.44181 -0.00776009 -0.0178348 -1.5689
41.9446 0.0475504 -3.11994 1.44182 -0.00776258 -0.017829 -1.5689
41.949 0.0475579 -3.12009 1.44183 -0.00776527 -0.0178283 -1.5689
41.9491 0.0475654 -3.12024 1.44184 -0.00776791 -0.0178315 -1.5689
41.9522 0.0475728 -3.12038 1.44185 -0.00776994 -0.0178395 -1.5689
41.9534 0.0475803 -3.12052 1.44186 -0.00777093 -0.0178503 -1.5689
41.9619 0.0475878 -3.12065 1.44187 -0.00777261 -0.0178627 -1.5689
41.9651 0.0475952 -3.12078 1.44188 -0.00777315 -0.0178772 -1.5689
41.9769 0.0475658 -3.12091 1.44184 -0.00777215 -0.0178862 -1.56889
41.9781 0.0475731 -3.12104 1.44185 -0.00777161 -0.0179013 -1.56889
41.9832 0.0475804 -3.12116 1.44186 -0.00777002 -0.017917 -1.56889
41.996 0.0477121 -3.12029 1.44143 -0.00774703 -0.0179387 -1.56891
41.9973 0.0477195 -3.1204 1.44144 -0.00774402 -0.017987 -1.56891
42.0051 0.047727 -3.12051 1.44145 -0.0077416 -0.0180031 -1.56891
42.0113 0.0477344 -3.12061 1.44146 -0.00773931 -0.0180177 -1.56891
42.0113 0.0477418 -3.12072 1.44146 -0.00773676 -0.0180282 -1.56891
42.0217 0.0477492 -3.12082 1.44147 -0.00773436 -0.0180344 -1.56891
42.0254 0.0477566 -3.12091 1.44148 -0.00773212 -0.018037 -1.5689
42.026 0.0477639 -3.12101 1.44149 -0.00773083 -0.0180391 -1.5689
42.0299 0.0477712 -3.1211 1.4415 -0.00772988 -0.0180422 -1.5689
42.0398 0.0477786 -3.12118 1.44151 -0.00772892 -0.0180456 -1.5689
42.047 0.0477859 -3.12127 1.44152 -0.00772872 -0.018051 -1.5689
42.0531 0.0477932 -3.12135 1.44153 -0.0077289 -0.0180587 -1.5689
42.0554 0.0478005 -3.12143 1.44154 -0.00772956 -0.0180696 -1.5689
42.0643 0.0478078 -3.1215 1.44154 -0.00773104 -0.0180831 -1.5689
42.0656 0.047815 -3.12157 1.44155 -0.00773337 -0.0180978 -1.5689
42.0694 0.0478222 -3.12164 1.44156 -0.00773554 -0.0181146 -1.5689
42.0694 0.0478294 -3.1217 1.44157 -0.00773778 -0.018132 -1.5689
42.0723 0.0478366 -3.12177 1.44158 -0.00774025 -0.0181491 -1.5689
42.074 0.0478438 -3.12182 1.44158 -0.00774208 -0.0181664 -1.5689
42.0811 0.0478509 -3.12188 1.44159 -0.00774367 -0.0181831 -1.5689
42.0944 0.047858 -3.12193 1.4416 -0.00774503 -0.0182002 -1.5689
42.1004 0.0479321 -3.12103 1.44116 -0.00772528 -0.0181893 -1.56891
42.1086 0.0479394 -3.12108 1.44117 -0.00772594 -0.0182496 -1.56891
42.1086 0.0479466 -3.12112 1.44117 -0.00772683 -0.0183092 -1.56891
42.1165 0.0479537 -3.12115 1.44118 -0.00772793 -0.0183238 -1.56891
42.1198 0.0479609 -3.12119 1.44119 -0.0077286 -0.0183351 -1.56891
42.1219 0.047968 -3.12122 1.44119 -0.00772918 -0.0183405 -1.56891
42.1263 0.0479751 -3.12125 1.4412 -0.00773047 -0.0183397 -1.56891
42.132 0.0479822 -3.12128 1.44121 -0.00773272 -0.0183346 -1.56891
42.1384 0.0479892 -3.1213 1.44121 -0.00773501 -0.0183265 -1.56891
42.1512 0.0479963 -3.12132 1.44122 -0.00773625 -0.0183178 -1.56891
42.1541 0.0480033 -3.12134 1.44123 -0.00773677 -0.018312 -1.56891
42.1572 0.0480104 -3.12136 1.44124 -0.00773656 -0.0183087 -1.56891
42.1625 0.0480174 -3.12137 1.44124 -0.00773551 -0.018308 -1.56891
42.1639 0.0480244 -3.12138 1.44125 -0.00773439 -0.0183117 -1.56891
42.1699 0.0480314 -3.12138 1.44126 -0.00773336 -0.018319 -1.56891
42.1723 0.0480384 -3.12139 1.44126 -0.00773188 -0.0183286 -1.56891
42.1781 0.0480454 -3.12139 1.44127 -0.00773046 -0.0183403 -1.56891
42.1851 0.0480524 -3.12138 1.44128 -0.00772989 -0.0183529 -1.56891
42.1893 0.0480594 -3.12138 1.44128 -0.00773002 -0.0183646 -1.56891
42.1906 0.0480664 -3.12137 1.44129 -0.00773071 -0.0183751 -1.56891
42.1947 0.0480734 -3.12136 1.4413 -0.00773178 -0.0183847 -1.5689
42.2031 0.0480803 -3.12134 1.4413 -0.00773428 -0.0183928 -1.5689
42.2057 0.0480872 -3.12133 1.44131 -0.0077376 -0.0183991 -1.5689
42.2109 0.0480941 -3.12131 1.44132 -0.00774079 -0.0184474 -1.5689
42.2118 0.0481011 -3.12128 1.44132 -0.00774548 -0.0184955 -1.5689
42.224 0.048108 -3.12126 1.44133 -0.00775016 -0.0185005 -1.5689
42.2251 0.0481149 -3.12123 1.44134 -0.00775425 -0.0185023 -1.5689
42.2314 0.0481218 -3.1212 1.44134 -0.007758 -0.0184995 -1.5689
42.2415 0.0481287 -3.12117 1.44135 -0.00776026 -0.0184925 -1.5689
42.2494 0.0481493 -3.12105 1.44137 -0.00776006 -0.0184558 -1.56889
42.2536 0.0481561 -3.12101 1.44138 -0.00775773 -0.0184428 -1.56889
42.2608 0.0481629 -3.12096 1.44139 -0.00775515 -0.0184328 -1.56889
42.2665 0.0481697 -3.12092 1.44139 -0.00775205 -0.0184245 -1.56889
42.27 0.0481765 -3.12086 1.4414 -0.00774887 -0.0184188 -1.56889
42.2786 0.0481834 -3.12081 1.44141 -0.00774574 -0.0184173 -1.56889
42.2808 0.0481902 -3.12075 1.44141 -0.00774283 -0.0184192 -1.56889
42.2946 0.0481971 -3.1207 1.44142 -0.00774035 -0.0184247 -1.56889
42.2947 0.048204 -3.12064 1.44143 -0.00773792 -0.0184334 -1.56889
42.2947 0.0482108 -3.12057 1.44143 -0.00773625 -0.018442 -1.56889
42.301 0.0482176 -3.12051 1.44144 -0.0077348 -0.0184503 -1.56889
42.3086 0.0482243 -3.12044 1.44145 -0.00773398 -0.0184584 -1.56889
42.3414 0.0482296 -3.11912 1.44099 -0.00771037 -0.0185641 -1.5689
42.3433 0.0482363 -3.11903 1.44099 -0.00771059 -0.0186075 -1.5689
42.3467 0.048243 -3.11895 1.441 -0.00771154 -0.0186101 -1.5689
42.3486 0.0482496 -3.11886 1.441 -0.00771198 -0.0186096 -1.5689
42.3512 0.0482563 -3.11877 1.44101 -0.00771167 -0.0186051 -1.5689
42.3513 0.0482629 -3.11868 1.44101 -0.00771057 -0.0185962 -1.5689
42.3533 0.0482695 -3.11859 1.44102 -0.00770952 -0.0185846 -1.5689
42.3644 0.0482122 -3.11749 1.44053 -0.00768668 -0.0185396 -1.56892
42.3673 0.0482187 -3.11739 1.44053 -0.00768503 -0.0185304 -1.56892
42.3717 0.0482252 -3.11729 1.44054 -0.00768367 -0.0185239 -1.56892
42.376 0.0482317 -3.11719 1.44054 -0.00768196 -0.0185207 -1.56892
42.3816 0.0482382 -3.11708 1.44055 -0.00767958 -0.0185209 -1.56892
42.3859 0.0482447 -3.11697 1.44055 -0.00767703 -0.0185242 -1.56892
42.3941 0.0482512 -3.11686 1.44056 -0.00767432 -0.0185305 -1.56892
42.3975 0.0482577 -3.11675 1.44056 -0.00767191 -0.0185388 -1.56891
42.4073 0.0482642 -3.11663 1.44057 -0.0076702 -0.0185477 -1.56891
42.4126 0.0482706 -3.11651 1.44057 -0.00766932 -0.0185576 -1.56891
42.4175 0.0482771 -3.11639 1.44058 -0.00766871 -0.0185677 -1.56891
42.4328 0.0482835 -3.11627 1.44058 -0.00766807 -0.0185765 -1.56891
42.4329 0.0482899 -3.11615 1.44059 -0.00766754 -0.0185845 -1.56891
42.4366 0.0482963 -3.11602 1.44059 -0.00766866 -0.018591 -1.56891
42.4421 0.0483027 -3.11589 1.4406 -0.0076714 -0.0185958 -1.56891
42.4429 0.0483091 -3.11576 1.4406 -0.00767478 -0.0185994 -1.56891
42.4444 0.0483155 -3.11563 1.44061 -0.00767897 -0.0186018 -1.56891
42.4471 0.0483219 -3.11549 1.44061 -0.00768296 -0.0186368 -1.56891
42.4525 0.0483283 -3.11535 1.44062 -0.00768748 -0.0186723 -1.56891
42.4576 0.0482451 -3.11526 1.4406 -0.00769185 -0.0186723 -1.5689
42.4595 0.0482514 -3.11512 1.44061 -0.00769618 -0.018674 -1.5689
42.4642 0.0482577 -3.11498 1.44061 -0.007701 -0.0186726 -1.5689
42.4698 0.0481851 -3.11404 1.44011 -0.00768702 -0.0186302 -1.56892
42.4829 0.0481913 -3.11389 1.44012 -0.00769218 -0.0186253 -1.56892
42.4939 0.0481974 -3.11374 1.44012 -0.00769608 -0.0186205 -1.56892
42.494 0.0482035 -3.11359 1.44013 -0.00769902 -0.0186159 -1.56892
42.5003 0.0482096 -3.11344 1.44013 -0.00770153 -0.0186121 -1.56892
42.5151 0.0482157 -3.11328 1.44013 -0.00770306 -0.0186105 -1.56892
42.5174 0.0482217 -3.11312 1.44014 -0.00770401 -0.0186112 -1.56892
42.5216 0.0482278 -3.11296 1.44014 -0.00770401 -0.0186135 -1.56892
42.5287 0.0482338 -3.1128 1.44014 -0.00770252 -0.0186183 -1.56892
42.5337 0.0482397 -3.11264 1.44015 -0.00770026 -0.0186258 -1.56892
42.5337 0.0482457 -3.11247 1.44015 -0.00769769 -0.0186345 -1.56892
42.5379 0.0482516 -3.1123 1.44016 -0.00769439 -0.018643 -1.56892
42.5434 0.0482576 -3.11213 1.44016 -0.00769152 -0.0186513 -1.56892
42.5461 0.0482635 -3.11196 1.44016 -0.00768944 -0.0186597 -1.56892
42.5465 0.0482694 -3.11179 1.44017 -0.00768775 -0.0186675 -1.56892
42.5498 0.0482753 -3.11161 1.44017 -0.00768617 -0.0186754 -1.56892
42.5577 0.0482813 -3.11143 1.44017 -0.00768546 -0.0186828 -1.56892
42.5633 0.0482873 -3.11125 1.44018 -0.00768689 -0.018741 -1.56892
42.5661 0.0482932 -3.11107 1.44018 -0.00768976 -0.0187979 -1.56891
42.5704 0.0482992 -3.11089 1.44018 -0.00769358 -0.0188017 -1.56891
42.5737 0.0483051 -3.1107 1.44019 -0.00769759 -0.0188028 -1.56891
42.5798 0.0483226 -3.11014 1.4402 -0.0077076 -0.0187691 -1.56891
42.585 0.0483284 -3.10995 1.4402 -0.0077104 -0.0187469 -1.56891
42.5903 0.0483342 -3.10976 1.44021 -0.00771225 -0.0187236 -1.56891
42.5959 0.04834 -3.10956 1.44021 -0.00771259 -0.018702 -1.56891
42.5978 0.0483458 -3.10937 1.44022 -0.00771207 -0.0186844 -1.56891
42.6191 0.0483515 -3.10917 1.44022 -0.00771132 -0.0186717 -1.56892
42.6192 0.0483573 -3.10897 1.44023 -0.00770997 -0.0186634 -1.56892
42.6214 0.0483631 -3.10877 1.44023 -0.00770801 -0.0186592 -1.56892
42.6276 0.0483688 -3.10857 1.44024 -0.00770489 -0.0186591 -1.56891
42.6321 0.0483746 -3.10837 1.44024 -0.00770169 -0.0186626 -1.56891
42.6363 0.0483805 -3.10816 1.44025 -0.00771503 -0.0186685 -1.56891
42.6415 0.0483866 -3.10795 1.44025 -0.00777169 -0.0186762 -1.56891
42.6428 0.0483929 -3.10775 1.44026 -0.00789243 -0.0186844 -1.56891
42.6604 0.0484023 -3.10756 1.44025 -0.00809394 -0.0186893 -1.56891
42.6612 0.0484095 -3.10734 1.44026 -0.00838622 -0.018695 -1.56891
42.6626 0.0484174 -3.10713 1.44027 -0.00877502 -0.0186997 -1.56891
42.6732 0.0483363 -3.10617 1.43977 -0.00924451 -0.0186601 -1.56892
42.6788 0.0483453 -3.10595 1.43978 -0.00982286 -0.0186602 -1.56893
42.687 0.0483549 -3.10574 1.43979 -0.0104884 -0.0186571 -1.56893
42.6916 0.0483653 -3.10552 1.43981 -0.0112316 -0.0186517 -1.56893
42.6943 0.0483764 -3.10529 1.43982 -0.0120365 -0.0186463 -1.56893
42.7057 0.0483884 -3.10507 1.43984 -0.0128888 -0.018641 -1.56893
42.7058 0.0484011 -3.10485 1.43986 -0.0137767 -0.0186351 -1.56893
42.7087 0.0484148 -3.10462 1.43988 -0.01469 -0.0186764 -1.56893
42.7164 0.0484295 -3.10439 1.4399 -0.0156197 -0.0187212 -1.56893
42.7198 0.0484454 -3.10416 1.43992 -0.016558 -0.0187234 -1.56894
42.7221 0.0484625 -3.10393 1.43994 -0.017498 -0.0187263 -1.56894
42.7253 0.048481 -3.10369 1.43997 -0.0184351 -0.0187266 -1.56894
42.7302 0.0485009 -3.10346 1.43999 -0.0193687 -0.0187233 -1.56894
42.7418 0.0485224 -3.10323 1.44002 -0.0202986 -0.0187167 -1.56894
42.7459 0.0485457 -3.10299 1.44004 -0.0212231 -0.0187089 -1.56894
42.7471 0.0485708 -3.10275 1.44007 -0.0221405 -0.0187026 -1.56894
42.7512 0.048598 -3.10252 1.44009 -0.0230504 -0.0186983 -1.56894
42.7659 0.0486922 -3.10179 1.44017 -0.0256965 -0.0187019 -1.56894
42.768 0.048728 -3.10155 1.4402 -0.0265424 -0.018709 -1.56894
42.7769 0.0487665 -3.1013 1.44022 -0.027365 -0.0187184 -1.56894
42.789 0.0488078 -3.10106 1.44025 -0.0281636 -0.0187299 -1.56894
42.7899 0.0488519 -3.10081 1.44027 -0.0289371 -0.0187424 -1.56894
42.7963 0.048899 -3.10056 1.4403 -0.0296876 -0.018755 -1.56894
42.7995 0.0489492 -3.10031 1.44032 -0.0304168 -0.0187667 -1.56894
42.8028 0.0490027 -3.10006 1.44035 -0.031128 -0.0187777 -1.56894
42.8164 0.0490596 -3.09981 1.44037 -0.0318236 -0.0187872 -1.56894
42.8168 0.04912 -3.09955 1.4404 -0.0325042 -0.0187946 -1.56894
42.8272 0.0491839 -3.0993 1.44042 -0.0331707 -0.018801 -1.56894
42.8329 0.0492515 -3.09904 1.44044 -0.0338211 -0.0188594 -1.56894
42.8437 0.0494771 -3.09826 1.44051 -0.0356425 -0.0190219 -1.56894
42.8489 0.04956 -3.09799 1.44053 -0.0362016 -0.0190173 -1.56893
42.8526 0.0496471 -3.09773 1.44055 -0.0367326 -0.0190082 -1.56893
42.8598 0.0497385 -3.09746 1.44057 -0.0372374 -0.0189985 -1.56893
42.8735 0.0500384 -3.09665 1.44062 -0.0386207 -0.0189836 -1.56893
42.8783 0.0501473 -3.09638 1.44064 -0.0390426 -0.0189836 -1.56893
42.8844 0.0502607 -3.09611 1.44066 -0.0394496 -0.0189874 -1.56893
42.8886 0.050379 -3.09584 1.44067 -0.0398427 -0.0189943 -1.56893
42.8964 0.050502 -3.09556 1.44069 -0.0402222 -0.0190031 -1.56893
42.8964 0.0506299 -3.09529 1.44071 -0.0405872 -0.0190128 -1.56893
42.9002 0.0507626 -3.09501 1.44072 -0.0409366 -0.0190226 -1.56893
42.9143 0.0509004 -3.09473 1.44074 -0.0412694 -0.019032 -1.56893
42.9144 0.0510431 -3.09445 1.44076 -0.0415837 -0.0190399 -1.56893
42.9144 0.0511908 -3.09418 1.44077 -0.0418777 -0.0190465 -1.56893
42.9159 0.0513436 -3.0939 1.44079 -0.0421509 -0.0190519 -1.56893
42.9205 0.0515015 -3.09361 1.4408 -0.0424037 -0.0190558 -1.56893
42.9297 0.0516646 -3.09333 1.44081 -0.042637 -0.0190585 -1.56893
42.935 0.0518328 -3.09305 1.44083 -0.0428529 -0.0190596 -1.56893
42.9382 0.0520063 -3.09277 1.44084 -0.0430529 -0.0190582 -1.56893
42.9461 0.0521851 -3.09248 1.44085 -0.0432393 -0.0190547 -1.56893
42.9465 0.0523693 -3.0922 1.44087 -0.0434138 -0.0190511 -1.56893
43.1293 0.0525588 -3.09191 1.44088 -0.0435773 -0.0190475 -1.56893
43.1325 0.0527538 -3.09162 1.44089 -0.0437306 -0.0190438 -1.56893
43.1387 0.052955 -3.09133 1.4409 -0.0438727 -0.0190984 -1.56893
43.1428 0.0531608 -3.09104 1.44091 -0.044003 -0.019152 -1.56893
43.1541 0.0531842 -3.0904 1.44041 -0.0441093 -0.0190999 -1.56894
43.1579 0.0534961 -3.0901 1.44042 -0.0442152 -0.0190941 -1.56894
43.1642 0.0534805 -3.08993 1.43997 -0.0443041 -0.0190314 -1.56896
43.1673 0.0537093 -3.08963 1.43997 -0.044386 -0.0190156 -1.56896
43.1733 0.0539436 -3.08934 1.43998 -0.0444584 -0.0189979 -1.56896
43.1801 0.0541834 -3.08905 1.43999 -0.0445212 -0.0189807 -1.56896
43.1925 0.0544821 -3.08875 1.44 -0.0445754 -0.0189664 -1.56896
43.1972 0.0545784 -3.08891 1.43957 -0.0446262 -0.0189028 -1.56897
43.1979 0.0548362 -3.08862 1.43958 -0.0446685 -0.0188988 -1.56897
43.2018 0.0550995 -3.08832 1.43959 -0.0447067 -0.0188997 -1.56897
43.2023 0.0553685 -3.08803 1.43959 -0.0447429 -0.0189052 -1.56897
43.2068 0.0556431 -3.08773 1.4396 -0.0447787 -0.0189143 -1.56897
43.2224 0.0559234 -3.08743 1.43961 -0.0448138 -0.0189245 -1.56896
43.2262 0.0562093 -3.08713 1.43962 -0.0448502 -0.0189349 -1.56896
43.2298 0.0565008 -3.08683 1.43962 -0.0448886 -0.0189446 -1.56896
43.2372 0.0567979 -3.08653 1.43963 -0.0449276 -0.0189529 -1.56896
43.2436 0.0571007 -3.08623 1.43964 -0.0449666 -0.0189607 -1.56896
43.2456 0.0574091 -3.08593 1.43964 -0.0450068 -0.0189671 -1.56895
43.254 0.0577231 -3.08563 1.43965 -0.0450491 -0.0189715 -1.56895
43.2541 0.0580427 -3.08533 1.43965 -0.045093 -0.0189736 -1.56895
43.26 0.058368 -3.08503 1.43966 -0.0451378 -0.0189733 -1.56895
43.2637 0.0586988 -3.08472 1.43966 -0.0451835 -0.0189715 -1.56895
43.2655 0.0590353 -3.08442 1.43967 -0.045231 -0.0189689 -1.56895
43.2696 0.0593775 -3.08411 1.43967 -0.0452796 -0.0189658 -1.56895
43.2762 0.0597252 -3.08381 1.43968 -0.0453297 -0.0189629 -1.56895
43.2778 0.0600786 -3.0835 1.43968 -0.0453821 -0.0189611 -1.56895
43.2813 0.0604377 -3.0832 1.43969 -0.0454365 -0.0189598 -1.56895
43.2857 0.0608026 -3.08289 1.43969 -0.0454934 -0.0189579 -1.56895
43.2964 0.061173 -3.08258 1.43969 -0.0455511 -0.0190117 -1.56894
43.3104 0.0623185 -3.08164 1.4397 -0.0457165 -0.0191632 -1.56893
43.3138 0.0627117 -3.08133 1.4397 -0.0457687 -0.0191506 -1.56893
43.3203 0.0631106 -3.08101 1.43971 -0.0458186 -0.0191316 -1.56893
43.3307 0.0635151 -3.0807 1.43971 -0.045866 -0.0191088 -1.56893
43.3321 0.0639254 -3.08038 1.43971 -0.0459097 -0.0190851 -1.56893
43.3339 0.0643413 -3.08006 1.43971 -0.0459504 -0.0190634 -1.56893
43.3399 0.0647629 -3.07975 1.43971 -0.045988 -0.0190454 -1.56893
43.3418 0.0651902 -3.07943 1.43972 -0.0460219 -0.0190327 -1.56893
43.3455 0.0656232 -3.07911 1.43972 -0.0460528 -0.0190257 -1.56893
43.3511 0.066062 -3.07879 1.43972 -0.0460794 -0.0190232 -1.56893
43.3604 0.0665064 -3.07848 1.43972 -0.046102 -0.0190251 -1.56893
43.3604 0.0669565 -3.07816 1.43972 -0.0461204 -0.0190307 -1.56892
43.3661 0.0674124 -3.07784 1.43972 -0.0461341 -0.0190374 -1.56892
43.3681 0.0678739 -3.07752 1.43972 -0.0461433 -0.0190451 -1.56892
43.3751 0.0683411 -3.0772 1.43972 -0.0461494 -0.0190535 -1.56892
43.3774 0.068814 -3.07688 1.43973 -0.0461531 -0.0190611 -1.56892
43.3808 0.0692926 -3.07656 1.43973 -0.046153 -0.0190677 -1.56892
43.392 0.0697769 -3.07624 1.43973 -0.0461496 -0.0190722 -1.56892
43.3993 0.0702669 -3.07591 1.43973 -0.0461431 -0.0190745 -1.56892
43.4062 0.0707782 -3.07559 1.43973 -0.0461338 -0.0190748 -1.56892
43.4106 0.0712798 -3.07527 1.43973 -0.0461219 -0.019073 -1.56891
43.4155 0.0717395 -3.07579 1.43933 -0.0461149 -0.0190146 -1.56892
43.4198 0.0722524 -3.07547 1.43933 -0.0460958 -0.0190102 -1.56892
43.4221 0.0727709 -3.07515 1.43933 -0.0460731 -0.0190053 -1.56892
43.4323 0.0732951 -3.07483 1.43933 -0.0460466 -0.0190002 -1.56892
43.4388 0.0738285 -3.0745 1.43933 -0.0460163 -0.018995 -1.56891
43.4509 0.0743641 -3.07418 1.43933 -0.0459817 -0.01899 -1.56891
43.4518 0.0748938 -3.07483 1.43898 -0.0459496 -0.0189339 -1.56892
43.4533 0.0754406 -3.07451 1.43898 -0.0459065 -0.0189303 -1.56892
43.4586 0.075993 -3.07419 1.43898 -0.0458604 -0.0189277 -1.56892
43.4616 0.076551 -3.07386 1.43897 -0.0458099 -0.0189252 -1.56891
43.4651 0.0771147 -3.07354 1.43897 -0.0457542 -0.018923 -1.56891
43.4684 0.0776839 -3.07322 1.43897 -0.0456937 -0.0189225 -1.56891
43.4729 0.0782587 -3.07289 1.43897 -0.0456287 -0.0189648 -1.56891
43.4771 0.0788391 -3.07257 1.43897 -0.04556 -0.0190065 -1.56891
43.4807 0.079425 -3.07224 1.43896 -0.0454885 -0.0190059 -1.5689
43.4872 0.0800166 -3.07192 1.43896 -0.0454147 -0.019002 -1.5689
43.5011 0.0806137 -3.07159 1.43896 -0.0453394 -0.0189931 -1.5689
43.5026 0.0812163 -3.07127 1.43895 -0.045263 -0.0189794 -1.5689
43.5043 0.0818244 -3.07095 1.43895 -0.0451861 -0.0189615 -1.5689
43.5129 0.0824379 -3.07062 1.43895 -0.0451073 -0.0189421 -1.5689
43.5171 0.0830569 -3.0703 1.43895 -0.0450267 -0.0189232 -1.5689
43.5194 0.0836814 -3.06997 1.43894 -0.0449453 -0.0189062 -1.5689
43.5255 0.0843113 -3.06965 1.43894 -0.0448632 -0.018892 -1.56889
43.53 0.0849467 -3.06933 1.43894 -0.0447788 -0.0188815 -1.56889
43.5366 0.0855875 -3.069 1.43894 -0.0446914 -0.0188747 -1.56889
43.5423 0.0862336 -3.06868 1.43893 -0.0446008 -0.018871 -1.56889
43.5495 0.0868852 -3.06835 1.43893 -0.0445067 -0.0188705 -1.56889
43.5506 0.0875421 -3.06803 1.43893 -0.0444102 -0.0188728 -1.56889
43.5548 0.0882044 -3.0677 1.43892 -0.0443109 -0.0188769 -1.56889
43.5633 0.088872 -3.06738 1.43892 -0.0442098 -0.0188815 -1.56889
43.5659 0.089545 -3.06706 1.43892 -0.0441079 -0.0188867 -1.56889
43.5687 0.0902232 -3.06673 1.43891 -0.0440047 -0.0188908 -1.56888
43.577 0.0909067 -3.06641 1.43891 -0.0439011 -0.0188944 -1.56888
43.5795 0.0915955 -3.06608 1.43891 -0.0437973 -0.0188982 -1.56888
43.5855 0.0922895 -3.06576 1.4389 -0.0436929 -0.0189007 -1.56888
43.5878 0.0929886 -3.06543 1.4389 -0.0435891 -0.0189028 -1.56887
43.5936 0.093693 -3.06511 1.4389 -0.0434852 -0.0189044 -1.56887
43.5966 0.0944025 -3.06478 1.43889 -0.0433799 -0.0189052 -1.56887
43.6083 0.0951172 -3.06446 1.43889 -0.0432737 -0.018906 -1.56887
43.6106 0.095837 -3.06414 1.43888 -0.0431659 -0.0189058 -1.56887
43.6163 0.0965619 -3.06381 1.43888 -0.043055 -0.0189049 -1.56887
43.6181 0.0972919 -3.06349 1.43888 -0.0429424 -0.0189029 -1.56886
43.6292 0.0995123 -3.06251 1.43886 -0.0426009 -0.0188911 -1.56886
43.6324 0.100263 -3.06219 1.43886 -0.0424865 -0.0188865 -1.56885
43.6381 0.101018 -3.06186 1.43885 -0.0423725 -0.0188822 -1.56885
43.6418 0.101778 -3.06154 1.43885 -0.0422595 -0.0188772 -1.56885
43.6503 0.102543 -3.06121 1.43884 -0.0421485 -0.018873 -1.56885
43.6516 0.103313 -3.06089 1.43884 -0.0420379 -0.0188699 -1.56884
43.6573 0.104088 -3.06056 1.43883 -0.0419277 -0.0188666 -1.56884
43.665 0.104868 -3.06024 1.43883 -0.0418181 -0.0188623 -1.56884
43.6673 0.105653 -3.05991 1.43882 -0.0417074 -0.0188585 -1.56884
43.672 0.106443 -3.05959 1.43881 -0.041594 -0.018857 -1.56884
43.6783 0.107238 -3.05926 1.43881 -0.0414771 -0.0188564 -1.56883
43.684 0.108037 -3.05894 1.4388 -0.0413569 -0.018856 -1.56883
43.6876 0.108841 -3.05861 1.4388 -0.0412339 -0.018857 -1.56883
43.6876 0.10965 -3.05829 1.43879 -0.0411089 -0.0188593 -1.56883
43.6907 0.110463 -3.05796 1.43879 -0.0409823 -0.0189168 -1.56883
43.6943 0.111282 -3.05764 1.43878 -0.0408548 -0.0189723 -1.56882
43.7157 0.112105 -3.05731 1.43877 -0.040726 -0.0189716 -1.56882
43.7158 0.112933 -3.05699 1.43877 -0.0405965 -0.0189683 -1.56882
43.7194 0.113765 -3.05666 1.43876 -0.0404662 -0.0189573 -1.56882
43.7363 0.11629 -3.05569 1.43874 -0.0400739 -0.0189007 -1.56881
43.7403 0.117141 -3.05537 1.43874 -0.0399429 -0.0188808 -1.56881
43.7457 0.117996 -3.05505 1.43873 -0.0398108 -0.0188644 -1.56881
43.7526 0.118856 -3.05472 1.43873 -0.0396776 -0.0188514 -1.56881
43.7552 0.11972 -3.0544 1.43872 -0.0395444 -0.0188436 -1.56881
43.7614 0.12062 -3.05538 1.43835 -0.0394149 -0.018788 -1.56881
43.7683 0.121494 -3.05506 1.43835 -0.0392824 -0.0187898 -1.56881
43.7715 0.122372 -3.05474 1.43834 -0.0391509 -0.0187951 -1.5688
43.7776 0.123254 -3.05442 1.43834 -0.0390208 -0.0188033 -1.5688
43.7803 0.124141 -3.0541 1.43833 -0.038892 -0.0188131 -1.5688
43.7973 0.125032 -3.05378 1.43833 -0.0387643 -0.0188232 -1.5688
43.7987 0.125927 -3.05347 1.43832 -0.0386382 -0.0188334 -1.56879
43.8013 0.126827 -3.05315 1.43831 -0.0385138 -0.0188423 -1.56879
43.8036 0.127731 -3.05283 1.43831 -0.0383899 -0.0188489 -1.56879
43.8129 0.128639 -3.05251 1.4383 -0.0382659 -0.0188539 -1.56879
43.813 0.129551 -3.05219 1.4383 -0.0381414 -0.0188581 -1.56878
43.8182 0.130468 -3.05188 1.43829 -0.0380162 -0.0188612 -1.56878
43.8247 0.131388 -3.05156 1.43829 -0.03789 -0.0188633 -1.56878
43.8346 0.132313 -3.05125 1.43828 -0.0377631 -0.0188643 -1.56877
43.837 0.133242 -3.05093 1.43828 -0.0376362 -0.0188642 -1.56877
43.8419 0.134176 -3.05061 1.43827 -0.037509 -0.0188633 -1.56877
43.8511 0.135113 -3.0503 1.43827 -0.0373818 -0.0188618 -1.56877
43.8573 0.136054 -3.04998 1.43826 -0.0372558 -0.0188594 -1.56876
43.86 0.137 -3.04967 1.43826 -0.0371309 -0.0188565 -1.56876
43.8633 0.137949 -3.04935 1.43825 -0.0370068 -0.0188545 -1.56876
43.8662 0.138903 -3.04904 1.43825 -0.0368837 -0.0188532 -1.56876
43.8705 0.13986 -3.04873 1.43824 -0.0367607 -0.0188518 -1.56876
43.8739 0.140821 -3.04841 1.43824 -0.0366374 -0.0188505 -1.56875
43.879 0.141787 -3.0481 1.43823 -0.0365125 -0.01885 -1.56875
43.8825 0.142756 -3.04779 1.43822 -0.0363868 -0.0188502 -1.56875
43.8842 0.143729 -3.04747 1.43822 -0.0362621 -0.0188502 -1.56875
43.8887 0.144706 -3.04716 1.43821 -0.036138 -0.0188509 -1.56875
43.8937 0.145687 -3.04685 1.43821 -0.0360143 -0.0188523 -1.56875
43.9 0.146672 -3.04654 1.4382 -0.0358926 -0.0188534 -1.56875
43.9031 0.14766 -3.04622 1.43819 -0.035773 -0.0188547 -1.56874
43.906 0.148652 -3.04591 1.43819 -0.0356541 -0.0188558 -1.56874
43.9151 0.149648 -3.0456 1.43818 -0.0355359 -0.0188574 -1.56874
43.9167 0.150648 -3.04529 1.43818 -0.0354189 -0.0188591 -1.56874
43.9248 0.151652 -3.04498 1.43817 -0.0353024 -0.0188589 -1.56873
43.9313 0.152659 -3.04467 1.43816 -0.0351855 -0.0188573 -1.56873
43.9353 0.15367 -3.04436 1.43816 -0.0350676 -0.0188549 -1.56873
43.9401 0.154684 -3.04405 1.43815 -0.0349485 -0.0188524 -1.56872
43.9453 0.155702 -3.04374 1.43815 -0.0348284 -0.0188501 -1.56872
43.947 0.156724 -3.04343 1.43814 -0.0347073 -0.0188472 -1.56872
43.9847 0.158806 -3.04423 1.43772 -0.0344545 -0.0187856 -1.56871
43.987 0.159839 -3.04393 1.43772 -0.0343313 -0.0187818 -1.56871
43.9901 0.160875 -3.04362 1.43771 -0.0342086 -0.0187786 -1.56871
43.9914 0.161914 -3.04332 1.4377 -0.0340857 -0.0187756 -1.5687
44.0001 0.162958 -3.04301 1.4377 -0.0339636 -0.0187718 -1.5687
44.0043 0.166108 -3.04209 1.43768 -0.0335954 -0.0188403 -1.56869
44.006 0.167165 -3.04179 1.43767 -0.0334728 -0.018865 -1.56869
44.0078 0.168225 -3.04148 1.43766 -0.0333507 -0.0188649 -1.56868
44.0307 0.169317 -3.04241 1.43716 -0.033201 -0.0188092 -1.56868
44.0325 0.170384 -3.04211 1.43715 -0.0330767 -0.018806 -1.56868
44.0358 0.171454 -3.0418 1.43715 -0.0329518 -0.0187999 -1.56867
44.0421 0.172528 -3.0415 1.43714 -0.0328269 -0.0187909 -1.56867
44.0423 0.173605 -3.0412 1.43713 -0.032702 -0.0187787 -1.56867
44.0423 0.174685 -3.0409 1.43713 -0.0325785 -0.018765 -1.56867
44.0588 0.175751 -3.0406 1.43712 -0.0324559 -0.0187513 -1.56867
44.0643 0.176801 -3.04127 1.43657 -0.0322808 -0.0186891 -1.56866
44.0742 0.177891 -3.04098 1.43656 -0.0321618 -0.0186785 -1.56865
44.0774 0.178985 -3.04068 1.43655 -0.0320446 -0.0186696 -1.56865
44.0846 0.180081 -3.04039 1.43655 -0.0319284 -0.0186628 -1.56865
44.085 0.18118 -3.04009 1.43654 -0.0318133 -0.0186588 -1.56865
44.0864 0.182283 -3.0398 1.43653 -0.0316987 -0.0186565 -1.56865
44.0929 0.183389 -3.0395 1.43652 -0.0315837 -0.018656 -1.56865
44.0945 0.184498 -3.03921 1.43652 -0.0314667 -0.0186571 -1.56865
44.1153 0.185609 -3.03892 1.43651 -0.0313478 -0.018659 -1.56864
44.1209 0.186724 -3.03863 1.4365 -0.0312278 -0.0186624 -1.56864
44.1235 0.187842 -3.03834 1.4365 -0.0311073 -0.0186665 -1.56864
44.1305 0.188955 -3.03811 1.43649 -0.030985 -0.01867 -1.56864
44.131 0.190078 -3.03782 1.43648 -0.0308629 -0.0186739 -1.56863
44.1418 0.191091 -3.03827 1.43587 -0.0306586 -0.0186324 -1.56862
44.1523 0.192221 -3.03798 1.43587 -0.0305384 -0.018635 -1.56862
44.1565 0.193353 -3.0377 1.43586 -0.0304186 -0.0186361 -1.56862
44.1588 0.194489 -3.03741 1.43585 -0.0303007 -0.0186369 -1.56862
44.1618 0.195627 -3.03713 1.43584 -0.0301855 -0.0186374 -1.56862
44.1631 0.196768 -3.03684 1.43584 -0.0300729 -0.0186378 -1.56862
44.1754 0.197912 -3.03656 1.43583 -0.0299622 -0.0186397 -1.56861
44.1755 0.199059 -3.03628 1.43582 -0.0298541 -0.0186417 -1.56861
44.1777 0.200209 -3.036 1.43582 -0.0297493 -0.0186434 -1.56861
44.1829 0.201361 -3.03571 1.43581 -0.0296473 -0.018645 -1.56861
44.1887 0.202517 -3.03543 1.4358 -0.0295467 -0.0186464 -1.56861
44.1908 0.203675 -3.03515 1.4358 -0.0294476 -0.0186475 -1.56861
44.194 0.204836 -3.03487 1.43579 -0.0293499 -0.0186485 -1.5686
44.2006 0.205999 -3.03459 1.43578 -0.0292541 -0.0186492 -1.5686
44.2111 0.207165 -3.03432 1.43578 -0.02916 -0.0186495 -1.5686
44.2148 0.208334 -3.03404 1.43577 -0.0290668 -0.0186492 -1.56859
44.2157 0.209506 -3.03376 1.43576 -0.0289737 -0.0186488 -1.56859
44.2185 0.21068 -3.03348 1.43576 -0.0288818 -0.0186489 -1.56858
44.2276 0.211856 -3.03321 1.43575 -0.0287897 -0.0186487 -1.56858
44.229 0.213036 -3.03293 1.43574 -0.0286967 -0.018648 -1.56858
44.2559 0.214044 -3.033 1.43505 -0.0284849 -0.0186087 -1.56855
44.2603 0.215229 -3.03273 1.43504 -0.0283872 -0.0186098 -1.56855
44.2657 0.216416 -3.03246 1.43503 -0.0282877 -0.0186112 -1.56854
44.2748 0.217606 -3.03219 1.43503 -0.0281873 -0.0186131 -1.56854
44.2792 0.218798 -3.03192 1.43502 -0.0280852 -0.0186151 -1.56854
44.2826 0.219992 -3.03165 1.43501 -0.0279819 -0.0186167 -1.56853
44.2893 0.22119 -3.03138 1.43501 -0.0278782 -0.0186179 -1.56853
44.2927 0.222389 -3.03111 1.435 -0.0277754 -0.0186191 -1.56852
44.2962 0.223591 -3.03084 1.43499 -0.0276745 -0.0186203 -1.56852
44.3004 0.224796 -3.03057 1.43499 -0.0275762 -0.0186208 -1.56851
44.3074 0.226003 -3.03031 1.43498 -0.0274823 -0.0186216 -1.56851
44.3105 0.227207 -3.03004 1.43497 -0.0273912 -0.0186222 -1.56851
44.3152 0.228419 -3.02977 1.43497 -0.027302 -0.0186229 -1.56851
44.3174 0.229633 -3.02951 1.43496 -0.0272139 -0.0186234 -1.5685
44.3263 0.23056 -3.0291 1.43417 -0.0269669 -0.0185922 -1.56847
44.3344 0.234225 -3.02831 1.43415 -0.0267048 -0.0185886 -1.56846
44.3489 0.235451 -3.02805 1.43414 -0.026617 -0.0185876 -1.56845
44.3528 0.23668 -3.02779 1.43414 -0.0265285 -0.0185875 -1.56845
44.3584 0.23791 -3.02753 1.43413 -0.0264392 -0.0185869 -1.56845
44.3639 0.239143 -3.02728 1.43412 -0.0263477 -0.0185856 -1.56844
44.3656 0.240378 -3.02702 1.43412 -0.0262552 -0.0185842 -1.56844
44.3737 0.241616 -3.02676 1.43411 -0.0261631 -0.0185823 -1.56844
44.3807 0.242855 -3.0265 1.4341 -0.0260697 -0.0185805 -1.56844
44.3868 0.244097 -3.02625 1.4341 -0.0259757 -0.0185788 -1.56843
44.3892 0.245341 -3.02599 1.43409 -0.0258816 -0.0185768 -1.56843
44.3936 0.246587 -3.02574 1.43409 -0.0257875 -0.0185747 -1.56843
44.3937 0.247835 -3.02548 1.43408 -0.0256936 -0.0185731 -1.56843
44.3975 0.249085 -3.02523 1.43407 -0.0255995 -0.0185725 -1.56843
44.4044 0.250337 -3.02497 1.43407 -0.0255047 -0.0185712 -1.56842
44.4133 0.251592 -3.02472 1.43406 -0.0254101 -0.0185689 -1.56842
44.4167 0.252848 -3.02447 1.43405 -0.0253162 -0.0185674 -1.56842
44.4284 0.257894 -3.02346 1.43403 -0.0249396 -0.0185603 -1.5684
44.4338 0.259161 -3.02321 1.43402 -0.0248451 -0.018558 -1.5684
44.435 0.26043 -3.02296 1.43401 -0.0247506 -0.0185563 -1.56839
44.4379 0.2617 -3.02272 1.43401 -0.0246547 -0.0185543 -1.56839
44.443 0.262973 -3.02247 1.434 -0.0245572 -0.0185523 -1.56839
44.4463 0.264247 -3.02222 1.43399 -0.0244576 -0.0185495 -1.56838
44.4544 0.265523 -3.02197 1.43399 -0.0243568 -0.0185462 -1.56838
44.4578 0.266802 -3.02173 1.43398 -0.0242549 -0.0185433 -1.56837
44.4601 0.268082 -3.02148 1.43397 -0.0241505 -0.01854 -1.56837
44.4633 0.269364 -3.02124 1.43397 -0.0240436 -0.0185367 -1.56837
44.4695 0.270647 -3.02099 1.43396 -0.023935 -0.0185343 -1.56836
44.4775 0.271933 -3.02075 1.43395 -0.0238257 -0.0185328 -1.56836
44.4788 0.27322 -3.02051 1.43395 -0.0237154 -0.018532 -1.56836
44.4852 0.274509 -3.02026 1.43394 -0.0236051 -0.0185311 -1.56835
44.4991 0.2758 -3.02002 1.43394 -0.0234951 -0.0185302 -1.56835
44.5015 0.277093 -3.01978 1.43393 -0.0233834 -0.0185294 -1.56835
44.5039 0.278387 -3.01954 1.43392 -0.0232702 -0.0185286 -1.56834
44.5087 0.279683 -3.0193 1.43392 -0.0231571 -0.0185282 -1.56834
44.5225 0.285504 -3.01898 1.43456 -0.0231886 -0.018408 -1.56831
44.5275 0.286808 -3.01875 1.43455 -0.0230774 -0.0184056 -1.56831
44.5448 0.287751 -3.01816 1.43364 -0.0227637 -0.0183768 -1.56826
44.5469 0.289058 -3.01793 1.43364 -0.0226519 -0.0183743 -1.56826
44.5498 0.290368 -3.01769 1.43363 -0.02254 -0.018372 -1.56826
44.5521 0.291678 -3.01746 1.43363 -0.0224285 -0.01837 -1.56826
44.5522 0.292991 -3.01723 1.43362 -0.0223165 -0.0183673 -1.56826
44.5571 0.294305 -3.01699 1.43361 -0.0222018 -0.0183644 -1.56825
44.5668 0.29562 -3.01676 1.43361 -0.0220854 -0.0183624 -1.56825
44.5707 0.296937 -3.01653 1.4336 -0.0219679 -0.0183604 -1.56825
44.576 0.298255 -3.0163 1.4336 -0.0218492 -0.0183583 -1.56824
44.5787 0.299575 -3.01607 1.43359 -0.0217293 -0.0183561 -1.56824
44.5868 0.300896 -3.01584 1.43359 -0.021609 -0.018354 -1.56824
44.5947 0.302218 -3.01561 1.43358 -0.021488 -0.0183521 -1.56823
44.5991 0.303542 -3.01538 1.43358 -0.021365 -0.0183493 -1.56823
44.6011 0.304867 -3.01515 1.43357 -0.0212418 -0.0183465 -1.56823
44.6016 0.306194 -3.01492 1.43357 -0.0211196 -0.0183438 -1.56823
44.6069 0.307522 -3.01469 1.43356 -0.0209983 -0.0183413 -1.56823
44.6119 0.308851 -3.01447 1.43356 -0.0208783 -0.0183392 -1.56823
44.6172 0.310182 -3.01424 1.43355 -0.0207602 -0.0183362 -1.56822
44.6236 0.311513 -3.01402 1.43355 -0.0206438 -0.0183331 -1.56822
44.6305 0.312846 -3.01379 1.43354 -0.0205286 -0.0183302 -1.56823
44.6358 0.31418 -3.01357 1.43354 -0.0204146 -0.0183272 -1.56823
44.6477 0.315515 -3.01334 1.43353 -0.020303 -0.0183247 -1.56822
44.6488 0.316852 -3.01312 1.43353 -0.0201929 -0.018322 -1.56822
44.6495 0.31819 -3.0129 1.43352 -0.0200833 -0.0183192 -1.56822
44.6544 0.319528 -3.01267 1.43352 -0.0199752 -0.0183177 -1.56822
44.6635 0.320868 -3.01245 1.43351 -0.0198669 -0.0183159 -1.56822
44.6646 0.322209 -3.01223 1.43351 -0.0197574 -0.0183143 -1.56821
44.6721 0.323552 -3.01201 1.4335 -0.019648 -0.0183132 -1.56821
44.6785 0.324895 -3.01179 1.4335 -0.0195392 -0.018356 -1.56821
44.6812 0.326239 -3.01157 1.43349 -0.0194318 -0.0183978 -1.5682
44.6835 0.327585 -3.01135 1.43349 -0.0193266 -0.0183943 -1.5682
44.6872 0.328931 -3.01113 1.43349 -0.0192228 -0.0183897 -1.5682
44.6913 0.330279 -3.01092 1.43348 -0.0191193 -0.0183813 -1.5682
44.7059 0.334327 -3.01027 1.43347 -0.0188146 -0.0183415 -1.56819
44.7092 0.335678 -3.01006 1.43346 -0.0187148 -0.0183262 -1.56819
44.7106 0.33703 -3.00984 1.43346 -0.018615 -0.0183146 -1.56819
44.7148 0.338383 -3.00963 1.43346 -0.0185145 -0.018309 -1.56819
44.7242 0.339737 -3.00942 1.43345 -0.0184128 -0.0183083 -1.56819
44.7257 0.341092 -3.00921 1.43345 -0.0183098 -0.018311 -1.56818
44.7517 0.342447 -3.009 1.43345 -0.0182065 -0.0183152 -1.56818
44.7546 0.343804 -3.00879 1.43344 -0.0181031 -0.0183202 -1.56818
44.7546 0.345161 -3.00858 1.43344 -0.0179977 -0.0183664 -1.56818
44.769 0.349238 -3.00794 1.43343 -0.0176834 -0.0184907 -1.56818
44.7739 0.350598 -3.00773 1.43343 -0.0175809 -0.0184446 -1.56818
44.7773 0.351959 -3.00752 1.43342 -0.0174801 -0.0183929 -1.56818
44.7831 0.353321 -3.00731 1.43342 -0.0173817 -0.0183749 -1.56818
44.7885 0.354683 -3.0071 1.43342 -0.0172853 -0.0183575 -1.56818
44.7922 0.356047 -3.00689 1.43342 -0.017191 -0.0183466 -1.56817
44.798 0.357411 -3.00668 1.43341 -0.0170986 -0.0183421 -1.56817
44.8027 0.358775 -3.00647 1.43341 -0.0170074 -0.0183434 -1.56817
44.8083 0.36014 -3.00627 1.43341 -0.0169168 -0.0183489 -1.56817
44.8093 0.361506 -3.00606 1.43341 -0.0168275 -0.0184 -1.56817
44.8152 0.362873 -3.00585 1.43341 -0.0167395 -0.0184531 -1.56817
44.8228 0.36424 -3.00564 1.43341 -0.0166518 -0.018462 -1.56817
44.8317 0.365607 -3.00544 1.43341 -0.0165641 -0.0184669 -1.56817
44.8342 0.366976 -3.00524 1.4334 -0.0164762 -0.0184664 -1.56817
44.8379 0.368345 -3.00503 1.4334 -0.0163889 -0.0184186 -1.56817
44.8679 0.369269 -3.00427 1.43252 -0.0160785 -0.0183476 -1.56812
44.8692 0.370639 -3.00407 1.43252 -0.0159889 -0.0183254 -1.56812
44.8709 0.37201 -3.00387 1.43252 -0.0158974 -0.0183031 -1.56812
44.8733 0.373381 -3.00367 1.43252 -0.0158036 -0.0182841 -1.56812
44.8769 0.374753 -3.00348 1.43252 -0.0157087 -0.0182726 -1.56811
44.9063 0.375576 -3.00239 1.43161 -0.015353 -0.0182671 -1.56806
44.9107 0.376948 -3.00219 1.43161 -0.0152583 -0.0182696 -1.56806
44.9148 0.378322 -3.002 1.43161 -0.0151621 -0.0182778 -1.56806
44.9238 0.379695 -3.00181 1.43161 -0.0150657 -0.0182886 -1.56806
44.924 0.381069 -3.00161 1.43161 -0.0149701 -0.0183414 -1.56805
44.924 0.382433 -3.00142 1.43161 -0.0148767 -0.0183954 -1.56805
44.9259 0.383807 -3.00123 1.43161 -0.0147865 -0.0184089 -1.56805
44.9294 0.385182 -3.00104 1.43161 -0.0146975 -0.0184203 -1.56805
44.934 0.386557 -3.00085 1.43161 -0.0146103 -0.0184254 -1.56805
44.9388 0.387391 -2.99947 1.43075 -0.0142777 -0.0183831 -1.56799
44.9422 0.388767 -2.99929 1.43075 -0.0141944 -0.0183328 -1.56799
44.9529 0.390144 -2.9991 1.43075 -0.0141121 -0.018317 -1.56799
44.9551 0.391521 -2.99891 1.43075 -0.014032 -0.0182993 -1.56799
44.9636 0.392898 -2.99873 1.43075 -0.0139544 -0.0182849 -1.56799
44.9637 0.394275 -2.99854 1.43075 -0.0138793 -0.0182754 -1.56799
44.9637 0.395653 -2.99836 1.43075 -0.0138071 -0.0182696 -1.56798
44.9685 0.39703 -2.99818 1.43076 -0.0137366 -0.0182676 -1.56798
44.9813 0.401166 -2.99763 1.43076 -0.0135341 -0.0182766 -1.56798
44.9877 0.402545 -2.99745 1.43076 -0.0134701 -0.0182824 -1.56798
44.9949 0.403924 -2.99727 1.43076 -0.0134067 -0.0182874 -1.56798
44.997 0.405303 -2.99709 1.43077 -0.0133429 -0.0182926 -1.56798
45.0069 0.406682 -2.99691 1.43077 -0.0132803 -0.0182984 -1.56798
45.0145 0.408062 -2.99673 1.43077 -0.0132185 -0.018303 -1.56798
45.0229 0.409442 -2.99655 1.43077 -0.0131561 -0.0183508 -1.56797
45.0247 0.410822 -2.99637 1.43077 -0.0130937 -0.0183983 -1.56797
45.03 0.412202 -2.9962 1.43077 -0.0130313 -0.0184006 -1.56797
45.0334 0.413582 -2.99602 1.43077 -0.0129699 -0.0184 -1.56797
45.0401 0.414952 -2.99584 1.43077 -0.0129096 -0.018352 -1.56797
45.0523 0.415913 -2.99487 1.43027 -0.0126763 -0.0183019 -1.56791
45.0528 0.417294 -2.9947 1.43027 -0.0126164 -0.0182885 -1.56791
45.0534 0.418675 -2.99453 1.43027 -0.0125564 -0.0182778 -1.56791
45.0587 0.420056 -2.99436 1.43027 -0.0124978 -0.0182743 -1.56791
45.0631 0.421436 -2.99419 1.43028 -0.0124409 -0.018278 -1.56791
45.0683 0.422817 -2.99402 1.43028 -0.0123857 -0.0182877 -1.56791
45.077 0.424198 -2.99385 1.43028 -0.0123318 -0.0183006 -1.56791
45.0792 0.425579 -2.99368 1.43028 -0.012278 -0.018316 -1.56791
45.0823 0.42696 -2.99351 1.43028 -0.0122253 -0.0183319 -1.56791
45.0898 0.428341 -2.99334 1.43028 -0.012174 -0.0183467 -1.56791
45.1059 0.429701 -2.99316 1.43026 -0.0120996 -0.0183647 -1.56791
45.1095 0.431082 -2.99299 1.43026 -0.0120502 -0.0183736 -1.56791
45.1173 0.4321 -2.99197 1.42977 -0.0118513 -0.0183753 -1.56784
45.1194 0.433482 -2.9918 1.42977 -0.0118016 -0.0183768 -1.56784
45.124 0.434863 -2.99164 1.42977 -0.011752 -0.0183756 -1.56784
45.1264 0.436244 -2.99148 1.42977 -0.011702 -0.0183722 -1.56784
45.1449 0.437625 -2.99132 1.42977 -0.0116505 -0.0183669 -1.56784
45.1449 0.439007 -2.99115 1.42977 -0.0115979 -0.0183598 -1.56783
45.1485 0.440388 -2.99099 1.42977 -0.0115449 -0.0183509 -1.56783
45.1519 0.441769 -2.99083 1.42977 -0.0114916 -0.0183421 -1.56783
45.1526 0.44315 -2.99067 1.42977 -0.0114379 -0.018334 -1.56783
45.1583 0.444531 -2.99051 1.42977 -0.0113848 -0.0183269 -1.56783
45.1599 0.445912 -2.99036 1.42977 -0.0113331 -0.0183223 -1.56783
45.1636 0.447293 -2.9902 1.42977 -0.011283 -0.0183193 -1.56783
45.1706 0.448674 -2.99004 1.42977 -0.0112329 -0.0183168 -1.56783
45.1737 0.450054 -2.98988 1.42977 -0.0111834 -0.0183158 -1.56783
45.1817 0.451435 -2.98973 1.42977 -0.0111356 -0.0183154 -1.56784
45.186 0.452815 -2.98957 1.42977 -0.0110881 -0.0183153 -1.56784
45.1994 0.456955 -2.98911 1.42977 -0.0109458 -0.0183192 -1.56784
45.2081 0.458335 -2.98895 1.42977 -0.0108983 -0.0183212 -1.56784
45.2108 0.459715 -2.9888 1.42976 -0.0108489 -0.0183227 -1.56784
45.2181 0.461094 -2.98865 1.42976 -0.0107972 -0.0183233 -1.56784
45.22 0.462473 -2.98849 1.42976 -0.0107442 -0.0183241 -1.56784
45.2321 0.463852 -2.98834 1.42976 -0.0106898 -0.018324 -1.56783
45.233 0.465231 -2.98819 1.42976 -0.0106329 -0.0183228 -1.56783
45.2384 0.46661 -2.98804 1.42976 -0.010574 -0.0183219 -1.56783
45.2452 0.467988 -2.98789 1.42975 -0.010514 -0.018321 -1.56783
45.2474 0.469367 -2.98774 1.42975 -0.0104541 -0.0183193 -1.56783
45.2541 0.470745 -2.98759 1.42975 -0.0103943 -0.0183173 -1.56783
45.2656 0.472122 -2.98744 1.42975 -0.0103352 -0.0183148 -1.56783
45.2716 0.4735 -2.9873 1.42975 -0.010276 -0.0183123 -1.56783
45.2741 0.474877 -2.98715 1.42974 -0.0102173 -0.0183098 -1.56783
45.2774 0.476254 -2.987 1.42974 -0.0101602 -0.018307 -1.56782
45.2784 0.477631 -2.98686 1.42974 -0.0101027 -0.0183043 -1.56782
45.286 0.479007 -2.98671 1.42974 -0.0100451 -0.018302 -1.56782
45.2888 0.480383 -2.98657 1.42973 -0.0099879 -0.0183001 -1.56782
45.2943 0.481759 -2.98642 1.42973 -0.00993031 -0.0182981 -1.56782
45.3043 0.483135 -2.98628 1.42973 -0.00987336 -0.0182973 -1.56782
45.3043 0.48451 -2.98613 1.42972 -0.00981688 -0.0182968 -1.56782
45.3058 0.485885 -2.98599 1.42972 -0.00976023 -0.0182958 -1.56782
45.3095 0.487259 -2.98585 1.42972 -0.0097031 -0.0182951 -1.56782
45.3179 0.488633 -2.98571 1.42972 -0.00964682 -0.0182947 -1.56782
45.3193 0.490007 -2.98557 1.42971 -0.00959186 -0.0182936 -1.56781
45.3238 0.49138 -2.98543 1.42971 -0.0095355 -0.018293 -1.56781
45.3279 0.492753 -2.98529 1.4297 -0.00947861 -0.0182922 -1.56781
45.3332 0.494126 -2.98515 1.4297 -0.0094232 -0.0182909 -1.56781
45.3382 0.495498 -2.98501 1.4297 -0.00936784 -0.0182907 -1.56781
45.351 0.49687 -2.98487 1.42969 -0.00931202 -0.0182912 -1.56781
45.356 0.498241 -2.98473 1.42969 -0.00925591 -0.018293 -1.56781
45.3585 0.499612 -2.98459 1.42969 -0.00919973 -0.0182954 -1.5678
45.3983 0.503445 -2.98346 1.42928 -0.0089362 -0.018287 -1.56773
45.4019 0.504814 -2.98333 1.42928 -0.0088827 -0.0182872 -1.56773
45.402 0.506184 -2.98319 1.42927 -0.00883024 -0.0182868 -1.56773
45.4037 0.507552 -2.98306 1.42927 -0.00877867 -0.0182853 -1.56773
45.4042 0.50892 -2.98293 1.42926 -0.00872711 -0.0182832 -1.56773
45.4061 0.510288 -2.9828 1.42926 -0.0086761 -0.018281 -1.56772
45.4062 0.511655 -2.98267 1.42925 -0.00862491 -0.0182782 -1.56772
45.4073 0.513022 -2.98254 1.42925 -0.00857403 -0.0182763 -1.56772
45.4108 0.514388 -2.98241 1.42924 -0.00852499 -0.0182746 -1.56772
45.414 0.515754 -2.98228 1.42924 -0.00847729 -0.018272 -1.56772
45.4177 0.517119 -2.98215 1.42923 -0.0084307 -0.0182702 -1.56772
45.4219 0.518475 -2.98201 1.42923 -0.0083822 -0.0182695 -1.56772
45.4266 0.519839 -2.98189 1.42922 -0.00833572 -0.0182682 -1.56772
45.444 0.523727 -2.9809 1.42888 -0.00812726 -0.0182471 -1.56765
45.4459 0.525089 -2.98078 1.42887 -0.00808064 -0.0182455 -1.56764
45.4528 0.526451 -2.98065 1.42887 -0.00803356 -0.018244 -1.56764
45.4594 0.527812 -2.98053 1.42886 -0.00798568 -0.018243 -1.56764
45.4595 0.529173 -2.98041 1.42886 -0.00793773 -0.0182416 -1.56764
45.462 0.530533 -2.98029 1.42885 -0.00788986 -0.0182408 -1.56764
45.4666 0.531892 -2.98016 1.42885 -0.00784146 -0.0182398 -1.56764
45.4855 0.533251 -2.98004 1.42884 -0.00779294 -0.0182393 -1.56764
45.4872 0.534609 -2.97992 1.42884 -0.00774416 -0.0182398 -1.56763
45.491 0.535966 -2.9798 1.42884 -0.00769519 -0.0182404 -1.56763
45.4993 0.537323 -2.97968 1.42883 -0.00764563 -0.0182402 -1.56763
45.5025 0.538679 -2.97956 1.42883 -0.00759693 -0.018239 -1.56763
45.5091 0.540035 -2.97945 1.42882 -0.00754968 -0.0182383 -1.56763
45.5117 0.54139 -2.97933 1.42882 -0.00750309 -0.0182383 -1.56762
45.519 0.542744 -2.97921 1.42881 -0.00745747 -0.0182379 -1.56762
45.524 0.544097 -2.97909 1.42881 -0.00741163 -0.0182371 -1.56762
45.5248 0.54545 -2.97898 1.4288 -0.00736576 -0.0182372 -1.56762
45.5279 0.546802 -2.97886 1.4288 -0.00731973 -0.0182377 -1.56762
45.545 0.548154 -2.97875 1.4288 -0.00727251 -0.0182377 -1.56762
45.545 0.549505 -2.97863 1.42879 -0.00722528 -0.0182374 -1.56762
45.547 0.550855 -2.97852 1.42879 -0.00717917 -0.0182376 -1.56762
45.5516 0.552205 -2.9784 1.42878 -0.00713389 -0.0182379 -1.56761
45.5537 0.553554 -2.97829 1.42878 -0.00708948 -0.018238 -1.56761
45.5556 0.554902 -2.97818 1.42878 -0.00704649 -0.0182382 -1.56761
45.5593 0.556249 -2.97807 1.42877 -0.00700475 -0.0182379 -1.56761
45.5637 0.557596 -2.97795 1.42877 -0.00696361 -0.0182367 -1.56761
45.5673 0.558941 -2.97784 1.42876 -0.00692267 -0.0182357 -1.56761
45.5751 0.560287 -2.97773 1.42876 -0.00688199 -0.0182344 -1.56761
45.582 0.561631 -2.97762 1.42876 -0.00684161 -0.018232 -1.5676
45.5849 0.562974 -2.97751 1.42875 -0.00680096 -0.0182298 -1.5676
45.5953 0.564317 -2.9774 1.42875 -0.00675947 -0.0182285 -1.5676
45.5958 0.565659 -2.9773 1.42874 -0.00671705 -0.0182278 -1.5676
45.6043 0.567001 -2.97719 1.42874 -0.00667459 -0.018227 -1.5676
45.6088 0.568341 -2.97708 1.42874 -0.00663137 -0.018226 -1.5676
45.6102 0.569681 -2.97697 1.42873 -0.00658688 -0.0182256 -1.5676
45.6191 0.57102 -2.97687 1.42873 -0.00654343 -0.0182256 -1.5676
45.6238 0.572358 -2.97676 1.42873 -0.00649988 -0.0182257 -1.56759
45.6288 0.573695 -2.97666 1.42872 -0.00645601 -0.0182263 -1.5676
45.6297 0.575032 -2.97655 1.42872 -0.00641328 -0.0182269 -1.5676
45.6315 0.576368 -2.97645 1.42871 -0.00637195 -0.0182266 -1.56759
45.6621 0.577581 -2.97578 1.42845 -0.00630934 -0.0181968 -1.56753
45.6648 0.578916 -2.97567 1.42845 -0.00626721 -0.018195 -1.56753
45.6661 0.580249 -2.97557 1.42844 -0.00622568 -0.0181933 -1.56753
45.6679 0.581582 -2.97547 1.42844 -0.00618529 -0.0181917 -1.56753
45.6694 0.582913 -2.97537 1.42844 -0.00614634 -0.0181899 -1.56753
45.6754 0.584244 -2.97527 1.42843 -0.00610903 -0.0181875 -1.56752
45.6802 0.585574 -2.97517 1.42843 -0.00607246 -0.018185 -1.56752
45.6826 0.586879 -2.97504 1.42841 -0.00602081 -0.0181841 -1.56753
45.705 0.587877 -2.97427 1.42812 -0.00579297 -0.0182265 -1.56749
45.7079 0.589204 -2.97417 1.42812 -0.0057603 -0.0182257 -1.56748
45.7088 0.590531 -2.97408 1.42812 -0.00572746 -0.018224 -1.56748
45.7101 0.591857 -2.97398 1.42812 -0.00569509 -0.0182221 -1.56748
45.7119 0.593181 -2.97389 1.42811 -0.00566262 -0.0182206 -1.56748
45.717 0.594505 -2.97379 1.42811 -0.0056292 -0.0182198 -1.56748
45.7226 0.595828 -2.9737 1.42811 -0.00559469 -0.018219 -1.56748
45.7298 0.597151 -2.97361 1.4281 -0.00555963 -0.0182179 -1.56747
45.7355 0.598469 -2.97351 1.4281 -0.00552486 -0.0182172 -1.56747
45.7449 0.600097 -2.97343 1.42816 -0.00566138 -0.0181541 -1.56742
45.7547 0.601416 -2.97334 1.42816 -0.00562905 -0.0181529 -1.56742
45.7638 0.602735 -2.97325 1.42815 -0.00559896 -0.018153 -1.56743
45.7673 0.604053 -2.97315 1.42815 -0.00557075 -0.0181526 -1.56743
45.7683 0.60537 -2.97306 1.42815 -0.00554456 -0.0181501 -1.56743
45.7708 0.606686 -2.97297 1.42815 -0.00551967 -0.0181473 -1.56743
45.7745 0.608001 -2.97289 1.42814 -0.00549548 -0.0181445 -1.56743
45.7763 0.609315 -2.9728 1.42814 -0.00547167 -0.0181416 -1.56742
45.7836 0.610628 -2.97271 1.42814 -0.00544942 -0.018138 -1.56742
45.8034 0.61194 -2.97262 1.42814 -0.00542806 -0.0181337 -1.56742
45.8069 0.613251 -2.97253 1.42813 -0.00540661 -0.0181295 -1.56742
45.8089 0.614562 -2.97245 1.42813 -0.00538631 -0.018126 -1.56742
45.8181 0.615871 -2.97236 1.42813 -0.00536837 -0.018123 -1.56742
45.8194 0.61718 -2.97228 1.42813 -0.00535177 -0.0181193 -1.56742
45.8299 0.618487 -2.97219 1.42813 -0.00533614 -0.0181168 -1.56742
45.8332 0.619794 -2.97211 1.42812 -0.00532286 -0.0181146 -1.56742
45.8343 0.6211 -2.97202 1.42812 -0.00531149 -0.0181122 -1.56742
45.8348 0.622404 -2.97194 1.42812 -0.00530074 -0.0181106 -1.56742
45.8391 0.623708 -2.97185 1.42812 -0.00528923 -0.0181094 -1.56742
45.8446 0.625011 -2.97177 1.42812 -0.00527702 -0.0181085 -1.56742
45.8479 0.626312 -2.97169 1.42812 -0.00526686 -0.0181077 -1.56742
45.8517 0.627613 -2.97161 1.42811 -0.00525817 -0.0181063 -1.56742
45.8595 0.628913 -2.97153 1.42811 -0.00524894 -0.018104 -1.56742
45.8612 0.630212 -2.97145 1.42811 -0.00524075 -0.0181016 -1.56742
45.8697 0.63151 -2.97137 1.42811 -0.00523337 -0.0180999 -1.56742
45.8778 0.632807 -2.97129 1.42811 -0.00522606 -0.0180979 -1.56742
45.8871 0.634103 -2.97121 1.42811 -0.00521908 -0.0180954 -1.56742
45.8894 0.635397 -2.97113 1.42811 -0.00521196 -0.018093 -1.56742
45.8953 0.636691 -2.97105 1.4281 -0.00520403 -0.0180911 -1.56742
45.8953 0.637984 -2.97098 1.4281 -0.00519562 -0.0180893 -1.56742
45.9012 0.639277 -2.9709 1.4281 -0.00518553 -0.0180875 -1.56742
45.9139 0.640568 -2.97082 1.4281 -0.00517266 -0.0180865 -1.56742
45.9169 0.641858 -2.97075 1.4281 -0.00515818 -0.0180864 -1.56742
45.923 0.643147 -2.97067 1.4281 -0.00514219 -0.0180866 -1.56742
45.9306 0.644435 -2.9706 1.4281 -0.00512519 -0.0180866 -1.56742
45.9313 0.645722 -2.97052 1.4281 -0.00510878 -0.0180871 -1.56742
45.9376 0.647008 -2.97045 1.42809 -0.0050926 -0.0180878 -1.56742
45.9468 0.648291 -2.97038 1.42809 -0.00507674 -0.0180892 -1.56742
45.952 0.649575 -2.9703 1.42809 -0.00506175 -0.0180906 -1.56742
45.957 0.650858 -2.97023 1.42809 -0.00504677 -0.0180912 -1.56741
45.9602 0.652314 -2.97062 1.42777 -0.00491067 -0.0180842 -1.56742
45.9654 0.653596 -2.97055 1.42777 -0.00489735 -0.0180841 -1.56742
45.973 0.654876 -2.97048 1.42777 -0.00488466 -0.0180836 -1.56742
45.9731 0.656156 -2.97042 1.42777 -0.00487238 -0.0180838 -1.56743
45.9747 0.657435 -2.97035 1.42777 -0.00486173 -0.0180833 -1.56743
45.9838 0.658712 -2.97028 1.42777 -0.00485422 -0.0180817 -1.56743
45.9897 0.659989 -2.97022 1.42777 -0.00484847 -0.0180799 -1.56743
45.9941 0.661265 -2.97015 1.42777 -0.0048433 -0.018078 -1.56743
46.0046 0.662202 -2.97015 1.42744 -0.00456142 -0.0180794 -1.56746
46.0088 0.663475 -2.97009 1.42744 -0.00456027 -0.0180364 -1.56746
46.0121 0.664748 -2.97004 1.42744 -0.00455986 -0.0180362 -1.56746
46.0183 0.66602 -2.96998 1.42744 -0.00456006 -0.0180378 -1.56746
46.0184 0.66729 -2.96992 1.42744 -0.00456018 -0.0180453 -1.56746
46.0246 0.66856 -2.96986 1.42744 -0.00455803 -0.0180595 -1.56746
46.0276 0.669829 -2.9698 1.42744 -0.00455396 -0.0180795 -1.56746
46.0304 0.671096 -2.96974 1.42744 -0.00454789 -0.0181419 -1.56746
46.0437 0.672363 -2.96968 1.42744 -0.00454002 -0.018205 -1.56746
46.0471 0.673629 -2.96962 1.42744 -0.00453158 -0.0182277 -1.56746
46.0481 0.674893 -2.96957 1.42744 -0.00452171 -0.0182437 -1.56746
46.0648 0.676157 -2.96951 1.42744 -0.0045119 -0.0182144 -1.56746
46.0658 0.67742 -2.96945 1.42744 -0.00450285 -0.0181768 -1.56746
46.0687 0.678681 -2.9694 1.42744 -0.00449331 -0.0181669 -1.56746
46.0718 0.679942 -2.96934 1.42744 -0.00448409 -0.018152 -1.56746
46.0782 0.681202 -2.96929 1.42744 -0.00447559 -0.0181364 -1.56746
46.0829 0.68246 -2.96923 1.42744 -0.00446838 -0.0181232 -1.56746
46.087 0.683718 -2.96918 1.42744 -0.00446223 -0.0181122 -1.56747
46.0948 0.684975 -2.96912 1.42745 -0.00445787 -0.0181043 -1.56747
46.1031 0.686231 -2.96907 1.42745 -0.00445513 -0.0181007 -1.56747
46.1101 0.687485 -2.96901 1.42745 -0.00445277 -0.0180989 -1.56747
46.1114 0.688739 -2.96896 1.42745 -0.00445129 -0.0180988 -1.56747
46.117 0.689992 -2.96891 1.42746 -0.00444947 -0.0181 -1.56747
46.1217 0.691244 -2.96885 1.42746 -0.00444685 -0.0181022 -1.56748
46.1239 0.692494 -2.9688 1.42746 -0.00444388 -0.0181046 -1.56748
46.1287 0.693744 -2.96874 1.42746 -0.00443944 -0.0181064 -1.56748
46.1317 0.694992 -2.96869 1.42747 -0.00443373 -0.0181073 -1.56748
46.1359 0.69624 -2.96864 1.42747 -0.00442901 -0.0181059 -1.56748
46.1378 0.697487 -2.96859 1.42747 -0.00442473 -0.0181031 -1.56748
46.1437 0.698732 -2.96853 1.42748 -0.00442066 -0.0180987 -1.56748
46.1487 0.699682 -2.96847 1.42754 -0.00475287 -0.0181014 -1.56757
46.1538 0.700042 -2.96837 1.42771 -0.00542011 -0.018112 -1.56774
46.1604 0.700106 -2.96826 1.42793 -0.00608673 -0.0181217 -1.56791
46.1644 0.70017 -2.96815 1.42816 -0.00674895 -0.0181333 -1.56807
46.1693 0.700233 -2.96804 1.42839 -0.00740219 -0.0183405 -1.56821
46.1765 0.700295 -2.96792 1.42861 -0.00808918 -0.01854 -1.56832
46.1892 0.700358 -2.96781 1.42884 -0.00890552 -0.0185332 -1.56842
46.1929 0.700422 -2.96771 1.42908 -0.00993938 -0.0185071 -1.5685
46.1935 0.700487 -2.9676 1.42932 -0.011256 -0.0184463 -1.56858
46.2009 0.700555 -2.9675 1.42957 -0.0128929 -0.0182663 -1.56865
46.2027 0.700625 -2.9674 1.42983 -0.0148538 -0.0180621 -1.56872
46.208 0.700698 -2.9673 1.43009 -0.0171033 -0.0178898 -1.5688
46.2158 0.700774 -2.96721 1.43035 -0.0195747 -0.0177241 -1.56887
46.2172 0.700853 -2.96711 1.43062 -0.0221911 -0.0176215 -1.56893
46.2239 0.700934 -2.96701 1.43089 -0.024873 -0.0175515 -1.569
46.2264 0.701018 -2.96692 1.43116 -0.0275462 -0.0175159 -1.56907
46.2286 0.701105 -2.96682 1.43144 -0.0301457 -0.01751 -1.56913
46.2368 0.701194 -2.96673 1.43172 -0.0326194 -0.0175267 -1.5692
46.2387 0.701286 -2.96663 1.43201 -0.0349227 -0.0175593 -1.56926
46.2459 0.701382 -2.96654 1.43229 -0.0370237 -0.0176018 -1.56933
46.2665 0.701123 -2.96665 1.4323 -0.0386445 -0.0176911 -1.56942
46.2725 0.701439 -2.96639 1.43316 -0.0430274 -0.0178149 -1.56962
46.2821 0.701553 -2.96631 1.43344 -0.0440802 -0.0178513 -1.56969
46.287 0.701674 -2.96622 1.43373 -0.044954 -0.0178869 -1.56975
46.2974 0.701393 -2.96641 1.4338 -0.0454234 -0.0179623 -1.56985
46.3002 0.70152 -2.96633 1.43407 -0.0459908 -0.0179945 -1.56992
46.3042 0.701653 -2.96625 1.43434 -0.0464255 -0.0180241 -1.56998
46.3153 0.701792 -2.96617 1.43461 -0.0467402 -0.018051 -1.57004
46.3185 0.701935 -2.96609 1.43487 -0.0469446 -0.0180745 -1.5701
46.323 0.702085 -2.96602 1.43513 -0.0470473 -0.0180951 -1.57016
46.323 0.70224 -2.96594 1.43538 -0.0470565 -0.0181141 -1.57022
46.3292 0.7024 -2.96586 1.43563 -0.0469792 -0.018132 -1.57028
46.348 0.702567 -2.96579 1.43587 -0.0468213 -0.0181482 -1.57033
46.349 0.702739 -2.96571 1.4361 -0.046587 -0.0181636 -1.57039
46.358 0.703456 -2.96543 1.43699 -0.0471843 -0.0182128 -1.57055
46.3632 0.703639 -2.96536 1.43719 -0.0477476 -0.0181748 -1.57059
46.3685 0.703819 -2.96529 1.43739 -0.0482894 -0.0181391 -1.57062
46.3783 0.703998 -2.96523 1.43758 -0.0488023 -0.0181586 -1.57064
46.3806 0.704174 -2.96516 1.43776 -0.049286 -0.0181908 -1.57065
46.382 0.704348 -2.96509 1.43794 -0.0497404 -0.0182339 -1.57066
46.3861 0.704519 -2.96503 1.4381 -0.0501655 -0.0182822 -1.57066
46.3903 0.704687 -2.96496 1.43826 -0.0505628 -0.0183284 -1.57067
46.393 0.704853 -2.9649 1.4384 -0.0509333 -0.0183679 -1.57067
46.3963 0.705017 -2.96484 1.43854 -0.0512766 -0.0183974 -1.57067
46.4009 0.705177 -2.96477 1.43867 -0.0515943 -0.0184157 -1.57068
46.4057 0.705336 -2.96471 1.43879 -0.0518883 -0.0184229 -1.57068
46.4137 0.705492 -2.96465 1.4389 -0.0521581 -0.0184231 -1.57068
46.4154 0.705646 -2.96459 1.43901 -0.0524026 -0.018422 -1.57069
46.4199 0.705798 -2.96454 1.43911 -0.0526227 -0.0184215 -1.57069
46.4227 0.705947 -2.96448 1.4392 -0.0528199 -0.0184221 -1.57069
46.4328 0.706094 -2.96442 1.43928 -0.0529939 -0.0184232 -1.5707
46.4472 0.706239 -2.96436 1.43935 -0.053145 -0.0184238 -1.5707
46.4495 0.706382 -2.9643 1.43942 -0.0532745 -0.0184243 -1.57071
46.4584 0.706523 -2.96424 1.43948 -0.0533826 -0.0184248 -1.57071
46.4766 0.706661 -2.96418 1.43954 -0.0534702 -0.0184555 -1.57071
46.4766 0.706798 -2.96412 1.43958 -0.0535372 -0.0184817 -1.5707
46.4783 0.706933 -2.96406 1.43962 -0.0535832 -0.0184749 -1.57071
46.4807 0.707066 -2.964 1.43966 -0.0536096 -0.0184706 -1.57071
46.4836 0.707197 -2.96395 1.43969 -0.0536169 -0.0184666 -1.57071
46.4879 0.707326 -2.96389 1.43971 -0.0536047 -0.018462 -1.57071
46.4945 0.707453 -2.96383 1.43973 -0.0535744 -0.0184569 -1.57071
46.4978 0.707579 -2.96377 1.43974 -0.0535273 -0.0184535 -1.57072
46.5005 0.707703 -2.96371 1.43974 -0.0534636 -0.0184518 -1.57072
46.5043 0.707826 -2.96365 1.43974 -0.0533841 -0.0184505 -1.57072
46.511 0.707947 -2.9636 1.43974 -0.0532892 -0.01845 -1.57072
46.5151 0.708066 -2.96354 1.43973 -0.0531786 -0.0184499 -1.57072
46.5198 0.708185 -2.96348 1.43972 -0.053053 -0.0184497 -1.57072
46.5308 0.708301 -2.96342 1.4397 -0.0529142 -0.0184493 -1.57072
46.5318 0.708417 -2.96336 1.43967 -0.0527619 -0.0184481 -1.57072
46.5382 0.708531 -2.96331 1.43965 -0.0525958 -0.0184475 -1.57072
46.5491 0.708645 -2.96325 1.43962 -0.0524185 -0.0184478 -1.57072
46.5535 0.708757 -2.96319 1.43958 -0.0522297 -0.018448 -1.57072
46.5644 0.708868 -2.96313 1.43954 -0.0520285 -0.0184481 -1.57072
46.5672 0.708977 -2.96308 1.4395 -0.0518163 -0.0184486 -1.57072
46.5696 0.709086 -2.96302 1.43945 -0.0515934 -0.0184495 -1.57072
46.5726 0.709194 -2.96296 1.43941 -0.0513605 -0.0184492 -1.57073
46.5812 0.709301 -2.9629 1.43935 -0.0511177 -0.0184472 -1.57073
46.5836 0.709407 -2.96285 1.4393 -0.0508643 -0.0184439 -1.57073
46.6169 0.709561 -2.96304 1.43884 -0.0498338 -0.0184551 -1.57076
46.6169 0.709667 -2.96299 1.43877 -0.0495472 -0.0184475 -1.57076
46.6169 0.709773 -2.96294 1.4387 -0.0492537 -0.0184385 -1.57076
46.6201 0.709878 -2.96288 1.43863 -0.0489534 -0.0184274 -1.57076
46.6233 0.709983 -2.96283 1.43856 -0.0486461 -0.0184151 -1.57076
46.6264 0.710087 -2.96278 1.43849 -0.0483323 -0.0184026 -1.57076
46.6264 0.71019 -2.96272 1.43841 -0.0480127 -0.0183906 -1.57076
46.6288 0.710293 -2.96267 1.43833 -0.0476875 -0.0183786 -1.57076
46.6315 0.710426 -2.96261 1.43825 -0.0473563 -0.0183654 -1.57076
46.6497 0.709567 -2.96263 1.43783 -0.0467317 -0.0183961 -1.57081
46.6512 0.709667 -2.96258 1.43775 -0.0463906 -0.0183818 -1.5708
46.652 0.709767 -2.96253 1.43766 -0.0460445 -0.0183665 -1.5708
46.6529 0.709866 -2.96248 1.43758 -0.0456937 -0.0183497 -1.5708
46.6569 0.709966 -2.96243 1.43749 -0.0453392 -0.0183307 -1.5708
46.657 0.710065 -2.96238 1.4374 -0.0449823 -0.0183089 -1.5708
46.6639 0.710163 -2.96233 1.43731 -0.0446233 -0.0182844 -1.57079
46.6723 0.710262 -2.96229 1.43722 -0.0442618 -0.0182583 -1.57079
46.6725 0.71036 -2.96224 1.43712 -0.0438985 -0.0182305 -1.57079
46.6729 0.710459 -2.96219 1.43703 -0.0435333 -0.018201 -1.57078
46.6777 0.710557 -2.96214 1.43694 -0.0431662 -0.0181716 -1.57078
46.6818 0.710655 -2.96209 1.43685 -0.0427977 -0.0181418 -1.57077
46.7134 0.709108 -2.96172 1.43631 -0.0420763 -0.0181589 -1.57084
46.7153 0.709202 -2.96168 1.43621 -0.0417041 -0.0181281 -1.57083
46.7217 0.709296 -2.96164 1.43612 -0.0413304 -0.0180987 -1.57082
46.7331 0.70939 -2.96159 1.43602 -0.0409547 -0.0180711 -1.57082
46.736 0.709483 -2.96155 1.43592 -0.0405774 -0.0180431 -1.57081
46.7419 0.709577 -2.96151 1.43583 -0.0402005 -0.0180143 -1.5708
46.742 0.70967 -2.96147 1.43573 -0.0398245 -0.0179859 -1.57079
46.7507 0.709952 -2.96134 1.43544 -0.0386994 -0.0179008 -1.57075
46.7557 0.710046 -2.9613 1.43534 -0.0383247 -0.0178721 -1.57074
46.7603 0.71014 -2.96126 1.43525 -0.0379504 -0.0178436 -1.57073
46.7647 0.710234 -2.96122 1.43515 -0.0375772 -0.0178162 -1.57071
46.7706 0.710329 -2.96118 1.43506 -0.0372051 -0.0177905 -1.57069
46.7737 0.710423 -2.96114 1.43496 -0.0368342 -0.0177666 -1.57067
46.7799 0.710518 -2.9611 1.43487 -0.0364653 -0.0177452 -1.57065
46.791 0.710613 -2.96106 1.43477 -0.0360974 -0.0177257 -1.57063
46.7981 0.710708 -2.96102 1.43468 -0.0357307 -0.017709 -1.57061
46.7999 0.710803 -2.96098 1.43459 -0.0353655 -0.0176949 -1.57059
46.806 0.710898 -2.96094 1.43449 -0.0350018 -0.0176813 -1.57057
46.8096 0.710993 -2.9609 1.4344 -0.0346403 -0.0176681 -1.57054
46.8165 0.711089 -2.96086 1.43431 -0.0342811 -0.0176556 -1.57051
46.8262 0.711185 -2.96082 1.43422 -0.033924 -0.0176428 -1.57049
46.83 0.711281 -2.96078 1.43413 -0.0335699 -0.0176295 -1.57046
46.831 0.711377 -2.96074 1.43404 -0.0332188 -0.0176165 -1.57043
46.8365 0.711474 -2.9607 1.43395 -0.0328693 -0.0176041 -1.5704
46.8406 0.711571 -2.96066 1.43386 -0.0325228 -0.0175928 -1.57036
46.8426 0.711668 -2.96063 1.43377 -0.0321787 -0.0175829 -1.57033
46.8484 0.711765 -2.96059 1.43369 -0.0318366 -0.0175748 -1.5703
46.8521 0.711862 -2.96055 1.4336 -0.0314974 -0.0175684 -1.57026
46.8657 0.71196 -2.96051 1.43352 -0.0311617 -0.0175627 -1.57022
46.8688 0.712058 -2.96048 1.43343 -0.0308281 -0.0175586 -1.57018
46.8714 0.712156 -2.96044 1.43335 -0.0304981 -0.017555 -1.57014
46.8757 0.712254 -2.9604 1.43327 -0.0301721 -0.0175514 -1.5701
46.877 0.712353 -2.96037 1.43319 -0.0298465 -0.0175021 -1.57007
46.8963 0.712613 -2.96027 1.43296 -0.0288928 -0.0173612 -1.56996
46.8968 0.710158 -2.95947 1.43227 -0.028176 -0.0174131 -1.56999
46.8995 0.710251 -2.95943 1.4322 -0.0278795 -0.0178736 -1.5699
46.9123 0.710346 -2.95938 1.43212 -0.0276452 -0.0183573 -1.56977
46.914 0.710443 -2.95935 1.43204 -0.0274516 -0.018422 -1.56967
46.9141 0.710542 -2.95933 1.43196 -0.0272229 -0.0185732 -1.56955
46.9218 0.710639 -2.95931 1.43189 -0.0269518 -0.0186078 -1.56945
46.9261 0.710734 -2.95931 1.43182 -0.0266666 -0.0185281 -1.56936
46.9318 0.710829 -2.95931 1.43176 -0.0263875 -0.0184611 -1.56925
46.9466 0.710924 -2.95932 1.4317 -0.0261136 -0.0183813 -1.56913
46.9486 0.711019 -2.95932 1.43164 -0.0258505 -0.0183594 -1.56898
46.9541 0.711114 -2.95934 1.43158 -0.0255932 -0.0183071 -1.56883
46.9602 0.71121 -2.95935 1.43152 -0.0253463 -0.0183172 -1.56866
46.9663 0.711306 -2.95937 1.43147 -0.0251116 -0.0183989 -1.56847
46.9729 0.711366 -2.9594 1.43142 -0.0248836 -0.0184651 -1.56828
46.9863 0.707405 -2.95765 1.43032 -0.024063 -0.0185877 -1.56816
46.9989 0.707493 -2.95769 1.43027 -0.0238512 -0.0186709 -1.56795
47.0026 0.707581 -2.95773 1.43023 -0.0236452 -0.0187488 -1.56772
47.0042 0.707668 -2.95778 1.43019 -0.0234435 -0.0187748 -1.56747
47.0096 0.707756 -2.95783 1.43014 -0.0232477 -0.0187808 -1.56722
47.0119 0.707844 -2.95789 1.43011 -0.0230581 -0.0188053 -1.56696
47.0162 0.707933 -2.95795 1.43007 -0.0228741 -0.0188144 -1.56669
47.0205 0.708021 -2.95801 1.43004 -0.0226953 -0.0188118 -1.56641
47.0288 0.70811 -2.95808 1.43 -0.0225215 -0.0188012 -1.56612
47.0352 0.70818 -2.95815 1.42997 -0.0223526 -0.0187846 -1.56583
47.0372 0.708269 -2.95822 1.42994 -0.0221873 -0.0187624 -1.56552
47.0464 0.704034 -2.95627 1.4289 -0.0214823 -0.0187716 -1.56529
47.0603 0.704113 -2.95636 1.42888 -0.0213297 -0.0187753 -1.56498
47.0603 0.704193 -2.95645 1.42885 -0.0211822 -0.0187801 -1.56465
47.0639 0.704272 -2.95654 1.42883 -0.0210371 -0.018727 -1.56433
47.0743 0.704352 -2.95664 1.42881 -0.020897 -0.018673 -1.56399
47.0746 0.704432 -2.95675 1.42879 -0.0207644 -0.0186808 -1.56366
47.0815 0.704513 -2.95686 1.42877 -0.0206339 -0.0186458 -1.56332
47.0847 0.704593 -2.95697 1.42875 -0.0205062 -0.0185746 -1.56297
47.092 0.704674 -2.95709 1.42874 -0.0203877 -0.018595 -1.56262
47.1054 0.704755 -2.95721 1.42872 -0.0202736 -0.018617 -1.56227
47.108 0.704836 -2.95733 1.42871 -0.0201616 -0.0185909 -1.56191
47.109 0.704918 -2.95746 1.4287 -0.020051 -0.0185195 -1.56155
47.117 0.704999 -2.9576 1.42869 -0.019944 -0.0184499 -1.56119
47.1321 0.705081 -2.95774 1.42868 -0.0198439 -0.0184288 -1.56083
47.1321 0.705164 -2.95788 1.42867 -0.0197489 -0.0184108 -1.56046
47.1321 0.705246 -2.95802 1.42867 -0.019658 -0.018399 -1.56009
47.141 0.705329 -2.95818 1.42867 -0.0195714 -0.018396 -1.55972
47.1477 0.705412 -2.95833 1.42866 -0.0194915 -0.0184363 -1.55934
47.1526 0.705495 -2.95849 1.42866 -0.0194159 -0.0184844 -1.55896
47.1652 0.705746 -2.95899 1.42866 -0.0192047 -0.0185226 -1.55781
47.1683 0.70583 -2.95917 1.42867 -0.0191387 -0.0184784 -1.55743
47.1714 0.705915 -2.95936 1.42867 -0.0190758 -0.0184263 -1.55705
47.1762 0.705999 -2.95955 1.42868 -0.0190188 -0.0184154 -1.55666
47.1801 0.706084 -2.95974 1.42869 -0.0189659 -0.0184018 -1.55627
47.1886 0.706169 -2.95994 1.4287 -0.0189162 -0.0183907 -1.55588
47.1951 0.706254 -2.96014 1.42871 -0.0188697 -0.0183832 -1.55549
47.2046 0.706339 -2.96035 1.42872 -0.0188292 -0.0184147 -1.5551
47.2107 0.706425 -2.96055 1.42873 -0.0187918 -0.0184471 -1.55471
47.2139 0.706511 -2.96077 1.42875 -0.0187543 -0.0184072 -1.55432
47.2256 0.706597 -2.96099 1.42876 -0.0187199 -0.0183645 -1.55392
47.2308 0.706683 -2.96121 1.42878 -0.0186893 -0.0183523 -1.55353
47.2379 0.70677 -2.96144 1.4288 -0.0186613 -0.0183363 -1.55313
47.2439 0.706857 -2.96167 1.42881 -0.0186362 -0.0183188 -1.55273
47.2469 0.706944 -2.96191 1.42883 -0.0186138 -0.0183034 -1.55233
47.2494 0.707031 -2.96215 1.42885 -0.0185942 -0.0182915 -1.55193
47.2545 0.707118 -2.96239 1.42887 -0.0185783 -0.0182816 -1.55153
47.2546 0.707205 -2.96264 1.4289 -0.0185648 -0.0182723 -1.55113
47.2608 0.707293 -2.96289 1.42892 -0.0185538 -0.0182631 -1.55073
47.2715 0.707325 -2.96311 1.42893 -0.0185405 -0.0182554 -1.55033
47.2729 0.707413 -2.96337 1.42896 -0.0185345 -0.0182455 -1.54992
47.2771 0.702389 -2.96131 1.42785 -0.0179728 -0.0182717 -1.54959
47.2847 0.702466 -2.96159 1.42787 -0.0179698 -0.0182588 -1.54918
47.2871 0.702543 -2.96187 1.4279 -0.0179694 -0.0182444 -1.54878
47.2926 0.70262 -2.96215 1.42793 -0.0179718 -0.0182281 -1.54837
47.3031 0.702697 -2.96244 1.42795 -0.0179763 -0.0182105 -1.54797
47.3063 0.702774 -2.96273 1.42798 -0.0179845 -0.0182329 -1.54756
47.3097 0.702852 -2.96303 1.42801 -0.0179948 -0.0182543 -1.54715
47.3137 0.702929 -2.96333 1.42804 -0.0180029 -0.018192 -1.54675
47.3175 0.702053 -2.9623 1.42795 -0.0177109 -0.018276 -1.54636
47.3217 0.696806 -2.95982 1.42676 -0.0171211 -0.0183539 -1.54601
47.4288 0.696871 -2.96014 1.42679 -0.0171373 -0.0183313 -1.5456
47.5157 0.696936 -2.96046 1.42682 -0.0171535 -0.0182696 -1.5452
47.5183 0.697001 -2.96079 1.42686 -0.0171736 -0.0182515 -1.54479
47.5212 0.697067 -2.96112 1.42689 -0.0171955 -0.0182362 -1.54439
47.5256 0.697133 -2.96145 1.42692 -0.0172217 -0.018265 -1.54398
47.529 0.697199 -2.96179 1.42695 -0.0172503 -0.0182966 -1.54357
47.533 0.697265 -2.96213 1.42699 -0.0172791 -0.0182896 -1.54317
47.5369 0.697331 -2.96248 1.42702 -0.0173093 -0.0182814 -1.54276
47.5415 0.697397 -2.96283 1.42706 -0.0173409 -0.0182667 -1.54236
47.5449 0.697463 -2.96318 1.42709 -0.0173745 -0.0182447 -1.54195
47.5502 0.69753 -2.96354 1.42713 -0.0174095 -0.0182182 -1.54154
47.5623 0.697596 -2.96391 1.42717 -0.0174455 -0.0181881 -1.54114
47.5662 0.697663 -2.96428 1.42721 -0.0174857 -0.018197 -1.54073
47.5702 0.69773 -2.96465 1.42725 -0.0175279 -0.0182066 -1.54032
47.5758 0.697796 -2.96503 1.42729 -0.01757 -0.018176 -1.53991
47.5778 0.697864 -2.96541 1.42733 -0.0176137 -0.0181454 -1.53951
47.5835 0.697931 -2.9658 1.42737 -0.0176588 -0.0181133 -1.5391
47.5857 0.697998 -2.96619 1.42741 -0.0177056 -0.0180788 -1.53869
47.5909 0.698065 -2.96658 1.42745 -0.017756 -0.0180855 -1.53828
47.5964 0.698133 -2.96698 1.42749 -0.0178074 -0.0180942 -1.53787
47.5984 0.6982 -2.96739 1.42753 -0.0178584 -0.0180636 -1.53746
47.6058 0.698268 -2.9678 1.42758 -0.0179117 -0.0180335 -1.53706
47.6353 0.698336 -2.96822 1.42762 -0.0179642 -0.0179616 -1.53665
47.6383 0.698403 -2.96864 1.42767 -0.0180189 -0.0178878 -1.53624
47.6453 0.698471 -2.96907 1.42771 -0.018077 -0.0178543 -1.53583
47.6493 0.69854 -2.9695 1.42776 -0.0181356 -0.0178236 -1.53542
47.6524 0.698608 -2.96993 1.42781 -0.0181957 -0.017799 -1.53501
47.6615 0.693002 -2.96732 1.42656 -0.0176139 -0.0178659 -1.53466
47.6622 0.693058 -2.96776 1.42661 -0.0176798 -0.0178943 -1.53425
47.6653 0.693115 -2.96822 1.42666 -0.017747 -0.0179252 -1.53383
47.6695 0.693172 -2.96867 1.4267 -0.0178133 -0.0179149 -1.53342
47.6751 0.693228 -2.96914 1.42675 -0.0178807 -0.0179011 -1.533
47.6784 0.693285 -2.9696 1.4268 -0.0179494 -0.0178805 -1.53258
47.6838 0.693342 -2.97007 1.42685 -0.018019 -0.0178522 -1.53217
47.6877 0.693399 -2.97055 1.4269 -0.0180878 -0.0177768 -1.53175
47.7761 0.693456 -2.97104 1.42695 -0.0181568 -0.0176945 -1.53133
47.78 0.693513 -2.97152 1.427 -0.0182284 -0.017648 -1.53091
47.7837 0.69357 -2.97201 1.42705 -0.0183023 -0.017603 -1.53049
47.7934 0.693628 -2.97251 1.4271 -0.0183808 -0.0176064 -1.53007
47.7934 0.693685 -2.97301 1.42715 -0.0184607 -0.0176169 -1.52964
47.7985 0.693743 -2.97351 1.4272 -0.0185396 -0.0175904 -1.52922
47.8008 0.6938 -2.97402 1.42725 -0.0186197 -0.0175658 -1.52879
47.8095 0.693858 -2.97453 1.42731 -0.0187005 -0.017539 -1.52836
47.811 0.693915 -2.97505 1.42736 -0.0187827 -0.0175082 -1.52793
47.815 0.693973 -2.97557 1.42741 -0.0188646 -0.0174746 -1.52749
47.8208 0.694031 -2.9761 1.42747 -0.0189472 -0.0174397 -1.52706
47.8247 0.694089 -2.97663 1.42752 -0.019032 -0.0174041 -1.52662
47.8275 0.694147 -2.97716 1.42758 -0.0191185 -0.0173686 -1.52618
47.8303 0.694204 -2.9777 1.42763 -0.0192043 -0.0173344 -1.52573
47.8366 0.694266 -2.97825 1.42769 -0.0192901 -0.0173012 -1.52528
47.843 0.694324 -2.9788 1.42774 -0.0193778 -0.0172698 -1.52484
47.8505 0.689386 -2.97675 1.42664 -0.0189233 -0.0173111 -1.52441
47.8518 0.689434 -2.97731 1.42669 -0.0190115 -0.0172828 -1.52396
47.8551 0.689482 -2.97788 1.42675 -0.0191015 -0.017256 -1.52351
47.8631 0.68953 -2.97845 1.4268 -0.0191921 -0.0172302 -1.52305
47.8683 0.689578 -2.97903 1.42686 -0.0192827 -0.0172047 -1.52258
47.8752 0.689627 -2.97961 1.42691 -0.019374 -0.0171791 -1.52212
47.8767 0.689675 -2.98019 1.42697 -0.0194665 -0.0171533 -1.52165
47.8858 0.689723 -2.98078 1.42703 -0.019559 -0.0171261 -1.52118
47.8918 0.689772 -2.98137 1.42708 -0.019652 -0.0170978 -1.5207
47.892 0.68982 -2.98197 1.42714 -0.0197466 -0.0170698 -1.52023
47.8986 0.689869 -2.98257 1.4272 -0.0198423 -0.0170413 -1.51975
47.899 0.689917 -2.98317 1.42726 -0.0199383 -0.0170118 -1.51927
47.903 0.689966 -2.98378 1.42732 -0.020035 -0.016981 -1.51878
47.9056 0.690015 -2.9844 1.42737 -0.020133 -0.0169492 -1.5183
47.9109 0.690064 -2.98502 1.42743 -0.0202322 -0.0169167 -1.51781
47.9162 0.690113 -2.98564 1.42749 -0.0203284 -0.0168293 -1.51732
47.9172 0.690162 -2.98627 1.42755 -0.0204249 -0.016742 -1.51683
47.9268 0.690211 -2.9869 1.42761 -0.0205267 -0.0167085 -1.51633
47.9302 0.69026 -2.98753 1.42767 -0.0206295 -0.0166746 -1.51583
47.9327 0.690309 -2.98817 1.42773 -0.0207329 -0.0166425 -1.51532
47.9359 0.690358 -2.98881 1.4278 -0.0208375 -0.0166149 -1.51481
47.9445 0.690408 -2.98945 1.42786 -0.0209432 -0.0165914 -1.5143
47.9519 0.690457 -2.9901 1.42792 -0.021049 -0.0165702 -1.51378
47.9529 0.690507 -2.99076 1.42798 -0.0211562 -0.0165489 -1.51326
47.9546 0.690556 -2.99141 1.42804 -0.0212646 -0.0165242 -1.51274
47.9681 0.690606 -2.99207 1.42811 -0.0213726 -0.0164971 -1.51221
47.9704 0.690656 -2.99273 1.42817 -0.0214809 -0.0164675 -1.51168
47.9726 0.690706 -2.9934 1.42823 -0.0215912 -0.016434 -1.51114
47.9777 0.690756 -2.99407 1.4283 -0.0217029 -0.0163973 -1.5106
47.9816 0.690806 -2.99475 1.42836 -0.0218153 -0.0163584 -1.51006
47.9846 0.690856 -2.99542 1.42843 -0.0219283 -0.016318 -1.50951
47.9901 0.690906 -2.9961 1.42849 -0.0220422 -0.0162766 -1.50896
47.9921 0.690957 -2.99679 1.42856 -0.022157 -0.0162337 -1.5084
48.0023 0.691007 -2.99748 1.42862 -0.0222733 -0.0161893 -1.50784
48.009 0.691058 -2.99817 1.42869 -0.0223902 -0.0161444 -1.50727
48.013 0.691108 -2.99886 1.42875 -0.0225072 -0.0160979 -1.5067
48.0166 0.691159 -2.99956 1.42882 -0.0226249 -0.0160506 -1.50612
48.0259 0.69121 -3.00026 1.42889 -0.0227439 -0.0160042 -1.50554
48.0369 0.691261 -3.00097 1.42895 -0.0228648 -0.0159589 -1.50495
48.0416 0.691313 -3.00167 1.42902 -0.0229864 -0.0159162 -1.50436
48.0448 0.691364 -3.00238 1.42909 -0.0231096 -0.015877 -1.50377
48.054 0.691416 -3.0031 1.42916 -0.0232352 -0.01584 -1.50317
48.0542 0.691468 -3.00382 1.42923 -0.0233624 -0.0158042 -1.50257
48.0568 0.69152 -3.00454 1.4293 -0.0234913 -0.0157688 -1.50196
48.0608 0.691572 -3.00526 1.42937 -0.0236216 -0.0157326 -1.50135
48.0672 0.691625 -3.00599 1.42944 -0.0237526 -0.0156942 -1.50073
48.0722 0.691677 -3.00672 1.42951 -0.0238847 -0.0156529 -1.50011
48.0762 0.69173 -3.00745 1.42958 -0.0240183 -0.0156081 -1.49948
48.0784 0.691783 -3.00819 1.42965 -0.0241525 -0.0155579 -1.49885
48.0837 0.691837 -3.00893 1.42972 -0.0242879 -0.0155034 -1.49821
48.0922 0.69189 -3.00967 1.4298 -0.0244248 -0.0154475 -1.49756
48.0971 0.691944 -3.01042 1.42987 -0.0245624 -0.0153916 -1.49691
48.1057 0.691998 -3.01117 1.42995 -0.0247017 -0.0153368 -1.49625
48.1113 0.692052 -3.01192 1.43002 -0.0248434 -0.0152839 -1.49558
48.1342 0.68651 -3.00989 1.42878 -0.0244147 -0.0153249 -1.49494
48.1397 0.686554 -3.01065 1.42885 -0.02456 -0.0152753 -1.49426
48.1466 0.686598 -3.01141 1.42893 -0.0247062 -0.0152279 -1.49357
48.1483 0.686643 -3.01218 1.429 -0.0248539 -0.0151819 -1.49287
48.1535 0.686688 -3.01295 1.42908 -0.0250032 -0.0151357 -1.49217
48.1552 0.686742 -3.01372 1.42916 -0.0251544 -0.0150883 -1.49146
48.1572 0.686788 -3.0145 1.42923 -0.0253085 -0.0150389 -1.49075
48.1637 0.681662 -3.01234 1.42809 -0.0249267 -0.0150902 -1.49002
48.1747 0.681699 -3.01312 1.42817 -0.0250835 -0.0150331 -1.4893
48.178 0.681736 -3.01391 1.42825 -0.0252427 -0.0149738 -1.48857
48.1786 0.681774 -3.0147 1.42832 -0.0254036 -0.0149117 -1.48783
48.1887 0.681812 -3.01549 1.4284 -0.0255667 -0.0148483 -1.48708
48.1968 0.68185 -3.01628 1.42848 -0.0257318 -0.014785 -1.48633
48.2028 0.681889 -3.01708 1.42857 -0.0258993 -0.0147221 -1.48556
48.2029 0.681928 -3.01788 1.42865 -0.0260689 -0.01466 -1.48479
48.2042 0.681932 -3.01866 1.42875 -0.0254544 -0.0151912 -1.48402
48.2043 0.681868 -3.01941 1.42888 -0.0240686 -0.0163166 -1.48325
48.2131 0.681755 -3.02012 1.42902 -0.0227022 -0.0174393 -1.4825
48.2183 0.681658 -3.02085 1.42917 -0.0212833 -0.0186402 -1.48177
48.2196 0.678432 -3.01971 1.42848 -0.0194394 -0.0200147 -1.48108
48.2303 0.678326 -3.02045 1.42864 -0.01812 -0.0211225 -1.48042
48.2388 0.678226 -3.0212 1.4288 -0.0169968 -0.0219669 -1.4798
48.2445 0.678132 -3.02196 1.42897 -0.0161072 -0.0225785 -1.4792
48.2507 0.678043 -3.02273 1.42915 -0.0154767 -0.0228177 -1.47863
48.2559 0.677959 -3.02351 1.42933 -0.0151105 -0.0228384 -1.47808
48.2574 0.67788 -3.02429 1.42953 -0.0149932 -0.0226827 -1.47754
48.2646 0.677806 -3.02509 1.42973 -0.015078 -0.0223995 -1.47703
48.2649 0.677736 -3.02588 1.42993 -0.0153199 -0.0221259 -1.47654
48.2695 0.67767 -3.02669 1.43014 -0.0156694 -0.0218286 -1.47607
48.2718 0.677608 -3.0275 1.43036 -0.0160825 -0.0215674 -1.47562
48.2885 0.67755 -3.02831 1.43058 -0.0165271 -0.0213444 -1.4752
48.292 0.677494 -3.02913 1.4308 -0.0169773 -0.0211938 -1.4748
48.2949 0.677443 -3.02995 1.43103 -0.0174153 -0.0210931 -1.47442
48.2984 0.677394 -3.03078 1.43126 -0.0178311 -0.0210361 -1.47406
48.3063 0.677349 -3.03161 1.4315 -0.0182178 -0.0210146 -1.47372
48.3074 0.677307 -3.03245 1.43173 -0.0185742 -0.0209668 -1.47341
48.3121 0.677269 -3.0333 1.43197 -0.01889 -0.0209331 -1.47311
48.325 0.677235 -3.03414 1.4322 -0.0191609 -0.0209538 -1.47284
48.3262 0.677203 -3.035 1.43244 -0.0193945 -0.0209689 -1.47258
48.3303 0.677175 -3.03585 1.43268 -0.0195932 -0.0209742 -1.47235
48.3331 0.677151 -3.03672 1.43291 -0.0197622 -0.0209663 -1.47214
48.3369 0.677131 -3.03758 1.43315 -0.0199062 -0.0208993 -1.47194
48.342 0.677114 -3.03846 1.43338 -0.0200272 -0.0208105 -1.47177
48.3488 0.677101 -3.03933 1.43361 -0.0201286 -0.0207421 -1.47161
48.3514 0.677092 -3.04022 1.43385 -0.0202164 -0.0206601 -1.47147
48.3623 0.677086 -3.0411 1.43408 -0.0202939 -0.02057 -1.47135
48.3646 0.677084 -3.04199 1.4343 -0.0203631 -0.0204742 -1.47124
48.3718 0.675945 -3.04208 1.4343 -0.0203247 -0.0204023 -1.47114
48.3787 0.675947 -3.04298 1.43452 -0.0203766 -0.0203032 -1.47107
48.3804 0.675954 -3.04388 1.43474 -0.0204203 -0.0202043 -1.47101
48.3863 0.673527 -3.0433 1.43427 -0.0201279 -0.0201983 -1.47097
48.389 0.673536 -3.04421 1.43449 -0.0201524 -0.0201011 -1.47095
48.3957 0.67355 -3.04513 1.4347 -0.0201676 -0.0200048 -1.47094
48.4025 0.673568 -3.04605 1.43491 -0.0201737 -0.0199097 -1.47095
48.4125 0.673589 -3.04697 1.43511 -0.0201715 -0.0198172 -1.47097
48.4158 0.673614 -3.04791 1.43531 -0.0201611 -0.0197277 -1.47101
48.4159 0.673643 -3.04884 1.43551 -0.0201314 -0.0195975 -1.47106
48.4175 0.673676 -3.04978 1.43571 -0.0200939 -0.0194703 -1.47113
48.4193 0.673712 -3.05073 1.4359 -0.0200602 -0.0193896 -1.47121
48.4251 0.673753 -3.05167 1.43609 -0.0200202 -0.0193133 -1.47131
48.4309 0.673797 -3.05263 1.43627 -0.0199759 -0.0192432 -1.47141
48.4359 0.673844 -3.05358 1.43646 -0.0199289 -0.0191796 -1.47153
48.4445 0.673896 -3.05454 1.43663 -0.0198787 -0.0191193 -1.47166
48.449 0.673951 -3.05551 1.43681 -0.0198251 -0.0190597 -1.47181
48.451 0.67401 -3.05648 1.43698 -0.0197692 -0.0189993 -1.47197
48.4571 0.674067 -3.05745 1.43716 -0.0195875 -0.0190313 -1.47214
48.4595 0.674116 -3.05842 1.43733 -0.0192709 -0.019163 -1.47231
48.4634 0.674162 -3.05939 1.43751 -0.0189357 -0.0193058 -1.4725
48.4674 0.67421 -3.06036 1.43768 -0.0185885 -0.0194534 -1.4727
48.4708 0.674261 -3.06134 1.43785 -0.0182396 -0.0195953 -1.47291
48.4835 0.674313 -3.06231 1.43802 -0.017903 -0.0197218 -1.47313
48.4916 0.674368 -3.0633 1.43818 -0.0175915 -0.0198239 -1.47336
48.4949 0.674424 -3.06429 1.43835 -0.0173111 -0.0198976 -1.47361
48.5049 0.674482 -3.06528 1.43851 -0.017065 -0.0199441 -1.47386
48.5104 0.674542 -3.06627 1.43868 -0.0168521 -0.019968 -1.47413
48.5106 0.674602 -3.06727 1.43884 -0.0166697 -0.0199737 -1.4744
48.5153 0.674664 -3.06827 1.439 -0.016516 -0.0199656 -1.47468
48.5288 0.671705 -3.06773 1.43832 -0.0160611 -0.0200017 -1.47499
48.5334 0.671765 -3.06874 1.43848 -0.0159492 -0.0199792 -1.4753
48.5355 0.671826 -3.06975 1.43863 -0.0158537 -0.0199543 -1.47561
48.5444 0.671889 -3.07077 1.43878 -0.015772 -0.0199316 -1.47593
48.5471 0.671954 -3.07179 1.43893 -0.0157002 -0.0199122 -1.47627
48.5544 0.67202 -3.07281 1.43908 -0.0156366 -0.0198974 -1.47661
48.5609 0.672088 -3.07383 1.43923 -0.0155798 -0.0198877 -1.47697
48.5688 0.672158 -3.07486 1.43937 -0.015529 -0.0198818 -1.47733
48.5721 0.672229 -3.07589 1.43951 -0.0154809 -0.0198819 -1.4777
48.5781 0.672302 -3.07693 1.43965 -0.0154333 -0.0198878 -1.47808
48.5827 0.672376 -3.07797 1.43979 -0.0153881 -0.019897 -1.47847
48.5843 0.672451 -3.07901 1.43992 -0.0153467 -0.0199064 -1.47886
48.5891 0.672529 -3.08006 1.44005 -0.0153204 -0.0198564 -1.47927
48.5944 0.672596 -3.0811 1.44018 -0.0154396 -0.0196829 -1.47955
48.5994 0.672639 -3.08213 1.4403 -0.0156969 -0.0194363 -1.47969
48.6023 0.67267 -3.08316 1.44042 -0.0159651 -0.0191744 -1.47985
48.6069 0.672698 -3.08418 1.44053 -0.0161671 -0.0190164 -1.48003
48.6141 0.67272 -3.0852 1.44065 -0.0163089 -0.0189491 -1.48022
48.6177 0.672741 -3.08623 1.44077 -0.0164792 -0.0188716 -1.48042
48.6265 0.672764 -3.08726 1.44088 -0.0166839 -0.018816 -1.48062
48.6321 0.67279 -3.08829 1.44098 -0.0169048 -0.0187817 -1.48081
48.6375 0.672815 -3.08932 1.44109 -0.0171226 -0.0187593 -1.48101
48.644 0.672841 -3.09036 1.44119 -0.0173521 -0.0186773 -1.48121
48.6468 0.672868 -3.0914 1.44129 -0.0175793 -0.0185934 -1.48142
48.6513 0.672894 -3.09245 1.44139 -0.0177889 -0.0185649 -1.48161
48.6556 0.672919 -3.0935 1.44149 -0.0180078 -0.0184678 -1.48181
48.6637 0.672945 -3.09455 1.44159 -0.0182217 -0.0183567 -1.48201
48.6689 0.67297 -3.09561 1.44169 -0.0184186 -0.0182892 -1.4822
48.6769 0.672994 -3.09667 1.44179 -0.0186124 -0.0182107 -1.48239
48.6782 0.673018 -3.09773 1.44189 -0.0188027 -0.018124 -1.48258
48.6844 0.673041 -3.09879 1.44198 -0.0189891 -0.0180334 -1.48276
48.6861 0.673064 -3.09986 1.44208 -0.0191729 -0.017942 -1.48295
48.6921 0.673087 -3.10093 1.44217 -0.0193509 -0.0178186 -1.48313
48.6972 0.673111 -3.102 1.44227 -0.0195395 -0.0176946 -1.48332
48.7074 0.673135 -3.10307 1.44236 -0.0197426 -0.0176037 -1.4835
48.7087 0.67316 -3.10415 1.44245 -0.0199421 -0.017516 -1.48369
48.7098 0.673184 -3.10523 1.44254 -0.0201387 -0.0174329 -1.48387
48.7122 0.673208 -3.10632 1.44262 -0.0203303 -0.0173533 -1.48405
48.7158 0.673231 -3.1074 1.44271 -0.0205136 -0.0172743 -1.48423
48.7316 0.673254 -3.10849 1.4428 -0.0206867 -0.0171944 -1.4844
48.7374 0.673276 -3.10958 1.44288 -0.0208489 -0.0171108 -1.48457
48.7374 0.673296 -3.11068 1.44297 -0.0210025 -0.0170213 -1.48474
48.7436 0.673317 -3.11178 1.44305 -0.021151 -0.0169269 -1.4849
48.7484 0.673337 -3.11287 1.44314 -0.021296 -0.0168295 -1.48506
48.763 0.673413 -3.11729 1.44346 -0.0219432 -0.0166318 -1.48567
48.77 0.673431 -3.1184 1.44354 -0.0221253 -0.0165557 -1.48582
48.7739 0.673448 -3.11951 1.44361 -0.0222862 -0.0164459 -1.48596
48.775 0.673463 -3.12062 1.44369 -0.0224162 -0.0163813 -1.4861
48.78 0.673477 -3.12174 1.44377 -0.0225375 -0.0163198 -1.48622
48.7845 0.67349 -3.12285 1.44385 -0.0226569 -0.0162577 -1.48634
48.7946 0.673503 -3.12397 1.44392 -0.0227728 -0.016196 -1.48645
48.7997 0.673515 -3.12509 1.444 -0.022885 -0.016135 -1.48656
48.8047 0.673527 -3.12621 1.44407 -0.0229956 -0.0160749 -1.48666
48.8071 0.673539 -3.12734 1.44414 -0.0231051 -0.0160148 -1.48677
48.8161 0.673551 -3.12847 1.44422 -0.0232122 -0.0159557 -1.48687
48.819 0.673562 -3.1296 1.44429 -0.0233164 -0.0158986 -1.48698
48.8244 0.673574 -3.13073 1.44436 -0.0234194 -0.015842 -1.48708
48.8278 0.673585 -3.13186 1.44443 -0.0235205 -0.0157873 -1.48718
48.8407 0.673617 -3.13528 1.44464 -0.02381 -0.0156368 -1.48744
48.8473 0.673627 -3.13642 1.4447 -0.0239026 -0.0155898 -1.48752
48.8483 0.673637 -3.13757 1.44477 -0.023993 -0.015543 -1.4876
48.854 0.673647 -3.13872 1.44484 -0.0240817 -0.0154973 -1.48767
48.8576 0.673656 -3.13987 1.4449 -0.024169 -0.0154534 -1.48774
48.8649 0.673665 -3.14102 1.44497 -0.024255 -0.0154111 -1.48781
48.8719 0.673675 -3.14218 1.44503 -0.0243394 -0.0153703 -1.48787
48.8781 0.673684 -3.14333 1.4451 -0.0244221 -0.0153318 -1.48793
48.8799 0.673692 -3.14449 1.44516 -0.0245026 -0.0152947 -1.48799
48.8878 0.673701 -3.14565 1.44522 -0.0245821 -0.0152584 -1.48804
48.9045 0.673734 -3.15032 1.44547 -0.0248872 -0.0151472 -1.48822
48.9079 0.673741 -3.15149 1.44553 -0.0249599 -0.0151318 -1.48826
48.9135 0.673749 -3.15266 1.44559 -0.0250311 -0.0151251 -1.48829
48.92 0.673756 -3.15384 1.44565 -0.0251016 -0.0151226 -1.48832
48.9237 0.673763 -3.15502 1.44571 -0.025172 -0.0151201 -1.48834
48.9266 0.67377 -3.1562 1.44577 -0.0252415 -0.0151159 -1.48837
48.9317 0.673777 -3.15738 1.44583 -0.0253103 -0.0151079 -1.48839
48.934 0.673784 -3.15856 1.44588 -0.0253773 -0.0150953 -1.4884
48.9405 0.673791 -3.15975 1.44594 -0.025444 -0.0150126 -1.48842
48.9419 0.673798 -3.16093 1.446 -0.0255093 -0.0149287 -1.48843
48.9505 0.673805 -3.16212 1.44606 -0.0255725 -0.01491 -1.48844
48.9518 0.673812 -3.16331 1.44612 -0.0256359 -0.0148922 -1.48844
48.9557 0.673818 -3.16451 1.44617 -0.0256986 -0.0148803 -1.48844
48.9583 0.673824 -3.1657 1.44623 -0.0257611 -0.0148746 -1.48844
48.9639 0.67383 -3.16689 1.44629 -0.0258234 -0.0148705 -1.48843
48.9664 0.673836 -3.16809 1.44634 -0.0258845 -0.0148659 -1.48842
48.9717 0.673842 -3.16929 1.4464 -0.0259455 -0.0148595 -1.4884
48.9749 0.673848 -3.17048 1.44646 -0.0260064 -0.0148498 -1.48839
48.9887 0.673853 -3.17169 1.44651 -0.0260654 -0.0148364 -1.48836
48.9932 0.673859 -3.17289 1.44657 -0.0261227 -0.0148194 -1.48834
48.9936 0.673865 -3.17409 1.44662 -0.0261802 -0.0148002 -1.48831
48.9955 0.67387 -3.1753 1.44668 -0.0262373 -0.0147799 -1.48828
49.0054 0.673875 -3.1765 1.44674 -0.0262937 -0.0147593 -1.48825
49.0109 0.673881 -3.17771 1.44679 -0.0263501 -0.0147381 -1.48821
49.0198 0.673886 -3.17892 1.44685 -0.0264057 -0.0147168 -1.48817
49.0206 0.673891 -3.18013 1.4469 -0.0264604 -0.0146963 -1.48813
49.025 0.673896 -3.18134 1.44695 -0.0265147 -0.0146763 -1.48809
49.0293 0.673901 -3.18256 1.44701 -0.0265689 -0.0146569 -1.48804
49.0364 0.673905 -3.18377 1.44706 -0.0266224 -0.014638 -1.48799
49.0506 0.673919 -3.18743 1.44723 -0.0267794 -0.0145882 -1.48783
49.0584 0.673923 -3.18865 1.44728 -0.0268315 -0.0145744 -1.48777
49.0633 0.673928 -3.18987 1.44733 -0.026884 -0.0145631 -1.48771
49.0658 0.673932 -3.1911 1.44739 -0.0269362 -0.0145542 -1.48764
49.0702 0.673936 -3.19232 1.44744 -0.0269894 -0.0145476 -1.48757
49.1061 0.672387 -3.19228 1.44695 -0.0267895 -0.0146099 -1.48752
49.11 0.672399 -3.19475 1.44706 -0.026938 -0.0145278 -1.48739
49.1147 0.672407 -3.19599 1.44711 -0.0269877 -0.014519 -1.48731
49.1162 0.672416 -3.19722 1.44716 -0.0270378 -0.0145112 -1.48722
49.1197 0.672424 -3.19846 1.44721 -0.0270887 -0.0145046 -1.48713
49.1232 0.672432 -3.1997 1.44726 -0.027139 -0.0144987 -1.48703
49.1246 0.672439 -3.20094 1.44732 -0.0271892 -0.0144926 -1.48694
49.1302 0.672467 -3.20219 1.44737 -0.0272389 -0.0144861 -1.48684
49.1532 0.671194 -3.20734 1.4471 -0.0272686 -0.0145151 -1.48632
49.1582 0.6712 -3.20859 1.44716 -0.0273187 -0.0145069 -1.48621
49.1722 0.671207 -3.20983 1.44721 -0.0273696 -0.0144993 -1.4861
49.1784 0.671208 -3.21108 1.44726 -0.0273032 -0.0145969 -1.48599
49.1874 0.671242 -3.21234 1.44732 -0.0271416 -0.0147966 -1.48589
49.1875 0.670146 -3.21247 1.4469 -0.0267762 -0.0151208 -1.48581
49.1876 0.670132 -3.21371 1.44696 -0.026627 -0.0153887 -1.48575
49.1937 0.67012 -3.21495 1.44701 -0.0265298 -0.0156018 -1.4857
49.2015 0.670113 -3.2162 1.44706 -0.0264857 -0.0157825 -1.48567
49.2023 0.67011 -3.21744 1.44712 -0.026482 -0.0159333 -1.48566
49.2024 0.670111 -3.21869 1.44717 -0.0265083 -0.0160571 -1.48567
49.2162 0.670123 -3.21994 1.44721 -0.0265632 -0.0161487 -1.4857
49.2196 0.670129 -3.22119 1.44727 -0.0266527 -0.0161549 -1.48574
49.2248 0.669268 -3.22126 1.44691 -0.0265416 -0.0162181 -1.48579
49.2299 0.669275 -3.22251 1.44697 -0.0266366 -0.0162203 -1.48584
49.2417 0.669283 -3.22377 1.44702 -0.0267281 -0.0161954 -1.48589
49.247 0.66929 -3.22503 1.44708 -0.0268089 -0.0161511 -1.48593
49.2514 0.669296 -3.22629 1.44714 -0.0268832 -0.016095 -1.48597
49.2558 0.669302 -3.22755 1.4472 -0.0269557 -0.0160306 -1.48602
49.2605 0.669307 -3.22881 1.44726 -0.0270265 -0.0159615 -1.48606
49.2727 0.669313 -3.23008 1.44732 -0.0270959 -0.0158914 -1.4861
49.2769 0.669319 -3.23134 1.44738 -0.0271639 -0.015822 -1.48614
49.2769 0.669324 -3.2326 1.44744 -0.0272304 -0.0157546 -1.48618
49.2867 0.669329 -3.23387 1.44749 -0.0272952 -0.0156908 -1.48622
49.2953 0.669334 -3.23513 1.44755 -0.027358 -0.0156309 -1.48625
49.3008 0.669338 -3.2364 1.44761 -0.0274194 -0.0155752 -1.48629
49.3054 0.669343 -3.23767 1.44766 -0.0274781 -0.0155241 -1.48632
49.3077 0.669347 -3.23893 1.44771 -0.0275337 -0.0154769 -1.48635
49.3253 0.669351 -3.2402 1.44777 -0.0275875 -0.0154322 -1.48638
49.3264 0.669354 -3.24147 1.44782 -0.0276386 -0.0153902 -1.48641
49.3293 0.669357 -3.24274 1.44787 -0.0276876 -0.0153505 -1.48644
49.3336 0.66936 -3.244 1.44792 -0.0277342 -0.0153125 -1.48647
49.3477 0.669363 -3.24527 1.44797 -0.0277788 -0.0152773 -1.48649
49.3486 0.669366 -3.24654 1.44802 -0.0278218 -0.0152449 -1.48652
49.3506 0.669368 -3.24782 1.44807 -0.0278627 -0.0152151 -1.48654
49.3532 0.66937 -3.24909 1.44812 -0.0279017 -0.0151876 -1.48656
49.372 0.669376 -3.25291 1.44826 -0.0280083 -0.015114 -1.48662
49.3741 0.669377 -3.25419 1.44831 -0.0280416 -0.0150912 -1.48664
49.3802 0.669379 -3.25546 1.44835 -0.0280748 -0.0150677 -1.48666
49.3804 0.66938 -3.25674 1.4484 -0.0281076 -0.0150456 -1.48668
49.3846 0.669381 -3.25802 1.44844 -0.0281406 -0.015025 -1.4867
49.3915 0.669382 -3.2593 1.44849 -0.0281734 -0.015005 -1.48672
49.3993 0.669383 -3.26058 1.44853 -0.0282003 -0.0149388 -1.48673
49.4026 0.669384 -3.26186 1.44858 -0.0282268 -0.0148929 -1.48673
49.4059 0.669385 -3.26314 1.44862 -0.0282575 -0.0149154 -1.48675
49.4102 0.669385 -3.26442 1.44867 -0.0282874 -0.014943 -1.48676
49.4496 0.668648 -3.26447 1.44834 -0.0281101 -0.0150683 -1.48678
49.4497 0.668648 -3.26575 1.44838 -0.0281409 -0.0151112 -1.48679
49.4552 0.668647 -3.26703 1.44842 -0.0281721 -0.0151587 -1.48681
49.4577 0.668647 -3.26831 1.44847 -0.028204 -0.0152048 -1.48682
49.46 0.668646 -3.26959 1.44851 -0.0282356 -0.0152449 -1.48684
49.4673 0.668646 -3.27088 1.44855 -0.028265 -0.015276 -1.48685
49.4677 0.668645 -3.27216 1.4486 -0.0282943 -0.0152971 -1.48687
49.4709 0.668651 -3.27344 1.44863 -0.0283218 -0.0153069 -1.48688
49.4798 0.668085 -3.27345 1.44841 -0.0281437 -0.0154137 -1.48689
49.4952 0.668084 -3.27474 1.44845 -0.0281713 -0.0154084 -1.48691
49.497 0.668083 -3.27602 1.44849 -0.0281981 -0.0153959 -1.48692
49.5005 0.668081 -3.2773 1.44853 -0.0282244 -0.0153786 -1.48694
49.505 0.66808 -3.27859 1.44857 -0.0282497 -0.0153591 -1.48695
49.5069 0.668079 -3.27988 1.44862 -0.0282743 -0.0153385 -1.48697
49.5124 0.668077 -3.28116 1.44866 -0.0282992 -0.0153165 -1.48698
49.5168 0.668076 -3.28245 1.4487 -0.0283232 -0.015295 -1.487
49.5209 0.668074 -3.28374 1.44874 -0.0283469 -0.0152753 -1.48701
49.5298 0.668073 -3.28503 1.44878 -0.0283711 -0.0152579 -1.48703
49.5324 0.668071 -3.28632 1.44882 -0.0283959 -0.0152439 -1.48704
49.5402 0.668069 -3.28761 1.44887 -0.0284203 -0.0152329 -1.48705
49.5439 0.668067 -3.2889 1.44891 -0.028444 -0.0152238 -1.48707
49.559 0.668061 -3.29277 1.44903 -0.0285138 -0.0152084 -1.48711
49.5672 0.668058 -3.29406 1.44907 -0.0285363 -0.0152064 -1.48712
49.5689 0.668056 -3.29536 1.44911 -0.0285583 -0.0152051 -1.48713
49.5715 0.668054 -3.29665 1.44915 -0.0285799 -0.0152038 -1.48715
49.5766 0.668051 -3.29795 1.44919 -0.0286014 -0.0152027 -1.48716
49.5843 0.668049 -3.29924 1.44923 -0.0286228 -0.0152009 -1.48717
49.5871 0.668046 -3.30054 1.44927 -0.0286435 -0.0151973 -1.48718
49.5989 0.668043 -3.30183 1.44931 -0.0286639 -0.0151919 -1.48719
49.6023 0.66804 -3.30313 1.44935 -0.0286844 -0.0151841 -1.4872
49.6027 0.668037 -3.30443 1.44939 -0.0287046 -0.0151758 -1.48721
49.6055 0.668034 -3.30573 1.44943 -0.0287242 -0.0151679 -1.48722
49.6171 0.668031 -3.30703 1.44947 -0.0287437 -0.0151604 -1.48724
49.6199 0.668028 -3.30833 1.44951 -0.0287635 -0.0151529 -1.48725
49.6235 0.668026 -3.30963 1.44955 -0.0287914 -0.0150953 -1.48726
49.6279 0.668024 -3.31093 1.44959 -0.0288186 -0.0150384 -1.48728
49.634 0.668021 -3.31223 1.44963 -0.0288383 -0.0150338 -1.48727
49.6581 0.667523 -3.31225 1.44941 -0.0286537 -0.015139 -1.48727
49.6613 0.667519 -3.31355 1.44945 -0.0286727 -0.0151494 -1.48727
49.6632 0.667516 -3.31485 1.44949 -0.0286917 -0.015174 -1.48728
49.6647 0.667512 -3.31615 1.44953 -0.0287114 -0.0152057 -1.48729
49.6656 0.667507 -3.31745 1.44957 -0.0287149 -0.0153096 -1.4873
49.6667 0.667501 -3.31875 1.4496 -0.0287189 -0.0154441 -1.48732
49.6725 0.667495 -3.32004 1.44964 -0.0287397 -0.0155352 -1.48733
49.6802 0.667496 -3.32134 1.44968 -0.0287613 -0.0156156 -1.48734
49.6938 0.667097 -3.32134 1.44953 -0.028582 -0.0157946 -1.48735
49.6961 0.667093 -3.32264 1.44957 -0.0286041 -0.0158407 -1.48736
49.7072 0.667089 -3.32394 1.44961 -0.0286352 -0.0158254 -1.48738
49.7126 0.667086 -3.32524 1.44964 -0.0286665 -0.0157892 -1.4874
49.7147 0.667082 -3.32654 1.44968 -0.0286886 -0.0157747 -1.4874
49.7234 0.667078 -3.32784 1.44972 -0.0287111 -0.0157464 -1.4874
49.7275 0.667074 -3.32914 1.44976 -0.028734 -0.015712 -1.4874
49.7355 0.66707 -3.33044 1.4498 -0.0287566 -0.0156777 -1.48742
49.7393 0.667066 -3.33174 1.44984 -0.0287798 -0.0156457 -1.48743
49.7428 0.667062 -3.33304 1.44988 -0.028805 -0.0156171 -1.48744
49.7486 0.667058 -3.33434 1.44992 -0.0288305 -0.0155928 -1.48746
49.7523 0.667054 -3.33564 1.44996 -0.0288559 -0.0155729 -1.48747
49.7547 0.66705 -3.33694 1.45001 -0.0288822 -0.0155577 -1.48749
49.7618 0.667045 -3.33824 1.45005 -0.0289095 -0.0155476 -1.4875
49.768 0.667041 -3.33954 1.45009 -0.0289374 -0.0155409 -1.48752
49.778 0.667037 -3.34084 1.45013 -0.0289651 -0.0155373 -1.48753
49.807 0.666499 -3.34189 1.4499 -0.0287667 -0.0156642 -1.48757
49.8097 0.666489 -3.34449 1.44998 -0.0288193 -0.0156661 -1.4876
49.8108 0.666484 -3.34579 1.45002 -0.0288452 -0.0156665 -1.48761
49.8118 0.666478 -3.34708 1.45006 -0.0288712 -0.0156658 -1.48763
49.8149 0.666473 -3.34838 1.4501 -0.0288972 -0.0156646 -1.48764
49.8149 0.666468 -3.34968 1.45014 -0.0289227 -0.0156629 -1.48765
49.8172 0.666462 -3.35098 1.45018 -0.0289481 -0.0156601 -1.48767
49.8314 0.666458 -3.35228 1.45022 -0.0289743 -0.0156571 -1.48768
49.8342 0.666452 -3.35358 1.45026 -0.0289992 -0.0156535 -1.4877
49.8352 0.666446 -3.35488 1.4503 -0.0290234 -0.0156492 -1.48771
49.8355 0.666441 -3.35618 1.45034 -0.0290478 -0.0156449 -1.48772
49.8405 0.666156 -3.35617 1.45032 -0.0288639 -0.0157727 -1.48774
49.8535 0.66615 -3.35747 1.45035 -0.0288868 -0.0157677 -1.48775
49.8536 0.666144 -3.35877 1.45039 -0.0289095 -0.0157636 -1.48776
49.856 0.666138 -3.36007 1.45043 -0.0289326 -0.0157603 -1.48778
49.8751 0.666132 -3.36136 1.45047 -0.0289559 -0.0157587 -1.48779
49.8782 0.666126 -3.36266 1.45051 -0.0289794 -0.0157582 -1.4878
49.8863 0.66612 -3.36396 1.45054 -0.0290022 -0.0157586 -1.48781
49.8889 0.666114 -3.36526 1.45058 -0.0290255 -0.01576 -1.48783
49.9038 0.666108 -3.36656 1.45062 -0.0290501 -0.0157624 -1.48784
49.908 0.666102 -3.36786 1.45066 -0.0290744 -0.0157654 -1.48785
49.9136 0.666083 -3.37175 1.45077 -0.029144 -0.0157786 -1.48789
49.9178 0.666076 -3.37305 1.45081 -0.0291668 -0.0157826 -1.4879
49.9214 0.66607 -3.37435 1.45085 -0.0291899 -0.015786 -1.48791
49.9265 0.666063 -3.37565 1.45088 -0.0292134 -0.0157895 -1.48792
49.9313 0.666056 -3.37695 1.45092 -0.0292366 -0.0157926 -1.48794
49.938 0.66605 -3.37825 1.45096 -0.0292588 -0.0157955 -1.48795
49.9453 0.666043 -3.37956 1.451 -0.029281 -0.0157985 -1.48796
49.9491 0.666036 -3.38086 1.45103 -0.0293033 -0.0158017 -1.48797
49.9554 0.666029 -3.38216 1.45107 -0.0293239 -0.0157649 -1.48799
49.9575 0.666022 -3.38346 1.45111 -0.0293441 -0.0157279 -1.48799
49.9677 0.666015 -3.38476 1.45115 -0.0293659 -0.0157305 -1.48799
49.9756 0.666008 -3.38606 1.45119 -0.0293899 -0.0157339 -1.48799
49.9757 0.666001 -3.38736 1.45122 -0.0294133 -0.0157443 -1.48799
49.979 0.665994 -3.38866 1.45126 -0.0294355 -0.0157629 -1.48801
49.9813 0.665986 -3.38996 1.4513 -0.0294591 -0.0157852 -1.48802
49.9917 0.665979 -3.39126 1.45133 -0.0294832 -0.0158093 -1.48803
49.9943 0.665972 -3.39256 1.45137 -0.029508 -0.0158338 -1.48804
49.9984 0.665964 -3.39386 1.45141 -0.0295331 -0.0158553 -1.48805
50.0026 0.665957 -3.39516 1.45145 -0.0295576 -0.015872 -1.48807
50.0173 0.665927 -3.40035 1.4516 -0.0296525 -0.0158969 -1.48812
50.0237 0.66592 -3.40165 1.45163 -0.0296758 -0.0158933 -1.48813
50.0264 0.665912 -3.40295 1.45167 -0.0297 -0.0158877 -1.48814
50.0336 0.665905 -3.40425 1.45171 -0.0297249 -0.0158814 -1.48816
50.034 0.665897 -3.40555 1.45175 -0.0297487 -0.0158753 -1.48817
50.0375 0.665889 -3.40684 1.45178 -0.0297723 -0.0158684 -1.48818
50.0432 0.665882 -3.40814 1.45182 -0.0297959 -0.0158619 -1.4882
50.0533 0.665874 -3.40944 1.45186 -0.0298181 -0.0158565 -1.48821
50.0587 0.665866 -3.41073 1.4519 -0.0298406 -0.0158524 -1.48822
50.0604 0.665858 -3.41203 1.45194 -0.0298641 -0.0158492 -1.48824
50.0762 0.665834 -3.41592 1.45205 -0.0299319 -0.0158423 -1.48828
50.082 0.665826 -3.41721 1.45208 -0.0299541 -0.0158423 -1.48829
50.0905 0.665817 -3.41851 1.45212 -0.0299769 -0.0158439 -1.4883
50.0949 0.665809 -3.4198 1.45216 -0.0300003 -0.0158464 -1.48832
50.0958 0.6658 -3.4211 1.4522 -0.0300237 -0.0158493 -1.48833
50.1024 0.665792 -3.42239 1.45223 -0.0300476 -0.0158521 -1.48834
50.1087 0.665783 -3.42369 1.45227 -0.030071 -0.0158554 -1.48836
50.1124 0.665775 -3.42498 1.45231 -0.0300941 -0.015859 -1.48837
50.1197 0.665766 -3.42628 1.45235 -0.0301183 -0.0158624 -1.48838
50.1207 0.665757 -3.42757 1.45238 -0.0301431 -0.0158662 -1.48839
50.1224 0.665748 -3.42886 1.45242 -0.0301654 -0.0158286 -1.48841
50.135 0.66574 -3.43016 1.45246 -0.030189 -0.0158308 -1.48841
50.1352 0.665731 -3.43145 1.45249 -0.0302151 -0.0158757 -1.48842
50.1362 0.665721 -3.43274 1.45253 -0.0302373 -0.0158456 -1.48843
50.1409 0.665712 -3.43403 1.45257 -0.0302594 -0.0158157 -1.48844
50.1475 0.665703 -3.43533 1.45261 -0.0302845 -0.0158222 -1.48844
50.1491 0.665694 -3.43662 1.45264 -0.0303098 -0.0158287 -1.48845
50.1527 0.665685 -3.43791 1.45268 -0.0303344 -0.0158352 -1.48846
50.1614 0.665675 -3.4392 1.45272 -0.0303592 -0.0158427 -1.48848
50.1657 0.665666 -3.44048 1.45275 -0.030384 -0.0158514 -1.48849
50.1694 0.665656 -3.44177 1.45279 -0.0304082 -0.0158598 -1.48851
50.171 0.665647 -3.44306 1.45283 -0.0304323 -0.0158665 -1.48852
50.1779 0.665637 -3.44435 1.45287 -0.0304567 -0.0158718 -1.48853
50.1905 0.665628 -3.44563 1.4529 -0.0304807 -0.0158756 -1.48855
50.1912 0.665617 -3.44692 1.45294 -0.0304978 -0.0159369 -1.48857
50.1962 0.665606 -3.4482 1.45298 -0.0305143 -0.0160168 -1.48861
50.2029 0.665595 -3.44949 1.45301 -0.0305341 -0.0160151 -1.48865
50.203 0.665585 -3.45077 1.45305 -0.0305532 -0.0160079 -1.48868
50.2095 0.665575 -3.45205 1.45308 -0.0305744 -0.016032 -1.4887
50.2125 0.665564 -3.45334 1.45312 -0.0305972 -0.0160481 -1.48872
50.2162 0.665554 -3.45462 1.45315 -0.030622 -0.0160598 -1.48873
50.2219 0.665544 -3.4559 1.45319 -0.030647 -0.0160686 -1.48875
50.2273 0.665533 -3.45718 1.45323 -0.0306726 -0.0160742 -1.48875
50.2357 0.665523 -3.45846 1.45326 -0.0307 -0.0160764 -1.48876
50.2377 0.665513 -3.45974 1.4533 -0.0307285 -0.0160758 -1.48876
50.2423 0.665502 -3.46102 1.45334 -0.0307572 -0.0160737 -1.48876
50.2501 0.665492 -3.4623 1.45338 -0.030786 -0.0160694 -1.48876
50.2528 0.665482 -3.46357 1.45342 -0.0308149 -0.0160622 -1.48875
50.2583 0.665472 -3.46485 1.45345 -0.0308432 -0.0160622 -1.48875
50.2684 0.665461 -3.46612 1.45349 -0.030871 -0.0160704 -1.48877
50.2762 0.664958 -3.4667 1.45372 -0.0308046 -0.0161609 -1.4888
50.2931 0.664776 -3.46889 1.45391 -0.0306265 -0.0163607 -1.48885
50.2999 0.664765 -3.47015 1.45395 -0.030653 -0.0163609 -1.48887
50.3097 0.664759 -3.47142 1.45399 -0.0306797 -0.0163585 -1.48888
50.323 0.664134 -3.47046 1.45363 -0.0303779 -0.0165141 -1.48892
50.323 0.664123 -3.47172 1.45367 -0.0304037 -0.0165068 -1.48894
50.324 0.664112 -3.47298 1.4537 -0.0304291 -0.0164984 -1.48895
50.3258 0.6641 -3.47424 1.45374 -0.0304537 -0.0164891 -1.48897
50.328 0.664089 -3.4755 1.45377 -0.0304791 -0.0164793 -1.48898
50.3302 0.664077 -3.47676 1.45381 -0.0305043 -0.0164702 -1.489
50.3343 0.664066 -3.47801 1.45384 -0.0305291 -0.0164619 -1.48901
50.3491 0.664054 -3.47927 1.45388 -0.0305545 -0.0164542 -1.48903
50.3507 0.664042 -3.48052 1.45391 -0.0305794 -0.0164473 -1.48904
50.3525 0.66403 -3.48178 1.45395 -0.0306035 -0.0164408 -1.48906
50.3541 0.664019 -3.48303 1.45398 -0.0306284 -0.0164347 -1.48907
50.3569 0.664007 -3.48428 1.45402 -0.030654 -0.0164292 -1.48908
50.3851 0.663994 -3.48554 1.45405 -0.0306783 -0.0164237 -1.4891
50.39 0.663982 -3.48679 1.45408 -0.0307017 -0.0164181 -1.48911
50.3933 0.66397 -3.48804 1.45412 -0.0307251 -0.0164129 -1.48912
50.3969 0.663958 -3.48929 1.45415 -0.0307493 -0.0164083 -1.48914
50.4058 0.663945 -3.49054 1.45419 -0.0307734 -0.0164036 -1.48915
50.4126 0.663932 -3.49179 1.45422 -0.0307883 -0.0164553 -1.48918
50.4479 0.663956 -3.49446 1.4546 -0.0306584 -0.0168334 -1.48928
50.4523 0.66394 -3.4957 1.45463 -0.0306819 -0.016874 -1.48929
50.4523 0.663924 -3.49693 1.45466 -0.0307059 -0.0169084 -1.4893
50.4528 0.663908 -3.49817 1.4547 -0.0307348 -0.0168894 -1.48932
50.4547 0.663892 -3.4994 1.45473 -0.0307629 -0.0168616 -1.48932
50.4593 0.663877 -3.50064 1.45477 -0.030786 -0.0168709 -1.48932
50.494 0.663923 -3.50458 1.45528 -0.0307063 -0.0170942 -1.48935
50.5014 0.663907 -3.50581 1.45532 -0.0307302 -0.0171189 -1.48936
50.5071 0.663892 -3.50703 1.45535 -0.0307539 -0.0171455 -1.48937
50.5072 0.663876 -3.50826 1.45538 -0.0307776 -0.0171706 -1.48938
50.5122 0.66386 -3.50948 1.45542 -0.0307971 -0.0172493 -1.48941
50.5122 0.663843 -3.5107 1.45545 -0.0308155 -0.0173422 -1.48945
50.5122 0.663826 -3.51192 1.45548 -0.0308381 -0.0173896 -1.48949
50.5123 0.66381 -3.51314 1.45551 -0.0308612 -0.0174291 -1.48952
50.5123 0.663794 -3.51436 1.45555 -0.0308842 -0.0174566 -1.48954
50.5176 0.663778 -3.51558 1.45558 -0.0309072 -0.0174694 -1.48956
50.521 0.663764 -3.5168 1.45561 -0.0309304 -0.0174678 -1.48957
50.5364 0.663902 -3.51707 1.45616 -0.0307568 -0.0176038 -1.4896
50.5476 0.663887 -3.51829 1.45619 -0.0307774 -0.0175367 -1.4896
50.5489 0.663872 -3.51951 1.45623 -0.0308005 -0.0175053 -1.4896
50.5521 0.663858 -3.52072 1.45626 -0.0308252 -0.0174721 -1.48959
50.5542 0.663843 -3.52193 1.4563 -0.0308516 -0.0174409 -1.48958
50.5567 0.663828 -3.52314 1.45633 -0.0308769 -0.0174239 -1.48958
50.5614 0.663813 -3.52435 1.45637 -0.0309015 -0.0174224 -1.48959
50.5651 0.663798 -3.52556 1.4564 -0.0309275 -0.0174777 -1.48962
50.5678 0.663783 -3.52676 1.45643 -0.0309569 -0.0175591 -1.48968
50.5723 0.663769 -3.52797 1.45647 -0.0309858 -0.017606 -1.48973
50.5787 0.663755 -3.52918 1.4565 -0.0310126 -0.017642 -1.48976
50.5809 0.66374 -3.53038 1.45653 -0.0310396 -0.0176664 -1.48978
50.5901 0.663724 -3.53158 1.45657 -0.0310666 -0.0176748 -1.4898
50.6014 0.663865 -3.53206 1.45705 -0.0309321 -0.0177913 -1.48984
50.6056 0.66385 -3.53326 1.45709 -0.0309577 -0.0177338 -1.48984
50.6079 0.663836 -3.53446 1.45712 -0.0309852 -0.0177017 -1.48983
50.6104 0.663822 -3.53566 1.45716 -0.0310138 -0.0176649 -1.48982
50.6236 0.663808 -3.53686 1.45719 -0.0310418 -0.0176343 -1.48982
50.6287 0.663793 -3.53805 1.45723 -0.0310688 -0.017612 -1.48984
50.6316 0.663778 -3.53925 1.45726 -0.0310971 -0.0176559 -1.48987
50.6316 0.663762 -3.54044 1.45729 -0.031126 -0.0177187 -1.48991
50.6336 0.663747 -3.54163 1.45733 -0.0311533 -0.0177361 -1.48996
50.6494 0.663732 -3.54282 1.45736 -0.0311809 -0.0177523 -1.49
50.6517 0.663717 -3.54401 1.4574 -0.0312089 -0.0177617 -1.49003
50.6546 0.663702 -3.54521 1.45743 -0.0312366 -0.0177619 -1.49004
50.6587 0.663687 -3.54639 1.45746 -0.0312651 -0.0177533 -1.49005
50.6684 0.663672 -3.54758 1.4575 -0.031294 -0.0177363 -1.49005
50.6704 0.663657 -3.54877 1.45753 -0.0313225 -0.017713 -1.49005
50.6768 0.663642 -3.54996 1.45757 -0.0313511 -0.0176858 -1.49004
50.6804 0.663627 -3.55115 1.45761 -0.0313799 -0.0176554 -1.49002
50.6847 0.663612 -3.55233 1.45764 -0.0314073 -0.0176348 -1.49002
50.6894 0.663597 -3.55352 1.45767 -0.031434 -0.017626 -1.49004
50.6935 0.663581 -3.5547 1.45771 -0.0314612 -0.0176185 -1.49005
50.701 0.663566 -3.55588 1.45774 -0.0314895 -0.0175704 -1.49007
50.7037 0.66355 -3.55707 1.45778 -0.0315173 -0.0175201 -1.49008
50.7071 0.663535 -3.55825 1.45781 -0.0315427 -0.0175091 -1.49008
50.7114 0.663519 -3.55943 1.45784 -0.0315674 -0.0174989 -1.4901
50.7186 0.663503 -3.56061 1.45788 -0.031592 -0.0174898 -1.49011
50.7241 0.663486 -3.56178 1.45791 -0.0316163 -0.0174817 -1.49012
50.7275 0.663469 -3.56296 1.45794 -0.0316314 -0.0175485 -1.49015
50.7405 0.66341 -3.56647 1.45804 -0.0316751 -0.0178069 -1.49022
50.746 0.663389 -3.56763 1.45807 -0.0317034 -0.017801 -1.49024
50.7498 0.663367 -3.5688 1.45811 -0.031731 -0.0177807 -1.49024
50.7558 0.663346 -3.56996 1.45814 -0.0317524 -0.0177756 -1.49023
50.7577 0.663323 -3.57112 1.45818 -0.0317491 -0.0178097 -1.49023
50.7621 0.663298 -3.57228 1.45821 -0.0317441 -0.0178636 -1.49026
50.7668 0.663274 -3.57344 1.45824 -0.0317621 -0.0178883 -1.49029
50.7698 0.663252 -3.5746 1.45827 -0.0317806 -0.0179065 -1.49031
50.7743 0.663229 -3.57575 1.4583 -0.0318 -0.0179154 -1.49033
50.7863 0.663207 -3.57691 1.45834 -0.0318201 -0.0179149 -1.49033
50.7936 0.663184 -3.57806 1.45837 -0.0318406 -0.0179052 -1.49033
50.7961 0.663162 -3.57922 1.4584 -0.0318616 -0.0178867 -1.49033
50.808 0.663094 -3.58268 1.4585 -0.0319218 -0.017799 -1.49033
50.8497 0.663106 -3.58758 1.45898 -0.0318393 -0.0177806 -1.49042
50.8581 0.663083 -3.58873 1.45902 -0.031854 -0.0177114 -1.49043
50.8581 0.663061 -3.58987 1.45905 -0.0318731 -0.017698 -1.49043
50.8626 0.663038 -3.59102 1.45908 -0.0318942 -0.0177338 -1.49043
50.8633 0.663015 -3.59216 1.45911 -0.0319107 -0.0177272 -1.49044
50.8683 0.662993 -3.59329 1.45914 -0.031927 -0.0177262 -1.49045
50.8765 0.66297 -3.59443 1.45918 -0.0319434 -0.0176724 -1.49046
50.8765 0.662947 -3.59557 1.45921 -0.0319603 -0.0176168 -1.49047
50.8765 0.662924 -3.59671 1.45924 -0.0319769 -0.0176122 -1.49047
50.8766 0.6629 -3.59785 1.45927 -0.0319922 -0.0176052 -1.49048
50.8782 0.662877 -3.59898 1.4593 -0.0320077 -0.0175994 -1.49048
50.8924 0.663161 -3.59945 1.45992 -0.0318688 -0.0177716 -1.49054
50.8982 0.663139 -3.60058 1.45995 -0.0318844 -0.0177711 -1.49055
50.902 0.663116 -3.60171 1.45998 -0.0319005 -0.0177716 -1.49056
50.9119 0.663093 -3.60284 1.46001 -0.0319122 -0.0178287 -1.49058
50.9119 0.66307 -3.60396 1.46004 -0.031923 -0.017903 -1.49061
50.9158 0.663047 -3.60509 1.46007 -0.0319377 -0.0179362 -1.49063
50.926 0.663023 -3.60621 1.4601 -0.0319521 -0.0179652 -1.49065
50.9286 0.663 -3.60733 1.46013 -0.0319672 -0.0179862 -1.49065
50.9362 0.662977 -3.60845 1.46016 -0.0319833 -0.0179961 -1.49064
50.9396 0.662954 -3.60958 1.46019 -0.0319977 -0.0179948 -1.49064
50.942 0.662931 -3.6107 1.46022 -0.0320107 -0.0179828 -1.49065
50.9511 0.662908 -3.61182 1.46025 -0.0320244 -0.0179643 -1.49066
50.9533 0.662885 -3.61293 1.46029 -0.0320384 -0.0179414 -1.49067
50.9568 0.662861 -3.61405 1.46032 -0.0320524 -0.0179147 -1.49068
50.9618 0.662838 -3.61517 1.46035 -0.0320666 -0.0178876 -1.49069
50.9642 0.662815 -3.61628 1.46038 -0.0320815 -0.0178605 -1.4907
50.9746 0.662791 -3.6174 1.46041 -0.032096 -0.0178353 -1.49071
50.9772 0.662768 -3.61851 1.46044 -0.0321106 -0.0178139 -1.49072
50.9793 0.662746 -3.61963 1.46047 -0.0321258 -0.0177965 -1.49073
50.9997 0.662736 -3.6201 1.46069 -0.0320212 -0.0178837 -1.49076
51.0039 0.662713 -3.62121 1.46072 -0.0320342 -0.0178728 -1.49077
51.0041 0.662689 -3.62231 1.46075 -0.0320477 -0.0178642 -1.49078
51.0117 0.662666 -3.62342 1.46078 -0.0320611 -0.0178572 -1.49079
51.0138 0.662642 -3.62453 1.46081 -0.0320738 -0.0178506 -1.49079
51.0174 0.662618 -3.62563 1.46084 -0.032086 -0.017844 -1.4908
51.0303 0.662594 -3.62674 1.46086 -0.0320987 -0.0178371 -1.49081
51.0333 0.66257 -3.62784 1.46089 -0.0321102 -0.0178293 -1.49082
51.0361 0.662546 -3.62895 1.46092 -0.0321214 -0.0178206 -1.49082
51.0397 0.662522 -3.63005 1.46095 -0.0321331 -0.0178112 -1.49083
51.0433 0.662497 -3.63115 1.46098 -0.032144 -0.0178019 -1.49084
51.0538 0.662473 -3.63225 1.46101 -0.0321541 -0.0177933 -1.49085
51.0596 0.662448 -3.63335 1.46103 -0.0321635 -0.0177844 -1.49085
51.0612 0.662423 -3.63445 1.46106 -0.0321727 -0.0177757 -1.49086
51.0691 0.662398 -3.63554 1.46109 -0.032182 -0.0177675 -1.49087
51.0739 0.662374 -3.63664 1.46112 -0.03219 -0.0177595 -1.49087
51.0866 0.662348 -3.63774 1.46114 -0.0321972 -0.0177524 -1.49088
51.0898 0.662323 -3.63883 1.46117 -0.0322052 -0.017745 -1.49088
51.1 0.662299 -3.63992 1.4612 -0.0322126 -0.0177374 -1.49089
51.1046 0.662273 -3.64102 1.46122 -0.03222 -0.0177305 -1.49089
51.1105 0.662248 -3.64211 1.46125 -0.0322275 -0.0177238 -1.4909
51.1114 0.662222 -3.6432 1.46128 -0.0322347 -0.0177176 -1.4909
51.1137 0.662196 -3.64429 1.4613 -0.0322422 -0.0177116 -1.49091
51.1189 0.662171 -3.64538 1.46133 -0.0322496 -0.0177055 -1.49091
51.1349 0.6622 -3.64583 1.4616 -0.0321331 -0.0178123 -1.49095
51.1379 0.662175 -3.64692 1.46162 -0.0321401 -0.0178077 -1.49095
51.1388 0.66215 -3.64801 1.46165 -0.0321476 -0.0178039 -1.49096
51.1495 0.662124 -3.64909 1.46168 -0.0321547 -0.0178014 -1.49096
51.1527 0.662099 -3.65017 1.4617 -0.0321614 -0.0177995 -1.49096
51.1555 0.662073 -3.65126 1.46173 -0.0321672 -0.0177972 -1.49097
51.177 0.661995 -3.6545 1.4618 -0.0321863 -0.0177911 -1.49098
51.1805 0.661969 -3.65558 1.46183 -0.0321938 -0.0177888 -1.49099
51.1866 0.661943 -3.65665 1.46185 -0.0322013 -0.0177848 -1.49099
51.1934 0.661916 -3.65773 1.46188 -0.0322086 -0.017781 -1.491
51.1957 0.66189 -3.65881 1.46191 -0.032215 -0.0177782 -1.491
51.2057 0.661863 -3.65988 1.46193 -0.0322216 -0.017776 -1.491
51.2066 0.661837 -3.66096 1.46196 -0.0322286 -0.017774 -1.49101
51.2183 0.66181 -3.66203 1.46198 -0.0322352 -0.017772 -1.49101
51.2206 0.661783 -3.6631 1.46201 -0.032242 -0.017771 -1.49102
51.2226 0.661756 -3.66417 1.46203 -0.0322511 -0.0178326 -1.49104
51.2247 0.661729 -3.66524 1.46205 -0.0322523 -0.0179201 -1.49109
51.2303 0.661704 -3.66631 1.46208 -0.0322512 -0.0179628 -1.49114
51.2431 0.661678 -3.66738 1.4621 -0.0322571 -0.0179926 -1.49115
51.2445 0.66165 -3.66845 1.46213 -0.0322632 -0.0180138 -1.49115
51.2588 0.661623 -3.66952 1.46215 -0.0322709 -0.0180237 -1.49114
51.2605 0.661595 -3.67058 1.46218 -0.032279 -0.0180206 -1.49113
51.2674 0.661624 -3.67101 1.46244 -0.0321605 -0.018118 -1.49114
51.278 0.661597 -3.67208 1.46246 -0.0321659 -0.0180933 -1.49114
51.2805 0.66157 -3.67314 1.46249 -0.032172 -0.0180621 -1.49115
51.2916 0.661543 -3.6742 1.46251 -0.0321795 -0.0180166 -1.49115
51.2916 0.661516 -3.67526 1.46254 -0.0321884 -0.0179824 -1.49115
51.3039 0.661489 -3.67633 1.46256 -0.0321983 -0.0179616 -1.49114
51.3051 0.661462 -3.67739 1.46259 -0.0322066 -0.0178954 -1.49115
51.3064 0.661435 -3.67845 1.46261 -0.032216 -0.0178346 -1.49115
51.319 0.661408 -3.67951 1.46264 -0.0322279 -0.0178172 -1.49114
51.3215 0.661381 -3.68056 1.46267 -0.0322395 -0.0178063 -1.49115
51.3296 0.661353 -3.68162 1.46269 -0.0322515 -0.017874 -1.49117
51.3321 0.661325 -3.68267 1.46271 -0.0322652 -0.0179556 -1.49121
51.335 0.661297 -3.68373 1.46274 -0.0322774 -0.0179784 -1.49125
51.3433 0.66127 -3.68478 1.46276 -0.0322887 -0.0180027 -1.49128
51.3461 0.661242 -3.68583 1.46279 -0.0323014 -0.0180221 -1.4913
51.3509 0.661214 -3.68689 1.46281 -0.0323146 -0.0180302 -1.49131
51.3589 0.661187 -3.68794 1.46284 -0.0323291 -0.0180272 -1.4913
51.3604 0.661159 -3.68899 1.46287 -0.0323451 -0.018016 -1.49129
51.3653 0.661132 -3.69004 1.46289 -0.0323622 -0.0179981 -1.49127
51.3707 0.661104 -3.69109 1.46292 -0.0323778 -0.0179807 -1.49126
51.3808 0.661077 -3.69214 1.46295 -0.0323926 -0.0179674 -1.49127
51.3837 0.661049 -3.69319 1.46298 -0.0324085 -0.0179552 -1.49128
51.3875 0.661021 -3.69424 1.463 -0.0324251 -0.0179459 -1.49129
51.3945 0.661134 -3.69499 1.46334 -0.0323386 -0.0180461 -1.49132
51.4028 0.661107 -3.69603 1.46337 -0.0323546 -0.0180436 -1.49133
51.4059 0.66108 -3.69708 1.46339 -0.0323712 -0.018044 -1.49133
51.4118 0.661053 -3.69812 1.46342 -0.0323868 -0.0180467 -1.49134
51.4237 0.66097 -3.70125 1.4635 -0.0324327 -0.0180606 -1.49137
51.4284 0.660943 -3.70229 1.46352 -0.0324485 -0.0180652 -1.49138
51.4341 0.660915 -3.70333 1.46355 -0.0324638 -0.0180689 -1.49139
51.4435 0.660887 -3.70437 1.46357 -0.0324785 -0.0180722 -1.4914
51.4469 0.660859 -3.70541 1.4636 -0.0324927 -0.0180743 -1.49141
51.449 0.660831 -3.70645 1.46363 -0.0325074 -0.0180765 -1.49141
51.4524 0.660802 -3.70748 1.46365 -0.0325224 -0.0180789 -1.49142
51.4581 0.660774 -3.70852 1.46368 -0.0325369 -0.0180807 -1.49143
51.4667 0.660745 -3.70956 1.4637 -0.0325506 -0.0180823 -1.49144
51.4691 0.660717 -3.71059 1.46372 -0.0325634 -0.0180838 -1.49144
51.4766 0.660688 -3.71163 1.46375 -0.032576 -0.0180853 -1.49145
51.4791 0.660659 -3.71266 1.46377 -0.0325883 -0.0180876 -1.49146
51.4826 0.66063 -3.71369 1.4638 -0.0325997 -0.0180904 -1.49146
51.4914 0.660601 -3.71472 1.46382 -0.0326115 -0.0180924 -1.49147
51.4967 0.660572 -3.71576 1.46384 -0.032623 -0.0180937 -1.49148
51.4979 0.660542 -3.71679 1.46387 -0.0326343 -0.0180934 -1.49148
51.5035 0.660513 -3.71782 1.46389 -0.0326462 -0.0180927 -1.49149
51.5093 0.660484 -3.71884 1.46392 -0.0326588 -0.0180922 -1.4915
51.521 0.660454 -3.71987 1.46394 -0.0326707 -0.0180911 -1.4915
51.5241 0.660424 -3.72089 1.46396 -0.0326809 -0.0180907 -1.49151
51.5284 0.660394 -3.72192 1.46399 -0.0326919 -0.0180904 -1.49151
51.5345 0.660364 -3.72295 1.46401 -0.0327022 -0.0180894 -1.49152
51.5421 0.660494 -3.72365 1.46435 -0.032603 -0.018199 -1.49155
51.5538 0.660465 -3.72467 1.46437 -0.0326133 -0.0181984 -1.49155
51.5543 0.660436 -3.72569 1.46439 -0.0326231 -0.0181971 -1.49156
51.5588 0.660407 -3.72672 1.46442 -0.0326334 -0.0181961 -1.49157
51.5606 0.660378 -3.72774 1.46444 -0.0326439 -0.0181954 -1.49157
51.5648 0.660348 -3.72876 1.46446 -0.0326541 -0.0181949 -1.49158
51.5679 0.660319 -3.72978 1.46448 -0.0326641 -0.0181945 -1.49159
51.5836 0.660289 -3.7308 1.46451 -0.0326746 -0.0181945 -1.49159
51.5846 0.660259 -3.73181 1.46453 -0.0326844 -0.0181939 -1.4916
51.5864 0.66023 -3.73283 1.46455 -0.0326926 -0.0181925 -1.4916
51.5943 0.6602 -3.73385 1.46457 -0.0327013 -0.0181916 -1.49161
51.5988 0.66017 -3.73486 1.46459 -0.0327095 -0.018192 -1.49161
51.6014 0.66014 -3.73588 1.46461 -0.0327199 -0.0182473 -1.49163
51.609 0.660109 -3.73689 1.46463 -0.0327266 -0.0182785 -1.49166
51.61 0.660078 -3.7379 1.46465 -0.0327306 -0.0182713 -1.49168
51.6186 0.660048 -3.73891 1.46468 -0.0327395 -0.0183009 -1.49169
51.6199 0.660017 -3.73992 1.4647 -0.0327492 -0.0183249 -1.49168
51.6217 0.659987 -3.74094 1.46472 -0.0327593 -0.018345 -1.49167
51.6283 0.659956 -3.74194 1.46474 -0.03277 -0.0183609 -1.49166
51.6294 0.659926 -3.74295 1.46476 -0.0327814 -0.0183716 -1.49163
51.634 0.659895 -3.74396 1.46478 -0.0327921 -0.01838 -1.49162
51.6399 0.659864 -3.74497 1.4648 -0.0328013 -0.0183876 -1.49163
51.6446 0.659833 -3.74597 1.46482 -0.0328096 -0.018391 -1.49163
51.6533 0.659802 -3.74698 1.46485 -0.0328185 -0.0183911 -1.49164
51.6638 0.659771 -3.74798 1.46487 -0.032829 -0.0183891 -1.49165
51.6645 0.65974 -3.74898 1.46489 -0.0328407 -0.0184371 -1.49167
51.6668 0.659708 -3.74999 1.46491 -0.0328505 -0.018494 -1.4917
51.6738 0.659676 -3.75099 1.46493 -0.0328579 -0.0185083 -1.49173
51.6768 0.659644 -3.75199 1.46495 -0.0328667 -0.0185212 -1.49175
51.6792 0.659612 -3.75299 1.46497 -0.0328773 -0.0185301 -1.49175
51.6879 0.659581 -3.75399 1.46499 -0.0328884 -0.0185332 -1.49175
51.6966 0.659549 -3.75499 1.46501 -0.0328978 -0.0184841 -1.49173
51.6967 0.659518 -3.75599 1.46503 -0.0329086 -0.0184289 -1.49171
51.7008 0.659486 -3.75698 1.46506 -0.0329207 -0.0184222 -1.4917
51.7046 0.659454 -3.75798 1.46508 -0.0329308 -0.0184214 -1.49171
51.711 0.659422 -3.75898 1.4651 -0.0329415 -0.018424 -1.49171
51.7252 0.659325 -3.76196 1.46516 -0.0329782 -0.018447 -1.49174
51.7284 0.659293 -3.76295 1.46518 -0.0329913 -0.0185065 -1.49176
51.7365 0.659259 -3.76394 1.4652 -0.0330026 -0.0185727 -1.49179
51.7384 0.659226 -3.76493 1.46522 -0.0330137 -0.0185939 -1.49183
51.7427 0.659194 -3.76592 1.46524 -0.0330268 -0.0186098 -1.49184
51.7504 0.659161 -3.7669 1.46526 -0.0330403 -0.0186181 -1.49185
51.7521 0.659128 -3.76789 1.46529 -0.0330545 -0.0186181 -1.49185
51.7575 0.659095 -3.76888 1.46531 -0.0330696 -0.0186101 -1.49183
51.7592 0.659063 -3.76987 1.46533 -0.033083 -0.0185959 -1.49183
51.7646 0.65903 -3.77085 1.46535 -0.033095 -0.0185785 -1.49184
51.7671 0.658996 -3.77184 1.46537 -0.033108 -0.0185596 -1.49184
51.7716 0.658963 -3.77283 1.4654 -0.0331184 -0.0185052 -1.49184
51.7785 0.65893 -3.77381 1.46542 -0.0331303 -0.0184513 -1.49183
51.7843 0.658897 -3.77479 1.46544 -0.0331452 -0.0184352 -1.49183
51.7874 0.658863 -3.77578 1.46546 -0.0331598 -0.0184224 -1.49184
51.7916 0.65883 -3.77676 1.46549 -0.0331757 -0.0184146 -1.49185
51.793 0.658796 -3.77774 1.46551 -0.033191 -0.0184124 -1.49186
51.8039 0.658762 -3.77872 1.46553 -0.0332037 -0.0184503 -1.49188
51.8056 0.658729 -3.7797 1.46555 -0.033223 -0.0184967 -1.49193
51.8305 0.658698 -3.78067 1.46557 -0.0332442 -0.018508 -1.49199
51.8335 0.658665 -3.78165 1.46559 -0.0332594 -0.0185112 -1.49201
51.8355 0.658631 -3.78263 1.46561 -0.0332749 -0.0185091 -1.49203
51.8391 0.658597 -3.7836 1.46563 -0.0332906 -0.0185005 -1.49203
51.8455 0.658562 -3.78458 1.46566 -0.0333082 -0.0184871 -1.49201
51.8518 0.658528 -3.78556 1.46568 -0.0333267 -0.0184715 -1.49199
51.8582 0.658494 -3.78653 1.4657 -0.0333435 -0.0184558 -1.49199
51.8634 0.658459 -3.7875 1.46572 -0.0333593 -0.0184421 -1.492
51.8671 0.658424 -3.78847 1.46575 -0.0333754 -0.0184304 -1.49201
51.8705 0.65839 -3.78945 1.46577 -0.0333912 -0.0184202 -1.49202
51.8774 0.658355 -3.79042 1.46579 -0.0334069 -0.0184119 -1.49203
51.8863 0.65832 -3.79139 1.46581 -0.0334232 -0.0184058 -1.49204
51.8974 0.658285 -3.79236 1.46584 -0.033439 -0.0184002 -1.49204
51.8983 0.658249 -3.79333 1.46586 -0.0334538 -0.0183961 -1.49205
51.9036 0.658214 -3.79429 1.46588 -0.0334691 -0.0183936 -1.49206
51.9118 0.658178 -3.79526 1.4659 -0.0334849 -0.0183917 -1.49207
51.9206 0.65822 -3.79619 1.46609 -0.03347 -0.0184312 -1.49208
51.9313 0.658431 -3.79691 1.46642 -0.0333913 -0.0185294 -1.49211
51.9371 0.658396 -3.79788 1.46644 -0.0334059 -0.0185279 -1.49212
51.9371 0.658362 -3.79884 1.46646 -0.0334207 -0.0185258 -1.49213
51.9458 0.658327 -3.7998 1.46648 -0.0334351 -0.018523 -1.49213
51.9509 0.658293 -3.80077 1.4665 -0.0334484 -0.0185206 -1.49214
51.9588 0.658258 -3.80173 1.46652 -0.0334611 -0.0185174 -1.49215
51.9631 0.658223 -3.80269 1.46655 -0.0334737 -0.0185124 -1.49216
51.9675 0.658188 -3.80365 1.46657 -0.0334853 -0.0185065 -1.49216
51.9711 0.658153 -3.80461 1.46659 -0.0334969 -0.0184997 -1.49217
51.9757 0.658118 -3.80557 1.4666 -0.0335075 -0.0184922 -1.49218
51.9829 0.658083 -3.80653 1.46662 -0.033518 -0.0184842 -1.49218
51.9856 0.658047 -3.80748 1.46664 -0.0335294 -0.0185213 -1.49221
52.0079 0.657901 -3.81129 1.46671 -0.0335759 -0.0186859 -1.49226
52.0109 0.657863 -3.81223 1.46673 -0.0335876 -0.0186831 -1.49225
52.014 0.657826 -3.81318 1.46674 -0.033601 -0.0187166 -1.49222
52.0155 0.657788 -3.81412 1.46676 -0.0336139 -0.0187662 -1.4922
52.0206 0.65775 -3.81507 1.46677 -0.0336256 -0.0187917 -1.4922
52.0267 0.657712 -3.81601 1.46679 -0.0336383 -0.0188142 -1.49221
52.0292 0.657674 -3.81695 1.4668 -0.0336506 -0.0188302 -1.49222
52.0328 0.657636 -3.81789 1.46682 -0.0336627 -0.0188363 -1.49222
52.0368 0.657598 -3.81884 1.46684 -0.0336747 -0.0188318 -1.49223
52.0439 0.65756 -3.81978 1.46685 -0.0336861 -0.0188171 -1.49224
52.0484 0.657522 -3.82072 1.46687 -0.0336965 -0.0187944 -1.49225
52.055 0.657484 -3.82166 1.46688 -0.033705 -0.0187248 -1.49225
52.0656 0.657446 -3.8226 1.4669 -0.0337136 -0.0186496 -1.49225
52.0682 0.657408 -3.82354 1.46692 -0.0337238 -0.0186136 -1.49226
52.0729 0.657369 -3.82448 1.46693 -0.0337336 -0.0185809 -1.49227
52.0738 0.657331 -3.82541 1.46695 -0.0337432 -0.018555 -1.49227
52.0811 0.657292 -3.82635 1.46696 -0.0337536 -0.0185376 -1.49228
52.094 0.657253 -3.82729 1.46698 -0.0337646 -0.0185287 -1.49229
52.0975 0.657214 -3.82822 1.46699 -0.0337755 -0.0185274 -1.49229
52.1051 0.657175 -3.82915 1.46701 -0.0337869 -0.0185775 -1.49232
52.1059 0.657136 -3.83009 1.46702 -0.0337949 -0.0185914 -1.49236
52.1138 0.657096 -3.83102 1.46704 -0.0338027 -0.018564 -1.49239
52.1143 0.657057 -3.83195 1.46705 -0.0338172 -0.0186203 -1.4924
52.1158 0.657018 -3.83288 1.46707 -0.0338335 -0.0186747 -1.49239
52.1188 0.656978 -3.83381 1.46708 -0.0338474 -0.0186845 -1.49239
52.1252 0.656939 -3.83474 1.4671 -0.0338595 -0.01869 -1.4924
52.1262 0.656899 -3.83567 1.46711 -0.0338721 -0.0186891 -1.49241
52.1351 0.656859 -3.8366 1.46713 -0.0338851 -0.0186816 -1.49242
52.1385 0.65682 -3.83752 1.46714 -0.0338979 -0.0186693 -1.49242
52.1434 0.65678 -3.83845 1.46716 -0.0339103 -0.0186533 -1.49243
52.1493 0.656739 -3.83938 1.46717 -0.0339226 -0.0186354 -1.49244
52.1529 0.656699 -3.8403 1.46719 -0.0339347 -0.0186175 -1.49245
52.1582 0.656659 -3.84123 1.4672 -0.033946 -0.0186014 -1.49246
52.1627 0.656618 -3.84215 1.46722 -0.0339572 -0.0185875 -1.49247
52.1639 0.656578 -3.84308 1.46723 -0.0339679 -0.0185756 -1.49247
52.1731 0.656537 -3.844 1.46725 -0.033979 -0.0185664 -1.49248
52.1786 0.656513 -3.8449 1.46729 -0.0339891 -0.0185648 -1.49249
52.193 0.656472 -3.84582 1.4673 -0.0339993 -0.0185619 -1.49249
52.1974 0.656787 -3.84657 1.46768 -0.0339163 -0.0186705 -1.49253
52.1983 0.656748 -3.84749 1.4677 -0.0339259 -0.018672 -1.49253
52.2024 0.656708 -3.84841 1.46771 -0.0339358 -0.0186749 -1.49254
52.211 0.656667 -3.84933 1.46772 -0.0339452 -0.0186779 -1.49255
52.2171 0.656627 -3.85025 1.46774 -0.0339538 -0.0186808 -1.49255
52.2213 0.656587 -3.85116 1.46775 -0.0339622 -0.0186832 -1.49256
52.2268 0.656546 -3.85208 1.46776 -0.0339707 -0.0186848 -1.49256
52.2412 0.656506 -3.853 1.46778 -0.0339789 -0.018686 -1.49257
52.2429 0.656465 -3.85391 1.46779 -0.0339871 -0.0186862 -1.49257
52.2445 0.656424 -3.85483 1.4678 -0.033995 -0.0186845 -1.49258
52.2516 0.656383 -3.85574 1.46781 -0.0340018 -0.0186805 -1.49258
52.2615 0.656344 -3.85666 1.46783 -0.0340077 -0.0186759 -1.49259
52.2645 0.656303 -3.85757 1.46784 -0.0340135 -0.0186715 -1.49259
52.2647 0.656261 -3.85848 1.46785 -0.0340195 -0.0186662 -1.4926
52.2705 0.65622 -3.85939 1.46786 -0.0340249 -0.0186609 -1.4926
52.2719 0.656178 -3.86031 1.46787 -0.0340298 -0.0186565 -1.4926
52.2813 0.656491 -3.86117 1.46822 -0.0339497 -0.0187496 -1.49263
52.2857 0.65645 -3.86208 1.46823 -0.0339552 -0.0187454 -1.49264
52.2868 0.656409 -3.86299 1.46824 -0.0339598 -0.0187423 -1.49264
52.2945 0.656368 -3.8639 1.46825 -0.0339646 -0.0187396 -1.49264
52.3052 0.656327 -3.86481 1.46826 -0.0339695 -0.0187377 -1.49264
52.3066 0.656286 -3.86571 1.46827 -0.0339738 -0.0187369 -1.49265
52.3093 0.656244 -3.86662 1.46829 -0.0339779 -0.0187366 -1.49265
52.3167 0.656203 -3.86753 1.4683 -0.0339814 -0.0187356 -1.49265
52.3215 0.656161 -3.86843 1.46831 -0.0339841 -0.0187347 -1.49266
52.3272 0.65612 -3.86934 1.46832 -0.0339873 -0.018734 -1.49266
52.3304 0.656078 -3.87024 1.46833 -0.0339906 -0.0187325 -1.49266
52.3349 0.656036 -3.87114 1.46834 -0.0339933 -0.018732 -1.49266
52.3466 0.655994 -3.87205 1.46835 -0.0339962 -0.0187324 -1.49266
52.3484 0.655952 -3.87295 1.46836 -0.0339997 -0.0187323 -1.49267
52.3505 0.655909 -3.87385 1.46837 -0.0340025 -0.0187324 -1.49267
52.3581 0.655867 -3.87475 1.46838 -0.034005 -0.0187328 -1.49267
52.3603 0.655824 -3.87565 1.46839 -0.0340078 -0.0187336 -1.49267
52.3646 0.655782 -3.87655 1.4684 -0.034012 -0.0187768 -1.49269
52.3746 0.655739 -3.87745 1.4684 -0.0340118 -0.0187896 -1.49272
52.3781 0.655696 -3.87835 1.46841 -0.0340096 -0.0187662 -1.49273
52.3792 0.655653 -3.87924 1.46842 -0.0340121 -0.0187789 -1.49273
52.387 0.655609 -3.88014 1.46843 -0.034016 -0.0187884 -1.49271
52.3924 0.655566 -3.88104 1.46844 -0.0340208 -0.0187934 -1.49269
52.3979 0.655522 -3.88193 1.46845 -0.0340038 -0.0188645 -1.49267
52.4 0.655476 -3.88282 1.46846 -0.0339863 -0.0189641 -1.49268
52.4115 0.655434 -3.88372 1.46847 -0.033991 -0.0189882 -1.4927
52.4135 0.655391 -3.88461 1.46848 -0.033997 -0.0190422 -1.4927
52.4219 0.655755 -3.8855 1.46882 -0.0339246 -0.0192242 -1.49272
52.4325 0.655712 -3.88639 1.46883 -0.0339301 -0.0192754 -1.49272
52.4399 0.65567 -3.88728 1.46884 -0.0339363 -0.0193161 -1.49272
52.4499 0.655627 -3.88817 1.46885 -0.0339424 -0.0193444 -1.49272
52.4554 0.655584 -3.88906 1.46886 -0.0339479 -0.0193584 -1.49273
52.4595 0.655542 -3.88995 1.46887 -0.0339532 -0.0193604 -1.49273
52.4629 0.655499 -3.89084 1.46888 -0.0339585 -0.0193529 -1.49273
52.4698 0.655456 -3.89173 1.46889 -0.0339627 -0.0193383 -1.49274
52.4755 0.655413 -3.89262 1.46889 -0.0339662 -0.0193195 -1.49274
52.4795 0.65537 -3.8935 1.4689 -0.0339709 -0.0192973 -1.49275
52.4849 0.655327 -3.89439 1.46891 -0.0339767 -0.0192735 -1.49275
52.4864 0.655284 -3.89528 1.46892 -0.0339825 -0.0192523 -1.49276
52.4958 0.655241 -3.89616 1.46893 -0.0339877 -0.0192351 -1.49276
52.502 0.655198 -3.89705 1.46894 -0.0339932 -0.0192215 -1.49277
52.5038 0.655155 -3.89793 1.46895 -0.0340005 -0.0192113 -1.49277
52.5099 0.655111 -3.89882 1.46896 -0.0340082 -0.0192048 -1.49278
52.5384 0.655557 -3.89986 1.4694 -0.0339526 -0.0192965 -1.49281
52.5436 0.655515 -3.90075 1.46941 -0.0339611 -0.0192958 -1.49281
52.5465 0.655473 -3.90163 1.46942 -0.0339692 -0.0192962 -1.49282
52.5476 0.655431 -3.90251 1.46943 -0.0339775 -0.0192979 -1.49282
52.5843 0.655566 -3.9069 1.4698 -0.0339876 -0.0193499 -1.49289
52.5869 0.655483 -3.90865 1.46982 -0.0340022 -0.0193366 -1.4929
52.5884 0.655441 -3.90953 1.46983 -0.0340093 -0.0193282 -1.4929
52.6527 0.655493 -3.91756 1.47029 -0.0340433 -0.0193365 -1.49297
52.6566 0.655451 -3.91843 1.4703 -0.0340495 -0.0193325 -1.49298
52.6608 0.655409 -3.91931 1.47031 -0.0340558 -0.0193281 -1.49298
52.6642 0.655367 -3.92018 1.47032 -0.0340611 -0.0193239 -1.49299
52.6651 0.655325 -3.92105 1.47032 -0.0340701 -0.0193899 -1.49301
52.6692 0.655283 -3.92192 1.47033 -0.0340788 -0.0194637 -1.49303
52.6703 0.655241 -3.92279 1.47034 -0.0340843 -0.0194752 -1.49305
52.679 0.655198 -3.92366 1.47035 -0.0340902 -0.0194856 -1.49305
52.679 0.655156 -3.92453 1.47035 -0.0340962 -0.0194912 -1.49303
52.679 0.655114 -3.9254 1.47036 -0.0341014 -0.0194902 -1.49302
52.6906 0.655541 -3.92645 1.47078 -0.0340928 -0.019548 -1.49306
52.7 0.6555 -3.92731 1.47079 -0.0340971 -0.0195388 -1.49306
52.709 0.655459 -3.92818 1.47079 -0.0341006 -0.0195271 -1.49307
52.712 0.655417 -3.92905 1.4708 -0.0341048 -0.0195154 -1.49307
52.7141 0.655376 -3.92992 1.47081 -0.0341088 -0.0195053 -1.49307
52.7165 0.655334 -3.93079 1.47082 -0.034113 -0.0194962 -1.49308
52.7199 0.655293 -3.93165 1.47083 -0.0341178 -0.0194888 -1.49308
52.7248 0.655251 -3.93252 1.47083 -0.0341225 -0.0194826 -1.49309
52.7324 0.655209 -3.93339 1.47084 -0.0341273 -0.0194769 -1.49309
52.7347 0.655167 -3.93425 1.47085 -0.0341321 -0.0194717 -1.49309
52.7363 0.655125 -3.93512 1.47086 -0.0341372 -0.019466 -1.4931
52.7384 0.655083 -3.93599 1.47087 -0.0341419 -0.0194586 -1.4931
52.7459 0.65504 -3.93685 1.47087 -0.0341473 -0.0194499 -1.4931
52.7599 0.654998 -3.93772 1.47088 -0.0341527 -0.0194409 -1.49311
52.7608 0.654955 -3.93858 1.47089 -0.0341577 -0.0194306 -1.49311
52.7628 0.654913 -3.93945 1.4709 -0.0341627 -0.0194182 -1.49312
52.7793 0.654872 -3.94031 1.47091 -0.034167 -0.0194065 -1.49312
52.785 0.654829 -3.94117 1.47091 -0.0341719 -0.0193949 -1.49312
52.7862 0.654786 -3.94204 1.47092 -0.0341765 -0.0193843 -1.49313
52.7965 0.655225 -3.94322 1.47132 -0.034181 -0.0194256 -1.49317
52.8015 0.655183 -3.94408 1.47133 -0.0341853 -0.0194144 -1.49317
52.8047 0.655141 -3.94495 1.47134 -0.0341889 -0.0194031 -1.49317
52.811 0.655099 -3.94581 1.47134 -0.0341923 -0.0193929 -1.49318
52.8174 0.655057 -3.94667 1.47135 -0.0341963 -0.0193841 -1.49318
52.8202 0.655015 -3.94753 1.47136 -0.0342009 -0.019377 -1.49319
52.8227 0.654972 -3.9484 1.47137 -0.0342058 -0.0193713 -1.49319
52.8266 0.65493 -3.94926 1.47137 -0.0342104 -0.0193661 -1.49319
52.8323 0.654887 -3.95012 1.47138 -0.0342146 -0.0193607 -1.4932
52.8373 0.654844 -3.95098 1.47139 -0.034218 -0.0193558 -1.4932
52.8443 0.654802 -3.95184 1.47139 -0.0342216 -0.019351 -1.4932
52.8506 0.654759 -3.9527 1.4714 -0.0342257 -0.0193459 -1.49321
52.8605 0.654715 -3.95356 1.47141 -0.034229 -0.019342 -1.49321
52.8759 0.655183 -3.95476 1.4718 -0.0342334 -0.0193887 -1.49325
52.878 0.655141 -3.95562 1.47181 -0.0342362 -0.0193847 -1.49325
52.8799 0.655099 -3.95648 1.47181 -0.0342397 -0.0193807 -1.49325
52.8867 0.655057 -3.95734 1.47182 -0.0342406 -0.0193852 -1.49327
52.8913 0.655014 -3.95819 1.47182 -0.0342402 -0.0193947 -1.4933
52.897 0.654972 -3.95905 1.47183 -0.0342423 -0.0194011 -1.49332
52.9032 0.654929 -3.95991 1.47183 -0.0342459 -0.0194084 -1.49333
52.9053 0.654887 -3.96077 1.47184 -0.0342516 -0.019416 -1.49332
52.9088 0.654844 -3.96163 1.47185 -0.0342575 -0.0194223 -1.49331
52.9162 0.654802 -3.96249 1.47186 -0.0342607 -0.019366 -1.49332
52.9208 0.654759 -3.96335 1.47186 -0.0342644 -0.0193107 -1.49331
52.9209 0.654716 -3.96421 1.47187 -0.0342712 -0.0193179 -1.49328
52.927 0.654673 -3.96507 1.47188 -0.0342773 -0.0193252 -1.49326
52.9395 0.65463 -3.96592 1.47188 -0.034281 -0.0193857 -1.49328
52.9419 0.654588 -3.96678 1.47189 -0.0342807 -0.0194597 -1.49333
52.945 0.654547 -3.96764 1.47189 -0.0342813 -0.0194854 -1.49338
52.9468 0.654505 -3.9685 1.4719 -0.0342876 -0.0194996 -1.49339
52.9498 0.654462 -3.96935 1.4719 -0.0342946 -0.0195054 -1.49339
52.9532 0.654419 -3.97021 1.47191 -0.0342989 -0.0194653 -1.49336
52.9562 0.654374 -3.97107 1.47192 -0.0342833 -0.019445 -1.49333
52.9621 0.654328 -3.97192 1.47193 -0.03427 -0.0194767 -1.49332
52.968 0.654283 -3.97278 1.47193 -0.0342779 -0.0195393 -1.49334
52.9703 0.654239 -3.97363 1.47194 -0.0342856 -0.0195978 -1.49337
52.9732 0.654195 -3.97448 1.47195 -0.0342934 -0.0196125 -1.4934
52.9767 0.654151 -3.97534 1.47195 -0.0343039 -0.0196236 -1.4934
52.9825 0.654107 -3.97619 1.47196 -0.0343167 -0.0196281 -1.4934
52.9988 0.653976 -3.97875 1.47199 -0.0343552 -0.0196033 -1.49339
53.0029 0.653932 -3.97961 1.472 -0.0343678 -0.0195853 -1.4934
53.0082 0.653889 -3.98046 1.47201 -0.0343818 -0.0195666 -1.4934
53.0169 0.653845 -3.98132 1.47202 -0.0343954 -0.0195478 -1.49341
53.0188 0.653801 -3.98217 1.47203 -0.0344074 -0.0195292 -1.49342
53.0355 0.653668 -3.98473 1.47206 -0.0344417 -0.0194868 -1.49344
53.0419 0.653624 -3.98558 1.47207 -0.0344536 -0.0194765 -1.49345
53.0527 0.653579 -3.98643 1.47208 -0.0344659 -0.019468 -1.49346
53.0591 0.653534 -3.98728 1.47209 -0.0344772 -0.019461 -1.49346
53.0619 0.65349 -3.98813 1.4721 -0.0344883 -0.0194542 -1.49347
53.0678 0.653445 -3.98899 1.47211 -0.0344985 -0.0194485 -1.49348
53.071 0.6534 -3.98984 1.47212 -0.0345081 -0.019443 -1.49348
53.0751 0.653354 -3.99069 1.47213 -0.0345172 -0.0194362 -1.49349
53.0808 0.653309 -3.99154 1.47214 -0.0345257 -0.0194296 -1.49349
53.0838 0.653264 -3.99239 1.47214 -0.034534 -0.019424 -1.4935
53.0919 0.653218 -3.99324 1.47215 -0.0345418 -0.0194195 -1.4935
53.096 0.653172 -3.99409 1.47216 -0.0345497 -0.0194156 -1.49351
53.0975 0.653126 -3.99494 1.47217 -0.0345579 -0.0194125 -1.49351
53.1022 0.65308 -3.99579 1.47218 -0.0345663 -0.0194103 -1.49352
53.1106 0.653034 -3.99664 1.47218 -0.0345733 -0.0194085 -1.49352
53.1116 0.652988 -3.99749 1.47219 -0.034579 -0.0194066 -1.49352
53.1154 0.652941 -3.99834 1.4722 -0.0345851 -0.0194047 -1.49353
53.1208 0.652895 -3.99919 1.47221 -0.0345909 -0.0194035 -1.49353
53.1269 0.652848 -4.00004 1.47221 -0.0345969 -0.0194015 -1.49354
53.1307 0.652801 -4.00088 1.47222 -0.0346031 -0.0193985 -1.49354
53.135 0.652754 -4.00173 1.47223 -0.0346086 -0.0193952 -1.49355
53.1386 0.652707 -4.00258 1.47223 -0.0346137 -0.0193915 -1.49355
53.1509 0.65266 -4.00343 1.47224 -0.0346184 -0.0193882 -1.49355
53.1554 0.652612 -4.00428 1.47225 -0.0346227 -0.0193848 -1.49356
53.1576 0.652565 -4.00512 1.47225 -0.0346266 -0.0193813 -1.49356
53.159 0.652517 -4.00597 1.47226 -0.0346303 -0.0193775 -1.49356
53.1618 0.652469 -4.00682 1.47226 -0.0346338 -0.0193726 -1.49356
53.1659 0.652422 -4.00766 1.47227 -0.0346377 -0.0193682 -1.49357
53.1727 0.652374 -4.00851 1.47228 -0.0346408 -0.0193645 -1.49357
53.1754 0.652326 -4.00936 1.47228 -0.0346439 -0.0193611 -1.49357
53.1855 0.652278 -4.0102 1.47229 -0.0346476 -0.0193579 -1.49357
53.1881 0.652229 -4.01105 1.47229 -0.0346509 -0.0193543 -1.49358
53.1908 0.652181 -4.0119 1.4723 -0.0346542 -0.0193501 -1.49358
53.1937 0.652133 -4.01274 1.47231 -0.0346585 -0.019347 -1.49358
53.196 0.652084 -4.01359 1.47231 -0.0346619 -0.0193443 -1.49358
53.2024 0.652035 -4.01443 1.47232 -0.0346635 -0.0193414 -1.49359
53.2089 0.651987 -4.01528 1.47232 -0.0346659 -0.0193389 -1.49359
53.2124 0.651938 -4.01612 1.47233 -0.0346682 -0.0193359 -1.49359
53.2169 0.651889 -4.01696 1.47233 -0.0346701 -0.0193321 -1.49359
53.2216 0.65184 -4.01781 1.47234 -0.0346723 -0.0193272 -1.49359
53.2319 0.65179 -4.01865 1.47234 -0.0346743 -0.0193213 -1.4936
53.2371 0.651741 -4.0195 1.47235 -0.0346755 -0.0193144 -1.4936
53.2499 0.651691 -4.02034 1.47235 -0.0346766 -0.0193072 -1.4936
53.2501 0.651642 -4.02118 1.47236 -0.0346778 -0.0193 -1.4936
53.26 0.651641 -4.02211 1.4724 -0.0346906 -0.0192908 -1.4936
53.2654 0.651592 -4.02295 1.4724 -0.0346924 -0.0192851 -1.4936
53.2743 0.652221 -4.02452 1.47282 -0.0347135 -0.0193194 -1.49364
53.2786 0.652173 -4.02537 1.47282 -0.034714 -0.0193158 -1.49364
53.2893 0.652124 -4.02621 1.47283 -0.034714 -0.0193128 -1.49365
53.2961 0.652075 -4.02705 1.47283 -0.0347146 -0.0193111 -1.49365
53.2997 0.652027 -4.02789 1.47284 -0.0347156 -0.0193102 -1.49365
53.3014 0.651978 -4.02874 1.47284 -0.0347168 -0.019309 -1.49365
53.3527 0.653046 -4.03515 1.47359 -0.0348476 -0.0195423 -1.49377
53.3544 0.652951 -4.03683 1.4736 -0.0348499 -0.0196428 -1.49382
53.3635 0.652857 -4.0385 1.4736 -0.0348585 -0.0196485 -1.49381
53.3646 0.65281 -4.03933 1.4736 -0.0348638 -0.019644 -1.4938
53.3647 0.652763 -4.04017 1.4736 -0.0348669 -0.0196354 -1.4938
53.3689 0.652715 -4.041 1.4736 -0.0348688 -0.0195855 -1.4938
53.3731 0.652669 -4.04184 1.4736 -0.0348764 -0.019585 -1.49378
53.3832 0.652622 -4.04267 1.47361 -0.034886 -0.019623 -1.49377
53.3848 0.652574 -4.04351 1.47361 -0.0348904 -0.0196117 -1.49377
53.388 0.653453 -4.04601 1.47411 -0.0349611 -0.0195438 -1.49382
53.407 0.653318 -4.04853 1.47412 -0.0349621 -0.0192492 -1.49383
53.4142 0.653274 -4.04938 1.47413 -0.0349691 -0.0192403 -1.49383
53.4176 0.65323 -4.05022 1.47414 -0.03498 -0.0192722 -1.4938
53.4193 0.653184 -4.05107 1.47415 -0.0349631 -0.0193505 -1.49379
53.4268 0.653136 -4.05191 1.47415 -0.0349449 -0.019459 -1.4938
53.4284 0.65309 -4.05275 1.47416 -0.0349541 -0.0195455 -1.4938
53.4381 0.653045 -4.05359 1.47416 -0.0349639 -0.0196226 -1.4938
53.4405 0.653 -4.05443 1.47417 -0.0349733 -0.0196859 -1.49381
53.4423 0.652954 -4.05527 1.47418 -0.0349822 -0.0197306 -1.49381
53.4448 0.652909 -4.05611 1.47418 -0.0349917 -0.0197561 -1.49382
53.4511 0.652864 -4.05695 1.47419 -0.0350011 -0.0197644 -1.49382
53.4604 0.652819 -4.05779 1.4742 -0.0350104 -0.0197584 -1.49383
53.463 0.652773 -4.05863 1.4742 -0.0350185 -0.0197396 -1.49383
53.4701 0.652728 -4.05947 1.47421 -0.0350255 -0.0197123 -1.49384
53.472 0.652683 -4.06031 1.47422 -0.0350334 -0.0196811 -1.49384
53.4743 0.652637 -4.06116 1.47422 -0.0350423 -0.0196481 -1.49385
53.4776 0.652592 -4.062 1.47423 -0.0350516 -0.0196157 -1.49386
53.4846 0.652546 -4.06284 1.47424 -0.035061 -0.0195861 -1.49386
53.4907 0.652522 -4.06368 1.47426 -0.0350688 -0.0195641 -1.49387
53.4943 0.652476 -4.06452 1.47427 -0.0350789 -0.019542 -1.49388
53.5001 0.653371 -4.06694 1.47474 -0.0351594 -0.0195282 -1.49393
53.5104 0.653327 -4.06778 1.47475 -0.03517 -0.0195127 -1.49394
53.5116 0.653284 -4.06863 1.47476 -0.0351798 -0.0195005 -1.49394
53.514 0.65324 -4.06947 1.47477 -0.0351894 -0.0194897 -1.49395
53.5162 0.653196 -4.07031 1.47477 -0.0351992 -0.0194794 -1.49396
53.5214 0.653152 -4.07115 1.47478 -0.0352085 -0.0194692 -1.49396
53.5281 0.653108 -4.07199 1.47479 -0.0352168 -0.0194581 -1.49397
53.544 0.653063 -4.07283 1.47479 -0.0352253 -0.0194455 -1.49398
53.5445 0.653089 -4.07372 1.47485 -0.035237 -0.0194378 -1.49399
53.5642 0.653986 -4.07638 1.47527 -0.0353178 -0.0194207 -1.49403
53.566 0.653944 -4.07722 1.47528 -0.0353248 -0.0194075 -1.49404
53.571 0.653902 -4.07807 1.47529 -0.0353311 -0.0193944 -1.49404
53.5716 0.65386 -4.07891 1.47529 -0.0353364 -0.0193813 -1.49405
53.5787 0.653817 -4.07975 1.4753 -0.0353421 -0.019368 -1.49405
53.5827 0.653775 -4.0806 1.47531 -0.0353478 -0.0193553 -1.49405
53.5976 0.653732 -4.08144 1.47531 -0.0353527 -0.0193432 -1.49406
53.5984 0.653689 -4.08228 1.47532 -0.0353584 -0.0193299 -1.49406
53.6024 0.653646 -4.08312 1.47532 -0.0353644 -0.0193165 -1.49407
53.6073 0.653603 -4.08397 1.47533 -0.0353706 -0.0193038 -1.49407
53.6114 0.65356 -4.08481 1.47533 -0.0353765 -0.0192902 -1.49407
53.6138 0.653517 -4.08565 1.47534 -0.0353815 -0.0192762 -1.49408
53.6223 0.653473 -4.08649 1.47534 -0.0353857 -0.0192633 -1.49408
53.6223 0.65343 -4.08733 1.47535 -0.0353889 -0.0192512 -1.49408
53.626 0.653386 -4.08818 1.47535 -0.0353917 -0.0192391 -1.49409
53.6273 0.653342 -4.08902 1.47536 -0.0353953 -0.0192262 -1.49409
53.6353 0.653299 -4.08986 1.47536 -0.0353987 -0.0192139 -1.49409
53.6436 0.653254 -4.0907 1.47537 -0.0353991 -0.0192409 -1.49411
53.6463 0.653211 -4.09154 1.47537 -0.035396 -0.0192788 -1.49416
53.6497 0.653169 -4.09238 1.47537 -0.0353948 -0.0192809 -1.49421
53.6599 0.653219 -4.09331 1.47543 -0.0354057 -0.0192765 -1.49422
53.6634 0.653175 -4.09415 1.47544 -0.0354084 -0.0192238 -1.4942
53.6693 0.653131 -4.09499 1.47544 -0.0354127 -0.0191669 -1.49417
53.6694 0.653087 -4.09583 1.47545 -0.0354216 -0.0191499 -1.49412
53.6786 0.654352 -4.09897 1.47603 -0.03555 -0.0191259 -1.49412
53.6992 0.65431 -4.09982 1.47603 -0.0355563 -0.0191352 -1.49412
53.7025 0.654268 -4.10066 1.47604 -0.0355637 -0.0191513 -1.49413
53.7028 0.654227 -4.10151 1.47604 -0.0355724 -0.0191695 -1.49413
53.709 0.654186 -4.10235 1.47605 -0.0355815 -0.0192249 -1.49415
53.713 0.654144 -4.10319 1.47605 -0.0355894 -0.0192816 -1.49418
53.7262 0.654103 -4.10403 1.47606 -0.0355974 -0.0192998 -1.4942
53.7278 0.654061 -4.10488 1.47607 -0.0356063 -0.0193109 -1.4942
53.7338 0.65402 -4.10572 1.47607 -0.0356146 -0.0193135 -1.49421
53.7371 0.653978 -4.10657 1.47608 -0.0356214 -0.0193063 -1.49421
53.7417 0.653937 -4.10741 1.47608 -0.0356277 -0.0192915 -1.49421
53.745 0.653895 -4.10826 1.47609 -0.0356332 -0.0192714 -1.49422
53.749 0.653853 -4.1091 1.47609 -0.0356378 -0.0192474 -1.49422
53.7613 0.653811 -4.10995 1.4761 -0.035643 -0.0192218 -1.49423
53.7659 0.654772 -4.11281 1.47647 -0.0357394 -0.0191696 -1.49427
53.7795 0.654653 -4.11536 1.47649 -0.0357526 -0.0191067 -1.49428
53.7838 0.654613 -4.11621 1.47649 -0.0357567 -0.0190907 -1.49429
53.7883 0.654573 -4.11705 1.4765 -0.0357611 -0.0190783 -1.49429
53.8041 0.654451 -4.1196 1.47651 -0.0357733 -0.0190534 -1.4943
53.8075 0.654411 -4.12045 1.47651 -0.0357756 -0.0190481 -1.4943
53.814 0.65437 -4.12129 1.47652 -0.0357772 -0.0190432 -1.4943
53.8176 0.654329 -4.12214 1.47652 -0.0357787 -0.0190374 -1.49431
53.8294 0.654288 -4.12299 1.47652 -0.0357796 -0.0190323 -1.49431
53.8342 0.654246 -4.12384 1.47653 -0.0357808 -0.0190273 -1.49431
53.8345 0.654205 -4.12469 1.47653 -0.0357821 -0.0190217 -1.49431
53.8386 0.654164 -4.12553 1.47654 -0.0357826 -0.0190157 -1.49431
53.8444 0.654122 -4.12638 1.47654 -0.0357829 -0.0190092 -1.49431
53.8501 0.65408 -4.12723 1.47654 -0.035783 -0.0190035 -1.49431
53.8527 0.654039 -4.12808 1.47655 -0.0357827 -0.0189973 -1.49432
53.857 0.653997 -4.12892 1.47655 -0.0357825 -0.0189908 -1.49432
53.8618 0.653955 -4.12977 1.47655 -0.0357827 -0.0189847 -1.49432
53.8747 0.653786 -4.13316 1.47656 -0.0357828 -0.0189662 -1.49432
53.8786 0.653743 -4.13401 1.47656 -0.0357819 -0.0189629 -1.49432
53.8823 0.6537 -4.13486 1.47657 -0.0357808 -0.0189597 -1.49432
53.8886 0.653657 -4.13571 1.47657 -0.035779 -0.0189562 -1.49432
53.8938 0.653615 -4.13655 1.47657 -0.0357777 -0.0189529 -1.49432
53.9017 0.653572 -4.1374 1.47657 -0.0357769 -0.0189495 -1.49433
53.9046 0.653528 -4.13825 1.47658 -0.0357756 -0.0189456 -1.49433
53.9089 0.653485 -4.1391 1.47658 -0.0357755 -0.018941 -1.49433
53.9164 0.653442 -4.13994 1.47658 -0.0357758 -0.0189366 -1.49433
53.9193 0.653399 -4.14079 1.47658 -0.0357747 -0.018932 -1.49433
53.9237 0.653355 -4.14164 1.47658 -0.0357729 -0.0189264 -1.49433
53.9288 0.653312 -4.14249 1.47659 -0.035771 -0.0189205 -1.49433
53.9335 0.653268 -4.14333 1.47659 -0.0357697 -0.0189148 -1.49433
53.9474 0.653225 -4.14418 1.47659 -0.0357692 -0.0189099 -1.49433
53.9533 0.653181 -4.14503 1.47659 -0.035768 -0.0189058 -1.49433
53.9541 0.653137 -4.14588 1.47659 -0.0357668 -0.0189022 -1.49433
53.9594 0.653093 -4.14672 1.4766 -0.0357658 -0.0188999 -1.49433
53.9615 0.654115 -4.14967 1.47693 -0.0358627 -0.0188628 -1.49437
53.9691 0.654074 -4.15052 1.47693 -0.0358613 -0.0188623 -1.49437
53.9705 0.654032 -4.15137 1.47693 -0.03586 -0.0188628 -1.49437
53.9769 0.65399 -4.15222 1.47694 -0.0358589 -0.0188634 -1.49437
53.9827 0.653949 -4.15307 1.47694 -0.0358576 -0.0188633 -1.49437
53.9865 0.653907 -4.15392 1.47694 -0.0358562 -0.018863 -1.49437
53.9978 0.653865 -4.15477 1.47694 -0.0358547 -0.0188618 -1.49437
53.9993 0.653823 -4.15562 1.47694 -0.0358529 -0.0188597 -1.49437
53.9999 0.653781 -4.15647 1.47694 -0.0358509 -0.0188569 -1.49437
54.0072 0.653739 -4.15732 1.47695 -0.0358487 -0.0188536 -1.49437
54.01 0.653697 -4.15817 1.47695 -0.0358464 -0.0188498 -1.49437
54.017 0.653655 -4.15902 1.47695 -0.0358459 -0.0188465 -1.49437
54.0243 0.653612 -4.15987 1.47695 -0.0358447 -0.0188434 -1.49437
54.0244 0.65357 -4.16072 1.47695 -0.0358422 -0.0188398 -1.49437
54.0284 0.653527 -4.16157 1.47695 -0.0358415 -0.0188372 -1.49437
54.0333 0.653485 -4.16242 1.47695 -0.035841 -0.0188358 -1.49437
54.0402 0.653442 -4.16327 1.47696 -0.03584 -0.0188344 -1.49437
54.0438 0.653399 -4.16412 1.47696 -0.0358403 -0.0188337 -1.49437
54.0489 0.653356 -4.16496 1.47696 -0.0358408 -0.0188335 -1.49437
54.0515 0.653314 -4.16581 1.47696 -0.0358411 -0.0188329 -1.49437
54.0549 0.653271 -4.16666 1.47696 -0.0358413 -0.0188321 -1.49437
54.0659 0.653227 -4.16751 1.47696 -0.0358407 -0.0188746 -1.49438
54.0683 0.653184 -4.16836 1.47696 -0.035837 -0.0188784 -1.49441
54.0744 0.65314 -4.16921 1.47696 -0.0358336 -0.0188395 -1.49442
54.0746 0.653097 -4.17006 1.47697 -0.0358364 -0.0188782 -1.49441
54.084 0.653053 -4.17091 1.47697 -0.0358396 -0.0189173 -1.4944
54.0882 0.65301 -4.17175 1.47697 -0.0358381 -0.0188809 -1.49439
54.0928 0.652966 -4.1726 1.47697 -0.0358364 -0.0188424 -1.49438
54.0992 0.652922 -4.17345 1.47697 -0.035836 -0.018838 -1.49438
54.0999 0.652879 -4.1743 1.47697 -0.0358351 -0.0188317 -1.49438
54.1063 0.652835 -4.17515 1.47697 -0.0358352 -0.0188273 -1.49438
54.1086 0.652791 -4.176 1.47697 -0.0358359 -0.018826 -1.49438
54.1163 0.652747 -4.17685 1.47698 -0.0358373 -0.0188277 -1.49438
54.1257 0.652703 -4.1777 1.47698 -0.0358396 -0.0188312 -1.49439
54.1259 0.652659 -4.17855 1.47698 -0.0358419 -0.018836 -1.49439
54.1306 0.652615 -4.17939 1.47698 -0.0358443 -0.0188407 -1.49439
54.1352 0.65257 -4.18024 1.47698 -0.0358463 -0.0188447 -1.49439
54.1419 0.652526 -4.18109 1.47698 -0.0358475 -0.0188488 -1.49439
54.1586 0.653546 -4.18401 1.47726 -0.0359407 -0.0188534 -1.49444
54.1692 0.653504 -4.18486 1.47726 -0.0359425 -0.0188969 -1.49447
54.1735 0.653462 -4.18571 1.47726 -0.0359446 -0.0188969 -1.49448
54.1772 0.65342 -4.18656 1.47727 -0.0359482 -0.0188953 -1.49446
54.1854 0.653378 -4.18742 1.47727 -0.0359513 -0.0188907 -1.49445
54.1902 0.653336 -4.18827 1.47727 -0.0359526 -0.01888 -1.49445
54.1915 0.653294 -4.18912 1.47727 -0.0359538 -0.0188639 -1.49445
54.1967 0.653252 -4.18997 1.47727 -0.0359551 -0.0188445 -1.49445
54.1984 0.65321 -4.19082 1.47727 -0.0359567 -0.0188238 -1.49446
54.2043 0.653167 -4.19167 1.47728 -0.0359587 -0.0188038 -1.49446
54.2123 0.653125 -4.19253 1.47728 -0.0359605 -0.0187863 -1.49446
54.2145 0.653083 -4.19338 1.47728 -0.0359622 -0.0187725 -1.49446
54.2206 0.65304 -4.19423 1.47728 -0.0359651 -0.0187619 -1.49447
54.2242 0.652997 -4.19508 1.47728 -0.0359685 -0.0187561 -1.49447
54.2307 0.652955 -4.19594 1.47729 -0.0359715 -0.0187556 -1.49447
54.2316 0.652912 -4.19679 1.47729 -0.0359752 -0.0187579 -1.49447
54.2335 0.652869 -4.19764 1.47729 -0.035979 -0.0187625 -1.49448
54.2387 0.652826 -4.19849 1.47729 -0.0359824 -0.0187687 -1.49448
54.2431 0.652783 -4.19935 1.47729 -0.0359858 -0.0187753 -1.49448
54.2479 0.65274 -4.2002 1.4773 -0.0359889 -0.0187813 -1.49449
54.2514 0.652696 -4.20105 1.4773 -0.0359916 -0.018787 -1.49449
54.2572 0.652653 -4.20191 1.4773 -0.0359946 -0.0187917 -1.49449
54.2637 0.65261 -4.20276 1.4773 -0.0359974 -0.0187944 -1.49449
54.2653 0.652566 -4.20361 1.4773 -0.0360003 -0.0187965 -1.49449
54.2696 0.652523 -4.20446 1.4773 -0.0360039 -0.0187977 -1.4945
54.2773 0.652479 -4.20532 1.47731 -0.0360075 -0.0187982 -1.4945
54.2819 0.652435 -4.20617 1.47731 -0.0360108 -0.0187978 -1.4945
54.2839 0.652391 -4.20702 1.47731 -0.0360146 -0.0187954 -1.4945
54.2866 0.652348 -4.20788 1.47731 -0.0360182 -0.0187922 -1.49451
54.2931 0.652303 -4.20873 1.47731 -0.0360204 -0.0187909 -1.49451
54.2964 0.652259 -4.20959 1.47731 -0.0360219 -0.0187575 -1.4945
54.3081 0.652216 -4.21044 1.47731 -0.0360257 -0.0187229 -1.49448
54.3111 0.65217 -4.21129 1.47732 -0.0360172 -0.0187772 -1.49446
54.331 0.652123 -4.21214 1.47732 -0.0359703 -0.0188745 -1.49449
54.3333 0.652078 -4.213 1.47732 -0.0359385 -0.0189457 -1.49451
54.3348 0.652034 -4.21385 1.47732 -0.0359434 -0.0190021 -1.4945
54.3404 0.651989 -4.2147 1.47732 -0.035948 -0.0190519 -1.49451
54.3437 0.651944 -4.21555 1.47732 -0.0359538 -0.0190908 -1.49451
54.3481 0.651899 -4.21641 1.47732 -0.0359597 -0.0191164 -1.49451
54.3518 0.651854 -4.21726 1.47732 -0.0359664 -0.0191278 -1.49451
54.3586 0.65181 -4.21811 1.47733 -0.035973 -0.019127 -1.49452
54.3609 0.651765 -4.21897 1.47733 -0.035979 -0.0191172 -1.49452
54.3633 0.65172 -4.21982 1.47733 -0.0359853 -0.0190996 -1.49453
54.3685 0.651675 -4.22067 1.47733 -0.0359924 -0.0190775 -1.49453
54.3723 0.65163 -4.22152 1.47734 -0.0359996 -0.0190546 -1.49454
54.3827 0.651585 -4.22238 1.47734 -0.0360066 -0.0190322 -1.49454
54.4317 0.652502 -4.22868 1.4776 -0.0361426 -0.0189164 -1.49461
54.4355 0.652462 -4.22955 1.47761 -0.0362336 -0.018139 -1.49466
54.4417 0.652428 -4.23043 1.47762 -0.0361855 -0.017394 -1.49477
54.4449 0.652394 -4.2313 1.47763 -0.0360493 -0.0174035 -1.49475
54.4841 0.653259 -4.23755 1.47783 -0.0359287 -0.0186447 -1.49426
54.4891 0.653206 -4.23834 1.47783 -0.0358323 -0.019164 -1.49421
54.49 0.65316 -4.23913 1.47782 -0.0357539 -0.0196159 -1.49418
54.4943 0.653117 -4.23991 1.47783 -0.0357266 -0.0200378 -1.49416
54.4963 0.653078 -4.2407 1.47783 -0.0356989 -0.0203804 -1.49418
54.5109 0.653045 -4.24148 1.47783 -0.0357062 -0.02054 -1.49421
54.5142 0.653015 -4.24226 1.47784 -0.035781 -0.0205799 -1.4942
54.5202 0.654072 -4.24507 1.47802 -0.0359556 -0.0205205 -1.49425
54.5237 0.654046 -4.24584 1.47803 -0.0360303 -0.0204661 -1.49428
54.5299 0.654021 -4.2466 1.47805 -0.0361191 -0.020362 -1.49433
54.532 0.653998 -4.24737 1.47806 -0.0362105 -0.0202261 -1.49438
54.537 0.653975 -4.24812 1.47808 -0.0363038 -0.0200726 -1.49444
54.5473 0.653952 -4.24888 1.4781 -0.0363992 -0.0199132 -1.4945
54.5515 0.653929 -4.24962 1.47812 -0.036496 -0.0197565 -1.49456
54.5588 0.653906 -4.25036 1.47813 -0.0365941 -0.0196508 -1.49463
54.5725 0.653884 -4.2511 1.47815 -0.0366623 -0.0195753 -1.49473
54.5808 0.653863 -4.25183 1.47817 -0.0367316 -0.0194724 -1.49482
54.5843 0.653841 -4.25256 1.47819 -0.0368309 -0.0193645 -1.49486
54.5916 0.653817 -4.25328 1.4782 -0.0369261 -0.019265 -1.49492
54.5952 0.653793 -4.25399 1.47822 -0.0370177 -0.0191697 -1.49497
54.602 0.653769 -4.2547 1.47823 -0.0371072 -0.0190768 -1.49502
54.6117 0.653744 -4.25541 1.47825 -0.0371937 -0.0189879 -1.49507
54.6122 0.653719 -4.25611 1.47826 -0.0372775 -0.0189021 -1.49512
54.6147 0.653693 -4.2568 1.47827 -0.0373581 -0.0188184 -1.49517
54.6178 0.653667 -4.25749 1.47828 -0.0374346 -0.0187368 -1.49521
54.6247 0.653641 -4.25817 1.47829 -0.0375067 -0.0186568 -1.49525
54.6295 0.653614 -4.25885 1.47829 -0.0375748 -0.0185774 -1.49529
54.6311 0.653587 -4.25953 1.4783 -0.0376398 -0.0184984 -1.49533
54.6363 0.653559 -4.2602 1.4783 -0.0377013 -0.0184203 -1.49537
54.6443 0.653531 -4.26086 1.4783 -0.0377584 -0.0183437 -1.4954
54.6485 0.653503 -4.26152 1.4783 -0.0378127 -0.0182694 -1.49544
54.6501 0.653473 -4.26217 1.4783 -0.0378645 -0.0182403 -1.49548
54.6546 0.653444 -4.26282 1.4783 -0.0379138 -0.0182136 -1.49553
54.6626 0.653414 -4.26346 1.4783 -0.0379614 -0.0181473 -1.49556
54.6671 0.653384 -4.2641 1.4783 -0.0380062 -0.0180816 -1.49558
54.6701 0.653353 -4.26474 1.47829 -0.0380471 -0.0180146 -1.49561
54.6748 0.653323 -4.26537 1.47829 -0.0380849 -0.0179468 -1.49563
54.6804 0.653292 -4.266 1.47828 -0.0381194 -0.0178782 -1.49565
54.6904 0.654187 -4.26769 1.4784 -0.0383036 -0.0177328 -1.49565
54.6968 0.654158 -4.26831 1.47839 -0.0383346 -0.0176693 -1.49567
54.7055 0.654129 -4.26893 1.47838 -0.0383639 -0.0176106 -1.49569
54.7174 0.65519 -4.27171 1.4785 -0.038514 -0.0174772 -1.49572
54.7227 0.655162 -4.27232 1.47849 -0.0385395 -0.0174305 -1.49573
54.7243 0.655135 -4.27293 1.47848 -0.0385634 -0.0173906 -1.49575
54.7291 0.655107 -4.27353 1.47847 -0.038586 -0.0173556 -1.49576
54.7374 0.655078 -4.27412 1.47846 -0.0386078 -0.0173248 -1.49578
54.7388 0.65505 -4.27471 1.47844 -0.0386274 -0.0172974 -1.49579
54.7521 0.655021 -4.2753 1.47843 -0.0386455 -0.0172725 -1.4958
54.76 0.654992 -4.27588 1.47842 -0.0386621 -0.0172507 -1.49581
54.7601 0.654963 -4.27646 1.4784 -0.0386769 -0.0172299 -1.49582
54.7615 0.654933 -4.27703 1.47839 -0.0386902 -0.0172087 -1.49583
54.7706 0.654906 -4.2776 1.47837 -0.0387031 -0.017188 -1.49584
54.7729 0.654877 -4.27816 1.47835 -0.0387149 -0.0171674 -1.49584
54.7771 0.654846 -4.27872 1.47834 -0.038724 -0.0171469 -1.49585
54.8105 0.65593 -4.28262 1.47842 -0.0388962 -0.0169933 -1.49588
54.8157 0.655817 -4.28478 1.47834 -0.0389137 -0.0169417 -1.49589
54.8202 0.655789 -4.28531 1.47832 -0.0389172 -0.016934 -1.49589
54.8273 0.65576 -4.28584 1.4783 -0.03892 -0.0169274 -1.49589
54.8287 0.655731 -4.28636 1.47828 -0.038921 -0.0169206 -1.4959
54.8353 0.655701 -4.28688 1.47826 -0.0389216 -0.0169141 -1.4959
54.8429 0.655672 -4.28739 1.47824 -0.0389222 -0.0169089 -1.4959
54.8524 0.655643 -4.2879 1.47822 -0.038922 -0.016904 -1.4959
54.8524 0.655613 -4.2884 1.4782 -0.0389215 -0.0168997 -1.4959
54.8612 0.655583 -4.2889 1.47817 -0.0389204 -0.0168964 -1.4959
54.8635 0.655553 -4.28939 1.47815 -0.0389185 -0.0168945 -1.4959
54.873 0.655523 -4.28988 1.47813 -0.0389164 -0.0168948 -1.4959
54.8765 0.655493 -4.29037 1.4781 -0.0389142 -0.0168963 -1.4959
54.8792 0.655463 -4.29085 1.47808 -0.0389117 -0.0168991 -1.4959
54.8874 0.655433 -4.29133 1.47806 -0.0389082 -0.0169033 -1.4959
54.8904 0.655402 -4.29181 1.47803 -0.0389039 -0.0169079 -1.49589
54.8975 0.655372 -4.29228 1.47801 -0.0388993 -0.0169127 -1.49589
54.9027 0.655341 -4.29274 1.47799 -0.0388946 -0.0169173 -1.49589
54.9264 0.655374 -4.29432 1.47795 -0.0389069 -0.0170224 -1.49591
54.9312 0.655341 -4.29477 1.47792 -0.0389002 -0.0170653 -1.49594
54.9327 0.655308 -4.29521 1.47789 -0.0388966 -0.0170758 -1.49595
54.9491 0.656312 -4.29774 1.47799 -0.0390494 -0.0169896 -1.49595
54.9496 0.656282 -4.29818 1.47797 -0.0390498 -0.0170002 -1.49592
54.9502 0.656252 -4.29861 1.47794 -0.0390498 -0.0170085 -1.49589
54.9525 0.656221 -4.29904 1.47791 -0.0390473 -0.0170146 -1.49589
54.9538 0.656191 -4.29947 1.47789 -0.0390448 -0.0170195 -1.49589
54.9614 0.65616 -4.29989 1.47786 -0.0390424 -0.017024 -1.49589
54.9663 0.65613 -4.30031 1.47783 -0.0390403 -0.0170288 -1.49589
54.9708 0.6561 -4.30073 1.47781 -0.0390392 -0.0170344 -1.49588
54.9993 0.657149 -4.30344 1.47792 -0.0392092 -0.0169331 -1.49589
55.0064 0.657121 -4.30385 1.47789 -0.0392076 -0.0169385 -1.49589
55.007 0.657092 -4.30425 1.47787 -0.0392057 -0.0169443 -1.49589
55.0117 0.657063 -4.30466 1.47784 -0.0392031 -0.0169511 -1.49589
55.0117 0.657035 -4.30505 1.47781 -0.0392009 -0.0169581 -1.49589
55.0128 0.657006 -4.30545 1.47779 -0.0391988 -0.0169655 -1.49589
55.0136 0.656977 -4.30584 1.47776 -0.0391967 -0.0169734 -1.49589
55.0159 0.656948 -4.30622 1.47773 -0.0391946 -0.0169818 -1.49588
55.025 0.656919 -4.30661 1.47771 -0.0391922 -0.0169909 -1.49588
55.0309 0.65689 -4.30698 1.47768 -0.0391895 -0.0170008 -1.49588
55.0411 0.65686 -4.30736 1.47765 -0.0391877 -0.0170109 -1.49588
55.0431 0.656831 -4.30773 1.47762 -0.0391865 -0.0170214 -1.49588
55.0505 0.656801 -4.3081 1.4776 -0.0391839 -0.0170328 -1.49588
55.0599 0.656772 -4.30846 1.47757 -0.0391815 -0.0170441 -1.49588
55.0634 0.656742 -4.30882 1.47754 -0.0391797 -0.0170562 -1.49588
55.0644 0.656712 -4.30917 1.47751 -0.0391776 -0.0170683 -1.49588
55.0705 0.656683 -4.30952 1.47748 -0.0391766 -0.0170789 -1.49588
55.0727 0.656653 -4.30987 1.47746 -0.0391758 -0.0170894 -1.49588
55.0767 0.656623 -4.31021 1.47743 -0.0391742 -0.0170994 -1.49588
55.0807 0.656593 -4.31055 1.4774 -0.0391731 -0.0171089 -1.49588
55.0852 0.656563 -4.31089 1.47737 -0.0391744 -0.0171648 -1.49589
55.0915 0.656532 -4.31122 1.47734 -0.0391754 -0.0172207 -1.49591
55.0959 0.656502 -4.31154 1.47731 -0.0391756 -0.0172297 -1.49592
55.1035 0.656473 -4.31187 1.47729 -0.0391758 -0.0172362 -1.49592
55.112 0.656442 -4.31219 1.47726 -0.039176 -0.017238 -1.49592
55.1167 0.656412 -4.31251 1.47723 -0.0391771 -0.0172352 -1.49592
55.121 0.656382 -4.31282 1.47721 -0.0391781 -0.0172298 -1.49593
55.1211 0.656351 -4.31313 1.47718 -0.0391793 -0.0172232 -1.49593
55.1465 0.657452 -4.31598 1.47735 -0.0393712 -0.0171015 -1.49593
55.1473 0.657424 -4.31629 1.47732 -0.0393741 -0.017098 -1.49593
55.1499 0.657396 -4.31659 1.4773 -0.0393769 -0.0170966 -1.49594
55.1522 0.657368 -4.31689 1.47727 -0.0393804 -0.0170974 -1.49594
55.1567 0.657339 -4.31718 1.47724 -0.0393845 -0.0171019 -1.49594
55.159 0.657311 -4.31748 1.47721 -0.0393889 -0.0171105 -1.49594
55.1614 0.657282 -4.31776 1.47719 -0.0393933 -0.0171209 -1.49594
55.1622 0.657253 -4.31805 1.47716 -0.0393982 -0.017132 -1.49595
55.1657 0.657225 -4.31833 1.47713 -0.0394032 -0.0171441 -1.49595
55.1713 0.657196 -4.31861 1.47711 -0.039408 -0.0171562 -1.49595
55.1817 0.657167 -4.31888 1.47708 -0.0394131 -0.0171677 -1.49595
55.1856 0.657138 -4.31915 1.47705 -0.0394184 -0.0171781 -1.49595
55.1943 0.657109 -4.31941 1.47703 -0.0394239 -0.0171868 -1.49596
55.1963 0.65708 -4.31968 1.477 -0.0394295 -0.0171944 -1.49596
55.2004 0.657051 -4.31994 1.47697 -0.0394352 -0.0172013 -1.49596
55.2022 0.657022 -4.32019 1.47694 -0.0394409 -0.0172076 -1.49597
55.2033 0.656993 -4.32044 1.47692 -0.0394463 -0.0172127 -1.49597
55.2104 0.656963 -4.32069 1.47689 -0.0394522 -0.0172164 -1.49598
55.2176 0.656934 -4.32093 1.47686 -0.039458 -0.0172195 -1.49598
55.2208 0.656905 -4.32117 1.47683 -0.0394638 -0.0172221 -1.49598
55.2224 0.656875 -4.32141 1.47681 -0.0394699 -0.0172243 -1.49599
55.2347 0.656845 -4.32164 1.47678 -0.0394758 -0.0172651 -1.496
55.2372 0.656815 -4.32187 1.47675 -0.0394812 -0.0173077 -1.49603
55.2481 0.657928 -4.32475 1.47695 -0.0396883 -0.0171911 -1.49603
55.2653 0.6579 -4.32497 1.47692 -0.0396958 -0.0171954 -1.49604
55.268 0.657873 -4.3252 1.4769 -0.0397029 -0.0171989 -1.49604
55.2684 0.657845 -4.32542 1.47687 -0.0397105 -0.0171991 -1.49604
55.2685 0.657817 -4.32563 1.47684 -0.039718 -0.0171969 -1.49605
55.278 0.65779 -4.32585 1.47682 -0.0397261 -0.0171939 -1.49605
55.2887 0.657762 -4.32606 1.47679 -0.0397342 -0.0171907 -1.49606
55.2926 0.657734 -4.32626 1.47676 -0.0397419 -0.017188 -1.49606
55.2944 0.657706 -4.32647 1.47674 -0.0397506 -0.0171878 -1.49607
55.2963 0.657678 -4.32666 1.47671 -0.0397594 -0.0171899 -1.49607
55.2999 0.65765 -4.32686 1.47668 -0.039768 -0.0171935 -1.49608
55.3144 0.657622 -4.32705 1.47666 -0.0397764 -0.0171988 -1.49608
55.3164 0.657593 -4.32724 1.47663 -0.0397849 -0.0172045 -1.49609
55.3192 0.657565 -4.32743 1.4766 -0.0397947 -0.0172109 -1.49609
55.3299 0.657537 -4.32761 1.47658 -0.0398044 -0.0172194 -1.4961
55.3309 0.657508 -4.32779 1.47655 -0.039814 -0.0172292 -1.4961
55.3323 0.65748 -4.32796 1.47652 -0.0398234 -0.0172395 -1.49611
55.3356 0.657451 -4.32814 1.47649 -0.039833 -0.0172503 -1.49612
55.3401 0.657423 -4.3283 1.47647 -0.0398435 -0.0172602 -1.49612
55.345 0.657394 -4.32847 1.47644 -0.0398541 -0.0172691 -1.49613
55.3484 0.657365 -4.32863 1.47641 -0.0398643 -0.0172771 -1.49613
55.3539 0.657336 -4.32879 1.47639 -0.0398744 -0.0172828 -1.49614
55.3587 0.657307 -4.32894 1.47636 -0.0398845 -0.0172873 -1.49614
55.3624 0.657278 -4.3291 1.47633 -0.0398974 -0.0173449 -1.49617
55.3698 0.657249 -4.32924 1.4763 -0.0399101 -0.0174017 -1.49619
55.3746 0.65722 -4.32939 1.47627 -0.0399213 -0.0174043 -1.49619
55.3884 0.657191 -4.32953 1.47625 -0.0399328 -0.0174044 -1.49618
55.3899 0.657162 -4.32967 1.47622 -0.0399437 -0.0173997 -1.49619
55.3913 0.657133 -4.3298 1.47619 -0.0399535 -0.0173894 -1.4962
55.3976 0.657104 -4.32994 1.47617 -0.0399633 -0.0173765 -1.49621
55.4009 0.657074 -4.33006 1.47614 -0.039975 -0.0173637 -1.49621
55.4125 0.657045 -4.33019 1.47611 -0.0399869 -0.0173531 -1.49622
55.4142 0.657015 -4.33031 1.47608 -0.0399984 -0.0173463 -1.49623
55.4148 0.656986 -4.33043 1.47606 -0.0400109 -0.0173433 -1.49623
55.4182 0.656956 -4.33055 1.47603 -0.0400231 -0.0173428 -1.49624
55.4264 0.656926 -4.33066 1.476 -0.0400319 -0.01734 -1.49625
55.428 0.656896 -4.33077 1.47597 -0.0400348 -0.0173298 -1.49625
55.432 0.656865 -4.33087 1.47594 -0.0400315 -0.0173098 -1.49625
55.4414 0.656834 -4.33097 1.4759 -0.0400202 -0.0172773 -1.49624
55.4446 0.656801 -4.33106 1.47587 -0.0399991 -0.0172747 -1.49624
55.455 0.656767 -4.33115 1.47583 -0.0399036 -0.0172899 -1.49627
55.4551 0.656735 -4.33124 1.47579 -0.0398019 -0.0172536 -1.49626
55.4586 0.6567 -4.33131 1.47574 -0.0397572 -0.0171776 -1.49618
55.4604 0.656661 -4.33139 1.4757 -0.0396919 -0.0170957 -1.49613
55.4664 0.656621 -4.33145 1.47564 -0.0396144 -0.0170107 -1.49608
55.4727 0.656581 -4.33151 1.47559 -0.0395348 -0.0169632 -1.49604
55.4806 0.656541 -4.33157 1.47553 -0.0394436 -0.0169175 -1.496
55.4861 0.656501 -4.33162 1.47546 -0.0393381 -0.0168309 -1.49595
55.4896 0.65646 -4.33167 1.4754 -0.0392204 -0.016743 -1.49589
55.4969 0.656418 -4.33171 1.47533 -0.0390918 -0.0166542 -1.49582
55.5069 0.656376 -4.33174 1.47525 -0.0389519 -0.0165654 -1.49575
55.5104 0.656331 -4.33177 1.47517 -0.0388011 -0.0165091 -1.49568
55.5162 0.656285 -4.3318 1.47509 -0.0385731 -0.0164888 -1.49565
55.5168 0.656241 -4.33182 1.47501 -0.0383402 -0.0164491 -1.49556
55.5195 0.656195 -4.33184 1.47492 -0.0381685 -0.0163861 -1.49542
55.5296 0.656034 -4.33186 1.47464 -0.0376002 -0.0162279 -1.49507
55.5354 0.655976 -4.33185 1.47454 -0.0373961 -0.0161853 -1.49496
55.5462 0.655918 -4.33185 1.47444 -0.0371852 -0.0161434 -1.49485
55.5477 0.655859 -4.33184 1.47433 -0.0369685 -0.0161014 -1.49474
55.5529 0.6558 -4.33182 1.47423 -0.0367451 -0.0160587 -1.49462
55.5579 0.655741 -4.3318 1.47412 -0.0365137 -0.0160158 -1.4945
55.5753 0.655497 -4.33167 1.47366 -0.0355332 -0.0158647 -1.49399
55.577 0.655435 -4.33163 1.47354 -0.0352759 -0.0158314 -1.49385
55.5963 0.655247 -4.33148 1.47318 -0.0344864 -0.0157625 -1.49343
55.5978 0.655184 -4.33142 1.47306 -0.0342196 -0.0157591 -1.49329
55.6017 0.655121 -4.33137 1.47293 -0.0339536 -0.0157757 -1.49315
55.6067 0.655058 -4.33131 1.47281 -0.0336884 -0.0158126 -1.49301
55.6146 0.654995 -4.33125 1.47268 -0.0334238 -0.0158668 -1.49287
55.6174 0.654932 -4.33119 1.47256 -0.0331608 -0.0159367 -1.49272
55.6195 0.654868 -4.33113 1.47244 -0.0328999 -0.0160201 -1.49258
55.632 0.654805 -4.33107 1.47231 -0.0326395 -0.0160776 -1.49244
55.6336 0.654742 -4.33101 1.47219 -0.0323812 -0.016145 -1.49231
55.6405 0.654679 -4.33094 1.47207 -0.0321254 -0.0162543 -1.49216
55.6438 0.654617 -4.33088 1.47194 -0.0318716 -0.0163667 -1.49202
55.6472 0.654554 -4.33081 1.47182 -0.0316197 -0.016485 -1.49189
55.6529 0.654491 -4.33075 1.4717 -0.0313695 -0.0166088 -1.49175
55.6549 0.654429 -4.33068 1.47158 -0.0311228 -0.016734 -1.49161
55.6611 0.654367 -4.33061 1.47146 -0.0308785 -0.0168588 -1.49148
55.6664 0.654304 -4.33054 1.47134 -0.0306355 -0.016983 -1.49134
55.6698 0.654243 -4.33048 1.47122 -0.0303956 -0.0171047 -1.49121
55.675 0.654181 -4.33041 1.4711 -0.0301578 -0.0172242 -1.49108
55.6826 0.654119 -4.33034 1.47098 -0.0299217 -0.0173423 -1.49095
55.6851 0.654058 -4.33027 1.47086 -0.0296876 -0.0174593 -1.49082
55.6881 0.653997 -4.3302 1.47075 -0.0294546 -0.0175746 -1.4907
55.7021 0.653814 -4.32998 1.4704 -0.0287651 -0.0179099 -1.49034
55.7054 0.653754 -4.3299 1.47028 -0.0285377 -0.0180189 -1.49022
55.7111 0.653693 -4.32982 1.47017 -0.0283128 -0.0181282 -1.49011
55.7167 0.653633 -4.32974 1.47005 -0.0280897 -0.0182398 -1.49
55.7213 0.653573 -4.32966 1.46994 -0.027867 -0.0183552 -1.48989
55.7254 0.653512 -4.32958 1.46983 -0.0276461 -0.0184731 -1.48978
55.7302 0.653452 -4.3295 1.46971 -0.0274277 -0.0185917 -1.48968
55.7388 0.653392 -4.32942 1.4696 -0.0272112 -0.0187095 -1.48957
55.7407 0.653332 -4.32933 1.46949 -0.0269952 -0.018825 -1.48947
55.7432 0.653273 -4.32925 1.46938 -0.0267802 -0.0189374 -1.48938
55.7466 0.653213 -4.32916 1.46927 -0.0265658 -0.0190462 -1.48928
55.847 0.656639 -4.33602 1.4686 -0.0241467 -0.0197808 -1.48818
55.8509 0.656592 -4.33593 1.4685 -0.023943 -0.0198295 -1.48813
55.8512 0.656546 -4.33584 1.46839 -0.0237387 -0.0198804 -1.48809
55.8523 0.656499 -4.33575 1.46829 -0.0235342 -0.0199327 -1.48805
55.8561 0.656453 -4.33567 1.46819 -0.0233303 -0.0199871 -1.48801
55.8603 0.656406 -4.33558 1.46808 -0.0231275 -0.020043 -1.48797
55.8627 0.65636 -4.33549 1.46798 -0.0229249 -0.0200998 -1.48794
55.8684 0.656313 -4.33539 1.46788 -0.0227216 -0.0201563 -1.48791
55.8699 0.656241 -4.33531 1.46777 -0.0225178 -0.0202122 -1.48788
55.8836 0.656194 -4.33522 1.46767 -0.0223134 -0.0202669 -1.48785
55.8918 0.656148 -4.33513 1.46757 -0.0221085 -0.020319 -1.48783
55.8937 0.656101 -4.33503 1.46747 -0.021904 -0.0203696 -1.4878
55.8937 0.656054 -4.33494 1.46736 -0.0216993 -0.020418 -1.48779
55.8937 0.656007 -4.33484 1.46726 -0.021494 -0.0204642 -1.48777
55.8978 0.65699 -4.33758 1.46743 -0.0214588 -0.0204014 -1.48774
55.9145 0.657346 -4.33931 1.46777 -0.0213682 -0.0204024 -1.48771
55.9294 0.657301 -4.33922 1.46767 -0.0211619 -0.0204426 -1.4877
55.9317 0.657256 -4.33912 1.46757 -0.0209552 -0.02048 -1.4877
55.9347 0.657211 -4.33903 1.46746 -0.0207477 -0.0205156 -1.48769
55.9969 0.65851 -4.343 1.46704 -0.0193551 -0.0205847 -1.48771
55.9969 0.658468 -4.3429 1.46694 -0.0191428 -0.0206155 -1.48773
56.0003 0.658426 -4.34281 1.46683 -0.0189299 -0.0206468 -1.48776
56.0064 0.658383 -4.34271 1.46673 -0.0187166 -0.0206764 -1.48778
56.0774 0.660379 -4.34787 1.46599 -0.0167534 -0.0206184 -1.48811
56.0775 0.660341 -4.34778 1.46589 -0.0165304 -0.0206341 -1.48817
56.0775 0.660302 -4.34768 1.46579 -0.0163067 -0.0206505 -1.48822
56.0784 0.660263 -4.34758 1.46568 -0.0160826 -0.0206683 -1.48828
56.0801 0.660224 -4.34748 1.46558 -0.0158574 -0.0206877 -1.48834
56.0865 0.660108 -4.34719 1.46527 -0.0151795 -0.0207482 -1.48854
56.0923 0.659971 -4.34707 1.46517 -0.0149541 -0.0207675 -1.48861
56.0971 0.65993 -4.34697 1.46506 -0.0147278 -0.0207835 -1.48868
56.1111 0.661106 -4.35073 1.46529 -0.014711 -0.020654 -1.48872
56.1151 0.661634 -4.35188 1.46518 -0.0145719 -0.0205844 -1.48877
56.1253 0.661596 -4.35179 1.46508 -0.014341 -0.0205825 -1.48885
56.1274 0.661558 -4.35169 1.46497 -0.0141097 -0.0205768 -1.48893
56.128 0.661521 -4.3516 1.46487 -0.0138776 -0.0205703 -1.48902
56.1305 0.661483 -4.35151 1.46477 -0.0136452 -0.0205677 -1.4891
56.1376 0.661445 -4.35142 1.46466 -0.0134135 -0.0205687 -1.48918
56.1387 0.661407 -4.35133 1.46456 -0.0131815 -0.0205722 -1.48927
56.1438 0.661369 -4.35123 1.46445 -0.0129479 -0.0205788 -1.48935
56.1438 0.66133 -4.35114 1.46435 -0.0127129 -0.020589 -1.48944
56.1636 0.661216 -4.35085 1.46403 -0.0120018 -0.0206299 -1.48971
56.1676 0.661177 -4.35076 1.46393 -0.0117629 -0.0206458 -1.4898
56.1677 0.661139 -4.35066 1.46382 -0.0115216 -0.0206631 -1.48989
56.1715 0.6611 -4.35057 1.46372 -0.0112757 -0.020682 -1.48998
56.1893 0.661061 -4.35047 1.46361 -0.0110248 -0.0207025 -1.49008
56.1956 0.661021 -4.35037 1.46351 -0.0107686 -0.020724 -1.49017
56.2001 0.660982 -4.35027 1.4634 -0.0105066 -0.0207451 -1.49027
56.2024 0.660942 -4.35018 1.4633 -0.0101562 -0.0207823 -1.4904
56.2065 0.660902 -4.35008 1.4632 -0.00980003 -0.0208149 -1.49053
56.21 0.660862 -4.34998 1.4631 -0.00952022 -0.0208248 -1.49064
56.2233 0.66082 -4.34988 1.46299 -0.00923411 -0.0208335 -1.49074
56.2264 0.660778 -4.34978 1.46289 -0.0089422 -0.0208406 -1.49085
56.2308 0.660736 -4.34968 1.46279 -0.00864448 -0.0208468 -1.49095
56.2413 0.660693 -4.34958 1.46269 -0.00833965 -0.0208549 -1.49106
56.2487 0.660501 -4.34948 1.46258 -0.00802714 -0.0208675 -1.49117
56.251 0.660454 -4.34938 1.46248 -0.00770605 -0.020886 -1.49129
56.2569 0.660406 -4.34928 1.46238 -0.00737589 -0.0209096 -1.4914
56.2585 0.660357 -4.34917 1.46228 -0.00703831 -0.0209371 -1.49151
56.2652 0.661507 -4.35306 1.46255 -0.00690335 -0.0208289 -1.4916
56.2759 0.662035 -4.35426 1.46245 -0.00663805 -0.020785 -1.49169
56.2781 0.661987 -4.35416 1.46235 -0.0062724 -0.0208132 -1.4918
56.28 0.661939 -4.35407 1.46226 -0.00589674 -0.0208405 -1.49192
56.2848 0.66189 -4.35397 1.46217 -0.00551055 -0.0208663 -1.49204
56.2933 0.661839 -4.35387 1.46207 -0.0051138 -0.02089 -1.49216
56.3065 0.661789 -4.35377 1.46198 -0.00470508 -0.0209135 -1.49228
56.3097 0.661737 -4.35368 1.4619 -0.00428235 -0.0209388 -1.49241
56.3114 0.661684 -4.35358 1.46181 -0.00384589 -0.020964 -1.49254
56.3178 0.66163 -4.35348 1.46172 -0.00339438 -0.0209887 -1.49266
56.3218 0.661575 -4.35338 1.46164 -0.00292874 -0.0210127 -1.49279
56.3435 0.661494 -4.35328 1.46156 -0.00244889 -0.0210333 -1.49292
56.3469 0.662562 -4.35708 1.46184 -0.0021588 -0.020917 -1.49303
56.347 0.662505 -4.35698 1.46176 -0.00165062 -0.0209303 -1.49317
56.3536 0.662988 -4.35818 1.46169 -0.00121639 -0.0208715 -1.49328
56.3615 0.662931 -4.35809 1.46162 -0.000681092 -0.020886 -1.49341
56.3664 0.662872 -4.35799 1.46155 -0.000132781 -0.020908 -1.49355
56.3679 0.662813 -4.3579 1.46148 0.000429181 -0.0209415 -1.49369
56.3762 0.662753 -4.3578 1.46142 0.00100592 -0.0209883 -1.49384
56.3795 0.662691 -4.35771 1.46136 0.00159797 -0.021049 -1.49399
56.3826 0.662629 -4.35761 1.4613 0.00220605 -0.0211206 -1.49415
56.3867 0.662565 -4.35752 1.46125 0.00270928 -0.0211659 -1.4943
56.3944 0.662499 -4.35742 1.46119 0.00310324 -0.0211736 -1.49445
56.3992 0.662416 -4.35733 1.46113 0.00350452 -0.0211633 -1.4946
56.4053 0.662349 -4.35723 1.46107 0.00391346 -0.021134 -1.49476
56.4126 0.66228 -4.35713 1.46102 0.00433132 -0.0210865 -1.49492
56.43 0.663757 -4.3619 1.46133 0.00447687 -0.0208318 -1.49505
56.4301 0.663689 -4.36181 1.46129 0.00491823 -0.0207614 -1.49522
56.4312 0.663619 -4.36172 1.46124 0.00537116 -0.0206884 -1.4954
56.437 0.663548 -4.36163 1.4612 0.00583598 -0.0206186 -1.49557
56.4407 0.663476 -4.36155 1.46116 0.00631236 -0.020554 -1.49575
56.4521 0.663402 -4.36146 1.46113 0.0068009 -0.0204955 -1.49592
56.4557 0.663327 -4.36136 1.46109 0.00730218 -0.0204443 -1.4961
56.4582 0.66325 -4.36127 1.46106 0.00781565 -0.0204007 -1.49628
56.4712 0.663171 -4.36118 1.46103 0.00834154 -0.0203655 -1.49646
56.4722 0.663092 -4.3611 1.461 0.00888051 -0.0203387 -1.49666
56.473 0.66301 -4.36101 1.46098 0.00943194 -0.0203243 -1.49687
56.4809 0.662927 -4.36092 1.46095 0.00999587 -0.0203268 -1.4971
56.4849 0.662843 -4.36083 1.46093 0.0105732 -0.0203484 -1.49735
56.4871 0.662757 -4.36075 1.46092 0.0111632 -0.0203914 -1.49762
56.4979 0.66267 -4.36066 1.4609 0.011767 -0.0204557 -1.49791
56.4979 0.662581 -4.36058 1.46089 0.0123864 -0.0205379 -1.49821
56.5005 0.66249 -4.3605 1.46089 0.0130203 -0.0206331 -1.49854
56.5088 0.662397 -4.36043 1.46088 0.013671 -0.0207354 -1.49889
56.5116 0.662303 -4.36035 1.46088 0.0143403 -0.020838 -1.49925
56.5194 0.662206 -4.36028 1.46088 0.0150301 -0.020897 -1.49964
56.5202 0.662108 -4.36021 1.46089 0.0157389 -0.0209537 -1.50006
56.5268 0.662008 -4.36014 1.4609 0.0164643 -0.0210523 -1.5005
56.5351 0.661906 -4.36007 1.46091 0.0172091 -0.0211597 -1.50098
56.5379 0.661801 -4.36001 1.46093 0.0179746 -0.0212833 -1.50148
56.5462 0.661695 -4.35995 1.46095 0.0187613 -0.021427 -1.50202
56.5511 0.661586 -4.3599 1.46097 0.0195659 -0.0215635 -1.50259
56.5674 0.661128 -4.35972 1.4611 0.0230442 -0.0221749 -1.50512
56.5722 0.661007 -4.35968 1.46114 0.0239784 -0.0223613 -1.50582
56.5849 0.660884 -4.35965 1.46118 0.0249193 -0.0225453 -1.50654
56.5927 0.660757 -4.35962 1.46123 0.0258536 -0.022725 -1.50729
56.5961 0.660627 -4.3596 1.46127 0.0267732 -0.0229003 -1.50807
56.5981 0.660495 -4.35958 1.46132 0.0276742 -0.0230738 -1.50888
56.6003 0.660358 -4.35956 1.46137 0.0285605 -0.0232291 -1.5097
56.604 0.660218 -4.35954 1.46142 0.0294312 -0.0233788 -1.51055
56.6046 0.660075 -4.35953 1.46147 0.0302835 -0.0235386 -1.51142
56.6121 0.659927 -4.35952 1.46153 0.0311234 -0.0236899 -1.51231
56.6145 0.659776 -4.35951 1.46158 0.0319507 -0.0238274 -1.51321
56.622 0.65962 -4.3595 1.46164 0.0327657 -0.0239478 -1.51415
56.626 0.65946 -4.3595 1.46169 0.0335667 -0.0240506 -1.5151
56.6298 0.659296 -4.3595 1.46175 0.034349 -0.0241375 -1.51607
56.6339 0.659128 -4.3595 1.4618 0.0351083 -0.0242122 -1.51706
56.636 0.658955 -4.3595 1.46186 0.0358411 -0.0242803 -1.51808
56.6467 0.658777 -4.35951 1.46191 0.036545 -0.0243488 -1.51911
56.6484 0.658594 -4.35952 1.46197 0.0372201 -0.0244252 -1.52016
56.651 0.658407 -4.35953 1.46202 0.0378666 -0.0245132 -1.52122
56.655 0.658215 -4.35954 1.46207 0.038487 -0.0246118 -1.5223
56.6608 0.658017 -4.35956 1.46212 0.0390833 -0.0247173 -1.5234
56.6647 0.657814 -4.35958 1.46217 0.0396542 -0.0248245 -1.52451
56.6765 0.657607 -4.3596 1.46221 0.0401995 -0.0249263 -1.52565
56.6791 0.657393 -4.35962 1.46226 0.0407181 -0.0250171 -1.52679
56.6812 0.657175 -4.35965 1.4623 0.0412074 -0.0250934 -1.52796
56.6868 0.656951 -4.35968 1.46234 0.0416662 -0.0251534 -1.52914
56.6957 0.656721 -4.35971 1.46238 0.0420869 -0.0251636 -1.53033
56.6964 0.656486 -4.35974 1.46241 0.0424826 -0.0251612 -1.53154
56.6988 0.656245 -4.35978 1.46244 0.0428628 -0.0251832 -1.53276
56.7048 0.655998 -4.35981 1.46247 0.0432184 -0.025201 -1.53399
56.7147 0.655746 -4.35985 1.4625 0.0435526 -0.0252199 -1.53524
56.7217 0.655487 -4.35989 1.46253 0.0438668 -0.0252413 -1.5365
56.7217 0.655223 -4.35994 1.46255 0.0441617 -0.0252649 -1.53777
56.7778 0.654409 -4.36507 1.46296 0.0454602 -0.0251731 -1.54829
56.7809 0.654091 -4.36513 1.46295 0.0455592 -0.0251677 -1.54967
56.7839 0.653768 -4.3652 1.46294 0.0456396 -0.0251594 -1.55105
56.7869 0.653437 -4.36527 1.46293 0.0457036 -0.025148 -1.55243
56.789 0.653101 -4.36534 1.46291 0.045752 -0.0251334 -1.55383
56.7967 0.652758 -4.36541 1.46288 0.0457861 -0.0251155 -1.55523
56.7967 0.652409 -4.36549 1.46286 0.0458073 -0.025093 -1.55664
56.7968 0.652054 -4.36556 1.46282 0.0458156 -0.0250673 -1.55806
56.7968 0.651692 -4.36564 1.46279 0.0458113 -0.0250397 -1.55948
56.7968 0.651324 -4.36572 1.46275 0.0457945 -0.0250107 -1.56092
56.8105 0.650822 -4.3658 1.46271 0.0457658 -0.024981 -1.56235
56.8197 0.650439 -4.36588 1.46266 0.0457264 -0.0249496 -1.5638
56.8197 0.650049 -4.36596 1.46261 0.0456766 -0.0249169 -1.56525
56.8271 0.650811 -4.36881 1.46265 0.0454151 -0.0247552 -1.56669
56.8305 0.650815 -4.36977 1.46256 0.0452855 -0.0246735 -1.56813
56.8328 0.650409 -4.36986 1.4625 0.045207 -0.0246352 -1.56959
56.843 0.649997 -4.36996 1.46243 0.0451192 -0.0245947 -1.57106
56.8455 0.649579 -4.37006 1.46236 0.0450221 -0.0245524 -1.57254
56.8502 0.649154 -4.37016 1.46229 0.0449158 -0.0245083 -1.57402
56.8522 0.648723 -4.37026 1.46221 0.044801 -0.0244642 -1.57551
56.8559 0.648286 -4.37036 1.46213 0.0446811 -0.0243819 -1.577
56.8664 0.647842 -4.37047 1.46205 0.0445556 -0.0243003 -1.57849
56.8689 0.647393 -4.37057 1.46196 0.0444224 -0.0242594 -1.57998
56.8749 0.646936 -4.37068 1.46187 0.0442848 -0.0242205 -1.58148
56.8807 0.646474 -4.37079 1.46177 0.0441441 -0.0241844 -1.58299
56.8818 0.646005 -4.3709 1.46167 0.0439996 -0.0241522 -1.5845
56.886 0.645531 -4.37101 1.46157 0.0438506 -0.0241205 -1.58601
56.8916 0.64505 -4.37113 1.46146 0.0436986 -0.0240858 -1.58753
56.8996 0.644562 -4.37124 1.46135 0.0435429 -0.0240472 -1.58904
56.9021 0.644069 -4.37136 1.46124 0.0433829 -0.0240029 -1.59055
56.9059 0.643569 -4.37148 1.46112 0.0432192 -0.0239533 -1.59206
56.9175 0.643064 -4.3716 1.461 0.0430519 -0.0239005 -1.59358
56.9176 0.642552 -4.37172 1.46087 0.0428819 -0.0238452 -1.5951
56.9232 0.642034 -4.37184 1.46075 0.0427092 -0.0237891 -1.59661
56.9329 0.64151 -4.37196 1.46062 0.0425344 -0.0237337 -1.59813
56.933 0.64098 -4.37209 1.46048 0.0423581 -0.0236809 -1.59965
56.9347 0.640445 -4.37221 1.46034 0.0421795 -0.0236306 -1.60117
56.9405 0.639903 -4.37234 1.4602 0.0419995 -0.023581 -1.60268
56.9447 0.639355 -4.37247 1.46006 0.0418181 -0.0235308 -1.6042
56.9494 0.638801 -4.3726 1.45991 0.0416335 -0.0234791 -1.60572
56.9588 0.638241 -4.37273 1.45976 0.0414452 -0.0234251 -1.60724
56.9624 0.637676 -4.37286 1.4596 0.041253 -0.0233673 -1.60876
56.9625 0.637105 -4.373 1.45945 0.0410568 -0.0233059 -1.61028
56.9679 0.636528 -4.37313 1.45929 0.0408566 -0.0232421 -1.61179
56.9807 0.635945 -4.37327 1.45912 0.0406536 -0.0231771 -1.61331
56.9835 0.635356 -4.37341 1.45896 0.0404498 -0.0231128 -1.61482
56.9862 0.634761 -4.37355 1.45879 0.0402454 -0.0230502 -1.61633
56.9994 0.632944 -4.37398 1.45827 0.0396412 -0.0228793 -1.62086
57.0013 0.632231 -4.37411 1.45808 0.0394424 -0.0228275 -1.62236
57.0054 0.631607 -4.37425 1.4579 0.0392435 -0.0227753 -1.62386
57.0092 0.630977 -4.3744 1.45772 0.0390351 -0.022704 -1.62536
57.0132 0.630342 -4.37455 1.45753 0.0388285 -0.022629 -1.62685
57.0227 0.630694 -4.37642 1.45727 0.0384672 -0.0224708 -1.62834
57.0279 0.630418 -4.37728 1.45707 0.0382105 -0.0223748 -1.62981
57.028 0.629769 -4.37743 1.45688 0.0380127 -0.0223152 -1.6313
57.0468 0.629115 -4.37759 1.45668 0.0378154 -0.0222579 -1.63279
57.0537 0.628456 -4.37775 1.45649 0.0376195 -0.0222042 -1.63428
57.0537 0.627791 -4.37791 1.45628 0.0374253 -0.0221535 -1.63577
57.0551 0.627121 -4.37806 1.45608 0.0372344 -0.0221066 -1.63725
57.0606 0.626445 -4.37822 1.45588 0.0370464 -0.0220621 -1.63872
57.0658 0.624387 -4.37871 1.45525 0.0364941 -0.0219367 -1.6431
57.0695 0.623691 -4.37888 1.45503 0.0363135 -0.0218962 -1.64455
57.0932 0.623026 -4.37921 1.45484 0.0361105 -0.0218451 -1.64598
57.0967 0.623096 -4.3806 1.45463 0.0357809 -0.0217291 -1.64742
57.1009 0.622673 -4.38131 1.4544 0.0355469 -0.0216539 -1.64884
57.1072 0.621957 -4.38148 1.45418 0.0353607 -0.0216073 -1.65027
57.1208 0.619781 -4.382 1.45351 0.0347981 -0.0214628 -1.65452
57.1279 0.619045 -4.38217 1.45329 0.0346102 -0.0214138 -1.65592
57.1319 0.618305 -4.38235 1.45306 0.034425 -0.0213658 -1.65732
57.1329 0.617559 -4.38252 1.45283 0.0342442 -0.0213189 -1.65871
57.1382 0.616809 -4.3827 1.4526 0.0340678 -0.0212733 -1.6601
57.1451 0.616054 -4.38288 1.45237 0.0338966 -0.0212289 -1.66148
57.1548 0.615294 -4.38306 1.45214 0.0337299 -0.021185 -1.66286
57.1549 0.61453 -4.38324 1.4519 0.0335664 -0.0211417 -1.66423
57.1594 0.61376 -4.38342 1.45167 0.0334059 -0.0210993 -1.66559
57.161 0.612986 -4.3836 1.45143 0.0332476 -0.0210574 -1.66695
57.1665 0.612207 -4.38379 1.45119 0.0330898 -0.0210153 -1.6683
57.1695 0.611423 -4.38397 1.45096 0.0329317 -0.0209731 -1.66964
57.2205 0.609979 -4.38575 1.45021 0.0323001 -0.0207704 -1.67359
57.2249 0.608375 -4.38612 1.44973 0.0319918 -0.0206929 -1.67622
57.2267 0.607566 -4.38631 1.44948 0.0318409 -0.0206574 -1.67752
57.2289 0.606752 -4.3865 1.44924 0.0316921 -0.0206254 -1.67882
57.2322 0.605934 -4.38669 1.44899 0.0315444 -0.0206009 -1.6801
57.2336 0.605112 -4.38688 1.44875 0.0313981 -0.0205842 -1.68138
57.2337 0.604285 -4.38707 1.4485 0.0312522 -0.0205708 -1.68264
57.2365 0.603454 -4.38726 1.44826 0.0311048 -0.020557 -1.6839
57.2421 0.60264 -4.38745 1.44801 0.0309568 -0.0205419 -1.68516
57.2468 0.601801 -4.38765 1.44776 0.0308083 -0.0205233 -1.6864
57.2552 0.600957 -4.38784 1.44752 0.0306578 -0.0204986 -1.68764
57.2629 0.60069 -4.38885 1.44734 0.0303992 -0.0204314 -1.68884
57.2645 0.600125 -4.38941 1.44702 0.0302048 -0.020367 -1.69005
57.2704 0.599271 -4.38961 1.44677 0.0300563 -0.0203286 -1.69127
57.2832 0.598412 -4.3898 1.44653 0.0299094 -0.0202882 -1.69247
57.2872 0.597548 -4.39 1.44628 0.0297655 -0.0202464 -1.69367
57.2889 0.596681 -4.3902 1.44603 0.0296253 -0.0202038 -1.69486
57.2929 0.59581 -4.3904 1.44578 0.029488 -0.020162 -1.69604
57.2992 0.594934 -4.3906 1.44553 0.0293535 -0.0201222 -1.69721
57.3092 0.594068 -4.3908 1.44529 0.0292222 -0.0200859 -1.69837
57.3116 0.593184 -4.391 1.44504 0.0290946 -0.0200528 -1.69953
57.3191 0.592296 -4.39121 1.44479 0.0289688 -0.0200213 -1.70068
57.3279 0.592285 -4.39272 1.44453 0.0286915 -0.0199248 -1.70177
57.3402 0.591392 -4.39292 1.44428 0.0285674 -0.0198981 -1.7029
57.3492 0.590494 -4.39313 1.44404 0.0284437 -0.0198728 -1.70401
57.3494 0.589592 -4.39334 1.44379 0.0283207 -0.0198479 -1.70513
57.3542 0.588687 -4.39354 1.44354 0.0281983 -0.0198229 -1.70623
57.3549 0.587777 -4.39375 1.4433 0.0280763 -0.0197972 -1.70732
57.358 0.586863 -4.39396 1.44305 0.0279555 -0.0197706 -1.7084
57.3736 0.585946 -4.39417 1.4428 0.0278361 -0.0197441 -1.70948
57.3748 0.585024 -4.39438 1.44256 0.0277179 -0.0197172 -1.71054
57.3828 0.584099 -4.39459 1.44231 0.0276022 -0.019655 -1.7116
57.3834 0.583169 -4.3948 1.44207 0.0274875 -0.019591 -1.71264
57.3923 0.582236 -4.39501 1.44182 0.0273714 -0.0195607 -1.71368
57.3957 0.581299 -4.39522 1.44158 0.0272551 -0.0195336 -1.71471
57.3975 0.580358 -4.39544 1.44134 0.0271389 -0.0195116 -1.71573
57.4004 0.579414 -4.39565 1.44109 0.0270216 -0.0194949 -1.71674
57.41 0.578466 -4.39586 1.44085 0.0269035 -0.0194846 -1.71774
57.4152 0.577514 -4.39608 1.44061 0.0267861 -0.0194788 -1.71874
57.4168 0.576558 -4.39629 1.44037 0.0266698 -0.0194735 -1.71972
57.4204 0.575599 -4.39651 1.44013 0.0265549 -0.0194675 -1.7207
57.4267 0.574636 -4.39672 1.43988 0.0264405 -0.0194595 -1.72166
57.4354 0.573676 -4.39694 1.43964 0.0263276 -0.0194487 -1.72262
57.4378 0.572706 -4.39715 1.43941 0.0262172 -0.0194349 -1.72356
57.4501 0.571732 -4.39737 1.43917 0.0261081 -0.0194173 -1.7245
57.467 0.570408 -4.40082 1.43815 0.0255345 -0.0192073 -1.72718
57.4671 0.569424 -4.40104 1.43792 0.0254284 -0.0191826 -1.72808
57.4827 0.568436 -4.40126 1.43768 0.0253222 -0.0191572 -1.72897
57.4884 0.567445 -4.40149 1.43745 0.025217 -0.0191323 -1.72985
57.4895 0.56645 -4.40171 1.43721 0.0251116 -0.0191083 -1.73072
57.4947 0.565452 -4.40193 1.43698 0.0250066 -0.0190849 -1.73158
57.5041 0.56445 -4.40215 1.43675 0.0249014 -0.0190622 -1.73244
57.5055 0.563445 -4.40238 1.43652 0.0247966 -0.0190406 -1.73328
57.5123 0.562437 -4.4026 1.43629 0.0246931 -0.0190198 -1.73411
57.5154 0.561425 -4.40283 1.43606 0.0245904 -0.0189985 -1.73494
57.5246 0.56041 -4.40305 1.43583 0.0244876 -0.018977 -1.73575
57.5261 0.559391 -4.40328 1.43561 0.0243849 -0.0189568 -1.73656
57.5301 0.558369 -4.4035 1.43538 0.0242831 -0.0189368 -1.73736
57.5356 0.557344 -4.40373 1.43516 0.0241811 -0.0189163 -1.73814
57.5407 0.556315 -4.40396 1.43493 0.0240789 -0.0188965 -1.73892
57.5417 0.555283 -4.40418 1.43471 0.0239761 -0.0188778 -1.73969
57.547 0.554248 -4.40441 1.43449 0.0238731 -0.0188599 -1.74045
57.5504 0.55321 -4.40464 1.43426 0.02377 -0.0188417 -1.7412
57.554 0.552168 -4.40487 1.43404 0.0236667 -0.0188235 -1.74193
57.5587 0.551123 -4.4051 1.43382 0.0235639 -0.0188044 -1.74266
57.5672 0.550075 -4.40533 1.4336 0.0234615 -0.0187859 -1.74338
57.5673 0.549023 -4.40556 1.43339 0.0233593 -0.0187694 -1.7441
57.5714 0.547969 -4.40579 1.43317 0.0232571 -0.0187096 -1.7448
57.5746 0.546911 -4.40602 1.43295 0.0231542 -0.0186488 -1.74549
57.5818 0.545956 -4.40642 1.43271 0.0230349 -0.0186221 -1.74616
57.5883 0.544893 -4.40665 1.4325 0.0229332 -0.0186094 -1.74684
57.5968 0.543826 -4.40688 1.43229 0.0228315 -0.0186019 -1.7475
57.5994 0.542756 -4.40712 1.43207 0.0227279 -0.0186003 -1.74816
57.6111 0.542867 -4.40898 1.4314 0.0224569 -0.0184855 -1.74876
57.6174 0.541794 -4.40922 1.43119 0.0223516 -0.0184881 -1.7494
57.6191 0.540719 -4.40945 1.43098 0.0222446 -0.0184897 -1.75003
57.6208 0.539641 -4.40969 1.43077 0.0221365 -0.0184886 -1.75065
57.6359 0.538559 -4.40992 1.43057 0.0220284 -0.0184846 -1.75125
57.6396 0.537475 -4.41016 1.43036 0.0219202 -0.0184772 -1.75186
57.6451 0.536388 -4.41039 1.43016 0.021812 -0.018466 -1.75245
57.6483 0.535298 -4.41063 1.42996 0.0217056 -0.0184516 -1.75303
57.657 0.534205 -4.41086 1.42976 0.0216023 -0.0184362 -1.7536
57.661 0.533109 -4.4111 1.42956 0.0215001 -0.01842 -1.75416
57.6673 0.53201 -4.41134 1.42936 0.0213982 -0.0184033 -1.75472
57.6674 0.530909 -4.41157 1.42916 0.021297 -0.0183875 -1.75526
57.6713 0.529805 -4.41181 1.42897 0.0211954 -0.0183733 -1.7558
57.6744 0.528697 -4.41205 1.42877 0.021093 -0.0183609 -1.75632
57.6791 0.527588 -4.41228 1.42858 0.0209902 -0.0183491 -1.75684
57.6855 0.526475 -4.41252 1.42839 0.0208877 -0.0183375 -1.75736
57.6928 0.525373 -4.41278 1.42817 0.0207845 -0.0183244 -1.75786
57.6963 0.524255 -4.41302 1.42798 0.0206818 -0.018317 -1.75835
57.7043 0.523134 -4.41326 1.42779 0.0205784 -0.0183113 -1.75883
57.7103 0.523334 -4.41511 1.42691 0.0203014 -0.0181669 -1.75928
57.7166 0.522212 -4.41535 1.42672 0.0201982 -0.0181623 -1.75974
57.7207 0.521087 -4.41559 1.42654 0.0200952 -0.0181587 -1.7602
57.7286 0.519959 -4.41583 1.42635 0.0199927 -0.0181547 -1.76065
57.7308 0.518829 -4.41608 1.42617 0.0198902 -0.0181499 -1.76109
57.7399 0.517696 -4.41632 1.42599 0.0197874 -0.018145 -1.76152
57.7434 0.516561 -4.41656 1.42581 0.0196864 -0.0181406 -1.76194
57.7467 0.515423 -4.4168 1.42563 0.0195873 -0.0181366 -1.76236
57.7541 0.514282 -4.41704 1.42545 0.0194887 -0.0181322 -1.76276
57.7555 0.513139 -4.41728 1.42527 0.0193914 -0.0181274 -1.76316
57.7777 0.511994 -4.41753 1.4251 0.0192954 -0.018123 -1.76355
57.7777 0.510846 -4.41777 1.42493 0.0192001 -0.018119 -1.76394
57.7806 0.509695 -4.41801 1.42475 0.0191056 -0.0181155 -1.76431
57.791 0.508542 -4.41826 1.42458 0.0190105 -0.0180719 -1.76467
57.791 0.507386 -4.4185 1.42441 0.0189164 -0.018028 -1.76503
57.7958 0.506228 -4.41875 1.42424 0.0188252 -0.0180232 -1.76538
57.7971 0.505068 -4.41899 1.42407 0.0187347 -0.0180197 -1.76572
57.8034 0.503906 -4.41923 1.4239 0.0186449 -0.0180195 -1.76605
57.8077 0.502741 -4.41948 1.42374 0.0185559 -0.0180229 -1.76638
57.8131 0.501574 -4.41972 1.42357 0.0184673 -0.0180308 -1.7667
57.8197 0.500404 -4.41997 1.42341 0.0183792 -0.0180425 -1.767
57.8199 0.499232 -4.42021 1.42325 0.0182906 -0.0180558 -1.7673
57.8271 0.498058 -4.42045 1.42309 0.0182024 -0.0180684 -1.76759
57.8291 0.496882 -4.4207 1.42293 0.0181153 -0.0180792 -1.76788
57.8337 0.495709 -4.42094 1.42277 0.0180288 -0.0180875 -1.76816
57.8375 0.494528 -4.42119 1.42261 0.0179434 -0.0180932 -1.76842
57.8495 0.493345 -4.42143 1.42246 0.0178588 -0.0180972 -1.76868
57.864 0.491289 -4.42372 1.42101 0.0174159 -0.0179272 -1.7694
57.8672 0.490102 -4.42396 1.42086 0.0173284 -0.0179216 -1.76963
57.8705 0.488913 -4.42421 1.42071 0.0172395 -0.0179147 -1.76985
57.877 0.487721 -4.42445 1.42057 0.0171497 -0.0179065 -1.77006
57.8824 0.486528 -4.4247 1.42042 0.01706 -0.0178967 -1.77027
57.884 0.485332 -4.42495 1.42027 0.0169699 -0.0178875 -1.77047
57.8869 0.484134 -4.42519 1.42013 0.016881 -0.0178801 -1.77066
57.8924 0.482935 -4.42544 1.41999 0.0167928 -0.0178735 -1.77085
57.8974 0.481733 -4.42568 1.41985 0.0167053 -0.017867 -1.77103
57.9085 0.480529 -4.42593 1.41971 0.0166202 -0.0178616 -1.7712
57.9092 0.479323 -4.42617 1.41957 0.0165358 -0.0178581 -1.77136
57.913 0.478115 -4.42642 1.41943 0.0164519 -0.0178555 -1.77152
57.9157 0.476906 -4.42666 1.41929 0.0163694 -0.0178531 -1.77167
57.9219 0.475694 -4.42691 1.41916 0.0162879 -0.0178511 -1.77181
57.9266 0.47448 -4.42715 1.41902 0.0162063 -0.0178502 -1.77195
57.9284 0.473265 -4.4274 1.41889 0.0161239 -0.0178494 -1.77207
57.9344 0.472048 -4.42764 1.41876 0.0160413 -0.0178478 -1.7722
57.9394 0.470828 -4.42789 1.41863 0.0159592 -0.0178458 -1.77231
57.9442 0.469607 -4.42814 1.4185 0.0158767 -0.0178438 -1.77242
57.9484 0.468384 -4.42838 1.41837 0.0157925 -0.0178413 -1.77252
57.954 0.467159 -4.42863 1.41824 0.0157076 -0.017839 -1.77261
57.9639 0.465933 -4.42887 1.41812 0.015622 -0.0178367 -1.7727
57.968 0.464704 -4.42912 1.41799 0.0155347 -0.0178346 -1.77278
57.9693 0.463474 -4.42937 1.41787 0.0154458 -0.0178336 -1.77286
57.9788 0.462242 -4.42961 1.41775 0.0153562 -0.0178334 -1.77293
57.9861 0.461008 -4.42986 1.41762 0.0152658 -0.0178351 -1.77299
57.9862 0.459772 -4.43011 1.4175 0.0151632 -0.0178004 -1.77304
57.9901 0.458534 -4.43035 1.41739 0.0150609 -0.0177646 -1.77309
57.9926 0.457295 -4.4306 1.41727 0.014971 -0.0177648 -1.77313
57.9989 0.456054 -4.43085 1.41715 0.0148808 -0.0177663 -1.77317
58.0069 0.454812 -4.43109 1.41704 0.0147899 -0.0177717 -1.7732
58.019 0.453568 -4.43134 1.41692 0.0146999 -0.0177803 -1.77323
58.0203 0.452322 -4.43158 1.41681 0.0146093 -0.0177912 -1.77325
58.0248 0.451075 -4.43183 1.4167 0.0145188 -0.017803 -1.77326
58.0351 0.449826 -4.43207 1.41659 0.0144287 -0.0178139 -1.77327
58.0361 0.448575 -4.43232 1.41648 0.0143375 -0.0178231 -1.77327
58.0407 0.447323 -4.43256 1.41637 0.0142477 -0.0178305 -1.77326
58.0447 0.446069 -4.43281 1.41626 0.0141585 -0.017837 -1.77325
58.0492 0.444814 -4.43305 1.41616 0.0140693 -0.0178425 -1.77323
58.0541 0.443557 -4.4333 1.41605 0.0139824 -0.0178458 -1.77321
58.0586 0.442299 -4.43354 1.41595 0.0138972 -0.0178475 -1.77318
58.0625 0.441039 -4.43378 1.41585 0.0138131 -0.0178484 -1.77314
58.0706 0.439778 -4.43403 1.41574 0.0137309 -0.0178477 -1.7731
58.0723 0.438515 -4.43427 1.41564 0.0136508 -0.0178449 -1.77306
58.0792 0.437251 -4.43451 1.41554 0.0135726 -0.0178415 -1.77301
58.0848 0.435986 -4.43476 1.41545 0.0134966 -0.0178382 -1.77295
58.0862 0.434718 -4.435 1.41535 0.0134221 -0.0178347 -1.77289
58.0975 0.43345 -4.43524 1.41525 0.0133488 -0.0178321 -1.77282
58.0992 0.43218 -4.43548 1.41516 0.0132765 -0.01783 -1.77275
58.1023 0.430909 -4.43573 1.41506 0.0132048 -0.0178293 -1.77268
58.1041 0.429636 -4.43597 1.41497 0.0131338 -0.0178302 -1.77259
58.1065 0.428362 -4.43621 1.41488 0.0130622 -0.0178324 -1.77251
58.1219 0.427087 -4.43645 1.41479 0.0129909 -0.0178356 -1.77241
58.1247 0.42581 -4.43669 1.4147 0.0129192 -0.017839 -1.77231
58.1261 0.424532 -4.43694 1.41461 0.0128464 -0.0178426 -1.77221
58.136 0.423252 -4.43718 1.41452 0.0127732 -0.0178461 -1.7721
58.1533 0.421985 -4.43742 1.41443 0.0126989 -0.0178488 -1.77199
58.1587 0.420703 -4.43766 1.41435 0.0126239 -0.0178491 -1.77187
58.1634 0.41942 -4.4379 1.41426 0.012549 -0.0178474 -1.77175
58.1707 0.418136 -4.43815 1.41418 0.0124739 -0.0178434 -1.77162
58.1754 0.41879 -4.43979 1.41278 0.0121872 -0.0176331 -1.77148
58.1845 0.41751 -4.44003 1.4127 0.012111 -0.0176257 -1.77134
58.1872 0.416228 -4.44027 1.41262 0.0120351 -0.0176187 -1.7712
58.1999 0.414952 -4.44051 1.41254 0.0119581 -0.0176131 -1.77105
58.2031 0.413668 -4.44075 1.41246 0.0118815 -0.017608 -1.7709
58.2052 0.412382 -4.44099 1.41238 0.0118063 -0.0176049 -1.77075
58.2075 0.411096 -4.44123 1.41231 0.0117324 -0.0176055 -1.77059
58.2152 0.41186 -4.4426 1.41051 0.0114318 -0.0173643 -1.77043
58.2174 0.410577 -4.44284 1.41044 0.0113601 -0.0173679 -1.77026
58.2216 0.409294 -4.44308 1.41036 0.0112904 -0.0173712 -1.77009
58.2309 0.40801 -4.44331 1.41029 0.0112231 -0.0173753 -1.76991
58.2481 0.406724 -4.44355 1.41022 0.0111583 -0.0173789 -1.76973
58.2519 0.405438 -4.44379 1.41015 0.0110969 -0.0173812 -1.76955
58.2526 0.40415 -4.44403 1.41008 0.0110378 -0.0173821 -1.76936
58.2531 0.402861 -4.44427 1.41001 0.01098 -0.0173815 -1.76916
58.2544 0.401571 -4.44451 1.40994 0.0109237 -0.0173792 -1.76897
58.256 0.400281 -4.44475 1.40987 0.0108687 -0.017377 -1.76877
58.2674 0.398989 -4.44499 1.40981 0.0108149 -0.0173743 -1.76856
58.2687 0.397696 -4.44522 1.40974 0.0107627 -0.0173708 -1.76835
58.2699 0.396402 -4.44546 1.40967 0.0107024 -0.0173219 -1.76814
58.2712 0.395107 -4.4457 1.40961 0.0106427 -0.0172744 -1.76792
58.2839 0.393811 -4.44594 1.40955 0.0105932 -0.0172744 -1.7677
58.29 0.392515 -4.44618 1.40948 0.0105442 -0.0172778 -1.76748
58.2956 0.391217 -4.44642 1.40942 0.0104949 -0.017287 -1.76725
58.3075 0.389919 -4.44665 1.40936 0.0104466 -0.0173027 -1.76703
58.3105 0.388619 -4.44689 1.4093 0.0103989 -0.0173227 -1.76679
58.3135 0.387319 -4.44713 1.40924 0.0103514 -0.0173442 -1.76656
58.3241 0.386018 -4.44736 1.40918 0.0103041 -0.0173656 -1.76632
58.3264 0.384716 -4.4476 1.40912 0.0102555 -0.0173844 -1.76607
58.3288 0.383413 -4.44783 1.40907 0.0102056 -0.0173992 -1.76583
58.3303 0.38211 -4.44807 1.40901 0.0101547 -0.0174096 -1.76558
58.3341 0.380805 -4.4483 1.40896 0.0101036 -0.0174148 -1.76532
58.3377 0.3795 -4.44854 1.4089 0.0100527 -0.0174166 -1.76506
58.3449 0.378194 -4.44877 1.40885 0.0100011 -0.0174162 -1.7648
58.352 0.376887 -4.449 1.4088 0.00994866 -0.0174142 -1.76454
58.3584 0.375579 -4.44924 1.40875 0.00989714 -0.0174118 -1.76428
58.3616 0.374271 -4.44947 1.4087 0.00984549 -0.0174089 -1.76401
58.3651 0.372961 -4.4497 1.40865 0.00979327 -0.0174058 -1.76373
58.377 0.369029 -4.4504 1.4085 0.00963914 -0.0174012 -1.7629
58.3859 0.367716 -4.45063 1.40845 0.00958866 -0.0174009 -1.76261
58.3923 0.366403 -4.45086 1.40841 0.00953861 -0.0174007 -1.76232
58.4028 0.365089 -4.45109 1.40836 0.00948909 -0.0174019 -1.76203
58.4073 0.363774 -4.45132 1.40832 0.0094393 -0.017404 -1.76173
58.4079 0.362459 -4.45155 1.40827 0.00938943 -0.0174061 -1.76144
58.4079 0.361143 -4.45178 1.40823 0.00933904 -0.0174085 -1.76114
58.4229 0.359826 -4.45201 1.40819 0.00928704 -0.017411 -1.76084
58.4284 0.358509 -4.45223 1.40815 0.00923535 -0.0174124 -1.76054
58.4356 0.35719 -4.45246 1.4081 0.00918333 -0.0174115 -1.76023
58.4356 0.355872 -4.45269 1.40806 0.00913126 -0.0174089 -1.75992
58.4414 0.354552 -4.45292 1.40802 0.00908096 -0.0174051 -1.75961
58.4443 0.353232 -4.45315 1.40799 0.00903122 -0.0173998 -1.7593
58.4523 0.351911 -4.45337 1.40795 0.0089812 -0.0173933 -1.75898
58.4553 0.35059 -4.4536 1.40791 0.00893112 -0.017386 -1.75866
58.4571 0.349267 -4.45383 1.40787 0.00888067 -0.0173781 -1.75834
58.4603 0.347945 -4.45405 1.40784 0.00882951 -0.01737 -1.75802
58.4651 0.346621 -4.45428 1.4078 0.00877792 -0.0173631 -1.75769
58.4707 0.345297 -4.45451 1.40777 0.00872536 -0.0173572 -1.75737
58.4768 0.343973 -4.45473 1.40773 0.00867271 -0.0173534 -1.75704
58.4777 0.342647 -4.45496 1.4077 0.00862098 -0.0173515 -1.75671
58.4891 0.341321 -4.45518 1.40766 0.00856985 -0.01735 -1.75637
58.4914 0.339995 -4.4554 1.40763 0.00851988 -0.0173485 -1.75604
58.4932 0.338668 -4.45563 1.4076 0.00847016 -0.017347 -1.7557
58.4991 0.33734 -4.45585 1.40757 0.00842055 -0.0173456 -1.75536
58.5023 0.336012 -4.45608 1.40754 0.00837133 -0.0173442 -1.75502
58.5081 0.334683 -4.4563 1.40751 0.00832311 -0.0173413 -1.75467
58.5151 0.333354 -4.45652 1.40748 0.00827638 -0.0173372 -1.75433
58.5151 0.332024 -4.45675 1.40745 0.00822995 -0.0173333 -1.75398
58.5225 0.330694 -4.45697 1.40742 0.00818175 -0.0173297 -1.75363
58.525 0.329363 -4.45719 1.40739 0.0081326 -0.0173258 -1.75328
58.5408 0.328031 -4.45741 1.40737 0.00808376 -0.0173224 -1.75293
58.5465 0.326699 -4.45764 1.40734 0.00803533 -0.0173193 -1.75257
58.5492 0.325367 -4.45786 1.40731 0.00798651 -0.0173164 -1.75222
58.5535 0.324034 -4.45808 1.40729 0.00793581 -0.0173137 -1.75186
58.5645 0.3227 -4.4583 1.40726 0.00788394 -0.0173115 -1.7515
58.5665 0.321366 -4.45852 1.40724 0.00783167 -0.01731 -1.75114
58.5686 0.320032 -4.45874 1.40722 0.00777887 -0.0173089 -1.75078
58.6763 0.304105 -4.46368 1.40236 0.00646014 -0.0167227 -1.74487
58.6808 0.302781 -4.46389 1.40235 0.00641086 -0.016726 -1.74449
58.6808 0.301456 -4.46411 1.40233 0.00636408 -0.0167278 -1.74411
58.6856 0.300132 -4.46432 1.40232 0.00631992 -0.0167283 -1.74373
58.6875 0.298807 -4.46453 1.40231 0.0062778 -0.0167274 -1.74334
58.6963 0.297482 -4.46474 1.4023 0.00623732 -0.0167257 -1.74296
58.6998 0.296157 -4.46494 1.40229 0.00619906 -0.0167242 -1.74257
58.704 0.294834 -4.46514 1.40227 0.00616203 -0.016722 -1.74219
58.7132 0.293509 -4.46535 1.40226 0.00612556 -0.0167201 -1.7418
58.7186 0.294968 -4.46555 1.39984 0.00582256 -0.0164005 -1.74144
58.7228 0.293651 -4.46575 1.39983 0.00578722 -0.0163966 -1.74105
58.7239 0.292335 -4.46595 1.39982 0.00575109 -0.0163919 -1.74065
58.7257 0.291017 -4.46616 1.39982 0.0057153 -0.0163874 -1.74026
58.729 0.2897 -4.46636 1.39981 0.0056814 -0.0163828 -1.73987
58.7318 0.288383 -4.46656 1.3998 0.00564914 -0.0163786 -1.73948
58.7967 0.279362 -4.46965 1.3964 0.00515722 -0.0158958 -1.73602
58.8017 0.278054 -4.46985 1.39639 0.00513434 -0.0158901 -1.73563
58.8031 0.276746 -4.47005 1.39639 0.00511308 -0.0158841 -1.73523
58.8045 0.275437 -4.47024 1.39639 0.00509276 -0.0158776 -1.73483
58.8059 0.274129 -4.47044 1.39639 0.00507395 -0.0158705 -1.73443
58.8129 0.272821 -4.47063 1.39639 0.00505651 -0.0158637 -1.73403
58.8143 0.271512 -4.47083 1.39639 0.00503938 -0.0158558 -1.73364
58.8218 0.270241 -4.47103 1.39639 0.0050229 -0.0158473 -1.73324
58.8246 0.268933 -4.47122 1.39639 0.00500808 -0.01584 -1.73284
58.8269 0.267626 -4.47141 1.39639 0.00499439 -0.0158316 -1.73245
58.8436 0.269409 -4.47193 1.39333 0.00468687 -0.0154145 -1.73211
58.8501 0.268112 -4.47212 1.39333 0.00467161 -0.0154072 -1.73171
58.8536 0.266815 -4.47231 1.39334 0.0046559 -0.0153994 -1.73131
58.8564 0.265518 -4.47249 1.39334 0.00464026 -0.015392 -1.73091
58.8595 0.264221 -4.47268 1.39334 0.00462428 -0.0153851 -1.73052
58.8645 0.262924 -4.47287 1.39335 0.00460814 -0.0153779 -1.73012
58.8704 0.261627 -4.47305 1.39335 0.00459403 -0.0153702 -1.72972
58.8733 0.26033 -4.47324 1.39336 0.00458165 -0.0153617 -1.72932
58.8757 0.259033 -4.47342 1.39336 0.00457053 -0.0153537 -1.72892
58.8836 0.257736 -4.47361 1.39337 0.00456128 -0.0153458 -1.72853
58.8868 0.256439 -4.47379 1.39337 0.00455397 -0.0153369 -1.72813
58.8946 0.255142 -4.47398 1.39338 0.00454863 -0.0153286 -1.72773
58.8995 0.253845 -4.47416 1.39339 0.00454497 -0.0153205 -1.72733
58.9044 0.252548 -4.47434 1.39339 0.00454239 -0.0153118 -1.72693
58.9167 0.251251 -4.47453 1.3934 0.00454053 -0.0153034 -1.72654
58.9215 0.249954 -4.47471 1.39341 0.00453947 -0.0152963 -1.72614
58.9276 0.248657 -4.47489 1.39342 0.00453866 -0.0152899 -1.72574
58.93 0.24736 -4.47507 1.39342 0.00453704 -0.0152839 -1.72535
58.9345 0.246063 -4.47525 1.39343 0.00453589 -0.0152771 -1.72495
58.9375 0.244766 -4.47543 1.39344 0.00453497 -0.0152706 -1.72455
58.941 0.243469 -4.47561 1.39345 0.00453201 -0.0152651 -1.72415
58.9461 0.242172 -4.47579 1.39346 0.00452814 -0.015259 -1.72375
58.9516 0.240875 -4.47597 1.39347 0.00452353 -0.0152537 -1.72336
58.9623 0.239578 -4.47615 1.39348 0.00451631 -0.0152486 -1.72296
58.9623 0.238281 -4.47633 1.39349 0.00450642 -0.0152431 -1.72257
58.9675 0.236992 -4.47651 1.3935 0.00449518 -0.0152376 -1.72217
58.9677 0.235695 -4.47668 1.39351 0.00448211 -0.0152325 -1.72178
58.9765 0.234399 -4.47686 1.39353 0.00446691 -0.0152281 -1.72138
58.981 0.23639 -4.47712 1.38969 0.00417152 -0.0147328 -1.72107
58.9835 0.235105 -4.47729 1.3897 0.00415403 -0.0147294 -1.72068
58.9886 0.233821 -4.47747 1.38971 0.00413611 -0.0147263 -1.72029
58.9886 0.232537 -4.47764 1.38973 0.00411789 -0.0147238 -1.71989
58.9964 0.231252 -4.47781 1.38974 0.00409952 -0.014722 -1.7195
59.0037 0.229968 -4.47798 1.38975 0.00408099 -0.0147204 -1.71911
59.0074 0.228684 -4.47815 1.38977 0.00406235 -0.0147191 -1.71872
59.0253 0.224831 -4.47867 1.38981 0.00401156 -0.0147118 -1.71755
59.0358 0.223547 -4.47884 1.38982 0.00399554 -0.0147076 -1.71716
59.038 0.222263 -4.479 1.38984 0.00398039 -0.0147028 -1.71677
59.0391 0.220979 -4.47917 1.38985 0.00396591 -0.0146975 -1.71638
59.053 0.219695 -4.47934 1.38987 0.00395097 -0.0146929 -1.71599
59.0552 0.218411 -4.47951 1.38988 0.00393495 -0.0146899 -1.7156
59.0663 0.217127 -4.47968 1.3899 0.00391728 -0.0146887 -1.71521
59.0672 0.215843 -4.47985 1.38992 0.00389815 -0.0146879 -1.71483
59.0679 0.214559 -4.48001 1.38993 0.00387675 -0.014687 -1.71444
59.0711 0.213276 -4.48018 1.38995 0.00385419 -0.014686 -1.71406
59.0758 0.211992 -4.48034 1.38997 0.00383234 -0.014685 -1.71367
59.0884 0.210709 -4.48051 1.38998 0.00381003 -0.0146836 -1.71329
59.0903 0.209425 -4.48068 1.39 0.00378748 -0.0146817 -1.7129
59.098 0.208142 -4.48084 1.39002 0.00376624 -0.0146795 -1.71252
59.1026 0.206859 -4.48101 1.39004 0.00374612 -0.014676 -1.71214
59.1104 0.205575 -4.48117 1.39005 0.00372742 -0.0146719 -1.71176
59.1139 0.204292 -4.48133 1.39007 0.00370908 -0.0146676 -1.71138
59.1203 0.203009 -4.4815 1.39009 0.00369056 -0.0146625 -1.71099
59.1204 0.201726 -4.48166 1.39011 0.00367256 -0.0146568 -1.71061
59.1242 0.200443 -4.48182 1.39013 0.00365493 -0.0146523 -1.71024
59.1285 0.19916 -4.48198 1.39015 0.00363832 -0.0146477 -1.70986
59.1306 0.197878 -4.48215 1.39017 0.00362327 -0.014642 -1.70948
59.1376 0.196595 -4.48231 1.39019 0.00361001 -0.0146365 -1.7091
59.1399 0.195313 -4.48247 1.39021 0.00359809 -0.014631 -1.70873
59.1507 0.19403 -4.48263 1.39023 0.00358783 -0.0146254 -1.70835
59.1533 0.192748 -4.48279 1.39025 0.00357815 -0.0146205 -1.70798
59.1559 0.191466 -4.48295 1.39027 0.0035692 -0.0146165 -1.70761
59.156 0.190183 -4.48311 1.39029 0.00356118 -0.0146135 -1.70723
59.162 0.188902 -4.48327 1.39031 0.00355291 -0.014612 -1.70686
59.1693 0.18762 -4.48343 1.39033 0.00354566 -0.0146 -1.70649
59.175 0.186338 -4.48359 1.39036 0.00353659 -0.0145857 -1.70612
59.1809 0.185056 -4.48374 1.39038 0.00352493 -0.0145807 -1.70575
59.1852 0.183775 -4.4839 1.3904 0.00351214 -0.0145766 -1.70539
59.1963 0.182494 -4.48406 1.39042 0.00349827 -0.0146194 -1.70502
59.1995 0.181213 -4.48421 1.39044 0.00348267 -0.014662 -1.70465
59.203 0.179933 -4.48437 1.39047 0.00346475 -0.0146588 -1.70428
59.2062 0.178652 -4.48452 1.39049 0.00344634 -0.0146537 -1.70392
59.2127 0.177371 -4.48467 1.39051 0.00342738 -0.0146441 -1.70355
59.2141 0.176091 -4.48483 1.39053 0.00340862 -0.0146295 -1.70319
59.2174 0.174811 -4.48498 1.39056 0.00338952 -0.0145628 -1.70283
59.2195 0.173531 -4.48514 1.39058 0.00336986 -0.0144931 -1.70247
59.2273 0.172251 -4.48529 1.39061 0.00335056 -0.0144697 -1.70211
59.2384 0.168412 -4.48575 1.39068 0.00329085 -0.0144398 -1.70103
59.2438 0.167133 -4.4859 1.39071 0.00327043 -0.0144462 -1.70067
59.2528 0.165854 -4.48605 1.39073 0.0032493 -0.0144575 -1.70031
59.2554 0.164575 -4.48619 1.39076 0.00322858 -0.0145211 -1.69996
59.2666 0.163297 -4.48634 1.39079 0.00320759 -0.0145841 -1.6996
59.269 0.162019 -4.48649 1.39081 0.00318574 -0.0145937 -1.69925
59.2761 0.16074 -4.48664 1.39084 0.00316411 -0.0145985 -1.6989
59.2818 0.159462 -4.48678 1.39087 0.00314049 -0.0145352 -1.69854
59.2825 0.158184 -4.48693 1.3909 0.00311711 -0.0144667 -1.69819
59.2835 0.156907 -4.48708 1.39093 0.00309676 -0.0144577 -1.69784
59.2886 0.155629 -4.48722 1.39096 0.00307804 -0.0144506 -1.69749
59.2945 0.154352 -4.48737 1.39099 0.00306048 -0.0144505 -1.69714
59.3015 0.153075 -4.48751 1.39102 0.00304448 -0.0144592 -1.6968
59.312 0.151798 -4.48766 1.39105 0.00302954 -0.0144755 -1.69645
59.3159 0.150522 -4.4878 1.39108 0.00301544 -0.0144965 -1.6961
59.3175 0.149246 -4.48794 1.39111 0.00300196 -0.0145193 -1.69576
59.318 0.14797 -4.48808 1.39114 0.00298833 -0.0145406 -1.69542
59.3254 0.146694 -4.48822 1.39117 0.00297393 -0.0145585 -1.69507
59.3296 0.145418 -4.48837 1.39121 0.00295797 -0.0145728 -1.69473
59.3329 0.144143 -4.48851 1.39124 0.00294195 -0.0145827 -1.69439
59.3378 0.142868 -4.48864 1.39127 0.00292601 -0.0145876 -1.69405
59.3411 0.141593 -4.48878 1.39131 0.00290915 -0.0145874 -1.69372
59.3463 0.140318 -4.48892 1.39134 0.00289119 -0.014583 -1.69338
59.3504 0.139044 -4.48906 1.39137 0.002873 -0.0145747 -1.69305
59.3526 0.13777 -4.4892 1.39141 0.00285421 -0.0145641 -1.69271
59.3585 0.136496 -4.48933 1.39144 0.00283513 -0.0145518 -1.69238
59.3624 0.135222 -4.48947 1.39147 0.00281623 -0.0145381 -1.69204
59.3644 0.133949 -4.4896 1.39151 0.00279659 -0.0145249 -1.69171
59.3695 0.132676 -4.48974 1.39154 0.00277763 -0.0145132 -1.69138
59.3771 0.131403 -4.48987 1.39158 0.00275983 -0.0145035 -1.69105
59.4265 0.12927 -4.48967 1.38762 0.00242616 -0.0139261 -1.68952
59.4306 0.128013 -4.4898 1.38765 0.00241325 -0.0138599 -1.68919
59.4306 0.126757 -4.48993 1.38769 0.00240046 -0.0137936 -1.68887
59.4307 0.1255 -4.49005 1.38773 0.00238897 -0.0137821 -1.68855
59.4308 0.124244 -4.49018 1.38776 0.00237771 -0.0137717 -1.68823
59.431 0.122989 -4.49031 1.3878 0.002366 -0.0137675 -1.68791
59.4324 0.121733 -4.49043 1.38783 0.00235379 -0.0137709 -1.68759
59.4354 0.120478 -4.49055 1.38787 0.00234137 -0.0137785 -1.68727
59.4498 0.119223 -4.49068 1.3879 0.0023285 -0.0137865 -1.68695
59.4533 0.117969 -4.4908 1.38794 0.00231522 -0.0137936 -1.68663
59.456 0.116715 -4.49092 1.38797 0.00230186 -0.0137997 -1.68631
59.4582 0.115461 -4.49105 1.38801 0.00228768 -0.0138033 -1.686
59.4747 0.11421 -4.49117 1.38805 0.00227328 -0.0138034 -1.68569
59.4751 0.112957 -4.49129 1.38808 0.00225903 -0.0138002 -1.68538
59.4771 0.111704 -4.49141 1.38812 0.00224515 -0.0137947 -1.68507
59.4888 0.114822 -4.49058 1.3836 0.00197631 -0.0132048 -1.68487
59.4889 0.113586 -4.49069 1.38364 0.00196323 -0.0131935 -1.68456
59.4961 0.112349 -4.49081 1.38367 0.00195014 -0.0131816 -1.68425
59.5021 0.111113 -4.49093 1.38371 0.00193767 -0.0131692 -1.68395
59.5107 0.109877 -4.49104 1.38375 0.00192639 -0.0131579 -1.68364
59.5138 0.108642 -4.49115 1.38378 0.00191498 -0.013148 -1.68334
59.5186 0.104938 -4.49149 1.38389 0.00187842 -0.0131249 -1.68243
59.5252 0.103704 -4.49161 1.38393 0.00186628 -0.0131199 -1.68213
59.5277 0.10247 -4.49172 1.38397 0.00185514 -0.0131157 -1.68183
59.5907 0.0980077 -4.49145 1.37986 0.00159434 -0.0125315 -1.67988
59.5976 0.095576 -4.49166 1.37993 0.00159802 -0.0125285 -1.6793
59.5977 0.0943608 -4.49176 1.37997 0.00159982 -0.0125271 -1.67901
59.6017 0.0931459 -4.49186 1.38 0.00160036 -0.012526 -1.67872
59.6047 0.0919315 -4.49197 1.38004 0.00160083 -0.0125247 -1.67844
59.6064 0.0907174 -4.49207 1.38008 0.00160112 -0.0125229 -1.67815
59.6095 0.0895037 -4.49217 1.38012 0.0016006 -0.0125219 -1.67787
59.6124 0.0882941 -4.49227 1.38015 0.00159998 -0.0125212 -1.67759
59.6153 0.0870812 -4.49237 1.38019 0.00159983 -0.0125206 -1.6773
59.6259 0.0858687 -4.49247 1.38022 0.0016006 -0.0125198 -1.67702
59.6277 0.0846566 -4.49257 1.38026 0.0016022 -0.0125182 -1.67674
59.6355 0.0875458 -4.49121 1.37581 0.0013846 -0.0119432 -1.67659
59.6365 0.0863494 -4.49131 1.37584 0.00138558 -0.0119417 -1.67631
59.6409 0.0851534 -4.49141 1.37588 0.00138949 -0.0119403 -1.67603
59.6539 0.0839577 -4.4915 1.37592 0.00139436 -0.0119379 -1.67576
59.6539 0.0827624 -4.4916 1.37595 0.00139891 -0.0119344 -1.67548
59.656 0.0815676 -4.49169 1.37599 0.00140423 -0.0119657 -1.67521
59.6608 0.0803733 -4.49178 1.37603 0.00140888 -0.0119976 -1.67494
59.6647 0.0791792 -4.49187 1.37606 0.00141293 -0.0119953 -1.67467
59.6797 0.0755997 -4.49215 1.37617 0.00142519 -0.0119851 -1.67386
59.7042 0.0744077 -4.49223 1.3762 0.00142756 -0.0119809 -1.6736
59.7064 0.073216 -4.49232 1.37624 0.00143061 -0.0119804 -1.67333
59.707 0.0720248 -4.4924 1.37627 0.00143573 -0.0119876 -1.67306
59.7219 0.0708339 -4.49249 1.37631 0.00144149 -0.0120031 -1.6728
59.7237 0.0696435 -4.49257 1.37634 0.00144737 -0.0120245 -1.67254
59.7253 0.0684534 -4.49266 1.37638 0.00145293 -0.0120487 -1.67228
59.7273 0.0672637 -4.49274 1.37642 0.00145893 -0.012072 -1.67202
59.7325 0.0660744 -4.49282 1.37645 0.00146481 -0.0120929 -1.67176
59.7372 0.0648855 -4.4929 1.37649 0.00147062 -0.0121104 -1.6715
59.7411 0.063697 -4.49299 1.37652 0.00147779 -0.0121228 -1.67124
59.7472 0.0625088 -4.49307 1.37656 0.00148585 -0.01213 -1.67098
59.7521 0.061321 -4.49315 1.3766 0.00149388 -0.0121333 -1.67072
59.7553 0.0601335 -4.49323 1.37663 0.00150289 -0.0121332 -1.67047
59.7619 0.0589464 -4.49331 1.37667 0.00151304 -0.0121297 -1.67021
59.7636 0.0577597 -4.49339 1.37671 0.00152354 -0.0121236 -1.66996
59.7676 0.0565733 -4.49346 1.37675 0.00153464 -0.0121152 -1.6697
59.7776 0.0553873 -4.49354 1.37678 0.00154661 -0.0121434 -1.66945
59.7864 0.0542017 -4.49362 1.37682 0.00155929 -0.0121726 -1.6692
59.7936 0.0530164 -4.49369 1.37686 0.00157233 -0.0121645 -1.66895
59.8003 0.0518314 -4.49377 1.37689 0.00158618 -0.0121549 -1.6687
59.8009 0.0506467 -4.49385 1.37693 0.00159923 -0.0121097 -1.66845
59.8071 0.0494622 -4.49392 1.37697 0.00161166 -0.0120608 -1.6682
59.81 0.0482781 -4.494 1.377 0.00162522 -0.0120431 -1.66796
59.8125 0.0470944 -4.49408 1.37704 0.0016392 -0.0120271 -1.66771
59.8142 0.0459111 -4.49415 1.37708 0.00165215 -0.0120155 -1.66747
59.8248 0.0447281 -4.49422 1.37711 0.00166569 -0.0120104 -1.66722
59.8272 0.0435456 -4.4943 1.37715 0.0016803 -0.0120118 -1.66698
59.8325 0.0423633 -4.49437 1.37719 0.00169438 -0.0120168 -1.66674
59.8335 0.0411815 -4.49444 1.37722 0.00170802 -0.0120245 -1.6665
59.8504 0.0400129 -4.4945 1.37725 0.00171919 -0.0120728 -1.66626
59.8608 0.0429699 -4.49282 1.37312 0.00153781 -0.0115918 -1.66613
59.8676 0.0418035 -4.49289 1.37316 0.00154713 -0.0116018 -1.66589
59.8693 0.0406375 -4.49296 1.37319 0.00155445 -0.011609 -1.66565
59.8713 0.0394717 -4.49303 1.37323 0.00156089 -0.0116097 -1.66542
59.8718 0.0383063 -4.49309 1.37327 0.0015669 -0.011602 -1.66518
59.8734 0.0371411 -4.49316 1.37331 0.00157088 -0.0115459 -1.66495
59.8776 0.0359762 -4.49323 1.37335 0.00157485 -0.0114833 -1.66471
59.8869 0.0348116 -4.4933 1.37338 0.00157859 -0.0114579 -1.66448
59.8971 0.0336474 -4.49337 1.37342 0.00158105 -0.011433 -1.66425
59.899 0.0324835 -4.49343 1.37346 0.00158354 -0.0114121 -1.66402
59.9036 0.03132 -4.4935 1.3735 0.00158538 -0.0113974 -1.66379
59.9036 0.0301568 -4.49356 1.37354 0.00158761 -0.0113893 -1.66356
59.906 0.028994 -4.49363 1.37358 0.00159053 -0.0114279 -1.66333
59.9113 0.0278315 -4.49369 1.37362 0.00159449 -0.011472 -1.6631
59.9142 0.0266693 -4.49375 1.37365 0.00159965 -0.011477 -1.66288
59.9238 0.0255073 -4.49381 1.37369 0.00160492 -0.0114797 -1.66265
59.9327 0.0243456 -4.49388 1.37373 0.00161112 -0.0114429 -1.66243
59.9351 0.0231841 -4.49394 1.37377 0.00161904 -0.0113989 -1.6622
59.9479 0.0220229 -4.494 1.37381 0.00162937 -0.0113828 -1.66198
59.9479 0.0208622 -4.49407 1.37385 0.00164104 -0.0113634 -1.66176
59.9515 0.0197017 -4.49413 1.37389 0.00165324 -0.0113443 -1.66154
59.9522 0.0185416 -4.49419 1.37393 0.00166723 -0.0113285 -1.66132
59.9553 0.0173819 -4.49425 1.37397 0.00168269 -0.011316 -1.6611
59.9627 0.0162225 -4.49431 1.37401 0.00170049 -0.0113529 -1.66088
59.9653 0.0150634 -4.49437 1.37405 0.00171896 -0.0113923 -1.66067
59.9681 0.0139047 -4.49442 1.37409 0.0017356 -0.0113869 -1.66045
59.9806 0.0127461 -4.49448 1.37413 0.00175188 -0.011382 -1.66024
59.9827 0.0115878 -4.49454 1.37417 0.00176734 -0.0113744 -1.66002
59.9854 0.0104298 -4.4946 1.37421 0.00178226 -0.0113277 -1.65981
59.9893 0.00927192 -4.49466 1.37425 0.00179683 -0.0112783 -1.65959
59.9939 0.00811442 -4.49472 1.3743 0.0018089 -0.0112637 -1.65938
59.9972 0.00695728 -4.49477 1.37434 0.0018198 -0.0112516 -1.65917
60.0043 0.00580048 -4.49483 1.37438 0.00183207 -0.0112884 -1.65896
60.0069 0.00464401 -4.49488 1.37442 0.00184339 -0.0113317 -1.65875
60.0153 0.00348774 -4.49494 1.37446 0.00185225 -0.0113362 -1.65854
60.0196 0.00233164 -4.49499 1.3745 0.00186049 -0.0113409 -1.65833
60.0701 -0.000347717 -4.49338 1.37085 0.00173494 -0.0108134 -1.65719
60.0719 -0.00148802 -4.49343 1.37089 0.00174201 -0.0108028 -1.65699
60.0758 -0.00262804 -4.49348 1.37093 0.00174937 -0.0107978 -1.65678
60.0759 -0.00376776 -4.49353 1.37097 0.00175686 -0.0107983 -1.65658
60.0774 -0.00490715 -4.49357 1.37101 0.00176494 -0.0108483 -1.65638
60.0822 -0.00604621 -4.49362 1.37105 0.00177282 -0.0109037 -1.65618
60.0843 -0.00718505 -4.49367 1.3711 0.00178007 -0.010919 -1.65598
60.1205 -0.00440346 -4.49172 1.36752 0.00163571 -0.0104679 -1.65587
60.123 -0.00665386 -4.49181 1.3676 0.00165265 -0.0104937 -1.65547
60.1267 -0.00777866 -4.49185 1.36764 0.00165958 -0.0105001 -1.65528
60.1348 -0.0100285 -4.49194 1.36772 0.00166928 -0.0105022 -1.65489
60.1537 -0.00980595 -4.49002 1.36451 0.00154201 -0.0101821 -1.65438
60.1667 -0.0109161 -4.49005 1.36454 0.00154636 -0.010223 -1.65419
60.171 -0.0120261 -4.49009 1.36458 0.0015527 -0.0102295 -1.654
60.1712 -0.0131358 -4.49012 1.36462 0.00156036 -0.0102362 -1.65381
60.1722 -0.0142453 -4.49015 1.36466 0.00156856 -0.0102397 -1.65362
60.183 -0.0153546 -4.49018 1.3647 0.001577 -0.010238 -1.65343
60.183 -0.0164635 -4.49022 1.36474 0.00158608 -0.0102307 -1.65324
60.2315 -0.0187823 -4.48812 1.36224 0.00148518 -0.00982587 -1.65236
60.234 -0.0198791 -4.48814 1.36228 0.00149394 -0.00984925 -1.65218
60.2374 -0.0209756 -4.48817 1.36232 0.00150354 -0.00987791 -1.65199
60.2414 -0.0220718 -4.48819 1.36236 0.00151538 -0.00987664 -1.65181
60.2414 -0.0231678 -4.48822 1.3624 0.00151398 -0.00987823 -1.65163
60.2414 -0.0242633 -4.48824 1.36244 0.00147127 -0.00988042 -1.65145
60.2415 -0.0253583 -4.48827 1.36248 0.00136533 -0.00988296 -1.65127
60.251 -0.0264526 -4.48829 1.36252 0.00117987 -0.00988639 -1.65109
60.2518 -0.0275461 -4.48832 1.36256 0.000903484 -0.00989183 -1.65091
60.2593 -0.0286409 -4.48834 1.36261 0.000529958 -0.0098566 -1.65073
60.2613 -0.0297328 -4.48837 1.36266 6.28012e-05 -0.00982565 -1.65055
60.2632 -0.0308237 -4.48839 1.3627 -0.000490181 -0.00984514 -1.65037
60.2662 -0.0319136 -4.48841 1.36275 -0.00112263 -0.00987327 -1.6502
60.2802 -0.0300319 -4.48627 1.3604 -0.0019649 -0.009633 -1.65007
60.2803 -0.0311102 -4.48629 1.36045 -0.00273852 -0.00971357 -1.64989
60.2814 -0.0321875 -4.48631 1.3605 -0.0035631 -0.00976881 -1.64971
60.2873 -0.0332637 -4.48633 1.36055 -0.0044272 -0.00982613 -1.64954
60.2997 -0.0343387 -4.48634 1.3606 -0.00531781 -0.00988205 -1.64936
60.3001 -0.0354125 -4.48636 1.36065 -0.00622531 -0.00993542 -1.64919
60.3088 -0.0364849 -4.48638 1.36071 -0.00713951 -0.00998563 -1.64901
60.3114 -0.0375559 -4.4864 1.36076 -0.00805098 -0.0100339 -1.64884
60.3152 -0.0386254 -4.48641 1.36082 -0.00895371 -0.0100815 -1.64867
60.3173 -0.0396933 -4.48643 1.36088 -0.00984281 -0.0101291 -1.6485
60.3314 -0.0407595 -4.48645 1.36093 -0.0107161 -0.0101343 -1.64833
60.3383 -0.0418238 -4.48646 1.36099 -0.0115711 -0.01014 -1.64816
60.3384 -0.0428861 -4.48648 1.36105 -0.0124077 -0.0101887 -1.64799
60.3384 -0.0439462 -4.4865 1.36111 -0.0132272 -0.0102394 -1.64782
60.3436 -0.045004 -4.48651 1.36117 -0.014033 -0.0103259 -1.64765
60.3514 -0.0460592 -4.48652 1.36123 -0.0148272 -0.0104177 -1.64748
60.3548 -0.0471118 -4.48654 1.36129 -0.0156104 -0.0104836 -1.64731
60.3617 -0.0481618 -4.48655 1.36135 -0.0163846 -0.010551 -1.64714
60.3745 -0.0512949 -4.48659 1.36152 -0.0186446 -0.0107332 -1.64665
60.3885 -0.0544005 -4.48663 1.36169 -0.0207743 -0.0108825 -1.64616
60.392 -0.0554289 -4.48664 1.36175 -0.0214412 -0.0111659 -1.64599
60.3964 -0.0564536 -4.48664 1.3618 -0.0220842 -0.0114512 -1.64582
60.401 -0.0574749 -4.48665 1.36186 -0.0227149 -0.0114978 -1.64566
60.4041 -0.0584927 -4.48667 1.36192 -0.0233432 -0.0115323 -1.6455
60.4084 -0.0595068 -4.48669 1.36197 -0.0239793 -0.0115102 -1.64534
60.4134 -0.060517 -4.48671 1.36202 -0.0246337 -0.0114625 -1.64518
60.4215 -0.0615229 -4.48673 1.36208 -0.0253146 -0.0114321 -1.64502
60.4327 -0.0625245 -4.48675 1.36213 -0.0260235 -0.0114025 -1.64486
60.4354 -0.0635217 -4.48677 1.36218 -0.0267604 -0.0113848 -1.6447
60.4358 -0.0645145 -4.4868 1.36223 -0.0275219 -0.0113846 -1.64454
60.4409 -0.0655028 -4.48682 1.36228 -0.0283023 -0.0114048 -1.64439
60.4439 -0.0664864 -4.48685 1.36232 -0.0290971 -0.0114452 -1.64423
60.4507 -0.0674653 -4.48688 1.36237 -0.0298991 -0.0115037 -1.64407
60.4532 -0.0684394 -4.4869 1.36241 -0.0307 -0.0115764 -1.64391
60.4568 -0.0694087 -4.48694 1.36245 -0.0314944 -0.011658 -1.64375
60.4585 -0.0703731 -4.48697 1.36249 -0.0322786 -0.0117455 -1.64359
60.4688 -0.0713324 -4.487 1.36252 -0.033048 -0.0118046 -1.64344
60.4715 -0.0722866 -4.48704 1.36256 -0.0338012 -0.0118592 -1.64328
60.4738 -0.0732354 -4.48707 1.36259 -0.0345394 -0.0119384 -1.64313
60.476 -0.0741788 -4.48711 1.36262 -0.0352612 -0.0120141 -1.64297
60.4905 -0.0751166 -4.48715 1.36265 -0.0359661 -0.0120859 -1.64282
60.4926 -0.0760489 -4.48719 1.36267 -0.0366541 -0.0121544 -1.64267
60.501 -0.0769754 -4.48722 1.36269 -0.0373229 -0.0122197 -1.64251
60.501 -0.077896 -4.48727 1.36271 -0.0379714 -0.0122807 -1.64236
60.5024 -0.0788108 -4.48731 1.36273 -0.0385976 -0.0123371 -1.64221
60.5062 -0.0797195 -4.48735 1.36275 -0.0391981 -0.0123896 -1.64206
60.5114 -0.0806222 -4.48739 1.36276 -0.0397731 -0.0124382 -1.64191
60.5137 -0.0815187 -4.48744 1.36278 -0.0403224 -0.0124831 -1.64176
60.5188 -0.0824089 -4.48748 1.36278 -0.0408444 -0.0125241 -1.64161
60.5212 -0.0832928 -4.48753 1.36279 -0.0413411 -0.0125624 -1.64146
60.5293 -0.0841703 -4.48758 1.3628 -0.0418149 -0.0125993 -1.64132
60.5336 -0.0850413 -4.48763 1.3628 -0.0422669 -0.012634 -1.64117
60.5406 -0.0859056 -4.48768 1.3628 -0.0427002 -0.0126668 -1.64102
60.5506 -0.0867632 -4.48773 1.3628 -0.0431174 -0.0126989 -1.64088
60.5541 -0.0876141 -4.48778 1.36279 -0.0435181 -0.0127296 -1.64073
60.5559 -0.0884581 -4.48783 1.36279 -0.0439033 -0.0127596 -1.64059
60.5599 -0.0892953 -4.48789 1.36278 -0.0442731 -0.0127891 -1.64044
60.5624 -0.0901256 -4.48794 1.36277 -0.0446243 -0.0128174 -1.6403
60.5653 -0.0909488 -4.488 1.36276 -0.0449547 -0.0128443 -1.64016
60.5729 -0.0917651 -4.48805 1.36274 -0.0452636 -0.0128692 -1.64002
60.5765 -0.0925743 -4.48811 1.36273 -0.0455497 -0.012891 -1.63988
60.5973 -0.0933782 -4.48817 1.36271 -0.0458127 -0.0129085 -1.63974
60.6001 -0.0908965 -4.48598 1.36053 -0.0461737 -0.0126356 -1.63964
60.6007 -0.0916747 -4.48604 1.3605 -0.0463932 -0.0126465 -1.6395
60.6022 -0.0924457 -4.4861 1.36048 -0.0465936 -0.0126552 -1.63936
60.6187 -0.0932094 -4.48616 1.36046 -0.0467762 -0.0126621 -1.63922
60.6187 -0.0939658 -4.48622 1.36043 -0.0469435 -0.0126681 -1.63908
60.6218 -0.0947148 -4.48628 1.36041 -0.0470965 -0.0126745 -1.63894
60.63 -0.0954564 -4.48634 1.36038 -0.0472348 -0.0126807 -1.6388
60.6326 -0.0961905 -4.4864 1.36035 -0.0473598 -0.0126879 -1.63867
60.6344 -0.0969172 -4.48647 1.36031 -0.0474714 -0.0126952 -1.63853
60.6381 -0.0976364 -4.48653 1.36028 -0.0475685 -0.0127015 -1.6384
60.645 -0.0983481 -4.4866 1.36025 -0.0476523 -0.0127086 -1.63826
60.6483 -0.0990523 -4.48666 1.36021 -0.0477241 -0.0127157 -1.63813
60.6522 -0.099749 -4.48673 1.36017 -0.0477847 -0.0126783 -1.638
60.6585 -0.100438 -4.4868 1.36014 -0.0478316 -0.0126397 -1.63787
60.6612 -0.10112 -4.48687 1.3601 -0.047864 -0.0126427 -1.63773
60.669 -0.101794 -4.48694 1.36006 -0.0478844 -0.012647 -1.6376
60.6819 -0.102461 -4.48701 1.36001 -0.0478927 -0.0126555 -1.63746
60.682 -0.103119 -4.48709 1.35997 -0.04789 -0.0126679 -1.63733
60.6883 -0.103771 -4.48716 1.35993 -0.0478767 -0.0126819 -1.6372
60.6883 -0.104415 -4.48723 1.35988 -0.0478528 -0.0126948 -1.63707
60.6975 -0.105051 -4.4873 1.35984 -0.0478188 -0.0127045 -1.63693
60.7003 -0.10568 -4.48738 1.35979 -0.0477747 -0.0127095 -1.6368
60.7003 -0.106301 -4.48745 1.35974 -0.0477215 -0.0127092 -1.63667
60.7035 -0.106915 -4.48753 1.35969 -0.0476592 -0.0127042 -1.63654
60.726 -0.107521 -4.4876 1.35964 -0.0475888 -0.0126947 -1.63641
60.7286 -0.108119 -4.48768 1.35959 -0.0475111 -0.0126812 -1.63628
60.7307 -0.10871 -4.48776 1.35954 -0.0474262 -0.0126648 -1.63616
60.7315 -0.109294 -4.48783 1.35949 -0.0473361 -0.0126467 -1.63603
60.7435 -0.10987 -4.48791 1.35944 -0.0472398 -0.0126266 -1.6359
60.7435 -0.110439 -4.48799 1.35938 -0.0471375 -0.0126065 -1.63577
60.7466 -0.111 -4.48807 1.35933 -0.047029 -0.0125878 -1.63564
60.7503 -0.111554 -4.48815 1.35927 -0.0469141 -0.0125694 -1.63551
60.7628 -0.11317 -4.48839 1.3591 -0.0465332 -0.0125164 -1.63513
60.7676 -0.113694 -4.48847 1.35905 -0.0463944 -0.0124997 -1.635
60.772 -0.114211 -4.48856 1.35899 -0.0462525 -0.0124832 -1.63488
60.776 -0.11472 -4.48864 1.35893 -0.046108 -0.0124679 -1.63475
60.7814 -0.115222 -4.48872 1.35887 -0.0459605 -0.0124535 -1.63463
60.7943 -0.115717 -4.48881 1.35881 -0.0458116 -0.0124385 -1.6345
60.7992 -0.117158 -4.48907 1.35862 -0.0453582 -0.0123921 -1.63414
60.8118 -0.117458 -4.4891 1.35854 -0.045206 -0.0123738 -1.63401
60.8167 -0.117915 -4.48919 1.35847 -0.0450482 -0.0123573 -1.63389
60.8172 -0.118365 -4.48928 1.35841 -0.0448871 -0.0123409 -1.63377
60.8202 -0.118808 -4.48937 1.35835 -0.0447215 -0.0123255 -1.63365
60.8448 -0.116948 -4.48762 1.35628 -0.0442969 -0.012031 -1.63331
60.8474 -0.117355 -4.48771 1.35621 -0.0441166 -0.0120152 -1.63319
60.85 -0.117755 -4.4878 1.35615 -0.0439352 -0.0119987 -1.63307
60.8535 -0.118148 -4.48789 1.35608 -0.0437558 -0.0119811 -1.63295
60.8617 -0.118333 -4.48798 1.35601 -0.0435779 -0.0119639 -1.63283
60.8675 -0.11871 -4.48807 1.35594 -0.0434022 -0.0119472 -1.63271
60.8762 -0.11908 -4.48816 1.35588 -0.043228 -0.0119307 -1.63259
60.8792 -0.119443 -4.48826 1.35581 -0.043054 -0.0119144 -1.63247
60.8949 -0.11697 -4.48642 1.35412 -0.0429658 -0.0116815 -1.63237
60.8968 -0.117312 -4.48651 1.35406 -0.0427909 -0.0116645 -1.63225
60.8989 -0.117647 -4.4866 1.35399 -0.0426142 -0.0116464 -1.63213
60.9047 -0.117976 -4.48669 1.35392 -0.0424345 -0.011628 -1.63201
60.9118 -0.118298 -4.48679 1.35385 -0.0422525 -0.011609 -1.63189
60.9164 -0.118614 -4.48688 1.35378 -0.0420682 -0.0115887 -1.63177
60.9246 -0.118923 -4.48698 1.35371 -0.0418817 -0.0115677 -1.63165
61.013 -0.117273 -4.48492 1.34996 -0.0396016 -0.0109426 -1.63016
61.0152 -0.117674 -4.48512 1.34982 -0.0392339 -0.0109095 -1.62993
61.0194 -0.117865 -4.48522 1.34975 -0.0390501 -0.0108926 -1.62981
61.0199 -0.11805 -4.48532 1.34968 -0.0388692 -0.010875 -1.6297
61.0254 -0.118229 -4.48542 1.34961 -0.0386911 -0.0108564 -1.62959
61.0273 -0.118402 -4.48552 1.34954 -0.0385154 -0.0108371 -1.62947
61.0283 -0.118569 -4.48562 1.34948 -0.0383426 -0.0108172 -1.62936
61.0302 -0.11873 -4.48572 1.34941 -0.0381712 -0.0107961 -1.62924
61.0331 -0.118885 -4.48582 1.34934 -0.0379994 -0.0107744 -1.62913
61.0354 -0.119035 -4.48592 1.34927 -0.0378276 -0.0107526 -1.62902
61.0783 -0.117642 -4.48472 1.34766 -0.0368331 -0.010486 -1.62833
61.0815 -0.117746 -4.48482 1.34759 -0.0366536 -0.0104699 -1.62822
61.0829 -0.117844 -4.48492 1.34752 -0.0364762 -0.010454 -1.62811
61.083 -0.117936 -4.48503 1.34746 -0.0363011 -0.0104369 -1.628
61.0833 -0.118023 -4.48513 1.34739 -0.0361282 -0.010419 -1.62789
61.097 -0.118171 -4.48524 1.34732 -0.0359576 -0.010401 -1.62778
61.1005 -0.11825 -4.48534 1.34726 -0.0357875 -0.0103828 -1.62767
61.1108 -0.118322 -4.48544 1.34719 -0.0356177 -0.0103639 -1.62756
61.1132 -0.116591 -4.4841 1.34612 -0.0354895 -0.0102184 -1.62745
61.117 -0.116549 -4.48399 1.34605 -0.0353255 -0.0102003 -1.62733
61.1239 -0.116601 -4.4841 1.34599 -0.0351509 -0.0101816 -1.62722
61.1307 -0.116647 -4.4842 1.34592 -0.0349751 -0.0101636 -1.62712
61.134 -0.116688 -4.4843 1.34586 -0.0347987 -0.0101463 -1.62701
61.1388 -0.116723 -4.48441 1.34579 -0.0346222 -0.0101287 -1.6269
61.1473 -0.116754 -4.48451 1.34573 -0.0344481 -0.0101106 -1.62679
61.1518 -0.116779 -4.48462 1.34566 -0.0342761 -0.0100919 -1.62668
61.1522 -0.116799 -4.48472 1.3456 -0.0341069 -0.0100733 -1.62657
61.1568 -0.116813 -4.48482 1.34554 -0.0339402 -0.0100544 -1.62646
61.1618 -0.116823 -4.48493 1.34547 -0.0337749 -0.0100346 -1.62636
61.1694 -0.116827 -4.48504 1.34541 -0.0336111 -0.010015 -1.62625
61.1726 -0.116827 -4.48514 1.34535 -0.0334474 -0.00999592 -1.62614
61.1776 -0.116821 -4.48525 1.34528 -0.033283 -0.00997709 -1.62603
61.1822 -0.11681 -4.48535 1.34522 -0.033117 -0.00995908 -1.62592
61.1892 -0.116795 -4.48546 1.34516 -0.0329481 -0.00994195 -1.62581
61.1919 -0.116774 -4.48557 1.34509 -0.0327767 -0.00992513 -1.62571
61.1962 -0.116748 -4.48568 1.34503 -0.0326039 -0.0099087 -1.6256
61.2058 -0.116718 -4.48578 1.34497 -0.0324317 -0.00989278 -1.62549
61.2059 -0.116682 -4.48589 1.34491 -0.0322602 -0.00987798 -1.62538
61.2088 -0.116642 -4.486 1.34485 -0.0320892 -0.00986373 -1.62528
61.2145 -0.116597 -4.48611 1.34479 -0.0319206 -0.0098486 -1.62517
61.2201 -0.116547 -4.48622 1.34473 -0.0317552 -0.00983374 -1.62507
61.2262 -0.116493 -4.48633 1.34466 -0.0315928 -0.00981963 -1.62496
61.2286 -0.116434 -4.48644 1.3446 -0.0314327 -0.00980434 -1.62486
61.2321 -0.11637 -4.48655 1.34454 -0.0312736 -0.00978732 -1.62475
61.237 -0.116301 -4.48666 1.34449 -0.0311147 -0.00977082 -1.62464
61.2496 -0.116228 -4.48677 1.34443 -0.0309553 -0.00975594 -1.62454
61.2505 -0.11615 -4.48688 1.34437 -0.0307941 -0.00974091 -1.62443
61.2507 -0.116067 -4.48699 1.34431 -0.0306312 -0.00972564 -1.62433
61.2543 -0.11598 -4.4871 1.34425 -0.0304664 -0.00971221 -1.62422
61.2698 -0.115586 -4.48755 1.34402 -0.029806 -0.00967369 -1.62381
61.2747 -0.115476 -4.48766 1.34396 -0.0296416 -0.00966821 -1.6237
61.2782 -0.115362 -4.48777 1.3439 -0.029478 -0.00966703 -1.6236
61.2845 -0.115243 -4.48789 1.34385 -0.0293168 -0.00966998 -1.6235
61.289 -0.11512 -4.488 1.34379 -0.0291569 -0.00967505 -1.62339
61.2927 -0.114993 -4.48811 1.34374 -0.0289979 -0.00967959 -1.62329
61.3038 -0.114862 -4.48822 1.34368 -0.0288393 -0.00968186 -1.62319
61.3081 -0.114726 -4.48833 1.34363 -0.0286794 -0.00968034 -1.62308
61.3082 -0.114586 -4.48845 1.34357 -0.0285182 -0.00967457 -1.62298
61.3243 -0.114491 -4.48857 1.34351 -0.028356 -0.00966368 -1.62288
61.3253 -0.114343 -4.48868 1.34346 -0.0281934 -0.00964963 -1.62278
61.3283 -0.114191 -4.48879 1.34341 -0.0280304 -0.0096327 -1.62267
61.3311 -0.114036 -4.48891 1.34335 -0.0278676 -0.00961321 -1.62257
61.3362 -0.113876 -4.48902 1.3433 -0.0277059 -0.00959278 -1.62247
61.3523 -0.111941 -4.48761 1.34243 -0.0275852 -0.00946863 -1.62236
61.3534 -0.111768 -4.48772 1.34237 -0.0274266 -0.0094502 -1.62226
61.3561 -0.111592 -4.48783 1.34232 -0.0272705 -0.00943459 -1.62216
61.3703 -0.111411 -4.48794 1.34227 -0.0271168 -0.00942075 -1.62206
61.3703 -0.111226 -4.48805 1.34222 -0.0269648 -0.00940936 -1.62195
61.3775 -0.111038 -4.48816 1.34217 -0.0268129 -0.00940178 -1.62185
61.3799 -0.110845 -4.48827 1.34212 -0.0266598 -0.00939608 -1.62175
61.3826 -0.110649 -4.48838 1.34207 -0.0265044 -0.00939165 -1.62165
61.3837 -0.110449 -4.48849 1.34202 -0.0263466 -0.00938799 -1.62155
61.4312 -0.107735 -4.48785 1.34109 -0.0254236 -0.00926668 -1.62094
61.4347 -0.107505 -4.48796 1.34105 -0.0252662 -0.00925661 -1.62084
61.4365 -0.107271 -4.48807 1.341 -0.0251103 -0.0092444 -1.62074
61.4532 -0.106808 -4.48828 1.34091 -0.0248012 -0.00921468 -1.62054
61.4561 -0.106564 -4.48839 1.34086 -0.0246462 -0.00919923 -1.62044
61.4591 -0.106317 -4.4885 1.34082 -0.0244905 -0.00918401 -1.62035
61.4611 -0.106066 -4.48861 1.34077 -0.0243344 -0.00916889 -1.62025
61.4649 -0.105811 -4.48872 1.34073 -0.0241758 -0.00915374 -1.62015
61.4665 -0.105553 -4.48883 1.34068 -0.0240148 -0.00913943 -1.62005
61.4686 -0.105292 -4.48894 1.34064 -0.0238516 -0.0091265 -1.61995
61.4713 -0.10404 -4.48812 1.34016 -0.0237046 -0.0090612 -1.61985
61.4916 -0.103631 -4.48809 1.34007 -0.0235449 -0.00903872 -1.61975
61.4936 -0.103357 -4.4882 1.34002 -0.0233819 -0.00902493 -1.61965
61.4965 -0.103079 -4.48831 1.33998 -0.0232211 -0.00901164 -1.61955
61.4965 -0.102798 -4.48842 1.33994 -0.023062 -0.00899829 -1.61946
61.4986 -0.102514 -4.48853 1.33989 -0.0229048 -0.00898422 -1.61936
61.5009 -0.102227 -4.48864 1.33985 -0.0227485 -0.00896913 -1.61926
61.5132 -0.101936 -4.48875 1.33981 -0.0225924 -0.00895339 -1.61917
61.5135 -0.101642 -4.48885 1.33977 -0.0224363 -0.00893882 -1.61907
61.518 -0.101345 -4.48896 1.33973 -0.0222788 -0.00892476 -1.61898
61.5268 -0.101045 -4.48907 1.33969 -0.0221187 -0.00891076 -1.61888
61.5305 -0.100742 -4.48918 1.33965 -0.0219577 -0.00889747 -1.61879
61.5344 -0.100436 -4.48929 1.33961 -0.0217944 -0.00888472 -1.61869
61.5371 -0.100127 -4.4894 1.33957 -0.0216286 -0.00887288 -1.61859
61.5459 -0.0998144 -4.4895 1.33953 -0.0214632 -0.00886094 -1.6185
61.5506 -0.0994991 -4.48961 1.33949 -0.0212983 -0.00884849 -1.61841
61.5514 -0.0991809 -4.48972 1.33945 -0.0211354 -0.00883616 -1.61831
61.559 -0.0988598 -4.48983 1.33941 -0.020976 -0.00882339 -1.61822
61.5642 -0.0985357 -4.48994 1.33937 -0.0208189 -0.00881069 -1.61812
61.5721 -0.0982086 -4.49005 1.33933 -0.0206637 -0.00879817 -1.61803
61.5724 -0.0978788 -4.49015 1.33929 -0.0205108 -0.00878596 -1.61793
61.5813 -0.0975461 -4.49026 1.33926 -0.0203598 -0.00877361 -1.61784
61.5882 -0.0972106 -4.49037 1.33922 -0.0202096 -0.0087608 -1.61774
61.5932 -0.0968723 -4.49048 1.33918 -0.020058 -0.00874939 -1.61765
61.6006 -0.0965571 -4.49059 1.33915 -0.0199048 -0.00873872 -1.61756
61.6045 -0.0962141 -4.4907 1.33911 -0.0197512 -0.00872831 -1.61746
61.6086 -0.0958684 -4.4908 1.33907 -0.0195974 -0.00871867 -1.61737
61.6131 -0.09552 -4.49091 1.33904 -0.0194431 -0.00870905 -1.61728
61.6204 -0.0943235 -4.49024 1.33866 -0.019301 -0.00865566 -1.61718
61.6298 -0.0939678 -4.49035 1.33863 -0.0191472 -0.0086452 -1.61709
61.6438 -0.0928853 -4.49067 1.33852 -0.0186961 -0.00860833 -1.61681
61.6462 -0.0925193 -4.49078 1.33849 -0.01855 -0.0085947 -1.61671
61.6529 -0.0921508 -4.49088 1.33846 -0.0184043 -0.00858113 -1.61662
61.6546 -0.0917798 -4.49099 1.33842 -0.0182573 -0.00856753 -1.61653
61.6579 -0.0914064 -4.4911 1.33839 -0.0181093 -0.00855392 -1.61644
61.665 -0.0910305 -4.49121 1.33836 -0.0179601 -0.00854118 -1.61635
61.6684 -0.0906523 -4.49132 1.33832 -0.0178089 -0.00852885 -1.61626
61.6724 -0.0902718 -4.49142 1.33829 -0.0176562 -0.00851662 -1.61617
61.6765 -0.0898889 -4.49153 1.33826 -0.0175028 -0.00850496 -1.61607
61.6809 -0.0895037 -4.49164 1.33823 -0.0173503 -0.00849453 -1.61598
61.6893 -0.0891161 -4.49175 1.33819 -0.0171998 -0.00848518 -1.61589
61.6946 -0.0887263 -4.49186 1.33816 -0.0170526 -0.00843004 -1.6158
61.7092 -0.0883342 -4.49196 1.33813 -0.0169075 -0.00837503 -1.61571
61.7109 -0.0879399 -4.49207 1.3381 -0.016764 -0.00836612 -1.61562
61.7175 -0.0875433 -4.49218 1.33807 -0.0166231 -0.00835948 -1.61553
61.7175 -0.0871445 -4.49229 1.33804 -0.0164839 -0.00835698 -1.61544
61.7292 -0.0867435 -4.49239 1.33801 -0.0163453 -0.00836051 -1.61535
61.7343 -0.0863404 -4.4925 1.33798 -0.0162061 -0.00836836 -1.61526
61.7358 -0.0859352 -4.49261 1.33795 -0.016067 -0.0084148 -1.61516
61.7573 -0.0855278 -4.49271 1.33792 -0.0159266 -0.00846021 -1.61507
61.7622 -0.0851184 -4.49282 1.33789 -0.0157839 -0.00846469 -1.61498
61.7669 -0.084707 -4.49292 1.33787 -0.0156413 -0.00846507 -1.61489
61.7679 -0.0842936 -4.49303 1.33784 -0.015499 -0.00845725 -1.6148
61.7775 -0.0838781 -4.49313 1.33781 -0.0153571 -0.00844086 -1.61472
61.781 -0.0834607 -4.49324 1.33778 -0.0152193 -0.00836829 -1.61463
61.7847 -0.0830413 -4.49335 1.33776 -0.0150835 -0.00829089 -1.61454
61.7881 -0.0826199 -4.49345 1.33773 -0.0149465 -0.00826152 -1.61445
61.8007 -0.0821966 -4.49356 1.33771 -0.0148094 -0.00823352 -1.61437
61.8074 -0.0817715 -4.49366 1.33768 -0.0146726 -0.00821139 -1.61428
61.8084 -0.0813444 -4.49377 1.33766 -0.014537 -0.00819837 -1.61419
61.8164 -0.0809155 -4.49387 1.33763 -0.014402 -0.00819193 -1.6141
61.8191 -0.0804849 -4.49398 1.33761 -0.0142524 -0.00818819 -1.61401
61.8231 -0.0800526 -4.49408 1.33759 -0.0140596 -0.00818505 -1.61393
61.8329 -0.0796188 -4.49418 1.33757 -0.0138008 -0.00818006 -1.61384
61.8438 -0.0791836 -4.49429 1.33755 -0.0134591 -0.00817153 -1.61375
61.8482 -0.0787473 -4.49439 1.33753 -0.0130224 -0.00815821 -1.61367
61.8534 -0.0783098 -4.49449 1.33752 -0.0124847 -0.00813926 -1.61358
61.8535 -0.0778713 -4.4946 1.33751 -0.0118432 -0.00811384 -1.6135
61.869 -0.0774319 -4.4947 1.33749 -0.0111003 -0.00808262 -1.61341
61.869 -0.0769915 -4.4948 1.33749 -0.0102649 -0.00804694 -1.61333
61.8784 -0.0765504 -4.4949 1.33748 -0.00934972 -0.00800811 -1.61325
61.8806 -0.0761084 -4.495 1.33747 -0.00837107 -0.00796828 -1.61316
61.8909 -0.0756658 -4.4951 1.33747 -0.00734294 -0.0079273 -1.61308
61.8916 -0.0752224 -4.4952 1.33746 -0.00627794 -0.00788449 -1.61299
61.9193 -0.0747785 -4.4953 1.33746 -0.00518847 -0.00784004 -1.61291
61.9238 -0.0743341 -4.4954 1.33746 -0.0040845 -0.00779446 -1.61283
61.9248 -0.0738893 -4.4955 1.33747 -0.0029731 -0.0077477 -1.61274
61.9302 -0.0734443 -4.4956 1.33747 -0.0018635 -0.00770035 -1.61266
61.9332 -0.0729992 -4.4957 1.33748 -0.000764292 -0.00765346 -1.61257
61.9468 -0.0725542 -4.4958 1.33748 0.000320267 -0.00760718 -1.61249
61.9491 -0.0721094 -4.4959 1.33749 0.0013856 -0.007563 -1.61241
61.9527 -0.0716649 -4.496 1.3375 0.00242737 -0.0075201 -1.61233
61.9563 -0.0712209 -4.49609 1.33751 0.00344257 -0.00747944 -1.61224
61.9665 -0.0707776 -4.49619 1.33752 0.00442972 -0.00744224 -1.61216
61.9692 -0.0703351 -4.49629 1.33753 0.00539188 -0.00740816 -1.61207
61.9768 -0.0698936 -4.49639 1.33754 0.00633273 -0.00737768 -1.61199
61.9873 -0.0694532 -4.49648 1.33755 0.00725526 -0.00734938 -1.61191
61.9883 -0.0690141 -4.49658 1.33756 0.00816396 -0.00732231 -1.61183
61.991 -0.0685765 -4.49668 1.33757 0.00906288 -0.00729634 -1.61174
61.998 -0.0681406 -4.49677 1.33758 0.00995361 -0.00727037 -1.61166
62.0046 -0.0677065 -4.49687 1.33759 0.0108369 -0.00724366 -1.61158
62.0116 -0.0672743 -4.49696 1.3376 0.0117117 -0.00721727 -1.61149
62.0161 -0.0668442 -4.49706 1.33761 0.0125747 -0.0071912 -1.61141
62.0271 -0.0664162 -4.49715 1.33762 0.0134217 -0.00716466 -1.61133
62.0285 -0.0659905 -4.49725 1.33763 0.0142478 -0.00713767 -1.61124
62.0326 -0.0655672 -4.49734 1.33764 0.0150507 -0.00711061 -1.61116
62.0386 -0.0651465 -4.49743 1.33765 0.0158278 -0.00708477 -1.61108
62.0406 -0.0647284 -4.49753 1.33766 0.0165777 -0.00706048 -1.61099
62.0463 -0.0643131 -4.49762 1.33767 0.0173004 -0.00703744 -1.61091
62.0615 -0.0639007 -4.49771 1.33768 0.0179986 -0.00701543 -1.61083
62.0671 -0.0634912 -4.4978 1.33769 0.0186752 -0.00699401 -1.61074
62.068 -0.0630848 -4.4979 1.33769 0.0193322 -0.00697295 -1.61066
62.0734 -0.0626816 -4.49799 1.3377 0.0199714 -0.00695102 -1.61058
62.0767 -0.0622818 -4.49808 1.33771 0.0205926 -0.00692886 -1.6105
62.0768 -0.0618853 -4.49817 1.33772 0.0211967 -0.00690819 -1.61042
62.0899 -0.0614924 -4.49826 1.33772 0.0217836 -0.00688833 -1.61033
62.0974 -0.0611031 -4.49835 1.33773 0.0223513 -0.00686856 -1.61025
62.0974 -0.0607175 -4.49844 1.33774 0.0228985 -0.00684889 -1.61017
62.1037 -0.0603357 -4.49853 1.33774 0.0234242 -0.00683006 -1.61009
62.1043 -0.0599577 -4.49862 1.33775 0.0239285 -0.00681341 -1.61
62.2088 -0.0590277 -4.49816 1.33758 0.0244085 -0.00677422 -1.60992
62.3164 -0.0585417 -4.4981 1.33753 0.0248786 -0.00675205 -1.60985
62.3195 -0.058175 -4.49819 1.33753 0.0253242 -0.00673801 -1.60977
62.3238 -0.0578126 -4.49827 1.33754 0.0257526 -0.00672416 -1.60969
62.3296 -0.0574544 -4.49836 1.33754 0.026165 -0.00670947 -1.60961
62.3327 -0.053571 -4.49485 1.33664 0.0265112 -0.00656854 -1.6093
62.3408 -0.0532137 -4.49494 1.33664 0.0268949 -0.00655241 -1.60922
62.3558 -0.0528609 -4.49502 1.33665 0.0272649 -0.00653577 -1.60914
62.3599 -0.0528912 -4.49539 1.33675 0.0276358 -0.00653289 -1.60908
62.3599 -0.0525484 -4.49547 1.33675 0.0279788 -0.00651897 -1.609
62.3637 -0.0523511 -4.49566 1.3368 0.0283095 -0.00651011 -1.60892
62.3665 -0.052018 -4.49574 1.33681 0.0286233 -0.00649867 -1.60884
62.3696 -0.0516896 -4.49583 1.33681 0.0289232 -0.00648863 -1.60876
62.3783 -0.0513661 -4.49591 1.33681 0.0292097 -0.00647915 -1.60868
62.3814 -0.0510474 -4.496 1.33682 0.0294832 -0.00646964 -1.6086
62.3875 -0.0507336 -4.49608 1.33682 0.0297464 -0.00646164 -1.60853
62.3924 -0.0504247 -4.49616 1.33682 0.0300009 -0.00645493 -1.60845
62.3969 -0.0501207 -4.49625 1.33682 0.0302485 -0.00644858 -1.60837
62.4047 -0.0501381 -4.49673 1.33687 0.0305014 -0.00644566 -1.6083
62.41 -0.0498466 -4.49681 1.33687 0.0307384 -0.00643974 -1.60822
62.4158 -0.0495602 -4.49689 1.33687 0.030973 -0.00643373 -1.60814
62.4182 -0.049948 -4.49756 1.33703 0.0312254 -0.00644762 -1.6081
62.4296 -0.0499372 -4.49792 1.3371 0.0314611 -0.00644616 -1.60803
62.436 -0.0496686 -4.49801 1.33711 0.0316862 -0.00643808 -1.60795
62.438 -0.0494053 -4.49809 1.33711 0.0319079 -0.00643001 -1.60787
62.4566 -0.0491472 -4.49817 1.33711 0.0321259 -0.00642303 -1.60779
62.4603 -0.0488945 -4.49825 1.33711 0.0323411 -0.00641654 -1.60772
62.4637 -0.0486471 -4.49833 1.33711 0.032553 -0.00641061 -1.60764
62.4658 -0.0484051 -4.49841 1.33711 0.0327621 -0.00640532 -1.60756
62.4691 -0.0481685 -4.4985 1.33711 0.032969 -0.00640075 -1.60749
62.4787 -0.0479374 -4.49858 1.33711 0.0331719 -0.00639602 -1.60741
62.4852 -0.0477117 -4.49866 1.33711 0.0333713 -0.00639074 -1.60734
62.4852 -0.0474914 -4.49874 1.33711 0.0335693 -0.00638604 -1.60726
62.4876 -0.047309 -4.49882 1.33711 0.0337667 -0.00638187 -1.60718
62.4918 -0.0471008 -4.49889 1.33711 0.0339635 -0.00637706 -1.60711
62.4969 -0.0468982 -4.49897 1.3371 0.0341591 -0.00637045 -1.60703
62.5058 -0.0467013 -4.49905 1.3371 0.034355 -0.00636194 -1.60695
62.5126 -0.04651 -4.49913 1.3371 0.0345506 -0.0063524 -1.60688
62.5165 -0.0472062 -4.49998 1.33729 0.0347709 -0.00636576 -1.60684
62.5352 -0.0473453 -4.50036 1.33737 0.0349708 -0.00636321 -1.60678
62.5383 -0.047174 -4.50044 1.33736 0.0351597 -0.00635416 -1.6067
62.5464 -0.0470084 -4.50052 1.33736 0.0353447 -0.00634587 -1.60663
62.5494 -0.0468486 -4.50059 1.33736 0.0355247 -0.00633872 -1.60655
62.5621 -0.0466946 -4.50067 1.33736 0.0356995 -0.00633254 -1.60648
62.5646 -0.0465463 -4.50075 1.33736 0.0358706 -0.0063269 -1.6064
62.5707 -0.0464039 -4.50082 1.33736 0.0360387 -0.00632209 -1.60633
62.5733 -0.0462674 -4.5009 1.33736 0.036203 -0.00631784 -1.60626
62.5797 -0.0461367 -4.50098 1.33736 0.0363644 -0.00631313 -1.60618
62.582 -0.0460119 -4.50105 1.33736 0.0365226 -0.00630774 -1.60611
62.5859 -0.045893 -4.50113 1.33735 0.0366773 -0.00630219 -1.60604
62.5887 -0.0457801 -4.5012 1.33735 0.0368275 -0.00629624 -1.60596
62.5942 -0.0456732 -4.50128 1.33735 0.0369734 -0.00628936 -1.60589
62.5993 -0.0455723 -4.50135 1.33735 0.0371161 -0.00628138 -1.60582
62.6095 -0.0454774 -4.50142 1.33735 0.0372554 -0.00627355 -1.60574
62.6154 -0.0452291 -4.50164 1.33735 0.0376517 -0.0062544 -1.60552
62.6223 -0.0451585 -4.50172 1.33734 0.0377776 -0.00624938 -1.60545
62.6246 -0.0450939 -4.50179 1.33734 0.037901 -0.0062456 -1.60538
62.6319 -0.0450354 -4.50186 1.33734 0.0380197 -0.00624273 -1.6053
62.6329 -0.044983 -4.50194 1.33734 0.0381339 -0.00623954 -1.60523
62.641 -0.0449368 -4.50201 1.33734 0.0382435 -0.00623656 -1.60516
62.657 -0.0448967 -4.50208 1.33734 0.038347 -0.00623342 -1.60509
62.6579 -0.0448627 -4.50215 1.33733 0.0384431 -0.00622983 -1.60502
62.6623 -0.0448349 -4.50222 1.33733 0.0385327 -0.00622678 -1.60495
62.6644 -0.0448133 -4.50229 1.33733 0.0386163 -0.00622395 -1.60488
62.6648 -0.0447979 -4.50236 1.33733 0.038693 -0.00622191 -1.6048
62.6698 -0.0447887 -4.50243 1.33733 0.0387625 -0.00622093 -1.60473
62.6716 -0.0447857 -4.5025 1.33733 0.0388252 -0.00621966 -1.60466
62.6889 -0.0448142 -4.50271 1.33732 0.0389859 -0.00621677 -1.60445
62.6906 -0.0448362 -4.50278 1.33732 0.0390318 -0.00621708 -1.60438
62.6941 -0.0448645 -4.50285 1.33732 0.0390742 -0.00621752 -1.60431
62.7023 -0.0448991 -4.50292 1.33732 0.0391127 -0.00621713 -1.60424
62.7096 -0.0449399 -4.50299 1.33732 0.0391482 -0.00621599 -1.60417
62.7109 -0.044987 -4.50305 1.33731 0.0391799 -0.00621502 -1.6041
62.7161 -0.0450403 -4.50312 1.33731 0.0392067 -0.00621367 -1.60404
62.7181 -0.0450999 -4.50319 1.33731 0.0392285 -0.00621156 -1.60397
62.7202 -0.0451657 -4.50326 1.33731 0.0392453 -0.00620881 -1.6039
62.7253 -0.0452378 -4.50332 1.33731 0.0392574 -0.00620539 -1.60383
62.7378 -0.0453162 -4.50339 1.33731 0.0392656 -0.00620293 -1.60376
62.7395 -0.0454008 -4.50346 1.33731 0.0392709 -0.00620122 -1.60369
62.7426 -0.0454918 -4.50352 1.3373 0.0392731 -0.00619924 -1.60362
62.7495 -0.045589 -4.50359 1.3373 0.0392729 -0.00619786 -1.60356
62.7559 -0.0456925 -4.50365 1.3373 0.0392699 -0.00619679 -1.60349
62.7588 -0.0458023 -4.50372 1.3373 0.0392642 -0.00619524 -1.60342
62.7655 -0.0459183 -4.50378 1.3373 0.0392561 -0.00619475 -1.60335
62.7711 -0.0460406 -4.50385 1.3373 0.0392447 -0.00619519 -1.60328
62.7867 -0.0461692 -4.50391 1.33729 0.0392304 -0.00619486 -1.60322
62.791 -0.0463039 -4.50398 1.33729 0.0392132 -0.00619544 -1.60315
62.7943 -0.0464448 -4.50404 1.33729 0.0391924 -0.00619674 -1.60308
62.8078 -0.0465919 -4.5041 1.33729 0.0391683 -0.00619736 -1.60301
62.8103 -0.0467452 -4.50417 1.33729 0.0391414 -0.00619766 -1.60295
62.812 -0.0469047 -4.50423 1.33728 0.0391116 -0.00619804 -1.60288
62.8147 -0.0470704 -4.50429 1.33728 0.0390793 -0.00619851 -1.60281
62.8256 -0.0476046 -4.50448 1.33728 0.0389676 -0.00619967 -1.60261
62.8289 -0.047795 -4.50454 1.33727 0.0389262 -0.00620073 -1.60254
62.8328 -0.0479915 -4.5046 1.33727 0.0388824 -0.00620259 -1.60248
62.837 -0.0481942 -4.50466 1.33727 0.0388351 -0.00620512 -1.60241
62.8419 -0.048403 -4.50473 1.33727 0.0387862 -0.00620866 -1.60235
62.8471 -0.0486179 -4.50479 1.33727 0.0387356 -0.00621224 -1.60228
62.8509 -0.0488389 -4.50485 1.33726 0.0386843 -0.00621574 -1.60222
62.8594 -0.049066 -4.50491 1.33726 0.0386328 -0.00621913 -1.60215
62.8612 -0.0492991 -4.50497 1.33726 0.0385794 -0.00622229 -1.60209
62.8672 -0.0495384 -4.50503 1.33726 0.0385247 -0.0062258 -1.60202
62.8745 -0.0497837 -4.50509 1.33725 0.0384701 -0.00622895 -1.60196
62.8789 -0.050035 -4.50515 1.33725 0.0384146 -0.00623195 -1.60189
62.8857 -0.0502924 -4.5052 1.33725 0.038357 -0.00623453 -1.60183
62.8939 -0.0505558 -4.50526 1.33725 0.0382971 -0.0062369 -1.60176
62.894 -0.0508251 -4.50532 1.33724 0.0382345 -0.00623903 -1.6017
62.8993 -0.0511004 -4.50538 1.33724 0.0381693 -0.00623997 -1.60164
62.9012 -0.0513817 -4.50544 1.33724 0.0381013 -0.00619678 -1.60157
62.9094 -0.0516689 -4.5055 1.33724 0.0380325 -0.00615499 -1.60151
62.9122 -0.0519621 -4.50556 1.33723 0.0379638 -0.00615845 -1.60144
62.9268 -0.052301 -4.50561 1.33723 0.0378939 -0.00616486 -1.60138
62.9289 -0.0526065 -4.50567 1.33723 0.0378243 -0.0061763 -1.60132
62.9342 -0.052918 -4.50572 1.33723 0.0377568 -0.00623879 -1.60126
62.9342 -0.0532353 -4.50578 1.33722 0.0376889 -0.00630746 -1.6012
62.9419 -0.0535586 -4.50583 1.33722 0.0376193 -0.00633422 -1.60113
63.0645 -0.0645185 -4.51052 1.33785 0.0365349 -0.00664611 -1.60035
63.071 -0.0653933 -4.51063 1.33785 0.0363727 -0.00657057 -1.60023
63.0724 -0.0658392 -4.51068 1.33786 0.0362917 -0.00652886 -1.60017
63.0724 -0.0662907 -4.51073 1.33786 0.036209 -0.00652331 -1.60011
63.0784 -0.0667478 -4.51079 1.33786 0.0361254 -0.00651884 -1.60005
63.0803 -0.0672104 -4.51084 1.33787 0.0360417 -0.00651877 -1.59999
63.087 -0.0676786 -4.51089 1.33787 0.0359581 -0.00652434 -1.59993
63.089 -0.0681523 -4.51094 1.33787 0.0358756 -0.00653448 -1.59987
63.089 -0.0686315 -4.51099 1.33788 0.0357945 -0.00659161 -1.59981
63.0891 -0.0691162 -4.51104 1.33788 0.0357133 -0.00665003 -1.59975
63.1023 -0.0705986 -4.51119 1.3379 0.0354733 -0.00667457 -1.59958
63.106 -0.0711051 -4.51124 1.3379 0.0353972 -0.00664011 -1.59952
63.1078 -0.0716172 -4.51129 1.33791 0.035321 -0.00660054 -1.59946
63.1164 -0.0733452 -4.51214 1.33794 0.0352748 -0.00659371 -1.59945
63.119 -0.0742942 -4.5125 1.338 0.0352044 -0.00658552 -1.5994
63.1248 -0.0748262 -4.51254 1.338 0.0351238 -0.00657864 -1.59934
63.125 -0.0753636 -4.51259 1.33801 0.0350451 -0.00662538 -1.59929
63.1383 -0.0770074 -4.51273 1.33803 0.0348058 -0.00678615 -1.59912
63.1469 -0.077566 -4.51277 1.33803 0.0347221 -0.00679188 -1.59906
63.1506 -0.0781298 -4.51281 1.33804 0.034637 -0.00679114 -1.599
63.1554 -0.078699 -4.51285 1.33805 0.0345507 -0.0067868 -1.59895
63.1601 -0.0792733 -4.5129 1.33805 0.0344651 -0.00674719 -1.59889
63.1776 -0.079853 -4.51294 1.33806 0.0343779 -0.00670617 -1.59883
63.1793 -0.0804377 -4.51298 1.33807 0.0342889 -0.0066997 -1.59877
63.1875 -0.0810275 -4.51302 1.33808 0.0341995 -0.00669689 -1.59872
63.1912 -0.0816225 -4.51306 1.33808 0.0341074 -0.00669922 -1.59866
63.1962 -0.0822225 -4.5131 1.33809 0.034012 -0.00670716 -1.59861
63.1996 -0.0828277 -4.51314 1.3381 0.0339166 -0.00676716 -1.59855
63.2063 -0.0834378 -4.51317 1.3381 0.0338198 -0.0068296 -1.5985
63.2128 -0.0840531 -4.51321 1.33811 0.0337204 -0.00684475 -1.59844
63.2253 -0.0846734 -4.51325 1.33812 0.0336206 -0.00685681 -1.59839
63.2254 -0.0852987 -4.51328 1.33813 0.0335219 -0.00686319 -1.59833
63.2277 -0.0859291 -4.51332 1.33814 0.0334245 -0.00686049 -1.59827
63.232 -0.0865645 -4.51336 1.33814 0.0333276 -0.00680927 -1.59822
63.3017 -0.0940817 -4.51455 1.33824 0.0325226 -0.00643549 -1.59778
63.3071 -0.0947699 -4.5146 1.33825 0.0324311 -0.00644725 -1.59773
63.3084 -0.095463 -4.51465 1.33826 0.0323411 -0.00645673 -1.59767
63.3114 -0.096161 -4.51469 1.33828 0.0322517 -0.00641921 -1.59762
63.3143 -0.0968638 -4.51474 1.33829 0.032164 -0.00637866 -1.59756
63.3283 -0.0975627 -4.51478 1.3383 0.0320784 -0.00637943 -1.59751
63.3283 -0.0982747 -4.51483 1.33831 0.0319929 -0.00638034 -1.59746
63.3283 -0.0989915 -4.51487 1.33833 0.0319082 -0.00638484 -1.5974
63.3315 -0.099713 -4.51492 1.33834 0.0318234 -0.00639532 -1.59735
63.3433 -0.10159 -4.51527 1.33824 0.0317665 -0.0064329 -1.59734
63.3497 -0.10272 -4.51552 1.33828 0.0316853 -0.00648499 -1.5973
63.3557 -0.10346 -4.51556 1.33829 0.0315945 -0.00650314 -1.59725
63.3582 -0.104204 -4.5156 1.3383 0.0315016 -0.0065197 -1.5972
63.3595 -0.104952 -4.51564 1.33832 0.0314062 -0.00653078 -1.59714
63.367 -0.105706 -4.51568 1.33833 0.03131 -0.0065338 -1.59709
63.3689 -0.106464 -4.51573 1.33834 0.0312102 -0.00648187 -1.59704
63.3724 -0.107226 -4.51577 1.33836 0.0311102 -0.00642291 -1.59699
63.3745 -0.107994 -4.51581 1.33837 0.0310137 -0.00640797 -1.59693
63.3759 -0.108765 -4.51585 1.33838 0.0309164 -0.00639449 -1.59688
63.3844 -0.109542 -4.51589 1.33839 0.0308198 -0.00638569 -1.59683
63.3859 -0.110322 -4.51593 1.33841 0.0307252 -0.00638252 -1.59678
63.3929 -0.111108 -4.51596 1.33842 0.0306299 -0.00641838 -1.59673
63.3993 -0.111897 -4.516 1.33843 0.0305342 -0.00645894 -1.59668
63.4026 -0.112692 -4.51604 1.33845 0.0304403 -0.00646922 -1.59663
63.4173 -0.113471 -4.5161 1.33846 0.0303462 -0.00647975 -1.59658
63.4243 -0.114273 -4.51614 1.33847 0.030251 -0.00648761 -1.59653
63.4288 -0.116206 -4.51648 1.33827 0.0301885 -0.00646542 -1.59653
63.4321 -0.117399 -4.51673 1.33828 0.0301012 -0.00640987 -1.59649
63.436 -0.118219 -4.51676 1.33829 0.0300035 -0.00635594 -1.59643
63.4377 -0.119043 -4.5168 1.33831 0.0299086 -0.0063501 -1.59638
63.4586 -0.119871 -4.51684 1.33832 0.0298137 -0.00634295 -1.59633
63.4656 -0.120703 -4.51687 1.33833 0.0297187 -0.00637713 -1.59628
63.4718 -0.12154 -4.51691 1.33834 0.0296221 -0.00641525 -1.59624
63.4797 -0.122381 -4.51694 1.33836 0.0295237 -0.00641658 -1.59619
63.4856 -0.123227 -4.51698 1.33837 0.0294243 -0.00641849 -1.59614
63.4875 -0.124076 -4.51701 1.33838 0.0293238 -0.00641637 -1.59609
63.4938 -0.12493 -4.51704 1.33839 0.0292237 -0.0064101 -1.59604
63.5015 -0.125788 -4.51708 1.33841 0.0291243 -0.00636067 -1.59599
63.5065 -0.126651 -4.51711 1.33842 0.0290241 -0.00631038 -1.59594
63.5095 -0.127517 -4.51715 1.33843 0.0289239 -0.00630212 -1.59589
63.5123 -0.128388 -4.51718 1.33845 0.0288255 -0.00629767 -1.59584
63.52 -0.129262 -4.51721 1.33846 0.0287282 -0.00629946 -1.59579
63.5267 -0.130141 -4.51725 1.33847 0.0286325 -0.00630769 -1.59574
63.5334 -0.131019 -4.51728 1.33848 0.0285408 -0.00636634 -1.59569
63.5392 -0.131906 -4.51731 1.3385 0.0284507 -0.0064286 -1.59565
63.555 -0.134592 -4.5174 1.33853 0.0281814 -0.00646094 -1.5955
63.5586 -0.135495 -4.51743 1.33855 0.0280926 -0.00645902 -1.59545
63.5775 -0.139676 -4.51777 1.33826 0.0278654 -0.00637729 -1.59536
63.5798 -0.140599 -4.5178 1.33828 0.0277746 -0.00636022 -1.59531
63.5858 -0.141526 -4.51783 1.33829 0.0276837 -0.00634842 -1.59526
63.5958 -0.142458 -4.51786 1.33831 0.0275924 -0.00634324 -1.59521
63.597 -0.143393 -4.51789 1.33832 0.0275031 -0.00639215 -1.59516
63.5994 -0.144332 -4.51792 1.33833 0.0274135 -0.00644708 -1.59512
63.605 -0.145275 -4.51795 1.33835 0.0273209 -0.00645906 -1.59507
63.6099 -0.146222 -4.51798 1.33836 0.0272283 -0.00647119 -1.59502
63.6191 -0.147173 -4.51801 1.33838 0.0271371 -0.00647842 -1.59497
63.6262 -0.148127 -4.51804 1.33839 0.0270451 -0.00647992 -1.59493
63.6267 -0.149086 -4.51807 1.33841 0.0269527 -0.00644249 -1.59488
63.6273 -0.150048 -4.51809 1.33842 0.0268603 -0.00640204 -1.59483
63.6354 -0.151014 -4.51812 1.33844 0.0267667 -0.00639638 -1.59478
63.642 -0.151984 -4.51815 1.33846 0.0266718 -0.00639356 -1.59474
63.6427 -0.152958 -4.51818 1.33847 0.0265763 -0.00639636 -1.59469
63.6473 -0.153935 -4.5182 1.33849 0.0264817 -0.00645251 -1.59465
63.6503 -0.154916 -4.51823 1.3385 0.0263854 -0.00651525 -1.5946
63.6601 -0.155901 -4.51825 1.33852 0.0262868 -0.00653724 -1.59456
63.6626 -0.156889 -4.51828 1.33853 0.0261867 -0.00655947 -1.59451
63.6696 -0.157881 -4.5183 1.33855 0.0260852 -0.00657695 -1.59447
63.6716 -0.15887 -4.51833 1.33856 0.0259822 -0.00658807 -1.59443
63.6839 -0.159869 -4.51836 1.33858 0.0258779 -0.00659269 -1.59438
63.6874 -0.160872 -4.51838 1.33859 0.0257727 -0.00659114 -1.59434
63.6875 -0.161878 -4.51841 1.33861 0.0256672 -0.00658509 -1.59429
63.7087 -0.166364 -4.51843 1.33822 0.0253958 -0.0065064 -1.59421
63.7133 -0.167389 -4.51845 1.33823 0.0252906 -0.00650152 -1.59416
63.7175 -0.168417 -4.51847 1.33825 0.0251851 -0.0065467 -1.59412
63.7242 -0.169449 -4.51849 1.33826 0.0250785 -0.00659874 -1.59407
63.7283 -0.170484 -4.51851 1.33828 0.0249703 -0.00661202 -1.59403
63.7341 -0.171522 -4.51853 1.33829 0.0248604 -0.00662729 -1.59398
63.7346 -0.172564 -4.51855 1.33831 0.0247473 -0.00664164 -1.59394
63.7483 -0.17361 -4.51857 1.33833 0.024631 -0.00665271 -1.59389
63.7534 -0.174659 -4.51859 1.33834 0.024512 -0.00665915 -1.59385
63.757 -0.175711 -4.51861 1.33836 0.0243908 -0.00666131 -1.5938
63.7593 -0.176766 -4.51863 1.33837 0.0242682 -0.00666177 -1.59376
63.7611 -0.177825 -4.51865 1.33839 0.0241446 -0.00666149 -1.59371
63.7654 -0.178887 -4.51868 1.3384 0.0240222 -0.00662365 -1.59367
63.7735 -0.179952 -4.5187 1.33842 0.0239005 -0.00658685 -1.59362
63.7769 -0.181021 -4.51872 1.33843 0.0237781 -0.00658828 -1.59358
63.7843 -0.182093 -4.51873 1.33845 0.0236564 -0.00659269 -1.59353
63.7913 -0.183168 -4.51875 1.33846 0.0235359 -0.00664593 -1.59349
63.7957 -0.184246 -4.51877 1.33848 0.0234165 -0.00670361 -1.59344
63.8014 -0.185327 -4.51879 1.33849 0.0232986 -0.00672006 -1.5934
63.805 -0.186412 -4.5188 1.33851 0.0231829 -0.00673565 -1.59335
63.8129 -0.1875 -4.51882 1.33852 0.0230685 -0.00674693 -1.59331
63.8139 -0.188591 -4.51884 1.33854 0.0229546 -0.00675227 -1.59327
63.816 -0.189685 -4.51885 1.33855 0.0228423 -0.00675257 -1.59322
63.8251 -0.190782 -4.51887 1.33857 0.0227303 -0.00674946 -1.59318
63.8286 -0.191882 -4.51889 1.33858 0.0226186 -0.0067446 -1.59314
63.8324 -0.192985 -4.5189 1.3386 0.022508 -0.00674053 -1.59309
63.8325 -0.194091 -4.51892 1.33861 0.0223975 -0.00673741 -1.59305
63.8383 -0.1952 -4.51894 1.33862 0.0222862 -0.00673585 -1.59301
63.8552 -0.196312 -4.51895 1.33864 0.0221743 -0.00673692 -1.59296
63.8556 -0.197428 -4.51897 1.33865 0.0220616 -0.00674166 -1.59292
63.86 -0.198545 -4.51898 1.33867 0.0219474 -0.00674854 -1.59288
63.8677 -0.199666 -4.519 1.33868 0.0218316 -0.00675712 -1.59283
63.8713 -0.20079 -4.51901 1.3387 0.0217136 -0.00676832 -1.59279
63.874 -0.201917 -4.51903 1.33871 0.0215915 -0.00673695 -1.59275
63.8784 -0.203046 -4.51904 1.33873 0.021468 -0.00670581 -1.5927
63.8858 -0.204178 -4.51906 1.33874 0.0213445 -0.0067183 -1.59266
63.8888 -0.205313 -4.51907 1.33875 0.0212192 -0.00673142 -1.59262
63.8924 -0.206451 -4.51909 1.33877 0.0210939 -0.00674609 -1.59258
63.8958 -0.207592 -4.5191 1.33878 0.0209672 -0.00680122 -1.59254
63.9013 -0.208735 -4.51911 1.33879 0.0208392 -0.0068601 -1.5925
63.9041 -0.209881 -4.51912 1.33881 0.0207133 -0.00688346 -1.59245
63.9105 -0.211029 -4.51913 1.33882 0.0205888 -0.00690419 -1.59241
63.9133 -0.212181 -4.51914 1.33883 0.0204638 -0.00691863 -1.59237
63.9203 -0.213322 -4.51916 1.33885 0.0203379 -0.00692607 -1.59233
63.9274 -0.214479 -4.51917 1.33886 0.0202122 -0.00692686 -1.59229
63.9349 -0.215638 -4.51918 1.33887 0.0200878 -0.00692356 -1.59224
63.9389 -0.216799 -4.51919 1.33889 0.0199655 -0.00691893 -1.5922
63.9517 -0.217964 -4.5192 1.3389 0.0198454 -0.00691395 -1.59216
63.9527 -0.21913 -4.51921 1.33892 0.0197267 -0.00690946 -1.59212
63.9592 -0.2203 -4.51922 1.33893 0.0196088 -0.0069071 -1.59208
63.9679 -0.221471 -4.51923 1.33894 0.019492 -0.00690776 -1.59204
63.9705 -0.222646 -4.51924 1.33896 0.0193765 -0.00691172 -1.592
63.9737 -0.223822 -4.51925 1.33897 0.0192619 -0.00691928 -1.59196
63.9989 -0.226495 -4.51905 1.33849 0.019197 -0.00686353 -1.59196
63.9991 -0.227681 -4.51906 1.33851 0.019083 -0.00687596 -1.59192
63.9996 -0.228869 -4.51906 1.33852 0.0189691 -0.00689 -1.59188
64.0061 -0.23006 -4.51907 1.33853 0.0188554 -0.00690398 -1.59184
64.0151 -0.231244 -4.51908 1.33855 0.0187418 -0.00691736 -1.5918
64.0235 -0.232439 -4.51909 1.33856 0.0186282 -0.00693019 -1.59176
64.0239 -0.233637 -4.51909 1.33857 0.0185163 -0.00694355 -1.59172
64.0363 -0.234837 -4.5191 1.33858 0.0184054 -0.00695664 -1.59168
64.0411 -0.236039 -4.51911 1.3386 0.0182938 -0.00696804 -1.59164
64.0475 -0.237244 -4.51912 1.33861 0.0181827 -0.00697762 -1.5916
64.0476 -0.23845 -4.51912 1.33862 0.0180725 -0.00698661 -1.59156
64.0643 -0.24039 -4.51858 1.33821 0.017992 -0.00694638 -1.59154
64.065 -0.24192 -4.51883 1.33818 0.0178928 -0.00694181 -1.5915
64.0694 -0.243136 -4.51883 1.3382 0.0177854 -0.00694969 -1.59147
64.0797 -0.244355 -4.51884 1.33821 0.0176783 -0.00695808 -1.59143
64.0797 -0.245576 -4.51885 1.33822 0.0175704 -0.00696484 -1.59139
64.0833 -0.2468 -4.51885 1.33823 0.0174612 -0.00697118 -1.59135
64.0929 -0.248025 -4.51886 1.33824 0.017352 -0.00697826 -1.59131
64.1004 -0.249252 -4.51886 1.33825 0.017243 -0.00698478 -1.59127
64.1015 -0.250482 -4.51886 1.33827 0.017134 -0.0069907 -1.59123
64.1034 -0.251714 -4.51887 1.33828 0.0170254 -0.00699775 -1.5912
64.1149 -0.252948 -4.51887 1.33829 0.0169174 -0.00700596 -1.59116
64.118 -0.254184 -4.51888 1.3383 0.0168107 -0.00701425 -1.59112
64.118 -0.255422 -4.51888 1.33831 0.0167048 -0.00702222 -1.59108
64.1217 -0.256662 -4.51889 1.33832 0.0166002 -0.00703013 -1.59104
64.1473 -0.257904 -4.51889 1.33833 0.0164969 -0.00703772 -1.591
64.1502 -0.259148 -4.51889 1.33834 0.0163949 -0.00704556 -1.59096
64.1523 -0.260394 -4.51889 1.33835 0.016295 -0.00705316 -1.59092
64.1561 -0.261641 -4.5189 1.33836 0.016196 -0.00706009 -1.59088
64.1642 -0.262891 -4.5189 1.33837 0.016098 -0.00706618 -1.59084
64.1745 -0.264143 -4.5189 1.33838 0.0160018 -0.00707093 -1.59081
64.1752 -0.265397 -4.5189 1.33839 0.0159069 -0.00707541 -1.59077
64.1808 -0.266652 -4.51891 1.3384 0.0158133 -0.00707973 -1.59073
64.2341 -0.277743 -4.51839 1.33797 0.0151324 -0.00703925 -1.59045
64.239 -0.279018 -4.51839 1.33797 0.0150463 -0.00704251 -1.59041
64.2391 -0.280296 -4.51839 1.33798 0.0149604 -0.00704584 -1.59038
64.241 -0.281575 -4.51839 1.33799 0.0148736 -0.00704855 -1.59034
64.2411 -0.282855 -4.51839 1.338 0.0147867 -0.00705158 -1.59031
64.2488 -0.284138 -4.51839 1.33801 0.0147 -0.00705466 -1.59027
64.2577 -0.285414 -4.51838 1.33802 0.0146133 -0.00705727 -1.59024
64.2591 -0.2867 -4.51838 1.33803 0.014527 -0.00705998 -1.5902
64.2684 -0.287987 -4.51838 1.33804 0.0144398 -0.00706204 -1.59016
64.2769 -0.289941 -4.51812 1.33755 0.0143752 -0.00700371 -1.59015
64.3012 -0.291481 -4.51825 1.33751 0.0142964 -0.00699394 -1.59011
64.3018 -0.292776 -4.51824 1.33752 0.0142072 -0.0069962 -1.59007
64.3025 -0.294072 -4.51824 1.33753 0.0141166 -0.00699806 -1.59004
64.3068 -0.29537 -4.51824 1.33754 0.0140252 -0.00699939 -1.59
64.3145 -0.29667 -4.51824 1.33755 0.013934 -0.00700163 -1.58997
64.3191 -0.297971 -4.51823 1.33756 0.013843 -0.0070047 -1.58993
64.3192 -0.299273 -4.51823 1.33757 0.0137528 -0.0070079 -1.5899
64.3193 -0.300577 -4.51823 1.33757 0.0136645 -0.00701056 -1.58986
64.3242 -0.301883 -4.51822 1.33758 0.0135774 -0.00701264 -1.58982
64.3289 -0.30319 -4.51822 1.33759 0.0134915 -0.00701551 -1.58978
64.3324 -0.304499 -4.51822 1.3376 0.0134077 -0.00701883 -1.58974
64.3361 -0.305809 -4.51821 1.33761 0.0133256 -0.00702135 -1.58971
64.3391 -0.307121 -4.51821 1.33762 0.0132442 -0.00702336 -1.58967
64.3433 -0.308433 -4.5182 1.33763 0.0131639 -0.00702502 -1.58964
64.3491 -0.309748 -4.5182 1.33763 0.0130847 -0.00702603 -1.5896
64.3681 -0.313699 -4.51818 1.33766 0.0128405 -0.00703187 -1.5895
64.3823 -0.317663 -4.51816 1.33769 0.0125834 -0.0070431 -1.58939
64.3906 -0.318987 -4.51816 1.3377 0.0124952 -0.0070478 -1.58935
64.3919 -0.320312 -4.51815 1.33771 0.0124059 -0.00705164 -1.58932
64.4037 -0.321639 -4.51814 1.33771 0.0123167 -0.00705357 -1.58928
64.4067 -0.322967 -4.51814 1.33772 0.0122286 -0.00705399 -1.58925
64.4093 -0.324296 -4.51813 1.33773 0.0121412 -0.00705379 -1.58921
64.4124 -0.325626 -4.51812 1.33774 0.0120541 -0.00705376 -1.58918
64.4139 -0.326958 -4.51811 1.33775 0.0119685 -0.00705296 -1.58914
64.4172 -0.328291 -4.51811 1.33776 0.0118835 -0.0070511 -1.58911
64.426 -0.329625 -4.5181 1.33777 0.011798 -0.00704934 -1.58907
64.4295 -0.330961 -4.51809 1.33778 0.0117115 -0.00704866 -1.58903
64.4401 -0.332297 -4.51808 1.33779 0.0116236 -0.00704842 -1.589
64.4409 -0.333635 -4.51807 1.3378 0.0115339 -0.0070478 -1.58896
64.4447 -0.334973 -4.51806 1.33781 0.0114424 -0.00704724 -1.58893
64.45 -0.336313 -4.51806 1.33782 0.0113496 -0.00704726 -1.58889
64.4998 -0.343876 -4.51775 1.33732 0.0108996 -0.00697992 -1.58873
64.5009 -0.345225 -4.51774 1.33733 0.0107995 -0.00698206 -1.5887
64.5009 -0.346575 -4.51773 1.33734 0.0107001 -0.00698309 -1.58866
64.501 -0.347926 -4.51772 1.33735 0.0105997 -0.00698447 -1.58863
64.501 -0.349277 -4.51771 1.33736 0.0104996 -0.00698665 -1.5886
64.5054 -0.35063 -4.5177 1.33737 0.0103999 -0.00698813 -1.58857
64.5097 -0.351984 -4.51769 1.33738 0.0102995 -0.00698998 -1.58853
64.5137 -0.35333 -4.51768 1.33739 0.0102001 -0.00699276 -1.5885
64.5189 -0.354685 -4.51767 1.3374 0.0101003 -0.00699495 -1.58847
64.5266 -0.356041 -4.51766 1.33741 0.00999994 -0.00699606 -1.58844
64.5342 -0.357398 -4.51764 1.33742 0.00990034 -0.00699657 -1.5884
64.5523 -0.359606 -4.51723 1.33685 0.00983398 -0.00692297 -1.58838
64.5564 -0.360968 -4.51722 1.33686 0.0097356 -0.00692383 -1.58835
64.5586 -0.36233 -4.51721 1.33687 0.00963951 -0.00692515 -1.58831
64.5613 -0.363694 -4.5172 1.33688 0.00954459 -0.00692615 -1.58828
64.5659 -0.365058 -4.51718 1.33689 0.00945097 -0.0069274 -1.58825
64.5705 -0.366423 -4.51717 1.3369 0.00935852 -0.00692888 -1.58821
64.5799 -0.367789 -4.51716 1.33691 0.00926768 -0.00693091 -1.58818
64.5855 -0.369155 -4.51714 1.33692 0.00917801 -0.00693341 -1.58815
64.5926 -0.370522 -4.51713 1.33693 0.00908924 -0.00693639 -1.58812
64.5947 -0.371891 -4.51712 1.33694 0.00900172 -0.0069397 -1.58808
64.6001 -0.373259 -4.5171 1.33695 0.00891496 -0.00694206 -1.58805
64.606 -0.374629 -4.51709 1.33696 0.00882881 -0.00694342 -1.58802
64.6128 -0.375999 -4.51707 1.33697 0.00874408 -0.00694444 -1.58799
64.62 -0.37737 -4.51706 1.33698 0.00865951 -0.0069452 -1.58796
64.626 -0.378742 -4.51705 1.33699 0.00857411 -0.00694621 -1.58793
64.635 -0.380114 -4.51703 1.337 0.00848933 -0.00694687 -1.5879
64.6365 -0.381487 -4.51702 1.33701 0.00840514 -0.00694775 -1.58786
64.6398 -0.382861 -4.517 1.33702 0.00832109 -0.00694875 -1.58783
64.6415 -0.384235 -4.51699 1.33703 0.00823653 -0.00694899 -1.5878
64.6493 -0.38561 -4.51697 1.33704 0.00815165 -0.00694971 -1.58777
64.654 -0.386985 -4.51695 1.33705 0.00806555 -0.00695007 -1.58774
64.6631 -0.388361 -4.51694 1.33706 0.00797825 -0.00695073 -1.58771
64.6665 -0.389737 -4.51692 1.33707 0.00789041 -0.00695324 -1.58767
64.6701 -0.391114 -4.51691 1.33708 0.00780267 -0.00695591 -1.58764
64.6758 -0.392491 -4.51689 1.33709 0.00771517 -0.00695745 -1.58761
64.688 -0.393869 -4.51687 1.3371 0.00762727 -0.00695923 -1.58758
64.6915 -0.395248 -4.51685 1.33711 0.00753958 -0.00696188 -1.58755
64.6932 -0.396627 -4.51684 1.33712 0.00745263 -0.00696409 -1.58752
64.695 -0.398006 -4.51682 1.33714 0.00736716 -0.00696561 -1.58749
64.6993 -0.399386 -4.5168 1.33715 0.00728308 -0.00696698 -1.58746
64.7142 -0.403528 -4.51675 1.33718 0.00704062 -0.00696948 -1.58736
64.7164 -0.40491 -4.51673 1.33719 0.00696408 -0.00697048 -1.58733
64.7203 -0.406292 -4.51671 1.3372 0.00688896 -0.0069717 -1.5873
64.7278 -0.407674 -4.51669 1.33721 0.00681402 -0.00697348 -1.58727
64.7318 -0.409057 -4.51667 1.33722 0.00673834 -0.00697488 -1.58723
64.7333 -0.41044 -4.51665 1.33723 0.00666141 -0.00697523 -1.5872
64.7376 -0.411824 -4.51663 1.33724 0.00658295 -0.00697635 -1.58717
64.7431 -0.413208 -4.51661 1.33725 0.00650291 -0.00697813 -1.58713
64.7449 -0.414592 -4.51659 1.33726 0.00642127 -0.00697959 -1.5871
64.7567 -0.415976 -4.51657 1.33727 0.00633898 -0.00698133 -1.58707
64.7585 -0.417361 -4.51655 1.33729 0.0062565 -0.0069828 -1.58704
64.7614 -0.418745 -4.51653 1.3373 0.00617343 -0.0069828 -1.58701
64.7634 -0.420131 -4.51651 1.33731 0.00609008 -0.0069828 -1.58698
64.7774 -0.421516 -4.51649 1.33732 0.00600716 -0.00698251 -1.58695
64.7775 -0.422902 -4.51647 1.33733 0.00592462 -0.0069814 -1.58692
64.7842 -0.424287 -4.51645 1.33734 0.00584147 -0.00698006 -1.58689
64.7893 -0.425673 -4.51643 1.33735 0.00575827 -0.00697938 -1.58686
64.797 -0.42706 -4.5164 1.33737 0.00567358 -0.00697926 -1.58683
64.7976 -0.428446 -4.51638 1.33738 0.0055865 -0.00697957 -1.5868
64.8005 -0.429833 -4.51636 1.33739 0.00549776 -0.00698009 -1.58677
64.8028 -0.43122 -4.51634 1.3374 0.00540702 -0.00697984 -1.58674
64.8049 -0.432607 -4.51632 1.33741 0.00531462 -0.00698027 -1.58671
64.8094 -0.433994 -4.51629 1.33743 0.00522225 -0.00698127 -1.58667
64.8223 -0.435381 -4.51627 1.33744 0.00513071 -0.00698173 -1.58664
64.8231 -0.436768 -4.51625 1.33745 0.00504019 -0.0069824 -1.58661
64.8274 -0.438156 -4.51622 1.33746 0.00495119 -0.00698372 -1.58658
64.8279 -0.439543 -4.5162 1.33747 0.00486399 -0.00698548 -1.58655
64.8316 -0.440931 -4.51618 1.33749 0.00477854 -0.0069871 -1.58652
64.8395 -0.442318 -4.51615 1.3375 0.00469395 -0.00698909 -1.58649
64.8444 -0.443706 -4.51613 1.33751 0.00460883 -0.00699108 -1.58646
64.8485 -0.445094 -4.51611 1.33752 0.00452294 -0.00699379 -1.58643
64.8496 -0.446481 -4.51608 1.33754 0.00443618 -0.00699794 -1.5864
64.8534 -0.447869 -4.51606 1.33755 0.00434842 -0.00700193 -1.58636
64.8597 -0.449257 -4.51603 1.33756 0.00425858 -0.00700485 -1.58633
64.8689 -0.450644 -4.51601 1.33758 0.00416629 -0.00700704 -1.5863
64.8731 -0.452032 -4.51598 1.33759 0.00407204 -0.00700948 -1.58627
64.8746 -0.453419 -4.51596 1.3376 0.00397641 -0.00701178 -1.58624
