Time X Y Z Roll Pitch Yaw
0.0583763 8.44199e-06 1.7469e-06 0.299396 -6.55789e-06 1.76331e-05 4.95742e-06
0.0859614 8.44245e-06 1.74978e-06 0.299416 -6.56748e-06 1.76346e-05 4.95742e-06
0.106673 8.4429e-06 1.75266e-06 0.299436 -6.57708e-06 1.76361e-05 4.95742e-06
0.143631 8.44335e-06 1.75554e-06 0.299456 -6.58667e-06 1.76376e-05 4.95742e-06
0.153624 8.44381e-06 1.75841e-06 0.299476 -6.59626e-06 1.76392e-05 4.95742e-06
0.171261 8.44426e-06 1.76129e-06 0.299496 -6.60585e-06 1.76407e-05 4.95742e-06
0.192977 8.44472e-06 1.76417e-06 0.299515 -6.61544e-06 1.76422e-05 4.95742e-06
0.21198 8.44517e-06 1.76705e-06 0.299535 -6.62504e-06 1.76437e-05 4.95742e-06
0.233581 8.44563e-06 1.76992e-06 0.299555 -6.63463e-06 1.76452e-05 4.95742e-06
0.252884 8.44608e-06 1.7728e-06 0.299575 -6.64422e-06 1.76467e-05 4.95742e-06
0.273616 8.44653e-06 1.77568e-06 0.299595 -6.65381e-06 1.76482e-05 4.95742e-06
0.293672 8.3234e-06 1.73246e-06 0.299615 -6.50976e-06 1.72378e-05 4.95742e-06
0.312918 8.0704e-06 1.63957e-06 0.299634 -6.20013e-06 1.63945e-05 4.95743e-06
0.333595 7.8298e-06 1.55123e-06 0.299652 -5.90566e-06 1.55924e-05 4.95744e-06
0.353891 7.60098e-06 1.46722e-06 0.299669 -5.62563e-06 1.48297e-05 4.95744e-06
0.373529 7.38339e-06 1.38733e-06 0.299686 -5.35932e-06 1.41044e-05 4.95745e-06
0.39439 7.17645e-06 1.31135e-06 0.299701 -5.10607e-06 1.34147e-05 4.95745e-06
0.414144 6.97966e-06 1.23909e-06 0.299716 -4.86523e-06 1.27587e-05 4.95746e-06
0.435333 6.79252e-06 1.17038e-06 0.29973 -4.63619e-06 1.21349e-05 4.95746e-06
0.453754 6.61454e-06 1.10504e-06 0.299743 -4.41837e-06 1.15416e-05 4.95747e-06
0.474079 6.44529e-06 1.04289e-06 0.299756 -4.21123e-06 1.09774e-05 4.95747e-06
0.495188 6.28433e-06 9.83796e-07 0.299768 -4.01425e-06 1.04409e-05 4.95747e-06
0.515084 6.13127e-06 9.27595e-07 0.299779 -3.82691e-06 9.9307e-06 4.95748e-06
0.536383 5.9857e-06 8.74149e-07 0.29979 -3.64876e-06 9.44548e-06 4.95748e-06
0.554534 5.84727e-06 8.23322e-07 0.299801 -3.47934e-06 8.98404e-06 4.95748e-06
0.574934 5.71562e-06 7.74986e-07 0.29981 -3.31823e-06 8.54522e-06 4.95748e-06
0.599951 5.59042e-06 7.29019e-07 0.29982 -3.16501e-06 8.1279e-06 4.95748e-06
0.622121 5.47137e-06 6.85305e-07 0.299829 -3.01929e-06 7.73104e-06 4.95749e-06
0.641942 5.35814e-06 6.43733e-07 0.299837 -2.88072e-06 7.35362e-06 4.95749e-06
0.6615 5.25046e-06 6.04199e-07 0.299845 -2.74895e-06 6.99471e-06 4.95749e-06
0.680896 5.14807e-06 5.66602e-07 0.299853 -2.62363e-06 6.65338e-06 4.95749e-06
0.701646 5.05069e-06 5.30848e-07 0.29986 -2.50445e-06 6.32878e-06 4.95749e-06
0.721616 4.95808e-06 4.96847e-07 0.299867 -2.39111e-06 6.02009e-06 4.95749e-06
0.743397 4.87001e-06 4.64511e-07 0.299874 -2.28333e-06 5.72653e-06 4.95749e-06
0.761244 4.78626e-06 4.33761e-07 0.29988 -2.18083e-06 5.44736e-06 4.9575e-06
0.781441 4.70661e-06 4.04517e-07 0.299886 -2.08335e-06 5.18186e-06 4.9575e-06
0.804332 4.63087e-06 3.76707e-07 0.299892 -1.99066e-06 4.92938e-06 4.9575e-06
0.821829 4.55883e-06 3.5026e-07 0.299897 -1.9025e-06 4.68928e-06 4.9575e-06
0.843615 4.49033e-06 3.25109e-07 0.299902 -1.81866e-06 4.46094e-06 4.9575e-06
0.86179 4.43796e-06 3.05879e-07 0.299906 -1.75456e-06 4.28635e-06 4.9575e-06
0.882907 4.36324e-06 2.78445e-07 0.299912 -1.66312e-06 4.03729e-06 4.9575e-06
0.902709 4.31587e-06 2.61053e-07 0.299915 -1.60515e-06 3.8794e-06 4.9575e-06
0.922616 4.24829e-06 2.36242e-07 0.29992 -1.52245e-06 3.65415e-06 4.9575e-06
0.944106 4.20545e-06 2.20514e-07 0.299923 -1.47002e-06 3.51135e-06 4.9575e-06
0.963141 4.14434e-06 1.98075e-07 0.299928 -1.39523e-06 3.30764e-06 4.9575e-06
0.983252 4.1056e-06 1.8385e-07 0.299931 -1.34781e-06 3.1785e-06 4.9575e-06
1.00444 4.05033e-06 1.63557e-07 0.299935 -1.28017e-06 2.99426e-06 4.9575e-06
1.02418 4.01529e-06 1.50693e-07 0.299938 -1.23729e-06 2.87747e-06 4.9575e-06
1.04568 3.9653e-06 1.3234e-07 0.299941 -1.17611e-06 2.71085e-06 4.9575e-06
1.06391 3.93362e-06 1.20706e-07 0.299944 -1.13733e-06 2.60523e-06 4.9575e-06
1.08392 3.88841e-06 1.04108e-07 0.299947 -1.08201e-06 2.45454e-06 4.9575e-06
1.10658 3.85975e-06 9.35861e-08 0.299949 -1.04694e-06 2.35901e-06 4.9575e-06
1.12435 3.83222e-06 8.34788e-08 0.299951 -1.01324e-06 2.26725e-06 4.9575e-06
1.14509 3.79295e-06 6.90596e-08 0.299954 -9.65182e-07 2.13634e-06 4.9575e-06
1.16472 3.75598e-06 5.54842e-08 0.299957 -9.19931e-07 2.0131e-06 4.9575e-06
1.18514 3.73831e-06 4.89974e-08 0.299958 -8.98309e-07 1.9542e-06 4.9575e-06
1.20637 3.70453e-06 3.6596e-08 0.299961 -8.56972e-07 1.84161e-06 4.9575e-06
1.22551 3.67273e-06 2.49204e-08 0.299963 -8.18054e-07 1.73561e-06 4.9575e-06
1.24622 3.65754e-06 1.93414e-08 0.299964 -7.99458e-07 1.68496e-06 4.9575e-06
1.26716 3.62849e-06 8.67551e-09 0.299967 -7.63906e-07 1.58813e-06 4.9575e-06
1.2859 3.60114e-06 -1.36619e-09 0.299969 -7.30434e-07 1.49696e-06 4.9575e-06
1.30675 3.5838e-06 -7.73202e-09 0.29997 -7.09215e-07 1.43917e-06 4.9575e-06
1.32619 3.56714e-06 -1.3847e-08 0.299971 -6.88832e-07 1.38365e-06 4.9575e-06
1.34756 3.55114e-06 -1.97211e-08 0.299972 -6.69252e-07 1.33033e-06 4.9575e-06
1.36734 3.52101e-06 -3.07839e-08 0.299975 -6.32377e-07 1.22989e-06 4.9575e-06
1.38647 3.50683e-06 -3.59905e-08 0.299976 -6.15022e-07 1.18262e-06 4.9575e-06
1.40851 3.49321e-06 -4.0992e-08 0.299977 -5.9835e-07 1.13721e-06 4.9575e-06
1.4271 3.47693e-06 -4.69676e-08 0.299978 -5.78432e-07 1.08296e-06 4.9575e-06
1.44826 3.46146e-06 -5.26504e-08 0.299979 -5.5949e-07 1.03137e-06 4.9575e-06
1.46805 3.44674e-06 -5.80546e-08 0.29998 -5.41476e-07 9.82303e-07 4.9575e-06
1.48803 3.43274e-06 -6.3194e-08 0.299981 -5.24345e-07 9.35644e-07 4.9575e-06
1.50806 3.41684e-06 -6.90299e-08 0.299982 -5.04893e-07 8.82661e-07 4.9575e-06
1.52812 3.40188e-06 -7.45242e-08 0.299983 -4.86578e-07 8.32779e-07 4.9575e-06
1.5505 3.40188e-06 -7.45242e-08 0.299983 -4.86578e-07 8.32779e-07 4.9575e-06
1.56899 3.38779e-06 -7.96971e-08 0.299985 -4.69336e-07 7.85816e-07 4.9575e-06
1.58845 3.37239e-06 -8.53507e-08 0.299986 -4.50491e-07 7.34487e-07 4.9575e-06
1.60998 3.35804e-06 -9.06202e-08 0.299987 -4.32926e-07 6.86646e-07 4.9575e-06
1.62902 3.35804e-06 -9.06202e-08 0.299987 -4.32926e-07 6.86646e-07 4.9575e-06
1.64991 3.34466e-06 -9.55318e-08 0.299988 -4.16555e-07 6.42055e-07 4.9575e-06
1.66993 3.33048e-06 -1.00738e-07 0.299989 -3.99202e-07 5.94791e-07 4.9575e-06
1.68916 3.33048e-06 -1.00738e-07 0.299989 -3.99202e-07 5.94791e-07 4.9575e-06
1.70996 3.31584e-06 -1.06115e-07 0.29999 -3.81277e-07 5.45969e-07 4.9575e-06
1.73037 3.31584e-06 -1.06115e-07 0.29999 -3.81277e-07 5.45969e-07 4.9575e-06
1.75117 3.30246e-06 -1.11028e-07 0.299991 -3.64902e-07 5.01369e-07 4.9575e-06
1.76995 3.30246e-06 -1.11028e-07 0.299991 -3.64902e-07 5.01369e-07 4.9575e-06
1.79048 3.28894e-06 -1.15989e-07 0.299992 -3.48364e-07 4.56323e-07 4.9575e-06
1.81295 3.28894e-06 -1.15989e-07 0.299992 -3.48364e-07 4.56323e-07 4.9575e-06
1.83078 3.27556e-06 -1.20901e-07 0.299993 -3.31992e-07 4.11731e-07 4.9575e-06
1.85162 3.27556e-06 -1.20901e-07 0.299993 -3.31992e-07 4.11731e-07 4.9575e-06
1.87182 3.27556e-06 -1.20901e-07 0.299993 -3.31992e-07 4.11731e-07 4.9575e-06
1.89161 3.26155e-06 -1.26047e-07 0.299994 -3.14838e-07 3.65009e-07 4.9575e-06
1.91194 3.26155e-06 -1.26047e-07 0.299994 -3.14838e-07 3.65009e-07 4.9575e-06
1.93177 3.26155e-06 -1.26047e-07 0.299994 -3.14838e-07 3.65009e-07 4.9575e-06
1.95316 3.24749e-06 -1.31207e-07 0.299995 -2.97639e-07 3.18164e-07 4.9575e-06
1.97254 3.24749e-06 -1.31207e-07 0.299995 -2.97639e-07 3.18164e-07 4.9575e-06
1.99232 3.24749e-06 -1.31207e-07 0.299995 -2.97639e-07 3.18164e-07 4.9575e-06
2.017 3.23393e-06 -1.36188e-07 0.299996 -2.81038e-07 2.72947e-07 4.9575e-06
2.03483 3.23393e-06 -1.36188e-07 0.299996 -2.81038e-07 2.72947e-07 4.9575e-06
2.05436 3.23393e-06 -1.36188e-07 0.299996 -2.81038e-07 2.72947e-07 4.9575e-06
2.07544 3.23393e-06 -1.36188e-07 0.299996 -2.81038e-07 2.72947e-07 4.9575e-06
2.09466 3.22008e-06 -1.41274e-07 0.299997 -2.64085e-07 2.26771e-07 4.9575e-06
2.1154 3.22008e-06 -1.41274e-07 0.299997 -2.64085e-07 2.26771e-07 4.9575e-06
2.13476 3.22008e-06 -1.41274e-07 0.299997 -2.64085e-07 2.26771e-07 4.9575e-06
2.15702 3.22008e-06 -1.41274e-07 0.299997 -2.64085e-07 2.26771e-07 4.9575e-06
2.17507 3.22008e-06 -1.41274e-07 0.299997 -2.64085e-07 2.26771e-07 4.9575e-06
2.19537 3.22008e-06 -1.41274e-07 0.299997 -2.64085e-07 2.26771e-07 4.9575e-06
2.21827 3.20652e-06 -1.46251e-07 0.299998 -2.47494e-07 1.81583e-07 4.9575e-06
2.23577 3.20652e-06 -1.46251e-07 0.299998 -2.47494e-07 1.81583e-07 4.9575e-06
2.25747 3.20652e-06 -1.46251e-07 0.299998 -2.47494e-07 1.81583e-07 4.9575e-06
2.27695 3.20652e-06 -1.46251e-07 0.299998 -2.47494e-07 1.81583e-07 4.9575e-06
2.29628 3.20652e-06 -1.46251e-07 0.299998 -2.47494e-07 1.81583e-07 4.9575e-06
2.31801 3.20652e-06 -1.46251e-07 0.299998 -2.47494e-07 1.81583e-07 4.9575e-06
2.33804 3.20652e-06 -1.46251e-07 0.299998 -2.47494e-07 1.81583e-07 4.9575e-06
2.35826 3.19306e-06 -1.51194e-07 0.299999 -2.31019e-07 1.36708e-07 4.9575e-06
2.37721 3.19306e-06 -1.51194e-07 0.299999 -2.31019e-07 1.36708e-07 4.9575e-06
2.39761 3.19306e-06 -1.51194e-07 0.299999 -2.31019e-07 1.36708e-07 4.9575e-06
2.42016 3.19306e-06 -1.51194e-07 0.299999 -2.31019e-07 1.36708e-07 4.9575e-06
2.43831 3.19306e-06 -1.51194e-07 0.299999 -2.31019e-07 1.36708e-07 4.9575e-06
2.45903 3.19306e-06 -1.51194e-07 0.299999 -2.31019e-07 1.36708e-07 4.9575e-06
2.47886 3.19306e-06 -1.51194e-07 0.299999 -2.31019e-07 1.36708e-07 4.9575e-06
2.49891 3.19306e-06 -1.51194e-07 0.299999 -2.31019e-07 1.36708e-07 4.9575e-06
2.52031 3.19306e-06 -1.51194e-07 0.299999 -2.31019e-07 1.36708e-07 4.9575e-06
2.53943 3.19306e-06 -1.51194e-07 0.299999 -2.31019e-07 1.36708e-07 4.9575e-06
2.56066 3.17968e-06 -1.56104e-07 0.3 -2.14651e-07 9.21252e-08 4.9575e-06
2.57969 3.17968e-06 -1.56104e-07 0.3 -2.14651e-07 9.21252e-08 4.9575e-06
2.60019 3.17968e-06 -1.56104e-07 0.3 -2.14651e-07 9.21252e-08 4.9575e-06
2.62067 3.17968e-06 -1.56104e-07 0.3 -2.14651e-07 9.21252e-08 4.9575e-06
2.64116 3.17968e-06 -1.56104e-07 0.3 -2.14651e-07 9.21252e-08 4.9575e-06
2.66143 3.17968e-06 -1.56104e-07 0.3 -2.14651e-07 9.21252e-08 4.9575e-06
2.6809 3.17968e-06 -1.56104e-07 0.3 -2.14651e-07 9.21252e-08 4.9575e-06
2.70074 3.17968e-06 -1.56104e-07 0.3 -2.14651e-07 9.21252e-08 4.9575e-06
2.72254 3.17968e-06 -1.56104e-07 0.3 -2.14651e-07 9.21252e-08 4.9575e-06
2.74185 3.17968e-06 -1.56104e-07 0.3 -2.14651e-07 9.21252e-08 4.9575e-06
2.76247 3.17968e-06 -1.56104e-07 0.3 -2.14651e-07 9.21252e-08 4.9575e-06
2.78232 3.17968e-06 -1.56104e-07 0.3 -2.14651e-07 9.21252e-08 4.9575e-06
2.8038 3.17968e-06 -1.56104e-07 0.3 -2.14651e-07 9.21252e-08 4.9575e-06
2.82524 3.17968e-06 -1.56104e-07 0.3 -2.14651e-07 9.21252e-08 4.9575e-06
2.84412 3.17968e-06 -1.56104e-07 0.3 -2.14651e-07 9.21252e-08 4.9575e-06
2.86848 3.17968e-06 -1.56104e-07 0.3 -2.14651e-07 9.21252e-08 4.9575e-06
2.88486 3.17968e-06 -1.56104e-07 0.3 -2.14651e-07 9.21252e-08 4.9575e-06
2.90474 3.17968e-06 -1.56104e-07 0.3 -2.14651e-07 9.21252e-08 4.9575e-06
2.92589 3.17968e-06 -1.56104e-07 0.3 -2.14651e-07 9.21252e-08 4.9575e-06
2.94594 3.17968e-06 -1.56104e-07 0.3 -2.14651e-07 9.21252e-08 4.9575e-06
2.96805 3.17968e-06 -1.56104e-07 0.3 -2.14651e-07 9.21252e-08 4.9575e-06
2.98583 3.17968e-06 -1.56104e-07 0.3 -2.14651e-07 9.21252e-08 4.9575e-06
3.00611 3.17968e-06 -1.56104e-07 0.3 -2.14651e-07 9.21252e-08 4.9575e-06
3.0296 3.17968e-06 -1.56104e-07 0.3 -2.14651e-07 9.21252e-08 4.9575e-06
3.04634 3.17968e-06 -1.56104e-07 0.3 -2.14651e-07 9.21252e-08 4.9575e-06
3.06724 3.17968e-06 -1.56104e-07 0.3 -2.14651e-07 9.21252e-08 4.9575e-06
3.08719 3.1663e-06 -1.61017e-07 0.300001 -1.98276e-07 4.75248e-08 4.9575e-06
3.10679 3.1663e-06 -1.61017e-07 0.300001 -1.98276e-07 4.75248e-08 4.9575e-06
3.128 3.1663e-06 -1.61017e-07 0.300001 -1.98276e-07 4.75248e-08 4.9575e-06
3.14717 3.1663e-06 -1.61017e-07 0.300001 -1.98276e-07 4.75248e-08 4.9575e-06
3.17008 3.1663e-06 -1.61017e-07 0.300001 -1.98276e-07 4.75248e-08 4.9575e-06
3.18786 3.1663e-06 -1.61017e-07 0.300001 -1.98276e-07 4.75248e-08 4.9575e-06
3.20811 3.1663e-06 -1.61017e-07 0.300001 -1.98276e-07 4.75248e-08 4.9575e-06
3.22837 3.1663e-06 -1.61017e-07 0.300001 -1.98276e-07 4.75248e-08 4.9575e-06
3.24889 3.1663e-06 -1.61017e-07 0.300001 -1.98276e-07 4.75248e-08 4.9575e-06
3.27129 3.1663e-06 -1.61017e-07 0.300001 -1.98276e-07 4.75248e-08 4.9575e-06
3.28903 3.1663e-06 -1.61017e-07 0.300001 -1.98276e-07 4.75248e-08 4.9575e-06
3.30913 3.1663e-06 -1.61017e-07 0.300001 -1.98276e-07 4.75248e-08 4.9575e-06
3.33167 3.1663e-06 -1.61017e-07 0.300001 -1.98276e-07 4.75248e-08 4.9575e-06
3.3509 3.1663e-06 -1.61017e-07 0.300001 -1.98276e-07 4.75248e-08 4.9575e-06
3.3718 3.1663e-06 -1.61017e-07 0.300001 -1.98276e-07 4.75248e-08 4.9575e-06
3.39033 3.1663e-06 -1.61017e-07 0.300001 -1.98276e-07 4.75248e-08 4.9575e-06
3.41053 3.1663e-06 -1.61017e-07 0.300001 -1.98276e-07 4.75248e-08 4.9575e-06
3.43275 3.1663e-06 -1.61017e-07 0.300001 -1.98276e-07 4.75248e-08 4.9575e-06
3.4509 3.1663e-06 -1.61017e-07 0.300001 -1.98276e-07 4.75248e-08 4.9575e-06
3.47314 3.1663e-06 -1.61017e-07 0.300001 -1.98276e-07 4.75248e-08 4.9575e-06
3.49142 3.1663e-06 -1.61017e-07 0.300001 -1.98276e-07 4.75248e-08 4.9575e-06
3.51158 3.1663e-06 -1.61017e-07 0.300001 -1.98276e-07 4.75248e-08 4.9575e-06
3.53288 3.1663e-06 -1.61017e-07 0.300001 -1.98276e-07 4.75248e-08 4.9575e-06
3.55275 3.1663e-06 -1.61017e-07 0.300001 -1.98276e-07 4.75248e-08 4.9575e-06
3.57346 3.1663e-06 -1.61017e-07 0.300001 -1.98276e-07 4.75248e-08 4.9575e-06
3.59263 3.1663e-06 -1.61017e-07 0.300001 -1.98276e-07 4.75248e-08 4.9575e-06
3.61263 3.1663e-06 -1.61017e-07 0.300001 -1.98276e-07 4.75248e-08 4.9575e-06
3.63432 3.1663e-06 -1.61017e-07 0.300001 -1.98276e-07 4.75248e-08 4.9575e-06
3.65268 3.1663e-06 -1.61017e-07 0.300001 -1.98276e-07 4.75248e-08 4.9575e-06
3.67453 3.1663e-06 -1.61017e-07 0.300001 -1.98276e-07 4.75248e-08 4.9575e-06
3.69316 3.1663e-06 -1.61017e-07 0.300001 -1.98276e-07 4.75248e-08 4.9575e-06
3.71381 3.1663e-06 -1.61017e-07 0.300001 -1.98276e-07 4.75248e-08 4.9575e-06
3.73544 3.1663e-06 -1.61017e-07 0.300001 -1.98276e-07 4.75248e-08 4.9575e-06
3.75388 3.1663e-06 -1.61017e-07 0.300001 -1.98276e-07 4.75248e-08 4.9575e-06
3.7753 3.1663e-06 -1.61017e-07 0.300001 -1.98276e-07 4.75248e-08 4.9575e-06
3.79412 3.1663e-06 -1.61017e-07 0.300001 -1.98276e-07 4.75248e-08 4.9575e-06
3.81445 3.1663e-06 -1.61017e-07 0.300001 -1.98276e-07 4.75248e-08 4.9575e-06
3.83457 3.1663e-06 -1.61017e-07 0.300001 -1.98276e-07 4.75248e-08 4.9575e-06
3.85463 3.1663e-06 -1.61017e-07 0.300001 -1.98276e-07 4.75248e-08 4.9575e-06
3.87743 3.1663e-06 -1.61017e-07 0.300001 -1.98276e-07 4.75248e-08 4.9575e-06
3.89601 3.1663e-06 -1.61017e-07 0.300001 -1.98276e-07 4.75248e-08 4.9575e-06
3.91645 3.1663e-06 -1.61017e-07 0.300001 -1.98276e-07 4.75248e-08 4.9575e-06
3.93665 3.1663e-06 -1.61017e-07 0.300001 -1.98276e-07 4.75248e-08 4.9575e-06
3.95648 3.1663e-06 -1.61017e-07 0.300001 -1.98276e-07 4.75248e-08 4.9575e-06
3.97776 3.1663e-06 -1.61017e-07 0.300001 -1.98276e-07 4.75248e-08 4.9575e-06
3.99655 3.1663e-06 -1.61017e-07 0.300001 -1.98276e-07 4.75248e-08 4.9575e-06
4.01861 3.1663e-06 -1.61017e-07 0.300001 -1.98276e-07 4.75248e-08 4.9575e-06
4.03801 3.1663e-06 -1.61017e-07 0.300001 -1.98276e-07 4.75248e-08 4.9575e-06
4.05686 3.1663e-06 -1.61017e-07 0.300001 -1.98276e-07 4.75248e-08 4.9575e-06
4.08024 3.1663e-06 -1.61017e-07 0.300001 -1.98276e-07 4.75248e-08 4.9575e-06
4.09787 3.1663e-06 -1.61017e-07 0.300001 -1.98276e-07 4.75248e-08 4.9575e-06
4.11767 3.1663e-06 -1.61017e-07 0.300001 -1.98276e-07 4.75248e-08 4.9575e-06
4.13803 3.1663e-06 -1.61017e-07 0.300001 -1.98276e-07 4.75248e-08 4.9575e-06
4.15881 3.1663e-06 -1.61017e-07 0.300001 -1.98276e-07 4.75248e-08 4.9575e-06
4.18004 3.1663e-06 -1.61017e-07 0.300001 -1.98276e-07 4.75248e-08 4.9575e-06
4.19856 3.1663e-06 -1.61017e-07 0.300001 -1.98276e-07 4.75248e-08 4.9575e-06
4.21869 3.1663e-06 -1.61017e-07 0.300001 -1.98276e-07 4.75248e-08 4.9575e-06
4.24017 3.1663e-06 -1.61017e-07 0.300001 -1.98276e-07 4.75248e-08 4.9575e-06
4.25902 3.1663e-06 -1.61017e-07 0.300001 -1.98276e-07 4.75248e-08 4.9575e-06
4.28056 3.1663e-06 -1.61017e-07 0.300001 -1.98276e-07 4.75248e-08 4.9575e-06
4.2993 3.1663e-06 -1.61017e-07 0.300001 -1.98276e-07 4.75248e-08 4.9575e-06
4.31954 3.1663e-06 -1.61017e-07 0.300001 -1.98276e-07 4.75248e-08 4.9575e-06
4.34009 3.1663e-06 -1.61017e-07 0.300001 -1.98276e-07 4.75248e-08 4.9575e-06
4.36106 3.1663e-06 -1.61017e-07 0.300001 -1.98276e-07 4.75248e-08 4.9575e-06
4.38231 3.1663e-06 -1.61017e-07 0.300001 -1.98276e-07 4.75248e-08 4.9575e-06
4.40283 3.1663e-06 -1.61017e-07 0.300001 -1.98276e-07 4.75248e-08 4.9575e-06
4.42102 3.1663e-06 -1.61017e-07 0.300001 -1.98276e-07 4.75248e-08 4.9575e-06
4.44155 3.1663e-06 -1.61017e-07 0.300001 -1.98276e-07 4.75248e-08 4.9575e-06
4.46108 3.1663e-06 -1.61017e-07 0.300001 -1.98276e-07 4.75248e-08 4.9575e-06
4.4829 3.1663e-06 -1.61017e-07 0.300001 -1.98276e-07 4.75248e-08 4.9575e-06
4.50156 3.1663e-06 -1.61017e-07 0.300001 -1.98276e-07 4.75248e-08 4.9575e-06
4.52159 3.1663e-06 -1.61017e-07 0.300001 -1.98276e-07 4.75248e-08 4.9575e-06
4.5442 3.1663e-06 -1.61017e-07 0.300001 -1.98276e-07 4.75248e-08 4.9575e-06
4.56251 3.1663e-06 -1.61017e-07 0.300001 -1.98276e-07 4.75248e-08 4.9575e-06
4.58498 3.1663e-06 -1.61017e-07 0.300001 -1.98276e-07 4.75248e-08 4.9575e-06
4.60258 3.1663e-06 -1.61017e-07 0.300001 -1.98276e-07 4.75248e-08 4.9575e-06
4.62261 3.1663e-06 -1.61017e-07 0.300001 -1.98276e-07 4.75248e-08 4.9575e-06
4.64393 3.1663e-06 -1.61017e-07 0.300001 -1.98276e-07 4.75248e-08 4.9575e-06
4.66278 3.1663e-06 -1.61017e-07 0.300001 -1.98276e-07 4.75248e-08 4.9575e-06
4.6839 3.1663e-06 -1.61017e-07 0.300001 -1.98276e-07 4.75248e-08 4.9575e-06
4.70346 3.1663e-06 -1.61017e-07 0.300001 -1.98276e-07 4.75248e-08 4.9575e-06
4.72368 3.1663e-06 -1.61017e-07 0.300001 -1.98276e-07 4.75248e-08 4.9575e-06
4.74781 3.1663e-06 -1.61017e-07 0.300001 -1.98276e-07 4.75248e-08 4.9575e-06
4.76958 3.1663e-06 -1.61017e-07 0.300001 -1.98276e-07 4.75248e-08 4.9575e-06
4.78746 3.1663e-06 -1.61017e-07 0.300001 -1.98276e-07 4.75248e-08 4.9575e-06
4.80454 3.1663e-06 -1.61017e-07 0.300001 -1.98276e-07 4.75248e-08 4.9575e-06
4.82462 3.1663e-06 -1.61017e-07 0.300001 -1.98276e-07 4.75248e-08 4.9575e-06
4.84602 3.1663e-06 -1.61017e-07 0.300001 -1.98276e-07 4.75248e-08 4.9575e-06
4.8665 3.1663e-06 -1.61017e-07 0.300001 -1.98276e-07 4.75248e-08 4.9575e-06
4.88673 3.1663e-06 -1.61017e-07 0.300001 -1.98276e-07 4.75248e-08 4.9575e-06
4.90564 3.1663e-06 -1.61017e-07 0.300001 -1.98276e-07 4.75248e-08 4.9575e-06
4.92607 3.1663e-06 -1.61017e-07 0.300001 -1.98276e-07 4.75248e-08 4.9575e-06
4.95185 3.1663e-06 -1.61017e-07 0.300001 -1.98276e-07 4.75248e-08 4.9575e-06
4.96684 3.1663e-06 -1.61017e-07 0.300001 -1.98276e-07 4.75248e-08 4.9575e-06
4.98731 3.1663e-06 -1.61017e-07 0.300001 -1.98276e-07 4.75248e-08 4.9575e-06
5.00695 3.1663e-06 -1.61017e-07 0.300001 -1.98276e-07 4.75248e-08 4.9575e-06
5.02682 3.1663e-06 -1.61017e-07 0.300001 -1.98276e-07 4.75248e-08 4.9575e-06
5.04708 3.1663e-06 -1.61017e-07 0.300001 -1.98276e-07 4.75248e-08 4.9575e-06
5.06766 3.1663e-06 -1.61017e-07 0.300001 -1.98276e-07 4.75248e-08 4.9575e-06
5.08976 3.1663e-06 -1.61017e-07 0.300001 -1.98276e-07 4.75248e-08 4.9575e-06
5.1074 3.1663e-06 -1.61017e-07 0.300001 -1.98276e-07 4.75248e-08 4.9575e-06
5.12793 3.1663e-06 -1.61017e-07 0.300001 -1.98276e-07 4.75248e-08 4.9575e-06
5.15242 3.1663e-06 -1.61017e-07 0.300001 -1.98276e-07 4.75248e-08 4.9575e-06
5.17036 3.1663e-06 -1.61017e-07 0.300001 -1.98276e-07 4.75248e-08 4.9575e-06
5.19015 3.1663e-06 -1.61017e-07 0.300001 -1.98276e-07 4.75248e-08 4.9575e-06
5.21002 3.1663e-06 -1.61017e-07 0.300001 -1.98276e-07 4.75248e-08 4.9575e-06
5.23009 3.1663e-06 -1.61017e-07 0.300001 -1.98276e-07 4.75248e-08 4.9575e-06
5.2535 3.1663e-06 -1.61017e-07 0.300001 -1.98276e-07 4.75248e-08 4.9575e-06
5.27199 3.1663e-06 -1.61017e-07 0.300001 -1.98276e-07 4.75248e-08 4.9575e-06
5.29266 3.1663e-06 -1.61017e-07 0.300001 -1.98276e-07 4.75248e-08 4.9575e-06
5.31261 3.1663e-06 -1.61017e-07 0.300001 -1.98276e-07 4.75248e-08 4.9575e-06
5.3328 3.1663e-06 -1.61017e-07 0.300001 -1.98276e-07 4.75248e-08 4.9575e-06
5.35349 3.1663e-06 -1.61017e-07 0.300001 -1.98276e-07 4.75248e-08 4.9575e-06
5.37319 3.1663e-06 -1.61017e-07 0.300001 -1.98276e-07 4.75248e-08 4.9575e-06
5.39536 3.1663e-06 -1.61017e-07 0.300001 -1.98276e-07 4.75248e-08 4.9575e-06
5.41338 3.1663e-06 -1.61017e-07 0.300001 -1.98276e-07 4.75248e-08 4.9575e-06
5.43362 3.1663e-06 -1.61017e-07 0.300001 -1.98276e-07 4.75248e-08 4.9575e-06
5.45386 3.1663e-06 -1.61017e-07 0.300001 -1.98276e-07 4.75248e-08 4.9575e-06
5.47466 3.1663e-06 -1.61017e-07 0.300001 -1.98276e-07 4.75248e-08 4.9575e-06
5.49381 3.1663e-06 -1.61017e-07 0.300001 -1.98276e-07 4.75248e-08 4.9575e-06
5.51397 3.1663e-06 -1.61017e-07 0.300001 -1.98276e-07 4.75248e-08 4.9575e-06
5.53455 3.1663e-06 -1.61017e-07 0.300001 -1.98276e-07 4.75248e-08 4.9575e-06
5.55428 3.1663e-06 -1.61017e-07 0.300001 -1.98276e-07 4.75248e-08 4.9575e-06
5.57422 3.1663e-06 -1.61017e-07 0.300001 -1.98276e-07 4.75248e-08 4.9575e-06
5.59599 3.1663e-06 -1.61017e-07 0.300001 -1.98276e-07 4.75248e-08 4.9575e-06
5.61511 3.1663e-06 -1.61017e-07 0.300001 -1.98276e-07 4.75248e-08 4.9575e-06
5.63498 3.1663e-06 -1.61017e-07 0.300001 -1.98276e-07 4.75248e-08 4.9575e-06
5.65481 3.1663e-06 -1.61017e-07 0.300001 -1.98276e-07 4.75248e-08 4.9575e-06
5.67501 3.1663e-06 -1.61017e-07 0.300001 -1.98276e-07 4.75248e-08 4.9575e-06
5.69638 3.1663e-06 -1.61017e-07 0.300001 -1.98276e-07 4.75248e-08 4.9575e-06
5.71549 3.1663e-06 -1.61017e-07 0.300001 -1.98276e-07 4.75248e-08 4.9575e-06
5.73517 3.1663e-06 -1.61017e-07 0.300001 -1.98276e-07 4.75248e-08 4.9575e-06
5.75724 3.1663e-06 -1.61017e-07 0.300001 -1.98276e-07 4.75248e-08 4.9575e-06
5.77614 3.1663e-06 -1.61017e-07 0.300001 -1.98276e-07 4.75248e-08 4.9575e-06
5.79637 3.1663e-06 -1.61017e-07 0.300001 -1.98276e-07 4.75248e-08 4.9575e-06
5.81646 3.1663e-06 -1.61017e-07 0.300001 -1.98276e-07 4.75248e-08 4.9575e-06
5.83581 3.1663e-06 -1.61017e-07 0.300001 -1.98276e-07 4.75248e-08 4.9575e-06
5.85734 3.1663e-06 -1.61017e-07 0.300001 -1.98276e-07 4.75248e-08 4.9575e-06
5.87713 3.1663e-06 -1.61017e-07 0.300001 -1.98276e-07 4.75248e-08 4.9575e-06
5.89701 3.1663e-06 -1.61017e-07 0.300001 -1.98276e-07 4.75248e-08 4.9575e-06
5.91716 3.1663e-06 -1.61017e-07 0.300001 -1.98276e-07 4.75248e-08 4.9575e-06
5.93782 3.1663e-06 -1.61017e-07 0.300001 -1.98276e-07 4.75248e-08 4.9575e-06
5.9575 3.1663e-06 -1.61017e-07 0.300001 -1.98276e-07 4.75248e-08 4.9575e-06
5.97712 3.1663e-06 -1.61017e-07 0.300001 -1.98276e-07 4.75248e-08 4.9575e-06
5.99811 3.1663e-06 -1.61017e-07 0.300001 -1.98276e-07 4.75248e-08 4.9575e-06
6.01887 3.1663e-06 -1.61017e-07 0.300001 -1.98276e-07 4.75248e-08 4.9575e-06
6.03782 3.1663e-06 -1.61017e-07 0.300001 -1.98276e-07 4.75248e-08 4.9575e-06
6.05836 3.1663e-06 -1.61017e-07 0.300001 -1.98276e-07 4.75248e-08 4.9575e-06
6.07845 3.1663e-06 -1.61017e-07 0.300001 -1.98276e-07 4.75248e-08 4.9575e-06
6.09934 3.1663e-06 -1.61017e-07 0.300001 -1.98276e-07 4.75248e-08 4.9575e-06
6.11849 -1.72315e-05 1.65462e-07 0.299914 -5.13341e-07 -0.000435382 5.05311e-06
6.13913 -1.08212e-05 1.58298e-07 0.299919 -4.89182e-07 -0.000414013 5.05379e-06
6.16054 -4.7317e-06 1.53277e-07 0.299923 -4.72327e-07 -0.000393716 5.05392e-06
6.17924 1.05755e-06 1.48926e-07 0.299927 -4.57725e-07 -0.000374418 5.05391e-06
6.19952 6.56309e-06 1.44812e-07 0.29993 -4.43918e-07 -0.000356067 5.0539e-06
6.21935 1.17988e-05 1.40918e-07 0.299934 -4.3085e-07 -0.000338614 5.05389e-06
6.23992 1.67779e-05 1.37222e-07 0.299937 -4.18448e-07 -0.000322017 5.05389e-06
6.26117 2.1513e-05 1.33697e-07 0.29994 -4.06617e-07 -0.000306234 5.05388e-06
6.28004 2.60161e-05 1.30317e-07 0.299943 -3.95274e-07 -0.000291224 5.05387e-06
6.30282 3.02984e-05 1.27069e-07 0.299946 -3.84375e-07 -0.00027695 5.05386e-06
6.32062 3.43708e-05 1.23952e-07 0.299949 -3.73917e-07 -0.000263375 5.05386e-06
6.34087 3.82437e-05 1.20972e-07 0.299951 -3.63919e-07 -0.000250465 5.05385e-06
6.36227 4.19267e-05 1.18137e-07 0.299954 -3.54409e-07 -0.000238189 5.05385e-06
6.38075 4.54293e-05 1.15455e-07 0.299956 -3.45409e-07 -0.000226514 5.05385e-06
6.40265 4.87602e-05 1.12925e-07 0.299958 -3.36918e-07 -0.000215411 5.05384e-06
6.42138 5.19278e-05 1.10533e-07 0.299961 -3.28893e-07 -0.000204852 5.05384e-06
6.44152 5.49403e-05 1.08255e-07 0.299963 -3.21247e-07 -0.000194811 5.05383e-06
6.46257 5.72435e-05 1.06494e-07 0.299964 -3.15338e-07 -0.000187133 5.05383e-06
6.48318 6.05294e-05 1.03934e-07 0.299966 -3.06751e-07 -0.00017618 5.05383e-06
6.50244 6.26124e-05 1.02284e-07 0.299968 -3.01216e-07 -0.000169237 5.05383e-06
6.52232 6.55841e-05 9.99078e-08 0.29997 -2.93245e-07 -0.000159331 5.05382e-06
6.54286 6.74679e-05 9.84012e-08 0.299971 -2.88191e-07 -0.000153052 5.05382e-06
6.56441 7.01554e-05 9.6272e-08 0.299973 -2.81049e-07 -0.000144094 5.05382e-06
6.58314 7.18592e-05 9.49378e-08 0.299974 -2.76573e-07 -0.000138415 5.05382e-06
6.60585 7.42897e-05 9.3036e-08 0.299975 -2.70192e-07 -0.000130313 5.05381e-06
6.62317 7.58306e-05 9.18099e-08 0.299977 -2.66079e-07 -0.000125177 5.05381e-06
6.64344 7.80287e-05 9.00076e-08 0.299978 -2.60035e-07 -0.000117849 5.05381e-06
6.66496 7.94222e-05 8.88345e-08 0.299979 -2.56101e-07 -0.000113205 5.05381e-06
6.68365 8.14102e-05 8.71405e-08 0.29998 -2.50421e-07 -0.000106578 5.05381e-06
6.7059 8.26704e-05 8.60703e-08 0.299981 -2.46832e-07 -0.000102377 5.05381e-06
6.72401 8.41761e-05 8.48101e-08 0.299982 -2.42606e-07 -9.73582e-05 5.05381e-06
6.74396 8.58859e-05 8.33911e-08 0.299983 -2.37848e-07 -9.1659e-05 5.05381e-06
6.76535 8.67029e-05 8.27018e-08 0.299984 -2.35536e-07 -8.89357e-05 5.0538e-06
6.78538 8.82648e-05 8.13328e-08 0.299985 -2.30946e-07 -8.37293e-05 5.0538e-06
6.80729 8.97353e-05 7.99809e-08 0.299986 -2.26415e-07 -7.88277e-05 5.0538e-06
6.82487 9.0438e-05 7.93239e-08 0.299986 -2.24213e-07 -7.64855e-05 5.0538e-06
6.84511 9.17813e-05 7.80745e-08 0.299987 -2.20026e-07 -7.20078e-05 5.0538e-06
6.86621 9.30461e-05 7.6922e-08 0.299988 -2.16163e-07 -6.7792e-05 5.0538e-06
6.88576 9.36504e-05 7.63685e-08 0.299988 -2.14308e-07 -6.57776e-05 5.0538e-06
6.90643 9.44284e-05 7.56341e-08 0.299989 -2.11847e-07 -6.31844e-05 5.0538e-06
6.92606 9.58935e-05 7.415e-08 0.29999 -2.06875e-07 -5.83006e-05 5.0538e-06
6.94647 9.6583e-05 7.34207e-08 0.29999 -2.04433e-07 -5.60021e-05 5.0538e-06
6.96772 9.72454e-05 7.27217e-08 0.299991 -2.02091e-07 -5.37942e-05 5.0538e-06
6.98645 9.78817e-05 7.20607e-08 0.299991 -1.99877e-07 -5.16732e-05 5.0538e-06
7.00795 9.8493e-05 7.14296e-08 0.299992 -1.97764e-07 -4.96358e-05 5.0538e-06
7.02743 9.92232e-05 7.06449e-08 0.299992 -1.95135e-07 -4.72015e-05 5.0538e-06
7.04816 9.99177e-05 6.98394e-08 0.299993 -1.92439e-07 -4.48866e-05 5.05379e-06
7.06877 0.000100578 6.90327e-08 0.299993 -1.89739e-07 -4.26852e-05 5.05379e-06
7.08869 0.000101206 6.82578e-08 0.299993 -1.87145e-07 -4.05916e-05 5.05379e-06
7.10865 0.000101919 6.73911e-08 0.299994 -1.84244e-07 -3.82143e-05 5.05379e-06
7.12823 0.000102591 6.65361e-08 0.299994 -1.81383e-07 -3.5976e-05 5.0538e-06
7.14825 0.000103223 6.56459e-08 0.299995 -1.78405e-07 -3.38688e-05 5.05379e-06
7.1702 0.000103223 6.56459e-08 0.299995 -1.78405e-07 -3.38688e-05 5.05379e-06
7.18889 0.000103914 6.46222e-08 0.299995 -1.74981e-07 -3.15657e-05 5.05379e-06
7.21186 0.000104558 6.36741e-08 0.299996 -1.7181e-07 -2.9419e-05 5.05379e-06
7.22908 0.000105158 6.27117e-08 0.299996 -1.68592e-07 -2.74182e-05 5.05379e-06
7.24969 0.000105158 6.27117e-08 0.299996 -1.68592e-07 -2.74182e-05 5.05379e-06
7.27256 0.000105795 6.15747e-08 0.299997 -1.64791e-07 -2.52974e-05 5.05379e-06
7.28988 0.000105795 6.15747e-08 0.299997 -1.64791e-07 -2.52974e-05 5.05379e-06
7.31093 0.000106452 6.03786e-08 0.299997 -1.60793e-07 -2.31067e-05 5.05379e-06
7.33048 0.000106452 6.03786e-08 0.299997 -1.60793e-07 -2.31067e-05 5.05379e-06
7.35054 0.000107052 5.91315e-08 0.299997 -1.56626e-07 -2.11054e-05 5.05379e-06
7.37105 0.000107052 5.91315e-08 0.299997 -1.56626e-07 -2.11054e-05 5.05379e-06
7.39145 0.000107659 5.77632e-08 0.299998 -1.52055e-07 -1.90841e-05 5.05379e-06
7.41243 0.000107659 5.77632e-08 0.299998 -1.52055e-07 -1.90841e-05 5.05379e-06
7.43099 0.000108259 5.62353e-08 0.299998 -1.46952e-07 -1.70831e-05 5.05379e-06
7.45103 0.000108259 5.62353e-08 0.299998 -1.46952e-07 -1.70831e-05 5.05379e-06
7.4741 0.000108888 5.44239e-08 0.299999 -1.40903e-07 -1.49864e-05 5.05379e-06
7.49187 0.000108888 5.44239e-08 0.299999 -1.40903e-07 -1.49864e-05 5.05379e-06
7.51242 0.000108888 5.44239e-08 0.299999 -1.40903e-07 -1.49864e-05 5.05379e-06
7.53262 0.000109518 5.22417e-08 0.299999 -1.33619e-07 -1.28843e-05 5.05379e-06
7.55307 0.000109518 5.22417e-08 0.299999 -1.33619e-07 -1.28843e-05 5.05379e-06
7.57321 0.000109518 5.22417e-08 0.299999 -1.33619e-07 -1.28843e-05 5.05379e-06
7.59255 0.000109518 5.22417e-08 0.299999 -1.33619e-07 -1.28843e-05 5.05379e-06
7.61372 0.000113701 -8.40734e-07 0.3 2.68988e-06 4.63641e-08 5.54276e-06
7.63374 0.000113701 -8.40734e-07 0.3 2.68988e-06 4.63641e-08 5.54276e-06
7.65311 0.000113701 -8.40734e-07 0.3 2.68988e-06 4.63641e-08 5.54276e-06
7.67409 0.000113701 -8.40734e-07 0.3 2.68988e-06 4.63641e-08 5.54276e-06
7.6937 0.000113701 -8.40734e-07 0.3 2.68988e-06 4.63641e-08 5.54276e-06
7.71657 0.000113701 -8.40734e-07 0.3 2.68988e-06 4.63641e-08 5.54276e-06
7.73504 0.000113701 -8.40734e-07 0.3 2.68988e-06 4.63641e-08 5.54276e-06
7.75418 0.000113701 -8.40734e-07 0.3 2.68988e-06 4.63641e-08 5.54276e-06
7.77539 0.000114796 -5.98931e-07 0.300001 1.82752e-06 2.8933e-06 5.91281e-06
7.79485 0.000114796 -5.98931e-07 0.300001 1.82752e-06 2.8933e-06 5.91281e-06
7.81652 0.000114796 -5.98931e-07 0.300001 1.82752e-06 2.8933e-06 5.91281e-06
7.83491 0.000114796 -5.98931e-07 0.300001 1.82752e-06 2.8933e-06 5.91281e-06
7.85552 0.000114796 -5.98931e-07 0.300001 1.82752e-06 2.8933e-06 5.91281e-06
7.87693 0.000114796 -5.98931e-07 0.300001 1.82752e-06 2.8933e-06 5.91281e-06
7.89558 0.000114796 -5.98931e-07 0.300001 1.82752e-06 2.8933e-06 5.91281e-06
7.91758 0.000114796 -5.98931e-07 0.300001 1.82752e-06 2.8933e-06 5.91281e-06
7.93762 0.000114796 -5.98931e-07 0.300001 1.82752e-06 2.8933e-06 5.91281e-06
7.95636 0.00011569 -3.90628e-07 0.300002 1.13319e-06 5.87325e-06 5.91281e-06
7.97709 0.000141736 -5.28701e-07 0.30002 1.07728e-06 9.42675e-05 6.68792e-06
7.9964 0.000185968 -5.91606e-07 0.300139 -1.1851e-05 0.000725001 4.99449e-05
8.01882 0.000246862 -7.15867e-06 0.300433 2.92201e-05 0.00204114 7.97984e-05
8.03704 0.000313358 -1.48667e-05 0.300983 0.000205879 0.00352648 0.000111744
8.05726 0.000391022 -2.35583e-05 0.301876 0.000404523 0.00506557 0.0001407
8.07984 0.000485557 -3.39718e-05 0.30319 0.000601673 0.00647002 0.000167239
8.09842 0.000602836 -4.70204e-05 0.304994 0.000801178 0.00765436 0.00019091
8.1195 0.000749732 -6.34749e-05 0.30735 0.000975581 0.00886536 0.000215805
8.1387 0.000919042 -8.42246e-05 0.31031 0.0011372 0.00969971 0.000240203
8.15933 0.00111786 -0.000109845 0.313921 0.00126037 0.0104008 0.000257977
8.18093 0.00134978 -0.000141003 0.318224 0.00135286 0.0110024 0.000273449
8.19929 0.00161923 -0.000178203 0.323253 0.00142139 0.0114935 0.000288486
8.22031 0.0019167 -0.000221676 0.329038 0.00145015 0.0116801 0.000300417
8.23982 0.00224441 -0.000271582 0.3356 0.001443 0.0118051 0.000308065
8.2598 0.00260331 -0.000327882 0.342923 0.00140624 0.0119648 0.000312334
8.28176 0.00299272 -0.000390324 0.350939 0.00134508 0.0120167 0.000313429
8.30072 0.00341195 -0.000458522 0.359563 0.00126244 0.0119184 0.000314144
8.32345 0.00386049 -0.000532045 0.368707 0.00116578 0.0118011 0.000319131
8.34181 0.00432643 -0.000610317 0.378287 0.00105628 0.011575 0.000320934
8.3608 0.00481036 -0.000692828 0.388225 0.000942976 0.0113074 0.000321223
8.38217 0.00531089 -0.000779031 0.398451 0.000828536 0.0110164 0.000320699
8.40326 0.00582671 -0.000868345 0.408904 0.000707594 0.0107381 0.000318552
8.42293 0.0063562 -0.000960276 0.419532 0.000589166 0.0104342 0.000315183
8.44168 0.00689797 -0.00105431 0.430287 0.000475776 0.0101166 0.000308488
8.46253 0.00745066 -0.00114997 0.441131 0.000366748 0.00979878 0.000301768
8.48286 0.00801281 -0.00124686 0.452029 0.000272228 0.00947299 0.000294601
8.50296 0.00858323 -0.00134455 0.462955 0.000186235 0.00917459 0.000286528
8.52444 0.0091606 -0.00144272 0.473885 0.000108582 0.00889056 0.000280767
8.54334 0.00974362 -0.00154105 0.484801 3.99583e-05 0.00860218 0.000275208
8.56362 0.0103313 -0.00163923 0.495687 -2.60404e-05 0.00833712 0.000270979
8.58391 0.0109224 -0.00173702 0.506532 -8.49301e-05 0.00807776 0.000264531
8.60373 0.011516 -0.00183416 0.517329 -0.000142822 0.00782526 0.000256987
8.62457 0.0121111 -0.00193052 0.52807 -0.000188511 0.00759376 0.000252725
8.6441 0.0127068 -0.00202596 0.538753 -0.000211836 0.00737397 0.000246294
8.66402 0.0133023 -0.00212032 0.549374 -0.000219622 0.00717506 0.000233509
8.68723 0.0138967 -0.00221358 0.559933 -0.000220629 0.00698864 0.000221422
8.70522 0.0144893 -0.00230574 0.570428 -0.000212356 0.00680939 0.000211448
8.72619 0.0150795 -0.00239682 0.580863 -0.000196424 0.00664225 0.000199083
8.74547 0.0156665 -0.00248668 0.59124 -0.000208636 0.00647749 0.000187597
8.76549 0.0162497 -0.00257539 0.601559 -0.000231221 0.00632617 0.000178664
8.78698 0.0168286 -0.00266292 0.61182 -0.000253539 0.00617203 0.000169585
8.80661 0.0174025 -0.0027491 0.622024 -0.000287377 0.00601479 0.000159337
8.82746 0.0179709 -0.00283378 0.632173 -0.000338737 0.00587781 0.000147409
8.84679 0.0185332 -0.00291684 0.642269 -0.000393717 0.00573445 0.000136615
8.86753 0.0190889 -0.00299823 0.652315 -0.000429118 0.0055895 0.000128441
8.88856 0.0196374 -0.00307785 0.662313 -0.000435659 0.00545571 0.000119426
8.90706 0.0201783 -0.00315558 0.672266 -0.000431844 0.00532343 0.000109007
8.92849 0.0207111 -0.00323126 0.682177 -0.000447241 0.0052015 0.000100665
8.94779 0.0212353 -0.00330482 0.692047 -0.000484805 0.00508622 9.13096e-05
8.96772 0.0217503 -0.00337626 0.701877 -0.00051804 0.00493853 8.12761e-05
8.98823 0.0222557 -0.00344554 0.71167 -0.000537031 0.0048042 7.22575e-05
9.00905 0.0227512 -0.00351252 0.721425 -0.00055277 0.00470451 6.45105e-05
9.02899 0.0232362 -0.00357719 0.731141 -0.000559672 0.00459189 5.70801e-05
9.04817 0.0237102 -0.00363949 0.740818 -0.000561309 0.00445684 4.94025e-05
9.06962 0.024173 -0.00369937 0.750452 -0.000567005 0.00433732 4.16782e-05
9.09179 0.0246241 -0.00375693 0.760043 -0.000562241 0.00424137 3.53623e-05
9.10901 0.0250632 -0.00381219 0.769587 -0.000542321 0.00415175 2.87685e-05
9.1297 0.0254893 -0.00386521 0.779082 -0.000514808 0.00398207 2.19251e-05
9.14994 0.025914 -0.00391603 0.788529 -0.000493334 0.0040019 1.66855e-05
9.17027 0.0263228 -0.00396473 0.797927 -0.000477773 0.00373107 1.06279e-05
9.1907 0.0267282 -0.00401135 0.807277 -0.00047345 0.0036416 4.51221e-06
9.21018 0.0271273 -0.00405599 0.816576 -0.000467843 0.00357955 -6.78052e-08
9.2319 0.0275194 -0.00409864 0.825818 -0.000466559 0.00347073 -4.7505e-06
9.25101 0.0279043 -0.00413933 0.834999 -0.00046643 0.00335378 -1.02881e-05
9.27092 0.0282819 -0.00417805 0.844117 -0.000469773 0.00325682 -1.68171e-05
9.29268 0.0286516 -0.00421476 0.853169 -0.000487324 0.00316417 -2.02393e-05
9.31182 0.0290131 -0.00424945 0.862151 -0.000507445 0.00306766 -2.38778e-05
9.33156 0.0293661 -0.00428215 0.871061 -0.000511532 0.00296574 -2.7977e-05
9.35162 0.0297102 -0.00431287 0.879899 -0.000497779 0.00286766 -3.19215e-05
9.37142 0.0300452 -0.00434164 0.888664 -0.000472286 0.00279682 -3.65344e-05
9.39331 0.0303707 -0.00436854 0.897356 -0.000439895 0.00271352 -4.04849e-05
9.41213 0.0306862 -0.00439362 0.905974 -0.000414215 0.00260487 -4.36537e-05
9.43412 0.0309917 -0.004417 0.914515 -0.00039136 0.00251911 -4.66643e-05
9.45208 0.0312868 -0.00443878 0.922979 -0.000370535 0.00244042 -5.03682e-05
9.47278 0.0315711 -0.004459 0.931365 -0.000361855 0.00236356 -5.08653e-05
9.49345 0.0318446 -0.00447765 0.93967 -0.000371011 0.00229453 -5.24896e-05
9.51346 0.0321068 -0.00449466 0.947895 -0.000403381 0.00222374 -5.37379e-05
9.53428 0.0323577 -0.00451005 0.956038 -0.000441219 0.00217262 -5.19612e-05
9.55467 0.032597 -0.00452375 0.964096 -0.000465144 0.00213131 -5.24874e-05
9.57413 0.0328245 -0.00453566 0.97207 -0.000479602 0.00206415 -5.51485e-05
9.59473 0.03304 -0.00454575 0.979957 -0.000479913 0.00198379 -6.04867e-05
9.6146 0.0332425 -0.00455407 0.987757 -0.000463839 0.00179369 -6.44052e-05
9.6363 0.033442 -0.00456062 0.995474 -0.000442195 0.0018933 -6.63323e-05
9.65465 0.0336255 -0.00456548 1.00311 -0.000414431 0.00176137 -6.83983e-05
9.67495 0.0338062 -0.00456869 1.01065 -0.000395219 0.00176046 -6.93607e-05
9.69835 0.0339814 -0.00457033 1.0181 -0.000380712 0.00172025 -7.05991e-05
9.71552 0.034151 -0.00457051 1.02546 -0.000365562 0.00163896 -7.2097e-05
9.73568 0.0343149 -0.00456928 1.03272 -0.00035209 0.00155091 -7.40899e-05
9.75626 0.034473 -0.00456669 1.03988 -0.00033963 0.00147869 -7.622e-05
9.77642 0.0346248 -0.00456273 1.04695 -0.000340111 0.00141008 -7.81227e-05
9.79882 0.0347701 -0.0045574 1.05392 -0.000353041 0.00134387 -7.89949e-05
9.81661 0.0349089 -0.00455078 1.0608 -0.000359142 0.0013159 -7.79757e-05
9.83847 0.0350409 -0.00454282 1.06758 -0.000362671 0.00128155 -7.68314e-05
9.85751 0.035166 -0.00453348 1.07428 -0.000367041 0.00124093 -7.7086e-05
9.87741 0.0352841 -0.00452279 1.08088 -0.000365486 0.001213 -7.66432e-05
9.89823 0.0353949 -0.00451086 1.0874 -0.000341195 0.00117583 -7.80031e-05
9.91786 0.0354985 -0.00449778 1.09382 -0.000300244 0.00113961 -7.55096e-05
9.94281 0.0355949 -0.00448356 1.10015 -0.000263912 0.00111651 -7.39232e-05
9.95836 0.0356837 -0.00446825 1.10639 -0.000245239 0.00109087 -7.33397e-05
9.97841 0.0357652 -0.00445202 1.11254 -0.000232464 0.00107894 -7.31842e-05
10.0002 0.0358391 -0.00443502 1.1186 -0.000206388 0.00106122 -7.29442e-05
10.019 0.0359053 -0.00441736 1.12457 -0.000169305 0.00103177 -7.21961e-05
10.0392 0.0359613 -0.00439904 1.13046 -0.000143679 0.000890996 -7.1997e-05
10.0589 0.036017 -0.00438004 1.13626 -0.000147035 0.000940278 -7.19581e-05
10.0799 0.0360724 -0.00436045 1.14198 -0.000164481 0.00100354 -7.19375e-05
10.1018 0.0361271 -0.00434033 1.14763 -0.000174205 0.000945412 -7.19473e-05
10.1198 0.0361815 -0.00431964 1.15321 -0.000178167 0.000883032 -7.19544e-05
10.1429 0.0362356 -0.00429835 1.15872 -0.000177832 0.000858962 -7.19558e-05
10.1609 0.0362891 -0.00427654 1.16416 -0.000163579 0.00084023 -6.97529e-05
10.1809 0.0363418 -0.00425412 1.16952 -0.000156181 0.000805652 -6.8737e-05
10.203 0.0363938 -0.00423114 1.17482 -0.000154438 0.000775916 -6.67003e-05
10.2209 0.036445 -0.00420765 1.18005 -0.000150581 0.000767966 -6.55745e-05
10.2426 0.0364952 -0.00418355 1.18521 -0.000164049 0.000750619 -6.40449e-05
10.2614 0.0365444 -0.00415883 1.1903 -0.000185077 0.00074054 -6.367e-05
10.2818 0.0365926 -0.00413355 1.19532 -0.000194141 0.000746331 -6.39726e-05
10.3024 0.0366397 -0.00410762 1.20028 -0.000202962 0.000727834 -6.11373e-05
10.3223 0.0366857 -0.00408094 1.20516 -0.000218209 0.000705228 -5.93166e-05
10.3437 0.0367305 -0.0040535 1.20997 -0.000233135 0.000687379 -5.79814e-05
10.3626 0.0367741 -0.00402531 1.21472 -0.000234946 0.000662423 -5.90145e-05
10.3827 0.0368163 -0.00399636 1.21938 -0.00022953 0.000644936 -5.85223e-05
10.4035 0.0368572 -0.00396667 1.22398 -0.000217325 0.000636407 -5.71484e-05
10.4234 0.0368967 -0.00393633 1.22851 -0.000187654 0.000620464 -5.51247e-05
10.4441 0.0369346 -0.00390538 1.23296 -0.000156954 0.000596408 -5.47668e-05
10.4646 0.0369709 -0.00387382 1.23734 -0.000141939 0.000560064 -5.46674e-05
10.4844 0.0370057 -0.00384183 1.24166 -0.000123159 0.000547528 -5.50479e-05
10.5046 0.0370387 -0.00380945 1.24591 -0.00011019 0.000544578 -5.49416e-05
10.5245 0.0370699 -0.00377662 1.25009 -0.000117247 0.000528663 -5.45201e-05
10.5479 0.0370994 -0.00374344 1.2542 -0.000125655 0.000530062 -5.27516e-05
10.5655 0.0371272 -0.00370988 1.25824 -0.000133653 0.00053556 -5.24384e-05
10.5854 0.037153 -0.00367589 1.26222 -0.000142631 0.00052191 -5.33126e-05
10.6069 0.0371772 -0.0036415 1.26613 -0.000145325 0.000525501 -5.42566e-05
10.6263 0.0371995 -0.00360661 1.26997 -0.000160439 0.00052185 -5.07708e-05
10.6469 0.0372199 -0.0035712 1.27375 -0.00017539 0.000515157 -4.82731e-05
10.6671 0.0372387 -0.00353531 1.27746 -0.000175024 0.000521882 -4.80618e-05
10.687 0.0372555 -0.00349889 1.2811 -0.00016763 0.00049975 -4.84796e-05
10.7078 0.0372703 -0.00346199 1.28468 -0.000153196 0.000464513 -4.82266e-05
10.7271 0.0372831 -0.00342466 1.2882 -0.000133421 0.00043806 -4.76857e-05
10.7479 0.037294 -0.00338695 1.29165 -0.00010932 0.000425619 -4.70513e-05
10.7685 0.0373027 -0.00334906 1.29504 -6.59931e-05 0.00040544 -4.66703e-05
10.7879 0.0373091 -0.00331116 1.29837 -2.13535e-06 0.000376196 -4.75191e-05
10.8088 0.0373132 -0.00327332 1.30164 5.03519e-05 0.000365538 -4.6598e-05
10.828 0.037315 -0.00323563 1.30486 7.64734e-05 0.000343272 -4.59491e-05
10.8496 0.0373134 -0.00319825 1.30802 8.30665e-05 0.000251051 -4.53101e-05
10.8697 0.0373141 -0.0031613 1.31113 8.72748e-05 0.000295218 -4.46558e-05
10.8887 0.0373157 -0.00312481 1.31419 9.27746e-05 0.0003078 -4.32153e-05
10.9097 0.0373182 -0.00308881 1.31721 0.000101401 0.00026802 -4.32455e-05
10.9295 0.0373218 -0.00305333 1.32017 0.000109997 0.000235042 -4.27341e-05
10.9511 0.0373264 -0.00301838 1.3231 0.000117829 0.000217198 -4.27708e-05
10.9695 0.0373318 -0.00298391 1.32599 0.000111588 0.000194629 -4.23774e-05
10.9895 0.0373376 -0.00294998 1.32883 0.000102348 0.000125844 -4.18058e-05
11.0123 0.0373495 -0.00291657 1.33164 9.70676e-05 0.00020274 -4.11883e-05
11.03 0.0373659 -0.00288372 1.33443 0.000102862 0.000222145 -4.06131e-05
11.0519 0.0373868 -0.00285138 1.33719 0.000111139 0.000199825 -4.09256e-05
11.0714 0.0374127 -0.00281953 1.33992 0.000110807 0.000211923 -4.07058e-05
11.091 0.0374433 -0.00278826 1.34264 0.000115545 0.000229723 -3.933e-05
11.1112 0.0374787 -0.00275754 1.34534 0.000121799 0.000230412 -3.79649e-05
11.1315 0.0375189 -0.00272739 1.34802 0.000125226 0.000233466 -3.70053e-05
11.1533 0.0375638 -0.00269772 1.35069 0.000113387 0.000226353 -3.6493e-05
11.172 0.0376136 -0.00266856 1.35334 9.55103e-05 0.000223179 -3.54031e-05
11.192 0.037668 -0.00263997 1.35599 9.50505e-05 0.000215896 -3.42831e-05
11.2134 0.0377271 -0.00261197 1.35863 0.000117232 0.000196987 -3.48431e-05
11.2332 0.037791 -0.00258451 1.36126 0.000135557 0.000209182 -3.44888e-05
11.2546 0.0378595 -0.00255768 1.36389 0.000155969 0.000229947 -3.51153e-05
11.2731 0.0379327 -0.00253154 1.36652 0.000173915 0.000226191 -3.40988e-05
11.2931 0.0380105 -0.00250614 1.36914 0.00018802 0.000223358 -3.33223e-05
11.3157 0.0380931 -0.00248155 1.37176 0.000199814 0.000232529 -3.26748e-05
11.3336 0.0381803 -0.00245772 1.37438 0.000195595 0.000234588 -3.25735e-05
11.3551 0.0382699 -0.00243464 1.37699 0.000174806 0.00011864 -3.2749e-05
11.3739 0.0383751 -0.00241232 1.37961 0.000158812 0.000267984 -3.55863e-05
11.3943 0.0384858 -0.00239082 1.38224 0.000159597 0.000331379 -3.60735e-05
11.4165 0.0386013 -0.00237007 1.38487 0.000168557 0.000194738 -3.57344e-05
11.4353 0.0387327 -0.00235008 1.38751 0.000180979 0.000322427 -3.43236e-05
11.4568 0.0388671 -0.00233087 1.39015 0.000195839 0.000200854 -3.34987e-05
11.4764 0.0390168 -0.00231239 1.3928 0.000193194 0.000254122 -3.34297e-05
11.4957 0.0391713 -0.00229472 1.39546 0.000191193 9.89836e-05 -3.46921e-05
11.5161 0.039334 -0.00227786 1.39812 0.000187997 0.000146271 -3.65218e-05
11.5376 0.0395006 -0.00226173 1.40078 0.000176677 0.000168794 -3.73791e-05
11.5573 0.0396711 -0.00224639 1.40345 0.000170352 0.00015122 -3.78556e-05
11.5762 0.039844 -0.0022318 1.4061 0.00017024 2.74353e-05 -3.81312e-05
11.5964 0.0400326 -0.00221793 1.40875 0.000168935 0.000170659 -3.72538e-05
11.6189 0.040223 -0.00220475 1.41139 0.000166192 0.000116895 -3.66235e-05
11.6371 0.0404284 -0.00219223 1.41403 0.000158087 0.000166558 -3.63232e-05
11.6589 0.0406367 -0.00218036 1.41666 0.000148937 6.63751e-05 -3.61559e-05
11.6788 0.0408467 -0.00216915 1.41929 0.000144294 -9.97462e-05 -3.57365e-05
11.6981 0.0410705 -0.00215853 1.42191 0.000138397 5.65411e-05 -3.48144e-05
11.7185 0.0412955 -0.00214848 1.42452 0.000132325 1.21135e-06 -3.50603e-05
11.7386 0.0415222 -0.00213899 1.42712 0.0001293 -0.000154207 -3.6575e-05
11.7595 0.0417625 -0.00213 1.42971 0.000120536 1.10424e-05 -3.7061e-05
11.7789 0.0420031 -0.00212156 1.43229 0.000118053 -5.94195e-05 -3.72449e-05
11.7993 0.0422468 -0.00211358 1.43485 0.000112249 -0.000105752 -3.69243e-05
11.82 0.0424939 -0.0021061 1.4374 0.000109457 -7.2092e-05 -3.60321e-05
11.84 0.0427439 -0.00209914 1.43994 0.000119988 -3.29414e-05 -3.57337e-05
11.8613 0.0429969 -0.00209268 1.44244 0.000133464 -2.13303e-05 -3.55386e-05
11.8796 0.0432509 -0.00208678 1.44493 0.000148881 -7.29247e-05 -3.5566e-05
11.8995 0.0435162 -0.00208147 1.44739 0.000162046 -4.82057e-05 -3.61062e-05
11.9231 0.0437931 -0.00207673 1.44984 0.000162045 8.11175e-05 -3.61204e-05
11.9407 0.0440732 -0.00207264 1.45227 0.000162062 -7.16549e-05 -3.60958e-05
11.9609 0.0443603 -0.00206916 1.45469 0.000157814 -1.90107e-05 -3.73341e-05
11.9804 0.044648 -0.00206629 1.45709 0.000148527 -6.44265e-05 -3.76202e-05
12.0026 0.0449476 -0.00206405 1.45948 0.000145497 5.29989e-06 -3.64735e-05
12.0224 0.04525 -0.0020624 1.46185 0.00014445 5.92763e-05 -3.55837e-05
12.0412 0.0455554 -0.0020613 1.46421 0.000141003 5.15201e-05 -3.51146e-05
12.0619 0.0458671 -0.00206067 1.46654 0.000123821 6.33227e-05 -3.47571e-05
12.0822 0.0461852 -0.00206048 1.46886 0.000100564 7.53614e-05 -3.44056e-05
12.1018 0.0465061 -0.00206074 1.47115 8.45039e-05 2.39677e-05 -3.34946e-05
12.1231 0.0468303 -0.00206137 1.47343 7.66041e-05 3.53286e-06 -3.22128e-05
12.1431 0.0471577 -0.00206233 1.47568 7.30399e-05 1.28152e-05 -3.13465e-05
12.164 0.0474874 -0.00206348 1.4779 5.59587e-05 -5.86531e-05 -3.05932e-05
12.1827 0.0478293 -0.00206484 1.4801 3.8904e-05 4.78835e-05 -3.10904e-05
12.2029 0.0481716 -0.00206644 1.48227 3.7945e-05 2.84562e-05 -3.15936e-05
12.2257 0.04852 -0.00206828 1.48441 4.97453e-05 1.33835e-05 -2.98433e-05
12.2435 0.0488747 -0.0020703 1.48653 6.02088e-05 6.60371e-05 -2.68742e-05
12.265 0.0492321 -0.0020725 1.48862 6.40355e-05 4.34733e-05 -2.71551e-05
12.2843 0.0495926 -0.00207487 1.49069 5.72226e-05 2.73719e-05 -2.71663e-05
12.3047 0.0499561 -0.00207747 1.49272 5.13004e-05 2.5106e-05 -2.69777e-05
12.3248 0.0503224 -0.00208035 1.49472 6.28389e-05 1.24617e-05 -2.76148e-05
12.3448 0.0506918 -0.0020835 1.49669 7.72699e-05 1.35289e-05 -2.68874e-05
12.367 0.0510641 -0.00208693 1.49863 8.90513e-05 3.55495e-05 -2.54475e-05
12.3854 0.0514393 -0.0020907 1.50053 0.000102076 4.2974e-05 -2.41357e-05
12.4061 0.0518173 -0.00209479 1.50239 0.000102742 2.59344e-05 -2.20694e-05
12.4282 0.0521981 -0.00209922 1.50421 9.74119e-05 5.69704e-06 -2.07931e-05
12.4481 0.0525818 -0.002104 1.50599 9.10461e-05 -5.02306e-06 -2.12082e-05
12.4697 0.0529683 -0.0021091 1.50774 8.07822e-05 -8.36951e-06 -2.09927e-05
12.4882 0.0533576 -0.00211449 1.50945 6.97793e-05 1.64664e-06 -2.03107e-05
12.5083 0.0537497 -0.00212014 1.51112 6.13549e-05 1.68023e-05 -2.18525e-05
12.5318 0.0541445 -0.00212608 1.51276 6.41242e-05 1.50006e-05 -2.20063e-05
12.549 0.0545421 -0.00213229 1.51436 7.27486e-05 1.74186e-05 -2.30512e-05
12.57 0.0549427 -0.00213874 1.51593 7.94006e-05 4.04401e-05 -2.34359e-05
12.5892 0.055346 -0.00214561 1.51746 0.000104375 5.32565e-05 -2.24953e-05
12.6103 0.0557523 -0.00215289 1.51896 0.000135777 6.85384e-05 -2.37577e-05
12.631 0.0561615 -0.00216057 1.52042 0.000147019 8.01221e-05 -2.21904e-05
12.6504 0.0565742 -0.00216874 1.52185 0.000150107 0.000156282 -2.0628e-05
12.6732 0.05698 -0.00217742 1.5231 0.000148503 6.0596e-05 -2.0806e-05
12.6905 0.0573812 -0.00218648 1.52403 0.000127872 -4.19413e-05 -2.10517e-05
12.7105 0.0577777 -0.0021959 1.52457 9.55144e-05 -0.000121401 -2.12169e-05
12.7331 0.0581692 -0.00220556 1.52473 5.27305e-05 -0.000192622 -2.17921e-05
12.7518 0.0585546 -0.0022154 1.52454 1.376e-05 -0.000283161 -2.16769e-05
12.7733 0.0589388 -0.00222536 1.52403 -8.78472e-06 -0.000309321 -2.22433e-05
12.7919 0.0593207 -0.00223528 1.52323 -2.66113e-05 -0.000325201 -2.2203e-05
12.8119 0.0597003 -0.00224506 1.52219 -4.20841e-05 -0.000339837 -2.62297e-05
12.834 0.0600775 -0.00225464 1.52093 -6.44946e-05 -0.000331072 -2.50988e-05
12.8524 0.0604525 -0.002264 1.51948 -7.6219e-05 -0.000300127 -2.56909e-05
12.8745 0.0608251 -0.00227316 1.51787 -7.0523e-05 -0.000270733 -2.51471e-05
12.8928 0.0611953 -0.00228206 1.51611 -5.81904e-05 -0.000270072 -2.50439e-05
12.9132 0.0615682 -0.00229071 1.51425 -4.55158e-05 -0.000168137 -2.53957e-05
12.9334 0.0619366 -0.00229923 1.51226 -2.10388e-05 -0.000199745 -2.67459e-05
12.954 0.0623076 -0.00230766 1.51018 4.82454e-06 -0.000137843 -2.67659e-05
12.9751 0.062681 -0.00231599 1.50802 1.72378e-05 -6.07017e-05 -2.85757e-05
12.9941 0.0630565 -0.00232434 1.50578 2.40075e-05 -3.81421e-05 -2.97417e-05
13.0143 0.0634347 -0.0023328 1.50347 3.98137e-05 -7.52617e-06 -3.03887e-05
13.0345 0.0638155 -0.00234138 1.5011 5.22349e-05 8.63737e-05 -3.1693e-05
13.0543 0.0641936 -0.00235009 1.49867 5.97697e-05 4.56684e-05 -3.24605e-05
13.0766 0.0645768 -0.00235896 1.4962 5.89826e-05 0.000147785 -3.3485e-05
13.0946 0.0649571 -0.00236799 1.49368 5.17803e-05 0.000103555 -3.52857e-05
13.1145 0.0653423 -0.00237723 1.49114 5.04892e-05 0.000167905 -3.63969e-05
13.1399 0.0657272 -0.00238669 1.48857 5.71545e-05 0.000197899 -3.61092e-05
13.1563 0.0661114 -0.0023964 1.48598 7.25752e-05 0.000181755 -3.4856e-05
13.1779 0.0664953 -0.00240631 1.48338 8.23321e-05 0.000211149 -3.58585e-05
13.1962 0.0668788 -0.00241648 1.48078 8.57487e-05 0.000237495 -3.67049e-05
13.2173 0.0672619 -0.0024269 1.47817 8.06458e-05 0.000252243 -3.72062e-05
13.2369 0.0676448 -0.00243769 1.47558 8.73684e-05 0.000258397 -3.62545e-05
13.2566 0.0680273 -0.00244871 1.47299 8.33287e-05 0.000253275 -3.62332e-05
13.2798 0.0684096 -0.00246005 1.47042 8.37387e-05 0.000240119 -3.64019e-05
13.2974 0.0687915 -0.00247173 1.46787 9.29539e-05 0.00022661 -3.66106e-05
13.3175 0.0691743 -0.00248364 1.46535 8.6054e-05 0.00024609 -3.72513e-05
13.3387 0.0695533 -0.00249583 1.46285 7.48861e-05 0.000233413 -3.84801e-05
13.3575 0.0699281 -0.00250823 1.4604 5.65264e-05 0.000219933 -3.90449e-05
13.3785 0.070299 -0.00252075 1.45798 2.83005e-05 0.00023239 -3.93892e-05
13.3981 0.0706656 -0.0025333 1.4556 -6.26362e-06 0.00022695 -4.01625e-05
13.4184 0.0710277 -0.00254585 1.45327 -3.0139e-05 0.000172737 -4.05818e-05
13.4401 0.0713919 -0.00255829 1.45098 -4.36259e-05 0.000247356 -4.22111e-05
13.4592 0.071751 -0.00257058 1.44875 -4.77055e-05 0.000198523 -4.31855e-05
13.4805 0.0721099 -0.00258261 1.44657 -5.64159e-05 0.00017686 -4.43483e-05
13.4994 0.0724687 -0.00259445 1.44445 -5.64398e-05 0.000200124 -4.24228e-05
13.5204 0.072827 -0.00260612 1.44239 -3.91147e-05 0.000207297 -4.18755e-05
13.5429 0.0731849 -0.00261773 1.44039 1.85989e-06 0.00020854 -4.32752e-05
13.56 0.0735425 -0.00262929 1.43846 3.70909e-05 0.00021199 -4.38521e-05
13.5814 0.0738998 -0.00264081 1.4366 4.82776e-05 0.000212658 -4.42096e-05
13.6014 0.0742567 -0.00265235 1.4348 3.61181e-05 0.00021219 -4.44775e-05
13.6218 0.0746134 -0.00266405 1.43308 3.42735e-05 0.000213689 -4.47427e-05
13.6429 0.0749697 -0.00267601 1.43143 5.74697e-05 0.000215637 -4.50375e-05
13.6613 0.0753257 -0.00268818 1.42986 8.43561e-05 0.00021674 -4.53241e-05
13.6836 0.0756814 -0.0027007 1.42836 0.000119662 0.000206908 -4.65635e-05
13.7018 0.0760368 -0.00271373 1.42693 0.000164888 0.000208503 -4.49789e-05
13.7219 0.0763918 -0.00272731 1.42557 0.000197916 0.000198088 -4.33923e-05
13.7474 0.0767463 -0.00274157 1.42429 0.00022289 0.000170547 -4.41448e-05
13.7626 0.0771006 -0.00275661 1.42309 0.000236597 0.000176989 -4.50003e-05
13.785 0.0774554 -0.00277253 1.42195 0.000247283 0.000215695 -4.4681e-05
13.8035 0.0778055 -0.00278934 1.4209 0.000251015 0.000164914 -4.49997e-05
13.8227 0.0781513 -0.00280702 1.41992 0.000241259 0.000126451 -4.51595e-05
13.8446 0.0784928 -0.0028255 1.41901 0.000215991 0.000123454 -4.52586e-05
13.8631 0.0788298 -0.0028447 1.41817 0.000176569 0.00012376 -4.52957e-05
13.8852 0.0791622 -0.0028645 1.4174 0.000132124 0.000100852 -4.62071e-05
13.904 0.0794901 -0.00288474 1.4167 8.47535e-05 7.93857e-05 -4.64834e-05
13.9237 0.0798135 -0.00290526 1.41606 3.73646e-05 7.93057e-05 -4.58348e-05
13.9446 0.0801323 -0.00292585 1.41549 -7.88229e-06 6.77476e-05 -4.66464e-05
13.9643 0.0804471 -0.00294642 1.41498 -4.30249e-05 -1.61425e-05 -4.63128e-05
13.9865 0.0807677 -0.0029668 1.41454 -6.83225e-05 4.21493e-05 -4.61745e-05
14.0047 0.081091 -0.00298689 1.41418 -8.58726e-05 2.79637e-05 -4.45339e-05
14.0246 0.0814175 -0.00300667 1.41389 -8.74299e-05 -1.25394e-06 -4.34499e-05
14.0451 0.0817471 -0.00302612 1.41367 -7.51056e-05 -4.05662e-06 -4.30576e-05
14.066 0.0820799 -0.00304518 1.41352 -6.65992e-05 8.80701e-06 -4.27693e-05
14.0856 0.0824157 -0.00306381 1.41344 -7.54822e-05 2.21541e-05 -4.24611e-05
14.1055 0.0827546 -0.00308203 1.41343 -9.3785e-05 2.47363e-05 -4.2132e-05
14.1257 0.0830964 -0.00309989 1.41349 -9.82242e-05 1.4077e-05 -4.18366e-05
14.1481 0.0834413 -0.00311744 1.4136 -8.02251e-05 -7.0215e-06 -4.06337e-05
14.1663 0.083789 -0.00313464 1.41378 -5.82435e-05 -3.50922e-05 -3.98627e-05
14.1873 0.0841395 -0.00315152 1.41401 -4.34461e-05 -7.41269e-05 -3.9262e-05
14.2066 0.0844926 -0.00316822 1.4143 -1.88284e-05 -0.000124123 -3.87685e-05
14.227 0.0848481 -0.00318484 1.41463 1.2405e-05 -0.000172164 -3.83179e-05
14.2474 0.0852058 -0.0032014 1.41501 3.46143e-05 -0.000222301 -3.78541e-05
14.2676 0.0855657 -0.00321801 1.41543 5.15491e-05 -0.000263961 -3.85984e-05
14.2899 0.0859274 -0.00323479 1.41588 7.00076e-05 -0.000292448 -3.76594e-05
14.3073 0.086291 -0.00325173 1.41637 7.85658e-05 -0.000317809 -3.65611e-05
14.3274 0.0866561 -0.00326884 1.41689 7.11945e-05 -0.00034552 -3.5001e-05
14.3506 0.0870228 -0.00328614 1.41743 5.98737e-05 -0.000365917 -3.38792e-05
14.3689 0.0873921 -0.00330371 1.418 6.2837e-05 -0.000347044 -3.30204e-05
14.3896 0.0877591 -0.00332155 1.41859 7.93045e-05 -0.00038181 -3.22667e-05
14.4091 0.088125 -0.00333967 1.4192 9.97749e-05 -0.000420038 -3.15553e-05
14.4288 0.0884899 -0.00335809 1.41982 0.000111907 -0.000413186 -2.94704e-05
14.4517 0.0888516 -0.00337681 1.42046 0.000115133 -0.000461628 -3.00162e-05
14.4697 0.0892103 -0.00339588 1.4211 0.000108639 -0.000509845 -2.85883e-05
14.4905 0.089566 -0.00341528 1.42175 9.61762e-05 -0.000539036 -2.83975e-05
14.5096 0.0899174 -0.00343491 1.4224 7.27938e-05 -0.000605384 -2.87449e-05
14.5302 0.0902698 -0.00345475 1.42305 4.61187e-05 -0.000593476 -2.90979e-05
14.5509 0.0906228 -0.00347474 1.42371 2.35549e-05 -0.000579709 -2.78105e-05
14.5702 0.0909762 -0.00349479 1.42436 7.53079e-06 -0.00060182 -2.66024e-05
14.5913 0.0913302 -0.00351481 1.42502 -6.93756e-06 -0.000626463 -2.56447e-05
14.6109 0.0916846 -0.00353474 1.42567 -2.01318e-05 -0.000638023 -2.48231e-05
14.6307 0.0920395 -0.00355455 1.42632 -3.09277e-05 -0.000631526 -2.45876e-05
14.6513 0.092395 -0.00357419 1.42696 -3.73446e-05 -0.000607728 -2.39325e-05
14.6714 0.092751 -0.00359359 1.42761 -4.90283e-05 -0.000579223 -2.4133e-05
14.6931 0.0931075 -0.00361268 1.42825 -7.06408e-05 -0.000568864 -2.31446e-05
14.7115 0.0934647 -0.00363144 1.42889 -8.93696e-05 -0.000547132 -2.5153e-05
14.732 0.0938228 -0.00364984 1.42953 -9.70784e-05 -0.000512622 -2.73195e-05
14.7541 0.0941815 -0.0036678 1.43016 -0.000106657 -0.00050769 -2.80494e-05
14.7726 0.0945412 -0.0036853 1.4308 -0.000113384 -0.00049279 -2.96835e-05
14.7931 0.0949019 -0.00370233 1.43143 -0.000116328 -0.000461203 -2.98376e-05
14.8129 0.0952635 -0.00371885 1.43207 -0.000116764 -0.00046684 -3.24437e-05
14.835 0.0956261 -0.00373491 1.43271 -0.00010995 -0.000480203 -3.32987e-05
14.8542 0.0959897 -0.00375057 1.43334 -9.16092e-05 -0.000468684 -3.39416e-05
14.8736 0.0963543 -0.00376582 1.43397 -7.19844e-05 -0.000474959 -3.44617e-05
14.894 0.0967229 -0.00378079 1.43461 -4.51273e-05 -0.000488423 -3.49865e-05
14.9145 0.0970956 -0.00379556 1.43523 -1.40337e-05 -0.000474118 -3.54924e-05
14.9354 0.0974686 -0.00381024 1.43586 2.12237e-05 -0.000553342 -3.89253e-05
14.9559 0.0978419 -0.00382498 1.43649 5.6775e-05 -0.00069255 -3.88529e-05
14.9759 0.0982258 -0.00383986 1.43711 8.20088e-05 -0.000644644 -3.58691e-05
14.996 0.0986175 -0.00385497 1.43772 0.000102458 -0.000648844 -3.45591e-05
15.0154 0.0990169 -0.00387044 1.43833 0.000124379 -0.000703475 -3.40403e-05
15.0353 0.0994242 -0.00388642 1.43893 0.000159498 -0.000757222 -3.38538e-05
15.0578 0.0998389 -0.00390296 1.43951 0.00019 -0.000821215 -3.37596e-05
15.0761 0.100261 -0.00392006 1.44008 0.000200858 -0.000880145 -3.4269e-05
15.0965 0.10069 -0.0039378 1.44064 0.000195867 -0.00091972 -3.476e-05
15.1166 0.101126 -0.00395622 1.44117 0.000185896 -0.000947549 -3.32618e-05
15.1382 0.101569 -0.00397525 1.44169 0.000167225 -0.000954054 -3.22675e-05
15.1585 0.102019 -0.0039949 1.44219 0.000152962 -0.000958364 -3.18091e-05
15.1821 0.102475 -0.00401513 1.44267 0.00014865 -0.000968483 -3.14798e-05
15.2099 0.102938 -0.00403583 1.44314 0.000134639 -0.00095298 -3.00908e-05
15.2282 0.103407 -0.00405702 1.44358 0.000126135 -0.000936152 -2.93301e-05
15.2479 0.103883 -0.00407868 1.444 0.000126304 -0.000922572 -2.81434e-05
15.2754 0.104366 -0.00410076 1.44441 0.000123274 -0.0008935 -2.58454e-05
15.2984 0.104856 -0.0041233 1.4448 0.000133874 -0.000875891 -2.66008e-05
15.3192 0.105353 -0.00414629 1.44516 0.000141363 -0.000842982 -2.67345e-05
15.3388 0.105856 -0.00416967 1.44551 0.000134615 -0.000822929 -2.64842e-05
15.3606 0.106366 -0.00419344 1.44584 0.000118956 -0.000855262 -2.70788e-05
15.3888 0.106883 -0.00421749 1.44615 8.66633e-05 -0.000881743 -2.70591e-05
15.4174 0.107407 -0.00424172 1.44644 4.01041e-05 -0.000887636 -2.66736e-05
15.4363 0.107938 -0.0042661 1.44671 5.13786e-06 -0.000816868 -2.62817e-05
15.4588 0.108466 -0.0042905 1.44696 -1.57216e-05 -0.000987212 -2.52357e-05
15.4891 0.109003 -0.00431476 1.4472 -3.86511e-05 -0.000956578 -2.33246e-05
15.5145 0.109549 -0.00433874 1.44743 -6.89457e-05 -0.00083273 -1.9692e-05
15.5381 0.110091 -0.00436241 1.44765 -9.36571e-05 -0.000947927 -1.79433e-05
15.5645 0.110644 -0.00438572 1.44785 -0.000102184 -0.000828303 -1.67129e-05
15.5913 0.111195 -0.00440861 1.44804 -0.000103038 -0.000877528 -1.56025e-05
15.6098 0.111752 -0.00443107 1.44821 -9.54847e-05 -0.000921012 -1.45911e-05
15.6446 0.112319 -0.00445306 1.44837 -9.23216e-05 -0.000792866 -1.36013e-05
15.6595 0.112882 -0.00447459 1.44853 -9.39986e-05 -0.000899661 -1.2494e-05
15.6842 0.113453 -0.00449568 1.44866 -9.48463e-05 -0.000938669 -1.40449e-05
15.7038 0.114031 -0.00451634 1.44879 -9.48261e-05 -0.000907224 -1.42006e-05
15.7236 0.114615 -0.00453654 1.44891 -9.97256e-05 -0.000829511 -1.38927e-05
15.7628 0.115195 -0.00455625 1.449 -0.000110793 -0.000956145 -1.32177e-05
15.7726 0.115785 -0.00457544 1.44909 -0.000123713 -0.000794961 -1.35756e-05
15.7976 0.116371 -0.00459413 1.44917 -0.000131909 -0.000803822 -1.18912e-05
15.8389 0.116965 -0.00461229 1.44924 -0.000129705 -0.00072218 -1.27638e-05
15.8565 0.117558 -0.00462994 1.44929 -0.000120305 -0.000756932 -1.29362e-05
15.8891 0.118149 -0.00464706 1.44934 -0.000111206 -0.000825549 -1.19062e-05
15.908 0.11874 -0.0046637 1.44937 -9.97636e-05 -0.000844216 -1.21912e-05
15.9325 0.119329 -0.00467998 1.44939 -7.82163e-05 -0.000843933 -9.31271e-06
15.9605 0.119917 -0.00469591 1.44939 -5.45901e-05 -0.000873794 -7.75143e-06
15.9811 0.120504 -0.00471147 1.44937 -4.77277e-05 -0.000894905 -6.70543e-06
16.0079 0.12109 -0.00472675 1.44934 -4.97475e-05 -0.000897025 -5.60405e-06
16.03 0.121674 -0.00474187 1.44928 -3.64633e-05 -0.000908058 -5.25322e-06
16.0571 0.122257 -0.00475683 1.44921 -1.69507e-05 -0.000912194 -4.96554e-06
16.0818 0.122839 -0.0047716 1.44911 -1.39887e-05 -0.000903838 -3.63127e-06
16.1017 0.123419 -0.00478626 1.44899 -8.85616e-06 -0.000916285 -2.89946e-06
16.1408 0.123998 -0.00480085 1.44886 -4.28451e-06 -0.000916335 -2.04047e-06
16.1556 0.12457 -0.00481534 1.44869 -4.72158e-06 -0.00110504 -1.60035e-06
16.1923 0.125158 -0.00482975 1.44852 -6.64408e-06 -0.000949858 -1.36716e-06
16.2144 0.125751 -0.00484403 1.44832 -1.72328e-05 -0.000876104 -2.7696e-06
16.2356 0.126349 -0.0048581 1.44811 -4.30358e-05 -0.000960657 -3.38162e-06
16.2591 0.126954 -0.00487194 1.44789 -7.38197e-05 -0.00101475 -3.49167e-06
16.2837 0.127565 -0.00488546 1.44764 -0.000104196 -0.00101523 -1.48226e-07
16.3065 0.128182 -0.00489849 1.44737 -0.000136802 -0.00102627 8.75014e-08
16.3241 0.128804 -0.00491094 1.44708 -0.000172193 -0.00105533 2.80965e-07
16.345 0.129433 -0.00492268 1.44677 -0.000206683 -0.00108493 1.04073e-06
16.3846 0.130066 -0.00493358 1.44643 -0.000240197 -0.00110912 1.90028e-06
16.4061 0.130706 -0.00494353 1.44607 -0.000269458 -0.00113149 2.76732e-06
16.4555 0.13135 -0.00495252 1.44568 -0.000280584 -0.00117288 3.57719e-06
16.4871 0.132 -0.00496036 1.44528 -0.000293241 -0.00120121 3.95064e-06
16.5078 0.132655 -0.00496705 1.44486 -0.000303942 -0.00119783 4.00577e-06
16.5422 0.133315 -0.00497259 1.44443 -0.000304714 -0.00116555 5.33691e-06
16.5579 0.13398 -0.00497689 1.44398 -0.000311929 -0.0011334 5.86119e-06
16.58 0.134651 -0.00497999 1.44352 -0.000313105 -0.00110569 5.66959e-06
16.6114 0.135327 -0.00498197 1.44306 -0.000296949 -0.00109371 7.12789e-06
16.6304 0.136008 -0.00498277 1.44259 -0.000282131 -0.0010657 7.83405e-06
16.6526 0.136695 -0.00498243 1.44212 -0.000270508 -0.00103151 6.67121e-06
16.677 0.137387 -0.00498096 1.44165 -0.000274274 -0.00101216 6.78984e-06
16.7023 0.138085 -0.00497844 1.44117 -0.000272845 -0.000973228 7.19953e-06
16.72 0.138789 -0.00497485 1.4407 -0.000275042 -0.000928437 7.78175e-06
16.7407 0.139499 -0.00497009 1.44023 -0.000295218 -0.000900485 8.9279e-06
16.7603 0.140215 -0.00496416 1.43976 -0.00031588 -0.000874878 7.51196e-06
16.7788 0.140936 -0.00495716 1.4393 -0.000316447 -0.000862811 9.51107e-06
16.8 0.141664 -0.00494901 1.43884 -0.000304131 -0.000854761 1.09242e-05
16.8186 0.142399 -0.00493974 1.43838 -0.000285709 -0.000840754 1.20466e-05
16.8373 0.143139 -0.00492942 1.43793 -0.000258546 -0.000824932 1.29779e-05
16.8575 0.143886 -0.00491823 1.43749 -0.000216636 -0.000815986 1.52275e-05
16.8761 0.144639 -0.00490618 1.43705 -0.000180813 -0.000780434 1.53935e-05
16.8968 0.145398 -0.00489347 1.43662 -0.000142917 -0.000759956 1.56792e-05
16.9156 0.146164 -0.0048802 1.4362 -0.000112257 -0.000766757 1.47486e-05
16.9346 0.146936 -0.00486646 1.4358 -9.50336e-05 -0.000762902 1.49117e-05
16.9562 0.147715 -0.00485233 1.4354 -8.51809e-05 -0.000750721 1.22917e-05
16.9741 0.1485 -0.00483784 1.43501 -8.84652e-05 -0.00074421 1.20139e-05
16.9951 0.149291 -0.00482302 1.43464 -9.89191e-05 -0.000734869 1.21379e-05
17.0148 0.150089 -0.00480781 1.43428 -0.000112301 -0.000716554 9.53533e-06
17.0333 0.150893 -0.00479217 1.43393 -0.000133128 -0.000703019 5.6359e-06
17.0533 0.151704 -0.00477602 1.43359 -0.00016305 -0.000695678 7.26889e-06
17.0732 0.152522 -0.00475929 1.43326 -0.00019322 -0.000681995 8.38736e-06
17.0939 0.153346 -0.00474185 1.43294 -0.000218259 -0.00066507 5.82023e-06
17.1128 0.15418 -0.00472362 1.43263 -0.000241801 -0.000660405 3.32883e-06
17.1328 0.155023 -0.0047046 1.43234 -0.000250731 -0.000654232 3.12994e-06
17.1538 0.155875 -0.0046848 1.43207 -0.000235793 -0.000743627 3.33224e-06
17.1723 0.156738 -0.00466423 1.43182 -0.000206154 -0.000693059 3.33611e-06
17.1942 0.157605 -0.00464294 1.43159 -0.000171271 -0.000831655 3.22299e-06
17.2135 0.15849 -0.00462107 1.43138 -0.000135028 -0.000718578 3.78308e-06
17.233 0.159382 -0.00459871 1.43119 -0.000102712 -0.000659645 4.19156e-06
17.2607 0.160279 -0.00457606 1.43101 -6.58124e-05 -0.000801791 5.58627e-06
17.3077 0.161195 -0.0045532 1.43086 -3.36253e-05 -0.000603304 6.2966e-06
17.3311 0.162117 -0.00453029 1.43073 1.09411e-06 -0.000710903 6.96304e-06
17.3623 0.163075 -0.00450742 1.43062 2.73882e-05 -0.000541015 7.47415e-06
17.3878 0.164063 -0.00448463 1.43053 3.7889e-05 -0.000471931 7.17578e-06
17.4102 0.165081 -0.00446202 1.43046 4.21841e-05 -0.000530024 6.70999e-06
17.4297 0.166129 -0.00443966 1.4304 4.57706e-05 -0.0005957 8.95797e-06
17.4517 0.167206 -0.00441755 1.43036 4.70591e-05 -0.000630519 1.21887e-05
17.4714 0.168314 -0.00439566 1.43034 4.47293e-05 -0.000663515 1.41988e-05
17.4907 0.16945 -0.004374 1.43033 4.00474e-05 -0.000709654 1.53758e-05
17.513 0.170616 -0.0043526 1.43034 4.05731e-05 -0.000761187 1.54005e-05
17.5305 0.17181 -0.00433144 1.43037 4.39447e-05 -0.000811622 1.61094e-05
17.5529 0.173033 -0.00431052 1.43042 4.80938e-05 -0.000867246 1.6404e-05
17.5705 0.174285 -0.00428989 1.43048 5.5458e-05 -0.000797023 1.87394e-05
17.5904 0.175554 -0.00426957 1.43056 6.57862e-05 -0.000975738 2.06964e-05
17.6124 0.176854 -0.00424954 1.43067 7.1907e-05 -0.000928693 2.23113e-05
17.631 0.178175 -0.00422984 1.43079 7.63627e-05 -0.000886454 2.39239e-05
17.6558 0.179518 -0.00421054 1.43094 8.42499e-05 -0.000983625 2.5494e-05
17.6729 0.180884 -0.0041916 1.4311 8.89556e-05 -0.000889944 2.61933e-05
17.6917 0.18227 -0.00417306 1.43129 9.10924e-05 -0.000955678 2.60824e-05
17.7124 0.183687 -0.00415491 1.43149 8.66402e-05 -0.000788641 2.83266e-05
17.7327 0.185122 -0.00413713 1.4317 7.71979e-05 -0.000806071 3.04494e-05
17.7529 0.186575 -0.00411975 1.43193 7.555e-05 -0.000959 3.24341e-05
17.7728 0.188059 -0.00410271 1.43217 7.17668e-05 -0.000810317 3.43343e-05
17.7924 0.189562 -0.00408592 1.43242 5.44244e-05 -0.000782753 3.59117e-05
17.8155 0.191084 -0.00406938 1.43269 3.43847e-05 -0.000834637 3.69099e-05
17.8331 0.192625 -0.0040531 1.43297 2.68755e-05 -0.000848585 3.76036e-05
17.8546 0.194186 -0.00403699 1.43325 2.08896e-05 -0.000846211 3.90314e-05
17.8737 0.195765 -0.00402097 1.43353 8.12612e-06 -0.000852288 3.97361e-05
17.894 0.197364 -0.00400505 1.43382 -2.81421e-07 -0.000853126 4.01567e-05
17.9145 0.198982 -0.00398919 1.43411 -5.65409e-06 -0.000852747 4.02504e-05
17.9351 0.200619 -0.00397337 1.43441 -1.17677e-05 -0.000858311 4.06448e-05
17.9562 0.202275 -0.00395756 1.4347 -1.35298e-05 -0.000861413 4.01274e-05
17.9747 0.20395 -0.00394177 1.435 -1.24196e-05 -0.000864656 3.95543e-05
17.9944 0.205643 -0.00392603 1.43531 -4.59969e-06 -0.000861892 3.99237e-05
18.0191 0.207356 -0.00391034 1.43561 5.39513e-06 -0.000860595 4.10007e-05
18.0367 0.209087 -0.00389471 1.43592 1.46462e-05 -0.000864537 4.23013e-05
18.0568 0.210839 -0.00387918 1.43624 2.12101e-05 -0.000840148 4.32622e-05
18.0755 0.212613 -0.00386376 1.43656 2.5749e-05 -0.000869343 4.4018e-05
18.0955 0.214405 -0.0038485 1.43688 3.29232e-05 -0.000930524 4.24252e-05
18.1231 0.216216 -0.00383345 1.43722 4.41734e-05 -0.000919893 4.31258e-05
18.138 0.218045 -0.00381859 1.43756 5.05099e-05 -0.000880347 4.16665e-05
18.1579 0.219893 -0.00380391 1.43791 4.69819e-05 -0.000865934 4.14809e-05
18.1769 0.221758 -0.00378949 1.43826 4.63314e-05 -0.000855814 4.13223e-05
18.1974 0.223641 -0.00377533 1.43861 5.37018e-05 -0.000838755 4.03436e-05
18.2187 0.225543 -0.00376136 1.43896 4.91821e-05 -0.000845251 3.87961e-05
18.2377 0.227463 -0.00374763 1.43931 4.4943e-05 -0.00085527 3.81314e-05
18.2593 0.2294 -0.00373418 1.43966 5.14766e-05 -0.000852324 3.77359e-05
18.279 0.231356 -0.00372097 1.44001 5.58358e-05 -0.000856975 3.70994e-05
18.2982 0.233329 -0.00370799 1.44036 5.60946e-05 -0.00087162 3.72161e-05
18.3201 0.235321 -0.00369537 1.44071 7.23473e-05 -0.000863789 3.65977e-05
18.3393 0.23733 -0.00368307 1.44107 8.837e-05 -0.000859495 3.65601e-05
18.36 0.23935 -0.00367114 1.44142 0.000100554 -0.00117612 3.70308e-05
18.3796 0.241415 -0.00365965 1.44177 0.000113873 -0.00100184 3.76583e-05
18.4 0.243522 -0.00364856 1.44214 0.000113767 -0.00078258 3.8582e-05
18.4216 0.24567 -0.0036379 1.44252 0.000106104 -0.00074969 3.75246e-05
18.4415 0.24785 -0.00362767 1.44291 9.76883e-05 -0.000891161 3.59955e-05
18.4625 0.250063 -0.00361786 1.44329 8.83903e-05 -0.000938901 3.43867e-05
18.4829 0.252308 -0.00360839 1.44367 7.47792e-05 -0.00093273 3.19728e-05
18.5022 0.254588 -0.00359923 1.44405 5.91907e-05 -0.00087239 3.03982e-05
18.5224 0.256893 -0.00359041 1.44441 5.52205e-05 -0.000948901 3.004e-05
18.5427 0.259222 -0.00358184 1.44476 5.34098e-05 -0.00105289 2.94248e-05
18.5665 0.261575 -0.00357345 1.4451 4.23728e-05 -0.0010857 2.76847e-05
18.5838 0.263951 -0.00356527 1.44542 3.474e-05 -0.00110454 2.62292e-05
18.604 0.266352 -0.00355731 1.44572 3.67273e-05 -0.00107482 2.50679e-05
18.6263 0.268769 -0.00354948 1.446 3.36677e-05 -0.00113605 2.28926e-05
18.6457 0.2712 -0.00354179 1.44626 2.74226e-05 -0.00119452 2.05917e-05
18.6661 0.273647 -0.00353418 1.4465 1.33813e-05 -0.00119869 1.96976e-05
18.6862 0.276108 -0.00352661 1.44672 -8.9293e-06 -0.00118308 1.94247e-05
18.7058 0.278585 -0.00351899 1.44691 -3.73553e-05 -0.00116386 1.94796e-05
18.7298 0.281076 -0.00351122 1.44708 -7.05328e-05 -0.00114746 1.97597e-05
18.7475 0.283582 -0.00350317 1.44723 -0.000105336 -0.00113273 1.87382e-05
18.7681 0.286104 -0.00349476 1.44735 -0.000136867 -0.00111373 1.71865e-05
18.7868 0.288641 -0.00348585 1.44745 -0.000163765 -0.00101539 1.3105e-05
18.8074 0.291184 -0.00347641 1.44753 -0.000180637 -0.0011442 1.26151e-05
18.8274 0.293746 -0.00346636 1.44759 -0.000187211 -0.00103018 1.12845e-05
18.8474 0.296316 -0.00345569 1.44762 -0.000178955 -0.00102828 9.91915e-06
18.8699 0.298896 -0.00344442 1.44764 -0.000163163 -0.00107629 1.0254e-05
18.8893 0.301487 -0.00343258 1.44765 -0.000142423 -0.00105184 9.33067e-06
18.9098 0.304082 -0.00342023 1.44763 -0.00012013 -0.0011546 8.66172e-06
18.9343 0.306691 -0.00340739 1.4476 -0.000107927 -0.00115852 8.86591e-06
18.9516 0.309316 -0.00339409 1.44755 -0.000111855 -0.00100853 1.01761e-05
18.974 0.311947 -0.00338036 1.44749 -0.000119616 -0.00105375 9.42411e-06
18.9921 0.314583 -0.00336626 1.44741 -0.000118611 -0.00117525 9.14931e-06
19.0131 0.317238 -0.00335178 1.44733 -0.000112568 -0.000982196 9.81009e-06
19.0354 0.319897 -0.00333692 1.44723 -0.000103028 -0.00101844 1.051e-05
19.0527 0.32257 -0.00332169 1.44713 -9.75638e-05 -0.00103595 1.13306e-05
19.0747 0.325258 -0.00330612 1.44702 -9.28821e-05 -0.000881959 1.22269e-05
19.0935 0.327949 -0.00329023 1.44689 -9.04914e-05 -0.000982335 1.33433e-05
19.1134 0.330661 -0.00327398 1.44676 -9.63871e-05 -0.000864693 1.45299e-05
19.1338 0.33338 -0.00325746 1.44663 -9.45993e-05 -0.000875633 1.58388e-05
19.1541 0.33611 -0.00324072 1.44648 -7.70911e-05 -0.000890283 1.71878e-05
19.175 0.33885 -0.00322369 1.44633 -6.58897e-05 -0.000908668 1.74783e-05
19.1937 0.341596 -0.00320637 1.44617 -6.82089e-05 -0.00100956 1.79905e-05
19.214 0.34436 -0.00318883 1.44601 -7.30542e-05 -0.000876566 1.83024e-05
19.236 0.347131 -0.00317114 1.44583 -6.55599e-05 -0.000931588 1.92603e-05
19.255 0.349909 -0.00315327 1.44566 -5.20513e-05 -0.00100746 1.83914e-05
19.2753 0.352694 -0.00313525 1.44547 -4.11975e-05 -0.00097944 1.77831e-05
19.2951 0.355485 -0.00311711 1.44528 -3.34574e-05 -0.000940708 1.75545e-05
19.3158 0.358285 -0.00309889 1.44508 -2.59815e-05 -0.000974033 1.80347e-05
19.3359 0.361102 -0.00308066 1.44488 -1.4182e-05 -0.000948168 1.90497e-05
19.357 0.363933 -0.00306252 1.44467 1.08991e-05 -0.000928228 2.02465e-05
19.3766 0.36677 -0.0030445 1.44445 3.98733e-05 -0.00136414 2.08422e-05
19.3975 0.369659 -0.00302652 1.44423 4.02107e-05 -0.00088298 2.18821e-05
19.4188 0.372587 -0.00300867 1.44404 2.55628e-05 -0.000469001 2.27709e-05
19.44 0.375552 -0.00299101 1.44386 1.76466e-05 -0.000576351 2.3211e-05
19.4584 0.378556 -0.00297348 1.44369 1.40039e-05 -0.00071151 2.16316e-05
19.4821 0.381602 -0.00295605 1.44353 7.18416e-06 -0.000639138 1.98327e-05
19.4988 0.384679 -0.0029387 1.44337 -2.67144e-06 -0.000703705 1.98747e-05
19.5191 0.387787 -0.00292144 1.44321 -3.58321e-06 -0.000845635 2.07988e-05
19.5414 0.390924 -0.00290425 1.44306 -1.62752e-06 -0.000914412 2.14287e-05
19.5593 0.394091 -0.00288702 1.44291 -1.19329e-05 -0.000874462 2.14866e-05
19.58 0.397276 -0.00286979 1.44277 -2.21736e-05 -0.00108739 2.15762e-05
19.5998 0.400485 -0.00285252 1.44263 -3.54443e-05 -0.00101969 2.22929e-05
19.6203 0.403708 -0.00283523 1.44251 -3.92301e-05 -0.0011316 2.31928e-05
19.6403 0.406943 -0.00281783 1.4424 -4.18082e-05 -0.00132206 2.2494e-05
19.6602 0.41019 -0.0028003 1.44231 -4.96651e-05 -0.00137635 2.24099e-05
19.6836 0.41345 -0.00278262 1.44222 -5.7893e-05 -0.00129527 2.10535e-05
19.702 0.41671 -0.00276481 1.44215 -6.09989e-05 -0.00144708 2.14393e-05
19.7216 0.419976 -0.00274677 1.4421 -6.96838e-05 -0.00137833 2.03729e-05
19.745 0.423239 -0.00272855 1.44206 -7.34203e-05 -0.00144771 1.96309e-05
19.7626 0.426498 -0.00271012 1.44203 -7.33288e-05 -0.00157643 1.93322e-05
19.7852 0.429752 -0.00269149 1.44202 -7.00161e-05 -0.00160242 1.95247e-05
19.8035 0.433 -0.00267259 1.44203 -7.5224e-05 -0.0015308 1.99578e-05
19.8231 0.436234 -0.0026535 1.44206 -7.49739e-05 -0.00158414 2.10613e-05
19.8447 0.439457 -0.00263427 1.4421 -5.66954e-05 -0.00155225 2.11007e-05
19.8636 0.442659 -0.00261489 1.44215 -3.72862e-05 -0.00159329 2.05554e-05
19.8876 0.445843 -0.00259539 1.44222 -2.52298e-05 -0.0016275 2.07689e-05
19.9042 0.449006 -0.00257579 1.44231 -2.5274e-05 -0.00162783 2.19049e-05
19.9246 0.45215 -0.002556 1.44241 -4.78888e-05 -0.00156257 2.15399e-05
19.9452 0.455264 -0.00253607 1.44253 -7.40854e-05 -0.00157403 2.21858e-05
19.9651 0.458351 -0.00251601 1.44266 -8.3756e-05 -0.00158195 2.26605e-05
19.9874 0.46141 -0.00249569 1.44281 -9.27103e-05 -0.00156348 2.27149e-05
20.0073 0.46444 -0.00247502 1.44297 -0.000108539 -0.00146033 2.26098e-05
20.0257 0.467433 -0.00245402 1.44314 -0.000121035 -0.00159269 2.30324e-05
20.0472 0.47039 -0.00243264 1.44333 -0.000129189 -0.00159262 2.42202e-05
20.0672 0.473313 -0.00241077 1.44352 -0.00014219 -0.00154277 2.17745e-05
20.0903 0.476202 -0.00238835 1.44373 -0.000163014 -0.00148586 1.83116e-05
20.1069 0.479047 -0.00236539 1.44395 -0.000183521 -0.00147654 1.74623e-05
20.1267 0.481849 -0.00234189 1.44418 -0.000187015 -0.00147008 1.78473e-05
20.1537 0.48461 -0.00231785 1.44441 -0.000171481 -0.00144805 1.89586e-05
20.1697 0.487328 -0.00229319 1.44465 -0.000159605 -0.00144215 1.89858e-05
20.1935 0.490006 -0.00226797 1.4449 -0.000148911 -0.00137452 1.90589e-05
20.2112 0.492632 -0.00224226 1.44515 -0.000137407 -0.00138746 1.83416e-05
20.2298 0.495209 -0.00221612 1.44541 -0.000121915 -0.00138211 1.78925e-05
20.2529 0.497737 -0.0021896 1.44568 -0.000105186 -0.00136168 1.85407e-05
20.2719 0.500216 -0.00216266 1.44596 -0.000103708 -0.00135868 1.95052e-05
20.2914 0.502647 -0.00213538 1.44625 -0.000105064 -0.00135365 1.90666e-05
20.3123 0.50503 -0.0021078 1.44654 -0.000103731 -0.00128685 1.95302e-05
20.3319 0.507355 -0.0020799 1.44685 -0.000102596 -0.00129168 2.0567e-05
20.3594 0.509624 -0.00205174 1.44716 -9.14482e-05 -0.00129989 2.07413e-05
20.3769 0.511838 -0.00202334 1.44749 -7.66742e-05 -0.00130017 1.92049e-05
20.3957 0.513996 -0.00199466 1.44782 -7.37646e-05 -0.00130927 1.92394e-05
20.4159 0.516104 -0.00196579 1.44817 -7.15734e-05 -0.001675 2.04036e-05
20.4358 0.518212 -0.00193671 1.44853 -7.29826e-05 -0.00126997 2.09456e-05
20.4562 0.520294 -0.00190746 1.44892 -6.87693e-05 -0.00132649 2.05871e-05
20.4772 0.522352 -0.00187801 1.44933 -6.80647e-05 -0.00151091 1.97623e-05
20.497 0.524386 -0.00184836 1.44975 -7.37944e-05 -0.00154301 1.98837e-05
20.5173 0.526397 -0.00181851 1.45017 -8.17299e-05 -0.00151867 2.05385e-05
20.5392 0.528383 -0.00178842 1.45059 -8.98814e-05 -0.00152845 2.06881e-05
20.5593 0.530345 -0.0017581 1.45101 -9.53692e-05 -0.00154673 2.0961e-05
20.5791 0.532286 -0.00172751 1.45143 -9.85837e-05 -0.00146726 2.08472e-05
20.6025 0.534193 -0.00169673 1.45184 -8.61696e-05 -0.00155138 2.02546e-05
20.621 0.536078 -0.00166572 1.45225 -7.13662e-05 -0.00153553 1.95511e-05
20.6394 0.53794 -0.00163447 1.45266 -6.9551e-05 -0.00136617 2.01199e-05
20.6606 0.539767 -0.00160299 1.45306 -7.77057e-05 -0.00145817 2.16258e-05
20.6838 0.541572 -0.00157123 1.45346 -9.88225e-05 -0.00139017 2.31836e-05
20.702 0.543354 -0.00153911 1.45386 -0.00013002 -0.00121576 2.44301e-05
20.7218 0.545104 -0.00150663 1.45424 -0.000154507 -0.00122848 2.52831e-05
20.7422 0.546827 -0.00147373 1.45462 -0.000166467 -0.00118296 2.59584e-05
20.7656 0.548523 -0.00144033 1.45498 -0.000169923 -0.00110895 2.71376e-05
20.7846 0.550193 -0.00140632 1.45532 -0.000182677 -0.00112021 2.75689e-05
20.8063 0.551837 -0.00137168 1.45565 -0.000199587 -0.0010564 2.79219e-05
20.8246 0.553451 -0.00133647 1.45597 -0.00020146 -0.00113667 2.89414e-05
20.8441 0.555047 -0.00130064 1.45626 -0.000194472 -0.000998588 3.01609e-05
20.8661 0.556612 -0.00126422 1.45654 -0.000178413 -0.00106189 3.12116e-05
20.8855 0.558155 -0.00122721 1.4568 -0.000165515 -0.00102101 3.20511e-05
20.9069 0.559678 -0.00118969 1.45705 -0.000149813 -0.000832219 3.33636e-05
20.9259 0.56117 -0.00115176 1.45728 -0.0001238 -0.000904185 3.39805e-05
20.9457 0.562644 -0.00111348 1.45749 -9.98767e-05 -0.000781942 3.51909e-05
20.9685 0.5641 -0.00107491 1.45768 -7.90464e-05 -0.000634619 3.6627e-05
20.9874 0.565526 -0.00103614 1.45785 -6.09378e-05 -0.000753016 3.71551e-05
21.0071 0.566937 -0.000997228 1.45801 -4.72473e-05 -0.00063821 3.77985e-05
21.0275 0.568329 -0.000958292 1.45815 -2.7353e-05 -0.000581582 3.66813e-05
21.0476 0.569702 -0.000919373 1.45827 -7.94405e-06 -0.000579374 3.52505e-05
21.0697 0.571058 -0.000880489 1.45837 4.30616e-07 -0.000552228 3.49516e-05
21.089 0.572395 -0.000841696 1.45846 1.88049e-06 -0.000520246 3.56162e-05
21.1099 0.573714 -0.00080299 1.45853 -1.69107e-06 -0.000510785 3.34468e-05
21.1296 0.575015 -0.000764392 1.45859 -8.26818e-06 -0.000493764 3.27757e-05
21.1493 0.576299 -0.000725929 1.45862 -8.38702e-06 -0.000462444 3.28653e-05
21.1701 0.577565 -0.00068758 1.45864 -3.95636e-06 -0.000447454 3.21631e-05
21.1893 0.578814 -0.000649353 1.45864 2.8117e-06 -0.000444585 3.107e-05
21.2134 0.580045 -0.00061125 1.45863 7.8024e-06 -0.000417935 3.00678e-05
21.2294 0.58126 -0.000573289 1.45859 1.02137e-05 -0.000393926 2.98053e-05
21.2493 0.582457 -0.000535446 1.45855 5.77014e-06 -0.000391969 2.89937e-05
21.2729 0.583637 -0.000497695 1.45848 -7.21525e-06 -0.000374087 2.81182e-05
21.2925 0.584801 -0.000460016 1.4584 -2.49047e-05 -0.000351679 2.84593e-05
21.3138 0.585947 -0.00042224 1.4583 -5.95624e-05 -0.000336192 2.59096e-05
21.3316 0.587078 -0.000384357 1.4582 -9.39301e-05 -0.000299379 2.43355e-05
21.3525 0.588192 -0.000346389 1.45808 -0.000102929 -0.000323582 2.46056e-05
21.3717 0.5893 -0.000308276 1.45795 -8.94742e-05 -0.000335926 2.49069e-05
21.3916 0.5904 -0.000270004 1.45781 -6.56539e-05 -0.000326534 2.6222e-05
21.4134 0.591491 -0.000231734 1.45767 -1.94205e-05 -0.000312537 2.69087e-05
21.4322 0.592561 -0.000193628 1.45751 4.50299e-05 -0.00107761 2.72439e-05
21.4518 0.593689 -0.000155479 1.45737 5.5466e-05 -0.000343085 2.45001e-05
21.4754 0.594845 -0.00011764 1.45726 5.88116e-05 3.44883e-05 2.36226e-05
21.4929 0.596029 -8.02222e-05 1.45716 7.24392e-05 -0.00018165 2.369e-05
21.5146 0.597244 -4.31518e-05 1.45707 7.62974e-05 -0.000339947 2.41537e-05
21.5335 0.59849 -6.4396e-06 1.45698 7.11622e-05 -0.000338109 2.37402e-05
21.5533 0.599767 2.98665e-05 1.45688 6.70876e-05 -0.000334582 2.41518e-05
21.5741 0.601072 6.58009e-05 1.45676 6.15717e-05 -0.000367829 2.50766e-05
21.5939 0.60241 0.000101385 1.45663 5.65675e-05 -0.000287108 2.4776e-05
21.6166 0.603769 0.000136569 1.45648 6.21672e-05 -0.000352201 2.42373e-05
21.6358 0.605156 0.000171392 1.45633 6.77288e-05 -0.000460211 2.45436e-05
21.6554 0.606574 0.000205906 1.45616 6.19049e-05 -0.000446696 2.52085e-05
21.6752 0.608022 0.000240051 1.45599 5.87936e-05 -0.000387375 2.61598e-05
21.6966 0.609487 0.00027378 1.4558 6.86906e-05 -0.000492032 2.65957e-05
21.7169 0.610983 0.000307142 1.45562 7.71468e-05 -0.000340521 2.7285e-05
21.7373 0.612508 0.000340108 1.45543 8.38843e-05 -0.000207699 2.73324e-05
21.7561 0.614061 0.000372665 1.45524 8.75772e-05 -0.00020751 2.62621e-05
21.7763 0.615646 0.00040476 1.45505 9.42832e-05 -0.000175162 2.43996e-05
21.7957 0.617253 0.000436369 1.45486 0.000101983 -0.000108513 2.41773e-05
21.8173 0.618881 0.000467519 1.45467 0.000102822 -0.000188779 2.35134e-05
21.8367 0.620543 0.00049826 1.45449 8.76069e-05 2.69423e-05 2.37983e-05
21.8561 0.622229 0.000528562 1.45431 7.27991e-05 0.000131378 2.32835e-05
21.8796 0.623936 0.00055845 1.45413 6.18916e-05 2.58454e-05 2.3989e-05
21.9005 0.625678 0.00058802 1.45397 4.72345e-05 0.000225847 2.48166e-05
21.9202 0.627438 0.000617313 1.45382 3.2307e-05 0.000170543 2.57409e-05
21.9401 0.629231 0.000646342 1.45369 2.58384e-05 0.000387925 2.55675e-05
21.9599 0.631046 0.000675103 1.45357 3.22243e-05 0.000336955 2.5119e-05
21.9803 0.632895 0.000703566 1.45347 5.11079e-05 0.00041041 2.54139e-05
22.0007 0.634763 0.000731662 1.45339 8.17548e-05 0.00025767 2.61317e-05
22.0239 0.636663 0.000759407 1.45333 0.000101823 0.000324151 2.68477e-05
22.0418 0.638585 0.000786726 1.45329 0.000113898 0.000362562 2.45224e-05
22.061 0.640528 0.000813543 1.45328 0.000116886 0.000342505 2.56238e-05
22.0819 0.642504 0.000839884 1.45328 0.000108832 0.000484367 2.60679e-05
22.1012 0.644504 0.000865696 1.4533 0.0001026 0.000459276 2.72126e-05
22.1228 0.646526 0.000890976 1.45335 0.000103246 0.000388621 2.90882e-05
22.1416 0.648571 0.000915785 1.45342 0.000101539 0.000432866 3.06173e-05
22.1611 0.650638 0.000940135 1.45352 9.63739e-05 0.000423789 3.21657e-05
22.1855 0.652738 0.000964019 1.45363 9.40111e-05 0.000550261 3.25465e-05
22.2041 0.654858 0.000987439 1.45375 9.44688e-05 0.000586974 3.31502e-05
22.2234 0.657002 0.00101039 1.4539 9.99096e-05 0.000608403 3.28849e-05
22.2431 0.659166 0.00103285 1.45405 0.000108587 0.000542212 3.28548e-05
22.264 0.661362 0.00105482 1.45422 0.000115372 0.000739723 3.36669e-05
22.2908 0.663582 0.00107626 1.4544 0.000124103 0.000803198 3.48291e-05
22.3089 0.665824 0.00109716 1.4546 0.000128927 0.00075052 3.61448e-05
22.3298 0.66809 0.00111751 1.45481 0.00012799 0.00075453 3.76408e-05
22.3496 0.670379 0.0011373 1.45503 0.000127597 0.00079573 3.92558e-05
22.3691 0.672692 0.00115646 1.45526 0.00014203 0.00082614 3.76735e-05
22.3909 0.675028 0.001175 1.4555 0.000154441 0.000863442 3.73425e-05
22.4097 0.677387 0.00119289 1.45575 0.000162765 0.000906818 3.83243e-05
22.4305 0.67977 0.00121009 1.456 0.000169316 0.000950715 3.96421e-05
22.4492 0.682163 0.0012266 1.45627 0.000172922 0.000319382 4.04293e-05
22.4701 0.684663 0.0012425 1.45656 0.00015561 0.000848301 4.0598e-05
22.4898 0.687238 0.0012577 1.4569 0.000144349 0.000995481 4.15585e-05
22.5094 0.689889 0.00127226 1.45726 0.000140017 0.000775931 4.03649e-05
22.5312 0.692618 0.00128623 1.45765 0.000134698 0.000739563 3.89235e-05
22.5507 0.695413 0.00129959 1.45806 0.000133899 0.000680255 4.02552e-05
22.5707 0.698278 0.00131237 1.45848 0.00013381 0.000652472 4.21612e-05
22.592 0.701212 0.00132467 1.45891 0.000120058 0.000717382 4.33787e-05
22.6103 0.704207 0.0013365 1.45935 0.00010219 0.000675705 4.35895e-05
22.6313 0.707264 0.00134785 1.45979 9.07486e-05 0.00066649 4.44837e-05
22.651 0.71038 0.00135876 1.46025 8.91544e-05 0.000656891 4.55625e-05
22.6712 0.713556 0.00136923 1.46071 9.50142e-05 0.000651488 4.61861e-05
22.6915 0.716791 0.0013792 1.46118 0.000117399 0.000644346 4.78066e-05
22.7119 0.720087 0.00138861 1.46165 0.000152013 0.000726177 4.88708e-05
22.7334 0.723433 0.0013974 1.46211 0.000186977 0.000703589 4.83299e-05
22.7523 0.72683 0.0014055 1.46258 0.000209031 0.000682699 4.83033e-05
22.7718 0.730278 0.00141287 1.46304 0.000213534 0.000718368 4.77597e-05
22.7941 0.733776 0.00141942 1.4635 0.000211196 0.000755429 4.83095e-05
22.8132 0.737327 0.00142518 1.46395 0.000201548 0.000836696 4.71094e-05
22.8357 0.740922 0.00143019 1.46441 0.00018185 0.00084027 4.65036e-05
22.8527 0.744559 0.00143444 1.46485 0.00016619 0.000825123 4.80215e-05
22.8731 0.748239 0.00143798 1.4653 0.000161489 0.000860715 4.69277e-05
22.8945 0.751961 0.00144086 1.46573 0.000159769 0.000914689 4.70383e-05
22.9131 0.755726 0.00144307 1.46615 0.000162712 0.000968426 4.79664e-05
22.9362 0.759535 0.00144457 1.46656 0.000179067 0.0010919 4.82243e-05
22.9556 0.763377 0.00144535 1.46696 0.000198697 0.00110363 4.67296e-05
22.9748 0.767255 0.00144536 1.46734 0.000216742 0.00111793 4.51113e-05
22.9962 0.771167 0.00144458 1.46771 0.000225648 0.00116327 4.54111e-05
23.0174 0.775114 0.00144297 1.46806 0.000226051 0.00121046 4.56459e-05
23.0382 0.779097 0.00144053 1.46838 0.000219733 0.00124504 4.6442e-05
23.0562 0.783116 0.00143729 1.46868 0.000207452 0.00138881 4.46953e-05
23.0766 0.787162 0.00143319 1.46895 0.000204688 0.00126492 4.47768e-05
23.0981 0.791245 0.00142829 1.46921 0.000204658 0.00129092 4.48291e-05
23.1182 0.795356 0.00142262 1.46945 0.000202374 0.00132863 4.51261e-05
23.1386 0.799494 0.00141618 1.46967 0.000198938 0.00129982 4.59986e-05
23.1577 0.803659 0.00140897 1.46987 0.000199958 0.00130743 4.64054e-05
23.1778 0.807851 0.00140104 1.47005 0.000197205 0.00134153 4.6367e-05
23.199 0.812071 0.00139229 1.47022 0.000204341 0.00135578 4.65485e-05
23.2188 0.816317 0.00138283 1.47036 0.000203407 0.00136874 4.73176e-05
23.2392 0.820589 0.00137272 1.47048 0.000184662 0.00139253 4.8161e-05
23.2595 0.824889 0.00136189 1.47058 0.000170188 0.00139234 4.90676e-05
23.2795 0.829218 0.00135051 1.47067 0.000144869 0.0015153 4.98013e-05
23.3005 0.833565 0.00133858 1.47074 0.000124838 0.00143096 4.96333e-05
23.3204 0.83793 0.0013261 1.47079 0.000119799 0.0013643 5.0005e-05
23.3401 0.842316 0.00131313 1.47083 0.000125882 0.0014122 5.13523e-05
23.36 0.84672 0.00129971 1.47086 0.000132112 0.00146038 5.21734e-05
23.38 0.851143 0.00128584 1.47087 0.000137121 0.00148082 5.10276e-05
23.4043 0.855585 0.00127149 1.47087 0.000140247 0.00150077 5.0688e-05
23.4237 0.860045 0.00125666 1.47085 0.000138702 0.0015274 5.14459e-05
23.4466 0.864528 0.00124137 1.47081 0.000131642 0.00166332 5.16373e-05
23.4654 0.868998 0.00122554 1.47075 0.000136973 0.000763875 5.33255e-05
23.4858 0.873556 0.00120923 1.4707 0.000143257 0.00104899 5.43924e-05
23.5054 0.878195 0.00119236 1.47066 0.000158756 0.00159554 5.5798e-05
23.5244 0.882902 0.00117484 1.47062 0.0001875 0.00142236 5.78201e-05
23.5446 0.887682 0.00115668 1.47059 0.000211733 0.0012366 5.89602e-05
23.5646 0.892526 0.00113788 1.47056 0.000214905 0.00120866 6.02305e-05
23.5849 0.897433 0.00111832 1.4705 0.000214785 0.00129322 6.2352e-05
23.6062 0.902392 0.00109794 1.47043 0.000224869 0.00117157 6.28918e-05
23.6281 0.907407 0.00107678 1.47034 0.000230364 0.00113096 6.29158e-05
23.6471 0.912478 0.00105485 1.47023 0.000226461 0.00115599 6.27562e-05
23.6653 0.917596 0.00103209 1.4701 0.000227616 0.00114404 6.38758e-05
23.6855 0.922761 0.00100847 1.46996 0.000234176 0.00112006 6.53345e-05
23.7072 0.927974 0.000983999 1.46979 0.000246305 0.00116608 6.58338e-05
23.7256 0.933226 0.000958621 1.46962 0.000264289 0.00116837 6.44815e-05
23.7462 0.938517 0.000932347 1.46943 0.000272794 0.00114561 6.41538e-05
23.7674 0.943847 0.000905189 1.46923 0.000265784 0.00116153 6.39322e-05
23.787 0.949217 0.000877161 1.46902 0.000246982 0.00130573 6.26298e-05
23.808 0.954618 0.000848255 1.4688 0.000228268 0.00123954 6.23634e-05
23.8273 0.960049 0.00081854 1.46857 0.000213312 0.00112853 6.03761e-05
23.8503 0.965512 0.000788046 1.46835 0.000204499 0.00114034 5.97737e-05
23.8682 0.971004 0.00075682 1.46812 0.000203256 0.00118088 5.70336e-05
23.888 0.976526 0.000724868 1.46789 0.000207209 0.00119356 5.46939e-05
23.9091 0.98208 0.000692149 1.46766 0.000220719 0.00132396 5.30964e-05
23.929 0.987655 0.000658602 1.46743 0.000245429 0.00126152 5.18149e-05
23.949 0.993252 0.000624181 1.46721 0.000272596 0.00124058 5.15525e-05
23.9692 0.998871 0.000588871 1.467 0.00028908 0.00128612 5.05767e-05
23.9889 1.00451 0.00055257 1.46678 0.000301134 0.00130922 4.95772e-05
24.0127 1.01018 0.000515209 1.46658 0.000311921 0.00140707 4.95127e-05
24.0301 1.01586 0.000476797 1.46638 0.000317865 0.00131955 4.5527e-05
24.0523 1.02155 0.000437297 1.4662 0.000317017 0.00132407 4.27332e-05
24.0702 1.02725 0.000396676 1.46602 0.000315025 0.0013786 4.22897e-05
24.0903 1.03297 0.000354946 1.46585 0.000314441 0.00141006 4.18307e-05
24.1129 1.03871 0.000312077 1.46568 0.000320727 0.0014726 4.09118e-05
24.131 1.04445 0.00026812 1.46552 0.000323629 0.00143421 3.82539e-05
24.155 1.05019 0.000223064 1.46537 0.000321296 0.00144055 3.63659e-05
24.1719 1.05595 0.000176854 1.46523 0.000325256 0.00146315 3.49677e-05
24.1916 1.06171 0.000129437 1.4651 0.00034069 0.00147474 3.54864e-05
24.2131 1.06748 8.08436e-05 1.46497 0.000355175 0.00156723 3.58878e-05
24.2349 1.07325 3.11092e-05 1.46484 0.000353006 0.00157062 3.7029e-05
24.2554 1.07902 -1.97284e-05 1.46472 0.000332117 0.00149438 3.69029e-05
24.2738 1.0848 -7.16354e-05 1.46461 0.000301752 0.00150439 3.49955e-05
24.2942 1.09057 -0.000124587 1.46451 0.000274504 0.00151176 3.53354e-05
24.314 1.09634 -0.000178438 1.46441 0.000247479 0.00149889 3.49718e-05
24.3361 1.10211 -0.000233083 1.46432 0.000220626 0.00149544 3.45494e-05
24.356 1.10788 -0.000288478 1.46423 0.000204778 0.00149378 3.37869e-05
24.3749 1.11365 -0.000344539 1.46415 0.000199009 0.00155366 2.96663e-05
24.3951 1.11941 -0.000401201 1.46408 0.000191509 0.00148856 2.81143e-05
24.4167 1.12516 -0.000458411 1.46401 0.000178973 0.00145816 2.84082e-05
24.4357 1.13091 -0.000516186 1.46396 0.00017385 0.00146361 2.96754e-05
24.4578 1.13664 -0.000574549 1.4639 0.000185391 0.00148291 2.94847e-05
24.4764 1.14236 -0.000633561 1.46386 0.000212344 0.00150235 3.23173e-05
24.4961 1.14807 -0.000693287 1.46382 0.000251106 0.000574026 3.36369e-05
24.5199 1.15389 -0.000753627 1.46382 0.000260162 0.00150835 3.46685e-05
24.538 1.15977 -0.000814837 1.46387 0.000276155 0.0015432 3.4494e-05
24.5594 1.1657 -0.000876946 1.46396 0.000293707 0.0012351 3.36007e-05
24.5784 1.17169 -0.000939959 1.46407 0.000302768 0.00102771 3.29069e-05
24.599 1.17773 -0.00100392 1.46419 0.000303607 0.00106038 3.38048e-05
24.6228 1.18382 -0.00106884 1.46433 0.00030168 0.00098526 3.537e-05
24.6432 1.18995 -0.00113476 1.46447 0.000301933 0.000853591 3.63387e-05
24.6632 1.19612 -0.00120165 1.46461 0.000304065 0.000795094 3.81297e-05
24.6824 1.20233 -0.00126944 1.46477 0.000296541 0.000840255 3.65255e-05
24.7023 1.20858 -0.00133816 1.46493 0.000285215 0.000747357 3.49987e-05
24.7237 1.21486 -0.00140783 1.4651 0.000282309 0.0007088 3.4956e-05
24.7431 1.22118 -0.00147842 1.46529 0.000289294 0.000737052 3.24536e-05
24.7656 1.22753 -0.00154991 1.46549 0.000292344 0.000718253 3.21392e-05
24.7829 1.23392 -0.00162224 1.46569 0.000281264 0.000786051 3.27416e-05
24.8034 1.24033 -0.0016954 1.4659 0.000264014 0.000784525 3.33856e-05
24.8258 1.24676 -0.00176931 1.46612 0.000240078 0.000760784 3.38137e-05
24.844 1.25323 -0.0018439 1.46634 0.000212798 0.000774069 3.43438e-05
24.8651 1.25972 -0.0019191 1.46656 0.000188889 0.000916412 3.41886e-05
24.8851 1.26622 -0.00199485 1.46679 0.000174517 0.000877193 3.46603e-05
24.9046 1.27275 -0.00207105 1.46701 0.000162775 0.00089438 3.49191e-05
24.9257 1.2793 -0.00214762 1.46724 0.000147325 0.000922888 3.49894e-05
24.9446 1.28586 -0.00222456 1.46747 0.000137191 0.000930741 3.55186e-05
24.9655 1.29244 -0.00230177 1.46769 0.000125283 0.000930595 3.63838e-05
24.9856 1.29905 -0.00237916 1.46791 0.000103562 0.00103917 3.71418e-05
25.0052 1.30566 -0.00245673 1.46813 8.61364e-05 0.000969134 3.77377e-05
25.0258 1.31228 -0.00253436 1.46835 6.70303e-05 0.000924459 3.5858e-05
25.0458 1.31891 -0.00261202 1.46856 5.07233e-05 0.000971891 3.56529e-05
25.0676 1.32555 -0.00268969 1.46877 4.12556e-05 0.00102993 3.72108e-05
25.0856 1.3322 -0.0027673 1.46897 3.90126e-05 0.00106207 3.81888e-05
25.1053 1.33887 -0.00284483 1.46917 4.027e-05 0.00116717 3.91559e-05
25.1269 1.34553 -0.00292223 1.46936 3.51211e-05 0.00114739 3.94619e-05
25.1479 1.3522 -0.00299944 1.46954 1.6579e-05 0.00111288 3.91818e-05
25.1698 1.35887 -0.00307641 1.4697 -8.1704e-06 0.00113303 3.75053e-05
25.1866 1.36554 -0.00315311 1.46986 -3.13743e-05 0.00114654 3.74223e-05
25.2086 1.37222 -0.00322945 1.47001 -5.43103e-05 0.00113363 3.76286e-05
25.2285 1.3789 -0.00330537 1.47015 -6.97308e-05 0.00120241 3.6797e-05
25.2474 1.38558 -0.00338075 1.47027 -8.63379e-05 0.00125173 3.57638e-05
25.2695 1.39225 -0.00345559 1.47039 -9.78615e-05 0.00123495 3.3666e-05
25.2892 1.39892 -0.0035298 1.4705 -0.000109385 0.00117697 3.26482e-05
25.3085 1.40558 -0.00360334 1.47061 -0.000123579 0.00116385 3.21254e-05
25.3297 1.41224 -0.00367619 1.47071 -0.000131597 0.00117042 3.18158e-05
25.35 1.41889 -0.00374835 1.4708 -0.000128212 0.00117279 3.07501e-05
25.3713 1.42554 -0.00381981 1.47088 -0.000119563 0.00116739 2.97423e-05
25.3903 1.43219 -0.00389062 1.47096 -0.00010469 0.00116721 2.91919e-05
25.41 1.43882 -0.00396086 1.47103 -7.9374e-05 0.00121604 2.98202e-05
25.4324 1.44545 -0.00403051 1.47109 -6.37327e-05 0.00118252 3.13022e-05
25.4512 1.45206 -0.00409956 1.47115 -6.96554e-05 0.00118038 3.2141e-05
25.4706 1.45866 -0.00416807 1.4712 -8.25303e-05 0.00119197 3.35075e-05
25.4909 1.46524 -0.00423599 1.47124 -0.000104486 0.00118868 3.47152e-05
25.512 1.4718 -0.00430314 1.47126 -0.000148639 0.000289218 3.72074e-05
25.5312 1.47849 -0.00436947 1.47131 -0.000193209 0.000867234 3.83749e-05
25.5528 1.48524 -0.00443488 1.47137 -0.000228775 0.000898613 3.88847e-05
25.5723 1.49206 -0.0044992 1.47143 -0.000257863 0.000560694 3.98417e-05
25.5924 1.49893 -0.00456229 1.47149 -0.000290193 0.000378839 4.01636e-05
25.6126 1.50585 -0.00462401 1.47153 -0.000324157 0.000333008 3.86369e-05
25.6329 1.51283 -0.00468425 1.47156 -0.000361721 0.000374935 3.79352e-05
25.6524 1.51985 -0.00474289 1.47157 -0.000397664 0.000343895 3.81748e-05
25.6765 1.52692 -0.00479983 1.47156 -0.000425898 0.000287181 3.64096e-05
25.6929 1.53404 -0.00485493 1.47153 -0.000453759 0.000328842 3.55842e-05
25.7132 1.5412 -0.00490811 1.47148 -0.000478623 0.000265865 3.59785e-05
25.7365 1.54839 -0.00495926 1.4714 -0.000502592 0.000190374 3.75088e-05
25.7542 1.55561 -0.00500829 1.47132 -0.000523489 0.000203708 3.77059e-05
25.7765 1.56288 -0.00505519 1.47121 -0.000534863 0.000292857 3.87381e-05
25.7943 1.57017 -0.00509987 1.47109 -0.000540632 0.000223944 3.78917e-05
25.8152 1.5775 -0.00514231 1.47095 -0.000542604 0.000291444 3.73771e-05
25.8369 1.58486 -0.00518251 1.47081 -0.000541615 0.000283168 3.54483e-05
25.8561 1.59224 -0.00522047 1.47066 -0.000541284 0.000409188 3.56712e-05
25.8766 1.59965 -0.00525623 1.47051 -0.000535083 0.000304693 3.67878e-05
25.9 1.60708 -0.00528977 1.47035 -0.000530253 0.000432597 3.84761e-05
25.9178 1.61454 -0.0053211 1.47019 -0.000528909 0.000591768 3.95986e-05
25.9378 1.62201 -0.00535025 1.47004 -0.000530042 0.000769953 4.05773e-05
25.963 1.6295 -0.00537724 1.46989 -0.00052702 0.000706744 4.06005e-05
25.981 1.63701 -0.00540205 1.46974 -0.000526525 0.000734795 3.90121e-05
26.0003 1.64453 -0.00542473 1.46959 -0.000525208 0.000745564 3.82817e-05
26.02 1.65207 -0.00544525 1.46945 -0.000529603 0.000780943 3.81252e-05
26.0419 1.65962 -0.00546357 1.46931 -0.00054003 0.000891268 3.54545e-05
26.0601 1.66717 -0.00547977 1.46917 -0.000543336 0.000760596 3.37826e-05
26.0832 1.67475 -0.00549377 1.46904 -0.000546493 0.000856195 3.1144e-05
26.1004 1.68233 -0.00550559 1.46893 -0.000549764 0.000887055 3.03998e-05
26.1211 1.68991 -0.00551523 1.46883 -0.000552206 0.000865325 3.10561e-05
26.1444 1.69751 -0.00552273 1.46874 -0.000544656 0.000896758 3.27659e-05
26.1617 1.70511 -0.00552808 1.46866 -0.000534175 0.00092773 3.44505e-05
26.1825 1.71271 -0.00553127 1.4686 -0.000532322 0.00100909 3.56977e-05
26.2035 1.72032 -0.00553233 1.46854 -0.000533048 0.000975141 3.49274e-05
26.2222 1.72792 -0.00553133 1.4685 -0.000528441 0.000951896 3.60183e-05
26.2436 1.73553 -0.00552828 1.46848 -0.000517851 0.000975797 3.53101e-05
26.2632 1.74313 -0.0055232 1.46848 -0.00050962 0.000989448 3.54087e-05
26.2831 1.75073 -0.00551608 1.46849 -0.000509364 0.000986713 3.46248e-05
26.3033 1.75833 -0.00550693 1.46852 -0.000514813 0.00108864 3.34008e-05
26.3233 1.76592 -0.0054958 1.46857 -0.000519367 0.00098192 3.14463e-05
26.3445 1.77352 -0.00548267 1.46864 -0.000523308 0.00104429 3.1586e-05
26.3643 1.7811 -0.00546755 1.46873 -0.000520591 0.00104625 3.00264e-05
26.3849 1.78868 -0.00545048 1.46884 -0.00051026 0.00102079 2.93779e-05
26.4052 1.79625 -0.00543147 1.46897 -0.000497839 0.00102233 2.74177e-05
26.4256 1.8038 -0.00541051 1.46911 -0.000495021 0.00102203 2.73889e-05
26.4463 1.81135 -0.00538766 1.46926 -0.000494817 0.00100859 2.64355e-05
26.4648 1.8189 -0.00536296 1.46942 -0.000490374 0.00107276 2.45296e-05
26.4868 1.82643 -0.00533648 1.46959 -0.000477178 0.00103064 2.44178e-05
26.5061 1.83394 -0.00530822 1.46977 -0.00045983 0.000971607 2.19283e-05
26.5254 1.84141 -0.00527835 1.46996 -0.00042951 -0.000185989 2.28001e-05
26.55 1.849 -0.00524677 1.47018 -0.000419161 0.00051009 2.47455e-05
26.5684 1.85667 -0.00521354 1.47046 -0.000420438 0.00116628 2.54499e-05
26.5927 1.8645 -0.00517853 1.4708 -0.000455573 0.00505936 2.30784e-05
26.6112 1.87192 -0.00514235 1.47119 -0.000411827 0.00171999 2.89471e-05
26.6292 1.87905 -0.00510482 1.47172 -0.000338636 -0.000557931 3.56421e-05
26.6553 1.88597 -0.0050659 1.47233 -0.000291361 0.00046133 3.86239e-05
26.674 1.89263 -0.00502607 1.47296 -0.000227853 0.00117251 4.30774e-05
26.6929 1.89906 -0.00498556 1.47356 -0.000154833 0.00119279 4.70584e-05
26.7134 1.90528 -0.00494452 1.47412 -9.06959e-05 0.00136089 4.78658e-05
26.7341 1.91127 -0.00490326 1.47462 -2.95251e-05 0.00175299 4.9233e-05
26.7562 1.91705 -0.00486204 1.47505 3.16434e-05 0.00206005 5.07542e-05
26.7735 1.92261 -0.00482105 1.47542 8.56404e-05 0.00224516 5.30173e-05
26.7955 1.92796 -0.00478041 1.47572 0.000118748 0.00239059 5.65459e-05
26.814 1.93309 -0.00474023 1.47596 0.000130537 0.00249646 5.58403e-05
26.8344 1.93802 -0.00470071 1.47614 0.000144017 0.00254394 5.78687e-05
27.0184 1.94273 -0.00466191 1.47627 0.000162407 0.00256145 5.87847e-05
27.0382 1.94723 -0.00462387 1.47635 0.000178906 0.00256332 5.9175e-05
27.0694 1.95153 -0.00458658 1.47639 0.000185498 0.00245497 5.82236e-05
27.0898 1.95562 -0.00455012 1.4764 0.000185936 0.00247403 5.9033e-05
27.1094 1.95951 -0.00451451 1.47637 0.000187462 0.00242167 5.91218e-05
27.1308 1.9632 -0.00447971 1.47631 0.000184225 0.00231132 5.73067e-05
27.1511 1.96669 -0.00444575 1.47621 0.000178528 0.00221458 5.7326e-05
27.1709 1.96997 -0.0044126 1.47609 0.000171432 0.00211175 5.829e-05
27.1908 1.97306 -0.00438015 1.47594 0.000154005 0.00199211 5.64894e-05
27.2111 1.97595 -0.00434829 1.47577 0.000113807 0.00186942 5.58014e-05
27.2324 1.97863 -0.00431698 1.47557 7.38422e-05 0.00167064 5.58754e-05
27.2519 1.98112 -0.00428619 1.47536 5.61044e-05 0.00167992 5.46574e-05
27.2743 1.98341 -0.00425578 1.47513 4.58969e-05 0.00149263 5.3596e-05
27.2921 1.9855 -0.00422566 1.47489 3.76861e-05 0.00133841 5.26457e-05
27.3122 1.98739 -0.00419583 1.47464 3.26398e-05 0.00122365 5.30636e-05
27.3361 1.98908 -0.00416622 1.47437 2.63531e-05 0.00102189 5.41919e-05
27.3541 1.99057 -0.00413685 1.47409 2.45224e-05 0.00091081 5.48814e-05
27.375 1.99188 -0.00410771 1.4738 2.93274e-05 0.00083299 5.55824e-05
27.3946 1.99298 -0.00407884 1.47349 4.10011e-05 0.000705629 5.55035e-05
27.4161 1.9939 -0.00405023 1.47317 5.34808e-05 0.000508316 5.48614e-05
27.4401 1.99464 -0.0040219 1.47284 6.09835e-05 0.000473641 5.47878e-05
27.4549 1.99519 -0.00399397 1.47249 7.67116e-05 0.000378057 5.59197e-05
27.4767 1.99556 -0.00396642 1.47213 8.96433e-05 0.000260094 5.7202e-05
27.4952 1.99574 -0.00393926 1.47176 9.44931e-05 0.000161852 5.52856e-05
27.5153 1.99575 -0.00391262 1.47136 0.00010838 5.93608e-05 5.36947e-05
27.5373 1.99557 -0.00388654 1.47095 0.000129106 -5.91845e-05 5.19931e-05
27.5555 1.9952 -0.00386107 1.47052 0.000151789 -0.000254996 5.07081e-05
27.5768 1.99466 -0.00383622 1.47007 0.000163045 -0.000311225 4.9389e-05
27.5959 1.99395 -0.00381201 1.4696 0.00016233 -0.000410174 4.79378e-05
27.618 1.99307 -0.00378849 1.46911 0.000154802 -0.000547206 4.63805e-05
27.6371 1.992 -0.00376557 1.46861 0.000132967 -0.000669176 4.49846e-05
27.6566 1.99077 -0.00374323 1.46809 0.000109001 -0.000781188 4.36763e-05
27.6769 1.98936 -0.00372141 1.46757 8.82848e-05 -0.000964868 4.24579e-05
27.6967 1.98778 -0.00370001 1.46703 6.55995e-05 -0.00101241 4.11522e-05
27.7174 1.98603 -0.00367893 1.46648 4.35549e-05 -0.00145406 3.90254e-05
27.7397 1.98415 -0.00365812 1.46593 2.56728e-05 -0.00150603 3.75062e-05
27.7603 1.98213 -0.0036375 1.4654 1.20027e-05 -0.00140107 3.46813e-05
27.7818 1.97999 -0.00361712 1.46486 1.67397e-05 -0.00159826 3.28322e-05
27.8028 1.97772 -0.00359691 1.46433 2.82148e-05 -0.00186951 3.1296e-05
27.8218 1.97528 -0.00357696 1.46379 5.46016e-05 -0.00360784 2.82492e-05
27.8412 1.97286 -0.00355713 1.46328 5.79143e-05 -0.00306736 2.51929e-05
27.8612 1.97048 -0.00353754 1.46285 4.99944e-05 -0.00195177 2.41513e-05
27.8841 1.9681 -0.00351834 1.46251 6.22351e-05 -0.00242188 2.23884e-05
27.9018 1.96574 -0.0034994 1.46223 6.78092e-05 -0.00301313 1.9568e-05
27.9217 1.9634 -0.00348071 1.46199 6.14133e-05 -0.00313803 1.68083e-05
27.9437 1.96108 -0.00346233 1.46177 5.51156e-05 -0.00311264 1.39763e-05
27.9626 1.95877 -0.00344419 1.46156 4.41323e-05 -0.00313834 1.14877e-05
27.9843 1.95647 -0.00342623 1.46135 2.20721e-05 -0.00323563 9.9896e-06
28.0032 1.9542 -0.00340835 1.46115 -1.07356e-05 -0.00313129 1.01531e-05
28.023 1.95195 -0.00339047 1.46096 -4.38416e-05 -0.0030223 8.59343e-06
28.0433 1.94973 -0.00337248 1.46078 -7.37328e-05 -0.00294563 5.86352e-06
28.063 1.94752 -0.00335428 1.4606 -0.000102535 -0.0029129 4.43232e-06
28.0852 1.94536 -0.00333572 1.46043 -0.000132569 -0.00271287 2.56541e-06
28.1045 1.94322 -0.0033167 1.46027 -0.000162687 -0.00257136 8.64379e-07
28.1241 1.94111 -0.00329711 1.46012 -0.000193509 -0.00245202 3.46665e-07
28.1465 1.93904 -0.00327682 1.45998 -0.000221077 -0.00237363 -1.6201e-06
28.1657 1.93701 -0.00325574 1.45984 -0.000248431 -0.00215801 -2.48012e-06
28.1871 1.93503 -0.00323378 1.45972 -0.000270635 -0.00200911 -2.92701e-06
28.2069 1.93308 -0.00321088 1.45961 -0.000283112 -0.00188297 -4.61545e-06
28.2266 1.93118 -0.003187 1.45952 -0.000286075 -0.00180682 -6.21618e-06
28.249 1.92933 -0.0031621 1.45943 -0.000285867 -0.00158449 -6.52148e-06
28.2675 1.92753 -0.00313619 1.45936 -0.000279057 -0.00144027 -8.12641e-06
28.2898 1.92578 -0.00310922 1.45931 -0.000280992 -0.00131091 -1.00738e-05
28.3074 1.92409 -0.00308121 1.45927 -0.000285528 -0.00124075 -1.20978e-05
28.3275 1.92245 -0.00305216 1.45925 -0.000290194 -0.00107915 -1.42757e-05
28.3499 1.92087 -0.00302204 1.45925 -0.000301137 -0.00090037 -1.50375e-05
28.3687 1.91935 -0.00299079 1.45927 -0.000318086 -0.00077787 -1.64237e-05
28.3902 1.91789 -0.00295836 1.45931 -0.000340995 -0.000666601 -1.66304e-05
28.4102 1.9165 -0.00292468 1.45936 -0.000366161 -0.000542577 -1.78582e-05
28.4296 1.91516 -0.00288958 1.45943 -0.000404654 -0.000421091 -1.92672e-05
28.4499 1.91389 -0.00285292 1.45952 -0.00045661 -0.000385037 -2.01319e-05
28.4701 1.91268 -0.00281459 1.45963 -0.000506467 -0.000224891 -2.11389e-05
28.4928 1.91155 -0.00277447 1.45976 -0.000543207 -6.10918e-05 -2.13906e-05
28.5101 1.91048 -0.0027324 1.45991 -0.000571441 3.9531e-05 -2.14014e-05
28.5303 1.90949 -0.00268822 1.46008 -0.000596947 0.000119468 -2.24271e-05
28.5536 1.90857 -0.00264185 1.46026 -0.000619333 0.000202097 -2.38153e-05
28.5713 1.90771 -0.00259322 1.46046 -0.000637832 0.00029623 -2.51496e-05
28.5931 1.90693 -0.0025423 1.46068 -0.000647447 0.000398853 -2.60792e-05
28.6119 1.90622 -0.0024891 1.46091 -0.000637079 0.000494227 -2.94338e-05
28.632 1.90558 -0.00243363 1.46116 -0.000624081 0.000603702 -2.70263e-05
28.6543 1.90501 -0.00237578 1.46142 -0.000624428 0.000690043 -2.78382e-05
28.6727 1.90452 -0.00231565 1.4617 -0.000627365 0.000753547 -2.90503e-05
28.6936 1.90409 -0.00225318 1.46199 -0.000642968 0.000843331 -2.90922e-05
28.7134 1.90374 -0.00218842 1.4623 -0.000651655 0.000937172 -2.92723e-05
28.7335 1.90346 -0.00212138 1.46261 -0.000650433 0.0010155 -3.06822e-05
28.7544 1.90325 -0.0020519 1.46294 -0.000664973 0.00111988 -3.1753e-05
28.7744 1.90311 -0.00197968 1.46329 -0.000737229 0.00122935 -3.20064e-05
28.7951 1.90304 -0.00190436 1.46365 -0.000884874 0.00132293 -2.99868e-05
28.8158 1.90305 -0.00182556 1.46402 -0.00107023 0.00140472 -2.7186e-05
28.8354 1.90313 -0.00174281 1.46441 -0.00125304 0.00147245 -2.45754e-05
28.858 1.90328 -0.00165545 1.46482 -0.00142568 0.00162639 -2.29123e-05
28.8767 1.9035 -0.00156281 1.46524 -0.00158745 0.00163124 -2.07011e-05
28.8971 1.90378 -0.00146419 1.46568 -0.00175142 0.00164111 -2.01029e-05
28.9177 1.90413 -0.00135907 1.46614 -0.00190074 0.00171202 -1.9695e-05
28.9375 1.90454 -0.00124694 1.46661 -0.00202916 0.00178835 -1.97387e-05
28.9589 1.90502 -0.00112729 1.4671 -0.00213999 0.00183913 -1.87854e-05
28.9771 1.90556 -0.000999775 1.46759 -0.00222669 0.00196131 -1.55723e-05
28.9979 1.90616 -0.000864067 1.4681 -0.00228665 0.00189957 -1.32954e-05
29.0192 1.90681 -0.000719931 1.46862 -0.00232583 0.00189516 -1.20079e-05
29.0375 1.90752 -0.000567195 1.46915 -0.00235252 0.00192961 -1.24499e-05
29.0589 1.90829 -0.000405803 1.46969 -0.00236689 0.00194413 -1.16148e-05
29.0789 1.90911 -0.000235764 1.47022 -0.00236251 0.00203957 -1.1065e-05
29.1 1.90998 -5.71151e-05 1.47076 -0.00234203 0.00195901 -9.81747e-06
29.1196 1.9109 0.000130179 1.47131 -0.00232776 0.0019345 -8.55998e-06
29.1389 1.91187 0.000325986 1.47186 -0.00231347 0.00197931 -5.89405e-06
29.161 1.91289 0.000530316 1.47241 -0.00231278 0.00201049 -4.18946e-06
29.1804 1.91395 0.000743046 1.47297 -0.00231089 0.00211929 -2.98036e-06
29.202 1.91506 0.000964027 1.47353 -0.00229059 0.00208285 -6.39696e-07
29.2206 1.9162 0.00119321 1.47408 -0.00226052 0.00204442 1.92362e-06
29.2412 1.91739 0.00143051 1.47464 -0.00222954 0.00207348 3.84177e-06
29.2618 1.91861 0.00167579 1.4752 -0.00220234 0.0021127 4.91248e-06
29.2811 1.91987 0.00192896 1.47576 -0.00218463 0.00212854 7.27033e-06
29.3045 1.92118 0.00218982 1.47632 -0.00215875 0.00223081 9.20722e-06
29.3214 1.92251 0.00245825 1.47688 -0.00212424 0.00216795 1.22937e-05
29.342 1.92388 0.00273417 1.47744 -0.00209692 0.00217408 1.59002e-05
29.3622 1.92528 0.00301752 1.478 -0.0020866 0.00221641 1.9103e-05
29.382 1.92671 0.00330827 1.47857 -0.00209892 0.00224221 2.22997e-05
29.4052 1.92817 0.00360629 1.47914 -0.00210971 0.00227367 2.54703e-05
29.4238 1.92966 0.00391162 1.4797 -0.00211979 0.00239865 2.92535e-05
29.4423 1.93118 0.00422431 1.48028 -0.00213445 0.00236658 3.27735e-05
29.4632 1.93272 0.00454432 1.48085 -0.00214213 0.00232788 3.73949e-05
29.4854 1.93429 0.00487169 1.48143 -0.00214838 0.00236683 4.06986e-05
29.5049 1.93588 0.00520649 1.48202 -0.00216443 0.00241154 4.35948e-05
29.5235 1.93749 0.00554879 1.48261 -0.00219456 0.0024384 4.62083e-05
29.5448 1.93913 0.00589854 1.4832 -0.00221677 0.00256769 4.94069e-05
29.5646 1.94079 0.00625572 1.48379 -0.00222012 0.00255019 5.46052e-05
29.5845 1.94246 0.00662038 1.48438 -0.00220988 0.00254361 5.7377e-05
29.6074 1.94414 0.00699248 1.48497 -0.00219451 0.00256699 6.06373e-05
29.6278 1.94585 0.00737185 1.48555 -0.00215989 0.00258418 6.457e-05
29.6457 1.94757 0.00775836 1.48613 -0.00210991 0.00267159 6.72686e-05
29.6677 1.9493 0.00815196 1.4867 -0.00207665 0.00268635 7.20068e-05
29.6875 1.95104 0.00855256 1.48726 -0.00206695 0.00264393 7.61035e-05
29.7097 1.95279 0.00896002 1.48782 -0.00206803 0.00262875 7.93588e-05
29.7276 1.95455 0.00937433 1.48837 -0.00208191 0.00262874 8.15453e-05
29.7479 1.95631 0.00979555 1.48891 -0.00211229 0.00262544 8.39292e-05
29.7709 1.95809 0.0102237 1.48944 -0.00214764 0.00269747 8.4865e-05
29.7897 1.95987 0.0106593 1.48996 -0.00225076 0.00263751 8.72993e-05
29.8101 1.96164 0.0111031 1.49047 -0.00249225 0.00258922 9.18474e-05
29.8311 1.96342 0.0115558 1.49098 -0.00283433 0.0025845 9.51707e-05
29.8508 1.9652 0.0120185 1.49147 -0.00322721 0.00256917 9.8047e-05
29.8713 1.96698 0.0124923 1.49195 -0.00361161 0.00261848 0.000101816
29.8939 1.96875 0.0129785 1.49241 -0.00395344 0.0025411 0.00010674
29.9152 1.97052 0.0134783 1.49286 -0.00426413 0.00244649 0.000111867
29.9334 1.97227 0.0139929 1.49329 -0.00452551 0.00242148 0.000115528
29.9527 1.97402 0.0145231 1.4937 -0.00472909 0.00241759 0.00012009
29.974 1.97577 0.0150698 1.49409 -0.00487811 0.00239709 0.000123507
29.9934 1.9775 0.0156333 1.49446 -0.00497294 0.00246604 0.000127263
30.0155 1.97922 0.0162142 1.4948 -0.005019 0.00239678 0.000128262
30.0333 1.98092 0.0168125 1.49513 -0.00502606 0.00234625 0.000131108
30.0533 1.98261 0.0174281 1.49543 -0.0049952 0.002336 0.00013554
30.0761 1.98428 0.0180611 1.4957 -0.00493156 0.00229714 0.000139596
30.0943 1.98593 0.0187111 1.49595 -0.00485184 0.00225072 0.000142764
30.115 1.98757 0.0193778 1.49617 -0.00476604 0.00231548 0.000146368
30.1362 1.98919 0.0200609 1.49637 -0.00468229 0.00225395 0.000151724
30.1557 1.99078 0.02076 1.49655 -0.00458439 0.00220614 0.000157049
30.1772 1.99234 0.0214746 1.4967 -0.00447843 0.00219856 0.000161714
30.1956 1.99389 0.0222043 1.49682 -0.0043626 0.00217982 0.000166243
30.2197 1.99541 0.0229486 1.49692 -0.00424674 0.00214897 0.000166575
30.2372 1.9969 0.0237069 1.497 -0.00412462 0.00212243 0.000170216
30.2564 1.99838 0.0244789 1.49706 -0.00399791 0.00217048 0.000174918
30.2791 1.99982 0.0252639 1.49709 -0.00387531 0.0021007 0.000178731
30.2988 2.00123 0.0260616 1.4971 -0.0037687 0.00201008 0.000181489
30.3199 2.00261 0.0268715 1.49709 -0.00367562 0.00199009 0.000185637
30.3382 2.00396 0.0276931 1.49707 -0.00359606 0.00198586 0.00018922
30.3582 2.00528 0.0285262 1.49702 -0.00353637 0.00195854 0.00019221
30.3786 2.00657 0.0293704 1.49695 -0.00347215 0.00193678 0.000196573
30.3983 2.00782 0.0302253 1.49686 -0.00339944 0.00192274 0.000200032
30.4233 2.00905 0.0310908 1.49675 -0.00333895 0.00188185 0.000205455
30.4391 2.01024 0.0319665 1.49662 -0.0032749 0.00184285 0.00020614
30.459 2.0114 0.0328521 1.49648 -0.00321612 0.00181391 0.000206141
30.4813 2.01253 0.0337476 1.49632 -0.0031741 0.00176911 0.000207506
30.5023 2.01362 0.0346526 1.49614 -0.00315287 0.00182987 0.000209543
30.5229 2.01468 0.0355671 1.49594 -0.00314347 0.0017432 0.000210358
30.5425 2.0157 0.0364909 1.49574 -0.00313553 0.00169404 0.000212538
30.5624 2.01668 0.0374239 1.49552 -0.00312216 0.0017034 0.000215784
30.586 2.01762 0.038366 1.49529 -0.00309245 0.00170783 0.000220335
30.6047 2.01852 0.0393171 1.49505 -0.00305719 0.00170698 0.000222887
30.6236 2.01938 0.0402771 1.4948 -0.00303051 0.00169288 0.000221947
30.6438 2.0202 0.0412459 1.49454 -0.00301003 0.00167132 0.000223002
30.6644 2.02099 0.0422233 1.49427 -0.00298172 0.00166513 0.000223002
30.687 2.02173 0.0432092 1.494 -0.00295992 0.00165211 0.000225124
30.7048 2.02244 0.0442035 1.49373 -0.00293982 0.00163008 0.000221263
30.7269 2.0231 0.0452062 1.49345 -0.00292356 0.00160971 0.000221307
30.7455 2.02373 0.046217 1.49318 -0.00291366 0.00158642 0.00022354
30.7655 2.02432 0.0472361 1.49292 -0.00291367 0.00155168 0.00022543
30.7863 2.02487 0.0482633 1.49266 -0.00290766 0.00153736 0.000227236
30.8063 2.02538 0.0492994 1.49241 -0.0030475 0.00153288 0.000227813
30.8287 2.02585 0.0503459 1.49218 -0.00346772 0.00151189 0.000226434
30.846 2.02629 0.0514038 1.49197 -0.00407088 0.00147233 0.000226117
30.8669 2.02668 0.0524746 1.49176 -0.00471753 0.00140443 0.000225397
30.8886 2.02704 0.0535605 1.49158 -0.00536616 0.00132835 0.000224046
30.9074 2.02736 0.0546636 1.49141 -0.00594795 0.00128237 0.000223722
30.9284 2.02763 0.0557862 1.49125 -0.00645358 0.00126288 0.000222021
30.9479 2.02787 0.0569301 1.49111 -0.00690092 0.00125611 0.000221266
30.9691 2.02807 0.0580969 1.49098 -0.0072495 0.00126903 0.000222013
30.9902 2.02824 0.0592878 1.49086 -0.00750258 0.00127287 0.000222532
31.009 2.02836 0.0605038 1.49075 -0.00766918 0.00125255 0.000224236
31.0293 2.02844 0.0617455 1.49064 -0.00776264 0.00122704 0.000225242
31.0498 2.02849 0.0630133 1.49055 -0.00779821 0.001144 0.000222641
31.0711 2.0285 0.0643073 1.49047 -0.00776741 0.00117742 0.000222942
31.091 2.02849 0.0656271 1.49039 -0.00767984 0.00117459 0.000225237
31.1117 2.02845 0.0669725 1.49032 -0.00753861 0.00115516 0.0002252
31.1332 2.02837 0.068343 1.49026 -0.00737346 0.00115139 0.000227319
31.1521 2.02827 0.0697378 1.4902 -0.0071955 0.0011404 0.000228163
31.1707 2.02813 0.0711563 1.49015 -0.00700471 0.00111137 0.000228226
31.1916 2.02796 0.0725976 1.49009 -0.00682739 0.00108787 0.000229539
31.212 2.02777 0.074061 1.49004 -0.00664531 0.00108579 0.000229563
31.2338 2.02754 0.0755455 1.48998 -0.00645311 0.00108377 0.000232661
31.2516 2.02728 0.0770506 1.48991 -0.00627727 0.00108468 0.000233693
31.2719 2.027 0.0785754 1.48985 -0.00610487 0.00109362 0.000233839
31.2945 2.02668 0.0801192 1.48978 -0.00593437 0.00110099 0.000235115
31.3135 2.02634 0.0816813 1.48971 -0.00577699 0.00104895 0.000236045
31.3338 2.02597 0.0832609 1.48964 -0.00561432 0.00108465 0.000237782
31.3541 2.02558 0.0848573 1.48958 -0.0054433 0.00110572 0.000240868
31.3727 2.02517 0.0864699 1.48951 -0.00528345 0.0011199 0.000244837
31.3933 2.02474 0.0880981 1.48944 -0.0051413 0.00113551 0.000245445
31.413 2.02429 0.0897413 1.48937 -0.00502269 0.00114719 0.00024419
31.436 2.02382 0.091399 1.4893 -0.00491896 0.00114779 0.000246212
31.4539 2.02332 0.0930706 1.48923 -0.00482121 0.00112968 0.000245734
31.4737 2.02281 0.0947556 1.48915 -0.0047266 0.00111214 0.000244161
31.4956 2.02227 0.0964538 1.48907 -0.00463659 0.00110492 0.0002465
31.5147 2.02171 0.0981646 1.48899 -0.0045479 0.00109564 0.000246251
31.5364 2.02113 0.0998876 1.4889 -0.00445227 0.00108299 0.000245452
31.5555 2.02053 0.101622 1.48881 -0.00434744 0.0010783 0.000245681
31.5752 2.01991 0.103369 1.48872 -0.00425076 0.00107124 0.000246254
31.5959 2.01927 0.105126 1.48862 -0.0041547 0.00100732 0.000246072
31.6167 2.01861 0.106894 1.48852 -0.00405335 0.00100888 0.00024829
31.637 2.01795 0.108672 1.48841 -0.00396027 0.0010026 0.000246441
31.6567 2.01727 0.11046 1.48831 -0.00387693 0.00099989 0.000245326
31.6766 2.01657 0.112257 1.4882 -0.00381375 0.0010075 0.000246901
31.6971 2.01587 0.114063 1.4881 -0.00377345 0.00100936 0.000246122
31.7181 2.01515 0.115879 1.48798 -0.00373636 0.00100162 0.000245547
31.7408 2.01441 0.117703 1.48787 -0.00370121 0.00100399 0.000244129
31.7581 2.01367 0.119536 1.48775 -0.0036789 0.00100587 0.00024653
31.7779 2.01291 0.121378 1.48763 -0.00365223 0.00100111 0.000249685
31.7995 2.01214 0.123228 1.48751 -0.0036119 0.000995997 0.00025037
31.8201 2.01135 0.125086 1.48738 -0.00367585 0.000995024 0.000251068
31.841 2.01055 0.126955 1.48726 -0.00415974 0.0010029 0.000250743
31.8591 2.00974 0.128837 1.48714 -0.00500328 0.00101557 0.000251346
31.8798 2.00892 0.130734 1.48703 -0.00601469 0.00101815 0.000251993
31.8999 2.00808 0.132648 1.48691 -0.00705021 0.00102403 0.000250559
31.9196 2.00723 0.134583 1.48678 -0.00799853 0.00103238 0.000247919
31.9412 2.00636 0.136543 1.48665 -0.00885188 0.000935333 0.000249099
31.9611 2.0055 0.13853 1.48652 -0.00957124 0.000993774 0.00025043
31.9808 2.00462 0.140548 1.48637 -0.0101388 0.00104466 0.000250318
32.0017 2.00374 0.142598 1.48622 -0.0105654 0.00102453 0.000251875
32.0233 2.00286 0.144681 1.48606 -0.0108447 0.00100725 0.000253648
32.0425 2.00197 0.146799 1.48589 -0.0109886 0.00101442 0.000255846
32.0621 2.00108 0.148953 1.48571 -0.0110187 0.00102764 0.000259464
32.0824 2.00018 0.151143 1.48552 -0.0109574 0.0010366 0.000259884
32.105 1.99928 0.153367 1.48532 -0.0108372 0.00104874 0.000260151
32.1232 1.99837 0.155627 1.48511 -0.0106695 0.00106846 0.00026368
32.1459 1.99746 0.157921 1.48489 -0.0104683 0.00107905 0.000269209
32.1631 1.99654 0.160248 1.48467 -0.0102363 0.00107778 0.000271086
32.1842 1.99562 0.162607 1.48444 -0.00997353 0.00108815 0.000266609
32.2099 1.99469 0.164998 1.48421 -0.00970703 0.0010301 0.00026775
32.2257 1.99377 0.167419 1.48398 -0.00945446 0.00107582 0.000265877
32.2467 1.99285 0.169869 1.48376 -0.00918817 0.00114 0.00026702
32.2665 1.99193 0.172347 1.48354 -0.00890268 0.00113745 0.000268485
32.2865 1.99101 0.174853 1.48333 -0.00861092 0.00112035 0.0002699
32.3064 1.9901 0.177383 1.48312 -0.00831905 0.00111609 0.000272553
32.3265 1.9892 0.179939 1.48292 -0.00804066 0.00111765 0.000275276
32.3497 1.98829 0.182517 1.48272 -0.00778271 0.00111552 0.000276821
32.3669 1.98739 0.185118 1.48252 -0.00754075 0.00111873 0.000277795
32.3868 1.98649 0.18774 1.48233 -0.00732015 0.00113794 0.000276356
32.4122 1.9856 0.190383 1.48213 -0.00711842 0.00115043 0.000270195
32.4311 1.98471 0.193044 1.48195 -0.00692348 0.00116526 0.000266225
32.4535 1.98383 0.195725 1.48177 -0.00674636 0.00119244 0.000257965
32.4728 1.98294 0.198423 1.48159 -0.00659055 0.00120776 0.000254986
32.4923 1.98206 0.201139 1.48142 -0.0064524 0.00120584 0.000253142
32.5123 1.98119 0.203871 1.48126 -0.00633407 0.00121985 0.000250889
32.5323 1.98032 0.20662 1.48109 -0.00623089 0.00123695 0.000248169
32.5561 1.97945 0.209384 1.48093 -0.00614927 0.00123857 0.000246549
32.5735 1.97859 0.212163 1.48078 -0.00607767 0.00123619 0.000247807
32.594 1.97773 0.214957 1.48063 -0.00600015 0.00122867 0.00024966
32.6169 1.97687 0.217766 1.48048 -0.0059244 0.00118627 0.000250525
32.6366 1.97602 0.220588 1.48034 -0.00583941 0.00116686 0.00024811
32.6579 1.97519 0.223425 1.4802 -0.00575867 0.00126342 0.000246877
32.6764 1.97435 0.226275 1.48008 -0.00567726 0.00107963 0.000247188
32.697 1.97353 0.229138 1.47997 -0.00559302 0.00107955 0.000248393
32.7167 1.97271 0.232014 1.47986 -0.00552615 0.00112513 0.000251881
32.7373 1.97191 0.234902 1.47977 -0.00547092 0.00112964 0.000256525
32.7594 1.97112 0.237803 1.47968 -0.00541252 0.00111142 0.000256434
32.7786 1.97034 0.240715 1.47961 -0.00535935 0.00110579 0.000256904
32.7985 1.96958 0.243639 1.47953 -0.00531307 0.00111495 0.000259595
32.8218 1.96882 0.246574 1.47946 -0.00526473 0.0011222 0.000260726
32.8407 1.96807 0.249521 1.4794 -0.00523787 0.0011866 0.000263875
32.8613 1.96733 0.252481 1.47935 -0.00564806 0.00116863 0.000269844
32.8808 1.96659 0.255458 1.47932 -0.00670284 0.00119959 0.000272328
32.9013 1.96585 0.258454 1.47931 -0.00809399 0.00124931 0.000273138
32.9219 1.96512 0.261473 1.47931 -0.00964868 0.00126526 0.000274666
32.942 1.96438 0.26452 1.47932 -0.0111337 0.00128061 0.000275524
32.9625 1.96366 0.2676 1.47934 -0.012451 0.00129914 0.000273955
32.9818 1.96293 0.270718 1.47937 -0.0136343 0.00130282 0.000273763
33.0035 1.96221 0.273878 1.47939 -0.0145662 0.00133045 0.000276769
33.0259 1.9615 0.277084 1.47942 -0.0152749 0.00136035 0.000277395
33.0427 1.96078 0.280338 1.47945 -0.0157904 0.00135975 0.000278032
33.0643 1.96008 0.283642 1.47949 -0.0160836 0.00134137 0.000278788
33.0838 1.95937 0.286997 1.47952 -0.0162034 0.00127911 0.000281225
33.1028 1.95868 0.290405 1.47955 -0.0161696 0.00141212 0.000272854
33.1242 1.95799 0.293863 1.47959 -0.0160034 0.00126061 0.00027462
33.1452 1.9573 0.297373 1.47963 -0.0157377 0.00131596 0.000274354
33.1653 1.95662 0.300933 1.47968 -0.0153803 0.00129743 0.000272653
33.1842 1.95594 0.304541 1.47974 -0.0149789 0.00113818 0.000275576
33.2046 1.95528 0.308196 1.4798 -0.014543 0.0012121 0.000275869
33.2262 1.95462 0.311896 1.47986 -0.0141161 0.00104689 0.000279558
33.2454 1.95396 0.315639 1.47992 -0.0136855 0.00103733 0.000280521
33.266 1.95332 0.319424 1.47999 -0.0132472 0.0011911 0.0002796
33.2866 1.95268 0.323249 1.48005 -0.0128292 0.00103607 0.000280919
33.3064 1.95205 0.327112 1.48012 -0.0124041 0.00115075 0.000280157
33.3282 1.95142 0.33101 1.48018 -0.0119958 0.00114448 0.000277823
33.3484 1.9508 0.334944 1.48024 -0.0116405 0.00106044 0.000273159
33.37 1.95018 0.33891 1.4803 -0.0113032 0.00119436 0.000272144
33.3884 1.94957 0.342908 1.48036 -0.0109812 0.00105926 0.000275823
33.4087 1.94897 0.346936 1.48042 -0.0106895 0.00118287 0.000280752
33.4315 1.94838 0.350993 1.48048 -0.0104163 0.00113425 0.000286146
33.4499 1.94779 0.355078 1.48054 -0.0101806 0.00118941 0.000289359
33.4742 1.94721 0.35919 1.48061 -0.00994909 0.00134225 0.00028971
33.4907 1.94663 0.363327 1.48067 -0.0097178 0.00125367 0.000296158
33.5097 1.94606 0.367489 1.48074 -0.00949619 0.00146539 0.000300036
33.5308 1.9455 0.371675 1.4808 -0.00925868 0.00135074 0.000302832
33.5513 1.94494 0.375884 1.48088 -0.0090289 0.00150197 0.000302824
33.5701 1.94439 0.380114 1.48095 -0.00879278 0.00147899 0.000304463
33.5901 1.94384 0.384365 1.48103 -0.00855055 0.00129677 0.000310565
33.6102 1.94331 0.388637 1.48112 -0.00833869 0.00147597 0.000315478
33.6311 1.94321 0.389552 1.48069 -0.00755777 0.00221257 0.000304511
33.6515 1.94318 0.389581 1.48023 -0.0069336 0.00209531 0.000239061
33.6753 1.94312 0.38956 1.48018 -0.00689834 0.00220075 0.000168973
33.6934 1.94308 0.389483 1.48052 -0.00745302 0.00221799 0.000100276
33.7129 1.94304 0.389363 1.48114 -0.00847373 0.00220156 3.20596e-05
33.7351 1.94301 0.389216 1.48196 -0.00984741 0.0023025 -6.16258e-06
33.7573 1.94299 0.389054 1.48291 -0.0113973 0.00230249 -4.7842e-05
33.7775 1.94297 0.388886 1.48392 -0.0130626 0.00230249 -7.93609e-05
33.7985 1.94296 0.388717 1.48497 -0.0147734 0.00230248 -0.000100874
33.8203 1.94296 0.388553 1.48601 -0.0164789 0.00230248 -0.000111598
33.8401 1.94296 0.388398 1.48703 -0.0181398 0.00230248 -0.000110636
33.8588 1.94297 0.388239 1.48799 -0.0197871 0.00235416 -9.34807e-05
33.8824 1.94298 0.388125 1.4889 -0.0209342 0.00226632 -8.28376e-05
33.9011 1.943 0.388083 1.48973 -0.0205769 0.00222332 -7.99088e-05
33.92 1.94304 0.388109 1.49046 -0.018513 0.00220482 -7.95513e-05
34.0922 1.94309 0.388198 1.49109 -0.015156 0.00210521 -8.15833e-05
34.1122 1.94315 0.38834 1.49162 -0.0110269 0.00214045 -8.92887e-05
34.1444 1.94324 0.388521 1.49208 -0.00655639 0.0021743 -9.57776e-05
34.1637 1.94335 0.388726 1.49245 -0.00214796 0.00214984 -0.000101158
34.185 1.94347 0.388941 1.49275 0.00187112 0.00211417 -0.00010537
34.2063 1.9436 0.389068 1.49296 0.00309731 0.00154603 0.00028047
34.2257 1.94375 0.389096 1.49311 0.0026832 0.00116241 0.00067285
34.2481 1.94394 0.389091 1.49323 0.00261937 0.00155716 0.000784155
34.2659 1.94415 0.389061 1.49331 0.00261328 0.00193917 0.000939617
34.2857 1.94439 0.389014 1.49335 0.00262357 0.00205435 0.00115228
34.3067 1.94466 0.388956 1.49334 0.00267305 0.00190313 0.00134753
34.3259 1.94498 0.388888 1.49328 0.00269754 0.00185861 0.00151673
34.3466 1.94534 0.388811 1.49319 0.00264698 0.00177319 0.00166992
34.366 1.94573 0.388724 1.49304 0.00251768 0.0016487 0.00180766
34.3864 1.94617 0.388628 1.49285 0.00231801 0.00154603 0.00193386
34.4084 1.94665 0.388524 1.49262 0.00206558 0.00146674 0.00204178
34.4269 1.94716 0.388413 1.49234 0.00178096 0.00131339 0.00212899
34.4481 1.94773 0.388296 1.49202 0.00147939 0.00140047 0.00220722
34.4674 1.94833 0.388173 1.49166 0.00117689 0.00123942 0.00227315
34.4871 1.94898 0.388047 1.49127 0.000875215 0.00124459 0.0023267
34.5078 1.94968 0.387918 1.49085 0.000585687 0.00127452 0.00236945
34.5271 1.95042 0.387786 1.4904 0.000314722 0.00126531 0.00240236
34.5489 1.95121 0.387655 1.48992 5.99568e-05 0.00125146 0.00241934
34.5682 1.95204 0.387523 1.48941 -0.000172986 0.00124545 0.00242317
34.5876 1.95291 0.387393 1.48887 -0.000391187 0.00116444 0.00242245
34.6087 1.95385 0.387264 1.48831 -0.000597826 0.00123985 0.00241682
34.6283 1.95483 0.387139 1.48774 -0.000777488 0.00126606 0.00239928
34.6494 1.95587 0.387017 1.48714 -0.000928144 0.00125179 0.00237208
34.6693 1.95695 0.386899 1.48653 -0.00107336 0.00126022 0.00234053
34.6887 1.95809 0.386785 1.48589 -0.00120494 0.00128861 0.00229705
34.71 1.95929 0.386677 1.48524 -0.00131563 0.00125059 0.00225177
34.7308 1.96054 0.386575 1.48457 -0.00140618 0.00132836 0.00220222
34.7531 1.96185 0.386478 1.48389 -0.00148022 0.00137097 0.00214477
34.7723 1.96323 0.386387 1.48319 -0.00153381 0.0013848 0.00208109
34.7928 1.96466 0.386303 1.48249 -0.00157088 0.0014183 0.00201425
34.814 1.96615 0.386225 1.48178 -0.00161058 0.00137919 0.00194489
34.834 1.96771 0.386154 1.48106 -0.00163825 0.00151775 0.00187092
34.8547 1.96933 0.38609 1.48034 -0.00164312 0.00147554 0.00179568
34.8749 1.97102 0.386032 1.47962 -0.00163772 0.00157414 0.00171852
34.8939 1.97278 0.385981 1.4789 -0.0016255 0.0016192 0.0016375
34.9164 1.9746 0.385937 1.47817 -0.00160821 0.00162494 0.00155429
34.9358 1.97649 0.385899 1.47744 -0.00158713 0.00162715 0.00147052
34.9581 1.97844 0.385867 1.4767 -0.00155654 0.00163186 0.00138541
34.9751 1.98047 0.385842 1.47596 -0.00151139 0.00156422 0.00129962
34.9952 1.98257 0.385823 1.47522 -0.00146087 0.00166553 0.00121292
35.0162 1.98474 0.385809 1.47447 -0.00139845 0.00169752 0.00112499
35.0369 1.98694 0.385802 1.47372 -0.00136612 -0.000173108 0.00104506
35.0569 1.98944 0.385799 1.47299 -0.00122176 0.000965752 0.000956085
35.0766 1.99219 0.385801 1.47234 -0.000958239 0.00176172 0.000866259
35.0967 1.99518 0.385806 1.47174 -0.000633375 0.00116843 0.000774938
35.1183 1.99842 0.385814 1.47118 -0.000312095 0.000784124 0.000681723
35.1374 2.00188 0.385823 1.47063 4.6959e-06 0.000675795 0.000589378
35.158 2.00556 0.385833 1.47008 0.000312617 0.000620024 0.000499714
35.1771 2.00946 0.385841 1.46952 0.000601677 0.000640607 0.000407349
35.197 2.01358 0.385847 1.46894 0.000874918 0.000445442 0.000319095
35.2196 2.01792 0.38585 1.46836 0.00112127 0.000368306 0.000233944
35.2376 2.02247 0.385849 1.46778 0.00134378 0.000479196 0.000152519
35.2598 2.02724 0.385843 1.4672 0.00154115 0.000478447 7.62301e-05
35.2785 2.03221 0.38583 1.46663 0.00170078 0.000350973 3.55486e-06
35.2978 2.03739 0.385812 1.46606 0.00184731 0.00043945 -6.76035e-05
35.3193 2.04277 0.385786 1.46551 0.00198401 0.000436308 -0.000135633
35.3393 2.04835 0.385752 1.46497 0.00210286 0.000426813 -0.000201487
35.3602 2.05413 0.38571 1.46445 0.00221547 0.000481274 -0.000268808
35.379 2.06012 0.38566 1.46395 0.00232982 0.000497263 -0.000329929
35.4 2.06631 0.3856 1.46347 0.00244798 0.000556756 -0.000391986
35.422 2.07269 0.385531 1.46301 0.0025557 0.000587486 -0.000447719
35.4397 2.07928 0.385452 1.46258 0.00265394 0.000702997 -0.000505087
35.461 2.08605 0.385363 1.46216 0.00273691 0.00081227 -0.000560911
35.4807 2.09301 0.385263 1.46178 0.00281136 0.000853845 -0.000616801
35.5011 2.10015 0.385153 1.46141 0.00288453 0.000970881 -0.000670311
35.5221 2.10746 0.385031 1.46108 0.00295375 0.00102183 -0.000719376
35.5415 2.11495 0.384898 1.46077 0.00301123 0.00118421 -0.000769247
35.5624 2.1226 0.384753 1.46049 0.00305601 0.00133786 -0.00081838
35.5813 2.13041 0.384597 1.46023 0.00309392 0.00147948 -0.000866721
35.6024 2.13838 0.384429 1.46 0.00312696 0.00153705 -0.000913169
35.6252 2.14649 0.384249 1.45979 0.00315933 0.00170353 -0.000958897
35.6429 2.15475 0.384057 1.4596 0.00319756 0.00180563 -0.00100176
35.6631 2.16315 0.383852 1.45944 0.00323936 0.00194976 -0.00104289
35.6827 2.17169 0.383636 1.45929 0.00328298 0.00203591 -0.00108382
35.7037 2.18036 0.383407 1.45917 0.00332012 0.00218469 -0.00112382
35.7242 2.18916 0.383165 1.45906 0.00335116 0.00223239 -0.00115922
35.7433 2.19808 0.382912 1.45896 0.00336786 0.00237847 -0.00119531
35.7642 2.20712 0.382645 1.45889 0.00338831 0.00249947 -0.00123223
35.7841 2.21627 0.382366 1.45883 0.0034155 0.00253739 -0.0012679
35.8049 2.22553 0.382074 1.45878 0.00344176 0.00266795 -0.0013021
35.8244 2.2349 0.381769 1.45874 0.00346636 0.00279694 -0.00133452
35.8446 2.24436 0.381452 1.45871 0.00348656 0.0028087 -0.00136406
35.8678 2.25392 0.381122 1.4587 0.00349874 0.00291518 -0.00139115
35.8865 2.26357 0.380779 1.45869 0.00350446 0.00296548 -0.00141751
35.906 2.2733 0.380423 1.45868 0.00351081 0.003053 -0.00144441
35.9272 2.28312 0.380054 1.45868 0.00351724 0.00307186 -0.00146745
35.9499 2.29301 0.379673 1.45868 0.00352056 0.00315395 -0.00148948
35.9698 2.30298 0.379279 1.45869 0.00351961 0.00323184 -0.00150775
35.9897 2.31301 0.378872 1.4587 0.00351965 0.00321442 -0.00152672
36.01 2.3231 0.378453 1.45872 0.0035205 0.00330585 -0.00154562
36.0308 2.33325 0.378021 1.45874 0.00352437 0.0033132 -0.00156415
36.0496 2.34343 0.377576 1.45876 0.00353171 0.00272 -0.00158189
36.0699 2.35374 0.377119 1.4588 0.00354179 0.00320482 -0.0015965
36.0913 2.36413 0.376649 1.45887 0.0035779 0.00353626 -0.00161008
36.1101 2.37462 0.376166 1.45896 0.00364325 0.00343387 -0.00162301
36.1317 2.38517 0.37567 1.45907 0.00370846 0.00322137 -0.00163682
36.1533 2.39579 0.375161 1.45918 0.00375899 0.00334276 -0.0016475
36.1742 2.40646 0.374638 1.4593 0.00380024 0.00326699 -0.00165658
36.1925 2.41719 0.374103 1.45942 0.00382366 0.00333158 -0.00166538
36.2128 2.42795 0.373554 1.45954 0.00382942 0.00323719 -0.00167145
36.2332 2.43875 0.372992 1.45966 0.00380946 0.00325136 -0.00167446
36.2531 2.44958 0.372417 1.45978 0.00376698 0.00327822 -0.00167763
36.2735 2.46043 0.371829 1.45989 0.00371159 0.00329465 -0.00167895
36.2933 2.47128 0.371229 1.46 0.00363976 0.00331134 -0.00168059
36.3137 2.48215 0.370616 1.4601 0.00354859 0.00331549 -0.00167961
36.335 2.49301 0.369991 1.46019 0.00343781 0.00332876 -0.00167736
36.354 2.50387 0.369355 1.46028 0.00331361 0.00334579 -0.00167374
36.376 2.5147 0.368708 1.46036 0.00318735 0.0033302 -0.00166893
36.3941 2.52552 0.368051 1.46042 0.00305535 0.00329614 -0.00166256
36.4139 2.53631 0.367384 1.46049 0.0029189 0.00332887 -0.00165064
36.4347 2.54706 0.366708 1.46055 0.00278321 0.00334807 -0.00164186
36.4551 2.55778 0.366023 1.46061 0.00265056 0.00336283 -0.00163327
36.4753 2.56845 0.36533 1.46067 0.00252563 0.00337741 -0.00162666
36.4943 2.57906 0.364629 1.46073 0.00240873 0.00330632 -0.00161811
36.5145 2.58961 0.363921 1.46079 0.00229889 0.0033167 -0.00161094
36.5367 2.6001 0.363206 1.46085 0.0021955 0.00332846 -0.00160157
36.5559 2.61052 0.362485 1.46092 0.00208862 0.00332876 -0.0015906
36.5771 2.62086 0.361758 1.46098 0.00197742 0.0032531 -0.00157644
36.5964 2.63111 0.361026 1.46105 0.00186488 0.00329111 -0.00156293
36.6186 2.64128 0.360289 1.46112 0.00175128 0.00329716 -0.00154952
36.6403 2.65136 0.359548 1.46119 0.001625 0.00330008 -0.0015362
36.6567 2.66133 0.358803 1.46127 0.00149955 0.00318588 -0.00152137
36.6793 2.67121 0.358054 1.46135 0.00137537 0.00323131 -0.00150565
36.6977 2.68097 0.357303 1.46143 0.00125508 0.00324628 -0.00148854
36.7184 2.69062 0.35655 1.46151 0.00113436 0.00313082 -0.00147299
36.7388 2.70015 0.355794 1.4616 0.00101758 0.0031414 -0.0014569
36.758 2.70956 0.355037 1.46169 0.000911214 0.00313264 -0.00144209
36.7791 2.71883 0.354279 1.46178 0.000808571 0.00305527 -0.00142564
36.7989 2.72798 0.35352 1.46187 0.000706128 0.00306474 -0.00140854
36.8193 2.73699 0.352761 1.46196 0.00061233 0.00296794 -0.00139155
36.8408 2.74585 0.352003 1.46205 0.000515129 0.0029755 -0.00137488
36.8597 2.75457 0.351245 1.46214 0.000410503 0.00298612 -0.00135539
36.8815 2.76314 0.350488 1.46223 0.000300937 0.00290632 -0.00133753
36.9003 2.77155 0.349733 1.46231 0.000193922 0.00291433 -0.00132007
36.9211 2.77981 0.348979 1.4624 9.1052e-05 0.00281065 -0.00130048
36.9417 2.7879 0.348228 1.46248 -1.18551e-05 0.00281914 -0.00128268
36.9611 2.79582 0.347479 1.46256 -0.000128317 0.0028199 -0.00126522
36.9843 2.80357 0.346733 1.46264 -0.000243098 0.00271356 -0.00124645
37.0016 2.81115 0.345991 1.46272 -0.000353776 0.00267375 -0.00122804
37.0218 2.81854 0.345253 1.46279 -0.000462488 0.00256134 -0.00120986
37.0434 2.82576 0.34452 1.46286 -0.000567354 0.00255768 -0.00119179
37.0621 2.83278 0.343791 1.46293 -0.000684829 0.00247191 -0.0011719
37.0831 2.83961 0.343067 1.463 -0.000815881 0.00253597 -0.00115304
37.1026 2.84623 0.342349 1.46307 -0.000932431 0.00224772 -0.00113483
37.1229 2.85265 0.341638 1.46315 -0.00105197 0.00210946 -0.00111663
37.1467 2.85886 0.340933 1.46323 -0.00116578 0.00207279 -0.00109706
37.1633 2.86487 0.340235 1.46331 -0.00126527 0.00202472 -0.00107787
37.1859 2.87068 0.339544 1.4634 -0.00135757 0.00194731 -0.00105788
37.2039 2.87628 0.338861 1.46349 -0.0014591 0.00179727 -0.00103843
37.2246 2.8817 0.338186 1.46359 -0.00155469 0.00178753 -0.00101986
37.2446 2.88691 0.33752 1.46368 -0.00163155 0.00172515 -0.001001
37.2643 2.89194 0.336862 1.46378 -0.00170156 0.00164006 -0.000982171
37.2862 2.89676 0.336213 1.46389 -0.00177388 0.00151407 -0.000965115
37.3057 2.90141 0.335574 1.46399 -0.00184006 0.00152689 -0.000947402
37.325 2.90587 0.334944 1.46409 -0.00189335 0.00148707 -0.000930021
37.3464 2.91015 0.334323 1.4642 -0.00193734 0.00132774 -0.000911814
37.3679 2.91424 0.333712 1.46431 -0.00198766 0.00133116 -0.000893895
37.3884 2.91816 0.333111 1.46442 -0.00202537 0.00135491 -0.000878018
37.4067 2.92191 0.33252 1.46453 -0.00204729 0.00122452 -0.000862868
37.4266 2.92548 0.331939 1.46464 -0.00207614 0.00121358 -0.000847935
37.4489 2.92889 0.331368 1.46475 -0.00210404 0.00125137 -0.000834012
37.468 2.93213 0.330807 1.46487 -0.00212248 0.00121354 -0.000820429
37.4903 2.9352 0.330256 1.46497 -0.00213602 0.00107837 -0.000807634
37.5082 2.93812 0.329716 1.46508 -0.00214705 0.00106604 -0.000794452
37.5284 2.94088 0.329186 1.46518 -0.0021572 0.001049 -0.000782958
37.5508 2.94348 0.328666 1.46527 -0.00217258 0.000992365 -0.000771938
37.5696 2.94593 0.328157 1.46535 -0.00217806 0.000867837 -0.000761558
37.5903 2.94823 0.327658 1.46543 -0.00219121 0.000898692 -0.000750699
37.6102 2.95038 0.327169 1.4655 -0.00221651 0.000854958 -0.000740885
37.6295 2.95238 0.32669 1.46556 -0.00224291 0.000695773 -0.000729688
37.6519 2.95424 0.326222 1.46562 -0.00227924 0.000731938 -0.000720121
37.6715 2.95597 0.325765 1.46567 -0.00231671 0.00072202 -0.000711978
37.6936 2.95755 0.325318 1.46571 -0.00235077 0.000567939 -0.000702849
37.711 2.959 0.324881 1.46575 -0.00238778 0.000580884 -0.000694708
37.731 2.96032 0.324456 1.46578 -0.00242176 0.000576119 -0.000688902
37.753 2.96151 0.324042 1.46579 -0.00245301 0.000428607 -0.000683313
37.7717 2.96258 0.323638 1.46581 -0.00248275 0.000408172 -0.000676318
37.7927 2.96352 0.323246 1.46581 -0.0025088 0.000416587 -0.000670793
37.8122 2.96434 0.322864 1.46581 -0.00253461 0.000290996 -0.000663287
37.8331 2.96504 0.322494 1.4658 -0.00255463 0.00024724 -0.000655493
37.8539 2.96563 0.322135 1.46579 -0.00257928 0.000254975 -0.000648987
37.8737 2.9661 0.321788 1.46576 -0.00260642 0.000210535 -0.000643769
37.8944 2.96646 0.321452 1.46573 -0.00262816 5.30233e-05 -0.000637586
37.9141 2.96672 0.321127 1.46569 -0.00264782 4.23851e-05 -0.000632446
37.9346 2.96686 0.320814 1.46564 -0.00266461 1.90865e-05 -0.000627185
37.9558 2.96691 0.320512 1.46558 -0.00267427 -5.76159e-05 -0.000622829
37.9762 2.96684 0.320221 1.46551 -0.00267755 -0.0001945 -0.000617631
37.9971 2.96668 0.319943 1.46543 -0.00268148 -0.00017859 -0.00061221
38.0162 2.96643 0.319675 1.46535 -0.00268508 -0.000226807 -0.000607314
38.0354 2.96607 0.319419 1.46526 -0.00268867 -0.000379538 -0.000602142
38.0616 2.96563 0.319174 1.46516 -0.00270243 -0.000368318 -0.000597243
38.0764 2.9651 0.318941 1.46505 -0.0027247 -0.00039177 -0.000593129
38.0974 2.96447 0.318719 1.46494 -0.00273502 -0.000712314 -0.000589044
38.1177 2.96378 0.318509 1.46483 -0.00274465 -0.000570205 -0.000584838
38.1376 2.96303 0.31831 1.46473 -0.00272942 -0.000505433 -0.00058045
38.1598 2.9622 0.318122 1.46464 -0.00269635 -0.000701946 -0.000575303
38.1789 2.96133 0.317945 1.46454 -0.00266032 -0.000708508 -0.000570773
38.1982 2.96039 0.31778 1.46445 -0.00261904 -0.00070316 -0.000568038
38.2198 2.95939 0.317625 1.46436 -0.00256971 -0.00082271 -0.000564522
38.2386 2.95835 0.317481 1.46427 -0.00252988 -0.000853072 -0.000561459
38.2592 2.95726 0.317347 1.46418 -0.00248049 -0.000838288 -0.000558738
38.2794 2.95613 0.317223 1.46409 -0.00242111 -0.000914772 -0.000552768
38.3004 2.95496 0.317109 1.464 -0.00235168 -0.00088544 -0.000550372
38.3205 2.95375 0.317005 1.4639 -0.00226483 -0.00092376 -0.000548619
38.3403 2.95252 0.31691 1.46381 -0.00219286 -0.000828697 -0.000546871
38.3618 2.95126 0.316824 1.46371 -0.00213093 -0.000820855 -0.000545579
38.3807 2.94999 0.316746 1.46361 -0.00207165 -0.000755206 -0.000544254
38.4019 2.94869 0.316677 1.46351 -0.00201841 -0.000673818 -0.000544245
38.4208 2.94738 0.316616 1.4634 -0.00196154 -0.000729297 -0.00054283
38.4411 2.94605 0.316563 1.46329 -0.00190093 -0.000647789 -0.000542379
38.4626 2.94471 0.316517 1.46318 -0.00183756 -0.000532471 -0.000543513
38.4818 2.94337 0.316479 1.46306 -0.00176835 -0.000491674 -0.000544471
38.5036 2.94201 0.316448 1.46294 -0.00170387 -0.00053867 -0.000545175
38.5227 2.94066 0.316423 1.46281 -0.00165548 -0.000398497 -0.00054588
38.543 2.9393 0.316406 1.46269 -0.00160237 -0.000287471 -0.000546507
38.5655 2.93794 0.316394 1.46256 -0.00154543 -0.000247718 -0.000546837
38.5852 2.93658 0.316389 1.46242 -0.00150278 -0.00026785 -0.000547926
38.6051 2.93523 0.316389 1.46229 -0.00145397 -0.000161424 -0.000550806
38.626 2.93389 0.316395 1.46215 -0.00140301 -7.18989e-05 -0.00055314
38.6466 2.93255 0.316407 1.462 -0.00135651 -3.55152e-05 -0.000555099
38.6688 2.93122 0.316424 1.46185 -0.00130069 -0.000482344 -0.000555732
38.6876 2.92994 0.316446 1.46171 -0.00123885 3.40641e-05 -0.000561097
38.7077 2.92869 0.316472 1.46158 -0.0010386 0.000489391 -0.000568573
38.7275 2.92748 0.3165 1.46146 -0.000657527 0.00038504 -0.000574469
38.7473 2.9263 0.31653 1.46135 -0.00011829 0.000341582 -0.000580986
38.7681 2.92514 0.31656 1.46124 0.000565007 0.000345656 -0.000589988
38.7879 2.92401 0.316586 1.46113 0.00138948 0.000374086 -0.000598296
38.8079 2.9229 0.316606 1.46101 0.00233369 0.000375968 -0.000606396
38.8291 2.9218 0.316616 1.46089 0.00340386 0.000371434 -0.000616294
38.8486 2.92073 0.316613 1.46077 0.00453379 0.000382268 -0.000627101
38.8703 2.91967 0.31659 1.46065 0.00576425 0.000516816 -0.000638177
38.8896 2.91862 0.316545 1.46054 0.00708184 0.000495871 -0.00064891
38.9109 2.91757 0.316472 1.46043 0.00843543 0.000495198 -0.000659233
38.9291 2.91654 0.316365 1.46033 0.00986921 0.000704496 -0.00066719
38.9495 2.91551 0.316219 1.46024 0.0113313 0.000686256 -0.000674569
38.9716 2.91449 0.316029 1.46016 0.0128224 0.00066815 -0.000683185
38.9902 2.91346 0.315789 1.46009 0.0143374 0.000897294 -0.000689319
39.0126 2.91243 0.315494 1.46004 0.0158165 0.000864004 -0.000698018
39.0302 2.9114 0.315137 1.46 0.0172853 0.000855254 -0.000706015
39.0516 2.91036 0.314714 1.45996 0.0187622 0.00106334 -0.000709957
39.0748 2.90931 0.314218 1.45994 0.0201931 0.0010866 -0.000716548
39.0942 2.90825 0.313645 1.45992 0.0216393 0.00122705 -0.000723059
39.1154 2.90722 0.312989 1.45992 0.0229937 0.00394603 -0.000660986
39.1356 2.90591 0.31223 1.45998 0.0264608 0.00181583 -0.000634069
39.1544 2.9044 0.311343 1.46019 0.0336018 0.000778061 -0.000497454
39.1783 2.9027 0.31031 1.46052 0.0428908 0.00158086 -0.000276925
39.1963 2.90082 0.309105 1.46091 0.0528238 0.00210262 -7.78105e-05
39.2168 2.89878 0.307696 1.46133 0.0625556 0.00226989 8.02835e-05
39.2362 2.89659 0.306052 1.46175 0.0711283 0.00245125 0.000199624
39.2565 2.89425 0.304143 1.46215 0.0784748 0.00267919 0.000293349
39.2776 2.89178 0.301943 1.46252 0.0843757 0.00281137 0.000344601
39.2976 2.88918 0.299432 1.46284 0.0885887 0.00283928 0.000355223
39.3192 2.88647 0.296594 1.46312 0.0913655 0.00280339 0.00033688
39.3383 2.88364 0.293419 1.46335 0.0926761 0.00280684 0.000305426
39.3577 2.88071 0.289902 1.46354 0.0926752 0.00280898 0.000253674
39.379 2.87769 0.286044 1.46368 0.0915812 0.00279992 0.000189202
39.3981 2.87458 0.281847 1.46379 0.0895995 0.00268109 0.000106184
39.4209 2.87138 0.277319 1.46387 0.0868463 0.00261589 2.17698e-05
39.4385 2.86811 0.272473 1.46391 0.0834816 0.00245334 -7.31431e-05
39.4587 2.86477 0.267319 1.46393 0.0797525 0.00240353 -0.000160126
39.48 2.86137 0.261872 1.46392 0.0757468 0.0021955 -0.00025871
39.4995 2.85791 0.25615 1.46388 0.0715542 0.00211349 -0.000348912
39.52 2.8544 0.250167 1.46384 0.0673413 0.00197715 -0.000438622
39.5397 2.85085 0.243941 1.46377 0.063053 0.00191098 -0.000521857
39.561 2.84726 0.237488 1.4637 0.0588194 0.00171737 -0.000608744
39.5825 2.84364 0.230826 1.46362 0.0546917 0.00162217 -0.000684386
39.6014 2.83999 0.223972 1.46353 0.0506417 0.00143689 -0.00076192
39.6238 2.83632 0.21694 1.46343 0.0467605 0.00142641 -0.000828973
39.6423 2.83264 0.209748 1.46334 0.0430192 0.00120033 -0.000904231
39.6616 2.82895 0.20241 1.46324 0.0393863 0.00113908 -0.000968223
39.6839 2.82527 0.194941 1.46314 0.0359071 0.00104169 -0.00102961
39.7029 2.82158 0.187356 1.46304 0.0325358 0.000916357 -0.00108956
39.724 2.81791 0.179667 1.46293 0.0292733 0.000897231 -0.00114457
39.7436 2.81425 0.171887 1.46282 0.0261347 0.000660265 -0.00120098
39.7632 2.81061 0.164031 1.4627 0.0230671 0.000652663 -0.00124896
39.7857 2.80701 0.156109 1.46259 0.0200349 0.000566734 -0.00129748
39.8046 2.80343 0.148135 1.46247 0.017024 0.000467827 -0.00134405
39.8242 2.7999 0.14012 1.46235 0.0139999 0.000394507 -0.00138512
39.8445 2.79642 0.132077 1.46222 0.0109453 0.00033293 -0.00142309
39.8653 2.79299 0.124017 1.46208 0.00784337 0.000245802 -0.00145857
39.8879 2.78963 0.115953 1.46194 0.00465668 0.000206111 -0.00148777
39.9063 2.78633 0.107897 1.4618 0.0013691 0.000109256 -0.0015133
39.9269 2.78311 0.0998629 1.46165 -0.00193789 4.63e-05 -0.0015373
39.9479 2.77998 0.0918622 1.4615 -0.00527313 6.02775e-05 -0.00155429
39.9673 2.77693 0.0839083 1.46134 -0.00866775 -5.6799e-05 -0.00156948
39.987 2.77397 0.0760141 1.46118 -0.0120546 -0.000101152 -0.00158262
40.0073 2.77112 0.0681927 1.46101 -0.015463 -0.000128239 -0.00159242
40.0294 2.76836 0.0604574 1.46084 -0.0189212 -0.000211371 -0.00159522
40.0473 2.76573 0.052821 1.46066 -0.0223872 -0.000186879 -0.00159506
40.0674 2.76321 0.0452973 1.46047 -0.0259363 -0.000281283 -0.00158743
40.0904 2.76083 0.0378995 1.46028 -0.0295033 -0.000217798 -0.00158041
40.1082 2.75857 0.0306408 1.46008 -0.033046 -0.000187678 -0.00157123
40.1303 2.75647 0.023535 1.45988 -0.0366224 -3.44034e-05 -0.00156375
40.1485 2.7545 0.0165954 1.45968 -0.0401791 0.000114265 -0.00155062
40.1694 2.75266 0.00983374 1.45947 -0.043401 -0.000119673 -0.00152701
40.1901 2.75095 0.00326084 1.45927 -0.0461185 -0.000111517 -0.00152073
40.209 2.74936 -0.00311464 1.45905 -0.048177 -0.0001129 -0.00151886
40.2298 2.74788 -0.00928481 1.45882 -0.049713 -7.89269e-05 -0.00152003
40.2493 2.74653 -0.0152443 1.45857 -0.0507696 7.05677e-05 -0.00152668
40.27 2.74528 -0.0209897 1.4583 -0.051324 5.11155e-05 -0.00152449
40.29 2.74413 -0.026519 1.45801 -0.0514745 0.000174546 -0.00153076
40.3099 2.74309 -0.0318318 1.45771 -0.0512877 0.000235022 -0.00153053
40.3311 2.74216 -0.0369295 1.45739 -0.0508128 0.000360632 -0.00152773
40.3502 2.74131 -0.041814 1.45705 -0.0501128 0.000440659 -0.00151752
40.3701 2.74057 -0.0464884 1.4567 -0.0492581 0.000588666 -0.00150125
40.3927 2.7399 -0.0509562 1.45635 -0.0482753 0.000628298 -0.00147342
40.411 2.73933 -0.0552217 1.45599 -0.0471682 0.000770509 -0.00145024
40.4339 2.73883 -0.0592893 1.45562 -0.0460244 0.000750427 -0.00141415
40.4518 2.73841 -0.063164 1.45526 -0.0448336 0.000903575 -0.00137891
40.472 2.73807 -0.066851 1.45489 -0.0436186 0.000945669 -0.00133281
40.4931 2.73779 -0.0703549 1.45454 -0.042462 0.000974809 -0.00128026
40.5121 2.73759 -0.0736813 1.45419 -0.0412943 0.00115015 -0.00122663
40.5336 2.73745 -0.0768349 1.45384 -0.0401674 0.00126023 -0.0011643
40.5535 2.73737 -0.0798207 1.45351 -0.0390608 0.00122942 -0.00109252
40.5728 2.73734 -0.0826438 1.45318 -0.0379212 0.00140757 -0.00102424
40.595 2.73736 -0.085309 1.45287 -0.0368013 0.00136767 -0.000943068
40.6142 2.73743 -0.087821 1.45257 -0.0357003 0.00136602 -0.000859491
40.6364 2.73755 -0.0901848 1.45229 -0.0345916 0.00156369 -0.000780051
40.6539 2.73771 -0.0924051 1.45202 -0.0334961 0.00147616 -0.000687474
40.6747 2.73791 -0.0944867 1.45177 -0.0323878 0.00148637 -0.000594424
40.6969 2.73815 -0.0964338 1.45153 -0.0313673 0.00158391 -0.000501327
40.715 2.73843 -0.0982503 1.45131 -0.0305336 0.00164909 -0.00040307
40.735 2.73876 -0.0999402 1.45111 -0.029829 0.00170413 -0.000300478
40.7553 2.73912 -0.101506 1.45093 -0.0292962 0.00174485 -0.000191577
40.7753 2.73953 -0.102951 1.45076 -0.028916 0.00181797 -8.60745e-05
40.7963 2.73997 -0.104277 1.45062 -0.0286588 0.00187357 2.18489e-05
40.816 2.74044 -0.105485 1.45049 -0.0285121 0.00192279 0.000129924
40.8366 2.74094 -0.106577 1.45039 -0.0284349 0.00195841 0.000240068
40.8569 2.74148 -0.107553 1.45031 -0.0284008 0.00195802 0.000349102
40.8779 2.74206 -0.108413 1.45025 -0.0283968 0.00194052 0.000454667
40.8969 2.74266 -0.109159 1.4502 -0.0284049 0.00193824 0.000559985
40.9173 2.7433 -0.109792 1.45016 -0.0284127 0.00193858 0.00067255
40.9369 2.74398 -0.11031 1.45014 -0.0283927 0.00195272 0.000775747
40.9591 2.74468 -0.110716 1.45014 -0.0283575 0.00197334 0.000882089
40.978 2.7454 -0.111009 1.45014 -0.0282816 0.00197338 0.000986911
41.0004 2.74615 -0.11119 1.45015 -0.0281613 0.00196433 0.00109305
41.0194 2.74692 -0.11126 1.45017 -0.0279871 0.00195021 0.00119688
41.0402 2.74773 -0.111221 1.4502 -0.0277496 0.00209076 0.00129114
41.0597 2.74852 -0.111074 1.45024 -0.0273559 0.00210374 0.00134324
41.0798 2.7493 -0.110823 1.45028 -0.026399 0.00212164 0.00137575
41.1009 2.75008 -0.110472 1.45034 -0.0250463 0.00215159 0.00140335
41.1213 2.75086 -0.110025 1.4504 -0.0234608 0.00218608 0.00142909
41.1452 2.75163 -0.109488 1.45046 -0.0218517 0.00220074 0.0014523
41.1618 2.75239 -0.108867 1.45052 -0.0203346 0.00219576 0.00146603
41.1817 2.75314 -0.108168 1.45058 -0.0188583 0.00221424 0.00147834
41.2022 2.7539 -0.107397 1.45063 -0.0175542 0.00220904 0.0014883
41.2222 2.75464 -0.106558 1.45067 -0.0164179 0.00218859 0.00149235
41.2438 2.75538 -0.105658 1.4507 -0.0154093 0.00218926 0.00149635
41.2621 2.75612 -0.104699 1.45073 -0.0145719 0.0021808 0.00149714
41.2829 2.75685 -0.103686 1.45076 -0.0138208 0.00216387 0.00149612
41.3051 2.75757 -0.102622 1.45078 -0.0131328 0.00214145 0.0014894
41.3234 2.75829 -0.101509 1.4508 -0.0125299 0.00210619 0.00148013
41.3437 2.759 -0.100351 1.45082 -0.0119307 0.00212475 0.00146995
41.3635 2.75969 -0.0991498 1.45084 -0.0113476 0.00204433 0.00145917
41.3841 2.76038 -0.097908 1.45088 -0.0107751 0.00201341 0.00144609
41.4048 2.76104 -0.0966281 1.45092 -0.0101906 0.00199958 0.0014314
41.4239 2.7617 -0.0953123 1.45096 -0.00961027 0.00195368 0.0014151
41.4445 2.76234 -0.0939632 1.45102 -0.0090318 0.00191937 0.00140032
41.4647 2.76296 -0.0925831 1.45109 -0.00842785 0.00189704 0.00138473
41.4849 2.76358 -0.0911745 1.45116 -0.00782462 0.00185262 0.00136766
41.5059 2.76417 -0.0897399 1.45124 -0.00721529 0.00181841 0.00135401
41.5257 2.76476 -0.0882817 1.45134 -0.00660116 0.00178857 0.00133486
41.5486 2.76532 -0.0868023 1.45143 -0.00599904 0.0017478 0.00131906
41.5656 2.76588 -0.0853043 1.45153 -0.00538663 0.00170675 0.00130269
41.5857 2.76642 -0.08379 1.45164 -0.00477938 0.00166144 0.0012791
41.6068 2.76694 -0.0822619 1.45175 -0.00418459 0.00161811 0.00126007
41.6263 2.76745 -0.0807223 1.45187 -0.00358496 0.00158968 0.00123878
41.649 2.76795 -0.0791737 1.45199 -0.00299704 0.00155687 0.00121183
41.6692 2.76843 -0.0776183 1.45212 -0.00241911 0.00152197 0.00118493
41.6875 2.76889 -0.0760584 1.45226 -0.00185065 0.00148552 0.00115173
41.7088 2.76934 -0.0744962 1.45239 -0.00130492 0.00145091 0.00111644
41.7277 2.76978 -0.072934 1.45254 -0.000766866 0.00142811 0.00108625
41.7492 2.7702 -0.0713737 1.45269 -0.000244062 0.00139972 0.0010505
41.7693 2.7706 -0.0698174 1.45286 0.000250196 0.00135729 0.00101866
41.7885 2.77099 -0.0682671 1.45303 0.00072423 0.00132397 0.000985091
41.8116 2.77136 -0.0667246 1.45321 0.0011872 0.00129701 0.000951809
41.83 2.77172 -0.0651917 1.45341 0.00163517 0.00125694 0.000915647
41.8523 2.77206 -0.06367 1.45361 0.00205394 0.00124244 0.00088172
41.8709 2.77239 -0.0621612 1.45381 0.00244859 0.00121918 0.000852591
41.89 2.7727 -0.0606668 1.45403 0.00282692 0.00117902 0.00082378
41.9115 2.77299 -0.0591883 1.45425 0.00319187 0.00116788 0.000793583
41.9303 2.77327 -0.0577272 1.45448 0.00355515 0.00116598 0.00076553
41.9533 2.77353 -0.0562846 1.45471 0.00390399 0.00115622 0.000740027
41.971 2.77378 -0.0548619 1.45494 0.00422846 0.0011467 0.000716489
41.9917 2.77401 -0.0534602 1.45518 0.00453076 0.00113669 0.000689118
42.0131 2.77423 -0.0520807 1.45541 0.004812 0.00111389 0.000660838
42.032 2.77443 -0.0507247 1.45565 0.00510335 0.00109288 0.00063623
42.0547 2.77461 -0.0493931 1.4559 0.00540003 0.00107921 0.000613136
42.0734 2.77478 -0.0480868 1.45614 0.00567702 0.00106799 0.000589554
42.0925 2.77493 -0.046807 1.45639 0.00594694 0.00104401 0.000566784
42.1137 2.77507 -0.0455546 1.45664 0.00620151 0.00101104 0.000544956
42.136 2.77519 -0.0443305 1.4569 0.00645394 0.000996744 0.000523968
42.158 2.77529 -0.0431358 1.45716 0.00672539 0.000984779 0.000504394
42.1759 2.77538 -0.0419714 1.45742 0.00699422 0.000955187 0.000485327
42.1957 2.77545 -0.0408381 1.45769 0.00725803 0.00094029 0.000466136
42.2178 2.77551 -0.0397369 1.45796 0.00751389 0.000948138 0.000447286
42.2366 2.77555 -0.0386686 1.45824 0.00773982 0.000925192 0.000426941
42.257 2.77557 -0.037634 1.45852 0.00795358 0.000904366 0.000409075
42.2764 2.77558 -0.0366339 1.4588 0.00815367 0.000905082 0.000392345
42.2968 2.77557 -0.0356687 1.45908 0.00832537 0.000917124 0.000377922
42.3173 2.77555 -0.0347393 1.45936 0.00847742 0.00093373 0.00036437
42.3379 2.77551 -0.0338458 1.45965 0.00860067 0.000954064 0.000350153
42.3592 2.77546 -0.0329888 1.45994 0.00870389 0.000962156 0.000336663
42.3778 2.77539 -0.0321687 1.46022 0.00879656 0.000860606 0.00032217
42.3977 2.77531 -0.0313855 1.46052 0.00886923 0.000996982 0.000310391
42.4198 2.77522 -0.0306396 1.46081 0.00892018 0.000982449 0.000297284
42.4399 2.77513 -0.0299309 1.46111 0.00896788 0.000987161 0.000287316
42.4618 2.77502 -0.0292596 1.4614 0.00900316 0.00101722 0.000276649
42.4796 2.77491 -0.0286256 1.4617 0.00902341 0.00101083 0.000265166
42.4995 2.77479 -0.028029 1.46199 0.00905203 0.000981989 0.000252761
42.5246 2.77466 -0.0274697 1.46227 0.00908923 0.000948675 0.000240416
42.5402 2.77453 -0.0269477 1.46254 0.00911677 0.000915563 0.000228521
42.5609 2.77438 -0.0264628 1.4628 0.00912436 0.000879818 0.000219115
42.5817 2.77423 -0.0260151 1.46304 0.00911846 0.000858711 0.000211402
42.6018 2.77407 -0.0256043 1.46328 0.00910075 0.000842199 0.000203298
42.6241 2.77391 -0.0252304 1.46351 0.00908861 0.000814039 0.000194282
42.6419 2.77374 -0.0248933 1.46372 0.00907115 0.000822463 0.000185088
42.6623 2.77355 -0.0245926 1.46394 0.00903961 0.000814902 0.000178159
42.6819 2.77337 -0.0243282 1.46415 0.0090028 0.00078576 0.000172273
42.702 2.77317 -0.0240998 1.46435 0.00895851 0.000782503 0.000166548
42.7229 2.77296 -0.0239072 1.46455 0.00891076 0.000785985 0.000160902
42.7428 2.77275 -0.02375 1.46476 0.00884866 0.000778387 0.000153871
42.7633 2.77253 -0.0236278 1.46495 0.00876844 0.000774902 0.000148997
42.7826 2.7723 -0.0235404 1.46515 0.00869383 0.000778114 0.000145743
42.8035 2.77207 -0.0234873 1.46534 0.00862624 0.000730102 0.000142093
42.8256 2.77183 -0.023468 1.46553 0.00855841 0.000825211 0.000137591
42.8434 2.77159 -0.0234824 1.46571 0.0085028 0.000614386 0.000129275
42.8653 2.77135 -0.0235299 1.4659 0.00841796 0.000683581 0.000125293
42.8845 2.77111 -0.02361 1.46608 0.00831614 0.000734827 0.000121889
42.9044 2.77087 -0.0237223 1.46625 0.00820566 0.000723186 0.000119431
42.9245 2.77063 -0.0238663 1.46641 0.00809276 0.000702711 0.00011782
42.9446 2.77039 -0.0240414 1.46656 0.0079784 0.000691134 0.000114603
42.9654 2.77014 -0.0242469 1.4667 0.00785064 0.000673374 0.000110968
42.9862 2.7699 -0.0244824 1.46683 0.00770448 0.000654841 0.000111577
43.0054 2.76966 -0.0247471 1.46694 0.00756646 0.0006714 0.000108082
43.0269 2.76942 -0.0250406 1.46704 0.00742326 0.000699873 0.00010448
43.0471 2.76917 -0.0253619 1.46713 0.00727565 0.000701417 0.00010039
43.0705 2.76893 -0.0257108 1.46721 0.00714654 0.000714085 9.65831e-05
43.0886 2.76869 -0.0260865 1.46728 0.00702662 0.000727747 9.2405e-05
43.1081 2.76844 -0.0264886 1.46734 0.00692491 0.000723134 8.87833e-05
43.1298 2.7682 -0.0269165 1.46739 0.00684326 0.000725476 8.48806e-05
43.1537 2.76796 -0.0273699 1.46743 0.00677925 0.00073123 8.43484e-05
43.1713 2.76771 -0.0278483 1.46747 0.00671862 0.000728002 8.09542e-05
43.1898 2.76747 -0.0283513 1.46751 0.00662905 0.000692102 7.73031e-05
43.2102 2.76723 -0.0288786 1.46754 0.00653331 0.00070418 7.46098e-05
43.2306 2.767 -0.0294297 1.46757 0.00642834 0.000710237 7.12566e-05
43.2504 2.76677 -0.0300041 1.4676 0.0063092 0.000689497 6.79091e-05
43.2732 2.76656 -0.0306012 1.46763 0.00618133 0.000668196 6.46178e-05
43.292 2.76635 -0.0312205 1.46765 0.00604543 0.000644208 6.0883e-05
43.3119 2.76615 -0.0318614 1.46768 0.00588676 0.000599541 5.83586e-05
43.3347 2.76595 -0.0325232 1.4677 0.00571316 0.000559705 5.40673e-05
43.354 2.76577 -0.0332051 1.46773 0.00553043 0.000539192 4.86293e-05
43.3753 2.76558 -0.0339063 1.46776 0.00532489 0.000511966 4.41424e-05
43.3932 2.76541 -0.034626 1.46779 0.00509504 0.000475739 4.31797e-05
43.4134 2.76524 -0.0353632 1.46782 0.00486024 0.000462178 4.37896e-05
43.436 2.76508 -0.036117 1.46785 0.00461578 0.000460933 4.16689e-05
43.4539 2.76493 -0.0368864 1.46788 0.00435574 0.00045092 4.05324e-05
43.4761 2.76478 -0.0376702 1.46791 0.00408471 0.000458193 4.3257e-05
43.4942 2.76464 -0.0384675 1.46794 0.00379966 0.00048516 4.27921e-05
43.5147 2.7645 -0.0392769 1.46798 0.00349976 0.000513634 3.99701e-05
43.5371 2.76437 -0.0400973 1.46802 0.00318987 0.000547496 3.80579e-05
43.5557 2.76425 -0.0409275 1.46806 0.00287811 0.000597281 3.52827e-05
43.5784 2.76413 -0.0417662 1.46811 0.00255567 0.000567287 3.50353e-05
43.5959 2.76403 -0.0426123 1.46816 0.00223079 0.000730226 3.63923e-05
43.6161 2.76393 -0.0434644 1.46821 0.00192896 0.000639585 3.3601e-05
43.6373 2.76385 -0.0443214 1.46826 0.00164424 0.000725355 3.21198e-05
43.6567 2.76378 -0.0451822 1.46832 0.00137452 0.000766677 2.98597e-05
43.6776 2.76371 -0.0460456 1.46838 0.00112632 0.000667292 2.8349e-05
43.6973 2.76366 -0.0469108 1.46845 0.000892527 0.000829434 2.81547e-05
43.7173 2.76361 -0.0477768 1.46852 0.000675417 0.000748159 2.58553e-05
43.7391 2.76358 -0.0486427 1.46859 0.000469847 0.000846506 2.46564e-05
43.7575 2.76356 -0.0495076 1.46866 0.000268635 0.000799212 2.20963e-05
43.7779 2.76355 -0.0503708 1.46874 7.34343e-05 0.000785527 2.11633e-05
43.7976 2.76356 -0.0512315 1.46881 -0.000118675 0.000924356 2.06072e-05
43.8194 2.76358 -0.052089 1.46888 -0.000302567 0.000802576 1.88407e-05
43.8393 2.76361 -0.0529425 1.46895 -0.000497322 0.000943855 1.73325e-05
43.8589 2.76365 -0.0537913 1.46901 -0.000690005 0.000837627 1.48222e-05
43.8816 2.76371 -0.0546347 1.46907 -0.00087901 0.000873974 1.39246e-05
43.9018 2.76377 -0.0554719 1.46913 -0.00106004 0.000889088 1.26577e-05
43.9211 2.76385 -0.0563023 1.46919 -0.00124296 0.000898918 9.652e-06
43.9426 2.76395 -0.0571251 1.46925 -0.00142451 0.000974894 8.81394e-06
43.9627 2.76406 -0.0579396 1.4693 -0.00160976 0.00108304 7.98419e-06
43.9832 2.76418 -0.0587454 1.46935 -0.00177064 0.000890626 6.21749e-06
44.0031 2.76431 -0.0595416 1.4694 -0.00192497 0.000899576 2.9285e-06
44.0226 2.76446 -0.0603278 1.46945 -0.00208364 0.00105387 1.76219e-08
44.0441 2.76462 -0.0611033 1.4695 -0.00221722 0.000856762 4.04916e-07
44.0628 2.76479 -0.0618677 1.46955 -0.00235158 0.000859235 3.28648e-07
44.0856 2.76498 -0.0626203 1.46961 -0.00249823 0.00103246 4.92841e-07
44.1044 2.76517 -0.0633608 1.46966 -0.00263426 0.000922359 -1.06986e-06
44.1241 2.76538 -0.0640886 1.46971 -0.00275073 0.000850681 -1.03075e-06
44.1454 2.76561 -0.0648034 1.46976 -0.00286025 0.000892272 -6.81155e-07
44.1643 2.76585 -0.0655047 1.46981 -0.00296616 0.00097673 -1.39853e-06
44.1861 2.7661 -0.066192 1.46985 -0.00309213 0.000904843 -2.36322e-06
44.2047 2.76636 -0.0668651 1.46989 -0.00321155 0.000900262 -2.31295e-06
44.2247 2.76664 -0.0675235 1.46992 -0.00332234 0.000930715 -3.38067e-06
44.2468 2.76695 -0.0681668 1.46995 -0.00342319 0.000948997 -4.18514e-06
44.2657 2.76728 -0.0687947 1.46996 -0.00350749 0.00094609 -4.99151e-06
44.2908 2.76763 -0.0694069 1.46998 -0.00359481 0.000949796 -5.40403e-06
44.3058 2.768 -0.0700031 1.46998 -0.0036865 0.000962075 -6.62168e-06
44.3257 2.7684 -0.070583 1.46997 -0.00376807 0.00103411 -5.61253e-06
44.3479 2.76881 -0.0711463 1.46996 -0.00384555 0.000929449 -5.93088e-06
44.3668 2.76924 -0.0716928 1.46994 -0.00392204 0.00111839 -7.37072e-06
44.3876 2.76968 -0.0722223 1.46992 -0.00396228 0.00105819 -7.82342e-06
44.4073 2.77014 -0.0727347 1.4699 -0.00400178 0.00101272 -8.11391e-06
44.4274 2.77061 -0.0732298 1.46987 -0.00404106 0.0010292 -8.20954e-06
44.4481 2.7711 -0.0737075 1.46983 -0.00407689 0.00103549 -8.89403e-06
44.4679 2.7716 -0.0741677 1.46979 -0.00411022 0.00102613 -1.03402e-05
44.4907 2.77212 -0.0746104 1.46973 -0.00413792 0.0010193 -1.23356e-05
44.508 2.77265 -0.0750356 1.46967 -0.00415903 0.00101608 -1.45725e-05
44.5279 2.77319 -0.0754433 1.4696 -0.00415943 0.000996203 -1.694e-05
44.5508 2.77375 -0.0758335 1.46952 -0.00415959 0.000992538 -1.75945e-05
44.57 2.77432 -0.0762061 1.46944 -0.00416251 0.00101032 -1.76405e-05
44.591 2.7749 -0.0765612 1.46935 -0.00416181 0.00101631 -1.81401e-05
44.6095 2.7755 -0.0768989 1.46926 -0.00417238 0.00100543 -1.87763e-05
44.6295 2.77612 -0.0772192 1.46917 -0.00417342 0.00101835 -1.96494e-05
44.6514 2.77675 -0.0775221 1.46908 -0.00417691 0.00103811 -1.98204e-05
44.6703 2.77739 -0.0778076 1.469 -0.00418443 0.00104605 -1.96466e-05
44.691 2.77804 -0.0780759 1.46892 -0.00417065 0.00102992 -1.93444e-05
44.7107 2.77871 -0.0783271 1.46885 -0.0041474 0.00101475 -1.93177e-05
44.7307 2.77939 -0.0785612 1.46878 -0.00413282 0.00103299 -2.03809e-05
44.7529 2.78009 -0.0787783 1.46872 -0.00410968 0.00104789 -2.17581e-05
44.7718 2.7808 -0.0789786 1.46868 -0.00409038 0.00104421 -2.31601e-05
44.7937 2.78152 -0.0791621 1.46864 -0.00407442 0.00104208 -2.46045e-05
44.8126 2.78226 -0.0793291 1.46862 -0.00405939 0.00105025 -2.61178e-05
44.8322 2.78301 -0.0794796 1.46861 -0.00404215 0.00106961 -2.73815e-05
44.854 2.78378 -0.0796138 1.4686 -0.00401168 0.0010859 -2.57687e-05
44.8736 2.78456 -0.079732 1.4686 -0.00396674 0.00109629 -2.43471e-05
44.8939 2.78535 -0.0798342 1.46862 -0.00391819 0.00111325 -2.35033e-05
44.9133 2.78616 -0.0799207 1.46863 -0.00388463 0.00122997 -2.25311e-05
44.9367 2.78697 -0.0799917 1.46865 -0.00385893 0.00117881 -2.10058e-05
44.9557 2.78779 -0.0800473 1.46867 -0.00383154 0.00103802 -2.2003e-05
44.974 2.78863 -0.0800877 1.4687 -0.00380006 0.00117494 -2.39685e-05
44.9963 2.78947 -0.0801131 1.46874 -0.00375197 0.00108313 -2.44799e-05
45.0153 2.79032 -0.0801238 1.46878 -0.00371126 0.000950391 -2.45957e-05
45.0353 2.79118 -0.0801197 1.46882 -0.00369049 0.00111643 -2.59363e-05
45.0559 2.79205 -0.0801014 1.46886 -0.00365451 0.00104 -2.69638e-05
45.0752 2.79292 -0.0800688 1.4689 -0.0036033 0.000892848 -2.72787e-05
45.0968 2.7938 -0.0800222 1.46893 -0.00356904 0.00108832 -2.85499e-05
45.1155 2.79469 -0.0799618 1.46897 -0.00352657 0.00106633 -2.9378e-05
45.1363 2.79558 -0.0798878 1.469 -0.00348656 0.00100118 -2.95847e-05
45.1563 2.79647 -0.0798004 1.46902 -0.00345616 0.00100031 -3.08299e-05
45.1772 2.79738 -0.0796997 1.46903 -0.00343099 0.00102319 -3.26356e-05
45.1973 2.79828 -0.0795859 1.46904 -0.00340185 0.0010284 -3.44107e-05
45.2183 2.79919 -0.0794593 1.46903 -0.00336751 0.0010392 -3.55302e-05
45.2374 2.80012 -0.0793199 1.46902 -0.00333817 0.000981893 -3.60133e-05
45.2598 2.80107 -0.079168 1.469 -0.00329057 0.00112241 -3.60206e-05
45.2783 2.80204 -0.0790038 1.46898 -0.00323746 0.00103782 -3.68055e-05
45.299 2.80303 -0.0788274 1.46896 -0.00318349 0.000967978 -3.64009e-05
45.3193 2.80404 -0.0786392 1.46893 -0.003129 0.000975258 -3.5787e-05
45.3386 2.80507 -0.0784394 1.46889 -0.00307865 0.000978989 -3.4562e-05
45.3592 2.80612 -0.0782282 1.46885 -0.00302215 0.000960073 -3.33233e-05
45.3786 2.8072 -0.078006 1.46879 -0.00294697 0.00095591 -3.26563e-05
45.3999 2.80829 -0.0777731 1.46872 -0.00285939 0.000964827 -3.47122e-05
45.4198 2.8094 -0.0775297 1.46864 -0.00277702 0.00105197 -3.66287e-05
45.4394 2.81052 -0.0772764 1.46855 -0.00267888 0.000896441 -3.65526e-05
45.4609 2.81166 -0.0770136 1.46846 -0.00256571 0.0010001 -3.68106e-05
45.4812 2.81282 -0.0767416 1.46836 -0.00244546 0.000979883 -3.82624e-05
45.5018 2.81398 -0.0764609 1.46825 -0.00232605 0.000942567 -3.91559e-05
45.5205 2.81516 -0.076172 1.46814 -0.00221004 0.000949489 -4.07432e-05
45.5409 2.81635 -0.0758755 1.46802 -0.00208356 0.000961138 -4.17166e-05
45.5632 2.81755 -0.0755719 1.4679 -0.00194313 0.000964335 -4.37154e-05
45.5824 2.81876 -0.0752617 1.46777 -0.00180901 0.000989687 -4.67949e-05
45.6048 2.81998 -0.0749454 1.46763 -0.00166592 0.0010133 -4.8088e-05
45.6234 2.82122 -0.0746238 1.46748 -0.00151335 0.00103001 -4.92887e-05
45.6431 2.82246 -0.0742972 1.46734 -0.00137136 0.00104076 -5.10053e-05
45.6648 2.82372 -0.0739662 1.46719 -0.00123938 0.00105116 -5.27417e-05
45.6856 2.82499 -0.0736314 1.46704 -0.00112627 0.00104906 -5.34384e-05
45.7069 2.82628 -0.0732932 1.46689 -0.00102485 0.0010447 -5.43447e-05
45.7258 2.82757 -0.0729519 1.46673 -0.000938835 0.00103278 -5.57502e-05
45.7458 2.82888 -0.0726081 1.46658 -0.000857911 0.0010311 -5.75201e-05
45.7693 2.8302 -0.072262 1.46643 -0.00077304 0.00105328 -5.91833e-05
45.787 2.83153 -0.071914 1.46628 -0.000706397 0.00114788 -6.04316e-05
45.8066 2.83286 -0.0715642 1.46613 -0.000648728 0.00111491 -6.26152e-05
45.8267 2.8342 -0.0712131 1.46598 -0.000575272 0.00108448 -6.51171e-05
45.8473 2.83555 -0.070861 1.46584 -0.000492086 0.00110225 -6.76517e-05
45.8674 2.8369 -0.0705081 1.4657 -0.000401508 0.00109584 -7.25934e-05
45.8899 2.83825 -0.0701549 1.46556 -0.000306408 0.0010799 -7.74348e-05
45.9103 2.8396 -0.0698016 1.46542 -0.000203475 0.00109066 -8.04433e-05
45.9292 2.84096 -0.0694486 1.46528 -0.000113838 0.001103 -8.20855e-05
45.949 2.84233 -0.0690961 1.46515 -4.58073e-05 0.00110773 -8.83622e-05
45.9699 2.84369 -0.0687447 1.46501 2.57856e-05 0.00113004 -9.61561e-05
45.9899 2.84507 -0.0683945 1.46488 9.84874e-05 0.00115804 -0.000100134
46.012 2.84644 -0.0680457 1.46474 0.000165927 0.00115545 -0.00010319
46.0311 2.84782 -0.0676988 1.46461 0.000237283 0.00115057 -0.000107997
46.0518 2.8492 -0.067354 1.46447 0.000314427 0.00116592 -0.00011338
46.0715 2.85059 -0.0670115 1.46433 0.000388126 0.00115704 -0.000118483
46.0928 2.85199 -0.0666716 1.46419 0.000466969 0.00115119 -0.000123499
46.1139 2.85338 -0.0663347 1.46405 0.000539745 0.00115077 -0.000129886
46.1331 2.85478 -0.0660009 1.46391 0.000597233 0.00113876 -0.000133155
46.1535 2.85619 -0.0656705 1.46377 0.000660988 0.00115518 -0.000135589
46.1736 2.85759 -0.0653439 1.46363 0.000737045 0.00115432 -0.00013801
46.1923 2.85901 -0.0650212 1.46349 0.000812685 0.00112265 -0.000140665
46.2143 2.86042 -0.0647027 1.46336 0.00089061 0.0011021 -0.00014288
46.2335 2.86184 -0.0643889 1.46323 0.000974021 0.00109598 -0.000144692
46.2532 2.86326 -0.0640799 1.4631 0.00106565 0.000905877 -0.000147315
46.2768 2.86471 -0.0637763 1.46299 0.00118982 0.00095686 -0.00014948
46.2962 2.86619 -0.0634782 1.46289 0.00129348 0.00107073 -0.000153555
46.317 2.86769 -0.063186 1.4628 0.00136697 0.00100001 -0.000156247
46.3362 2.8692 -0.0629 1.46271 0.00142357 0.00094608 -0.000160153
46.3563 2.87073 -0.0626205 1.46264 0.00147023 0.000949083 -0.000161523
46.3779 2.87229 -0.0623476 1.46257 0.00151455 0.000940351 -0.000164743
46.3965 2.87386 -0.0620816 1.46251 0.0015563 0.000921013 -0.000168217
46.4193 2.87544 -0.0618224 1.46245 0.00158497 0.000920753 -0.000171348
46.4368 2.87705 -0.0615703 1.4624 0.00160868 0.000928697 -0.000175311
46.4574 2.87868 -0.0613252 1.46235 0.00162476 0.00093008 -0.000177334
46.4784 2.88032 -0.0610873 1.4623 0.001636 0.000931059 -0.000178744
46.4973 2.88198 -0.0608565 1.46226 0.00163854 0.00104398 -0.000181027
46.5191 2.88366 -0.0606329 1.46222 0.00164663 0.000997624 -0.000187455
46.5391 2.88534 -0.0604165 1.46219 0.00165641 0.000912708 -0.000190572
46.5576 2.88704 -0.0602072 1.46217 0.00165746 0.000920143 -0.000193481
46.5808 2.88874 -0.0600051 1.46215 0.00165225 0.000940243 -0.00019554
46.5986 2.89046 -0.0598101 1.46214 0.00163962 0.000930992 -0.000198205
46.6234 2.89218 -0.0596221 1.46213 0.0016287 0.000927027 -0.000200853
46.6388 2.89392 -0.0594411 1.46212 0.00161353 0.000929306 -0.000202566
46.6587 2.89566 -0.0592669 1.46211 0.00158307 0.000925267 -0.000203827
46.6828 2.89742 -0.0590995 1.4621 0.00155846 0.000949552 -0.000207573
46.7013 2.89918 -0.0589388 1.4621 0.00154123 0.000972544 -0.000207359
46.7227 2.90096 -0.0587847 1.46209 0.00152236 0.000967698 -0.000209476
46.741 2.90274 -0.058637 1.46208 0.00151324 0.00098356 -0.000213409
46.7616 2.90454 -0.0584958 1.46208 0.0015107 0.000990271 -0.000217437
46.7825 2.90634 -0.058361 1.46208 0.00151762 0.000969055 -0.000219706
46.8016 2.90816 -0.0582327 1.46209 0.00153102 0.000947007 -0.000221395
46.8261 2.90998 -0.0581108 1.4621 0.00154684 0.000937052 -0.000223187
46.8433 2.91181 -0.0579954 1.46211 0.0015686 0.000934487 -0.000226834
46.8623 2.91366 -0.0578866 1.46213 0.0016034 0.00100329 -0.000230098
46.8833 2.91551 -0.0577843 1.46216 0.0016273 0.0010039 -0.000232547
46.9032 2.91736 -0.0576888 1.46219 0.00164845 0.00096298 -0.000234275
46.9245 2.91922 -0.0576 1.46225 0.00165381 0.00105759 -0.000236573
46.9439 2.92108 -0.057518 1.46232 0.00166085 0.00105009 -0.000238929
46.9649 2.92294 -0.0574427 1.4624 0.00165445 0.00102385 -0.00024064
46.987 2.92481 -0.057374 1.46249 0.00163596 0.00101773 -0.000241865
47.0066 2.92668 -0.0573121 1.46259 0.00162775 0.00101363 -0.000242925
47.0267 2.92854 -0.0572569 1.4627 0.0016356 0.00100967 -0.000243896
47.0456 2.93042 -0.0572082 1.46281 0.00164746 0.00101711 -0.000244734
47.0661 2.93229 -0.0571661 1.46293 0.00164563 0.00102458 -0.00024745
47.0871 2.93416 -0.0571305 1.46305 0.00163585 0.00103372 -0.000250838
47.1062 2.93604 -0.0571015 1.46317 0.00162374 0.0010515 -0.000254277
47.1278 2.93792 -0.0570789 1.4633 0.00161009 0.00105759 -0.000256576
47.147 2.9398 -0.0570627 1.46343 0.00161149 0.00105577 -0.000258828
47.1665 2.94168 -0.057053 1.46356 0.00161639 0.00106095 -0.000261955
47.1871 2.94357 -0.0570495 1.4637 0.00161081 0.00106979 -0.000264826
47.2077 2.94546 -0.0570523 1.46384 0.00158572 0.00107136 -0.000270203
47.2298 2.94735 -0.0570612 1.46398 0.00155954 0.00106936 -0.000275539
47.2468 2.94924 -0.0570763 1.46413 0.00153465 0.00107422 -0.000279827
47.2679 2.95112 -0.0570972 1.46428 0.00150005 0.000651299 -0.000283797
47.2904 2.95306 -0.0571239 1.46444 0.00144497 0.000997238 -0.000286878
47.3085 2.95502 -0.0571562 1.46461 0.0014057 0.00110028 -0.000289518
47.3292 2.95701 -0.057194 1.46479 0.00136921 0.00103067 -0.000292023
47.3486 2.95903 -0.0572371 1.46498 0.00133387 0.000874055 -0.00029569
47.369 2.96108 -0.0572852 1.46517 0.00130071 0.000838979 -0.000299039
47.3891 2.96314 -0.0573384 1.46535 0.00127719 0.000841271 -0.000304577
47.4089 2.96524 -0.0573964 1.46554 0.00126761 0.000831208 -0.000306424
47.4305 2.96735 -0.0574592 1.46571 0.00124852 0.000836009 -0.000308674
47.4499 2.96949 -0.0575267 1.46588 0.00121963 0.00085188 -0.000310894
47.4704 2.97166 -0.0575987 1.46605 0.00120125 0.000845089 -0.000312257
47.4917 2.97385 -0.0576752 1.46621 0.00117443 0.00092545 -0.000314789
47.51 2.97605 -0.0577559 1.46637 0.0011325 0.000895202 -0.000318415
47.533 2.97827 -0.0578408 1.46652 0.0010864 0.000849251 -0.000319382
47.552 2.98051 -0.0579296 1.46667 0.00103738 0.000854759 -0.000320532
47.5714 2.98276 -0.0580222 1.46682 0.00098694 0.000861614 -0.000323454
47.5942 2.98503 -0.0581183 1.46697 0.000927345 0.000854006 -0.000326171
47.6126 2.98732 -0.0582177 1.46712 0.000854667 0.000856424 -0.000328169
47.634 2.98962 -0.0583201 1.46725 0.000788075 0.000847324 -0.000330329
47.6538 2.99193 -0.0584253 1.46739 0.000722183 0.000839223 -0.000334125
47.6744 2.99427 -0.0585329 1.46751 0.000647616 0.000848649 -0.000336538
47.6933 2.99661 -0.0586428 1.46763 0.000586124 0.000842155 -0.000338579
47.717 2.99897 -0.0587546 1.46774 0.000528379 0.000835292 -0.000340333
47.735 3.00135 -0.0588681 1.46785 0.000464646 0.000843408 -0.000341912
47.7558 3.00375 -0.0589832 1.46795 0.000412608 0.000839113 -0.000344649
47.7753 3.00616 -0.0590995 1.46805 0.000365158 0.000912775 -0.000346518
47.7955 3.00857 -0.0592169 1.46814 0.000318544 0.000881666 -0.000348639
47.8173 3.011 -0.0593351 1.46824 0.000275984 0.000840451 -0.00035094
47.8401 3.01343 -0.0594541 1.46833 0.000235971 0.00086168 -0.00035277
47.8557 3.01587 -0.0595736 1.46842 0.000194781 0.000884341 -0.00035433
47.876 3.01832 -0.0596935 1.46851 0.000160492 0.000888834 -0.000357702
47.8986 3.02077 -0.0598137 1.46859 0.000125338 0.000902269 -0.000362405
47.9171 3.02323 -0.059934 1.46867 9.91058e-05 0.00091538 -0.000365333
47.941 3.0257 -0.0600544 1.46875 8.52547e-05 0.000925221 -0.000367688
47.9572 3.02818 -0.0601748 1.46881 7.57879e-05 0.00094461 -0.000369738
47.9774 3.03066 -0.0602951 1.46887 6.15409e-05 0.000970483 -0.00037157
47.9983 3.03316 -0.0604152 1.46891 3.994e-05 0.000989899 -0.000373236
48.0197 3.03566 -0.060535 1.46894 1.3848e-05 0.00101498 -0.000375788
48.041 3.03816 -0.0606544 1.46897 -2.93745e-05 0.0010323 -0.000378118
48.0594 3.04068 -0.0607732 1.46898 -9.10335e-05 0.00104296 -0.00038136
48.0796 3.04321 -0.0608913 1.46898 -0.00015238 0.00116432 -0.00038157
48.1008 3.04573 -0.0610084 1.46896 -0.000205983 0.00114966 -0.00038467
48.1203 3.04826 -0.0611244 1.46893 -0.000249727 0.00101807 -0.000387709
48.1413 3.0508 -0.0612391 1.4689 -0.000294909 0.00117231 -0.000389082
48.1601 3.05334 -0.0613522 1.46886 -0.000334561 0.00108399 -0.000390583
48.1806 3.05589 -0.0614638 1.46881 -0.000370611 0.0011523 -0.000392633
48.2059 3.05843 -0.0615735 1.46875 -0.000402053 0.00113357 -0.000394153
48.221 3.06098 -0.0616814 1.46868 -0.000417742 0.00111834 -0.000396137
48.2421 3.06353 -0.0617874 1.4686 -0.000433041 0.0011174 -0.000398002
48.2613 3.06607 -0.0618912 1.4685 -0.00046662 0.00111486 -0.000398339
48.2817 3.06861 -0.0619928 1.46839 -0.00051095 0.000628677 -0.000399342
48.3032 3.07119 -0.0620921 1.46827 -0.000545779 0.000813617 -0.000402627
48.3216 3.07381 -0.062189 1.46816 -0.000571332 0.00118957 -0.000404935
48.3432 3.07647 -0.0622835 1.46805 -0.000590794 0.000993356 -0.000407067
48.3625 3.07918 -0.0623753 1.46794 -0.000621482 0.000899225 -0.000410123
48.3823 3.08191 -0.0624644 1.46783 -0.000642605 0.000760859 -0.000412693
48.4048 3.08468 -0.0625508 1.46771 -0.000648164 0.000804778 -0.000415396
48.4235 3.08748 -0.0626345 1.46757 -0.000652209 0.000748763 -0.000417233
48.4441 3.09031 -0.0627153 1.46743 -0.000661236 0.000682531 -0.000418738
48.4642 3.09317 -0.0627933 1.46728 -0.00067241 0.000670016 -0.000420889
48.4851 3.09605 -0.0628684 1.46711 -0.000679469 0.000679926 -0.000422716
48.5069 3.09897 -0.0629407 1.46693 -0.000685588 0.00069015 -0.000424204
48.5255 3.10191 -0.0630102 1.46673 -0.000688617 0.000783249 -0.000425568
48.5454 3.10488 -0.0630768 1.46651 -0.000672443 0.000782195 -0.000427497
48.5656 3.10787 -0.0631406 1.46629 -0.000656081 0.000730247 -0.000429722
48.5863 3.11088 -0.0632016 1.46606 -0.00065456 0.000729045 -0.00043179
48.6063 3.11391 -0.0632598 1.46582 -0.00065606 0.000752701 -0.000433947
48.6262 3.11696 -0.0633153 1.46557 -0.000646726 0.000758578 -0.000436498
48.6501 3.12003 -0.0633681 1.46531 -0.000649226 0.000778234 -0.000439246
48.6692 3.12312 -0.0634181 1.46505 -0.000661364 0.0008075 -0.000441857
48.6883 3.12623 -0.0634655 1.46478 -0.000662912 0.00089441 -0.000443524
48.7131 3.12936 -0.0635101 1.46451 -0.00066857 0.00087657 -0.00044511
48.7311 3.1325 -0.0635519 1.46423 -0.000679356 0.000752214 -0.000446954
48.7513 3.13566 -0.0635909 1.46396 -0.000690852 0.000901974 -0.000448228
48.7713 3.13884 -0.0636272 1.46368 -0.00069883 0.000894779 -0.000449096
48.7911 3.14202 -0.0636606 1.46341 -0.000704701 0.00085544 -0.000449746
48.812 3.14522 -0.0636912 1.46313 -0.000706817 0.000858594 -0.000450266
48.8316 3.14843 -0.0637189 1.46285 -0.000714667 0.000878763 -0.000450624
48.8523 3.15166 -0.0637436 1.46258 -0.000737916 0.000896152 -0.00045196
48.8743 3.15489 -0.0637653 1.4623 -0.000766835 0.000925119 -0.000454567
48.8924 3.15814 -0.0637839 1.46202 -0.000807677 0.000954838 -0.000456402
48.9144 3.16141 -0.0637993 1.46174 -0.000835852 0.000987209 -0.000459972
48.9329 3.16468 -0.0638115 1.46147 -0.000851244 0.00110422 -0.000462152
48.9555 3.16797 -0.0638203 1.4612 -0.000868005 0.00100699 -0.000465537
48.9728 3.17127 -0.0638258 1.46093 -0.00087805 0.00109882 -0.000465437
48.9928 3.17457 -0.0638279 1.46068 -0.000879672 0.0010749 -0.000465674
49.0158 3.17788 -0.0638265 1.46043 -0.000875768 0.00103008 -0.000467391
49.0347 3.1812 -0.0638218 1.46018 -0.000859969 0.00102452 -0.000468388
49.0559 3.18452 -0.0638137 1.45993 -0.000851585 0.0010358 -0.000468908
49.0752 3.18785 -0.0638022 1.45969 -0.000861154 0.00105093 -0.000468304
49.0953 3.19118 -0.0637874 1.45945 -0.00086395 0.00108487 -0.00046845
49.117 3.19451 -0.0637694 1.45921 -0.000851574 0.00109273 -0.000470488
49.1361 3.19786 -0.0637481 1.45898 -0.000831326 0.00108267 -0.000471516
49.1557 3.2012 -0.0637237 1.45875 -0.00080694 0.0010815 -0.000471666
49.1772 3.20456 -0.0636964 1.45853 -0.000767228 0.00107687 -0.000471453
49.1961 3.20791 -0.0636661 1.45832 -0.000716979 0.00107434 -0.000471066
49.2187 3.21128 -0.0636331 1.45812 -0.000684437 0.0010692 -0.00047046
49.237 3.21465 -0.0635973 1.45793 -0.000678632 0.00113906 -0.000469704
49.2589 3.21801 -0.063559 1.45776 -0.000679015 0.00102197 -0.000468556
49.2776 3.22138 -0.0635181 1.45761 -0.000677892 0.0011098 -0.000467457
49.2971 3.22475 -0.0634747 1.45749 -0.000672131 0.00114964 -0.000467237
49.3193 3.22811 -0.0634288 1.45739 -0.000663653 0.000474513 -0.000466359
49.3382 3.23155 -0.0633803 1.45733 -0.000674757 0.00111374 -0.000465596
49.3599 3.23502 -0.0633295 1.45732 -0.00067111 0.00113948 -0.000464896
49.3779 3.23854 -0.0632762 1.45734 -0.000664085 0.000883917 -0.000465026
49.3991 3.24211 -0.0632205 1.45739 -0.000664463 0.000858345 -0.000465636
49.4217 3.2457 -0.0631623 1.45746 -0.000670662 0.000787225 -0.00046578
49.4401 3.24934 -0.0631016 1.45755 -0.00067746 0.000737619 -0.000465725
49.4611 3.253 -0.0630386 1.45765 -0.00068474 0.000705982 -0.000465582
49.4818 3.2567 -0.062973 1.45776 -0.000695703 0.000673836 -0.000467149
49.5006 3.26044 -0.0629049 1.45787 -0.000710983 0.000719631 -0.000469782
49.5214 3.2642 -0.0628343 1.458 -0.000713645 0.00066492 -0.000470761
49.542 3.26799 -0.0627613 1.45813 -0.000705129 0.000611636 -0.000470364
49.5633 3.27181 -0.0626858 1.45827 -0.000685077 0.0006343 -0.000471094
49.5812 3.27565 -0.0626078 1.45841 -0.000669883 0.00068011 -0.000471615
49.6021 3.27952 -0.0625275 1.45855 -0.000667008 0.000720882 -0.000471733
49.6222 3.28341 -0.0624448 1.4587 -0.000654186 0.000772829 -0.000474379
49.6425 3.28733 -0.06236 1.45884 -0.000626283 0.000814848 -0.000476272
49.6627 3.29128 -0.062273 1.45898 -0.000594254 0.000928316 -0.000476296
49.6823 3.29524 -0.062184 1.45911 -0.000559717 0.000902974 -0.000478159
49.7028 3.29922 -0.0620932 1.45925 -0.000513054 0.000882686 -0.000480493
49.7247 3.30322 -0.0620008 1.45938 -0.000454469 0.000897871 -0.000481102
49.7434 3.30724 -0.0619071 1.45951 -0.000379124 0.000909977 -0.00048254
49.7665 3.31127 -0.0618121 1.45964 -0.000303174 0.000927849 -0.000483769
49.7837 3.31533 -0.0617163 1.45975 -0.000234314 0.000952846 -0.00048537
49.8049 3.3194 -0.0616198 1.45986 -0.000180811 0.000968416 -0.000486822
49.8245 3.32349 -0.0615228 1.45995 -0.00013835 0.00104874 -0.000486702
49.844 3.32759 -0.0614256 1.46004 -0.000109143 0.00104104 -0.000488691
49.8679 3.33171 -0.0613282 1.46012 -8.99789e-05 0.000892654 -0.00048949
49.8854 3.33584 -0.0612307 1.46019 -9.03714e-05 0.00103413 -0.000489552
49.9049 3.33998 -0.0611331 1.46026 -9.05838e-05 0.00102854 -0.00048867
49.9264 3.34413 -0.0610355 1.46032 -9.13129e-05 0.000984972 -0.000488244
49.9461 3.34829 -0.0609378 1.46038 -9.60924e-05 0.000983014 -0.000489586
49.9664 3.35246 -0.0608402 1.46043 -9.55398e-05 0.000993933 -0.00048996
49.986 3.35664 -0.0607425 1.46047 -8.30348e-05 0.000996218 -0.000490635
50.0073 3.36084 -0.0606449 1.4605 -6.7803e-05 0.00100148 -0.000490149
50.0289 3.36504 -0.0605473 1.46053 -5.49667e-05 0.00101725 -0.000490187
50.0476 3.36925 -0.0604499 1.46054 -3.96333e-05 0.00110101 -0.000493872
50.0717 3.37346 -0.0603525 1.46055 -2.71767e-05 0.00101348 -0.000495221
50.0888 3.37769 -0.0602554 1.46055 -1.96427e-05 0.00114147 -0.000496225
50.1081 3.38191 -0.0601586 1.46055 1.37181e-06 0.00110733 -0.000497156
50.1311 3.38614 -0.0600622 1.46055 3.26472e-05 0.00109468 -0.000497857
50.1484 3.39037 -0.0599663 1.46054 6.62901e-05 0.00112436 -0.000499056
50.1728 3.3946 -0.0598709 1.46053 0.000104955 0.0011451 -0.000501218
50.1898 3.39884 -0.0597763 1.46052 0.000143174 0.00114041 -0.000504322
50.2101 3.40308 -0.0596825 1.4605 0.000173996 0.00114404 -0.000505444
50.2331 3.40732 -0.0595896 1.46048 0.000188767 0.0011537 -0.000509203
50.2519 3.41156 -0.0594977 1.46046 0.00018969 0.00115156 -0.000511597
50.2757 3.41581 -0.0594067 1.46044 0.000178294 0.00115952 -0.000516419
50.2959 3.42006 -0.0593168 1.46042 0.000164438 0.00115882 -0.000515898
50.3125 3.42431 -0.0592278 1.4604 0.000161945 0.0012432 -0.000519198
50.3352 3.42856 -0.0591397 1.46039 0.00015373 0.00049732 -0.000521549
50.3529 3.43289 -0.0590529 1.46041 0.000194563 0.00100423 -0.000522924
50.3734 3.43728 -0.058967 1.46045 0.000215004 0.00105851 -0.000522793
50.3932 3.44172 -0.0588823 1.46052 0.000220874 0.000897479 -0.000522588
50.4132 3.44621 -0.0587986 1.46059 0.00021384 0.000741387 -0.000524854
50.4342 3.45075 -0.058716 1.46067 0.000206895 0.00079016 -0.000525595
50.4539 3.45533 -0.0586346 1.46074 0.000208596 0.000708674 -0.000527695
50.4771 3.45994 -0.0585543 1.46082 0.00020755 0.000636156 -0.000529452
50.4937 3.4646 -0.0584751 1.4609 0.000209064 0.000623425 -0.000531253
50.5136 3.46929 -0.058397 1.46097 0.000217371 0.000610491 -0.000533079
50.5342 3.47402 -0.0583201 1.46103 0.000223805 0.000586067 -0.000535013
50.5555 3.47879 -0.0582443 1.4611 0.000226367 0.000585491 -0.000537868
50.5776 3.48359 -0.0581697 1.46116 0.000237186 0.000659716 -0.00054059
50.595 3.48843 -0.0580963 1.46122 0.000249558 0.000627374 -0.000542104
50.617 3.49329 -0.0580242 1.46128 0.000271118 0.000630705 -0.000543726
50.637 3.49818 -0.0579535 1.46134 0.000297206 0.000652468 -0.000545698
50.6562 3.50311 -0.0578841 1.46139 0.00032406 0.000743506 -0.000547122
50.6775 3.50806 -0.0578162 1.46144 0.000321795 0.000772295 -0.000547551
50.6974 3.51304 -0.0577497 1.46148 0.000323552 0.000768274 -0.000547545
50.7182 3.51804 -0.0576848 1.46153 0.000338178 0.000743626 -0.000547754
50.738 3.52306 -0.0576215 1.46156 0.000359065 0.000767962 -0.000547751
50.7578 3.5281 -0.0575599 1.4616 0.000385157 0.000802225 -0.000547587
50.7794 3.53316 -0.0575 1.46162 0.00041761 0.000823341 -0.000547093
50.7979 3.53825 -0.057442 1.46164 0.000443128 0.000943231 -0.000545933
50.8183 3.54336 -0.0573859 1.46165 0.000473075 0.000903206 -0.000544971
50.8395 3.54848 -0.0573318 1.46165 0.000494132 0.000851579 -0.000545985
50.8586 3.55362 -0.0572798 1.46165 0.000511683 0.000896686 -0.000548238
50.8809 3.55877 -0.05723 1.46164 0.000519707 0.000918465 -0.000549569
50.8993 3.56393 -0.0571823 1.46162 0.000525552 0.000933956 -0.000550247
50.9206 3.56911 -0.0571369 1.46159 0.000531475 0.000961084 -0.000549811
50.942 3.57431 -0.0570937 1.46155 0.000537425 0.000988493 -0.000550527
50.96 3.57952 -0.0570528 1.46151 0.000555132 0.00105434 -0.000551273
50.981 3.58473 -0.0570142 1.46146 0.000561435 0.00101662 -0.000553425
51.0022 3.58995 -0.0569778 1.46141 0.000556491 0.00104335 -0.000554098
51.0205 3.59518 -0.0569438 1.46136 0.000551409 0.00111187 -0.000555709
51.0414 3.60042 -0.056912 1.46132 0.000539189 0.00111521 -0.000557701
51.0608 3.60566 -0.0568823 1.46129 0.000515357 0.00113031 -0.000560486
51.084 3.61091 -0.0568548 1.46126 0.000490892 0.00116136 -0.0005609
51.1016 3.61617 -0.0568294 1.46124 0.000482009 0.00118266 -0.000560147
51.1214 3.62144 -0.0568061 1.46123 0.000493169 0.00118654 -0.000561872
51.1431 3.62672 -0.0567849 1.46122 0.000507909 0.00128152 -0.000564455
51.1624 3.63199 -0.0567657 1.46123 0.000517187 0.00123134 -0.0005649
51.1827 3.63726 -0.0567485 1.46124 0.000527507 0.0012265 -0.000568014
51.2035 3.64253 -0.0567336 1.46126 0.000536399 0.00125961 -0.000569702
51.223 3.6478 -0.0567207 1.46129 0.000542586 0.00127517 -0.000573189
51.2448 3.65307 -0.05671 1.46132 0.000542532 0.00128105 -0.000575848
51.2632 3.65835 -0.0567015 1.46136 0.000539574 0.00130163 -0.000580428
51.2846 3.66362 -0.0566951 1.4614 0.000539833 0.00130861 -0.000582271
51.3044 3.66889 -0.0566909 1.46145 0.000540659 0.00129768 -0.000582168
51.3243 3.67416 -0.0566888 1.4615 0.000536192 0.00138015 -0.000586209
51.3444 3.6794 -0.0566888 1.46154 0.000537272 0.00042603 -0.000588274
51.3646 3.68472 -0.0566909 1.46161 0.000517795 0.000719591 -0.000588862
51.3861 3.69011 -0.056695 1.46172 0.000489799 0.00134992 -0.000590334
51.4052 3.69556 -0.0567011 1.46187 0.000473586 0.00118106 -0.00059053
51.4252 3.70106 -0.0567091 1.46204 0.000454318 0.000813337 -0.000589807
51.4473 3.70662 -0.0567188 1.46222 0.000417931 0.000720275 -0.000589275
51.4683 3.71223 -0.0567302 1.4624 0.000385383 0.000812913 -0.00059203
51.4869 3.71788 -0.0567431 1.46258 0.000362846 0.000748584 -0.000592431
51.5063 3.72358 -0.0567574 1.46276 0.000339006 0.000663966 -0.000592336
51.5272 3.72932 -0.0567731 1.46293 0.000311749 0.000659719 -0.000591249
51.5477 3.7351 -0.0567899 1.4631 0.00028825 0.000658128 -0.000590844
51.5673 3.74093 -0.056808 1.46325 0.000273264 0.000712215 -0.000591788
51.5891 3.74678 -0.056827 1.4634 0.000266158 0.000619387 -0.00059416
51.6088 3.75268 -0.0568471 1.46355 0.000251896 0.000620188 -0.000594097
51.6281 3.7586 -0.0568681 1.46368 0.000237936 0.000653688 -0.000593606
51.6497 3.76456 -0.0568901 1.46381 0.000236308 0.000722559 -0.0005932
51.6683 3.77055 -0.056913 1.46394 0.000231508 0.000693516 -0.000593647
51.6922 3.77656 -0.0569367 1.46406 0.000229096 0.000715777 -0.000594004
51.7094 3.78259 -0.0569613 1.46417 0.000228439 0.000754729 -0.00059295
51.729 3.78866 -0.0569867 1.46428 0.000230446 0.000866586 -0.000593777
51.7532 3.79475 -0.0570128 1.46439 0.000210478 0.000819268 -0.000595401
51.7722 3.80086 -0.0570398 1.46449 0.000194989 0.00086703 -0.000597192
51.7931 3.80698 -0.0570674 1.4646 0.000182107 0.000886193 -0.000597979
51.8136 3.81313 -0.0570957 1.4647 0.000170971 0.000923697 -0.000599555
51.8341 3.8193 -0.0571246 1.46481 0.000142241 0.000951076 -0.000599722
51.8552 3.82548 -0.0571539 1.46493 0.000113684 0.00101932 -0.000600513
51.8739 3.83168 -0.0571835 1.46504 8.43984e-05 0.000950525 -0.000600124
51.8956 3.8379 -0.0572134 1.46517 5.62542e-05 0.001091 -0.000601622
51.9145 3.84413 -0.0572436 1.46532 5.23803e-05 0.00105956 -0.00060225
51.9342 3.85037 -0.0572739 1.46548 4.52814e-05 0.00102455 -0.000604239
51.9554 3.85662 -0.0573043 1.46566 3.15296e-05 0.0010618 -0.000604285
51.9751 3.86289 -0.0573348 1.46584 2.46572e-05 0.00112384 -0.000603172
51.9959 3.86916 -0.0573653 1.46604 3.39426e-05 0.00117681 -0.000601511
52.015 3.87545 -0.0573961 1.46624 6.47789e-05 0.00127211 -0.000601406
52.0352 3.88175 -0.0574269 1.46646 7.85488e-05 0.00131722 -0.00060241
52.0571 3.88805 -0.0574578 1.46668 7.10033e-05 0.00130921 -0.000603741
52.0762 3.89435 -0.0574888 1.46691 4.13272e-05 0.00131081 -0.000603443
52.0962 3.90066 -0.0575199 1.46715 1.27705e-05 0.00131079 -0.000602676
52.1161 3.90698 -0.0575509 1.46739 -8.75673e-06 0.00130658 -0.000602978
52.1373 3.9133 -0.0575818 1.46764 -3.63581e-05 0.00130741 -0.000607216
52.1586 3.91962 -0.0576124 1.46789 -8.08475e-05 0.00141444 -0.000609729
52.1772 3.92594 -0.0576426 1.46814 -0.000112328 0.00134355 -0.000612325
52.1984 3.93226 -0.0576723 1.46839 -0.000139949 0.00127863 -0.000615206
52.2183 3.93857 -0.0577014 1.46864 -0.000164492 0.00130241 -0.00061682
52.2375 3.94488 -0.0577299 1.46888 -0.000182252 0.00134678 -0.000618291
52.2604 3.95119 -0.0577575 1.46912 -0.000193944 0.00137936 -0.000618847
52.2786 3.9575 -0.0577845 1.46935 -0.000189662 0.00140267 -0.000617876
52.2997 3.9638 -0.0578107 1.46957 -0.000168299 0.00141624 -0.000620779
52.3193 3.9701 -0.0578362 1.46979 -0.00013454 0.00148784 -0.000622368
52.339 3.97639 -0.0578613 1.47 -8.59978e-05 0.00131081 -0.00062232
52.3604 3.98265 -0.0578851 1.47021 -0.000184674 0.00100006 -0.000622709
52.3798 3.98901 -0.0579092 1.47042 -0.000109718 0.00111064 -0.000627544
52.4013 3.99545 -0.0579331 1.47064 -5.20821e-06 0.000938332 -0.000630214
52.4203 4.00196 -0.0579565 1.47087 1.64731e-05 0.000618144 -0.000630438
52.4405 4.00853 -0.0579794 1.47109 -3.93255e-05 0.000519691 -0.000630054
52.4613 4.01517 -0.0580021 1.47132 -0.000105713 0.000611722 -0.000631702
52.4808 4.02186 -0.0580245 1.47153 -0.000140608 0.000479699 -0.000631958
52.5022 4.0286 -0.0580464 1.47172 -0.000174733 0.000445371 -0.000632904
52.5217 4.0354 -0.0580675 1.4719 -0.000218733 0.000556522 -0.000634418
52.5425 4.04225 -0.0580877 1.47206 -0.00026446 0.000506595 -0.000635341
52.5622 4.04914 -0.0581069 1.47219 -0.000302447 0.000489099 -0.00063494
52.5834 4.05608 -0.058125 1.47231 -0.000322547 0.000564302 -0.000634269
52.6063 4.06305 -0.0581417 1.4724 -0.000356775 0.00061812 -0.000633567
52.6233 4.07007 -0.0581571 1.47247 -0.000384985 0.000618605 -0.000635893
52.6435 4.07713 -0.058171 1.47251 -0.000398645 0.000664383 -0.000639385
52.6654 4.08421 -0.0581834 1.47253 -0.000413136 0.000578703 -0.000643284
52.6863 4.09134 -0.058194 1.47253 -0.000438473 0.000786856 -0.000644123
52.7049 4.09849 -0.0582032 1.47251 -0.000436568 0.000765329 -0.000645629
52.725 4.10568 -0.0582107 1.47248 -0.000423867 0.000722688 -0.000645738
52.7454 4.11289 -0.0582165 1.47242 -0.000412325 0.000744542 -0.000647247
52.7653 4.12014 -0.0582208 1.47235 -0.000404178 0.000781097 -0.000650698
52.7852 4.12742 -0.0582234 1.47225 -0.000399976 0.000893346 -0.000651282
52.8116 4.13472 -0.0582245 1.47214 -0.000408211 0.000879958 -0.000651061
52.8255 4.14205 -0.058224 1.47201 -0.000413015 0.000852964 -0.000652603
52.8454 4.1494 -0.058222 1.47186 -0.00041131 0.000905086 -0.000652268
52.8677 4.15677 -0.0582184 1.47171 -0.000414369 0.00101774 -0.000654956
52.8867 4.16416 -0.0582131 1.47154 -0.000430517 0.00103038 -0.000657087
52.9075 4.17156 -0.0582063 1.47137 -0.000434469 0.00104787 -0.000658983
52.9267 4.17898 -0.0581979 1.47118 -0.000425791 0.00108185 -0.000659428
52.9473 4.18641 -0.0581879 1.47099 -0.000401193 0.00109434 -0.000660509
52.9736 4.19386 -0.0581765 1.47079 -0.000383006 0.0011907 -0.000661135
52.9894 4.20131 -0.0581634 1.47059 -0.000380318 0.0011425 -0.000662693
53.0087 4.20878 -0.058149 1.47038 -0.00037542 0.00111679 -0.000662925
53.0291 4.21625 -0.0581332 1.47018 -0.00036418 0.00115367 -0.00066432
53.0489 4.22373 -0.058116 1.46997 -0.000362817 0.00119196 -0.000665478
53.0713 4.23122 -0.0580974 1.46977 -0.000377957 0.00122347 -0.000664492
53.0895 4.23871 -0.0580774 1.46956 -0.000385455 0.00128311 -0.000667814
53.1101 4.24622 -0.0580561 1.46936 -0.000377031 0.0013748 -0.000668047
53.13 4.25372 -0.0580334 1.46915 -0.00036931 0.00131756 -0.000667493
53.15 4.26122 -0.0580093 1.46896 -0.000363134 0.00134047 -0.000668406
53.1721 4.26873 -0.0579839 1.46876 -0.000351711 0.00137349 -0.000668512
53.1918 4.27623 -0.0579573 1.46857 -0.000337335 0.00137505 -0.000668358
53.2148 4.28374 -0.0579294 1.46839 -0.000325101 0.00147152 -0.000667328
53.2316 4.29124 -0.0579004 1.46821 -0.00031242 0.0014428 -0.000667984
53.2516 4.29873 -0.0578702 1.46803 -0.000307935 0.0014042 -0.000668254
53.2749 4.30622 -0.0578389 1.46786 -0.000305198 0.00143496 -0.000667967
53.2936 4.3137 -0.0578066 1.46769 -0.000294636 0.00146166 -0.000669088
53.3138 4.32118 -0.0577732 1.46753 -0.000276676 0.00143634 -0.00067166
53.3337 4.32865 -0.0577389 1.46736 -0.000255697 0.00143686 -0.000672188
53.354 4.33611 -0.0577037 1.4672 -0.000247989 0.00144508 -0.000671765
53.3742 4.34354 -0.0576678 1.46703 -0.000218608 0.000191214 -0.000669395
53.3935 4.35109 -0.0576308 1.46688 -0.000236606 0.00101467 -0.00066553
53.4157 4.35873 -0.0575931 1.46679 -0.000266136 0.0016977 -0.000661606
53.4343 4.36645 -0.0575547 1.46674 -0.000272125 0.00141547 -0.000659036
53.4539 4.37424 -0.0575154 1.46671 -0.000270821 0.000959147 -0.000656471
53.4747 4.38211 -0.0574752 1.46669 -0.000276717 0.000809099 -0.000655091
53.4943 4.39004 -0.0574341 1.46668 -0.000284418 0.000862089 -0.00065281
53.5145 4.39804 -0.0573921 1.46665 -0.00028219 0.000712016 -0.000648828
53.5348 4.40609 -0.0573492 1.46662 -0.000279677 0.000596222 -0.000646502
53.5546 4.4142 -0.0573055 1.46659 -0.000268209 0.000621101 -0.000644598
53.5763 4.42236 -0.0572608 1.46654 -0.000269449 0.000609438 -0.000644219
53.5954 4.43058 -0.0572152 1.46649 -0.000275295 0.000635913 -0.000641865
53.6169 4.43884 -0.0571688 1.46643 -0.000276055 0.000610581 -0.000638919
53.6357 4.44714 -0.0571215 1.46637 -0.000271636 0.000576257 -0.000638156
53.6573 4.45549 -0.0570734 1.4663 -0.000263988 0.000592023 -0.0006369
53.6778 4.46388 -0.0570244 1.46624 -0.000250779 0.000681106 -0.000634975
53.6965 4.4723 -0.0569746 1.46617 -0.000251189 0.00069546 -0.000633844
53.7174 4.48075 -0.0569241 1.4661 -0.000251617 0.000716109 -0.000632755
53.7381 4.48924 -0.0568727 1.46603 -0.000245969 0.000764833 -0.000632691
53.7567 4.49777 -0.0568206 1.46595 -0.000244279 0.000920505 -0.000632628
53.7785 4.50632 -0.0567679 1.46588 -0.000222391 0.000834465 -0.000631705
53.7971 4.5149 -0.0567145 1.4658 -0.000198186 0.000810933 -0.000630033
53.8212 4.52351 -0.0566605 1.46572 -0.000174898 0.000880964 -0.000631385
53.8378 4.53214 -0.0566061 1.46564 -0.000145427 0.000999407 -0.000631725
53.8576 4.54079 -0.0565513 1.46556 -0.000118384 0.000939325 -0.00063306
53.8789 4.54948 -0.0564961 1.46548 -0.000118242 0.00112088 -0.000633925
53.8984 4.55817 -0.0564407 1.4654 -0.000104641 0.00107881 -0.000633484
53.9199 4.56689 -0.0563851 1.46531 -0.000100381 0.00108549 -0.000634811
53.9397 4.57563 -0.0563292 1.46523 -9.95129e-05 0.00121887 -0.000635632
53.96 4.58438 -0.0562732 1.46515 -9.81156e-05 0.00121859 -0.00064013
53.9809 4.59314 -0.056217 1.46507 -8.54022e-05 0.00119057 -0.000643544
54 4.60192 -0.0561606 1.46499 -8.72968e-05 0.00122463 -0.000644428
54.0199 4.61071 -0.0561041 1.46492 -9.00723e-05 0.00127368 -0.000642362
54.04 4.61951 -0.0560476 1.46485 -8.23028e-05 0.00130629 -0.000639216
54.06 4.62832 -0.055991 1.46479 -5.32199e-05 0.00135247 -0.000640051
54.0814 4.63714 -0.0559343 1.46475 -4.45175e-05 0.00137478 -0.000640876
54.1012 4.64596 -0.0558775 1.46471 -4.28533e-05 0.00138249 -0.000643038
54.1238 4.65479 -0.0558208 1.46468 -4.83471e-05 0.00149133 -0.000642556
54.1414 4.66361 -0.0557642 1.46466 -4.44081e-05 0.00148236 -0.000642824
54.1614 4.67244 -0.0557076 1.46465 -3.21467e-05 0.00142092 -0.000644457
54.1828 4.68126 -0.055651 1.46465 -2.92768e-05 0.00149311 -0.000643543
54.2028 4.69008 -0.0555945 1.46467 -2.76421e-05 0.00153594 -0.000644292
54.2221 4.6989 -0.0555381 1.46469 -2.01022e-05 0.00152893 -0.000645356
54.2422 4.70771 -0.0554818 1.46473 -1.50677e-05 0.00152038 -0.000647273
54.2624 4.71653 -0.0554256 1.46478 -1.11461e-05 0.00160713 -0.000646559
54.2857 4.72533 -0.0553697 1.46483 4.62522e-06 0.00155535 -0.000646117
54.3036 4.73413 -0.0553139 1.46489 1.30586e-05 0.00155206 -0.00064643
54.3236 4.74292 -0.0552584 1.46497 2.35048e-05 0.00157239 -0.000648307
54.3447 4.7517 -0.0552031 1.46505 1.08445e-05 0.00165401 -0.00064984
54.3639 4.76047 -0.055148 1.46514 4.63156e-06 0.00161098 -0.000650774
54.3856 4.76922 -0.0550932 1.46524 1.05029e-05 0.00156796 -0.000649665
54.4046 4.77799 -0.0550376 1.46533 -0.000108014 0.000968696 -0.000655419
54.4281 4.78691 -0.0549836 1.46545 6.10755e-05 0.00118777 -0.00066518
54.4456 4.79592 -0.0549297 1.4656 0.000161573 0.000828299 -0.000672821
54.4662 4.80502 -0.054876 1.46577 0.000148917 0.000625978 -0.000678149
54.4875 4.8142 -0.0548231 1.46595 0.000131805 0.000486939 -0.000683001
54.5071 4.82346 -0.0547711 1.46613 0.000125802 0.000427277 -0.000686733
54.5293 4.8328 -0.0547196 1.46632 9.40915e-05 0.000382956 -0.000691846
54.5481 4.8422 -0.0546686 1.46651 4.71834e-05 0.000442572 -0.00069493
54.5692 4.85166 -0.0546181 1.4667 6.0752e-06 0.000374655 -0.000696874
54.59 4.86118 -0.0545679 1.46688 -2.85599e-05 0.000346462 -0.000698601
54.6085 4.87077 -0.0545178 1.46706 -5.04382e-05 0.000403577 -0.000700534
54.6299 4.88041 -0.0544677 1.46724 -8.37144e-05 0.000460532 -0.000701661
54.6489 4.89011 -0.0544175 1.46742 -0.00011446 0.000483137 -0.000704838
54.6694 4.89986 -0.0543671 1.4676 -0.00013079 0.000582037 -0.000707213
54.6904 4.90965 -0.0543164 1.46778 -0.000158351 0.000627149 -0.000708521
54.7091 4.91949 -0.0542654 1.46795 -0.000169592 0.000676709 -0.000710953
54.7317 4.92937 -0.0542141 1.46812 -0.00016157 0.000802098 -0.000712351
54.7508 4.9393 -0.0541623 1.46828 -0.000146786 0.000797985 -0.000713909
54.7699 4.94926 -0.0541103 1.46843 -0.000126513 0.000814088 -0.000717167
54.79 4.95925 -0.0540578 1.46858 -0.000122916 0.000865383 -0.000718893
54.8108 4.96928 -0.0540051 1.46873 -0.00011836 0.000892687 -0.000725273
54.8325 4.97933 -0.0539521 1.46887 -0.000118614 0.000921043 -0.000730383
54.8512 4.98942 -0.0538989 1.469 -0.000124288 0.00102371 -0.000731244
54.8714 4.99952 -0.0538455 1.46912 -0.000114685 0.000967083 -0.000730548
54.8915 5.00965 -0.0537918 1.46925 -0.000100538 0.000972775 -0.000730236
54.9112 5.0198 -0.053738 1.46937 -9.07749e-05 0.00104318 -0.000732582
54.9321 5.02998 -0.053684 1.4695 -7.97086e-05 0.00114442 -0.000733293
54.9528 5.04017 -0.0536299 1.46963 -7.085e-05 0.00116186 -0.000732109
54.9725 5.05038 -0.0535757 1.46977 -6.11492e-05 0.00116665 -0.000730872
54.9928 5.0606 -0.0535216 1.46992 -4.87028e-05 0.00130424 -0.000728997
55.0128 5.07083 -0.0534674 1.47007 -3.79686e-05 0.00127201 -0.000726889
55.0346 5.08108 -0.0534133 1.47024 -2.81094e-05 0.00142821 -0.000726233
55.0533 5.09133 -0.0533593 1.47043 -1.60639e-05 0.00146359 -0.000724889
55.0734 5.1016 -0.0533055 1.47062 -4.11553e-07 0.00153727 -0.000722343
55.0939 5.11187 -0.0532519 1.47083 2.01995e-05 0.00151709 -0.000721411
55.1138 5.12213 -0.0531985 1.47105 2.68558e-05 0.00154878 -0.000722346
55.1356 5.1324 -0.0531453 1.47128 2.33784e-05 0.00156371 -0.000721024
55.1551 5.14267 -0.0530924 1.47152 1.47816e-05 0.00158788 -0.000720484
55.1756 5.15295 -0.0530398 1.47176 9.83148e-06 0.00169363 -0.000719515
55.1969 5.16321 -0.0529874 1.47201 1.03351e-05 0.00165595 -0.000719196
55.2165 5.17347 -0.0529352 1.47225 9.73837e-06 0.00160405 -0.000716604
55.2366 5.18373 -0.0528833 1.4725 8.59237e-06 0.00162558 -0.00071635
55.2563 5.19398 -0.0528316 1.47274 5.85442e-06 0.00173897 -0.000717266
55.2766 5.20421 -0.0527801 1.47299 4.90237e-06 0.00173608 -0.00071412
55.2969 5.21443 -0.0527289 1.47323 1.62251e-05 0.00170233 -0.000711858
55.3219 5.22465 -0.0526779 1.47347 2.66511e-05 0.00178586 -0.000708695
55.3401 5.23484 -0.0526272 1.47371 4.17484e-05 0.00176448 -0.000705554
55.3583 5.24503 -0.0525769 1.47394 5.69738e-05 0.00172413 -0.000703144
55.3782 5.2552 -0.052527 1.47417 7.16555e-05 0.00170966 -0.000700677
55.4002 5.26535 -0.0524775 1.47438 8.42861e-05 0.00169553 -0.00069827
55.4204 5.27546 -0.0524279 1.47459 9.95084e-06 0.000343494 -0.000698428
55.4412 5.28575 -0.0523797 1.47481 0.000109988 0.00116095 -0.000699766
55.4597 5.29616 -0.0523321 1.47507 0.000182534 0.00139528 -0.000699902
55.4809 5.30665 -0.0522851 1.47536 0.000195796 0.00083595 -0.000699294
55.5018 5.31725 -0.0522389 1.47566 0.000174814 0.000632099 -0.000698155
55.5203 5.32794 -0.0521936 1.47595 0.000155121 0.000616218 -0.000696864
55.5446 5.33871 -0.052149 1.47623 0.00011896 0.000574145 -0.000694383
55.5616 5.34956 -0.0521051 1.4765 7.43938e-05 0.000580464 -0.000691993
55.581 5.36048 -0.0520618 1.47675 5.09254e-05 0.000423078 -0.000690608
55.6027 5.37148 -0.0520189 1.47699 1.78373e-05 0.000432113 -0.000687946
55.6225 5.38254 -0.0519763 1.4772 -1.3486e-05 0.000386391 -0.000686461
55.6427 5.39367 -0.0519338 1.47741 -3.04992e-05 0.000407733 -0.000686076
55.6615 5.40486 -0.0518914 1.47759 -6.28226e-05 0.00049724 -0.000683257
55.6821 5.4161 -0.0518491 1.47777 -6.7093e-05 0.000498059 -0.000680196
55.7057 5.42739 -0.0518069 1.47794 -5.42669e-05 0.000567192 -0.0006757
55.7237 5.43874 -0.0517645 1.47809 -6.05642e-05 0.000630457 -0.000669397
55.7442 5.45013 -0.0517221 1.47824 -6.93856e-05 0.000699808 -0.00066806
55.7665 5.46157 -0.0516795 1.47837 -7.46982e-05 0.000816921 -0.000666943
55.7865 5.47305 -0.0516369 1.47849 -8.48431e-05 0.000830891 -0.000666733
55.8115 5.48457 -0.0515942 1.47861 -7.90402e-05 0.000895626 -0.000664243
55.8323 5.49613 -0.0515512 1.47872 -0.000105086 0.00112265 -0.000659993
55.8547 5.50771 -0.0515081 1.47882 -0.000107615 0.00101087 -0.000657238
55.8732 5.51932 -0.0514649 1.47893 -9.90213e-05 0.00104336 -0.000654323
55.8933 5.53097 -0.0514213 1.47904 -0.000112933 0.00118149 -0.000651156
55.9146 5.54263 -0.0513776 1.47915 -0.000111581 0.00125729 -0.000649083
55.9342 5.55433 -0.0513337 1.47925 -9.04675e-05 0.00133918 -0.000646496
55.9536 5.56604 -0.0512895 1.47934 -7.6048e-05 0.0013507 -0.000645866
55.9743 5.57783 -0.0512453 1.47946 -0.000152771 0.00768826 -0.000534861
55.9944 5.58888 -0.0511996 1.47965 -0.000312119 0.00322062 -0.000407809
56.015 5.5995 -0.0511543 1.48008 -0.000168677 0.00212209 -0.000282457
56.0353 5.60972 -0.0511077 1.48065 -0.000118504 0.00430362 -0.000177952
56.2019 5.61952 -0.0510613 1.48127 1.15911e-05 0.00523081 -7.77934e-05
56.2207 5.62892 -0.0510151 1.48187 0.000158819 0.00494012 1.29299e-05
56.2404 5.63795 -0.0509691 1.48244 0.000239592 0.0051092 9.09029e-05
56.2622 5.6466 -0.0509244 1.48295 0.000328479 0.00528575 0.000163691
56.2816 5.65489 -0.0508808 1.48338 0.000384281 0.0055345 0.000227955
56.3029 5.66281 -0.0508388 1.48375 0.000433025 0.00568872 0.000282885
56.3211 5.67036 -0.0507987 1.48405 0.00048494 0.00567825 0.000331871
56.342 5.67756 -0.0507605 1.48429 0.000502964 0.0056162 0.000372848
56.3625 5.68439 -0.0507246 1.48446 0.000532791 0.00551513 0.000408567
56.382 5.69088 -0.0506909 1.48459 0.000561195 0.00537194 0.000437499
56.4045 5.69701 -0.0506595 1.48467 0.000568564 0.00518207 0.000459998
56.4222 5.70279 -0.0506304 1.48471 0.00055792 0.00499035 0.000474203
56.4422 5.70822 -0.0506037 1.48472 0.000556141 0.0047825 0.000484911
56.4634 5.71329 -0.0505793 1.48469 0.000540459 0.00448298 0.000490152
56.4823 5.71802 -0.0505572 1.48463 0.000504818 0.00437804 0.000490502
56.5037 5.72239 -0.0505373 1.48455 0.00049584 0.00399664 0.000485798
56.5231 5.72641 -0.0505199 1.48446 0.000516025 0.00364219 0.000480303
56.5438 5.73008 -0.0505045 1.48436 0.000514957 0.00331959 0.000474706
56.5634 5.7334 -0.0504913 1.48425 0.000508981 0.00295063 0.0004678
56.5845 5.73637 -0.0504803 1.48413 0.000515122 0.00320127 0.000450403
56.6038 5.73891 -0.0504718 1.484 0.000550079 0.00218397 0.000426413
56.6244 5.74105 -0.0504652 1.48388 0.000533989 0.00168684 0.000397568
56.6437 5.7428 -0.0504611 1.48378 0.00053528 0.00146451 0.000370126
56.6658 5.74415 -0.0504592 1.48369 0.000545433 0.00112923 0.000341908
56.6854 5.74513 -0.0504595 1.48359 0.000537173 0.000746457 0.000310911
56.7055 5.74574 -0.0504621 1.48349 0.000551442 0.000249775 0.000278187
56.7245 5.74598 -0.0504668 1.48337 0.000541119 -4.79521e-05 0.000243568
56.7452 5.74588 -0.0504737 1.48325 0.000527276 -0.000323419 0.000209882
56.7669 5.74544 -0.0504827 1.48311 0.000531841 -0.000614102 0.000172168
56.7859 5.74467 -0.0504939 1.48297 0.000538386 -0.000802486 0.000133368
56.8073 5.74357 -0.0505072 1.48281 0.000545847 -0.00103674 9.15113e-05
56.8264 5.74216 -0.0505225 1.48265 0.000545576 -0.00114703 4.63298e-05
56.8463 5.74046 -0.0505398 1.48248 0.00052696 -0.00118354 4.11052e-06
56.8679 5.73846 -0.0505592 1.4823 0.000515213 -0.00136334 -3.77007e-05
56.8883 5.73619 -0.0505805 1.48212 0.000500893 -0.0013293 -8.14773e-05
56.9083 5.73364 -0.0506036 1.48193 0.000485701 -0.00143776 -0.000125816
56.9271 5.73083 -0.0506285 1.48174 0.000475665 -0.00144264 -0.000171313
56.9474 5.72778 -0.0506552 1.48154 0.000467309 -0.00146355 -0.000216745
56.9713 5.72448 -0.0506836 1.48134 0.000456347 -0.00147428 -0.000260375
56.9891 5.72095 -0.0507135 1.48113 0.000438266 -0.00158318 -0.000303969
57.0091 5.7172 -0.050745 1.48092 0.000420484 -0.00160325 -0.00034769
57.0297 5.71325 -0.050778 1.4807 0.000403629 -0.00159853 -0.000391378
57.0499 5.70909 -0.0508124 1.48047 0.000386715 -0.00164864 -0.000434277
57.0717 5.70475 -0.050848 1.48024 0.000372297 -0.00169979 -0.000476707
57.0903 5.70022 -0.0508849 1.48001 0.000347573 -0.001769 -0.000517474
57.1113 5.69552 -0.050923 1.47977 0.000337071 -0.00178839 -0.000559192
57.1306 5.69066 -0.0509622 1.47953 0.000326926 -0.00185204 -0.000600308
57.1515 5.68565 -0.0510024 1.47929 0.000295853 -0.00184556 -0.000640463
57.1716 5.68042 -0.0510447 1.47902 0.000484599 -0.00545016 -0.000678841
57.1908 5.67536 -0.0510859 1.47885 0.000195821 -0.0028966 -0.000715981
57.212 5.67043 -0.051128 1.47885 -7.44669e-05 -0.000764396 -0.000746352
57.2309 5.66559 -0.0511709 1.47897 -0.000152664 -0.0019459 -0.000778406
57.2523 5.66085 -0.0512135 1.47918 -0.000158618 -0.00316972 -0.000808179
57.2748 5.65621 -0.0512553 1.47941 -0.000180524 -0.00340425 -0.000833387
57.295 5.65166 -0.0512964 1.47964 -0.000203145 -0.00345878 -0.000855899
57.3159 5.6472 -0.0513367 1.47985 -0.000207418 -0.00370647 -0.00087958
57.3354 5.64283 -0.0513762 1.48002 -0.000205625 -0.00395507 -0.000898294
57.3553 5.63854 -0.0514149 1.48016 -0.000197732 -0.00416217 -0.000916765
57.376 5.63435 -0.0514529 1.48026 -0.000178808 -0.00420035 -0.000932458
57.3954 5.63026 -0.0514901 1.48033 -0.000158097 -0.00416993 -0.000946211
57.4218 5.62626 -0.0515267 1.48038 -0.000141325 -0.0041594 -0.000961542
57.4381 5.62235 -0.0515626 1.4804 -0.000125624 -0.00418464 -0.000974255
57.4572 5.61854 -0.0515982 1.48039 -0.000100379 -0.0040721 -0.000983484
57.4795 5.61484 -0.0516333 1.48037 -8.03579e-05 -0.0039008 -0.000990199
57.4986 5.61124 -0.051668 1.48034 -6.26977e-05 -0.00376545 -0.000997536
57.5202 5.60773 -0.0517026 1.48029 -3.20155e-05 -0.00374157 -0.00100078
57.5394 5.60434 -0.0517368 1.48023 -3.35278e-05 -0.00343263 -0.00100747
57.559 5.60106 -0.051771 1.48017 -2.91573e-05 -0.00318615 -0.00101158
57.5805 5.59789 -0.0518051 1.48011 -8.06757e-06 -0.00312999 -0.00101537
57.5996 5.59484 -0.0518391 1.48004 1.84809e-07 -0.00286852 -0.00102028
57.6231 5.59192 -0.0518732 1.47998 2.03479e-05 -0.00259216 -0.00102059
57.6396 5.58911 -0.0519077 1.47992 8.23675e-05 -0.00238636 -0.00102262
57.6598 5.58642 -0.0519427 1.47987 0.000179998 -0.0021785 -0.00102321
57.6836 5.58385 -0.0519785 1.47981 0.00030228 -0.00196268 -0.00102327
57.7021 5.58141 -0.0520155 1.47975 0.000419815 -0.00174466 -0.0010296
57.724 5.57909 -0.0520542 1.47969 0.00053038 -0.0015385 -0.00103018
57.7434 5.57689 -0.0520948 1.47963 0.000638563 -0.00134131 -0.00103425
57.7621 5.57482 -0.0521379 1.47956 0.000729453 -0.00115269 -0.00103412
57.7831 5.57286 -0.0521839 1.4795 0.000818062 -0.000984072 -0.00103232
57.8041 5.57104 -0.052233 1.47944 0.000894161 -0.000822447 -0.00102472
57.8236 5.56933 -0.0522854 1.47937 0.00094799 -0.000652896 -0.00101672
57.8441 5.56775 -0.0523414 1.47931 0.000994295 -0.000512882 -0.0010062
57.8645 5.5663 -0.0524013 1.47925 0.0010344 -0.00039163 -0.000995857
57.8876 5.56497 -0.0524651 1.47919 0.00106619 -0.000278529 -0.000987082
57.9053 5.56376 -0.0525329 1.47913 0.001089 -0.000177247 -0.000977884
57.9262 5.56269 -0.0526049 1.47907 0.00111575 -4.80497e-05 -0.000967858
57.9462 5.56173 -0.0526809 1.47901 0.00110624 7.26592e-05 -0.000955599
57.9661 5.56088 -0.0527611 1.47895 0.00109525 0.000144693 -0.000941005
57.987 5.56016 -0.0528455 1.47889 0.00108937 0.000222964 -0.000928914
58.0072 5.55955 -0.0529339 1.47883 0.00107259 0.000298416 -0.000920416
58.0269 5.55905 -0.0530262 1.47876 0.00104043 0.000375941 -0.000903464
58.0467 5.55868 -0.0531225 1.4787 0.0010106 0.00045757 -0.000884742
58.0669 5.55842 -0.0532225 1.47864 0.000989231 0.000508388 -0.000871177
58.0888 5.55827 -0.0533262 1.47857 0.000977094 0.000672106 -0.000857937
58.1077 5.55823 -0.0534337 1.47851 0.00100674 0.000640933 -0.000844891
58.1284 5.55831 -0.0535449 1.47845 0.00103184 0.000707345 -0.000830887
58.1479 5.55849 -0.0536599 1.47839 0.00105068 0.00081835 -0.000813298
58.1695 5.55877 -0.0537787 1.47833 0.00107378 0.000905864 -0.000797896
58.1901 5.55917 -0.0539013 1.47827 0.00108183 0.00109041 -0.000782657
58.2095 5.55967 -0.0540279 1.4782 0.00110057 0.00110153 -0.00077089
58.2296 5.56027 -0.0541585 1.47814 0.00112518 0.00111694 -0.000757611
58.25 5.56097 -0.0542932 1.47807 0.00114652 0.00122016 -0.000744584
58.2709 5.56177 -0.0544321 1.47801 0.00117829 0.00132556 -0.000732364
58.2915 5.56268 -0.0545751 1.47795 0.00120152 0.00153986 -0.000720166
58.3115 5.56367 -0.0547226 1.47789 0.00123558 0.00157193 -0.000708465
58.3321 5.56476 -0.0548744 1.47783 0.00126648 0.00156913 -0.000697224
58.3514 5.56595 -0.0550308 1.47778 0.00129011 0.00166443 -0.000684965
58.3709 5.56723 -0.0551919 1.47774 0.0013203 0.00180962 -0.000673656
58.3923 5.56859 -0.0553575 1.4777 0.00133165 0.00188537 -0.000663306
58.4121 5.57004 -0.0555278 1.47767 0.00134044 0.00193846 -0.000652395
58.4326 5.57158 -0.0557029 1.47763 0.001346 0.00202385 -0.000641319
58.4525 5.5732 -0.0558828 1.4776 0.00136591 0.00210071 -0.000631693
58.4728 5.57491 -0.0560676 1.47756 0.00139122 0.00226263 -0.000622448
58.494 5.57669 -0.0562573 1.47753 0.00140587 0.00231465 -0.00061238
58.5127 5.57856 -0.0564519 1.4775 0.00142534 0.00233948 -0.000604245
58.535 5.5805 -0.0566515 1.47747 0.00144402 0.00240642 -0.000594797
58.5537 5.58252 -0.0568563 1.47745 0.00147239 0.00252518 -0.000585146
58.5732 5.5846 -0.0570661 1.47742 0.00148397 0.00252821 -0.000575795
58.5944 5.58676 -0.057281 1.47739 0.00148584 0.00255101 -0.000566634
58.6155 5.58899 -0.0575011 1.47736 0.00148815 0.00267049 -0.000557624
58.6365 5.59128 -0.0577263 1.47733 0.00149638 0.00265092 -0.000549561
58.6548 5.59363 -0.0579572 1.4773 0.00158569 0.00265218 -0.000541905
58.6748 5.59604 -0.0581944 1.47727 0.00178912 0.00277715 -0.000536297
58.6968 5.59851 -0.0584382 1.47723 0.00206003 0.00274627 -0.000530658
58.7176 5.60103 -0.0586894 1.4772 0.0023445 0.00274081 -0.000524854
58.7386 5.6036 -0.058949 1.47716 0.00262398 0.00284177 -0.000518681
58.7569 5.60621 -0.059218 1.47711 0.00288474 0.00280107 -0.000514304
58.7771 5.60888 -0.0594973 1.47707 0.00312872 0.00287248 -0.000509762
58.7999 5.61157 -0.0597879 1.47702 0.00334385 0.00283379 -0.000505248
58.8195 5.61431 -0.0600903 1.47696 0.00351115 0.00277153 -0.000500586
58.839 5.61708 -0.0604053 1.4769 0.00363485 0.00280571 -0.000494813
58.8585 5.61989 -0.0607333 1.47684 0.00372317 0.00271713 -0.000492396
58.8792 5.62272 -0.0610747 1.47677 0.0037913 0.00274107 -0.000490032
58.8994 5.62557 -0.0614297 1.4767 0.0038315 0.00268934 -0.000484929
58.9204 5.62845 -0.0617984 1.47663 0.00385187 0.00261269 -0.000478539
58.9431 5.63134 -0.0621809 1.47656 0.00384745 0.00264804 -0.000473297
58.9607 5.63425 -0.0625771 1.47647 0.00382804 0.00259893 -0.000469713
58.9809 5.63718 -0.0629869 1.47639 0.00379782 0.00251393 -0.000465923
59.0025 5.64012 -0.0634102 1.47629 0.00375156 0.0025615 -0.000462289
59.0215 5.64306 -0.0638466 1.47619 0.00368643 0.00250064 -0.000457983
59.0423 5.646 -0.0642959 1.47608 0.00360244 0.00241837 -0.000453165
59.0617 5.64895 -0.0647579 1.47596 0.00351467 0.00245359 -0.000450209
59.0831 5.65191 -0.0652321 1.47582 0.00345513 0.00245138 -0.00044799
59.1032 5.65485 -0.0657186 1.47567 0.00342462 0.00235728 -0.000448049
59.1223 5.6578 -0.0662168 1.47551 0.00339185 0.0023101 -0.000445969
59.1462 5.66074 -0.0667266 1.47534 0.00335494 0.00238664 -0.000443517
59.1624 5.66366 -0.067248 1.47517 0.00332346 0.00231077 -0.000443084
59.1823 5.66658 -0.0677807 1.47499 0.00330546 0.00225239 -0.000441713
59.2046 5.66948 -0.0683246 1.4748 0.00328359 0.00224789 -0.000441819
59.2236 5.67237 -0.0688795 1.47461 0.0032446 0.00231749 -0.000442206
59.2459 5.67524 -0.0694453 1.47442 0.00321306 0.00221744 -0.000444427
59.263 5.6781 -0.0700218 1.47423 0.00317851 0.00215998 -0.000445597
59.2834 5.68093 -0.070609 1.47404 0.00314647 0.00216143 -0.000445375
59.304 5.68374 -0.0712067 1.47386 0.0031316 0.00222857 -0.000445929
59.3288 5.68653 -0.0718147 1.47367 0.00312229 0.00216329 -0.000447628
59.3447 5.68928 -0.0724329 1.47349 0.00310372 0.00206323 -0.000449436
59.3644 5.69201 -0.0730613 1.47332 0.00308303 0.00203367 -0.000451555
59.3859 5.69472 -0.0736998 1.47315 0.00306498 0.00202927 -0.000456753
59.4065 5.69739 -0.0743482 1.47299 0.00304536 0.00206997 -0.000459405
59.4254 5.70003 -0.0750063 1.47283 0.00301716 0.00204417 -0.00046108
59.4459 5.70264 -0.0756743 1.47268 0.0030053 0.00200218 -0.000462829
59.4663 5.7052 -0.076352 1.47254 0.00301212 0.00197635 -0.000465728
59.4866 5.70774 -0.0770393 1.47241 0.00301637 0.00194494 -0.000468439
59.5065 5.71023 -0.0777362 1.47229 0.00301397 0.00190361 -0.000471075
59.5272 5.7127 -0.0784426 1.47218 0.00301318 0.00194031 -0.00047325
59.5489 5.71511 -0.0791586 1.47208 0.00300986 0.00186225 -0.000476162
59.5682 5.71749 -0.079884 1.472 0.00300268 0.0017831 -0.000479698
59.5878 5.71982 -0.0806188 1.47192 0.00298487 0.00176578 -0.000483154
59.6106 5.72211 -0.0813629 1.47186 0.00296004 0.00174524 -0.000487357
59.6284 5.72435 -0.0821162 1.4718 0.00293424 0.00170941 -0.000491231
59.6492 5.72656 -0.0828786 1.47176 0.00291859 0.00174964 -0.00049455
59.6695 5.7287 -0.0836509 1.47173 0.00305656 0.0016295 -0.000499103
59.6893 5.7308 -0.0844341 1.47171 0.00342955 0.00156247 -0.000502285
59.7091 5.73285 -0.0852293 1.4717 0.00397108 0.00155305 -0.000504494
59.7292 5.73484 -0.0860378 1.4717 0.00455753 0.00153895 -0.000505403
59.7511 5.73678 -0.0868616 1.47171 0.00514193 0.00151475 -0.000506035
59.7709 5.73867 -0.0877028 1.47172 0.00569683 0.00149457 -0.000508053
59.7905 5.74051 -0.0885631 1.47174 0.00617285 0.00146764 -0.000513644
59.8133 5.7423 -0.0894444 1.47176 0.00657943 0.00145536 -0.00051794
59.8347 5.74404 -0.0903481 1.47178 0.00688993 0.00144389 -0.000521996
59.8555 5.74573 -0.0912752 1.47181 0.00708782 0.00142658 -0.000524887
59.8744 5.74737 -0.0922267 1.47185 0.00722059 0.00140916 -0.000529851
59.894 5.74895 -0.0932031 1.47189 0.00729604 0.00139588 -0.000535468
59.9174 5.75049 -0.0942047 1.47193 0.00732111 0.0013824 -0.000539014
59.9362 5.75197 -0.0952313 1.47198 0.00729208 0.00137452 -0.000543477
59.958 5.75341 -0.0962829 1.47204 0.00722078 0.00136147 -0.000549619
59.9758 5.75479 -0.0973593 1.4721 0.0071169 0.00132967 -0.000554935
59.9953 5.75613 -0.0984598 1.47217 0.00698363 0.00129138 -0.000558262
60.0199 5.75741 -0.0995841 1.47224 0.00683912 0.00126278 -0.000564301
60.0368 5.75865 -0.100731 1.47232 0.00668248 0.00123606 -0.000570878
60.0589 5.75983 -0.101901 1.4724 0.00651062 0.00120239 -0.000578118
60.077 5.76097 -0.103093 1.47248 0.00633596 0.00117735 -0.000585943
60.0968 5.76205 -0.104305 1.47257 0.00615892 0.00116472 -0.0005906
60.1198 5.76309 -0.105537 1.47267 0.0059824 0.00115827 -0.000594823
60.1379 5.76407 -0.106789 1.47276 0.00581046 0.00115495 -0.000600313
60.1583 5.76501 -0.10806 1.47287 0.00563642 0.00114001 -0.000601944
60.1782 5.7659 -0.109349 1.47298 0.00549619 0.00112769 -0.000605333
60.1996 5.76673 -0.110655 1.4731 0.0053702 0.00111107 -0.00060945
60.2234 5.76752 -0.111978 1.47323 0.00525854 0.00108503 -0.000611803
60.2398 5.76826 -0.113318 1.47337 0.00516792 0.00107698 -0.000615786
60.26 5.76895 -0.114674 1.47352 0.00507747 0.00106211 -0.000617509
60.2807 5.76959 -0.116045 1.47368 0.00499077 0.00104049 -0.000616157
60.3001 5.77018 -0.117431 1.47384 0.00492083 0.00101674 -0.000618998
60.3216 5.77072 -0.118832 1.47401 0.00486462 0.000997527 -0.000622369
60.3422 5.77122 -0.120248 1.47418 0.00481972 0.000977637 -0.000623534
60.3633 5.77166 -0.121678 1.47435 0.00477677 0.00087269 -0.000626919
60.3818 5.77207 -0.123123 1.47453 0.00474443 0.000981148 -0.000629312
60.4025 5.77243 -0.124581 1.4747 0.00471612 0.000853355 -0.000633743
60.4239 5.77274 -0.126053 1.47489 0.00467733 0.000806665 -0.000636855
60.444 5.77302 -0.127538 1.47508 0.00462986 0.000810187 -0.000638792
60.4657 5.77325 -0.129037 1.47526 0.0045758 0.000786776 -0.00064314
60.4848 5.77345 -0.130548 1.47544 0.00451026 0.000731472 -0.00064839
60.5043 5.7736 -0.132073 1.47562 0.00444254 0.000664897 -0.000650198
60.5251 5.77372 -0.133609 1.47578 0.00438316 0.000606437 -0.000653547
60.5449 5.77379 -0.135158 1.47594 0.00433225 0.000554526 -0.000658054
60.5681 5.77382 -0.136719 1.47608 0.00428659 0.000506827 -0.000660122
60.5861 5.77381 -0.138292 1.47622 0.00423781 0.000460289 -0.000659754
60.6058 5.77376 -0.139876 1.47634 0.00418461 0.000422492 -0.00066267
60.6268 5.77367 -0.141471 1.47646 0.00413172 0.00038338 -0.000665491
60.6465 5.77354 -0.143077 1.47656 0.00407371 0.000326069 -0.00066896
60.6668 5.77336 -0.144694 1.47666 0.00402929 0.00029062 -0.000667718
60.6876 5.77315 -0.146323 1.47676 0.00413373 0.000292827 -0.000669607
60.707 5.77289 -0.147965 1.47686 0.0046256 0.000291433 -0.000669945
60.7297 5.7726 -0.149621 1.47695 0.00541946 0.00028077 -0.000670556
60.7493 5.77226 -0.151294 1.47704 0.00632932 0.000276234 -0.000671087
60.7701 5.77188 -0.152986 1.47713 0.00724414 0.000263879 -0.000672533
60.7887 5.77146 -0.154701 1.4772 0.00809282 0.000166761 -0.000675123
60.8095 5.77101 -0.156441 1.47727 0.00882927 0.00021744 -0.000675007
60.8297 5.77052 -0.15821 1.47732 0.00944471 0.000279148 -0.000676307
60.8494 5.77 -0.160009 1.47737 0.00992973 0.000291069 -0.000680649
60.8724 5.76945 -0.16184 1.4774 0.010272 0.000302946 -0.000685837
60.8912 5.76887 -0.163704 1.47742 0.0104802 0.000323936 -0.000689255
60.9102 5.76825 -0.165603 1.47743 0.0105768 0.000352425 -0.000692438
60.9305 5.76761 -0.167537 1.47743 0.0105814 0.000327378 -0.000694395
60.9524 5.76694 -0.169505 1.47743 0.0105063 0.000431986 -0.000694803
60.9718 5.76625 -0.171507 1.47742 0.0103623 0.000464487 -0.000698433
60.9905 5.76553 -0.173543 1.4774 0.0101532 0.000470135 -0.000699574
61.0112 5.7648 -0.175612 1.47738 0.00990076 0.000490338 -0.000697502
61.0334 5.76404 -0.177712 1.47735 0.00962587 0.000482877 -0.000701203
61.052 5.76325 -0.179844 1.47732 0.00934522 0.000464974 -0.000703039
61.0738 5.76245 -0.182005 1.47727 0.00906735 0.000396009 -0.000705052
61.0918 5.76163 -0.184194 1.47723 0.00878573 0.000480573 -0.00070813
61.1119 5.76079 -0.186411 1.47717 0.00850795 0.000501498 -0.000712982
61.1324 5.75994 -0.188654 1.47712 0.00824137 0.000482657 -0.000716593
61.1529 5.75908 -0.190922 1.47705 0.00798573 0.00048599 -0.00071737
61.1738 5.7582 -0.193214 1.47698 0.00773888 0.000496183 -0.000721278
61.1931 5.75731 -0.195528 1.47689 0.00750656 0.000492521 -0.000722393
61.2133 5.7564 -0.197865 1.4768 0.00729555 0.000496723 -0.000722568
61.235 5.75547 -0.200223 1.4767 0.00710122 0.000422133 -0.000724595
61.2541 5.75454 -0.202601 1.47659 0.00692069 0.000478 -0.000725815
61.2789 5.7536 -0.204998 1.47648 0.00675348 0.000534408 -0.000727501
61.295 5.75266 -0.207415 1.47636 0.00659915 0.000530046 -0.000731982
61.3149 5.75171 -0.209849 1.47623 0.00645823 0.000529282 -0.000733379
61.3363 5.75075 -0.2123 1.47609 0.00632193 0.000546807 -0.000733861
61.3564 5.74978 -0.214769 1.47595 0.00619861 0.000546415 -0.000733946
61.3776 5.74881 -0.217254 1.4758 0.0060864 0.000563461 -0.00073061
61.396 5.74784 -0.219754 1.47565 0.005961 0.000580833 -0.000732666
61.4169 5.74685 -0.22227 1.4755 0.00582233 0.000579448 -0.000734109
61.4381 5.74586 -0.2248 1.47534 0.0056817 0.000579377 -0.000737877
61.4573 5.74487 -0.227345 1.47518 0.00553273 0.000499636 -0.000742973
61.4794 5.74387 -0.229903 1.47503 0.00538147 0.000568097 -0.000742142
61.498 5.74288 -0.232473 1.47487 0.00524931 0.000606292 -0.000745868
61.5182 5.74189 -0.235056 1.47473 0.00513109 0.000584376 -0.000750115
61.5404 5.7409 -0.237651 1.47458 0.00502104 0.000562992 -0.000748788
61.5619 5.73991 -0.240258 1.47443 0.00491645 0.000563835 -0.000752863
61.5834 5.73892 -0.242875 1.47429 0.00480662 0.000571607 -0.000756586
61.6017 5.73794 -0.245502 1.47415 0.0046973 0.000582533 -0.000755591
61.6228 5.73696 -0.248139 1.47401 0.00459332 0.000598522 -0.000758004
61.6424 5.73598 -0.250786 1.47388 0.00449263 0.000625082 -0.000759865
61.6619 5.735 -0.253442 1.47375 0.00439678 0.000644632 -0.000757071
61.6835 5.73402 -0.256107 1.47362 0.00431324 0.000745737 -0.000756357
61.7034 5.73304 -0.258781 1.4735 0.00447029 0.00071427 -0.000759322
61.7228 5.73205 -0.261469 1.4734 0.00523566 0.000591824 -0.000759666
61.7448 5.73106 -0.26417 1.47331 0.00644152 0.000650336 -0.000762881
61.7632 5.73008 -0.26689 1.47324 0.00780468 0.000708046 -0.000766347
61.7848 5.7291 -0.269631 1.47318 0.00917141 0.000699717 -0.000770532
61.8047 5.72811 -0.272399 1.47313 0.0104617 0.00070008 -0.000776248
61.8237 5.72714 -0.275199 1.47308 0.0116088 0.000728126 -0.000778468
61.8451 5.72616 -0.278034 1.47304 0.0125692 0.000753988 -0.000782354
61.8645 5.72518 -0.280908 1.47301 0.013326 0.000772878 -0.000786017
61.8867 5.72421 -0.283824 1.47299 0.0138851 0.000788619 -0.000787136
61.9042 5.72324 -0.286784 1.47297 0.0142567 0.000808481 -0.000786735
61.9242 5.72228 -0.289789 1.47295 0.0144492 0.000833915 -0.000787735
61.947 5.72131 -0.29284 1.47294 0.0144778 0.000854201 -0.00078592
61.9655 5.72035 -0.295937 1.47293 0.0143891 0.000866373 -0.000787824
61.986 5.71939 -0.29908 1.47293 0.0142013 0.000880425 -0.000789688
62.0061 5.71843 -0.302268 1.47293 0.0139213 0.000895502 -0.000793108
62.0264 5.71748 -0.3055 1.47294 0.0135624 0.000836027 -0.000794669
62.0462 5.71654 -0.308774 1.47296 0.0131492 0.000906784 -0.000797034
62.0671 5.71561 -0.312089 1.47298 0.0127034 0.000912804 -0.000800419
62.0888 5.71468 -0.315444 1.47301 0.0122428 0.000868509 -0.000802436
62.107 5.71377 -0.318835 1.47304 0.0117792 0.000944407 -0.000800342
62.1268 5.71286 -0.322261 1.47308 0.0113308 0.000988902 -0.000801495
62.1478 5.71197 -0.325721 1.47313 0.0108941 0.000978219 -0.000805458
62.1703 5.71108 -0.329213 1.47317 0.0104708 0.000958796 -0.000806295
62.1894 5.71021 -0.332734 1.47321 0.0100752 0.000956603 -0.000807273
62.209 5.70935 -0.336284 1.47325 0.00971299 0.000963391 -0.000805478
62.2295 5.7085 -0.33986 1.47329 0.0093882 0.000970505 -0.000806087
62.2521 5.70766 -0.343462 1.47332 0.00910635 0.000978754 -0.000806381
62.2699 5.70683 -0.347088 1.47335 0.00884736 0.000991105 -0.000805914
62.2914 5.70601 -0.350737 1.47338 0.00860308 0.000997813 -0.000806402
62.3106 5.7052 -0.354408 1.4734 0.00836777 0.00099835 -0.000806392
62.3299 5.7044 -0.3581 1.47343 0.00814635 0.00100257 -0.000807166
62.353 5.70361 -0.361812 1.47345 0.00794718 0.00100759 -0.000808619
62.3719 5.70283 -0.365543 1.47346 0.00776052 0.00101041 -0.000813818
62.3935 5.70207 -0.369292 1.47348 0.0075746 0.00100505 -0.000817933
62.4117 5.70131 -0.373059 1.47349 0.00739986 0.0010064 -0.000819097
62.4315 5.70056 -0.376843 1.47351 0.00723169 0.0010076 -0.000822551
62.4548 5.69983 -0.380644 1.47352 0.0070708 0.00101656 -0.000823516
62.4748 5.6991 -0.384459 1.47354 0.00693141 0.00103665 -0.00082581
62.4962 5.69839 -0.38829 1.47356 0.00679981 0.00104942 -0.000829899
62.514 5.69811 -0.38987 1.47322 0.00617811 0.00151701 -0.000822364
62.5353 5.69809 -0.389903 1.4727 0.00547736 0.00175463 -0.000749933
62.5592 5.69801 -0.389872 1.47251 0.00541292 0.00208894 -0.000674449
62.5744 5.69793 -0.389805 1.47267 0.00580836 0.00246959 -0.000595358
62.5948 5.69785 -0.389696 1.47312 0.00658065 0.00261123 -0.000485387
62.6158 5.69777 -0.389557 1.47376 0.00770586 0.00281366 -0.000388475
62.6354 5.6977 -0.389401 1.47454 0.00902513 0.00294834 -0.000294891
62.6589 5.69764 -0.389237 1.4754 0.0104668 0.00303828 -0.000205902
62.6811 5.69759 -0.38907 1.47631 0.0119802 0.003124 -0.000127635
62.7009 5.69754 -0.388905 1.47723 0.0135077 0.00316662 -5.53562e-05
62.7205 5.69751 -0.388731 1.47815 0.0151509 0.00331202 -1.72919e-05
62.7387 5.6975 -0.388592 1.47903 0.0165726 0.00326118 -8.09173e-06
62.7644 5.69751 -0.388504 1.47985 0.0173937 0.00284745 -5.95141e-06
62.7829 5.69754 -0.388478 1.48058 0.0172625 0.00249347 -6.42545e-07
62.8064 5.69758 -0.388513 1.48124 0.016318 0.00223934 6.23088e-06
62.8242 5.69763 -0.388607 1.4818 0.0148318 0.00192223 1.48667e-05
62.9946 5.6977 -0.388756 1.4823 0.0130156 0.00174192 2.72286e-05
63.0203 5.69771 -0.388715 1.48262 0.0131717 0.00245197 -8.34428e-05
63.0359 5.69774 -0.388716 1.48291 0.0122725 0.00243322 -0.000154827
63.056 5.6978 -0.388761 1.48317 0.0106726 0.00193375 -0.000218705
63.0759 5.69789 -0.388847 1.48341 0.0090506 0.00162962 -0.000278564
63.0961 5.698 -0.388968 1.48363 0.00747463 0.00146496 -0.000332582
63.1176 5.69813 -0.389119 1.48381 0.00597155 0.00128166 -0.000384282
63.1366 5.6983 -0.389292 1.48396 0.00452388 0.00101811 -0.000433037
63.1577 5.69849 -0.389482 1.48407 0.00316618 0.000769989 -0.000477373
63.1773 5.69872 -0.389685 1.48416 0.00195819 0.000733544 -0.000518468
63.1971 5.69897 -0.389816 1.4842 0.00104701 0.0007615 -0.000420742
63.2258 5.69924 -0.389911 1.4842 0.000313062 0.000629569 -0.000307881
63.2393 5.69955 -0.389968 1.48418 -5.19241e-05 0.000619397 -0.000171845
63.2616 5.69989 -0.389985 1.48414 -5.00963e-05 0.000649912 -3.42611e-05
63.2789 5.70026 -0.389985 1.48409 -6.69302e-05 0.000737501 -7.97754e-06
63.2986 5.70064 -0.389886 1.48406 -0.000203479 0.00104548 -0.000282076
63.3218 5.70106 -0.389764 1.48402 -0.000302637 0.00111478 -0.000514015
63.3409 5.70152 -0.389643 1.48395 -0.000201075 0.00092144 -0.000708331
63.3613 5.70202 -0.389522 1.48384 -3.94108e-05 0.00063399 -0.000885077
63.3802 5.70258 -0.389401 1.48371 7.32162e-05 0.000683022 -0.00104469
63.402 5.70319 -0.38928 1.48354 0.000130531 0.000549664 -0.00119232
63.4234 5.70383 -0.389161 1.48334 0.000123342 0.000318704 -0.00133009
63.4415 5.70453 -0.389041 1.48311 7.10703e-05 0.000317415 -0.00145533
63.4624 5.70528 -0.388923 1.48284 -2.52823e-05 0.000336414 -0.00156987
63.4834 5.70608 -0.388804 1.48254 -0.000156443 0.000297145 -0.00166799
63.502 5.70692 -0.388686 1.48221 -0.000306137 0.000264964 -0.00175572
63.5235 5.70782 -0.388567 1.48185 -0.000463737 0.000262746 -0.00183488
63.5435 5.70877 -0.388446 1.48146 -0.000616161 0.00014722 -0.00190035
63.5645 5.70978 -0.388323 1.48106 -0.000783309 0.00020101 -0.00195781
63.5823 5.71084 -0.388199 1.48065 -0.000940829 0.000280792 -0.00200649
63.6031 5.71196 -0.388071 1.48022 -0.00108351 0.000283811 -0.00204535
63.6253 5.71313 -0.387939 1.47978 -0.00120381 0.000299136 -0.00207434
63.6433 5.71436 -0.387803 1.47932 -0.00130491 0.000222073 -0.00210196
63.6638 5.71565 -0.387663 1.47886 -0.00140987 0.0003041 -0.00211943
63.6836 5.717 -0.387519 1.47839 -0.00150048 0.000415687 -0.00213174
63.704 5.71842 -0.387369 1.47791 -0.00157208 0.000426 -0.002136
63.7243 5.7199 -0.387213 1.47743 -0.00162074 0.00042047 -0.00213895
63.7446 5.72145 -0.387052 1.47694 -0.00165279 0.000441064 -0.00213254
63.7652 5.72305 -0.386886 1.47645 -0.00169231 0.000467681 -0.00212016
63.7856 5.72472 -0.386713 1.47595 -0.00172374 0.000433055 -0.00210298
63.8053 5.72647 -0.386535 1.47544 -0.00173398 0.000633488 -0.00208085
63.8263 5.72828 -0.38635 1.47493 -0.00171837 0.000561737 -0.0020534
63.8461 5.73016 -0.38616 1.47442 -0.00169419 0.000659631 -0.00202111
63.8691 5.73211 -0.385964 1.47391 -0.001656 0.000736071 -0.00198561
63.8861 5.73408 -0.385764 1.47337 -0.00147856 -0.00193379 -0.00194031
63.906 5.73637 -0.385556 1.4729 -0.00162541 0.000334329 -0.00188997
63.9274 5.7389 -0.385343 1.47252 -0.00184373 0.00165168 -0.00183624
63.9473 5.74167 -0.385124 1.47219 -0.00202804 0.000853484 -0.00178205
63.9708 5.74466 -0.384898 1.4719 -0.00220852 7.19693e-05 -0.00172614
63.988 5.74788 -0.384665 1.47162 -0.00243025 2.15639e-05 -0.00166756
64.0082 5.75132 -0.384423 1.47133 -0.00264175 6.10311e-05 -0.00160751
64.0302 5.75497 -0.384171 1.47101 -0.00283573 -0.000171696 -0.00154562
64.0498 5.75884 -0.383911 1.47068 -0.00299378 -0.000330706 -0.00148608
64.0748 5.76292 -0.38364 1.47033 -0.00311621 -0.00028806 -0.00142862
64.0919 5.76721 -0.383358 1.46997 -0.00321528 -0.000352852 -0.0013711
64.1111 5.77171 -0.383065 1.4696 -0.00327888 -0.00042415 -0.00131307
64.1333 5.77642 -0.38276 1.46922 -0.00330823 -0.000455111 -0.00126107
64.1528 5.78133 -0.382444 1.46883 -0.00330852 -0.000468391 -0.00119913
64.1735 5.78644 -0.382117 1.46843 -0.00328695 -0.000375823 -0.00114135
64.1918 5.79176 -0.381778 1.46803 -0.00324397 -0.000504882 -0.00108703
64.212 5.79727 -0.381428 1.46764 -0.00318157 -0.000424451 -0.00103678
64.2333 5.80298 -0.381067 1.46725 -0.00310888 -0.000386872 -0.00098935
64.2529 5.80889 -0.380695 1.46687 -0.00301474 -0.000314548 -0.000941009
64.2729 5.81498 -0.380313 1.4665 -0.00291475 -0.000378087 -0.000888911
64.2928 5.82126 -0.37992 1.46613 -0.00283116 -0.000190223 -0.000839736
64.3131 5.82773 -0.379518 1.46578 -0.00275057 -0.000124525 -0.000792579
64.3333 5.83439 -0.379107 1.46543 -0.00266562 -5.19097e-06 -0.00074744
64.3532 5.84123 -0.378687 1.4651 -0.00257823 3.14108e-05 -0.000701797
64.3739 5.84824 -0.378258 1.46477 -0.00249331 0.000115479 -0.000658546
64.3936 5.85543 -0.37782 1.46445 -0.00241873 0.00022892 -0.000616412
64.4134 5.86278 -0.377375 1.46414 -0.00235384 0.000304585 -0.00057657
64.4355 5.87029 -0.376922 1.46384 -0.00229554 0.000465152 -0.000537279
64.455 5.87796 -0.376462 1.46356 -0.00222817 0.000559201 -0.000497186
64.4748 5.88577 -0.375994 1.46328 -0.00216564 0.000595602 -0.000457773
64.4946 5.89374 -0.37552 1.46302 -0.00210848 0.000764209 -0.000422692
64.5146 5.90184 -0.375038 1.46276 -0.00204505 0.000862426 -0.00038693
64.5382 5.91008 -0.374551 1.46252 -0.00197711 0.000922735 -0.000351505
64.5569 5.91846 -0.374057 1.46229 -0.00190899 0.00111489 -0.000319128
64.5773 5.92697 -0.373558 1.46207 -0.00183267 0.00123794 -0.00028664
64.5964 5.93559 -0.373052 1.46187 -0.00175679 0.0013018 -0.000255591
64.6177 5.94435 -0.372542 1.46168 -0.00168594 0.00151851 -0.000226862
64.6393 5.95321 -0.372027 1.46151 -0.00162355 0.00163715 -0.000197237
64.6575 5.9622 -0.371507 1.46135 -0.00155968 0.00177893 -0.000169321
64.679 5.97129 -0.370982 1.46121 -0.00148865 0.00185053 -0.000144436
64.6981 5.98048 -0.370454 1.4611 -0.00141685 0.00205515 -0.00012013
64.719 5.98978 -0.369921 1.461 -0.00134843 0.00221805 -9.23903e-05
64.7421 5.99917 -0.369385 1.46092 -0.0012762 0.00227302 -6.97946e-05
64.7603 6.00865 -0.368846 1.46086 -0.00120589 0.00242693 -5.12803e-05
64.7832 6.01822 -0.368304 1.46081 -0.00113466 0.00249583 -3.34732e-05
64.801 6.02788 -0.367759 1.46079 -0.00106447 0.00262694 -1.54982e-05
64.8203 6.03761 -0.367212 1.46078 -0.00100316 0.00268395 1.15587e-06
64.8422 6.04742 -0.366662 1.46079 -0.000947531 0.002743 1.61002e-05
64.8604 6.0573 -0.36611 1.46081 -0.000891379 0.0029085 3.17902e-05
64.8823 6.06726 -0.365557 1.46086 -0.000836092 0.00300849 4.85094e-05
64.9019 6.07726 -0.365002 1.46092 -0.000773001 0.00233905 5.9399e-05
64.9216 6.08739 -0.364446 1.46101 -0.000726461 0.00273082 6.78666e-05
64.9433 6.09763 -0.363888 1.46114 -0.000721121 0.00331362 7.46011e-05
64.9617 6.10798 -0.36333 1.46132 -0.00074695 0.00322743 7.84536e-05
64.9833 6.11843 -0.36277 1.46152 -0.000786092 0.00306168 8.23113e-05
65.0034 6.12897 -0.362208 1.46175 -0.000827251 0.00308163 7.91146e-05
65.0225 6.13959 -0.361646 1.46199 -0.000861125 0.00322753 8.06865e-05
65.044 6.15028 -0.361081 1.46224 -0.000876644 0.00313496 8.24954e-05
65.0634 6.16104 -0.360516 1.4625 -0.00087681 0.00323928 7.95419e-05
65.0863 6.17185 -0.359948 1.46277 -0.00085563 0.00316467 7.47814e-05
65.1027 6.18271 -0.35938 1.46305 -0.000815247 0.00316673 7.09904e-05
65.1228 6.19362 -0.35881 1.46333 -0.000762073 0.00319317 6.26177e-05
65.144 6.20456 -0.358239 1.46362 -0.000696766 0.00317461 5.5863e-05
65.1646 6.21552 -0.357667 1.46391 -0.000618256 0.00313008 4.46119e-05
65.1853 6.22651 -0.357094 1.46421 -0.000531532 0.00314773 3.17325e-05
65.2046 6.2375 -0.356522 1.46452 -0.000431814 0.00311075 2.102e-05
65.2251 6.24851 -0.355949 1.46483 -0.000331325 0.00308648 8.60621e-06
65.246 6.25951 -0.355377 1.46514 -0.000227269 0.00305493 -5.72927e-06
65.265 6.2705 -0.354807 1.46546 -0.000111455 0.00301493 -2.18733e-05
65.2892 6.28147 -0.354237 1.46578 1.07824e-05 0.00291505 -3.37349e-05
65.3058 6.29242 -0.35367 1.46609 0.000130982 0.00291187 -4.96176e-05
65.3258 6.30334 -0.353105 1.46641 0.000251006 0.00287111 -6.59295e-05
65.3474 6.31422 -0.352542 1.46672 0.000356704 0.00287714 -8.23308e-05
65.3712 6.32506 -0.351983 1.46703 0.000459619 0.00282451 -0.000102885
65.3921 6.33586 -0.351427 1.46733 0.000558771 0.00277634 -0.000122738
65.4111 6.34659 -0.350875 1.46762 0.000655961 0.00267625 -0.000140776
65.4311 6.35727 -0.350328 1.4679 0.000748388 0.00266584 -0.000156587
65.4546 6.36787 -0.349785 1.46818 0.000846476 0.00265163 -0.000170733
65.4723 6.3784 -0.349248 1.46845 0.000940613 0.0026721 -0.000188955
65.4919 6.38885 -0.348716 1.4687 0.0010325 0.00259696 -0.00020876
65.5137 6.39922 -0.348189 1.46895 0.00112099 0.00262419 -0.000225904
65.5338 6.40949 -0.347669 1.46919 0.00120002 0.00263566 -0.000245393
65.5556 6.41967 -0.347154 1.46942 0.00127637 0.00259776 -0.000263707
65.575 6.42974 -0.346647 1.46964 0.00135107 0.00252369 -0.000283726
65.5959 6.43971 -0.346146 1.46985 0.00141566 0.00251511 -0.000306584
65.6146 6.44956 -0.345653 1.47006 0.00148002 0.00247842 -0.000328242
65.6351 6.4593 -0.345166 1.47024 0.00154359 0.00239588 -0.000349812
65.6559 6.46892 -0.344688 1.47042 0.00160571 0.00238913 -0.000368747
65.6753 6.47841 -0.344217 1.47059 0.00167236 0.00236534 -0.000390766
65.696 6.48776 -0.343754 1.47074 0.00174053 0.0022438 -0.000415114
65.7149 6.49698 -0.343299 1.47087 0.00180096 0.00224481 -0.000436786
65.7368 6.50606 -0.342853 1.47099 0.00185464 0.00217746 -0.000462069
65.7592 6.515 -0.342415 1.47109 0.00190658 0.00217797 -0.000488873
65.7773 6.52378 -0.341986 1.47118 0.00196479 0.00204495 -0.00051046
65.7976 6.53241 -0.341566 1.47125 0.00202558 0.00204844 -0.000530936
65.8191 6.54089 -0.341155 1.4713 0.00208678 0.00193421 -0.000553489
65.8378 6.54921 -0.340754 1.47132 0.00213812 0.00192425 -0.000575707
65.8601 6.55737 -0.340362 1.47133 0.00217652 0.00191913 -0.000598335
65.8804 6.56535 -0.33998 1.47131 0.00222471 0.00179852 -0.000621172
65.9024 6.57317 -0.339607 1.47127 0.00228096 0.00170197 -0.000642352
65.9206 6.58081 -0.339245 1.47121 0.0023296 0.00173863 -0.000662999
65.9406 6.58828 -0.338893 1.47113 0.002379 0.00198912 -0.00068727
65.9623 6.59552 -0.338551 1.47103 0.00242781 0.00161577 -0.000713391
65.9806 6.60256 -0.338219 1.47092 0.00249755 0.00155022 -0.000736408
66.0027 6.6094 -0.337899 1.47079 0.00258291 0.0015214 -0.000756194
66.0224 6.61603 -0.337589 1.47065 0.00268021 0.00152214 -0.000780333
66.0412 6.62246 -0.337291 1.47049 0.0027633 0.00145972 -0.000801927
66.062 6.6287 -0.337004 1.47031 0.00282294 0.00136856 -0.000826235
66.0812 6.63474 -0.336728 1.4701 0.0028612 0.0012926 -0.000852198
66.1031 6.64058 -0.336465 1.46988 0.00288694 0.00123133 -0.000876538
66.122 6.64622 -0.336213 1.46963 0.00292228 0.00109401 -0.000899003
66.1419 6.65168 -0.335974 1.46937 0.00295328 0.00109797 -0.000923988
66.1639 6.65694 -0.335746 1.46909 0.00296096 0.00109874 -0.000947381
66.1822 6.66202 -0.33553 1.4688 0.00294194 0.00106237 -0.000968392
66.2065 6.66691 -0.335327 1.46849 0.00290337 0.00103478 -0.000988676
66.2222 6.67161 -0.335135 1.46817 0.00284469 0.000943447 -0.00100902
66.2425 6.67614 -0.334954 1.46785 0.00278126 0.00097159 -0.00103206
66.2662 6.68049 -0.334785 1.46752 0.00272632 0.000946354 -0.00105392
66.2847 6.68465 -0.334627 1.46718 0.00267865 0.000894531 -0.00107443
66.3048 6.68864 -0.33448 1.46685 0.00263483 0.000866708 -0.00109448
66.3235 6.69246 -0.334343 1.46652 0.00258381 0.000772556 -0.00111382
66.3446 6.6961 -0.334217 1.4662 0.00253065 0.000786244 -0.0011312
66.3668 6.69958 -0.334101 1.4659 0.00249038 0.000728549 -0.00114754
66.3849 6.70288 -0.333995 1.4656 0.00245057 0.000656325 -0.00116214
66.4059 6.70602 -0.333899 1.46532 0.00241088 0.00052286 -0.00117777
66.425 6.70899 -0.333812 1.46506 0.00237558 0.00052691 -0.0011934
66.4451 6.71181 -0.333735 1.46481 0.00235096 0.000494133 -0.00120879
66.4655 6.71446 -0.333667 1.46458 0.00233042 0.000406367 -0.00122373
66.4864 6.71696 -0.333609 1.46437 0.00230904 0.000265273 -0.00123795
66.5073 6.7193 -0.333559 1.46417 0.00228037 0.000267513 -0.00125223
66.5257 6.72149 -0.333518 1.46398 0.00225178 0.000202261 -0.00126667
66.5463 6.72353 -0.333487 1.46381 0.00221812 0.000111259 -0.0012809
66.5704 6.72542 -0.333463 1.46365 0.00218153 -2.37433e-05 -0.0012946
66.5881 6.72717 -0.333448 1.4635 0.00214459 -1.61229e-05 -0.0013082
66.6076 6.72878 -0.333442 1.46336 0.00210894 -7.76234e-05 -0.00132111
66.6277 6.73024 -0.333444 1.46323 0.00207685 -0.000249512 -0.00133358
66.6488 6.73157 -0.333453 1.46311 0.00204141 -0.00027119 -0.00134474
66.671 6.73276 -0.333471 1.46301 0.0020035 -0.000279911 -0.00135539
66.6892 6.73382 -0.333496 1.46291 0.00196691 -0.000345581 -0.00136521
66.7099 6.73474 -0.333528 1.46282 0.0019297 -0.000490573 -0.00137586
66.7292 6.73554 -0.333568 1.46275 0.00188592 -0.000473553 -0.00138444
66.7492 6.73621 -0.333615 1.46268 0.00183618 -0.000511281 -0.00139458
66.7703 6.73676 -0.333668 1.46263 0.001789 -0.00067043 -0.00140466
66.7904 6.73718 -0.333729 1.46259 0.00175365 -0.00069916 -0.00141395
66.8104 6.73749 -0.333796 1.46257 0.00171343 -0.000689189 -0.00142371
66.8312 6.73768 -0.333869 1.46257 0.00167211 -0.000753487 -0.00143226
66.8516 6.73775 -0.333948 1.46258 0.00163547 -0.000842975 -0.00143913
66.8743 6.7377 -0.334034 1.46261 0.00160188 -0.00100403 -0.00144699
66.893 6.73755 -0.334125 1.46266 0.0015719 -0.00100376 -0.00145447
66.9137 6.73729 -0.334223 1.46272 0.00154496 -0.00104431 -0.00146208
66.9337 6.73691 -0.334325 1.46281 0.00151347 -0.00120357 -0.00147034
66.9545 6.73643 -0.334433 1.46292 0.00146978 -0.00144704 -0.0014785
66.9744 6.73588 -0.334547 1.46305 0.00140957 -0.00130608 -0.00148429
66.9937 6.73525 -0.334665 1.46321 0.00134494 -0.00130046 -0.00149153
67.0199 6.73454 -0.334788 1.46338 0.0012821 -0.00143039 -0.00149886
67.035 6.73376 -0.334916 1.46356 0.00121354 -0.00160514 -0.00150573
67.054 6.7329 -0.335048 1.46375 0.00113977 -0.00160294 -0.00151313
67.0755 6.73197 -0.335184 1.46396 0.0010643 -0.00167453 -0.00151946
67.0977 6.73098 -0.335323 1.46417 0.000982741 -0.00165872 -0.00152526
67.1167 6.72992 -0.335466 1.4644 0.000899075 -0.00170164 -0.00153081
67.1377 6.72881 -0.335611 1.46462 0.000819606 -0.00165023 -0.00153733
67.1573 6.72765 -0.33576 1.46486 0.000738407 -0.00165775 -0.0015419
67.1777 6.72644 -0.33591 1.46509 0.000658944 -0.00158376 -0.00154657
67.197 6.72518 -0.336063 1.46532 0.000586846 -0.0015716 -0.00155135
67.2187 6.72389 -0.336217 1.46555 0.000507722 -0.00143443 -0.00155569
67.238 6.72256 -0.336373 1.46578 0.000430007 -0.00145285 -0.00155993
67.258 6.72121 -0.33653 1.46601 0.000358724 -0.00135893 -0.00156488
67.2814 6.71982 -0.336688 1.46623 0.000300872 -0.00132298 -0.00156836
67.2988 6.71841 -0.336847 1.46645 0.000244686 -0.00124407 -0.00157203
67.3208 6.71698 -0.337005 1.46667 0.000178272 -0.00113636 -0.00157716
67.3394 6.71553 -0.337164 1.46688 9.84882e-05 -0.0011392 -0.00158077
67.3592 6.71407 -0.337323 1.46709 2.69562e-05 -0.00102476 -0.0015835
67.381 6.7126 -0.337482 1.46729 -3.50539e-05 -0.000920464 -0.00158458
67.4015 6.71112 -0.337639 1.4675 -9.65808e-05 -0.000877051 -0.00158501
67.4232 6.70963 -0.337796 1.46769 -0.000158388 -0.000923155 -0.00158635
67.4403 6.70814 -0.337952 1.46788 -0.000231211 -0.000778504 -0.00158911
67.4606 6.70664 -0.338106 1.46807 -0.00029598 -0.000662032 -0.00159187
67.4818 6.70514 -0.338259 1.46826 -0.000349282 -0.000622034 -0.00159533
67.5018 6.70364 -0.33841 1.46843 -0.000407436 -0.000649881 -0.00159717
67.5238 6.70215 -0.338558 1.46861 -0.000454631 -0.000549803 -0.00159843
67.5418 6.70067 -0.338705 1.46878 -0.000491957 -0.000470617 -0.00159962
67.5623 6.69919 -0.338849 1.46894 -0.000527137 -0.000443591 -0.00160199
67.5828 6.69771 -0.338991 1.4691 -0.000573627 -0.000492653 -0.00160386
67.6035 6.69624 -0.33913 1.46925 -0.000635001 -0.000678744 -0.00160515
67.6264 6.69483 -0.339266 1.4694 -0.000668305 -0.000389051 -0.0016063
67.643 6.69345 -0.339399 1.46954 -0.000723261 -0.000193932 -0.00160752
67.6629 6.6921 -0.339528 1.46967 -0.000861272 -0.000274781 -0.001607
67.6853 6.69078 -0.339653 1.46979 -0.00112838 -0.000371726 -0.00160801
67.7043 6.68948 -0.339772 1.4699 -0.00152836 -0.000241494 -0.00160594
67.7256 6.68819 -0.339884 1.46999 -0.00205022 -0.00017372 -0.00160498
67.7439 6.68691 -0.339987 1.47007 -0.00270052 -0.000169702 -0.00160388
67.7639 6.68564 -0.340078 1.47013 -0.0034507 -4.80891e-05 -0.00160141
67.7889 6.68437 -0.340155 1.47018 -0.00429594 2.34971e-05 -0.00159905
67.8063 6.6831 -0.340214 1.47021 -0.00523709 0.000168677 -0.00159722
67.8256 6.68182 -0.340253 1.47023 -0.00623267 0.000258523 -0.00159734
67.8461 6.68053 -0.340266 1.47024 -0.00731038 0.000279967 -0.00159527
67.8663 6.67922 -0.34025 1.47023 -0.00843685 0.00036415 -0.00159337
67.8878 6.67791 -0.340201 1.47021 -0.00956149 0.000615709 -0.00159403
67.9073 6.67656 -0.340115 1.47017 -0.0107255 0.000626253 -0.00159264
67.9304 6.67518 -0.339987 1.47013 -0.0119275 0.000753931 -0.00159106
67.9482 6.67377 -0.339812 1.47008 -0.0131347 0.000865919 -0.00159214
67.9692 6.67242 -0.339585 1.47004 -0.0145113 0.0055596 -0.00165907
67.9904 6.67059 -0.339295 1.47003 -0.0168379 0.0025981 -0.00168803
68.0095 6.66837 -0.338915 1.47026 -0.0223342 7.02728e-05 -0.00188134
68.0309 6.66579 -0.338428 1.4707 -0.0302081 0.00185423 -0.00223188
68.049 6.66283 -0.337815 1.47127 -0.0387337 0.00340734 -0.00257288
68.0711 6.65951 -0.337047 1.47189 -0.0474141 0.00338655 -0.00283705
68.0924 6.65584 -0.336097 1.47252 -0.0557157 0.00335922 -0.00305735
68.1105 6.65185 -0.334936 1.47313 -0.0632235 0.00374502 -0.00324402
68.1314 6.64755 -0.333538 1.47372 -0.0696959 0.00400645 -0.00336967
68.1534 6.64296 -0.331881 1.47425 -0.0748426 0.00401015 -0.00341564
68.1716 6.6381 -0.329946 1.47474 -0.0786248 0.00399854 -0.00340747
68.1927 6.63297 -0.32772 1.47517 -0.0810921 0.00389774 -0.00334792
68.212 6.6276 -0.325195 1.47554 -0.0823163 0.00384694 -0.00325326
68.2332 6.62199 -0.322364 1.47587 -0.0824457 0.00363845 -0.00311726
68.2521 6.61617 -0.319229 1.47614 -0.0816343 0.00341313 -0.00295748
68.2732 6.61013 -0.315791 1.47638 -0.0800221 0.00332638 -0.00279988
68.2933 6.60391 -0.312057 1.47657 -0.0777474 0.00312522 -0.00262392
68.3147 6.59749 -0.308035 1.47672 -0.0749788 0.00277041 -0.00243742
68.3336 6.5909 -0.303737 1.47683 -0.0718532 0.0026042 -0.00226294
68.3554 6.58414 -0.299175 1.47692 -0.0685031 0.00222358 -0.00208025
68.3742 6.57724 -0.294362 1.47697 -0.0650056 0.00201874 -0.00191854
68.3956 6.57021 -0.289312 1.47699 -0.0614172 0.00182467 -0.00176596
68.4145 6.56305 -0.284039 1.47698 -0.0578271 0.00147084 -0.0016135
68.4374 6.55577 -0.278558 1.47695 -0.0542666 0.00116185 -0.00147458
68.4571 6.5484 -0.272882 1.47689 -0.0507687 0.000941386 -0.00135081
68.4771 6.54094 -0.267027 1.47681 -0.047364 0.000756758 -0.00123788
68.4976 6.5334 -0.261006 1.4767 -0.0440352 0.000424411 -0.00112631
68.5177 6.5258 -0.254833 1.47658 -0.0408354 0.000149941 -0.00102846
68.5394 6.51815 -0.248519 1.47643 -0.0377361 -3.26846e-05 -0.000941161
68.5586 6.51046 -0.242079 1.47626 -0.0347227 -0.000294612 -0.000860087
68.5779 6.50274 -0.235523 1.47607 -0.0318408 -0.000488196 -0.00079063
68.6001 6.495 -0.228864 1.47587 -0.0290042 -0.000731849 -0.000725638
68.6194 6.48726 -0.222113 1.47565 -0.0262122 -0.000896652 -0.000671246
68.6403 6.47953 -0.215281 1.47542 -0.0235255 -0.0011354 -0.000620873
68.659 6.47181 -0.20838 1.47518 -0.0208647 -0.00142005 -0.000577282
68.6793 6.46412 -0.201419 1.47492 -0.0182696 -0.00151581 -0.000543187
68.7001 6.45647 -0.194409 1.47465 -0.0157141 -0.00157866 -0.000515658
68.7194 6.44886 -0.187361 1.47437 -0.0131342 -0.00183646 -0.00049104
68.7427 6.44132 -0.180284 1.47408 -0.0106032 -0.00205648 -0.00047244
68.7604 6.43386 -0.173189 1.47378 -0.00804794 -0.00204546 -0.000462817
68.78 6.42648 -0.166086 1.47348 -0.00543719 -0.00216991 -0.000459186
68.8031 6.41918 -0.158984 1.47316 -0.00289119 -0.00243828 -0.000459908
68.8219 6.41201 -0.151894 1.47283 -0.000311135 -0.00247391 -0.000466874
68.8426 6.40495 -0.144827 1.4725 0.00232305 -0.0024991 -0.000477614
68.8615 6.39803 -0.137792 1.47215 0.0049598 -0.00256392 -0.000492144
68.8814 6.39124 -0.130799 1.4718 0.00765547 -0.00280615 -0.000514578
68.9035 6.38461 -0.123859 1.47144 0.0103578 -0.00273561 -0.000541488
68.922 6.37814 -0.116982 1.47107 0.0130931 -0.00285329 -0.000576518
68.9425 6.37186 -0.11018 1.4707 0.0159382 -0.00288855 -0.000617652
68.9622 6.36578 -0.103462 1.47032 0.0187454 -0.00287014 -0.000659967
68.9819 6.35988 -0.0968391 1.46994 0.0215925 -0.00359208 -0.000722778
69.0046 6.35427 -0.0903243 1.46957 0.0246614 -0.00286325 -0.000771963
69.0244 6.34892 -0.0839308 1.46922 0.0281585 -0.00253336 -0.000846062
69.0445 6.34383 -0.0776704 1.46889 0.0318563 -0.00274625 -0.000939148
69.0644 6.33899 -0.0715547 1.46858 0.0353427 -0.00284238 -0.00101978
69.0843 6.33438 -0.065595 1.46826 0.0383934 -0.00283157 -0.00108197
69.1053 6.33001 -0.0598027 1.46794 0.0410284 -0.00265303 -0.001127
69.1239 6.32586 -0.0541864 1.4676 0.0431272 -0.00255683 -0.00116506
69.1453 6.32193 -0.048754 1.46726 0.0447027 -0.00246752 -0.00119622
69.1644 6.31822 -0.0435112 1.4669 0.0458225 -0.00227278 -0.00121297
69.1846 6.3147 -0.0384617 1.46652 0.046489 -0.00220211 -0.00123034
69.2054 6.31139 -0.0336081 1.46614 0.0467851 -0.00204735 -0.00124374
69.2255 6.30828 -0.0289511 1.46574 0.0467474 -0.00193101 -0.00125676
69.2457 6.30535 -0.0244902 1.46534 0.0464249 -0.001712 -0.00126708
69.2653 6.30261 -0.0202238 1.46493 0.0458721 -0.00153196 -0.00127995
69.2859 6.30005 -0.0161496 1.4645 0.0451514 -0.0013524 -0.00129553
69.306 6.29766 -0.0122645 1.46407 0.0443263 -0.00127398 -0.00132243
69.326 6.29544 -0.00856477 1.46364 0.0433903 -0.00109471 -0.00135044
69.3477 6.29338 -0.00504655 1.46321 0.0424001 -0.000898557 -0.00138341
69.3666 6.29148 -0.00170556 1.46277 0.0413883 -0.000730942 -0.00142903
69.3864 6.28972 0.00146274 1.46233 0.040347 -0.000656849 -0.00148398
69.4079 6.28812 0.00446254 1.4619 0.0393262 -0.00047292 -0.00154007
69.4267 6.28665 0.00729851 1.46146 0.0383009 -0.00033474 -0.00160086
69.4477 6.28531 0.00997523 1.46103 0.0372622 -0.000124525 -0.00166286
69.4678 6.2841 0.0124968 1.46061 0.0362878 -6.0672e-07 -0.00173585
69.487 6.28301 0.0148682 1.46018 0.0352695 0.000108356 -0.00181629
69.5075 6.28204 0.0170935 1.45977 0.0342624 0.000441971 -0.00189073
69.5279 6.28116 0.019177 1.45936 0.0333061 0.000484166 -0.00197811
69.5491 6.28039 0.0211233 1.45895 0.0323067 0.000632026 -0.00206307
69.5706 6.27972 0.0229364 1.45855 0.031329 0.000785742 -0.00215298
69.5898 6.27913 0.024621 1.45816 0.0303298 0.000871736 -0.00224527
69.6111 6.27862 0.0261811 1.45776 0.0293417 0.000970606 -0.00234507
69.6304 6.27821 0.0276203 1.45738 0.0284772 0.00111825 -0.00244196
69.6512 6.27788 0.0289423 1.457 0.0277422 0.00123118 -0.00254041
69.6713 6.27765 0.0301504 1.45662 0.0271431 0.00132747 -0.00264782
69.6909 6.2775 0.0312471 1.45625 0.0266844 0.00143431 -0.00275557
69.7114 6.27743 0.0322346 1.45589 0.0263323 0.00150264 -0.00286491
69.731 6.27746 0.0331146 1.45555 0.0261008 0.0015563 -0.00297642
69.7536 6.27757 0.0338884 1.45522 0.0259685 0.00162191 -0.00308884
69.7716 6.27778 0.0345569 1.45491 0.0258974 0.00175267 -0.00319883
69.7915 6.27806 0.0351209 1.45461 0.0258729 0.00172369 -0.00331497
69.8134 6.27842 0.035581 1.45433 0.025868 0.00176442 -0.00342885
69.8326 6.27886 0.0359375 1.45407 0.0258657 0.00183442 -0.00354404
69.8553 6.27938 0.036191 1.45383 0.0258539 0.0018813 -0.00365794
69.8733 6.27998 0.0363418 1.4536 0.0258256 0.00198772 -0.00376354
69.893 6.28066 0.0363906 1.45339 0.0257677 0.00197045 -0.00387345
69.9185 6.2814 0.0363377 1.45319 0.0256815 0.00197185 -0.00397972
69.9358 6.28222 0.0361839 1.45301 0.0255631 0.00200458 -0.00408495
69.9555 6.28311 0.03593 1.45284 0.0254112 0.00201411 -0.00418372
69.9786 6.28406 0.0355768 1.4527 0.0251984 0.00248596 -0.00424041
69.9974 6.285 0.0351282 1.45259 0.0244516 0.00218063 -0.00427946
70.0219 6.28596 0.0345865 1.45253 0.0233122 0.00236264 -0.00430121
70.0396 6.28694 0.0339554 1.4525 0.022001 0.00247998 -0.00432063
70.0619 6.28795 0.0332396 1.45251 0.0206489 0.00265355 -0.00433538
70.0802 6.28897 0.0324443 1.45256 0.0193639 0.00270628 -0.00434728
70.0996 6.29002 0.0315747 1.45263 0.0181442 0.00267085 -0.00435818
70.1206 6.29108 0.0306359 1.45273 0.017017 0.00267673 -0.00436788
70.1409 6.29216 0.0296324 1.45285 0.0159919 0.00269573 -0.00437507
70.1613 6.29327 0.0285687 1.453 0.0150362 0.00266981 -0.00437871
70.1811 6.29439 0.0274486 1.45317 0.0141535 0.0027193 -0.00437762
70.2021 6.29552 0.0262761 1.45338 0.0133255 0.00261857 -0.00437426
70.2242 6.29666 0.0250545 1.45361 0.0125358 0.00252292 -0.0043703
70.2411 6.29781 0.0237871 1.45388 0.0117872 0.00247829 -0.00436332
70.2619 6.29897 0.0224772 1.45417 0.0110537 0.00250969 -0.00435471
70.2813 6.30014 0.0211279 1.4545 0.0103406 0.00239081 -0.00434621
70.3016 6.3013 0.0197419 1.45486 0.0096447 0.00223661 -0.00433549
70.3236 6.30247 0.0183224 1.45525 0.00896201 0.00214981 -0.00432146
70.3423 6.30364 0.016872 1.45567 0.00829466 0.00208057 -0.0043042
70.3632 6.30481 0.0153936 1.45612 0.00763037 0.00199671 -0.00428376
70.382 6.30598 0.01389 1.45659 0.00695626 0.00197593 -0.00426239
70.403 6.30714 0.012364 1.45708 0.00628158 0.0018237 -0.00424485
70.4247 6.30829 0.0108181 1.45759 0.00561773 0.00172749 -0.0042243
70.4432 6.30943 0.00925518 1.45812 0.00496775 0.001659 -0.00420172
70.4645 6.31056 0.00767782 1.45867 0.0043192 0.00157887 -0.00417965
70.4832 6.31169 0.00608862 1.45922 0.00368152 0.00149306 -0.00416106
70.5043 6.3128 0.00449007 1.45978 0.00305778 0.00148665 -0.00414058
70.5267 6.3139 0.00288478 1.46035 0.00243602 0.00137035 -0.00411678
70.5443 6.31498 0.00127512 1.46092 0.00183458 0.00127702 -0.00409541
70.5656 6.31604 -0.000336563 1.4615 0.00124949 0.00122953 -0.00406951
70.5847 6.31708 -0.00194791 1.46207 0.000677852 0.00118322 -0.00404415
70.6055 6.31811 -0.00355675 1.46263 0.000132089 0.00113725 -0.00402142
70.6258 6.31911 -0.00516095 1.46319 -0.000395772 0.00108303 -0.00399324
70.645 6.3201 -0.00675853 1.46373 -0.000898948 0.00102223 -0.00395816
70.6666 6.32107 -0.00834747 1.46426 -0.0013788 0.000966879 -0.00392752
70.6862 6.32202 -0.00992579 1.46478 -0.00186108 0.000993498 -0.00389869
70.7058 6.32295 -0.0114918 1.46529 -0.00231193 0.000860855 -0.00387001
70.7273 6.32384 -0.0130438 1.46578 -0.00273983 0.000789294 -0.00384351
70.7463 6.32471 -0.01458 1.46625 -0.00316149 0.000773785 -0.00381268
70.7673 6.32556 -0.0160989 1.46671 -0.00357011 0.000770466 -0.00378285
70.7864 6.32637 -0.0175989 1.46714 -0.00397771 0.000751973 -0.00375562
70.807 6.32716 -0.0190785 1.46756 -0.00436717 0.000738888 -0.00373275
70.828 6.32792 -0.0205364 1.46795 -0.0047266 0.000736767 -0.00370868
70.8477 6.32866 -0.0219711 1.46832 -0.00509188 0.00070029 -0.00368498
70.8714 6.32937 -0.0233812 1.46868 -0.00544169 0.000655135 -0.00366373
70.8898 6.33005 -0.0247658 1.46901 -0.00576303 0.000616976 -0.00363649
70.9087 6.33071 -0.0261233 1.46933 -0.00607504 0.00056958 -0.00361063
70.9307 6.33133 -0.0274529 1.46962 -0.00635527 0.000533864 -0.00358668
70.9533 6.33193 -0.0287534 1.46989 -0.00662276 0.0004837 -0.00356378
70.9738 6.33251 -0.0300237 1.47015 -0.00689419 0.000401959 -0.00354174
70.9917 6.33306 -0.0312632 1.47038 -0.00713629 0.000325658 -0.0035184
71.0139 6.33357 -0.0324709 1.4706 -0.00736737 0.000262276 -0.00349477
71.0332 6.33406 -0.0336459 1.47079 -0.00758909 6.37361e-05 -0.00347505
71.0546 6.33454 -0.0347872 1.47097 -0.00784457 0.000141538 -0.00347059
71.0755 6.33498 -0.0358936 1.47111 -0.00819987 0.000180819 -0.00347351
71.0932 6.3354 -0.0369643 1.47123 -0.00858901 0.000125338 -0.00347669
71.2657 6.33579 -0.0379981 1.47131 -0.00897061 8.02243e-05 -0.00348187
71.2842 6.33615 -0.0389936 1.47135 -0.00935403 4.87879e-05 -0.00348768
71.3038 6.33648 -0.0399496 1.47137 -0.00970727 1.3477e-05 -0.00349682
71.3246 6.33679 -0.0408647 1.47136 -0.0100447 -2.73375e-05 -0.00350974
71.3432 6.33707 -0.0417379 1.47132 -0.0103596 -6.01735e-05 -0.00352336
71.3629 6.33732 -0.0425683 1.47125 -0.0106147 -7.07799e-05 -0.00352867
71.3884 6.33754 -0.0433547 1.47117 -0.0108357 -6.95578e-05 -0.00353307
71.4049 6.33773 -0.0440965 1.47106 -0.0110274 -5.73245e-05 -0.00353738
71.4254 6.3379 -0.044793 1.47093 -0.011184 -4.02021e-05 -0.00354876
71.4447 6.33803 -0.0454438 1.47079 -0.0113184 -3.38548e-05 -0.00356047
71.4657 6.33814 -0.0460483 1.47062 -0.0114295 -3.22837e-05 -0.003572
71.489 6.33823 -0.0466065 1.47044 -0.0115168 -3.28212e-05 -0.00358464
71.5054 6.33828 -0.0471181 1.47024 -0.0115676 -0.000177258 -0.00359436
71.5262 6.33831 -0.0475828 1.47002 -0.0116154 -4.43588e-05 -0.00360794
71.5471 6.33832 -0.0480007 1.46979 -0.0116613 5.50569e-05 -0.00362158
71.5662 6.3383 -0.0483719 1.46954 -0.0116699 -0.000116721 -0.00363101
71.5881 6.33826 -0.0486962 1.46929 -0.0116765 2.49844e-05 -0.00364623
71.6065 6.3382 -0.0489739 1.46902 -0.0116735 -4.43174e-05 -0.00365807
71.6279 6.33811 -0.0492051 1.46874 -0.0116575 -3.85973e-05 -0.00366932
71.6466 6.33801 -0.0493903 1.46845 -0.0116096 4.26152e-05 -0.00368141
71.6678 6.33787 -0.0495295 1.46814 -0.011576 -5.13387e-05 -0.00369031
71.6873 6.33772 -0.0496229 1.46782 -0.0115405 -7.09334e-05 -0.00370019
71.7076 6.33756 -0.0496711 1.46748 -0.0115014 -5.86797e-05 -0.0037103
71.7281 6.33736 -0.049674 1.46713 -0.0114884 -0.00018284 -0.00372121
71.7478 6.33715 -0.0496319 1.46676 -0.0114862 -0.000133041 -0.00373355
71.769 6.33692 -0.0495452 1.46638 -0.0114639 -0.000153823 -0.00374457
71.7893 6.33667 -0.0494141 1.46599 -0.0114258 -0.000215302 -0.00375364
71.8085 6.3364 -0.0492389 1.46559 -0.0113778 -0.000252151 -0.00376253
71.8318 6.33611 -0.0490196 1.46517 -0.0113378 -0.000273308 -0.00377172
71.8491 6.3358 -0.0487568 1.46474 -0.0112937 -0.000306169 -0.00378068
71.8707 6.33547 -0.0484508 1.46431 -0.011228 -0.000337303 -0.00378904
71.8919 6.33512 -0.0481018 1.46387 -0.0111569 -0.000340803 -0.00379621
71.9098 6.33476 -0.0477102 1.46343 -0.0110969 -0.000347199 -0.00380415
71.931 6.33437 -0.0472763 1.46299 -0.01104 -0.000354497 -0.00381163
71.9512 6.33396 -0.0468007 1.46255 -0.0109559 -0.000343814 -0.00381714
71.9706 6.33354 -0.0462838 1.46211 -0.0108521 -0.000347132 -0.00382429
71.9919 6.33309 -0.045726 1.46168 -0.0107235 -0.000357288 -0.00383143
72.0119 6.33263 -0.0451282 1.46126 -0.0105615 -0.000361655 -0.00383842
72.0338 6.33215 -0.044491 1.46084 -0.0103705 -0.000363261 -0.00384449
72.0522 6.33164 -0.0438152 1.46043 -0.0101657 -0.000445011 -0.00385061
72.0731 6.33113 -0.0431016 1.46003 -0.00996631 -0.000423998 -0.00385855
72.0935 6.33061 -0.042351 1.45965 -0.00978484 -0.000417929 -0.00386593
72.1129 6.33007 -0.0415645 1.45927 -0.00960009 -0.000433702 -0.00387062
72.1331 6.32952 -0.0407428 1.45891 -0.00941487 -0.000438258 -0.00387483
72.1544 6.32897 -0.0398867 1.45855 -0.0092371 -0.000445379 -0.00388052
72.174 6.3284 -0.0389971 1.45821 -0.00906421 -0.000457338 -0.00388364
72.1947 6.32781 -0.0380747 1.45788 -0.0088879 -0.000757351 -0.00388508
72.2142 6.32724 -0.0371223 1.45758 -0.00837778 -0.000544823 -0.0038955
72.2368 6.32669 -0.0361432 1.45732 -0.00732315 -0.000498081 -0.00390375
72.254 6.32614 -0.0351403 1.45712 -0.00596182 -0.000579807 -0.00391022
72.2743 6.32561 -0.0341178 1.45695 -0.00450514 -0.000595986 -0.00391594
72.2954 6.32509 -0.0330807 1.45682 -0.0030821 -0.00058893 -0.00391971
72.3153 6.32458 -0.0320344 1.45673 -0.00176185 -0.000610751 -0.00392421
72.3356 6.32409 -0.030984 1.45666 -0.00055879 -0.000638834 -0.00392651
72.3563 6.3236 -0.0299342 1.45661 0.000507777 -0.000655776 -0.00392928
72.3764 6.32312 -0.0288889 1.4566 0.00142438 -0.000660713 -0.00393392
72.3982 6.32266 -0.0278518 1.4566 0.0021972 -0.000649786 -0.00393695
72.4169 6.3222 -0.0268262 1.45663 0.00284956 -0.000645118 -0.00393819
72.4377 6.32176 -0.0258144 1.45668 0.0033718 -0.00063089 -0.00393995
72.4576 6.32133 -0.0248185 1.45675 0.00377537 -0.00062427 -0.00394073
72.4778 6.32091 -0.0238402 1.45684 0.00408651 -0.000631604 -0.00394073
72.4983 6.32049 -0.0228808 1.45695 0.00433209 -0.000622231 -0.00394058
72.5185 6.32009 -0.0219414 1.45708 0.0045279 -0.000578142 -0.00394053
72.5388 6.31971 -0.0210225 1.45722 0.00467581 -0.000523231 -0.00393988
72.5587 6.31933 -0.0201248 1.45739 0.004783 -0.000485139 -0.00394017
72.579 6.31896 -0.0192487 1.45757 0.00486856 -0.000457686 -0.00393985
72.6006 6.3186 -0.0183945 1.45776 0.0049439 -0.00043125 -0.00394014
72.6219 6.31826 -0.0175625 1.45797 0.00500162 -0.000420936 -0.00393943
72.6429 6.31793 -0.0167529 1.4582 0.00505657 -0.000407596 -0.00394107
72.6619 6.3176 -0.0159658 1.45844 0.00511469 -0.000381539 -0.0039409
72.6831 6.31729 -0.0152014 1.45869 0.00517472 -0.000345553 -0.00393917
72.7051 6.31699 -0.0144598 1.45895 0.00524232 -0.000308458 -0.00393853
72.7232 6.31671 -0.0137414 1.45921 0.00531389 -0.000269017 -0.00393678
72.7431 6.31643 -0.0130461 1.45949 0.00538793 -0.000222763 -0.00393453
72.7634 6.31617 -0.0123743 1.45978 0.005466 -0.000170915 -0.00393282
72.7831 6.31591 -0.0117263 1.46008 0.00555015 -0.000121303 -0.00392966
72.8041 6.31567 -0.0111022 1.46039 0.00563785 -7.40996e-05 -0.00392757
72.826 6.31545 -0.0105022 1.46072 0.00571061 -4.87094e-05 -0.00392612
72.8458 6.31523 -0.00992658 1.46105 0.00577136 -3.48101e-05 -0.00392392
72.864 6.31503 -0.00937551 1.46139 0.00583126 -1.81317e-05 -0.0039231
72.884 6.31484 -0.00884918 1.46175 0.00589192 7.30151e-06 -0.0039212
72.905 6.31466 -0.00834768 1.46211 0.00594706 -1.73e-05 -0.00392027
72.9243 6.3145 -0.00787129 1.46249 0.00600707 0.000152616 -0.00391978
72.9462 6.31435 -0.00742027 1.46289 0.006095 7.46904e-05 -0.00392004
72.9651 6.31422 -0.0069947 1.4633 0.00617493 -4.05525e-05 -0.0039194
72.9859 6.3141 -0.00659482 1.46373 0.00624629 0.000142691 -0.00391813
73.0058 6.314 -0.00622095 1.46418 0.00633534 5.65425e-05 -0.0039182
73.0254 6.31391 -0.00587312 1.46464 0.00640365 -6.46151e-05 -0.00391756
73.0458 6.31384 -0.00555154 1.46512 0.00645239 9.13552e-05 -0.00391533
73.0666 6.31378 -0.00525641 1.4656 0.00650816 -1.24929e-05 -0.00391522
73.0862 6.31373 -0.00498767 1.4661 0.00653804 -2.59942e-05 -0.00391588
73.1075 6.31369 -0.00474531 1.4666 0.00653944 -3.13228e-05 -0.00391503
73.1275 6.31368 -0.00452956 1.4671 0.00655777 6.12931e-05 -0.00391301
73.1512 6.31367 -0.0043401 1.46761 0.00655471 0.00010818 -0.00391092
73.1688 6.31368 -0.00417686 1.46811 0.00653858 5.11204e-05 -0.00391156
73.1882 6.3137 -0.00404 1.46861 0.00654642 0.000114577 -0.00391069
73.2099 6.31374 -0.0039291 1.46911 0.00652813 0.000123623 -0.00390895
73.2288 6.31379 -0.00384397 1.46961 0.00647884 0.000113672 -0.003908
73.2498 6.31385 -0.00378396 1.4701 0.0063365 0.000121775 -0.00390594
73.2702 6.31392 -0.00374855 1.4706 0.00612635 0.000154833 -0.00390414
73.2894 6.31401 -0.0037372 1.47108 0.00590718 0.000188417 -0.0039022
73.3104 6.31411 -0.00374896 1.47156 0.00567965 0.000211928 -0.00390023
73.3299 6.31422 -0.00378288 1.47204 0.00544471 0.000263108 -0.00389874
73.3528 6.31434 -0.003838 1.4725 0.00521118 0.000297875 -0.00389839
73.3711 6.31447 -0.00391333 1.47296 0.00497567 0.000296383 -0.00389803
73.3906 6.31462 -0.00400796 1.47341 0.00475244 0.00029428 -0.00389574
73.4116 6.31478 -0.00412089 1.47384 0.00452781 0.000297325 -0.00389316
73.4321 6.31495 -0.00425116 1.47427 0.00430288 0.000305939 -0.0038909
73.4541 6.31513 -0.00439796 1.47469 0.00409353 0.000317416 -0.00388872
73.4733 6.31533 -0.00456028 1.4751 0.00388244 0.000327569 -0.00388866
73.4924 6.31554 -0.00473734 1.4755 0.00367976 0.000339107 -0.00388737
73.5143 6.31576 -0.00492825 1.4759 0.00347711 0.000367253 -0.00388792
73.5347 6.316 -0.00513212 1.47629 0.00326428 0.000357748 -0.00388746
73.5544 6.31624 -0.00534814 1.47668 0.00305193 0.000331095 -0.00388678
73.574 6.3165 -0.00557544 1.47707 0.00283868 0.000304383 -0.00388605
73.5942 6.31677 -0.00581312 1.47745 0.00262093 0.000281566 -0.00388531
73.6167 6.31706 -0.00606048 1.47783 0.00242872 0.000293239 -0.00388471
73.6354 6.31735 -0.00631635 1.47821 0.00220564 0.000316301 -0.003884
73.6563 6.31764 -0.00658006 1.47858 0.00198474 0.000315507 -0.00388344
73.6759 6.31795 -0.00685066 1.47895 0.00175378 0.000428639 -0.00388262
73.6951 6.31826 -0.00712736 1.47933 0.00153899 0.000378148 -0.00388085
73.7178 6.31857 -0.00740936 1.47971 0.00135066 0.000344204 -0.00388013
73.7372 6.31889 -0.00769585 1.48008 0.0011829 0.000361716 -0.00388029
73.7579 6.31921 -0.00798608 1.48045 0.0010178 0.000352711 -0.00387964
73.776 6.31954 -0.00827941 1.48081 0.000862026 0.000331059 -0.0038779
73.7962 6.31987 -0.0085752 1.48116 0.000709341 0.000320393 -0.00387668
73.8208 6.32021 -0.0088728 1.4815 0.000556698 0.000325979 -0.00387595
73.8394 6.32055 -0.00917168 1.48184 0.000411955 0.000341062 -0.00387549
73.8601 6.32089 -0.00947121 1.48216 0.000266472 0.000330835 -0.00387521
73.8811 6.32124 -0.00977081 1.48247 0.00011989 0.000316885 -0.00387503
73.8998 6.32159 -0.01007 1.48277 -2.19277e-05 0.000317377 -0.0038741
73.9222 6.32195 -0.010368 1.48306 -0.000175485 0.000315911 -0.0038724
73.9412 6.32231 -0.0106643 1.48334 -0.000340078 0.000312949 -0.00387051
73.9631 6.32267 -0.0109584 1.48361 -0.000507553 0.000322429 -0.00387074
73.9818 6.32304 -0.0112494 1.48387 -0.000691901 0.000325666 -0.00387033
74.0016 6.32341 -0.0115367 1.48411 -0.000887117 0.000328316 -0.0038702
74.0264 6.32379 -0.0118197 1.48435 -0.00107404 0.000344581 -0.0038687
74.0441 6.32417 -0.0120976 1.48456 -0.00125302 0.000334624 -0.00386807
74.065 6.32456 -0.0123699 1.48476 -0.00141508 0.00037599 -0.0038664
74.0852 6.32495 -0.0126357 1.48494 -0.00158021 0.000353907 -0.0038652
74.1045 6.32533 -0.0128947 1.48511 -0.00172353 0.000314535 -0.00386383
74.127 6.32571 -0.0131461 1.48527 -0.00185458 0.000379509 -0.00386231
74.1457 6.32609 -0.0133896 1.48541 -0.00196964 0.000328147 -0.00386153
74.1711 6.32647 -0.0136246 1.48554 -0.00207825 0.000287391 -0.00386083
74.1862 6.32684 -0.0138508 1.48566 -0.00218378 0.000282927 -0.00385968
74.2062 6.32721 -0.0140678 1.48576 -0.00227056 0.000284957 -0.00385747
74.2265 6.32757 -0.0142753 1.48583 -0.00234707 0.000279606 -0.00385536
74.2462 6.32793 -0.0144729 1.4859 -0.00245083 0.000263185 -0.00385378
74.2689 6.32829 -0.0146592 1.48595 -0.00270535 0.000247519 -0.00385137
74.287 6.32864 -0.0148333 1.48599 -0.00315467 0.000239451 -0.003849
74.3067 6.32899 -0.0149937 1.48602 -0.00371485 0.000228742 -0.00384471
74.3285 6.32934 -0.0151388 1.48604 -0.00431396 0.000234029 -0.00384293
74.3473 6.32968 -0.0152667 1.48604 -0.00489079 0.000253727 -0.00384036
74.3687 6.33002 -0.0153753 1.48604 -0.00541711 0.000253716 -0.00383851
74.3875 6.33035 -0.0154626 1.48603 -0.00589172 0.000255325 -0.00383603
74.4094 6.33068 -0.0155269 1.48601 -0.00632022 0.000255178 -0.00383239
74.4286 6.33101 -0.0155666 1.48598 -0.00669353 0.000243474 -0.00382763
74.4495 6.33133 -0.0155803 1.48594 -0.0070112 0.000240379 -0.00382401
74.4726 6.33165 -0.0155668 1.4859 -0.00727437 0.000242323 -0.00381952
74.4901 6.33196 -0.0155253 1.48584 -0.00748453 0.000230983 -0.00382001
74.5097 6.33227 -0.0154549 1.48578 -0.00764498 0.000218951 -0.00381689
74.5314 6.33258 -0.0153552 1.48571 -0.00775205 0.000218403 -0.00381337
74.5513 6.33288 -0.0152257 1.48563 -0.00781851 0.000212486 -0.00381095
74.5742 6.33318 -0.0150663 1.48554 -0.00784931 0.000194973 -0.00380777
74.5902 6.33348 -0.014877 1.48545 -0.00783852 0.000175254 -0.00380491
74.6105 6.33377 -0.0146579 1.48534 -0.00779743 0.000154594 -0.00380053
74.631 6.33405 -0.0144091 1.48523 -0.00774062 0.000147097 -0.00379708
74.6514 6.33434 -0.0141309 1.48511 -0.00767722 0.000151423 -0.00379192
74.6752 6.33462 -0.0138236 1.48498 -0.00761116 0.000137712 -0.0037879
74.6923 6.33489 -0.0134876 1.48484 -0.00754847 0.000121779 -0.00378455
74.7124 6.33516 -0.0131231 1.48469 -0.00748717 0.000124071 -0.00378102
74.7331 6.33543 -0.0127306 1.48453 -0.00743778 0.000133045 -0.00377752
74.7541 6.33569 -0.0123101 1.48435 -0.00740945 0.000139286 -0.00377388
74.7733 6.33595 -0.0118621 1.48417 -0.00738389 0.000155159 -0.00377021
74.7931 6.33621 -0.0113867 1.48397 -0.00734285 0.000157069 -0.00376636
74.8136 6.33646 -0.0108842 1.48377 -0.0073004 0.000149973 -0.00376231
74.8337 6.33671 -0.0103548 1.48355 -0.00725189 0.000154367 -0.0037579
74.8531 6.33695 -0.00979876 1.48333 -0.00721077 0.000146446 -0.00375017
74.8774 6.33719 -0.00921618 1.48311 -0.00718817 0.000155792 -0.0037465
74.8936 6.33743 -0.00860739 1.48288 -0.00716357 0.000158122 -0.0037412
74.9137 6.33766 -0.00797247 1.48265 -0.00714967 0.000149001 -0.00373511
74.9366 6.33789 -0.00731164 1.48241 -0.00713163 0.000196373 -0.00372982
74.9549 6.33811 -0.00662497 1.48217 -0.0071188 7.47995e-05 -0.0037233
74.9772 6.33832 -0.00591247 1.48193 -0.00713758 0.000168676 -0.00371818
74.9952 6.33853 -0.00517426 1.48169 -0.00716571 0.000321353 -0.00371337
75.0178 6.33873 -0.00441056 1.48144 -0.00716163 0.000123397 -0.00370589
75.0371 6.33893 -0.00362116 1.4812 -0.00717641 0.000120537 -0.00370003
75.0561 6.33913 -0.00280616 1.48095 -0.00719697 0.000268993 -0.0036971
75.0791 6.33931 -0.00196556 1.48071 -0.00722457 0.000147107 -0.00369388
75.0973 6.33949 -0.00109945 1.48046 -0.00724222 0.000260845 -0.00369072
75.117 6.33966 -0.000207829 1.48021 -0.00724787 0.000186152 -0.00368485
75.1384 6.33983 0.000709219 1.47996 -0.00724307 0.000315064 -0.00367981
75.1575 6.33998 0.00165165 1.47971 -0.00722957 0.000266379 -0.00367349
75.1797 6.34014 0.00261911 1.47946 -0.00717643 0.000184565 -0.00367038
75.1977 6.34029 0.0036116 1.4792 -0.00713319 0.000265334 -0.0036663
75.2188 6.34042 0.0046288 1.47894 -0.00708381 0.000121468 -0.00365996
75.2386 6.34056 0.00567046 1.47868 -0.00703744 0.000218878 -0.00365617
75.259 6.34068 0.00673632 1.47842 -0.00699085 9.86346e-05 -0.00365097
75.281 6.3408 0.00782771 1.47815 -0.00720267 -7.5872e-06 -0.00364414
75.2992 6.34091 0.00894584 1.47788 -0.00775207 0.000146253 -0.00363935
75.3197 6.34101 0.0100918 1.47761 -0.00846138 1.14906e-05 -0.00363395
75.3409 6.3411 0.0112676 1.47734 -0.00923063 -5.5725e-05 -0.00362777
75.3601 6.34119 0.0124758 1.47707 -0.0100043 1.24597e-05 -0.00362207
75.3809 6.34127 0.0137188 1.47679 -0.0106771 -9.87404e-05 -0.00361712
75.4017 6.34134 0.0149992 1.47652 -0.0112884 -0.000101095 -0.00361272
75.4213 6.34142 0.0163191 1.47624 -0.0117817 3.6884e-05 -0.00361088
75.4423 6.34148 0.0176802 1.47596 -0.0121583 -6.28403e-05 -0.00360396
75.4615 6.34153 0.0190837 1.47568 -0.0124007 -8.02073e-05 -0.0035978
75.4859 6.34159 0.0205306 1.4754 -0.0125267 -3.61974e-05 -0.00359365
75.5019 6.34164 0.0220214 1.47513 -0.0125517 7.71229e-06 -0.00358821
75.5218 6.34168 0.0235558 1.47485 -0.0124803 3.9051e-05 -0.0035815
75.5442 6.34173 0.0251337 1.47458 -0.0123275 6.22018e-05 -0.00357649
75.5626 6.34177 0.0267545 1.47431 -0.0121214 7.79679e-05 -0.00356934
75.5848 6.3418 0.0284174 1.47405 -0.0118837 7.66509e-05 -0.00356296
75.6031 6.34183 0.0301214 1.47379 -0.0116063 7.71919e-05 -0.00355733
75.6232 6.34186 0.031865 1.47355 -0.011283 9.82166e-05 -0.00355392
75.644 6.34189 0.0336474 1.47332 -0.0109667 0.000107344 -0.00354921
75.6639 6.34191 0.0354672 1.4731 -0.0106546 0.000107999 -0.00354541
75.6863 6.34193 0.0373228 1.4729 -0.0103188 0.00011433 -0.00354081
75.705 6.34194 0.0392129 1.47272 -0.00998975 0.000110105 -0.00353553
75.7247 6.34196 0.0411363 1.47255 -0.00966471 0.000115316 -0.00353056
75.7483 6.34196 0.0430915 1.4724 -0.00935616 0.000124789 -0.00352347
75.7672 6.34197 0.0450773 1.47227 -0.00907364 0.000128649 -0.00352073
75.7868 6.34197 0.0470924 1.47214 -0.00880171 0.000142267 -0.00351817
75.8065 6.34197 0.0491356 1.47203 -0.0085455 0.000128351 -0.00351207
75.8265 6.34197 0.0512059 1.47194 -0.00829605 0.000121223 -0.00350488
75.8479 6.34196 0.053302 1.47186 -0.00804745 0.000137215 -0.00349922
75.8675 6.34195 0.0554232 1.4718 -0.00782044 0.000142391 -0.00349234
75.8895 6.34194 0.0575683 1.47175 -0.00761288 0.000143824 -0.00349075
75.9067 6.34192 0.0597365 1.47172 -0.00740843 0.000151452 -0.00348881
75.9271 6.3419 0.0619269 1.4717 -0.00722293 0.000152704 -0.00348466
75.9496 6.34188 0.0641386 1.4717 -0.00704398 0.000150899 -0.00348599
75.9679 6.34185 0.0663709 1.47172 -0.00686098 0.000158715 -0.00348193
75.9884 6.34182 0.068623 1.47175 -0.0066954 0.000155365 -0.00347822
76.009 6.34179 0.0708942 1.47179 -0.00654128 0.000149442 -0.00347453
76.0281 6.34176 0.0731838 1.47185 -0.00638897 0.000162393 -0.00347148
76.0499 6.34172 0.0754912 1.47193 -0.00623365 0.000146967 -0.00346821
76.0694 6.34168 0.0778155 1.47202 -0.00607878 0.00012475 -0.00346379
76.0938 6.34163 0.0801562 1.47213 -0.00591252 0.00013168 -0.00346259
76.1102 6.34159 0.0825125 1.47225 -0.00573615 0.000137114 -0.00345876
76.1304 6.34154 0.0848836 1.47238 -0.00554241 0.000127525 -0.00345289
76.153 6.34148 0.0872687 1.47252 -0.00533437 0.000110529 -0.00344917
76.1718 6.34143 0.089667 1.47267 -0.00512507 0.0001062 -0.00344454
76.1937 6.34137 0.0920777 1.47281 -0.00492691 0.000106027 -0.00343946
76.2128 6.34131 0.0945001 1.47296 -0.00475095 9.576e-05 -0.00343424
76.233 6.34124 0.0969335 1.47311 -0.00459741 8.2148e-05 -0.0034337
76.2548 6.34117 0.099377 1.47327 -0.00445723 8.19552e-05 -0.00343213
76.2733 6.3411 0.10183 1.47342 -0.00433452 8.1494e-05 -0.00343186
76.2939 6.34102 0.104294 1.47358 -0.00441773 7.44292e-05 -0.00342898
76.3134 6.34094 0.10677 1.47375 -0.00501559 7.24959e-05 -0.00342461
76.334 6.34086 0.10926 1.47393 -0.00599672 7.0351e-05 -0.0034204
76.3542 6.34078 0.111767 1.47412 -0.0071308 6.60734e-05 -0.00341622
76.374 6.34069 0.114294 1.47432 -0.00828188 4.94186e-05 -0.00341225
76.3962 6.3406 0.116845 1.47452 -0.00935031 4.28506e-05 -0.00341077
76.415 6.3405 0.119423 1.47473 -0.0103019 4.42404e-05 -0.00340404
76.4354 6.34041 0.122033 1.47495 -0.0111093 3.26776e-05 -0.00339772
76.4561 6.34031 0.124677 1.47517 -0.011735 1.66753e-05 -0.00339278
76.4769 6.3402 0.127358 1.47539 -0.0121821 2.95995e-06 -0.0033861
76.499 6.34009 0.130076 1.47562 -0.0124501 5.02431e-06 -0.00338502
76.5175 6.33998 0.132834 1.47585 -0.0125609 1.57027e-05 -0.00338493
76.5375 6.33987 0.135631 1.47609 -0.0125447 1.44681e-05 -0.00338323
76.5595 6.33975 0.138468 1.47632 -0.0124172 1.20355e-06 -0.0033793
76.5778 6.33963 0.141344 1.47656 -0.012191 -2.76338e-05 -0.00337406
76.5998 6.33951 0.144257 1.4768 -0.0118897 -4.23569e-05 -0.00337178
76.6203 6.33938 0.147208 1.47704 -0.011529 -4.24209e-05 -0.00336839
76.6385 6.33925 0.150194 1.47728 -0.0111069 -3.29179e-05 -0.00336832
76.6601 6.33912 0.153213 1.47753 -0.0106647 -9.02959e-06 -0.00336539
76.6796 6.33898 0.156265 1.47777 -0.0102325 3.84645e-06 -0.00336797
76.7007 6.33884 0.159347 1.47801 -0.00979239 2.75398e-05 -0.0033671
76.7195 6.33869 0.162457 1.47825 -0.00937061 4.78468e-05 -0.00336377
76.7393 6.33855 0.165594 1.47849 -0.00897383 5.11344e-05 -0.00335972
76.7614 6.3384 0.168756 1.47873 -0.00858704 6.10228e-05 -0.00335621
76.7802 6.33825 0.171942 1.47896 -0.00822452 7.07526e-05 -0.00335514
76.802 6.33809 0.175149 1.47919 -0.00787589 7.55679e-05 -0.00335275
76.8205 6.33793 0.178377 1.47942 -0.00753953 -2.40622e-05 -0.00334844
76.8408 6.33777 0.181625 1.47965 -0.00726178 6.93891e-05 -0.00334461
76.862 6.33762 0.184891 1.47988 -0.00704598 0.000139584 -0.0033457
76.8816 6.33745 0.188174 1.48011 -0.00684547 9.80806e-07 -0.0033411
76.9062 6.3373 0.191474 1.48036 -0.00667952 0.00015623 -0.00333839
76.9221 6.33714 0.194789 1.48062 -0.00651767 6.23811e-05 -0.00333377
76.9426 6.33698 0.198119 1.48088 -0.00636621 0.000102897 -0.00332898
76.9652 6.33683 0.201463 1.48116 -0.00619103 2.30796e-05 -0.00332382
76.9839 6.33668 0.204821 1.48145 -0.00602195 0.00011738 -0.00332099
77.0069 6.33652 0.208191 1.48175 -0.00586681 -2.4622e-05 -0.00331682
77.0243 6.33637 0.211574 1.48206 -0.0057226 9.75355e-05 -0.00331224
77.0443 6.33622 0.214969 1.48238 -0.00557398 1.46731e-05 -0.00330649
77.066 6.33607 0.218374 1.4827 -0.00543657 0.000145837 -0.00330097
77.0902 6.33592 0.22179 1.48302 -0.00530716 8.14625e-05 -0.00329849
77.1088 6.33578 0.225215 1.48334 -0.00516523 0.000187314 -0.00329411
77.1268 6.33563 0.228649 1.48366 -0.00501305 5.19558e-05 -0.00329263
77.1474 6.3355 0.232092 1.48398 -0.00485269 7.95544e-05 -0.00328787
77.1693 6.33536 0.235543 1.48428 -0.00469482 0.000121045 -0.00328031
77.1869 6.33522 0.239001 1.48457 -0.00452735 -2.56717e-05 -0.00327301
77.2104 6.33509 0.242465 1.48486 -0.00433894 -1.58071e-05 -0.00326973
77.2285 6.33496 0.245936 1.48513 -0.00417979 4.55446e-05 -0.00326659
77.2484 6.33482 0.249411 1.48539 -0.00400147 -5.06579e-05 -0.0032605
77.2696 6.3347 0.252891 1.48564 -0.00382999 -3.42063e-05 -0.00325898
77.2902 6.33458 0.256374 1.48588 -0.00368263 7.26455e-05 -0.0032546
77.309 6.33445 0.259863 1.48611 -0.00382613 -6.79845e-05 -0.0032513
77.3291 6.33433 0.26336 1.48634 -0.00473557 -1.42519e-05 -0.0032447
77.3495 6.3342 0.266867 1.48656 -0.00619423 0.000114364 -0.00324206
77.3704 6.33408 0.27039 1.48677 -0.00789501 6.17115e-05 -0.00323664
77.3899 6.33397 0.273931 1.48697 -0.00960376 0.000154502 -0.00323455
77.4133 6.33385 0.277499 1.48716 -0.0111925 5.46529e-05 -0.00322592
77.4313 6.33373 0.281097 1.48732 -0.0126083 2.43315e-05 -0.00322
77.4512 6.33362 0.284732 1.48746 -0.0137796 0.000144209 -0.00321508
77.472 6.33351 0.288407 1.48758 -0.0147234 6.36996e-05 -0.00320645
77.4926 6.3334 0.292127 1.48768 -0.0154262 4.72992e-05 -0.00319993
77.5145 6.33329 0.295893 1.48776 -0.0158982 9.34052e-05 -0.00319922
77.5346 6.33319 0.299708 1.48782 -0.0161469 3.25847e-05 -0.00319377
77.5538 6.33309 0.303572 1.48786 -0.0162159 0.000147006 -0.00318976
77.5747 6.33299 0.307486 1.48788 -0.0161214 1.67462e-05 -0.00318335
77.5941 6.33289 0.31145 1.48789 -0.0158925 1.03789e-05 -0.00318007
77.6143 6.3328 0.315462 1.48788 -0.0155818 0.000130214 -0.00317614
77.6342 6.33271 0.319522 1.48785 -0.0151887 -1.896e-05 -0.00316866
77.6549 6.33262 0.323628 1.48781 -0.014731 0.000106926 -0.00317187
77.6773 6.33253 0.327777 1.48776 -0.0142296 3.01745e-06 -0.00316907
77.6959 6.33244 0.331969 1.4877 -0.0137174 -3.42362e-05 -0.00316782
77.7165 6.33236 0.3362 1.48763 -0.0132067 -9.81306e-06 -0.00316748
77.7374 6.33229 0.34047 1.48754 -0.0127149 8.16538e-05 -0.00316704
77.7564 6.3322 0.344775 1.48744 -0.0122399 -2.91912e-05 -0.0031617
77.7775 6.33213 0.349115 1.48732 -0.011781 0.000101908 -0.00315934
77.7966 6.33206 0.353486 1.4872 -0.011354 4.14981e-05 -0.0031544
77.8196 6.33199 0.357888 1.48706 -0.0109429 1.19825e-05 -0.00315302
77.8369 6.33192 0.362318 1.48691 -0.0105532 0.000153358 -0.00315246
77.857 6.33185 0.366776 1.48674 -0.0101924 8.40524e-05 -0.00314704
77.8786 6.33179 0.371259 1.48656 -0.00984961 6.55595e-05 -0.00314495
77.8996 6.33173 0.375766 1.48637 -0.00954747 0.000199345 -0.00314053
77.921 6.33166 0.380296 1.48616 -0.00928081 7.84208e-05 -0.003135
77.9388 6.33161 0.384848 1.48594 -0.0090427 0.000103503 -0.00313245
77.9592 6.33155 0.389421 1.48571 -0.00882991 0.000120198 -0.00313077
77.9797 6.33229 0.389587 1.4848 -0.00727011 0.00138277 -0.00153886
77.9998 6.33285 0.389528 1.484 -0.00708306 -0.000342632 -0.00105329
78.0199 6.33332 0.389418 1.48367 -0.00754555 -0.00322882 -0.00072843
78.0403 6.33372 0.389227 1.48374 -0.00883503 -0.0052477 -0.000390722
78.06 6.33404 0.388959 1.48408 -0.011051 -0.00682486 -9.15346e-05
78.0825 6.3343 0.38864 1.48459 -0.013981 -0.00813866 0.000147371
78.103 6.33449 0.388286 1.48518 -0.0173689 -0.0088842 0.000377021
78.1231 6.33463 0.387922 1.4858 -0.0209842 -0.00908636 0.000600933
78.1436 6.33471 0.387571 1.48641 -0.0245905 -0.00888559 0.000797524
78.1629 6.33474 0.387259 1.48698 -0.0279599 -0.00848368 0.000938893
78.1843 6.33474 0.387 1.4875 -0.0308675 -0.00784869 0.00104124
78.2091 6.3347 0.386806 1.48796 -0.0331257 -0.00710749 0.00109786
78.2248 6.33464 0.38669 1.48836 -0.0345973 -0.00640816 0.00109403
78.2444 6.33455 0.386654 1.4887 -0.035201 -0.005775 0.00103275
78.2648 6.33442 0.386661 1.48896 -0.0353784 -0.0049982 0.000928028
78.2886 6.33426 0.386691 1.48915 -0.0353797 -0.00408242 0.000775749
78.3073 6.33406 0.386743 1.48925 -0.0352466 -0.00315037 0.000566489
78.3314 6.33384 0.386843 1.48929 -0.0349027 -0.00229786 0.000194467
78.4972 6.33366 0.38705 1.48933 -0.0322542 -0.00115335 -0.000107783
78.5179 6.33351 0.387366 1.48939 -0.0268964 -0.000433419 -0.000374753
78.5404 6.33339 0.387777 1.48946 -0.0199249 0.000124892 -0.000622389
78.5583 6.33331 0.38826 1.48954 -0.0123497 0.000606791 -0.000849355
78.579 6.33326 0.388789 1.48961 -0.004752 0.00102404 -0.00105344
78.6006 6.33326 0.389336 1.48968 0.00239552 0.00126753 -0.00123482
78.6205 6.3334 0.389378 1.48978 0.00235466 -4.96135e-05 -0.000388687
78.6405 6.33359 0.389367 1.4899 0.00227284 0.000232695 -0.00021344
78.6593 6.33383 0.389333 1.48999 0.00235988 0.00095873 -0.000175502
78.683 6.3341 0.389272 1.49005 0.00249892 0.00167572 -7.92033e-05
78.7009 6.33442 0.38918 1.49007 0.00273839 0.00253011 2.25232e-05
78.7205 6.33477 0.389056 1.49006 0.00302451 0.00327306 0.00021527
78.744 6.33517 0.3889 1.49001 0.00334543 0.003995 0.000519275
78.762 6.33562 0.388713 1.48992 0.00368681 0.00462155 0.00094974
78.7831 6.33612 0.388498 1.48981 0.00404664 0.00506479 0.00149845
78.8036 6.33668 0.388254 1.48968 0.0044468 0.00523202 0.00212803
78.8236 6.3373 0.387985 1.48955 0.00491626 0.00542423 0.00278742
78.8447 6.33799 0.38769 1.48941 0.00546745 0.00526714 0.00345206
78.8631 6.33874 0.387372 1.48927 0.00612387 0.00493659 0.00407889
78.8841 6.33956 0.387029 1.48915 0.0068134 0.00442382 0.00466114
78.904 6.34046 0.386661 1.48903 0.00748038 0.00404543 0.00518044
78.9237 6.34143 0.386266 1.48892 0.00802863 0.0036474 0.00564751
78.9467 6.34246 0.385843 1.48882 0.00842607 0.003276 0.00606528
78.9645 6.34357 0.385389 1.48873 0.00865798 0.0029517 0.00643704
78.9856 6.34474 0.384905 1.48864 0.00871404 0.0026852 0.00676151
79.0056 6.34598 0.38439 1.48855 0.00859867 0.00245786 0.00704553
79.0254 6.34729 0.383845 1.48847 0.00831606 0.00219061 0.00728752
79.0471 6.34866 0.38327 1.48839 0.00790616 0.00210773 0.00748837
79.0671 6.35011 0.382668 1.48832 0.00739545 0.00203577 0.00765047
79.0865 6.35163 0.38204 1.48825 0.00679083 0.00192209 0.00777934
79.1061 6.35322 0.381388 1.48818 0.00613188 0.00184844 0.00787497
79.1266 6.35488 0.380716 1.48811 0.00543792 0.00180453 0.0079338
79.1478 6.3566 0.380025 1.48803 0.00474611 0.00164331 0.00796092
79.169 6.3584 0.37932 1.48796 0.00401898 0.00165815 0.0079596
79.1907 6.36028 0.378601 1.48788 0.00330841 0.00165924 0.00793023
79.2085 6.36223 0.377873 1.48779 0.00263279 0.00158887 0.0078751
79.2287 6.36426 0.377137 1.48771 0.00200118 0.00155492 0.0077941
79.249 6.36635 0.376396 1.48761 0.0014068 0.00151336 0.00769532
79.27 6.36853 0.375652 1.48751 0.000868279 0.00149113 0.00757145
79.2913 6.37078 0.374908 1.48741 0.000397135 0.00152017 0.00742695
79.3096 6.3731 0.374166 1.4873 -2.30876e-05 0.0015559 0.00726896
79.3299 6.3755 0.373426 1.48718 -0.000419828 0.00144651 0.00709773
79.3557 6.37798 0.372691 1.48707 -0.000812412 0.00152873 0.00691041
79.3734 6.38055 0.371962 1.48695 -0.00114574 0.00157491 0.0067051
79.3949 6.38319 0.37124 1.48683 -0.00143096 0.00159327 0.00648691
79.4143 6.38591 0.370527 1.4867 -0.00169032 0.00160609 0.00626015
79.4338 6.38871 0.369823 1.48655 -0.00192507 0.00162778 0.00602712
79.4544 6.39159 0.369129 1.48641 -0.00215243 0.00157388 0.00579048
79.4731 6.39455 0.368446 1.48625 -0.00231374 0.00159482 0.00554143
79.4943 6.39756 0.367773 1.48608 -0.00216246 -0.000790508 0.00530963
79.5137 6.40093 0.367114 1.48595 -0.00235547 0.00120061 0.00508379
79.5338 6.40457 0.366468 1.48591 -0.0025116 0.00187436 0.00484264
79.5549 6.40847 0.365834 1.48591 -0.00237508 0.00107252 0.00458715
79.5757 6.41262 0.365212 1.48594 -0.00213822 0.000591082 0.00432571
79.5955 6.41703 0.364602 1.48598 -0.00194786 0.000623268 0.00406444
79.6153 6.42167 0.364002 1.48599 -0.00166464 0.000611299 0.00379448
79.6351 6.42656 0.363411 1.48599 -0.00146726 0.000434565 0.00352865
79.6571 6.43168 0.36283 1.48596 -0.00125939 0.000385656 0.00326135
79.6751 6.43702 0.362256 1.48591 -0.00111305 0.000186658 0.00299885
79.6956 6.44259 0.361689 1.48584 -0.00100562 0.000213192 0.00273808
79.7153 6.44838 0.361128 1.48576 -0.000889068 0.000198376 0.00247684
79.7376 6.4544 0.360574 1.48568 -0.000800556 0.00018825 0.00221675
79.758 6.46063 0.360025 1.48558 -0.000825148 0.000107716 0.0019632
79.7765 6.46707 0.359482 1.48548 -0.000904283 8.27686e-05 0.00171255
79.7978 6.47372 0.358945 1.48538 -0.000962101 0.000142883 0.00146759
79.8186 6.48057 0.358414 1.48527 -0.00105502 0.000210745 0.00122613
79.8376 6.48762 0.357889 1.48516 -0.00110702 0.000216526 0.00098503
79.859 6.49485 0.35737 1.48505 -0.00127092 0.00024906 0.000754225
79.8804 6.50227 0.356858 1.48494 -0.00140607 0.000236076 0.000520471
79.9018 6.50986 0.356354 1.48483 -0.00150338 0.000330983 0.000290519
79.92 6.51762 0.355857 1.48472 -0.00162539 0.000363891 6.96561e-05
79.9396 6.52556 0.355367 1.48461 -0.00173821 0.000542325 -0.000149012
79.9639 6.53364 0.354887 1.48449 -0.00186947 0.000526584 -0.000359236
79.9804 6.54188 0.354415 1.48436 -0.00201366 0.000602298 -0.000564041
80.0005 6.55027 0.353952 1.48423 -0.00210678 0.000684413 -0.000765216
80.0206 6.5588 0.353498 1.48409 -0.00216316 0.000818023 -0.000961756
80.0413 6.56747 0.353055 1.48395 -0.00225396 0.00091627 -0.00115022
80.0633 6.57626 0.352621 1.4838 -0.00231507 0.000932686 -0.00133324
80.0829 6.58519 0.352197 1.48364 -0.00237595 0.00106509 -0.00151146
80.1045 6.59424 0.351784 1.48347 -0.00241087 0.00119792 -0.00168255
80.1241 6.6034 0.351381 1.48329 -0.00245628 0.00120724 -0.00184769
80.1454 6.61267 0.350989 1.48309 -0.00250887 0.00131013 -0.00200541
80.1681 6.62205 0.350607 1.48288 -0.00252252 0.00142236 -0.00215538
80.1867 6.63152 0.350236 1.48266 -0.00254685 0.0014411 -0.00230036
80.2084 6.6411 0.349876 1.48241 -0.00258275 0.0015566 -0.00243963
80.2272 6.65076 0.349527 1.48215 -0.00258468 0.00159942 -0.00257468
80.2479 6.66051 0.349188 1.48187 -0.00257302 0.00163812 -0.00270222
80.2702 6.67034 0.348861 1.48158 -0.00257144 0.0017813 -0.00282406
80.2886 6.68026 0.348543 1.48126 -0.00253948 0.00186015 -0.00294107
80.31 6.69025 0.348237 1.48093 -0.00253163 0.00194131 -0.00305107
80.3293 6.70031 0.347941 1.48058 -0.00250789 0.00193632 -0.00315625
80.3496 6.71043 0.347655 1.48021 -0.00247497 0.00202419 -0.00325688
80.3705 6.72062 0.34738 1.47983 -0.00245328 0.00206891 -0.00335215
80.3895 6.73086 0.347115 1.47944 -0.0024432 0.00215706 -0.00344018
80.4175 6.74115 0.346859 1.47903 -0.00243133 0.0021435 -0.00352287
80.4331 6.75149 0.346614 1.47862 -0.00242188 0.00226454 -0.00359802
80.4523 6.76187 0.346379 1.47821 -0.00240985 0.00231305 -0.00366791
80.4733 6.7723 0.346154 1.47779 -0.00239978 0.00238856 -0.00373524
80.4964 6.78276 0.345938 1.47738 -0.00238769 0.00235784 -0.0037983
80.5139 6.79325 0.345733 1.47696 -0.00236367 0.00182634 -0.0038584
80.535 6.80382 0.345536 1.47656 -0.00232511 0.00224986 -0.00392688
80.5541 6.81447 0.345349 1.47618 -0.00225697 0.00256449 -0.00399415
80.5738 6.82518 0.345171 1.47581 -0.00217174 0.00243212 -0.00405772
80.5935 6.83593 0.345001 1.47545 -0.00207391 0.00234377 -0.00411882
80.6165 6.84673 0.34484 1.47508 -0.00199397 0.00238541 -0.00417392
80.6351 6.85757 0.344687 1.47473 -0.00190797 0.00239098 -0.00422548
80.6542 6.86843 0.344542 1.47437 -0.00181024 0.0023792 -0.00427443
80.6768 6.87932 0.344403 1.47401 -0.00174168 0.00234923 -0.0043171
80.6971 6.89021 0.344272 1.47367 -0.00165371 0.0023483 -0.0043578
80.7171 6.90111 0.344148 1.47333 -0.00155979 0.00232634 -0.00439402
80.737 6.91201 0.34403 1.47299 -0.00147307 0.00223718 -0.00442983
80.758 6.92289 0.343918 1.47267 -0.00138933 0.00220716 -0.00446121
80.7784 6.93376 0.343811 1.47235 -0.00128254 0.0021867 -0.0044861
80.7986 6.94461 0.34371 1.47205 -0.00121254 0.00217732 -0.00450579
80.8232 6.95542 0.343614 1.47176 -0.00111063 0.00217917 -0.00452229
80.8394 6.96619 0.343523 1.47148 -0.00102671 0.00218806 -0.00453768
80.8594 6.97692 0.343436 1.47121 -0.000943887 0.00218249 -0.00454919
80.8807 6.9876 0.343353 1.47095 -0.000832286 0.00215664 -0.00455548
80.9016 6.99822 0.343274 1.4707 -0.000750214 0.00203276 -0.00456301
80.9213 7.00877 0.343198 1.47046 -0.000697774 0.00199179 -0.00456616
80.9411 7.01926 0.343125 1.47023 -0.00060077 0.00198088 -0.00457303
80.961 7.02967 0.343055 1.47002 -0.000564774 0.00200709 -0.00457354
80.9836 7.03999 0.342988 1.46981 -0.000492744 0.00189981 -0.00457497
81.0035 7.05023 0.342923 1.46962 -0.000413534 0.00192843 -0.00456973
81.0223 7.06037 0.34286 1.46943 -0.000404586 0.00195893 -0.00455599
81.042 7.07042 0.342799 1.46926 -0.00030185 0.00196146 -0.00454292
81.0628 7.08036 0.342741 1.4691 -0.000266435 0.00190875 -0.00452873
81.0873 7.09019 0.342684 1.46895 -0.000268347 0.00191624 -0.0045148
81.1039 7.0999 0.342628 1.4688 -0.000186967 0.00191604 -0.00449974
81.1224 7.10949 0.342573 1.46866 -0.000168638 0.00184043 -0.00448843
81.1436 7.11896 0.342521 1.46852 -0.000155819 0.00188875 -0.00447241
81.163 7.1283 0.342468 1.46838 -7.4464e-05 0.00188851 -0.00445348
81.1839 7.13751 0.342418 1.46824 -4.73763e-05 0.00178861 -0.00443459
81.2038 7.14658 0.342368 1.4681 -3.20957e-05 0.00179477 -0.0044126
81.2251 7.1555 0.342318 1.46795 9.67853e-06 0.00178388 -0.004393
81.2437 7.16427 0.34227 1.4678 5.73396e-05 0.00168787 -0.00437193
81.2638 7.17289 0.342221 1.46764 0.000108913 0.00168007 -0.00434968
81.293 7.18135 0.342174 1.46748 0.000105095 0.00158543 -0.00433089
81.3082 7.18966 0.342126 1.4673 9.35714e-05 0.00160656 -0.00430799
81.33 7.1978 0.342079 1.46713 0.00015312 0.00150459 -0.00428271
81.3486 7.20577 0.342032 1.46694 0.000188569 0.00152299 -0.00425875
81.3693 7.21357 0.341985 1.46675 0.000245095 0.00150302 -0.00423603
81.3899 7.22119 0.341938 1.46656 0.000279834 0.00137602 -0.00421263
81.4097 7.22863 0.34189 1.46636 0.000269447 0.0013881 -0.00418717
81.4314 7.23589 0.341843 1.46615 0.000301466 0.00131553 -0.00415998
81.4511 7.24296 0.341795 1.46595 0.000352763 0.00125384 -0.00413505
81.4716 7.24983 0.341746 1.46573 0.000323001 0.00112383 -0.00411136
81.4915 7.25651 0.341697 1.46552 0.000334427 0.00114675 -0.00408392
81.5119 7.26299 0.341648 1.4653 0.00028531 0.00104482 -0.00405872
81.5315 7.26927 0.341599 1.46508 0.000257462 0.000935575 -0.00403011
81.553 7.27535 0.341549 1.46485 0.000263701 0.000859209 -0.00400638
81.5724 7.28123 0.3415 1.46462 0.00028399 0.000785869 -0.00398577
81.5941 7.28691 0.341449 1.46439 0.000321115 0.000710084 -0.00396598
81.6146 7.29238 0.341399 1.46415 0.000362981 0.00061508 -0.00394555
81.6329 7.29766 0.341348 1.46391 0.000404384 0.000513639 -0.00392789
81.6531 7.30274 0.341296 1.46368 0.000433445 0.000425616 -0.00390822
81.6733 7.30762 0.341243 1.46344 0.000447832 0.000252341 -0.00389192
81.6984 7.31231 0.34119 1.4632 0.000425045 0.000206733 -0.00387605
81.7142 7.31681 0.341136 1.46297 0.000430863 0.000176701 -0.00385837
81.7387 7.32112 0.341081 1.46275 0.000492085 1.30117e-05 -0.00383936
81.7571 7.32524 0.341025 1.46253 0.000498001 -3.35474e-05 -0.00382184
81.7771 7.32919 0.340968 1.46232 0.000503954 -1.21356e-05 -0.00380489
81.7991 7.33295 0.340909 1.46211 0.00053245 -4.19622e-05 -0.00378778
81.819 7.33653 0.34085 1.46192 0.000578616 -0.000176605 -0.00376998
81.8395 7.33994 0.340788 1.46173 0.000598406 -0.000153345 -0.00375114
81.8577 7.34317 0.340726 1.46154 0.000627408 -0.000158308 -0.00373302
81.8799 7.34624 0.340661 1.46137 0.000633086 -0.000282205 -0.00371777
81.9006 7.34914 0.340595 1.46119 0.00068424 -0.000269513 -0.00370047
81.9194 7.35187 0.340527 1.46103 0.000727677 -0.000252216 -0.00368379
81.9471 7.35444 0.340457 1.46087 0.000741819 -0.000387903 -0.00366925
81.9605 7.35686 0.340385 1.46073 0.000778366 -0.000416018 -0.00365374
81.9802 7.35912 0.34031 1.46059 0.000806956 -0.000408344 -0.0036385
82.001 7.36123 0.340233 1.46046 0.00082096 -0.000467825 -0.00362465
82.0203 7.36318 0.340154 1.46034 0.000840715 -0.000608941 -0.00360977
82.0419 7.36499 0.340072 1.46023 0.000826444 -0.000577911 -0.00359563
82.0605 7.36665 0.339988 1.46013 0.000808409 -0.000579 -0.00358077
82.0818 7.36817 0.339902 1.46005 0.000808569 -0.000722259 -0.00356644
82.1018 7.36955 0.339813 1.45997 0.000799264 -0.000713798 -0.00355166
82.1218 7.37079 0.339721 1.45991 0.000799424 -0.000737529 -0.00353746
82.1443 7.3719 0.339627 1.45985 0.000807019 -0.000883724 -0.00352398
82.1623 7.37288 0.339531 1.45981 0.000806808 -0.00087183 -0.00350959
82.1827 7.37373 0.339432 1.45977 0.000814549 -0.000872493 -0.00349638
82.2059 7.37446 0.339331 1.45974 0.000824402 -0.0010083 -0.00348364
82.2242 7.37506 0.339228 1.45973 0.000822558 -0.000969366 -0.00347001
82.2441 7.37555 0.339122 1.45972 0.000823638 -0.00096338 -0.00345662
82.2643 7.37591 0.339013 1.45973 0.000823234 -0.00108408 -0.00344392
82.2848 7.37617 0.338902 1.45974 0.000814696 -0.00106241 -0.00343037
82.3058 7.37632 0.338789 1.45976 0.000798621 -0.0010918 -0.00341668
82.3245 7.37636 0.338673 1.45978 0.000791059 -0.00124365 -0.00340339
82.3487 7.37629 0.338555 1.45981 0.000753376 -0.0012533 -0.00339071
82.3664 7.37612 0.338434 1.45986 0.000717992 -0.00126393 -0.00337815
82.386 7.37584 0.338312 1.45991 0.000702418 -0.00142513 -0.00336558
82.4095 7.37547 0.338188 1.45996 0.000667168 -0.00148063 -0.00335356
82.4276 7.37501 0.338061 1.46003 0.000643518 -0.00149341 -0.0033421
82.448 7.37445 0.337933 1.46011 0.000641411 -0.00155705 -0.00333006
82.4671 7.37379 0.337803 1.4602 0.000620767 -0.00171425 -0.00331912
82.4873 7.37305 0.337671 1.4603 0.000627762 -0.00172374 -0.00330807
82.5079 7.37222 0.337538 1.4604 0.000632534 -0.0017402 -0.00329677
82.5284 7.37131 0.337402 1.46052 0.00061781 -0.00188167 -0.00328567
82.5484 7.37031 0.337265 1.46064 0.000616907 -0.00188794 -0.00327452
82.5706 7.36923 0.337127 1.46078 0.000609664 -0.00219178 -0.00326319
82.5903 7.36812 0.336986 1.46093 0.000640591 -0.00193837 -0.00325126
82.6118 7.36694 0.336843 1.46109 0.000687083 -0.00204954 -0.00323962
82.6315 7.36572 0.336699 1.46128 0.000694439 -0.00214652 -0.00323066
82.653 7.36445 0.336552 1.46147 0.000707711 -0.00212873 -0.00321939
82.6712 7.36313 0.336403 1.46168 0.000763529 -0.00222727 -0.00320959
82.6909 7.36177 0.336252 1.4619 0.000783308 -0.00222005 -0.00319939
82.7138 7.36038 0.336098 1.46213 0.000823982 -0.00230603 -0.00318801
82.7312 7.35895 0.335942 1.46238 0.000824333 -0.00227409 -0.00317808
82.7522 7.35748 0.335783 1.46263 0.000827902 -0.00232737 -0.00316882
82.7709 7.356 0.335622 1.46291 0.000836671 -0.00229156 -0.00315986
82.7915 7.35449 0.335458 1.46319 0.000839092 -0.00219991 -0.0031507
82.8149 7.35295 0.335291 1.46349 0.000837846 -0.00222636 -0.00314302
82.8329 7.3514 0.335122 1.4638 0.000832727 -0.00213784 -0.00313451
82.8533 7.34983 0.334949 1.46413 0.000823005 -0.00201278 -0.0031267
82.8743 7.34825 0.334775 1.46445 0.000842865 -0.00201464 -0.00311882
82.8933 7.34666 0.334598 1.46479 0.000777022 -0.00192766 -0.00311086
82.9144 7.34507 0.334418 1.46512 0.000698959 -0.00179623 -0.00310298
82.9337 7.34346 0.334237 1.46546 0.000645974 -0.00172068 -0.00309583
82.9557 7.34185 0.334053 1.4658 0.000601611 -0.00173573 -0.00308836
82.974 7.34025 0.333868 1.46613 0.000551102 -0.00159131 -0.00308065
82.9938 7.33865 0.333681 1.46647 0.000508492 -0.00148559 -0.00307339
83.0189 7.33705 0.333493 1.4668 0.000460791 -0.00143661 -0.00306639
83.0365 7.33545 0.333304 1.46713 0.000380318 -0.0014503 -0.00305828
83.0577 7.33386 0.333113 1.46745 0.000509649 -0.00174741 -0.00305243
83.0754 7.33233 0.332922 1.46778 0.000341294 -0.00146901 -0.00305811
83.096 7.33084 0.33273 1.46811 0.000167725 -0.00113322 -0.00307067
83.1167 7.32939 0.332538 1.46842 0.000113918 -0.00120857 -0.0030866
83.1367 7.32799 0.332344 1.46871 0.000225949 -0.00126383 -0.00310499
83.1589 7.32662 0.33215 1.46898 0.000508831 -0.00121183 -0.00311927
83.177 7.32531 0.331952 1.46923 0.000988073 -0.0011771 -0.0031368
83.1969 7.32403 0.33175 1.46946 0.00165335 -0.00116462 -0.00315874
83.2191 7.32279 0.331541 1.46966 0.00248643 -0.00109381 -0.00317758
83.2377 7.3216 0.331323 1.46984 0.00342439 -0.00100484 -0.00319968
83.2598 7.32044 0.33109 1.47 0.00448672 -0.00106289 -0.00322473
83.2789 7.31933 0.33084 1.47015 0.0056572 -0.000793045 -0.00324681
83.2985 7.31825 0.330568 1.47029 0.00694574 -0.00081319 -0.00326871
83.3204 7.31721 0.330269 1.47041 0.00827273 -0.00076985 -0.00329216
83.3405 7.3162 0.329939 1.47052 0.00964462 -0.000662798 -0.00331635
83.3606 7.31522 0.329571 1.47062 0.0110399 -0.000631106 -0.00333932
83.3796 7.31429 0.329161 1.47071 0.0124459 -0.000478763 -0.00336143
83.4015 7.31339 0.328704 1.47078 0.0138394 -0.000395265 -0.00338326
83.4215 7.31252 0.328194 1.47084 0.0152468 -0.000350122 -0.00340504
83.4405 7.3117 0.327626 1.4709 0.0166663 -0.000205607 -0.00342415
83.4644 7.3109 0.326994 1.47095 0.0180741 -0.000177785 -0.00344548
83.4815 7.31015 0.326293 1.47099 0.0194419 -0.000114293 -0.00346595
83.5013 7.30943 0.325519 1.47102 0.0207481 7.7415e-05 -0.00348339
83.5224 7.30874 0.324666 1.47105 0.022136 1.88537e-05 -0.003505
83.5413 7.30809 0.323729 1.47108 0.023518 9.81051e-05 -0.00352128
83.5626 7.30746 0.322702 1.4711 0.0248901 0.000210735 -0.00353609
83.5816 7.30688 0.321579 1.47112 0.0265236 0.00106293 -0.00353458
83.6019 7.30624 0.32035 1.47117 0.0291639 0.000694754 -0.00355834
83.6251 7.30556 0.318987 1.47133 0.0351595 0.000293017 -0.00356865
83.6437 7.30485 0.317471 1.47159 0.0436069 0.000606028 -0.00354976
83.665 7.30412 0.315782 1.47193 0.0526131 0.00121009 -0.00351361
83.6844 7.30336 0.313892 1.47232 0.0610652 0.000993857 -0.00352048
83.7049 7.30259 0.311773 1.47273 0.0685107 0.00111255 -0.00351093
83.7256 7.30181 0.309399 1.47315 0.074659 0.00140291 -0.0034904
83.7453 7.30101 0.306749 1.47354 0.0793716 0.00130871 -0.00349937
83.7661 7.30021 0.303807 1.47391 0.0826087 0.0013073 -0.00350148
83.786 7.2994 0.300561 1.47425 0.0844505 0.00141761 -0.00349145
83.8062 7.29858 0.297004 1.47456 0.0850131 0.00137608 -0.0034969
83.8273 7.29776 0.293136 1.47482 0.0844392 0.0012451 -0.00350968
83.8465 7.29694 0.288958 1.47505 0.0828156 0.00126256 -0.0035105
83.8686 7.29612 0.284477 1.47524 0.0803447 0.00128368 -0.0035103
83.8866 7.2953 0.279702 1.47539 0.0772152 0.00118251 -0.00352
83.9064 7.29449 0.274645 1.47551 0.0735949 0.00115338 -0.00352516
83.9346 7.29368 0.269321 1.47559 0.0696333 0.00099837 -0.00354107
83.9494 7.29288 0.263745 1.47564 0.0654302 0.000970316 -0.00354984
83.9717 7.29209 0.257934 1.47566 0.0610749 0.000998701 -0.00355505
83.9894 7.2913 0.251904 1.47566 0.0566303 0.000900082 -0.00356713
84.0098 7.29053 0.245674 1.47562 0.0521972 0.000842356 -0.00357991
84.0296 7.28977 0.23926 1.47556 0.0478126 0.000778767 -0.0035939
84.0497 7.28903 0.232681 1.47548 0.0435254 0.000720241 -0.00360871
84.0728 7.28831 0.225953 1.47538 0.039319 0.00066073 -0.00362413
84.0905 7.2876 0.219094 1.47525 0.0352202 0.000608382 -0.00363827
84.1105 7.28691 0.212118 1.47509 0.0312847 0.000479785 -0.0036588
84.133 7.28625 0.205043 1.47492 0.027506 0.000482002 -0.00367693
84.154 7.2856 0.197883 1.47473 0.0238339 0.000468192 -0.00369237
84.174 7.28498 0.190652 1.47452 0.0202364 0.000343076 -0.00371092
84.1922 7.28439 0.183366 1.47429 0.0166945 0.00033737 -0.00372972
84.2162 7.28383 0.176038 1.47405 0.0131984 0.000369502 -0.0037473
84.2359 7.2833 0.168682 1.47379 0.00977933 0.000327436 -0.00376377
84.2552 7.2828 0.161311 1.47353 0.00647447 0.000268631 -0.00378001
84.2749 7.28234 0.153938 1.47326 0.00324002 0.000237429 -0.00379675
84.2951 7.28191 0.146577 1.47298 2.96615e-05 0.000265169 -0.00381634
84.3143 7.28151 0.139238 1.47269 -0.0031829 0.000233655 -0.0038367
84.3358 7.28116 0.131937 1.4724 -0.00637565 0.000253827 -0.00385758
84.3556 7.28084 0.124683 1.47211 -0.00953794 0.000107497 -0.00387238
84.3791 7.28057 0.11749 1.47181 -0.0127179 0.000161881 -0.00389033
84.3959 7.28035 0.110371 1.47151 -0.0159483 0.0002055 -0.003905
84.4191 7.28017 0.103337 1.47121 -0.0191876 0.000107045 -0.00391554
84.4385 7.28003 0.0964009 1.4709 -0.0224251 8.03009e-05 -0.00392765
84.4566 7.27995 0.0895749 1.4706 -0.0256614 0.00017602 -0.00394075
84.4777 7.27992 0.0828716 1.47028 -0.028942 0.000157387 -0.00394705
84.4975 7.27994 0.0763034 1.46997 -0.0322578 0.000222967 -0.00395392
84.5172 7.28001 0.0698825 1.46965 -0.0355682 0.000157451 -0.00395784
84.5416 7.28014 0.063621 1.46932 -0.0388053 6.42045e-05 -0.00395779
84.5603 7.28033 0.0575314 1.469 -0.0420084 0.000299935 -0.00396858
84.5801 7.28057 0.0516252 1.46867 -0.0450677 0.000144563 -0.00396098
84.5996 7.28086 0.0459121 1.46834 -0.047724 0.00028275 -0.00396676
84.621 7.28119 0.0404005 1.46802 -0.0497128 0.000263047 -0.00396599
84.6397 7.28156 0.0350941 1.46769 -0.0505389 0.000124215 -0.0039618
84.66 7.28196 0.0299961 1.46735 -0.0503146 0.000218343 -0.0039736
84.6817 7.28239 0.0251071 1.467 -0.0494673 0.000252917 -0.00398361
84.701 7.28285 0.0204239 1.46664 -0.048173 0.000244223 -0.00398432
84.7204 7.28334 0.0159415 1.46626 -0.0465575 0.000222742 -0.00398197
84.7451 7.28386 0.0116534 1.46585 -0.0447363 0.000334517 -0.00398538
84.7664 7.2844 0.00755277 1.46544 -0.0428529 0.000465231 -0.00398425
84.781 7.28496 0.00363186 1.465 -0.0409089 0.000347667 -0.00397081
84.8009 7.28554 -0.000116917 1.46455 -0.0389804 0.000445587 -0.00396142
84.8209 7.28615 -0.00370139 1.46409 -0.0371127 0.000550915 -0.00395011
84.8426 7.28676 -0.00712922 1.46362 -0.0353293 0.000476408 -0.00392508
84.8611 7.28739 -0.0104078 1.46314 -0.0336195 0.000535953 -0.00390216
84.8841 7.28802 -0.0135441 1.46265 -0.0320024 0.000505145 -0.0038723
84.9034 7.28868 -0.0165449 1.46216 -0.0304789 0.000606195 -0.00384211
84.922 7.28933 -0.0194164 1.46166 -0.0290597 0.000602689 -0.00380954
84.9473 7.28999 -0.0221645 1.46116 -0.0277391 0.000506287 -0.00377038
84.9654 7.29066 -0.0247949 1.46066 -0.0265068 0.000561569 -0.00373326
84.9855 7.29133 -0.0273129 1.46015 -0.025332 0.000687448 -0.00369377
85.0084 7.292 -0.0297232 1.45965 -0.0242464 0.000624942 -0.0036476
85.0272 7.29266 -0.0320307 1.45914 -0.0231961 0.000617265 -0.00360174
85.0495 7.29333 -0.0342396 1.45864 -0.0222166 0.000609986 -0.00355397
85.0705 7.29399 -0.0363536 1.45815 -0.0213635 0.000600183 -0.00350501
85.0899 7.29464 -0.0383762 1.45765 -0.0206612 0.000609678 -0.00345306
85.1083 7.2953 -0.0403103 1.45717 -0.020136 0.000567281 -0.00340203
85.1287 7.29595 -0.0421581 1.4567 -0.0197776 0.000572528 -0.00334817
85.1515 7.29659 -0.0439214 1.45625 -0.019556 0.000579578 -0.00329512
85.1705 7.29724 -0.0456013 1.45582 -0.0194552 0.000547575 -0.0032409
85.1889 7.29788 -0.0471986 1.45541 -0.0194588 0.000536603 -0.00318539
85.2104 7.29851 -0.0487135 1.45502 -0.019558 0.000774449 -0.00314507
85.2294 7.29912 -0.0501466 1.45466 -0.0195686 0.000500567 -0.00311831
85.2504 7.29971 -0.051498 1.45435 -0.0194804 0.000478726 -0.00310308
85.2701 7.30029 -0.052768 1.45409 -0.0193861 0.000559002 -0.0030932
85.2928 7.30084 -0.0539572 1.45386 -0.0192851 0.000577379 -0.0030829
85.31 7.30137 -0.0550664 1.45366 -0.0191744 0.000562741 -0.00307413
85.3295 7.30189 -0.0560964 1.45349 -0.0190596 0.000554866 -0.00306759
85.3499 7.30239 -0.0570479 1.45335 -0.0189333 0.000555951 -0.00306204
85.3742 7.30286 -0.0579219 1.45323 -0.0187899 0.000555196 -0.00305622
85.3913 7.30332 -0.0587191 1.45314 -0.0186322 0.000538424 -0.00305178
85.4113 7.30376 -0.0594404 1.45307 -0.01846 0.000516863 -0.00305171
85.4332 7.30419 -0.0600866 1.45302 -0.0182827 0.00048424 -0.00305306
85.4536 7.30459 -0.0606589 1.45298 -0.0180949 0.000455217 -0.00305783
85.473 7.30497 -0.061158 1.45297 -0.0179134 0.000430978 -0.00305856
85.4945 7.30534 -0.0615849 1.45299 -0.0177439 0.000376959 -0.00305584
85.5141 7.30568 -0.0619404 1.45302 -0.0175837 0.000348345 -0.00305257
85.5349 7.30601 -0.0622254 1.45308 -0.0174327 0.000338521 -0.00304832
85.5587 7.30632 -0.0624407 1.45317 -0.017286 0.000314179 -0.00304669
85.5765 7.30661 -0.0625871 1.45328 -0.0171375 0.000292354 -0.00304725
85.5969 7.30688 -0.0626657 1.45341 -0.0169772 0.000271229 -0.00304603
85.616 7.30713 -0.0626771 1.45357 -0.0168094 0.000231936 -0.00304696
85.6362 7.30736 -0.0626222 1.45374 -0.0166357 0.000203899 -0.0030485
85.6571 7.30757 -0.0625021 1.45394 -0.0164463 0.000185569 -0.0030518
85.6781 7.30776 -0.0623176 1.45417 -0.0162397 0.000150243 -0.00305422
85.6987 7.30793 -0.0620698 1.45441 -0.0160103 0.000113816 -0.00305396
85.7172 7.30809 -0.06176 1.45468 -0.0157517 7.86708e-05 -0.00305245
85.7385 7.30822 -0.0613893 1.45497 -0.0154621 5.63838e-05 -0.00305048
85.758 7.30834 -0.0609592 1.45528 -0.0151403 4.83676e-05 -0.00304833
85.7775 7.30843 -0.0604709 1.45561 -0.0147855 4.79305e-05 -0.0030472
85.7973 7.30851 -0.0599263 1.45596 -0.0143952 6.11433e-05 -0.00304605
85.8204 7.30856 -0.0593269 1.45633 -0.0139656 7.56401e-05 -0.00304888
85.8386 7.3086 -0.0586747 1.45672 -0.0134909 8.04716e-05 -0.00304954
85.8587 7.30861 -0.0579718 1.45713 -0.0129712 1.06438e-05 -0.00304755
85.8789 7.30862 -0.0572202 1.45756 -0.0124299 5.30755e-05 -0.00304668
85.9001 7.30861 -0.0564223 1.45801 -0.0118573 0.000155613 -0.00304957
85.9194 7.30859 -0.0555805 1.45848 -0.0112687 -2.60051e-06 -0.00304851
85.9393 7.30855 -0.054697 1.45896 -0.0106792 2.44957e-05 -0.0030489
85.9599 7.3085 -0.0537745 1.45946 -0.0100898 5.38843e-05 -0.00304918
85.9797 7.30844 -0.0528154 1.45996 -0.00950434 3.79785e-05 -0.00304715
86.0025 7.30838 -0.0518221 1.46047 -0.00893575 -2.80743e-06 -0.0030459
86.0204 7.30829 -0.0507969 1.46097 -0.00838236 -4.19531e-05 -0.00304436
86.0407 7.3082 -0.0497421 1.46147 -0.00783565 -6.36911e-05 -0.0030486
86.062 7.3081 -0.04866 1.46197 -0.00728542 -8.0431e-05 -0.0030509
86.0819 7.30798 -0.047553 1.46247 -0.00673934 -9.3054e-05 -0.00304907
86.105 7.30786 -0.0464231 1.46296 -0.00620786 -0.000101377 -0.00305083
86.1234 7.30772 -0.0452724 1.46345 -0.00569475 -0.000132096 -0.00305208
86.1429 7.30757 -0.044103 1.46393 -0.00520743 -0.000130938 -0.00305263
86.1649 7.30741 -0.0429169 1.46441 -0.00474383 -0.000111213 -0.00305267
86.1873 7.30723 -0.041716 1.46487 -0.0043024 -0.000137355 -0.00305102
86.2086 7.30705 -0.040502 1.46533 -0.00387681 -0.000157842 -0.00305168
86.2282 7.30685 -0.0392766 1.46578 -0.003469 -0.000143484 -0.00305117
86.2484 7.30665 -0.0380416 1.46622 -0.00307856 -0.000138491 -0.0030493
86.2714 7.30643 -0.0367983 1.46665 -0.00271222 -0.000140152 -0.00304663
86.2896 7.3062 -0.0355483 1.46706 -0.00237505 -0.000149365 -0.0030434
86.3094 7.30596 -0.0342929 1.46746 -0.00206773 -0.000171173 -0.00304193
86.4787 7.3057 -0.0330336 1.46785 -0.00172292 -0.000308231 -0.00304
86.4955 7.30546 -0.0317745 1.46821 -0.000913309 -0.000177205 -0.00303784
86.5178 7.30522 -0.030519 1.46854 0.000401784 -0.000179664 -0.00303613
86.5379 7.30499 -0.0292709 1.46883 0.00197854 -0.000209007 -0.00303455
86.5579 7.30475 -0.0280348 1.46908 0.00360801 -0.00027846 -0.00303323
86.5764 7.30453 -0.0268165 1.46929 0.00517649 -0.000349038 -0.00303166
86.5962 7.3043 -0.0256216 1.46945 0.00662668 -0.000357864 -0.00302925
86.6201 7.30408 -0.0244554 1.46958 0.00792565 -0.00041142 -0.00302692
86.6381 7.30386 -0.0233227 1.46966 0.00904352 -0.000430663 -0.00302608
86.6603 7.30364 -0.0222276 1.4697 0.00996805 -0.000422847 -0.00302331
86.6793 7.30343 -0.0211736 1.46971 0.0107051 -0.000447275 -0.00301986
86.699 7.30322 -0.0201637 1.46968 0.0112754 -0.00042283 -0.00301498
86.7208 7.30302 -0.0191999 1.46962 0.0116978 -0.000403788 -0.00301037
86.739 7.30281 -0.018284 1.46953 0.0119856 -0.000407347 -0.00300595
86.7598 7.30261 -0.0174169 1.46942 0.012167 -0.000376814 -0.00300243
86.7793 7.30241 -0.0165995 1.46928 0.0122715 -0.000354725 -0.00299715
86.7998 7.30222 -0.0158323 1.46912 0.0123271 -0.000257447 -0.00299039
86.8213 7.30202 -0.0151152 1.46893 0.0123437 -0.000370209 -0.00298689
86.8419 7.30183 -0.0144484 1.46872 0.0123549 -0.000308956 -0.00298233
86.8627 7.30164 -0.0138321 1.46849 0.0123943 -0.000244463 -0.00297813
86.8803 7.30145 -0.0132661 1.46824 0.01244 -0.000240185 -0.00297554
86.9001 7.30126 -0.0127502 1.46797 0.0124736 -0.000233273 -0.00297202
86.9227 7.30108 -0.0122845 1.46767 0.0124922 -0.000202191 -0.00297307
86.9409 7.30091 -0.011869 1.46736 0.0125017 -0.000198714 -0.00296981
86.9625 7.30073 -0.0115033 1.46703 0.0124874 -0.000229419 -0.00296581
86.9802 7.30056 -0.0111874 1.4667 0.0124378 -0.000260123 -0.00296197
87.0019 7.3004 -0.0109209 1.46635 0.0123595 -0.000244082 -0.00296097
87.0237 7.30023 -0.0107035 1.466 0.0122643 -0.000224309 -0.0029578
87.0427 7.30007 -0.0105346 1.46565 0.0121442 -0.000231111 -0.00295471
87.0637 7.29992 -0.0104137 1.4653 0.0120056 -0.000246976 -0.00295204
87.0843 7.29977 -0.0103402 1.46495 0.0118624 -0.000250636 -0.00294942
87.1036 7.29962 -0.0103133 1.4646 0.0117161 -0.000234199 -0.00294907
87.1261 7.29947 -0.0103324 1.46426 0.0115623 -0.00020154 -0.00295005
87.1454 7.29933 -0.0103967 1.46393 0.0114073 -0.000173714 -0.00294714
87.1661 7.29919 -0.0105055 1.4636 0.0112407 -0.000163419 -0.00294693
87.1852 7.29906 -0.0106581 1.46329 0.0110638 -0.000152407 -0.00294629
87.2048 7.29893 -0.0108534 1.46299 0.0108679 -0.00015844 -0.00294441
87.2266 7.2988 -0.0110907 1.4627 0.0106555 -0.000168753 -0.00294231
87.2456 7.29868 -0.011369 1.46242 0.010437 -0.000170404 -0.0029422
87.2669 7.29856 -0.0116873 1.46216 0.0102096 -0.000172128 -0.0029439
87.286 7.29844 -0.0120447 1.4619 0.00998433 -0.000146166 -0.00294474
87.3057 7.29833 -0.0124401 1.46166 0.00975203 -0.000115948 -0.00294425
87.3263 7.29822 -0.0128725 1.46144 0.00950429 -9.34037e-05 -0.00294421
87.3483 7.29812 -0.0133407 1.46123 0.0092563 -6.58918e-05 -0.00294381
87.3697 7.29801 -0.0138438 1.46102 0.00902754 -5.63587e-05 -0.00294469
87.3886 7.29792 -0.0143808 1.46082 0.00881918 -5.09032e-05 -0.00294635
87.4089 7.29783 -0.0149508 1.46064 0.00862648 -3.68282e-05 -0.00294722
87.4292 7.29774 -0.015553 1.46046 0.00845212 -2.29417e-05 -0.00294796
87.4492 7.29765 -0.0161863 1.46029 0.00828831 1.07667e-05 -0.00294971
87.4715 7.29757 -0.0168502 1.46013 0.00812863 2.44498e-05 -0.00295107
87.4891 7.2975 -0.0175438 1.45998 0.00794824 2.68929e-05 -0.00295172
87.5091 7.29743 -0.0182661 1.45984 0.00774955 5.94373e-05 -0.00295085
87.5327 7.29736 -0.0190163 1.45971 0.00750183 0.000139609 -0.00294947
87.5496 7.29728 -0.0197911 1.45959 0.00685956 6.39631e-05 -0.00294926
87.5705 7.29721 -0.020588 1.4595 0.00582928 -1.13511e-05 -0.00294837
87.5893 7.29714 -0.0214042 1.45944 0.00462907 0.000137875 -0.00294685
87.6103 7.29707 -0.0222358 1.45939 0.00342893 1.99565e-05 -0.0029472
87.6314 7.297 -0.0230784 1.45937 0.00225916 3.16752e-05 -0.00294754
87.6497 7.29694 -0.0239274 1.45936 0.00114877 0.00017125 -0.00294824
87.6728 7.29688 -0.0247788 1.45936 0.000166065 8.06089e-05 -0.00294969
87.6914 7.29682 -0.0256288 1.45937 -0.000680105 0.000123697 -0.00295053
87.7107 7.29677 -0.0264742 1.45939 -0.00139348 0.000235811 -0.00295079
87.7332 7.29671 -0.0273122 1.45942 -0.00196505 0.000107224 -0.0029524
87.7518 7.29666 -0.0281406 1.45946 -0.00240046 0.000108114 -0.00295254
87.7724 7.29661 -0.0289575 1.4595 -0.00272771 0.000226718 -0.00295332
87.7915 7.29656 -0.0297617 1.45955 -0.00296139 9.35863e-05 -0.00295357
87.8116 7.29652 -0.0305521 1.45961 -0.00310082 5.62162e-05 -0.00295615
87.8337 7.29648 -0.0313282 1.45968 -0.00319333 0.000113557 -0.00295698
87.8527 7.29645 -0.0320892 1.45975 -0.00327494 0.000193835 -0.00295678
87.8741 7.29642 -0.0328351 1.45983 -0.00333773 5.64448e-05 -0.0029559
87.8918 7.29638 -0.0335656 1.45991 -0.00339315 3.58075e-05 -0.00295725
87.913 7.29636 -0.0342804 1.46001 -0.00344562 0.000181876 -0.00296059
87.9328 7.29633 -0.0349794 1.46011 -0.00348913 6.78141e-05 -0.00295992
87.9548 7.29631 -0.0356624 1.46022 -0.00353831 7.42838e-05 -0.00295999
87.9755 7.29629 -0.0363294 1.46034 -0.00359519 0.000242022 -0.00296124
87.9949 7.29627 -0.03698 1.46047 -0.00365573 0.000120527 -0.00296231
88.0165 7.29625 -0.0376141 1.46061 -0.00373464 0.000217659 -0.00296276
88.0391 7.29624 -0.0382315 1.46075 -0.00381686 0.000153186 -0.00296067
88.0591 7.29623 -0.0388319 1.4609 -0.00390672 0.000224425 -0.00296046
88.0807 7.29621 -0.0394149 1.46105 -0.0040073 0.00025481 -0.00295778
88.0997 7.2962 -0.0399804 1.46121 -0.00411079 0.000114661 -0.00295508
88.1195 7.29619 -0.0405278 1.46137 -0.00422725 0.000219432 -0.00295448
88.1396 7.29618 -0.0410569 1.46153 -0.00434644 8.4e-05 -0.00295272
88.161 7.29618 -0.0415672 1.4617 -0.00447447 0.00020862 -0.00295324
88.1799 7.29617 -0.0420583 1.46186 -0.00460967 0.000121222 -0.00295308
88.2009 7.29617 -0.0425297 1.46203 -0.00474168 0.000229844 -0.00295228
88.2205 7.29616 -0.0429812 1.46219 -0.00486334 8.38773e-05 -0.00295184
88.2404 7.29616 -0.0434121 1.46235 -0.00498441 0.000170725 -0.00295285
88.2598 7.29616 -0.0438223 1.4625 -0.00509592 7.4429e-05 -0.00295098
88.2824 7.29616 -0.0442112 1.46265 -0.00520167 2.30179e-05 -0.00295033
88.3008 7.29616 -0.0445785 1.46279 -0.00530488 0.000128617 -0.00294902
88.3217 7.29615 -0.044924 1.46293 -0.00539535 -1.7115e-05 -0.00294666
88.3426 7.29616 -0.0452473 1.46306 -0.00548559 9.09839e-05 -0.00294513
88.3634 7.29616 -0.0455481 1.46319 -0.0055674 6.53707e-05 -0.00294207
88.384 7.29615 -0.0458261 1.46332 -0.0056452 1.58658e-05 -0.0029403
88.403 7.29615 -0.0460812 1.46344 -0.00571254 4.11402e-05 -0.00293882
88.4231 7.29614 -0.0463132 1.46356 -0.00577793 -9.43188e-05 -0.00293579
88.4452 7.29615 -0.0465218 1.46367 -0.00584124 2.15289e-05 -0.00293524
88.4646 7.29614 -0.0467069 1.46379 -0.00589535 1.82668e-05 -0.0029333
88.4857 7.29613 -0.0468685 1.4639 -0.00593572 -0.000129796 -0.00293143
88.5055 7.29613 -0.0470064 1.46401 -0.00595628 1.89689e-07 -0.00293008
88.5254 7.29612 -0.0471205 1.46412 -0.00599105 -1.6401e-05 -0.002927
88.5506 7.29611 -0.0472106 1.46423 -0.00603332 -1.70384e-05 -0.00292446
88.5701 7.2961 -0.0472769 1.46434 -0.00607776 3.19436e-05 -0.00292338
88.5909 7.29608 -0.0473191 1.46445 -0.0061163 -1.04813e-05 -0.00291688
88.6086 7.29606 -0.0473373 1.46457 -0.00614687 -0.000109724 -0.00291133
88.6286 7.29605 -0.0473313 1.46469 -0.00616829 2.51745e-05 -0.0029092
88.6499 7.29603 -0.0473012 1.46482 -0.00619299 -0.000108291 -0.00290415
88.6694 7.29601 -0.0472469 1.46495 -0.00621549 -3.04186e-05 -0.00290126
88.6903 7.29599 -0.0471683 1.46509 -0.00624005 -4.96669e-05 -0.00289984
88.7093 7.29597 -0.0470656 1.46523 -0.00625806 -0.000174657 -0.00289694
88.7298 7.29595 -0.0469387 1.46538 -0.00626716 -3.872e-05 -0.0028951
88.7528 7.29592 -0.0467877 1.46553 -0.00626907 -0.000166137 -0.00289017
88.7713 7.2959 -0.0466129 1.46568 -0.00624797 -0.000113803 -0.00288772
88.7911 7.29587 -0.0464141 1.46583 -0.00622539 -0.000190424 -0.00288385
88.8111 7.29585 -0.0461914 1.46598 -0.00622887 -0.000209649 -0.00287948
88.8302 7.29582 -0.045945 1.46613 -0.00624616 -8.11107e-05 -0.00287657
88.8504 7.29579 -0.0456747 1.46628 -0.00629057 -0.000199539 -0.00287248
88.8705 7.29577 -0.0453802 1.46643 -0.00642188 -6.9591e-05 -0.00286993
88.8925 7.29574 -0.045061 1.46658 -0.00661818 -0.000159207 -0.00286644
88.9107 7.29572 -0.0447168 1.46673 -0.00684287 -0.000148815 -0.00286285
88.9306 7.29569 -0.0443469 1.46688 -0.00706597 -1.65483e-06 -0.00285982
88.9532 7.29567 -0.0439507 1.46702 -0.00727064 -0.00010611 -0.00285457
88.9716 7.29565 -0.0435275 1.46716 -0.00743962 2.75721e-05 -0.00285231
88.9922 7.29562 -0.0430768 1.46728 -0.00757435 -6.29558e-05 -0.00284808
89.0121 7.2956 -0.0425982 1.46741 -0.00766018 -4.76045e-05 -0.00284452
89.0325 7.29559 -0.0420915 1.46752 -0.00770744 -5.53777e-06 -0.00284177
89.0548 7.29557 -0.0415565 1.46764 -0.00769701 -3.49458e-05 -0.00283967
89.0731 7.29556 -0.0409935 1.46774 -0.00764269 9.87549e-05 -0.00283778
89.0935 7.29554 -0.0404027 1.46784 -0.00753807 -1.03155e-05 -0.00283357
89.1133 7.29553 -0.0397846 1.46794 -0.0074044 0.000111565 -0.00283141
89.1332 7.29552 -0.0391396 1.46804 -0.00724586 3.82358e-05 -0.00282783
89.1548 7.29552 -0.0384684 1.46814 -0.00707026 8.63947e-05 -0.00282467
89.1736 7.29551 -0.0377718 1.46824 -0.00688254 1.9541e-05 -0.00282171
89.1954 7.2955 -0.0370505 1.46834 -0.00669104 5.7665e-06 -0.0028185
89.2146 7.2955 -0.0363053 1.46845 -0.0065004 0.000123991 -0.00281572
89.2352 7.29549 -0.0355371 1.46855 -0.00631449 6.38856e-07 -0.00281221
89.2549 7.29549 -0.0347467 1.46865 -0.00612402 4.17519e-05 -0.00280974
89.2753 7.2955 -0.0339348 1.46876 -0.00594118 0.000145553 -0.00280743
89.2971 7.2955 -0.0331024 1.46885 -0.00575657 -1.04538e-05 -0.00280275
89.3148 7.2955 -0.0322501 1.46895 -0.00557198 1.69206e-05 -0.00279906
89.3359 7.29552 -0.0313787 1.46904 -0.00540104 0.00011967 -0.00279698
89.3579 7.29552 -0.030489 1.46913 -0.00523359 -1.61283e-05 -0.00279409
89.3774 7.29554 -0.0295817 1.46921 -0.00506963 -4.60644e-06 -0.00278984
89.397 7.29555 -0.0286575 1.46929 -0.00491174 0.000134374 -0.00278564
89.4192 7.29557 -0.0277171 1.46937 -0.00475425 4.93805e-06 -0.00277983
89.4363 7.29559 -0.0267611 1.46944 -0.00459569 5.3697e-05 -0.00277509
89.4577 7.29561 -0.0257902 1.46951 -0.00444395 0.000212814 -0.00277417
89.4773 7.29563 -0.024805 1.46958 -0.004296 8.32505e-05 -0.00276995
89.4982 7.29565 -0.0238062 1.46964 -0.00415359 0.00011494 -0.00276767
89.5175 7.29568 -0.0227944 1.4697 -0.00400756 0.000137924 -0.00276737
89.5378 7.29571 -0.0217702 1.46975 -0.00386376 9.39082e-05 -0.00276633
89.5587 7.29575 -0.0207341 1.46979 -0.00372702 0.000211855 -0.00276721
89.5787 7.29578 -0.0196869 1.46983 -0.00359555 0.000115493 -0.00276552
89.6028 7.29581 -0.0186289 1.46987 -0.00346981 7.44136e-05 -0.00276258
89.6199 7.29585 -0.0175607 1.4699 -0.00335876 0.000178437 -0.0027602
89.6397 7.29589 -0.0164827 1.46993 -0.00325942 3.93372e-05 -0.00275923
89.6602 7.29593 -0.0153954 1.46996 -0.00316384 0.000145886 -0.00275769
89.6801 7.29597 -0.0142992 1.46998 -0.00306544 2.78621e-05 -0.00275601
89.7003 7.29602 -0.0131946 1.47001 -0.00297106 0.000142159 -0.0027553
89.7209 7.29606 -0.0120819 1.47003 -0.00288191 3.37665e-05 -0.0027533
89.7405 7.29611 -0.0109616 1.47006 -0.00279515 0.000116693 -0.00275306
89.7614 7.29615 -0.00983384 1.47007 -0.00270735 3.57087e-05 -0.00275201
89.7808 7.2962 -0.00869918 1.47009 -0.00262076 6.07657e-06 -0.00275073
89.8063 7.29625 -0.00755802 1.47011 -0.00252193 7.97776e-05 -0.0027494
89.8228 7.2963 -0.00641073 1.47012 -0.00241194 -6.14898e-05 -0.00274664
89.8426 7.29635 -0.00525773 1.47013 -0.00230126 9.59341e-05 -0.00274549
89.8654 7.2964 -0.00409935 1.47014 -0.00220414 4.90719e-05 -0.00274451
89.8859 7.29646 -0.00293512 1.47015 -0.00227046 0.000111977 -0.00274261
89.9068 7.29651 -0.00176439 1.47016 -0.00255928 4.87712e-05 -0.0027399
89.9259 7.29657 -0.000586632 1.47017 -0.0029784 0.000126399 -0.00273676
89.9482 7.29662 0.00059928 1.47017 -0.00343709 5.38462e-05 -0.00273423
89.9686 7.29668 0.00179478 1.47017 -0.00388627 0.000124241 -0.0027323
89.9871 7.29674 0.00300148 1.47016 -0.00430602 0.000136095 -0.00272828
90.0119 7.29679 0.00422081 1.47015 -0.00466684 9.03485e-06 -0.00272272
90.0288 7.29685 0.00545407 1.47013 -0.00495633 0.000143608 -0.00272362
90.0488 7.29691 0.00670231 1.4701 -0.00517243 2.8191e-05 -0.00272313
90.0718 7.29697 0.00796633 1.47007 -0.00531738 0.000135485 -0.00272392
90.0906 7.29703 0.00924662 1.47003 -0.00538726 7.3776e-06 -0.00272255
90.1117 7.29709 0.0105435 1.46998 -0.0053939 0.000105302 -0.00272432
90.1298 7.29715 0.0118569 1.46992 -0.00535221 2.54241e-05 -0.00272247
90.1499 7.29721 0.0131868 1.46986 -0.00527643 -1.03269e-05 -0.0027205
90.1708 7.29728 0.0145329 1.46979 -0.0051673 0.000115196 -0.00271773
90.1903 7.29734 0.0158945 1.46971 -0.00502434 -1.53948e-05 -0.00271431
90.2132 7.2974 0.0172713 1.46963 -0.00485734 7.23159e-05 -0.00271493
90.2305 7.29747 0.0186626 1.46954 -0.00468155 0.000112912 -0.00271575
90.2506 7.29753 0.0200676 1.46945 -0.0044823 1.45242e-06 -0.00271379
90.2706 7.29759 0.0214855 1.46936 -0.00427663 0.000161341 -0.0027148
90.2971 7.29766 0.0229157 1.46927 -0.0040796 8.32561e-05 -0.00271315
90.3122 7.29773 0.0243572 1.46919 -0.00389448 0.000174237 -0.00271373
90.3313 7.29779 0.0258093 1.46909 -0.00371285 9.5331e-05 -0.00271257
90.3518 7.29786 0.0272714 1.469 -0.00353991 6.9419e-05 -0.00271119
90.3739 7.29793 0.0287426 1.4689 -0.00338502 0.000183967 -0.00270895
90.3917 7.298 0.0302224 1.46881 -0.00323439 4.82756e-05 -0.00270533
90.4164 7.29807 0.03171 1.46871 -0.00307906 0.000177417 -0.00270239
90.4341 7.29814 0.0332049 1.46861 -0.00292815 7.63992e-05 -0.00269954
90.4539 7.29821 0.0347064 1.46851 -0.00277767 5.51344e-05 -0.00269825
90.478 7.29828 0.0362141 1.46841 -0.00265275 0.000170341 -0.00269609
90.4945 7.29835 0.0377274 1.46831 -0.0025493 2.93702e-05 -0.00269233
90.515 7.29843 0.0392459 1.46822 -0.00245756 0.000155701 -0.00269241
90.5366 7.2985 0.0407691 1.46812 -0.0023542 8.85145e-05 -0.00268937
90.5565 7.29858 0.0422966 1.46802 -0.00225966 0.00017297 -0.00268627
90.5768 7.29865 0.0438281 1.46794 -0.00217942 8.74353e-05 -0.002685
90.5959 7.29873 0.0453633 1.46785 -0.00211613 0.000179602 -0.00268249
90.6223 7.2988 0.046902 1.46777 -0.00206828 8.40342e-05 -0.00268042
90.6375 7.29889 0.0484437 1.4677 -0.00201782 0.000172625 -0.00267658
90.6567 7.29896 0.0499884 1.46763 -0.00196548 8.78171e-05 -0.00267556
90.6832 7.29904 0.0515356 1.46756 -0.00189365 6.03547e-05 -0.00267264
90.7017 7.29913 0.0530854 1.46749 -0.00183152 0.000204684 -0.00266774
90.7217 7.29921 0.0546373 1.46742 -0.00176774 8.70128e-05 -0.00266211
90.7424 7.29929 0.0561911 1.46735 -0.00170641 0.000203407 -0.00265637
90.7624 7.29937 0.0577466 1.46728 -0.00164481 8.05094e-05 -0.0026541
90.7827 7.29945 0.0593035 1.46721 -0.00157757 0.000145141 -0.00265057
90.8037 7.29953 0.0608615 1.46714 -0.00150489 8.7566e-05 -0.00264647
90.8228 7.29962 0.0624205 1.46707 -0.00145808 0.000155225 -0.00264262
90.8429 7.29971 0.0639805 1.467 -0.0014517 0.000178353 -0.00264169
90.8626 7.29979 0.0655411 1.46693 -0.00143896 7.36517e-05 -0.00263893
90.8846 7.29988 0.0671023 1.46685 -0.00143749 0.000204487 -0.00263713
90.905 7.29996 0.0686654 1.46678 -0.00163543 6.46842e-05 -0.0026329
90.9244 7.30005 0.070232 1.46671 -0.0022026 0.00016973 -0.00262972
90.945 7.30013 0.0718037 1.46665 -0.00299752 0.000109956 -0.0026267
90.965 7.30022 0.0733824 1.46658 -0.00385479 7.81933e-05 -0.00262543
90.9861 7.30031 0.0749712 1.46651 -0.00469484 0.000237176 -0.00262306
91.006 7.3004 0.0765729 1.46644 -0.00548964 0.000135529 -0.00262127
91.027 7.30049 0.0781906 1.46636 -0.00619066 0.000223302 -0.00262266
91.0455 7.30058 0.0798265 1.46628 -0.00676181 0.000128831 -0.00262165
91.0658 7.30068 0.0814829 1.4662 -0.00721796 0.000229241 -0.00261926
91.0875 7.30077 0.0831616 1.46612 -0.00756278 0.000103368 -0.0026171
91.1062 7.30087 0.084864 1.46605 -0.00782079 0.000218136 -0.00261696
91.1268 7.30097 0.0865911 1.46597 -0.00800063 0.000109879 -0.00261396
91.1467 7.30107 0.0883435 1.4659 -0.00808536 0.000214444 -0.0026139
91.1671 7.30117 0.0901214 1.46584 -0.00808773 0.000114717 -0.00261449
91.1874 7.30127 0.0919247 1.46578 -0.00800738 0.000117785 -0.00261492
91.2071 7.30138 0.0937534 1.46572 -0.00788158 0.000256679 -0.00261278
91.2291 7.30147 0.0956068 1.46567 -0.00772182 0.000128445 -0.00261638
91.2474 7.30158 0.0974843 1.46563 -0.00752571 0.000160653 -0.00261861
91.2693 7.30169 0.0993853 1.46559 -0.00733461 0.000204379 -0.00262068
91.2884 7.30179 0.101309 1.46556 -0.00710275 0.000163398 -0.00262004
91.3085 7.3019 0.103254 1.46554 -0.00687824 0.000195587 -0.00261969
91.3296 7.30201 0.105219 1.46552 -0.00665276 0.000177165 -0.00261849
91.3485 7.30213 0.107205 1.46551 -0.00644984 0.000301256 -0.00262074
91.3697 7.30224 0.109209 1.4655 -0.00626113 0.000173372 -0.00262048
91.3908 7.30235 0.111232 1.4655 -0.00609363 0.000299944 -0.00262162
91.4095 7.30247 0.113272 1.46551 -0.00595261 0.000206012 -0.0026215
91.4313 7.30259 0.115329 1.46552 -0.00583777 0.000307561 -0.00262072
91.4517 7.3027 0.117402 1.46553 -0.00573594 0.000192225 -0.00261848
91.4718 7.30282 0.119492 1.46555 -0.00564464 0.000273104 -0.00261973
91.4913 7.30294 0.121596 1.46556 -0.00554893 0.000292527 -0.00261849
91.5106 7.30305 0.123716 1.46559 -0.00545616 0.000150143 -0.00261748
91.5326 7.30318 0.12585 1.46561 -0.00537151 0.000270355 -0.00261538
91.5521 7.30329 0.127998 1.46563 -0.00529735 0.000134136 -0.00261488
91.5715 7.30342 0.13016 1.46565 -0.00523795 0.00021535 -0.00261741
91.5928 7.30354 0.132336 1.46567 -0.005185 0.000118592 -0.00261911
91.6121 7.30366 0.134525 1.46569 -0.00512946 8.49878e-05 -0.0026194
91.6328 7.30378 0.136727 1.4657 -0.00507884 0.00021571 -0.00261803
91.6521 7.3039 0.138942 1.46571 -0.00503229 8.37893e-05 -0.00261691
91.6735 7.30403 0.141169 1.46572 -0.00499269 0.000194058 -0.00261743
91.6927 7.30414 0.143409 1.46572 -0.00495635 8.91542e-05 -0.00261544
91.7123 7.30427 0.145661 1.46571 -0.00492436 0.000204076 -0.00261586
91.7355 7.30438 0.147925 1.4657 -0.00488044 9.30018e-05 -0.00261515
91.7536 7.30451 0.1502 1.46567 -0.00483007 0.000208938 -0.00261452
91.7731 7.30462 0.152487 1.46564 -0.00477405 9.66507e-05 -0.00261202
91.7957 7.30475 0.154786 1.46559 -0.00471592 0.000214416 -0.00260971
91.8156 7.30486 0.157095 1.46553 -0.00464874 8.63587e-05 -0.00260484
91.8389 7.30498 0.159415 1.46547 -0.0045732 0.000197883 -0.002603
91.8555 7.3051 0.161745 1.4654 -0.00450477 8.56989e-05 -0.00260194
91.876 7.30522 0.164086 1.46533 -0.00445921 0.000168188 -0.00260395
91.8966 7.30534 0.166437 1.46525 -0.0044261 8.87241e-05 -0.00260327
91.9183 7.30546 0.168798 1.46518 -0.00461286 0.000194038 -0.00260041
91.9363 7.30557 0.171174 1.46511 -0.00533777 0.000121815 -0.00259453
91.9577 7.3057 0.173565 1.46505 -0.00645475 0.000237823 -0.00259453
91.9773 7.30582 0.175975 1.465 -0.00771363 0.000278588 -0.00259519
91.998 7.30593 0.178407 1.46495 -0.00894577 0.000151908 -0.0025939
92.0175 7.30606 0.180866 1.4649 -0.0100984 0.000297889 -0.00259496
92.0385 7.30617 0.183356 1.46485 -0.0111234 0.000175126 -0.00259124
92.0583 7.3063 0.185881 1.46481 -0.0119918 0.000285125 -0.00258941
92.0795 7.30642 0.188443 1.46477 -0.0126699 0.000338123 -0.0025863
92.0992 7.30654 0.191046 1.46473 -0.0131595 0.000220108 -0.0025856
92.119 7.30667 0.19369 1.46469 -0.013488 0.000358682 -0.00258573
92.1462 7.30679 0.196379 1.46465 -0.0136537 0.000316903 -0.00258226
92.1601 7.30691 0.199111 1.46462 -0.0136704 0.00016034 -0.00258064
92.1796 7.30704 0.201887 1.46457 -0.0135908 0.000277896 -0.00258273
92.2018 7.30716 0.204707 1.46453 -0.0134277 0.000152446 -0.00257977
92.2216 7.30728 0.20757 1.46448 -0.0131941 0.000259705 -0.00258223
92.2435 7.30741 0.210475 1.46443 -0.0128995 0.000211448 -0.00258165
92.2605 7.30753 0.21342 1.46438 -0.0125543 0.000290524 -0.00258295
92.2815 7.30766 0.216406 1.46433 -0.0121825 0.0002276 -0.002581
92.3044 7.30778 0.219429 1.46427 -0.0117961 0.000288504 -0.00257951
92.3214 7.30791 0.222488 1.46421 -0.0114313 0.000226014 -0.00257912
92.3437 7.30803 0.225583 1.46415 -0.0111126 0.000303031 -0.00257839
92.3622 7.30816 0.228711 1.46408 -0.0108047 0.000311389 -0.00257668
92.3819 7.30828 0.231871 1.46401 -0.0104867 0.000194891 -0.00257239
92.4034 7.30841 0.235063 1.46393 -0.010224 0.000318548 -0.00256928
92.4226 7.30853 0.238284 1.46385 -0.00996174 0.000194906 -0.00256558
92.4447 7.30866 0.241534 1.46376 -0.00968874 0.000296907 -0.00256588
92.4631 7.30878 0.244811 1.46366 -0.00944474 0.000170191 -0.00256401
92.4842 7.3089 0.248114 1.46356 -0.00919647 0.000274429 -0.00256244
92.5056 7.30902 0.251443 1.46345 -0.00896195 0.0002622 -0.00256003
92.5258 7.30914 0.254796 1.46333 -0.00874749 0.000136716 -0.00255445
92.5483 7.30927 0.258173 1.4632 -0.00853865 0.000273408 -0.00255494
92.5656 7.30939 0.261572 1.46307 -0.00834459 0.000130091 -0.0025502
92.5877 7.30952 0.264993 1.46293 -0.00816951 0.000218642 -0.00254746
92.6084 7.30963 0.268435 1.46278 -0.00803293 0.000134286 -0.00254427
92.6277 7.30976 0.271898 1.46264 -0.00791242 0.000251778 -0.00254159
92.6489 7.30988 0.27538 1.46248 -0.00779749 0.000164923 -0.00253616
92.6688 7.31001 0.278882 1.46233 -0.00772114 0.000231201 -0.00253455
92.6884 7.31013 0.282403 1.46218 -0.00761706 0.000168668 -0.00253248
92.711 7.31026 0.285942 1.46202 -0.0074633 0.000241877 -0.00253095
92.729 7.31038 0.289498 1.46187 -0.00727669 0.000248675 -0.00252582
92.7494 7.3105 0.293071 1.46171 -0.00712033 0.000117023 -0.00252427
92.7697 7.31062 0.296661 1.46156 -0.0069221 0.000246017 -0.00252493
92.7895 7.31074 0.300267 1.46139 -0.00676858 0.000129281 -0.00252024
92.8114 7.31087 0.303887 1.46123 -0.00659719 0.000220005 -0.00251709
92.833 7.31098 0.307521 1.46106 -0.00650524 0.000215214 -0.00251178
92.8548 7.3111 0.31117 1.46089 -0.0064012 0.000140353 -0.00250672
92.8732 7.31122 0.314832 1.46072 -0.0063617 0.000158989 -0.002501
92.8925 7.31134 0.318507 1.46055 -0.00629628 0.000139473 -0.00249683
92.913 7.31145 0.322195 1.46037 -0.00624491 8.52959e-05 -0.00249464
92.9347 7.31157 0.325896 1.46021 -0.00642658 0.000166723 -0.00249183
92.9573 7.31169 0.329616 1.46005 -0.00734903 0.000199941 -0.0024851
92.9744 7.31181 0.333356 1.45991 -0.00889056 0.000155416 -0.00248126
92.994 7.31193 0.337121 1.45978 -0.0106671 0.000263575 -0.00247858
93.0156 7.31205 0.340915 1.45965 -0.0124225 0.000173389 -0.00247273
93.0364 7.31218 0.344746 1.45953 -0.0140975 0.000323971 -0.00247223
93.0581 7.3123 0.348618 1.45942 -0.0156076 0.000143344 -0.00246778
93.0761 7.31243 0.352538 1.45932 -0.0168902 0.000306805 -0.00246662
93.0971 7.31255 0.356511 1.45924 -0.0179148 0.000251936 -0.00246448
93.1192 7.31267 0.360539 1.45916 -0.0186801 0.000196531 -0.00246245
93.1384 7.31281 0.364626 1.4591 -0.0191726 0.000352535 -0.00246952
93.1588 7.31293 0.368774 1.45906 -0.0194249 0.000228677 -0.00247056
93.1786 7.31306 0.372984 1.45903 -0.0194528 0.000337339 -0.00247513
93.1985 7.31319 0.377255 1.45902 -0.0192507 0.000235161 -0.00247508
93.2196 7.31332 0.381587 1.45902 -0.0188555 0.000361404 -0.00247922
93.2391 7.31344 0.385979 1.45904 -0.0183722 0.000232421 -0.00247826
93.2612 7.31389 0.388809 1.45882 -0.0175494 1.76599e-06 -0.00128551
93.2804 7.31468 0.38865 1.4582 -0.0165303 0.000718479 -0.000398588
93.3001 7.31531 0.388465 1.45787 -0.0170828 -0.00188922 0.0002464
93.3211 7.31585 0.388201 1.45797 -0.0189219 -0.00477918 0.000714305
93.3417 7.3163 0.387866 1.45839 -0.0216507 -0.00689929 0.00116534
93.3636 7.31668 0.387486 1.45903 -0.0248916 -0.00801485 0.00164846
93.3825 7.31699 0.387106 1.4598 -0.0283693 -0.00888618 0.00206345
93.4044 7.31724 0.386744 1.46065 -0.0317449 -0.00909416 0.00247376
93.4284 7.31744 0.386423 1.46153 -0.0347872 -0.00888145 0.00284256
93.4464 7.31758 0.386167 1.46241 -0.0373084 -0.00868766 0.0031183
93.4687 7.31767 0.385975 1.46327 -0.0391504 -0.00822 0.00335004
93.4882 7.31773 0.385847 1.4641 -0.0403621 -0.007675 0.00351066
93.5078 7.31772 0.385748 1.46487 -0.0413887 -0.00696103 0.00359952
93.529 7.31766 0.385676 1.46558 -0.0422656 -0.00610836 0.00361492
93.549 7.31755 0.385631 1.46622 -0.043036 -0.00528708 0.00353561
93.5708 7.3174 0.385607 1.46678 -0.043661 -0.00437929 0.00340186
93.5889 7.31721 0.385606 1.46728 -0.0441925 -0.0035466 0.00319347
93.6109 7.31698 0.385626 1.4677 -0.0446483 -0.0028336 0.00291001
93.816 7.31672 0.385665 1.46806 -0.0450166 -0.00216378 0.00255893
93.8354 7.31642 0.385723 1.46836 -0.0453731 -0.00173841 0.00212277
93.8556 7.31609 0.385799 1.46862 -0.045727 -0.00153159 0.00159714
93.8763 7.31572 0.38589 1.46885 -0.0460168 -0.0012745 0.00102496
93.8968 7.31531 0.385997 1.46906 -0.0463738 -0.00134216 0.000349355
93.9174 7.31494 0.385969 1.46923 -0.0466951 -0.00118936 -0.000211443
93.9367 7.31465 0.385856 1.4694 -0.0472883 -0.000180823 -0.000562282
93.9569 7.31441 0.385756 1.46958 -0.0479682 0.00100048 -0.000821037
93.9769 7.31422 0.38567 1.46978 -0.0487123 0.00227328 -0.000983414
93.9966 7.31407 0.385599 1.47 -0.0494449 0.00341718 -0.00108297
94.0173 7.31398 0.385573 1.47023 -0.0499609 0.00405937 -0.00102737
94.0371 7.31389 0.385674 1.47046 -0.0490876 0.00358682 -0.000824369
94.0585 7.31382 0.385911 1.47066 -0.0464226 0.00306086 -0.000576274
94.0779 7.31377 0.38625 1.47081 -0.0426547 0.00261199 -0.000243426
94.0978 7.31373 0.386593 1.47088 -0.0387418 0.00235587 1.03216e-05
94.1198 7.31371 0.386855 1.47084 -0.0353438 0.00251252 9.86812e-06
94.139 7.31371 0.387108 1.47072 -0.032138 0.00128308 8.9839e-06
94.1603 7.31384 0.387348 1.47056 -0.0291835 0.00174475 8.67932e-06
94.1786 7.31405 0.387568 1.47036 -0.0265175 0.00121792 8.11929e-06
94.2002 7.31434 0.387762 1.47011 -0.0242195 0.000415562 7.54187e-06
94.2234 7.3147 0.387927 1.46982 -0.0222849 -9.70343e-05 7.07596e-06
94.2421 7.31515 0.388066 1.46947 -0.0206764 -0.000527718 6.66292e-06
94.2632 7.31569 0.388183 1.46908 -0.0193496 -0.000782681 6.30419e-06
94.2828 7.31632 0.388278 1.46865 -0.018267 -0.000969135 5.97654e-06
94.3024 7.31704 0.388358 1.46818 -0.0173685 -0.00112762 5.67062e-06
94.3246 7.31786 0.388432 1.46768 -0.0165427 -0.00116023 5.86953e-06
94.3441 7.31877 0.388507 1.46716 -0.0156959 -0.00116023 1.03622e-05
94.365 7.31977 0.388587 1.46663 -0.0148178 -0.00113193 8.54581e-06
94.3842 7.32088 0.388674 1.4661 -0.0138565 -0.000995739 7.48271e-06
94.4042 7.32209 0.388759 1.46555 -0.0129302 -0.000892746 7.86954e-06
94.4257 7.32341 0.388842 1.465 -0.0120114 -0.000794342 1.47983e-05
94.4449 7.32483 0.388928 1.46445 -0.0110898 -0.000785034 1.32651e-05
94.4675 7.32635 0.389012 1.46391 -0.0101661 -0.000693523 2.40349e-05
94.4857 7.32799 0.389093 1.46336 -0.00928048 -0.000673863 3.73394e-05
94.5062 7.32974 0.389169 1.46282 -0.0083573 -0.000529092 9.1844e-05
94.5285 7.3316 0.389233 1.46229 -0.00753422 -0.000641297 0.000163249
94.5479 7.33357 0.389288 1.46176 -0.00667236 -0.000580634 0.000299844
94.5693 7.33565 0.38933 1.46124 -0.00587531 -0.000705991 0.000470894
94.5885 7.33784 0.389358 1.46074 -0.00508837 -0.000832441 0.000711547
94.6082 7.34014 0.38937 1.46024 -0.00432233 -0.000964132 0.00102558
94.6298 7.34255 0.389361 1.45976 -0.00365012 -0.00116239 0.00139787
94.6496 7.34507 0.389331 1.45929 -0.00305211 -0.00122297 0.00184393
94.6731 7.34771 0.38928 1.45884 -0.00252594 -0.00131564 0.00236119
94.6901 7.35047 0.389206 1.4584 -0.00209738 -0.00143814 0.002946
94.7091 7.35333 0.389109 1.45797 -0.00179171 -0.00150569 0.00358845
94.7302 7.35631 0.388989 1.45756 -0.00162578 -0.00151011 0.00427706
94.7551 7.35941 0.388849 1.45716 -0.00160656 -0.00153987 0.00500135
94.772 7.36263 0.388689 1.45678 -0.00172904 -0.00138905 0.00575173
94.7927 7.36598 0.388513 1.4564 -0.00198573 -0.0012615 0.00651551
94.8126 7.36945 0.388327 1.45603 -0.00236907 -0.00111702 0.00727507
94.8342 7.37305 0.388133 1.45566 -0.00285439 -0.000918367 0.00801962
94.853 7.37678 0.387938 1.4553 -0.00341276 -0.000677948 0.00873777
94.8771 7.38064 0.387747 1.45495 -0.00401404 -0.000410665 0.0094167
94.8928 7.38464 0.387566 1.4546 -0.00462416 -8.62586e-05 0.0100459
94.9124 7.38877 0.387398 1.45426 -0.00520571 0.000138585 0.0106199
94.9351 7.39306 0.387249 1.45394 -0.00573077 0.000481401 0.0111266
94.9567 7.39749 0.387121 1.45362 -0.006156 0.00085439 0.0115734
94.9782 7.40207 0.387017 1.45332 -0.00645977 0.00112094 0.0119594
94.9957 7.40679 0.386938 1.45304 -0.0066286 0.00125562 0.0122855
95.0178 7.41166 0.386884 1.45277 -0.00664756 0.00149886 0.0125549
95.0377 7.41668 0.386854 1.45252 -0.00650745 0.00176201 0.0127791
95.0567 7.42184 0.386845 1.45229 -0.00623301 0.00176165 0.0129615
95.0801 7.42715 0.386853 1.45207 -0.00586434 0.00183642 0.0131036
95.0975 7.43261 0.386872 1.45188 -0.00548852 0.00199708 0.0131933
95.1184 7.43821 0.386898 1.45169 -0.00514896 0.00211217 0.0132264
95.1378 7.44396 0.386932 1.45152 -0.00483717 0.00219424 0.0132052
95.1579 7.44983 0.386975 1.45134 -0.00456045 0.000441128 0.0131444
95.1785 7.45605 0.387028 1.45123 -0.00422532 0.00201002 0.0130201
95.1974 7.46256 0.387101 1.45119 -0.00376747 0.00273591 0.0128545
95.2181 7.46933 0.387192 1.45121 -0.00325419 0.00201573 0.0126615
95.2384 7.47637 0.387287 1.45127 -0.00275965 0.00177963 0.0124196
95.2589 7.48365 0.387389 1.45134 -0.00227178 0.00181037 0.0121413
95.282 7.49118 0.387495 1.45141 -0.00180851 0.00184678 0.0118292
95.2987 7.49893 0.387603 1.45147 -0.00137443 0.00180582 0.0114909
95.3194 7.5069 0.387713 1.45152 -0.000974638 0.00173361 0.0111294
95.3402 7.51508 0.387823 1.45156 -0.000614879 0.00174523 0.0107464
95.3593 7.52347 0.387933 1.45158 -0.00028684 0.0017643 0.0103469
95.3797 7.53205 0.388043 1.4516 1.29662e-05 0.00173416 0.0099325
95.4007 7.5408 0.388128 1.4516 7.11978e-05 0.00184521 0.00951561
95.4211 7.54973 0.388204 1.45161 8.72576e-05 0.00196733 0.00909717
95.4402 7.55883 0.388276 1.4516 0.000103797 0.00205409 0.00869489
95.4595 7.5681 0.388346 1.45158 0.000127824 0.00210836 0.00829723
95.4812 7.57751 0.388411 1.45155 0.000161747 0.00214251 0.00790371
95.5001 7.58707 0.388471 1.45151 0.000217268 0.0021162 0.00750771
95.5225 7.59678 0.388525 1.45146 0.000291148 0.00217665 0.00711561
95.5431 7.60661 0.388573 1.45141 0.000380607 0.00223028 0.00672875
95.5622 7.61658 0.388615 1.45134 0.00048495 0.00229178 0.00635061
95.5814 7.62666 0.388651 1.45126 0.000602251 0.00233386 0.00598175
95.6018 7.63685 0.388682 1.45118 0.000730018 0.00237649 0.00562512
95.6211 7.64715 0.388706 1.45108 0.000879343 0.00236468 0.00527109
95.6435 7.65754 0.388725 1.45098 0.00103905 0.00241746 0.00492922
95.6617 7.66804 0.388738 1.45087 0.00121468 0.00248149 0.00459486
95.6849 7.67862 0.388744 1.45076 0.00140203 0.00252 0.00427313
95.7026 7.68928 0.388745 1.45063 0.00160885 0.00253286 0.00395432
95.7221 7.70001 0.388738 1.45051 0.00184 0.00245305 0.00363328
95.7455 7.71082 0.388725 1.45037 0.0020961 0.00247103 0.00330848
95.765 7.72169 0.388703 1.45023 0.00236883 0.00246564 0.00298147
95.7872 7.73261 0.388673 1.45009 0.00263059 0.00237033 0.00265482
95.8061 7.7436 0.388633 1.44995 0.0028672 0.00241235 0.00233118
95.8259 7.75463 0.388582 1.44981 0.0030831 0.00244785 0.00200842
95.8466 7.7657 0.388519 1.44968 0.00327169 0.00247935 0.00168524
95.8661 7.7768 0.388444 1.44956 0.00343349 0.00247186 0.00136346
95.8871 7.78794 0.388356 1.44944 0.00356394 0.00253908 0.00104629
95.9061 7.7991 0.388255 1.44932 0.00366509 0.00257766 0.000732152
95.9263 7.81028 0.38814 1.44922 0.00374725 0.00253345 0.00042335
95.9487 7.82148 0.38801 1.44911 0.00381104 0.00261327 0.000119133
95.9699 7.83269 0.387866 1.44902 0.00385839 0.00267937 -0.000180541
95.9895 7.8439 0.387707 1.44893 0.00389095 0.00265998 -0.000476991
96.0113 7.85511 0.387534 1.44885 0.00390741 0.00271122 -0.000767016
96.0302 7.86631 0.387346 1.44877 0.00391486 0.00272808 -0.00104928
96.0508 7.8775 0.387143 1.44871 0.00391277 0.00275988 -0.00132181
96.0709 7.88867 0.386925 1.44865 0.00390007 0.00271771 -0.00158842
96.0925 7.89982 0.386693 1.4486 0.00388447 0.00272091 -0.00184872
96.1103 7.91094 0.386447 1.44855 0.00387487 0.00263927 -0.00210422
96.1304 7.92202 0.386185 1.4485 0.00386703 0.00266135 -0.00235217
96.1562 7.93307 0.38591 1.44846 0.00385563 0.00266221 -0.00259392
96.1737 7.94408 0.38562 1.44842 0.00383426 0.00277868 -0.00282953
96.194 7.95503 0.385317 1.44839 0.00380367 0.00266633 -0.00307195
96.2134 7.96592 0.384999 1.44835 0.00376158 0.00265006 -0.00330961
96.2337 7.97674 0.384668 1.44832 0.00371063 0.00269163 -0.003536
96.2552 7.98748 0.384324 1.4483 0.00365267 0.00270124 -0.00375973
96.274 7.99814 0.383967 1.44827 0.00359513 0.00262124 -0.00397816
96.2973 8.00872 0.383597 1.44825 0.00353815 0.00266446 -0.00418839
96.3146 8.0192 0.383214 1.44824 0.00347726 0.0026727 -0.0043871
96.3357 8.02958 0.382819 1.44823 0.00341723 0.00264719 -0.00457859
96.3565 8.03986 0.382413 1.44822 0.00334516 0.00254418 -0.00476252
96.3764 8.05003 0.381995 1.44822 0.00326119 0.00266577 -0.00493874
96.3982 8.06008 0.381566 1.44822 0.00318139 0.00254124 -0.00510662
96.4168 8.07001 0.381127 1.44822 0.00309757 0.00251059 -0.00526609
96.4363 8.07981 0.380677 1.44824 0.00301138 0.00242588 -0.00542112
96.459 8.08948 0.380217 1.44826 0.00292454 0.0025088 -0.00556742
96.4771 8.09901 0.379748 1.44828 0.00282775 0.00237549 -0.00570387
96.4982 8.1084 0.37927 1.44832 0.00271628 0.00232068 -0.00583539
96.5174 8.11764 0.378784 1.44836 0.00259577 0.00230165 -0.00596377
96.5389 8.12672 0.37829 1.44841 0.00247769 0.00227285 -0.00608233
96.5604 8.13564 0.377788 1.44846 0.00235923 0.00217225 -0.00619272
96.5785 8.14439 0.37728 1.44853 0.0022325 0.00219585 -0.00629523
96.5998 8.15298 0.376766 1.44859 0.0021051 0.00212465 -0.00638938
96.6205 8.16138 0.376245 1.44866 0.00197974 0.00210089 -0.00647397
96.6401 8.16961 0.37572 1.44873 0.00185291 0.00199424 -0.00655714
96.6613 8.17766 0.37519 1.4488 0.0017284 0.00193105 -0.00663141
96.6815 8.18553 0.374656 1.44887 0.00161514 0.00186674 -0.00669587
96.7042 8.19322 0.374119 1.44893 0.00150894 0.00178473 -0.00674938
96.7211 8.20073 0.373578 1.44898 0.00140709 0.0017752 -0.00679971
96.7418 8.20806 0.373034 1.44903 0.00130703 0.0016713 -0.00685109
96.7645 8.2152 0.372488 1.44909 0.00122273 0.00153417 -0.00690319
96.7831 8.22216 0.37194 1.44913 0.00115239 0.00142789 -0.00694332
96.8061 8.22893 0.371391 1.44918 0.00108137 0.00133084 -0.00697659
96.8229 8.23552 0.37084 1.44923 0.00101115 0.00121917 -0.00700486
96.8432 8.24192 0.370288 1.44928 0.000947933 0.00110889 -0.00702981
96.8639 8.24814 0.369735 1.44933 0.000884752 0.0010105 -0.00704619
96.8832 8.25417 0.369182 1.44937 0.000821662 0.000906427 -0.00705548
96.9048 8.26002 0.368628 1.44942 0.000759881 0.000818169 -0.0070637
96.9239 8.26569 0.368074 1.44945 0.000701149 0.000713771 -0.00706918
96.9447 8.27117 0.367521 1.44949 0.00065363 0.000586461 -0.00707008
96.9701 8.27647 0.366968 1.44951 0.000612459 0.000461021 -0.00706997
96.9866 8.28158 0.366415 1.44952 0.000583275 0.000334056 -0.00706673
97.0068 8.28651 0.365863 1.44953 0.000562961 0.000211461 -0.00705972
97.0266 8.29126 0.365312 1.44952 0.000536665 0.000120229 -0.00705073
97.047 8.29583 0.364761 1.44951 0.000524339 -5.19621e-05 -0.00703836
97.069 8.30022 0.364211 1.44949 0.000523938 -5.51994e-05 -0.00702742
97.0887 8.30442 0.363662 1.44946 0.000509814 -0.000266932 -0.0070107
97.109 8.30846 0.363115 1.44943 0.000470932 -0.000354581 -0.0069921
97.1297 8.31231 0.362568 1.44939 0.000424208 -0.000331894 -0.00697089
97.1492 8.31599 0.362023 1.44935 0.000375127 -0.000549898 -0.00694849
97.1716 8.31949 0.361479 1.44932 0.000316223 -0.000601011 -0.00692318
97.19 8.32282 0.360936 1.44927 0.000253002 -0.000692484 -0.00689474
97.2144 8.32597 0.360396 1.44923 0.000183985 -0.000824679 -0.00686773
97.2305 8.32895 0.359858 1.44918 0.000115271 -0.000948896 -0.00684124
97.2503 8.33176 0.359322 1.44912 4.61934e-05 -0.00105796 -0.00681588
97.2734 8.33439 0.358789 1.44907 -2.10819e-05 -0.00124481 -0.00679031
97.2929 8.33686 0.358259 1.44901 -8.99001e-05 -0.00126554 -0.00676475
97.3123 8.33916 0.357732 1.44896 -0.000155163 -0.0013709 -0.00673727
97.3321 8.3413 0.357208 1.4489 -0.000216116 -0.00158376 -0.00670722
97.353 8.34329 0.356688 1.44884 -0.000278789 -0.00160323 -0.00667532
97.3748 8.34511 0.356171 1.44879 -0.000337846 -0.00174742 -0.00664367
97.3935 8.34678 0.355659 1.44874 -0.000389449 -0.00175881 -0.00661171
97.4147 8.34831 0.35515 1.44868 -0.000434821 -0.00183176 -0.00657723
97.4354 8.34969 0.354646 1.44863 -0.000481253 -0.00179695 -0.00654581
97.4548 8.35093 0.354146 1.44857 -0.000521772 -0.00175561 -0.00651446
97.4769 8.35203 0.353651 1.44851 -0.000558197 -0.00182245 -0.00647897
97.4979 8.35301 0.35316 1.44844 -0.000591224 -0.00174073 -0.00644542
97.52 8.35385 0.352674 1.44836 -0.000621752 -0.00175834 -0.00641296
97.5375 8.35458 0.352192 1.44828 -0.000653708 -0.00172111 -0.00637897
97.559 8.35518 0.351716 1.44818 -0.000689346 -0.00177583 -0.00634354
97.5799 8.35566 0.351244 1.44808 -0.000728976 -0.0017235 -0.00631062
97.5994 8.35603 0.350778 1.44796 -0.00075734 -0.00177514 -0.00627765
97.6199 8.3563 0.350317 1.44784 -0.000779816 -0.00174379 -0.00624628
97.6403 8.35645 0.34986 1.44771 -0.000805749 -0.00177854 -0.00621527
97.66 8.35651 0.34941 1.44757 -0.000836377 -0.00172813 -0.00618242
97.683 8.35648 0.348964 1.44743 -0.000867376 -0.00165674 -0.00615008
97.7006 8.35634 0.348524 1.44728 -0.00090233 -0.00175028 -0.00611781
97.7222 8.35612 0.348089 1.44713 -0.000947243 -0.00169781 -0.00608479
97.7411 8.3558 0.34766 1.44697 -0.00098488 -0.00171865 -0.00605176
97.7605 8.35541 0.347237 1.44682 -0.00101425 -0.00170601 -0.00601853
97.7825 8.35494 0.34682 1.44666 -0.0010408 -0.0016861 -0.00598429
97.8024 8.35439 0.346408 1.4465 -0.00106986 -0.00175012 -0.00595343
97.823 8.35377 0.346002 1.44634 -0.0011031 -0.00170549 -0.0059228
97.8426 8.35307 0.345603 1.44618 -0.00113087 -0.00177507 -0.00589155
97.8622 8.35231 0.345209 1.44602 -0.00116027 -0.00178018 -0.00586184
97.8876 8.35149 0.344822 1.44585 -0.0011877 -0.00173481 -0.00583203
97.9044 8.35061 0.344441 1.44568 -0.00119842 -0.00180755 -0.00580282
97.9245 8.34967 0.344066 1.44551 -0.00121013 -0.00179795 -0.00577278
97.9447 8.34867 0.343698 1.44533 -0.00121898 -0.0017703 -0.00574182
97.9639 8.34762 0.343336 1.44516 -0.00122446 -0.00185345 -0.00571249
97.9849 8.34653 0.34298 1.44498 -0.00123412 -0.00182119 -0.00568398
98.0042 8.34539 0.34263 1.44479 -0.00123563 -0.00191136 -0.00565582
98.0266 8.34421 0.342286 1.4446 -0.00124491 -0.00189689 -0.00562878
98.0444 8.343 0.341949 1.44441 -0.00126262 -0.00187418 -0.0056028
98.0644 8.34174 0.341618 1.44421 -0.00128461 -0.00196446 -0.00557573
98.0854 8.34045 0.341293 1.44401 -0.0012952 -0.00192178 -0.00554784
98.1053 8.33913 0.340975 1.4438 -0.00129554 -0.0019526 -0.00552317
98.1261 8.33779 0.340662 1.44359 -0.00129532 -0.00191946 -0.00549783
98.145 8.33642 0.340356 1.44338 -0.00129663 -0.00187634 -0.00547179
98.1653 8.33503 0.340056 1.44316 -0.00130349 -0.00196729 -0.00544583
98.1868 8.33363 0.339763 1.44294 -0.00131519 -0.00193169 -0.00542068
98.2058 8.33221 0.339475 1.44272 -0.00133094 -0.00185486 -0.00539535
98.2281 8.33077 0.339194 1.4425 -0.00132355 -0.00242808 -0.00538314
98.2459 8.32938 0.338918 1.4423 -0.00111288 -0.00180653 -0.00540071
98.267 8.32802 0.338645 1.44213 -0.000549689 -0.0017918 -0.005426
98.2905 8.32668 0.338372 1.44198 0.000313454 -0.00200463 -0.00545631
98.3068 8.32536 0.338098 1.44185 0.00140991 -0.00205664 -0.00549183
98.3278 8.32407 0.337818 1.44172 0.0027177 -0.0020165 -0.00552741
98.3474 8.3228 0.337527 1.4416 0.00421274 -0.00199979 -0.00556583
98.3679 8.32155 0.337219 1.44147 0.00585568 -0.00200497 -0.00560399
98.3871 8.32033 0.336887 1.44135 0.00767974 -0.00198867 -0.00564585
98.4072 8.31913 0.336526 1.44122 0.00957785 -0.00195437 -0.00568716
98.4292 8.31795 0.336129 1.4411 0.0114734 -0.00191481 -0.00572708
98.4472 8.3168 0.335687 1.44098 0.0134308 -0.00185819 -0.005768
98.4681 8.31568 0.335194 1.44086 0.015362 -0.0017955 -0.00580942
98.4883 8.31457 0.334642 1.44074 0.0172467 -0.00173192 -0.0058492
98.5078 8.31349 0.334024 1.44063 0.019163 -0.00166249 -0.0058897
98.5303 8.31244 0.333332 1.44052 0.0210302 -0.00159026 -0.00592801
98.5491 8.3114 0.33256 1.44041 0.0229145 -0.00151273 -0.00596898
98.5706 8.3104 0.331701 1.44032 0.0248149 -0.00143543 -0.00600823
98.5913 8.30941 0.330747 1.44023 0.0266387 -0.00136149 -0.00604531
98.6103 8.30846 0.329691 1.44015 0.0284273 -0.00118735 -0.00607962
98.6306 8.30752 0.328527 1.44009 0.0301956 -0.00126228 -0.00612187
98.6504 8.3066 0.327248 1.44003 0.0319385 -0.00112346 -0.00615722
98.6703 8.3057 0.325847 1.43999 0.0337691 -0.000974302 -0.00618976
98.6906 8.30482 0.324317 1.43996 0.0356108 -0.000956758 -0.00622585
98.7119 8.30396 0.322652 1.43994 0.0374252 -0.000834053 -0.00625715
98.733 8.30312 0.320846 1.43993 0.0392552 -0.000754648 -0.00628858
98.7525 8.3023 0.31889 1.43994 0.0410682 -0.000718315 -0.00632166
98.7713 8.3015 0.31678 1.43996 0.0428908 -0.000658787 -0.00635468
98.7925 8.30072 0.314507 1.43999 0.0447343 -0.00059271 -0.00638412
98.8141 8.29995 0.312066 1.44003 0.0464912 -0.000534893 -0.00641169
98.8359 8.29921 0.309449 1.44008 0.0482453 -0.000455074 -0.00643939
98.8533 8.29848 0.306651 1.44015 0.0500324 -0.000374635 -0.00646358
98.8744 8.29778 0.303666 1.44023 0.051836 -0.000268181 -0.0064847
98.8958 8.29708 0.300485 1.44032 0.0536683 -0.000209062 -0.0065096
98.9146 8.2964 0.297105 1.44042 0.0554476 -0.000161578 -0.00653396
98.9388 8.29572 0.293517 1.44052 0.0572096 -0.00010764 -0.00655562
98.9569 8.29506 0.289716 1.44064 0.0590179 -4.79238e-05 -0.00657397
98.9768 8.29442 0.285695 1.44076 0.0607501 -1.16661e-05 -0.00659096
98.9975 8.29378 0.281448 1.44089 0.0625333 1.76614e-05 -0.00661197
99.0189 8.29316 0.276968 1.44103 0.0643524 0.000170665 -0.00662584
99.038 8.29254 0.27225 1.44118 0.0661651 9.94727e-05 -0.00665361
99.0579 8.29193 0.267287 1.44134 0.0680726 0.000166361 -0.00667435
99.0799 8.29133 0.262072 1.44151 0.0699168 0.000195372 -0.00669792
99.0998 8.29073 0.256599 1.44169 0.071702 0.000126439 -0.00672596
99.1193 8.29014 0.250861 1.44187 0.0736242 0.000153416 -0.00674573
99.1423 8.28955 0.244853 1.44206 0.0754929 0.000220071 -0.00676216
99.1601 8.28896 0.238567 1.44225 0.0773344 0.000264967 -0.00677535
99.1799 8.28839 0.231998 1.44245 0.0792227 0.000297806 -0.00679261
99.202 8.28781 0.22514 1.44265 0.080867 0.000323718 -0.00680913
99.2209 8.28724 0.217989 1.44285 0.0821117 0.000360274 -0.00682449
99.2431 8.28667 0.210542 1.44305 0.0827963 -5.81773e-06 -0.00687275
99.261 8.28614 0.202802 1.44327 0.0818828 0.000270137 -0.0068463
99.2813 8.28564 0.194781 1.44353 0.0777265 0.000555694 -0.00679546
99.3023 8.28518 0.186494 1.44383 0.0711155 0.000535772 -0.00675774
99.3212 8.28476 0.177961 1.44414 0.0631959 0.000489284 -0.00672066
99.3422 8.28437 0.169214 1.44447 0.0542893 0.000464805 -0.00667824
99.362 8.28402 0.160282 1.44481 0.0453733 0.000436999 -0.00663842
99.3821 8.28371 0.151202 1.44516 0.0363426 0.000381686 -0.00659815
99.4046 8.28344 0.14201 1.44551 0.0272337 0.000310945 -0.00655882
99.4235 8.2832 0.132737 1.44588 0.0187547 0.000197999 -0.00652869
99.4438 8.28301 0.123419 1.44625 0.0104334 0.000262841 -0.00649477
99.4639 8.28286 0.114089 1.44664 0.00255532 0.000145558 -0.00646603
99.4839 8.28274 0.104774 1.44705 -0.00451689 0.000153588 -0.00643828
99.5048 8.28268 0.0955053 1.44748 -0.0112116 9.03582e-05 -0.0064104
99.5242 8.28265 0.0863074 1.44791 -0.0173686 5.42048e-05 -0.00639063
99.545 8.28267 0.077205 1.44836 -0.0230831 3.08488e-05 -0.00637146
99.5649 8.28273 0.068222 1.44882 -0.0286559 -4.0083e-06 -0.00635119
99.5851 8.28284 0.0593781 1.44928 -0.0338357 -3.02761e-05 -0.00633643
99.6066 8.28298 0.0506942 1.44974 -0.0387924 -0.000156907 -0.00631366
99.6281 8.28319 0.0421895 1.45021 -0.0436008 -4.41355e-05 -0.00629797
99.6492 8.28343 0.0338816 1.45067 -0.0481283 -9.65972e-05 -0.00627572
99.6672 8.28373 0.0257887 1.45114 -0.0525847 -6.89499e-05 -0.006253
99.6879 8.28407 0.0179265 1.4516 -0.0567843 -0.00014997 -0.00622476
99.7076 8.28446 0.010309 1.45206 -0.060474 -0.000184125 -0.00620249
99.7268 8.28489 0.00294943 1.45251 -0.0636415 -0.000171775 -0.00618305
99.7516 8.28536 -0.00414195 1.45294 -0.0661399 -0.000166656 -0.00616303
99.7679 8.28587 -0.0109565 1.45335 -0.0679846 -0.000103707 -0.00614665
99.7883 8.28641 -0.0174875 1.45374 -0.0692532 -0.000134025 -0.00612372
99.8091 8.28699 -0.0237311 1.4541 -0.0699772 -0.000133287 -0.00610301
99.829 8.28761 -0.0296848 1.45444 -0.0702468 -0.000107567 -0.00608046
99.8513 8.28826 -0.0353481 1.45475 -0.0701488 -9.14213e-05 -0.00605528
99.8699 8.28894 -0.0407221 1.45503 -0.0697531 -7.29687e-05 -0.00602444
99.8889 8.28966 -0.045809 1.45528 -0.0691166 2.685e-05 -0.00600062
99.9093 8.2904 -0.0506119 1.45551 -0.068302 -1.34507e-05 -0.00595925
99.9307 8.29117 -0.0551346 1.4557 -0.0673472 -1.31058e-05 -0.00591859
99.9506 8.29197 -0.0593818 1.45586 -0.0662841 2.12992e-05 -0.00588046
99.971 8.29279 -0.0633581 1.45599 -0.0651614 4.41601e-05 -0.00583624
99.991 8.29364 -0.0670689 1.45609 -0.0640076 0.00013697 -0.00579276
100.012 8.29451 -0.0705192 1.45615 -0.0628397 0.000123672 -0.00574104
100.031 8.2954 -0.0737143 1.45618 -0.0616725 7.74104e-05 -0.00568105
100.053 8.29631 -0.0766592 1.45618 -0.0605417 9.62845e-05 -0.00562168
100.072 8.29724 -0.0793591 1.45616 -0.059458 0.000123676 -0.00555992
100.092 8.29818 -0.0818191 1.4561 -0.0584091 0.000134719 -0.00549553
100.113 8.29914 -0.0840438 1.45601 -0.0574337 0.000148757 -0.00542627
100.132 8.30013 -0.0860372 1.4559 -0.0565671 0.000232735 -0.00535401
100.154 8.30112 -0.0878033 1.45577 -0.0558077 0.000195803 -0.00527537
100.173 8.30212 -0.0893456 1.45562 -0.0551435 0.000197528 -0.00519894
100.193 8.30313 -0.0906675 1.45545 -0.0545309 0.000231749 -0.00512245
100.214 8.30415 -0.0917721 1.45527 -0.0539652 0.000263983 -0.00503909
100.236 8.30518 -0.0926621 1.45508 -0.0534649 0.000305226 -0.00495447
100.258 8.30623 -0.0933403 1.45487 -0.0529972 0.000549665 -0.00487936
100.275 8.30727 -0.0938116 1.45467 -0.0520096 0.000406933 -0.00478335
100.295 8.3083 -0.0940853 1.45449 -0.0496544 0.00017086 -0.00468193
100.316 8.30933 -0.0941695 1.45431 -0.0462719 0.000207854 -0.00459465
100.338 8.31036 -0.0940739 1.45414 -0.0426232 0.000297431 -0.00450666
100.361 8.31137 -0.0938123 1.45396 -0.0389483 0.000326176 -0.00441434
100.378 8.31239 -0.0933994 1.45378 -0.035361 0.00035038 -0.00432377
100.397 8.31339 -0.092848 1.45357 -0.0321188 0.000470949 -0.00423584
100.419 8.31439 -0.092172 1.45335 -0.0291117 0.000450598 -0.00414368
100.438 8.31537 -0.0913829 1.45312 -0.0264142 0.000465897 -0.00405335
100.459 8.31633 -0.0904913 1.45287 -0.0241016 0.00050521 -0.00396425
100.478 8.31729 -0.0895072 1.45261 -0.0220058 0.00062279 -0.00388781
100.498 8.31823 -0.0884395 1.45235 -0.0200233 0.000522442 -0.00384795
100.521 8.31914 -0.0872975 1.45208 -0.0179566 0.00047241 -0.00381837
100.54 8.32004 -0.0860897 1.4518 -0.0157962 0.000496214 -0.00379139
100.562 8.32091 -0.0848231 1.45152 -0.0137968 0.000507741 -0.00376647
100.579 8.32177 -0.083506 1.45124 -0.0119207 0.000492616 -0.00374748
100.601 8.3226 -0.0821459 1.45096 -0.010153 0.0004777 -0.00373046
100.622 8.32342 -0.0807492 1.45068 -0.0086174 0.000473499 -0.00371724
100.64 8.32421 -0.0793226 1.4504 -0.00719086 0.000466148 -0.00370837
100.663 8.32499 -0.0778717 1.45011 -0.00590557 0.000448133 -0.00370024
100.682 8.32574 -0.0764012 1.44983 -0.00480461 0.000421241 -0.00369279
100.702 8.32647 -0.0749162 1.44955 -0.003786 0.000396093 -0.00368876
100.722 8.32719 -0.0734205 1.44927 -0.00289207 0.00037425 -0.00368493
100.741 8.32788 -0.0719177 1.44899 -0.00208545 0.00034865 -0.00368656
100.764 8.32855 -0.0704114 1.44872 -0.00130799 0.000325412 -0.00368534
100.782 8.32921 -0.0689042 1.44846 -0.000623453 0.000299619 -0.00368639
100.803 8.32984 -0.0673993 1.44821 2.33446e-05 0.000267152 -0.00368558
100.827 8.33045 -0.0658992 1.44797 0.000651581 0.000245465 -0.00368452
100.844 8.33104 -0.064406 1.44775 0.00121938 0.000208045 -0.00368902
100.863 8.33161 -0.0629226 1.44754 0.00179586 0.000163455 -0.00369621
100.883 8.33216 -0.0614508 1.44735 0.0023569 0.000135055 -0.00369824
100.904 8.33269 -0.0599928 1.44717 0.00287957 0.000106049 -0.00371051
100.927 8.3332 -0.0585509 1.44701 0.00342141 8.29757e-05 -0.00372132
100.948 8.33369 -0.0571269 1.44686 0.00393851 6.49132e-05 -0.00372774
100.968 8.33416 -0.0557229 1.44672 0.00444445 4.01937e-05 -0.00374349
100.989 8.3346 -0.054341 1.4466 0.00496854 0.00013496 -0.00375761
101.009 8.33502 -0.0529828 1.44649 0.00547203 -9.83427e-05 -0.00377187
101.033 8.33542 -0.0516506 1.4464 0.00597787 -4.56395e-05 -0.00378552
101.055 8.33579 -0.0503461 1.44633 0.00648829 5.55429e-06 -0.00380133
101.075 8.33615 -0.0490711 1.44627 0.00696755 3.6642e-05 -0.0038183
101.094 8.33647 -0.0478275 1.44622 0.00745503 -3.93919e-05 -0.00383549
101.114 8.33678 -0.0466172 1.44618 0.00792344 -2.34894e-05 -0.00384648
101.138 8.33707 -0.0454415 1.44615 0.00835871 -2.41112e-05 -0.00385758
101.155 8.33734 -0.0443025 1.44613 0.00879492 -4.34916e-05 -0.00387184
101.177 8.33758 -0.0432014 1.44612 0.00919837 -5.80436e-05 -0.00388143
101.196 8.33781 -0.0421398 1.44612 0.00957925 -6.71175e-05 -0.00389504
101.217 8.33801 -0.0411192 1.44613 0.0099521 -7.70213e-05 -0.00390842
101.24 8.3382 -0.0401407 1.44616 0.0102958 -9.69885e-05 -0.00392232
101.258 8.33836 -0.0392057 1.4462 0.0106272 -0.000127853 -0.00393611
101.277 8.3385 -0.0383153 1.44625 0.0109414 -0.000155008 -0.00395107
101.297 8.33862 -0.0374704 1.44631 0.0112092 -0.000316539 -0.00396455
101.318 8.33875 -0.0366712 1.44638 0.0113113 -0.000291684 -0.00397265
101.34 8.33886 -0.0359176 1.44644 0.0112215 -0.000314695 -0.00398003
101.36 8.33897 -0.0352097 1.44649 0.0110286 -0.000378382 -0.00398709
101.38 8.33907 -0.0345469 1.44653 0.0108065 -0.00046959 -0.00399514
101.4 8.33917 -0.0339284 1.44657 0.0105979 -0.00049589 -0.00400211
101.422 8.33925 -0.0333535 1.4466 0.0104041 -0.000455634 -0.00400703
101.627 8.33933 -0.0328211 1.44662 0.0102325 -0.000414666 -0.00401092
101.646 8.3394 -0.0323307 1.44664 0.0100974 -0.000370504 -0.00401518
101.668 8.33946 -0.0318814 1.44665 0.00999292 -0.000273843 -0.0040191
101.687 8.33951 -0.0314727 1.44665 0.00992418 -0.000468633 -0.00402409
101.707 8.33956 -0.0311044 1.44665 0.00989048 -0.000435132 -0.00402686
101.727 8.3396 -0.0307762 1.44665 0.00988705 -0.000353587 -0.00402744
101.747 8.33964 -0.0304879 1.44664 0.00990927 -0.000256167 -0.00402876
101.768 8.33966 -0.0302394 1.44664 0.00995296 -0.000418198 -0.00403259
101.788 8.33967 -0.0300307 1.44664 0.0100136 -0.000402455 -0.00403414
101.807 8.33969 -0.0298619 1.44663 0.0100785 -0.000279537 -0.00403367
101.827 8.33969 -0.0297331 1.44663 0.0101501 -0.000375091 -0.00403407
101.848 8.33968 -0.0296445 1.44662 0.0102369 -0.000274863 -0.00403292
101.871 8.33967 -0.0295963 1.44661 0.010337 -0.000334845 -0.00403435
101.889 8.33965 -0.0295886 1.44659 0.0104439 -0.000393939 -0.00403754
101.909 8.33962 -0.0296217 1.44656 0.0105438 -0.000395759 -0.00404013
101.93 8.33959 -0.0296958 1.44652 0.010623 -0.00037937 -0.00404226
101.949 8.33955 -0.0298109 1.44647 0.0106776 -0.000365011 -0.00404428
101.971 8.33951 -0.0299671 1.44641 0.0107049 -0.000361154 -0.00404611
101.99 8.33946 -0.0301644 1.44633 0.010711 -0.000361088 -0.00404458
102.011 8.33941 -0.0304029 1.44625 0.0107165 -0.000343659 -0.00404193
102.031 8.33935 -0.0306825 1.44615 0.0107343 -0.000341683 -0.00404021
102.051 8.33929 -0.0310032 1.44604 0.0107617 -0.000351124 -0.00403948
102.074 8.33922 -0.0313649 1.44593 0.0107922 -0.000334938 -0.00403773
102.092 8.33914 -0.0317676 1.44581 0.0108235 -0.000310202 -0.00403724
102.112 8.33907 -0.0322113 1.44568 0.0108438 -0.000308415 -0.00403786
102.133 8.33898 -0.0326958 1.44556 0.0108421 -0.00032017 -0.00403663
102.154 8.33889 -0.0332211 1.44544 0.0108311 -0.000318846 -0.0040353
102.175 8.3388 -0.0337873 1.44532 0.0108269 -0.000303222 -0.0040311
102.193 8.3387 -0.034394 1.4452 0.0108282 -0.000316898 -0.00402916
102.214 8.3386 -0.0350412 1.4451 0.0108199 -0.000309268 -0.00402727
102.234 8.33849 -0.0357286 1.445 0.0107847 -0.000283774 -0.0040247
102.254 8.33838 -0.0364558 1.44491 0.0107129 -0.000280644 -0.00402194
102.274 8.33826 -0.0372226 1.44484 0.0106184 -0.000274999 -0.00401904
102.294 8.33814 -0.0380285 1.44478 0.0105055 -0.000246208 -0.00401568
102.316 8.33801 -0.0388728 1.44472 0.010364 -0.000249626 -0.00401379
102.337 8.33788 -0.0397548 1.44467 0.0102049 -0.00028406 -0.00401324
102.356 8.33775 -0.0406739 1.44463 0.0100391 -0.000313114 -0.00401333
102.378 8.33761 -0.0416293 1.44458 0.0098567 -0.000341485 -0.00401386
102.397 8.33746 -0.04262 1.44454 0.00965763 -0.00037732 -0.00401421
102.417 8.33731 -0.0436451 1.4445 0.00942864 -0.000407373 -0.0040135
102.438 8.33715 -0.0447037 1.44446 0.0091765 -0.000403549 -0.00401263
102.457 8.33699 -0.0457946 1.44441 0.00892506 -0.000386503 -0.00401063
102.477 8.33683 -0.0469169 1.44436 0.00866012 -0.000367219 -0.00400755
102.497 8.33666 -0.0480694 1.4443 0.00839698 -0.000438648 -0.00400794
102.517 8.33649 -0.0492495 1.44425 0.0078796 -0.000345073 -0.00400999
102.539 8.33633 -0.0504536 1.44421 0.00685655 -0.000286747 -0.00401092
102.557 8.33617 -0.051679 1.44417 0.00556461 -0.000286913 -0.00401434
102.578 8.33601 -0.0529215 1.44413 0.00416905 -0.00030827 -0.00401748
102.598 8.33585 -0.054176 1.44409 0.0027489 -0.000331595 -0.00402027
102.62 8.3357 -0.0554379 1.44404 0.00145133 -0.000348598 -0.00402406
102.64 8.33555 -0.0567017 1.444 0.000227578 -0.000361756 -0.00402751
102.66 8.33541 -0.0579629 1.44395 -0.000881669 -0.000366451 -0.0040312
102.683 8.33527 -0.0592176 1.44391 -0.0018179 -0.000354612 -0.00403548
102.702 8.33513 -0.0604616 1.44386 -0.00265926 -0.000347628 -0.00403988
102.722 8.33499 -0.061692 1.44382 -0.00336776 -0.000339051 -0.00404394
102.743 8.33486 -0.0629059 1.44377 -0.00395424 -0.000335299 -0.0040493
102.763 8.33473 -0.0641008 1.44372 -0.00445824 -0.000340769 -0.00405519
102.783 8.33461 -0.0652751 1.44367 -0.00485214 -0.000360153 -0.00406007
102.802 8.33448 -0.066427 1.44362 -0.00517636 -0.000369971 -0.00406356
102.822 8.33436 -0.0675552 1.44357 -0.00545542 -0.000380733 -0.00406914
102.843 8.33425 -0.0686588 1.44351 -0.00568124 -0.000408245 -0.00407538
102.863 8.33413 -0.0697367 1.44345 -0.00587889 -0.00044372 -0.00407783
102.883 8.33402 -0.0707883 1.44338 -0.00606386 -0.000458162 -0.00408026
102.903 8.33391 -0.0718129 1.4433 -0.00621997 -0.000466981 -0.00408463
102.923 8.33381 -0.07281 1.44322 -0.00636473 -0.000462112 -0.00409113
102.944 8.3337 -0.073779 1.44314 -0.00649815 -0.000434528 -0.0040974
102.964 8.3336 -0.0747195 1.44306 -0.00663097 -0.00039509 -0.00410212
102.985 8.3335 -0.075631 1.44297 -0.00678083 -0.000362982 -0.00410664
103.005 8.33341 -0.076513 1.44289 -0.00691679 -0.000302088 -0.0041079
103.024 8.33332 -0.0773652 1.4428 -0.00704375 -0.000249607 -0.00410622
103.045 8.33323 -0.0781869 1.44272 -0.00717665 -0.000220054 -0.00410817
103.065 8.33315 -0.0789781 1.44264 -0.0072975 -0.000171827 -0.00411055
103.088 8.33307 -0.0797381 1.44256 -0.00741246 -0.000137596 -0.00411179
103.105 8.33299 -0.0804667 1.44248 -0.00751863 -0.000134656 -0.00411272
103.125 8.33292 -0.0811635 1.44241 -0.00761755 -0.000136221 -0.00411347
103.15 8.33285 -0.0818282 1.44234 -0.00772911 -0.00014824 -0.0041141
103.168 8.33278 -0.0824605 1.44226 -0.00784122 -0.00015408 -0.00411483
103.189 8.33272 -0.08306 1.44219 -0.0079471 -0.000137557 -0.00411751
103.209 8.33267 -0.0836265 1.44212 -0.00806686 -0.000127965 -0.00411527
103.229 8.33261 -0.0841596 1.44206 -0.00817969 -0.000123081 -0.00411379
103.249 8.33256 -0.0846589 1.44199 -0.00828372 -0.00010885 -0.00411441
103.27 8.33252 -0.0851244 1.44193 -0.00836528 -0.000104239 -0.00411442
103.291 8.33247 -0.0855556 1.44188 -0.00842427 -0.000107384 -0.00411402
103.309 8.33244 -0.0859525 1.44184 -0.00848521 -8.50419e-05 -0.00411354
103.329 8.3324 -0.0863149 1.4418 -0.00853207 -6.55823e-05 -0.00411222
103.351 8.33237 -0.0866427 1.44177 -0.00857154 -6.90576e-05 -0.00411045
103.371 8.33235 -0.0869356 1.44175 -0.00863293 -8.57105e-05 -0.00410945
103.392 8.33232 -0.0871937 1.44174 -0.00870479 -9.87903e-05 -0.00410973
103.411 8.33231 -0.0874167 1.44175 -0.00878214 -0.000101291 -0.00410804
103.431 8.33229 -0.0876045 1.44176 -0.00886143 -9.6808e-05 -0.00410478
103.453 8.33228 -0.0877571 1.44179 -0.00892643 -9.73411e-05 -0.00410171
103.471 8.33227 -0.0878741 1.44182 -0.00898411 -8.88494e-05 -0.00409844
103.493 8.33227 -0.0879556 1.44187 -0.00903988 -8.52474e-05 -0.00409347
103.513 8.33227 -0.0880013 1.44192 -0.00908937 -9.40295e-05 -0.00408998
103.535 8.33228 -0.0880111 1.44199 -0.00915976 -9.80121e-05 -0.00408786
103.558 8.33229 -0.0879847 1.44207 -0.0092773 -0.000104306 -0.00408541
103.577 8.3323 -0.0879217 1.44215 -0.00942599 -0.000121396 -0.00408382
103.598 8.33231 -0.0878218 1.44225 -0.0095897 -0.000136838 -0.00408161
103.619 8.33233 -0.0876846 1.44237 -0.00974285 -0.000158894 -0.00407962
103.637 8.33236 -0.0875098 1.44248 -0.00987013 -0.000193983 -0.00407354
103.662 8.33238 -0.0872971 1.44261 -0.00995437 -0.000227103 -0.00406874
103.681 8.33241 -0.0870464 1.44274 -0.00998911 -0.000260064 -0.00406503
103.701 8.33244 -0.0867576 1.44288 -0.00997661 -0.000288632 -0.0040602
103.721 8.33248 -0.0864309 1.44302 -0.00991856 -0.000289851 -0.00405462
103.741 8.33252 -0.0860667 1.44317 -0.00981952 -0.000282308 -0.00405099
103.762 8.33256 -0.0856653 1.44332 -0.00969171 -0.000271586 -0.00404536
103.782 8.3326 -0.0852274 1.44348 -0.00954318 -0.000238279 -0.00404227
103.805 8.33265 -0.0847537 1.44364 -0.0093791 -0.000217374 -0.00403835
103.823 8.3327 -0.0842449 1.4438 -0.00918613 -0.000218185 -0.00403423
103.842 8.33276 -0.0837019 1.44396 -0.00897033 -0.000194714 -0.00403252
103.863 8.33282 -0.0831257 1.44412 -0.00874547 -0.000170436 -0.00403054
103.884 8.33288 -0.0825171 1.44427 -0.00852532 -0.000163896 -0.00402733
103.904 8.33294 -0.0818771 1.44443 -0.00830961 -0.000151334 -0.00402268
103.923 8.33301 -0.0812067 1.44458 -0.00810109 -0.000132578 -0.00401914
103.945 8.33308 -0.0805066 1.44474 -0.00790677 -0.000118713 -0.00401597
103.966 8.33315 -0.0797779 1.44489 -0.0077046 -8.79974e-05 -0.00401305
103.985 8.33323 -0.0790214 1.44505 -0.00749023 -0.000101738 -0.00400981
104.007 8.33331 -0.0782382 1.44521 -0.00726575 -0.000129286 -0.00400522
104.026 8.3334 -0.0774291 1.44537 -0.00703197 -0.000141232 -0.00400071
104.046 8.33348 -0.0765951 1.44553 -0.00681223 -0.000160842 -0.0039959
104.067 8.33357 -0.075737 1.44569 -0.00660115 -0.000178506 -0.00399189
104.087 8.33367 -0.0748559 1.44585 -0.00639193 -0.000179347 -0.00398903
104.108 8.33377 -0.0739525 1.44601 -0.00620171 -0.000187867 -0.0039852
104.127 8.33387 -0.0730277 1.44617 -0.00601619 -0.000184677 -0.00398162
104.147 8.33397 -0.0720823 1.44634 -0.00583639 -0.000166295 -0.00397682
104.17 8.33408 -0.0711171 1.4465 -0.00566796 -0.000147182 -0.00397277
104.189 8.33419 -0.0701328 1.44667 -0.0054923 -2.8947e-05 -0.00397043
104.209 8.33429 -0.0691302 1.44685 -0.00531428 -0.000155353 -0.0039638
104.229 8.3344 -0.0681101 1.44703 -0.00512921 -0.000181105 -0.00395661
104.25 8.33452 -0.0670732 1.44722 -0.00493891 -0.000150696 -0.00395231
104.271 8.33463 -0.0660202 1.44741 -0.00475896 -0.00021718 -0.00394726
104.292 8.33474 -0.0649519 1.44762 -0.00459233 -0.000113668 -0.00394504
104.311 8.33484 -0.063869 1.44783 -0.00442258 -0.000241113 -0.00394119
104.331 8.33496 -0.0627722 1.44806 -0.00425675 -0.000117979 -0.00393839
104.351 8.33506 -0.0616623 1.44829 -0.00409571 -0.000217007 -0.0039357
104.373 8.33517 -0.0605398 1.44853 -0.0039478 -8.58473e-05 -0.00393673
104.392 8.33527 -0.0594053 1.44877 -0.00381147 -0.000129108 -0.00393438
104.416 8.33538 -0.0582595 1.44903 -0.00368709 -3.77478e-05 -0.00393063
104.432 8.33548 -0.0571029 1.4493 -0.00357178 -5.24646e-05 -0.00392625
104.452 8.33558 -0.055936 1.44958 -0.00345154 -0.000211558 -0.00392359
104.473 8.33568 -0.0547594 1.44986 -0.00332874 -7.01841e-05 -0.00392269
104.493 8.33577 -0.0535734 1.45015 -0.00321379 -0.000194992 -0.00391923
104.514 8.33587 -0.0523787 1.45045 -0.00309727 -0.000123226 -0.00391586
104.534 8.33596 -0.0511757 1.45076 -0.00297116 -0.000167662 -0.00391322
104.554 8.33605 -0.0499647 1.45107 -0.00288909 -0.000301173 -0.00390846
104.577 8.33614 -0.0487453 1.45138 -0.0029792 -0.00017028 -0.0039036
104.594 8.33622 -0.0475172 1.4517 -0.00321057 -0.000232767 -0.00389918
104.616 8.3363 -0.0462801 1.45203 -0.00349937 -0.000239268 -0.00389623
104.635 8.33639 -0.0450333 1.45236 -0.00379911 -0.000263736 -0.00389153
104.655 8.33646 -0.0437756 1.45269 -0.00407067 -0.000360341 -0.00388551
104.679 8.33654 -0.0425062 1.45302 -0.00431593 -0.000278616 -0.00388276
104.7 8.33661 -0.0412243 1.45334 -0.00451047 -0.000296907 -0.00388126
104.717 8.33667 -0.0399292 1.45367 -0.00463922 -0.000343022 -0.0038797
104.736 8.33674 -0.0386205 1.45399 -0.004709 -0.000211474 -0.00387761
104.756 8.3368 -0.0372979 1.45431 -0.00471532 -0.000273884 -0.00387569
104.777 8.33686 -0.0359615 1.45463 -0.00465771 -0.000296761 -0.00387467
104.796 8.33692 -0.0346115 1.45495 -0.00453895 -0.000285175 -0.00387323
104.82 8.33697 -0.0332483 1.45526 -0.00438495 -0.000334122 -0.00387326
104.837 8.33703 -0.0318726 1.45556 -0.00420536 -0.00027009 -0.00387138
104.857 8.33707 -0.030485 1.45586 -0.00399586 -0.000385661 -0.00386927
104.878 8.33713 -0.0290864 1.45614 -0.00377912 -0.000336085 -0.00386886
104.897 8.33717 -0.0276775 1.45643 -0.00354926 -0.000173712 -0.00386805
104.919 8.33721 -0.0262594 1.45671 -0.00331501 -0.000224725 -0.00386619
104.938 8.33726 -0.0248328 1.45698 -0.00309166 -0.000145108 -0.00386552
104.959 8.3373 -0.0233987 1.45723 -0.00286569 -7.66101e-05 -0.00386361
104.979 8.33734 -0.0219581 1.45748 -0.00264542 -0.000131139 -0.00386184
104.998 8.33737 -0.0205117 1.45771 -0.00243767 -2.371e-05 -0.00386532
105.023 8.3374 -0.0190604 1.45793 -0.00223051 -0.000160137 -0.00386542
105.038 8.33744 -0.0176051 1.45813 -0.00204455 -5.3375e-06 -0.00386504
105.058 8.33747 -0.0161463 1.45832 -0.00186416 -0.000134128 -0.00386457
105.08 8.3375 -0.014685 1.4585 -0.001693 -3.72143e-05 -0.00386254
105.1 8.33753 -0.0132217 1.45866 -0.00153807 -8.71627e-05 -0.0038642
105.123 8.33756 -0.011757 1.45881 -0.00139141 -8.15085e-05 -0.00386555
105.14 8.33759 -0.0102916 1.45894 -0.00125446 -0.000165946 -0.00386572
105.161 8.33761 -0.0088259 1.45905 -0.00112754 -0.000289416 -0.00386611
105.183 8.33763 -0.00736055 1.45915 -0.00100106 -0.000221872 -0.00386683
105.201 8.33765 -0.00589596 1.45923 -0.000881438 -0.000376052 -0.003868
105.221 8.33767 -0.00443257 1.45929 -0.000779937 -0.000250638 -0.00386645
105.242 8.33769 -0.00297083 1.45934 -0.000673691 -0.000334932 -0.0038662
105.261 8.3377 -0.00151116 1.45938 -0.000574583 -0.000185568 -0.00386619
105.285 8.33771 -5.3847e-05 1.4594 -0.000484631 -0.000225664 -0.00386781
105.304 8.33773 0.00140069 1.45942 -0.000403963 -0.000114451 -0.00386826
105.325 8.33774 0.00285217 1.45943 -0.000327528 -0.000176541 -0.00386995
105.344 8.33774 0.00430029 1.45943 -0.000251007 -0.000311306 -0.00387427
105.363 8.33775 0.00574469 1.45942 -0.000175761 -0.000130328 -0.0038766
105.386 8.33775 0.00718511 1.4594 -9.40173e-05 -0.00025431 -0.00387638
105.404 8.33775 0.00862129 1.45938 -1.77856e-05 -0.000190718 -0.00387873
105.427 8.33775 0.0100529 1.45936 5.91493e-05 -0.000214052 -0.00387891
105.445 8.33774 0.0114797 1.45933 0.000130487 -0.000275995 -0.00387802
105.466 8.33773 0.0129015 1.45929 0.000189956 -0.00038453 -0.00387745
105.49 8.33772 0.014318 1.45925 0.000238062 -0.000207474 -0.00387715
105.507 8.33771 0.0157292 1.4592 0.000275967 -0.000236896 -0.00387862
105.528 8.33768 0.0171346 1.45916 0.000322931 -0.000385854 -0.00387793
105.548 8.33767 0.0185342 1.45911 0.000382968 -0.000218104 -0.00387722
105.568 8.33765 0.0199278 1.45907 0.000435724 -0.0002382 -0.00387772
105.588 8.33762 0.0213166 1.45902 0.000268191 -0.000262571 -0.00387964
105.608 8.33758 0.0227017 1.45898 -0.000210262 -0.000312883 -0.00387766
105.628 8.33755 0.0240844 1.45893 -0.00087683 -0.000176374 -0.0038757
105.649 8.33752 0.0254664 1.45888 -0.00159296 -0.000208418 -0.00387249
105.669 8.33748 0.0268503 1.45883 -0.00230389 -0.00033407 -0.00387075
105.693 8.33744 0.0282386 1.45878 -0.0029766 -0.000195642 -0.00387142
105.71 8.3374 0.0296335 1.45873 -0.00356179 -0.000235334 -0.0038711
105.732 8.33735 0.0310376 1.45868 -0.00406602 -0.000366116 -0.00387498
105.75 8.33731 0.0324525 1.45863 -0.00448023 -0.000244251 -0.00387468
105.771 8.33725 0.0338798 1.45858 -0.00479267 -0.000386053 -0.00387249
105.791 8.33721 0.0353208 1.45853 -0.00501469 -0.000308686 -0.00387141
105.812 8.33715 0.0367763 1.45847 -0.00514588 -0.000424286 -0.0038704
105.833 8.3371 0.0382467 1.45842 -0.00519523 -0.000312216 -0.00386989
105.852 8.33704 0.0397323 1.45836 -0.00518186 -0.000389122 -0.00387111
105.872 8.33699 0.0412333 1.45831 -0.00513335 -0.000297928 -0.00387461
105.893 8.33693 0.0427493 1.45825 -0.00506067 -0.00025901 -0.00387435
105.913 8.33687 0.0442801 1.45818 -0.00496895 -0.000371155 -0.00387357
105.934 8.33681 0.0458254 1.45811 -0.00486762 -0.000230859 -0.00387467
105.954 8.33674 0.0473846 1.45804 -0.00475596 -0.000347397 -0.00387482
105.974 8.33669 0.0489575 1.45796 -0.00465121 -0.000237228 -0.0038766
105.997 8.33662 0.0505434 1.45787 -0.00454127 -0.000306961 -0.00387646
106.018 8.33656 0.052142 1.45778 -0.00442726 -0.00024417 -0.00387559
106.037 8.33649 0.0537527 1.45769 -0.00431252 -0.000233401 -0.00387532
106.058 8.33643 0.0553751 1.4576 -0.00420343 -9.86866e-05 -0.00387679
106.078 8.33636 0.0570088 1.45751 -0.00409643 -0.000168777 -0.00387854
106.098 8.3363 0.0586533 1.45742 -0.0039938 -0.000222272 -0.00388162
106.119 8.33623 0.0603082 1.45732 -0.00390697 -0.000123841 -0.00388358
106.14 8.33616 0.0619731 1.45723 -0.00382332 -0.000279991 -0.00388267
106.159 8.3361 0.0636475 1.45713 -0.00374117 -0.000174082 -0.00388348
106.178 8.33603 0.0653313 1.45703 -0.00367277 -0.000299365 -0.00388535
106.199 8.33596 0.0670241 1.45694 -0.00361253 -0.000246866 -0.00388468
106.22 8.33589 0.0687257 1.45685 -0.00356709 -0.000220235 -0.00388463
106.241 8.33582 0.0704359 1.45675 -0.00354002 -0.000325721 -0.00388555
106.26 8.33575 0.0721544 1.45666 -0.00353032 -0.000173193 -0.00388459
106.281 8.33568 0.0738814 1.45656 -0.00352874 -0.000259413 -0.00388751
106.303 8.33561 0.0756166 1.45647 -0.00353255 -0.000135294 -0.00388996
106.32 8.33554 0.0773601 1.45637 -0.00353082 -0.000223735 -0.00389047
106.344 8.33548 0.0791116 1.45628 -0.00352064 -0.000115899 -0.00388966
106.362 8.3354 0.0808713 1.45618 -0.00350049 -0.000203622 -0.00388903
106.381 8.33534 0.0826389 1.45607 -0.00348326 -0.000131365 -0.00388708
106.401 8.33527 0.0844145 1.45597 -0.00345472 -0.000270042 -0.00388575
106.423 8.33521 0.0861978 1.45587 -0.00342 -0.000218286 -0.00388466
106.445 8.33514 0.0879887 1.45576 -0.00338535 -0.000323211 -0.00388601
106.462 8.33507 0.0897872 1.45566 -0.00336007 -0.000331616 -0.00388572
106.482 8.335 0.0915931 1.45556 -0.00334156 -0.000300411 -0.00388486
106.503 8.33494 0.0934063 1.45546 -0.00332573 -0.000296167 -0.00388394
106.523 8.33487 0.0952267 1.45537 -0.00331837 -0.00018915 -0.00388579
106.544 8.33481 0.0970542 1.45527 -0.00331066 -0.000277849 -0.00388387
106.563 8.33474 0.0988888 1.45518 -0.00330096 -0.000146984 -0.00388536
106.585 8.33467 0.100731 1.45508 -0.00330751 -0.000251475 -0.00388511
106.608 8.33461 0.102581 1.455 -0.00364825 -0.000165922 -0.00388424
106.625 8.33454 0.104443 1.45492 -0.00443859 -0.000169695 -0.00388416
106.646 8.33447 0.106318 1.45485 -0.00547587 -0.000310528 -0.00388369
106.666 8.33441 0.108209 1.45479 -0.00659096 -0.000195662 -0.00388431
106.686 8.33433 0.110119 1.45474 -0.00765439 -0.000341426 -0.00388042
106.706 8.33427 0.112053 1.4547 -0.00864273 -0.000344638 -0.00387947
106.726 8.3342 0.114014 1.45466 -0.00952392 -0.000304921 -0.00387713
106.75 8.33413 0.116005 1.45464 -0.0102546 -0.000365484 -0.00387365
106.767 8.33407 0.11803 1.45462 -0.0108471 -0.000229427 -0.00387316
106.787 8.334 0.120089 1.45462 -0.0112831 -0.000355201 -0.00386969
106.809 8.33393 0.122185 1.45463 -0.0115723 -0.000236146 -0.00386998
106.829 8.33386 0.124319 1.45465 -0.0117383 -0.000319304 -0.00386686
106.85 8.3338 0.126492 1.45468 -0.0117909 -0.000286215 -0.00386405
106.87 8.33374 0.128704 1.45473 -0.0117438 -0.000171949 -0.00386359
106.89 8.33367 0.130954 1.45478 -0.0116138 -0.000280654 -0.00386187
106.912 8.33361 0.133242 1.45485 -0.0114215 -0.000156157 -0.0038595
106.929 8.33354 0.135567 1.45493 -0.0111791 -0.000242429 -0.00385642
106.951 8.33348 0.137928 1.45502 -0.0109075 -0.000236471 -0.00385659
106.97 8.33342 0.140324 1.45513 -0.0106236 -0.000191101 -0.00385836
106.99 8.33336 0.142754 1.45524 -0.0103328 -0.000234021 -0.00385819
107.012 8.33331 0.145217 1.45536 -0.0100494 -0.000217187 -0.00385985
107.031 8.33325 0.147712 1.45549 -0.00977127 -0.00021256 -0.00386004
107.052 8.33321 0.150236 1.45562 -0.00949615 -0.000238375 -0.00385797
107.071 8.33316 0.15279 1.45574 -0.00923607 -0.00026808 -0.00385848
107.09 8.33312 0.155372 1.45587 -0.00899574 -0.000193964 -0.00385931
107.112 8.33307 0.157981 1.45599 -0.00876523 -0.000327379 -0.00385494
107.132 8.33303 0.160615 1.45611 -0.00855677 -0.00033321 -0.0038577
107.154 8.33299 0.163275 1.45624 -0.00837699 -0.000268569 -0.00385859
107.172 8.33296 0.165959 1.45636 -0.00822268 -0.000272174 -0.00385684
107.192 8.33292 0.168667 1.45649 -0.00809096 -0.000301832 -0.00385888
107.215 8.33289 0.171398 1.45661 -0.00797057 -0.000316308 -0.00385851
107.233 8.33287 0.174151 1.45673 -0.0078564 -0.000317103 -0.00385852
107.254 8.33284 0.176926 1.45685 -0.00775425 -0.000310352 -0.00385714
107.273 8.33282 0.179723 1.45697 -0.00765839 -0.000299519 -0.00385681
107.293 8.3328 0.182541 1.45708 -0.00756358 -0.000290751 -0.00385964
107.314 8.33279 0.185379 1.45718 -0.00746975 -0.000281811 -0.00386152
107.334 8.33278 0.188237 1.45728 -0.00737027 -0.000282589 -0.00386148
107.357 8.33277 0.191114 1.45737 -0.00726909 -0.000288533 -0.00386072
107.375 8.33276 0.194011 1.45745 -0.00716843 -0.000294942 -0.0038564
107.395 8.33276 0.196926 1.45753 -0.00707125 -0.000293393 -0.00385242
107.421 8.33276 0.19986 1.45759 -0.00697663 -0.00027656 -0.00385107
107.439 8.33276 0.202811 1.45764 -0.00688737 -0.000254837 -0.00385446
107.461 8.33277 0.20578 1.45768 -0.00680902 -0.000232896 -0.00385578
107.479 8.33278 0.208766 1.4577 -0.00675012 -0.000222476 -0.00385614
107.5 8.33279 0.211769 1.45772 -0.00669062 -0.000111195 -0.00385628
107.521 8.3328 0.214788 1.45772 -0.00661445 -0.000222872 -0.00385332
107.54 8.33282 0.217823 1.45772 -0.00653166 -0.000177034 -0.00385335
107.561 8.33283 0.220874 1.45771 -0.00643884 -0.000140332 -0.00385479
107.581 8.33286 0.22394 1.4577 -0.00634246 -7.41912e-05 -0.00385426
107.601 8.33287 0.227021 1.45767 -0.00629458 -0.000188433 -0.00385161
107.622 8.33289 0.230121 1.45766 -0.00674951 -0.000169323 -0.00384876
107.642 8.33292 0.23324 1.45764 -0.0078864 3.28094e-05 -0.003849
107.663 8.33294 0.236383 1.45763 -0.00938705 -5.58857e-05 -0.00384759
107.681 8.33297 0.239553 1.45762 -0.0109683 6.12008e-05 -0.00384746
107.702 8.33299 0.242756 1.45761 -0.0124923 -5.28385e-05 -0.003844
107.723 8.33302 0.245996 1.4576 -0.0138733 1.71056e-05 -0.00384087
107.744 8.33305 0.249279 1.45758 -0.0150561 -9.17938e-05 -0.00383469
107.762 8.33307 0.25261 1.45756 -0.0160403 -0.000146128 -0.00383578
107.782 8.33311 0.255991 1.45754 -0.0168135 -3.29985e-05 -0.00383624
107.804 8.33313 0.259426 1.45751 -0.0173646 -0.000177892 -0.00383084
107.824 8.33316 0.262917 1.45749 -0.0177004 -9.54166e-05 -0.00383249
107.844 8.33319 0.266464 1.45747 -0.0178405 -0.00020582 -0.00383037
107.866 8.33322 0.270069 1.45745 -0.0178091 -0.000209729 -0.00383188
107.887 8.33325 0.273731 1.45742 -0.0176238 -8.22772e-05 -0.00383278
107.905 8.33328 0.277449 1.4574 -0.017309 -0.000223523 -0.00382725
107.927 8.33331 0.281223 1.45738 -0.0168977 -0.000201643 -0.00382435
107.952 8.33335 0.28505 1.45735 -0.0164087 -7.12525e-05 -0.0038236
107.974 8.33338 0.288929 1.45733 -0.0158618 -0.000250188 -0.00381904
107.995 8.33341 0.292857 1.45731 -0.0152974 -0.000160439 -0.00382127
108.014 8.33345 0.296832 1.4573 -0.0147284 -0.000149921 -0.00381817
108.037 8.33347 0.300852 1.45728 -0.0141606 -0.000285405 -0.00381487
108.058 8.33351 0.304915 1.45727 -0.0136135 -0.000142908 -0.00381541
108.078 8.33354 0.309018 1.45726 -0.0130929 -0.000229027 -0.00381332
108.098 8.33357 0.31316 1.45725 -0.012613 -0.000256587 -0.00380991
108.118 8.3336 0.317337 1.45725 -0.0121704 -0.000207705 -0.00381105
108.142 8.33363 0.321549 1.45725 -0.0117815 -0.000241762 -0.00380962
108.159 8.33367 0.325795 1.45726 -0.0114524 -0.000217787 -0.00380613
108.179 8.3337 0.330071 1.45727 -0.0111662 -0.000235483 -0.00380484
108.198 8.33373 0.334378 1.45728 -0.0109092 -0.000116363 -0.00380519
108.22 8.33376 0.338713 1.4573 -0.0106747 -0.000234637 -0.00380346
108.24 8.3338 0.343077 1.45731 -0.0104613 -0.000104297 -0.00380467
108.258 8.33382 0.347467 1.45733 -0.0102568 -0.000209013 -0.00380107
108.28 8.33386 0.351884 1.45735 -0.01006 -0.000108954 -0.00379867
108.299 8.33389 0.356326 1.45736 -0.00986549 -0.000176748 -0.00379357
108.319 8.33393 0.360792 1.45738 -0.00967283 -9.70054e-05 -0.0037953
108.34 8.33396 0.365281 1.45739 -0.00947922 -0.00014445 -0.0037956
108.36 8.33399 0.369793 1.4574 -0.00927677 -0.000143723 -0.00379384
108.383 8.33403 0.374327 1.45742 -0.00905593 -2.06182e-05 -0.00379502
108.401 8.33406 0.378881 1.45742 -0.00881032 -0.000155551 -0.00378941
108.421 8.3341 0.383455 1.45743 -0.00855779 -4.69766e-05 -0.00378818
108.442 8.33414 0.388048 1.45743 -0.00830867 -0.00012795 -0.00378504
108.461 8.3349 0.389565 1.45696 -0.00726741 -0.000242021 -0.000701334
108.486 8.33557 0.389434 1.4563 -0.00692859 -0.000841451 -1.7802e-05
108.5 8.33615 0.389231 1.45602 -0.00788284 -0.00344614 0.000516105
108.521 8.33663 0.388932 1.45611 -0.0101649 -0.00611304 0.000908051
108.542 8.33704 0.388544 1.45649 -0.0134123 -0.00787494 0.00131882
108.565 8.33737 0.388104 1.45705 -0.0173412 -0.00899964 0.00171621
108.584 8.33763 0.387646 1.45771 -0.0215798 -0.0094335 0.00211507
108.604 8.33783 0.387197 1.45841 -0.0258679 -0.00928145 0.00250612
108.625 8.33798 0.386788 1.45911 -0.0299483 -0.00892284 0.00283697
108.646 8.33808 0.386436 1.45979 -0.033587 -0.00831881 0.00311359
108.667 8.33813 0.386148 1.46045 -0.036837 -0.00806229 0.00325851
108.689 8.33815 0.385925 1.4611 -0.0395206 -0.00781659 0.00332956
108.705 8.33812 0.385779 1.46173 -0.0413266 -0.0073678 0.00335984
108.726 8.33808 0.385757 1.46235 -0.0415217 -0.00634305 0.00338056
108.749 8.33802 0.385881 1.46291 -0.0397655 -0.00488458 0.00338432
108.769 8.33796 0.386141 1.4634 -0.0363717 -0.00363633 0.00337381
108.788 8.33789 0.386504 1.46381 -0.0319062 -0.00232052 0.0033039
108.808 8.3378 0.38691 1.46412 -0.027279 -0.00136315 0.0031483
108.829 8.33771 0.387342 1.46434 -0.0226753 -0.000449048 0.00292067
109.033 8.33763 0.387789 1.46447 -0.0181916 0.000423907 0.0026315
109.052 8.33753 0.388203 1.46452 -0.0144402 0.00109157 0.00223417
109.076 8.33744 0.388593 1.46449 -0.0111527 0.00155251 0.00178915
109.094 8.33737 0.38895 1.4644 -0.00838859 0.00202284 0.00128917
109.115 8.33731 0.389257 1.46425 -0.00634005 0.00231428 0.000726277
109.136 8.33727 0.38953 1.46404 -0.00468974 0.00248449 0.000150653
109.155 8.33729 0.389631 1.46376 -0.00385859 0.00219966 2.17635e-05
109.175 8.33734 0.38969 1.46344 -0.00324296 0.00190154 2.18936e-05
109.195 8.33741 0.38974 1.46311 -0.00269344 0.00180468 4.03742e-05
109.216 8.33751 0.38978 1.46278 -0.0021822 0.00163202 8.53935e-05
109.235 8.33764 0.389812 1.46243 -0.00171286 0.00143905 0.000157867
109.255 8.33781 0.389836 1.46208 -0.00125656 0.00130125 0.000258715
109.275 8.33803 0.389852 1.46172 -0.000853415 0.00107155 0.000377015
109.295 8.3383 0.38986 1.46134 -0.000468684 0.00100762 0.000522148
109.316 8.33862 0.389862 1.46096 -0.000113185 0.000919444 0.00069017
109.337 8.33898 0.389836 1.46056 9.35327e-06 0.000880235 0.000848404
109.36 8.33939 0.389796 1.46014 -9.85282e-05 0.000949864 0.000987665
109.379 8.33985 0.389758 1.4597 -0.000213962 0.000993385 0.00111947
109.397 8.34037 0.38972 1.45924 -0.000320202 0.00102127 0.00124403
109.418 8.34094 0.389683 1.45875 -0.000412102 0.00104409 0.00135932
109.438 8.34156 0.389648 1.45824 -0.000481041 0.00104633 0.00147271
109.458 8.34224 0.389615 1.4577 -0.000476486 0.00105107 0.0015734
109.481 8.34298 0.389584 1.45714 -0.000437698 0.00107608 0.00166965
109.5 8.34378 0.389555 1.45657 -0.000372641 0.00107901 0.00175974
109.52 8.34464 0.389527 1.45597 -0.000265831 0.00107285 0.00183748
109.541 8.34556 0.3895 1.45536 -0.000129519 0.00106804 0.00190946
109.561 8.34654 0.389474 1.45474 1.01919e-05 0.00102817 0.00197362
109.582 8.34759 0.389447 1.45411 0.000194124 0.00111425 0.00203143
109.601 8.3487 0.389421 1.45347 0.000379984 0.000964758 0.00208614
109.621 8.34987 0.389393 1.45283 0.000522232 0.00106457 0.00213481
109.642 8.35111 0.389363 1.4522 0.000668295 0.00110631 0.00217953
109.661 8.35242 0.389327 1.45156 0.000776256 0.00110627 0.00221216
109.684 8.3538 0.389287 1.45093 0.000865617 0.00115743 0.00224306
109.702 8.35524 0.389243 1.45031 0.000971703 0.00116562 0.00227008
109.722 8.35676 0.389197 1.44969 0.00105965 0.00103479 0.00229198
109.744 8.35834 0.389146 1.44909 0.00111874 0.00109664 0.00231233
109.763 8.36001 0.389092 1.4485 0.001159 0.0011343 0.0023324
109.783 8.36174 0.389034 1.44791 0.00119215 0.00113467 0.00234918
109.805 8.36355 0.388971 1.44734 0.001223 0.00104317 0.0023641
109.823 8.36544 0.388904 1.44678 0.0012413 0.00122143 0.0023749
109.846 8.36743 0.388833 1.44622 0.00118733 -0.000120634 0.00237727
109.865 8.36973 0.388756 1.44574 0.00152356 0.000761896 0.00236054
109.888 8.37227 0.388674 1.44531 0.0018746 0.000655056 0.00234437
109.905 8.37502 0.388586 1.44493 0.00216788 4.3946e-05 0.00232806
109.925 8.378 0.38849 1.44457 0.00243781 -4.64338e-05 0.00230973
109.946 8.38118 0.388386 1.44424 0.00270705 -0.000109816 0.00228928
109.966 8.38459 0.388271 1.4439 0.002947 -9.93842e-05 0.0022668
109.986 8.38819 0.388147 1.44357 0.00315683 -0.000313201 0.00224341
110.006 8.39202 0.388011 1.44325 0.00331476 -0.000221779 0.0022217
110.026 8.39604 0.387863 1.44294 0.00342774 -0.000239167 0.00219849
110.047 8.40026 0.387703 1.44264 0.00350456 -0.000298253 0.00217212
110.071 8.40469 0.38753 1.44236 0.00355164 -0.000218859 0.00214681
110.09 8.40931 0.387345 1.44208 0.00357117 -0.000229426 0.00212031
110.108 8.41413 0.387147 1.44182 0.00356779 -0.000242473 0.00209367
110.128 8.41913 0.386936 1.44156 0.00354801 -0.000211993 0.00206621
110.148 8.42433 0.386712 1.44133 0.00351514 -0.00017508 0.00204086
110.171 8.42972 0.386475 1.4411 0.00347791 -0.000123773 0.00201095
110.191 8.4353 0.386226 1.4409 0.00344009 -7.36211e-05 0.00197962
110.209 8.44107 0.385965 1.4407 0.00340201 -7.0814e-05 0.00194803
110.229 8.44701 0.385692 1.44053 0.00336244 2.68909e-06 0.00191549
110.25 8.45314 0.385406 1.44037 0.0033263 -1.90311e-06 0.0018795
110.27 8.45945 0.385109 1.44022 0.00329186 1.96224e-05 0.00184423
110.29 8.46595 0.384801 1.44008 0.00325858 0.000154889 0.00181365
110.31 8.47261 0.38448 1.43995 0.0032294 0.000109185 0.00178245
110.33 8.47946 0.384149 1.43984 0.0032001 0.000260508 0.00174837
110.356 8.48648 0.383806 1.43974 0.00317724 0.00023014 0.00171095
110.374 8.49368 0.383453 1.43965 0.0031514 0.000369762 0.00167557
110.395 8.50105 0.383088 1.43958 0.00311999 0.00049493 0.0016374
110.416 8.50859 0.382713 1.43952 0.00309456 0.000478898 0.00160036
110.437 8.51628 0.382327 1.43947 0.00306539 0.000614725 0.00156362
110.457 8.52413 0.381931 1.43944 0.00302427 0.000678563 0.00152661
110.477 8.53213 0.381524 1.43942 0.00298616 0.000834239 0.00148845
110.498 8.54028 0.381107 1.4394 0.00293363 0.00100142 0.00145355
110.517 8.54857 0.380681 1.43939 0.00289658 0.00104453 0.00141739
110.537 8.55699 0.380244 1.4394 0.00285971 0.00114951 0.0013818
110.559 8.56555 0.379798 1.4394 0.00280847 0.00124122 0.00134497
110.577 8.57424 0.379343 1.43942 0.00275399 0.00138357 0.00131003
110.599 8.58306 0.378878 1.43943 0.00270582 0.00146819 0.00127289
110.618 8.59199 0.378405 1.43945 0.00263229 0.00160296 0.00123712
110.638 8.60103 0.377923 1.43947 0.00257289 0.00161962 0.0012029
110.658 8.61017 0.377432 1.4395 0.00251237 0.00163138 0.00116501
110.678 8.61943 0.376934 1.43953 0.0024318 0.00182072 0.0011289
110.699 8.62878 0.376428 1.43956 0.00238088 0.00184114 0.00109303
110.719 8.63822 0.375914 1.4396 0.00229803 0.00187664 0.00105605
110.739 8.64775 0.375393 1.43965 0.00221619 0.00194351 0.00101841
110.761 8.65738 0.374866 1.4397 0.00215854 0.00208247 0.000979413
110.779 8.66709 0.374331 1.43975 0.00207842 0.00215024 0.000942917
110.801 8.67688 0.373791 1.43981 0.0019983 0.00232181 0.000910234
110.82 8.68674 0.373244 1.43987 0.001938 0.00239804 0.000873325
110.841 8.69668 0.372691 1.43995 0.00188414 0.0023835 0.000834836
110.863 8.70667 0.372134 1.44003 0.00175562 0.00188834 0.000794952
110.883 8.71681 0.37157 1.44014 0.00185524 0.00229708 0.000733503
110.906 8.72706 0.371001 1.44026 0.00193052 0.00263457 0.000669575
110.924 8.73741 0.370426 1.4404 0.00202161 0.0025085 0.000603642
110.944 8.74787 0.369845 1.44056 0.00206101 0.0024988 0.000540959
110.965 8.75841 0.369259 1.44071 0.00205494 0.00261699 0.000477893
110.984 8.76903 0.368666 1.44087 0.00208923 0.00254127 0.000409854
111.007 8.77973 0.368067 1.44104 0.00206083 0.00257364 0.0003455
111.024 8.79049 0.367463 1.44119 0.00202437 0.00253158 0.000281367
111.044 8.80131 0.366852 1.44135 0.00200193 0.00241064 0.000216105
111.066 8.81217 0.366236 1.4415 0.00189144 0.00252406 0.000151968
111.085 8.82308 0.365614 1.44165 0.00183281 0.00239285 8.43102e-05
111.105 8.83402 0.364988 1.4418 0.0017229 0.00230788 1.42217e-05
111.125 8.84498 0.364357 1.44195 0.00157428 0.00231004 -5.48344e-05
111.147 8.85596 0.363721 1.44209 0.00145951 0.00222238 -0.000119658
111.167 8.86696 0.363082 1.44224 0.00129416 0.00214564 -0.000188922
111.187 8.87796 0.362441 1.44238 0.00110559 0.0022131 -0.000256737
111.209 8.88896 0.361797 1.44252 0.000982517 0.00210069 -0.000325685
111.228 8.89995 0.361151 1.44266 0.000797015 0.00219702 -0.000390832
111.247 8.91093 0.360504 1.4428 0.00067588 0.00213729 -0.000452036
111.269 8.92189 0.359857 1.44294 0.000523107 0.00217041 -0.000519186
111.288 8.93281 0.35921 1.44308 0.000377052 0.00210744 -0.000582652
111.31 8.94371 0.358563 1.44322 0.000262051 0.00207986 -0.000646233
111.328 8.95457 0.357917 1.44335 0.000109272 0.002179 -0.000711816
111.349 8.96539 0.357273 1.44349 -5.57186e-06 0.00217968 -0.000774144
111.371 8.97615 0.356631 1.44362 -0.000109847 0.00208746 -0.000837728
111.39 8.98686 0.355991 1.44376 -0.000231048 0.00214108 -0.000900967
111.412 8.99751 0.355354 1.44389 -0.000320594 0.00211732 -0.000961113
111.431 9.00809 0.354721 1.44402 -0.000416277 0.00203235 -0.00102317
111.451 9.0186 0.354092 1.44416 -0.000533214 0.00209484 -0.00108438
111.474 9.02903 0.353466 1.4443 -0.000621753 0.00205489 -0.00114319
111.491 9.03938 0.352845 1.44444 -0.000735597 0.00198862 -0.0012049
111.512 9.04965 0.352229 1.44458 -0.00085317 0.00204105 -0.00126384
111.532 9.05982 0.351619 1.44473 -0.000926447 0.00197457 -0.00131912
111.552 9.06989 0.351014 1.44489 -0.00104457 0.00202591 -0.00137503
111.573 9.07985 0.350415 1.44504 -0.00113278 0.0019313 -0.00142901
111.593 9.08971 0.349823 1.44521 -0.00118873 0.00184511 -0.00148133
111.613 9.09945 0.349237 1.44538 -0.00128815 0.00180934 -0.00153343
111.633 9.10908 0.348659 1.44556 -0.00140013 0.00186931 -0.00158664
111.653 9.11859 0.348088 1.44574 -0.00146815 0.00178086 -0.00163943
111.674 9.12797 0.347525 1.44593 -0.0015562 0.00169241 -0.00168839
111.693 9.13722 0.346969 1.44613 -0.00163477 0.00168322 -0.00173978
111.714 9.14633 0.346423 1.44633 -0.00172445 0.00161785 -0.00179
111.735 9.1553 0.345885 1.44653 -0.00181249 0.00162597 -0.00183904
111.754 9.16413 0.345356 1.44673 -0.00186835 0.00144929 -0.00188625
111.774 9.17282 0.344836 1.44692 -0.00193477 0.00142519 -0.00193333
111.794 9.18135 0.344325 1.44712 -0.00201321 0.00141908 -0.00198008
111.817 9.18973 0.343825 1.4473 -0.0020648 0.00125136 -0.00202526
111.836 9.19795 0.343334 1.44748 -0.00212299 0.00126351 -0.00207035
111.854 9.206 0.342853 1.44764 -0.00216127 0.00118297 -0.00211418
111.88 9.2139 0.342383 1.4478 -0.00216493 0.00144761 -0.0021619
111.898 9.22157 0.341923 1.44795 -0.00226099 0.000984559 -0.00222443
111.919 9.22904 0.341475 1.44811 -0.00239689 0.000672382 -0.00228289
111.939 9.2363 0.341037 1.44827 -0.00252292 0.000693397 -0.00234252
111.958 9.24336 0.340611 1.44843 -0.00262807 0.000702438 -0.00240312
111.98 9.25021 0.340198 1.44858 -0.00271726 0.000636301 -0.00246009
111.999 9.25687 0.339796 1.44872 -0.0027999 0.000571031 -0.00251893
112.023 9.26332 0.339407 1.44884 -0.00286934 0.00044637 -0.00257313
112.041 9.26957 0.339031 1.44895 -0.0029222 0.000462801 -0.00262804
112.061 9.27563 0.338668 1.44904 -0.00296667 0.000481452 -0.00268302
112.083 9.2815 0.338318 1.44913 -0.00299984 0.000432349 -0.0027388
112.103 9.28717 0.337982 1.4492 -0.00301821 0.000396408 -0.00279216
112.123 9.29265 0.337658 1.44927 -0.00302557 0.000382637 -0.00284762
112.143 9.29794 0.337348 1.44933 -0.00302137 0.000262181 -0.002897
112.162 9.30305 0.337051 1.44939 -0.00300935 0.000282611 -0.00295037
112.184 9.30797 0.336768 1.44944 -0.00299437 0.000268959 -0.00300094
112.204 9.31271 0.336497 1.44948 -0.00297093 0.000216149 -0.00305156
112.226 9.31727 0.33624 1.44952 -0.00294382 9.56575e-05 -0.00310019
112.243 9.32165 0.335995 1.44956 -0.00291004 9.49269e-05 -0.00314882
112.263 9.32586 0.335763 1.44959 -0.0028716 9.41102e-05 -0.00319638
112.286 9.3299 0.335543 1.44962 -0.00282906 3.27998e-05 -0.00324346
112.304 9.33376 0.335335 1.44964 -0.00279925 -2.54406e-05 -0.00328873
112.326 9.33745 0.33514 1.44967 -0.00277165 -0.000155822 -0.00333198
112.346 9.34097 0.334957 1.44969 -0.00274861 -0.000123275 -0.00337521
112.365 9.34433 0.334786 1.44972 -0.0027134 -0.000175577 -0.0034173
112.387 9.34753 0.334626 1.44974 -0.00268506 -0.000269501 -0.00345978
112.407 9.35056 0.334478 1.44976 -0.00268004 -0.000431736 -0.00350157
112.429 9.35344 0.334341 1.44978 -0.00267625 -0.000496351 -0.0035439
112.446 9.35616 0.334216 1.4498 -0.00266452 -0.000530937 -0.00358309
112.468 9.35872 0.334103 1.44982 -0.00264511 -0.000612085 -0.00362064
112.488 9.36112 0.334 1.44984 -0.00261651 -0.000809996 -0.0036549
112.508 9.36338 0.333908 1.44986 -0.00259553 -0.000852366 -0.00368907
112.528 9.36549 0.333828 1.44987 -0.0025631 -0.000854941 -0.00372321
112.548 9.36745 0.333758 1.44988 -0.00251802 -0.000939354 -0.00375525
112.569 9.36927 0.333699 1.44989 -0.00248109 -0.00109916 -0.0037875
112.589 9.37094 0.33365 1.4499 -0.00242874 -0.00116917 -0.00381869
112.609 9.37247 0.333611 1.44991 -0.00237639 -0.00121072 -0.0038461
112.629 9.37387 0.333582 1.44991 -0.00232618 -0.00130059 -0.00387186
112.65 9.37513 0.333563 1.44992 -0.00226613 -0.00150701 -0.00389555
112.672 9.37625 0.333553 1.44992 -0.00224071 -0.00147921 -0.0039241
112.692 9.37725 0.333553 1.44993 -0.00220726 -0.00149164 -0.00394848
112.71 9.37811 0.333562 1.44993 -0.00215133 -0.00169451 -0.00396724
112.732 9.37885 0.33358 1.44994 -0.00211593 -0.00170171 -0.00398851
112.751 9.37947 0.333606 1.44995 -0.00208794 -0.00168741 -0.00401059
112.771 9.37996 0.333641 1.44995 -0.00205714 -0.00175901 -0.00402908
112.791 9.38034 0.333684 1.44996 -0.00204091 -0.00188233 -0.00404517
112.812 9.3806 0.333736 1.44996 -0.00200116 -0.00193526 -0.00406299
112.833 9.38074 0.333796 1.44995 -0.00195971 -0.00197634 -0.00407867
112.852 9.38077 0.333864 1.44995 -0.00192251 -0.00212914 -0.00409528
112.873 9.38069 0.333939 1.44994 -0.00189184 -0.00216153 -0.00411046
112.893 9.3805 0.334022 1.44993 -0.0018939 -0.00221445 -0.00412656
112.914 9.38022 0.334113 1.44992 -0.00182532 -0.00237032 -0.00414208
112.935 9.37986 0.33421 1.4499 -0.00171306 -0.00242547 -0.00415374
112.955 9.37941 0.334314 1.44989 -0.00159454 -0.0025688 -0.00416591
112.974 9.37888 0.334424 1.44988 -0.00149999 -0.00257269 -0.00417847
112.996 9.37826 0.33454 1.44986 -0.00139463 -0.00268666 -0.00419115
113.015 9.37757 0.334662 1.44984 -0.0013197 -0.00260732 -0.00420379
113.038 9.37681 0.334789 1.44982 -0.00124057 -0.00267788 -0.00421501
113.055 9.37598 0.334921 1.44979 -0.00120523 -0.00264708 -0.00422683
113.077 9.37509 0.335057 1.44976 -0.00114113 -0.00261357 -0.00423538
113.097 9.37414 0.335197 1.44973 -0.00104616 -0.00269401 -0.0042459
113.116 9.37314 0.335341 1.44969 -0.000985755 -0.00262305 -0.00425506
113.139 9.37209 0.335489 1.44965 -0.000945291 -0.00250174 -0.00426082
113.157 9.37099 0.335641 1.44961 -0.000890368 -0.00255665 -0.00426903
113.177 9.36985 0.335795 1.44957 -0.000878244 -0.00242654 -0.00427935
113.199 9.36867 0.335953 1.44954 -0.000827583 -0.00231647 -0.00428838
113.219 9.36746 0.336114 1.4495 -0.000765401 -0.00222955 -0.00429817
113.239 9.36622 0.336277 1.44947 -0.000724193 -0.00219491 -0.00430622
113.259 9.36496 0.336442 1.44944 -0.000658289 -0.002099 -0.00431316
113.279 9.36367 0.33661 1.44941 -0.000588683 -0.00209408 -0.00431919
113.301 9.36237 0.33678 1.44939 -0.000526774 -0.00194026 -0.00432207
113.32 9.36106 0.336951 1.44936 -0.000446375 -0.00197062 -0.00432628
113.34 9.35973 0.337123 1.44933 -0.00038718 -0.00186131 -0.00432851
113.36 9.3584 0.337296 1.44931 -0.000327695 -0.00174245 -0.00433138
113.38 9.35706 0.33747 1.44929 -0.000261762 -0.00178741 -0.00433198
113.405 9.35572 0.337645 1.44926 -0.000192598 -0.00172776 -0.00433104
113.422 9.35438 0.33782 1.44925 -0.000131509 -0.00162026 -0.00433263
113.443 9.35305 0.337995 1.44923 -7.97575e-05 -0.00158133 -0.00433434
113.462 9.35171 0.338169 1.44922 -2.10777e-05 -0.00155197 -0.00433347
113.482 9.35038 0.338343 1.44921 4.27345e-05 -0.00158437 -0.00433156
113.504 9.34907 0.338516 1.4492 0.000100399 -0.00183952 -0.00433562
113.523 9.34781 0.338689 1.44922 0.00010908 -0.00131653 -0.00434412
113.545 9.3466 0.338859 1.44925 0.000200961 -0.00132481 -0.00435213
113.563 9.34542 0.339028 1.4493 0.000441264 -0.00143844 -0.0043606
113.583 9.34429 0.339192 1.44935 0.000858462 -0.00142168 -0.00437097
113.604 9.3432 0.339352 1.4494 0.00149038 -0.00137079 -0.00438285
113.624 9.34215 0.339503 1.44945 0.00234151 -0.00134843 -0.0043959
113.644 9.34114 0.339644 1.4495 0.00340912 -0.0013123 -0.00440842
113.665 9.34017 0.339769 1.44955 0.00465379 -0.00126901 -0.00442158
113.685 9.33924 0.339874 1.4496 0.00605608 -0.00115565 -0.00443427
113.707 9.33835 0.339954 1.44964 0.00759827 -0.00114198 -0.00444948
113.726 9.33749 0.340003 1.44969 0.00926619 -0.00109936 -0.00446603
113.75 9.33666 0.340015 1.44973 0.0110244 -0.00102481 -0.00448102
113.766 9.33587 0.339983 1.44977 0.0128383 -0.000948107 -0.00449129
113.787 9.33511 0.339901 1.4498 0.0146804 -0.000891124 -0.00450473
113.81 9.33438 0.339761 1.44983 0.016568 -0.000822793 -0.00451539
113.829 9.33369 0.339556 1.44985 0.0184623 -0.000748788 -0.00452563
113.852 9.33304 0.339279 1.44987 0.0203336 -0.00067979 -0.00453643
113.869 9.33241 0.338924 1.44987 0.0222025 -0.000611209 -0.00454426
113.89 9.33183 0.338482 1.44987 0.0240918 -0.000548155 -0.00455379
113.911 9.33127 0.337948 1.44985 0.025977 -0.000479356 -0.00456446
113.93 9.33076 0.337312 1.44985 0.0280796 0.000439472 -0.00454452
113.95 9.33018 0.336542 1.44995 0.0338809 -0.00029976 -0.00455408
113.97 9.32957 0.335607 1.45021 0.0446205 -0.000386203 -0.00453759
113.99 9.32893 0.334478 1.45059 0.057825 -8.05721e-05 -0.00449999
114.011 9.32827 0.333117 1.45106 0.0714888 0.000202521 -0.00446469
114.031 9.32759 0.33148 1.45159 0.0842701 0.00032867 -0.00444562
114.052 9.32689 0.329525 1.45212 0.0955826 0.000372492 -0.00443123
114.071 9.32619 0.327212 1.45264 0.105137 0.000612327 -0.0043967
114.092 9.32547 0.324509 1.45313 0.112493 0.000686168 -0.00437809
114.113 9.32475 0.321388 1.45358 0.117742 0.000741775 -0.0043623
114.132 9.32402 0.317833 1.45397 0.120969 0.000718993 -0.00435961
114.155 9.32328 0.31383 1.45432 0.122287 0.000784559 -0.00434372
114.172 9.32255 0.309374 1.45462 0.121984 0.000844951 -0.00432875
114.192 9.32182 0.304466 1.45488 0.12032 0.000834935 -0.00432398
114.214 9.32108 0.299112 1.4551 0.117539 0.000819447 -0.00432411
114.233 9.32035 0.293323 1.45528 0.11382 0.000681927 -0.00434022
114.255 9.31962 0.287113 1.45543 0.109438 0.00070338 -0.00433409
114.277 9.31889 0.280499 1.45555 0.104581 0.000736885 -0.00433165
114.295 9.31818 0.273501 1.45564 0.0993756 0.00066369 -0.00434658
114.317 9.31747 0.266139 1.45572 0.0940179 0.000641185 -0.00436108
114.335 9.31677 0.258435 1.45577 0.0884985 0.000594758 -0.00438282
114.357 9.31608 0.250411 1.4558 0.0829157 0.000545934 -0.004403
114.375 9.31539 0.242088 1.45581 0.0774474 0.000480903 -0.00442809
114.395 9.31472 0.233489 1.45581 0.072073 0.000464019 -0.00445421
114.416 9.31406 0.224636 1.4558 0.0668603 0.000455387 -0.00448216
114.436 9.31342 0.215549 1.45577 0.0618141 0.000440098 -0.00451378
114.458 9.31279 0.206251 1.45573 0.0568204 0.000368944 -0.0045512
114.477 9.31218 0.196759 1.45567 0.0520298 0.000294974 -0.00459111
114.496 9.31159 0.187095 1.45561 0.0473737 0.000350984 -0.00462826
114.517 9.31103 0.177276 1.45553 0.0427631 0.000294231 -0.00467321
114.537 9.31048 0.167321 1.45544 0.0382233 0.000289137 -0.00471694
114.56 9.30996 0.15725 1.45534 0.0336868 0.000262359 -0.00476112
114.577 9.30946 0.14708 1.45523 0.0292156 0.000148064 -0.00480963
114.597 9.30899 0.136828 1.4551 0.0248568 0.000265385 -0.00485189
114.62 9.30855 0.126512 1.45496 0.0204692 0.000244158 -0.00489891
114.639 9.30814 0.11615 1.4548 0.0161028 0.000199937 -0.00494489
114.659 9.30776 0.105759 1.45462 0.0117982 0.000203049 -0.0049919
114.679 9.3074 0.0953545 1.45443 0.00749752 6.55976e-05 -0.0050393
114.699 9.30709 0.0849543 1.45422 0.00329085 0.000159637 -0.00508583
114.719 9.30681 0.0745744 1.454 -0.00085316 0.000196318 -0.00513429
114.739 9.30657 0.0642317 1.45376 -0.00502473 0.000138405 -0.00518259
114.76 9.30636 0.0539418 1.45351 -0.00917189 0.000153559 -0.00522685
114.78 9.30619 0.0437211 1.45324 -0.0133641 3.8265e-05 -0.00526838
114.8 9.30606 0.0335858 1.45295 -0.0175889 6.59423e-05 -0.00530658
114.821 9.30598 0.0235515 1.45265 -0.0217757 0.000136754 -0.00534871
114.84 9.30594 0.0136348 1.45233 -0.0260151 8.28691e-05 -0.00538466
114.861 9.30595 0.00385132 1.45199 -0.0302159 6.9815e-05 -0.00541898
114.881 9.306 -0.00578317 1.45164 -0.0343595 9.35346e-05 -0.00545131
114.901 9.30609 -0.0152522 1.45127 -0.0385806 6.5793e-05 -0.00547938
114.923 9.30623 -0.0245403 1.45088 -0.0428023 8.68674e-06 -0.00550418
114.942 9.30642 -0.0336311 1.45048 -0.0471078 0.00015473 -0.00553447
114.962 9.30666 -0.0425092 1.45006 -0.0513282 9.10305e-05 -0.00555212
114.982 9.30694 -0.0511611 1.44962 -0.0550908 4.61869e-05 -0.00557322
115.004 9.30726 -0.0595736 1.44917 -0.0583178 2.89763e-05 -0.00559365
115.029 9.30763 -0.0677355 1.44869 -0.0609361 3.32348e-05 -0.00561769
115.046 9.30804 -0.075638 1.44819 -0.0628884 0.00012629 -0.00564886
115.073 9.30849 -0.0832739 1.44766 -0.0642482 8.57544e-05 -0.00566869
115.092 9.30897 -0.0906385 1.44711 -0.065019 7.71336e-05 -0.00569223
115.112 9.30949 -0.0977295 1.44653 -0.0652681 0.000120594 -0.00571346
115.133 9.31005 -0.104546 1.44594 -0.065077 0.000235376 -0.00573554
115.157 9.31063 -0.111089 1.44533 -0.0644843 0.000144575 -0.0057426
115.175 9.31123 -0.117362 1.4447 -0.063585 9.7163e-05 -0.00574974
115.194 9.31187 -0.123368 1.44406 -0.0624324 0.000136402 -0.00575688
115.214 9.31253 -0.129113 1.44341 -0.0610837 0.000227133 -0.00576413
115.236 9.31322 -0.134601 1.44274 -0.0595679 0.000196024 -0.00575638
115.256 9.31392 -0.139841 1.44207 -0.0579268 0.000184011 -0.00574945
115.278 9.31464 -0.144837 1.44138 -0.056265 0.000210334 -0.00573753
115.294 9.31539 -0.149597 1.44069 -0.0545941 0.000338628 -0.00572868
115.314 9.31614 -0.15413 1.44 -0.0529131 0.000293952 -0.00570975
115.335 9.31691 -0.15844 1.4393 -0.051253 0.000214971 -0.00568354
115.357 9.31769 -0.162536 1.4386 -0.0496119 0.000238239 -0.00565681
115.377 9.31848 -0.166424 1.4379 -0.0480109 0.000255526 -0.0056244
115.395 9.31928 -0.170112 1.43721 -0.0464632 0.000321711 -0.00559172
115.415 9.32009 -0.173606 1.43652 -0.0449941 0.000269717 -0.00555077
115.437 9.32089 -0.176911 1.43584 -0.0435891 0.000261739 -0.00551259
115.456 9.3217 -0.180034 1.43517 -0.0422182 0.000293259 -0.0054647
115.478 9.32252 -0.182982 1.43451 -0.0408724 0.000377695 -0.00541576
115.497 9.32333 -0.18576 1.43386 -0.0395722 0.000319985 -0.00536107
115.516 9.32414 -0.188372 1.43323 -0.0383586 0.000288639 -0.00530377
115.537 9.32494 -0.190825 1.43261 -0.0372931 0.000309439 -0.00524843
115.558 9.32574 -0.193122 1.43202 -0.0364158 0.000302491 -0.00518804
115.58 9.32654 -0.195267 1.43144 -0.0357442 0.000274698 -0.00512919
115.598 9.32733 -0.197263 1.43089 -0.0352812 0.000251246 -0.0050646
115.619 9.32811 -0.199113 1.43037 -0.0349874 0.000256553 -0.00499838
115.64 9.32889 -0.200817 1.42988 -0.0348342 0.00025677 -0.00493176
115.66 9.32967 -0.202378 1.42942 -0.0347888 0.000245318 -0.00486376
115.682 9.33044 -0.203797 1.42898 -0.0347986 0.000230747 -0.00479195
115.699 9.3312 -0.205073 1.42858 -0.034843 0.000214684 -0.00471703
115.72 9.33197 -0.206208 1.42822 -0.0349164 0.000198108 -0.00463915
115.741 9.33272 -0.207201 1.42788 -0.0350136 0.000185048 -0.00456731
115.76 9.33347 -0.208052 1.42758 -0.035108 0.000262467 -0.00450844
115.781 9.33421 -0.208762 1.42731 -0.0351744 0.000194746 -0.0044386
115.803 9.33494 -0.209331 1.42708 -0.0352234 0.000162299 -0.00436873
115.822 9.33565 -0.209759 1.42688 -0.0352437 0.000168177 -0.00429958
115.842 9.33635 -0.210046 1.42671 -0.03522 0.000327546 -0.00423969
115.862 9.33703 -0.210195 1.42658 -0.0349617 0.000224053 -0.0041998
115.885 9.33767 -0.210207 1.42651 -0.0341889 5.04016e-05 -0.00416453
115.903 9.3383 -0.210086 1.42647 -0.0330318 0.000152139 -0.00414436
115.923 9.3389 -0.209836 1.42649 -0.031692 0.000203491 -0.00412657
115.945 9.33949 -0.209462 1.42654 -0.0302906 0.000180233 -0.00410872
115.965 9.34005 -0.208969 1.42664 -0.0289132 0.000168172 -0.00409119
115.986 9.34059 -0.208362 1.42677 -0.027604 0.000157736 -0.00407902
116.004 9.34111 -0.207649 1.42693 -0.0263892 0.000200448 -0.00407189
116.024 9.34161 -0.206832 1.42714 -0.0252808 0.000210058 -0.00406398
116.045 9.34209 -0.205918 1.42737 -0.0242712 0.000189924 -0.00406215
116.065 9.34255 -0.20491 1.42763 -0.0233573 0.000164148 -0.00405662
116.087 9.34299 -0.203813 1.42792 -0.0225107 0.000137737 -0.00404876
116.106 9.34341 -0.202631 1.42824 -0.0217014 0.000106562 -0.00404366
116.126 9.34381 -0.201367 1.42857 -0.0209154 6.84133e-05 -0.00403983
116.148 9.34419 -0.200025 1.42893 -0.0201335 3.05307e-05 -0.00404039
116.169 9.34455 -0.198607 1.42931 -0.0193379 -1.95627e-06 -0.00404993
116.19 9.34489 -0.197119 1.42969 -0.0185209 -2.92071e-05 -0.00406224
116.209 9.34521 -0.195563 1.4301 -0.017668 -5.51616e-05 -0.00406981
116.228 9.3455 -0.193942 1.43051 -0.0167847 -8.30307e-05 -0.00407198
116.251 9.34578 -0.192261 1.43093 -0.0158734 -0.00011393 -0.00407137
116.271 9.34604 -0.190524 1.43136 -0.0149289 -0.000141829 -0.00406676
116.29 9.34627 -0.188733 1.4318 -0.0139593 -0.000162256 -0.00406189
116.311 9.34649 -0.186894 1.43224 -0.0129781 -0.000178319 -0.00406894
116.332 9.34668 -0.18501 1.43269 -0.0119994 -0.000196112 -0.00407787
116.353 9.34686 -0.183084 1.43315 -0.0110279 -0.000211846 -0.00408562
116.372 9.34701 -0.181122 1.4336 -0.0100705 -0.000219911 -0.00408813
116.394 9.34714 -0.179126 1.43406 -0.00913301 -0.000231533 -0.00409028
116.413 9.34725 -0.177101 1.43452 -0.00821916 -0.000250542 -0.00409315
116.432 9.34734 -0.17505 1.43499 -0.0073238 -0.000262744 -0.00409645
116.453 9.34741 -0.172977 1.43545 -0.00645193 -0.000270859 -0.00410352
116.473 9.34746 -0.170885 1.43592 -0.00560702 -0.000286295 -0.00411682
116.493 9.34749 -0.168777 1.43639 -0.00478807 -0.00029256 -0.00412612
116.513 9.3475 -0.166657 1.43687 -0.00399625 -0.0003062 -0.00413474
116.533 9.34749 -0.164529 1.43734 -0.00323172 -0.000327988 -0.00414066
116.556 9.34745 -0.162394 1.43782 -0.00249083 -0.000426842 -0.00414867
116.576 9.34741 -0.160257 1.4383 -0.00177148 -0.000323425 -0.00415612
116.595 9.34734 -0.158119 1.43879 -0.0010737 -0.000397521 -0.00416497
116.614 9.34726 -0.155984 1.43928 -0.000402477 -0.000411508 -0.0041742
116.635 9.34716 -0.153854 1.43979 0.000241425 -0.000303361 -0.00418569
116.656 9.34705 -0.151731 1.4403 0.000874471 -0.000408072 -0.00419241
116.676 9.34692 -0.149619 1.44081 0.00148279 -0.000434912 -0.00419983
116.696 9.34679 -0.147519 1.44133 0.00206245 -0.000392276 -0.00420971
116.716 9.34663 -0.145434 1.44185 0.00262337 -0.000403261 -0.00421895
116.737 9.34647 -0.143366 1.44236 0.00316908 -0.00043719 -0.00422734
116.757 9.34629 -0.141317 1.44288 0.00370132 -0.000454889 -0.00423668
116.777 9.3461 -0.139289 1.44339 0.00422942 -0.000477385 -0.00424901
116.799 9.3459 -0.137284 1.4439 0.00475421 -0.000492063 -0.00426013
116.818 9.34568 -0.135303 1.4444 0.00526722 -0.000494386 -0.00427227
116.838 9.34545 -0.13335 1.4449 0.00576336 -0.000516982 -0.00428411
116.86 9.34521 -0.131426 1.44539 0.00623787 -0.000521173 -0.00429611
116.881 9.34496 -0.129532 1.44589 0.00669306 -0.000525022 -0.00430654
116.901 9.34469 -0.12767 1.44637 0.00714431 -0.000540221 -0.00431678
116.921 9.34441 -0.125842 1.44686 0.00757941 -0.000533525 -0.00432992
116.941 9.34411 -0.124049 1.44734 0.00798598 -0.000552002 -0.00434121
116.963 9.34381 -0.122293 1.44782 0.00837664 -0.000581103 -0.00435257
116.983 9.34348 -0.120576 1.44828 0.00875024 -0.000660514 -0.00436251
117.008 9.34316 -0.118898 1.44875 0.00910641 -0.000621754 -0.00437124
117.024 9.34283 -0.117261 1.4492 0.00944814 -0.000586017 -0.00437884
117.043 9.34249 -0.115666 1.44965 0.00977569 -0.000609745 -0.00438732
117.065 9.34214 -0.114115 1.45009 0.0100967 -0.000645311 -0.00439416
117.087 9.3418 -0.112608 1.45052 0.0104078 -0.000679126 -0.00439983
117.108 9.34144 -0.111146 1.45094 0.0106956 -0.000724913 -0.00440646
117.125 9.34108 -0.10973 1.45134 0.0109575 -0.000769658 -0.00441501
117.146 9.34072 -0.108362 1.45173 0.0111938 -0.000865693 -0.00442378
117.169 9.34036 -0.107042 1.4521 0.0113995 -0.000790207 -0.00442853
117.186 9.34 -0.10577 1.45246 0.011587 -0.000770008 -0.00443295
117.206 9.33964 -0.104547 1.4528 0.0117489 -0.000776629 -0.00443627
117.226 9.33928 -0.103374 1.45312 0.0118825 -0.000760846 -0.00443978
117.246 9.33893 -0.102251 1.45342 0.0119954 -0.000729716 -0.00444275
117.267 9.33858 -0.101178 1.45369 0.0120841 -0.000707551 -0.0044458
117.287 9.33823 -0.100155 1.45394 0.0121597 -0.000685638 -0.00444905
117.308 9.33788 -0.0991831 1.45416 0.012226 -0.00066197 -0.00445461
117.327 9.33753 -0.0982617 1.45436 0.0122806 -0.000641555 -0.00446247
117.347 9.33719 -0.0973909 1.45454 0.0123228 -0.000627329 -0.00446854
117.369 9.33685 -0.0965709 1.45469 0.0123586 -0.000609443 -0.00447362
117.388 9.33651 -0.0958015 1.45481 0.0123848 -0.000593636 -0.00447822
117.408 9.33618 -0.0950828 1.45491 0.012403 -0.000575376 -0.00448418
117.428 9.33584 -0.0944145 1.45499 0.0124069 -0.000545654 -0.00448928
117.449 9.33551 -0.0937967 1.45504 0.0124081 -0.000512258 -0.00449494
117.472 9.33519 -0.0932292 1.45507 0.0124079 -0.000485896 -0.00449883
117.491 9.33486 -0.0927116 1.45508 0.0123651 -0.000462849 -0.00450218
117.511 9.33454 -0.0922437 1.45508 0.012302 -0.000453157 -0.00450578
117.531 9.33422 -0.0918254 1.45506 0.0122448 -0.000547139 -0.00451152
117.551 9.33392 -0.0914561 1.45502 0.0121781 -0.000398548 -0.00451305
117.573 9.33361 -0.0911354 1.45496 0.0121089 -0.000472742 -0.00451786
117.591 9.33332 -0.090863 1.45489 0.0120291 -0.000477042 -0.004522
117.614 9.33304 -0.0906383 1.4548 0.0119395 -0.00045966 -0.00452537
117.632 9.33277 -0.090461 1.4547 0.0118477 -0.000484413 -0.00452866
117.652 9.33251 -0.0903303 1.45457 0.0117536 -0.000511191 -0.0045326
117.676 9.33226 -0.090246 1.45443 0.0116649 -0.000516071 -0.00453565
117.694 9.33202 -0.0902075 1.45428 0.0115816 -0.0005095 -0.00453834
117.715 9.33179 -0.0902143 1.4541 0.0114911 -0.000513939 -0.00454288
117.736 9.33157 -0.0902659 1.45392 0.0114029 -0.000513971 -0.00454695
117.755 9.33136 -0.0903619 1.45372 0.0113258 -0.000494844 -0.00455069
117.777 9.33117 -0.0905019 1.45351 0.0112479 -0.000475664 -0.00455407
117.795 9.33098 -0.0906854 1.45329 0.0111709 -0.000453275 -0.0045571
117.821 9.3308 -0.090912 1.45306 0.011099 -0.000428396 -0.0045631
117.836 9.33064 -0.0911813 1.45282 0.0110378 -0.000408191 -0.00456253
117.856 9.33048 -0.0914928 1.45258 0.0109667 -0.000367822 -0.00456414
117.882 9.33033 -0.0918461 1.45233 0.0108662 -0.000335332 -0.00456815
117.898 9.3302 -0.0922408 1.45207 0.0107628 -0.00033264 -0.00457061
117.922 9.33008 -0.0926762 1.45181 0.0106478 -0.000315355 -0.00457354
117.939 9.32996 -0.0931518 1.45155 0.0105152 -0.000276599 -0.00457729
117.959 9.32986 -0.0936669 1.45127 0.0103707 -0.000281092 -0.00457925
117.981 9.32977 -0.0942208 1.451 0.0102113 -0.000287058 -0.00458228
118 9.32969 -0.0948128 1.45071 0.0100383 -0.000272036 -0.00458546
118.021 9.32962 -0.0954423 1.45043 0.00987704 -0.000401853 -0.00459024
118.041 9.32959 -0.0961084 1.45014 0.00969245 -0.000246805 -0.00459231
118.06 9.32958 -0.0968103 1.44986 0.0094853 -0.000153468 -0.00459511
118.082 9.32959 -0.0975472 1.44958 0.00927593 -0.000237534 -0.00459974
118.102 9.32962 -0.098318 1.44931 0.0090601 -0.000306205 -0.00460437
118.125 9.32967 -0.0991219 1.44904 0.00883953 -0.000300418 -0.00460743
118.145 9.32973 -0.099958 1.44877 0.00862193 -0.000306433 -0.00460966
118.164 9.32983 -0.100825 1.44851 0.00837872 -0.000298567 -0.00461293
118.186 9.32993 -0.101722 1.44826 0.00810864 -0.000360257 -0.00461479
118.205 9.33006 -0.102648 1.44803 0.00782449 -0.000385378 -0.0046156
118.225 9.3302 -0.103602 1.4478 0.00751655 -0.000394863 -0.00461743
118.245 9.33036 -0.104582 1.44759 0.00719212 -0.000422397 -0.00461816
118.266 9.33054 -0.105587 1.44739 0.00685008 -0.000447013 -0.00462016
118.289 9.33074 -0.106616 1.4472 0.00649186 -0.000456616 -0.00462313
118.308 9.33095 -0.107666 1.44702 0.00613188 -0.000460149 -0.00462313
118.33 9.33118 -0.108738 1.44686 0.00574748 -0.000483324 -0.00462306
118.349 9.33143 -0.109829 1.4467 0.0053594 -0.000505186 -0.00462279
118.369 9.3317 -0.110937 1.44656 0.00498712 -0.000499199 -0.00462158
118.388 9.33198 -0.112061 1.44643 0.00460331 -0.000497988 -0.00462159
118.409 9.33228 -0.1132 1.44631 0.0042119 -0.000486515 -0.00462145
118.431 9.33259 -0.114351 1.4462 0.00381174 -0.000450812 -0.00461903
118.449 9.33292 -0.115514 1.4461 0.00341678 -0.000426652 -0.00462003
118.47 9.33327 -0.116687 1.44601 0.00304254 -0.000411824 -0.00462228
118.492 9.33364 -0.117868 1.44592 0.00267756 -0.000401739 -0.00462524
118.511 9.33402 -0.119055 1.44583 0.00231893 -0.00039274 -0.00462616
118.532 9.33442 -0.120249 1.44575 0.00197502 -0.000373851 -0.00462655
118.551 9.33484 -0.121446 1.44567 0.00162522 -0.000369005 -0.0046262
118.571 9.33527 -0.122645 1.44559 0.00128837 -0.000351592 -0.00462753
118.594 9.33572 -0.123846 1.44552 0.000970957 -0.000312675 -0.00462795
118.611 9.33619 -0.125047 1.44544 0.000643225 -0.00029389 -0.0046286
118.635 9.33667 -0.126247 1.44536 0.000326131 -0.000267574 -0.00463091
118.652 9.33717 -0.127444 1.44529 2.64988e-05 -0.000223262 -0.00462983
118.673 9.33769 -0.128638 1.44521 -0.000274629 -0.000204298 -0.00462863
118.697 9.33823 -0.129827 1.44513 -0.000555552 -0.000172177 -0.00462923
118.714 9.33878 -0.13101 1.44505 -0.000823606 -0.000132907 -0.00462954
118.736 9.33935 -0.132186 1.44498 -0.00108274 -0.000130491 -0.0046284
118.755 9.33994 -0.133354 1.44491 -0.00132179 -0.000137023 -0.00463016
118.776 9.34054 -0.134513 1.44484 -0.00154934 -0.000154103 -0.00463203
118.795 9.34116 -0.135663 1.44479 -0.00175738 -0.000187461 -0.00463346
118.815 9.3418 -0.136802 1.44474 -0.00195649 -0.000213636 -0.00463576
118.836 9.34246 -0.13793 1.4447 -0.0021475 -0.000225409 -0.00463568
118.855 9.34313 -0.139046 1.44467 -0.00232149 -0.000214285 -0.00463479
118.876 9.34382 -0.14015 1.44466 -0.00249708 -0.000207593 -0.00463666
118.897 9.34453 -0.14124 1.44467 -0.0026732 -0.000200272 -0.00463893
118.916 9.34525 -0.142316 1.44469 -0.00284205 -0.000183965 -0.00463889
118.939 9.34599 -0.143378 1.44474 -0.0029949 -0.000178768 -0.00464168
118.957 9.34675 -0.144425 1.4448 -0.00314994 -0.000155431 -0.0046437
118.977 9.34752 -0.145456 1.44489 -0.00330387 -0.000124508 -0.00463995
119.001 9.34831 -0.14647 1.44501 -0.00346275 -0.000114806 -0.00463939
119.021 9.34912 -0.147468 1.44515 -0.00362249 -0.000111392 -0.00464087
119.041 9.34994 -0.148448 1.44531 -0.00379523 -0.00021685 -0.00463896
119.059 9.3508 -0.149411 1.4455 -0.00393832 -0.000162877 -0.00463824
119.079 9.35169 -0.150355 1.44571 -0.00408881 -0.000104298 -0.00463787
119.1 9.35261 -0.151279 1.44595 -0.00424798 -0.000115842 -0.00463608
119.119 9.35356 -0.152185 1.4462 -0.00440105 -0.000153358 -0.00463462
119.142 9.35454 -0.15307 1.44647 -0.00453922 -0.00018021 -0.00463333
119.161 9.35556 -0.153935 1.44675 -0.00469053 -8.38262e-05 -0.00463238
119.18 9.35661 -0.154779 1.44704 -0.00483283 -0.000132025 -0.00463145
119.201 9.35767 -0.155601 1.44734 -0.00497024 -0.0002169 -0.00463
119.221 9.35876 -0.156401 1.44765 -0.00511152 -0.000219547 -0.0046281
119.243 9.35988 -0.157179 1.44796 -0.00525538 -0.000195998 -0.00462432
119.261 9.36102 -0.157933 1.44827 -0.00538878 -0.000194443 -0.00461999
119.282 9.36218 -0.158665 1.44858 -0.00550965 -0.000214419 -0.00461553
119.303 9.36336 -0.159372 1.44888 -0.00561982 -0.000242989 -0.00460752
119.323 9.36457 -0.160056 1.44918 -0.00571915 -0.000277433 -0.00460152
119.343 9.3658 -0.160715 1.44947 -0.00581013 -0.000293601 -0.00459743
119.362 9.36705 -0.16135 1.44976 -0.0058805 -0.000321228 -0.0045939
119.382 9.36832 -0.16196 1.45003 -0.00592523 -0.000343814 -0.00459142
119.405 9.36962 -0.162545 1.45029 -0.00594484 -0.000349657 -0.00458712
119.424 9.37093 -0.163105 1.45054 -0.00595246 -0.000353508 -0.00458469
119.444 9.37228 -0.16364 1.45078 -0.00595049 -0.000256667 -0.00458083
119.464 9.37363 -0.164151 1.45101 -0.00593036 -0.000277659 -0.00457576
119.485 9.375 -0.164636 1.45123 -0.00591198 -0.000316338 -0.0045704
119.505 9.37639 -0.165097 1.45144 -0.00590318 -0.000285208 -0.00456725
119.525 9.37779 -0.165534 1.45164 -0.00591366 -0.000242459 -0.00456467
119.548 9.3792 -0.165946 1.45182 -0.00594237 -0.000210384 -0.00456202
119.567 9.38063 -0.166334 1.452 -0.00596547 -0.000162095 -0.00455937
119.587 9.38208 -0.166697 1.45215 -0.00597573 -0.000119557 -0.00455706
119.608 9.38353 -0.167036 1.4523 -0.00598352 -0.000103835 -0.00455293
119.628 9.385 -0.167351 1.45242 -0.00598563 -8.51742e-05 -0.0045465
119.648 9.38649 -0.167641 1.45253 -0.00598262 -5.85997e-05 -0.00454224
119.669 9.38799 -0.167907 1.45262 -0.00597841 -2.89569e-05 -0.00453853
119.688 9.38951 -0.16815 1.4527 -0.00598169 -1.26769e-05 -0.00453444
119.708 9.39104 -0.168368 1.45277 -0.00597921 -1.07817e-05 -0.00453008
119.728 9.39259 -0.168562 1.45283 -0.00596834 -1.41713e-05 -0.00452656
119.75 9.39415 -0.168732 1.45288 -0.00595427 -1.83018e-05 -0.004523
119.77 9.39572 -0.168879 1.45292 -0.00593457 -2.8278e-05 -0.00451692
119.789 9.39731 -0.169002 1.45295 -0.00590604 -4.97095e-05 -0.0045125
119.81 9.39892 -0.169102 1.45297 -0.00587192 -7.69211e-05 -0.00451041
119.83 9.40054 -0.169179 1.45298 -0.00582617 -4.19234e-05 -0.00450612
119.853 9.40216 -0.169232 1.45299 -0.00578503 -0.000178186 -0.00450146
119.873 9.4038 -0.169264 1.45299 -0.00573818 -0.000185916 -0.00449814
119.892 9.40545 -0.169272 1.453 -0.00566439 -5.75266e-05 -0.00449635
119.913 9.40711 -0.169259 1.453 -0.0055951 -5.98314e-05 -0.00449472
119.934 9.40878 -0.169224 1.45299 -0.00553316 -9.05836e-05 -0.00449281
119.953 9.41046 -0.169167 1.453 -0.00548504 -5.64152e-06 -0.00449023
119.973 9.41215 -0.169089 1.453 -0.00542908 -3.55419e-05 -0.00448733
119.993 9.41384 -0.16899 1.453 -0.00536726 -5.68046e-05 -0.004485
120.016 9.41554 -0.16887 1.45301 -0.00530908 -3.90835e-05 -0.00448472
120.035 9.41724 -0.168731 1.45301 -0.00523751 -1.65877e-05 -0.00448372
120.057 9.41894 -0.168571 1.453 -0.00515693 -0.000379422 -0.00448238
120.076 9.4207 -0.168392 1.45299 -0.00506082 -9.59968e-05 -0.00448129
120.096 9.42249 -0.168194 1.45299 -0.00498735 2.1731e-05 -0.00447888
120.118 9.42432 -0.167976 1.453 -0.00493728 -9.41185e-05 -0.00447484
120.137 9.42618 -0.167741 1.453 -0.0048861 -8.88858e-05 -0.00447132
120.159 9.42808 -0.167487 1.45301 -0.00485272 -0.000110558 -0.00446732
120.177 9.43 -0.167215 1.45301 -0.00480631 -0.000164054 -0.00446384
120.197 9.43194 -0.166926 1.453 -0.00474348 -0.000192483 -0.00446244
120.219 9.43392 -0.166619 1.453 -0.00466528 -0.000204137 -0.00446066
120.239 9.43593 -0.166295 1.45299 -0.00456849 -0.000221254 -0.00445901
120.259 9.43796 -0.165955 1.45298 -0.00444403 -0.000216415 -0.00445691
120.28 9.44002 -0.165599 1.45297 -0.00430378 -0.000200217 -0.00445457
120.299 9.44211 -0.165227 1.45296 -0.00414497 -0.000130217 -0.00445252
120.32 9.44422 -0.16484 1.45295 -0.0039806 -0.000247257 -0.00444961
120.339 9.44635 -0.164439 1.45294 -0.00382097 -0.000107326 -0.00444956
120.361 9.44851 -0.164025 1.45294 -0.00366483 -4.04422e-05 -0.00444897
120.38 9.45068 -0.163598 1.45294 -0.00349002 -7.52734e-05 -0.00444842
120.4 9.45287 -0.163158 1.45293 -0.00330898 -0.000104226 -0.00444771
120.422 9.45509 -0.162708 1.45293 -0.00311895 -0.000104613 -0.00444542
120.44 9.45732 -0.162247 1.45293 -0.00292644 -0.000103554 -0.00444468
120.461 9.45958 -0.161775 1.45292 -0.00274283 -9.67298e-05 -0.00444488
120.481 9.46185 -0.161295 1.4529 -0.00255307 -9.64405e-05 -0.0044449
120.501 9.46415 -0.160807 1.45289 -0.00237706 -9.39848e-05 -0.00444524
120.523 9.46646 -0.160311 1.45286 -0.0021978 -4.49153e-05 -0.00444455
120.544 9.46878 -0.159808 1.45283 -0.00203662 -0.000133072 -0.00444222
120.571 9.47113 -0.159298 1.45281 -0.00190871 0.000121116 -0.00444287
120.586 9.47349 -0.158783 1.45278 -0.00175892 0.000135849 -0.00444252
120.605 9.47586 -0.158263 1.45276 -0.00159691 0.000103288 -0.00444134
120.627 9.47824 -0.157738 1.45274 -0.00144245 9.34974e-05 -0.00444039
120.649 9.48063 -0.15721 1.45271 -0.00128835 0.000101816 -0.00444052
120.669 9.48304 -0.156678 1.45269 -0.00114967 9.81532e-05 -0.00444151
120.689 9.48546 -0.156143 1.45266 -0.00102111 9.3562e-05 -0.00444405
120.708 9.48789 -0.155606 1.45263 -0.000891585 0.00010255 -0.00444485
120.73 9.49033 -0.155068 1.4526 -0.000783227 9.59283e-05 -0.0044457
120.749 9.49279 -0.154528 1.45257 -0.000672759 0.000108172 -0.00444545
120.771 9.49526 -0.153987 1.45255 -0.000558002 0.000134344 -0.00444651
120.789 9.49774 -0.153446 1.45253 -0.000447332 0.000130862 -0.0044468
120.81 9.50023 -0.152906 1.45251 -0.000333281 0.000120953 -0.00444487
120.831 9.50273 -0.152365 1.45249 -0.000218445 0.000112035 -0.00444468
120.849 9.50525 -0.151826 1.45248 -9.47299e-05 8.53715e-05 -0.00444319
120.873 9.50778 -0.151288 1.45248 1.01541e-05 0.00020529 -0.00444108
120.89 9.51032 -0.150752 1.45249 0.000129653 0.000141343 -0.00444192
120.91 9.51286 -0.150219 1.45251 0.000240964 -4.86075e-06 -0.00444068
120.93 9.51541 -0.149688 1.45255 0.000353568 0.000160552 -0.00443897
120.952 9.51797 -0.14916 1.4526 0.000481914 9.98282e-05 -0.00444053
120.972 9.52054 -0.148636 1.45267 0.000606154 -4.45403e-05 -0.00444496
120.992 9.52311 -0.148116 1.45276 0.000717342 -6.0382e-05 -0.00444587
121.012 9.52568 -0.147601 1.45285 0.000818306 -1.4389e-05 -0.00444494
121.034 9.52825 -0.14709 1.45295 0.000918697 1.78778e-05 -0.00444667
121.053 9.53083 -0.146585 1.45306 0.00101661 4.32015e-05 -0.00444651
121.077 9.5334 -0.146085 1.45317 0.0010654 -0.000276541 -0.00444723
121.093 9.53602 -0.145592 1.45328 0.00116846 -0.000148204 -0.00444819
121.114 9.53869 -0.145105 1.45342 0.00128228 0.000112226 -0.00444763
121.135 9.54141 -0.144625 1.45357 0.00134852 6.00479e-06 -0.00444618
121.155 9.54417 -0.144151 1.45373 0.00139065 -0.00013245 -0.00444438
121.175 9.54697 -0.143685 1.45389 0.00143874 -9.39487e-05 -0.00444377
121.195 9.5498 -0.143226 1.45406 0.00146899 -0.000103039 -0.00444291
121.215 9.55267 -0.142775 1.45423 0.00149832 -0.000163265 -0.00444363
121.235 9.55557 -0.142331 1.4544 0.00153167 -0.000197538 -0.00444394
121.255 9.55851 -0.141895 1.45457 0.00156658 -0.000205634 -0.00444293
121.275 9.56148 -0.141466 1.45474 0.00160287 -0.000219639 -0.00444432
121.296 9.56448 -0.141045 1.4549 0.00164289 -0.000231666 -0.00444571
121.315 9.56751 -0.140632 1.45506 0.0016913 -0.000230344 -0.00444801
121.336 9.57057 -0.140228 1.45522 0.00174228 -0.000235135 -0.00444747
121.357 9.57367 -0.139832 1.45537 0.00180248 -0.000175879 -0.00444709
121.377 9.57679 -0.139444 1.45553 0.00185006 -0.000210847 -0.00444736
121.396 9.57994 -0.139065 1.45569 0.00188064 -0.00019709 -0.00444651
121.418 9.5831 -0.138694 1.45585 0.0019051 -0.000151678 -0.00444665
121.438 9.5863 -0.138332 1.45601 0.00191607 -0.000113925 -0.00444761
121.457 9.58951 -0.137979 1.45618 0.00193326 -6.20652e-05 -0.00444901
121.482 9.59276 -0.137635 1.45634 0.00194872 -1.39016e-05 -0.00444982
121.498 9.59602 -0.1373 1.45651 0.00195051 1.02596e-05 -0.00444935
121.518 9.59932 -0.136974 1.45668 0.00196011 0.000111275 -0.00444823
121.539 9.60262 -0.136656 1.45684 0.00197953 7.75973e-05 -0.00444711
121.561 9.60595 -0.136348 1.45701 0.00200795 7.78067e-05 -0.00444657
121.58 9.60929 -0.136048 1.45718 0.00204999 9.16474e-05 -0.00444482
121.601 9.61264 -0.135758 1.45734 0.00210661 9.32862e-05 -0.00444482
121.621 9.61602 -0.135477 1.45749 0.0021531 0.000111841 -0.0044438
121.642 9.61941 -0.135206 1.45764 0.00219751 0.000129417 -0.0044439
121.661 9.62282 -0.134944 1.45778 0.00224321 0.000138554 -0.00444477
121.682 9.62624 -0.134692 1.45792 0.00227129 0.000168863 -0.00444337
121.703 9.62969 -0.134449 1.45805 0.00229883 0.0001922 -0.00444138
121.723 9.63315 -0.134217 1.45818 0.00233133 0.000286652 -0.00444081
121.746 9.63662 -0.133994 1.4583 0.00235526 0.000262887 -0.0044389
121.765 9.6401 -0.133781 1.45842 0.00235782 0.000157207 -0.00443892
121.786 9.64359 -0.133578 1.45853 0.00235083 0.000118991 -0.00443928
121.805 9.64709 -0.133385 1.45864 0.00234385 0.00012565 -0.00443766
121.825 9.6506 -0.133203 1.45874 0.0023397 0.000113562 -0.00443526
121.845 9.65412 -0.133029 1.45883 0.00233599 9.63423e-05 -0.00443244
121.865 9.65764 -0.132866 1.45891 0.00233006 8.50715e-05 -0.00442933
121.886 9.66118 -0.132712 1.45898 0.00231997 8.42144e-05 -0.00442594
121.906 9.66472 -0.132568 1.45905 0.00230449 9.51541e-05 -0.00442315
121.926 9.66827 -0.132434 1.4591 0.00228488 0.000114317 -0.00442193
121.951 9.67183 -0.132309 1.45914 0.00227208 0.000126 -0.00442075
121.969 9.6754 -0.132193 1.45918 0.00226343 0.000136486 -0.00441987
121.989 9.67898 -0.132086 1.45921 0.00224903 0.000163357 -0.00441975
122.009 9.68257 -0.131989 1.45924 0.00222225 0.000182401 -0.00441922
122.029 9.68616 -0.131901 1.45927 0.00217499 0.00028563 -0.00441831
122.049 9.68976 -0.131821 1.4593 0.00212802 0.000216717 -0.00441958
122.069 9.69336 -0.131751 1.45933 0.00209624 0.000202784 -0.00441903
122.091 9.69698 -0.131689 1.45937 0.0020809 0.000265509 -0.00441693
122.109 9.70059 -0.131635 1.45941 0.00200625 -0.00010361 -0.00441733
122.129 9.7043 -0.13159 1.45946 0.0021027 0.000131669 -0.00441744
122.154 9.70805 -0.131554 1.45952 0.00217259 -4.90788e-05 -0.00441898
122.171 9.71186 -0.131527 1.45959 0.00215102 -0.000103208 -0.00441783
122.191 9.71572 -0.131508 1.45967 0.00210818 -0.000201007 -0.00441609
122.21 9.71962 -0.131497 1.45976 0.00206429 -0.000317193 -0.00441601
122.23 9.72357 -0.131495 1.45985 0.0020071 -0.000352604 -0.00441502
122.253 9.72756 -0.131501 1.45993 0.00192989 -0.000262264 -0.00441418
122.271 9.73159 -0.131515 1.46002 0.00187718 -0.000388617 -0.00441451
122.292 9.73565 -0.131536 1.46011 0.00178564 -0.000339024 -0.00441265
122.312 9.73976 -0.131564 1.46021 0.00171 -0.000350431 -0.0044117
122.332 9.7439 -0.131599 1.4603 0.00163211 -0.00039514 -0.00441102
122.354 9.74807 -0.131641 1.4604 0.00154703 -0.000382353 -0.0044093
122.373 9.75228 -0.131689 1.46049 0.00146324 -0.000346923 -0.00440933
122.395 9.75653 -0.131742 1.46058 0.00139648 -0.000254786 -0.00440854
122.413 9.76081 -0.131801 1.46068 0.00132248 -0.000238366 -0.00440659
122.433 9.76511 -0.131866 1.46077 0.00126487 -0.000224206 -0.00440901
122.455 9.76944 -0.131935 1.46087 0.00121142 -0.000200768 -0.00441006
122.475 9.7738 -0.132009 1.46098 0.00115266 -0.000183147 -0.00440952
122.495 9.77819 -0.132087 1.46108 0.00107643 -0.000158623 -0.0044101
122.514 9.78261 -0.132169 1.46119 0.000984796 -0.000141848 -0.0044065
122.536 9.78705 -0.132255 1.46131 0.000888785 -3.93352e-05 -0.00440538
122.556 9.79152 -0.132345 1.46144 0.000827374 -0.000100411 -0.00440474
122.575 9.796 -0.132438 1.46157 0.000797443 -0.000118179 -0.00440374
122.596 9.80051 -0.132534 1.46172 0.000758926 -8.62557e-05 -0.00440323
122.616 9.80504 -0.132632 1.46187 0.000707447 -3.33955e-05 -0.00440324
122.636 9.80959 -0.132733 1.46202 0.000644876 2.43578e-05 -0.0044024
122.657 9.81416 -0.132837 1.46218 0.000575389 8.83479e-05 -0.00440129
122.677 9.81875 -0.132942 1.46234 0.000491746 0.00013819 -0.00439967
122.699 9.82336 -0.133049 1.46251 0.000414957 0.000195761 -0.00440125
122.717 9.828 -0.133158 1.46267 0.00036012 0.000289547 -0.00439998
122.737 9.83264 -0.133268 1.46284 0.000284744 0.000314954 -0.004397
122.758 9.8373 -0.133379 1.463 0.000241234 0.00031583 -0.00439542
122.78 9.84197 -0.133491 1.46317 0.000215552 0.000332502 -0.00439419
122.801 9.84666 -0.133603 1.46333 0.000199496 0.000353976 -0.0043923
122.82 9.85136 -0.133716 1.46349 0.000197063 0.000363667 -0.00439123
122.84 9.85607 -0.13383 1.46364 0.00019649 0.000373934 -0.00438957
122.861 9.8608 -0.133944 1.46379 0.000196399 0.00038166 -0.00439016
122.882 9.86554 -0.134058 1.46394 0.000196939 0.000380231 -0.0043893
122.904 9.8703 -0.134173 1.46408 0.000194362 0.000379539 -0.00438744
122.922 9.87507 -0.134289 1.46422 0.000184904 0.000455997 -0.00438909
122.942 9.87985 -0.134405 1.46436 0.000136669 0.000372239 -0.00438738
122.963 9.88464 -0.134521 1.4645 8.09582e-05 0.000443268 -0.00438722
122.982 9.88943 -0.134637 1.46463 4.85463e-05 0.00035063 -0.00438568
123.005 9.89424 -0.134753 1.46477 3.70645e-06 0.000252189 -0.00438561
123.023 9.89905 -0.134869 1.46491 -5.38094e-05 0.000248138 -0.00438774
123.043 9.90386 -0.134984 1.46504 -0.000112854 0.000265217 -0.00438748
123.064 9.90868 -0.135099 1.46518 -0.000178869 0.000262019 -0.00438648
123.084 9.9135 -0.135212 1.46531 -0.000245138 0.00027684 -0.00438432
123.106 9.91833 -0.135324 1.46544 -0.000302786 0.000299378 -0.00438571
123.123 9.92316 -0.135435 1.46556 -0.00032906 -0.0005286 -0.0043863
123.143 9.92809 -0.135545 1.46571 -0.000440915 0.000406001 -0.00438482
123.165 9.93308 -0.135652 1.46589 -0.000509667 0.000444488 -0.00438255
123.185 9.93814 -0.135758 1.46609 -0.000562023 0.000143343 -0.00438111
123.206 9.94326 -0.135862 1.4663 -0.000602533 -0.000105175 -0.00437991
123.225 9.94843 -0.135964 1.4665 -0.000642373 -7.3655e-05 -0.00437885
123.245 9.95366 -0.136062 1.4667 -0.000688032 -0.000159489 -0.00437568
123.267 9.95893 -0.136159 1.46689 -0.000724249 -0.000259692 -0.00437319
123.286 9.96425 -0.136252 1.46706 -0.000752917 -0.000290157 -0.00437105
123.308 9.96962 -0.136342 1.46723 -0.000780766 -0.000227875 -0.004369
123.326 9.97503 -0.13643 1.46737 -0.000790874 -0.000325818 -0.00436682
123.346 9.98048 -0.136514 1.4675 -0.000801617 -0.000337445 -0.00436447
123.368 9.98597 -0.136595 1.46762 -0.0008107 -0.000320365 -0.00436194
123.387 9.99149 -0.136673 1.46772 -0.000815598 -0.00025774 -0.00435934
123.408 9.99705 -0.136748 1.46781 -0.000831353 -0.000313647 -0.00435627
123.427 10.0026 -0.136819 1.46788 -0.000849439 -0.000314794 -0.00435229
123.448 10.0083 -0.136887 1.46793 -0.000863086 -0.000288287 -0.00434867
123.476 10.0139 -0.136952 1.46797 -0.000868557 -0.000190703 -0.00434527
123.491 10.0196 -0.137014 1.46799 -0.00086095 -0.000186107 -0.00434321
123.511 10.0253 -0.137072 1.46801 -0.000849906 -0.000193341 -0.00434054
123.53 10.031 -0.137127 1.468 -0.00084381 -0.000153461 -0.00433649
123.551 10.0368 -0.137178 1.46798 -0.000832614 -0.000115567 -0.00433324
123.571 10.0425 -0.137226 1.46794 -0.000818349 -9.51466e-05 -0.00432945
123.59 10.0483 -0.137272 1.46789 -0.000809266 -4.98116e-06 -0.00432522
123.611 10.0542 -0.137313 1.46782 -0.000800017 -0.00014605 -0.00432089
123.631 10.06 -0.137352 1.46774 -0.000791552 -4.16571e-05 -0.00431886
123.652 10.0658 -0.137388 1.46766 -0.00079285 3.54156e-07 -0.00431563
123.674 10.0717 -0.137421 1.46757 -0.000803291 -1.54723e-05 -0.00431389
123.695 10.0776 -0.13745 1.46748 -0.000825585 4.49649e-06 -0.00431007
123.713 10.0835 -0.137477 1.46738 -0.000851964 3.27042e-05 -0.0043052
123.734 10.0894 -0.1375 1.46727 -0.000870551 4.14772e-05 -0.00430214
123.754 10.0954 -0.137519 1.46716 -0.000900041 5.7145e-05 -0.00429747
123.776 10.1013 -0.137536 1.46704 -0.000940449 0.000167476 -0.00429534
123.795 10.1073 -0.137548 1.46693 -0.000955065 8.82287e-05 -0.00429189
123.816 10.1132 -0.137557 1.46681 -0.000966896 9.30244e-05 -0.00428822
123.836 10.1192 -0.137563 1.4667 -0.000982406 0.000153346 -0.00428403
123.856 10.1252 -0.137564 1.46659 -0.000993616 0.000172711 -0.00427991
123.878 10.1312 -0.137562 1.46648 -0.00099457 0.000193383 -0.00427485
123.9 10.1372 -0.137556 1.46637 -0.000992452 0.000236029 -0.0042693
123.923 10.1432 -0.137547 1.46626 -0.00101121 0.000269929 -0.00426788
123.939 10.1492 -0.137533 1.46615 -0.00103655 0.000310324 -0.0042649
123.959 10.1553 -0.137516 1.46605 -0.00103202 0.000390959 -0.00426166
123.982 10.1613 -0.137495 1.46595 -0.00104619 0.000332977 -0.00425793
124 10.1674 -0.137469 1.46586 -0.0010701 0.000479167 -0.00425351
124.024 10.1734 -0.13744 1.46578 -0.00104743 0.000422987 -0.00425142
124.04 10.1795 -0.137407 1.4657 -0.00101785 0.000356101 -0.00425064
124.06 10.1855 -0.137371 1.46563 -0.000995513 0.000362272 -0.0042491
124.082 10.1916 -0.13733 1.46557 -0.000979019 0.00036246 -0.00424792
124.101 10.1976 -0.137286 1.46551 -0.000964828 0.000348751 -0.00424716
124.123 10.2037 -0.137238 1.46545 -0.000950265 0.00035657 -0.00424462
124.141 10.2097 -0.137187 1.4654 -0.00102967 -0.000292387 -0.0042408
124.161 10.2158 -0.137132 1.46536 -0.00098796 0.000149474 -0.00424481
124.183 10.2221 -0.137075 1.46537 -0.000877934 0.000349755 -0.00424931
124.204 10.2284 -0.137015 1.46541 -0.000864518 -3.98572e-05 -0.00424948
124.225 10.2348 -0.136951 1.46547 -0.000921937 -0.000146092 -0.00424688
124.244 10.2412 -0.136884 1.46555 -0.000953957 -0.00023088 -0.00424426
124.265 10.2477 -0.136814 1.46564 -0.00097675 -0.000310399 -0.00424319
124.288 10.2543 -0.136741 1.46572 -0.000995347 -0.000350755 -0.0042417
124.306 10.261 -0.136665 1.46581 -0.00100924 -0.000321456 -0.00423786
124.327 10.2677 -0.136586 1.46589 -0.0010479 -0.000326076 -0.0042341
124.346 10.2745 -0.136502 1.46596 -0.00106356 -0.000333223 -0.00423143
124.366 10.2813 -0.136416 1.46603 -0.00106787 -0.00023211 -0.00422812
124.389 10.2882 -0.136326 1.46609 -0.00106757 -0.000264242 -0.00422384
124.407 10.2951 -0.136232 1.46614 -0.00106364 -0.000324384 -0.00421999
124.428 10.3021 -0.136135 1.46619 -0.00105421 -0.000301936 -0.00421715
124.447 10.3092 -0.136034 1.46623 -0.00104244 -0.000165077 -0.00421466
124.468 10.3163 -0.135931 1.46626 -0.000995681 -0.000267364 -0.00421148
124.488 10.3234 -0.135823 1.46629 -0.000952698 -0.000273672 -0.00420782
124.507 10.3306 -0.135713 1.4663 -0.000914446 -0.00021935 -0.00420369
124.529 10.3378 -0.1356 1.46631 -0.000882725 -0.000109914 -0.0041992
124.548 10.345 -0.135483 1.46631 -0.000860603 -9.22311e-05 -0.00419565
124.57 10.3523 -0.135365 1.4663 -0.000819254 -8.83634e-05 -0.00419202
124.589 10.3596 -0.135243 1.46628 -0.000764574 -7.15616e-05 -0.00418818
124.61 10.367 -0.13512 1.46624 -0.000713984 -4.23526e-05 -0.00418324
124.629 10.3743 -0.134994 1.4662 -0.000691802 -9.28384e-06 -0.00417982
124.65 10.3818 -0.134866 1.46616 -0.000659064 4.61846e-05 -0.00417316
124.671 10.3892 -0.134735 1.46611 -0.000652588 8.19064e-05 -0.00416833
124.691 10.3967 -0.134604 1.46606 -0.000629375 0.000108869 -0.00416263
124.711 10.4042 -0.13447 1.466 -0.000605701 0.0001405 -0.004159
124.733 10.4117 -0.134334 1.46594 -0.000592194 0.000251031 -0.00415336
124.752 10.4192 -0.134197 1.46588 -0.000543675 0.00015261 -0.00414811
124.771 10.4268 -0.134059 1.46582 -0.000500627 0.000190245 -0.00414407
124.795 10.4344 -0.133919 1.46575 -0.000464567 0.000278957 -0.00413844
124.812 10.442 -0.133778 1.46568 -0.000425973 0.000343375 -0.00413163
124.832 10.4496 -0.133636 1.4656 -0.000377464 0.000370636 -0.00412608
124.852 10.4572 -0.133493 1.46551 -0.000328475 0.000430961 -0.00412014
124.874 10.4649 -0.133349 1.46542 -0.000317701 0.000473832 -0.00411432
124.896 10.4725 -0.133204 1.46533 -0.000297201 0.000363381 -0.00411148
124.914 10.4802 -0.13306 1.46523 -0.000273101 0.000488031 -0.00410549
124.938 10.4879 -0.132914 1.46514 -0.00026964 0.000556173 -0.00409983
124.955 10.4957 -0.132768 1.46504 -0.0002657 0.000548101 -0.0040958
124.975 10.5034 -0.132622 1.46494 -0.000256038 0.000571893 -0.00408941
124.997 10.5111 -0.132476 1.46484 -0.000235176 0.00060238 -0.00408169
125.018 10.5189 -0.132329 1.46473 -0.000199623 0.000614118 -0.00407445
125.041 10.5266 -0.132182 1.46461 -0.00015927 0.000614718 -0.00407019
125.059 10.5344 -0.132035 1.46449 -0.000141446 0.000738658 -0.00406434
125.079 10.5422 -0.131888 1.46437 -0.000106138 0.00064347 -0.00405769
125.102 10.55 -0.131741 1.46425 -8.45943e-05 0.000582237 -0.00405371
125.121 10.5578 -0.131595 1.46412 -7.09743e-05 0.000610837 -0.00404841
125.14 10.5656 -0.131448 1.46399 -5.42735e-05 0.000657402 -0.00404634
125.16 10.5733 -0.131303 1.46385 7.1487e-05 -0.000819485 -0.00404189
125.18 10.5813 -0.131158 1.46374 -1.74381e-05 0.000335705 -0.00403257
125.202 10.5893 -0.131013 1.46369 -0.000143943 0.00130555 -0.00402294
125.221 10.5974 -0.13087 1.46369 -0.000197091 0.000717704 -0.00401621
125.242 10.6056 -0.130726 1.46373 -0.000234361 0.000313525 -0.00400979
125.261 10.6139 -0.130583 1.46379 -0.000278198 0.000317213 -0.00400241
125.281 10.6223 -0.130439 1.46384 -0.000307454 0.000266579 -0.00399634
125.302 10.6308 -0.130296 1.46389 -0.000319257 0.000100116 -0.00399006
125.322 10.6393 -0.130151 1.46393 -0.000324774 7.84511e-05 -0.00398439
125.342 10.6479 -0.130007 1.46395 -0.000318155 -1.65979e-05 -0.00397806
125.362 10.6566 -0.129862 1.46396 -0.000300115 -0.000114878 -0.00397116
125.382 10.6654 -0.129717 1.46396 -0.000279723 -5.28383e-05 -0.00396624
125.405 10.6742 -0.129572 1.46394 -0.00024796 -9.42154e-05 -0.00395975
125.423 10.6831 -0.129427 1.46392 -0.000218251 -8.54016e-05 -0.00395349
125.444 10.692 -0.129281 1.46389 -0.000191912 -0.000189444 -0.00394537
125.463 10.701 -0.129136 1.46386 -0.000172032 -0.00010262 -0.00393661
125.484 10.7101 -0.128991 1.46383 -0.000149054 -7.5068e-05 -0.00392841
125.505 10.7192 -0.128845 1.4638 -0.000127924 5.05942e-05 -0.00392364
125.524 10.7283 -0.128701 1.46376 -0.000110581 4.16099e-05 -0.00391739
125.547 10.7375 -0.128556 1.46372 -8.97333e-05 4.9509e-05 -0.00391236
125.565 10.7468 -0.128412 1.46369 -6.83453e-05 0.000178932 -0.0039065
125.585 10.7561 -0.128268 1.46365 -4.85202e-05 0.000173003 -0.00390385
125.608 10.7654 -0.128125 1.46361 -3.01181e-05 0.000136709 -0.00389968
125.626 10.7747 -0.127983 1.46356 -2.32271e-06 0.000133558 -0.00389197
125.645 10.7841 -0.127841 1.46351 2.20376e-05 0.000167504 -0.00388462
125.666 10.7935 -0.1277 1.46346 3.80406e-05 0.000334577 -0.0038816
125.686 10.803 -0.12756 1.46341 4.73312e-05 0.00031213 -0.00387582
125.707 10.8125 -0.12742 1.46336 5.95408e-05 0.000381504 -0.00386979
125.726 10.822 -0.127282 1.4633 6.59126e-05 0.00033836 -0.00386202
125.749 10.8315 -0.127144 1.46325 8.14283e-05 0.000426219 -0.00385671
125.768 10.841 -0.127008 1.46321 9.18229e-05 0.000441706 -0.00385248
125.787 10.8506 -0.126872 1.46317 9.86401e-05 0.0005469 -0.00384714
125.809 10.8602 -0.126738 1.46313 9.59276e-05 0.000565012 -0.00384031
125.828 10.8698 -0.126604 1.46309 0.000100469 0.000598871 -0.00383262
125.85 10.8794 -0.126471 1.46305 0.000107847 0.000654553 -0.00382954
125.87 10.889 -0.12634 1.46302 0.000106217 0.000780539 -0.00382497
125.888 10.8987 -0.126209 1.46298 0.000108287 0.000798909 -0.0038198
125.908 10.9083 -0.126079 1.46294 0.000116421 0.000776533 -0.00381407
125.929 10.918 -0.125951 1.46291 0.000123111 0.000804631 -0.0038107
125.952 10.9276 -0.125823 1.46288 0.000134508 0.00082599 -0.00380637
125.97 10.9373 -0.125697 1.46285 0.000150647 0.000820785 -0.00380128
125.99 10.947 -0.125572 1.46283 0.000176719 0.000871423 -0.00379553
126.013 10.9566 -0.125448 1.46281 0.000188862 0.000784372 -0.0037892
126.034 10.9663 -0.125325 1.4628 0.000185194 0.000893279 -0.00378493
126.055 10.976 -0.125203 1.4628 0.000218535 0.000863378 -0.00377999
126.073 10.9857 -0.125083 1.46282 0.000245549 0.000808642 -0.00377593
126.093 10.9954 -0.124965 1.46285 0.000249177 0.000902437 -0.00377086
126.115 11.005 -0.124847 1.46289 0.000244941 0.000808661 -0.0037653
126.133 11.0147 -0.124731 1.46295 0.00026288 0.000772699 -0.00376096
126.158 11.0244 -0.124617 1.46303 0.000266313 0.000919304 -0.00375603
126.174 11.034 -0.124504 1.46312 0.00027939 0.000854366 -0.00375171
126.194 11.0437 -0.124393 1.46323 0.000297273 -0.000438129 -0.00375323
126.215 11.0536 -0.124283 1.46343 0.000125051 0.00146487 -0.00374992
126.235 11.0636 -0.124176 1.46371 4.95471e-05 0.00118842 -0.00374924
126.257 11.0737 -0.124069 1.46407 8.94716e-06 0.00052456 -0.00374669
126.275 11.0839 -0.123964 1.46445 1.94448e-05 0.000326413 -0.00374584
126.295 11.0942 -0.123859 1.46485 -4.70968e-05 0.00036587 -0.00374235
126.318 11.1046 -0.123755 1.46525 -9.3372e-05 0.000243689 -0.00373938
126.337 11.115 -0.123652 1.46564 -0.000116699 0.000113492 -0.0037368
126.356 11.1256 -0.123548 1.46602 -0.000172891 6.44251e-05 -0.00373163
126.376 11.1362 -0.123445 1.46638 -0.000183361 -2.76283e-05 -0.00372695
126.396 11.147 -0.123342 1.46674 -0.000158596 -6.6632e-05 -0.00372272
126.417 11.1578 -0.12324 1.46709 -0.00015009 -9.7882e-05 -0.00371544
126.437 11.1686 -0.123137 1.46742 -0.000132349 -8.95822e-05 -0.00370751
126.458 11.1796 -0.123035 1.46775 -0.000144755 -0.000177467 -0.00370023
126.477 11.1905 -0.122932 1.46806 -0.00017328 -4.94791e-05 -0.00369164
126.497 11.2016 -0.12283 1.46837 -0.000159339 -1.346e-05 -0.00368343
126.522 11.2127 -0.122727 1.46867 -0.000162845 -2.17981e-05 -0.00367543
126.538 11.2239 -0.122625 1.46897 -0.000169569 0.000117965 -0.00366717
126.561 11.2351 -0.122523 1.46925 -0.000173208 0.000145687 -0.00366007
126.578 11.2464 -0.12242 1.46953 -0.000159049 0.000128538 -0.00365421
126.599 11.2577 -0.122318 1.4698 -0.000159544 0.000241809 -0.00364616
126.62 11.269 -0.122216 1.47007 -0.000148121 0.000196091 -0.00363737
126.639 11.2804 -0.122113 1.47033 -0.000146924 0.000230665 -0.00362936
126.66 11.2918 -0.122011 1.47058 -0.000137235 0.00034386 -0.00361997
126.68 11.3033 -0.121908 1.47083 -0.000146025 0.000374011 -0.00360973
126.7 11.3148 -0.121806 1.47107 -0.000157504 0.000395195 -0.00359967
126.722 11.3263 -0.121704 1.47131 -0.000151561 0.000504515 -0.00359074
126.743 11.3378 -0.121601 1.47154 -0.000154582 0.000549768 -0.00358404
126.768 11.3494 -0.121499 1.47176 -0.000157872 0.000561542 -0.00357547
126.784 11.361 -0.121396 1.47198 -0.000161709 0.000612702 -0.00356433
126.804 11.3726 -0.121294 1.47219 -0.000169129 0.00075331 -0.00355273
126.826 11.3842 -0.121191 1.47239 -0.000150601 0.000687904 -0.00354302
126.847 11.3959 -0.121088 1.4726 -0.000139839 0.000754212 -0.00353202
126.866 11.4075 -0.120985 1.47279 -0.000132848 0.000771221 -0.00352116
126.886 11.4192 -0.120882 1.47299 -0.000120299 0.000730145 -0.0035095
126.906 11.4309 -0.12078 1.47318 -0.000113776 0.000789616 -0.00349909
126.928 11.4426 -0.120677 1.47336 -0.000115563 0.000911591 -0.00348841
126.947 11.4543 -0.120574 1.47355 -0.000115213 0.000885544 -0.0034794
126.969 11.466 -0.120471 1.47372 -0.000112519 0.000738458 -0.0034713
126.988 11.4777 -0.120368 1.4739 -0.000118861 0.000835439 -0.0034621
127.008 11.4894 -0.120266 1.47407 -0.0001202 0.000933406 -0.00345292
127.029 11.5011 -0.120163 1.47424 -0.000115298 0.000920527 -0.00344173
127.049 11.5128 -0.12006 1.47442 -0.000121799 0.000899915 -0.00343144
127.071 11.5245 -0.119958 1.47459 -0.000132052 0.0010282 -0.0034201
127.09 11.5363 -0.119855 1.47476 -0.000145164 0.000995615 -0.00341153
127.108 11.548 -0.119752 1.47494 -0.000141047 0.00101799 -0.00340219
127.131 11.5597 -0.119649 1.47511 -0.00015459 0.00103551 -0.003398
127.151 11.5715 -0.119546 1.47528 -0.000153694 0.00102792 -0.00339133
127.171 11.5832 -0.119443 1.47544 -0.000149519 0.000966913 -0.00338385
127.19 11.5949 -0.119339 1.4756 -0.000151243 0.00103966 -0.00337633
127.21 11.6066 -0.119236 1.47574 -0.000102676 -0.000988444 -0.00336391
127.232 11.6185 -0.119133 1.47593 -0.000136687 0.000587268 -0.00334847
127.251 11.6305 -0.11903 1.47619 -0.000205268 0.0012702 -0.00333381
127.276 11.6426 -0.118927 1.47649 -0.000244514 0.000613123 -0.00331965
127.292 11.6548 -0.118824 1.47682 -0.000290483 0.0001948 -0.00330462
127.311 11.6672 -0.118721 1.47715 -0.000347353 0.000164957 -0.00328997
127.333 11.6796 -0.118617 1.47747 -0.000390319 6.83222e-05 -0.00327632
127.354 11.6921 -0.118513 1.47777 -0.000428962 -4.39955e-05 -0.00326461
127.374 11.7047 -0.118407 1.47806 -0.000465702 -4.42744e-05 -0.00325771
127.393 11.7174 -0.118301 1.47833 -0.000486579 -0.000139431 -0.00324611
127.413 11.7301 -0.118193 1.47858 -0.00049866 -0.000195496 -0.0032343
127.436 11.743 -0.118084 1.47883 -0.000509004 -0.000109488 -0.00322466
127.456 11.7559 -0.117974 1.47907 -0.000509201 -0.000150335 -0.00321407
127.476 11.7689 -0.117863 1.4793 -0.000503785 -4.11236e-05 -0.00320747
127.497 11.7819 -0.11775 1.47953 -0.000496346 -1.1953e-05 -0.00319813
127.516 11.795 -0.117637 1.47977 -0.000486579 5.59246e-06 -0.00318692
127.536 11.8082 -0.117522 1.48 -0.000477052 0.000163932 -0.00317609
127.557 11.8214 -0.117406 1.48025 -0.000466099 0.000193184 -0.003165
127.581 11.8347 -0.117288 1.48049 -0.000449023 0.000267529 -0.00315755
127.597 11.848 -0.11717 1.48075 -0.000429846 0.000300061 -0.0031489
127.617 11.8614 -0.117051 1.48102 -0.000408016 0.000326411 -0.00314217
127.639 11.8749 -0.11693 1.48129 -0.00038177 0.000480419 -0.00313467
127.659 11.8883 -0.116809 1.48157 -0.000355099 0.000540645 -0.00312365
127.679 11.9019 -0.116688 1.48185 -0.000323682 0.000580607 -0.00311618
127.699 11.9154 -0.116565 1.48214 -0.000295076 0.000661938 -0.00310801
127.719 11.929 -0.116442 1.48244 -0.000262915 0.000765806 -0.0030974
127.741 11.9427 -0.116319 1.48274 -0.000233309 0.000872402 -0.00308919
127.76 11.9563 -0.116195 1.48305 -0.000217381 0.00083264 -0.00307695
127.781 11.97 -0.116072 1.48337 -0.000196002 0.00092001 -0.00306511
127.801 11.9837 -0.115948 1.4837 -0.000175433 0.000943524 -0.00305435
127.82 11.9975 -0.115824 1.48403 -0.000150223 0.000936858 -0.00304317
127.84 12.0113 -0.1157 1.48435 -0.000136151 0.001053 -0.00303634
127.86 12.025 -0.115576 1.48468 -0.000107295 0.00104133 -0.00302619
127.88 12.0388 -0.115452 1.485 -7.90218e-05 0.00113933 -0.00301985
127.902 12.0527 -0.115329 1.48532 -4.34019e-05 0.00111172 -0.00301229
127.921 12.0665 -0.115205 1.48564 -2.14757e-05 0.00113686 -0.0030023
127.945 12.0803 -0.115083 1.48595 -3.64705e-06 0.00115049 -0.00299215
127.963 12.0942 -0.114961 1.48626 1.0773e-05 0.00125886 -0.00298598
127.983 12.1081 -0.114839 1.48655 1.83901e-05 0.00125248 -0.00298507
128.003 12.1219 -0.114718 1.48684 2.68436e-05 0.00124665 -0.00298009
128.022 12.1358 -0.114598 1.48712 3.93403e-05 0.00125924 -0.00297802
128.046 12.1497 -0.114478 1.48738 5.52287e-05 0.00126827 -0.00297894
128.068 12.1636 -0.114359 1.48764 6.59867e-05 0.00137639 -0.00297877
128.09 12.1774 -0.114241 1.48788 8.85467e-05 0.00136069 -0.00297705
128.107 12.1913 -0.114124 1.48812 0.000107981 0.0013321 -0.00297147
128.126 12.2052 -0.114007 1.48834 0.000132492 0.00136448 -0.00296471
128.149 12.219 -0.113892 1.48856 0.000159005 0.00141017 -0.00295906
128.167 12.2329 -0.113778 1.48876 0.000186718 0.00135352 -0.00295128
128.189 12.2467 -0.113665 1.48896 0.000217641 0.00130958 -0.00294409
128.207 12.2606 -0.113553 1.48914 0.000231867 0.00135997 -0.00293728
128.227 12.2743 -0.113444 1.48929 0.000434769 -0.00134108 -0.00293191
128.248 12.2884 -0.113335 1.48952 0.000207012 0.00123557 -0.00291617
128.267 12.3025 -0.113228 1.48984 3.40707e-05 0.00212918 -0.0029021
128.287 12.3169 -0.113123 1.49023 -1.98026e-05 0.00116952 -0.00289453
128.307 12.3313 -0.113019 1.49066 -2.63216e-05 0.000642473 -0.00288649
128.328 12.3459 -0.112915 1.49109 -5.31475e-05 0.000522313 -0.00287652
128.349 12.3606 -0.112812 1.4915 -8.09068e-05 0.000526251 -0.002868
128.368 12.3753 -0.11271 1.49188 -7.76151e-05 0.000354476 -0.00285927
128.388 12.3902 -0.112608 1.49222 -7.79378e-05 0.000191218 -0.00284764
128.408 12.4052 -0.112507 1.49253 -6.90162e-05 0.000169583 -0.00283626
128.428 12.4203 -0.112406 1.4928 -5.92771e-05 0.000138364 -0.00282632
128.451 12.4354 -0.112305 1.49305 -4.07336e-05 -6.22625e-05 -0.00282029
128.47 12.4507 -0.112205 1.49326 -1.92517e-05 0.000103251 -0.0028119
128.489 12.466 -0.112106 1.49346 -1.29869e-05 7.0566e-06 -0.00280338
128.51 12.4814 -0.112007 1.49364 -1.41631e-05 0.000150891 -0.00279356
128.53 12.4969 -0.111909 1.49381 4.76376e-06 0.00011661 -0.00278473
128.553 12.5124 -0.111812 1.49396 2.29443e-05 9.82974e-05 -0.00277479
128.571 12.528 -0.111715 1.49409 3.73721e-05 0.000258616 -0.00276507
128.593 12.5437 -0.111619 1.49421 5.7497e-05 0.000353465 -0.00275724
128.611 12.5594 -0.111524 1.49432 7.28185e-05 0.000336311 -0.0027461
128.631 12.5751 -0.111429 1.49441 7.61257e-05 0.000384241 -0.00273561
128.652 12.5909 -0.111336 1.49449 9.5953e-05 0.00049902 -0.00272495
128.673 12.6067 -0.111243 1.49457 0.000116344 0.000562122 -0.00271397
128.692 12.6226 -0.111152 1.49464 0.000126757 0.000643751 -0.00270168
128.713 12.6385 -0.111061 1.49471 0.000157828 0.000698379 -0.00269086
128.733 12.6545 -0.110972 1.49477 0.000175216 0.0008168 -0.00267845
128.754 12.6705 -0.110884 1.49483 0.000195437 0.000833034 -0.0026658
128.773 12.6865 -0.110797 1.49488 0.000214596 0.000887743 -0.00265525
128.795 12.7025 -0.110712 1.49493 0.000221624 0.00105255 -0.00264676
128.814 12.7186 -0.110627 1.49497 0.000231628 0.00105483 -0.00263734
128.834 12.7347 -0.110544 1.49501 0.000235622 0.00117206 -0.00262953
128.856 12.7507 -0.110463 1.49504 0.000247176 0.0012064 -0.00262247
128.874 12.7668 -0.110383 1.49506 0.000258015 0.00119061 -0.00261337
128.896 12.783 -0.110304 1.49509 0.000261319 0.00130901 -0.00260286
128.914 12.7991 -0.110227 1.4951 0.000277702 0.00127361 -0.00259392
128.935 12.8152 -0.110151 1.49512 0.000279135 0.00133013 -0.00258422
128.959 12.8313 -0.110077 1.49513 0.000279869 0.00141119 -0.00257196
128.975 12.8474 -0.110004 1.49514 0.00028031 0.00130456 -0.00256084
128.996 12.8636 -0.109932 1.49514 0.000290097 0.00135928 -0.0025521
129.016 12.8797 -0.109863 1.49513 0.000301137 0.00145107 -0.00254365
129.036 12.8958 -0.109794 1.49511 0.000307001 0.00143329 -0.00253577
129.056 12.9119 -0.109727 1.49509 0.000313877 0.00143246 -0.00252376
129.076 12.928 -0.109662 1.49506 0.000317782 0.00152382 -0.00251663
129.1 12.9441 -0.109598 1.49502 0.000319052 0.00147117 -0.00250867
129.118 12.9602 -0.109536 1.49497 0.000320238 0.0013924 -0.00249786
129.138 12.9762 -0.109475 1.49491 0.000323675 0.00144811 -0.00249195
129.159 12.9922 -0.109416 1.49484 0.000324767 0.00140039 -0.00248708
129.179 13.0082 -0.109358 1.49476 0.000323934 0.00139204 -0.00247846
129.2 13.0242 -0.109302 1.49466 0.000325151 0.00123274 -0.00246747
129.22 13.0401 -0.109247 1.49456 0.000330396 0.00132329 -0.00246129
129.239 13.0559 -0.109194 1.49443 0.000327795 -0.0010452 -0.00245493
129.261 13.0719 -0.109143 1.49435 0.000336798 -4.7309e-05 -0.00244529
129.281 13.0881 -0.109093 1.49435 0.000312074 0.00167346 -0.00243352
129.303 13.1045 -0.109046 1.49443 0.000285538 0.00102061 -0.00242257
129.322 13.121 -0.109 1.49457 0.0002327 0.000285989 -0.00241215
129.341 13.1376 -0.108956 1.49473 0.000168394 0.000227255 -0.00239847
129.363 13.1543 -0.108913 1.4949 0.000106375 0.000219953 -0.00238849
129.382 13.1711 -0.10887 1.49506 4.77849e-05 0.000126282 -0.00237635
129.407 13.188 -0.108829 1.4952 -2.52963e-06 -2.45127e-05 -0.00236121
129.424 13.2051 -0.108788 1.49533 -4.68507e-05 -3.93697e-05 -0.00234899
129.443 13.2222 -0.108747 1.49544 -7.93807e-05 -0.000138676 -0.00233518
129.463 13.2394 -0.108707 1.49553 -0.000108493 -0.00011713 -0.00231979
129.484 13.2567 -0.108666 1.49561 -0.000131427 -7.32773e-06 -0.00230809
129.504 13.274 -0.108626 1.49568 -0.000143468 3.8472e-05 -0.00229568
129.523 13.2914 -0.108585 1.49574 -0.000149841 4.46381e-06 -0.00228234
129.544 13.3089 -0.108544 1.49579 -0.00015285 0.000139746 -0.00227091
129.565 13.3264 -0.108503 1.49583 -0.00015065 0.000171392 -0.00225837
129.585 13.344 -0.108462 1.49587 -0.000150104 9.96702e-05 -0.00224094
129.606 13.3617 -0.108421 1.4959 -0.000154737 0.00027533 -0.00222246
129.625 13.3794 -0.108379 1.49593 -0.000157456 0.00029659 -0.00220663
129.646 13.3971 -0.108338 1.49594 -0.000159824 0.000369557 -0.0021883
129.669 13.4149 -0.108295 1.49595 -0.000156908 0.000457213 -0.00217298
129.692 13.4327 -0.108253 1.49595 -0.000147181 0.000463156 -0.00216014
129.71 13.4505 -0.108211 1.49594 -0.000132984 0.000453109 -0.00214861
129.73 13.4683 -0.108168 1.49592 -0.000118483 0.000522935 -0.0021413
129.751 13.4862 -0.108125 1.49588 -0.000105356 0.00055313 -0.0021316
129.773 13.5041 -0.108082 1.49584 -9.43714e-05 0.000574898 -0.00212053
129.792 13.522 -0.108038 1.49578 -8.65996e-05 0.000708022 -0.00211014
129.815 13.5399 -0.107995 1.49571 -8.12041e-05 0.000735557 -0.00210279
129.837 13.5579 -0.107952 1.49562 -7.54663e-05 0.000812569 -0.00209464
129.855 13.5758 -0.107909 1.49553 -7.12656e-05 0.000793552 -0.00208595
129.878 13.5938 -0.107865 1.49543 -6.94134e-05 0.000957134 -0.00207109
129.904 13.612 -0.107823 1.49535 -2.81956e-05 0.00880872 -0.00206406
129.922 13.6294 -0.107778 1.49525 -5.16207e-05 0.00879278 -0.00207315
129.941 13.6461 -0.107733 1.49539 2.67076e-05 0.00484504 -0.00207367
130.122 13.6621 -0.107686 1.49582 0.000130318 0.00704689 -0.00207142
130.141 13.6774 -0.10764 1.4964 0.000312805 0.00939193 -0.00206233
130.16 13.6921 -0.107594 1.49702 0.000545001 0.00966542 -0.002053
130.18 13.7063 -0.10755 1.49764 0.000770862 0.00925554 -0.00204621
130.201 13.7198 -0.107507 1.4982 0.000972783 0.00915573 -0.00204122
130.22 13.7328 -0.107467 1.49871 0.00115256 0.00906299 -0.00203849
130.241 13.7453 -0.10743 1.49914 0.00130853 0.00873216 -0.00203725
130.259 13.7571 -0.107397 1.49951 0.00143583 0.00846706 -0.00203928
130.282 13.7684 -0.107369 1.49982 0.00153737 0.00812735 -0.00204328
130.3 13.7792 -0.107346 1.50009 0.00162137 0.00765458 -0.00205007
130.319 13.7894 -0.107327 1.50032 0.00168192 0.00729015 -0.00205872
130.341 13.799 -0.107314 1.50052 0.00172527 0.00693721 -0.00206604
130.36 13.8081 -0.107307 1.50069 0.0017562 0.00640843 -0.00207439
130.382 13.8166 -0.107305 1.50084 0.00176031 0.00599313 -0.00208594
130.401 13.8246 -0.107309 1.50097 0.00174936 0.00558237 -0.00209875
130.421 13.832 -0.107319 1.5011 0.00173049 0.00508837 -0.00211213
130.443 13.8389 -0.107334 1.50123 0.00172005 0.00563967 -0.00212208
130.461 13.8451 -0.107354 1.50135 0.00170905 0.00393017 -0.00213748
130.482 13.8507 -0.10738 1.50152 0.00169097 0.00346021 -0.00215094
130.502 13.8557 -0.107412 1.50172 0.00167607 0.00331061 -0.00216581
130.522 13.8601 -0.107448 1.50193 0.00166656 0.00309221 -0.0021794
130.543 13.8639 -0.10749 1.50214 0.00165268 0.00271598 -0.00219196
130.563 13.8672 -0.107537 1.50235 0.00163273 0.00232194 -0.00220512
130.585 13.8699 -0.107588 1.50254 0.00160492 0.00201169 -0.00221775
130.602 13.8721 -0.107645 1.50273 0.00157407 0.00181771 -0.00222951
130.623 13.8738 -0.107707 1.5029 0.00155489 0.00147217 -0.00224425
130.644 13.8749 -0.107773 1.50307 0.00153199 0.00126144 -0.00225598
130.665 13.8756 -0.107844 1.50322 0.00150254 0.000968393 -0.00226868
130.686 13.8758 -0.107919 1.50337 0.00148391 0.00071054 -0.00227932
130.705 13.8755 -0.108 1.50351 0.00146928 0.000521053 -0.00228837
130.725 13.8748 -0.108084 1.50364 0.00145277 0.000445849 -0.0022982
130.746 13.8736 -0.108173 1.50377 0.00143699 0.000209744 -0.00230468
130.768 13.872 -0.108266 1.50389 0.00141701 1.99772e-05 -0.00231457
130.789 13.87 -0.108364 1.50401 0.00140404 -0.000218282 -0.00232298
130.809 13.8676 -0.108465 1.50413 0.00138266 -0.000403493 -0.00233159
130.828 13.8648 -0.108571 1.50424 0.00134885 -0.000721549 -0.00233934
130.85 13.8616 -0.108681 1.50435 0.00130563 -0.000927968 -0.00234749
130.871 13.8581 -0.108795 1.50445 0.00126225 -0.00119556 -0.00235574
130.89 13.8542 -0.108912 1.50455 0.00122174 -0.00143216 -0.0023649
130.912 13.85 -0.109033 1.50464 0.00118001 -0.00173992 -0.00237473
130.932 13.8454 -0.109157 1.50472 0.00113075 -0.00191943 -0.00238394
130.958 13.8405 -0.109285 1.5048 0.00108035 -0.00211856 -0.00239393
130.977 13.8353 -0.109416 1.50484 0.00109929 -0.00776039 -0.00240819
130.994 13.8304 -0.10955 1.50507 0.000930262 -0.002977 -0.00241169
131.015 13.8256 -0.109688 1.50548 0.000799575 -0.00252662 -0.00242084
131.035 13.8208 -0.10983 1.50599 0.000697504 -0.00469149 -0.00243396
131.056 13.8161 -0.109973 1.50655 0.000568136 -0.00577658 -0.00244576
131.078 13.8115 -0.110118 1.50708 0.000421397 -0.00596595 -0.00245523
131.099 13.8069 -0.110265 1.50756 0.000287701 -0.00625531 -0.00246437
131.115 13.8024 -0.110412 1.50797 0.000173267 -0.00671915 -0.00247154
131.136 13.7979 -0.11056 1.5083 7.20337e-05 -0.00706027 -0.00248022
131.32 13.7935 -0.110708 1.50855 -1.07098e-05 -0.00724826 -0.00249029
131.341 13.7891 -0.110856 1.50872 -7.82332e-05 -0.00745537 -0.00249798
131.36 13.7848 -0.111003 1.50884 -0.000131579 -0.00748012 -0.00250346
131.38 13.7806 -0.111149 1.5089 -0.000172738 -0.00743692 -0.00251074
131.402 13.7764 -0.111294 1.5089 -0.000200704 -0.00741306 -0.00251952
131.42 13.7722 -0.111438 1.50887 -0.000216592 -0.00734753 -0.00252558
131.44 13.7682 -0.111581 1.50881 -0.000234895 -0.00721413 -0.00253317
131.461 13.7642 -0.111723 1.50872 -0.000257886 -0.00697806 -0.00253926
131.481 13.7602 -0.111863 1.50861 -0.000284561 -0.00685029 -0.00254424
131.501 13.7564 -0.112002 1.50848 -0.000317783 -0.00666131 -0.00254761
131.521 13.7526 -0.112139 1.50833 -0.000331702 -0.00638728 -0.0025516
131.541 13.7489 -0.112275 1.50818 -0.000338404 -0.00618778 -0.00255874
131.562 13.7453 -0.11241 1.50802 -0.000361335 -0.0058601 -0.00256422
131.581 13.7418 -0.112542 1.50786 -0.000382543 -0.00566829 -0.00256821
131.601 13.7384 -0.112673 1.50771 -0.000403262 -0.00535074 -0.00257085
131.623 13.7351 -0.112803 1.50755 -0.000453386 -0.00608699 -0.002573
131.643 13.732 -0.11293 1.50743 -0.000466237 -0.00510075 -0.00257682
131.664 13.7292 -0.113056 1.50735 -0.000560158 -0.0045919 -0.00257779
131.682 13.7265 -0.113179 1.50729 -0.000703498 -0.00469994 -0.00257704
131.702 13.7241 -0.113299 1.50725 -0.0008724 -0.00465634 -0.0025752
131.724 13.7219 -0.113416 1.50722 -0.0010539 -0.00443597 -0.00257075
131.744 13.7199 -0.113529 1.50719 -0.00124184 -0.00425032 -0.00256689
131.765 13.7182 -0.113637 1.50715 -0.00142022 -0.00411438 -0.00256493
131.784 13.7166 -0.11374 1.50711 -0.00157646 -0.00395208 -0.00256121
131.806 13.7152 -0.113837 1.50707 -0.00170805 -0.00380367 -0.00255811
131.825 13.7141 -0.113928 1.50701 -0.00182552 -0.00375269 -0.00255399
131.845 13.7132 -0.114012 1.50696 -0.00192527 -0.00349134 -0.00255262
131.866 13.7125 -0.114089 1.5069 -0.00200778 -0.0033449 -0.00254825
131.885 13.712 -0.114158 1.50684 -0.00207701 -0.00335317 -0.00254608
131.904 13.7117 -0.11422 1.50678 -0.00213671 -0.00306696 -0.00254532
131.925 13.7117 -0.114273 1.50672 -0.0021844 -0.00295271 -0.00254482
131.946 13.7118 -0.114319 1.50667 -0.00221772 -0.00280722 -0.00254144
131.966 13.7122 -0.114356 1.50662 -0.00222919 -0.00280339 -0.00254088
131.986 13.7128 -0.114385 1.50656 -0.00225174 -0.00256094 -0.00253877
132.005 13.7136 -0.114406 1.5065 -0.00225439 -0.00244234 -0.00253721
132.027 13.7146 -0.114419 1.50643 -0.00224785 -0.00234604 -0.00253597
132.047 13.7158 -0.114423 1.50636 -0.00224396 -0.00225494 -0.0025358
132.069 13.7172 -0.114419 1.50628 -0.00224539 -0.00213718 -0.00253312
132.087 13.7189 -0.114406 1.50619 -0.00225191 -0.00201765 -0.00253125
132.107 13.7207 -0.114386 1.5061 -0.00227039 -0.00190134 -0.00252661
132.129 13.7228 -0.114357 1.506 -0.0023148 -0.00176402 -0.00252336
132.152 13.7251 -0.11432 1.50589 -0.00233922 -0.00165374 -0.00252164
132.173 13.7275 -0.114274 1.50578 -0.00234151 -0.00158862 -0.0025206
132.192 13.7302 -0.11422 1.50567 -0.00232215 -0.00141286 -0.00251796
132.212 13.7331 -0.114157 1.50556 -0.00230777 -0.00134252 -0.00251536
132.237 13.7362 -0.114087 1.50545 -0.00232626 -0.00121025 -0.00250988
132.254 13.7395 -0.114008 1.50533 -0.00232594 -0.00100497 -0.00250631
132.275 13.743 -0.11392 1.50522 -0.00231435 -0.000949781 -0.00250352
132.294 13.7467 -0.113825 1.5051 -0.00232893 -0.000768807 -0.00249934
132.314 13.7507 -0.113721 1.50497 -0.00233169 -0.000637318 -0.00249474
132.338 13.7548 -0.113609 1.50485 -0.00232959 -0.000558443 -0.00248968
132.356 13.7591 -0.113488 1.50472 -0.00234967 -0.000398269 -0.0024845
132.378 13.7636 -0.113359 1.50459 -0.00235797 -0.000300788 -0.00247952
132.396 13.7683 -0.113222 1.50446 -0.00236153 -0.00021214 -0.00247328
132.416 13.7732 -0.113077 1.50432 -0.00237582 -9.71043e-05 -0.00246656
132.437 13.7783 -0.112924 1.50418 -0.00238814 1.1929e-05 -0.0024604
132.456 13.7837 -0.112762 1.50403 -0.00239753 0.000105369 -0.00245365
132.479 13.7892 -0.112592 1.50388 -0.00241805 0.000214234 -0.00244664
132.496 13.7949 -0.112413 1.50372 -0.00243989 0.000455727 -0.00244172
132.517 13.8008 -0.112226 1.50357 -0.0024487 0.000429048 -0.00243566
132.539 13.8069 -0.112031 1.50342 -0.00245873 0.000646685 -0.00242963
132.557 13.8131 -0.111827 1.50328 -0.00247145 0.000752346 -0.00242274
132.579 13.8196 -0.111614 1.50313 -0.00250096 0.000940886 -0.00241729
132.596 13.8263 -0.111393 1.50299 -0.00251387 0.000889491 -0.00241254
132.618 13.8331 -0.111163 1.50285 -0.00252422 0.00103917 -0.0024052
132.639 13.8401 -0.110926 1.50271 -0.00239979 -0.00101753 -0.00239758
132.657 13.8475 -0.110678 1.50261 -0.00263169 0.000724542 -0.002389
132.681 13.8552 -0.110421 1.50261 -0.00293372 0.00236519 -0.00237676
132.699 13.8632 -0.110154 1.50268 -0.00318721 0.00186101 -0.00236593
132.719 13.8716 -0.109877 1.5028 -0.00339048 0.00125443 -0.00235762
132.74 13.8802 -0.109588 1.50293 -0.00357858 0.00129265 -0.00234925
132.759 13.8891 -0.109287 1.50306 -0.00376836 0.0013767 -0.00234045
132.78 13.8983 -0.108973 1.50316 -0.00388304 0.00127457 -0.00233658
132.799 13.9078 -0.108645 1.50325 -0.00399301 0.00112377 -0.0023306
132.819 13.9175 -0.108304 1.50331 -0.00408982 0.00122939 -0.00232545
132.843 13.9274 -0.107949 1.50336 -0.00410107 0.0010819 -0.00232298
132.861 13.9376 -0.10758 1.50338 -0.00411383 0.00117398 -0.00232107
132.883 13.9479 -0.107197 1.50339 -0.0040767 0.00102318 -0.00231874
132.902 13.9585 -0.1068 1.50338 -0.00399547 0.00103688 -0.00231942
132.923 13.9693 -0.106389 1.50335 -0.00390873 0.00102582 -0.00231987
132.947 13.9803 -0.105965 1.50332 -0.00379929 0.00114613 -0.00232069
132.966 13.9914 -0.105529 1.50327 -0.00367298 0.00113846 -0.0023222
132.985 14.0027 -0.105079 1.50322 -0.00354616 0.00117573 -0.00232159
133.005 14.0142 -0.104618 1.50317 -0.003385 0.00117095 -0.00232163
133.024 14.0258 -0.104146 1.50311 -0.00322991 0.00124347 -0.00232048
133.045 14.0376 -0.103663 1.50306 -0.00307494 0.00129939 -0.00232187
133.065 14.0495 -0.10317 1.50302 -0.00291094 0.0013315 -0.00232063
133.085 14.0615 -0.102667 1.50297 -0.0027664 0.00138886 -0.00231871
133.105 14.0737 -0.102156 1.50293 -0.00262353 0.00151607 -0.00231689
133.125 14.0859 -0.101636 1.50289 -0.00247741 0.00147033 -0.00231449
133.149 14.0983 -0.101108 1.50286 -0.00234182 0.00163989 -0.0023118
133.172 14.1107 -0.100574 1.50282 -0.00220415 0.00159209 -0.00230876
133.192 14.1233 -0.100032 1.50279 -0.00207383 0.0017036 -0.00230463
133.211 14.1359 -0.0994849 1.50276 -0.00195618 0.00166831 -0.00230417
133.232 14.1486 -0.0989318 1.50273 -0.00184692 0.00180018 -0.00230119
133.253 14.1613 -0.0983734 1.5027 -0.00175154 0.00178175 -0.00229712
133.271 14.1741 -0.09781 1.50266 -0.00166584 0.001944 -0.00229258
133.293 14.1869 -0.0972422 1.50262 -0.00157807 0.00190319 -0.00228876
133.312 14.1998 -0.0966702 1.50257 -0.0014985 0.00198629 -0.00228356
133.332 14.2127 -0.0960944 1.50253 -0.00142243 0.00207244 -0.00227604
133.355 14.2256 -0.0955149 1.50247 -0.00134092 0.00209582 -0.00227304
133.373 14.2386 -0.0949323 1.50242 -0.00126636 0.00215541 -0.00226904
133.393 14.2515 -0.0943467 1.50237 -0.00119134 0.00221099 -0.00226187
133.413 14.2645 -0.0937584 1.50231 -0.00111203 0.00224773 -0.00225658
133.433 14.2775 -0.0931678 1.50225 -0.001034 0.00225672 -0.00225211
133.455 14.2904 -0.0925751 1.50219 -0.000957579 0.00219908 -0.00224658
133.474 14.3033 -0.0919806 1.50213 -0.00087561 0.00224152 -0.00224095
133.497 14.3163 -0.0913848 1.50207 -0.000788122 0.00228795 -0.00223254
133.516 14.3291 -0.0907878 1.50201 -0.000697846 0.0023097 -0.00222801
133.535 14.342 -0.0901901 1.50196 -0.000603375 0.00223892 -0.00222259
133.555 14.3548 -0.0895919 1.50191 -0.000509406 0.00224228 -0.00221698
133.575 14.3676 -0.0889937 1.50186 -0.000425743 0.00225845 -0.00221009
133.596 14.3803 -0.0883957 1.50181 -0.000329983 0.00224573 -0.00220366
133.615 14.393 -0.0877983 1.50176 -0.000247846 0.00227098 -0.00219876
133.635 14.4056 -0.0872018 1.50172 -0.000151871 0.0021885 -0.00219525
133.658 14.4181 -0.0866067 1.50167 -4.90322e-05 0.00226894 -0.00219135
133.676 14.4305 -0.086013 1.50163 1.86392e-05 0.00228066 -0.00218692
133.697 14.4429 -0.0854212 1.50159 9.98794e-05 0.00220699 -0.00218131
133.716 14.4551 -0.0848316 1.50154 0.00017622 0.00222272 -0.00217696
133.737 14.4673 -0.0842446 1.50149 0.000263087 0.00215492 -0.00217319
133.757 14.4793 -0.0836603 1.50145 0.000353017 0.00213695 -0.00217129
133.776 14.4913 -0.0830792 1.5014 0.000452485 0.0021213 -0.00217088
133.797 14.5031 -0.0825014 1.50136 0.000531908 0.00215066 -0.00216726
133.818 14.5148 -0.0819276 1.50132 0.000634633 0.00209305 -0.00216265
133.836 14.5263 -0.0813578 1.50128 0.000715423 0.00209575 -0.00215888
133.857 14.5377 -0.0807926 1.50125 0.000823954 0.00200274 -0.00215424
133.877 14.549 -0.0802323 1.50123 0.0009478 0.00193453 -0.00214502
133.899 14.5601 -0.0796772 1.50121 0.00104732 0.00193767 -0.00213978
133.92 14.5711 -0.0791279 1.50121 0.00117139 0.00185646 -0.00213248
133.941 14.5819 -0.0785846 1.50121 0.00129594 0.00181091 -0.0021284
133.961 14.5925 -0.0780479 1.50122 0.00141976 0.00170103 -0.00212586
133.98 14.6029 -0.0775183 1.50125 0.00154139 0.00166754 -0.00212217
133.999 14.6132 -0.0769958 1.50128 0.00161959 0.0017174 -0.00212038
134.02 14.6233 -0.0764812 1.50132 0.00172675 0.00157946 -0.00212057
134.04 14.6332 -0.0759749 1.50138 0.00185118 0.00146861 -0.00211902
134.06 14.6429 -0.0754769 1.50144 0.0019361 0.00141184 -0.00211724
134.08 14.6524 -0.0749877 1.50152 0.00201179 0.00144535 -0.00211919
134.101 14.6617 -0.0745077 1.5016 0.00209931 0.00131551 -0.00211731
134.121 14.6708 -0.0740371 1.50169 0.00218927 0.00128522 -0.00211605
134.14 14.6797 -0.0735762 1.5018 0.00227756 0.00121578 -0.00211696
134.163 14.6883 -0.0731253 1.50191 0.00235041 0.00117744 -0.00211717
134.181 14.6968 -0.0726848 1.50203 0.00243895 0.00103462 -0.00211664
134.203 14.705 -0.0722548 1.50215 0.00251705 0.000860046 -0.00211582
134.222 14.713 -0.0718355 1.50228 0.00257972 0.00076594 -0.00211743
134.241 14.7208 -0.0714273 1.50242 0.00264031 0.000684144 -0.00211855
134.263 14.7283 -0.0710303 1.50255 0.00270055 0.00057234 -0.00211842
134.285 14.7357 -0.0706447 1.50268 0.00274927 0.000457769 -0.00211853
134.307 14.7428 -0.0702706 1.50282 0.002786 0.000334021 -0.00211984
134.323 14.7497 -0.0699081 1.50295 0.00281632 0.000192772 -0.00212005
134.344 14.7564 -0.0695574 1.50308 0.00283607 4.34175e-05 -0.00212127
134.365 14.7628 -0.0692184 1.50321 0.00284751 -0.00012277 -0.00212694
134.384 14.769 -0.0688912 1.50334 0.00285593 -0.000297695 -0.00213526
134.406 14.775 -0.0685757 1.50347 0.00284818 -0.000454725 -0.00213768
134.425 14.7808 -0.068272 1.50361 0.00284488 -0.000640455 -0.00214182
134.444 14.7864 -0.06798 1.50374 0.00284424 -0.000819305 -0.00214665
134.465 14.7917 -0.0676997 1.50388 0.00284809 -0.000976093 -0.00214939
134.487 14.7969 -0.067431 1.50403 0.00285722 -0.00114159 -0.00215384
134.507 14.8018 -0.0671739 1.50418 0.00285238 -0.00129909 -0.00215726
134.527 14.8065 -0.0669283 1.50433 0.00284082 -0.00145912 -0.00216412
134.547 14.8109 -0.0666943 1.50448 0.00284032 -0.00163265 -0.00217365
134.573 14.8152 -0.0664717 1.50465 0.00284066 -0.00178436 -0.00218081
134.589 14.8192 -0.0662605 1.50481 0.0028458 -0.00193707 -0.00218488
134.609 14.823 -0.0660608 1.50498 0.00285926 -0.00208374 -0.002188
134.63 14.8266 -0.0658726 1.50516 0.00288481 -0.00222209 -0.00219006
134.65 14.8299 -0.0656958 1.50535 0.0029039 -0.00242741 -0.00219269
134.673 14.8331 -0.0655305 1.50554 0.00293732 -0.00257936 -0.00219796
134.691 14.836 -0.0653769 1.50573 0.0029659 -0.00270397 -0.0022058
134.713 14.8387 -0.0652349 1.50593 0.00297523 -0.00291047 -0.00221079
134.731 14.8412 -0.0651045 1.50614 0.00298712 -0.00301784 -0.00221332
134.752 14.8435 -0.0649857 1.50635 0.00297548 -0.00320038 -0.00221887
134.774 14.8456 -0.0648785 1.50655 0.00296458 -0.00330353 -0.00222356
134.792 14.8476 -0.0647828 1.50675 0.00294788 -0.00347072 -0.00222863
134.812 14.8493 -0.0646983 1.50695 0.00290046 -0.00348642 -0.00223417
134.833 14.8508 -0.064625 1.50715 0.00283277 -0.00354306 -0.0022392
134.853 14.8522 -0.0645626 1.50734 0.00277508 -0.00359716 -0.00224512
134.875 14.8534 -0.0645108 1.50752 0.00270742 -0.00354377 -0.00224966
134.894 14.8544 -0.0644693 1.5077 0.00263168 -0.00354305 -0.00225472
134.917 14.8553 -0.0644378 1.50786 0.00254439 -0.00343026 -0.00225943
134.935 14.856 -0.0644159 1.50802 0.00244642 -0.00340788 -0.00226589
134.954 14.8565 -0.0644033 1.50816 0.00234763 -0.0034035 -0.00227194
134.977 14.8569 -0.0643995 1.50829 0.00224442 -0.0032976 -0.00227739
134.995 14.8572 -0.0644042 1.50842 0.0021436 -0.00328211 -0.00228265
135.022 14.8573 -0.0644169 1.50852 0.00204734 -0.00319644 -0.00228701
135.036 14.8573 -0.0644374 1.50862 0.00196178 -0.0031859 -0.0022922
135.055 14.8571 -0.0644652 1.50871 0.00188538 -0.00308128 -0.00229753
135.077 14.8569 -0.0644999 1.50878 0.00180389 -0.0031059 -0.00230261
135.097 14.8565 -0.0645413 1.50883 0.00171793 -0.00310044 -0.0023053
135.118 14.856 -0.0645889 1.50887 0.00162275 -0.00301575 -0.00230873
135.137 14.8554 -0.0646425 1.5089 0.00152765 -0.00303075 -0.00231298
135.157 14.8547 -0.0647015 1.50891 0.00143492 -0.00298467 -0.00231738
135.179 14.8539 -0.0647658 1.50891 0.00135078 -0.00291131 -0.00232268
135.199 14.8531 -0.064835 1.5089 0.00127545 -0.00298343 -0.00232522
135.22 14.8521 -0.0649088 1.50887 0.00120624 -0.00295176 -0.00232736
135.239 14.851 -0.0649867 1.50883 0.00112276 -0.00300667 -0.00233083
135.259 14.8499 -0.0650685 1.50878 0.00104207 -0.00297133 -0.00233348
135.282 14.8486 -0.0651539 1.50872 0.00095786 -0.00302728 -0.00233616
135.3 14.8473 -0.0652427 1.50865 0.0008832 -0.00301166 -0.00233961
135.322 14.8459 -0.0653346 1.50858 0.000828382 -0.00298273 -0.00234322
135.34 14.8445 -0.0654293 1.5085 0.00079889 -0.00306365 -0.00234679
135.36 14.8429 -0.0655268 1.50843 0.000777612 -0.00300473 -0.00235028
135.38 14.8414 -0.065627 1.50836 0.00076925 -0.00311121 -0.00235249
135.402 14.8397 -0.0657294 1.50829 0.000726306 -0.00304784 -0.00235435
135.421 14.838 -0.0658343 1.50823 0.000686761 -0.00309105 -0.00235751
135.441 14.8363 -0.0659413 1.50818 0.000641738 -0.00303094 -0.00235924
135.461 14.8345 -0.0660504 1.50814 0.000601995 -0.00300198 -0.00236206
135.488 14.8326 -0.0661615 1.5081 0.00056593 -0.00311529 -0.00236472
135.505 14.8307 -0.0662741 1.50807 0.000515126 -0.00304745 -0.00236714
135.524 14.8288 -0.0663883 1.50805 0.000451748 -0.00311707 -0.00237004
135.545 14.8268 -0.0665038 1.50805 0.000400554 -0.00312344 -0.00237135
135.564 14.8248 -0.0666205 1.50805 0.000352271 -0.00308449 -0.00237144
135.588 14.8228 -0.066738 1.50807 0.000299662 -0.00315339 -0.00237107
135.609 14.8207 -0.0668563 1.5081 0.000252787 -0.00311233 -0.00237109
135.626 14.8187 -0.0669751 1.50815 0.000204898 -0.00309533 -0.00237209
135.645 14.8165 -0.0670943 1.50821 0.000170071 -0.00323871 -0.00237429
135.665 14.8144 -0.0672136 1.50829 0.000107275 -0.00316512 -0.00237653
135.688 14.8123 -0.0673329 1.5084 5.73346e-05 -0.00308382 -0.00237655
135.708 14.8101 -0.0674522 1.50852 3.50425e-05 -0.0032866 -0.00237766
135.729 14.808 -0.067571 1.50865 -2.35049e-05 -0.00302967 -0.0023802
135.748 14.8058 -0.0676896 1.5088 -3.13092e-05 -0.00302664 -0.00238303
135.769 14.8036 -0.0678077 1.50895 -3.10434e-05 -0.00284943 -0.00238493
135.79 14.8014 -0.0679258 1.5091 7.77595e-05 -0.00305301 -0.00238707
135.81 14.7992 -0.0680436 1.50925 0.000141277 -0.00291762 -0.00238826
135.835 14.7969 -0.0681616 1.50941 0.000225078 -0.00287554 -0.00238944
135.851 14.7947 -0.0682801 1.50958 0.000334371 -0.00283099 -0.00239156
135.871 14.7923 -0.0683992 1.50974 0.000406267 -0.00272897 -0.00239498
135.891 14.79 -0.0685196 1.50992 0.000492066 -0.00254675 -0.00239818
135.91 14.7876 -0.0686414 1.5101 0.000589095 -0.00245355 -0.00239953
135.932 14.7851 -0.068765 1.51028 0.000688882 -0.00227127 -0.00240109
135.952 14.7826 -0.068891 1.51048 0.000822737 -0.00218005 -0.00240372
135.971 14.7801 -0.0690195 1.51069 0.000933631 -0.00205189 -0.00240649
135.991 14.7774 -0.0691513 1.5109 0.00107869 -0.00192589 -0.00240847
136.012 14.7748 -0.0692871 1.51113 0.00126357 -0.00179581 -0.00241069
136.033 14.772 -0.0694267 1.51137 0.00138281 -0.00167234 -0.00241376
136.052 14.7692 -0.069571 1.51161 0.00147413 -0.00147634 -0.00241723
136.072 14.7663 -0.0697206 1.51186 0.00159271 -0.0013259 -0.00241999
136.093 14.7633 -0.0698756 1.51212 0.00168656 -0.0010017 -0.00242172
136.112 14.7603 -0.0700369 1.51239 0.00183498 -0.00107493 -0.00242336
136.136 14.7571 -0.0702046 1.51266 0.00198584 -0.00106306 -0.00242606
136.155 14.7539 -0.070379 1.51295 0.00206657 -0.000817076 -0.00242619
136.175 14.7506 -0.0705609 1.51323 0.00218465 -0.000780899 -0.0024274
136.195 14.7471 -0.0707507 1.51353 0.00233035 -0.000843247 -0.00242955
136.22 14.7436 -0.0709485 1.51383 0.00242927 -0.000654707 -0.00243078
136.241 14.74 -0.0711551 1.51414 0.0025529 -0.000621005 -0.00243099
136.259 14.7362 -0.0713706 1.51446 0.00266105 -0.000551596 -0.00243036
136.279 14.7324 -0.0715956 1.51479 0.00278392 -0.000535925 -0.00243281
136.299 14.7284 -0.0718305 1.51512 0.00288764 -0.000491276 -0.00243565
136.319 14.7243 -0.0720755 1.51545 0.00298261 -0.000291272 -0.00243546
136.34 14.7201 -0.0723313 1.51578 0.00310079 -0.00033188 -0.00243602
136.359 14.7157 -0.0725983 1.51612 0.00326377 -0.000466771 -0.00243692
136.379 14.7112 -0.0728765 1.51645 0.00335166 -0.000123996 -0.00243828
136.399 14.7065 -0.0731667 1.51679 0.00347162 -0.000150709 -0.0024407
136.42 14.7017 -0.0734694 1.51712 0.00362307 -0.000226202 -0.00244208
136.443 14.6968 -0.0737846 1.51746 0.0037376 -1.55417e-05 -0.00244039
136.46 14.6917 -0.0741133 1.51779 0.00390029 -0.000155646 -0.00244155
136.481 14.6864 -0.0744556 1.51811 0.00403939 -5.53517e-06 -0.0024415
136.501 14.6809 -0.0748123 1.51842 0.00419043 -0.000214363 -0.00244372
136.525 14.6752 -0.0751837 1.51874 0.00434002 -1.92903e-05 -0.00244502
136.547 14.6694 -0.0755702 1.51905 0.00444703 0.00011003 -0.00244772
136.566 14.6634 -0.0759726 1.51935 0.00459433 0.000171379 -0.00244927
136.587 14.6572 -0.0763911 1.51965 0.00474559 6.86163e-05 -0.00245143
136.609 14.6507 -0.0768263 1.51995 0.00490156 4.04763e-05 -0.00245385
136.635 14.6441 -0.0772788 1.52025 0.00506242 2.80067e-05 -0.00245354
136.656 14.6373 -0.0777491 1.52054 0.00522181 0.000130988 -0.00245427
136.672 14.6302 -0.0782378 1.52083 0.00538082 2.84653e-05 -0.00245569
136.692 14.6229 -0.0787453 1.52112 0.00555128 -5.53284e-05 -0.00245754
136.715 14.6154 -0.0792724 1.52142 0.00572619 -6.55632e-05 -0.00245959
136.732 14.6076 -0.0798194 1.52171 0.00586397 0.000552988 -0.00245561
136.755 14.5996 -0.0803871 1.522 0.00603671 -0.000143552 -0.00245921
136.772 14.5913 -0.0809763 1.52233 0.00623526 -0.000497734 -0.0024589
136.793 14.5828 -0.0815873 1.52267 0.00639912 -0.000328963 -0.0024586
136.815 14.574 -0.0822205 1.52302 0.00651256 -0.000285691 -0.0024568
136.836 14.5651 -0.0828762 1.52337 0.00656426 -0.000528042 -0.00245984
136.857 14.556 -0.0835546 1.52372 0.0065441 -0.000715428 -0.00246767
136.877 14.5468 -0.0842554 1.52406 0.0064408 -0.000936222 -0.00247518
136.896 14.5374 -0.0849782 1.52439 0.00624001 -0.00114223 -0.00248354
136.917 14.5279 -0.0857222 1.52471 0.00597418 -0.00116263 -0.00249158
136.938 14.5183 -0.0864864 1.52503 0.00565751 -0.00150596 -0.00250329
136.959 14.5086 -0.0872699 1.52533 0.00530578 -0.00160491 -0.00251304
136.977 14.4988 -0.088071 1.52563 0.00491269 -0.00177145 -0.00252495
136.997 14.489 -0.0888882 1.52593 0.00446445 -0.00186075 -0.00253507
137.019 14.4791 -0.0897199 1.52621 0.00401798 -0.00213672 -0.00254482
137.038 14.4693 -0.0905646 1.52649 0.00356701 -0.00225593 -0.00255009
137.059 14.4594 -0.09142 1.52677 0.00307006 -0.00234219 -0.00255846
137.079 14.4495 -0.0922848 1.52704 0.00259089 -0.00234836 -0.00256715
137.098 14.4397 -0.093157 1.52731 0.00213553 -0.00266034 -0.00257343
137.121 14.4299 -0.0940344 1.52757 0.00163003 -0.0026714 -0.00257511
137.141 14.4202 -0.0949157 1.52783 0.00117239 -0.00289062 -0.00258005
137.162 14.4105 -0.0957988 1.5281 0.00069933 -0.00286924 -0.00257888
137.18 14.4009 -0.0966818 1.52837 0.000230443 -0.00293953 -0.00258178
137.201 14.3914 -0.0975636 1.52863 -0.000146698 -0.00330476 -0.00258699
137.221 14.382 -0.0984417 1.52889 -0.000602311 -0.00326389 -0.00258933
137.243 14.3728 -0.0993152 1.52916 -0.00100095 -0.00336144 -0.00259162
137.261 14.3637 -0.100182 1.52943 -0.00142853 -0.00356356 -0.00258733
137.283 14.3548 -0.101041 1.5297 -0.00185183 -0.00342215 -0.00258959
137.302 14.3461 -0.10189 1.52995 -0.00224313 -0.00371216 -0.00259008
137.323 14.3376 -0.102729 1.53021 -0.00266596 -0.00367191 -0.0025872
137.343 14.3293 -0.103554 1.53046 -0.0031028 -0.00366804 -0.00258259
137.363 14.3212 -0.104365 1.5307 -0.00346547 -0.00383813 -0.00258102
137.383 14.3133 -0.105161 1.53094 -0.00384305 -0.00407758 -0.00257646
137.404 14.3057 -0.10594 1.53118 -0.00418677 -0.00401107 -0.00257193
137.426 14.2984 -0.1067 1.53141 -0.0045614 -0.00400048 -0.00256517
137.444 14.2913 -0.107441 1.53166 -0.00498543 -0.00387858 -0.00255913
137.465 14.2845 -0.10816 1.53191 -0.0053588 -0.00399555 -0.002555
137.485 14.2781 -0.108857 1.53216 -0.00567661 -0.00394673 -0.0025532
137.504 14.2719 -0.109531 1.53242 -0.0059811 -0.0038857 -0.00254986
137.526 14.266 -0.110179 1.53268 -0.00632265 -0.00374015 -0.002542
137.544 14.2605 -0.110802 1.53293 -0.00657087 -0.00373556 -0.00253988
137.568 14.2552 -0.111398 1.53317 -0.0067631 -0.00366746 -0.0025395
137.585 14.2501 -0.111967 1.5334 -0.00692064 -0.00341425 -0.00253871
137.604 14.2454 -0.112507 1.53362 -0.00700811 -0.00330266 -0.00254157
137.627 14.2409 -0.11302 1.53383 -0.00705393 -0.00302816 -0.00254397
137.645 14.2367 -0.113504 1.53402 -0.00707196 -0.00283328 -0.002544
137.668 14.2327 -0.11396 1.5342 -0.0070729 -0.00261316 -0.00254428
137.688 14.229 -0.114387 1.53436 -0.00706001 -0.00223383 -0.00254751
137.708 14.2256 -0.114787 1.5345 -0.00699313 -0.00204796 -0.00255051
137.728 14.2224 -0.115158 1.53463 -0.00692279 -0.00183996 -0.00255072
137.748 14.2195 -0.115501 1.53475 -0.00710619 0.000146979 -0.00255021
137.77 14.2168 -0.115818 1.53485 -0.00683604 -0.000531447 -0.0025431
137.788 14.2142 -0.116109 1.53499 -0.00639593 -0.00151285 -0.00253609
137.808 14.2118 -0.116373 1.53517 -0.00607044 -0.000769462 -0.0025351
137.829 14.2096 -0.116613 1.53535 -0.00578087 -4.09662e-05 -0.00253765
137.85 14.2075 -0.11683 1.53553 -0.0054718 0.000222392 -0.00253288
137.875 14.2056 -0.117025 1.53568 -0.00520039 0.000682674 -0.00252497
137.89 14.2038 -0.1172 1.5358 -0.00489837 0.000791302 -0.00251547
137.91 14.2022 -0.117356 1.53588 -0.00461849 0.0011681 -0.00250611
137.931 14.2007 -0.117493 1.53594 -0.00437566 0.00142023 -0.00249468
137.951 14.1993 -0.117613 1.53596 -0.00410685 0.0015642 -0.0024853
137.972 14.198 -0.117717 1.53596 -0.00388706 0.00171267 -0.00247686
137.991 14.1969 -0.117806 1.53592 -0.00368182 0.00190119 -0.00246724
138.012 14.1958 -0.11788 1.53587 -0.00347753 0.00199841 -0.00245431
138.032 14.1948 -0.117941 1.53579 -0.00330298 0.00211284 -0.00244224
138.052 14.1939 -0.117989 1.53569 -0.00308352 0.00207508 -0.00243066
138.075 14.1931 -0.118024 1.53557 -0.00290763 0.00212931 -0.00241447
138.093 14.1924 -0.118049 1.53544 -0.0027283 0.0021625 -0.00239534
138.113 14.1917 -0.118063 1.5353 -0.00253939 0.00222457 -0.00237976
138.134 14.1911 -0.118067 1.53515 -0.00236858 0.00218196 -0.00236368
138.154 14.1906 -0.118062 1.53499 -0.00220505 0.00214877 -0.00234837
138.175 14.1902 -0.118049 1.53483 -0.00206115 0.00210949 -0.00233596
138.193 14.1898 -0.118027 1.53466 -0.00195747 0.00219092 -0.00232324
138.214 14.1895 -0.117998 1.53448 -0.00184325 0.00206247 -0.00230779
138.236 14.1892 -0.117962 1.5343 -0.0017419 0.00189453 -0.00229031
138.254 14.189 -0.117919 1.53413 -0.00166591 0.00185228 -0.00227169
138.274 14.1888 -0.11787 1.53396 -0.00161143 0.00182395 -0.0022546
138.294 14.1888 -0.117815 1.5338 -0.0015606 0.00182664 -0.00223565
138.316 14.1887 -0.117754 1.53363 -0.00151882 0.0017248 -0.00221826
138.338 14.1887 -0.117687 1.53346 -0.00147644 0.00165774 -0.00220286
138.356 14.1888 -0.117615 1.53328 -0.00143919 0.00162948 -0.0021873
138.376 14.1889 -0.117538 1.5331 -0.00140629 0.00159827 -0.00217046
138.396 14.1891 -0.117455 1.53291 -0.0013539 0.00160698 -0.00215452
138.417 14.1893 -0.117368 1.53271 -0.00135302 0.00204412 -0.00214516
138.437 14.1895 -0.117276 1.53251 -0.00119039 0.00141423 -0.00214121
138.457 14.1897 -0.11718 1.53233 -0.00103024 0.00133224 -0.00213495
138.477 14.1899 -0.11708 1.53216 -0.000881025 0.00150596 -0.00213012
138.496 14.1902 -0.116977 1.53199 -0.000739867 0.00155644 -0.00212591
138.517 14.1904 -0.116871 1.53181 -0.000597411 0.00151782 -0.00212272
138.541 14.1907 -0.116764 1.53163 -0.000455119 0.0014962 -0.00212194
138.56 14.1909 -0.116655 1.53143 -0.000328319 0.00147819 -0.00211663
138.58 14.1912 -0.116545 1.53122 -0.000222383 0.00144885 -0.00211291
138.601 14.1915 -0.116434 1.53099 -0.000134812 0.00141054 -0.0021124
138.621 14.1918 -0.116323 1.53076 -5.81245e-05 0.00137496 -0.00210813
138.641 14.1921 -0.116212 1.53051 6.35194e-06 0.00145315 -0.00210662
138.66 14.1924 -0.116102 1.53026 7.62746e-05 0.00138672 -0.00210629
138.681 14.1927 -0.115992 1.53 0.000133824 0.00128811 -0.00210502
138.702 14.193 -0.115883 1.52974 0.000174439 0.00127278 -0.0021048
138.721 14.1933 -0.115775 1.52947 0.000200003 0.00125243 -0.00210359
138.744 14.1936 -0.115668 1.5292 0.000218867 0.00120019 -0.00210203
138.763 14.1939 -0.115563 1.52893 0.000233531 0.00115324 -0.00210176
138.785 14.1942 -0.115458 1.52866 0.000233631 0.00103966 -0.00210241
138.803 14.1945 -0.115355 1.52838 0.000234292 0.00110956 -0.00210456
138.825 14.1948 -0.115253 1.52811 0.000240749 0.00100519 -0.00210578
138.845 14.1951 -0.115152 1.52785 0.000244851 0.00093194 -0.00210998
138.865 14.1954 -0.115052 1.52759 0.000248783 0.000897648 -0.00211425
138.889 14.1957 -0.114954 1.52733 0.000255811 0.000842737 -0.00211799
138.906 14.196 -0.114857 1.52708 0.000264994 0.000785198 -0.00212062
138.927 14.1963 -0.114762 1.52682 0.000277497 0.000749939 -0.00212244
138.948 14.1966 -0.114668 1.52657 0.000278607 0.000710049 -0.00212915
138.967 14.1969 -0.114575 1.52632 0.00027226 0.000657687 -0.00213531
138.988 14.1972 -0.114483 1.52608 0.000278197 0.000709935 -0.00214111
139.008 14.1974 -0.114393 1.52583 0.000298356 0.000533276 -0.00214557
139.027 14.1977 -0.114305 1.52559 0.000319441 0.000547456 -0.00215052
139.051 14.198 -0.114218 1.52535 0.000330965 0.000553759 -0.00215452
139.069 14.1983 -0.114132 1.52512 0.000358252 0.000479779 -0.00215796
139.09 14.1985 -0.114049 1.52489 0.000409802 0.000422781 -0.00216175
139.108 14.1987 -0.113967 1.52467 0.000462223 0.000387075 -0.00216466
139.129 14.199 -0.113887 1.52444 0.000496383 0.000357184 -0.00216722
139.15 14.1992 -0.11381 1.52422 0.000509649 0.000324134 -0.00217444
139.169 14.1994 -0.113734 1.524 0.000525665 0.000280138 -0.0021812
139.19 14.1996 -0.113661 1.52378 0.000551268 0.000247851 -0.00218734
139.211 14.1998 -0.11359 1.52357 0.000575468 0.000215763 -0.00219331
139.23 14.1999 -0.113522 1.52336 0.000606044 0.000169446 -0.00220073
139.251 14.2001 -0.113456 1.52316 0.00064992 0.000135656 -0.0022089
139.272 14.2002 -0.113394 1.52296 0.000701528 0.000112734 -0.00221602
139.292 14.2004 -0.113334 1.52276 0.000745242 8.75699e-05 -0.00222088
139.311 14.2005 -0.113277 1.52257 0.000783767 3.74033e-05 -0.00222653
139.331 14.2006 -0.113223 1.52238 0.00082081 -8.52252e-06 -0.00223161
139.353 14.2007 -0.113173 1.52219 0.000855477 -3.06838e-05 -0.00223638
139.373 14.2008 -0.113126 1.52201 0.000881632 -5.28189e-05 -0.00224212
139.393 14.2009 -0.113083 1.52182 0.000894791 -8.51048e-05 -0.00224704
139.414 14.201 -0.113043 1.52164 0.000892432 -0.000114548 -0.00225353
139.435 14.201 -0.113007 1.52146 0.000893356 -0.000135223 -0.00226094
139.456 14.201 -0.112974 1.52129 0.000901495 -0.000174068 -0.00226659
139.475 14.2011 -0.112945 1.52112 0.000905565 -0.000218655 -0.00226976
139.497 14.2011 -0.11292 1.52095 0.000907774 -0.000238314 -0.00227291
139.516 14.2011 -0.112898 1.52079 0.000902662 -0.000250596 -0.00227701
139.537 14.2011 -0.112879 1.52062 0.000896685 -0.000282691 -0.00228107
139.558 14.2011 -0.112865 1.52046 0.000896001 -0.00030421 -0.0022874
139.578 14.201 -0.112854 1.52031 0.000914554 -0.000326324 -0.00229161
139.599 14.201 -0.112846 1.52017 0.000922433 -0.000368471 -0.00229637
139.619 14.2009 -0.112842 1.52003 0.000890677 -0.000336321 -0.00230157
139.638 14.2008 -0.112841 1.51991 0.00086539 -0.000310893 -0.00230552
139.661 14.2008 -0.112844 1.5198 0.000851427 -0.000476537 -0.00231048
139.679 14.2007 -0.112851 1.51971 0.00084305 -0.000402546 -0.00231465
139.7 14.2006 -0.11286 1.51964 0.000845561 -0.000596088 -0.00231826
139.72 14.2005 -0.112873 1.51958 0.000831015 -0.000601738 -0.00232222
139.739 14.2004 -0.112888 1.51955 0.00078533 -0.000564697 -0.00232768
139.761 14.2003 -0.112907 1.51952 0.000778018 -0.000687416 -0.00233191
139.781 14.2001 -0.112929 1.51951 0.000757539 -0.000661507 -0.00233589
139.806 14.2 -0.112954 1.51952 0.000731803 -0.00072806 -0.00233998
139.822 14.1999 -0.112981 1.51953 0.000686165 -0.000656507 -0.00234394
139.842 14.1997 -0.113011 1.51956 0.000649761 -0.000645052 -0.00234798
139.863 14.1996 -0.113044 1.5196 0.000625071 -0.000682152 -0.0023521
139.884 14.1995 -0.113079 1.51965 0.000603757 -0.00072164 -0.00235622
139.905 14.1994 -0.113116 1.51972 0.000585112 -0.000747314 -0.00235899
139.923 14.1993 -0.113155 1.51979 0.000573573 -0.000759067 -0.00236156
139.944 14.1991 -0.113197 1.51987 0.000567834 -0.000752882 -0.00236425
139.965 14.199 -0.113241 1.51996 0.000578647 -0.000744587 -0.00236691
139.985 14.1989 -0.113287 1.52006 0.000602709 -0.000747691 -0.00236753
140.006 14.1988 -0.113335 1.52017 0.000618762 -0.000849241 -0.0023667
140.025 14.1987 -0.113385 1.52027 0.000596936 -0.000766654 -0.00236824
140.045 14.1986 -0.113438 1.52039 0.000565575 -0.000749153 -0.00236956
140.066 14.1985 -0.113492 1.52051 0.000539548 -0.000782584 -0.00237161
140.086 14.1984 -0.113549 1.52063 0.000530051 -0.00081585 -0.00237398
140.107 14.1984 -0.113607 1.52076 0.000513384 -0.000867628 -0.00237573
140.126 14.1983 -0.113667 1.52088 0.000492305 -0.000925507 -0.00237711
140.146 14.1983 -0.113729 1.52101 0.000480244 -0.000946198 -0.00237711
140.17 14.1982 -0.113793 1.52114 0.000459178 -0.000959253 -0.00237839
140.189 14.1982 -0.113858 1.52127 0.000424232 -0.000982393 -0.00238202
140.208 14.1982 -0.113925 1.5214 0.000396685 -0.00098555 -0.00238238
140.233 14.1982 -0.113993 1.52154 0.000367335 -0.000984161 -0.00238352
140.253 14.1981 -0.114062 1.52167 0.000328887 -0.000991466 -0.0023822
140.275 14.1981 -0.114133 1.52181 0.000296795 -0.000982752 -0.00238496
140.293 14.1982 -0.114204 1.52195 0.000255737 -0.000982571 -0.00238657
140.315 14.1982 -0.114276 1.52208 0.000206293 -0.000982787 -0.00238461
140.333 14.1982 -0.114349 1.52222 0.000145287 -0.000958382 -0.0023854
140.354 14.1982 -0.114422 1.52235 8.65271e-05 -0.000926765 -0.00238527
140.375 14.1983 -0.114495 1.52248 3.60698e-05 -0.00089463 -0.00238522
140.394 14.1983 -0.114568 1.5226 -1.21006e-05 -0.000920345 -0.0023847
140.414 14.1984 -0.11464 1.52271 -5.74301e-05 -0.000730453 -0.00238618
140.435 14.1985 -0.114713 1.52282 -8.98112e-05 -0.000830915 -0.00238686
140.454 14.1985 -0.114785 1.52293 -0.00010855 -0.000792794 -0.00238667
140.476 14.1987 -0.114856 1.52304 -0.000127446 -0.000644275 -0.00238709
140.495 14.1988 -0.114927 1.52314 -0.000158446 -0.000723283 -0.00238769
140.515 14.1989 -0.114996 1.52323 -0.000179393 -0.000687088 -0.00239027
140.536 14.1991 -0.115065 1.52332 -0.000194281 -0.000632198 -0.0023918
140.555 14.1992 -0.115133 1.5234 -0.000209785 -0.000618371 -0.00239205
140.576 14.1994 -0.1152 1.52347 -0.000222987 -0.00062447 -0.00239324
140.595 14.1996 -0.115266 1.52353 -0.000235036 -0.000631646 -0.00239166
140.618 14.1998 -0.115331 1.52358 -0.000260033 -0.000618737 -0.0023925
140.637 14.2001 -0.115395 1.52363 -0.000290282 -0.000597097 -0.00239298
140.657 14.2003 -0.115457 1.52366 -0.000311753 -0.00058871 -0.00239202
140.679 14.2006 -0.115518 1.5237 -0.000341651 -0.000566393 -0.00239327
140.7 14.2009 -0.115577 1.52372 -0.00036285 -0.000556479 -0.00239406
140.723 14.2012 -0.115635 1.52375 -0.000377231 -0.000556358 -0.00239485
140.74 14.2015 -0.115691 1.52376 -0.000398415 -0.000544152 -0.00239558
140.761 14.2019 -0.115746 1.52378 -0.000419751 -0.000529699 -0.00239632
140.781 14.2022 -0.115799 1.52379 -0.000439059 -0.00051648 -0.00239709
140.801 14.2026 -0.11585 1.52379 -0.000453211 -0.000500516 -0.00239745
140.821 14.2029 -0.115899 1.5238 -0.000459569 -0.000739213 -0.00239699
140.842 14.2034 -0.115946 1.52381 -0.000483222 -0.000586566 -0.00239787
140.863 14.2038 -0.115991 1.52383 -0.000506586 -0.000440856 -0.00239752
140.885 14.2043 -0.116035 1.52386 -0.000521649 -0.000525135 -0.00239847
140.903 14.2049 -0.116076 1.5239 -0.00052602 -0.000589562 -0.0024006
140.925 14.2055 -0.116115 1.52395 -0.000526309 -0.000588126 -0.0024009
140.944 14.2061 -0.116152 1.52399 -0.000527421 -0.000584172 -0.00239892
140.964 14.2067 -0.116187 1.52404 -0.000530759 -0.000599165 -0.00240076
140.985 14.2074 -0.11622 1.52408 -0.000544324 -0.000517369 -0.00240293
141.005 14.2082 -0.11625 1.52411 -0.000561016 -0.000656064 -0.00240407
141.024 14.2089 -0.116279 1.52415 -0.000575501 -0.000563374 -0.00240498
141.045 14.2097 -0.116305 1.52419 -0.000586676 -0.00053654 -0.00240571
141.065 14.2106 -0.116329 1.52422 -0.000587638 -0.000648812 -0.00240632
141.087 14.2114 -0.11635 1.52426 -0.000580691 -0.000527358 -0.00240608
141.106 14.2123 -0.11637 1.52429 -0.000577222 -0.000550202 -0.00240568
141.127 14.2133 -0.116387 1.52431 -0.000574258 -0.000589435 -0.00240567
141.147 14.2142 -0.116402 1.52433 -0.000575499 -0.000594167 -0.00240584
141.166 14.2152 -0.116415 1.52434 -0.000590025 -0.000579041 -0.00240785
141.187 14.2162 -0.116425 1.52434 -0.000609406 -0.000575896 -0.00240935
141.206 14.2173 -0.116433 1.52433 -0.000644016 -0.000572618 -0.00240874
141.228 14.2184 -0.116438 1.52432 -0.000683705 -0.00057524 -0.00240929
141.247 14.2195 -0.116441 1.5243 -0.000688952 -0.000574616 -0.00241215
141.268 14.2206 -0.116442 1.52428 -0.000677144 -0.000550178 -0.00241341
141.292 14.2218 -0.11644 1.52425 -0.000654296 -0.000521617 -0.00241553
141.309 14.223 -0.116436 1.52423 -0.000613221 -0.000485917 -0.00241483
141.328 14.2242 -0.116429 1.52421 -0.000578395 -0.000453274 -0.00241449
141.348 14.2254 -0.11642 1.52419 -0.000558925 -0.000417502 -0.00241469
141.369 14.2267 -0.116409 1.52418 -0.000538688 -0.000403224 -0.00241497
141.389 14.228 -0.116396 1.52418 -0.000534967 -0.000383061 -0.00241535
141.41 14.2294 -0.116381 1.52418 -0.000544127 -0.000362321 -0.00241619
141.431 14.2308 -0.116363 1.5242 -0.000545557 -0.000373539 -0.00241702
141.45 14.2322 -0.116344 1.52422 -0.000550903 -0.000376202 -0.00241714
141.471 14.2336 -0.116323 1.52424 -0.000551469 -0.000346467 -0.00241804
141.492 14.2351 -0.1163 1.52427 -0.000554207 -0.000216949 -0.00241939
141.51 14.2365 -0.116275 1.52429 -0.000552027 -0.000286788 -0.00242056
141.532 14.2381 -0.116248 1.52433 -0.000528188 -0.000212322 -0.00242104
141.551 14.2396 -0.116219 1.52437 -0.000491383 -0.000198796 -0.00242144
141.571 14.2412 -0.116188 1.52441 -0.000452706 -0.000243329 -0.00242111
141.592 14.2428 -0.116156 1.52445 -0.000413986 -0.000293954 -0.00241927
141.612 14.2444 -0.116122 1.5245 -0.000399202 -0.000158802 -0.00241829
141.634 14.246 -0.116087 1.52454 -0.000391581 -9.94055e-05 -0.00241675
141.652 14.2477 -0.116051 1.52458 -0.000372101 -0.000130724 -0.00241601
141.672 14.2494 -0.116013 1.52462 -0.000351308 -0.000128937 -0.00241662
141.694 14.2511 -0.115974 1.52465 -0.000334642 -0.00010305 -0.00241685
141.713 14.2528 -0.115934 1.52466 -0.000335273 -9.54428e-05 -0.00241534
141.735 14.2546 -0.115892 1.52466 -0.000333059 -8.26381e-05 -0.00241424
141.755 14.2563 -0.11585 1.52465 -0.000319422 -5.58882e-05 -0.00241323
141.773 14.2581 -0.115807 1.52463 -0.000314041 -4.78842e-05 -0.00241213
141.795 14.2599 -0.115762 1.52459 -0.000301811 -3.46876e-05 -0.00241188
141.814 14.2618 -0.115717 1.52454 -0.000283294 -1.78485e-05 -0.00241351
141.836 14.2636 -0.115671 1.52448 -0.000281893 -0.000406401 -0.00241314
141.854 14.2655 -0.115624 1.52442 -0.00025612 -0.000235564 -0.00241283
141.875 14.2675 -0.115576 1.52436 -0.000255441 7.4897e-05 -0.00241168
141.897 14.2695 -0.115527 1.52431 -0.000253541 -7.24416e-05 -0.0024102
141.915 14.2716 -0.115478 1.52426 -0.000256697 -0.000221351 -0.00240893
141.939 14.2737 -0.115428 1.5242 -0.000271019 -0.000218231 -0.00240658
141.955 14.2759 -0.115377 1.52414 -0.000289241 -0.000211951 -0.00240435
141.976 14.2781 -0.115326 1.52407 -0.000300825 -0.000182765 -0.00240224
141.998 14.2804 -0.115273 1.52399 -0.000311188 -0.00026303 -0.0024
142.016 14.2827 -0.11522 1.5239 -0.000309928 -0.000273242 -0.00239867
142.037 14.2851 -0.115166 1.5238 -0.000303398 -0.00025247 -0.00239704
142.057 14.2875 -0.115111 1.52369 -0.000297227 -0.000245371 -0.00239693
142.077 14.2899 -0.115055 1.52357 -0.000282805 -0.000246804 -0.00239793
142.099 14.2924 -0.114998 1.52344 -0.000278824 -0.000241835 -0.00239827
142.118 14.2949 -0.11494 1.5233 -0.000278763 -0.000184785 -0.00239728
142.14 14.2975 -0.114882 1.52316 -0.000274717 -0.000306946 -0.00239529
142.158 14.3001 -0.114823 1.52302 -0.000260576 -0.00019446 -0.0023924
142.178 14.3027 -0.114763 1.52289 -0.000229022 -0.000219518 -0.00239113
142.2 14.3054 -0.114703 1.52275 -0.000208412 -0.000243557 -0.00239102
142.22 14.3081 -0.114642 1.52262 -0.000186401 -0.000234935 -0.00239039
142.241 14.3108 -0.114581 1.52249 -0.000153544 -0.000211546 -0.00238949
142.259 14.3136 -0.114519 1.52235 -0.000115908 -0.000195964 -0.00238804
142.281 14.3164 -0.114458 1.52222 -7.24611e-05 -0.000117211 -0.00238635
142.302 14.3192 -0.114396 1.52208 -3.22154e-05 -0.000133667 -0.00238458
142.321 14.3221 -0.114334 1.52195 3.36634e-06 -0.000136458 -0.00238306
142.341 14.325 -0.114273 1.52182 3.58907e-05 -0.000140037 -0.00238217
142.361 14.3279 -0.114212 1.52168 7.09958e-05 -0.000134163 -0.00238109
142.382 14.3308 -0.114152 1.52155 0.000106721 -0.000131019 -0.00238065
142.404 14.3338 -0.114093 1.52141 0.000136602 -0.000130141 -0.00238103
142.423 14.3368 -0.114034 1.52127 0.000163801 -0.000133329 -0.0023807
142.443 14.3398 -0.113976 1.52113 0.000200083 -0.000126923 -0.00238076
142.462 14.3428 -0.113919 1.521 0.00022375 -0.000109599 -0.00238067
142.483 14.3459 -0.113863 1.52087 0.000219652 -6.5709e-05 -0.00237891
142.505 14.349 -0.113809 1.52074 0.00021552 4.26983e-05 -0.00237825
142.524 14.3521 -0.113755 1.52063 0.000209354 3.01473e-05 -0.00237812
142.544 14.3552 -0.113702 1.52052 0.00019304 -6.43235e-06 -0.00237974
142.565 14.3583 -0.113651 1.52043 0.000176747 2.07388e-05 -0.0023806
142.584 14.3615 -0.1136 1.52035 0.000175318 5.77584e-05 -0.00237989
142.605 14.3647 -0.11355 1.52027 0.000187551 8.5908e-05 -0.00238034
142.626 14.3679 -0.113502 1.52021 0.000199006 0.000119812 -0.00237984
142.647 14.3711 -0.113454 1.52015 0.000208383 0.000158088 -0.00237842
142.668 14.3743 -0.113407 1.52011 0.00022487 0.000183939 -0.00237928
142.687 14.3776 -0.113362 1.52007 0.00024227 0.00020589 -0.00238254
142.707 14.3808 -0.113318 1.52004 0.000251714 0.000237058 -0.00238396
142.726 14.3841 -0.113274 1.52001 0.000261554 0.000253218 -0.00238527
142.747 14.3874 -0.113232 1.51999 0.000260024 0.00033366 -0.00238652
142.767 14.3907 -0.113192 1.51997 0.000265038 0.000299752 -0.00238768
142.787 14.3941 -0.113152 1.51995 0.00026751 0.00014854 -0.00238812
142.808 14.3974 -0.113114 1.51994 0.000262361 0.000270835 -0.00238881
142.829 14.4007 -0.113077 1.51994 0.000260694 0.000224294 -0.00239137
142.849 14.4041 -0.113041 1.51993 0.000265476 0.00014842 -0.002392
142.869 14.4075 -0.113006 1.51992 0.000278679 -0.000451661 -0.0023915
142.889 14.411 -0.112973 1.51994 0.000247948 0.000221093 -0.0023889
142.908 14.4145 -0.112941 1.51999 0.000223285 0.000243504 -0.00238803
142.928 14.4181 -0.11291 1.52004 0.000208792 -5.84186e-05 -0.00238707
142.95 14.4217 -0.11288 1.5201 0.000182838 -0.000209379 -0.00238554
142.97 14.4254 -0.112851 1.52014 0.000150917 -0.000126526 -0.00238483
142.989 14.4292 -0.112823 1.52018 0.000127473 -0.000188944 -0.00238334
143.011 14.433 -0.112795 1.52021 0.000102928 -0.000238651 -0.00238141
143.03 14.4368 -0.112769 1.52022 8.57541e-05 -0.000267435 -0.00237929
143.053 14.4407 -0.112743 1.52022 8.36559e-05 -0.00027881 -0.00237737
143.072 14.4446 -0.112717 1.52021 9.83589e-05 -0.00020326 -0.00237604
143.091 14.4486 -0.112692 1.52018 0.00012704 -0.000253674 -0.00237422
143.113 14.4526 -0.112668 1.52013 0.000150107 -0.000321517 -0.00237202
143.132 14.4567 -0.112645 1.52008 0.000161023 -0.000310044 -0.00237047
143.153 14.4607 -0.112622 1.52002 0.000155236 -0.000291442 -0.00236899
143.172 14.4649 -0.112601 1.51994 0.000140762 -0.00028921 -0.00236699
143.193 14.469 -0.112579 1.51985 0.000138017 -0.00028391 -0.00236447
143.216 14.4732 -0.112559 1.51975 0.000141021 -0.000207902 -0.00236205
143.238 14.4774 -0.112539 1.51965 0.000138358 -0.00026895 -0.00236081
143.256 14.4817 -0.112521 1.51953 0.000131354 -0.000255256 -0.00236007
143.276 14.486 -0.112502 1.51942 0.000132252 -0.000280538 -0.00235915
143.295 14.4903 -0.112485 1.51931 0.000135311 -0.000277932 -0.00235662
143.317 14.4946 -0.112468 1.51919 0.000128743 -0.000258598 -0.00235444
143.337 14.499 -0.112452 1.51906 0.000118067 -0.000247798 -0.00235144
143.359 14.5034 -0.112436 1.51894 0.000104983 -0.000178627 -0.00235146
143.376 14.5078 -0.112421 1.51881 9.84776e-05 -0.000310857 -0.00234989
143.396 14.5122 -0.112406 1.51869 9.78849e-05 -0.000168996 -0.00234812
143.422 14.5167 -0.112392 1.51857 0.000103069 -0.000144658 -0.00234579
143.439 14.5212 -0.112379 1.51846 0.000103787 -0.000176783 -0.00234429
143.46 14.5257 -0.112366 1.51835 9.37912e-05 -0.000164481 -0.0023425
143.48 14.5302 -0.112353 1.51824 7.78229e-05 -0.000126109 -0.0023399
143.499 14.5347 -0.112341 1.51814 4.49225e-05 -9.52054e-05 -0.00233852
143.522 14.5393 -0.112329 1.51804 1.66847e-05 3.84133e-05 -0.00233684
143.54 14.5439 -0.112317 1.51793 -2.17956e-06 -2.70754e-05 -0.00233789
143.563 14.5485 -0.112306 1.51784 -1.14413e-05 5.58298e-05 -0.00233595
143.581 14.5531 -0.112294 1.51775 -3.99553e-06 5.46325e-05 -0.00233447
143.602 14.5577 -0.112283 1.51766 1.94936e-05 1.7861e-05 -0.00233427
143.622 14.5623 -0.112272 1.51758 4.89441e-05 6.57983e-06 -0.00233217
143.643 14.567 -0.112261 1.51749 7.78452e-05 1.47124e-05 -0.00232932
143.663 14.5716 -0.112251 1.5174 0.0001046 3.36292e-05 -0.002329
143.681 14.5763 -0.112241 1.51731 0.000136771 4.57109e-05 -0.00232798
143.702 14.581 -0.112232 1.51721 0.000173129 5.10424e-05 -0.00232553
143.722 14.5857 -0.112224 1.51711 0.00020113 6.85153e-05 -0.00232427
143.744 14.5904 -0.112216 1.51701 0.000220694 8.67332e-05 -0.00232583
143.766 14.5951 -0.11221 1.5169 0.000230816 0.000160286 -0.00232346
143.783 14.5998 -0.112204 1.51679 0.000230509 -1.71562e-06 -0.00232154
143.804 14.6046 -0.112199 1.51668 0.000216199 -8.95875e-06 -0.00231999
143.825 14.6093 -0.112195 1.51657 0.000201351 0.000118897 -0.00231726
143.845 14.6141 -0.112192 1.51646 0.000178014 3.77236e-05 -0.00231482
143.867 14.6188 -0.11219 1.51636 0.000140842 -1.59005e-06 -0.00231318
143.888 14.6236 -0.112188 1.51624 0.000144014 -0.00103889 -0.00230909
143.906 14.6285 -0.112187 1.51615 7.34318e-05 -4.68739e-05 -0.00230386
143.932 14.6334 -0.112186 1.51609 1.22945e-05 0.000267909 -0.00229989
143.949 14.6384 -0.112186 1.51606 -2.04917e-05 -0.000166422 -0.00229827
143.971 14.6435 -0.112186 1.51605 -5.62824e-05 -0.000419329 -0.00229575
143.989 14.6486 -0.112185 1.51604 -0.000110883 -0.000409809 -0.00229192
144.01 14.6538 -0.112185 1.51603 -0.000158523 -0.000346247 -0.00228868
144.031 14.659 -0.112184 1.51602 -0.000184912 -0.000463401 -0.00228684
144.05 14.6644 -0.112183 1.51601 -0.000196935 -0.00052597 -0.00228503
144.072 14.6697 -0.112181 1.516 -0.00020245 -0.000520118 -0.00228176
144.09 14.6751 -0.112178 1.51599 -0.000198128 -0.000435527 -0.00227832
144.11 14.6806 -0.112175 1.51597 -0.000183883 -0.000494862 -0.0022755
144.133 14.6861 -0.112172 1.51597 -0.000163192 -0.000529434 -0.00227212
144.153 14.6917 -0.112168 1.51596 -0.000149239 -0.000507175 -0.0022679
144.175 14.6973 -0.112163 1.51596 -0.000150049 -0.000487211 -0.00226415
144.192 14.7029 -0.112158 1.51597 -0.000174401 -0.000393614 -0.00226018
144.212 14.7086 -0.112152 1.51599 -0.000202323 -0.000417893 -0.00225515
144.234 14.7144 -0.112146 1.51601 -0.000211197 -0.00041786 -0.00224986
144.253 14.7201 -0.112139 1.51605 -0.000212975 -0.000377037 -0.00224431
144.277 14.7259 -0.112132 1.51609 -0.000203913 -0.000362725 -0.00223954
144.294 14.7318 -0.112124 1.51614 -0.000192583 -0.00028994 -0.00223488
144.315 14.7377 -0.112115 1.51619 -0.000190148 -0.000286718 -0.00223082
144.335 14.7436 -0.112105 1.51625 -0.000187103 -0.000276727 -0.00222738
144.355 14.7495 -0.112095 1.51632 -0.000174558 -0.000220661 -0.00222603
144.376 14.7555 -0.112085 1.5164 -0.000150453 -0.000211221 -0.00222268
144.396 14.7615 -0.112074 1.51647 -0.000117727 -0.000203025 -0.00221936
144.416 14.7676 -0.112063 1.51655 -8.50818e-05 -0.000120282 -0.00221482
144.436 14.7736 -0.112052 1.51662 -5.96249e-05 -0.000230865 -0.00220934
144.458 14.7797 -0.11204 1.5167 -5.14019e-05 -0.000125626 -0.00220885
144.478 14.7858 -0.112029 1.51678 -4.42191e-05 -0.000100214 -0.00220467
144.497 14.792 -0.112017 1.51686 -4.31593e-05 -0.000112794 -0.00219974
144.519 14.7981 -0.112005 1.51695 -5.23996e-05 -8.25526e-05 -0.0021948
144.539 14.8043 -0.111993 1.51704 -6.76198e-05 -2.77674e-05 -0.00219148
144.559 14.8105 -0.111981 1.51714 -0.000103377 1.38812e-05 -0.00218598
144.579 14.8168 -0.111969 1.51723 -0.000136731 0.000143629 -0.00218341
144.6 14.823 -0.111956 1.51732 -0.000151297 0.000172552 -0.00218153
144.619 14.8293 -0.111943 1.51742 -0.00016176 0.00015553 -0.00217811
144.641 14.8356 -0.111929 1.51753 -0.000173219 0.000217502 -0.00217522
144.659 14.8419 -0.111915 1.51764 -0.00016887 0.000185057 -0.00217068
144.681 14.8482 -0.111901 1.51775 -0.000158868 0.000155656 -0.00216577
144.7 14.8546 -0.111886 1.51786 -0.000149011 0.000147902 -0.00216004
144.72 14.8609 -0.11187 1.51797 -0.000131652 0.000131894 -0.00215592
144.743 14.8673 -0.111854 1.51808 -0.000114069 0.000116331 -0.0021523
144.762 14.8737 -0.111838 1.51818 -9.08435e-05 0.000204701 -0.00214965
144.783 14.8801 -0.111821 1.51828 -7.41542e-05 0.000112819 -0.00214499
144.802 14.8865 -0.111805 1.51839 -6.41424e-05 0.000232904 -0.00214042
144.822 14.8929 -0.111788 1.51851 -6.13759e-05 0.000206634 -0.00213573
144.845 14.8993 -0.111771 1.51863 -7.48261e-05 0.000195466 -0.00213174
144.865 14.9057 -0.111754 1.51875 -8.84614e-05 0.000232749 -0.00213157
144.886 14.9122 -0.111736 1.51887 -9.34672e-05 0.000251528 -0.00212983
144.905 14.9186 -0.111719 1.519 -4.22274e-05 -0.00127035 -0.0021253
144.925 14.9252 -0.111701 1.51916 -0.00011611 0.000110942 -0.00211939
144.946 14.9319 -0.111683 1.51939 -0.000186076 0.00062719 -0.00211372
144.965 14.9387 -0.111665 1.51966 -0.000222617 1.24246e-05 -0.00210868
144.987 14.9456 -0.111646 1.51997 -0.00025187 -0.000250465 -0.00210277
145.006 14.9526 -0.111627 1.52029 -0.000276767 -0.000279012 -0.00209621
145.025 14.9596 -0.111606 1.5206 -0.000295091 -0.000196521 -0.00208944
145.046 14.9668 -0.111585 1.52091 -0.000297755 -0.000327491 -0.00208332
145.066 14.974 -0.111564 1.5212 -0.000309483 -0.000331614 -0.00207804
145.09 14.9813 -0.111541 1.52149 -0.000306229 -0.000473192 -0.00207533
145.106 14.9887 -0.111517 1.52176 -0.000296927 -0.000449634 -0.00207108
145.126 14.9962 -0.111493 1.52202 -0.000296428 -0.000468077 -0.00206574
145.147 15.0037 -0.111467 1.52226 -0.000304328 -0.000483611 -0.00205916
145.167 15.0113 -0.111441 1.52249 -0.000318423 -0.000423222 -0.0020525
145.188 15.019 -0.111414 1.5227 -0.000339307 -0.000462805 -0.00204484
145.207 15.0267 -0.111385 1.5229 -0.000347229 -0.000454276 -0.00203684
145.228 15.0345 -0.111356 1.52308 -0.000346234 -0.000320955 -0.00202862
145.248 15.0423 -0.111325 1.52326 -0.000323681 -0.000322895 -0.00202355
145.268 15.0502 -0.111294 1.52342 -0.00029456 -0.000360787 -0.00201809
145.29 15.0582 -0.111262 1.52356 -0.000268627 -0.000319218 -0.00201257
145.308 15.0662 -0.111229 1.52369 -0.000246422 -0.000181734 -0.00200711
145.328 15.0743 -0.111195 1.52381 -0.000231657 -0.000156619 -0.00200116
145.35 15.0824 -0.111161 1.52391 -0.000223448 -0.000163866 -0.00199729
145.371 15.0906 -0.111126 1.524 -0.000215158 -3.51859e-05 -0.00199076
145.39 15.0988 -0.11109 1.52407 -0.000212238 -2.15977e-07 -0.00198305
145.41 15.107 -0.111053 1.52412 -0.000221606 2.0092e-05 -0.00197754
145.43 15.1153 -0.111017 1.52416 -0.000232421 7.01326e-05 -0.00197069
145.454 15.1236 -0.110979 1.52418 -0.000231228 0.00012407 -0.00196275
145.472 15.132 -0.110941 1.52418 -0.000221142 0.000139145 -0.00195435
145.493 15.1404 -0.110902 1.52416 -0.000202123 0.000236462 -0.00194962
145.512 15.1488 -0.110863 1.52412 -0.000202816 0.000286442 -0.00194611
145.532 15.1573 -0.110823 1.52406 -0.000196266 0.000314126 -0.00194023
145.554 15.1658 -0.110782 1.52399 -0.000181419 0.000373661 -0.00193345
145.572 15.1744 -0.110742 1.52391 -0.000166144 0.000436911 -0.00192688
145.595 15.1829 -0.1107 1.52381 -0.000161019 0.000531193 -0.00192101
145.613 15.1915 -0.110659 1.52369 -0.000135295 0.000543803 -0.00191631
145.632 15.2002 -0.110617 1.52357 -0.000112799 0.000657173 -0.00191332
145.653 15.2088 -0.110575 1.52343 -8.851e-05 0.00062766 -0.0019081
145.673 15.2175 -0.110533 1.52329 -6.81551e-05 0.000655262 -0.00190261
145.695 15.2262 -0.110491 1.52313 -6.60527e-05 0.000701461 -0.00189584
145.713 15.2349 -0.110448 1.52296 -8.54839e-05 0.000739035 -0.00189088
145.733 15.2437 -0.110406 1.52278 -0.000100411 0.000851037 -0.00188771
145.755 15.2525 -0.110363 1.52258 -0.000111499 0.000825452 -0.00188076
145.774 15.2613 -0.11032 1.52238 -0.000151811 0.000856592 -0.0018758
145.795 15.2701 -0.110277 1.52216 -0.000156112 0.000900804 -0.00187004
145.815 15.2789 -0.110233 1.52194 -0.000159916 0.000839888 -0.00186521
145.834 15.2878 -0.110189 1.52171 -0.000164028 0.000834587 -0.0018602
145.855 15.2967 -0.110145 1.52146 -0.000166883 0.000858326 -0.00185777
145.875 15.3056 -0.1101 1.52119 -0.000162895 0.000928919 -0.00185295
145.896 15.3145 -0.110055 1.52092 -0.000174555 0.000970675 -0.0018484
145.916 15.3233 -0.11001 1.52062 -3.63355e-05 -0.000910344 -0.00184244
145.936 15.3324 -0.109964 1.52034 -0.000100756 -5.37238e-05 -0.00182496
145.956 15.3416 -0.109918 1.52012 -0.000219609 0.00134524 -0.00180656
145.976 15.3509 -0.109872 1.51994 -0.000280574 0.000986383 -0.00179025
145.997 15.3603 -0.109825 1.5198 -0.000282368 0.000352672 -0.00177594
146.017 15.3699 -0.109778 1.51966 -0.000299068 0.000177437 -0.00176002
146.036 15.3795 -0.10973 1.51951 -0.000333001 0.000230794 -0.0017446
146.057 15.3893 -0.109681 1.51934 -0.000339141 2.81033e-05 -0.00172976
146.078 15.3992 -0.109631 1.51916 -0.000351739 6.83724e-06 -0.00171444
146.099 15.4092 -0.10958 1.51895 -0.00034568 -8.49015e-05 -0.00170008
146.119 15.4192 -0.109528 1.51873 -0.000329522 -0.000142425 -0.001689
146.138 15.4294 -0.109475 1.51849 -0.000334156 -0.000188405 -0.00167721
146.16 15.4396 -0.109422 1.51823 -0.000333774 -0.000169244 -0.00166812
146.178 15.45 -0.109367 1.51797 -0.000331301 -5.5062e-05 -0.0016575
146.201 15.4604 -0.109312 1.51769 -0.000308584 -8.89822e-05 -0.00164783
146.222 15.4709 -0.109256 1.51741 -0.000287291 -9.42461e-05 -0.00163683
146.24 15.4815 -0.109198 1.51714 -0.00028193 9.89715e-05 -0.00162567
146.261 15.4921 -0.109141 1.51686 -0.000252392 0.000118435 -0.00161636
146.282 15.5028 -0.109082 1.51659 -0.000242431 0.000166183 -0.00160635
146.303 15.5136 -0.109023 1.51634 -0.000234395 0.00024638 -0.0016011
146.322 15.5245 -0.108964 1.5161 -0.000211677 0.000398405 -0.0015914
146.343 15.5355 -0.108904 1.51588 -0.000199862 0.000479349 -0.00158282
146.364 15.5465 -0.108843 1.51567 -0.000185861 0.000537784 -0.00157494
146.383 15.5575 -0.108783 1.51549 -0.000164002 0.000641682 -0.00156809
146.405 15.5687 -0.108722 1.51533 -0.000134274 0.000707805 -0.00155855
146.425 15.5799 -0.10866 1.5152 -0.000134095 0.000887639 -0.00154904
146.443 15.5911 -0.108599 1.5151 -0.000117868 0.000959783 -0.00154181
146.464 15.6024 -0.108537 1.51503 -0.000103564 0.00108685 -0.00154062
146.484 15.6138 -0.108475 1.51499 -8.82895e-05 0.00107889 -0.00153399
146.505 15.6252 -0.108414 1.51499 -6.94878e-05 0.00120477 -0.00152714
146.524 15.6366 -0.108352 1.51501 -5.45949e-05 0.00128078 -0.0015192
146.545 15.6481 -0.108291 1.51506 -3.25193e-05 0.00130997 -0.00151161
146.567 15.6597 -0.108229 1.51514 -1.39463e-05 0.00142555 -0.00150622
146.586 15.6713 -0.108168 1.51525 2.25526e-06 0.00145408 -0.0015031
146.609 15.6829 -0.108107 1.51538 1.67247e-05 0.00143788 -0.00149666
146.625 15.6945 -0.108047 1.51554 2.87897e-05 0.00146375 -0.00149207
146.646 15.7062 -0.107987 1.51572 3.37908e-05 0.00149996 -0.00148894
146.669 15.7179 -0.107927 1.51592 3.44565e-05 0.00160169 -0.00148527
146.688 15.7297 -0.107868 1.51613 3.3796e-05 0.00157169 -0.00148085
146.709 15.7415 -0.107809 1.51637 3.0406e-05 0.00159419 -0.00147686
146.728 15.7533 -0.107751 1.51662 2.11096e-05 0.00164255 -0.00147651
146.748 15.7651 -0.107693 1.51689 1.01526e-05 0.00173674 -0.0014735
146.77 15.7769 -0.107635 1.51717 3.11936e-06 0.00168466 -0.00146817
146.788 15.7888 -0.107577 1.51746 -1.88537e-06 0.00167623 -0.00146304
146.813 15.8007 -0.10752 1.51777 -6.58785e-06 0.00178846 -0.00145509
146.829 15.8126 -0.107463 1.51809 -1.51477e-06 0.00177425 -0.00144922
146.849 15.8245 -0.107407 1.51841 2.76781e-06 0.00171446 -0.0014448
146.873 15.8364 -0.10735 1.51874 -4.30649e-06 0.00180473 -0.00144378
146.89 15.8484 -0.107294 1.51908 -1.10944e-05 0.00178556 -0.00144182
146.912 15.8603 -0.107238 1.51943 -1.3889e-05 0.0017412 -0.00143607
146.93 15.8722 -0.107182 1.51978 -1.88838e-05 0.00170398 -0.00143248
146.951 15.8842 -0.107127 1.52012 7.44596e-05 -0.000538186 -0.00142002
146.973 15.8964 -0.107072 1.52055 -7.70203e-05 0.00177668 -0.00140138
146.991 15.9087 -0.107016 1.52106 -0.000213539 0.00210447 -0.0013846
147.014 15.9212 -0.106961 1.52162 -0.000278705 0.00117707 -0.00136972
147.033 15.9338 -0.106905 1.52222 -0.000352035 0.000745258 -0.00135402
147.053 15.9466 -0.106848 1.52282 -0.000443079 0.000923685 -0.00134357
147.074 15.9595 -0.10679 1.52341 -0.000486887 0.000682694 -0.00133166
147.093 15.9725 -0.106731 1.52398 -0.000527394 0.000452061 -0.00131984
147.115 15.9857 -0.106669 1.52452 -0.000575332 0.000461371 -0.00130612
147.134 15.9989 -0.106606 1.52504 -0.000586308 0.000386275 -0.00129665
147.154 16.0123 -0.106541 1.52554 -0.000613258 0.000314399 -0.00128553
147.177 16.0257 -0.106474 1.52601 -0.000637859 0.00030131 -0.00127447
147.194 16.0393 -0.106406 1.52645 -0.000643814 0.000399772 -0.0012595
147.214 16.0529 -0.106335 1.52688 -0.000656614 0.00041984 -0.00124744
147.234 16.0667 -0.106261 1.52729 -0.000659505 0.000508089 -0.00123635
147.254 16.0805 -0.106186 1.52768 -0.000673638 0.000569523 -0.00122405
147.276 16.0944 -0.106108 1.52807 -0.000691419 0.000704927 -0.00121851
147.295 16.1084 -0.106029 1.52843 -0.000679706 0.00066789 -0.00121014
147.317 16.1225 -0.105947 1.52879 -0.000671125 0.000783008 -0.00120277
147.337 16.1367 -0.105862 1.52914 -0.000683849 0.00090479 -0.00119657
147.356 16.1509 -0.105776 1.52947 -0.000692086 0.000930827 -0.00118879
147.378 16.1652 -0.105687 1.52979 -0.000710589 0.0010614 -0.00117934
147.397 16.1795 -0.105595 1.53009 -0.000697614 0.00106873 -0.00117035
147.42 16.1939 -0.105502 1.53038 -0.000671262 0.00110272 -0.00116126
147.439 16.2083 -0.105406 1.53066 -0.000676697 0.00115157 -0.00115236
147.459 16.2228 -0.105309 1.53092 -0.000664881 0.00125001 -0.00114111
147.481 16.2373 -0.105208 1.53117 -0.000683717 0.0012841 -0.00112934
147.5 16.2519 -0.105106 1.53139 -0.000711038 0.00139096 -0.00112188
147.522 16.2665 -0.105001 1.53159 -0.000710744 0.00138004 -0.00111303
147.542 16.2812 -0.104894 1.53177 -0.000721502 0.00144853 -0.00110368
147.561 16.2958 -0.104785 1.53193 -0.00069961 0.00140127 -0.00109575
147.582 16.3105 -0.104673 1.53208 -0.000697975 0.0014191 -0.00108699
147.601 16.3252 -0.104559 1.53221 -0.000686025 0.00142592 -0.00107602
147.623 16.34 -0.104443 1.53232 -0.000689751 0.00153763 -0.00107179
147.642 16.3548 -0.104325 1.53241 -0.000691903 0.00146182 -0.00106457
147.661 16.3695 -0.104204 1.53249 -0.000692493 0.00171669 -0.00105559
147.683 16.3843 -0.104081 1.53255 -0.000631267 0.00151185 -0.00104764
147.704 16.3992 -0.103957 1.53261 -0.000586753 0.00141047 -0.00104418
147.725 16.414 -0.10383 1.53265 -0.000565804 0.00145761 -0.00103652
147.744 16.4289 -0.103701 1.53268 -0.000559567 0.00156818 -0.00102745
147.763 16.4437 -0.103571 1.5327 -0.000557711 0.00159891 -0.00102255
147.789 16.4586 -0.103439 1.53271 -0.000568147 0.00176752 -0.00101652
147.806 16.4734 -0.103306 1.5327 -0.00055459 0.00171218 -0.00100671
147.826 16.4883 -0.10317 1.53268 -0.000553771 0.00166009 -0.00100088
147.847 16.5032 -0.103033 1.53265 -0.000572186 0.00180745 -0.000994389
147.867 16.5181 -0.102894 1.5326 -0.000563166 0.0017615 -0.000987554
147.891 16.5329 -0.102754 1.53254 -0.000557636 0.00175916 -0.000980027
147.909 16.5478 -0.102612 1.53247 -0.000538451 0.00184815 -0.000977222
147.93 16.5626 -0.102468 1.53238 -0.000556412 0.00190894 -0.000972472
147.95 16.5774 -0.102322 1.53227 -0.000572786 0.00190469 -0.000966777
147.969 16.5923 -0.102178 1.53218 -0.000270899 0.00832278 -0.000818928
147.989 16.6063 -0.102025 1.53215 -0.00120134 0.0047966 -0.00068347
148.011 16.6198 -0.101872 1.53233 -0.00134702 0.00424218 -0.000502173
148.199 16.6327 -0.101716 1.53263 -0.0011368 0.00628731 -0.000322364
148.219 16.6452 -0.101557 1.53298 -0.000694 0.0072593 -0.000147046
148.239 16.6571 -0.101396 1.53332 -0.000279733 0.00725061 4.00713e-06
148.259 16.6686 -0.101234 1.53363 0.000100876 0.00731872 0.000137258
148.279 16.6796 -0.101072 1.53388 0.000473539 0.00742538 0.000256137
148.3 16.6901 -0.100913 1.53407 0.000807489 0.00739453 0.000362212
148.319 16.7002 -0.100758 1.53419 0.00110763 0.00727237 0.000455092
148.339 16.7098 -0.100607 1.53426 0.00136465 0.00713895 0.000534465
148.361 16.7189 -0.100461 1.53427 0.001577 0.00702139 0.000602058
148.379 16.7276 -0.100322 1.53423 0.00172077 0.00671384 0.000654814
148.401 16.7358 -0.100191 1.53414 0.00183 0.0064582 0.000696203
148.421 16.7435 -0.100067 1.53402 0.00190927 0.00628881 0.000728715
148.44 16.7508 -0.0999502 1.53387 0.00195878 0.00610212 0.000753077
148.461 16.7577 -0.0998421 1.53368 0.00198537 0.0058355 0.000768495
148.481 16.764 -0.0997421 1.53346 0.0019849 0.00547513 0.000778719
148.503 16.77 -0.0996504 1.53321 0.0019734 0.00523926 0.000783165
148.522 16.7755 -0.0995669 1.53294 0.00194853 0.00495373 0.000778069
148.542 16.7805 -0.0994915 1.53264 0.00191721 0.00451978 0.0007645
148.563 16.7851 -0.099424 1.53233 0.00187187 0.00422302 0.000746792
148.582 16.7892 -0.0993643 1.53201 0.00182941 0.00392462 0.000725496
148.607 16.7929 -0.0993123 1.53167 0.00179023 0.00347212 0.00069841
148.623 16.7962 -0.0992677 1.53132 0.00175137 0.0031348 0.000666122
148.643 16.799 -0.0992303 1.53097 0.00171333 0.00276261 0.000630892
148.664 16.8015 -0.0992 1.5306 0.00167342 0.00244278 0.000594365
148.684 16.8034 -0.0991765 1.53023 0.00163655 0.00214985 0.000555505
148.705 16.805 -0.0991598 1.52984 0.00160983 0.00181856 0.000510063
148.723 16.8061 -0.0991496 1.52945 0.00159082 0.00141149 0.00046217
148.744 16.8069 -0.099146 1.52905 0.00158146 0.00105804 0.0004124
148.767 16.8072 -0.0991486 1.52865 0.00156868 0.000724425 0.000360104
148.784 16.8071 -0.0991575 1.52824 0.00154667 0.000397159 0.000306368
148.806 16.8066 -0.0991726 1.52783 0.00155286 3.86788e-05 0.000253064
148.825 16.8057 -0.0991936 1.52741 0.00151823 -0.000261613 0.000193054
148.845 16.8045 -0.0992207 1.52699 0.00150485 -0.000614855 0.000135305
148.866 16.8029 -0.0992538 1.52656 0.00151594 -0.000979464 8.09618e-05
148.886 16.8009 -0.0992925 1.52612 0.00149215 -0.0012098 2.36698e-05
148.909 16.7985 -0.0993367 1.52568 0.00144612 -0.00151392 -3.71674e-05
148.928 16.7958 -0.0993867 1.52523 0.00142712 -0.00184279 -9.46615e-05
148.948 16.7928 -0.0994418 1.52477 0.0013772 -0.00209556 -0.000153581
148.969 16.7894 -0.0995022 1.52431 0.00135771 -0.00233109 -0.000215363
148.988 16.7857 -0.0995678 1.52385 0.00135725 -0.00270977 -0.000276797
149.008 16.7816 -0.0996382 1.52338 0.00131977 -0.00306719 -0.000333077
149.028 16.7773 -0.0997135 1.52291 0.00130656 -0.00326569 -0.000391241
149.05 16.7726 -0.0997934 1.52244 0.00127363 -0.00362265 -0.000450653
149.074 16.7676 -0.0998782 1.52197 0.00126695 -0.00383642 -0.000507287
149.094 16.7623 -0.0999677 1.5215 0.00128964 -0.00425005 -0.000562037
149.117 16.7567 -0.100061 1.52104 0.00124792 -0.00434745 -0.000620509
149.137 16.7509 -0.100159 1.52058 0.00119711 -0.00453026 -0.000676765
149.155 16.7446 -0.100263 1.52011 0.00137006 -0.00923314 -0.000686133
149.176 16.7385 -0.100373 1.51975 0.00158169 -0.00723206 -0.000551521
149.196 16.7325 -0.100486 1.51961 0.0013507 -0.00497065 -0.000457732
149.22 16.7266 -0.100603 1.5196 0.00108445 -0.00624802 -0.000382053
149.236 16.7207 -0.100726 1.5197 0.000900308 -0.0077144 -0.000315184
149.256 16.7149 -0.100851 1.51983 0.000713556 -0.0081396 -0.000256233
149.28 16.7091 -0.100978 1.51998 0.000530474 -0.00823285 -0.000208336
149.297 16.7033 -0.101108 1.5201 0.000337133 -0.00851471 -0.000166171
149.32 16.6976 -0.101238 1.52021 0.000203075 -0.00879944 -0.000129253
149.337 16.692 -0.101368 1.5203 4.59289e-05 -0.00883177 -9.77005e-05
149.504 16.6865 -0.101499 1.52036 -5.73232e-05 -0.00873802 -7.45349e-05
149.525 16.681 -0.101629 1.52041 -0.000142382 -0.00871594 -5.76104e-05
149.545 16.6756 -0.101758 1.52045 -0.000295026 -0.00846039 -4.44747e-05
149.566 16.6704 -0.101885 1.52049 -0.000339284 -0.00830871 -3.61887e-05
149.586 16.6652 -0.102011 1.52052 -0.000443852 -0.00798903 -2.76484e-05
149.605 16.6601 -0.102134 1.52055 -0.000572096 -0.0075919 -2.85932e-05
149.627 16.6551 -0.102255 1.52058 -0.00061503 -0.00734586 -3.27656e-05
149.645 16.6503 -0.102373 1.52062 -0.00074381 -0.00692103 -3.87636e-05
149.667 16.6456 -0.102488 1.52066 -0.000808114 -0.00648804 -4.78095e-05
149.686 16.641 -0.102599 1.52071 -0.000836218 -0.00629283 -6.34747e-05
149.706 16.6366 -0.102707 1.52076 -0.000928339 -0.00579893 -8.07006e-05
149.728 16.6323 -0.10281 1.52083 -0.000987541 -0.00550567 -9.9733e-05
149.748 16.6282 -0.10291 1.52089 -0.00108209 -0.005124 -0.000120812
149.772 16.6242 -0.103004 1.52097 -0.00117369 -0.00486376 -0.000147126
149.788 16.6204 -0.103094 1.52104 -0.00124097 -0.00459225 -0.000175054
149.808 16.6168 -0.103179 1.52112 -0.00130642 -0.00430234 -0.000203071
149.828 16.6134 -0.103259 1.52119 -0.00138353 -0.00413517 -0.000233091
149.849 16.6101 -0.103333 1.52126 -0.00141282 -0.00392623 -0.000266534
149.87 16.607 -0.103401 1.52132 -0.00145784 -0.00377659 -0.000302671
149.888 16.6041 -0.103463 1.52138 -0.00147545 -0.00360582 -0.000336474
149.908 16.6014 -0.10352 1.52144 -0.00151357 -0.00328516 -0.000373689
149.929 16.5989 -0.10357 1.5215 -0.00157141 -0.00307339 -0.000412078
149.952 16.5966 -0.103614 1.52155 -0.00160055 -0.00280992 -0.000450415
149.97 16.5946 -0.103652 1.5216 -0.00164398 -0.00262576 -0.00048523
149.99 16.5927 -0.103683 1.52166 -0.0017058 -0.0022866 -0.000521108
150.01 16.591 -0.103708 1.52171 -0.00173985 -0.00210004 -0.000556527
150.031 16.5896 -0.103725 1.52176 -0.0018534 -0.00171557 -0.000591371
150.051 16.5883 -0.103736 1.52182 -0.00191376 -0.00145358 -0.000630547
150.076 16.5873 -0.103739 1.52188 -0.00195399 -0.00122801 -0.000667032
150.092 16.5865 -0.103735 1.52194 -0.00200633 -0.00106765 -0.000698477
150.111 16.586 -0.103723 1.522 -0.00205897 -0.000786121 -0.00073426
150.131 16.5857 -0.103703 1.52206 -0.00211428 -0.000563697 -0.00076992
150.153 16.5856 -0.103675 1.52212 -0.00218144 -0.00042642 -0.000801785
150.173 16.5857 -0.103639 1.52217 -0.00220146 -0.000185179 -0.000834518
150.192 16.5861 -0.103595 1.52223 -0.00222868 4.72399e-05 -0.000866941
150.213 16.5867 -0.103542 1.52229 -0.00226788 0.000264655 -0.000897947
150.234 16.5876 -0.103481 1.52235 -0.00231713 0.000510676 -0.000925418
150.255 16.5887 -0.103411 1.52241 -0.00237466 0.000688352 -0.000951412
150.277 16.5901 -0.103333 1.52248 -0.00241274 0.00101991 -0.000979537
150.293 16.5916 -0.103245 1.52255 -0.00248178 0.00122427 -0.00100276
150.314 16.5934 -0.103146 1.52262 -0.00289979 3.68483e-05 -0.00100659
150.335 16.5956 -0.103039 1.52271 -0.00274343 0.000901347 -0.00106093
150.354 16.5982 -0.102923 1.52286 -0.00262432 0.00168599 -0.00109683
150.376 16.6012 -0.102795 1.52306 -0.00275631 0.00135593 -0.0011114
150.395 16.6046 -0.102657 1.52328 -0.00304842 0.00112 -0.0011204
150.417 16.6084 -0.102507 1.52352 -0.0033598 0.00136918 -0.00113188
150.436 16.6125 -0.102345 1.52376 -0.0036745 0.00136936 -0.00114217
150.456 16.617 -0.10217 1.52399 -0.00396187 0.00146829 -0.00115285
150.476 16.6218 -0.10198 1.52421 -0.00420279 0.00158927 -0.0011662
150.495 16.627 -0.101776 1.52442 -0.00443276 0.00168885 -0.00117677
150.515 16.6325 -0.101555 1.52461 -0.00462541 0.00177594 -0.00118929
150.539 16.6384 -0.101317 1.5248 -0.00474701 0.00177623 -0.00120322
150.556 16.6446 -0.101063 1.52498 -0.00486061 0.00180193 -0.00121561
150.578 16.6511 -0.10079 1.52515 -0.00494267 0.00178707 -0.00122979
150.596 16.6579 -0.1005 1.52531 -0.004979 0.00194588 -0.0012448
150.618 16.665 -0.100192 1.52545 -0.00500726 0.00187971 -0.00125563
150.64 16.6724 -0.0998658 1.52558 -0.00501177 0.00194018 -0.00126686
150.658 16.6802 -0.0995218 1.5257 -0.0049906 0.00198863 -0.00127818
150.682 16.6882 -0.0991599 1.52581 -0.00494123 0.00192722 -0.00128515
150.698 16.6965 -0.0987804 1.52591 -0.00487914 0.00197012 -0.00129208
150.718 16.705 -0.0983834 1.526 -0.00481925 0.00205093 -0.00129869
150.739 16.7139 -0.0979694 1.52608 -0.00475061 0.00198893 -0.00130443
150.758 16.723 -0.0975385 1.52616 -0.00467882 0.00198772 -0.00130808
150.779 16.7323 -0.0970911 1.52623 -0.00461195 0.00219086 -0.00130985
150.799 16.742 -0.0966274 1.5263 -0.00454959 0.00216448 -0.00130521
150.819 16.7518 -0.0961478 1.52638 -0.0044938 0.00224243 -0.0012985
150.841 16.762 -0.0956524 1.52645 -0.00443771 0.00225606 -0.00129467
150.86 16.7723 -0.0951416 1.52653 -0.00439142 0.00234195 -0.00128938
150.883 16.7829 -0.0946155 1.52662 -0.004352 0.00247709 -0.00128522
150.902 16.7937 -0.0940744 1.52671 -0.00429997 0.00259401 -0.00127616
150.922 16.8048 -0.0935185 1.52681 -0.00427216 0.00255293 -0.00126502
150.943 16.816 -0.0929478 1.52692 -0.00424763 0.00275087 -0.00125415
150.963 16.8275 -0.0923628 1.52703 -0.00419257 0.00283756 -0.00124552
150.984 16.8391 -0.0917635 1.52716 -0.00413843 0.00297266 -0.00123321
151.004 16.8509 -0.0911504 1.52729 -0.00405366 0.00306956 -0.0012221
151.023 16.8629 -0.0905235 1.52743 -0.00398338 0.00313951 -0.00120886
151.044 16.8751 -0.0898832 1.52758 -0.00393025 0.00333395 -0.00119482
151.064 16.8874 -0.08923 1.52774 -0.0038421 0.00352229 -0.0011802
151.087 16.8999 -0.0885638 1.5279 -0.0037792 0.00355279 -0.00116622
151.104 16.9126 -0.0878853 1.52807 -0.00371264 0.0037919 -0.00115087
151.124 16.9253 -0.0871946 1.52825 -0.00362946 0.003826 -0.00113401
151.145 16.9382 -0.0864922 1.52843 -0.00354458 0.00395471 -0.00111858
151.167 16.9513 -0.0857783 1.52862 -0.00345929 0.00409004 -0.00110274
151.186 16.9644 -0.0850534 1.52882 -0.00336738 0.00421166 -0.00108676
151.205 16.9777 -0.0843177 1.52903 -0.00328349 0.00434995 -0.00107023
151.226 16.9911 -0.083572 1.52923 -0.00314778 0.00436565 -0.00105389
151.246 17.0045 -0.0828163 1.52945 -0.00305195 0.00439358 -0.00103589
151.266 17.0181 -0.0820511 1.52967 -0.00297623 0.00463778 -0.00101696
151.286 17.0317 -0.081277 1.52989 -0.00286331 0.00461573 -0.000996292
151.307 17.0455 -0.0804942 1.53012 -0.00276384 0.00471226 -0.000977754
151.327 17.0593 -0.0797034 1.53036 -0.00263602 0.00477659 -0.000961538
151.348 17.0731 -0.0789041 1.5306 -0.00259983 0.00430219 -0.000943164
151.368 17.0872 -0.0780987 1.53085 -0.00233699 0.0047418 -0.000930146
151.39 17.1013 -0.0772863 1.53113 -0.00216097 0.00468454 -0.000913007
151.408 17.1155 -0.0764671 1.53141 -0.00216264 0.00454046 -0.000891647
151.428 17.1298 -0.0756418 1.5317 -0.00222487 0.00457499 -0.000873294
151.45 17.1442 -0.0748112 1.53199 -0.00217628 0.00458017 -0.000857169
151.471 17.1587 -0.0739744 1.53228 -0.00221023 0.00459275 -0.00084047
151.491 17.1732 -0.073132 1.53257 -0.00220544 0.00460202 -0.000822989
151.511 17.1878 -0.0722844 1.53286 -0.0020757 0.00450985 -0.000809696
151.532 17.2024 -0.0714308 1.53316 -0.0020471 0.00446363 -0.000792242
151.554 17.217 -0.0705719 1.53346 -0.00203957 0.00461113 -0.000778787
151.572 17.2316 -0.0697085 1.53376 -0.00191787 0.00446922 -0.000765869
151.595 17.2463 -0.06884 1.53407 -0.00186361 0.00459263 -0.000750609
151.614 17.2609 -0.0679677 1.53439 -0.00169567 0.00438519 -0.000738044
151.632 17.2755 -0.0670918 1.53471 -0.00151027 0.00434075 -0.000725675
151.654 17.2901 -0.0662125 1.53504 -0.0013732 0.00433713 -0.000715379
151.673 17.3047 -0.0653313 1.53537 -0.00113504 0.0041291 -0.000703894
151.696 17.3192 -0.0644483 1.5357 -0.000944297 0.00408428 -0.000690289
151.713 17.3337 -0.0635642 1.53603 -0.000777737 0.00413763 -0.000678398
151.734 17.3481 -0.0626802 1.53635 -0.000562465 0.0039132 -0.000665196
151.76 17.3624 -0.0617966 1.53666 -0.000383525 0.00397899 -0.00065766
151.775 17.3767 -0.0609148 1.53697 -0.000148349 0.00386919 -0.00065078
151.796 17.3908 -0.060035 1.53726 6.27957e-05 0.00373713 -0.000641811
151.815 17.4049 -0.0591583 1.53754 0.000260683 0.003614 -0.000635222
151.837 17.4189 -0.0582854 1.53781 0.000476648 0.00361603 -0.000628557
151.858 17.4327 -0.0574169 1.53807 0.000650871 0.0034683 -0.000621329
151.876 17.4465 -0.0565534 1.53831 0.000787099 0.00355612 -0.000615667
151.897 17.4601 -0.0556961 1.53854 0.000992622 0.00334409 -0.000608587
151.916 17.4736 -0.0548455 1.53876 0.00119704 0.0032461 -0.000605761
151.937 17.487 -0.0540017 1.53897 0.00132725 0.00326582 -0.00060365
151.959 17.5002 -0.0531663 1.53916 0.00153464 0.00313619 -0.000599584
151.978 17.5132 -0.0523389 1.53933 0.00164672 0.00315497 -0.000597528
152.001 17.5261 -0.0515211 1.5395 0.00183508 0.00307237 -0.000594738
152.019 17.5389 -0.0507126 1.53964 0.00197718 0.00294645 -0.000593145
152.039 17.5514 -0.0499142 1.53978 0.00209506 0.00294562 -0.000590982
152.06 17.5638 -0.0491268 1.53991 0.00226336 0.00283972 -0.000588138
152.082 17.576 -0.0483502 1.54002 0.00235036 0.00284594 -0.000589886
152.105 17.5881 -0.0475854 1.54012 0.00246025 0.00270174 -0.000590265
152.124 17.5999 -0.0468327 1.54022 0.00260567 0.0025897 -0.000589972
152.144 17.6116 -0.0460922 1.54031 0.00267974 0.0025975 -0.000586754
152.168 17.623 -0.0453648 1.54039 0.00279962 0.00244003 -0.000586658
152.186 17.6343 -0.0446506 1.54046 0.00294235 0.00235253 -0.000587883
152.209 17.6453 -0.0439497 1.54053 0.00300548 0.00237909 -0.000589383
152.226 17.6561 -0.0432631 1.5406 0.00311629 0.00224598 -0.000591914
152.246 17.6667 -0.0425908 1.54066 0.00325104 0.00213187 -0.00059756
152.268 17.6771 -0.0419332 1.54071 0.00334525 0.00201083 -0.000600605
152.288 17.6872 -0.0412905 1.54076 0.00343218 0.00198164 -0.000600849
152.307 17.6971 -0.0406633 1.54081 0.00353511 0.00181344 -0.000604742
152.327 17.7068 -0.0400518 1.54085 0.00362994 0.00177726 -0.000609242
152.347 17.7162 -0.0394565 1.54089 0.00375515 0.00164821 -0.000612425
152.369 17.7254 -0.0388775 1.54093 0.00383027 0.00196041 -0.000614612
152.387 17.7343 -0.0383156 1.54096 0.00399432 0.0013657 -0.00061675
152.407 17.7429 -0.0377711 1.54101 0.0041505 0.00117671 -0.000619348
152.429 17.7513 -0.0372444 1.54107 0.00429648 0.00124073 -0.000620251
152.448 17.7593 -0.0367361 1.54112 0.00443972 0.00118569 -0.000622545
152.469 17.767 -0.0362465 1.54118 0.00456849 0.000962069 -0.000626916
152.49 17.7745 -0.0357762 1.54122 0.00468976 0.000874701 -0.000631658
152.511 17.7817 -0.0353254 1.54126 0.00478862 0.00077399 -0.000637752
152.528 17.7887 -0.0348945 1.54129 0.00487115 0.000643569 -0.000643234
152.548 17.7953 -0.0344839 1.54131 0.00495164 0.000439471 -0.000649687
152.569 17.8017 -0.0340936 1.54131 0.00501258 0.000405377 -0.000657209
152.589 17.8078 -0.0337239 1.54131 0.00505378 0.000332194 -0.000665052
152.609 17.8137 -0.0333748 1.54129 0.00507359 0.000146945 -0.00067331
152.629 17.8193 -0.0330463 1.54126 0.00507242 0.000137 -0.000680856
152.65 17.8246 -0.0327384 1.54121 0.00505136 5.48635e-05 -0.000689938
152.67 17.8297 -0.032451 1.54115 0.00502 1.32765e-05 -0.00069858
152.691 17.8346 -0.0321838 1.54109 0.004968 9.55059e-06 -0.000705767
152.711 17.8392 -0.0319366 1.54101 0.00489429 -9.987e-05 -0.000712733
152.732 17.8436 -0.0317091 1.54092 0.00482674 -8.39312e-05 -0.000719972
152.752 17.8477 -0.031501 1.54082 0.00474831 -9.13833e-05 -0.000729362
152.775 17.8516 -0.0313119 1.54071 0.00466092 -0.000208896 -0.000738719
152.794 17.8553 -0.0311415 1.5406 0.00458539 -0.000215993 -0.000744967
152.816 17.8587 -0.0309893 1.54047 0.00450147 -0.000335724 -0.000752442
152.835 17.8619 -0.0308552 1.54034 0.00443143 -0.00035968 -0.000758253
152.854 17.8649 -0.0307386 1.5402 0.00436478 -0.000478981 -0.000764507
152.876 17.8677 -0.0306393 1.54004 0.00429725 -0.000517997 -0.00076963
152.895 17.8703 -0.0305569 1.53989 0.00422515 -0.000526091 -0.000775369
152.917 17.8727 -0.0304912 1.53972 0.00416704 -0.000679281 -0.000782374
152.936 17.8749 -0.0304417 1.53955 0.00408055 -0.000658821 -0.000786517
152.955 17.8768 -0.0304083 1.53937 0.00402679 -0.000803219 -0.000791143
152.976 17.8786 -0.0303905 1.53919 0.00395078 -0.000805758 -0.000795733
152.995 17.8802 -0.0303882 1.53902 0.00388363 -0.000779867 -0.000799474
153.016 17.8816 -0.030401 1.53885 0.003833 -0.00090727 -0.000803432
153.036 17.8828 -0.0304286 1.53868 0.00377049 -0.000902531 -0.000808272
153.056 17.8838 -0.0304708 1.53851 0.00373212 -0.0010652 -0.000812498
153.077 17.8846 -0.0305272 1.53835 0.0036627 -0.00113148 -0.000816952
153.097 17.8853 -0.0305974 1.53819 0.00356868 -0.00119401 -0.000824283
153.118 17.8858 -0.0306817 1.53805 0.00352935 -0.00125627 -0.000826257
153.138 17.8861 -0.0307795 1.53791 0.00350548 -0.00132153 -0.0008281
153.157 17.8863 -0.0308904 1.53777 0.00345582 -0.0014779 -0.000831642
153.181 17.8863 -0.0310145 1.53765 0.00342562 -0.001561 -0.000834016
153.201 17.8862 -0.0311514 1.53753 0.00338399 -0.00172767 -0.000836125
153.221 17.8859 -0.0313008 1.53742 0.00330836 -0.00174058 -0.000839293
153.241 17.8854 -0.0314628 1.53732 0.00325317 -0.0019124 -0.000842888
153.261 17.8848 -0.0316365 1.53723 0.00315579 -0.00191456 -0.000845235
153.281 17.8841 -0.031822 1.53716 0.0030582 -0.00189211 -0.000846091
153.302 17.8832 -0.0320189 1.53709 0.00298969 -0.0020344 -0.000848849
153.324 17.8822 -0.0322267 1.53704 0.00289 -0.00199042 -0.000853366
153.342 17.881 -0.0324452 1.537 0.00281749 -0.00211465 -0.000855768
153.362 17.8798 -0.0326738 1.53697 0.00273116 -0.00212072 -0.000858757
153.384 17.8783 -0.032912 1.53694 0.00260649 -0.00234308 -0.000862526
153.404 17.8768 -0.0331603 1.53693 0.00258497 -0.00239741 -0.000862993
153.427 17.8752 -0.0334176 1.53693 0.00253852 -0.00243132 -0.000864785
153.444 17.8735 -0.0336838 1.53693 0.00245505 -0.00262026 -0.000867843
153.465 17.8717 -0.0339586 1.53693 0.00236555 -0.002695 -0.000870749
153.487 17.8698 -0.0342416 1.53695 0.00227554 -0.00279339 -0.000870904
153.506 17.8678 -0.0345328 1.53696 0.00221767 -0.00290163 -0.000872068
153.527 17.8657 -0.0348312 1.53697 0.0021029 -0.00287567 -0.000873214
153.548 17.8636 -0.0351367 1.53699 0.00195708 -0.00287067 -0.00087511
153.567 17.8614 -0.0354491 1.53701 0.00186277 -0.00285286 -0.000877159
153.589 17.8591 -0.0357677 1.53703 0.00176685 -0.00290139 -0.000878437
153.608 17.8567 -0.0360917 1.53705 0.00160106 -0.00279064 -0.000879187
153.63 17.8543 -0.0364212 1.53708 0.00149357 -0.00279843 -0.000877931
153.649 17.8519 -0.0367553 1.5371 0.00136343 -0.00268622 -0.000877572
153.67 17.8494 -0.0370934 1.53712 0.00120964 -0.00262258 -0.000878778
153.691 17.8468 -0.0374353 1.53714 0.0010796 -0.00251842 -0.000880318
153.71 17.8443 -0.0377803 1.53715 0.000955225 -0.0024952 -0.00088111
153.731 17.8417 -0.0381278 1.53716 0.000821778 -0.00243248 -0.0008782
153.752 17.839 -0.0384775 1.53717 0.000699787 -0.00238017 -0.00087578
153.771 17.8364 -0.0388288 1.53718 0.000592494 -0.00227139 -0.000872479
153.793 17.8338 -0.0391814 1.5372 0.000495237 -0.00223601 -0.000870367
153.812 17.8311 -0.0395345 1.53722 0.000363011 -0.0020648 -0.000870063
153.835 17.8285 -0.0398878 1.53726 0.000223436 -0.00200372 -0.000868978
153.853 17.8258 -0.0402411 1.5373 0.0001206 -0.00190581 -0.000867057
153.873 17.8232 -0.0405937 1.53734 8.34443e-06 -0.00187289 -0.00086436
153.894 17.8205 -0.0409452 1.5374 -9.37914e-05 -0.00173619 -0.000860397
153.914 17.8179 -0.0412952 1.53746 -0.000197689 -0.00161751 -0.000857271
153.936 17.8153 -0.0416432 1.53752 -0.000309353 -0.00161548 -0.000856003
153.954 17.8127 -0.0419891 1.53759 -0.000386348 -0.00153973 -0.000855116
153.974 17.8102 -0.0423324 1.53767 -0.00046653 -0.00143386 -0.000850715
153.997 17.8076 -0.0426727 1.53776 -0.000553521 -0.00143416 -0.000847273
154.016 17.8051 -0.0430098 1.53785 -0.000632201 -0.00135143 -0.000845422
154.037 17.8026 -0.0433434 1.53795 -0.000707745 -0.00122766 -0.000843361
154.057 17.8002 -0.0436731 1.53806 -0.000775743 -0.00115011 -0.000841379
154.077 17.7978 -0.0439988 1.53817 -0.000842623 -0.00115528 -0.000837814
154.097 17.7954 -0.0443201 1.53829 -0.000924402 -0.000998037 -0.000836582
154.116 17.7931 -0.0446368 1.53842 -0.000990895 -0.000905418 -0.000836083
154.14 17.7908 -0.0449491 1.53854 -0.000997928 -0.00153833 -0.000835076
154.157 17.7886 -0.0452555 1.53869 -0.00116484 -0.000682132 -0.000837182
154.176 17.7865 -0.045556 1.53886 -0.00140197 -0.00042183 -0.0008382
154.199 17.7844 -0.0458502 1.53903 -0.00160193 -0.000748671 -0.000841389
154.221 17.7824 -0.0461374 1.53921 -0.00177465 -0.000747082 -0.000847663
154.242 17.7805 -0.0464168 1.53938 -0.00193998 -0.000576848 -0.000855086
154.26 17.7786 -0.0466881 1.53953 -0.00205733 -0.000441891 -0.00085977
154.282 17.7768 -0.0469509 1.53967 -0.00211062 -0.000402316 -0.000863439
154.301 17.775 -0.047205 1.5398 -0.00209834 -0.000278015 -0.00086746
154.321 17.7732 -0.0474504 1.53991 -0.00203803 -0.00024094 -0.000871995
154.341 17.7714 -0.0476873 1.54001 -0.00194185 -7.29109e-05 -0.000877196
154.361 17.7697 -0.0479161 1.5401 -0.00181063 1.07824e-05 -0.000882797
154.381 17.768 -0.0481372 1.54018 -0.00166247 6.69167e-05 -0.000887239
154.403 17.7664 -0.0483514 1.54028 -0.00148228 0.00422604 -0.000899911
154.423 17.7644 -0.0485595 1.54038 -0.00120403 0.00315149 -0.000874907
154.442 17.762 -0.0487654 1.54061 -0.000343904 -0.000631918 -0.000825925
154.462 17.7594 -0.0489714 1.54102 0.000910966 -0.000189624 -0.000771372
154.482 17.7563 -0.0491815 1.54153 0.00236078 0.00135087 -0.0007135
154.505 17.753 -0.0494002 1.54208 0.00384741 0.00218218 -0.000664044
154.524 17.7494 -0.049633 1.54264 0.0052908 0.00260736 -0.00062364
154.544 17.7454 -0.0498851 1.54318 0.00666155 0.00318483 -0.000585942
154.562 17.741 -0.0501615 1.54369 0.00792522 0.00364273 -0.000556102
154.583 17.7364 -0.0504669 1.54418 0.0090434 0.00412125 -0.000531792
154.607 17.7314 -0.0508053 1.54463 0.00999397 0.00458022 -0.000518124
154.628 17.726 -0.0511805 1.54506 0.0108104 0.00467147 -0.000517716
154.647 17.7203 -0.0515958 1.54546 0.0115154 0.00485577 -0.000517313
154.67 17.7143 -0.0520536 1.54584 0.0120934 0.00514166 -0.000519232
154.688 17.7079 -0.0525561 1.54619 0.012562 0.00509805 -0.000534115
154.71 17.7012 -0.0531053 1.54652 0.0129367 0.00491861 -0.000553585
154.731 17.6941 -0.0537023 1.54684 0.0132011 0.0048616 -0.00057606
154.753 17.6867 -0.0543476 1.54714 0.0133029 0.0047968 -0.000606139
154.771 17.679 -0.0550422 1.54742 0.0133613 0.00452776 -0.000636444
154.791 17.6711 -0.0557854 1.54769 0.0132474 0.00436166 -0.000671904
154.815 17.6628 -0.0565769 1.54794 0.0130168 0.00411863 -0.000710118
154.833 17.6543 -0.0574161 1.54817 0.0127626 0.00386257 -0.000749568
154.854 17.6456 -0.0583017 1.54838 0.0124175 0.00350544 -0.000789431
154.874 17.6366 -0.0592321 1.54857 0.012007 0.00315366 -0.00083092
154.893 17.6274 -0.0602061 1.54875 0.0115822 0.00275933 -0.000870677
154.914 17.618 -0.0612213 1.54891 0.0110799 0.00256167 -0.000909065
154.934 17.6084 -0.0622762 1.54905 0.0105785 0.00215615 -0.0009449
154.956 17.5987 -0.0633688 1.54917 0.0100853 0.00172779 -0.000977014
154.974 17.5887 -0.0644967 1.54928 0.00954325 0.00144245 -0.00100447
154.994 17.5786 -0.0656582 1.54937 0.00904462 0.00119957 -0.00102818
155.015 17.5684 -0.066851 1.54944 0.00854366 0.000819016 -0.00105048
155.036 17.558 -0.068073 1.5495 0.00804186 0.00053728 -0.00107224
155.059 17.5475 -0.0693227 1.54954 0.0076075 -4.85562e-05 -0.00109255
155.075 17.5369 -0.0705974 1.54956 0.00710053 -7.7212e-05 -0.00110787
155.095 17.5262 -0.0718956 1.54958 0.00659608 -0.000394941 -0.00112505
155.119 17.5155 -0.0732154 1.54959 0.00612807 -0.000665851 -0.00114098
155.137 17.5046 -0.0745545 1.54959 0.00563695 -0.000916565 -0.00115589
155.16 17.4938 -0.0759116 1.54957 0.00519765 -0.00113308 -0.00116666
155.176 17.4828 -0.0772846 1.54954 0.00478427 -0.00141933 -0.00117561
155.196 17.4719 -0.0786714 1.5495 0.00431045 -0.0016107 -0.00118444
155.218 17.4609 -0.0800708 1.54945 0.003883 -0.00187824 -0.00119308
155.237 17.45 -0.0814807 1.54939 0.00343664 -0.00199065 -0.00119569
155.26 17.439 -0.0828992 1.54931 0.00297314 -0.00228169 -0.00119898
155.278 17.4281 -0.084325 1.54922 0.00255459 -0.00244454 -0.00119974
155.297 17.4172 -0.0857558 1.54913 0.00209028 -0.00263023 -0.00120322
155.32 17.4064 -0.0871904 1.54902 0.00166035 -0.00276336 -0.00120594
155.339 17.3956 -0.0886271 1.5489 0.0012528 -0.00288723 -0.00120393
155.358 17.3849 -0.0900637 1.54877 0.000801037 -0.00315367 -0.00120034
155.378 17.3743 -0.0914994 1.54864 0.000427382 -0.00342335 -0.00119641
155.398 17.3638 -0.0929318 1.54851 1.76532e-06 -0.00334215 -0.00119064
155.421 17.3534 -0.0943594 1.54837 -0.000462503 -0.00361098 -0.00118099
155.439 17.3431 -0.0957823 1.54822 -0.00067968 -0.00752821 -0.00118511
155.461 17.3335 -0.0971925 1.5482 -0.00192737 -0.00331806 -0.0011462
155.482 17.3242 -0.0985896 1.54833 -0.00331024 -0.00305297 -0.00110356
155.502 17.3153 -0.0999692 1.54856 -0.00469093 -0.00469163 -0.00105812
155.522 17.3068 -0.101326 1.54883 -0.00600022 -0.00538498 -0.00102098
155.543 17.2987 -0.102656 1.5491 -0.00726931 -0.00535003 -0.000990659
155.565 17.2909 -0.103954 1.54934 -0.00841353 -0.00541564 -0.000966814
155.582 17.2835 -0.105217 1.54952 -0.0093724 -0.00555125 -0.000951266
155.602 17.2764 -0.106441 1.54964 -0.0101646 -0.00567873 -0.000941271
155.624 17.2696 -0.107623 1.54971 -0.0107903 -0.00560354 -0.000940601
155.644 17.2632 -0.108761 1.54972 -0.01124 -0.00549962 -0.000946647
155.665 17.257 -0.109853 1.54969 -0.011559 -0.00533608 -0.000951907
155.684 17.2512 -0.110897 1.5496 -0.0117402 -0.00523804 -0.000960058
155.704 17.2457 -0.111894 1.54946 -0.0118031 -0.00501646 -0.000971546
155.724 17.2404 -0.112843 1.54929 -0.0117902 -0.00474983 -0.000982327
155.746 17.2355 -0.113744 1.54907 -0.011695 -0.00452743 -0.000991767
155.768 17.2309 -0.114597 1.54881 -0.0115653 -0.0042061 -0.00100013
155.787 17.2265 -0.115403 1.54852 -0.0113893 -0.00400755 -0.00100527
155.807 17.2224 -0.116162 1.5482 -0.0111767 -0.00370313 -0.00100982
155.827 17.2185 -0.116877 1.54785 -0.0109631 -0.0033721 -0.00101033
155.847 17.215 -0.117546 1.54747 -0.0107359 -0.00304628 -0.00101129
155.869 17.2117 -0.118172 1.54706 -0.0105152 -0.00283888 -0.00100674
155.887 17.2086 -0.118756 1.54663 -0.0102968 -0.00249631 -0.00100198
155.907 17.2058 -0.119297 1.54618 -0.0100733 -0.00216228 -0.000995434
155.928 17.2032 -0.119798 1.54571 -0.00987232 -0.00188597 -0.000981325
155.948 17.2008 -0.120259 1.54522 -0.00967958 -0.00167062 -0.000966657
155.968 17.1987 -0.120681 1.54471 -0.00949339 -0.00133907 -0.000951469
155.987 17.1968 -0.121065 1.54419 -0.0093251 -0.00102034 -0.000933942
156.008 17.1952 -0.121412 1.54365 -0.00915018 -0.000744766 -0.000912908
156.03 17.1937 -0.121721 1.5431 -0.00899216 -0.000543855 -0.000888995
156.05 17.1924 -0.121995 1.54255 -0.00885441 -0.000221544 -0.000863272
156.07 17.1914 -0.122234 1.54199 -0.00871603 6.5214e-05 -0.000837033
156.089 17.1905 -0.122437 1.54144 -0.00858538 0.000344498 -0.000807933
156.109 17.1899 -0.122607 1.54088 -0.00844765 0.000624565 -0.000781126
156.131 17.1894 -0.122743 1.54034 -0.00830197 0.00081305 -0.000753194
156.154 17.1891 -0.122846 1.5398 -0.00815383 0.00115154 -0.000726759
156.174 17.1889 -0.122917 1.53928 -0.00799508 0.00130954 -0.000697258
156.193 17.189 -0.122957 1.53876 -0.00782568 0.00157935 -0.000666555
156.213 17.1892 -0.122966 1.53825 -0.00766049 0.00182743 -0.000637807
156.235 17.1895 -0.122945 1.53776 -0.00748624 0.00206708 -0.000608461
156.254 17.19 -0.122895 1.53727 -0.00729848 0.00211495 -0.000580413
156.274 17.1906 -0.122817 1.5368 -0.00710073 0.00240756 -0.000551078
156.295 17.1913 -0.122711 1.53634 -0.00687856 0.00247851 -0.000519762
156.315 17.1922 -0.122579 1.53588 -0.0066521 0.00263869 -0.000489355
156.336 17.1931 -0.122421 1.53545 -0.00642356 0.00280315 -0.000457894
156.355 17.1942 -0.122239 1.53502 -0.00618428 0.00292703 -0.000426255
156.375 17.1954 -0.122032 1.53461 -0.00595327 0.00308645 -0.000395894
156.395 17.1966 -0.121804 1.53422 -0.00572475 0.00314621 -0.000366391
156.415 17.198 -0.121553 1.53384 -0.00550215 0.00328558 -0.000337682
156.437 17.1994 -0.121282 1.53347 -0.00528 0.00351462 -0.000308074
156.456 17.2009 -0.12099 1.53313 -0.00505421 0.00418861 -0.000287242
156.477 17.2025 -0.12068 1.53282 -0.00477578 0.00371146 -0.000273823
156.499 17.204 -0.120353 1.53258 -0.00439238 0.00385377 -0.000264446
156.516 17.2057 -0.12001 1.53238 -0.00396348 0.00421884 -0.000256128
156.543 17.2073 -0.119652 1.53222 -0.00352841 0.00438305 -0.000250047
156.56 17.209 -0.119281 1.53209 -0.00311087 0.00449778 -0.000246807
156.581 17.2107 -0.1189 1.53199 -0.00272388 0.00451363 -0.000241269
156.6 17.2125 -0.118508 1.53192 -0.00236658 0.00448678 -0.000237563
156.62 17.2143 -0.118108 1.53188 -0.00203996 0.00453805 -0.000235062
156.64 17.2161 -0.117702 1.53186 -0.00174945 0.00444818 -0.000232418
156.659 17.218 -0.11729 1.53187 -0.00148113 0.00431873 -0.000229135
156.687 17.2198 -0.116873 1.53191 -0.00123249 0.00429852 -0.000231482
156.701 17.2217 -0.116452 1.53196 -0.00100528 0.00415994 -0.000235045
156.721 17.2236 -0.116029 1.53205 -0.00079946 0.00396251 -0.000239493
156.742 17.2255 -0.115604 1.53215 -0.000614004 0.00389391 -0.000241612
156.763 17.2274 -0.115178 1.53227 -0.000447358 0.00372332 -0.000243223
156.783 17.2293 -0.114751 1.53242 -0.000295574 0.00353018 -0.000244427
156.803 17.2313 -0.114324 1.53259 -0.000156234 0.00338809 -0.00024726
156.822 17.2332 -0.113898 1.53277 -3.06447e-05 0.00334413 -0.000250717
156.844 17.2351 -0.113474 1.53297 9.23598e-05 0.00313782 -0.000254459
156.862 17.237 -0.113051 1.5332 0.000209559 0.00298392 -0.000257327
156.885 17.2389 -0.11263 1.53344 0.000324688 0.0029569 -0.000260844
156.903 17.2408 -0.112212 1.53369 0.000451289 0.00276565 -0.000262012
156.924 17.2427 -0.111797 1.53397 0.000571252 0.00259752 -0.000262832
156.944 17.2446 -0.111386 1.53426 0.000689128 0.00250055 -0.000267553
156.964 17.2464 -0.110979 1.53457 0.000815375 0.00248312 -0.000272898
156.986 17.2483 -0.110576 1.53489 0.000944304 0.00231728 -0.000279323
157.005 17.2501 -0.110178 1.53523 0.00106611 0.00217754 -0.000285323
157.025 17.2518 -0.109786 1.53558 0.00118375 0.00209922 -0.000292973
157.046 17.2536 -0.1094 1.53594 0.00129125 0.00210339 -0.000301006
157.066 17.2553 -0.109019 1.53631 0.00139333 0.00197561 -0.000309278
157.087 17.257 -0.108646 1.5367 0.00150123 0.00181754 -0.000317031
157.106 17.2587 -0.10828 1.53709 0.00160835 0.0017258 -0.000322097
157.126 17.2603 -0.107921 1.53748 0.00172099 0.00165815 -0.000328238
157.148 17.2619 -0.10757 1.53788 0.00184146 0.00158861 -0.000333957
157.169 17.2634 -0.107227 1.53828 0.00195331 0.00153302 -0.000340227
157.187 17.2649 -0.106894 1.53868 0.00206008 0.00154596 -0.000349755
157.207 17.2664 -0.106569 1.53909 0.00216068 0.00140297 -0.000356768
157.228 17.2678 -0.106254 1.5395 0.00225051 0.00130333 -0.000365332
157.249 17.2692 -0.105948 1.53992 0.00233291 0.00124267 -0.000378102
157.269 17.2706 -0.105653 1.54035 0.0024145 0.00117535 -0.000386207
157.291 17.2719 -0.105368 1.54077 0.00249241 0.00111076 -0.000395554
157.309 17.2732 -0.105094 1.5412 0.00256082 0.00106022 -0.000405476
157.329 17.2744 -0.10483 1.54164 0.00262296 0.00100367 -0.000416128
157.35 17.2756 -0.104578 1.54208 0.00267902 0.000940638 -0.000424897
157.371 17.2767 -0.104336 1.54252 0.00271747 0.000854964 -0.000434311
157.393 17.2778 -0.104107 1.54297 0.00274416 0.000852357 -0.000444614
157.41 17.2788 -0.103888 1.54342 0.00277793 0.000718805 -0.000453603
157.43 17.2798 -0.103682 1.54389 0.00280977 0.000512832 -0.00046346
157.453 17.2808 -0.103487 1.54436 0.00284047 0.000579598 -0.00047388
157.471 17.2817 -0.103303 1.54484 0.00286665 0.000312348 -0.000482798
157.492 17.2825 -0.103132 1.54534 0.00289554 0.00031028 -0.000490093
157.511 17.2833 -0.102972 1.54585 0.00291295 0.000334284 -0.00049795
157.531 17.2841 -0.102824 1.54637 0.00292044 0.000207512 -0.000507683
157.553 17.2849 -0.102689 1.54691 0.00292481 9.94323e-05 -0.000514982
157.574 17.2856 -0.102565 1.54745 0.00293688 3.90417e-05 -0.000523119
157.593 17.2862 -0.102453 1.548 0.00295692 -5.57085e-06 -0.000531041
157.615 17.2869 -0.102353 1.54856 0.00297492 -3.85981e-05 -0.000538394
157.634 17.2875 -0.102265 1.54911 0.00298878 -6.7207e-05 -0.000545441
157.656 17.288 -0.102189 1.54966 0.00300123 -0.00010035 -0.000552307
157.675 17.2885 -0.102125 1.55021 0.00301355 -0.000141866 -0.000558098
157.698 17.289 -0.102073 1.55075 0.00302859 -0.000191489 -0.000564584
157.715 17.2895 -0.102032 1.55129 0.00303865 -0.000248512 -0.000571082
157.736 17.2899 -0.102004 1.55182 0.00304563 -0.000379199 -0.000577064
157.757 17.2903 -0.101988 1.55234 0.00303295 -0.00034751 -0.000582982
157.776 17.2906 -0.101983 1.55286 0.00299843 -0.000353934 -0.000589078
157.797 17.2909 -0.10199 1.55337 0.00295419 -0.000400992 -0.000595037
157.818 17.2912 -0.102009 1.55389 0.0028983 -0.000405391 -0.000599089
157.837 17.2915 -0.102039 1.55439 0.00283768 -0.000398874 -0.000604823
157.859 17.2917 -0.102079 1.55489 0.00277083 -0.000414679 -0.000611319
157.878 17.2919 -0.102131 1.55538 0.0027208 -0.000426928 -0.000616321
157.9 17.2921 -0.102193 1.55586 0.00268301 -0.000447363 -0.00062164
157.918 17.2922 -0.102265 1.55634 0.00264208 -0.000480351 -0.000627153
157.938 17.2923 -0.102348 1.55681 0.00260788 -0.000577677 -0.000631315
157.96 17.2924 -0.10244 1.55728 0.00255928 -0.000487611 -0.000636003
157.978 17.2925 -0.102542 1.55774 0.0025052 -0.000576253 -0.000641345
158 17.2925 -0.102653 1.5582 0.00244557 -0.000584446 -0.000644607
158.019 17.2925 -0.102774 1.55865 0.00237185 -0.000558172 -0.00064482
158.038 17.2925 -0.102903 1.5591 0.00229017 -0.000563572 -0.000646523
158.06 17.2925 -0.103041 1.55954 0.00221264 -0.000580279 -0.000649659
158.082 17.2925 -0.103186 1.55998 0.00213413 -0.00058181 -0.000651301
158.102 17.2924 -0.10334 1.5604 0.00204975 -0.000586039 -0.000651833
158.122 17.2923 -0.103501 1.56081 0.0019638 -0.000612093 -0.000655761
158.143 17.2922 -0.10367 1.5612 0.00187541 -0.000630615 -0.000659309
158.162 17.292 -0.103845 1.56158 0.00179874 -0.000716214 -0.000663058
158.181 17.2919 -0.104027 1.56194 0.00174482 -0.000673359 -0.00066666
158.205 17.2917 -0.104215 1.56229 0.00169569 -0.000636077 -0.000670359
158.222 17.2916 -0.104409 1.56262 0.00164911 -0.000672849 -0.000674242
158.243 17.2914 -0.104608 1.56294 0.00160182 -0.000723728 -0.0006782
158.265 17.2912 -0.104814 1.56324 0.00156062 -0.000762487 -0.000682189
158.284 17.2909 -0.105025 1.56352 0.00153987 -0.0007973 -0.000685159
158.303 17.2907 -0.105241 1.56378 0.00153168 -0.000809744 -0.000686611
158.323 17.2905 -0.105463 1.56403 0.00151855 -0.000802415 -0.000686415
158.344 17.2902 -0.105689 1.56425 0.00150397 -0.000897379 -0.0006881
158.365 17.2899 -0.105921 1.56445 0.00148979 -0.000835339 -0.000691233
158.385 17.2897 -0.106158 1.56463 0.00147008 -0.000789442 -0.000693344
158.408 17.2894 -0.1064 1.5648 0.00143442 -0.000803473 -0.000696099
158.426 17.2891 -0.106646 1.56494 0.00137784 -0.000800226 -0.000699123
158.446 17.2888 -0.106897 1.56507 0.00131933 -0.000792829 -0.000701489
158.467 17.2885 -0.107153 1.56518 0.00124854 -0.000807595 -0.000703464
158.49 17.2882 -0.107412 1.56528 0.00116306 -0.00114438 -0.000701869
158.509 17.2879 -0.107675 1.56537 0.00109021 -0.00096439 -0.000702837
158.526 17.2876 -0.107941 1.56546 0.00103127 -0.000759684 -0.000702442
158.547 17.2874 -0.108211 1.56555 0.000972401 -0.000890669 -0.000703899
158.568 17.2872 -0.108484 1.56564 0.000899526 -0.00100517 -0.000705325
158.588 17.287 -0.108759 1.56572 0.000817354 -0.00101482 -0.000705655
158.608 17.2869 -0.109036 1.5658 0.000719922 -0.00100782 -0.000706786
158.628 17.2867 -0.109315 1.56586 0.000610636 -0.00101639 -0.00070765
158.648 17.2866 -0.109596 1.56591 0.00051633 -0.00101369 -0.000708641
158.672 17.2865 -0.109878 1.56595 0.000438269 -0.00100398 -0.000708762
158.689 17.2865 -0.110161 1.56597 0.000356972 -0.00102146 -0.000708109
158.71 17.2865 -0.110444 1.56598 0.000290343 -0.0010388 -0.000708667
158.73 17.2864 -0.110728 1.56599 0.000242086 -0.00105023 -0.000709097
158.75 17.2864 -0.111012 1.56597 0.000210282 -0.00117068 -0.00070682
158.772 17.2865 -0.111296 1.56596 0.000150956 -0.00112924 -0.000706469
158.791 17.2865 -0.111579 1.56593 8.86582e-05 -0.00104296 -0.000706808
158.816 17.2866 -0.111862 1.5659 3.14458e-05 -0.00104524 -0.000706451
158.831 17.2868 -0.112144 1.56587 -3.07826e-05 -0.00106714 -0.000707208
158.852 17.2869 -0.112425 1.56583 -9.60908e-05 -0.00105796 -0.000707391
158.874 17.2871 -0.112704 1.56578 -0.000161309 -0.00104502 -0.000706791
158.894 17.2874 -0.112983 1.56574 -0.000208781 -0.00102872 -0.000706467
158.915 17.2876 -0.113259 1.56569 -0.000237996 -0.00101475 -0.000706213
158.936 17.2879 -0.113534 1.56565 -0.000276187 -0.0010164 -0.000704779
158.956 17.2882 -0.113807 1.56561 -0.000326541 -0.000996212 -0.00070475
158.975 17.2885 -0.114078 1.56558 -0.000380594 -0.00097243 -0.000703273
158.995 17.2889 -0.114346 1.56555 -0.000428124 -0.000949736 -0.000702271
159.018 17.2893 -0.114612 1.56552 -0.000470129 -0.000940093 -0.000702873
159.036 17.2898 -0.114875 1.56549 -0.000509323 -0.000938785 -0.000700075
159.055 17.2902 -0.115136 1.56547 -0.000547465 -0.000909454 -0.000699278
159.076 17.2907 -0.115393 1.56545 -0.000590498 -0.000885819 -0.000698979
159.096 17.2912 -0.115647 1.56544 -0.000639091 -0.000886446 -0.000698865
159.117 17.2918 -0.115898 1.56542 -0.000671435 -0.000880764 -0.000700492
159.137 17.2924 -0.116146 1.5654 -0.000696259 -0.000856216 -0.000699941
159.156 17.293 -0.11639 1.56538 -0.000725422 -0.000836714 -0.000699583
159.178 17.2937 -0.11663 1.56536 -0.000758778 -0.000822224 -0.000698771
159.198 17.2943 -0.116867 1.56534 -0.000789623 -0.000792286 -0.000696823
159.221 17.295 -0.1171 1.56531 -0.000815286 -0.000768741 -0.000696928
159.24 17.2958 -0.117329 1.56528 -0.00085663 -0.000816836 -0.000697226
159.26 17.2965 -0.117554 1.56525 -0.000904154 -0.000643738 -0.000696974
159.281 17.2974 -0.117775 1.56521 -0.000943441 -0.000709088 -0.000696499
159.3 17.2982 -0.117991 1.56518 -0.000963393 -0.000750127 -0.000696654
159.322 17.2991 -0.118203 1.56515 -0.000998819 -0.000596593 -0.000696957
159.341 17.3 -0.11841 1.56513 -0.00107128 -0.000613037 -0.000696686
159.361 17.3009 -0.118613 1.56511 -0.00111416 -0.000627606 -0.000696777
159.384 17.3019 -0.11881 1.5651 -0.00115487 -0.000491154 -0.000696648
159.405 17.3029 -0.119002 1.56509 -0.00122472 -0.000552664 -0.000695198
159.424 17.304 -0.119189 1.56509 -0.00126506 -0.000555676 -0.000694744
159.443 17.3051 -0.119371 1.56508 -0.00127704 -0.00043641 -0.00069506
159.463 17.3062 -0.119547 1.56508 -0.00130309 -0.00047549 -0.000694
159.488 17.3074 -0.119717 1.56507 -0.00132389 -0.000448464 -0.000692593
159.505 17.3086 -0.119882 1.56505 -0.00133911 -0.000379827 -0.000691986
159.526 17.3098 -0.12004 1.56503 -0.00142882 -0.000751448 -0.000691689
159.545 17.3112 -0.120193 1.56502 -0.00137785 -0.000352696 -0.000693588
159.564 17.3126 -0.12034 1.56501 -0.00134589 -0.000414828 -0.000692716
159.585 17.3141 -0.120481 1.565 -0.00138742 -0.000614563 -0.000690874
159.605 17.3157 -0.120616 1.56499 -0.00144403 -0.000690202 -0.000687423
159.629 17.3174 -0.120745 1.56498 -0.00148702 -0.00068646 -0.000686307
159.645 17.3191 -0.120869 1.56495 -0.00152166 -0.000701111 -0.000685844
159.665 17.3209 -0.120985 1.56491 -0.00155144 -0.000731988 -0.000684486
159.688 17.3228 -0.121096 1.56487 -0.00158203 -0.000671803 -0.000684363
159.707 17.3248 -0.1212 1.56481 -0.00159473 -0.000713495 -0.00068353
159.729 17.3268 -0.121297 1.56475 -0.00160287 -0.000775837 -0.000680872
159.747 17.3289 -0.121388 1.56469 -0.00161546 -0.000768321 -0.000679802
159.767 17.331 -0.121473 1.56462 -0.0016266 -0.00075032 -0.00067912
159.788 17.3332 -0.12155 1.56455 -0.00163014 -0.000753891 -0.000678579
159.807 17.3355 -0.121622 1.56448 -0.0016286 -0.000755815 -0.000678055
159.83 17.3379 -0.121687 1.5644 -0.00162308 -0.000749433 -0.000678959
159.848 17.3403 -0.121745 1.56432 -0.00160027 -0.000685941 -0.000678928
159.871 17.3427 -0.121797 1.56425 -0.00158107 -0.00072868 -0.000676502
159.892 17.3452 -0.121843 1.56418 -0.001555 -0.000702414 -0.000675023
159.91 17.3478 -0.121882 1.56411 -0.00153489 -0.000646959 -0.00067295
159.931 17.3504 -0.121915 1.56405 -0.00151744 -0.000623657 -0.000672024
159.951 17.3531 -0.121943 1.564 -0.00150398 -0.000599366 -0.000669412
159.97 17.3559 -0.121964 1.56396 -0.00148195 -0.000560669 -0.000667782
159.992 17.3587 -0.12198 1.56393 -0.00144171 -0.000440931 -0.000664816
160.012 17.3615 -0.12199 1.56392 -0.00138436 -0.000474981 -0.00066216
160.034 17.3644 -0.121994 1.56393 -0.00134555 -0.000423027 -0.000659912
160.052 17.3673 -0.121994 1.56395 -0.00132203 -0.000363941 -0.000657607
160.072 17.3703 -0.121988 1.56399 -0.00129142 -0.00031341 -0.000655317
160.096 17.3734 -0.121977 1.56405 -0.00124761 -0.00027325 -0.000653073
160.112 17.3764 -0.121961 1.56411 -0.00120972 -0.000245444 -0.00065064
160.136 17.3796 -0.121941 1.56418 -0.0011941 -0.0002224 -0.00064783
160.155 17.3828 -0.121915 1.56426 -0.00120808 -0.000200457 -0.000644556
160.174 17.386 -0.121885 1.56435 -0.00123726 -0.000164368 -0.000643554
160.194 17.3893 -0.121851 1.56445 -0.00124478 -0.000143819 -0.000641236
160.214 17.3926 -0.121812 1.56455 -0.00124576 -0.000143197 -0.000639036
160.24 17.396 -0.121768 1.56466 -0.00124967 -4.22779e-05 -0.000636442
160.254 17.3994 -0.121719 1.56477 -0.0012429 -0.000137911 -0.000633204
160.275 17.4028 -0.121666 1.56489 -0.00121779 -2.85387e-05 -0.000630283
160.295 17.4063 -0.121608 1.56502 -0.00119137 -2.42723e-05 -0.000627714
160.315 17.4099 -0.121546 1.56514 -0.00116193 -3.30502e-05 -0.000626113
160.338 17.4134 -0.121479 1.56526 -0.00113238 -9.01209e-06 -0.000624696
160.355 17.4171 -0.121408 1.56538 -0.00111214 2.53995e-05 -0.000623868
160.376 17.4207 -0.121334 1.56549 -0.00108947 3.00405e-05 -0.000621706
160.4 17.4244 -0.121255 1.5656 -0.00107964 3.37563e-05 -0.000620002
160.419 17.4282 -0.121172 1.5657 -0.00107441 6.61019e-05 -0.000619279
160.441 17.4319 -0.121085 1.5658 -0.00106172 7.5831e-05 -0.000616794
160.458 17.4357 -0.120994 1.56589 -0.00105251 8.77503e-05 -0.000613836
160.479 17.4396 -0.1209 1.56598 -0.0010302 0.000189272 -0.000612203
160.5 17.4435 -0.120802 1.56606 -0.00102031 0.000107019 -0.000609417
160.519 17.4474 -0.1207 1.56615 -0.00101497 0.000253293 -0.000606143
160.541 17.4513 -0.120594 1.56623 -0.00111281 -0.00054088 -0.000601556
160.561 17.4554 -0.120486 1.56633 -0.000916179 -9.02976e-05 -0.000602866
160.58 17.4596 -0.120374 1.56646 -0.000799403 0.000195933 -0.000600715
160.6 17.4639 -0.120259 1.56661 -0.000742668 -7.32491e-07 -0.00059769
160.621 17.4683 -0.120141 1.56676 -0.000759388 -0.000182552 -0.000592145
160.643 17.4728 -0.120021 1.56691 -0.000764039 -0.000147431 -0.000586947
160.661 17.4774 -0.119898 1.56705 -0.000790244 -0.000164752 -0.000581425
160.682 17.4821 -0.119773 1.56719 -0.000812437 -0.000221338 -0.000575992
160.703 17.4868 -0.119645 1.56732 -0.000806149 -0.000181639 -0.000571094
160.721 17.4917 -0.119514 1.56743 -0.000832775 -0.000196916 -0.000565262
160.744 17.4966 -0.11938 1.56753 -0.000856517 -0.000259314 -0.000559222
160.762 17.5016 -0.119243 1.56762 -0.000864511 -0.000276177 -0.000553643
160.782 17.5067 -0.119104 1.56769 -0.00085622 -0.000191243 -0.000548841
160.805 17.5119 -0.118962 1.56775 -0.000845853 -0.000239367 -0.000543187
160.824 17.5171 -0.118817 1.56779 -0.000828964 -0.000239586 -0.00053636
160.847 17.5224 -0.118669 1.56782 -0.00079733 -0.000225971 -0.000529989
160.866 17.5278 -0.11852 1.56783 -0.000722228 -0.00018817 -0.000526211
160.885 17.5333 -0.118367 1.56783 -0.000694133 -0.000181191 -0.000522229
160.908 17.5388 -0.118213 1.56782 -0.000663505 -0.00018838 -0.000516935
160.925 17.5444 -0.118056 1.5678 -0.000602411 -0.000185829 -0.000511097
160.948 17.55 -0.117898 1.56776 -0.000561306 -4.81254e-05 -0.000505824
160.966 17.5557 -0.117738 1.56772 -0.000490719 -0.000100551 -0.000502462
160.986 17.5615 -0.117577 1.56768 -0.000422662 -0.000208716 -0.000498883
161.007 17.5673 -0.117414 1.56763 -0.000373715 -0.000176805 -0.00049402
161.027 17.5731 -0.117251 1.56758 -0.000305682 -7.01316e-05 -0.000489532
161.05 17.579 -0.117087 1.56753 -0.000275669 -3.86478e-05 -0.000486336
161.068 17.585 -0.116922 1.56747 -0.000248158 -3.51203e-05 -0.000480846
161.088 17.591 -0.116757 1.56741 -0.000218424 4.40766e-06 -0.000476589
161.108 17.5971 -0.116592 1.56734 -0.000214592 0.00015546 -0.000471027
161.128 17.6032 -0.116426 1.56727 -0.000175883 0.000125702 -0.000467867
161.148 17.6093 -0.116261 1.5672 -0.000122118 6.39265e-05 -0.00046405
161.169 17.6155 -0.116095 1.56713 -7.4039e-05 0.000125251 -0.000459093
161.189 17.6217 -0.11593 1.56706 -4.86725e-05 0.000171309 -0.000454587
161.21 17.628 -0.115765 1.56698 -2.83152e-05 0.000181689 -0.0004499
161.23 17.6343 -0.1156 1.56689 -1.28618e-05 0.000206128 -0.000445726
161.252 17.6406 -0.115436 1.56679 9.02713e-06 0.000308825 -0.000441214
161.271 17.647 -0.115272 1.56669 -1.79267e-05 0.000262533 -0.000436046
161.29 17.6534 -0.115109 1.56657 -2.32031e-05 0.00039648 -0.000431745
161.312 17.6598 -0.114947 1.56645 3.18039e-05 0.000356888 -0.000427928
161.33 17.6663 -0.114785 1.56633 8.93897e-05 0.000309237 -0.000423399
161.357 17.6728 -0.114624 1.56619 0.000128431 0.000351448 -0.000419362
161.371 17.6794 -0.114465 1.56605 0.0001364 0.000401056 -0.000412874
161.391 17.6859 -0.114306 1.56589 0.000132287 0.000449641 -0.000406696
161.412 17.6925 -0.114148 1.56572 0.000139817 0.0005041 -0.00040701
161.433 17.6992 -0.113991 1.56554 0.000166314 0.000609785 -0.000404079
161.454 17.7058 -0.113835 1.56536 0.000175251 0.000612418 -0.000400523
161.473 17.7125 -0.113681 1.56516 0.000185488 0.000579589 -0.00039724
161.493 17.7192 -0.113528 1.56496 0.000199301 0.000594915 -0.000394027
161.514 17.726 -0.113376 1.56475 0.000220954 0.000611361 -0.000390073
161.534 17.7327 -0.113225 1.56453 0.000248977 0.000603916 -0.0003868
161.556 17.7395 -0.113076 1.5643 0.000219464 -0.000564666 -0.0003897
161.574 17.7464 -0.112928 1.56409 0.000206863 0.000386801 -0.000393239
161.595 17.7534 -0.112782 1.56392 0.000267364 0.000703801 -0.000394885
161.615 17.7606 -0.112637 1.56377 0.000262224 0.000344241 -0.000396363
161.636 17.7679 -0.112494 1.56363 0.000264604 4.02964e-05 -0.000397288
161.659 17.7752 -0.112352 1.56349 0.000242903 -9.28124e-05 -0.000395571
161.676 17.7827 -0.112211 1.56335 0.000185176 -0.000123114 -0.000393924
161.696 17.7903 -0.112072 1.56318 0.000169159 -0.00017948 -0.000391195
161.717 17.7979 -0.111934 1.56301 0.000176707 -0.000264053 -0.000387637
161.738 17.8057 -0.111798 1.56283 0.000151736 -0.000357537 -0.000383256
161.758 17.8135 -0.111662 1.56263 0.000143983 -0.000332609 -0.000380936
161.777 17.8215 -0.111527 1.56241 0.00011681 -0.000358002 -0.000377634
161.798 17.8295 -0.111393 1.56219 8.9226e-05 -0.00034073 -0.000374176
161.819 17.8375 -0.11126 1.56195 7.54408e-05 -0.000375358 -0.000367392
161.838 17.8457 -0.111128 1.5617 7.89702e-05 -0.000417209 -0.000360872
161.858 17.8539 -0.110997 1.56145 9.13153e-05 -0.000401681 -0.000355362
161.883 17.8622 -0.110867 1.56118 0.000122231 -0.000299882 -0.000350885
161.901 17.8705 -0.110737 1.5609 0.000136452 -0.000315043 -0.000344595
161.921 17.8789 -0.110608 1.56062 0.000146477 -0.000335265 -0.000337122
161.944 17.8874 -0.110481 1.56033 0.000163289 -0.000227793 -0.000330406
161.964 17.8959 -0.110355 1.56003 0.000172339 -0.000217596 -0.000320566
161.981 17.9045 -0.110229 1.55974 0.000182173 -0.000210963 -0.000310903
162.002 17.9132 -0.110105 1.55944 0.00019689 -0.000153357 -0.000301515
162.023 17.9218 -0.109982 1.55915 0.000206668 -1.3144e-05 -0.000290615
162.043 17.9306 -0.10986 1.55887 0.00022389 -6.02117e-05 -0.000280393
162.063 17.9394 -0.10974 1.55859 0.000236837 -4.13785e-05 -0.000270323
162.082 17.9482 -0.109621 1.55833 0.000245653 8.76397e-05 -0.000260115
162.102 17.957 -0.109503 1.55808 0.000268598 4.89275e-05 -0.000249745
162.124 17.9659 -0.109387 1.55784 0.000291799 7.3902e-05 -0.000238974
162.143 17.9749 -0.109272 1.55762 0.00030795 0.000133301 -0.000232134
162.163 17.9839 -0.109159 1.55741 0.000305383 0.000169927 -0.000222743
162.183 17.9929 -0.109047 1.55721 0.000299951 0.000284754 -0.000212045
162.204 18.0019 -0.108937 1.55703 0.000301403 0.000282657 -0.000202475
162.225 18.011 -0.108828 1.55687 0.000307718 0.000278975 -0.000193874
162.245 18.0201 -0.108721 1.55672 0.000313466 0.000322596 -0.00018406
162.267 18.0293 -0.108616 1.5566 0.000320223 0.000436423 -0.000173218
162.289 18.0384 -0.108513 1.5565 0.000351489 0.000386985 -0.000162427
162.307 18.0476 -0.10841 1.55642 0.000352089 0.000396614 -0.000150605
162.328 18.0568 -0.10831 1.55636 0.000362828 0.000389743 -0.000140731
162.349 18.0661 -0.108212 1.55633 0.00036127 0.00042315 -0.000128825
162.371 18.0754 -0.108115 1.55632 0.000365318 0.000438786 -0.00011664
162.388 18.0847 -0.10802 1.55632 0.000375264 0.000535859 -0.000107628
162.41 18.094 -0.107927 1.55634 0.000384384 0.000516214 -9.94024e-05
162.431 18.1033 -0.107835 1.55638 0.000392432 0.000403188 -8.96949e-05
162.45 18.1126 -0.107745 1.55643 0.000368831 0.000555639 -7.82153e-05
162.472 18.122 -0.107657 1.55651 0.000360096 0.000518763 -6.80172e-05
162.491 18.1314 -0.107571 1.5566 0.00034111 0.000487285 -5.86792e-05
162.51 18.1408 -0.107486 1.55672 0.000307208 0.000513492 -5.0814e-05
162.533 18.1502 -0.107403 1.55685 0.000308824 0.000562212 -4.35331e-05
162.553 18.1596 -0.107322 1.557 0.000294443 0.000525043 -3.22984e-05
162.574 18.169 -0.10724 1.55715 -3.35995e-05 -0.00079557 -1.64402e-05
162.592 18.1785 -0.107161 1.55735 0.000118435 -0.000388895 -3.08778e-05
162.612 18.1882 -0.107084 1.55761 0.000377191 0.000535678 -4.02012e-05
162.633 18.198 -0.107007 1.55793 0.000460149 1.95143e-06 -4.01288e-05
162.653 18.208 -0.106931 1.5583 0.000360934 -0.000293837 -3.66263e-05
162.673 18.2181 -0.106858 1.5587 0.000320438 -0.000501257 -3.13779e-05
162.692 18.2283 -0.106786 1.5591 0.000276823 -0.000634164 -2.49136e-05
162.713 18.2387 -0.106715 1.5595 0.000179676 -0.000593125 -1.74259e-05
162.733 18.2491 -0.106645 1.55989 0.000101878 -0.000708294 -6.15072e-06
162.754 18.2597 -0.106576 1.56027 3.50263e-05 -0.000746313 3.79849e-06
162.776 18.2703 -0.106507 1.56064 -5.06758e-05 -0.000709134 1.53754e-05
162.795 18.2811 -0.106437 1.561 -0.000168824 -0.000746563 2.83374e-05
162.815 18.2919 -0.106368 1.56136 -0.000215245 -0.000728226 3.71787e-05
162.838 18.3029 -0.106298 1.5617 -0.000266707 -0.000768916 4.67706e-05
162.856 18.3139 -0.106228 1.56203 -0.000315965 -0.00066103 5.93242e-05
162.878 18.325 -0.106156 1.56235 -0.000355861 -0.000663753 6.99398e-05
162.895 18.3362 -0.106083 1.56265 -0.000385952 -0.0006907 8.19775e-05
162.915 18.3475 -0.106009 1.56295 -0.000396266 -0.000584415 9.52586e-05
162.938 18.3589 -0.105934 1.56324 -0.000441734 -0.000549248 0.000109125
162.957 18.3703 -0.105857 1.56353 -0.000439551 -0.000459411 0.000120577
162.979 18.3818 -0.105779 1.5638 -0.000478338 -0.000376238 0.000133081
162.997 18.3934 -0.105699 1.56406 -0.000507692 -0.000301371 0.000145794
163.018 18.405 -0.105618 1.56431 -0.000520448 -0.000157402 0.000158558
163.04 18.4167 -0.105534 1.56454 -0.000521501 -0.000145632 0.000171698
163.06 18.4285 -0.105449 1.56477 -0.000520646 -0.000120682 0.000183081
163.08 18.4403 -0.105362 1.56498 -0.000495557 2.78819e-06 0.000194828
163.101 18.4521 -0.105274 1.56519 -0.000523055 7.08853e-05 0.000210274
163.121 18.4641 -0.105183 1.56538 -0.000543532 0.000121102 0.000224825
163.141 18.476 -0.105091 1.56555 -0.000543275 0.000228194 0.00023952
163.162 18.488 -0.104997 1.56571 -0.000555084 0.000219545 0.000252871
163.182 18.5001 -0.104901 1.56586 -0.000559769 0.000229716 0.000266815
163.202 18.5122 -0.104805 1.56604 -9.76885e-05 0.00661447 -6.61489e-05
163.221 18.5236 -0.104708 1.56627 0.0001537 0.000837539 -0.000432277
163.421 18.5345 -0.104608 1.56675 -0.000184093 0.00110008 -0.000775691
163.44 18.545 -0.10451 1.56739 -0.000125087 0.00353595 -0.00105067
163.461 18.5551 -0.104412 1.56806 -4.87016e-05 0.00463283 -0.00130822
163.482 18.5647 -0.104314 1.56871 0.000101367 0.00471674 -0.00153725
163.502 18.574 -0.104216 1.56929 0.000292428 0.0047051 -0.00174535
163.522 18.5829 -0.104119 1.56979 0.00041739 0.00502602 -0.00193819
163.542 18.5913 -0.104024 1.5702 0.00054791 0.00517794 -0.00210667
163.564 18.5995 -0.10393 1.57053 0.000678142 0.00517 -0.00226211
163.581 18.6072 -0.103838 1.57077 0.000761113 0.00510876 -0.00240058
163.602 18.6145 -0.103749 1.57093 0.000878239 0.00505688 -0.00252058
163.624 18.6215 -0.103662 1.57102 0.000969031 0.00494584 -0.00262623
163.643 18.6282 -0.103579 1.57104 0.00102789 0.00476945 -0.00271622
163.665 18.6344 -0.103498 1.57101 0.00107294 0.00458163 -0.00279328
163.684 18.6403 -0.103422 1.57093 0.00109952 0.00435887 -0.00285578
163.703 18.6458 -0.103348 1.5708 0.00110628 0.00410152 -0.00290692
163.724 18.6509 -0.103278 1.57063 0.00110034 0.00376061 -0.00294361
163.743 18.6557 -0.103212 1.57043 0.00107511 0.00355016 -0.00297077
163.764 18.6601 -0.103149 1.5702 0.00104738 0.00323856 -0.00298707
163.786 18.6642 -0.103088 1.56995 0.000929666 0.00368583 -0.00299239
163.806 18.6678 -0.103032 1.56968 0.0010304 0.00239554 -0.00297988
163.827 18.671 -0.102978 1.56943 0.00107094 0.00193105 -0.00296134
163.848 18.6738 -0.102927 1.56918 0.00105856 0.00181609 -0.00293608
163.871 18.6762 -0.102879 1.56891 0.00103161 0.00169789 -0.00290348
163.889 18.6782 -0.102835 1.56862 0.00101598 0.00119985 -0.00285927
163.909 18.6798 -0.102793 1.56831 0.00098058 0.000874477 -0.00281162
163.933 18.6811 -0.102755 1.56798 0.000951236 0.00065438 -0.00275564
163.952 18.682 -0.102719 1.56762 0.000936451 0.000441111 -0.00269523
163.974 18.6826 -0.102686 1.56725 0.00091633 0.000264989 -0.00263061
163.993 18.6828 -0.102656 1.56687 0.000897064 7.78512e-05 -0.00256054
164.013 18.6827 -0.102629 1.56648 0.000875946 -9.63152e-05 -0.00248787
164.033 18.6823 -0.102605 1.56608 0.000848229 -0.000321594 -0.00240977
164.053 18.6816 -0.102583 1.56568 0.000816055 -0.000417164 -0.0023268
164.076 18.6805 -0.102564 1.56529 0.000792666 -0.000539683 -0.00224216
164.093 18.6792 -0.102547 1.56489 0.000774216 -0.000668452 -0.00215485
164.113 18.6776 -0.102533 1.56449 0.000742364 -0.000759727 -0.00206536
164.138 18.6757 -0.102521 1.56409 0.000719427 -0.000909871 -0.00197453
164.156 18.6736 -0.102511 1.5637 0.000702033 -0.00101864 -0.00188138
164.177 18.6711 -0.102504 1.56332 0.000671134 -0.00107789 -0.00178565
164.196 18.6685 -0.102499 1.56294 0.000654707 -0.00123976 -0.00169094
164.217 18.6656 -0.102496 1.56258 0.000631042 -0.00137522 -0.00159773
164.238 18.6624 -0.102495 1.56224 0.00059301 -0.00150276 -0.0015066
164.258 18.6591 -0.102496 1.56191 0.000571628 -0.00166671 -0.00141332
164.277 18.6555 -0.1025 1.5616 0.000542095 -0.00181365 -0.00132241
164.298 18.6517 -0.102504 1.56131 0.000508773 -0.00195243 -0.00123137
164.319 18.6477 -0.102511 1.56104 0.000493755 -0.00214046 -0.0011374
164.341 18.6435 -0.102519 1.56079 0.000442549 -0.00227148 -0.00104781
164.361 18.6391 -0.102529 1.56056 0.000420991 -0.00231584 -0.000959393
164.383 18.6345 -0.10254 1.56036 0.000405265 -0.00257533 -0.000870403
164.403 18.6298 -0.102553 1.56018 0.000370872 -0.00257719 -0.00078433
164.423 18.6249 -0.102567 1.56003 0.000340237 -0.00268046 -0.000699201
164.443 18.6199 -0.102583 1.55989 0.000485934 -0.00638163 -0.000583247
164.463 18.6151 -0.1026 1.55992 0.000335129 -0.00303771 -0.000493898
164.485 18.6103 -0.102618 1.56013 0.000105558 -0.00239663 -0.000417835
164.503 18.6057 -0.102637 1.56046 2.90395e-05 -0.00386879 -0.000351403
164.523 18.6011 -0.102655 1.56089 -8.14632e-05 -0.00451935 -0.000292179
164.545 18.5967 -0.102674 1.56135 -0.000195884 -0.00452996 -0.000238249
164.565 18.5923 -0.102691 1.56182 -0.00027544 -0.00466755 -0.000190278
164.588 18.588 -0.102708 1.56229 -0.000336696 -0.00494474 -0.000148049
164.607 18.5837 -0.102723 1.56274 -0.000381881 -0.00516313 -0.000112788
164.625 18.5796 -0.102737 1.56318 -0.000428179 -0.00531883 -7.99252e-05
164.646 18.5755 -0.102749 1.56359 -0.000443239 -0.0053688 -5.31531e-05
164.665 18.5715 -0.102759 1.56399 -0.000458468 -0.00538939 -3.57683e-05
164.685 18.5676 -0.102767 1.56437 -0.000474339 -0.00538015 -2.14427e-05
164.707 18.5637 -0.102774 1.56474 -0.000473392 -0.00544773 -8.39683e-06
164.726 18.56 -0.102779 1.5651 -0.000514388 -0.00523168 7.47493e-07
164.749 18.5563 -0.102781 1.56546 -0.000539736 -0.00506293 6.1366e-06
164.769 18.5528 -0.102782 1.56582 -0.000556073 -0.00496991 4.6766e-06
164.788 18.5493 -0.10278 1.56617 -0.000590737 -0.00487235 4.08906e-07
164.808 18.5459 -0.102776 1.56652 -0.000606349 -0.00469701 -5.6392e-06
164.829 18.5426 -0.102769 1.56687 -0.000652923 -0.00448938 -1.34915e-05
164.848 18.5394 -0.10276 1.56722 -0.000749132 -0.00430486 -2.36614e-05
164.869 18.5364 -0.102747 1.56755 -0.000868935 -0.00413225 -3.57553e-05
164.891 18.5334 -0.102731 1.56789 -0.00098927 -0.00400947 -5.22834e-05
164.909 18.5305 -0.102712 1.56822 -0.00110563 -0.00374429 -7.18473e-05
164.929 18.5277 -0.102688 1.56855 -0.00121456 -0.00354023 -9.45906e-05
164.952 18.5251 -0.102659 1.56888 -0.00131771 -0.00335322 -0.000118389
164.971 18.5225 -0.102626 1.5692 -0.00139896 -0.00327751 -0.000145795
164.993 18.5201 -0.102587 1.56953 -0.00150344 -0.00298874 -0.000167354
165.01 18.5178 -0.102542 1.56985 -0.00159745 -0.0026873 -0.000195693
165.03 18.5156 -0.102491 1.57018 -0.00166338 -0.00250955 -0.000227217
165.052 18.5135 -0.102434 1.57051 -0.00171801 -0.00233348 -0.000259048
165.072 18.5116 -0.102371 1.57084 -0.00176838 -0.00212283 -0.000293776
165.093 18.5097 -0.102301 1.57117 -0.00180685 -0.00193758 -0.000328182
165.111 18.508 -0.102224 1.57149 -0.00183926 -0.00174758 -0.000362243
165.132 18.5064 -0.10214 1.57182 -0.0018679 -0.00155902 -0.000393831
165.156 18.5049 -0.102049 1.57215 -0.00188517 -0.00146891 -0.00043002
165.174 18.5036 -0.101951 1.57248 -0.00193491 -0.00116628 -0.000462232
165.194 18.5023 -0.101846 1.57281 -0.00196695 -0.000992799 -0.000498792
165.216 18.5013 -0.101734 1.57315 -0.00199021 -0.000870442 -0.000538728
165.236 18.5003 -0.101615 1.57348 -0.00201091 -0.000717773 -0.000576229
165.257 18.4995 -0.101487 1.57382 -0.00203942 -0.000572591 -0.000609527
165.28 18.4988 -0.101353 1.57415 -0.00207977 -0.000341472 -0.000649002
165.298 18.4982 -0.10121 1.57448 -0.002122 -0.000227383 -0.000687172
165.318 18.4977 -0.10106 1.57482 -0.00214926 -0.000128457 -0.000723021
165.339 18.4974 -0.100903 1.57515 -0.00216255 7.88317e-06 -0.000759012
165.36 18.4972 -0.100737 1.57548 -0.00217251 0.000138988 -0.000797259
165.379 18.4971 -0.100564 1.5758 -0.00217559 0.00025512 -0.000833308
165.4 18.4971 -0.100382 1.57612 -0.00217727 0.000381402 -0.000872588
165.42 18.4973 -0.100193 1.57644 -0.00217421 0.000500271 -0.000911658
165.439 18.4976 -0.0999966 1.57675 -0.00216657 0.000625862 -0.000947887
165.462 18.498 -0.0997921 1.57705 -0.00215359 0.000750597 -0.00097999
165.481 18.4985 -0.0995799 1.57735 -0.00215468 0.00093884 -0.00101164
165.504 18.4992 -0.0993603 1.57763 -0.0021299 0.000925739 -0.0010428
165.524 18.4999 -0.0991331 1.57791 -0.00212122 0.000972835 -0.00107373
165.544 18.5008 -0.0988983 1.57819 -0.00212754 0.00108739 -0.00110419
165.566 18.5018 -0.0986562 1.57845 -0.00212797 0.00118247 -0.00113332
165.585 18.5029 -0.0984066 1.57869 -0.00213655 0.0012545 -0.00116243
165.607 18.5041 -0.0981494 1.57892 -0.00217811 0.00142031 -0.00118939
165.625 18.5054 -0.0978848 1.57914 -0.00221112 0.00140302 -0.00121543
165.645 18.5068 -0.0976125 1.57935 -0.00223581 0.00141975 -0.00124144
165.665 18.5084 -0.0973325 1.57955 -0.00226448 0.00151605 -0.00126803
165.687 18.51 -0.0970447 1.57973 -0.00229497 0.00162479 -0.00129361
165.709 18.5118 -0.0967491 1.57991 -0.00231932 0.00172396 -0.00131374
165.727 18.5136 -0.0964456 1.58008 -0.00231824 0.00189529 -0.00133718
165.747 18.5156 -0.0961342 1.58023 -0.00232319 0.00199956 -0.0013591
165.769 18.5176 -0.0958147 1.58038 -0.00234226 0.0020665 -0.00138086
165.788 18.5198 -0.0954872 1.58053 -0.00237515 0.00217658 -0.00140072
165.808 18.5221 -0.0951516 1.58067 -0.00241269 0.00229753 -0.00141918
165.829 18.5244 -0.0948077 1.5808 -0.00245902 0.00249501 -0.0014366
165.849 18.5269 -0.0944553 1.58092 -0.00254031 0.00255337 -0.00145219
165.87 18.5294 -0.0940935 1.58105 -0.00273674 0.0025856 -0.00146575
165.89 18.5321 -0.0937218 1.58117 -0.00301388 0.00275338 -0.00147808
165.912 18.5348 -0.0933395 1.58129 -0.00332324 0.00283084 -0.00149045
165.931 18.5376 -0.0929454 1.58141 -0.0036324 0.00285661 -0.00150208
165.952 18.5405 -0.0925387 1.58154 -0.0039213 0.00301093 -0.00151345
165.972 18.5434 -0.0921181 1.58166 -0.00418996 0.00304658 -0.00152204
165.992 18.5465 -0.0916827 1.58179 -0.00442923 0.00304874 -0.00153145
166.013 18.5496 -0.0912318 1.58193 -0.0046285 0.00317743 -0.00153981
166.035 18.5528 -0.0907645 1.58207 -0.00477909 0.00315528 -0.00154848
166.053 18.5561 -0.0902804 1.58223 -0.00488571 0.00313889 -0.00155444
166.074 18.5594 -0.0897789 1.5824 -0.00495805 0.00324304 -0.00156344
166.094 18.5628 -0.0892598 1.58258 -0.00500478 0.00318801 -0.0015713
166.115 18.5662 -0.0887229 1.58279 -0.00503001 0.00323863 -0.00157782
166.134 18.5697 -0.0881682 1.58302 -0.00503891 0.00321427 -0.0015829
166.154 18.5733 -0.0875956 1.58327 -0.00502407 0.00323555 -0.00159061
166.175 18.5769 -0.0870053 1.58355 -0.00499263 0.00319854 -0.00159715
166.194 18.5806 -0.0863975 1.58385 -0.00494188 0.00324158 -0.00160128
166.219 18.5842 -0.0857724 1.58416 -0.00487083 0.00317801 -0.00160446
166.235 18.588 -0.0851302 1.5845 -0.00479556 0.00309985 -0.00160632
166.254 18.5917 -0.0844713 1.58486 -0.00472458 0.00316004 -0.00160994
166.276 18.5955 -0.083796 1.58524 -0.00465252 0.00309576 -0.00161288
166.298 18.5993 -0.0831046 1.58563 -0.00459943 0.00311985 -0.00161646
166.321 18.6032 -0.0823975 1.58604 -0.00452516 0.00299501 -0.00161561
166.341 18.607 -0.0816749 1.58647 -0.00445189 0.00300894 -0.00161693
166.36 18.6109 -0.0809373 1.5869 -0.00435947 0.00293582 -0.00161825
166.383 18.6148 -0.0801852 1.58735 -0.00425683 0.00281231 -0.00161904
166.402 18.6187 -0.0794187 1.58781 -0.00415371 0.00283736 -0.00161988
166.423 18.6225 -0.0786386 1.58827 -0.00405089 0.0027541 -0.00161981
166.441 18.6264 -0.0778451 1.58873 -0.00394563 0.00274756 -0.00161927
166.461 18.6303 -0.0770386 1.58919 -0.00386179 0.00268869 -0.00161864
166.482 18.6342 -0.0762196 1.58964 -0.00377532 0.0026082 -0.00161758
166.502 18.6381 -0.0753886 1.59009 -0.00367259 0.00262001 -0.00161594
166.526 18.6419 -0.0745459 1.59052 -0.00358478 0.00255455 -0.00161392
166.542 18.6458 -0.0736921 1.59094 -0.00348082 0.00253139 -0.00161184
166.562 18.6496 -0.0728273 1.59134 -0.00338865 0.00242241 -0.00160909
166.582 18.6534 -0.0719521 1.59172 -0.00329086 0.00232133 -0.00160596
166.604 18.6572 -0.071067 1.59207 -0.00319292 0.00231641 -0.00160277
166.622 18.6609 -0.070172 1.59241 -0.00312774 0.0022276 -0.00159893
166.643 18.6646 -0.0692677 1.59271 -0.00306275 0.00216565 -0.0015962
166.662 18.6683 -0.0683544 1.59299 -0.00300145 0.00213324 -0.00159381
166.687 18.672 -0.0674323 1.59325 -0.00294162 0.0021802 -0.00159045
166.704 18.6756 -0.0665017 1.59349 -0.00286906 0.00204601 -0.00158942
166.724 18.6792 -0.0655628 1.5937 -0.00281374 0.00199355 -0.001586
166.744 18.6827 -0.0646158 1.59389 -0.00276978 0.0019946 -0.00158354
166.765 18.6862 -0.063661 1.59407 -0.00274406 0.0020476 -0.00157946
166.785 18.6897 -0.0626984 1.59422 -0.00273619 0.00196974 -0.00157546
166.805 18.6931 -0.0617281 1.59436 -0.0027303 0.00194595 -0.00157101
166.827 18.6964 -0.0607502 1.59449 -0.00272866 0.00195401 -0.00156755
166.845 18.6998 -0.0597647 1.59461 -0.00274501 0.00205108 -0.00156418
166.865 18.703 -0.0587711 1.59471 -0.00282731 0.00195315 -0.00156083
166.887 18.7062 -0.0577682 1.59482 -0.00314408 0.00187341 -0.00155974
166.906 18.7094 -0.0567549 1.59493 -0.00364823 0.00187738 -0.00155948
166.926 18.7125 -0.0557303 1.59503 -0.00420447 0.00188304 -0.00155928
166.946 18.7155 -0.0546923 1.59513 -0.00476307 0.00186571 -0.00155784
166.966 18.7185 -0.053639 1.59524 -0.0053066 0.00183029 -0.00155602
166.989 18.7215 -0.0525686 1.59535 -0.00578397 0.0018061 -0.00155247
167.009 18.7244 -0.0514792 1.59546 -0.00619644 0.0018579 -0.00154962
167.028 18.7272 -0.0503696 1.59559 -0.00651075 0.0017432 -0.00154765
167.048 18.7299 -0.0492383 1.59573 -0.00674433 0.00165937 -0.00154496
167.068 18.7327 -0.0480844 1.59588 -0.00691995 0.00166075 -0.00154263
167.092 18.7353 -0.0469073 1.59604 -0.00703019 0.00166115 -0.00154236
167.112 18.7379 -0.0457069 1.59621 -0.00706502 0.00163947 -0.00154046
167.134 18.7404 -0.0444828 1.59639 -0.00703382 0.0016136 -0.00153789
167.153 18.7429 -0.0432354 1.59659 -0.00694657 0.00159363 -0.00153881
167.172 18.7453 -0.0419649 1.59679 -0.00680906 0.00155949 -0.00153971
167.194 18.7476 -0.0406719 1.597 -0.00665542 0.00151959 -0.00153948
167.212 18.7499 -0.0393568 1.59722 -0.00650449 0.00147396 -0.00154152
167.235 18.7521 -0.0380205 1.59745 -0.00633927 0.00143184 -0.00154089
167.253 18.7543 -0.0366636 1.59767 -0.00616986 0.00148871 -0.00154129
167.274 18.7564 -0.035287 1.5979 -0.0059785 0.00127858 -0.00153896
167.296 18.7584 -0.0338912 1.59814 -0.00579999 0.00133632 -0.00153932
167.315 18.7604 -0.0324772 1.59838 -0.00560397 0.00127774 -0.00153737
167.339 18.7623 -0.0310456 1.59864 -0.00541382 0.0011569 -0.00153477
167.356 18.7641 -0.0295974 1.5989 -0.0052274 0.00112295 -0.00153336
167.375 18.7659 -0.0281332 1.59916 -0.00504558 0.00111323 -0.00153269
167.396 18.7675 -0.0266539 1.59941 -0.00487232 0.00109021 -0.00153176
167.416 18.7692 -0.02516 1.59967 -0.00471648 0.00105467 -0.00153409
167.438 18.7707 -0.0236524 1.59991 -0.00457004 0.00100423 -0.00153391
167.456 18.7722 -0.0221319 1.60014 -0.00441315 0.00094397 -0.00153097
167.476 18.7736 -0.0205989 1.60036 -0.00424477 0.000870802 -0.00153042
167.498 18.775 -0.0190543 1.60057 -0.00408351 0.000788879 -0.00152981
167.517 18.7763 -0.0174985 1.60075 -0.00394154 0.000704644 -0.00152713
167.54 18.7775 -0.0159321 1.60091 -0.00381573 0.000623712 -0.00152966
167.557 18.7787 -0.0143558 1.60105 -0.00368853 0.000558729 -0.00153212
167.578 18.7797 -0.0127701 1.60117 -0.00357079 0.000500286 -0.00153256
167.599 18.7808 -0.0111754 1.60127 -0.00347586 0.000441581 -0.00153573
167.618 18.7817 -0.00957207 1.60134 -0.0033924 0.000404277 -0.00153995
167.64 18.7826 -0.00796064 1.6014 -0.00330372 0.000384833 -0.0015421
167.659 18.7834 -0.00634146 1.60144 -0.00321048 0.000337932 -0.00154264
167.678 18.7841 -0.00471489 1.60146 -0.00311195 0.000290524 -0.00154571
167.699 18.7848 -0.00308129 1.60147 -0.00301704 0.000269506 -0.00155034
167.72 18.7854 -0.00144111 1.60147 -0.00291499 0.000246588 -0.00155651
167.74 18.786 0.000205278 1.60145 -0.00281791 0.000211766 -0.00156132
167.76 18.7865 0.00185756 1.60143 -0.00273513 0.000181811 -0.00156647
167.779 18.7869 0.00351533 1.60139 -0.00265772 0.000154546 -0.00157113
167.803 18.7872 0.00517823 1.60135 -0.00257811 0.000123212 -0.0015781
167.822 18.7875 0.00684602 1.60129 -0.00251405 8.30951e-05 -0.00158162
167.844 18.7877 0.00851847 1.60123 -0.00246736 4.11273e-05 -0.00158578
167.862 18.7878 0.0101954 1.60116 -0.00244126 3.87828e-07 -0.00159155
167.885 18.7879 0.0118769 1.60108 -0.00245644 -3.59614e-05 -0.00159869
167.905 18.7879 0.0135644 1.601 -0.00276714 -6.89714e-05 -0.00160799
167.928 18.7879 0.0152598 1.60092 -0.00346252 -0.000100686 -0.00161861
167.946 18.7877 0.0169648 1.60085 -0.00437223 -0.00012952 -0.00162794
167.965 18.7876 0.0186819 1.60078 -0.00533608 -0.000159176 -0.00163828
167.987 18.7873 0.0204145 1.6007 -0.00627987 -0.000271908 -0.00164702
168.016 18.787 0.0221657 1.60063 -0.00715369 -0.000266153 -0.00165336
168.034 18.7866 0.0239388 1.60055 -0.00790131 -0.000253767 -0.00166072
168.053 18.7862 0.0257364 1.60048 -0.00850908 -0.000295648 -0.0016652
168.074 18.7857 0.0275609 1.60041 -0.00899276 -0.000328836 -0.00167019
168.093 18.7851 0.0294142 1.60033 -0.00935097 -0.000416523 -0.00167151
168.117 18.7845 0.0312973 1.60027 -0.00956826 -0.000387285 -0.00167171
168.134 18.7839 0.0332113 1.6002 -0.00967508 -0.000358596 -0.00167067
168.155 18.7832 0.0351566 1.60014 -0.00969301 -0.000362021 -0.00166941
168.175 18.7824 0.0371332 1.60008 -0.00962446 -0.000356961 -0.00166948
168.194 18.7816 0.0391407 1.60002 -0.00948357 -0.000423823 -0.00166676
168.219 18.7808 0.0411788 1.59996 -0.00929582 -0.000358944 -0.00167245
168.236 18.7799 0.0432465 1.59991 -0.00907622 -0.000322424 -0.00167678
168.257 18.779 0.045343 1.59986 -0.00883214 -0.000325127 -0.00167824
168.277 18.778 0.0474672 1.59981 -0.00856044 -0.000328344 -0.00167622
168.295 18.777 0.049618 1.59975 -0.00826531 -0.000319263 -0.00167671
168.318 18.776 0.051794 1.59968 -0.00796025 -0.000310573 -0.0016756
168.336 18.7749 0.0539942 1.59961 -0.00764303 -0.000404169 -0.00167223
168.36 18.7737 0.0562173 1.59953 -0.00734674 -0.000331527 -0.00167215
168.377 18.7726 0.0584619 1.59944 -0.00704966 -0.000295827 -0.00167135
168.397 18.7714 0.060727 1.59933 -0.00676502 -0.000321973 -0.00166738
168.42 18.7702 0.0630114 1.59922 -0.00651035 -0.000367225 -0.00166232
168.438 18.7689 0.065314 1.5991 -0.00628299 -0.000400258 -0.00165911
168.461 18.7677 0.067634 1.59896 -0.00608422 -0.000412407 -0.00165385
168.479 18.7663 0.0699705 1.5988 -0.00592099 -0.000481316 -0.00165048
168.499 18.765 0.0723226 1.59864 -0.00575933 -0.000434783 -0.00164823
168.521 18.7636 0.0746898 1.59846 -0.00561115 -0.000428175 -0.00164695
168.54 18.7622 0.0770714 1.59828 -0.00547586 -0.000455557 -0.00164713
168.56 18.7608 0.0794668 1.59808 -0.00534985 -0.000465443 -0.00164934
168.58 18.7594 0.0818754 1.59786 -0.00523994 -0.00045966 -0.00165332
168.601 18.7579 0.0842969 1.59764 -0.00513424 -0.000533907 -0.00165572
168.623 18.7565 0.0867306 1.5974 -0.00502286 -0.00048183 -0.00165917
168.641 18.755 0.0891761 1.59716 -0.00490977 -0.00042395 -0.00166361
168.661 18.7534 0.091633 1.59692 -0.00479941 -0.000417613 -0.00166664
168.682 18.7519 0.0941009 1.59668 -0.00470526 -0.000411263 -0.00166955
168.702 18.7504 0.0965794 1.59643 -0.00463759 -0.00039885 -0.0016728
168.722 18.7488 0.0990682 1.59618 -0.00457871 -0.000476347 -0.00167741
168.741 18.7472 0.101567 1.59594 -0.00455094 -0.000384226 -0.00168186
168.764 18.7457 0.104076 1.59571 -0.00452745 -0.000285276 -0.00168436
168.782 18.7441 0.106594 1.59548 -0.0045021 -0.000276226 -0.00168874
168.803 18.7425 0.109122 1.59527 -0.00448017 -0.000278217 -0.00169272
168.823 18.7409 0.11166 1.59507 -0.00446028 -0.000264731 -0.00169942
168.843 18.7393 0.114207 1.59488 -0.0044393 -0.000254263 -0.00170383
168.864 18.7376 0.116763 1.5947 -0.00442136 -0.000299536 -0.00170972
168.883 18.736 0.119328 1.59454 -0.00437872 -0.000230677 -0.00171526
168.903 18.7344 0.121902 1.59439 -0.00432555 -2.20323e-05 -0.00172087
168.926 18.7328 0.124486 1.59426 -0.00458786 -0.00016855 -0.00172221
168.945 18.7312 0.127084 1.59416 -0.00542349 -0.000199498 -0.00172578
168.968 18.7295 0.129697 1.59408 -0.00663105 -0.000143235 -0.00173161
168.986 18.7279 0.132329 1.59401 -0.00795458 -0.000132646 -0.00173571
169.006 18.7262 0.134983 1.59396 -0.00927092 -0.00015438 -0.00173863
169.027 18.7246 0.137665 1.59392 -0.0104898 -0.000223448 -0.00173951
169.046 18.7229 0.140378 1.59389 -0.011552 -0.00018384 -0.00174388
169.07 18.7212 0.143127 1.59386 -0.0124291 -0.000165325 -0.00174848
169.089 18.7196 0.145915 1.59384 -0.0131057 -0.000175631 -0.0017497
169.108 18.7179 0.148744 1.59382 -0.0135935 -0.000198248 -0.00175081
169.128 18.7163 0.151616 1.5938 -0.0138992 -0.000200915 -0.00175218
169.149 18.7146 0.154532 1.59379 -0.0140317 -0.000184992 -0.00175516
169.169 18.713 0.157493 1.59378 -0.0140255 -0.000172387 -0.00175781
169.189 18.7113 0.160499 1.59377 -0.0139014 -0.000168464 -0.00175907
169.211 18.7097 0.163549 1.59377 -0.0136843 -0.000230593 -0.00175861
169.232 18.708 0.166642 1.59377 -0.0133849 -0.000157505 -0.00176464
169.25 18.7064 0.169777 1.59377 -0.0130343 -0.000121997 -0.00176775
169.272 18.7048 0.172953 1.59378 -0.0126547 -0.000125641 -0.00176942
169.291 18.7031 0.176169 1.5938 -0.0122682 -0.000133633 -0.00177076
169.31 18.7015 0.179422 1.59382 -0.0119003 -0.000115002 -0.00177135
169.331 18.6999 0.182711 1.59384 -0.0115365 -8.87147e-05 -0.00177042
169.352 18.6983 0.186035 1.59388 -0.0111733 -6.98297e-05 -0.00176818
169.374 18.6968 0.189393 1.59392 -0.0108304 -2.75205e-05 -0.00176798
169.391 18.6952 0.192781 1.59397 -0.0104998 9.78666e-06 -0.00177005
169.411 18.6936 0.196201 1.59402 -0.010179 1.91824e-05 -0.00177188
169.432 18.6921 0.199649 1.59407 -0.00986998 2.39054e-05 -0.00177055
169.452 18.6905 0.203124 1.59413 -0.00958063 2.7404e-05 -0.00177252
169.474 18.689 0.206626 1.5942 -0.00931745 3.77828e-05 -0.00177231
169.492 18.6875 0.210154 1.59427 -0.00907118 6.38187e-05 -0.00177433
169.512 18.686 0.213706 1.59434 -0.00883645 7.99856e-05 -0.00177677
169.533 18.6845 0.217281 1.59443 -0.00863731 1.30403e-06 -0.00177627
169.553 18.683 0.220878 1.59452 -0.0084555 0.000125379 -0.00177479
169.574 18.6815 0.224497 1.59462 -0.00827263 9.26404e-05 -0.00177162
169.594 18.68 0.228137 1.59474 -0.00810113 -4.44845e-05 -0.00176607
169.614 18.6786 0.231797 1.59486 -0.00793843 8.78054e-05 -0.0017655
169.634 18.6771 0.235476 1.59499 -0.00777567 -2.37475e-05 -0.00176161
169.654 18.6757 0.239174 1.59513 -0.00760451 -6.6469e-05 -0.00175871
169.675 18.6743 0.24289 1.59528 -0.0074322 6.70118e-05 -0.00175693
169.695 18.6729 0.246623 1.59543 -0.00725766 -7.86111e-05 -0.00175177
169.714 18.6715 0.250372 1.59558 -0.00708216 -7.95326e-05 -0.00174817
169.736 18.6701 0.254137 1.59574 -0.00690827 3.11564e-05 -0.00174654
169.756 18.6687 0.257917 1.59589 -0.00673364 -0.000141385 -0.00174181
169.777 18.6674 0.261711 1.59604 -0.00658451 -0.000149502 -0.00173541
169.797 18.666 0.265518 1.59619 -0.00646668 -9.06126e-05 -0.00172927
169.819 18.6647 0.269339 1.59633 -0.00636532 -0.000110864 -0.00172328
169.838 18.6634 0.273172 1.59647 -0.00626372 7.56936e-06 -0.00171963
169.858 18.6621 0.277018 1.5966 -0.00614845 6.24082e-06 -0.00171431
169.88 18.6608 0.280875 1.59673 -0.00601497 -0.000126778 -0.00170773
169.902 18.6595 0.284743 1.59685 -0.00587566 1.21328e-05 -0.00170742
169.921 18.6582 0.288621 1.59697 -0.00574945 7.13842e-05 -0.00170636
169.946 18.657 0.292513 1.5971 -0.00607828 -4.4008e-05 -0.00170062
169.964 18.6557 0.29642 1.59724 -0.00722566 -4.76492e-05 -0.00169065
169.986 18.6544 0.300347 1.59738 -0.00889188 4.6039e-06 -0.00168406
170.003 18.6532 0.304297 1.59752 -0.0107138 2.3546e-05 -0.001684
170.024 18.6519 0.308276 1.59766 -0.0125005 4.09839e-05 -0.00167882
170.045 18.6506 0.31229 1.59778 -0.0141522 4.45782e-05 -0.00167318
170.064 18.6494 0.316346 1.59789 -0.0155784 2.98729e-05 -0.0016679
170.089 18.6481 0.320447 1.59799 -0.016733 1.03643e-05 -0.00166447
170.104 18.6468 0.3246 1.59806 -0.0176037 -1.51283e-05 -0.00166112
170.124 18.6456 0.328805 1.59811 -0.0181895 -4.55638e-05 -0.00165757
170.145 18.6443 0.333067 1.59814 -0.0185074 -7.72398e-05 -0.00165473
170.164 18.643 0.337385 1.59815 -0.0185791 -0.000100332 -0.00165189
170.187 18.6418 0.34176 1.59813 -0.0184399 -0.000113427 -0.00164868
170.205 18.6405 0.346192 1.5981 -0.0181309 -0.000131572 -0.00164471
170.225 18.6392 0.35068 1.59804 -0.0176834 -0.000153877 -0.00164306
170.246 18.638 0.355221 1.59796 -0.0171315 -0.000164545 -0.00164122
170.265 18.6367 0.359815 1.59785 -0.0165162 -0.000178839 -0.00163482
170.289 18.6354 0.364457 1.59773 -0.0158691 -0.000209974 -0.00163151
170.305 18.6342 0.369146 1.59759 -0.0152076 -0.000239284 -0.00162919
170.325 18.6329 0.37388 1.59743 -0.0145586 -0.000242236 -0.00162728
170.346 18.6316 0.378655 1.59725 -0.0139351 -0.000241976 -0.00162508
170.368 18.6304 0.383469 1.59706 -0.0133333 -0.000254477 -0.00162214
170.389 18.6291 0.388319 1.59685 -0.0127523 -0.000266339 -0.00161966
170.407 18.6289 0.389395 1.59605 -0.011421 0.00142579 -0.00159673
170.427 18.6289 0.389453 1.59521 -0.0102847 0.00116347 -0.00172292
170.448 18.6287 0.389431 1.59484 -0.00999166 0.00184845 -0.00185744
170.469 18.6285 0.389337 1.59491 -0.0106797 0.00340818 -0.00190969
170.49 18.6283 0.389157 1.59528 -0.0125174 0.00594191 -0.00182885
170.509 18.6282 0.38892 1.59584 -0.0147872 0.0076124 -0.00187329
170.529 18.628 0.388622 1.5965 -0.0177015 0.00892007 -0.00194926
170.556 18.6279 0.388284 1.59719 -0.0210252 0.00971724 -0.00207296
170.574 18.6278 0.387932 1.59787 -0.0244967 0.0100117 -0.00223916
170.596 18.6277 0.38759 1.59852 -0.0279166 0.0100703 -0.00240967
170.616 18.6276 0.38727 1.59911 -0.0311127 0.00976672 -0.0025974
170.636 18.6276 0.386994 1.59963 -0.0338653 0.0093186 -0.00277584
170.656 18.6275 0.386773 1.60009 -0.0360361 0.008872 -0.00292897
170.679 18.6275 0.38661 1.6005 -0.0375347 0.00840048 -0.00306158
170.698 18.6275 0.386513 1.60084 -0.0382688 0.00801098 -0.00316452
170.717 18.6274 0.386453 1.60112 -0.0385768 0.00754038 -0.00324737
170.833 18.6275 0.386413 1.60134 -0.0387694 0.0070439 -0.00327344
170.855 18.6275 0.386385 1.60149 -0.0388053 0.0063877 -0.00330023
170.874 18.6275 0.38637 1.60159 -0.0387968 0.00587989 -0.00327825
170.894 18.6276 0.386366 1.60164 -0.0387452 0.00548177 -0.00321552
170.914 18.6277 0.386373 1.60164 -0.0386496 0.00514337 -0.00311741
170.935 18.6278 0.386386 1.60163 -0.0385412 0.00489793 -0.00299331
170.954 18.6279 0.386404 1.60159 -0.0384415 0.00475729 -0.00284449
170.975 18.628 0.386426 1.60156 -0.0383711 0.00472824 -0.00267078
170.996 18.6281 0.38645 1.60152 -0.0383407 0.00479501 -0.00247429
171.015 18.6282 0.386482 1.6015 -0.0383202 0.00423945 -0.00223958
171.036 18.6284 0.386561 1.6015 -0.0379525 0.00322389 -0.00187306
171.055 18.6286 0.386752 1.60153 -0.0361314 0.00209185 -0.00151816
171.075 18.6289 0.387063 1.60158 -0.0329594 0.00153816 -0.00114295
171.097 18.6292 0.387456 1.60164 -0.0289928 0.000430562 -0.000714275
171.115 18.6296 0.387796 1.60165 -0.0251178 -0.000475857 -0.000432363
171.136 18.63 0.388091 1.60161 -0.0214656 -0.00103704 -0.000355453
171.155 18.6305 0.388389 1.60154 -0.018007 -0.00154203 -0.000332257
171.175 18.6309 0.38863 1.60142 -0.0152702 -0.00234839 -0.000316186
171.198 18.6314 0.388819 1.60126 -0.0131461 -0.00315756 -0.000300859
171.217 18.632 0.388971 1.60105 -0.0114585 -0.00378208 -0.000286217
171.236 18.6325 0.389079 1.60082 -0.0102562 -0.00417083 -0.000272235
171.259 18.6331 0.389154 1.60055 -0.00941976 -0.00448592 -0.000258918
171.279 18.6338 0.389207 1.60026 -0.00881907 -0.00473732 -0.000245776
171.298 18.6344 0.389253 1.59996 -0.00830157 -0.00480632 -0.000230019
171.318 18.6352 0.389295 1.59965 -0.00779684 -0.00488422 -0.000207354
171.339 18.6359 0.389338 1.59934 -0.00728173 -0.0047993 -0.000181389
171.36 18.6368 0.38938 1.59903 -0.00678516 -0.00487056 -0.000154085
171.379 18.6376 0.389422 1.59873 -0.00627025 -0.00480711 -0.000123723
171.401 18.6386 0.389464 1.59843 -0.00575965 -0.00473074 -8.93449e-05
171.42 18.6395 0.389503 1.59814 -0.00526242 -0.00466957 -4.71981e-05
171.439 18.6406 0.389537 1.59785 -0.00478496 -0.00463321 8.89212e-06
171.46 18.6416 0.389565 1.59758 -0.00433018 -0.00461617 9.108e-05
171.483 18.6428 0.389585 1.59732 -0.0039245 -0.00465137 0.000186519
171.503 18.644 0.389598 1.59707 -0.0035099 -0.00458723 0.000322315
171.522 18.6452 0.389601 1.59684 -0.00312493 -0.00456586 0.000490877
171.542 18.6465 0.389594 1.59663 -0.00278061 -0.0045923 0.000693024
171.565 18.6479 0.389576 1.59643 -0.00246437 -0.00462631 0.00093916
171.584 18.6493 0.389546 1.59624 -0.00219179 -0.00464076 0.00122339
171.607 18.6507 0.3895 1.59606 -0.0020415 -0.00467817 0.00152579
171.625 18.6523 0.389442 1.59589 -0.00194895 -0.00456094 0.00186362
171.645 18.6539 0.389372 1.59574 -0.00193121 -0.00447741 0.002222
171.666 18.6556 0.389292 1.5956 -0.00198199 -0.00439831 0.00260223
171.686 18.6573 0.389201 1.59547 -0.00209936 -0.00429198 0.0029973
171.706 18.6591 0.389105 1.59534 -0.00228926 -0.00415519 0.00339054
171.725 18.661 0.389003 1.59523 -0.00253515 -0.00406325 0.00378183
171.745 18.6629 0.388899 1.59514 -0.00282216 -0.00383222 0.00416487
171.767 18.6649 0.388795 1.59505 -0.00313606 -0.00364102 0.00453369
171.787 18.667 0.388693 1.59498 -0.00345164 -0.00345265 0.00489083
171.811 18.6692 0.388596 1.59492 -0.00376206 -0.00323814 0.00522725
171.829 18.6715 0.388506 1.59488 -0.00404632 -0.00302613 0.00554249
171.85 18.6739 0.388424 1.59484 -0.00429305 -0.00292277 0.00583294
171.874 18.6763 0.388353 1.59481 -0.00448674 -0.00267855 0.00609927
171.896 18.6789 0.388293 1.5948 -0.00462141 -0.00247394 0.00633891
171.92 18.6815 0.388243 1.59479 -0.00467348 -0.00233593 0.00656623
171.936 18.6842 0.388204 1.59479 -0.00467378 -0.00228689 0.00676563
171.955 18.687 0.388173 1.59479 -0.00464848 -0.00212633 0.00693588
171.978 18.69 0.38815 1.5948 -0.00459513 -0.00194852 0.00707326
171.997 18.693 0.388133 1.59482 -0.00456949 -0.00179491 0.00717186
172.019 18.6961 0.388124 1.59484 -0.00454221 -0.00161256 0.00723328
172.037 18.6993 0.388121 1.59486 -0.00452362 -0.00144335 0.00725616
172.058 18.7026 0.388124 1.59489 -0.00453233 -0.00135934 0.00723681
172.079 18.706 0.388022 1.59488 -0.00498794 -0.00330336 0.00700003
172.099 18.7098 0.387912 1.59493 -0.00489704 -0.000758934 0.00671299
172.12 18.7139 0.387823 1.59507 -0.00461541 -0.000455601 0.00643362
172.139 18.7182 0.387754 1.59526 -0.004453 -0.00133564 0.0061577
172.158 18.7228 0.387705 1.59548 -0.00426178 -0.00160923 0.00586224
172.179 18.7277 0.387674 1.59571 -0.00393066 -0.00152349 0.00555146
172.198 18.7328 0.387659 1.59593 -0.00354426 -0.00150787 0.00523173
172.222 18.7382 0.387659 1.59613 -0.00306543 -0.00155678 0.00490337
172.239 18.7438 0.387672 1.5963 -0.00255988 -0.00168648 0.00457188
172.259 18.7496 0.387697 1.59645 -0.00208093 -0.0015232 0.00423687
172.283 18.7557 0.387729 1.59658 -0.00155422 -0.00157738 0.00389702
172.3 18.7619 0.387769 1.59669 -0.00106574 -0.00155344 0.00355945
172.322 18.7684 0.387814 1.59678 -0.000600777 -0.00150628 0.00322243
172.341 18.775 0.387862 1.59685 -0.000158883 -0.00133844 0.00288531
172.361 18.7819 0.387911 1.59691 0.000207757 -0.00135431 0.00254946
172.381 18.7889 0.38796 1.59695 0.0005411 -0.00122794 0.00221618
172.404 18.7961 0.388008 1.59698 0.00083679 -0.00114816 0.00188811
172.422 18.8035 0.388052 1.59699 0.0011046 -0.00101889 0.00156423
172.443 18.8111 0.388092 1.59699 0.00138701 -0.000890122 0.0012412
172.462 18.8188 0.388128 1.59698 0.00161086 -0.00085303 0.000924529
172.485 18.8267 0.388157 1.59695 0.0017912 -0.000695818 0.00061424
172.503 18.8348 0.388179 1.59691 0.00198847 -0.00053791 0.000308818
172.524 18.843 0.388194 1.59686 0.00213179 -0.000399168 9.48371e-06
172.544 18.8513 0.3882 1.59679 0.00226338 -0.000346292 -0.000283757
172.563 18.8598 0.388197 1.59672 0.00239754 -0.000182511 -0.000571825
172.584 18.8684 0.388185 1.59663 0.00247934 -2.36095e-05 -0.000848779
172.606 18.8772 0.388163 1.59654 0.002581 1.29923e-05 -0.00112236
172.625 18.886 0.388131 1.59645 0.00268958 0.000156865 -0.00138867
172.644 18.895 0.388088 1.59635 0.00278781 0.000258705 -0.00164631
172.664 18.9041 0.388035 1.59624 0.00287992 0.00039194 -0.00189881
172.689 18.9133 0.387969 1.59613 0.00299626 0.000526157 -0.00213872
172.705 18.9226 0.387893 1.59602 0.00307513 0.000670109 -0.00237052
172.727 18.9321 0.387803 1.5959 0.00316462 0.000740672 -0.00259753
172.746 18.9416 0.387702 1.59578 0.00324973 0.000870157 -0.00281741
172.766 18.9511 0.387588 1.59564 0.00335102 0.000938783 -0.00302856
172.787 18.9608 0.38746 1.59549 0.00345439 0.00106355 -0.0032308
172.806 18.9706 0.387319 1.59533 0.00352065 0.00108625 -0.00342435
172.828 18.9804 0.387165 1.59516 0.00358591 0.00120546 -0.00360798
172.847 18.9903 0.386996 1.59497 0.00368961 0.00131078 -0.00378117
172.868 19.0003 0.386813 1.59477 0.00378185 0.00133961 -0.00394885
172.893 19.0103 0.386616 1.59456 0.00386329 0.0014501 -0.00410788
172.911 19.0204 0.386404 1.59432 0.00394263 0.00144174 -0.00426036
172.929 19.0305 0.386177 1.59408 0.00400821 0.00154485 -0.00440078
172.95 19.0407 0.385934 1.59382 0.0040856 0.00154737 -0.00453183
172.97 19.0509 0.385676 1.59354 0.00414348 0.00166902 -0.00465756
172.99 19.0612 0.385403 1.59324 0.00420163 0.0017022 -0.00477742
173.01 19.0715 0.385113 1.59293 0.00425754 0.00180313 -0.00488509
173.032 19.0819 0.384808 1.5926 0.00428334 0.00187778 -0.00498523
173.052 19.0922 0.384486 1.59225 0.00432847 0.00188628 -0.00507653
173.072 19.1026 0.384148 1.59189 0.00436865 0.00196943 -0.00516628
173.092 19.113 0.383794 1.59151 0.00441535 0.00176047 -0.00524609
173.115 19.1235 0.383424 1.59111 0.00441314 0.00199666 -0.00531108
173.133 19.134 0.383037 1.5907 0.00444561 0.00209009 -0.00537102
173.152 19.1445 0.382634 1.59026 0.00448986 0.00207038 -0.00542469
173.171 19.155 0.382214 1.58981 0.00455465 0.00209428 -0.00547102
173.193 19.1656 0.381777 1.58934 0.00459631 0.00214282 -0.00551044
173.213 19.1761 0.381324 1.58886 0.00463453 0.00218605 -0.00554333
173.235 19.1866 0.380854 1.58836 0.00465722 0.0022206 -0.00556906
173.254 19.1972 0.380367 1.58785 0.00464613 0.00222585 -0.00558745
173.274 19.2077 0.379864 1.58733 0.00464183 0.00226625 -0.00560101
173.297 19.2181 0.379344 1.58681 0.00460769 0.0022887 -0.00560882
173.314 19.2286 0.378808 1.58628 0.00456173 0.00216409 -0.00561355
173.336 19.239 0.378256 1.58576 0.00450727 0.00216256 -0.00561236
173.356 19.2493 0.377688 1.58524 0.00443685 0.00216674 -0.00560445
173.375 19.2596 0.377105 1.58473 0.0043529 0.00215439 -0.00559544
173.397 19.2699 0.376507 1.58422 0.00427455 0.00216641 -0.00558026
173.417 19.28 0.375894 1.58372 0.00418253 0.00208538 -0.00556494
173.438 19.2901 0.375267 1.58323 0.00408174 0.00217526 -0.00554239
173.456 19.3002 0.374626 1.58275 0.00397074 0.0020684 -0.00551861
173.477 19.3101 0.373972 1.58228 0.00385059 0.00206918 -0.00549119
173.498 19.3199 0.373306 1.58181 0.00373827 0.00209469 -0.00545967
173.518 19.3297 0.372627 1.58135 0.00360548 0.00208805 -0.00542404
173.539 19.3393 0.371937 1.58089 0.00347902 0.00200404 -0.00538762
173.558 19.3489 0.371235 1.58045 0.0033586 0.00203515 -0.00534644
173.578 19.3583 0.370524 1.58002 0.00322602 0.00205448 -0.00530309
173.6 19.3676 0.369802 1.57961 0.00311257 0.00205331 -0.00525714
173.62 19.3768 0.369071 1.5792 0.00300338 0.00196691 -0.00520856
173.639 19.3859 0.368331 1.57882 0.00289348 0.00197831 -0.00515892
173.659 19.3948 0.367582 1.57845 0.0027863 0.00189982 -0.00510907
173.68 19.4036 0.366826 1.57809 0.00266721 0.00190088 -0.00505637
173.7 19.4122 0.366062 1.57776 0.0025321 0.00187627 -0.00500063
173.72 19.4207 0.365291 1.57744 0.00240581 0.00176762 -0.00494477
173.74 19.4291 0.364514 1.57713 0.00228135 0.00179956 -0.0048875
173.76 19.4372 0.363731 1.57685 0.00216124 0.00178308 -0.00483077
173.78 19.4452 0.362943 1.57658 0.00203627 0.00165695 -0.00477486
173.804 19.4531 0.36215 1.57633 0.00190919 0.00165851 -0.0047163
173.823 19.4608 0.361353 1.5761 0.00178996 0.00163547 -0.00465762
173.845 19.4683 0.360552 1.57589 0.00166421 0.00160963 -0.00460175
173.864 19.4756 0.359748 1.5757 0.00154386 0.00145611 -0.00454304
173.884 19.4827 0.358941 1.57554 0.00142688 0.00136926 -0.00448322
173.904 19.4896 0.358132 1.57541 0.00131579 0.00131601 -0.00442058
173.924 19.4964 0.357321 1.5753 0.00120816 0.00122525 -0.0043599
173.946 19.5029 0.356508 1.57522 0.00110945 0.0011145 -0.0043016
173.965 19.5093 0.355695 1.57517 0.00102446 0.00100064 -0.00424617
173.984 19.5155 0.35488 1.57514 0.000950982 0.000889335 -0.00418355
174.007 19.5215 0.354065 1.57514 0.000880056 0.000772242 -0.00411996
174.026 19.5273 0.35325 1.57516 0.000815505 0.000650424 -0.00405757
174.046 19.533 0.352436 1.57521 0.000759925 0.000525077 -0.00399505
174.066 19.5384 0.351621 1.57529 0.000712699 0.000406288 -0.00392964
174.086 19.5437 0.350807 1.57539 0.000663923 0.000363829 -0.00386724
174.106 19.5487 0.349993 1.57552 0.000607193 0.000130137 -0.00380671
174.126 19.5536 0.349181 1.57567 0.000541345 -4.75377e-06 -0.0037442
174.149 19.5583 0.348369 1.57586 0.000464918 -6.91393e-05 -0.00368573
174.17 19.5628 0.347559 1.57608 0.000382481 -0.00018996 -0.0036274
174.189 19.5672 0.346751 1.57633 0.000292996 -0.000340727 -0.00357083
174.209 19.5713 0.345946 1.5766 0.000187436 -0.000463177 -0.00351463
174.229 19.5753 0.345142 1.5769 8.46292e-05 -0.000654336 -0.00346002
174.252 19.579 0.344342 1.57723 -1.08156e-05 -0.000708372 -0.00340706
174.272 19.5827 0.343544 1.57757 -0.000112656 -0.000739429 -0.0033543
174.29 19.5861 0.34275 1.57794 -0.000217842 -0.000903354 -0.00330249
174.312 19.5893 0.341961 1.57833 -0.000323924 -0.000942911 -0.00325201
174.331 19.5924 0.341175 1.57873 -0.000434531 -0.000916662 -0.0032018
174.352 19.5953 0.340395 1.57915 -0.000547704 -0.00101727 -0.003154
174.371 19.5981 0.339619 1.57958 -0.000657551 -0.00100197 -0.00310905
174.391 19.6007 0.338849 1.58002 -0.000756888 -0.0009546 -0.00306273
174.414 19.6032 0.338085 1.58046 -0.000848457 -0.00103908 -0.00301716
174.432 19.6055 0.337327 1.58091 -0.000945288 -0.000991331 -0.0029736
174.453 19.6076 0.336576 1.58136 -0.00105086 -0.000952123 -0.0029336
174.474 19.6096 0.335832 1.58181 -0.00115653 -0.00104533 -0.00289348
174.493 19.6115 0.335095 1.58225 -0.00124894 -0.000994683 -0.00285464
174.513 19.6132 0.334365 1.5827 -0.00132626 -0.000978458 -0.00281838
174.534 19.6148 0.333644 1.58313 -0.0013993 -0.00108257 -0.00278468
174.555 19.6162 0.33293 1.58357 -0.00147262 -0.00103327 -0.00275453
174.574 19.6176 0.332226 1.584 -0.00155521 -0.00102225 -0.00272301
174.593 19.6188 0.331529 1.58442 -0.00163496 -0.00114016 -0.00269077
174.618 19.6199 0.330842 1.58484 -0.00171328 -0.00110836 -0.00266338
174.636 19.6208 0.330164 1.58525 -0.00178996 -0.00110998 -0.00263507
174.657 19.6217 0.329496 1.58566 -0.00186641 -0.00122852 -0.0026094
174.676 19.6224 0.328837 1.58607 -0.00195124 -0.00120101 -0.00258598
174.696 19.623 0.328188 1.58646 -0.0020283 -0.001311 -0.00256219
174.718 19.6235 0.32755 1.58686 -0.00211061 -0.00133793 -0.00253903
174.736 19.6239 0.326922 1.58724 -0.00219057 -0.00131096 -0.00251503
174.756 19.6242 0.326305 1.58762 -0.0022519 -0.00141846 -0.00249403
174.777 19.6244 0.325699 1.58798 -0.00231553 -0.0014251 -0.0024745
174.797 19.6245 0.325104 1.58833 -0.0023728 -0.00141093 -0.00245649
174.818 19.6245 0.32452 1.58867 -0.0024264 -0.00145043 -0.00243854
174.837 19.6244 0.323949 1.58899 -0.00247848 -0.00157618 -0.00242053
174.86 19.6243 0.323389 1.5893 -0.00253786 -0.00155044 -0.00240237
174.878 19.624 0.32284 1.58959 -0.00259643 -0.00157417 -0.00238614
174.898 19.6237 0.322304 1.58986 -0.00264887 -0.00170722 -0.00237174
174.921 19.6232 0.32178 1.59012 -0.00269939 -0.00168093 -0.00235706
174.941 19.6227 0.321269 1.59036 -0.00274477 -0.00177779 -0.00234238
174.96 19.6222 0.32077 1.59058 -0.00279416 -0.00180172 -0.00233108
174.98 19.6215 0.320284 1.59079 -0.00284084 -0.00177186 -0.00231842
175.002 19.6208 0.31981 1.59098 -0.00287325 -0.00178412 -0.00230435
175.023 19.62 0.319349 1.59114 -0.00291271 -0.00191309 -0.00229253
175.042 19.6192 0.318902 1.59129 -0.00294823 -0.00190034 -0.00228366
175.063 19.6182 0.318467 1.59143 -0.00298471 -0.00189996 -0.00227391
175.083 19.6173 0.318046 1.59155 -0.00301924 -0.0020299 -0.00226518
175.103 19.6162 0.317638 1.59166 -0.0030515 -0.00202723 -0.00225704
175.123 19.6151 0.317243 1.59175 -0.00309523 -0.0023277 -0.00224741
175.143 19.614 0.316862 1.59184 -0.00311754 -0.00219136 -0.00223868
175.164 19.6129 0.316494 1.59192 -0.00311914 -0.00203119 -0.00223017
175.183 19.6117 0.316139 1.59201 -0.00310104 -0.00209936 -0.00222261
175.204 19.6105 0.315798 1.59208 -0.00307992 -0.00218797 -0.00221436
175.224 19.6093 0.315469 1.59214 -0.00305947 -0.00220848 -0.00220638
175.244 19.608 0.315154 1.59219 -0.00304525 -0.00229146 -0.00219871
175.269 19.6068 0.314852 1.59222 -0.00302707 -0.0022567 -0.00219287
175.286 19.6055 0.314563 1.59225 -0.00300422 -0.00220161 -0.00218898
175.305 19.6042 0.314286 1.59226 -0.00297368 -0.0021871 -0.0021862
175.326 19.6029 0.314022 1.59226 -0.00293224 -0.00223947 -0.00218231
175.347 19.6016 0.31377 1.59225 -0.00288102 -0.00244942 -0.00218192
175.369 19.6003 0.31353 1.59223 -0.00284944 -0.00202388 -0.00219608
175.388 19.599 0.313302 1.59222 -0.00277086 -0.00195327 -0.00221105
175.408 19.5977 0.313085 1.5922 -0.00255005 -0.00195887 -0.00222874
175.428 19.5965 0.312877 1.59219 -0.00213 -0.00197892 -0.00224783
175.449 19.5952 0.312677 1.59216 -0.00151319 -0.00184564 -0.00226733
175.471 19.5939 0.312482 1.59213 -0.000700205 -0.0017158 -0.0022897
175.489 19.5926 0.312289 1.5921 0.000305029 -0.00171364 -0.00230996
175.509 19.5913 0.312095 1.59207 0.00148106 -0.00164353 -0.00232984
175.532 19.5899 0.311895 1.59204 0.00279738 -0.00144699 -0.00235081
175.552 19.5886 0.311684 1.59201 0.0042077 -0.00138685 -0.00236739
175.572 19.5872 0.311456 1.59199 0.0056884 -0.00132651 -0.00238771
175.59 19.5858 0.311207 1.59197 0.00721383 -0.00114909 -0.00240834
175.611 19.5844 0.310929 1.59196 0.00876829 -0.00108497 -0.00242911
175.631 19.583 0.310619 1.59196 0.010328 -0.000905379 -0.00244847
175.652 19.5815 0.310268 1.59196 0.0119009 -0.000865921 -0.00246916
175.674 19.58 0.309872 1.59198 0.0134515 -0.000698161 -0.00248915
175.693 19.5784 0.309425 1.592 0.015 -0.000608226 -0.0025105
175.713 19.5768 0.30892 1.59203 0.016536 -0.000590226 -0.00253275
175.735 19.5752 0.308352 1.59207 0.018069 -0.000404916 -0.00254997
175.755 19.5735 0.307715 1.59211 0.0195871 -0.000271652 -0.0025678
175.775 19.5717 0.307003 1.59215 0.021083 -0.000270856 -0.00258671
175.793 19.5699 0.306212 1.5922 0.0225717 -0.000116243 -0.00260334
175.813 19.5681 0.305334 1.59224 0.0241188 -9.33582e-05 -0.00262283
175.835 19.5662 0.304364 1.59229 0.0256643 -4.2423e-05 -0.00264129
175.854 19.5642 0.303298 1.59233 0.0271494 0.000143334 -0.00265669
175.877 19.5621 0.302129 1.59237 0.0286805 0.000146749 -0.00267575
175.895 19.56 0.300851 1.59241 0.0301989 0.000192889 -0.00269364
175.915 19.5578 0.29946 1.59244 0.0316979 0.000326265 -0.00270911
175.937 19.5555 0.297949 1.59246 0.0332445 0.000296439 -0.00272711
175.957 19.5531 0.296313 1.59247 0.0348159 0.000308843 -0.00274383
175.979 19.5507 0.294546 1.59248 0.036352 0.000505848 -0.00275331
175.997 19.5481 0.292644 1.59247 0.0378632 0.000476428 -0.00276903
176.018 19.5454 0.290599 1.59245 0.0394251 0.000470387 -0.00278485
176.039 19.5427 0.288407 1.59243 0.0410116 0.000647211 -0.00279297
176.057 19.5398 0.286063 1.59239 0.0425907 0.000615515 -0.00280954
176.077 19.5368 0.283559 1.59235 0.0441928 0.000626244 -0.00282319
176.098 19.5338 0.280891 1.59229 0.0457752 0.000704525 -0.00283627
176.118 19.5305 0.278053 1.59222 0.0472803 0.000767372 -0.00285086
176.141 19.5272 0.27504 1.59214 0.0488195 0.000703559 -0.00286723
176.159 19.5238 0.271843 1.59207 0.0508248 0.00236373 -0.00278676
176.18 19.52 0.268448 1.59204 0.0539244 0.000693326 -0.00281514
176.202 19.516 0.264838 1.5921 0.0586972 0.000528768 -0.00272545
176.221 19.5118 0.261002 1.59222 0.0640832 0.00110588 -0.00259559
176.242 19.5073 0.256928 1.59237 0.0692553 0.00131299 -0.00250695
176.26 19.5027 0.2526 1.59252 0.0736465 0.00113348 -0.00247417
176.284 19.4979 0.248004 1.59265 0.0770948 0.00122046 -0.00244645
176.302 19.4929 0.24313 1.59276 0.0794457 0.00132689 -0.00244193
176.321 19.4878 0.237969 1.59283 0.0806118 0.00116972 -0.00247974
176.342 19.4825 0.232518 1.59288 0.0807396 0.00110474 -0.00252587
176.362 19.4771 0.226776 1.59289 0.079858 0.00100227 -0.00258929
176.383 19.4716 0.220749 1.59288 0.0779461 0.000889208 -0.00266459
176.403 19.466 0.214442 1.59284 0.0753309 0.000746796 -0.00274353
176.422 19.4603 0.207866 1.59279 0.0720534 0.000686515 -0.00281875
176.445 19.4545 0.201033 1.59271 0.0682572 0.000584827 -0.00289428
176.463 19.4487 0.193958 1.59262 0.0641839 0.00023566 -0.00298686
176.487 19.4427 0.186658 1.59252 0.059765 0.000164225 -0.00305704
176.504 19.4368 0.179149 1.5924 0.0551928 9.26195e-05 -0.00312036
176.524 19.4308 0.17145 1.59228 0.0505287 -0.00023793 -0.00319771
176.546 19.4247 0.163579 1.59214 0.0457463 -0.000201366 -0.00325234
176.564 19.4187 0.155555 1.592 0.0410431 -0.000484693 -0.0033177
176.586 19.4126 0.147397 1.59186 0.036373 -0.000651742 -0.00336585
176.606 19.4066 0.139122 1.5917 0.0317631 -0.000678766 -0.0034012
176.625 19.4006 0.13075 1.59154 0.0273014 -0.000911395 -0.00344173
176.645 19.3945 0.122297 1.59137 0.0229432 -0.000986934 -0.00347353
176.665 19.3886 0.113782 1.59119 0.0186819 -0.00122982 -0.00350281
176.686 19.3826 0.10522 1.591 0.0146232 -0.00138021 -0.00352308
176.706 19.3767 0.096629 1.59081 0.010608 -0.00141047 -0.00354191
176.726 19.3709 0.0880235 1.59061 0.00666732 -0.00147727 -0.0035542
176.749 19.3652 0.0794197 1.5904 0.00273683 -0.00162004 -0.00356427
176.768 19.3596 0.0708328 1.59018 -0.00116206 -0.00164559 -0.00356755
176.789 19.354 0.062278 1.58994 -0.00502833 -0.00182314 -0.00356589
176.808 19.3486 0.0537703 1.5897 -0.00889989 -0.00186811 -0.00356093
176.828 19.3433 0.0453247 1.58945 -0.0127789 -0.00187767 -0.00355125
176.849 19.3381 0.0369557 1.58919 -0.016589 -0.00215546 -0.00353632
176.869 19.3331 0.0286787 1.58892 -0.0204572 -0.00199919 -0.00352227
176.893 19.3282 0.0205082 1.58864 -0.024349 -0.00211499 -0.00349865
176.909 19.3234 0.0124589 1.58835 -0.0282276 -0.00217788 -0.00347509
176.929 19.3188 0.00454531 1.58805 -0.0320558 -0.00237232 -0.00344427
176.95 19.3144 -0.00321822 1.58775 -0.0358346 -0.00239724 -0.00341097
176.971 19.3102 -0.0108168 1.58743 -0.0396594 -0.0023821 -0.00337573
176.992 19.3063 -0.0182358 1.58711 -0.0435565 -0.00229814 -0.00333549
177.01 19.3025 -0.0254613 1.58678 -0.0473883 -0.00232954 -0.00328888
177.032 19.2989 -0.03248 1.58644 -0.0509885 -0.00227405 -0.0032503
177.052 19.2955 -0.0392793 1.5861 -0.0541702 -0.00229431 -0.00321317
177.073 19.2923 -0.0458482 1.58575 -0.0568544 -0.00218577 -0.00319479
177.091 19.2893 -0.0521773 1.58539 -0.0590008 -0.00214495 -0.00318038
177.112 19.2865 -0.0582591 1.58502 -0.0606254 -0.00208606 -0.00317395
177.133 19.2839 -0.0640879 1.58464 -0.0617667 -0.00186951 -0.00317819
177.153 19.2814 -0.0696598 1.58424 -0.0624678 -0.00173812 -0.0031777
177.172 19.2791 -0.0749725 1.58383 -0.0627625 -0.0008979 -0.00321997
177.195 19.277 -0.0800271 1.58342 -0.0623208 -0.00124596 -0.00319066
177.213 19.2749 -0.0848277 1.58302 -0.0607627 -0.00132363 -0.00318793
177.233 19.273 -0.0893795 1.58262 -0.0584522 -0.000844469 -0.00321792
177.255 19.2712 -0.0936908 1.58222 -0.0558016 -0.000524894 -0.00323217
177.276 19.2695 -0.0977717 1.5818 -0.0530325 -0.000236747 -0.00323248
177.298 19.2679 -0.101633 1.58136 -0.0502611 2.17577e-05 -0.00321983
177.314 19.2665 -0.105287 1.58091 -0.0475475 0.000217572 -0.00319379
177.335 19.2651 -0.108743 1.58044 -0.0449465 0.000445444 -0.00316135
177.359 19.2638 -0.112013 1.57995 -0.0424752 0.000542621 -0.00311121
177.375 19.2627 -0.115106 1.57946 -0.0401486 0.000769129 -0.00305749
177.397 19.2616 -0.118031 1.57895 -0.0379801 0.000890531 -0.00299084
177.416 19.2606 -0.120798 1.57845 -0.0359938 0.000928365 -0.00291295
177.436 19.2597 -0.123415 1.57793 -0.0341457 0.00106758 -0.00282998
177.458 19.2588 -0.12589 1.57741 -0.0323847 0.00109946 -0.0027366
177.477 19.258 -0.12823 1.57689 -0.0307369 0.00116383 -0.00263734
177.5 19.2573 -0.130442 1.57637 -0.0291701 0.00112872 -0.00253403
177.518 19.2566 -0.132532 1.57585 -0.0276511 0.00117692 -0.00242744
177.538 19.256 -0.134508 1.57533 -0.0262016 0.00125519 -0.00231878
177.56 19.2554 -0.136375 1.57481 -0.0247501 0.00116131 -0.00220091
177.579 19.2549 -0.138138 1.57429 -0.0233741 0.0010847 -0.00208103
177.602 19.2544 -0.139803 1.57379 -0.0221399 0.00113736 -0.00196132
177.619 19.254 -0.141376 1.57329 -0.0210819 0.00113749 -0.00183788
177.639 19.2535 -0.14286 1.57281 -0.0201872 0.00113224 -0.00171524
177.66 19.2532 -0.144259 1.57233 -0.0194499 0.00115856 -0.0015853
177.682 19.2528 -0.145576 1.57187 -0.0188681 0.00114706 -0.0014538
177.704 19.2526 -0.146814 1.57143 -0.0184273 0.00115469 -0.00132105
177.723 19.2523 -0.147975 1.571 -0.0181014 0.00115549 -0.00119097
177.743 19.2521 -0.149061 1.57059 -0.0178417 0.00122213 -0.00106045
177.763 19.2519 -0.150072 1.5702 -0.0177081 0.00119053 -0.000933428
177.783 19.2518 -0.151011 1.56983 -0.0176148 0.00114564 -0.000806545
177.808 19.2517 -0.151877 1.56948 -0.0175272 0.00112773 -0.000680075
177.823 19.2516 -0.15267 1.56915 -0.0174606 0.00127724 -0.000589167
177.843 19.2516 -0.153394 1.56885 -0.0171817 0.0010727 -0.000535963
177.865 19.2515 -0.154048 1.5686 -0.0168061 0.00102634 -0.000490379
177.884 19.2515 -0.154633 1.56838 -0.0163935 0.00110001 -0.000454522
177.904 19.2515 -0.155152 1.56819 -0.0159711 0.00111741 -0.000421265
177.924 19.2515 -0.155606 1.56803 -0.0155416 0.00112576 -0.000392412
177.944 19.2515 -0.155998 1.5679 -0.0151208 0.0011263 -0.000363296
177.965 19.2515 -0.156329 1.56779 -0.0147162 0.00110295 -0.000337509
177.985 19.2516 -0.1566 1.5677 -0.0143219 0.00110556 -0.000322772
178.007 19.2517 -0.156815 1.56762 -0.0139459 0.00108993 -0.00031548
178.026 19.2518 -0.156974 1.56756 -0.0135931 0.00108221 -0.000306054
178.046 19.2519 -0.157079 1.56751 -0.0132558 0.00110156 -0.000300057
178.068 19.252 -0.157131 1.56747 -0.0129276 0.0010741 -0.000295433
178.089 19.2521 -0.157133 1.56745 -0.0126131 0.00105916 -0.000294286
178.108 19.2523 -0.157084 1.56743 -0.0123217 0.00105495 -0.000296967
178.128 19.2524 -0.156988 1.56743 -0.012053 0.00099496 -0.000301571
178.148 19.2526 -0.156844 1.56745 -0.011794 0.00102495 -0.000309214
178.174 19.2528 -0.156654 1.56748 -0.0115737 0.000944511 -0.000316666
178.189 19.253 -0.15642 1.56752 -0.0113166 0.000977743 -0.00032251
178.21 19.2532 -0.156143 1.56758 -0.0109324 0.000934862 -0.000306215
178.23 19.2534 -0.155826 1.56763 -0.0101822 0.000860957 -0.000284248
178.25 19.2536 -0.155472 1.56768 -0.00916942 0.00083245 -0.000262204
178.273 19.2538 -0.155084 1.56773 -0.00806911 0.000866439 -0.000239489
178.293 19.2539 -0.154666 1.56778 -0.00697639 0.000808838 -0.000217284
178.313 19.2541 -0.154221 1.56782 -0.00592447 0.000792953 -0.000196462
178.334 19.2543 -0.153755 1.56787 -0.00494109 0.00080447 -0.000176009
178.501 19.2545 -0.15327 1.56792 -0.00401634 0.000803887 -0.00015685
178.523 19.2547 -0.152771 1.56796 -0.00323782 0.000752678 -0.000138318
178.542 19.2548 -0.15226 1.56802 -0.00253504 0.000703658 -0.000120261
178.563 19.255 -0.15174 1.56807 -0.00188971 0.000661542 -0.000102395
178.583 19.2552 -0.151214 1.56812 -0.00131629 0.000678009 -8.56444e-05
178.604 19.2553 -0.150685 1.56818 -0.000826743 0.000643629 -6.78189e-05
178.624 19.2554 -0.150153 1.56824 -0.000395839 0.000591567 -5.15041e-05
178.643 19.2555 -0.149622 1.5683 -1.33574e-05 0.000555306 -3.49312e-05
178.663 19.2556 -0.149092 1.56835 0.000329584 0.000506571 -1.96101e-05
178.683 19.2557 -0.148564 1.56841 0.000638136 0.000497697 -5.6522e-06
178.703 19.2558 -0.148041 1.56846 0.000918236 0.000490448 8.41149e-06
178.724 19.2559 -0.147523 1.5685 0.0011655 0.000438406 2.1079e-05
178.744 19.256 -0.147011 1.56854 0.00138708 0.00038419 3.23723e-05
178.769 19.256 -0.146505 1.56856 0.00158303 0.00032402 4.54357e-05
178.785 19.2561 -0.146008 1.56857 0.00175992 0.00027099 5.95975e-05
178.805 19.2561 -0.145519 1.56856 0.00192981 0.000248828 7.09513e-05
178.828 19.2561 -0.145039 1.56854 0.00210359 0.000234888 8.07366e-05
178.846 19.2562 -0.144569 1.5685 0.00228979 0.000227812 8.6039e-05
178.869 19.2562 -0.144109 1.56844 0.00247907 0.000228249 9.05113e-05
178.887 19.2562 -0.143661 1.56835 0.00265518 0.000183773 9.5182e-05
178.907 19.2561 -0.143224 1.56825 0.00281214 0.000160581 0.000103014
178.927 19.2561 -0.142799 1.56814 0.00295962 0.000166584 0.000110261
178.947 19.2561 -0.142388 1.568 0.00310307 0.000155631 0.000114348
178.967 19.256 -0.141989 1.56785 0.00323529 0.000146132 0.000117752
178.987 19.256 -0.141605 1.56768 0.00335195 0.000130856 0.000117771
179.007 19.2559 -0.141235 1.56751 0.00346295 0.000121859 0.000117798
179.029 19.2558 -0.140879 1.56732 0.00358369 0.000127754 0.000120183
179.047 19.2557 -0.140539 1.56712 0.00371695 0.000103635 0.000122874
179.07 19.2556 -0.140215 1.56691 0.0038562 7.2769e-05 0.000126986
179.088 19.2555 -0.139906 1.56669 0.00400255 5.77682e-05 0.000124264
179.109 19.2554 -0.139614 1.56646 0.00415873 3.67664e-05 0.000123846
179.129 19.2552 -0.13934 1.56622 0.00433076 1.51157e-05 0.00011798
179.149 19.2551 -0.139083 1.56598 0.00450387 6.7775e-06 0.000111661
179.172 19.2549 -0.138845 1.56573 0.00466367 -1.78504e-05 0.000111605
179.189 19.2548 -0.138626 1.56548 0.00480617 -4.63853e-05 0.000110402
179.21 19.2546 -0.138426 1.56523 0.00493547 -6.26339e-05 0.000103124
179.231 19.2544 -0.138246 1.56498 0.00505429 -7.6704e-05 9.83025e-05
179.251 19.2542 -0.138086 1.56473 0.00515454 -9.47408e-05 9.16207e-05
179.27 19.254 -0.137947 1.56447 0.00524335 -0.000106748 8.70073e-05
179.293 19.2537 -0.137829 1.56421 0.00531648 -0.000113708 8.28517e-05
179.311 19.2535 -0.137732 1.56396 0.00537428 -0.000133065 7.58622e-05
179.332 19.2533 -0.137656 1.5637 0.00543542 -0.000130281 6.60701e-05
179.353 19.253 -0.137602 1.56344 0.00549884 -0.000208577 5.95255e-05
179.374 19.2527 -0.13757 1.5632 0.00556899 -0.000190866 5.89437e-05
179.392 19.2525 -0.137559 1.56298 0.00554324 -0.000143062 6.46206e-05
179.412 19.2522 -0.137569 1.56279 0.00543145 -0.000169885 7.15332e-05
179.434 19.2519 -0.137601 1.56263 0.00528862 -0.000213556 7.4878e-05
179.453 19.2516 -0.137654 1.5625 0.00514938 -0.000252596 7.71799e-05
179.474 19.2513 -0.137727 1.56241 0.00503143 -0.000287617 8.39612e-05
179.493 19.251 -0.137819 1.56235 0.00493593 -0.000319268 8.82711e-05
179.514 19.2508 -0.137931 1.56233 0.0048618 -0.000339364 9.60614e-05
179.537 19.2505 -0.138062 1.56234 0.00478496 -0.000345079 0.000104227
179.556 19.2502 -0.138211 1.5624 0.00471225 -0.000367432 0.000111172
179.577 19.2498 -0.138378 1.56248 0.00464391 -0.000371701 0.000117877
179.596 19.2495 -0.138563 1.56261 0.00457564 -0.000353183 0.000124152
179.616 19.2492 -0.138766 1.56276 0.0045117 -0.000354425 0.000129721
179.638 19.2489 -0.138986 1.56295 0.00444843 -0.000356939 0.000134097
179.658 19.2486 -0.139223 1.56317 0.00437536 -0.000359617 0.000137944
179.678 19.2482 -0.139476 1.56341 0.00428329 -0.000367121 0.000141944
179.697 19.2479 -0.139744 1.56368 0.00417584 -0.000369029 0.000146711
179.718 19.2476 -0.140029 1.56398 0.00407242 -0.000368834 0.00015101
179.738 19.2472 -0.140329 1.5643 0.0039913 -0.000369652 0.000155308
179.758 19.2469 -0.140643 1.56464 0.00393145 -0.000370116 0.000157465
179.78 19.2465 -0.140972 1.565 0.00387122 -0.000374685 0.000159813
179.799 19.2462 -0.141316 1.56537 0.00379696 -0.000384216 0.000163007
179.819 19.2458 -0.141672 1.56576 0.00368748 -0.000469969 0.000166756
179.84 19.2455 -0.142043 1.56616 0.00360884 -0.000333541 0.00016883
179.858 19.2451 -0.142426 1.56657 0.00350235 -0.000384154 0.000171686
179.881 19.2448 -0.142822 1.567 0.00346106 -0.000409811 0.000173881
179.899 19.2444 -0.14323 1.56743 0.00340519 -0.000365978 0.000176599
179.919 19.2441 -0.14365 1.56787 0.0033175 -0.000339495 0.000178982
179.942 19.2437 -0.144081 1.5683 0.00322656 -0.000350863 0.000182025
179.962 19.2434 -0.144524 1.56873 0.00313355 -0.000356572 0.000184688
179.985 19.2431 -0.144978 1.56916 0.00303589 -0.00033892 0.000187554
180.002 19.2428 -0.145442 1.56958 0.00295505 -0.000329979 0.000189594
180.022 19.2424 -0.145916 1.56999 0.0028885 -0.00031678 0.000191325
180.042 19.2421 -0.1464 1.57039 0.00282078 -0.000309536 0.000191599
180.062 19.2418 -0.146894 1.57079 0.00274371 -0.000287529 0.000190895
180.086 19.2415 -0.147396 1.57117 0.00266329 -0.00026112 0.00019094
180.103 19.2412 -0.147908 1.57155 0.00258779 -0.00026079 0.000191162
180.124 19.2409 -0.148427 1.57192 0.00250824 -0.000238945 0.000191027
180.146 19.2406 -0.148955 1.57228 0.00242486 -0.000218669 0.000190206
180.165 19.2403 -0.149491 1.57263 0.00234841 -0.000231937 0.000188489
180.186 19.24 -0.150034 1.57297 0.00226717 -0.000217499 0.00018747
180.205 19.2397 -0.150584 1.57331 0.00218364 -0.000196236 0.000186571
180.225 19.2394 -0.151141 1.57364 0.00210462 -0.000209995 0.000185503
180.246 19.2391 -0.151705 1.57396 0.00202018 -0.000199374 0.000184381
180.266 19.2388 -0.152274 1.57428 0.00192838 -0.000182713 0.00018312
180.287 19.2386 -0.152849 1.57459 0.0018385 -0.000194926 0.000181611
180.305 19.2383 -0.15343 1.57488 0.00175608 -0.000203061 0.000179925
180.326 19.238 -0.154015 1.57517 0.00167122 -0.000215283 0.000178074
180.348 19.2378 -0.154605 1.57545 0.00157358 -0.000239722 0.000175218
180.367 19.2375 -0.155199 1.57571 0.00147533 -0.000252919 0.000174183
180.389 19.2373 -0.155797 1.57596 0.0013777 -0.000262912 0.000171922
180.409 19.237 -0.156399 1.57621 0.00132231 -0.000284091 0.000166896
180.428 19.2368 -0.157004 1.57643 0.00133877 -0.000311566 0.000163674
180.448 19.2365 -0.157613 1.57665 0.00140308 -0.000308095 0.00015997
180.469 19.2363 -0.158226 1.57685 0.00147535 -0.000303045 0.000156236
180.491 19.2361 -0.158842 1.57704 0.00154282 -0.000300661 0.000152105
180.509 19.2358 -0.159463 1.57722 0.00161612 -0.000279732 0.000148174
180.529 19.2356 -0.160087 1.57738 0.00167623 -0.000270465 0.000144053
180.552 19.2354 -0.160716 1.57753 0.00171665 -0.000279538 0.000140875
180.571 19.2352 -0.16135 1.57766 0.00174154 -0.000300734 0.000137201
180.594 19.2349 -0.161988 1.57778 0.00175583 -0.00032077 0.000135049
180.612 19.2347 -0.162631 1.57789 0.00174448 -0.000345061 0.000130197
180.632 19.2345 -0.163279 1.57798 0.0017083 -0.000355557 0.000128057
180.655 19.2343 -0.163931 1.57805 0.00165647 -0.000363565 0.000124255
180.674 19.2341 -0.164587 1.5781 0.00158964 -0.000379005 0.000118897
180.695 19.2339 -0.165247 1.57815 0.00151426 -0.000381638 0.000116912
180.713 19.2337 -0.165911 1.57817 0.0014255 -0.000388327 0.000112742
180.733 19.2335 -0.166579 1.57818 0.00133032 -0.000392871 0.000110106
180.756 19.2333 -0.167249 1.57818 0.00123112 -0.000389883 0.000107363
180.774 19.2331 -0.167922 1.57816 0.00111837 -0.000398362 0.000103262
180.796 19.233 -0.168597 1.57813 0.00101126 -0.000467844 9.8668e-05
180.815 19.2328 -0.169274 1.57809 0.000934105 -0.000311695 9.53559e-05
180.835 19.2326 -0.169953 1.57804 0.00082298 -0.000282595 9.12539e-05
180.855 19.2324 -0.170632 1.578 0.000712252 -0.000296237 8.64804e-05
180.875 19.2323 -0.171312 1.57795 0.000613122 -0.000258234 8.25504e-05
180.897 19.2321 -0.171993 1.57789 0.000530024 -0.00019638 7.83004e-05
180.916 19.232 -0.172673 1.57784 0.000445043 -0.000132117 7.5017e-05
180.937 19.2318 -0.173353 1.57778 0.000371301 -0.000175626 7.03601e-05
180.958 19.2317 -0.174032 1.57772 0.000314939 -0.00017781 6.54839e-05
180.977 19.2315 -0.17471 1.57765 0.000267468 -0.000126712 6.32134e-05
180.997 19.2314 -0.175388 1.57759 0.000215981 -6.87343e-05 5.84588e-05
181.018 19.2313 -0.176063 1.57752 0.000151579 -0.000125622 5.31494e-05
181.038 19.2312 -0.176737 1.57745 9.57766e-05 -0.000142753 4.75392e-05
181.059 19.2311 -0.17741 1.57737 5.16482e-05 -0.000204074 4.46489e-05
181.079 19.2309 -0.17808 1.57729 1.4275e-05 -8.47204e-05 4.08838e-05
181.101 19.2308 -0.178749 1.5772 -2.93278e-05 -6.20346e-05 3.79251e-05
181.119 19.2307 -0.179415 1.57712 -7.55796e-05 -0.000113078 3.23796e-05
181.14 19.2306 -0.180079 1.57703 -0.000120448 -0.00012154 2.74339e-05
181.161 19.2306 -0.18074 1.57694 -0.00016404 -0.000102366 2.36631e-05
181.181 19.2305 -0.181398 1.57685 -0.000209777 -0.000184821 1.9253e-05
181.201 19.2304 -0.182053 1.57676 -0.000250694 -4.82543e-05 1.60112e-05
181.221 19.2303 -0.182705 1.57667 -0.000285819 -7.49782e-05 1.17806e-05
181.241 19.2302 -0.183355 1.57658 -0.000327519 -0.000107178 7.91358e-06
181.261 19.2302 -0.184 1.57649 -0.000366483 -9.69099e-05 3.56364e-06
181.281 19.2301 -0.184642 1.57641 -0.000416992 -8.14012e-05 -1.38594e-06
181.303 19.2301 -0.18528 1.57632 -0.000478851 -6.62371e-05 -5.77608e-06
181.322 19.23 -0.185915 1.57623 -0.000532071 -2.40615e-05 -9.12665e-06
181.343 19.23 -0.186545 1.57615 -0.000575366 -7.37325e-06 -1.2736e-05
181.363 19.2299 -0.187171 1.57607 -0.000607788 -1.42067e-05 -1.86329e-05
181.383 19.2299 -0.187793 1.57599 -0.00062746 -1.43637e-05 -2.34742e-05
181.407 19.2298 -0.188411 1.57593 -0.000613497 -2.30594e-05 -2.75233e-05
181.424 19.2298 -0.189025 1.57586 -0.000457458 -4.15414e-05 -3.20257e-05
181.443 19.2298 -0.189636 1.57581 -0.000128178 -5.71272e-05 -3.71238e-05
181.467 19.2297 -0.190245 1.57577 0.00029264 -5.46004e-05 -4.25163e-05
181.485 19.2297 -0.190854 1.57575 0.000733859 -4.44565e-05 -4.87609e-05
181.507 19.2297 -0.191463 1.57574 0.00116093 -6.15983e-05 -5.49369e-05
181.525 19.2297 -0.192075 1.57574 0.00155821 -7.26572e-05 -6.12863e-05
181.546 19.2297 -0.192691 1.57575 0.00191917 -9.10607e-05 -6.73447e-05
181.566 19.2297 -0.193313 1.57578 0.00223056 -0.000102746 -7.27862e-05
181.585 19.2297 -0.19394 1.57582 0.00247921 -6.67898e-05 -7.63952e-05
181.61 19.2297 -0.194576 1.57588 0.00267724 -4.28172e-05 -7.9132e-05
181.626 19.2297 -0.195219 1.57595 0.00283647 -3.69192e-05 -8.32119e-05
181.646 19.2297 -0.195871 1.57603 0.00295143 -3.04884e-05 -8.56728e-05
181.666 19.2297 -0.196532 1.57612 0.00301063 -1.81802e-05 -8.9479e-05
181.687 19.2297 -0.197203 1.57623 0.00301966 2.22035e-06 -9.00998e-05
181.708 19.2297 -0.197883 1.57634 0.00300069 1.00704e-06 -9.07905e-05
181.727 19.2298 -0.198573 1.57646 0.00296489 -1.11675e-05 -9.43005e-05
181.748 19.2298 -0.199272 1.57658 0.00291064 -3.68426e-05 -9.84687e-05
181.771 19.2298 -0.19998 1.57671 0.0028389 -7.3869e-05 -0.000102351
181.79 19.2299 -0.200697 1.57683 0.00276116 -0.000104128 -0.000106817
181.809 19.2299 -0.201422 1.57694 0.00268223 -0.000121769 -0.000111634
181.829 19.2299 -0.202156 1.57706 0.00260695 -0.000116103 -0.000116681
181.85 19.23 -0.202897 1.57717 0.00253442 -9.26489e-05 -0.00011941
181.873 19.23 -0.203646 1.57728 0.00247179 -7.0418e-05 -0.000122885
181.891 19.2301 -0.204402 1.57739 0.0024284 -5.1324e-05 -0.000124879
181.913 19.2301 -0.205166 1.57749 0.00239774 -2.37486e-05 -0.00012742
181.931 19.2302 -0.205936 1.57759 0.00237548 1.99713e-07 -0.000127486
181.951 19.2303 -0.206713 1.57768 0.00235583 1.20774e-05 -0.000128596
181.975 19.2303 -0.207497 1.57777 0.00232981 2.00713e-05 -0.000131094
181.992 19.2304 -0.208288 1.57787 0.00229418 2.32515e-05 -0.000131878
182.015 19.2305 -0.209085 1.57796 0.00227923 2.17712e-05 -0.000134568
182.032 19.2306 -0.209888 1.57807 0.00229216 1.03525e-05 -0.000138682
182.053 19.2306 -0.210698 1.57817 0.00232008 3.29694e-06 -0.000140861
182.074 19.2307 -0.211515 1.57828 0.00234632 -4.81834e-06 -0.000142174
182.095 19.2308 -0.212338 1.5784 0.00236343 -1.63508e-05 -0.000143716
182.115 19.2309 -0.213167 1.57851 0.00237736 -1.9354e-05 -0.000146717
182.134 19.231 -0.214003 1.57863 0.00238473 -1.61072e-05 -0.000149536
182.155 19.2311 -0.214846 1.57875 0.00237808 -1.83179e-05 -0.000152727
182.176 19.2312 -0.215696 1.57887 0.00236517 -1.25175e-05 -0.000154744
182.195 19.2313 -0.216551 1.57899 0.00234474 -1.96963e-06 -0.000157493
182.219 19.2315 -0.217413 1.57912 0.00231405 1.01422e-05 -0.000161687
182.236 19.2316 -0.218282 1.57924 0.00228251 3.22976e-05 -0.000162724
182.256 19.2317 -0.219157 1.57936 0.00226273 5.04329e-05 -0.000164899
182.276 19.2318 -0.220037 1.57947 0.00224948 7.04403e-05 -0.00016748
182.296 19.2319 -0.220924 1.57959 0.00222672 8.56646e-05 -0.000168051
182.316 19.2321 -0.221816 1.57971 0.00221663 0.000106191 -0.000169876
182.339 19.2322 -0.222715 1.57983 0.00222045 0.00010505 -0.000172398
182.357 19.2324 -0.223619 1.57995 0.0022348 0.00010669 -0.000176365
182.38 19.2325 -0.224529 1.58008 0.00226349 0.000117744 -0.00018092
182.398 19.2326 -0.225446 1.58022 0.00232228 0.000115122 -0.000185911
182.419 19.2328 -0.226369 1.58036 0.0024102 0.000118506 -0.000188123
182.438 19.233 -0.227299 1.58052 0.00268271 0.000119739 -0.000191557
182.459 19.2331 -0.228238 1.58069 0.00324289 0.000109663 -0.000194269
182.484 19.2333 -0.229189 1.58087 0.00398542 0.000119136 -0.000199745
182.502 19.2334 -0.230152 1.58107 0.00477681 9.53704e-05 -0.000205914
182.525 19.2336 -0.231131 1.58129 0.00554948 9.99373e-05 -0.000209913
182.542 19.2338 -0.232129 1.58151 0.00626701 0.000126383 -0.000212265
182.562 19.234 -0.233147 1.58176 0.00690238 9.75346e-05 -0.000216286
182.583 19.2342 -0.234189 1.58201 0.00744843 0.000107498 -0.000219356
182.604 19.2343 -0.235256 1.58228 0.00788148 0.000125841 -0.00022243
182.626 19.2345 -0.23635 1.58256 0.00819669 0.000125086 -0.00022296
182.642 19.2347 -0.237472 1.58285 0.00841302 0.000157311 -0.000229617
182.662 19.2349 -0.238623 1.58316 0.008541 0.000155972 -0.00023159
182.683 19.2351 -0.239803 1.58348 0.00858636 0.000154872 -0.000234408
182.704 19.2353 -0.241013 1.58382 0.00856464 0.000176981 -0.000238027
182.725 19.2356 -0.242253 1.58417 0.00850192 0.000196621 -0.000242594
182.744 19.2358 -0.243521 1.58454 0.00840604 0.000204676 -0.000244354
182.764 19.236 -0.244818 1.58492 0.0082647 0.00020565 -0.000246316
182.784 19.2362 -0.246144 1.5853 0.00808518 0.000199744 -0.000246418
182.804 19.2364 -0.247496 1.58569 0.00788226 0.000186503 -0.000247937
182.826 19.2367 -0.248875 1.58607 0.00767804 0.000168768 -0.000251403
182.844 19.2369 -0.25028 1.58645 0.00749406 0.000137591 -0.000254319
182.864 19.2372 -0.251709 1.58683 0.00732229 0.000113199 -0.000256335
182.886 19.2374 -0.253163 1.5872 0.00715055 0.000121175 -0.000258285
182.906 19.2376 -0.254639 1.58756 0.00698164 0.000124711 -0.00026347
182.926 19.2379 -0.256139 1.58791 0.00681755 0.000121252 -0.000268159
182.945 19.2382 -0.25766 1.58825 0.00666679 0.000141308 -0.000273626
182.966 19.2384 -0.259202 1.58857 0.00651305 0.000157546 -0.000276067
182.987 19.2387 -0.260765 1.58888 0.00636662 0.000169904 -0.000276697
183.006 19.2389 -0.262347 1.58917 0.0062385 0.00017984 -0.000280168
183.028 19.2392 -0.263949 1.58945 0.00613498 0.000180929 -0.000281464
183.046 19.2395 -0.26557 1.5897 0.00604339 0.000269039 -0.00028364
183.068 19.2398 -0.26721 1.58994 0.00596433 0.000169034 -0.00028741
183.092 19.24 -0.268867 1.59017 0.00588233 0.000156862 -0.000292347
183.109 19.2403 -0.270542 1.59038 0.00579688 0.0002956 -0.00029624
183.131 19.2406 -0.272234 1.59057 0.00570754 0.00017483 -0.000301166
183.151 19.2409 -0.273942 1.59075 0.00562327 0.000275911 -0.000306514
183.17 19.2411 -0.275668 1.59091 0.00555218 0.000147213 -0.000310764
183.191 19.2414 -0.277409 1.59104 0.00549324 0.000255045 -0.000315999
183.211 19.2417 -0.279166 1.59115 0.00545247 0.000149372 -0.000320337
183.233 19.242 -0.280939 1.59124 0.00541941 0.000265797 -0.00032298
183.252 19.2423 -0.282728 1.59131 0.00539462 0.000153232 -0.000328605
183.272 19.2426 -0.284531 1.59136 0.00536786 0.000286131 -0.000331506
183.293 19.2428 -0.28635 1.59138 0.00533539 0.000205843 -0.000337121
183.312 19.2431 -0.288184 1.59138 0.0052812 0.000177423 -0.000342796
183.333 19.2434 -0.290032 1.59137 0.00524124 0.000309948 -0.000346075
183.353 19.2437 -0.291895 1.59133 0.00521217 0.000175406 -0.000352021
183.372 19.244 -0.293772 1.59128 0.00519554 0.000266768 -0.000358351
183.394 19.2442 -0.295663 1.59121 0.00515059 0.00028335 -0.000362771
183.413 19.2445 -0.297569 1.59112 0.00514288 0.000255792 -0.000366748
183.438 19.2448 -0.299488 1.59101 0.00509885 0.000306321 -0.000370867
183.455 19.2451 -0.301422 1.59088 0.00524374 0.000278068 -0.000376305
183.475 19.2453 -0.303373 1.59074 0.00585207 0.000182446 -0.000381193
183.498 19.2456 -0.305343 1.59059 0.00685425 0.000305069 -0.000384644
183.519 19.2459 -0.307334 1.59041 0.00796859 0.000326571 -0.000387531
183.537 19.2461 -0.30935 1.59023 0.00902431 0.000161726 -0.000395761
183.559 19.2464 -0.311394 1.59003 0.0100314 0.00025856 -0.00039944
183.578 19.2467 -0.31347 1.58981 0.0109611 0.000264175 -0.000404696
183.599 19.2469 -0.315582 1.58959 0.0117103 0.000103068 -0.00041185
183.618 19.2472 -0.317731 1.58936 0.0123181 0.000234426 -0.00041583
183.638 19.2474 -0.319921 1.58912 0.0127888 0.000227572 -0.000422484
183.658 19.2477 -0.322153 1.58888 0.0130841 9.5944e-05 -0.000430539
183.679 19.2479 -0.324428 1.58864 0.0131921 0.000236247 -0.000432392
183.699 19.2482 -0.326747 1.58839 0.0132153 0.00026954 -0.000438233
183.72 19.2484 -0.329109 1.58814 0.0131241 0.00018355 -0.000441251
183.743 19.2487 -0.331514 1.58788 0.0129236 0.00024842 -0.000444825
183.76 19.2489 -0.333962 1.58762 0.0126496 0.000272541 -0.000448925
183.78 19.2492 -0.336451 1.58735 0.0122976 0.000270073 -0.000455132
183.804 19.2494 -0.338979 1.58709 0.011981 0.000300884 -0.000461116
183.824 19.2497 -0.341547 1.58683 0.0116258 0.000204053 -0.000467125
183.845 19.2499 -0.344152 1.58657 0.0112651 0.00034438 -0.000470712
183.864 19.2502 -0.346792 1.58632 0.0109225 0.000257898 -0.00047362
183.885 19.2504 -0.349467 1.58608 0.0106276 0.000234036 -0.000476454
183.906 19.2507 -0.352176 1.58584 0.0103305 0.000379009 -0.000479128
183.925 19.2509 -0.354916 1.58562 0.0100315 0.000270855 -0.000484515
183.948 19.2512 -0.357686 1.58541 0.00976692 0.000356101 -0.000483913
183.966 19.2514 -0.360486 1.58522 0.00951132 0.000255151 -0.0004868
183.986 19.2517 -0.363315 1.58503 0.00925812 0.000342246 -0.000491902
184.01 19.2519 -0.36617 1.58485 0.00897443 0.000346364 -0.000499448
184.029 19.2521 -0.369052 1.58467 0.00874271 0.000318825 -0.000507435
184.05 19.2524 -0.371958 1.58451 0.0084782 0.000384817 -0.000512911
184.07 19.2526 -0.374889 1.58435 0.00822195 0.000374772 -0.00051823
184.091 19.2529 -0.377842 1.58419 0.00804163 0.000399265 -0.000523073
184.11 19.2531 -0.380818 1.58404 0.00788595 0.000281813 -0.000527955
184.129 19.2534 -0.383815 1.5839 0.00773449 0.000413943 -0.000534335
184.149 19.2536 -0.386833 1.58375 0.00758912 0.00032961 -0.000538517
184.171 19.2537 -0.389389 1.58355 0.00729292 0.00040221 4.63904e-06
184.189 19.2534 -0.389381 1.58294 0.00637912 -0.000445675 0.000308414
184.212 19.2532 -0.389359 1.58251 0.0064508 0.00119488 0.000348867
184.232 19.2531 -0.389277 1.58236 0.0076379 0.00362656 0.000177019
184.257 19.253 -0.389149 1.58245 0.00890183 0.00466155 0.000140938
184.273 19.253 -0.388986 1.58271 0.0106867 0.00516176 0.000102748
184.293 19.253 -0.388833 1.58309 0.012229 0.00530664 6.5501e-05
184.313 19.2531 -0.388699 1.58355 0.0136481 0.00502126 3.87486e-05
184.335 19.2532 -0.388594 1.58406 0.0147454 0.00450123 5.40517e-06
184.355 19.2532 -0.388492 1.58458 0.0158689 0.00369266 6.10301e-06
184.375 19.2533 -0.388388 1.58511 0.0169753 0.0029287 -1.38906e-05
184.395 19.2534 -0.388288 1.58561 0.0181406 0.00190347 8.18573e-06
184.42 19.2535 -0.388191 1.58611 0.0191837 0.00118203 -1.34488e-05
184.438 19.2535 -0.388102 1.58658 0.0202159 0.000390571 -5.21716e-06
184.459 19.2536 -0.388018 1.58704 0.0211559 -0.000198072 -1.34284e-05
184.478 19.2536 -0.387945 1.58748 0.0220558 -0.000848178 8.83905e-06
184.497 19.2537 -0.38791 1.58789 0.0224512 -0.000789165 7.21453e-06
184.52 19.2538 -0.387953 1.58828 0.0218393 -0.000789013 1.21658e-05
184.693 19.2538 -0.388075 1.58863 0.0202762 -0.000843978 2.22416e-05
184.714 19.2539 -0.388272 1.58895 0.0181006 -0.000939574 3.22532e-05
184.734 19.2541 -0.388511 1.58922 0.0156651 -0.00097869 -9.6789e-06
184.753 19.2542 -0.388721 1.58943 0.013347 -0.000861579 -1.60493e-05
184.775 19.2543 -0.388939 1.58961 0.0110051 -0.000948466 -7.14351e-06
184.793 19.2545 -0.389134 1.58976 0.00891735 -0.00115513 -6.75204e-06
184.814 19.2546 -0.3893 1.58988 0.00716947 -0.00116484 -6.41966e-06
184.833 19.2547 -0.389271 1.58991 0.00704098 -0.000694569 -0.000205182
184.853 19.2549 -0.389266 1.58995 0.00639752 -0.000442098 -0.000341073
184.878 19.2551 -0.389284 1.59 0.00552557 -0.000423481 -0.000461317
184.894 19.2554 -0.389324 1.59007 0.00469954 -0.000565761 -0.000572836
184.915 19.2557 -0.389383 1.59014 0.00391898 -0.00059375 -0.000674391
184.936 19.2561 -0.389457 1.59021 0.00312194 -0.000585587 -0.000767294
184.955 19.2565 -0.389543 1.59028 0.0023052 -0.000608294 -0.000855297
184.976 19.257 -0.389637 1.59033 0.00150064 -0.000639654 -0.000936089
184.995 19.2575 -0.38973 1.59036 0.000757345 -0.000733951 -0.000995712
185.018 19.2581 -0.38979 1.59037 0.000144673 -0.000658839 -0.000996924
185.036 19.2587 -0.389806 1.59038 -0.000104425 -0.000491987 -0.000970317
185.056 19.2593 -0.389795 1.59037 -0.000144637 -0.000389233 -0.000949029
185.077 19.26 -0.389777 1.59035 -0.000195442 -0.000346446 -0.00095429
185.099 19.2607 -0.389755 1.59031 -0.00026484 -0.000342603 -0.000952722
185.121 19.2615 -0.38973 1.59024 -0.000332796 -0.00040466 -0.00095715
185.139 19.2624 -0.389703 1.59016 -0.000411483 -0.000344169 -0.000957811
185.159 19.2633 -0.389671 1.59006 -0.000518394 -0.000323921 -0.000951112
185.18 19.2643 -0.389636 1.58994 -0.00064145 -0.000337532 -0.000939971
185.201 19.2654 -0.389598 1.58981 -0.000770642 -0.000338493 -0.000930033
185.223 19.2665 -0.389557 1.58966 -0.000900304 -0.000317225 -0.000924038
185.241 19.2676 -0.389512 1.5895 -0.00101902 -0.000357925 -0.000919088
185.261 19.2689 -0.389464 1.58933 -0.00111236 -0.000178532 -0.000909359
185.282 19.2702 -0.389411 1.58915 -0.00116855 -0.000233689 -0.000900467
185.306 19.2715 -0.389355 1.58897 -0.00122567 -0.000203276 -0.000889168
185.323 19.273 -0.389293 1.58878 -0.00127748 -0.000157668 -0.000876917
185.343 19.2745 -0.389228 1.58858 -0.00132069 -0.000114512 -0.000863745
185.362 19.2761 -0.389157 1.58837 -0.00134194 -6.62424e-05 -0.000848699
185.384 19.2777 -0.389082 1.58815 -0.0013398 -1.21937e-05 -0.000829844
185.404 19.2795 -0.389001 1.58792 -0.00134336 -4.46638e-05 -0.000808416
185.424 19.2813 -0.388916 1.58769 -0.0013027 0.000121098 -0.000791353
185.444 19.2831 -0.388827 1.58745 -0.00123319 4.86678e-05 -0.000774742
185.463 19.2851 -0.388733 1.58721 -0.00120789 0.000139255 -0.000760689
185.485 19.2871 -0.388634 1.58697 -0.00117602 0.000206784 -0.000747764
185.505 19.2892 -0.388531 1.58673 -0.00116088 0.00016075 -0.00073235
185.526 19.2914 -0.388424 1.58648 -0.00108277 0.000202185 -0.000715392
185.546 19.2936 -0.388314 1.58623 -0.00104932 0.000286214 -0.000697672
185.565 19.296 -0.388199 1.58599 -0.00103069 0.000348759 -0.000681343
185.586 19.2984 -0.388081 1.58574 -0.00101068 0.000377517 -0.000664895
185.606 19.3009 -0.38796 1.5855 -0.00100181 0.000412941 -0.00064589
185.628 19.3035 -0.387834 1.58526 -0.00101197 0.000391815 -0.000625751
185.646 19.3061 -0.38771 1.58501 -0.000318289 -0.00205359 -0.000615606
185.667 19.3091 -0.387575 1.58483 -0.00119433 0.000337905 -0.000566989
185.687 19.3124 -0.387437 1.58476 -0.00190092 0.00130272 -0.0005392
185.707 19.3159 -0.387295 1.58475 -0.00219108 0.000257336 -0.000526221
185.728 19.3196 -0.387145 1.58479 -0.00233085 -0.000414872 -0.000514809
185.752 19.3236 -0.386987 1.58484 -0.00247956 -0.000334489 -0.00050178
185.77 19.3279 -0.386819 1.58488 -0.00265226 -0.000370089 -0.000488918
185.79 19.3323 -0.386643 1.5849 -0.00275835 -0.000458296 -0.000480504
185.81 19.337 -0.386456 1.58489 -0.00291067 -0.000591216 -0.000465945
185.832 19.3419 -0.386259 1.58486 -0.00291214 -0.000646638 -0.000460368
185.851 19.347 -0.386051 1.58479 -0.00295157 -0.000683612 -0.000451839
185.872 19.3524 -0.385833 1.58471 -0.002976 -0.000741675 -0.00044399
185.891 19.358 -0.385605 1.58459 -0.00294175 -0.000681608 -0.000438767
185.911 19.3637 -0.385365 1.58446 -0.00290274 -0.000705663 -0.000433078
185.933 19.3697 -0.385116 1.5843 -0.00289165 -0.000612846 -0.000426337
185.952 19.3759 -0.384856 1.58412 -0.00287947 -0.000677024 -0.000419222
185.971 19.3823 -0.384585 1.58392 -0.00282524 -0.000574245 -0.000416451
185.991 19.3889 -0.384305 1.58371 -0.00272996 -0.000535442 -0.000412478
186.012 19.3957 -0.384016 1.5835 -0.00262867 -0.000495851 -0.000408487
186.033 19.4027 -0.383717 1.58327 -0.00262545 -0.000407857 -0.0004043
186.052 19.4098 -0.383408 1.58303 -0.00257153 -0.000360874 -0.000403474
186.073 19.4172 -0.383091 1.58277 -0.00255851 -0.000326417 -0.000399153
186.094 19.4247 -0.382764 1.58251 -0.00254547 -0.000223124 -0.000393391
186.112 19.4324 -0.38243 1.58224 -0.00246885 -0.000154422 -0.000391912
186.135 19.4402 -0.382086 1.58195 -0.00245457 -9.8658e-05 -0.000386178
186.154 19.4482 -0.381734 1.58164 -0.00246486 7.33852e-05 -0.000379598
186.173 19.4564 -0.381374 1.58132 -0.00236681 0.000165347 -0.000381033
186.194 19.4647 -0.381005 1.58098 -0.00233101 0.00017388 -0.00037677
186.214 19.4731 -0.380629 1.58062 -0.00231048 0.000317638 -0.000375944
186.236 19.4817 -0.380245 1.58025 -0.00218387 0.000408348 -0.000376018
186.254 19.4904 -0.379854 1.57987 -0.00212931 0.000478706 -0.000371777
186.274 19.4992 -0.379456 1.57948 -0.00210497 0.000651399 -0.000366054
186.295 19.5081 -0.379051 1.57908 -0.00203963 0.000769139 -0.0003648
186.315 19.5172 -0.378639 1.57867 -0.00196915 0.000826899 -0.000362654
186.337 19.5263 -0.378222 1.57826 -0.00187836 0.000951652 -0.0003605
186.355 19.5356 -0.377798 1.57784 -0.00186944 0.00104945 -0.000355378
186.376 19.545 -0.377367 1.57741 -0.00187902 0.0012053 -0.000349897
186.397 19.5544 -0.376931 1.57697 -0.00185352 0.00127102 -0.00034593
186.417 19.564 -0.37649 1.57654 -0.00184262 0.00140623 -0.000343517
186.438 19.5737 -0.376042 1.5761 -0.00178019 0.00147291 -0.000339897
186.458 19.5834 -0.37559 1.57566 -0.00169873 0.00158863 -0.00034062
186.478 19.5932 -0.375132 1.57522 -0.00169141 0.00164859 -0.000338535
186.498 19.6032 -0.374669 1.57478 -0.00165684 0.00180319 -0.00033794
186.518 19.6131 -0.374201 1.57434 -0.00164916 0.00188404 -0.000334982
186.541 19.6232 -0.373727 1.57389 -0.00165784 0.00201054 -0.000336036
186.559 19.6333 -0.37325 1.57345 -0.00160006 0.00201318 -0.000336866
186.579 19.6435 -0.372767 1.57301 -0.00154001 0.00212323 -0.000338086
186.6 19.6538 -0.37228 1.57257 -0.00154995 0.00225717 -0.000339704
186.621 19.664 -0.371788 1.57212 -0.00152193 0.00227442 -0.000341405
186.644 19.6744 -0.371293 1.57168 -0.00149806 0.00238755 -0.000344209
186.662 19.6848 -0.370793 1.57123 -0.00136247 0.00179137 -0.000346288
186.682 19.6953 -0.370289 1.57081 -0.00135671 0.0023903 -0.000345642
186.705 19.7058 -0.369781 1.57041 -0.00145259 0.00269155 -0.000349409
186.722 19.7165 -0.369269 1.57002 -0.00147461 0.00253783 -0.0003532
186.744 19.7272 -0.368753 1.56965 -0.00149573 0.00249441 -0.000354862
186.764 19.7379 -0.368233 1.56929 -0.00155223 0.00256706 -0.000358046
186.783 19.7488 -0.367709 1.56893 -0.0015475 0.00260449 -0.000363287
186.806 19.7596 -0.36718 1.56857 -0.00155386 0.00259396 -0.000364801
186.826 19.7705 -0.366647 1.56822 -0.00153353 0.00262993 -0.000369021
186.848 19.7814 -0.36611 1.56787 -0.00150109 0.00258622 -0.000375476
186.866 19.7924 -0.365569 1.56753 -0.00145264 0.00258757 -0.000378938
186.886 19.8034 -0.365024 1.56721 -0.0014062 0.0025912 -0.000388983
186.908 19.8143 -0.364476 1.56689 -0.00132149 0.00259542 -0.000399437
186.931 19.8253 -0.363924 1.5666 -0.00126169 0.00260081 -0.000411531
186.953 19.8363 -0.363369 1.56632 -0.00116811 0.00254711 -0.00042132
186.972 19.8472 -0.362811 1.56607 -0.00107543 0.00251135 -0.000433051
186.991 19.8582 -0.36225 1.56583 -0.000973997 0.00251075 -0.00044522
187.017 19.8691 -0.361688 1.56561 -0.000863805 0.00242195 -0.000456345
187.036 19.88 -0.361124 1.5654 -0.000749341 0.00241475 -0.000466205
187.057 19.8908 -0.36056 1.56521 -0.000644559 0.00242043 -0.0004748
187.077 19.9016 -0.359994 1.56504 -0.000532884 0.00242156 -0.000485305
187.095 19.9124 -0.359428 1.56488 -0.000437491 0.00244309 -0.000498708
187.118 19.923 -0.358862 1.56474 -0.000338605 0.00238322 -0.000513553
187.138 19.9337 -0.358297 1.56461 -0.000235226 0.00240428 -0.000526316
187.156 19.9442 -0.357733 1.56449 -0.0001344 0.00239849 -0.000539512
187.175 19.9547 -0.357169 1.56438 -4.45336e-05 0.00230811 -0.000552948
187.196 19.9651 -0.356608 1.56429 3.52656e-05 0.00233737 -0.000568681
187.218 19.9754 -0.356048 1.56421 0.000124657 0.00232668 -0.000587113
187.238 19.9856 -0.355491 1.56414 0.000206058 0.00231217 -0.000603876
187.26 19.9958 -0.354936 1.56409 0.000294258 0.00221468 -0.000617195
187.279 20.0058 -0.354384 1.56405 0.000382334 0.00222525 -0.000630967
187.298 20.0157 -0.353835 1.56403 0.000441988 0.0022201 -0.000645681
187.319 20.0255 -0.35329 1.56402 0.000526207 0.00211171 -0.000661973
187.339 20.0352 -0.352748 1.56402 0.000629002 0.00207248 -0.000679004
187.361 20.0448 -0.352211 1.56403 0.000706645 0.00204618 -0.000695956
187.378 20.0542 -0.351678 1.56405 0.000788723 0.00196554 -0.000715169
187.4 20.0635 -0.35115 1.56408 0.000865609 0.00196357 -0.00073129
187.42 20.0727 -0.350627 1.56412 0.000938764 0.00186526 -0.00074527
187.439 20.0817 -0.350109 1.56417 0.00101108 0.00186848 -0.0007605
187.461 20.0906 -0.349597 1.56423 0.00104174 0.00188 -0.000779282
187.48 20.0994 -0.34909 1.5643 0.00111944 0.00177079 -0.000798151
187.5 20.108 -0.34859 1.56437 0.00121708 0.00173212 -0.000816348
187.52 20.1164 -0.348095 1.56446 0.00125848 0.00171368 -0.000834393
187.541 20.1247 -0.347607 1.56456 0.00133389 0.00160662 -0.00085161
187.562 20.1328 -0.347126 1.56466 0.00142545 0.00156199 -0.000867163
187.582 20.1407 -0.346652 1.56477 0.00149752 0.00151476 -0.000885544
187.602 20.1485 -0.346185 1.5649 0.00156819 0.00137434 -0.000903412
187.623 20.1561 -0.345726 1.56504 0.00164223 0.00125566 -0.000921244
187.643 20.1635 -0.345274 1.56519 0.00170518 0.0012672 -0.000936821
187.662 20.1707 -0.344831 1.56535 0.00180269 0.00112319 -0.000951973
187.683 20.1777 -0.344396 1.56554 0.00186046 0.00120161 -0.000968613
187.702 20.1845 -0.343969 1.56574 0.00196089 0.00100094 -0.000986814
187.726 20.1911 -0.343552 1.56597 0.00204281 0.000873585 -0.00100674
187.744 20.1975 -0.343143 1.56621 0.00210923 0.000819407 -0.00102308
187.764 20.2037 -0.342744 1.56648 0.00218057 0.000747177 -0.00104126
187.785 20.2097 -0.342354 1.56676 0.00223372 0.000581536 -0.00106017
187.804 20.2155 -0.341975 1.56707 0.00228249 0.000552616 -0.00107703
187.828 20.2212 -0.341605 1.56739 0.00231298 0.000489451 -0.0010965
187.845 20.2266 -0.341245 1.56773 0.00232921 0.000396797 -0.00111592
187.868 20.2318 -0.340896 1.56808 0.0023353 0.00031621 -0.00113877
187.886 20.2368 -0.340556 1.56844 0.00232607 0.00018997 -0.00116024
187.905 20.2417 -0.340226 1.56882 0.00234803 0.000195185 -0.00117913
187.928 20.2464 -0.339907 1.5692 0.002349 0.000160093 -0.00119866
187.946 20.2509 -0.339597 1.56959 0.00232691 0.000106892 -0.00121896
187.968 20.2552 -0.339297 1.56997 0.00230275 -1.28075e-05 -0.00123875
187.986 20.2593 -0.339007 1.57036 0.00225103 2.87219e-05 -0.00125773
188.006 20.2633 -0.338727 1.57075 0.00221965 2.23072e-05 -0.0012772
188.029 20.267 -0.338456 1.57112 0.00219365 -9.32397e-05 -0.00129555
188.047 20.2707 -0.338194 1.5715 0.00219878 -9.07525e-05 -0.0013124
188.067 20.2741 -0.337942 1.57186 0.00219362 -5.08381e-05 -0.00133052
188.087 20.2774 -0.337699 1.57221 0.00217153 -7.29822e-05 -0.0013476
188.108 20.2805 -0.337464 1.57255 0.00213558 -0.000211985 -0.00136848
188.129 20.2835 -0.337239 1.57287 0.00211004 -0.000222412 -0.00138711
188.151 20.2863 -0.337022 1.57317 0.00209334 -0.00021873 -0.00140516
188.171 20.289 -0.336814 1.57345 0.00207626 -0.000275843 -0.00142235
188.189 20.2915 -0.336615 1.57371 0.00207596 -0.00042972 -0.00143829
188.209 20.2939 -0.336424 1.57395 0.0020314 -0.00040632 -0.00145426
188.23 20.2961 -0.336241 1.57417 0.00199367 -0.000425878 -0.00146952
188.25 20.2982 -0.336067 1.57436 0.00195092 -0.000585174 -0.00148525
188.269 20.3001 -0.3359 1.57453 0.00192924 -0.000625454 -0.00150021
188.29 20.3019 -0.335742 1.57468 0.00190573 -0.000601281 -0.00151435
188.31 20.3036 -0.335591 1.5748 0.00187049 -0.000648433 -0.00152936
188.334 20.3051 -0.335447 1.57489 0.0018248 -0.000783592 -0.00154453
188.352 20.3065 -0.335311 1.57495 0.00181097 -0.000778815 -0.00155816
188.374 20.3078 -0.335183 1.575 0.00178623 -0.000837928 -0.00157181
188.391 20.3089 -0.335061 1.57502 0.00175408 -0.00100378 -0.00158552
188.412 20.3099 -0.334946 1.57501 0.00169543 -0.00101257 -0.00159925
188.433 20.3108 -0.334838 1.57499 0.00164154 -0.00101005 -0.00161269
188.452 20.3116 -0.334737 1.57496 0.00159986 -0.00107926 -0.0016259
188.475 20.3123 -0.334642 1.57491 0.00158628 -0.00122558 -0.00163851
188.493 20.3128 -0.334554 1.57484 0.00155814 -0.00120202 -0.00164966
188.513 20.3133 -0.334471 1.57477 0.00152075 -0.00122555 -0.00166138
188.533 20.3136 -0.334395 1.57468 0.00149395 -0.00135348 -0.00167243
188.555 20.3138 -0.334325 1.57458 0.00146027 -0.00132668 -0.00168337
188.574 20.3139 -0.33426 1.57448 0.00142626 -0.00136012 -0.0016935
188.594 20.314 -0.334201 1.57437 0.00138964 -0.00150286 -0.00170327
188.614 20.3139 -0.334147 1.57425 0.00134981 -0.00147477 -0.00171318
188.639 20.3137 -0.334099 1.57413 0.0012991 -0.00146953 -0.00172243
188.655 20.3135 -0.334056 1.574 0.00124714 -0.00159769 -0.00173292
188.675 20.3131 -0.334017 1.57387 0.00121002 -0.00157467 -0.00174323
188.695 20.3127 -0.333983 1.57373 0.00117223 -0.0015622 -0.00175246
188.715 20.3121 -0.333954 1.57358 0.00112947 -0.00193204 -0.00176275
188.736 20.3116 -0.333929 1.57344 0.00109425 -0.00167635 -0.00177029
188.755 20.3109 -0.333909 1.57329 0.00105893 -0.00177058 -0.00177821
188.777 20.3102 -0.333892 1.57314 0.00102006 -0.00184308 -0.00178656
188.796 20.3095 -0.33388 1.57299 0.000972102 -0.00187909 -0.00179433
188.818 20.3087 -0.333871 1.57282 0.000919297 -0.00196827 -0.00180218
188.839 20.3078 -0.333866 1.57263 0.00087186 -0.00193614 -0.00180801
188.859 20.3069 -0.333864 1.57244 0.000827098 -0.00202085 -0.00181499
188.879 20.306 -0.333865 1.57223 0.000782824 -0.00197985 -0.00182183
188.898 20.305 -0.333869 1.57202 0.000731555 -0.00204031 -0.00182913
188.919 20.304 -0.333876 1.5718 0.000667477 -0.00196245 -0.00183543
188.941 20.3029 -0.333885 1.57158 0.000598767 -0.00198716 -0.00184168
188.959 20.3019 -0.333897 1.57135 0.000524909 -0.00188287 -0.00184726
188.981 20.3008 -0.33391 1.57112 0.000458779 -0.00190275 -0.00185234
189.001 20.2997 -0.333926 1.57089 0.000382178 -0.00181824 -0.00185785
189.021 20.2986 -0.333942 1.57067 0.000296457 -0.00168234 -0.00186333
189.042 20.2974 -0.33396 1.57044 0.000215749 -0.00160422 -0.00186833
189.061 20.2963 -0.333978 1.57022 0.000154143 -0.00161924 -0.00187226
189.082 20.2951 -0.333997 1.57001 8.84743e-05 -0.00147965 -0.00187561
189.103 20.294 -0.334017 1.5698 7.78251e-05 -0.00197996 -0.00187842
189.122 20.2929 -0.334036 1.56961 -2.33147e-05 -0.0014399 -0.00188191
189.147 20.2918 -0.334056 1.56946 -7.47728e-05 -0.00111455 -0.00188613
189.165 20.2907 -0.334075 1.56934 -0.000132674 -0.00127672 -0.00189139
189.188 20.2897 -0.334094 1.56924 -0.000234428 -0.00134376 -0.00189489
189.205 20.2888 -0.334111 1.56915 -0.00042805 -0.00127262 -0.00189699
189.225 20.2878 -0.334125 1.56908 -0.000709375 -0.00120055 -0.0018989
189.246 20.2869 -0.334137 1.56902 -0.00107257 -0.00116455 -0.00189622
189.265 20.286 -0.334144 1.56896 -0.00151069 -0.00112964 -0.00189474
189.288 20.2852 -0.334144 1.56892 -0.0020008 -0.00106879 -0.00189494
189.307 20.2844 -0.334137 1.56888 -0.00253495 -0.00093021 -0.00189558
189.327 20.2836 -0.334119 1.56885 -0.00313847 -0.00101981 -0.00189519
189.348 20.2829 -0.334088 1.56884 -0.00380698 -0.000909144 -0.00189382
189.367 20.2821 -0.334043 1.56885 -0.00446864 -0.000757311 -0.00189231
189.391 20.2815 -0.33398 1.56888 -0.00515026 -0.000691606 -0.00189168
189.408 20.2808 -0.333896 1.56893 -0.00586116 -0.000638695 -0.00189151
189.427 20.2802 -0.33379 1.56899 -0.00661319 -0.000559756 -0.00189163
189.45 20.2796 -0.333658 1.56906 -0.00739783 -0.000467604 -0.00189121
189.47 20.279 -0.333497 1.56915 -0.00818905 -0.000378767 -0.00189061
189.489 20.2784 -0.333305 1.56924 -0.00897758 -0.000324178 -0.00189067
189.508 20.2779 -0.333078 1.56934 -0.00976956 -0.00016758 -0.00189127
189.529 20.2774 -0.332813 1.56945 -0.0105448 -0.000155363 -0.00188934
189.552 20.2769 -0.332508 1.56957 -0.011292 -0.000143882 -0.00188707
189.573 20.2765 -0.33216 1.56969 -0.0120301 -5.62467e-05 -0.00188638
189.589 20.276 -0.331766 1.56982 -0.0127755 2.16139e-05 -0.00188579
189.61 20.2756 -0.331323 1.56995 -0.0135176 6.24137e-05 -0.00188478
189.63 20.2752 -0.330828 1.57007 -0.0142536 0.000105367 -0.00188268
189.652 20.2748 -0.33028 1.57019 -0.014969 0.000191039 -0.00188196
189.671 20.2745 -0.329674 1.57031 -0.0156651 0.000224852 -0.00188065
189.69 20.2741 -0.32901 1.57043 -0.0163559 0.000274125 -0.00187956
189.711 20.2738 -0.328283 1.57053 -0.0170512 0.000313384 -0.00187991
189.73 20.2735 -0.327492 1.57063 -0.0178283 0.00101603 -0.00188802
189.752 20.2731 -0.326628 1.57073 -0.0195217 0.000407787 -0.00187739
189.774 20.2727 -0.325681 1.57085 -0.0224631 0.000433448 -0.00188129
189.794 20.2722 -0.324646 1.57098 -0.0259898 0.000631433 -0.00188734
189.812 20.2718 -0.323512 1.57111 -0.029501 0.000760593 -0.00189466
189.833 20.2713 -0.322269 1.57122 -0.0327022 0.000699143 -0.00189409
189.854 20.2708 -0.320904 1.57131 -0.0354132 0.00078682 -0.00189802
189.873 20.2702 -0.319409 1.57139 -0.0375323 0.000873771 -0.00189994
189.898 20.2697 -0.317777 1.57143 -0.0390223 0.000885309 -0.00189598
189.915 20.2692 -0.316002 1.57145 -0.03989 0.000784255 -0.00188783
189.935 20.2686 -0.31408 1.57144 -0.0401684 0.000789239 -0.00188387
189.955 20.268 -0.312012 1.57141 -0.0399115 0.00083566 -0.0018819
189.975 20.2675 -0.309797 1.57136 -0.0391739 0.000828387 -0.00187657
189.999 20.2669 -0.30744 1.57129 -0.0380264 0.000731464 -0.00186809
190.016 20.2663 -0.304944 1.5712 -0.0365667 0.00072553 -0.00186198
190.035 20.2657 -0.302315 1.5711 -0.0348477 0.000761017 -0.00185706
190.057 20.2652 -0.29956 1.57098 -0.0329308 0.000720906 -0.00184966
190.076 20.2646 -0.296686 1.57086 -0.0308876 0.000569214 -0.00183849
190.098 20.264 -0.293701 1.57072 -0.0287512 0.000590062 -0.00183237
190.116 20.2635 -0.290614 1.57057 -0.0265724 0.000612975 -0.00182557
190.137 20.2629 -0.287433 1.57042 -0.0243758 0.000558372 -0.00181602
190.159 20.2624 -0.284168 1.57027 -0.0221896 0.000526213 -0.00180622
190.178 20.2618 -0.280826 1.5701 -0.0200228 0.000404745 -0.00179329
190.199 20.2613 -0.277417 1.56994 -0.0178903 0.000446441 -0.00178453
190.219 20.2608 -0.273949 1.56976 -0.0158243 0.000438954 -0.00177432
190.239 20.2603 -0.27043 1.56958 -0.0138249 0.000373491 -0.00176163
190.259 20.2598 -0.266868 1.56939 -0.0118633 0.000359358 -0.0017507
190.284 20.2594 -0.263271 1.5692 -0.00996044 0.000262527 -0.00173833
190.307 20.259 -0.259647 1.569 -0.00812494 0.000252618 -0.00172462
190.323 20.2585 -0.256003 1.56879 -0.00631912 0.000226507 -0.00171255
190.342 20.2581 -0.252345 1.56858 -0.00455694 0.000179468 -0.00170045
190.364 20.2578 -0.248681 1.56836 -0.00284984 8.76691e-05 -0.00168897
190.387 20.2574 -0.245018 1.56815 -0.00118242 0.000171992 -0.00167647
190.403 20.2571 -0.241362 1.56794 0.000442587 0.000179466 -0.00166138
190.425 20.2569 -0.23772 1.56773 0.00203679 0.000168067 -0.00164902
190.444 20.2566 -0.234097 1.56753 0.00361015 8.90354e-05 -0.00163738
190.465 20.2564 -0.230501 1.56733 0.00518856 0.000147017 -0.00162449
190.485 20.2562 -0.226937 1.56715 0.00679418 0.00018982 -0.00161371
190.508 20.2561 -0.223411 1.56698 0.00843431 0.000169368 -0.00160461
190.525 20.256 -0.21993 1.56681 0.010117 8.15105e-05 -0.00159526
190.545 20.2559 -0.216501 1.56666 0.0117977 0.000153702 -0.00158384
190.565 20.2559 -0.213129 1.56652 0.0134595 0.000171482 -0.00157223
190.586 20.2559 -0.209821 1.56639 0.0151016 0.000151051 -0.00156525
190.606 20.256 -0.206583 1.56627 0.0167269 6.91483e-05 -0.00155774
190.626 20.2561 -0.203421 1.56617 0.0183612 0.000125217 -0.00154927
190.646 20.2563 -0.200342 1.56608 0.0200057 0.000243565 -0.00153802
190.669 20.2565 -0.197351 1.566 0.0216046 0.000204993 -0.00152987
190.687 20.2568 -0.194455 1.56595 0.0230478 0.000162174 -0.00152501
190.708 20.2571 -0.191657 1.5659 0.0242688 0.000210375 -0.00151731
190.727 20.2575 -0.188962 1.56587 0.0252479 0.000257402 -0.0015097
190.747 20.2579 -0.186374 1.56585 0.0259817 0.000543574 -0.00149585
190.77 20.2583 -0.183894 1.56585 0.0263402 0.000429265 -0.00149475
190.789 20.2587 -0.181522 1.56586 0.0260809 0.000365982 -0.00148521
190.813 20.2592 -0.179257 1.56589 0.0253188 0.000458713 -0.00146834
190.83 20.2597 -0.177097 1.56593 0.0242668 0.000535385 -0.00145859
190.849 20.2602 -0.175039 1.56598 0.023048 0.000576159 -0.00145468
190.869 20.2607 -0.173076 1.56603 0.0217445 0.00061119 -0.00144788
190.892 20.2612 -0.171205 1.56609 0.020414 0.000728367 -0.00144259
190.913 20.2618 -0.16942 1.56616 0.0191143 0.000703988 -0.00144584
190.931 20.2623 -0.167717 1.56623 0.0178752 0.000732165 -0.00144585
190.954 20.2629 -0.166089 1.56631 0.0167067 0.000800539 -0.00145075
190.975 20.2635 -0.164532 1.5664 0.015612 0.000921534 -0.00145407
190.995 20.2641 -0.163042 1.56649 0.0145909 0.000864023 -0.00145876
191.014 20.2647 -0.161614 1.5666 0.0136449 0.000817084 -0.00146465
191.035 20.2653 -0.160245 1.56672 0.0127686 0.000827449 -0.00147137
191.055 20.2659 -0.158931 1.56685 0.0119592 0.00084381 -0.00147565
191.077 20.2665 -0.157668 1.56699 0.0112076 0.000925058 -0.00148263
191.098 20.2671 -0.156454 1.56713 0.0105269 0.000855973 -0.00149362
191.119 20.2677 -0.155285 1.56728 0.00994959 0.000827993 -0.00150436
191.138 20.2683 -0.15416 1.56743 0.00948629 0.000844075 -0.00151521
191.157 20.2689 -0.153076 1.56759 0.00913607 0.00084565 -0.00152953
191.178 20.2695 -0.152032 1.56774 0.0088841 0.000829688 -0.00154879
191.197 20.2701 -0.151027 1.56789 0.00871694 0.000810205 -0.00157151
191.219 20.2707 -0.150059 1.56804 0.00862189 0.000787817 -0.00158993
191.242 20.2713 -0.149129 1.56818 0.00858315 0.000761063 -0.00160283
191.261 20.2719 -0.148235 1.56831 0.00858696 0.000723047 -0.00161175
191.283 20.2725 -0.147378 1.56842 0.00862634 0.000669284 -0.00161882
191.302 20.2731 -0.146557 1.56851 0.00869523 0.000686279 -0.00162413
191.323 20.2736 -0.145774 1.56859 0.00877597 0.00059825 -0.00162963
191.341 20.2742 -0.145026 1.56866 0.00886517 0.0005962 -0.00163394
191.361 20.2747 -0.144316 1.56871 0.00894147 0.000640514 -0.00163978
191.382 20.2753 -0.143643 1.56876 0.00902525 0.000578331 -0.0016463
191.405 20.2758 -0.143008 1.5688 0.00909725 0.000567077 -0.00165186
191.423 20.2763 -0.14241 1.56883 0.00914636 0.000601343 -0.00165838
191.443 20.2768 -0.141849 1.56885 0.00918442 0.000624203 -0.00166447
191.462 20.2773 -0.141326 1.56885 0.00920317 0.000633279 -0.00166919
191.486 20.2778 -0.14084 1.56885 0.00919602 0.00063356 -0.00167556
191.504 20.2783 -0.140392 1.56882 0.00917205 0.000612819 -0.00168199
191.525 20.2788 -0.139981 1.5688 0.00915282 0.000585811 -0.0016892
191.544 20.2792 -0.139607 1.56876 0.00911809 0.000580455 -0.0016958
191.564 20.2797 -0.13927 1.56873 0.00905869 0.000575399 -0.00170096
191.586 20.2801 -0.138969 1.5687 0.0089706 0.000568941 -0.00170537
191.604 20.2805 -0.138704 1.56866 0.00886187 0.00055828 -0.00171164
191.625 20.2809 -0.138474 1.56862 0.00874755 0.000536524 -0.00172019
191.645 20.2813 -0.138279 1.56858 0.00863013 0.000515543 -0.00172374
191.665 20.2817 -0.138119 1.56854 0.00852103 0.000495218 -0.00172927
191.689 20.2821 -0.137993 1.56849 0.00842941 0.000470176 -0.00173832
191.708 20.2825 -0.1379 1.56843 0.00833528 0.000436353 -0.00174487
191.728 20.2828 -0.13784 1.56838 0.00823971 0.000409915 -0.0017499
191.747 20.2832 -0.137812 1.56832 0.00815993 0.000385754 -0.00175698
191.767 20.2835 -0.137816 1.56825 0.00808601 0.000177861 -0.00176228
191.788 20.2838 -0.137852 1.56818 0.00796893 0.000254407 -0.00176846
191.807 20.2842 -0.137919 1.56812 0.00783353 0.000347286 -0.00177355
191.829 20.2845 -0.138016 1.56805 0.00769676 0.000292641 -0.00177922
191.848 20.2849 -0.138143 1.56799 0.00754625 0.000203878 -0.00178491
191.869 20.2852 -0.138299 1.56791 0.00737342 0.00014532 -0.00179114
191.889 20.2856 -0.138483 1.56784 0.00719788 0.00010056 -0.0017969
191.908 20.2859 -0.138695 1.56775 0.00703372 6.13562e-05 -0.00180145
191.93 20.2863 -0.138933 1.56766 0.00686099 5.66706e-05 -0.00180669
191.949 20.2866 -0.139198 1.56756 0.00667862 5.12106e-05 -0.00181074
191.969 20.287 -0.139487 1.56746 0.00648301 5.00506e-05 -0.00181442
191.989 20.2874 -0.139801 1.56734 0.00627548 6.81422e-05 -0.00181922
192.013 20.2877 -0.140138 1.56722 0.0060539 4.72491e-05 -0.00182366
192.032 20.2881 -0.140498 1.5671 0.00580924 3.26316e-05 -0.00182754
192.05 20.2885 -0.140879 1.56697 0.00555205 3.29951e-05 -0.00183018
192.073 20.2889 -0.141281 1.56684 0.00530413 3.1433e-05 -0.00183286
192.092 20.2893 -0.141702 1.56671 0.00505368 3.07048e-05 -0.0018366
192.115 20.2896 -0.142142 1.56657 0.00478581 1.65602e-05 -0.00184005
192.132 20.29 -0.142599 1.56644 0.00451086 1.14044e-05 -0.00184331
192.155 20.2904 -0.143072 1.5663 0.00423586 1.38413e-05 -0.00184545
192.173 20.2908 -0.143559 1.56615 0.00394805 4.32701e-06 -0.00184927
192.195 20.2912 -0.144061 1.56601 0.00365647 9.52573e-06 -0.00185197
192.216 20.2916 -0.144576 1.56587 0.00336875 2.98624e-05 -0.00185233
192.235 20.292 -0.145102 1.56573 0.00308917 1.23102e-05 -0.00185483
192.255 20.2924 -0.145638 1.56559 0.00283143 4.5973e-06 -0.00185844
192.274 20.2928 -0.146184 1.56546 0.00259387 1.1926e-05 -0.00185935
192.296 20.2932 -0.146739 1.56533 0.00237544 1.14886e-05 -0.00185964
192.316 20.2937 -0.147301 1.5652 0.00217058 1.96575e-05 -0.00186225
192.339 20.2941 -0.14787 1.56508 0.00198785 1.87384e-05 -0.00186353
192.355 20.2945 -0.148444 1.56497 0.00182319 1.81759e-05 -0.00186609
192.376 20.2949 -0.149025 1.56486 0.00165386 5.02775e-05 -0.00186856
192.396 20.2953 -0.149609 1.56476 0.00147482 4.83457e-05 -0.00187077
192.417 20.2958 -0.150198 1.56468 0.00129189 2.45156e-05 -0.00187284
192.438 20.2962 -0.15079 1.5646 0.00110558 1.5151e-05 -0.00187563
192.457 20.2966 -0.151384 1.56453 0.000923828 2.2172e-05 -0.00187741
192.478 20.2971 -0.15198 1.56447 0.000758704 2.80665e-05 -0.00187796
192.499 20.2975 -0.152577 1.56442 0.000606974 3.01474e-05 -0.0018786
192.519 20.2979 -0.153175 1.56438 0.000458924 4.88649e-05 -0.00187936
192.543 20.2984 -0.153772 1.56434 0.000311714 -2.89626e-05 -0.00187996
192.559 20.2988 -0.154369 1.56431 0.000167443 7.65205e-05 -0.00188074
192.578 20.2993 -0.154965 1.56428 2.18147e-05 8.65808e-05 -0.00188305
192.6 20.2998 -0.155558 1.56427 -0.000131416 -6.14708e-05 -0.00188506
192.622 20.3002 -0.15615 1.56426 -0.000280553 -2.18417e-05 -0.0018878
192.642 20.3007 -0.156738 1.56427 -0.000428366 -8.5327e-06 -0.00188831
192.66 20.3012 -0.157323 1.56428 -0.000574956 -3.66613e-05 -0.00188951
192.68 20.3017 -0.157903 1.56429 -0.000706488 -5.66418e-05 -0.00188906
192.702 20.3022 -0.158479 1.5643 -0.000838368 -7.95132e-05 -0.00189031
192.721 20.3028 -0.15905 1.56432 -0.000975378 -0.000106839 -0.00189024
192.745 20.3033 -0.159616 1.56433 -0.00110588 -0.000118541 -0.00188763
192.761 20.3038 -0.160175 1.56434 -0.00123877 -0.000126024 -0.00188696
192.781 20.3044 -0.160727 1.56436 -0.00138025 -0.000138039 -0.00188847
192.804 20.305 -0.161273 1.56437 -0.00151408 -0.000489995 -0.00189009
192.822 20.3056 -0.16181 1.56442 -0.00168369 7.85472e-05 -0.00189172
192.845 20.3063 -0.162339 1.56448 -0.00182801 0.000203169 -0.00189188
192.862 20.307 -0.16286 1.56456 -0.0019571 7.6957e-05 -0.00189034
192.883 20.3077 -0.163371 1.56465 -0.00208142 -3.59992e-06 -0.00188837
192.904 20.3085 -0.163873 1.56474 -0.00220729 -4.27026e-05 -0.001888
192.924 20.3093 -0.164364 1.56484 -0.00233805 -9.26452e-05 -0.00188777
192.943 20.3102 -0.164845 1.56494 -0.00245327 -0.000140713 -0.00188674
192.964 20.3111 -0.165315 1.56504 -0.00255243 -0.00019481 -0.00188478
192.985 20.3121 -0.165773 1.56515 -0.00265538 -0.000248339 -0.00188129
193.007 20.3131 -0.16622 1.56526 -0.00276247 -0.000279805 -0.00187415
193.028 20.3141 -0.166654 1.56538 -0.00284639 -0.000317304 -0.001874
193.049 20.3152 -0.167076 1.56551 -0.00289803 -0.000345118 -0.00187431
193.07 20.3163 -0.167486 1.56566 -0.0029219 -0.000365946 -0.00186714
193.089 20.3174 -0.167883 1.56582 -0.00293626 -0.000396249 -0.00185874
193.11 20.3186 -0.168267 1.566 -0.00295742 -0.000383765 -0.00185517
193.13 20.3198 -0.168639 1.56619 -0.00298989 -0.000363162 -0.00185273
193.15 20.3211 -0.168997 1.5664 -0.00302623 -0.000360057 -0.00185101
193.172 20.3224 -0.169342 1.56662 -0.00304626 -0.000354848 -0.00184768
193.19 20.3237 -0.169675 1.56686 -0.00305351 -0.000347739 -0.00184299
193.213 20.3251 -0.169995 1.5671 -0.00306886 -0.000332439 -0.00183955
193.232 20.3265 -0.170301 1.56736 -0.0031031 -0.000305587 -0.0018354
193.252 20.3279 -0.170594 1.56762 -0.00314892 -0.000285835 -0.00183081
193.275 20.3294 -0.170874 1.56789 -0.00319047 -0.000291458 -0.00182413
193.294 20.3309 -0.171141 1.56816 -0.00322948 -0.00028165 -0.00181982
193.315 20.3325 -0.171395 1.56844 -0.00325225 -0.00025178 -0.00181604
193.335 20.3341 -0.171636 1.56872 -0.00305525 0.00104153 -0.00181619
193.355 20.3356 -0.171861 1.569 -0.00334982 -1.06551e-05 -0.00180711
193.376 20.3371 -0.172073 1.56932 -0.00359503 -0.000743209 -0.0018036
193.395 20.3385 -0.172271 1.56964 -0.00369245 -0.000365522 -0.00180137
193.418 20.3398 -0.172454 1.56996 -0.00366616 -4.07662e-05 -0.00180125
193.438 20.3411 -0.172622 1.57024 -0.0035984 3.37922e-05 -0.00180026
193.627 20.3423 -0.172776 1.57048 -0.00352016 9.05808e-05 -0.0018023
193.646 20.3435 -0.172916 1.57068 -0.00342843 0.00023069 -0.00180131
193.667 20.3446 -0.173042 1.57083 -0.00332314 0.000289721 -0.00179933
193.69 20.3457 -0.173155 1.57095 -0.00325117 0.000448755 -0.00180157
193.707 20.3467 -0.173254 1.57103 -0.00319855 0.00061826 -0.0018002
193.728 20.3477 -0.173341 1.57109 -0.00310845 0.000518851 -0.0018002
193.747 20.3487 -0.173415 1.57112 -0.00305296 0.000693869 -0.00180237
193.767 20.3496 -0.173478 1.57114 -0.00297019 0.000646201 -0.00180278
193.789 20.3504 -0.173528 1.57115 -0.0029273 0.000622175 -0.00180119
193.808 20.3512 -0.173566 1.57115 -0.0029039 0.000681816 -0.00180293
193.829 20.352 -0.173592 1.57114 -0.00291763 0.000703622 -0.0018039
193.848 20.3527 -0.173608 1.57112 -0.00286547 0.000633729 -0.00180505
193.869 20.3534 -0.173612 1.57109 -0.00280249 0.000632804 -0.00180664
193.892 20.354 -0.173604 1.57106 -0.00279907 0.000583049 -0.00180781
193.912 20.3546 -0.173586 1.57102 -0.00278781 0.000646877 -0.00180947
193.934 20.3551 -0.173557 1.57098 -0.00277698 0.000460301 -0.00181249
193.953 20.3556 -0.173517 1.57093 -0.00277115 0.000522815 -0.00181459
193.971 20.3561 -0.173466 1.57088 -0.00277786 0.000409615 -0.00181691
193.992 20.3564 -0.173404 1.57084 -0.0027944 0.000432201 -0.00181837
194.014 20.3568 -0.173331 1.5708 -0.00277209 0.000335487 -0.00182085
194.036 20.3571 -0.173248 1.57076 -0.00278953 0.000263271 -0.00182411
194.052 20.3573 -0.173153 1.57073 -0.00283621 0.000203413 -0.00182627
194.072 20.3575 -0.173048 1.57071 -0.00288766 0.000163596 -0.00182932
194.094 20.3576 -0.172932 1.5707 -0.00289464 4.16238e-05 -0.00183117
194.112 20.3577 -0.172804 1.5707 -0.00292796 5.1287e-05 -0.00183286
194.133 20.3578 -0.172666 1.57071 -0.00293558 6.05104e-05 -0.00183411
194.153 20.3578 -0.172517 1.57074 -0.00290302 -9.91884e-07 -0.00183488
194.173 20.3577 -0.172356 1.57077 -0.00283932 -5.93437e-05 -0.00183703
194.193 20.3576 -0.172186 1.57081 -0.00275522 -9.25503e-05 -0.00183891
194.213 20.3575 -0.172005 1.57085 -0.00265022 -0.000130081 -0.00184027
194.236 20.3574 -0.171814 1.5709 -0.00253059 -0.000179971 -0.00184099
194.255 20.3571 -0.171614 1.57094 -0.0024222 -0.000282909 -0.00184143
194.275 20.3569 -0.171405 1.57099 -0.00230948 -0.000232473 -0.00184251
194.295 20.3566 -0.171188 1.57104 -0.00217659 -0.00023991 -0.0018442
194.314 20.3563 -0.170962 1.5711 -0.0020346 -0.000273524 -0.00184521
194.337 20.356 -0.17073 1.57115 -0.00189156 -0.000284485 -0.00184698
194.355 20.3556 -0.170491 1.5712 -0.00174966 -0.000290395 -0.00184781
194.375 20.3551 -0.170246 1.57125 -0.00161121 -0.000298427 -0.00185083
194.396 20.3547 -0.169995 1.5713 -0.00150131 -0.000376039 -0.00185231
194.415 20.3542 -0.169739 1.57135 -0.00135869 -0.00037283 -0.00185542
194.437 20.3537 -0.169478 1.5714 -0.00116164 -0.000769723 -0.00185555
194.456 20.3532 -0.169214 1.57146 -0.00100965 -0.000455125 -0.00185651
194.476 20.3527 -0.168948 1.57152 -0.000771637 -0.000369482 -0.00185795
194.497 20.3522 -0.168679 1.57159 -0.000455478 -0.000509194 -0.00185924
194.518 20.3517 -0.16841 1.57166 -0.000120989 -0.00059449 -0.00186198
194.54 20.3512 -0.168141 1.57172 0.000203045 -0.000608822 -0.00186723
194.559 20.3507 -0.167874 1.57178 0.000503406 -0.000653469 -0.00186832
194.579 20.3502 -0.16761 1.57184 0.000766837 -0.000712317 -0.00186522
194.601 20.3497 -0.167349 1.5719 0.000993851 -0.000734095 -0.00186645
194.622 20.3493 -0.167092 1.57197 0.00118694 -0.000737928 -0.00186735
194.643 20.3488 -0.166841 1.57204 0.00134626 -0.000745997 -0.00186951
194.661 20.3483 -0.166596 1.57211 0.00147457 -0.000749178 -0.00187146
194.682 20.3478 -0.166358 1.57218 0.00158225 -0.000731932 -0.00187215
194.704 20.3474 -0.166126 1.57226 0.00166542 -0.000714369 -0.0018725
194.722 20.3469 -0.165901 1.57234 0.00173427 -0.000691273 -0.00187341
194.748 20.3464 -0.165684 1.57242 0.00179025 -0.000665334 -0.00187122
194.763 20.346 -0.165474 1.5725 0.00182216 -0.000623129 -0.00187241
194.783 20.3455 -0.165272 1.57259 0.00184583 -0.000579889 -0.00187418
194.804 20.3451 -0.165078 1.57268 0.00186539 -0.000567786 -0.0018764
194.825 20.3446 -0.164892 1.57278 0.00187606 -0.000567454 -0.00187902
194.845 20.3442 -0.164714 1.57288 0.00188359 -0.000558724 -0.0018793
194.864 20.3437 -0.164544 1.57298 0.00187778 -0.000556897 -0.0018796
194.885 20.3433 -0.164381 1.57309 0.00186188 -0.000556116 -0.00187993
194.905 20.3428 -0.164227 1.5732 0.00184551 -0.000540554 -0.00188016
194.924 20.3424 -0.16408 1.57331 0.00182476 -0.000515567 -0.00188031
194.944 20.342 -0.16394 1.57342 0.00180212 -0.000478463 -0.00187969
194.964 20.3415 -0.163809 1.57354 0.00178128 -0.000510602 -0.00188005
194.984 20.3411 -0.163684 1.57366 0.00175284 -0.000345468 -0.00188089
195.005 20.3407 -0.163567 1.57379 0.00172556 -0.000453608 -0.00188294
195.025 20.3403 -0.163457 1.57393 0.0016852 -0.000329592 -0.00188361
195.045 20.3399 -0.163354 1.57407 0.00161815 -0.000434562 -0.00188418
195.065 20.3395 -0.163258 1.57421 0.00154719 -0.000409052 -0.00188356
195.086 20.3392 -0.163167 1.57436 0.00144861 -0.0003634 -0.00188241
195.107 20.3388 -0.163083 1.57451 0.00132779 -0.000340967 -0.00188502
195.127 20.3385 -0.163004 1.57465 0.00120326 -0.000335286 -0.00188505
195.151 20.3381 -0.16293 1.5748 0.00108791 -0.0003121 -0.00188488
195.166 20.3378 -0.16286 1.57494 0.00102154 -0.000307887 -0.00188504
195.186 20.3375 -0.162795 1.57509 0.000903195 -0.000318897 -0.00188515
195.208 20.3372 -0.162734 1.57523 0.000807992 -0.000253284 -0.00188527
195.229 20.3369 -0.162676 1.57538 0.000746532 -0.00024111 -0.0018856
195.25 20.3366 -0.162621 1.57553 0.000698393 -0.000264185 -0.00188722
195.27 20.3364 -0.162569 1.57568 0.000652467 -0.000283374 -0.00188927
195.289 20.3361 -0.162521 1.57582 0.000634228 -0.000315462 -0.00189152
195.309 20.3358 -0.162474 1.57596 0.000605406 -0.000349927 -0.00189328
195.329 20.3356 -0.162431 1.57611 0.000571408 -0.000280731 -0.00189457
195.352 20.3354 -0.162389 1.57627 0.000548777 -0.000253018 -0.00189543
195.371 20.3352 -0.16235 1.57642 0.000551055 -0.000194121 -0.0018988
195.39 20.3349 -0.162313 1.57657 0.00049008 -0.000325379 -0.00190135
195.411 20.3347 -0.162279 1.57673 0.000458644 -0.000285411 -0.00190316
195.43 20.3346 -0.162246 1.57689 0.000472295 -0.000169997 -0.00190498
195.453 20.3344 -0.162215 1.57705 0.000445445 -0.000293499 -0.00190664
195.471 20.3342 -0.162186 1.57721 0.000362474 -0.000272849 -0.00190806
195.49 20.334 -0.162159 1.57737 0.000308442 -0.000140438 -0.00191023
195.513 20.3339 -0.162133 1.57753 0.000318199 -0.000263543 -0.0019122
195.532 20.3337 -0.162108 1.57769 0.000258003 -0.000255886 -0.00191189
195.553 20.3336 -0.162084 1.57785 0.00021455 -9.59144e-05 -0.00191277
195.572 20.3335 -0.162061 1.578 0.000151869 -0.000197675 -0.00191397
195.593 20.3334 -0.162039 1.57816 6.62839e-05 -6.1814e-05 -0.00191524
195.615 20.3332 -0.162017 1.57831 -1.31418e-05 -0.00017086 -0.00191649
195.633 20.3331 -0.161995 1.57846 -8.77372e-05 -5.2737e-05 -0.00191788
195.655 20.333 -0.161973 1.5786 -0.000148706 -9.45225e-05 -0.00191913
195.674 20.333 -0.16195 1.57873 -0.000185738 -3.3676e-05 -0.00192126
195.693 20.3329 -0.161928 1.57886 -0.000142846 -5.08268e-05 -0.00192262
195.714 20.3328 -0.161904 1.57898 -0.000141506 -0.000179104 -0.00192364
195.735 20.3327 -0.161881 1.57909 -0.000108785 -9.02221e-05 -0.00192448
195.756 20.3327 -0.161857 1.5792 -0.000110844 -0.000239438 -0.00192564
195.774 20.3326 -0.161832 1.57931 -7.84011e-05 -0.000157339 -0.00192725
195.794 20.3326 -0.161807 1.57941 -9.22293e-05 -0.000138424 -0.00192876
195.818 20.3325 -0.161782 1.57951 -0.000184163 -0.000225446 -0.00193003
195.837 20.3325 -0.161756 1.57961 -0.000267402 -0.000119628 -0.00193147
195.86 20.3324 -0.161729 1.5797 -0.000284763 -0.000116299 -0.0019331
195.878 20.3324 -0.161702 1.57979 -0.000314404 -0.000171125 -0.00193468
195.898 20.3324 -0.161673 1.57987 -0.000344819 -0.000265965 -0.00193618
195.921 20.3324 -0.161642 1.57995 -0.000449347 -9.57965e-05 -0.00193755
195.939 20.3324 -0.16161 1.58002 -0.000507377 -0.000123297 -0.00193891
195.959 20.3323 -0.161577 1.58009 -0.000559111 -0.00017409 -0.00194027
195.979 20.3323 -0.161541 1.58015 -0.000617234 -0.000164829 -0.00194162
195.998 20.3323 -0.161503 1.5802 -0.000669991 -0.000150263 -0.00194391
196.022 20.3323 -0.161462 1.58025 -0.000707597 -0.000144276 -0.00194456
196.039 20.3323 -0.161419 1.58028 -0.000767973 -0.000107297 -0.00194548
196.062 20.3323 -0.161372 1.58032 -0.000949236 -7.50491e-05 -0.00194557
196.08 20.3324 -0.161321 1.58035 -0.00125891 -6.051e-05 -0.00194398
196.099 20.3324 -0.161265 1.58038 -0.00162329 -3.83695e-05 -0.00194353
196.122 20.3324 -0.161202 1.58041 -0.00199047 -4.57994e-05 -0.00194339
196.144 20.3324 -0.161132 1.58043 -0.00234928 -4.85758e-05 -0.00194339
196.163 20.3324 -0.161053 1.58045 -0.00269031 -5.98089e-05 -0.00194342
196.183 20.3325 -0.160964 1.58046 -0.00300092 -9.1469e-05 -0.00194346
196.204 20.3325 -0.160864 1.58047 -0.00326534 -9.0577e-05 -0.00194459
196.228 20.3325 -0.160751 1.58047 -0.00348777 -8.37525e-05 -0.00194555
196.245 20.3326 -0.160626 1.58047 -0.00367122 -8.91806e-05 -0.00194835
196.268 20.3326 -0.160486 1.58047 -0.00380774 -8.7717e-05 -0.00194614
196.287 20.3327 -0.160333 1.58046 -0.00390459 -9.15207e-05 -0.00194394
196.307 20.3327 -0.160165 1.58044 -0.00396898 -0.000105842 -0.00194194
196.328 20.3328 -0.159982 1.58042 -0.00401099 -0.000122804 -0.001943
196.348 20.3328 -0.159784 1.5804 -0.00403865 -0.000136069 -0.00194349
196.371 20.3329 -0.159572 1.58036 -0.00404375 -0.000159403 -0.00194382
196.387 20.333 -0.159344 1.58033 -0.0040355 -0.000180484 -0.00194449
196.408 20.333 -0.159101 1.58028 -0.00402383 -0.000185018 -0.00194589
196.431 20.3331 -0.158843 1.58022 -0.00401726 -0.000182261 -0.00194715
196.449 20.3332 -0.15857 1.58016 -0.00402767 -0.000190172 -0.00194858
196.473 20.3333 -0.158283 1.58007 -0.00404201 -0.000187627 -0.00194946
196.491 20.3333 -0.15798 1.57998 -0.00405063 -0.000161143 -0.00195129
196.51 20.3334 -0.157663 1.57987 -0.00407203 -0.000146571 -0.00195158
196.531 20.3335 -0.157331 1.57975 -0.00409734 -0.000136588 -0.0019524
196.552 20.3336 -0.156983 1.57961 -0.00411231 -0.00011224 -0.00195279
196.575 20.3337 -0.156621 1.57946 -0.00413861 -0.000100176 -0.0019536
196.591 20.3338 -0.156244 1.57929 -0.00417293 -9.50436e-05 -0.00195516
196.611 20.3339 -0.155852 1.57912 -0.00417953 -9.5341e-05 -0.00195667
196.632 20.334 -0.155445 1.57894 -0.00415356 -0.000118854 -0.0019575
196.653 20.3341 -0.155024 1.57875 -0.00411145 -0.000144588 -0.0019581
196.673 20.3342 -0.154587 1.57856 -0.00406581 -0.000153289 -0.00195828
196.692 20.3343 -0.154137 1.57837 -0.00402404 -7.94298e-05 -0.00195865
196.713 20.3344 -0.153671 1.57817 -0.00400549 -0.000230985 -0.00195784
196.736 20.3345 -0.153192 1.57799 -0.00398184 -0.000114968 -0.00195803
196.753 20.3346 -0.152698 1.57781 -0.00394959 -0.000209633 -0.00195785
196.774 20.3348 -0.152191 1.57763 -0.00394718 -0.000145468 -0.00195849
196.794 20.3349 -0.151669 1.57747 -0.00393029 -0.000120721 -0.00195798
196.814 20.335 -0.151134 1.57731 -0.00390895 -0.000240965 -0.00195723
196.835 20.3351 -0.150586 1.57717 -0.00390561 -0.000118342 -0.00195799
196.854 20.3352 -0.150023 1.57703 -0.00389421 -0.000246541 -0.00195755
196.877 20.3353 -0.149448 1.5769 -0.00387442 -0.000155612 -0.00195839
196.895 20.3354 -0.148859 1.57679 -0.0038286 -0.000179229 -0.00195789
196.914 20.3355 -0.148256 1.57669 -0.00380947 -0.000324058 -0.00195666
196.936 20.3355 -0.147641 1.57659 -0.00379631 -0.000196181 -0.00195976
196.956 20.3356 -0.147013 1.57651 -0.00376341 -0.000225141 -0.00196027
196.979 20.3357 -0.146372 1.57644 -0.00375406 -0.000280006 -0.00195966
196.996 20.3358 -0.145718 1.57637 -0.00375389 -0.000280515 -0.00196126
197.02 20.3359 -0.145052 1.57632 -0.00379095 -0.000215952 -0.00196111
197.042 20.3359 -0.144373 1.57627 -0.00381584 -0.000255716 -0.00195977
197.057 20.336 -0.143681 1.57624 -0.0038517 -0.000269674 -0.00195908
197.08 20.3361 -0.142975 1.57621 -0.00406277 -0.000234789 -0.0019589
197.099 20.3361 -0.142254 1.57619 -0.00451556 -0.000217121 -0.00195929
197.12 20.3362 -0.141516 1.57618 -0.00510151 -0.000187835 -0.0019586
197.141 20.3362 -0.140761 1.57618 -0.00571873 -0.000170006 -0.00195991
197.159 20.3363 -0.139986 1.57618 -0.00631429 -0.000193668 -0.00196064
197.182 20.3363 -0.139189 1.57618 -0.00686635 -0.000174557 -0.00195972
197.2 20.3363 -0.138368 1.57619 -0.00735022 -0.000167982 -0.00195806
197.22 20.3364 -0.137521 1.5762 -0.00774927 -0.000178662 -0.00195719
197.244 20.3364 -0.136647 1.57621 -0.0080822 -0.000258858 -0.00195571
197.262 20.3364 -0.135745 1.57622 -0.0082505 -0.000167266 -0.0019567
197.282 20.3364 -0.134814 1.57624 -0.00833504 -0.000219729 -0.00195971
197.303 20.3365 -0.133853 1.57627 -0.00836637 -0.000274806 -0.00196178
197.322 20.3365 -0.132863 1.57629 -0.00839693 -0.000258397 -0.00196315
197.346 20.3365 -0.131844 1.57632 -0.00832447 -0.000205686 -0.00196468
197.363 20.3365 -0.130796 1.57636 -0.00821655 -0.000332494 -0.00196485
197.384 20.3365 -0.129719 1.5764 -0.00808542 -0.000213063 -0.00196671
197.404 20.3365 -0.128614 1.57645 -0.00792521 -0.000324675 -0.00196614
197.423 20.3365 -0.127482 1.5765 -0.00770471 -0.000341778 -0.0019658
197.443 20.3365 -0.126323 1.57655 -0.00751393 -0.000211918 -0.00196655
197.463 20.3365 -0.125139 1.57661 -0.00733013 -0.000366301 -0.00196461
197.487 20.3365 -0.123929 1.57667 -0.00715864 -0.000262217 -0.0019642
197.503 20.3365 -0.122696 1.57673 -0.00693838 -0.000229277 -0.00196611
197.523 20.3365 -0.12144 1.57679 -0.00678877 -0.000339708 -0.00196647
197.546 20.3365 -0.12016 1.57684 -0.00666148 -0.000182993 -0.00197011
197.565 20.3365 -0.118859 1.5769 -0.00652588 -0.000255951 -0.0019702
197.587 20.3365 -0.117537 1.57695 -0.00633481 -0.000228338 -0.00197135
197.606 20.3365 -0.116194 1.577 -0.00617042 -0.000225276 -0.00197243
197.625 20.3365 -0.114831 1.57705 -0.00606406 -0.000349202 -0.00197204
197.646 20.3365 -0.113448 1.5771 -0.00593102 -0.000238081 -0.00197219
197.666 20.3365 -0.112047 1.57715 -0.00585663 -0.000346408 -0.00197323
197.687 20.3365 -0.110628 1.5772 -0.00576832 -0.000257399 -0.00197513
197.707 20.3364 -0.10919 1.57725 -0.00571572 -0.00033375 -0.0019742
197.726 20.3364 -0.107734 1.57731 -0.00568639 -0.000236975 -0.0019749
197.747 20.3364 -0.10626 1.57737 -0.00568682 -0.000189661 -0.00197524
197.767 20.3364 -0.104769 1.57743 -0.00565653 -0.00033176 -0.00197581
197.789 20.3364 -0.103261 1.57749 -0.00561557 -0.000239954 -0.0019779
197.807 20.3363 -0.101736 1.57755 -0.00551826 -0.00037914 -0.00197791
197.827 20.3363 -0.100194 1.57761 -0.00544485 -0.000373859 -0.00197833
197.849 20.3363 -0.0986359 1.57767 -0.00538226 -0.000227904 -0.00197843
197.869 20.3363 -0.0970615 1.57773 -0.00532033 -0.000351448 -0.00197582
197.888 20.3362 -0.0954714 1.57779 -0.00525276 -0.000215185 -0.00197903
197.908 20.3362 -0.0938662 1.57786 -0.00514361 -0.000240294 -0.00198112
197.928 20.3362 -0.0922456 1.57792 -0.00508278 -0.000255346 -0.00198187
197.951 20.3361 -0.0906108 1.578 -0.00496464 -0.000219716 -0.00198136
197.974 20.3361 -0.0889616 1.57808 -0.00486895 -0.00037646 -0.00197986
197.992 20.3361 -0.0872987 1.57817 -0.00477115 -0.000288177 -0.00197998
198.009 20.336 -0.0856224 1.57828 -0.00465674 -0.000411916 -0.00198056
198.03 20.336 -0.0839333 1.57839 -0.0045503 -0.000307753 -0.00197966
198.05 20.3359 -0.0822316 1.57852 -0.0044632 -0.000296131 -0.00198029
198.071 20.3359 -0.0805176 1.57866 -0.00442433 -0.000353653 -0.0019835
198.093 20.3358 -0.0787898 1.57881 -0.00469194 -0.00037036 -0.0019831
198.111 20.3358 -0.0770468 1.57898 -0.00536429 -0.000433277 -0.00197957
198.134 20.3357 -0.0752869 1.57916 -0.00624841 -0.000278793 -0.00198082
198.154 20.3357 -0.0735074 1.57936 -0.00724427 -0.000287376 -0.00198283
198.177 20.3356 -0.0717055 1.57956 -0.00817594 -0.000301192 -0.00198313
198.196 20.3355 -0.0698774 1.57978 -0.00908283 -0.000209283 -0.00198431
198.214 20.3355 -0.0680202 1.58 -0.00986371 -0.000311705 -0.00198258
198.234 20.3354 -0.0661311 1.58023 -0.0105106 -0.00015878 -0.00198193
198.256 20.3353 -0.0642077 1.58047 -0.0110122 -0.000261408 -0.00197916
198.277 20.3353 -0.062248 1.5807 -0.0113834 -0.000282625 -0.0019823
198.296 20.3352 -0.060251 1.58094 -0.0115973 -0.000135619 -0.00198747
198.317 20.3351 -0.0582157 1.58118 -0.0117023 -0.000262472 -0.00198811
198.336 20.3351 -0.0561418 1.58141 -0.0116941 -0.000166296 -0.00198946
198.357 20.335 -0.0540294 1.58163 -0.0116111 -0.000217611 -0.00199213
198.377 20.335 -0.0518789 1.58185 -0.0114415 -0.000223366 -0.00199492
198.398 20.3349 -0.049691 1.58205 -0.0112085 -0.000173148 -0.00200247
198.417 20.3349 -0.0474669 1.58224 -0.010923 -6.32576e-05 -0.00200562
198.437 20.3348 -0.0452075 1.58241 -0.0105992 -0.000198606 -0.00200452
198.458 20.3347 -0.0429142 1.58256 -0.010268 -0.000172916 -0.00200648
198.478 20.3347 -0.0405883 1.5827 -0.00993078 -0.00013098 -0.00200816
198.498 20.3346 -0.0382313 1.58282 -0.00958827 -0.000138298 -0.00200883
198.519 20.3346 -0.0358445 1.58291 -0.00925159 -7.45553e-05 -0.00201068
198.538 20.3346 -0.0334293 1.58298 -0.00892515 -0.000215419 -0.00201068
198.562 20.3345 -0.0309868 1.58304 -0.00863912 -0.000220655 -0.00200956
198.579 20.3345 -0.0285184 1.58308 -0.00838889 -0.000183037 -0.00200919
198.602 20.3344 -0.0260251 1.5831 -0.00816055 -0.000196012 -0.00200918
198.62 20.3344 -0.023508 1.5831 -0.00794865 -0.000218434 -0.0020072
198.639 20.3344 -0.0209679 1.58309 -0.00775945 -0.000219004 -0.00200706
198.66 20.3344 -0.0184056 1.58305 -0.00757408 -0.000222472 -0.00200637
198.68 20.3343 -0.0158222 1.583 -0.00738981 -0.000224652 -0.00200514
198.701 20.3343 -0.0132182 1.58293 -0.00721925 -0.000225427 -0.00200567
198.72 20.3343 -0.0105943 1.58284 -0.00706046 -0.000227054 -0.00200434
198.74 20.3343 -0.00795139 1.58274 -0.00690931 -0.000221522 -0.0020004
198.762 20.3343 -0.00529001 1.58262 -0.00676217 -0.000217172 -0.0019983
198.783 20.3343 -0.00261084 1.58248 -0.00661823 -0.000217526 -0.00199696
198.807 20.3343 8.55816e-05 1.58232 -0.00648782 -0.000221514 -0.00199409
198.825 20.3343 0.00279867 1.58215 -0.00636517 -0.000219719 -0.00199449
198.842 20.3343 0.00552784 1.58197 -0.0062404 -0.000194987 -0.00199878
198.863 20.3343 0.00827261 1.58177 -0.0061264 -0.000170876 -0.00200026
198.882 20.3343 0.0110324 1.58156 -0.0060081 -9.09462e-05 -0.00200311
198.904 20.3343 0.0138069 1.58134 -0.00591651 -0.000212283 -0.0020039
198.923 20.3343 0.0165955 1.58111 -0.00579854 -0.000165638 -0.0020038
198.944 20.3344 0.0193976 1.58088 -0.00567086 -0.000150236 -0.00200226
198.965 20.3344 0.0222128 1.58064 -0.00553316 -0.000164075 -0.00200006
198.985 20.3344 0.0250405 1.58039 -0.00538601 -0.000176085 -0.00199649
199.009 20.3344 0.02788 1.58013 -0.00523677 -0.000180994 -0.00199316
199.024 20.3344 0.030731 1.57986 -0.00510607 -9.24397e-05 -0.00199347
199.044 20.3345 0.0335928 1.57958 -0.00499675 -0.000194439 -0.00199373
199.069 20.3345 0.0364646 1.57929 -0.00483556 -0.000214625 -0.00199492
199.089 20.3345 0.0393463 1.579 -0.00470355 -7.45519e-05 -0.00199905
199.11 20.3346 0.0422385 1.57871 -0.00482746 -9.9692e-05 -0.00199958
199.128 20.3346 0.0451441 1.57842 -0.00556177 -0.000239162 -0.00199656
199.149 20.3346 0.0480649 1.57814 -0.00676648 -5.91497e-05 -0.0019935
199.17 20.3347 0.0510038 1.57785 -0.00811499 -0.000142855 -0.00199513
199.189 20.3347 0.0539651 1.57756 -0.00945613 -0.000243822 -0.00199363
199.213 20.3347 0.0569532 1.57727 -0.010664 -7.61263e-05 -0.00199791
199.23 20.3347 0.059973 1.57698 -0.0117988 -0.000151546 -0.00199931
199.249 20.3348 0.0630281 1.57667 -0.0127372 -0.000194533 -0.00200032
199.272 20.3348 0.0661217 1.57637 -0.0134275 -5.34205e-05 -0.00200599
199.292 20.3348 0.0692571 1.57605 -0.013988 -0.000169825 -0.00200571
199.314 20.3349 0.0724358 1.57573 -0.0143254 -6.47875e-05 -0.00200931
199.332 20.3349 0.0756595 1.57541 -0.0145349 -0.000105313 -0.00200925
199.353 20.3349 0.0789283 1.57508 -0.0145306 -0.000129262 -0.00200637
199.373 20.335 0.0822428 1.57475 -0.0144003 -3.92612e-06 -0.00200945
199.392 20.335 0.0856023 1.57442 -0.01416 -0.000130422 -0.00200928
199.414 20.3351 0.0890059 1.57409 -0.0138242 -7.58618e-06 -0.00201403
199.434 20.3351 0.0924521 1.57377 -0.0134035 -0.000127492 -0.00201263
199.453 20.3351 0.0959393 1.57345 -0.0129342 -4.64669e-05 -0.00201538
199.475 20.3352 0.0994658 1.57313 -0.0124452 -0.000114642 -0.00201625
199.495 20.3352 0.10303 1.57282 -0.0119885 -0.000152927 -0.00201723
199.515 20.3353 0.10663 1.57251 -0.0115576 -7.78914e-09 -0.00201962
199.535 20.3353 0.110263 1.5722 -0.0110913 -0.000135516 -0.00201966
199.555 20.3353 0.113928 1.5719 -0.0107206 -0.000126773 -0.00202257
199.577 20.3354 0.117624 1.57161 -0.0103777 1.7797e-05 -0.00203005
199.597 20.3354 0.121348 1.57131 -0.00999409 -0.000119263 -0.00202675
199.621 20.3355 0.125099 1.57101 -0.00967265 1.05828e-05 -0.00203093
199.637 20.3355 0.128876 1.57071 -0.0093483 -6.29838e-05 -0.00203136
199.658 20.3356 0.132678 1.57041 -0.00908164 2.07371e-05 -0.00203143
199.679 20.3356 0.136504 1.57011 -0.00887203 3.39126e-05 -0.00202857
199.701 20.3357 0.140352 1.56981 -0.00863226 -7.73909e-05 -0.00202643
199.722 20.3357 0.144221 1.5695 -0.00840457 4.86564e-05 -0.00202959
199.739 20.3358 0.14811 1.56919 -0.00821416 -7.88541e-05 -0.00202392
199.758 20.3358 0.15202 1.56889 -0.00802891 -2.20349e-05 -0.00202615
199.779 20.3359 0.155948 1.56858 -0.00786185 -2.37536e-05 -0.0020295
199.798 20.3359 0.159895 1.56828 -0.00769419 -0.000141883 -0.00203206
199.823 20.336 0.163859 1.56798 -0.00754523 9.89063e-06 -0.00203349
199.838 20.336 0.167839 1.56768 -0.00738432 -0.000107033 -0.00203671
199.858 20.3361 0.171836 1.5674 -0.00721101 -5.13637e-08 -0.00203865
199.88 20.3361 0.175848 1.56713 -0.0070249 -9.49757e-05 -0.00203691
199.899 20.3362 0.179874 1.56686 -0.00680308 -7.47131e-05 -0.00203882
199.919 20.3362 0.183915 1.56661 -0.00657355 -0.000176981 -0.00204139
199.94 20.3363 0.187967 1.56638 -0.00636039 -0.000208725 -0.00204385
199.961 20.3363 0.192032 1.56615 -0.00612647 -0.000172389 -0.00204536
199.981 20.3364 0.196108 1.56594 -0.00595456 -0.000189745 -0.00204467
200.002 20.3364 0.200194 1.56574 -0.00578266 -6.55139e-05 -0.00204761
200.021 20.3364 0.20429 1.56556 -0.00563004 -0.000165248 -0.00204846
200.041 20.3365 0.208395 1.56539 -0.00550481 -1.85477e-05 -0.00205436
200.062 20.3365 0.212508 1.56524 -0.00539457 -0.000120808 -0.00205648
200.084 20.3366 0.216629 1.5651 -0.00529709 -2.63914e-05 -0.00205458
200.104 20.3366 0.220758 1.56498 -0.00520106 3.08413e-05 -0.00205246
200.124 20.3367 0.224896 1.56487 -0.00542132 -1.90049e-07 -0.0020535
200.144 20.3367 0.229047 1.56479 -0.00649046 1.67762e-05 -0.00205157
200.163 20.3367 0.233214 1.56474 -0.0081843 6.99134e-05 -0.00205053
200.185 20.3368 0.237401 1.5647 -0.0101003 4.96123e-05 -0.00204754
200.206 20.3368 0.241615 1.56468 -0.0120069 5.14808e-05 -0.00204713
200.225 20.3368 0.245861 1.56467 -0.0137888 5.63566e-05 -0.00204757
200.244 20.3368 0.250147 1.56466 -0.0153593 -6.03335e-05 -0.0020457
200.265 20.3369 0.254477 1.56466 -0.0166674 4.6365e-05 -0.00204494
200.288 20.3369 0.258858 1.56466 -0.0176892 4.18872e-05 -0.00204378
200.306 20.3369 0.263291 1.56466 -0.0184076 -4.51062e-05 -0.00204264
200.327 20.3369 0.267781 1.56466 -0.0188479 -0.000157297 -0.00204151
200.347 20.3369 0.272329 1.56467 -0.0190306 -2.68922e-05 -0.00204376
200.366 20.3369 0.276936 1.56467 -0.0189989 -0.000163394 -0.00204238
200.389 20.3369 0.281601 1.56469 -0.0187872 -0.000101519 -0.00204521
200.407 20.337 0.286324 1.56471 -0.0184281 -7.69171e-05 -0.00204585
200.429 20.337 0.291103 1.56474 -0.0179597 -0.000203805 -0.00204389
200.447 20.337 0.295937 1.56479 -0.0174065 -8.57213e-05 -0.00204986
200.468 20.337 0.300823 1.56485 -0.0168051 -0.000207976 -0.00204791
200.49 20.337 0.305759 1.56492 -0.0161617 -9.58881e-05 -0.00204824
200.509 20.337 0.310743 1.56501 -0.0155004 -0.000141595 -0.00204749
200.53 20.337 0.315771 1.56511 -0.0148476 -3.29332e-05 -0.00205256
200.548 20.337 0.320842 1.56523 -0.0142242 -0.000114263 -0.00205271
200.569 20.337 0.325953 1.56537 -0.013645 -3.02571e-05 -0.00205349
200.589 20.337 0.331101 1.56553 -0.0130899 -0.000108491 -0.00205528
200.608 20.337 0.336283 1.56571 -0.0125512 -8.40112e-06 -0.00205637
200.631 20.3369 0.341499 1.5659 -0.0120176 -6.00978e-07 -0.0020518
200.65 20.3369 0.346745 1.56612 -0.0115166 -0.000138446 -0.00205007
200.67 20.3369 0.352019 1.56636 -0.0110452 -6.163e-06 -0.0020562
200.693 20.3369 0.35732 1.56661 -0.0105984 -0.000145906 -0.0020537
200.71 20.3369 0.362646 1.56689 -0.0101845 -4.24749e-05 -0.00205783
200.734 20.3369 0.367995 1.5672 -0.00980203 -0.000122237 -0.00205362
200.752 20.3369 0.373365 1.56752 -0.00944851 -0.000164712 -0.00205026
200.771 20.3369 0.378756 1.56787 -0.0091345 -3.4229e-05 -0.00204903
200.792 20.3369 0.384164 1.56824 -0.00879796 -0.000166948 -0.00204712
200.813 20.3369 0.38959 1.56864 -0.00846657 -6.80748e-05 -0.00204769
200.837 20.337 0.389649 1.56819 -0.00771003 -0.000139472 -0.00198723
200.854 20.337 0.389669 1.568 -0.00739763 -0.000139472 -0.00193853
200.874 20.337 0.389601 1.56836 -0.00799896 -0.000139467 -0.00188899
200.895 20.337 0.38946 1.56921 -0.00938042 -0.000139458 -0.00183942
200.915 20.3371 0.389267 1.5704 -0.0113369 -0.000139447 -0.00178981
200.938 20.3371 0.38904 1.57184 -0.0136826 -0.000139434 -0.00174015
200.956 20.3371 0.388794 1.57342 -0.0162666 -0.000139421 -0.00169043
200.975 20.3372 0.388542 1.57507 -0.0189739 -0.000139406 -0.00164064
200.997 20.3372 0.388291 1.57675 -0.0217211 -0.000139392 -0.00159078
201.024 20.3372 0.388046 1.57842 -0.0244487 -0.000139378 -0.00154086
201.042 20.3373 0.387811 1.58005 -0.0271293 -9.29326e-05 -0.00148322
201.062 20.3373 0.387588 1.58163 -0.0297028 -9.29185e-05 -0.00143356
201.084 20.3373 0.387378 1.58314 -0.0321636 -9.29062e-05 -0.00138384
201.106 20.3373 0.387182 1.58457 -0.034498 -9.28932e-05 -0.00133406
201.123 20.3374 0.387 1.58592 -0.0366982 -9.28825e-05 -0.00128423
201.297 20.3374 0.386835 1.58718 -0.0386943 -0.000367817 -0.00123408
201.314 20.3374 0.386761 1.58836 -0.0393462 -0.000154492 -0.0011954
201.337 20.3375 0.386823 1.58944 -0.0374785 -0.000116882 -0.00117046
201.356 20.3376 0.387016 1.59041 -0.0337118 -0.00015984 -0.00115341
201.376 20.3377 0.387329 1.59127 -0.0288324 -0.000425745 -0.00113815
201.396 20.3379 0.387747 1.59202 -0.0233168 -0.000237005 -0.00114511
201.416 20.3381 0.388247 1.59268 -0.0177357 -0.000376289 -0.00103268
201.437 20.3383 0.388767 1.59322 -0.012586 -0.00081874 -0.000727189
201.457 20.3386 0.389287 1.59366 -0.00789695 -0.00083613 -0.000286364
201.477 20.3389 0.389627 1.59398 -0.00411936 -0.000712903 -0.000168169
201.499 20.3392 0.389939 1.59421 -0.000789017 -0.000586599 -7.92214e-05
201.519 20.3394 0.390016 1.59431 0.000320626 -0.000367883 8.85054e-05
201.539 20.3397 0.389945 1.59434 0.000361033 -0.000352545 0.000335764
201.56 20.34 0.38985 1.59434 0.000516163 -0.000127431 0.000504641
201.58 20.3404 0.389752 1.59432 0.000688954 -0.000136501 0.000672892
201.602 20.3408 0.389652 1.59425 0.00080102 -0.000239302 0.000819127
201.62 20.3413 0.38955 1.59414 0.000882427 -0.000282762 0.000944497
201.639 20.3418 0.389445 1.59399 0.000972768 -0.000296364 0.00104706
201.661 20.3424 0.389336 1.59377 0.00107328 -0.000318045 0.00113889
201.68 20.3431 0.389224 1.59351 0.00116295 -0.000345441 0.00121853
201.701 20.3438 0.389108 1.59319 0.0012432 -0.000461867 0.00127534
201.721 20.3446 0.388987 1.59282 0.00132298 -0.000342666 0.00131957
201.741 20.3454 0.388863 1.5924 0.00135591 -0.000434681 0.00135567
201.762 20.3463 0.388733 1.59193 0.00134005 -0.00043679 0.0013777
201.781 20.3472 0.3886 1.59142 0.00131903 -0.000415217 0.00138847
201.807 20.3483 0.388462 1.59086 0.00128493 -0.000400449 0.00139265
201.823 20.3493 0.388319 1.59024 0.0012244 -0.0004668 0.00138368
201.842 20.3505 0.388173 1.58959 0.00115263 -0.000310295 0.00136185
201.864 20.3517 0.388023 1.58889 0.00105457 -0.000416388 0.00132977
201.885 20.353 0.38787 1.58816 0.000877615 -0.000359274 0.00128768
201.907 20.3543 0.387714 1.58739 0.000698937 -0.000283077 0.00124021
201.925 20.3557 0.387556 1.58659 0.000510092 -0.000224476 0.00118333
201.946 20.3572 0.387397 1.58574 0.000307553 -0.000243599 0.00111893
201.968 20.3587 0.387237 1.58487 7.4169e-05 -8.33996e-05 0.00104982
201.987 20.3604 0.387078 1.58396 -9.98943e-05 -6.4387e-05 0.000974097
202.01 20.3621 0.386919 1.58304 -0.000308359 -8.46041e-06 0.000894209
202.027 20.3639 0.386763 1.58209 -0.000526243 2.21577e-05 0.000811178
202.047 20.3657 0.386609 1.58111 -0.000746694 5.72622e-05 0.000723065
202.068 20.3676 0.386459 1.58012 -0.000983052 8.80777e-05 0.00063055
202.087 20.3697 0.386313 1.57911 -0.00116454 0.000173287 0.000535252
202.109 20.3717 0.386172 1.5781 -0.00132286 0.000230469 0.000435114
202.127 20.3739 0.386036 1.57707 -0.00145946 0.000233654 0.000330621
202.148 20.3762 0.385907 1.57604 -0.00163881 0.000264361 0.000225787
202.17 20.3785 0.385785 1.57501 -0.00179008 0.000339591 0.000120408
202.188 20.3809 0.385669 1.57397 -0.00190117 0.00037771 1.53709e-05
202.208 20.3834 0.385562 1.57292 -0.00200526 0.000310712 -9.75173e-05
202.228 20.386 0.385462 1.57187 -0.00206299 0.000377433 -0.000206306
202.249 20.3887 0.385371 1.57082 -0.00210143 0.000449833 -0.000316789
202.271 20.3915 0.385288 1.56976 -0.00213267 0.000460319 -0.000427467
202.289 20.3943 0.385214 1.56871 -0.0021452 0.000466145 -0.000539366
202.309 20.3972 0.385146 1.56764 -0.00187534 -0.00174885 -0.000635372
202.33 20.4005 0.385088 1.56663 -0.00200217 8.02963e-05 -0.000720628
202.351 20.4041 0.385037 1.56571 -0.00198952 0.000691763 -0.000821208
202.372 20.4079 0.384993 1.56487 -0.00174361 4.03807e-05 -0.000925393
202.394 20.4119 0.384955 1.56407 -0.00141736 -0.000493089 -0.00103133
202.415 20.4163 0.384923 1.5633 -0.00106428 -0.000552595 -0.00113366
202.432 20.4208 0.384894 1.56254 -0.000730696 -0.00057065 -0.00123381
202.452 20.4256 0.384868 1.56178 -0.00041864 -0.000733549 -0.00132963
202.474 20.4306 0.384844 1.56101 -0.00014085 -0.00081139 -0.00142446
202.494 20.4359 0.38482 1.56024 0.000117974 -0.00075047 -0.00151717
202.515 20.4414 0.384795 1.55946 0.000328716 -0.000642211 -0.00160684
202.534 20.4471 0.384769 1.55868 0.000534881 -0.00063339 -0.00169622
202.554 20.4531 0.384741 1.5579 0.000709147 -0.00067793 -0.00178085
202.575 20.4592 0.38471 1.55712 0.000855509 -0.000654494 -0.00186626
202.594 20.4656 0.384675 1.55635 0.000972876 -0.000608899 -0.0019481
202.617 20.4722 0.384636 1.55558 0.0010665 -0.000591222 -0.00202756
202.637 20.479 0.384593 1.55482 0.00114354 -0.000571475 -0.00210474
202.656 20.4859 0.384545 1.55407 0.00121909 -0.000566698 -0.00217946
202.682 20.4931 0.384491 1.55333 0.00129733 -0.000482737 -0.00224972
202.7 20.5005 0.384433 1.55261 0.00137026 -0.000372252 -0.00231963
202.72 20.508 0.384369 1.5519 0.00143332 -0.000329649 -0.00238904
202.74 20.5157 0.384298 1.55121 0.00148781 -0.000216182 -0.00245553
202.76 20.5236 0.384222 1.55055 0.00152983 -0.000114293 -0.00251969
202.782 20.5316 0.38414 1.54991 0.00158478 -5.48534e-05 -0.00258082
202.801 20.5398 0.384051 1.5493 0.00164328 8.65465e-05 -0.00264187
202.824 20.5481 0.383955 1.54871 0.00167675 0.000128083 -0.00270225
202.841 20.5566 0.383853 1.54816 0.00170809 0.000282208 -0.0027594
202.861 20.5652 0.383744 1.54763 0.00177397 0.000436126 -0.00281715
202.883 20.574 0.383628 1.54714 0.00180501 0.000568478 -0.00287246
202.901 20.5829 0.383504 1.54668 0.00186532 0.000597995 -0.00292639
202.924 20.5919 0.383373 1.54626 0.00193365 0.000734392 -0.00297813
202.942 20.6011 0.383234 1.54587 0.00201119 0.000827557 -0.0030282
202.962 20.6104 0.383087 1.54551 0.00209066 0.000960883 -0.00307636
202.984 20.6198 0.382932 1.54518 0.00212876 0.00106572 -0.00311967
203.005 20.6292 0.382769 1.54489 0.00219093 0.00108798 -0.0031602
203.024 20.6388 0.382597 1.54463 0.00226852 0.00121798 -0.0031991
203.044 20.6485 0.382416 1.5444 0.00228915 0.00130811 -0.00323878
203.065 20.6583 0.382227 1.54419 0.00236387 0.00135236 -0.00327563
203.086 20.6682 0.382028 1.54401 0.00245319 0.0014779 -0.00331303
203.105 20.6781 0.38182 1.54386 0.00251677 0.00152922 -0.00334822
203.126 20.6882 0.381602 1.54374 0.00256629 0.00162688 -0.00338107
203.146 20.6983 0.381374 1.54364 0.00259656 0.00163475 -0.0034114
203.165 20.7084 0.381137 1.54357 0.00262068 0.00174762 -0.00344209
203.186 20.7187 0.38089 1.54353 0.00271017 0.00186219 -0.00347135
203.206 20.729 0.380633 1.54352 0.00272904 0.00185768 -0.00349931
203.229 20.7393 0.380365 1.54353 0.00272177 0.00192551 -0.00352116
203.246 20.7497 0.380087 1.54358 0.00280539 0.00202613 -0.00354475
203.266 20.7602 0.379799 1.54365 0.00284333 0.00203819 -0.00356575
203.289 20.7707 0.3795 1.54375 0.00288745 0.0021091 -0.00358588
203.308 20.7812 0.379191 1.54387 0.00289368 0.00212451 -0.00360341
203.328 20.7917 0.37887 1.54403 0.00306541 0.00181403 -0.00362234
203.349 20.8023 0.37854 1.54421 0.00302415 0.00198316 -0.00363804
203.371 20.813 0.378198 1.54444 0.00295289 0.00245973 -0.0036508
203.392 20.8238 0.377845 1.54472 0.00290782 0.0023381 -0.00366294
203.41 20.8346 0.37748 1.54505 0.00304955 0.00223799 -0.00367677
203.431 20.8454 0.377105 1.54542 0.00312693 0.00225226 -0.00368843
203.451 20.8563 0.376718 1.54582 0.00316437 0.00222554 -0.00370104
203.473 20.8672 0.376319 1.54625 0.00329756 0.00222438 -0.00371162
203.494 20.8781 0.37591 1.54672 0.00330964 0.00219837 -0.00372015
203.514 20.889 0.375487 1.54721 0.00336873 0.00220779 -0.00372595
203.535 20.8999 0.375053 1.54772 0.00347555 0.00220544 -0.00373335
203.555 20.9108 0.374607 1.54826 0.00345082 0.00214071 -0.00374109
203.573 20.9217 0.374148 1.54881 0.00349799 0.00212372 -0.00374651
203.595 20.9325 0.373678 1.54938 0.00347311 0.00208217 -0.00375268
203.614 20.9434 0.373195 1.54995 0.00344217 0.00207234 -0.00375718
203.635 20.9542 0.3727 1.55054 0.00340285 0.00198708 -0.00376068
203.654 20.965 0.372194 1.55114 0.00336242 0.00197072 -0.00376136
203.675 20.9757 0.371677 1.55174 0.00325746 0.00193174 -0.00375998
203.698 20.9863 0.371148 1.55234 0.00324336 0.00194577 -0.00375885
203.715 20.9969 0.370608 1.55294 0.00313546 0.00182558 -0.003761
203.74 21.0075 0.370059 1.55354 0.00300817 0.00180667 -0.00375931
203.757 21.0179 0.369499 1.55413 0.00296293 0.00181905 -0.00375687
203.776 21.0283 0.36893 1.55473 0.00279285 0.00176676 -0.0037559
203.797 21.0386 0.368352 1.55532 0.00270996 0.00168409 -0.00375234
203.817 21.0488 0.367765 1.5559 0.00264992 0.00171858 -0.00374672
203.839 21.0589 0.36717 1.55648 0.00248326 0.00167934 -0.00374099
203.858 21.069 0.366567 1.55705 0.00242789 0.00168032 -0.00373472
203.878 21.0789 0.365958 1.5576 0.00230528 0.00155904 -0.00372883
203.901 21.0887 0.365341 1.55815 0.00217327 0.00155762 -0.00372282
203.921 21.0983 0.364718 1.55867 0.00214852 0.00160469 -0.0037129
203.942 21.1079 0.36409 1.55918 0.00203298 0.00160209 -0.00370684
203.962 21.1173 0.363455 1.55968 0.00195843 0.00152539 -0.00370027
203.981 21.1266 0.362816 1.56015 0.00190332 0.00158793 -0.00368985
204.003 21.1358 0.362171 1.56061 0.00179851 0.0015156 -0.00367996
204.022 21.1448 0.361522 1.56105 0.00169448 0.0015516 -0.00367039
204.045 21.1537 0.360869 1.56147 0.00157489 0.00156704 -0.00365743
204.063 21.1625 0.360213 1.56186 0.00148864 0.00147733 -0.00364091
204.084 21.1711 0.359552 1.56224 0.00142969 0.00148199 -0.00362715
204.104 21.1795 0.35889 1.56259 0.00130946 0.00137917 -0.00361685
204.123 21.1878 0.358225 1.56292 0.00117323 0.00134877 -0.00360638
204.148 21.1959 0.357557 1.56323 0.00109957 0.00123793 -0.0035942
204.165 21.2038 0.356888 1.56352 0.00101697 0.00124427 -0.00358356
204.185 21.2116 0.356218 1.56379 0.000955898 0.00122681 -0.00357155
204.208 21.2192 0.355547 1.56404 0.000866446 0.00108471 -0.00355879
204.229 21.2266 0.354875 1.56428 0.0007627 0.00105922 -0.00354379
204.25 21.2338 0.354203 1.56449 0.00069033 0.000952422 -0.00353023
204.269 21.2408 0.353531 1.5647 0.000610245 0.000950253 -0.00351683
204.288 21.2476 0.35286 1.56488 0.00048982 0.000898705 -0.00350524
204.308 21.2543 0.352189 1.56506 0.000389626 0.000778844 -0.00348937
204.328 21.2607 0.351519 1.56522 0.000295432 0.000740276 -0.00347434
204.349 21.2669 0.350852 1.56537 0.000197323 0.0006061 -0.00346129
204.369 21.2729 0.350186 1.5655 9.24859e-05 0.000430303 -0.00344891
204.388 21.2787 0.349523 1.56562 4.56522e-06 0.000417095 -0.00343502
204.41 21.2843 0.348862 1.56573 -8.11367e-05 0.000322617 -0.00342058
204.431 21.2898 0.348205 1.56583 -0.000161648 0.00017606 -0.00340728
204.449 21.295 0.34755 1.56592 -0.000232771 6.40388e-05 -0.00339414
204.47 21.3 0.3469 1.56599 -0.000302417 -0.000107609 -0.00338065
204.49 21.3048 0.346253 1.56606 -0.000373707 -0.00015119 -0.00336876
204.51 21.3094 0.345611 1.56612 -0.000443201 -0.000247732 -0.0033563
204.529 21.3138 0.344972 1.56617 -0.000503245 -0.000436144 -0.00334526
204.55 21.3181 0.344339 1.56622 -0.000575771 -0.000485505 -0.00333505
204.57 21.3222 0.34371 1.56626 -0.000644036 -0.000484253 -0.00332306
204.59 21.326 0.343087 1.56631 -0.000695393 -0.000620514 -0.00331216
204.611 21.3297 0.342468 1.56636 -0.000755234 -0.000643883 -0.0033011
204.631 21.3333 0.341855 1.56641 -0.000817842 -0.000577165 -0.0032903
204.654 21.3366 0.341248 1.56646 -0.000868956 -0.000657554 -0.00328123
204.672 21.3398 0.340647 1.56651 -0.000920183 -0.000647397 -0.00327258
204.691 21.3428 0.340052 1.56657 -0.000965717 -0.000622938 -0.00326369
204.713 21.3457 0.339463 1.56663 -0.00100945 -0.000731531 -0.00325524
204.732 21.3484 0.33888 1.5667 -0.00106043 -0.000703524 -0.0032483
204.753 21.3509 0.338304 1.56677 -0.00112386 -0.000679381 -0.00324108
204.772 21.3533 0.337735 1.56683 -0.00120563 -0.000800904 -0.00323622
204.793 21.3555 0.337173 1.5669 -0.00124432 -0.000796059 -0.00322989
204.815 21.3576 0.336617 1.56696 -0.00128022 -0.00077472 -0.00322333
204.836 21.3596 0.336069 1.56702 -0.00134436 -0.000909482 -0.00321639
204.86 21.3614 0.335529 1.56709 -0.00138182 -0.000931799 -0.00321194
204.876 21.363 0.334996 1.56715 -0.00142156 -0.000904134 -0.00320719
204.895 21.3646 0.33447 1.56721 -0.00147131 -0.000944842 -0.00320262
204.916 21.366 0.333953 1.56728 -0.00150471 -0.0010815 -0.00319649
204.937 21.3672 0.333444 1.56735 -0.00158766 -0.00107313 -0.00319126
204.956 21.3683 0.332943 1.56742 -0.00165942 -0.00108355 -0.00318668
204.977 21.3693 0.33245 1.56751 -0.00169202 -0.00123053 -0.0031822
204.996 21.3702 0.331966 1.5676 -0.00176367 -0.00124582 -0.00317888
205.019 21.371 0.331491 1.5677 -0.00181048 -0.00128426 -0.00317593
205.04 21.3716 0.331025 1.56781 -0.00182918 -0.00140368 -0.00317135
205.061 21.3721 0.330568 1.56793 -0.00189247 -0.00139668 -0.00316752
205.079 21.3725 0.330119 1.56805 -0.00187782 -0.00148188 -0.00316303
205.099 21.3728 0.329681 1.56818 -0.00191771 -0.00150117 -0.00315944
205.121 21.373 0.329251 1.56832 -0.0019741 -0.00148674 -0.003156
205.139 21.3731 0.328831 1.56846 -0.00197511 -0.00159359 -0.003152
205.163 21.3731 0.328421 1.5686 -0.00203355 -0.00162427 -0.00314991
205.181 21.373 0.32802 1.56875 -0.00208864 -0.00163626 -0.00314742
205.2 21.3728 0.327628 1.5689 -0.00209967 -0.00176017 -0.00314401
205.227 21.3726 0.327247 1.56905 -0.00211725 -0.00178796 -0.00314004
205.245 21.3722 0.326875 1.56921 -0.00213981 -0.00176825 -0.00313632
205.268 21.3717 0.326513 1.56937 -0.00213894 -0.00188534 -0.00313424
205.286 21.3712 0.326161 1.56953 -0.00215357 -0.00189889 -0.00313363
205.306 21.3705 0.325819 1.56969 -0.0021736 -0.00188427 -0.00313303
205.329 21.3698 0.325487 1.56984 -0.00219145 -0.00191873 -0.0031313
205.348 21.3691 0.325164 1.57 -0.00222646 -0.00205148 -0.0031295
205.371 21.3682 0.324852 1.57016 -0.00219654 -0.00199629 -0.00312748
205.389 21.3673 0.324549 1.57032 -0.00219774 -0.00230943 -0.00312416
205.408 21.3663 0.324256 1.57049 -0.00216904 -0.00210212 -0.00312088
205.428 21.3653 0.323972 1.57066 -0.00214158 -0.00205526 -0.00311901
205.45 21.3643 0.323698 1.57084 -0.00212221 -0.00220786 -0.00311889
205.473 21.3632 0.323434 1.57102 -0.00212392 -0.00238931 -0.00311682
205.49 21.3621 0.323178 1.57121 -0.00210709 -0.00231427 -0.00311514
205.509 21.3609 0.322932 1.5714 -0.00211343 -0.00236949 -0.00311335
205.531 21.3597 0.322695 1.57159 -0.00207087 -0.00235233 -0.00311256
205.553 21.3585 0.322467 1.57179 -0.00203437 -0.00232029 -0.0031138
205.574 21.3573 0.322248 1.572 -0.0020402 -0.00241477 -0.00311451
205.593 21.3561 0.322037 1.5722 -0.0020032 -0.00232155 -0.00311648
205.612 21.3548 0.321835 1.57242 -0.0019734 -0.0022363 -0.00311663
205.636 21.3535 0.321642 1.57263 -0.00195268 -0.00228918 -0.00311783
205.655 21.3522 0.321456 1.57286 -0.00194791 -0.00222121 -0.0031205
205.679 21.3509 0.32128 1.57308 -0.00202272 -0.0026363 -0.00312275
205.694 21.3497 0.321111 1.57332 -0.0018596 -0.00200764 -0.00313279
205.714 21.3485 0.320949 1.57355 -0.00169779 -0.00193954 -0.00314485
205.737 21.3473 0.320794 1.57378 -0.00140892 -0.00208678 -0.0031575
205.757 21.3461 0.320644 1.574 -0.000891769 -0.00207075 -0.0031703
205.776 21.3449 0.320495 1.5742 -0.000142169 -0.00200011 -0.00318495
205.796 21.3438 0.320347 1.57438 0.000845032 -0.00197135 -0.0032
205.818 21.3427 0.320194 1.57454 0.00204985 -0.00191118 -0.0032146
205.84 21.3416 0.320031 1.57469 0.00349908 -0.00189931 -0.00323002
205.858 21.3405 0.319855 1.57482 0.00517822 -0.0018429 -0.00324778
205.878 21.3395 0.319657 1.57495 0.00701064 -0.00174111 -0.003261
205.9 21.3385 0.319432 1.57506 0.00895238 -0.00172274 -0.00327663
205.92 21.3375 0.319171 1.57517 0.0109877 -0.00162599 -0.00329041
205.941 21.3365 0.318868 1.57528 0.0131351 -0.00146431 -0.00330453
205.961 21.3355 0.318513 1.57539 0.0154345 -0.00147653 -0.00331952
205.982 21.3346 0.318098 1.5755 0.0177882 -0.00133998 -0.00333204
206.001 21.3337 0.317614 1.57561 0.0202171 -0.00124633 -0.00334728
206.021 21.3328 0.317052 1.57572 0.0226819 -0.00118258 -0.00336023
206.044 21.3319 0.316403 1.57582 0.0250812 -0.00105584 -0.00337199
206.061 21.331 0.315658 1.57593 0.0274128 -0.00100772 -0.00338593
206.084 21.3302 0.314808 1.57602 0.0297059 -0.000926503 -0.00339863
206.102 21.3293 0.313845 1.57611 0.0319815 -0.000825204 -0.00340856
206.122 21.3285 0.31276 1.57619 0.0342159 -0.000700737 -0.00341859
206.142 21.3277 0.311545 1.57625 0.0363648 -0.000680115 -0.00342905
206.163 21.3269 0.310192 1.57631 0.0385483 -0.000669572 -0.00344001
206.184 21.3261 0.308691 1.57636 0.0407593 -0.000601935 -0.0034497
206.204 21.3254 0.307037 1.57639 0.0429471 -0.00050816 -0.00345592
206.223 21.3246 0.30522 1.57642 0.0451011 -0.00046155 -0.00346489
206.244 21.3239 0.303232 1.57643 0.0471991 -0.000324388 -0.00347242
206.264 21.3231 0.301067 1.57643 0.0492936 -0.000317334 -0.00348542
206.284 21.3224 0.298716 1.57642 0.0514223 -0.000270303 -0.00349754
206.304 21.3217 0.29617 1.5764 0.0535342 -0.000190235 -0.00350739
206.324 21.3209 0.293424 1.57638 0.0556557 -0.00015609 -0.00351903
206.346 21.3202 0.290469 1.57634 0.0578204 -4.20586e-05 -0.00352586
206.367 21.3195 0.287296 1.57629 0.0600616 -7.18317e-05 -0.00354135
206.388 21.3188 0.283898 1.57624 0.062274 -5.52305e-05 -0.00355425
206.406 21.3181 0.280267 1.57619 0.0644509 0.000413034 -0.00354091
206.427 21.3173 0.276387 1.57617 0.0677024 0.000149666 -0.0035667
206.447 21.3165 0.272236 1.57621 0.0731093 3.64246e-06 -0.00358104
206.467 21.3157 0.2678 1.57632 0.0796113 0.000236858 -0.00356881
206.49 21.3148 0.263062 1.57649 0.086003 0.000195564 -0.00358008
206.507 21.314 0.258003 1.57668 0.0916016 0.000360035 -0.00357623
206.526 21.3131 0.252608 1.57687 0.0960125 0.000439697 -0.00358221
206.548 21.3122 0.246864 1.57705 0.0990358 0.00032763 -0.00360729
206.568 21.3113 0.240759 1.5772 0.100608 0.000448965 -0.00360983
206.59 21.3104 0.234292 1.57731 0.100755 0.000487852 -0.00362254
206.609 21.3094 0.227461 1.57738 0.0995364 0.000390082 -0.00365041
206.628 21.3085 0.220273 1.57741 0.0971555 0.000429343 -0.00366478
206.65 21.3076 0.212737 1.5774 0.0937495 0.000484758 -0.00367565
206.67 21.3067 0.204865 1.57736 0.0895076 0.000313686 -0.00370824
206.689 21.3058 0.196675 1.57728 0.0845369 0.000285518 -0.0037244
206.71 21.3049 0.188186 1.57717 0.0790076 0.00038971 -0.00373104
206.73 21.304 0.179419 1.57704 0.0731473 0.000223169 -0.00375934
206.753 21.3031 0.170397 1.57689 0.0670376 0.00010774 -0.00378738
206.771 21.3022 0.161144 1.57672 0.0607389 0.00026578 -0.00379619
206.792 21.3013 0.151683 1.57654 0.054453 0.000125912 -0.00382463
206.811 21.3005 0.142041 1.57635 0.0481853 7.68247e-05 -0.00384861
206.831 21.2997 0.132241 1.57615 0.0419532 0.00012973 -0.00386937
206.854 21.2989 0.12231 1.57594 0.0357728 -2.37069e-05 -0.00390094
206.873 21.2981 0.11227 1.57573 0.0296548 8.60989e-05 -0.00392561
206.894 21.2973 0.102146 1.57552 0.023667 -5.06192e-05 -0.00395564
206.912 21.2966 0.0919622 1.5753 0.0178056 -0.000149806 -0.00398345
206.933 21.2959 0.0817411 1.57509 0.0120398 -2.73306e-05 -0.00400587
206.954 21.2952 0.0715053 1.57487 0.00641437 -0.000236704 -0.00403541
206.975 21.2946 0.0612778 1.57465 0.000786396 -0.000178101 -0.00406383
206.995 21.294 0.0510799 1.57442 -0.00475025 -0.000104474 -0.00409658
207.013 21.2935 0.0409328 1.57419 -0.0101278 -0.000377636 -0.00412692
207.034 21.293 0.0308579 1.57395 -0.015461 -0.000255822 -0.00415875
207.055 21.2925 0.0208757 1.57371 -0.0207189 -0.000242304 -0.00418611
207.076 21.2921 0.0110065 1.57346 -0.0258982 -0.000471748 -0.0042077
207.096 21.2917 0.00127069 1.57321 -0.0311094 -0.000293185 -0.00423748
207.116 21.2914 -0.00831241 1.57295 -0.0362262 -0.00042077 -0.0042611
207.137 21.2912 -0.0177223 1.57269 -0.0414225 -0.000478104 -0.00428373
207.158 21.291 -0.0269391 1.57242 -0.046678 -0.000322146 -0.00431313
207.178 21.2908 -0.0359439 1.57215 -0.0518675 -0.000456581 -0.00432548
207.202 21.2908 -0.0447172 1.57188 -0.0569116 -0.000448687 -0.00434424
207.219 21.2907 -0.0532419 1.5716 -0.061517 -0.000310563 -0.00437334
207.238 21.2908 -0.0615023 1.57132 -0.0654886 -0.000495883 -0.00438185
207.26 21.2909 -0.0694842 1.57102 -0.0687396 -0.000470812 -0.00440709
207.283 21.291 -0.0771767 1.57071 -0.0712312 -0.000439448 -0.00443644
207.303 21.2912 -0.0845711 1.57038 -0.0729941 -0.000471989 -0.00446124
207.322 21.2914 -0.0916613 1.57002 -0.0740992 -0.000366647 -0.00449343
207.341 21.2917 -0.0984434 1.56964 -0.0746319 -0.000440382 -0.00451464
207.364 21.292 -0.104916 1.56924 -0.0746643 -0.000440854 -0.00453882
207.382 21.2923 -0.111079 1.56881 -0.0742967 -0.000386063 -0.00456089
207.404 21.2927 -0.116935 1.56836 -0.0736313 -0.000329711 -0.0045799
207.422 21.2932 -0.122487 1.56789 -0.0727193 -5.07822e-05 -0.00461267
207.442 21.2936 -0.127741 1.56741 -0.0711977 -0.000179479 -0.0046091
207.464 21.2941 -0.132707 1.56693 -0.0681953 -0.00027693 -0.00461158
207.486 21.2946 -0.137398 1.56645 -0.0639672 -0.000246 -0.00462032
207.504 21.2951 -0.141828 1.56596 -0.0592304 1.80925e-06 -0.00463704
207.524 21.2956 -0.146012 1.56546 -0.0543972 9.07549e-05 -0.00463652
207.544 21.2961 -0.149972 1.56495 -0.049598 -1.63509e-05 -0.00462119
207.567 21.2967 -0.153725 1.56441 -0.0450283 0.000166863 -0.00461347
207.586 21.2972 -0.157288 1.56386 -0.0407523 0.000327184 -0.00459881
207.607 21.2978 -0.16068 1.5633 -0.0368328 0.00021442 -0.00456929
207.626 21.2983 -0.163914 1.56273 -0.0332658 0.000310425 -0.00454507
207.645 21.2989 -0.167007 1.56215 -0.029992 0.000331385 -0.00451326
207.666 21.2995 -0.169972 1.56157 -0.0270395 0.000329895 -0.00447974
207.686 21.3001 -0.172819 1.56098 -0.0244756 0.000390623 -0.00443712
207.708 21.3006 -0.175559 1.56039 -0.0223372 0.000342053 -0.00438637
207.726 21.3012 -0.1782 1.5598 -0.0206471 0.000426596 -0.00433802
207.747 21.3018 -0.180749 1.55921 -0.019347 0.000380252 -0.00428504
207.769 21.3024 -0.183213 1.55863 -0.0184094 0.000308398 -0.00422455
207.788 21.3029 -0.185594 1.55806 -0.0178046 0.000314768 -0.00416438
207.807 21.3035 -0.187896 1.5575 -0.0174774 0.000311932 -0.00410444
207.828 21.3041 -0.190121 1.55696 -0.0173631 0.000290933 -0.00404525
207.849 21.3046 -0.192269 1.55644 -0.017416 0.000267437 -0.00398459
207.871 21.3052 -0.194341 1.55594 -0.0175937 0.00025184 -0.00392161
207.891 21.3057 -0.196336 1.55547 -0.0178596 0.000232433 -0.00385792
207.911 21.3063 -0.198254 1.55503 -0.0181539 0.000209635 -0.00379302
207.929 21.3068 -0.200095 1.55462 -0.0184498 0.000207585 -0.00372805
207.95 21.3073 -0.201857 1.55424 -0.0187409 0.000191193 -0.0036633
207.971 21.3079 -0.203539 1.55389 -0.0190059 0.000161852 -0.00360187
207.995 21.3084 -0.205141 1.55357 -0.0192169 0.000220984 -0.00355707
208.011 21.3089 -0.206662 1.55328 -0.0193455 0.00013814 -0.00353049
208.032 21.3094 -0.208102 1.55304 -0.0193642 0.000118098 -0.00351098
208.052 21.3099 -0.209462 1.55284 -0.0193004 0.000133118 -0.00348871
208.074 21.3104 -0.210741 1.55267 -0.0191812 0.000132461 -0.00347833
208.094 21.3108 -0.21194 1.55255 -0.0190228 0.000130829 -0.00346977
208.114 21.3113 -0.21306 1.55246 -0.018834 0.000123376 -0.00345797
208.133 21.3117 -0.214103 1.55241 -0.018615 0.000106403 -0.00344013
208.154 21.3121 -0.215069 1.5524 -0.0183647 8.91408e-05 -0.00342434
208.175 21.3126 -0.215959 1.55242 -0.0180939 7.53832e-05 -0.003415
208.194 21.313 -0.216775 1.55247 -0.0178122 5.62662e-05 -0.00340671
208.218 21.3133 -0.217518 1.55254 -0.0175259 3.63052e-05 -0.00340221
208.235 21.3137 -0.21819 1.55264 -0.0172369 1.57521e-05 -0.00340451
208.254 21.3141 -0.218791 1.55277 -0.016953 -8.95483e-06 -0.00341141
208.279 21.3144 -0.219324 1.55291 -0.0166815 -2.6444e-05 -0.00341894
208.298 21.3148 -0.219789 1.55308 -0.0164432 -5.75942e-05 -0.00342752
208.321 21.3151 -0.220188 1.55326 -0.0162214 -9.04882e-05 -0.00343033
208.338 21.3154 -0.220521 1.55347 -0.0160162 -0.000101088 -0.00342874
208.358 21.3157 -0.22079 1.5537 -0.0158399 -0.000107587 -0.00342429
208.381 21.316 -0.220996 1.55396 -0.0156926 -0.000106881 -0.00341929
208.4 21.3163 -0.221139 1.55425 -0.0155686 -0.000109259 -0.00342065
208.421 21.3165 -0.22122 1.55457 -0.0154578 -0.00012958 -0.0034256
208.44 21.3168 -0.221239 1.55491 -0.0153502 -0.000153244 -0.00343149
208.461 21.317 -0.221198 1.55529 -0.0151675 -0.000236393 -0.00342884
208.485 21.3172 -0.221101 1.55568 -0.0145597 -0.000114279 -0.00341725
208.508 21.3175 -0.22095 1.55608 -0.0134502 -0.000186674 -0.00340715
208.526 21.3177 -0.220748 1.55647 -0.012056 -0.000267539 -0.00339807
208.548 21.3179 -0.2205 1.55686 -0.0105755 -0.000256371 -0.00338822
208.57 21.318 -0.220212 1.55724 -0.00911206 -0.000266562 -0.00338067
208.589 21.3182 -0.219889 1.55761 -0.00772451 -0.000401037 -0.0033718
208.609 21.3184 -0.219536 1.55797 -0.00644576 -0.00029701 -0.00336396
208.629 21.3185 -0.219159 1.55833 -0.00526573 -0.000306468 -0.00335502
208.75 21.3186 -0.218762 1.55867 -0.00421549 -0.000482299 -0.00334689
208.826 21.3188 -0.218348 1.559 -0.00330969 -0.000376062 -0.00333932
208.847 21.3189 -0.217923 1.55933 -0.00249551 -0.00039394 -0.00333134
208.865 21.319 -0.217488 1.55964 -0.00179438 -0.000518266 -0.00332279
208.887 21.3191 -0.217047 1.55995 -0.00119319 -0.000372888 -0.00331531
208.906 21.3191 -0.216603 1.56024 -0.000681321 -0.000504276 -0.00330754
208.926 21.3192 -0.216156 1.56051 -0.000240335 -0.000460852 -0.00329917
208.946 21.3193 -0.21571 1.56078 0.000121869 -0.000320995 -0.00329067
208.966 21.3193 -0.215266 1.56102 0.000435962 -0.0004571 -0.00328311
208.989 21.3194 -0.214824 1.56126 0.000717925 -0.000317182 -0.00327455
209.007 21.3194 -0.214387 1.56149 0.000989501 -0.000419904 -0.00326725
209.027 21.3195 -0.213954 1.56171 0.00122532 -0.000339866 -0.0032599
209.048 21.3195 -0.213528 1.56192 0.00143216 -0.000459392 -0.00325417
209.069 21.3195 -0.213108 1.56212 0.00160245 -0.000462044 -0.00324856
209.088 21.3195 -0.212696 1.5623 0.00175777 -0.000329769 -0.00324135
209.108 21.3195 -0.212292 1.56247 0.00190669 -0.000463653 -0.00323581
209.128 21.3195 -0.211896 1.56263 0.00202582 -0.00043557 -0.00323059
209.149 21.3195 -0.21151 1.56277 0.00212076 -0.00031562 -0.00322525
209.169 21.3194 -0.211133 1.56289 0.00222467 -0.000427264 -0.00321973
209.19 21.3194 -0.210766 1.56299 0.00234612 -0.000453085 -0.0032138
209.21 21.3194 -0.210409 1.56308 0.00246097 -0.0004045 -0.00320913
209.229 21.3193 -0.210063 1.56315 0.0025728 -0.000404466 -0.00320353
209.25 21.3193 -0.209729 1.56321 0.00269758 -0.000437571 -0.00319897
209.271 21.3192 -0.209405 1.56323 0.00283231 -0.000468984 -0.00319445
209.291 21.3191 -0.209094 1.56324 0.002979 -0.000495301 -0.00319304
209.311 21.3191 -0.208796 1.56322 0.00314343 -0.000520257 -0.00319005
209.331 21.319 -0.208511 1.56319 0.00330566 -0.000513255 -0.00318797
209.355 21.3189 -0.20824 1.56314 0.00346131 -0.000505386 -0.00318783
209.374 21.3188 -0.207983 1.56307 0.00360785 -0.000504826 -0.00318687
209.394 21.3188 -0.20774 1.56299 0.00374425 -0.000498907 -0.00318706
209.413 21.3187 -0.207513 1.56289 0.00386651 -0.000488306 -0.00318806
209.433 21.3186 -0.207302 1.56277 0.00398275 -0.000472574 -0.00318834
209.455 21.3185 -0.207107 1.56264 0.00410029 -0.000452 -0.00318755
209.475 21.3184 -0.206929 1.56249 0.00420185 -0.000435564 -0.00318981
209.496 21.3182 -0.206767 1.56233 0.00430681 -0.000418468 -0.00319156
209.515 21.3181 -0.206623 1.56216 0.00443215 -0.000387134 -0.00319536
209.536 21.318 -0.206497 1.56198 0.00456157 -0.000377113 -0.00319854
209.557 21.3179 -0.206389 1.56179 0.00468725 -0.000380184 -0.00319954
209.575 21.3177 -0.206299 1.56158 0.00481632 -0.000371107 -0.00320213
209.597 21.3176 -0.206229 1.56137 0.00495405 -0.000378187 -0.00320392
209.616 21.3174 -0.206178 1.56115 0.00509085 -0.000384108 -0.00320671
209.636 21.3173 -0.206148 1.56092 0.00521853 -0.000441112 -0.00320838
209.657 21.3171 -0.206137 1.56069 0.00533272 -0.000372653 -0.0032048
209.676 21.317 -0.206148 1.56047 0.00542819 -0.000360853 -0.00320126
209.699 21.3169 -0.20618 1.56027 0.00550513 -0.000404883 -0.00319547
209.717 21.3167 -0.206233 1.56008 0.00556762 -0.000435923 -0.00318888
209.738 21.3166 -0.206308 1.5599 0.00562247 -0.000443986 -0.00318187
209.759 21.3165 -0.206405 1.55973 0.00566349 -0.000445133 -0.0031749
209.777 21.3163 -0.206523 1.55958 0.00568738 -0.000443423 -0.00317052
209.799 21.3162 -0.206664 1.55943 0.00569571 -0.000421508 -0.00316584
209.82 21.3161 -0.206826 1.55929 0.00569135 -0.000410802 -0.00316206
209.839 21.316 -0.20701 1.55915 0.00566888 -0.000422665 -0.00315782
209.861 21.3158 -0.207215 1.55901 0.00563525 -0.0004349 -0.00315376
209.882 21.3157 -0.207442 1.55888 0.00558899 -0.00042812 -0.00314909
209.903 21.3156 -0.20769 1.55875 0.00552201 -0.000424498 -0.00314514
209.92 21.3155 -0.207958 1.55862 0.00543465 -0.000431403 -0.00314032
209.941 21.3154 -0.208247 1.55849 0.00534217 -0.000426197 -0.00313532
209.962 21.3153 -0.208556 1.55837 0.00525938 -0.000416385 -0.00312937
209.981 21.3152 -0.208884 1.55826 0.00517322 -0.000417747 -0.00312348
210.003 21.3151 -0.209232 1.55815 0.00506675 -0.00041504 -0.00311912
210.021 21.315 -0.209598 1.55806 0.00494362 -0.000416723 -0.00311448
210.043 21.3149 -0.209983 1.55799 0.00480584 -0.000422155 -0.00311012
210.062 21.3148 -0.210385 1.55792 0.00466785 -0.000408134 -0.0031084
210.082 21.3147 -0.210804 1.55787 0.00451753 -0.000396254 -0.00310538
210.104 21.3146 -0.21124 1.55784 0.00436511 -0.000370052 -0.00310269
210.123 21.3145 -0.211691 1.55782 0.00423863 -0.000343484 -0.00310023
210.143 21.3144 -0.212158 1.55781 0.00412627 -0.000346576 -0.00309747
210.165 21.3144 -0.212639 1.55783 0.00402273 -0.000345718 -0.00309477
210.188 21.3143 -0.213135 1.55786 0.00393542 -0.000339154 -0.00309342
210.205 21.3142 -0.213645 1.55791 0.00387131 -0.000334502 -0.00309091
210.226 21.3141 -0.214168 1.55799 0.00381305 -0.000311561 -0.0030883
210.246 21.3141 -0.214705 1.55808 0.00376829 -0.000295835 -0.00308752
210.267 21.314 -0.215255 1.55819 0.00371498 -0.000297704 -0.00308802
210.288 21.314 -0.215817 1.55833 0.00363948 -0.000292672 -0.00308816
210.309 21.3139 -0.216392 1.5585 0.00355137 -0.000281574 -0.00308836
210.327 21.3138 -0.216979 1.55869 0.00344492 -0.000276674 -0.00308809
210.349 21.3138 -0.217578 1.55891 0.00333169 -0.000264684 -0.00308638
210.369 21.3137 -0.218188 1.55915 0.00322823 -0.000252988 -0.00308512
210.389 21.3137 -0.218809 1.55942 0.00312512 -0.000254123 -0.00308598
210.414 21.3137 -0.21944 1.55971 0.00301935 -0.000249875 -0.00308663
210.429 21.3136 -0.220081 1.56003 0.00292521 -0.000242255 -0.00308579
210.449 21.3136 -0.220731 1.56036 0.00283596 -0.000214689 -0.00308674
210.471 21.3136 -0.221391 1.56072 0.00274417 -0.000205303 -0.0030877
210.494 21.3135 -0.222059 1.5611 0.002651 -0.000217567 -0.00308812
210.514 21.3135 -0.222735 1.5615 0.00255357 -0.000214481 -0.00308789
210.533 21.3135 -0.223419 1.56191 0.00244325 -0.0002122 -0.00308843
210.553 21.3135 -0.224111 1.56234 0.00231319 -0.000221099 -0.00309006
210.574 21.3134 -0.224809 1.56279 0.00216963 -0.000232902 -0.003092
210.593 21.3134 -0.225514 1.56324 0.00203147 -0.000246147 -0.00309395
210.616 21.3134 -0.226224 1.5637 0.00191577 -0.000271393 -0.0030961
210.634 21.3134 -0.22694 1.56417 0.00181368 -0.000289425 -0.00309843
210.653 21.3134 -0.22766 1.56465 0.00171311 -0.00027697 -0.00310009
210.679 21.3134 -0.228385 1.56514 0.00166779 -0.000270788 -0.00310172
210.698 21.3134 -0.229115 1.56563 0.00170531 -0.000279149 -0.00310357
210.722 21.3134 -0.22985 1.56612 0.00179024 -0.00027767 -0.00310687
210.738 21.3134 -0.230589 1.56662 0.00188084 -0.000284613 -0.00311054
210.758 21.3134 -0.231333 1.56712 0.00195829 -0.00030925 -0.00311434
210.781 21.3134 -0.232082 1.56761 0.00202409 -0.000342707 -0.00311713
210.799 21.3135 -0.232837 1.56811 0.00208708 -0.000367891 -0.00312005
210.822 21.3135 -0.233598 1.56861 0.00213004 -0.000390872 -0.00312359
210.84 21.3135 -0.234364 1.5691 0.00214532 -0.000382241 -0.00312579
210.861 21.3135 -0.235136 1.56958 0.00214096 -0.000348218 -0.00312614
210.883 21.3135 -0.235914 1.57006 0.00212012 -0.000338404 -0.0031276
210.903 21.3136 -0.236698 1.57053 0.00207215 -0.000348585 -0.00312904
210.924 21.3136 -0.237486 1.57099 0.00199702 -0.000380481 -0.00313106
210.942 21.3136 -0.23828 1.57143 0.00189629 -0.000405596 -0.00313366
210.962 21.3137 -0.239079 1.57186 0.00177147 -0.000391056 -0.00313475
210.984 21.3137 -0.239882 1.57226 0.00163982 -0.000365629 -0.00313502
211.004 21.3138 -0.240689 1.57265 0.00151359 -0.000343443 -0.00313622
211.024 21.3138 -0.241499 1.573 0.00138642 -0.000320562 -0.0031385
211.043 21.3138 -0.242312 1.57334 0.00125176 -0.000304892 -0.00314228
211.064 21.3139 -0.243127 1.57365 0.00111856 -0.00027775 -0.00314391
211.09 21.3139 -0.243944 1.57394 0.000997554 -0.00025834 -0.00314545
211.105 21.314 -0.244762 1.5742 0.000886505 -0.000251686 -0.00314719
211.125 21.3141 -0.245581 1.57445 0.000767598 -0.000219989 -0.00315007
211.146 21.3141 -0.246401 1.57467 0.000648009 -0.00020766 -0.00315261
211.167 21.3142 -0.24722 1.57487 0.000538968 -0.000210162 -0.00315576
211.189 21.3142 -0.248039 1.57505 0.000420166 -0.000195336 -0.00315878
211.206 21.3143 -0.248856 1.57522 0.000280357 -0.000194922 -0.00316169
211.229 21.3144 -0.249672 1.57537 0.000134039 -0.000195002 -0.00316227
211.247 21.3145 -0.250486 1.57552 9.43764e-06 -0.000198016 -0.00316466
211.268 21.3145 -0.251298 1.57566 -8.84854e-05 -0.000212617 -0.00316762
211.293 21.3146 -0.252107 1.5758 -0.000178071 -0.000217453 -0.00316907
211.309 21.3147 -0.252912 1.57593 -0.000278922 -0.000226646 -0.00317166
211.33 21.3148 -0.253714 1.57607 -0.000380878 -0.000222679 -0.00317351
211.349 21.3149 -0.254511 1.57621 -0.000471779 -0.000200066 -0.00317492
211.37 21.315 -0.255305 1.57635 -0.000542375 -0.000194937 -0.00317401
211.39 21.3151 -0.256093 1.5765 -0.000598933 -0.000193862 -0.00317546
211.409 21.3152 -0.256877 1.57665 -0.000651248 -0.000186319 -0.00317756
211.431 21.3153 -0.257656 1.57681 -0.000714181 -0.000187345 -0.00318022
211.451 21.3154 -0.25843 1.57696 -0.000786038 -0.000190071 -0.00318198
211.472 21.3155 -0.259198 1.57712 -0.000841513 -0.000104353 -0.00318335
211.492 21.3156 -0.25996 1.57727 -0.000910567 -0.000248889 -0.00318434
211.512 21.3157 -0.260716 1.57742 -0.00096778 -0.000241897 -0.00318508
211.537 21.3158 -0.261466 1.57757 -0.00101168 -0.00020815 -0.00318591
211.553 21.3159 -0.262209 1.57772 -0.00106739 -0.000125468 -0.00318744
211.572 21.316 -0.262946 1.57787 -0.00110408 -0.000236854 -0.00319013
211.593 21.3161 -0.263677 1.57802 -0.00111795 -0.000247835 -0.00319205
211.613 21.3163 -0.264401 1.57817 -0.00114128 -0.000102962 -0.00319068
211.634 21.3164 -0.265118 1.57833 -0.00114497 -0.000213516 -0.00319217
211.653 21.3165 -0.265828 1.57849 -0.001134 -0.000206291 -0.00319321
211.673 21.3166 -0.266532 1.57866 -0.00114298 -7.09705e-05 -0.00319514
211.697 21.3167 -0.267229 1.57882 -0.00110705 -0.00019707 -0.00319632
211.715 21.3168 -0.26792 1.57899 -0.00091454 -6.31151e-05 -0.00319859
211.737 21.3169 -0.268607 1.57917 -0.000564714 -5.0111e-05 -0.00319949
211.756 21.317 -0.269289 1.57934 -0.000164716 -0.000186719 -0.00320103
211.775 21.3172 -0.269969 1.57953 0.000235997 -4.2568e-05 -0.00319863
211.799 21.3173 -0.270647 1.57971 0.000625964 -0.000166447 -0.00319857
211.819 21.3174 -0.271326 1.5799 0.000978873 -8.42925e-05 -0.00319952
211.841 21.3175 -0.272006 1.58009 0.00126337 -0.000198747 -0.00320107
211.857 21.3176 -0.272688 1.58028 0.0014945 -0.000141095 -0.00320017
211.877 21.3177 -0.273373 1.58046 0.00167596 -0.0002266 -0.00320321
211.899 21.3178 -0.274063 1.58064 0.00180312 -0.000155539 -0.00320442
211.919 21.3179 -0.274757 1.58081 0.00190655 -0.000138727 -0.00320663
211.942 21.318 -0.275456 1.58097 0.00197311 -0.000256737 -0.00320844
211.958 21.3181 -0.276161 1.58112 0.00199953 -0.000115586 -0.00320747
211.979 21.3182 -0.27687 1.58126 0.00201188 -0.000106526 -0.00320833
212 21.3183 -0.277586 1.58138 0.00200417 -0.000186349 -0.00320996
212.022 21.3184 -0.278306 1.58149 0.00196787 -4.45339e-05 -0.0032099
212.043 21.3184 -0.279032 1.58157 0.0019423 -8.56777e-05 -0.00321174
212.062 21.3185 -0.279764 1.58164 0.00191584 -0.000220311 -0.00321364
212.083 21.3186 -0.2805 1.58168 0.00187781 -8.58365e-05 -0.00321554
212.104 21.3187 -0.281241 1.58171 0.00184913 -0.000137859 -0.00321779
212.123 21.3187 -0.281987 1.58171 0.00181304 -0.000179637 -0.00321976
212.143 21.3188 -0.282738 1.58169 0.00178329 -0.000252434 -0.00321926
212.163 21.3189 -0.283493 1.58166 0.00176134 -0.000124575 -0.0032205
212.184 21.319 -0.284253 1.5816 0.00174293 -0.000193378 -0.00322211
212.207 21.319 -0.285017 1.58152 0.00173642 -0.000243656 -0.00322322
212.226 21.3191 -0.285785 1.58142 0.00173299 -0.000314278 -0.00322483
212.248 21.3191 -0.286558 1.5813 0.00174318 -0.000178902 -0.00322564
212.266 21.3192 -0.287335 1.58116 0.0017684 -0.000256557 -0.00322751
212.288 21.3192 -0.288117 1.58101 0.00179921 -0.000371436 -0.00323038
212.307 21.3193 -0.288903 1.58084 0.00181601 -0.000249402 -0.0032319
212.326 21.3193 -0.289694 1.58065 0.00184724 -0.000236891 -0.00323372
212.347 21.3193 -0.290489 1.58044 0.00188122 -0.000302141 -0.00322832
212.367 21.3194 -0.291289 1.58022 0.00190895 -0.000310213 -0.00322775
212.387 21.3194 -0.292094 1.57998 0.00190935 -0.000260215 -0.0032292
212.408 21.3194 -0.292903 1.57973 0.00191089 -0.00030791 -0.00323172
212.431 21.3195 -0.293718 1.57947 0.00192333 -0.000407483 -0.00323358
212.452 21.3195 -0.294537 1.5792 0.00191816 -0.000268214 -0.00323539
212.47 21.3195 -0.295361 1.57891 0.00190528 -0.000314136 -0.00323744
212.49 21.3195 -0.29619 1.57861 0.00190332 -0.000430543 -0.00324016
212.512 21.3195 -0.297024 1.5783 0.00190984 -0.00028235 -0.00324221
212.531 21.3196 -0.297862 1.57798 0.00189146 -0.00030916 -0.00324522
212.552 21.3196 -0.298705 1.57764 0.0018913 -0.000424185 -0.00324769
212.572 21.3196 -0.299553 1.5773 0.00192293 -0.000274806 -0.00324762
212.591 21.3196 -0.300406 1.57694 0.00194432 -0.000308871 -0.00324981
212.615 21.3196 -0.301264 1.57658 0.00199178 -0.000320783 -0.00325226
212.633 21.3196 -0.302126 1.5762 0.00201037 -0.000289139 -0.00325539
212.656 21.3196 -0.302994 1.57581 0.00202043 -0.000448046 -0.00325939
212.674 21.3196 -0.303867 1.57541 0.00207494 -0.000366471 -0.00326334
212.693 21.3195 -0.304745 1.575 0.0021006 -0.000333556 -0.00326661
212.716 21.3195 -0.305628 1.57458 0.00214187 -0.000443723 -0.00326961
212.736 21.3195 -0.306518 1.57415 0.00239643 -0.000313571 -0.0032711
212.755 21.3195 -0.307417 1.57371 0.00296903 -0.00041463 -0.00327289
212.776 21.3195 -0.308325 1.57325 0.00370281 -0.000317116 -0.00327687
212.796 21.3194 -0.309246 1.57279 0.0044754 -0.000404173 -0.00328049
212.817 21.3194 -0.31018 1.57233 0.00522262 -0.000287228 -0.00328299
212.836 21.3194 -0.311132 1.57186 0.00595286 -0.000373112 -0.003284
212.857 21.3194 -0.312104 1.57139 0.00661704 -0.000255582 -0.00328428
212.876 21.3193 -0.313099 1.57091 0.00721143 -0.000206447 -0.00328573
212.896 21.3193 -0.314117 1.57043 0.0076866 -0.000348063 -0.00328923
212.917 21.3193 -0.315162 1.56996 0.00804391 -0.000191729 -0.00328862
212.938 21.3192 -0.316235 1.56948 0.00832439 -0.000277329 -0.00329133
212.959 21.3192 -0.317336 1.56902 0.00854365 -0.000309347 -0.0032918
212.977 21.3192 -0.318467 1.56855 0.00863892 -0.000149134 -0.00328964
212.997 21.3191 -0.319627 1.5681 0.00871104 -0.000265462 -0.00329231
213.019 21.3191 -0.320818 1.56765 0.00868724 -0.000181261 -0.00329323
213.039 21.3191 -0.322039 1.56721 0.00864578 -0.000245724 -0.00329462
213.062 21.3191 -0.323289 1.56678 0.00855296 -0.000170802 -0.00329493
213.081 21.319 -0.324568 1.56635 0.00840447 -0.000252449 -0.00329621
213.101 21.319 -0.325876 1.56594 0.00819053 -0.000315571 -0.00329758
213.122 21.319 -0.327212 1.56555 0.00801641 -0.000183366 -0.00329793
213.143 21.3189 -0.328575 1.56517 0.0078449 -0.000298079 -0.00329986
213.164 21.3189 -0.329965 1.56481 0.00764703 -0.00030203 -0.00330278
213.183 21.3189 -0.33138 1.56447 0.00751122 -0.000151654 -0.00330505
213.203 21.3189 -0.332821 1.56414 0.00738169 -0.000269169 -0.003308
213.226 21.3188 -0.334285 1.56384 0.00723512 -0.000243915 -0.0033108
213.244 21.3188 -0.335774 1.56356 0.00715335 -0.000101094 -0.00331369
213.268 21.3188 -0.337286 1.56329 0.00706932 -0.000219851 -0.00331902
213.285 21.3188 -0.338821 1.56304 0.00699158 -9.41781e-05 -0.00332197
213.305 21.3187 -0.340379 1.5628 0.00690518 -0.000205415 -0.00332585
213.325 21.3187 -0.341959 1.56258 0.00682474 -0.00021891 -0.00332889
213.345 21.3187 -0.34356 1.56238 0.0068043 -9.08279e-05 -0.00333115
213.366 21.3187 -0.345184 1.56219 0.0067614 -0.000238902 -0.0033333
213.386 21.3187 -0.346828 1.56202 0.00671877 -0.000225226 -0.00333458
213.406 21.3186 -0.348494 1.56186 0.0067296 -9.8048e-05 -0.00333632
213.426 21.3186 -0.350181 1.56173 0.00671327 -0.000234357 -0.00334005
213.446 21.3186 -0.351889 1.56161 0.00669323 -0.000207937 -0.00334436
213.468 21.3186 -0.353618 1.56152 0.00668981 -0.000102121 -0.00334873
213.488 21.3186 -0.355368 1.56143 0.00674767 -0.000206232 -0.00335288
213.508 21.3186 -0.357138 1.56137 0.00676155 -0.000218666 -0.00335724
213.53 21.3186 -0.358929 1.56132 0.00673005 -7.64865e-05 -0.00335973
213.552 21.3186 -0.360741 1.56128 0.00673787 -0.000168038 -0.00336225
213.573 21.3186 -0.362574 1.56126 0.0067099 -0.000152172 -0.00336545
213.591 21.3185 -0.364427 1.56124 0.00668648 -0.000124553 -0.00336853
213.612 21.3185 -0.366299 1.56124 0.00660944 -0.000173083 -0.00337199
213.635 21.3185 -0.368192 1.56125 0.0065227 -5.25064e-05 -0.00337492
213.652 21.3185 -0.370104 1.56126 0.00642993 -0.000165164 -0.00337913
213.672 21.3185 -0.372035 1.56127 0.00632935 -6.56017e-05 -0.00337755
213.692 21.3185 -0.373985 1.56129 0.00620838 -0.000154397 -0.00338125
213.712 21.3185 -0.375952 1.5613 0.00608645 -0.000184036 -0.00338435
213.734 21.3185 -0.377937 1.56132 0.00601179 -5.63358e-05 -0.00338526
213.754 21.3185 -0.379942 1.56134 0.00624395 -0.000209164 -0.00338597
213.775 21.3185 -0.381967 1.56136 0.00695267 -0.000155327 -0.00338767
213.793 21.3185 -0.384014 1.56138 0.00792076 -0.000304344 -0.00339296
213.813 21.3185 -0.386087 1.56141 0.00899594 -0.000288066 -0.00339727
213.836 21.3185 -0.388188 1.56144 0.0100577 -0.000165145 -0.0034007
213.854 21.3181 -0.388885 1.56127 0.0099571 -0.00058169 -0.00211145
213.875 21.3176 -0.389097 1.56109 0.00983923 -0.000895454 -0.00103281
213.898 21.3172 -0.389138 1.56106 0.0100033 -0.00137578 -0.000233632
213.918 21.3168 -0.388996 1.56119 0.0106227 -0.000228265 0.000169788
213.944 21.3165 -0.388828 1.56146 0.0117997 0.00141507 0.000449068
213.966 21.3162 -0.38863 1.56185 0.0133265 0.00268528 0.000719763
213.986 21.316 -0.388417 1.56231 0.015099 0.0036667 0.000962674
214.007 21.3158 -0.388199 1.56281 0.0169641 0.0042992 0.00119933
214.026 21.3156 -0.387991 1.56335 0.0188212 0.00472632 0.00140235
214.047 21.3155 -0.387805 1.56389 0.020577 0.00505306 0.00154964
214.066 21.3154 -0.387642 1.56445 0.0221181 0.00513136 0.00168359
214.089 21.3154 -0.387511 1.565 0.0234084 0.00512982 0.001773
214.111 21.3154 -0.387417 1.56556 0.0244161 0.00514282 0.0018054
214.13 21.3154 -0.387344 1.56611 0.0252928 0.00506946 0.00178633
214.151 21.3155 -0.387287 1.56665 0.0261157 0.00488624 0.00171557
214.176 21.3156 -0.387246 1.56718 0.02691 0.00467913 0.00158135
214.194 21.3157 -0.38722 1.56769 0.0277054 0.00453899 0.00136971
214.217 21.3159 -0.387207 1.5682 0.0284513 0.00430199 0.00111596
214.236 21.3161 -0.387207 1.56869 0.0291632 0.00400857 0.000816276
214.356 21.3163 -0.387237 1.56917 0.0295725 0.00321429 0.000491344
214.443 21.3166 -0.387343 1.56963 0.029069 0.0023089 0.000159735
214.464 21.3168 -0.387455 1.57004 0.0278809 0.00158646 -2.95002e-05
214.482 21.317 -0.38758 1.5704 0.026219 0.00121357 -9.54256e-05
214.503 21.3173 -0.387746 1.57073 0.024232 0.000750862 -9.97799e-05
214.524 21.3175 -0.387935 1.57101 0.0222123 0.000427904 -1.65005e-05
214.544 21.3177 -0.388087 1.57124 0.0204625 -0.000341436 -1.55609e-05
214.566 21.3179 -0.388227 1.57144 0.0188694 -0.000998342 -1.46961e-05
214.586 21.318 -0.388352 1.5716 0.0174534 -0.00141362 -1.39186e-05
214.605 21.3182 -0.388461 1.57172 0.0162341 -0.0017819 -1.31929e-05
214.627 21.3184 -0.388553 1.57182 0.0152099 -0.00219622 -1.25046e-05
214.645 21.3185 -0.388631 1.5719 0.0143541 -0.00235399 -1.18789e-05
214.669 21.3187 -0.388696 1.57197 0.0136355 -0.00248378 -1.12879e-05
214.688 21.3189 -0.388753 1.57202 0.0130131 -0.00260775 -1.07275e-05
214.707 21.319 -0.388805 1.57206 0.0124507 -0.00272295 -1.01959e-05
214.728 21.3192 -0.388853 1.57209 0.0119339 -0.002746 -9.69535e-06
214.748 21.3194 -0.388896 1.57213 0.0114707 -0.00269025 -9.22299e-06
214.77 21.3196 -0.388936 1.57217 0.0110293 -0.00263839 -8.77349e-06
214.788 21.3198 -0.388976 1.57221 0.0106052 -0.00269393 -8.35303e-06
214.808 21.3201 -0.388949 1.57224 0.0104309 -0.00262867 -0.000222686
214.831 21.3203 -0.388913 1.57227 0.0102095 -0.00237341 -0.00047285
214.851 21.3207 -0.388913 1.57233 0.00982807 -0.00219455 -0.000664613
214.876 21.321 -0.388922 1.57239 0.00946337 -0.00211527 -0.000794895
214.891 21.3214 -0.388942 1.57247 0.0090565 -0.00197197 -0.000887607
214.911 21.3219 -0.388973 1.57255 0.00858944 -0.00180775 -0.000949183
214.933 21.3223 -0.389019 1.57263 0.00805242 -0.00304565 -0.000986105
214.953 21.323 -0.38907 1.57274 0.00756154 -0.00201692 -0.000966037
214.972 21.3238 -0.389132 1.57289 0.00698201 -0.00129364 -0.000925682
214.992 21.3247 -0.389203 1.57309 0.00634716 -0.00170212 -0.000873049
215.012 21.3259 -0.38928 1.5733 0.00570222 -0.00198308 -0.000799112
215.032 21.3271 -0.389359 1.57352 0.00507399 -0.00204539 -0.000701589
215.053 21.3285 -0.389442 1.57373 0.00445507 -0.00205674 -0.000591399
215.074 21.3301 -0.389522 1.57393 0.00389508 -0.00212806 -0.000464325
215.093 21.3318 -0.389596 1.57411 0.0034202 -0.00223261 -0.000318965
215.114 21.3337 -0.389671 1.57428 0.00296349 -0.0021143 -0.000169133
215.135 21.3356 -0.389743 1.57443 0.00256256 -0.00223337 -1.32682e-05
215.154 21.3378 -0.389748 1.57454 0.00255217 -0.00242415 -6.91604e-05
215.177 21.34 -0.389725 1.57464 0.00259595 -0.00243204 -8.22691e-05
215.195 21.3424 -0.389711 1.57474 0.00249514 -0.00222125 -8.19055e-05
215.215 21.345 -0.389706 1.57483 0.00240244 -0.00220956 -8.30994e-05
215.236 21.3477 -0.389711 1.57491 0.00227729 -0.00222014 -8.47678e-05
215.255 21.3505 -0.389725 1.57498 0.00210241 -0.00223583 -8.37052e-05
215.28 21.3535 -0.389746 1.57504 0.00185698 -0.00205071 -8.14447e-05
215.296 21.3566 -0.389775 1.57508 0.00157059 -0.001988 -7.60495e-05
215.316 21.3599 -0.389809 1.57511 0.00125925 -0.00204681 -7.10623e-05
215.338 21.3633 -0.389848 1.57514 0.000929914 -0.00183799 -6.56401e-05
215.361 21.3669 -0.38989 1.57515 0.00059185 -0.00186268 -6.13914e-05
215.38 21.3706 -0.389934 1.57515 0.000260401 -0.00174618 -5.56905e-05
215.398 21.3745 -0.38998 1.57513 -3.69945e-05 -0.00159524 -5.17756e-05
215.421 21.3785 -0.389987 1.57511 -3.75074e-05 -0.00141237 -1.53191e-05
215.44 21.3826 -0.389985 1.57507 -5.85637e-05 -0.00127375 4.41683e-06
215.463 21.3869 -0.389974 1.57502 -9.46685e-05 -0.00112256 4.19976e-06
215.481 21.391 -0.389225 1.57532 -0.000417207 0.00186566 -0.00315669
215.501 21.3952 -0.388289 1.57575 -0.000387734 0.00396093 -0.00593797
215.521 21.3996 -0.387365 1.57618 0.000698306 0.00301672 -0.00831921
215.544 21.4041 -0.386453 1.57661 0.00248388 0.00184862 -0.0105077
215.564 21.4089 -0.385557 1.57702 0.00434784 0.00150104 -0.0125104
215.585 21.4138 -0.384682 1.57738 0.00585694 0.00116718 -0.0143271
215.604 21.4188 -0.383834 1.57768 0.00692181 0.00084563 -0.015966
215.623 21.4241 -0.383016 1.57792 0.00755937 0.000470586 -0.0174389
215.644 21.4295 -0.382232 1.5781 0.0078431 0.000171864 -0.0187441
215.663 21.435 -0.381483 1.57823 0.00783165 1.78747e-05 -0.0198982
215.683 21.4407 -0.38077 1.57832 0.00757484 -0.000158617 -0.0209084
215.703 21.4466 -0.380092 1.57838 0.00711294 -0.000286182 -0.0217841
215.723 21.4526 -0.379447 1.5784 0.00651269 -0.000273866 -0.0225292
215.744 21.4588 -0.378833 1.5784 0.00578609 -0.000401018 -0.0231473
215.764 21.4651 -0.378247 1.57838 0.0050092 -0.000410358 -0.0236472
215.785 21.4716 -0.377688 1.57836 0.00422296 -0.000363946 -0.0240394
215.805 21.4782 -0.377152 1.57834 0.00343182 -0.000237992 -0.0243247
215.826 21.485 -0.376636 1.57831 0.00268595 -0.000253229 -0.0245117
215.847 21.492 -0.376137 1.57828 0.00198936 -0.000298083 -0.0246062
215.872 21.499 -0.375653 1.57827 0.00133571 -0.000212934 -0.0246154
215.888 21.5063 -0.37518 1.57827 0.000747594 -0.00014173 -0.0245419
215.908 21.5137 -0.374717 1.57827 0.000243672 -7.84958e-05 -0.0243905
215.929 21.5212 -0.374262 1.57829 -0.000170844 8.46201e-05 -0.0241753
215.953 21.5289 -0.373812 1.5783 -0.000471253 -0.000796074 -0.0238983
215.974 21.5368 -0.373369 1.57835 -0.0006975 -0.000200212 -0.0235765
215.996 21.545 -0.372931 1.57845 -0.000919407 0.000926162 -0.0231988
216.014 21.5533 -0.372497 1.57858 -0.00110289 0.00100004 -0.0227675
216.034 21.5619 -0.372065 1.57873 -0.00123524 0.000811364 -0.0222918
216.055 21.5707 -0.371636 1.5789 -0.00131677 0.000811817 -0.0217715
216.075 21.5796 -0.371208 1.57907 -0.00135068 0.000839153 -0.0212114
216.095 21.5888 -0.370782 1.57923 -0.00133472 0.000834791 -0.0206191
216.116 21.5981 -0.370356 1.57938 -0.00127251 0.000817733 -0.0199988
216.136 21.6075 -0.36993 1.57952 -0.00117995 0.000851527 -0.0193525
216.159 21.6172 -0.369506 1.57965 -0.00105727 0.000729325 -0.0186842
216.176 21.6269 -0.369082 1.57978 -0.000920771 0.00081552 -0.0179999
216.197 21.6368 -0.368658 1.57989 -0.00077447 0.00071788 -0.0172915
216.221 21.6469 -0.368237 1.57998 -0.000619746 0.000719397 -0.0165692
216.239 21.657 -0.367816 1.58007 -0.000465127 0.000742017 -0.0158381
216.26 21.6673 -0.367398 1.58014 -0.000318143 0.000740934 -0.0150954
216.279 21.6777 -0.366982 1.5802 -0.000165625 0.000770818 -0.0143467
216.301 21.6881 -0.366568 1.58025 -1.65782e-05 0.000791741 -0.0135946
216.321 21.6987 -0.366158 1.58029 0.000132172 0.000828363 -0.0128415
216.34 21.7093 -0.365751 1.58032 0.000281554 0.000889312 -0.0120892
216.361 21.7201 -0.365347 1.58034 0.000418127 0.000862535 -0.011339
216.381 21.7309 -0.364948 1.58036 0.000546502 0.000924161 -0.0105934
216.402 21.7417 -0.364553 1.58038 0.000681026 0.00103068 -0.00985135
216.422 21.7527 -0.364163 1.58039 0.000792377 0.00107516 -0.00911754
216.442 21.7636 -0.363778 1.58039 0.000912805 0.00116179 -0.00839358
216.462 21.7746 -0.363398 1.58039 0.00102823 0.00115012 -0.00768041
216.482 21.7857 -0.363024 1.58039 0.00112544 0.00121633 -0.00697557
216.504 21.7968 -0.362656 1.58037 0.00122427 0.00130752 -0.00628774
216.522 21.8079 -0.362294 1.58035 0.00130863 0.00136167 -0.00561452
216.543 21.8191 -0.361939 1.58032 0.00139506 0.00141161 -0.00495493
216.563 21.8302 -0.361591 1.58028 0.0014865 0.00139419 -0.00431077
216.583 21.8414 -0.36125 1.58024 0.0015721 0.00147544 -0.00368358
216.604 21.8526 -0.360915 1.58018 0.00164052 0.00152155 -0.00307565
216.627 21.8637 -0.360589 1.58012 0.00171914 0.00155087 -0.00248941
216.643 21.8749 -0.36027 1.58005 0.00179673 0.00167732 -0.00191996
216.665 21.8861 -0.359959 1.57998 0.0018619 0.00171246 -0.00137258
216.689 21.8972 -0.359657 1.57989 0.00194269 0.00181564 -0.00084257
216.709 21.9083 -0.359362 1.57979 0.00199226 0.00184699 -0.0003309
216.729 21.9194 -0.359077 1.57968 0.00205973 0.00177937 0.000161299
216.749 21.9305 -0.3588 1.57957 0.00213571 0.00184212 0.000633858
216.771 21.9415 -0.358532 1.57945 0.00218779 0.00183311 0.0010858
216.789 21.9524 -0.358274 1.57933 0.00226436 0.00176434 0.00151603
216.81 21.9633 -0.358026 1.5792 0.00234915 0.00183339 0.00192733
216.831 21.9742 -0.357787 1.57907 0.00241216 0.00184744 0.00232058
216.852 21.985 -0.357559 1.57893 0.00246502 0.00177747 0.00268989
216.877 21.9958 -0.35734 1.57879 0.00250372 0.0017812 0.00304003
216.895 22.0064 -0.357132 1.57865 0.0025571 0.00174852 0.00336778
216.915 22.017 -0.356935 1.57849 0.00260851 0.00180507 0.00367652
216.935 22.0275 -0.356749 1.57833 0.00262095 0.00172925 0.00396363
216.954 22.038 -0.356574 1.57815 0.00266528 0.00168292 0.0042284
216.979 22.0483 -0.356409 1.57797 0.00272084 0.00174609 0.00447319
216.998 22.0586 -0.356256 1.57778 0.00270651 0.00207255 0.00469474
217.024 22.0686 -0.356115 1.57757 0.00284233 0.00183307 0.00488657
217.038 22.0786 -0.355986 1.57737 0.00294401 0.00182221 0.00505828
217.058 22.0883 -0.355869 1.57715 0.00301503 0.00199165 0.00521383
217.081 22.098 -0.355765 1.57692 0.00309574 0.00210769 0.00535298
217.1 22.1074 -0.355674 1.57668 0.00314512 0.00192643 0.00546831
217.121 22.1167 -0.355596 1.57643 0.00317918 0.00189153 0.00557083
217.14 22.1258 -0.355532 1.57617 0.003222 0.00185935 0.00566055
217.16 22.1347 -0.355481 1.5759 0.00325513 0.00183501 0.00573358
217.182 22.1435 -0.355443 1.57563 0.00327239 0.00182155 0.00578674
217.202 22.152 -0.355419 1.57536 0.00327328 0.00179453 0.00582538
217.221 22.1605 -0.355409 1.57509 0.0032505 0.00175727 0.00585402
217.241 22.1687 -0.355412 1.57483 0.00319336 0.00170948 0.0058678
217.262 22.1768 -0.355428 1.57457 0.00311507 0.00166207 0.00586745
217.284 22.1846 -0.355457 1.57431 0.00303137 0.00161691 0.00585633
217.303 22.1924 -0.355498 1.57407 0.00294471 0.00155346 0.00583502
217.325 22.1999 -0.355552 1.57383 0.00284562 0.00147299 0.00580116
217.344 22.2073 -0.355617 1.5736 0.00274024 0.00140814 0.00575867
217.363 22.2145 -0.355694 1.57338 0.00264044 0.00143323 0.00571073
217.385 22.2215 -0.355782 1.57316 0.00254381 0.00131645 0.00564888
217.407 22.2284 -0.35588 1.57295 0.00245636 0.00123474 0.00557507
217.425 22.2351 -0.355988 1.57275 0.00233948 0.00112317 0.00549269
217.445 22.2416 -0.356106 1.57256 0.00222656 0.000934385 0.00540155
217.465 22.2479 -0.356233 1.57238 0.00212626 0.000817308 0.0053049
217.489 22.254 -0.356369 1.57221 0.00204313 0.00073999 0.00520041
217.505 22.26 -0.356514 1.57205 0.00197626 0.000661316 0.00509323
217.526 22.2658 -0.356666 1.57189 0.00190949 0.000464188 0.00498048
217.549 22.2714 -0.356826 1.57174 0.00185299 0.000409784 0.00485958
217.567 22.2768 -0.356994 1.5716 0.00178501 0.000352011 0.00473532
217.587 22.2821 -0.357169 1.57147 0.00172347 0.000275647 0.00460563
217.608 22.2872 -0.35735 1.57136 0.00165135 0.000298106 0.00447324
217.63 22.2921 -0.357539 1.57126 0.00158434 0.000108409 0.00433661
217.648 22.2969 -0.357733 1.57117 0.00150935 3.61953e-05 0.00419758
217.669 22.3015 -0.357933 1.57109 0.00143585 -3.32167e-05 0.00405672
217.691 22.3059 -0.358139 1.57102 0.00136123 -0.00013564 0.00391217
217.711 22.3102 -0.358351 1.57096 0.00128964 -0.000247787 0.00376379
217.732 22.3143 -0.358567 1.57091 0.00122045 -0.000356213 0.00361505
217.752 22.3182 -0.358788 1.57086 0.00114983 -0.000459801 0.00346398
217.771 22.3219 -0.359013 1.57081 0.00107403 -0.000558575 0.00331334
217.792 22.3255 -0.359242 1.57077 0.000989571 -0.000717487 0.00316447
217.811 22.3289 -0.359474 1.57072 0.000890968 -0.000754469 0.00301518
217.835 22.3322 -0.35971 1.57068 0.000797184 -0.000825949 0.00286283
217.853 22.3353 -0.359949 1.57064 0.000701757 -0.000926764 0.00270928
217.872 22.3383 -0.360189 1.57059 0.000594934 -0.0010152 0.00255516
217.894 22.3411 -0.360432 1.57053 0.000474848 -0.0010923 0.00240204
217.914 22.3437 -0.360676 1.57046 0.000354407 -0.00116307 0.00224936
217.933 22.3462 -0.360921 1.57038 0.000242645 -0.001321 0.00209957
217.954 22.3485 -0.361167 1.57029 0.000145912 -0.00132855 0.00195099
217.973 22.3507 -0.361412 1.57019 6.19769e-05 -0.00135512 0.00180361
217.994 22.3527 -0.361658 1.57008 -1.1356e-05 -0.00145222 0.00165982
218.014 22.3546 -0.361903 1.56996 -7.49086e-05 -0.00163069 0.00151437
218.036 22.3564 -0.362147 1.56983 -0.000138238 -0.00166649 0.00136874
218.053 22.358 -0.36239 1.5697 -0.000195878 -0.0017361 0.00122598
218.074 22.3594 -0.362631 1.56957 -0.000248433 -0.0018662 0.00108402
218.096 22.3608 -0.362871 1.56942 -0.000307591 -0.00204144 0.000944188
218.115 22.3619 -0.363109 1.56928 -0.000367895 -0.00207869 0.000809399
218.137 22.363 -0.363345 1.56913 -0.000418572 -0.00221988 0.000674771
218.156 22.3639 -0.363579 1.56899 -0.000477289 -0.00226601 0.000540406
218.174 22.3647 -0.36381 1.56884 -0.000538402 -0.00236402 0.000409177
218.196 22.3654 -0.364039 1.56868 -0.000595565 -0.00231782 0.000280701
218.215 22.366 -0.364264 1.56853 -0.000659834 -0.00238652 0.000154034
218.238 22.3665 -0.364486 1.56837 -0.000728492 -0.00233973 3.2598e-05
218.255 22.3668 -0.364704 1.56821 -0.000796882 -0.00234034 -8.60428e-05
218.275 22.367 -0.364919 1.56804 -0.000857912 -0.00226081 -0.000203538
218.297 22.3672 -0.36513 1.56787 -0.000917538 -0.00215668 -0.000317188
218.318 22.3672 -0.365336 1.56769 -0.000978138 -0.00217696 -0.000429695
218.336 22.3672 -0.365538 1.56751 -0.00104426 -0.0021041 -0.000539093
218.358 22.3671 -0.365735 1.56731 -0.00109912 -0.00210285 -0.00064568
218.377 22.3669 -0.365927 1.56711 -0.00115832 -0.00205762 -0.000748655
218.399 22.3666 -0.366114 1.56691 -0.00121441 -0.00209232 -0.000846856
218.42 22.3662 -0.366295 1.56669 -0.00127056 -0.00203235 -0.000942171
218.443 22.3658 -0.366471 1.56647 -0.00132328 -0.00195321 -0.00103582
218.46 22.3653 -0.366641 1.56625 -0.00136487 -0.0020056 -0.00112716
218.481 22.3647 -0.366806 1.56603 -0.00139621 -0.00188141 -0.00121426
218.501 22.3641 -0.366964 1.56581 -0.0014264 -0.00192514 -0.00130052
218.522 22.3634 -0.367116 1.56559 -0.00144633 -0.00180733 -0.00138261
218.542 22.3626 -0.367262 1.56538 -0.0014674 -0.0017766 -0.00146277
218.561 22.3618 -0.367401 1.56517 -0.00149092 -0.00189513 -0.00153706
218.581 22.361 -0.367535 1.56497 -0.00150556 -0.00174987 -0.00161147
218.604 22.3601 -0.367661 1.56478 -0.00152638 -0.00183433 -0.0016827
218.623 22.3591 -0.367782 1.56459 -0.00153563 -0.00175834 -0.00175136
218.645 22.3582 -0.367896 1.56442 -0.00154534 -0.00166967 -0.00181874
218.662 22.3572 -0.368003 1.56426 -0.0015572 -0.00174968 -0.00188178
218.683 22.3561 -0.368104 1.5641 -0.0015689 -0.0016783 -0.00194107
218.704 22.355 -0.368199 1.56396 -0.00158017 -0.00167065 -0.00199951
218.723 22.3539 -0.368286 1.56383 -0.00159788 -0.00181681 -0.0020531
218.746 22.3528 -0.368368 1.56371 -0.00160454 -0.00168214 -0.00210764
218.766 22.3517 -0.368442 1.56361 -0.00161525 -0.00164509 -0.00215772
218.785 22.3505 -0.36851 1.56352 -0.00162953 -0.00177917 -0.00220271
218.81 22.3493 -0.368572 1.56346 -0.0016276 -0.00165 -0.00225011
218.83 22.3481 -0.368626 1.56342 -0.00162891 -0.0016334 -0.00229651
218.852 22.3469 -0.368675 1.56339 -0.00163822 -0.00176759 -0.00233871
218.87 22.3457 -0.368716 1.56338 -0.00164296 -0.0016494 -0.00237893
218.89 22.3445 -0.368751 1.56339 -0.00165667 -0.00162681 -0.00241981
218.912 22.3432 -0.368779 1.56342 -0.00166958 -0.00167616 -0.00246209
218.931 22.342 -0.3688 1.56345 -0.00170479 -0.00172303 -0.00249958
218.954 22.3408 -0.368815 1.56349 -0.00174117 -0.00172803 -0.00253296
218.972 22.3396 -0.368823 1.56353 -0.00177098 -0.0017266 -0.00256559
218.991 22.3383 -0.368824 1.56358 -0.00179785 -0.00172314 -0.00259572
219.013 22.3371 -0.368817 1.56363 -0.00182031 -0.00171035 -0.00262347
219.033 22.3359 -0.368804 1.56368 -0.00183605 -0.0017174 -0.00263959
219.053 22.3347 -0.368782 1.56374 -0.00213908 -0.00169518 -0.0026159
219.075 22.3335 -0.368749 1.5638 -0.00294317 -0.00165355 -0.00258028
219.093 22.3323 -0.368702 1.56388 -0.00413531 -0.00162224 -0.00254063
219.12 22.3311 -0.368638 1.56397 -0.00559697 -0.00158199 -0.00249573
219.138 22.3299 -0.368551 1.56406 -0.00709319 -0.00152197 -0.00244828
219.156 22.3288 -0.368436 1.56416 -0.00858402 -0.001581 -0.00239793
219.177 22.3276 -0.368289 1.56426 -0.0100404 -0.00135689 -0.00234933
219.197 22.3264 -0.368103 1.56437 -0.0113806 -0.00130898 -0.00229901
219.222 22.3253 -0.367873 1.56448 -0.0126755 -0.00133604 -0.00224582
219.241 22.3241 -0.367595 1.5646 -0.0138729 -0.00130345 -0.00219316
219.261 22.323 -0.367264 1.56471 -0.0149469 -0.00125462 -0.0021404
219.281 22.3218 -0.366876 1.56481 -0.0159472 -0.00119576 -0.00208621
219.299 22.3207 -0.366428 1.5649 -0.0168086 -0.00115527 -0.00203057
219.321 22.3195 -0.365916 1.56498 -0.0175534 -0.0011164 -0.00197828
219.341 22.3184 -0.365338 1.56505 -0.0182222 -0.00105387 -0.00192406
219.363 22.3173 -0.364691 1.56511 -0.0188132 -0.000964204 -0.00187191
219.38 22.3161 -0.363973 1.56516 -0.0193358 -0.000997411 -0.0018208
219.401 22.315 -0.363181 1.56521 -0.019811 -0.000796633 -0.00177607
219.426 22.3138 -0.362315 1.56525 -0.0202522 -0.000785526 -0.00172554
219.441 22.3127 -0.361373 1.5653 -0.0206802 -0.000786304 -0.00167475
219.463 22.3116 -0.360352 1.56535 -0.0210664 -0.000710104 -0.00162738
219.483 22.3104 -0.359253 1.56539 -0.0214095 -0.000650118 -0.00158343
219.502 22.3093 -0.358073 1.56544 -0.0217546 -0.0006243 -0.00153714
219.523 22.3081 -0.356812 1.56549 -0.0221235 -0.000602996 -0.00149277
219.544 22.307 -0.355467 1.56553 -0.0225427 -0.000503582 -0.00145189
219.564 22.3058 -0.354039 1.56558 -0.0230112 -0.000496658 -0.00140971
219.583 22.3046 -0.352525 1.56563 -0.0235018 -0.0004647 -0.00137286
219.603 22.3034 -0.350923 1.56568 -0.0240105 -0.000405698 -0.00133496
219.626 22.3022 -0.349232 1.56572 -0.0245352 -0.000355089 -0.00130163
219.646 22.301 -0.347451 1.56577 -0.0250546 -0.000319311 -0.00127258
219.667 22.2998 -0.345578 1.56581 -0.0255412 -0.00028112 -0.0012436
219.686 22.2986 -0.343611 1.56586 -0.0259227 -0.000339288 -0.00121476
219.706 22.2974 -0.34155 1.5659 -0.0261339 -0.000267115 -0.00118824
219.726 22.2962 -0.339394 1.56594 -0.0261544 -0.000214515 -0.00116232
219.746 22.2949 -0.337144 1.56598 -0.0259814 -0.000223558 -0.00113607
219.767 22.2937 -0.334801 1.56602 -0.0256164 -0.000325285 -0.00111247
219.786 22.2925 -0.332367 1.56604 -0.0250757 -0.000312725 -0.00109202
219.807 22.2913 -0.329843 1.56606 -0.0243856 -0.000269711 -0.00107115
219.827 22.2901 -0.327233 1.56608 -0.0235759 -0.000289917 -0.00105265
219.847 22.2889 -0.324539 1.56608 -0.0226706 -0.000322756 -0.00103836
219.869 22.2877 -0.321767 1.56608 -0.0216782 -0.000333074 -0.00102736
219.888 22.2865 -0.318919 1.56606 -0.0206311 -0.000401722 -0.00101814
219.907 22.2853 -0.316 1.56604 -0.0195388 -0.000346354 -0.0010122
219.929 22.2842 -0.313014 1.566 -0.0184137 -0.000356185 -0.00100236
219.949 22.283 -0.309967 1.56596 -0.0172831 -0.000385077 -0.000988334
219.97 22.2819 -0.306862 1.5659 -0.0161257 -0.000403432 -0.000983669
219.99 22.2808 -0.303704 1.56583 -0.0149757 -0.000492686 -0.000981931
220.01 22.2797 -0.300497 1.56576 -0.01385 -0.000451592 -0.00098321
220.033 22.2786 -0.297247 1.56567 -0.0127091 -0.000420573 -0.000985125
220.056 22.2776 -0.293958 1.56557 -0.0115956 -0.000443757 -0.000991519
220.073 22.2766 -0.290636 1.56547 -0.0101626 -0.00100138 -0.00100707
220.093 22.2756 -0.287293 1.56538 -0.00746506 -0.000722833 -0.0010622
220.113 22.2748 -0.283938 1.56531 -0.0036651 -0.000772787 -0.0011288
220.135 22.2741 -0.280583 1.56524 0.000707993 -0.000825304 -0.00120236
220.158 22.2734 -0.277243 1.56517 0.00522626 -0.000948998 -0.00127586
220.177 22.2728 -0.273933 1.56509 0.00945077 -0.00101051 -0.00134048
220.197 22.2722 -0.27067 1.565 0.0134145 -0.00105708 -0.00140475
220.218 22.2718 -0.267467 1.5649 0.0168787 -0.000980727 -0.00146586
220.239 22.2714 -0.264337 1.56478 0.0197212 -0.00105648 -0.00152076
220.258 22.271 -0.261291 1.56464 0.0221141 -0.00106784 -0.00157157
220.281 22.2708 -0.258338 1.5645 0.0239439 -0.00102146 -0.00161651
220.299 22.2706 -0.255486 1.56434 0.025275 -0.00092802 -0.00165967
220.319 22.2704 -0.25274 1.56418 0.0262243 -0.000919376 -0.00170361
220.342 22.2703 -0.250102 1.56401 0.026769 -0.000872865 -0.00174353
220.362 22.2703 -0.247576 1.56383 0.0270145 -0.000805722 -0.00178373
220.381 22.2703 -0.245163 1.56365 0.027038 -0.000757978 -0.00182595
220.402 22.2703 -0.242862 1.56347 0.0268754 -0.000664609 -0.00186979
220.422 22.2705 -0.240674 1.5633 0.0265673 -0.000639988 -0.00191691
220.444 22.2706 -0.238595 1.56313 0.0261634 -0.000600892 -0.00196545
220.464 22.2708 -0.236627 1.56297 0.0257106 -0.000541973 -0.00201472
220.484 22.2711 -0.234765 1.56282 0.0252018 -0.000480028 -0.00206566
220.504 22.2714 -0.233008 1.56268 0.0246803 -0.000344352 -0.00211806
220.524 22.2717 -0.231354 1.56256 0.0241501 -0.000423654 -0.00217601
220.545 22.2721 -0.2298 1.56246 0.0236276 -0.00039005 -0.00223382
220.564 22.2726 -0.228344 1.56237 0.023158 -0.000310452 -0.00229168
220.588 22.273 -0.226984 1.56229 0.0227026 -0.00025671 -0.00235221
220.606 22.2735 -0.225718 1.56222 0.0222717 -9.50501e-05 -0.00241244
220.627 22.2741 -0.224543 1.56216 0.0218668 -0.000195987 -0.00247768
220.648 22.2746 -0.223458 1.5621 0.0214741 -0.000177915 -0.00254192
220.669 22.2752 -0.222461 1.56205 0.0211128 -8.26232e-05 -0.00260817
220.688 22.2759 -0.221551 1.56201 0.020781 -1.26126e-05 -0.0026733
220.708 22.2766 -0.220724 1.56196 0.0204405 9.65743e-05 -0.00273691
220.728 22.2772 -0.21998 1.56191 0.020114 5.30966e-05 -0.0028042
220.751 22.278 -0.219318 1.56187 0.0197977 9.41235e-05 -0.0028716
220.771 22.2787 -0.218735 1.56182 0.0194804 0.000162032 -0.00293861
220.792 22.2795 -0.218231 1.56176 0.0191785 0.000198972 -0.00300389
220.812 22.2803 -0.217803 1.56171 0.0188594 0.000277635 -0.00306787
220.832 22.2811 -0.21745 1.56165 0.0185403 0.000277689 -0.00313454
220.853 22.2819 -0.217171 1.56159 0.0182262 0.000295666 -0.00319893
220.873 22.2828 -0.216964 1.56152 0.0178816 0.000335371 -0.0032679
220.893 22.2836 -0.216828 1.56145 0.017521 0.000374193 -0.00333463
220.912 22.2845 -0.21676 1.56138 0.0171408 0.000440287 -0.00339944
220.932 22.2854 -0.21676 1.5613 0.0167266 0.00048172 -0.0034653
220.955 22.2863 -0.216825 1.56122 0.0163029 0.00049573 -0.00353158
220.974 22.2872 -0.216953 1.56113 0.0158517 0.000530423 -0.00359581
220.995 22.2881 -0.217143 1.56103 0.015376 0.000574242 -0.00365679
221.015 22.2891 -0.217392 1.56093 0.0149198 0.000621547 -0.00371634
221.035 22.29 -0.217699 1.56083 0.0144599 0.000656885 -0.00377655
221.058 22.291 -0.218061 1.56073 0.0139796 0.000663639 -0.0038362
221.078 22.2919 -0.218477 1.56062 0.0134894 0.000649921 -0.00389417
221.099 22.2929 -0.218944 1.56053 0.0129663 0.000943813 -0.00393274
221.12 22.2938 -0.21946 1.56044 0.0122724 0.000579372 -0.0039496
221.139 22.2947 -0.220021 1.56037 0.0113812 0.000594286 -0.00395935
221.16 22.2956 -0.220624 1.56033 0.0103814 0.000710254 -0.0039658
221.18 22.2965 -0.221266 1.56031 0.00942498 0.000721407 -0.00397061
221.201 22.2974 -0.221944 1.56029 0.00850919 0.0007014 -0.00397375
221.222 22.2983 -0.222652 1.56029 0.00763914 0.000708971 -0.0039758
221.241 22.2991 -0.223389 1.5603 0.00687216 0.000709132 -0.00397703
221.261 22.3 -0.224151 1.56032 0.00616583 0.000686888 -0.00397572
221.282 22.3008 -0.224935 1.56035 0.00553851 0.000646821 -0.00397191
221.303 22.3016 -0.225739 1.56039 0.00498953 0.000604769 -0.00396317
221.322 22.3024 -0.22656 1.56044 0.00447447 0.000574663 -0.00394917
221.342 22.3032 -0.227395 1.5605 0.00400832 0.000542462 -0.00393419
221.363 22.304 -0.228245 1.56058 0.00358439 0.000507734 -0.0039158
221.383 22.3048 -0.229105 1.56068 0.00318535 0.000470369 -0.00389966
221.407 22.3056 -0.229975 1.56079 0.00280953 0.000426163 -0.00388739
221.424 22.3063 -0.230854 1.56092 0.00244017 0.000388897 -0.00387176
221.443 22.3071 -0.231739 1.56106 0.00208337 0.000355762 -0.00385226
221.464 22.3078 -0.23263 1.56122 0.00174534 0.000315317 -0.00383438
221.485 22.3085 -0.233525 1.56139 0.00140595 0.000282634 -0.00382021
221.507 22.3092 -0.234422 1.56157 0.00106757 0.000259073 -0.0038029
221.524 22.3099 -0.23532 1.56176 0.000733656 0.000242325 -0.00378316
221.545 22.3106 -0.236219 1.56197 0.000401035 0.000225702 -0.00376295
221.566 22.3112 -0.237116 1.56218 8.09795e-05 0.000193908 -0.00374636
221.585 22.3119 -0.23801 1.5624 -0.000225481 0.000158908 -0.00372474
221.607 22.3125 -0.238901 1.56262 -0.000526291 0.000127118 -0.00370246
221.626 22.3131 -0.239786 1.56285 -0.000823702 9.20562e-05 -0.00367856
221.645 22.3137 -0.240666 1.56308 -0.00111966 5.52569e-05 -0.00365116
221.666 22.3143 -0.241538 1.56332 -0.00140488 6.61615e-06 -0.00363042
221.687 22.3149 -0.242402 1.56357 -0.00167905 -2.24972e-05 -0.00360764
221.709 22.3155 -0.243257 1.56383 -0.00196466 -5.0853e-05 -0.00358755
221.726 22.316 -0.244101 1.56409 -0.0022546 -0.000104593 -0.00356712
221.747 22.3166 -0.244933 1.56437 -0.00254102 -0.000141348 -0.00354742
221.767 22.3171 -0.245753 1.56465 -0.00281218 -0.000158284 -0.00352847
221.787 22.3176 -0.246559 1.56494 -0.00307188 -0.000271063 -0.00350949
221.808 22.3181 -0.24735 1.56524 -0.00332847 -0.000176488 -0.00349309
221.828 22.3186 -0.248126 1.56554 -0.00358159 -0.000252033 -0.00347642
221.849 22.3191 -0.248885 1.56586 -0.00384763 -0.00031571 -0.00346109
221.873 22.3196 -0.249626 1.56618 -0.00410853 -0.000312558 -0.00344615
221.891 22.3201 -0.250349 1.56651 -0.00434784 -0.00033326 -0.00343178
221.909 22.3205 -0.251053 1.56684 -0.00458385 -0.00037264 -0.00341727
221.929 22.321 -0.251736 1.56717 -0.00481521 -0.000402303 -0.00340399
221.949 22.3214 -0.252398 1.56749 -0.0050366 -0.000416029 -0.00339155
221.971 22.3219 -0.253039 1.56781 -0.00523618 -0.000427358 -0.00337842
221.99 22.3223 -0.253657 1.56813 -0.00540736 -0.000440024 -0.0033663
222.014 22.3228 -0.254252 1.56844 -0.00557955 -0.000450337 -0.00335495
222.031 22.3232 -0.254823 1.56875 -0.00576292 -0.000460454 -0.00334507
222.051 22.3236 -0.25537 1.56906 -0.00593609 -0.000470526 -0.00333451
222.075 22.324 -0.255892 1.56937 -0.00610553 -0.00046303 -0.00332388
222.092 22.3244 -0.256388 1.56967 -0.00627221 -0.000471472 -0.00331487
222.113 22.3248 -0.256858 1.56997 -0.00640699 -0.00081531 -0.00330243
222.132 22.3252 -0.257302 1.57027 -0.00660198 -0.000619159 -0.00329136
222.153 22.3257 -0.257718 1.57059 -0.00677718 -0.000659503 -0.00328007
222.174 22.3262 -0.258106 1.57092 -0.00693106 -0.000777788 -0.00326899
222.193 22.3268 -0.258467 1.57125 -0.00706464 -0.000824776 -0.00325879
222.216 22.3273 -0.258798 1.57159 -0.00718164 -0.000837375 -0.00324911
222.236 22.3279 -0.259101 1.57193 -0.00729539 -0.000851609 -0.00323924
222.255 22.3285 -0.259374 1.57228 -0.00739033 -0.000885228 -0.00323119
222.276 22.3292 -0.259617 1.57262 -0.00745846 -0.000916697 -0.00322286
222.296 22.3299 -0.259831 1.57297 -0.0075175 -0.000916263 -0.00321459
222.316 22.3306 -0.260015 1.57333 -0.00755624 -0.000933923 -0.00320631
222.337 22.3313 -0.260169 1.57369 -0.00756433 -0.00095942 -0.00319864
222.356 22.3321 -0.260292 1.57405 -0.00755013 -0.00095786 -0.00319229
222.379 22.3329 -0.260387 1.57442 -0.00750987 -0.000926972 -0.00318562
222.397 22.3337 -0.260451 1.57478 -0.00744448 -0.000878715 -0.00317997
222.418 22.3346 -0.260487 1.57514 -0.00737425 -0.000957231 -0.0031733
222.437 22.3355 -0.260493 1.57551 -0.00731115 -0.000779804 -0.00316715
222.457 22.3364 -0.260472 1.57586 -0.00723157 -0.000734871 -0.00316014
222.483 22.3374 -0.260422 1.57621 -0.00715334 -0.000711862 -0.00315444
222.501 22.3384 -0.260344 1.57655 -0.00706342 -0.000703258 -0.00314932
222.523 22.3395 -0.26024 1.57688 -0.00696929 -0.000684505 -0.00314412
222.545 22.3405 -0.260108 1.57718 -0.00688133 -0.000670693 -0.00313713
222.562 22.3417 -0.259951 1.57747 -0.00680685 -0.000662558 -0.0031321
222.583 22.3428 -0.259767 1.57774 -0.00673289 -0.00065733 -0.00312577
222.603 22.344 -0.259558 1.578 -0.00666106 -0.000640502 -0.00311934
222.623 22.3452 -0.259324 1.57824 -0.00658928 -0.000637468 -0.00311307
222.643 22.3465 -0.259065 1.57846 -0.00651095 -0.000633832 -0.00310722
222.663 22.3478 -0.258781 1.57866 -0.00641096 -0.000618654 -0.00310165
222.688 22.3491 -0.258474 1.57885 -0.00628542 -0.000599212 -0.00309625
222.711 22.3505 -0.258143 1.57904 -0.0061784 -0.000680333 -0.00309109
222.735 22.3519 -0.25779 1.57921 -0.00609625 -0.0004683 -0.00308637
222.752 22.3534 -0.257413 1.57939 -0.00601643 -0.000534374 -0.00307945
222.771 22.3549 -0.257015 1.57956 -0.00594048 -0.000498741 -0.00307491
222.794 22.3564 -0.256594 1.57973 -0.0058714 -0.000405644 -0.00307191
222.812 22.358 -0.256152 1.5799 -0.0058077 -0.000383116 -0.00306633
222.834 22.3597 -0.255689 1.58006 -0.00574085 -0.000372251 -0.00306008
222.852 22.3613 -0.255206 1.58022 -0.00566597 -0.000336814 -0.00305584
222.872 22.3631 -0.254701 1.58038 -0.00558479 -0.000321574 -0.0030526
222.894 22.3648 -0.254177 1.58052 -0.00549009 -0.000323455 -0.00304777
222.914 22.3666 -0.253634 1.58065 -0.00537145 -0.000332021 -0.00304313
222.934 22.3685 -0.253071 1.58076 -0.00524389 -0.000327462 -0.00303889
222.958 22.3704 -0.25249 1.58086 -0.00512958 -0.000311245 -0.00303357
222.977 22.3723 -0.251891 1.58094 -0.00503585 -0.000292262 -0.0030283
222.999 22.3743 -0.251274 1.58099 -0.00495091 -0.000272423 -0.00302234
223.019 22.3763 -0.25064 1.58102 -0.00485401 -0.000253698 -0.00301599
223.039 22.3784 -0.24999 1.58102 -0.00473978 -0.000356441 -0.00300883
223.057 22.3805 -0.249323 1.581 -0.00461211 -0.000185246 -0.00300367
223.077 22.3827 -0.248641 1.58096 -0.00446846 -0.000181315 -0.00299769
223.099 22.3849 -0.247944 1.5809 -0.00432707 -2.25302e-05 -0.00299314
223.119 22.3872 -0.247233 1.58081 -0.00421018 -5.64724e-05 -0.00298576
223.14 22.3894 -0.246507 1.5807 -0.0041252 -0.00136774 -0.00297212
223.163 22.3919 -0.245768 1.58059 -0.00398426 -0.000200237 -0.00296102
223.182 22.3944 -0.245016 1.58051 -0.00388047 0.000588538 -0.00294832
223.203 22.3971 -0.244252 1.58044 -0.0038214 0.000136362 -0.0029298
223.222 22.3999 -0.243475 1.58036 -0.00379563 -0.000181886 -0.00291137
223.242 22.4028 -0.242686 1.58027 -0.00376762 -0.000195674 -0.00289172
223.262 22.4058 -0.241886 1.58014 -0.00373466 -0.000244652 -0.00287293
223.282 22.409 -0.241074 1.57999 -0.00369111 -0.000391369 -0.002852
223.305 22.4122 -0.24025 1.57979 -0.00363487 -0.000479585 -0.00283121
223.324 22.4156 -0.239416 1.57956 -0.003562 -0.000448003 -0.00281358
223.344 22.419 -0.238571 1.5793 -0.00346588 -0.00049989 -0.00279301
223.363 22.4226 -0.237716 1.57901 -0.00335213 -0.000550334 -0.00277492
223.383 22.4262 -0.236851 1.57869 -0.00323454 -0.000575956 -0.00275702
223.405 22.43 -0.235976 1.57836 -0.00309861 -0.000597893 -0.00273607
223.425 22.4339 -0.235093 1.57802 -0.00294548 -0.000578673 -0.00271504
223.447 22.4378 -0.234201 1.57766 -0.00277917 -0.00058034 -0.00269566
223.466 22.4419 -0.233302 1.57728 -0.00260124 -0.000498046 -0.0026774
223.485 22.446 -0.232395 1.5769 -0.00240768 -0.000628785 -0.00265913
223.506 22.4502 -0.231483 1.57652 -0.00220688 -0.00057687 -0.00263658
223.525 22.4546 -0.230565 1.57613 -0.00200171 -0.000527766 -0.0026148
223.547 22.459 -0.229643 1.57574 -0.00179719 -0.000494964 -0.00259441
223.568 22.4635 -0.228717 1.57534 -0.00158231 -0.000374296 -0.00257479
223.587 22.4681 -0.227788 1.57493 -0.00136054 -0.000454898 -0.00255326
223.613 22.4728 -0.226857 1.57452 -0.00115721 -0.000411723 -0.00253286
223.632 22.4775 -0.225925 1.5741 -0.00097285 -0.000193802 -0.00251279
223.656 22.4824 -0.224992 1.57369 -0.000793329 -0.000169188 -0.00249224
223.673 22.4873 -0.224059 1.57327 -0.000630886 -0.000140567 -0.00247021
223.693 22.4923 -0.223127 1.57285 -0.000487018 -0.000101267 -0.00244763
223.713 22.4974 -0.222196 1.57243 -0.000356066 -5.6232e-05 -0.00242573
223.734 22.5026 -0.221267 1.57201 -0.000221702 -3.83724e-05 -0.00240271
223.758 22.5079 -0.22034 1.57159 -9.69491e-05 -1.90233e-05 -0.0023831
223.775 22.5132 -0.219416 1.57117 1.27825e-05 9.9034e-05 -0.00236156
223.793 22.5186 -0.218495 1.57076 0.000126637 0.000101881 -0.00234016
223.815 22.5241 -0.217578 1.57036 0.000228247 0.000120566 -0.00231961
223.836 22.5297 -0.216665 1.56999 0.000254822 0.00354351 -0.00229272
223.858 22.5349 -0.215758 1.56969 0.000766024 0.000738009 -0.00226047
224.028 22.54 -0.214858 1.56955 0.001589 0.000713125 -0.00222229
224.049 22.5448 -0.213968 1.56953 0.00253235 0.00203891 -0.00218495
224.075 22.5494 -0.213091 1.56957 0.00351994 0.00255455 -0.00215081
224.093 22.5539 -0.21223 1.56963 0.00449033 0.00267988 -0.00211975
224.114 22.5582 -0.211389 1.56969 0.00540205 0.00270257 -0.00209559
224.131 22.5623 -0.210571 1.56975 0.00621425 0.00292847 -0.00207259
224.152 22.5663 -0.209779 1.56979 0.00689777 0.0030876 -0.00205558
224.173 22.5701 -0.209016 1.56983 0.00746947 0.00310321 -0.0020461
224.192 22.5738 -0.208283 1.56987 0.00792084 0.00310664 -0.00204043
224.214 22.5773 -0.207582 1.5699 0.00826825 0.00310141 -0.00204277
224.233 22.5806 -0.206916 1.56994 0.00852452 0.00305705 -0.00204372
224.252 22.5838 -0.206284 1.56999 0.00869414 0.00299262 -0.00204437
224.275 22.5868 -0.205688 1.57005 0.00879245 0.00292189 -0.00204829
224.294 22.5896 -0.205127 1.57012 0.00882964 0.00282181 -0.00204637
224.316 22.5923 -0.204602 1.57021 0.00881521 0.00282691 -0.00205202
224.335 22.5949 -0.204114 1.57032 0.00880016 0.0026593 -0.00206185
224.354 22.5972 -0.203661 1.57046 0.00881281 0.00244436 -0.00206951
224.376 22.5994 -0.203245 1.57062 0.00883944 0.00229452 -0.00207712
224.395 22.6014 -0.202864 1.57081 0.008862 0.00204481 -0.00208886
224.418 22.6032 -0.202519 1.57103 0.00888333 0.00196392 -0.00209997
224.436 22.6049 -0.20221 1.57129 0.00889176 0.00180797 -0.0021125
224.456 22.6064 -0.201936 1.57158 0.00887758 0.00151395 -0.00213065
224.478 22.6077 -0.201698 1.57191 0.00884674 0.0014274 -0.00214089
224.497 22.6089 -0.201496 1.57228 0.00878523 0.00116122 -0.0021544
224.517 22.6099 -0.201328 1.57268 0.00870318 0.00103125 -0.00216752
224.538 22.6107 -0.201194 1.57311 0.00859619 0.000970461 -0.00218741
224.557 22.6115 -0.201095 1.57357 0.00845972 0.000759048 -0.00220781
224.579 22.612 -0.201028 1.57405 0.00831022 0.000714322 -0.00222515
224.597 22.6124 -0.200994 1.57456 0.0081425 0.000622841 -0.00224264
224.622 22.6127 -0.200992 1.57508 0.00795559 0.000413989 -0.00226148
224.638 22.6129 -0.201021 1.57562 0.007766 0.000398103 -0.00227763
224.658 22.6129 -0.20108 1.57617 0.00756729 0.0002245 -0.00229678
224.679 22.6128 -0.201168 1.57673 0.00736566 0.000183904 -0.00231501
224.699 22.6125 -0.201284 1.57729 0.00715752 6.12997e-05 -0.00233305
224.722 22.6121 -0.201427 1.57785 0.00693975 -1.80764e-05 -0.00235126
224.74 22.6116 -0.201598 1.57842 0.00673296 -6.35209e-05 -0.00236757
224.761 22.611 -0.201793 1.57898 0.00654239 -0.000220354 -0.00238522
224.782 22.6103 -0.202013 1.57955 0.00635037 -0.000270985 -0.00240205
224.802 22.6095 -0.202258 1.58011 0.00616274 -0.000312405 -0.00241817
224.823 22.6085 -0.202525 1.58067 0.00597815 -0.000454519 -0.00243606
224.842 22.6075 -0.202814 1.58121 0.00579252 -0.000510251 -0.00245321
224.862 22.6063 -0.203125 1.58175 0.00561625 -0.000652409 -0.00246981
224.883 22.605 -0.203457 1.58228 0.00543509 -0.00073775 -0.00248577
224.905 22.6037 -0.203808 1.5828 0.00525802 -0.000760635 -0.00250122
224.927 22.6022 -0.204179 1.5833 0.00508596 -0.00087088 -0.00251702
224.944 22.6007 -0.204568 1.58379 0.00491081 -0.000915264 -0.00253088
224.964 22.5991 -0.204975 1.58426 0.00474904 -0.000957139 -0.00254539
224.986 22.5974 -0.205399 1.58472 0.00459831 -0.00107297 -0.00256025
225.004 22.5956 -0.205839 1.58516 0.00443943 -0.00109804 -0.00257457
225.029 22.5937 -0.206295 1.58559 0.00430954 -0.00233621 -0.00259283
225.045 22.5919 -0.206765 1.58601 0.00393455 -0.00175005 -0.00259703
225.067 22.5901 -0.207247 1.58643 0.00329585 -0.00153825 -0.00259594
225.087 22.5883 -0.20774 1.58684 0.00252374 -0.00202539 -0.0025986
225.108 22.5866 -0.208241 1.58721 0.00169642 -0.00221676 -0.00259866
225.129 22.5849 -0.208747 1.58755 0.000888054 -0.00234038 -0.00259709
225.147 22.5832 -0.209255 1.58785 0.000123588 -0.00243086 -0.00259775
225.167 22.5815 -0.209762 1.5881 -0.000584843 -0.00252134 -0.00259621
225.187 22.5798 -0.210265 1.58831 -0.00117386 -0.00267616 -0.0025948
225.208 22.5781 -0.210764 1.58849 -0.00166461 -0.00267774 -0.00259547
225.229 22.5765 -0.211254 1.58863 -0.00206554 -0.00268291 -0.00259482
225.247 22.5749 -0.211736 1.58873 -0.00237656 -0.0027214 -0.00259408
225.268 22.5733 -0.212207 1.58881 -0.00261073 -0.00273233 -0.00259028
225.289 22.5717 -0.212668 1.58885 -0.00276468 -0.00271357 -0.00258732
225.312 22.5702 -0.213116 1.58885 -0.00286133 -0.00270311 -0.00258413
225.329 22.5687 -0.213552 1.58883 -0.00292822 -0.00267609 -0.00257935
225.349 22.5672 -0.213975 1.58878 -0.00297459 -0.00262677 -0.00257723
225.372 22.5657 -0.214386 1.5887 -0.00302007 -0.00256036 -0.00257819
225.39 22.5642 -0.214784 1.58858 -0.00307698 -0.00247944 -0.00257769
225.411 22.5628 -0.215168 1.58844 -0.00314243 -0.0023951 -0.00257719
225.432 22.5614 -0.215539 1.58826 -0.00320624 -0.00240675 -0.00257174
225.451 22.56 -0.215896 1.58805 -0.00326722 -0.0022734 -0.00256641
225.472 22.5587 -0.21624 1.58782 -0.00332876 -0.00217817 -0.00255972
225.493 22.5573 -0.216569 1.58757 -0.003386 -0.00213268 -0.00255374
225.512 22.556 -0.216884 1.58729 -0.00344801 -0.00206657 -0.00254565
225.533 22.5548 -0.217185 1.58699 -0.00351864 -0.00199071 -0.00254022
225.552 22.5536 -0.217472 1.58667 -0.00359953 -0.0019241 -0.00253584
225.572 22.5524 -0.217743 1.58632 -0.00369359 -0.00185434 -0.00252598
225.592 22.5512 -0.217999 1.58596 -0.00377614 -0.00178143 -0.00251687
225.613 22.5501 -0.21824 1.58559 -0.00383945 -0.00172125 -0.00250783
225.635 22.549 -0.218465 1.58519 -0.00388178 -0.0016646 -0.00250262
225.652 22.5479 -0.218675 1.58479 -0.00389732 -0.00169199 -0.00249309
225.674 22.5469 -0.218869 1.58437 -0.00390666 -0.00156531 -0.00248528
225.694 22.5459 -0.219047 1.58395 -0.00392891 -0.00143594 -0.00247798
225.714 22.545 -0.219209 1.58352 -0.00395725 -0.00137849 -0.0024723
225.737 22.544 -0.219355 1.58309 -0.00398242 -0.00132048 -0.00246694
225.756 22.5432 -0.219486 1.58266 -0.00400357 -0.00124824 -0.00245772
225.775 22.5424 -0.2196 1.58223 -0.00401959 -0.00119719 -0.0024496
225.798 22.5416 -0.219698 1.5818 -0.00404753 -0.00115836 -0.00244409
225.815 22.5408 -0.21978 1.58137 -0.00409941 -0.00111696 -0.00243763
225.838 22.5401 -0.219846 1.58096 -0.00417128 -0.00106269 -0.00242792
225.856 22.5395 -0.219895 1.58055 -0.00424223 -0.00100629 -0.00242178
225.877 22.5389 -0.219928 1.58015 -0.00428662 -0.000946504 -0.00241573
225.899 22.5383 -0.219944 1.57977 -0.0043102 -0.000885259 -0.00240817
225.919 22.5378 -0.219943 1.57939 -0.00433299 -0.000829494 -0.00240078
225.94 22.5373 -0.219925 1.57903 -0.0043556 -0.000782934 -0.00239445
225.957 22.5368 -0.21989 1.57868 -0.00436433 -0.00072186 -0.00238632
225.978 22.5364 -0.219839 1.57833 -0.00435639 -0.000666673 -0.0023797
225.999 22.536 -0.219771 1.578 -0.0043462 -0.000621196 -0.00237204
226.021 22.5357 -0.219686 1.57768 -0.0043319 -0.000571679 -0.00236528
226.04 22.5354 -0.219584 1.57737 -0.00430599 -0.000536254 -0.00235841
226.06 22.5352 -0.219466 1.57707 -0.00428554 -0.000484891 -0.00235331
226.081 22.535 -0.219331 1.57679 -0.00427628 -0.000424369 -0.00234766
226.103 22.5348 -0.21918 1.57652 -0.00427558 -0.000394214 -0.00234192
226.122 22.5347 -0.219013 1.57627 -0.00426112 -0.000373052 -0.0023348
226.143 22.5347 -0.21883 1.57603 -0.00423358 -0.00033673 -0.00233134
226.162 22.5346 -0.218631 1.57581 -0.00421113 -0.000287133 -0.00232545
226.182 22.5346 -0.218416 1.57559 -0.00420117 -0.000240738 -0.00231944
226.204 22.5347 -0.218186 1.57538 -0.00420561 -0.000137035 -0.00231376
226.223 22.5348 -0.217939 1.57518 -0.00422292 -0.00016422 -0.00230741
226.244 22.5349 -0.217677 1.57499 -0.00424769 -0.000129554 -0.00230123
226.264 22.5351 -0.217399 1.57481 -0.00426518 -8.25064e-05 -0.00229515
226.285 22.5353 -0.217106 1.57464 -0.00427005 -6.10156e-05 -0.00228902
226.306 22.5355 -0.216797 1.57448 -0.00428306 -0.000115 -0.00228343
226.325 22.5357 -0.216472 1.57432 -0.00429816 3.81218e-05 -0.00227946
226.345 22.5361 -0.216131 1.57418 -0.00430109 5.68802e-06 -0.00227375
226.366 22.5364 -0.215775 1.57406 -0.00429612 2.0967e-05 -0.00226789
226.386 22.5368 -0.215402 1.57395 -0.00435777 8.38065e-05 -0.00226215
226.407 22.5372 -0.215013 1.57385 -0.00453016 0.000132947 -0.00225673
226.427 22.5376 -0.214607 1.57377 -0.0047779 0.000174768 -0.0022518
226.449 22.5381 -0.214184 1.57369 -0.00504784 0.000192768 -0.00224819
226.468 22.5386 -0.213742 1.57362 -0.00529592 0.000205244 -0.0022449
226.488 22.5391 -0.213282 1.57355 -0.00551228 0.000234706 -0.00224041
226.509 22.5397 -0.212801 1.57349 -0.00569036 0.000350302 -0.00223735
226.528 22.5403 -0.2123 1.57343 -0.00581694 0.000310641 -0.00223318
226.548 22.5409 -0.211779 1.57338 -0.00589626 0.000307929 -0.00222961
226.569 22.5416 -0.211236 1.57333 -0.00593456 0.000333351 -0.00222505
226.588 22.5423 -0.210672 1.57329 -0.00593727 0.000326923 -0.00222318
226.609 22.543 -0.210086 1.57326 -0.00589369 0.000302458 -0.0022245
226.631 22.5437 -0.20948 1.57324 -0.00581515 0.000294753 -0.00222317
226.654 22.5445 -0.208853 1.57323 -0.00571803 0.000370764 -0.0022224
226.673 22.5453 -0.208206 1.57323 -0.00560127 0.000337566 -0.00222099
226.691 22.5461 -0.207539 1.57325 -0.00546479 0.000285692 -0.00221852
226.713 22.5469 -0.206853 1.57328 -0.00531593 0.000294068 -0.00221907
226.733 22.5478 -0.206148 1.57332 -0.005169 0.000299507 -0.00221807
226.756 22.5486 -0.205425 1.57337 -0.00502475 0.000295661 -0.0022155
226.773 22.5495 -0.204685 1.57345 -0.00486904 0.000313359 -0.00221457
226.794 22.5504 -0.203929 1.57353 -0.00471925 0.000325934 -0.00221446
226.817 22.5513 -0.203156 1.57363 -0.00456958 0.000322992 -0.00221295
226.837 22.5522 -0.202368 1.57375 -0.00441385 0.00038076 -0.00221139
226.857 22.5532 -0.201565 1.5739 -0.00426079 0.000302815 -0.00220975
226.875 22.5541 -0.200748 1.57406 -0.00411833 0.000278579 -0.00220682
226.895 22.5551 -0.199917 1.57424 -0.00399588 0.00029767 -0.00220331
226.916 22.5561 -0.199073 1.57444 -0.00389992 0.000316546 -0.00220325
226.936 22.557 -0.198216 1.57465 -0.00382002 0.000325335 -0.00220349
226.956 22.558 -0.197348 1.57488 -0.00374265 0.000344723 -0.00220138
226.976 22.559 -0.196467 1.57512 -0.00367667 0.000352821 -0.00220156
226.996 22.5601 -0.195574 1.57538 -0.0036144 0.000419406 -0.00219923
227.024 22.5611 -0.194671 1.57565 -0.00353251 0.000360118 -0.00219734
227.04 22.5621 -0.193756 1.57593 -0.00342848 0.000285887 -0.00219441
227.06 22.5631 -0.192832 1.57622 -0.00331316 0.000270375 -0.00219189
227.08 22.5641 -0.191897 1.57652 -0.00320402 0.000275233 -0.0021894
227.1 22.5652 -0.190952 1.57682 -0.00310339 0.000266885 -0.00218809
227.123 22.5662 -0.189999 1.57711 -0.00299844 0.000245415 -0.00218763
227.143 22.5672 -0.189037 1.5774 -0.00289198 0.000229992 -0.00218528
227.161 22.5682 -0.188067 1.57769 -0.00277822 0.000216512 -0.00218205
227.181 22.5693 -0.187089 1.57797 -0.00264618 0.000191239 -0.00217953
227.202 22.5703 -0.186104 1.57825 -0.00250961 0.000258836 -0.00217744
227.222 22.5713 -0.185112 1.57852 -0.00237889 0.000177329 -0.00217676
227.243 22.5723 -0.184115 1.57878 -0.00225519 0.000149146 -0.00217519
227.265 22.5733 -0.183111 1.57904 -0.0021422 0.000158861 -0.00217312
227.282 22.5744 -0.182102 1.57929 -0.00203292 0.0001436 -0.00217222
227.302 22.5754 -0.181089 1.57954 -0.0019247 0.000134244 -0.00217127
227.324 22.5763 -0.180071 1.57978 -0.00184047 0.0001492 -0.00216972
227.344 22.5773 -0.17905 1.58002 -0.00177905 0.000142775 -0.00216606
227.363 22.5783 -0.178024 1.58026 -0.00174065 0.000125388 -0.0021614
227.384 22.5793 -0.176995 1.5805 -0.00171875 0.000122241 -0.00215809
227.405 22.5802 -0.175961 1.58073 -0.0018158 0.000124663 -0.00215557
227.424 22.5812 -0.174923 1.58097 -0.00213651 0.000191776 -0.00215428
227.444 22.5822 -0.173879 1.58121 -0.00259375 0.000161824 -0.00215104
227.466 22.5831 -0.172827 1.58144 -0.00310819 0.00010132 -0.00215062
227.485 22.584 -0.171767 1.58168 -0.00362723 9.73824e-05 -0.00214981
227.505 22.5849 -0.170695 1.58192 -0.00411088 0.0001148 -0.00215037
227.527 22.5858 -0.169612 1.58217 -0.00454012 0.00011304 -0.00214873
227.551 22.5867 -0.168514 1.58241 -0.00488937 0.000101927 -0.00214847
227.567 22.5876 -0.167402 1.58266 -0.00517093 9.27121e-05 -0.00214827
227.586 22.5884 -0.166273 1.58291 -0.00540468 7.62179e-05 -0.00215158
227.607 22.5892 -0.165126 1.58316 -0.00557271 5.39004e-05 -0.00215316
227.633 22.5901 -0.163962 1.58343 -0.0056774 5.09055e-05 -0.00215264
227.649 22.5909 -0.16278 1.58369 -0.00571756 4.70465e-05 -0.00215082
227.675 22.5917 -0.16158 1.58396 -0.00567898 3.96346e-05 -0.00214757
227.69 22.5924 -0.160361 1.58423 -0.00556788 2.45824e-05 -0.00214343
227.709 22.5932 -0.159125 1.58449 -0.0054077 3.23487e-06 -0.00213866
227.729 22.594 -0.157872 1.58475 -0.00521102 -2.22013e-05 -0.00213556
227.749 22.5947 -0.156603 1.585 -0.0049892 -4.19865e-05 -0.00213596
227.772 22.5954 -0.155319 1.58525 -0.00476755 -5.60811e-05 -0.00213394
227.79 22.5961 -0.15402 1.58548 -0.0045647 -7.07304e-05 -0.00213009
227.81 22.5968 -0.152707 1.5857 -0.00438905 -8.80758e-05 -0.0021252
227.832 22.5975 -0.151381 1.5859 -0.00424414 -0.000108457 -0.00212263
227.85 22.5982 -0.150042 1.58609 -0.00411404 -0.000130638 -0.00212312
227.87 22.5988 -0.148692 1.58626 -0.00399964 -5.99477e-05 -0.00212325
227.892 22.5995 -0.147331 1.58642 -0.00389528 -0.000228932 -0.00212096
227.911 22.6001 -0.145958 1.58658 -0.00378532 -0.000168373 -0.00212029
227.933 22.6007 -0.144575 1.58672 -0.00366912 -0.00021698 -0.00211855
227.953 22.6013 -0.143183 1.58684 -0.00355217 -0.000339946 -0.00211629
227.976 22.6018 -0.141781 1.58696 -0.00344519 -0.000186011 -0.00211628
227.994 22.6024 -0.14037 1.58706 -0.00333612 -0.000289003 -0.00211419
228.014 22.6029 -0.13895 1.58716 -0.00322919 -0.000236568 -0.00211227
228.036 22.6034 -0.137522 1.58724 -0.00312107 -0.000224272 -0.00211011
228.054 22.6039 -0.136087 1.58731 -0.00301441 -0.000357799 -0.00210978
228.075 22.6043 -0.134644 1.58737 -0.00291651 -0.000243591 -0.00210873
228.094 22.6048 -0.133195 1.58742 -0.00282588 -0.000260969 -0.0021065
228.114 22.6052 -0.131739 1.58746 -0.00274818 -0.000362796 -0.00210631
228.134 22.6056 -0.130277 1.58748 -0.00268755 -0.000276415 -0.00210627
228.158 22.606 -0.128809 1.58748 -0.00262736 -0.000299994 -0.00210594
228.176 22.6063 -0.127336 1.58747 -0.00255963 -0.000385463 -0.00210775
228.196 22.6067 -0.125857 1.58744 -0.00249061 -0.000408753 -0.00210746
228.219 22.607 -0.124374 1.58739 -0.00242897 -0.000406482 -0.0021095
228.239 22.6073 -0.122885 1.58731 -0.00236955 -0.000413877 -0.00210829
228.258 22.6076 -0.121393 1.58721 -0.00230721 -0.000412032 -0.00210765
228.278 22.6078 -0.119896 1.58709 -0.00224153 -0.000537033 -0.00210626
228.299 22.6081 -0.118395 1.58694 -0.00219039 -0.000468884 -0.00210675
228.319 22.6083 -0.11689 1.58678 -0.00214784 -0.000463395 -0.0021067
228.341 22.6085 -0.115381 1.58659 -0.00211144 -0.000600869 -0.00210341
228.363 22.6086 -0.113869 1.5864 -0.00208663 -0.000481125 -0.00210446
228.382 22.6088 -0.112354 1.58618 -0.00205402 -0.000554964 -0.00210258
228.401 22.609 -0.110836 1.58595 -0.00201308 -0.000436785 -0.00210127
228.421 22.6091 -0.109314 1.58571 -0.0020558 -0.000409626 -0.00210343
228.442 22.6092 -0.107787 1.58546 -0.00245738 -0.000443129 -0.00210257
228.461 22.6093 -0.106253 1.58519 -0.00317775 -0.000457492 -0.00210251
228.486 22.6093 -0.10471 1.58492 -0.0040538 -0.00045624 -0.00210561
228.502 22.6093 -0.103157 1.58463 -0.00494018 -0.000473018 -0.00210597
228.522 22.6094 -0.10159 1.58434 -0.00576557 -0.000558564 -0.00210383
228.544 22.6094 -0.100005 1.58403 -0.00653301 -0.000539294 -0.00210455
228.562 22.6093 -0.0984004 1.58371 -0.00719127 -0.000508084 -0.00210578
228.585 22.6093 -0.0967734 1.5834 -0.00775007 -0.000606832 -0.00210615
228.605 22.6093 -0.0951219 1.58308 -0.0081847 -0.000581275 -0.00210712
228.623 22.6092 -0.0934446 1.58276 -0.008472 -0.000555736 -0.00210781
228.645 22.6091 -0.0917402 1.58245 -0.0086376 -0.000559966 -0.00210599
228.664 22.609 -0.090008 1.58213 -0.00870619 -0.000569621 -0.00210596
228.688 22.6089 -0.0882477 1.58182 -0.00870294 -0.000563913 -0.00210465
228.705 22.6088 -0.0864592 1.58152 -0.00865659 -0.000555201 -0.00210324
228.724 22.6087 -0.0846427 1.58122 -0.0085714 -0.00054004 -0.00210424
228.747 22.6086 -0.0827987 1.58093 -0.00844821 -0.000516583 -0.00210418
228.765 22.6084 -0.0809277 1.58065 -0.00828888 -0.000492816 -0.00210161
228.786 22.6082 -0.0790303 1.58038 -0.00810059 -0.00047173 -0.00209758
228.806 22.6081 -0.0771075 1.58011 -0.00788266 -0.000457104 -0.00209281
228.826 22.6079 -0.0751602 1.57985 -0.00763742 -0.000447203 -0.00209121
228.847 22.6077 -0.0731892 1.5796 -0.00738898 -0.000439288 -0.00209034
228.866 22.6075 -0.0711956 1.57935 -0.00713385 -0.00043231 -0.00208787
228.891 22.6072 -0.0691806 1.5791 -0.00686972 -0.000421994 -0.00208831
228.908 22.607 -0.0671449 1.57886 -0.00663537 -0.000418829 -0.0020908
228.928 22.6067 -0.0650897 1.57862 -0.00642451 -0.000510817 -0.00209073
228.955 22.6065 -0.0630158 1.5784 -0.00622948 -0.000343435 -0.00208926
228.972 22.6062 -0.060924 1.57818 -0.00604861 -0.000405646 -0.00208972
228.995 22.6059 -0.0588151 1.57797 -0.00589183 -0.000448241 -0.00208896
229.012 22.6056 -0.0566898 1.57778 -0.00575593 -0.000422681 -0.00208765
229.033 22.6054 -0.0545487 1.57759 -0.00562805 -0.00040712 -0.00208433
229.053 22.6051 -0.0523924 1.57741 -0.00550806 -0.000419392 -0.00208448
229.073 22.6048 -0.0502213 1.57723 -0.00540609 -0.00044755 -0.00208405
229.092 22.6045 -0.048036 1.57705 -0.00532045 -0.00047908 -0.002087
229.113 22.6042 -0.0458368 1.57687 -0.00524201 -0.000492734 -0.00208689
229.132 22.6039 -0.0436241 1.57669 -0.00518471 -0.000506438 -0.00208577
229.154 22.6036 -0.0413981 1.57651 -0.00514103 -0.000508804 -0.00208495
229.173 22.6032 -0.0391592 1.57634 -0.00509205 -0.000491765 -0.00208314
229.194 22.6029 -0.0369077 1.57617 -0.0050257 -0.000489966 -0.0020792
229.213 22.6026 -0.0346438 1.57601 -0.00494445 -0.000494851 -0.00207341
229.233 22.6023 -0.0323678 1.57586 -0.00485757 -0.000492019 -0.00207148
229.256 22.6019 -0.0300802 1.5757 -0.00476121 -0.000492499 -0.00207254
229.276 22.6016 -0.0277812 1.57556 -0.004668 -0.000477299 -0.00207366
229.299 22.6012 -0.0254713 1.57543 -0.00459087 -0.000444287 -0.00207333
229.314 22.6009 -0.0231506 1.5753 -0.00453366 -0.000432306 -0.00207153
229.336 22.6005 -0.0208196 1.57519 -0.00449912 -0.000432238 -0.0020685
229.357 22.6002 -0.0184783 1.5751 -0.00447182 -0.00041934 -0.0020649
229.376 22.5998 -0.016127 1.57503 -0.00442998 -0.000411756 -0.00206019
229.398 22.5995 -0.013766 1.57497 -0.00437208 -0.00041099 -0.00206003
229.418 22.5991 -0.0113954 1.57494 -0.00430897 -0.000401524 -0.00206261
229.438 22.5987 -0.00901534 1.57493 -0.00428187 -0.000388455 -0.00206145
229.458 22.5983 -0.00662352 1.57496 -0.00467157 -0.000374953 -0.00205684
229.48 22.5979 -0.00421754 1.57502 -0.00562415 -0.00036504 -0.002052
229.503 22.5976 -0.00179508 1.57512 -0.00690218 -0.000355218 -0.00204776
229.52 22.5972 0.000647458 1.57524 -0.00826492 -0.000359018 -0.00205055
229.54 22.5968 0.00311445 1.5754 -0.00957268 -0.000372828 -0.00204821
229.563 22.5964 0.00561067 1.57557 -0.0107764 -0.000393674 -0.00204569
229.581 22.596 0.00814046 1.57577 -0.0118261 -0.000410679 -0.00204462
229.603 22.5956 0.0107077 1.57599 -0.0126994 -0.000410412 -0.00204515
229.62 22.5952 0.0133156 1.57622 -0.0133993 -0.00040263 -0.00204407
229.64 22.5947 0.0159667 1.57647 -0.0139096 -0.000390562 -0.0020447
229.661 22.5943 0.018663 1.57674 -0.0142421 -0.000388105 -0.00204389
229.681 22.5939 0.0214056 1.57703 -0.014416 -0.000398687 -0.00204217
229.703 22.5935 0.0241953 1.57734 -0.0144374 -0.000477077 -0.00203867
229.721 22.5931 0.027032 1.57767 -0.0143367 -0.000391055 -0.0020401
229.741 22.5926 0.0299155 1.57802 -0.0141466 -0.00049166 -0.00203782
229.762 22.5922 0.0328448 1.57839 -0.0138884 -0.000511749 -0.00203568
229.781 22.5918 0.0358191 1.57877 -0.0135765 -0.000344402 -0.00203703
229.805 22.5913 0.0388369 1.57918 -0.0132326 -0.000465197 -0.00203307
229.822 22.5909 0.0418969 1.5796 -0.012871 -0.000413043 -0.00203255
229.842 22.5905 0.0449976 1.58004 -0.0125047 -0.000356236 -0.00203275
229.864 22.5901 0.0481373 1.58048 -0.0121478 -0.000268757 -0.00203376
229.884 22.5897 0.0513145 1.58093 -0.0117913 -0.000395103 -0.00203748
229.906 22.5893 0.0545278 1.58138 -0.0114443 -0.000426396 -0.00203745
229.924 22.5889 0.0577757 1.58183 -0.0111298 -0.000403905 -0.00203607
229.946 22.5884 0.0610568 1.58228 -0.0108433 -0.000410476 -0.00203431
229.965 22.588 0.06437 1.58273 -0.0105916 -0.000422657 -0.00203047
229.986 22.5876 0.0677141 1.58318 -0.0103729 -0.000421145 -0.00202959
230.007 22.5873 0.071088 1.58362 -0.0101595 -0.000425331 -0.00202663
230.026 22.5869 0.0744909 1.58406 -0.00996446 -0.000420648 -0.00202639
230.045 22.5865 0.077922 1.58448 -0.0098064 -0.000405328 -0.00202543
230.067 22.5861 0.0813805 1.5849 -0.00968024 -0.000395892 -0.00202228
230.088 22.5857 0.0848657 1.5853 -0.00956766 -0.000384327 -0.00202387
230.109 22.5853 0.0883771 1.5857 -0.00944731 -0.000371004 -0.00202694
230.128 22.585 0.091914 1.58608 -0.00932613 -0.000365579 -0.00202774
230.148 22.5846 0.0954759 1.58644 -0.00920431 -0.000378389 -0.00202468
230.173 22.5842 0.0990621 1.58679 -0.00907415 -0.000407494 -0.0020252
230.19 22.5839 0.102672 1.58711 -0.0089373 -0.000425424 -0.00202417
230.21 22.5835 0.106305 1.58741 -0.00879746 -0.000429572 -0.00202631
230.23 22.5832 0.109961 1.58768 -0.00863657 -0.000420637 -0.00202555
230.251 22.5828 0.113638 1.58793 -0.00846154 -0.000399022 -0.00203129
230.271 22.5825 0.117337 1.58815 -0.00829468 -0.000391378 -0.00203195
230.292 22.5821 0.121055 1.58835 -0.00812477 -0.000385424 -0.00203106
230.313 22.5818 0.124794 1.58851 -0.00795003 -0.000371203 -0.00203245
230.331 22.5814 0.128551 1.58865 -0.00777361 -0.000371374 -0.00203317
230.352 22.5811 0.132326 1.58876 -0.00758199 -0.000387475 -0.00203426
230.372 22.5808 0.136119 1.58883 -0.00739411 -0.000402622 -0.00203035
230.392 22.5805 0.139928 1.58887 -0.00720915 -0.000419839 -0.00202766
230.413 22.5801 0.143753 1.58889 -0.00701605 -0.000436787 -0.0020267
230.432 22.5798 0.147593 1.58887 -0.00682705 -0.000440308 -0.00202459
230.453 22.5795 0.151447 1.58883 -0.00669202 -0.000389832 -0.0020227
230.475 22.5792 0.155319 1.58877 -0.0071012 -0.000429841 -0.00202129
230.497 22.5789 0.15921 1.5887 -0.00821866 -0.000430769 -0.00201896
230.515 22.5785 0.163123 1.58861 -0.00976416 -0.000396381 -0.00201705
230.534 22.5782 0.167062 1.58851 -0.0113841 -0.000384067 -0.00201504
230.554 22.5779 0.171033 1.5884 -0.0129159 -0.000385716 -0.00201279
230.574 22.5775 0.17504 1.58826 -0.0143653 -0.000367033 -0.00201174
230.594 22.5772 0.17909 1.5881 -0.0155734 -0.000367147 -0.00201003
230.617 22.5768 0.183186 1.58792 -0.0165509 -0.000369285 -0.0020074
230.635 22.5765 0.187332 1.58772 -0.0173159 -0.000351819 -0.00200465
230.654 22.5761 0.19153 1.5875 -0.0178191 -0.000350797 -0.00200176
230.677 22.5758 0.195784 1.58727 -0.0181121 -0.000363637 -0.00199554
230.7 22.5754 0.200093 1.58702 -0.0182184 -0.000370581 -0.00199276
230.721 22.575 0.204458 1.58675 -0.0181453 -0.000380872 -0.0019912
230.74 22.5746 0.20888 1.58648 -0.0179247 -0.000391687 -0.0019897
230.76 22.5743 0.213356 1.58621 -0.0175892 -0.000395878 -0.00199106
230.781 22.5739 0.217886 1.58592 -0.0171764 -0.00038895 -0.00199417
230.803 22.5735 0.222469 1.58563 -0.016685 -0.000389712 -0.00199283
230.821 22.5731 0.227101 1.58534 -0.0161581 -0.000387977 -0.00199535
230.842 22.5727 0.231782 1.58505 -0.0156028 -0.000380967 -0.00199763
230.862 22.5723 0.236509 1.58475 -0.0150314 -0.000383893 -0.00199805
230.889 22.5719 0.241279 1.58445 -0.0144766 -0.000383127 -0.00199745
230.903 22.5715 0.24609 1.58415 -0.0139101 -0.00037479 -0.00199859
230.927 22.5711 0.25094 1.58384 -0.0133495 -0.000376662 -0.00199587
230.944 22.5707 0.255827 1.58353 -0.012824 -0.000383854 -0.00199326
230.962 22.5703 0.260749 1.58322 -0.0123083 -0.00040143 -0.00199118
230.984 22.5699 0.265702 1.58291 -0.011825 -0.000409908 -0.00198852
231.004 22.5694 0.270687 1.58259 -0.0113694 -0.000405996 -0.00198552
231.028 22.569 0.275699 1.58226 -0.0109253 -0.000415566 -0.00198893
231.043 22.5686 0.280739 1.58193 -0.0105134 -0.000415285 -0.00198777
231.063 22.5682 0.285803 1.58159 -0.0101188 -0.000408553 -0.00198681
231.086 22.5677 0.290891 1.58125 -0.00973858 -0.000416341 -0.0019891
231.107 22.5673 0.296 1.58091 -0.00938731 -0.000423619 -0.00198786
231.13 22.5668 0.30113 1.58056 -0.00905027 -0.000441016 -0.00198281
231.146 22.5664 0.306279 1.5802 -0.00873102 -0.000556234 -0.00197844
231.165 22.5659 0.311445 1.57985 -0.00841777 -0.000420213 -0.00197762
231.188 22.5655 0.316628 1.5795 -0.00809153 -0.000419914 -0.0019741
231.207 22.565 0.321825 1.57916 -0.00776599 -0.000564545 -0.00196997
231.233 22.5646 0.327037 1.57881 -0.00744972 -0.000446694 -0.00196864
231.247 22.5641 0.33226 1.57848 -0.00713199 -0.000555603 -0.00196757
231.268 22.5636 0.337495 1.57814 -0.00681554 -0.000482629 -0.00196593
231.29 22.5632 0.342739 1.57782 -0.00650174 -0.000445647 -0.00196223
231.311 22.5627 0.347993 1.57749 -0.00620104 -0.000584127 -0.00195787
231.333 22.5623 0.353253 1.57717 -0.00590344 -0.000544232 -0.00195737
231.351 22.5618 0.35852 1.57685 -0.00560975 -0.000574424 -0.00195718
231.372 22.5613 0.363791 1.57654 -0.0053076 -0.000472288 -0.00195758
231.394 22.5609 0.369067 1.57623 -0.00500233 -0.000612046 -0.0019574
231.412 22.5604 0.374345 1.57592 -0.00470665 -0.000494811 -0.0019548
231.434 22.5599 0.379624 1.57562 -0.00440676 -0.000611465 -0.00194896
231.453 22.5595 0.384904 1.57533 -0.00411003 -0.000522453 -0.00194848
231.473 22.559 0.390182 1.57505 -0.00381735 -0.000489688 -0.00194862
231.497 22.559 0.390327 1.57398 -0.00213676 9.80752e-05 -0.00188719
231.515 22.559 0.390268 1.57327 -0.00210721 -0.000604655 -0.00193203
231.536 22.559 0.390208 1.57319 -0.00227207 -0.000248536 -0.00196249
231.555 22.5589 0.390095 1.57364 -0.00310937 3.46747e-05 -0.00201699
231.574 22.5589 0.389907 1.57448 -0.00496115 0.00113906 -0.00194108
231.596 22.5588 0.389669 1.5756 -0.00724326 0.00191287 -0.00192723
231.617 22.5587 0.389391 1.57689 -0.0100456 0.00314102 -0.00183318
231.636 22.5587 0.389076 1.57827 -0.013325 0.00426556 -0.00174942
231.657 22.5587 0.388745 1.57971 -0.0167543 0.00513993 -0.00169184
231.676 22.5586 0.388397 1.58114 -0.0205636 0.0059725 -0.0016152
231.698 22.5586 0.388059 1.58256 -0.0243247 0.00644733 -0.00156452
231.72 22.5587 0.387733 1.58395 -0.0280185 0.00686991 -0.00148479
231.739 22.5587 0.387432 1.58531 -0.0315336 0.00697568 -0.00141897
231.76 22.5588 0.387177 1.58663 -0.0345875 0.00692767 -0.00134664
231.779 22.5588 0.386975 1.58793 -0.0370024 0.00666872 -0.00127077
231.803 22.5589 0.3868 1.58917 -0.0391042 0.00637797 -0.00120423
231.828 22.559 0.386667 1.59028 -0.0407243 0.00580097 -0.00115438
231.85 22.5591 0.386596 1.59123 -0.0415416 0.00476756 -0.00110451
231.87 22.5592 0.386591 1.59202 -0.041471 0.00360844 -0.00105472
232.044 22.5593 0.386629 1.59263 -0.0408298 0.00240431 -0.00100499
232.065 22.5594 0.386691 1.59308 -0.0398743 0.00140405 -0.000955915
232.086 22.5595 0.386772 1.59339 -0.038672 0.000418506 -0.000909181
232.108 22.5596 0.386859 1.59357 -0.0374222 -0.000354529 -0.000864716
232.126 22.5597 0.38695 1.59363 -0.0361343 -0.00100294 -0.000822418
232.146 22.5598 0.387044 1.5936 -0.0348367 -0.0016136 -0.000782189
232.168 22.5598 0.387129 1.59347 -0.0336593 -0.00202063 -0.0007439
232.187 22.5599 0.387214 1.59327 -0.032502 -0.0023923 -0.000707485
232.208 22.5599 0.387297 1.59302 -0.0313868 -0.00260299 -0.000672833
232.227 22.56 0.387373 1.5927 -0.0303672 -0.0027751 -0.000639875
232.248 22.56 0.387448 1.59234 -0.0293678 -0.0029241 -0.000608529
232.268 22.56 0.387519 1.59194 -0.0284291 -0.00303461 -0.000578715
232.289 22.56 0.387587 1.5915 -0.0275402 -0.00316015 -0.000550363
232.308 22.5601 0.387657 1.59103 -0.0266415 -0.00327259 -0.000523399
232.327 22.5601 0.387727 1.59052 -0.0257535 -0.00333866 -0.000493388
232.348 22.5602 0.387796 1.59 -0.0248775 -0.00334024 -0.000469206
232.369 22.5602 0.387872 1.58945 -0.0239255 -0.00338755 -0.000447196
232.39 22.5603 0.387948 1.58888 -0.0229882 -0.00337301 -0.000425273
232.413 22.5604 0.388027 1.58829 -0.0220207 -0.00337534 -0.00040443
232.431 22.5605 0.388112 1.58767 -0.0209843 -0.00343134 -0.000378366
232.451 22.5606 0.388197 1.58704 -0.0199481 -0.00343134 -0.000350794
232.476 22.5607 0.388286 1.58639 -0.0188779 -0.00343134 -0.000323694
232.493 22.5609 0.388377 1.58571 -0.0177671 -0.00349702 -0.000289355
232.514 22.5611 0.388472 1.58502 -0.0166165 -0.00341872 -0.000250788
232.538 22.5613 0.388569 1.58431 -0.0154606 -0.00351274 -0.000211857
232.557 22.5615 0.388667 1.58359 -0.0142682 -0.00346843 -0.000162769
232.578 22.5618 0.388768 1.58286 -0.0130513 -0.00339821 -0.000110521
232.597 22.5622 0.388869 1.58212 -0.0118474 -0.00336333 -4.08169e-05
232.622 22.5625 0.38896 1.58137 -0.010633 -0.00341046 6.92008e-05
232.641 22.5629 0.389043 1.58061 -0.00944872 -0.00354837 0.000207865
232.66 22.5633 0.38912 1.57984 -0.0083213 -0.00509702 0.000356276
232.688 22.5639 0.389188 1.57909 -0.00724796 -0.00443983 0.000524837
232.705 22.5646 0.389249 1.57841 -0.00605427 -0.00333812 0.000794096
232.725 22.5656 0.389285 1.57776 -0.00505254 -0.0034868 0.00110018
232.745 22.5667 0.389294 1.57714 -0.00420879 -0.00403551 0.00146262
232.764 22.5679 0.389286 1.57652 -0.0033842 -0.0043173 0.00190742
232.786 22.5693 0.389257 1.5759 -0.0026327 -0.00451703 0.00242921
232.806 22.5709 0.389202 1.57528 -0.00198855 -0.00476992 0.00302524
232.825 22.5727 0.389123 1.57465 -0.00149886 -0.00497392 0.00367236
232.846 22.5745 0.389017 1.57401 -0.00117144 -0.00511393 0.00437184
232.865 22.5766 0.388888 1.57336 -0.00102184 -0.0051691 0.00510523
232.888 22.5788 0.388737 1.57271 -0.00104979 -0.00515965 0.00586153
232.907 22.5812 0.388568 1.57206 -0.00125202 -0.00504896 0.00662298
232.928 22.5837 0.388384 1.57141 -0.00161036 -0.0048626 0.00737862
232.946 22.5864 0.388193 1.57076 -0.002103 -0.00460783 0.00811104
232.967 22.5892 0.387998 1.57012 -0.00270264 -0.00429089 0.00880444
232.987 22.5922 0.387807 1.56949 -0.00337306 -0.00397419 0.0094498
233.009 22.5954 0.387625 1.56887 -0.00407572 -0.00359377 0.0100332
233.026 22.5988 0.387457 1.56827 -0.00477697 -0.00321364 0.010544
233.048 22.6024 0.387309 1.56769 -0.00542443 -0.00287564 0.0109827
233.073 22.6061 0.387185 1.56713 -0.00597398 -0.00250707 0.0113416
233.092 22.61 0.387086 1.56659 -0.00639819 -0.00210642 0.0116267
233.115 22.6141 0.387014 1.56608 -0.0066674 -0.00184963 0.011849
233.135 22.6183 0.386971 1.56559 -0.00676449 -0.00162614 0.0120021
233.154 22.6227 0.386956 1.56514 -0.00671406 -0.00132684 0.0120926
233.174 22.6273 0.386969 1.56472 -0.00654733 -0.00108528 0.0121277
233.196 22.6321 0.387009 1.56432 -0.00626126 -0.00097674 0.0121134
233.216 22.637 0.387066 1.56395 -0.00572821 -0.000805946 0.0120825
233.235 22.6421 0.387136 1.56362 -0.00516123 -0.000800192 0.0120012
233.255 22.6474 0.387209 1.5633 -0.00467389 -0.000764009 0.0118722
233.276 22.6529 0.387287 1.56303 -0.00409881 -0.000712088 0.0117403
233.295 22.6585 0.387373 1.56278 -0.00362463 -0.000552003 0.011555
233.315 22.6643 0.387453 1.56256 -0.00322833 -0.000421642 0.0113392
233.34 22.6703 0.387532 1.56238 -0.00288601 -0.000437828 0.0110981
233.358 22.6765 0.387612 1.56222 -0.00258537 -0.000295264 0.0108378
233.377 22.6828 0.387692 1.5621 -0.00233505 -0.000171553 0.0105491
233.398 22.6893 0.387772 1.56199 -0.00213309 -7.69458e-05 0.0102379
233.419 22.696 0.387853 1.56191 -0.00196625 2.85264e-05 0.00990704
233.44 22.7028 0.387933 1.56185 -0.00180992 0.000231736 0.00956902
233.458 22.7098 0.388018 1.56182 -0.00164691 0.000286663 0.00921373
233.478 22.717 0.388104 1.56182 -0.0015679 0.000378922 0.00882027
233.5 22.7244 0.388188 1.56184 -0.00149941 0.000602918 0.00841388
233.519 22.7319 0.388277 1.56189 -0.00139337 0.000648452 0.00799743
233.542 22.7396 0.388374 1.56197 -0.00130339 0.000798383 0.0075661
233.56 22.7475 0.388469 1.56207 -0.00122922 0.000875906 0.00711627
233.58 22.7555 0.388568 1.5622 -0.00113365 0.00103599 0.00665803
233.601 22.7636 0.38867 1.56235 -0.00102054 0.00110891 0.00619218
233.62 22.7719 0.388776 1.56253 -0.000894477 0.00129173 0.00571899
233.642 22.7804 0.388883 1.56273 -0.00074891 0.00140933 0.00524313
233.66 22.7889 0.388994 1.56296 -0.000583179 0.00156111 0.00476509
233.681 22.7976 0.389106 1.56321 -0.000370038 0.000723916 0.00428442
233.701 22.8065 0.389219 1.56351 -0.000220724 0.00154208 0.00380735
233.721 22.8157 0.389332 1.56387 -3.11466e-05 0.00253835 0.00332357
233.74 22.825 0.389423 1.56428 -4.72183e-05 0.00287338 0.00289288
233.761 22.8345 0.389485 1.56472 -0.000117957 0.00284336 0.00245481
233.781 22.8441 0.389546 1.56519 3.1092e-05 0.00285808 0.00201196
233.803 22.8539 0.389607 1.56568 0.000257208 0.00271727 0.00157547
233.822 22.8639 0.389664 1.56618 0.000318567 0.00277385 0.00120918
233.843 22.874 0.389718 1.56669 0.000379894 0.00278544 0.000845678
233.861 22.8843 0.389767 1.56721 0.000446874 0.00280609 0.000530736
233.881 22.8947 0.38981 1.56773 0.000469624 0.00284756 0.000258444
233.905 22.9052 0.389849 1.56826 0.000510759 0.0028043 9.14368e-06
233.924 22.9158 0.389883 1.56878 0.000384554 0.00281256 -6.12029e-05
233.945 22.9265 0.389915 1.5693 0.000273165 0.00272815 -4.87642e-05
233.966 22.9373 0.389944 1.56981 0.000158297 0.00267073 4.78828e-05
233.986 22.9482 0.389964 1.57032 -1.38955e-05 0.00284897 0.000203052
234.009 22.9591 0.389938 1.57082 1.01159e-05 0.0028521 0.000238178
234.028 22.9701 0.389907 1.57132 0.000136707 0.0027475 0.000321039
234.05 22.9812 0.38987 1.57181 0.000158529 0.00287857 0.000452613
234.072 22.9923 0.389829 1.5723 0.000190315 0.00292086 0.000590019
234.089 23.0035 0.389781 1.57278 0.000230304 0.00295654 0.00076833
234.11 23.0147 0.389727 1.57324 0.000281225 0.0030027 0.000962538
234.13 23.0259 0.389666 1.57369 0.000333678 0.00300195 0.00118889
234.15 23.0372 0.389598 1.57412 0.000388912 0.00319153 0.00144721
234.171 23.0485 0.389524 1.57455 0.000465528 0.00310875 0.00170943
234.191 23.0598 0.389442 1.57495 0.000550894 0.00306661 0.00199064
234.212 23.0711 0.389353 1.57536 0.000638673 0.00317542 0.00230576
234.232 23.0824 0.389257 1.57575 0.000738827 0.00309504 0.00261068
234.253 23.0936 0.389152 1.57614 0.000896604 0.00306263 0.0029308
234.273 23.1049 0.389039 1.57651 0.0010549 0.00298166 0.0032626
234.292 23.1162 0.388919 1.57688 0.00126184 0.00294514 0.00357592
234.314 23.1274 0.388789 1.57725 0.00149216 0.00290713 0.00388286
234.333 23.1386 0.388651 1.57761 0.00175308 0.00284068 0.00417803
234.353 23.1497 0.388504 1.57796 0.00205581 0.00264717 0.00442712
234.373 23.1608 0.388348 1.57832 0.00245621 0.00239254 0.00464018
234.393 23.1719 0.38818 1.57867 0.00275124 0.00238639 0.00485188
234.418 23.1829 0.388002 1.57902 0.0030636 0.00216582 0.00500069
234.433 23.1938 0.387812 1.57938 0.00350428 0.00202941 0.00510153
234.455 23.2047 0.38761 1.57974 0.00384849 0.00180724 0.00515802
234.475 23.2155 0.387393 1.5801 0.00410641 0.00162182 0.0051698
234.494 23.2262 0.387161 1.58046 0.00438568 0.00158927 0.00514427
234.514 23.2369 0.386914 1.58081 0.0045601 0.00141051 0.00508205
234.534 23.2474 0.386649 1.58115 0.00467361 0.00129519 0.00498618
234.557 23.2579 0.386367 1.58149 0.00476313 0.00124651 0.00485714
234.575 23.2682 0.386068 1.58181 0.00480311 0.00113839 0.0046994
234.595 23.2785 0.385751 1.58212 0.00479221 0.00107198 0.00451477
234.616 23.2886 0.385416 1.58241 0.00475201 0.00103327 0.00430622
234.638 23.2986 0.385063 1.58269 0.00469011 0.000950605 0.00407572
234.656 23.3085 0.384694 1.58295 0.004607 0.000970078 0.00382445
234.679 23.3183 0.384307 1.5832 0.00446986 0.000848399 0.00355359
234.697 23.3279 0.383904 1.58343 0.00435402 0.00081006 0.00326882
234.72 23.3374 0.383485 1.58366 0.00426837 0.00153682 0.00297211
234.739 23.3467 0.383051 1.5839 0.00399664 0.000370687 0.00264929
234.76 23.3558 0.382602 1.58417 0.00373453 0.000395663 0.00232393
234.78 23.3647 0.382139 1.58445 0.00350089 0.000772392 0.00199092
234.801 23.3734 0.381664 1.58472 0.00330123 0.000839408 0.00164669
234.822 23.3819 0.381177 1.58497 0.00310706 0.000762902 0.00129844
234.843 23.3902 0.38068 1.5852 0.00292043 0.000731145 0.000941891
234.862 23.3983 0.380172 1.58539 0.0027452 0.000727949 0.000581863
234.883 23.4062 0.379655 1.58555 0.00257339 0.000706844 0.000224889
234.903 23.414 0.37913 1.58568 0.00242144 0.000660175 -0.000135901
234.924 23.4215 0.378598 1.58578 0.00228677 0.000619583 -0.000498549
234.945 23.4289 0.378058 1.58584 0.00216884 0.000576825 -0.000864964
234.971 23.436 0.377511 1.58588 0.00205413 0.000529044 -0.00122384
234.987 23.443 0.376958 1.58588 0.00192122 0.000486173 -0.00157344
235.007 23.4498 0.3764 1.58585 0.00179134 0.000445826 -0.00191193
235.028 23.4564 0.375837 1.58579 0.00167957 0.000392735 -0.00224982
235.048 23.4628 0.37527 1.5857 0.00158649 0.000327733 -0.00258993
235.069 23.4691 0.374699 1.58558 0.00150967 0.00017406 -0.00292481
235.087 23.4751 0.374124 1.58543 0.00142644 0.000144512 -0.00325519
235.107 23.481 0.373545 1.58525 0.00132803 0.000132869 -0.00358262
235.129 23.4867 0.372965 1.58504 0.00123236 6.08499e-05 -0.00390236
235.149 23.4922 0.372381 1.58481 0.00113865 -1.55293e-05 -0.00421388
235.17 23.4976 0.371796 1.58455 0.00104165 -7.65442e-05 -0.0045202
235.189 23.5027 0.37121 1.58427 0.000938593 -0.000142469 -0.00481844
235.21 23.5077 0.370622 1.58397 0.000844384 -0.000232546 -0.00510433
235.235 23.5125 0.370034 1.58366 0.000758591 -0.00033213 -0.00538125
235.256 23.5172 0.369445 1.58332 0.000666298 -0.000417304 -0.00565301
235.279 23.5216 0.368857 1.58298 0.000568603 -0.000509537 -0.00591268
235.294 23.5259 0.368269 1.58262 0.000474582 -0.000613153 -0.00616335
235.313 23.53 0.367683 1.58225 0.000380695 -0.000786711 -0.00640518
235.336 23.534 0.367097 1.58187 0.00027754 -0.000826336 -0.00663718
235.357 23.5377 0.366514 1.58148 0.000183826 -0.000876912 -0.00685832
235.377 23.5414 0.365932 1.58109 9.97578e-05 -0.000996419 -0.0070667
235.394 23.5448 0.365354 1.58069 1.68923e-05 -0.00110162 -0.00726413
235.415 23.5481 0.364778 1.58028 -6.55715e-05 -0.00118719 -0.0074563
235.437 23.5512 0.364205 1.57987 -0.00013669 -0.00135121 -0.00763784
235.456 23.5541 0.363635 1.57944 -0.000204793 -0.00139648 -0.00780922
235.481 23.5569 0.36307 1.57902 -0.000265515 -0.00142719 -0.00796777
235.496 23.5595 0.362508 1.57858 -0.000315737 -0.00151485 -0.00811946
235.516 23.5619 0.36195 1.57814 -0.000355614 -0.00169939 -0.00826071
235.538 23.5643 0.361397 1.57769 -0.000387449 -0.00171496 -0.00839106
235.558 23.5664 0.360848 1.57724 -0.000432723 -0.00173766 -0.00851163
235.58 23.5684 0.360304 1.57677 -0.000492805 -0.0018406 -0.00862496
235.599 23.5703 0.359765 1.5763 -0.000568753 -0.00192611 -0.00872859
235.62 23.572 0.359232 1.57582 -0.000640538 -0.00204461 -0.00882329
235.639 23.5736 0.358703 1.57534 -0.000709957 -0.00206739 -0.00890971
235.66 23.575 0.35818 1.57485 -0.000776569 -0.00212551 -0.00898791
235.679 23.5763 0.357663 1.57435 -0.000827979 -0.00227992 -0.00905615
235.699 23.5774 0.357152 1.57384 -0.000866567 -0.00230059 -0.00911723
235.72 23.5784 0.356647 1.57334 -0.000892888 -0.00230308 -0.00917035
235.741 23.5793 0.356148 1.57282 -0.000919988 -0.00251638 -0.00921466
235.76 23.5801 0.355656 1.57231 -0.000950401 -0.00244265 -0.0092518
235.78 23.5807 0.355169 1.57179 -0.000974313 -0.00241108 -0.00928179
235.802 23.5812 0.35469 1.57128 -0.000997442 -0.00256625 -0.00930451
235.822 23.5817 0.354216 1.57076 -0.00102773 -0.00256357 -0.00932087
235.842 23.582 0.35375 1.57024 -0.00105027 -0.00263909 -0.00933337
235.86 23.5822 0.353289 1.56972 -0.00108906 -0.00267671 -0.0093371
235.883 23.5823 0.352836 1.56921 -0.00112128 -0.00272102 -0.00933713
235.902 23.5823 0.352389 1.5687 -0.00116659 -0.0027222 -0.00933051
235.922 23.5822 0.351949 1.5682 -0.00121672 -0.00282268 -0.00931707
235.942 23.582 0.351516 1.56771 -0.00123279 -0.00271438 -0.00930155
235.968 23.5818 0.35109 1.56724 -0.00124613 -0.00270305 -0.00928334
235.983 23.5815 0.350671 1.56677 -0.0012578 -0.00262857 -0.00925732
236.004 23.5811 0.350258 1.56633 -0.00126215 -0.00259581 -0.00922695
236.026 23.5806 0.349853 1.56589 -0.00129433 -0.00257543 -0.00918975
236.046 23.58 0.349455 1.56546 -0.00132173 -0.0025185 -0.00914988
236.066 23.5794 0.349064 1.56505 -0.00132738 -0.00249313 -0.0091047
236.09 23.5788 0.348679 1.56464 -0.00135624 -0.00244579 -0.00905965
236.107 23.5781 0.348302 1.56425 -0.0013794 -0.00246351 -0.00900908
236.127 23.5773 0.347932 1.56388 -0.0013843 -0.00232346 -0.00895751
236.149 23.5765 0.347569 1.56353 -0.00139821 -0.00240208 -0.00890275
236.168 23.5756 0.347213 1.5632 -0.00138261 -0.00223736 -0.00884545
236.19 23.5747 0.346864 1.56289 -0.00137338 -0.00212809 -0.00878745
236.208 23.5738 0.346522 1.56262 -0.00138254 -0.00223557 -0.00872665
236.229 23.5728 0.346187 1.56237 -0.00136804 -0.00209054 -0.00866375
236.249 23.5718 0.345859 1.56214 -0.00137158 -0.0021641 -0.00859641
236.271 23.5707 0.345537 1.56195 -0.0013508 -0.00205939 -0.00852801
236.29 23.5697 0.345221 1.56178 -0.00133222 -0.00195965 -0.00846021
236.31 23.5686 0.344913 1.56164 -0.0013416 -0.00209935 -0.00839153
236.331 23.5675 0.344611 1.56153 -0.00132517 -0.0019788 -0.00831955
236.355 23.5664 0.344315 1.56145 -0.00131152 -0.00190254 -0.00824739
236.372 23.5652 0.344025 1.56139 -0.00132076 -0.00205476 -0.00817312
236.394 23.5641 0.343742 1.56136 -0.00130724 -0.00194079 -0.00809978
236.413 23.563 0.343464 1.56136 -0.00130656 -0.00189587 -0.00802375
236.432 23.5618 0.343194 1.56137 -0.0013179 -0.00202633 -0.00794809
236.453 23.5606 0.342929 1.56142 -0.00131249 -0.00193762 -0.00787266
236.473 23.5595 0.34267 1.56149 -0.00130863 -0.00186967 -0.00779939
236.495 23.5583 0.342417 1.5616 -0.00131259 -0.00187925 -0.00772031
236.513 23.5572 0.34217 1.56173 -0.00132946 -0.00188529 -0.00763857
236.533 23.556 0.341929 1.5619 -0.00134973 -0.00186662 -0.00755928
236.557 23.5549 0.341695 1.56209 -0.00135422 -0.00185856 -0.00748408
236.574 23.5537 0.341466 1.56231 -0.00139235 -0.00185015 -0.00740699
236.595 23.5526 0.341244 1.56255 -0.00143073 -0.00182283 -0.00733439
236.614 23.5515 0.341028 1.56282 -0.00144853 -0.00180289 -0.00726219
236.635 23.5504 0.340819 1.56311 -0.00145375 -0.00177868 -0.00718707
236.656 23.5492 0.340615 1.56342 -0.00144904 -0.00174259 -0.00711152
236.676 23.5481 0.340418 1.56374 -0.00144283 -0.00170733 -0.00703881
236.7 23.547 0.340228 1.56407 -0.00144815 -0.00179424 -0.00696714
236.716 23.546 0.340043 1.56441 -0.00139855 -0.00178639 -0.00689842
236.736 23.5449 0.339865 1.56477 -0.00144865 -0.00171012 -0.00690635
236.759 23.5439 0.339693 1.56514 -0.00144798 -0.000368589 -0.00696561
236.777 23.5429 0.339518 1.56556 0.000278916 -0.00105885 -0.00701893
236.799 23.5417 0.339318 1.56606 0.00584955 -0.00137023 -0.00706085
236.817 23.5406 0.339081 1.56664 0.0140058 -0.000933134 -0.00709921
236.837 23.5394 0.338782 1.56727 0.0230815 -0.000673158 -0.00714405
236.859 23.5382 0.338391 1.56792 0.0325411 -0.000632999 -0.00719805
236.878 23.5369 0.337875 1.56857 0.0416929 -0.000612671 -0.00726155
236.9 23.5356 0.337201 1.5692 0.0502349 -0.000448951 -0.00732857
236.919 23.5342 0.336336 1.56981 0.0582017 -0.000430076 -0.00739947
236.939 23.5328 0.335252 1.5704 0.0652295 -0.000309642 -0.00747367
236.961 23.5313 0.333923 1.57096 0.0713566 -0.000261284 -0.00755974
236.979 23.5298 0.332326 1.57149 0.0766355 -0.000276464 -0.00765771
237.004 23.5283 0.33044 1.572 0.0810025 -0.000225591 -0.00775398
237.022 23.5267 0.328249 1.57248 0.0846644 -8.85943e-05 -0.00784468
237.04 23.525 0.325739 1.57293 0.0876732 -0.000190669 -0.0079622
237.061 23.5233 0.322898 1.57336 0.0901275 -5.2035e-05 -0.00805912
237.088 23.5216 0.319717 1.57376 0.0922168 -5.40385e-05 -0.00817119
237.106 23.5198 0.316188 1.57415 0.0940494 4.84327e-05 -0.00827317
237.125 23.5179 0.312304 1.57453 0.095654 7.47444e-05 -0.00837734
237.147 23.5159 0.308059 1.57488 0.0971144 7.67093e-05 -0.00848391
237.168 23.5139 0.303449 1.57523 0.0984662 0.000122988 -0.00858323
237.187 23.5119 0.298468 1.57556 0.0997824 0.000182853 -0.00867897
237.21 23.5097 0.293114 1.57589 0.101033 0.000218369 -0.00877865
237.227 23.5075 0.287381 1.57621 0.102158 0.000300183 -0.00887214
237.246 23.5053 0.281268 1.57652 0.103212 0.000164011 -0.00898321
237.27 23.5029 0.274769 1.57683 0.104215 0.000262681 -0.00906471
237.29 23.5005 0.267883 1.57713 0.105212 0.000331479 -0.00914443
237.31 23.4981 0.260606 1.57744 0.106284 0.000304424 -0.00923385
237.328 23.4955 0.252936 1.57774 0.107212 0.00035696 -0.0093108
237.349 23.4929 0.244872 1.57805 0.107747 0.000386986 -0.00939221
237.37 23.4903 0.236416 1.57834 0.107748 0.000312529 -0.00948511
237.389 23.4875 0.227569 1.57863 0.10715 0.000350434 -0.00956616
237.409 23.4848 0.218334 1.5789 0.105964 0.00026721 -0.00966017
237.43 23.482 0.208717 1.57916 0.104265 0.000319853 -0.00973719
237.45 23.4791 0.198727 1.57941 0.102041 0.000209809 -0.00982888
237.474 23.4762 0.188373 1.57965 0.0994198 0.000219961 -0.00990439
237.491 23.4733 0.177665 1.57988 0.0964138 0.000143431 -0.00998186
237.512 23.4704 0.166617 1.58009 0.093 0.000132112 -0.010054
237.531 23.4674 0.155243 1.58029 0.0893943 -1.25069e-05 -0.0101321
237.551 23.4644 0.143559 1.58048 0.0854864 -8.77028e-05 -0.0101989
237.571 23.4614 0.131579 1.58065 0.0813738 -0.000186907 -0.0102593
237.591 23.4583 0.119321 1.5808 0.0772237 -0.000284981 -0.010313
237.617 23.4553 0.106803 1.58093 0.0728861 -0.00025951 -0.0103537
237.633 23.4522 0.0940409 1.58105 0.0685869 -0.000378229 -0.0104002
237.653 23.4491 0.0810516 1.58115 0.0644078 -0.000451198 -0.0104392
237.673 23.446 0.0678531 1.58123 0.0601981 -0.000397826 -0.0104674
237.699 23.4429 0.0544614 1.58131 0.0561839 -0.000565317 -0.0105027
237.722 23.4398 0.0408932 1.58137 0.0522257 -0.000554357 -0.0105223
237.738 23.4368 0.0271655 1.58141 0.0482028 -0.000616128 -0.010539
237.759 23.4337 0.0132929 1.58145 0.044344 -0.000669238 -0.010547
237.779 23.4306 -0.000705726 1.58146 0.0402724 -0.00253828 -0.0106272
237.798 23.4276 -0.0148155 1.5815 0.0354994 -0.00165975 -0.0105351
237.824 23.4248 -0.0289994 1.58166 0.0267219 -7.30905e-05 -0.0103274
237.839 23.4221 -0.0432197 1.58191 0.0138025 -0.000394258 -0.0101127
237.859 23.4195 -0.0574397 1.58224 -0.000701074 -0.000919624 -0.0098883
237.886 23.417 -0.071609 1.58261 -0.0155349 -0.00130537 -0.00966425
237.906 23.4147 -0.0856707 1.58299 -0.030525 -0.00132644 -0.00944688
237.925 23.4124 -0.0995745 1.58337 -0.0443352 -0.00169955 -0.00924399
237.947 23.4103 -0.113268 1.58372 -0.056923 -0.00206424 -0.00905746
237.966 23.4083 -0.126705 1.58405 -0.0680815 -0.00210179 -0.00891056
237.991 23.4065 -0.139847 1.58433 -0.0771129 -0.00241032 -0.00877721
238.008 23.4047 -0.152657 1.58457 -0.084576 -0.00235321 -0.00868404
238.03 23.403 -0.16511 1.58475 -0.0903961 -0.00242166 -0.00859542
238.046 23.4015 -0.177183 1.58488 -0.094539 -0.00262621 -0.00851026
238.066 23.4 -0.188859 1.58495 -0.0974927 -0.00254765 -0.00845909
238.087 23.3987 -0.200128 1.58496 -0.0992584 -0.0024711 -0.00841665
238.106 23.3974 -0.210984 1.5849 -0.10005 -0.00241253 -0.00837102
238.13 23.3963 -0.221424 1.58479 -0.100074 -0.00234913 -0.00832241
238.147 23.3952 -0.231448 1.58461 -0.0995407 -0.00225537 -0.00827176
238.167 23.3943 -0.241058 1.58437 -0.0985825 -0.00217016 -0.0082167
238.188 23.3934 -0.250259 1.58408 -0.097318 -0.00200301 -0.00816249
238.208 23.3926 -0.259055 1.58373 -0.0959359 -0.00190462 -0.00808984
238.228 23.3919 -0.267453 1.58332 -0.0944333 -0.0018816 -0.00799974
238.249 23.3913 -0.27546 1.58286 -0.0929161 -0.00178204 -0.00790772
238.271 23.3908 -0.28308 1.58236 -0.0914736 -0.00162749 -0.00780805
238.298 23.3904 -0.290323 1.58181 -0.0900317 -0.00148616 -0.00769779
238.315 23.39 -0.297192 1.58122 -0.0887141 -0.00148133 -0.0075642
238.338 23.3898 -0.303695 1.58059 -0.0875116 -0.00137136 -0.00743169
238.358 23.3896 -0.309837 1.57992 -0.0863753 -0.00127603 -0.00729113
238.375 23.3895 -0.315623 1.57923 -0.0853773 -0.00111236 -0.0071478
238.396 23.3894 -0.321059 1.5785 -0.0844331 -0.00100559 -0.00699456
238.416 23.3895 -0.326148 1.57775 -0.0835631 -0.000943896 -0.00682994
238.438 23.3896 -0.330896 1.57697 -0.0827931 -0.000818241 -0.00666648
238.455 23.3898 -0.335305 1.57618 -0.0820276 -0.000613764 -0.00650512
238.476 23.39 -0.33938 1.57537 -0.081289 -0.000618698 -0.00631944
238.498 23.3903 -0.343125 1.57454 -0.0805416 -0.000592469 -0.0061337
238.516 23.3907 -0.346545 1.5737 -0.079729 -0.000510125 -0.00595125
238.541 23.3911 -0.349643 1.57285 -0.0788708 -0.000321379 -0.00577397
238.557 23.3916 -0.352423 1.57198 -0.0779599 -0.000320963 -0.00558076
238.577 23.3922 -0.35489 1.57111 -0.0769597 -0.000290911 -0.00539286
238.597 23.3928 -0.357048 1.57022 -0.0759184 -0.000170004 -0.00521075
238.619 23.3935 -0.358903 1.56934 -0.0748439 -2.50414e-07 -0.0050292
238.642 23.3942 -0.36046 1.56845 -0.0737279 -2.49552e-06 -0.00483365
238.658 23.395 -0.361723 1.56757 -0.0726032 5.50107e-05 -0.00464425
238.678 23.3958 -0.362697 1.56669 -0.0714109 0.000242945 -0.00446676
238.702 23.3967 -0.363389 1.56581 -0.0701903 0.000252716 -0.0042746
238.72 23.3976 -0.363804 1.56494 -0.068894 0.000232515 -0.00408289
238.74 23.3986 -0.363948 1.56408 -0.0674767 0.000291085 -0.00389973
238.761 23.3996 -0.363827 1.56323 -0.0659936 0.00047203 -0.00372877
238.78 23.4006 -0.363448 1.56239 -0.0644027 0.000491928 -0.00354554
238.802 23.4017 -0.362818 1.56156 -0.062702 0.000491806 -0.003365
238.825 23.4028 -0.361944 1.56076 -0.0609065 0.00100346 -0.00325134
238.847 23.4039 -0.360839 1.56 -0.0577172 0.000791233 -0.00315508
238.865 23.405 -0.359518 1.55932 -0.0529719 0.000757877 -0.00308076
238.886 23.406 -0.357994 1.5587 -0.0475738 0.000983771 -0.00302653
238.905 23.4071 -0.356287 1.55814 -0.0420452 0.00104761 -0.00297215
238.925 23.4082 -0.354418 1.55764 -0.0367984 0.0011095 -0.00292358
238.945 23.4093 -0.352407 1.55719 -0.03193 0.0012843 -0.00288481
238.966 23.4104 -0.350273 1.55679 -0.0274915 0.00128728 -0.00284586
238.987 23.4115 -0.348035 1.55644 -0.0235886 0.00126424 -0.00280963
239.009 23.4125 -0.345707 1.55616 -0.0201668 0.00140431 -0.00278226
239.029 23.4136 -0.343305 1.55592 -0.0172038 0.00133482 -0.00275788
239.051 23.4147 -0.340839 1.55575 -0.0146856 0.00128987 -0.00273859
239.07 23.4158 -0.338321 1.55563 -0.0125358 0.00128283 -0.00272208
239.09 23.4169 -0.33576 1.55557 -0.0107209 0.00127463 -0.00271189
239.111 23.4179 -0.333163 1.55556 -0.00917893 0.0012436 -0.00270153
239.132 23.419 -0.330537 1.5556 -0.00785621 0.00120912 -0.00269015
239.152 23.4201 -0.327887 1.5557 -0.00670575 0.00117815 -0.0026931
239.172 23.4212 -0.325219 1.55584 -0.00567593 0.00113268 -0.00269698
239.191 23.4222 -0.322536 1.55604 -0.00473661 0.00109052 -0.00269671
239.215 23.4233 -0.319843 1.55628 -0.00385676 0.0010453 -0.00269716
239.233 23.4243 -0.317144 1.55658 -0.00301674 0.00100132 -0.00270144
239.253 23.4254 -0.31444 1.55692 -0.00221188 0.000963118 -0.00271436
239.273 23.4264 -0.311737 1.55732 -0.00140866 0.000914199 -0.00272605
239.292 23.4275 -0.309037 1.55775 -0.000598772 0.000862063 -0.00273759
239.313 23.4285 -0.306344 1.55823 0.000226111 0.000802569 -0.00275066
239.335 23.4296 -0.303661 1.55874 0.00107495 0.000733275 -0.00276673
239.357 23.4306 -0.30099 1.5593 0.00191913 0.000686479 -0.00278777
239.374 23.4317 -0.298336 1.5599 0.00276051 0.000640811 -0.00281004
239.393 23.4327 -0.295701 1.56052 0.00361284 0.000588711 -0.00283336
239.42 23.4337 -0.29309 1.56117 0.00446894 0.000542326 -0.00285862
239.437 23.4347 -0.290504 1.56185 0.00534566 0.000486616 -0.00288593
239.459 23.4357 -0.287948 1.56256 0.00620952 0.000437019 -0.00291585
239.476 23.4367 -0.285425 1.56329 0.00704741 0.000395111 -0.00294228
239.496 23.4377 -0.282937 1.56404 0.00787751 0.000350236 -0.00296838
239.517 23.4387 -0.280489 1.5648 0.00867683 0.000333015 -0.0029933
239.537 23.4397 -0.278082 1.56559 0.00946583 0.000320749 -0.00302068
239.556 23.4407 -0.275721 1.56638 0.0102408 0.000292425 -0.00304874
239.578 23.4417 -0.273407 1.56719 0.0109681 0.000276552 -0.00308027
239.597 23.4427 -0.271143 1.568 0.0116757 0.000249459 -0.00311244
239.62 23.4436 -0.268932 1.56882 0.0123577 0.000221544 -0.00314539
239.639 23.4446 -0.266777 1.56965 0.0130086 0.000214341 -0.00317685
239.66 23.4455 -0.26468 1.57048 0.013655 0.000195402 -0.00321023
239.679 23.4465 -0.262644 1.57132 0.0142666 0.000184245 -0.0032385
239.699 23.4474 -0.260669 1.57216 0.0148387 9.03622e-05 -0.00326246
239.721 23.4484 -0.258759 1.573 0.015386 9.19323e-05 -0.00328387
239.74 23.4493 -0.256915 1.57384 0.015893 0.000207048 -0.00330373
239.762 23.4502 -0.255139 1.57469 0.0163755 3.41731e-06 -0.00333449
239.78 23.4512 -0.253434 1.57555 0.0168542 8.3672e-05 -0.00335882
239.803 23.4521 -0.2518 1.5764 0.0173069 6.16103e-05 -0.00338416
239.823 23.453 -0.250238 1.57726 0.0177088 -4.26998e-05 -0.00341587
239.841 23.4539 -0.248751 1.57812 0.0180308 -0.000842219 -0.00345491
239.865 23.4549 -0.24734 1.579 0.0183852 -4.47326e-05 -0.00345805
239.883 23.456 -0.246006 1.57989 0.0186897 9.80286e-05 -0.00347372
239.902 23.457 -0.244749 1.5808 0.0188946 -0.000190719 -0.00349418
239.923 23.4582 -0.243569 1.5817 0.0190344 -0.000331604 -0.00351085
239.945 23.4594 -0.242469 1.5826 0.0191562 -0.000248451 -0.00352127
239.966 23.4606 -0.241446 1.58348 0.0192344 -0.000347589 -0.00353312
239.984 23.4618 -0.240502 1.58434 0.0192901 -0.000547808 -0.00354492
240.007 23.4631 -0.239636 1.58519 0.0193049 -0.000555929 -0.00355221
240.027 23.4645 -0.238848 1.58601 0.0192907 -0.000500468 -0.0035583
240.047 23.4659 -0.238138 1.58681 0.0192708 -0.000534661 -0.0035634
240.065 23.4673 -0.237505 1.58758 0.0192215 -0.000673412 -0.00357183
240.088 23.4688 -0.236949 1.58834 0.0191573 -0.000581706 -0.0035759
240.108 23.4703 -0.236469 1.58907 0.0190626 -0.000568941 -0.00357916
240.13 23.4718 -0.236066 1.58977 0.0189433 -0.000589696 -0.00358337
240.155 23.4734 -0.235737 1.59045 0.018797 -0.000577091 -0.00357874
240.169 23.4751 -0.235482 1.59111 0.0186327 -0.000558602 -0.00357674
240.189 23.4768 -0.235302 1.59174 0.0184598 -0.000559852 -0.00357197
240.209 23.4785 -0.235193 1.59235 0.018268 -0.000552018 -0.00356639
240.235 23.4803 -0.235156 1.59294 0.0180544 -0.000532647 -0.00356028
240.252 23.4821 -0.23519 1.5935 0.0178234 -0.000519379 -0.00355355
240.271 23.4839 -0.235293 1.59404 0.0175672 -0.000496936 -0.00354109
240.291 23.4858 -0.235464 1.59456 0.0173001 -0.000569559 -0.00352593
240.312 23.4878 -0.235702 1.59507 0.0170434 -0.000463472 -0.00351065
240.335 23.4898 -0.236006 1.59556 0.0167753 -0.000418778 -0.00349474
240.355 23.4918 -0.236375 1.59603 0.0165111 -0.000342502 -0.00347889
240.374 23.4939 -0.236807 1.59648 0.0162491 -0.000435287 -0.00346666
240.394 23.4961 -0.237301 1.59691 0.0159643 -0.000358906 -0.00344984
240.415 23.4983 -0.237856 1.59733 0.0156867 -0.000307932 -0.00343253
240.435 23.5005 -0.238471 1.59771 0.0154086 -0.000205003 -0.00340825
240.455 23.5028 -0.239143 1.59807 0.0150977 -0.000355038 -0.00339029
240.475 23.5051 -0.239872 1.59841 0.014793 -0.000333945 -0.00336873
240.495 23.5075 -0.240657 1.59872 0.0144728 -0.000289017 -0.00334486
240.515 23.51 -0.241495 1.599 0.0141423 -0.000288726 -0.00332401
240.539 23.5125 -0.242385 1.59925 0.0137991 -0.0003009 -0.00330056
240.557 23.515 -0.243327 1.59946 0.0134412 -0.000306256 -0.00327204
240.578 23.5176 -0.244318 1.59965 0.013082 -0.000312105 -0.00324531
240.596 23.5202 -0.245356 1.5998 0.0127138 -0.00030311 -0.00321673
240.617 23.5229 -0.246441 1.59992 0.0123415 -0.00028873 -0.00318732
240.638 23.5256 -0.24757 1.60002 0.0119838 -0.000273412 -0.0031535
240.657 23.5284 -0.248742 1.60008 0.0116152 -0.000244207 -0.00311455
240.68 23.5312 -0.249956 1.60012 0.0112487 -0.000210249 -0.00308294
240.7 23.5341 -0.25121 1.60013 0.0108893 -0.000180993 -0.00304292
240.72 23.537 -0.252503 1.60011 0.0105304 -0.00015826 -0.0030064
240.744 23.54 -0.253832 1.60006 0.0101845 -0.000217261 -0.00296776
240.762 23.543 -0.255197 1.59999 0.00983021 -8.65364e-05 -0.00293361
240.783 23.5461 -0.256596 1.59989 0.00946479 -0.000154427 -0.00289751
240.802 23.5492 -0.258028 1.59977 0.0091188 -0.000117038 -0.00285958
240.821 23.5524 -0.25949 1.59963 0.00878032 -9.25911e-05 -0.00282268
240.847 23.5557 -0.260982 1.59947 0.00844373 3.85263e-05 -0.00278176
240.864 23.5589 -0.262503 1.59929 0.00817254 -0.00109354 -0.00274999
240.885 23.5624 -0.264051 1.59911 0.00776257 -0.00037861 -0.00267908
240.903 23.566 -0.265624 1.59897 0.00722528 0.000118973 -0.00259989
240.923 23.5698 -0.267221 1.59886 0.00664331 -0.000235362 -0.00252377
240.947 23.5737 -0.268838 1.59877 0.00604335 -0.000473139 -0.00244555
240.966 23.5778 -0.270475 1.59868 0.00543322 -0.000489067 -0.00236766
240.989 23.582 -0.272128 1.59857 0.00481926 -0.000485173 -0.00228602
241.007 23.5863 -0.273794 1.59846 0.0042014 -0.000440242 -0.00220183
241.027 23.5908 -0.275472 1.59833 0.00359927 -0.000589204 -0.00211915
241.047 23.5954 -0.277159 1.59818 0.00300392 -0.00055109 -0.00203076
241.067 23.6001 -0.278852 1.59803 0.00241493 -0.000555587 -0.00194213
241.087 23.6049 -0.28055 1.59786 0.00184341 -0.000538091 -0.00185235
241.106 23.6099 -0.28225 1.59769 0.00127595 -0.000585043 -0.00176406
241.126 23.615 -0.283949 1.5975 0.000721299 -0.000654729 -0.00167575
241.148 23.6202 -0.285646 1.59731 0.0001723 -0.00062306 -0.0015887
241.169 23.6256 -0.287339 1.59712 -0.000355993 -0.000630178 -0.00150458
241.19 23.631 -0.289025 1.59692 -0.000859949 -0.000641325 -0.00141625
241.209 23.6366 -0.290702 1.59672 -0.00134868 -0.000520434 -0.00132208
241.229 23.6423 -0.292369 1.59651 -0.00182953 -0.000513954 -0.00122176
241.25 23.6481 -0.294024 1.59631 -0.00228109 -0.000497867 -0.0011252
241.271 23.654 -0.295664 1.59612 -0.00272625 -0.000490277 -0.00103161
241.291 23.66 -0.297289 1.59592 -0.00315915 -0.000455676 -0.000937076
241.31 23.6661 -0.298897 1.59573 -0.00358759 -0.000336934 -0.000838553
241.33 23.6723 -0.300485 1.59554 -0.00400121 -0.000343879 -0.00074196
241.352 23.6787 -0.302052 1.59536 -0.00437931 -0.000272938 -0.000647901
241.373 23.6851 -0.303598 1.59519 -0.00474233 -0.000241983 -0.000551422
241.393 23.6916 -0.30512 1.59502 -0.00511115 -0.000222442 -0.000457755
241.411 23.6983 -0.306617 1.59485 -0.00547239 -0.000202169 -0.000361384
241.432 23.705 -0.308088 1.59469 -0.00582836 -0.000233698 -0.000257689
241.453 23.7118 -0.309532 1.59453 -0.00616691 -5.91364e-05 -0.000160718
241.472 23.7188 -0.310946 1.59438 -0.00649215 -5.63143e-05 -5.9899e-05
241.493 23.7258 -0.312331 1.59424 -0.00681576 -7.4768e-05 3.98265e-05
241.513 23.7329 -0.313684 1.59409 -0.00713552 3.38482e-05 0.000143681
241.534 23.7402 -0.315006 1.59395 -0.00743105 4.91182e-05 0.000244877
241.556 23.7475 -0.316294 1.59381 -0.0077387 7.97632e-05 0.000346341
241.575 23.7549 -0.317547 1.59367 -0.00803202 6.53623e-05 0.000443133
241.598 23.7624 -0.318765 1.59353 -0.00830735 9.96307e-05 0.000542931
241.62 23.77 -0.319946 1.5934 -0.00856547 0.000144661 0.000637322
241.635 23.7777 -0.32109 1.59326 -0.00881393 0.000241341 0.000738079
241.655 23.7855 -0.322196 1.59313 -0.00904287 0.000221676 0.000841268
241.676 23.7933 -0.323263 1.593 -0.00926366 0.000244145 0.000941381
241.695 23.8012 -0.32429 1.59288 -0.00947175 0.000318155 0.00104417
241.715 23.8092 -0.325277 1.59276 -0.00968665 0.000384755 0.00114542
241.737 23.8173 -0.326222 1.59265 -0.00989188 0.000371457 0.00124831
241.757 23.8255 -0.327125 1.59255 -0.0100856 0.000377807 0.00135025
241.78 23.8338 -0.327986 1.59245 -0.0102697 0.000502398 0.00145325
241.8 23.8421 -0.328803 1.59236 -0.0104467 0.000443202 0.00155663
241.818 23.8505 -0.329577 1.59228 -0.0106217 0.000618183 0.0016578
241.838 23.859 -0.330306 1.59221 -0.0108025 0.00062056 0.00176243
241.858 23.8676 -0.33099 1.59216 -0.010991 0.000663318 0.00186875
241.88 23.8761 -0.331629 1.5921 -0.0112616 -0.00202418 0.0020065
241.902 23.8851 -0.33222 1.59212 -0.0114883 -0.000273283 0.00213739
241.919 23.8943 -0.332761 1.59228 -0.0118513 0.00149543 0.00229723
241.939 23.9038 -0.333251 1.59257 -0.012372 0.000612989 0.00249959
241.963 23.9136 -0.333689 1.59294 -0.0129774 -8.26644e-05 0.00270647
241.98 23.9237 -0.334073 1.59337 -0.013573 -8.24551e-05 0.00290306
242.004 23.9339 -0.334401 1.59382 -0.0141284 -0.000157533 0.00310587
242.021 23.9445 -0.334673 1.59428 -0.0146141 -0.000371202 0.00330896
242.042 23.9552 -0.334886 1.59474 -0.0150128 -0.000448685 0.00351187
242.062 23.9662 -0.335039 1.5952 -0.0153434 -0.000512545 0.00371684
242.083 23.9774 -0.335132 1.59565 -0.0155837 -0.000753521 0.00392218
242.104 23.9888 -0.335162 1.59611 -0.015732 -0.00065196 0.00411995
242.122 24.0004 -0.33513 1.59657 -0.0158083 -0.000720786 0.0043207
242.142 24.0123 -0.335035 1.59704 -0.0158139 -0.000708326 0.00451832
242.163 24.0243 -0.334878 1.59751 -0.0157687 -0.000675161 0.00471788
242.184 24.0366 -0.334659 1.59799 -0.0156578 -0.000776328 0.00492101
242.207 24.049 -0.334378 1.59848 -0.0155096 -0.000817446 0.0051238
242.224 24.0616 -0.334036 1.599 -0.0153179 -0.000827911 0.00533018
242.244 24.0744 -0.333634 1.59953 -0.0151032 -0.000683865 0.00553351
242.265 24.0874 -0.333173 1.60009 -0.014871 -0.000625517 0.00574158
242.287 24.1005 -0.332653 1.60066 -0.014629 -0.000562403 0.00594824
242.306 24.1139 -0.332076 1.60127 -0.0143851 -0.000347249 0.00615423
242.325 24.1274 -0.331443 1.60189 -0.0141461 -0.000350633 0.00636501
242.346 24.141 -0.330755 1.60253 -0.0138998 -0.000282806 0.00657349
242.366 24.1549 -0.330013 1.60319 -0.0136666 -0.000181096 0.00678576
242.388 24.1689 -0.329218 1.60387 -0.0134427 -6.10549e-05 0.00699276
242.41 24.183 -0.328372 1.60455 -0.0132098 4.84641e-05 0.00720222
242.427 24.1973 -0.327475 1.60525 -0.0129758 2.77739e-05 0.00742127
242.447 24.2118 -0.326529 1.60596 -0.0127395 0.000170357 0.0076365
242.47 24.2264 -0.325534 1.60668 -0.0124984 0.00017693 0.00784635
242.49 24.2411 -0.324492 1.60741 -0.0122755 0.000243193 0.00805813
242.51 24.256 -0.323404 1.60816 -0.0120583 0.000407976 0.00827429
242.529 24.271 -0.32227 1.60892 -0.0118435 0.000550316 0.00848844
242.549 24.2862 -0.321092 1.60969 -0.0116432 0.000511557 0.00870751
242.571 24.3014 -0.31987 1.61049 -0.0114476 0.000613411 0.0089229
242.591 24.3168 -0.318605 1.6113 -0.0112461 0.000809191 0.0091361
242.609 24.3323 -0.317299 1.61213 -0.0110429 0.000868933 0.00935188
242.629 24.3479 -0.315952 1.61298 -0.010845 0.000971475 0.0095666
242.649 24.3636 -0.314565 1.61385 -0.0106464 0.00101475 0.00978132
242.672 24.3794 -0.31314 1.61474 -0.0104501 0.00120584 0.00999703
242.692 24.3954 -0.311676 1.61564 -0.0102648 0.00128682 0.0102103
242.711 24.4114 -0.310175 1.61656 -0.0100824 0.00135784 0.0104236
242.73 24.4275 -0.308637 1.6175 -0.00988748 0.00137642 0.0106354
242.751 24.4437 -0.307065 1.61844 -0.00967789 0.00150448 0.0108458
242.772 24.46 -0.305458 1.6194 -0.00946712 0.00158027 0.0110557
242.791 24.4764 -0.303818 1.62036 -0.00922775 0.00170301 0.0112621
242.815 24.4928 -0.302145 1.62133 -0.00899245 0.00168903 0.0114696
242.832 24.5093 -0.300442 1.6223 -0.00874614 0.00164717 0.011676
242.853 24.5259 -0.298708 1.62326 -0.00848654 0.00177239 0.0118799
242.875 24.5425 -0.296945 1.62422 -0.00823949 0.00184566 0.0120832
242.894 24.5592 -0.295155 1.62517 -0.00796351 0.00176201 0.0122869
242.915 24.576 -0.293337 1.62611 -0.00774616 -0.000287761 0.0125642
242.935 24.5931 -0.291489 1.62716 -0.00750276 0.00227866 0.0128677
242.955 24.6105 -0.289612 1.62832 -0.00745889 0.0021645 0.0132102
242.976 24.6281 -0.287707 1.62953 -0.00755843 0.000992484 0.0135671
242.995 24.646 -0.285774 1.63076 -0.00771605 0.00067531 0.0139216
243.017 24.664 -0.283814 1.63199 -0.00783359 0.000688369 0.0142726
243.037 24.6823 -0.281826 1.63317 -0.00790843 0.000455262 0.0146287
243.056 24.7007 -0.279811 1.63431 -0.00793689 0.000283187 0.0149839
243.081 24.7193 -0.277769 1.63539 -0.00789161 0.000272351 0.0153383
243.099 24.7381 -0.275699 1.63641 -0.00780176 0.000147012 0.0156958
243.12 24.757 -0.273603 1.63737 -0.00763529 5.50891e-05 0.0160491
243.138 24.7761 -0.271481 1.63828 -0.00741677 4.11117e-05 0.0164038
243.157 24.7953 -0.269335 1.63914 -0.00715751 -6.3062e-06 0.0167546
243.179 24.8146 -0.267164 1.63996 -0.00683818 -4.44244e-05 0.0171008
243.2 24.8341 -0.264971 1.64073 -0.00648905 2.25266e-06 0.01745
243.22 24.8537 -0.262758 1.64146 -0.00611786 4.59485e-05 0.017799
243.239 24.8733 -0.260525 1.64215 -0.00569806 0.000177548 0.0181459
243.259 24.8931 -0.258274 1.6428 -0.00527935 7.49503e-06 0.0184905
243.281 24.913 -0.256007 1.64341 -0.00487721 8.919e-05 0.0188364
243.3 24.9329 -0.253725 1.644 -0.00445321 0.000348161 0.0191784
243.325 24.9529 -0.251431 1.64455 -0.00405507 0.0002567 0.0195233
243.341 24.973 -0.249126 1.64507 -0.00366592 0.000343634 0.0198665
243.36 24.9932 -0.246811 1.64556 -0.00327523 0.000364285 0.0202067
243.382 25.0134 -0.244488 1.64602 -0.00291034 0.000478797 0.0205414
243.403 25.0337 -0.242159 1.64645 -0.00254371 0.000676318 0.0208782
243.425 25.054 -0.239825 1.64685 -0.00220829 0.000602832 0.021213
243.442 25.0744 -0.237488 1.64722 -0.00189479 0.000648061 0.0215445
243.462 25.0948 -0.235148 1.64757 -0.00158582 0.000711896 0.0218731
243.483 25.1153 -0.232808 1.64789 -0.00128762 0.000814535 0.0222023
243.504 25.1357 -0.230467 1.64819 -0.00100367 0.000856419 0.0225268
243.524 25.1562 -0.228129 1.64846 -0.000721263 0.00083015 0.0228508
243.543 25.1767 -0.225793 1.6487 -0.000452384 0.00100589 0.0231694
243.563 25.1972 -0.223462 1.64892 -0.000180409 0.000961961 0.0234847
243.585 25.2178 -0.221135 1.64911 7.16968e-05 0.000958465 0.023802
243.604 25.2383 -0.218814 1.64927 0.000298887 0.00112468 0.0241128
243.626 25.2588 -0.216501 1.6494 0.000541016 0.00108918 0.024418
243.644 25.2793 -0.214195 1.6495 0.000785421 0.00121357 0.0247193
243.663 25.2998 -0.2119 1.64957 0.00101191 0.00107692 0.0250232
243.686 25.3203 -0.209614 1.64962 0.00122277 0.00119904 0.0253252
243.705 25.3407 -0.207339 1.64965 0.00143273 0.00119012 0.0256235
243.728 25.3612 -0.205076 1.64965 0.00163736 0.00123042 0.0259217
243.745 25.3816 -0.202826 1.64964 0.00184858 0.00126773 0.0262118
243.765 25.4019 -0.200589 1.64959 0.0020364 0.00130087 0.0264971
243.786 25.4222 -0.198367 1.64953 0.0022294 0.0011765 0.0267817
243.807 25.4425 -0.19616 1.64944 0.00241118 0.00127483 0.027066
243.828 25.4627 -0.19397 1.64934 0.00257203 0.00122269 0.0273457
243.846 25.4828 -0.191795 1.64921 0.00273387 0.0012717 0.0276215
243.867 25.503 -0.189638 1.64907 0.00289284 0.00120738 0.0278935
243.89 25.523 -0.187499 1.64892 0.00304488 0.00122741 0.0281644
243.909 25.543 -0.185379 1.64875 0.00320806 0.00115768 0.0284305
243.931 25.5629 -0.183279 1.64855 0.00329109 -0.00168592 0.0287076
243.951 25.583 -0.181191 1.64842 0.00345494 0.000705151 0.029102
243.971 25.6032 -0.179119 1.6484 0.00352172 0.00173931 0.0295149
243.992 25.6236 -0.177061 1.64845 0.00346807 0.000658537 0.0299261
244.012 25.644 -0.175019 1.64856 0.00333322 2.29001e-05 0.030345
244.031 25.6645 -0.172992 1.64868 0.00319852 -0.000162702 0.0307654
244.052 25.6851 -0.170979 1.64879 0.00307082 -0.00010178 0.031187
244.073 25.7058 -0.168981 1.64888 0.0029541 -0.000293306 0.0316117
244.093 25.7265 -0.166997 1.64895 0.00286186 -0.000482489 0.0320372
244.114 25.7472 -0.165027 1.64899 0.00277612 -0.000581744 0.0324628
244.133 25.768 -0.163071 1.649 0.00271645 -0.00067508 0.0328865
244.153 25.7888 -0.161128 1.649 0.0026825 -0.00067837 0.0333085
244.172 25.8097 -0.1592 1.64897 0.00265764 -0.00079796 0.0337272
244.193 25.8306 -0.157285 1.64892 0.00265138 -0.000741115 0.0341436
244.212 25.8514 -0.155384 1.64886 0.00267803 -0.000715891 0.034561
244.236 25.8723 -0.153497 1.64879 0.00269899 -0.000712505 0.034978
244.253 25.8932 -0.151625 1.64871 0.00274798 -0.000608633 0.035395
244.273 25.9141 -0.149767 1.64862 0.00279257 -0.000622704 0.0358078
244.301 25.935 -0.147925 1.64853 0.00283828 -0.000564598 0.0362153
244.319 25.9558 -0.146098 1.64843 0.00290493 -0.000440544 0.0366226
244.339 25.9766 -0.144286 1.64834 0.00295104 -0.000345806 0.0370267
244.358 25.9974 -0.14249 1.64825 0.00300713 -0.000270183 0.0374243
244.383 26.0182 -0.140711 1.64816 0.00308164 -0.000177279 0.0378149
244.404 26.0389 -0.138949 1.64808 0.00313075 -0.00017503 0.038202
244.424 26.0595 -0.137204 1.64802 0.00316272 -9.67305e-05 0.0385836
244.448 26.0801 -0.135476 1.64796 0.00321185 -7.93302e-06 0.0389588
244.464 26.1007 -0.133767 1.64791 0.00324821 -4.27507e-05 0.0393321
244.484 26.1212 -0.132075 1.64788 0.0032836 3.53386e-05 0.0397011
244.505 26.1416 -0.130402 1.64786 0.00330865 3.63493e-05 0.0400646
244.525 26.1619 -0.128747 1.64785 0.00332319 0.00010342 0.0404246
244.545 26.1822 -0.127111 1.64785 0.00335058 0.00010596 0.0407803
244.565 26.2024 -0.125495 1.64787 0.00337775 0.000184858 0.0411339
244.586 26.2225 -0.123897 1.6479 0.00338848 0.000151861 0.0414835
244.609 26.2425 -0.122318 1.64794 0.00339119 0.000276196 0.0418317
244.628 26.2625 -0.120758 1.64801 0.00337663 0.000271656 0.0421739
244.647 26.2823 -0.119219 1.64809 0.00337912 9.19194e-05 0.0425049
244.667 26.3021 -0.117698 1.64819 0.00338884 0.00016587 0.042837
244.686 26.3217 -0.116198 1.64832 0.00338167 0.000220743 0.0431629
244.708 26.3413 -0.114717 1.64847 0.00340086 0.000163149 0.0434845
244.727 26.3607 -0.113257 1.64864 0.00342208 0.00011497 0.0438043
244.748 26.3801 -0.111817 1.64883 0.00343426 0.000186066 0.0441244
244.767 26.3993 -0.110397 1.64904 0.00346945 0.000127253 0.0444368
244.787 26.4184 -0.108997 1.64928 0.00348857 0.000217206 0.044743
244.809 26.4374 -0.107619 1.64954 0.00350058 2.63831e-05 0.045041
244.828 26.4563 -0.106261 1.64982 0.00350215 9.32405e-05 0.0453362
244.848 26.475 -0.104924 1.65012 0.00349605 5.69057e-05 0.0456265
244.869 26.4936 -0.103609 1.65044 0.00349538 8.26594e-05 0.045917
244.889 26.5121 -0.102315 1.65078 0.00348604 2.06677e-05 0.046199
244.91 26.5305 -0.101041 1.65114 0.00346165 -5.8757e-06 0.0464762
244.93 26.5487 -0.0997898 1.65152 0.0034514 -6.98585e-05 0.0467519
244.954 26.5668 -0.0985607 1.6519 0.0033438 -0.0019623 0.0470374
244.972 26.5848 -0.0973451 1.65236 0.00336981 -0.000421616 0.0474228
244.992 26.6029 -0.0961452 1.65292 0.00336389 0.000177357 0.0478296
245.013 26.6209 -0.0949609 1.65354 0.00324893 -0.000554699 0.0482303
245.038 26.6389 -0.0937919 1.65421 0.00308629 -0.00108331 0.0486302
245.056 26.6569 -0.0926385 1.65491 0.00293909 -0.00118655 0.049034
245.076 26.6748 -0.0915001 1.65561 0.00277391 -0.00125734 0.0494382
245.098 26.6926 -0.0903767 1.65632 0.00262017 -0.00148205 0.0498429
245.119 26.7104 -0.0892676 1.65703 0.00247898 -0.0015593 0.050251
245.14 26.7281 -0.0881726 1.65773 0.00232931 -0.00164621 0.0506566
245.16 26.7457 -0.087091 1.65843 0.00217905 -0.00172714 0.0510569
245.181 26.7632 -0.0860224 1.65913 0.00203583 -0.00165348 0.0514589
245.201 26.7807 -0.0849665 1.65982 0.00188306 -0.00163591 0.051859
245.225 26.7981 -0.083923 1.66051 0.00174243 -0.00165231 0.0522553
245.245 26.8154 -0.0828914 1.6612 0.00160953 -0.00154837 0.0526482
245.265 26.8326 -0.0818715 1.66188 0.0014858 -0.00151409 0.0530401
245.283 26.8496 -0.0808628 1.66255 0.00136491 -0.00142746 0.0534264
245.304 26.8666 -0.0798654 1.66322 0.00124776 -0.00141748 0.0538091
245.326 26.8835 -0.0788785 1.66388 0.00113696 -0.0012997 0.0541888
245.345 26.9003 -0.0779022 1.66453 0.00103956 -0.00123156 0.0545596
245.366 26.917 -0.0769361 1.66517 0.000948729 -0.00112059 0.0549311
245.386 26.9335 -0.0759803 1.66579 0.000860318 -0.00115268 0.0552882
245.406 26.95 -0.0750344 1.66641 0.000779515 -0.00105356 0.0556494
245.426 26.9663 -0.0740983 1.66702 0.000687831 -0.00101031 0.0560031
245.445 26.9825 -0.0731717 1.66761 0.000597242 -0.0009346 0.0563517
245.471 26.9986 -0.0722549 1.66819 0.000529471 -0.000926664 0.0566968
245.488 27.0145 -0.0713476 1.66875 0.00046238 -0.000896476 0.0570383
245.505 27.0303 -0.0704492 1.6693 0.000388729 -0.000758255 0.0573685
245.532 27.046 -0.06956 1.66983 0.000315022 -0.000763783 0.0576945
245.549 27.0616 -0.0686799 1.67035 0.000244441 -0.00080541 0.058015
245.576 27.077 -0.0678084 1.67086 0.000167816 -0.000711211 0.0583347
245.595 27.0922 -0.0669459 1.67135 0.000108555 -0.000702215 0.0586471
245.614 27.1073 -0.0660921 1.67183 4.49091e-05 -0.000624906 0.0589539
245.636 27.1223 -0.0652472 1.6723 -1.27578e-05 -0.000665317 0.0592553
245.657 27.1371 -0.0644106 1.67276 -8.4146e-05 -0.000587583 0.0595499
245.678 27.1518 -0.0635829 1.6732 -0.000142619 -0.000576848 0.0598389
245.7 27.1663 -0.0627636 1.67363 -0.000198497 -0.000618784 0.0601208
245.72 27.1807 -0.0619528 1.67406 -0.000246348 -0.000531565 0.0604053
245.741 27.1949 -0.0611505 1.67448 -0.000306956 -0.000501239 0.0606794
245.76 27.2089 -0.0603569 1.6749 -0.000368958 -0.000570886 0.0609457
245.785 27.2228 -0.0595721 1.67531 -0.000424027 -0.000676703 0.0612071
245.803 27.2365 -0.0587956 1.67573 -0.000466024 -0.000631139 0.0614639
245.822 27.25 -0.0580279 1.67615 -0.000505083 -0.000708104 0.061719
245.841 27.2633 -0.0572688 1.67658 -0.000537389 -0.000804774 0.0619662
245.86 27.2765 -0.0565183 1.67702 -0.000559893 -0.000759158 0.0622063
245.883 27.2895 -0.0557767 1.67747 -0.000583144 -0.000868267 0.0624396
245.902 27.3023 -0.0550441 1.67792 -0.000600688 -0.000957872 0.0626707
245.921 27.3149 -0.0543202 1.67839 -0.000605753 -0.000901929 0.0628948
245.945 27.3273 -0.0536055 1.67887 -0.000640082 -0.00104974 0.0631143
245.965 27.3396 -0.0529 1.67937 -0.000666947 -0.00119605 0.0633299
245.984 27.3516 -0.0522045 1.67987 -0.000784376 -0.00211795 0.0635406
246.004 27.3635 -0.0515147 1.68038 -0.000766059 -0.00173209 0.0638093
246.024 27.3753 -0.05083 1.68095 -0.000715905 -0.00107164 0.0641054
246.045 27.3869 -0.050151 1.68154 -0.000693944 -0.00124859 0.0644026
246.064 27.3984 -0.0494778 1.68216 -0.000743639 -0.00167636 0.0646958
246.087 27.4098 -0.0488103 1.68279 -0.000810994 -0.0018802 0.0649863
246.106 27.421 -0.0481486 1.68342 -0.000883407 -0.00196875 0.0652747
246.125 27.4321 -0.0474924 1.68405 -0.000959018 -0.00207953 0.0655587
246.147 27.443 -0.0468416 1.68467 -0.00102979 -0.00218873 0.0658438
246.171 27.4538 -0.0461957 1.68529 -0.00109736 -0.00226645 0.066118
246.189 27.4645 -0.0455547 1.6859 -0.00115968 -0.00232524 0.0663904
246.208 27.475 -0.0449183 1.6865 -0.00122374 -0.00234937 0.0666626
246.228 27.4854 -0.0442863 1.6871 -0.00128416 -0.00235595 0.0669261
246.249 27.4956 -0.0436584 1.68768 -0.00133666 -0.00235795 0.0671883
246.27 27.5057 -0.0430346 1.68826 -0.00138295 -0.00235484 0.0674494
246.289 27.5157 -0.0424146 1.68882 -0.00142192 -0.00234938 0.067709
246.309 27.5255 -0.0417983 1.68938 -0.0014549 -0.00234001 0.0679652
246.329 27.5352 -0.0411855 1.68993 -0.00148963 -0.0023126 0.0682156
246.351 27.5447 -0.0405761 1.69046 -0.00152071 -0.00226307 0.0684614
246.371 27.5541 -0.0399702 1.69099 -0.00154018 -0.00221001 0.0687086
246.391 27.5634 -0.0393674 1.6915 -0.00154746 -0.00215161 0.0689485
246.411 27.5725 -0.038768 1.69201 -0.00154683 -0.00208014 0.0691868
246.43 27.5815 -0.0381717 1.6925 -0.00154318 -0.00200165 0.0694256
246.451 27.5904 -0.0375787 1.69299 -0.00153559 -0.00191524 0.0696556
246.474 27.5991 -0.0369888 1.69347 -0.00153829 -0.00182287 0.0698805
246.492 27.6077 -0.036402 1.69394 -0.00155045 -0.00174647 0.0701058
246.511 27.6161 -0.0358184 1.69441 -0.00155836 -0.00167763 0.0703231
246.532 27.6245 -0.035238 1.69487 -0.0015598 -0.00160227 0.0705317
246.554 27.6327 -0.0346606 1.69531 -0.00155735 -0.00154417 0.0707334
246.573 27.6407 -0.0340863 1.69574 -0.00154539 -0.00150864 0.0709266
246.596 27.6487 -0.0335153 1.69616 -0.00152006 -0.0014951 0.0711161
246.613 27.6565 -0.0329476 1.69656 -0.00149118 -0.00148369 0.0713072
246.634 27.6642 -0.0323832 1.69695 -0.00146015 -0.00146994 0.0714889
246.655 27.6717 -0.0318224 1.69732 -0.00141983 -0.00146564 0.0716698
246.674 27.6791 -0.0312652 1.69768 -0.00137764 -0.00145821 0.0718433
246.697 27.6864 -0.0307119 1.69802 -0.0013268 -0.00145889 0.0720119
246.714 27.6936 -0.0301625 1.69834 -0.00128627 -0.00143806 0.0721758
246.734 27.7007 -0.0296172 1.69866 -0.00126181 -0.00141026 0.0723336
246.757 27.7076 -0.0290761 1.69895 -0.00124158 -0.00148417 0.0724874
246.778 27.7144 -0.0285384 1.69924 -0.00123904 -0.00135875 0.072638
246.798 27.7211 -0.028005 1.69951 -0.00126397 -0.00144297 0.072782
246.82 27.7276 -0.0274761 1.69977 -0.0012934 -0.00162089 0.0729226
246.837 27.7341 -0.0269505 1.70001 -0.00131624 -0.00151921 0.0730592
246.86 27.7404 -0.0264293 1.70025 -0.00133119 -0.0016055 0.0731933
246.879 27.7466 -0.0259114 1.70047 -0.00135578 -0.00168144 0.0733238
246.901 27.7526 -0.025397 1.70067 -0.0013697 -0.00167553 0.0734519
246.919 27.7586 -0.024886 1.70086 -0.00136788 -0.00169837 0.0735748
246.94 27.7645 -0.0243785 1.70103 -0.00136149 -0.00175115 0.0736962
246.962 27.7702 -0.0238744 1.70117 -0.00135915 -0.00179439 0.0738147
246.983 27.7758 -0.0233737 1.70129 -0.00134986 -0.00184709 0.0739286
247.007 27.7813 -0.0228766 1.70138 -0.00133752 -0.00189899 0.0740404
247.028 27.7867 -0.0223832 1.70144 -0.00134039 -0.00212306 0.0741623
247.043 27.792 -0.021892 1.70148 -0.0013332 -0.0020702 0.0743012
247.065 27.7972 -0.0214034 1.7015 -0.00130432 -0.00204474 0.0744422
247.089 27.8023 -0.0209175 1.7015 -0.00126408 -0.0021377 0.0745808
247.106 27.8073 -0.0204342 1.70147 -0.00123431 -0.00219264 0.0747156
247.126 27.8122 -0.0199539 1.70141 -0.00120545 -0.00219389 0.0748487
247.146 27.817 -0.0194768 1.70132 -0.00115513 -0.00223273 0.074981
247.168 27.8217 -0.0190022 1.70121 -0.00111603 -0.00216803 0.0751115
247.19 27.8263 -0.0185305 1.70108 -0.00107423 -0.00211019 0.0752398
247.211 27.8309 -0.0180617 1.70092 -0.00102209 -0.00208994 0.0753656
247.228 27.8353 -0.0175961 1.70074 -0.000966885 -0.002059 0.0754905
247.248 27.8396 -0.0171337 1.70053 -0.00091533 -0.0020039 0.0756064
247.269 27.8439 -0.0166748 1.70029 -0.000875401 -0.00194089 0.0757209
247.289 27.8481 -0.0162193 1.70004 -0.000850326 -0.00187786 0.075832
247.311 27.8522 -0.0157677 1.69977 -0.000830332 -0.00190245 0.0759477
247.328 27.8562 -0.0153193 1.69948 -0.000779791 -0.00174173 0.0760598
247.348 27.8601 -0.0148742 1.69919 -0.000728363 -0.00165633 0.0761688
247.37 27.864 -0.0144327 1.69888 -0.000674499 -0.0016148 0.0762731
247.391 27.8678 -0.0139948 1.69857 -0.000622508 -0.0015594 0.0763755
247.41 27.8715 -0.0135609 1.69824 -0.000572877 -0.00150968 0.0764714
247.43 27.8751 -0.013131 1.69791 -0.000524324 -0.0014699 0.0765682
247.451 27.8787 -0.0127055 1.69757 -0.000470142 -0.00142424 0.076667
247.473 27.8821 -0.0122845 1.69723 -0.000418674 -0.00147362 0.0767624
247.493 27.8855 -0.0118677 1.69689 -0.000350289 -0.00137776 0.0768533
247.513 27.8889 -0.011455 1.69656 -0.000290089 -0.0013031 0.0769406
247.532 27.8922 -0.0110469 1.69624 -0.000235767 -0.00129084 0.0770278
247.553 27.8954 -0.0106434 1.69592 -0.000181177 -0.0012751 0.0771126
247.573 27.8985 -0.0102448 1.69561 -0.000127648 -0.00125254 0.0771934
247.593 27.9016 -0.00985124 1.69531 -8.00351e-05 -0.00123557 0.0772687
247.619 27.9046 -0.00946294 1.69502 -3.63956e-05 -0.00121464 0.077347
247.633 27.9075 -0.00908003 1.69474 7.4689e-06 -0.00118244 0.0774205
247.653 27.9104 -0.00870267 1.69447 4.96853e-05 -0.00114408 0.0774942
247.675 27.9132 -0.00833099 1.69422 9.2445e-05 -0.00111185 0.0775634
247.695 27.916 -0.00796512 1.69398 0.000129231 -0.0010823 0.0776292
247.716 27.9187 -0.00760549 1.69374 0.000188707 -0.00109162 0.0776962
247.736 27.9213 -0.00725111 1.69353 0.000199109 -0.00106054 0.0777632
247.756 27.9239 -0.0069023 1.69332 0.000208231 -0.00102692 0.0778267
247.777 27.9264 -0.00655915 1.69313 0.000228776 -0.0010258 0.0778864
