Time LX LY LZ
8.29834 1.4462e+07 1.4462e+07 1.4462e+07
8.39492 365.83 497.782 1071.44
8.54243 5589.62 1655.34 16138.1
8.64324 5650.81 1660.17 16452.5
8.79652 5696.14 1670.51 16739
8.80042 5724.25 1684.9 17059.9
8.89397 5738.33 1701.72 12836.6
8.99536 5736.31 1718.48 13194
9.09577 5727.82 1735.64 13443.7
9.19678 5711.14 1752.06 13623.5
9.39998 5690.49 1767.81 13772.6
9.40607 5665.04 1781.3 13948.7
9.50077 367.795 395.136 371.827
9.59883 6572.93 2382.62 15350.3
9.70105 5657.75 2232.11 14200.9
9.90248 5623.41 2237.1 14321.4
9.90917 370.746 400.046 383.745
10.0052 374.609 486.469 876.432
10.1077 377.986 530.486 1197.75
10.2586 379.913 482.657 918.616
10.313 383.961 612.627 1986.96
10.4586 11473.2 4135.03 18825.7
10.5116 382.262 624.36 1938.24
10.6633 385.08 535.048 1366.8
10.7113 382.784 589.894 1767.54
10.8651 387.213 663.693 2546.04
10.9124 9904.51 3546.66 17231.6
11.1642 9873.38 3543.43 17233.1
11.1765 9846.73 3541.11 17235.5
11.2236 387.484 591.767 1992.87
11.4177 384.413 520.228 1208.64
11.4256 10867.1 3689.7 17632.4
11.5192 10841.6 3689 17626
11.6224 389.022 662.601 2567.61
11.7181 12113 3938.77 18588.3
11.8726 385.758 471.701 845.401
11.9235 388.708 521.533 1221.06
12.0206 13679 4224.46 19293.9
12.1262 390.891 706.375 3397.6
12.2234 390.907 697.152 3120.25
12.3271 16200.6 4706.92 21238.5
12.4242 16195.8 4705.76 21236.7
12.5755 16190.5 4703.49 21234
12.6271 16183.4 4700.68 21241.7
12.7301 16175 4697.98 21252.4
12.8305 15672.5 4639.36 21211.8
12.9275 15659.9 4637.03 21214.4
13.0325 15642.2 4633.91 21209
13.1825 392.809 758.785 3993.23
13.3313 17421.4 4812.57 22937.6
13.3396 17400.4 4810.18 22936.3
13.4331 393.338 740.951 4579.81
13.536 18821.5 4959.04 24548.1
13.6857 393.546 659.979 3142.45
13.7412 19780.8 5162.94 25544.4
13.8885 19782.6 5163.1 25545.2
13.9396 19785.3 5163.14 25544.8
14.0364 19790.4 5163.8 25546
14.2923 19797.1 5164.76 25550
14.3025 19808 5166.46 25558.5
14.3435 19826.2 5169.27 25572.5
14.4918 19851 5173.01 25590.8
14.6411 19878.5 5177.07 25610.3
14.6501 19909.4 5181.51 25632.1
14.7427 19944 5186.53 25657
14.8433 19979 5191.66 25685.3
14.947 20014.9 5197.18 25713.4
15.0444 20058.1 5203.29 25743.4
15.1535 20105.7 5210.04 25778
15.4691 20156.2 5217.21 25818.9
15.5045 20210.7 5226.19 25864.8
15.7337 20275.4 5235.62 25916.8
15.7818 20340.4 5245.23 25971.1
15.8133 20403.7 5254.53 26025.5
16.2238 20471.9 5264.74 26084.8
16.4868 20544 5275.7 26147.7
16.5965 20620.8 5288.18 26216.3
16.6227 20708.7 5302.52 26295.9
16.7778 20802.2 5317.35 26379.7
16.7886 20905.7 5333.95 26476.3
16.8008 21018.1 5351.92 26581.3
16.8146 19342 5204.08 24720.1
16.8263 19460.4 5223.91 24823
16.8772 19586.1 5244.74 24933
16.9221 19719.9 5266.57 25047
17.0212 19856.7 5288.83 25166.7
17.1198 19999.1 5312.57 25291
17.2836 20155.8 5339.15 25431.1
17.3801 20324.2 5367.6 25584.1
17.6246 20506.4 5398.16 25751.5
17.6356 20696.3 5429.56 25928.1
17.6744 20897 5462.75 26114.6
17.7753 21104 5497.13 26316.5
17.8734 21326.1 5534.11 26531.4
17.9727 19267.3 5311.56 24395.3
18.176 19498.2 5348.61 24571.1
18.2273 19737.4 5387.11 24756.1
18.2769 19988.7 5428.77 24954
18.3778 20260.1 5472.76 25169
18.679 20546.9 5518.64 25400
18.6902 20511.1 5515.51 25509.7
18.7316 20819.9 5564.29 25755
18.7833 21136.4 5612.36 26003.2
18.8804 21460.3 5662.75 26269
18.9783 21790.1 5713.28 26543.1
19.18 22128.3 5765.44 26826.1
19.1878 22466.1 5817.66 27117.1
19.2801 22812.3 5872.52 27422.9
19.3846 23171.3 5929.86 27754.2
19.4834 23539.6 5988.72 28104.5
19.5841 23919.6 6050.51 28474.8
19.7876 24306.8 6113.75 28874.1
19.7997 24687.6 6173.95 29272.1
19.8873 25072.2 6237.19 29686.8
19.9887 30148.4 6304.59 25458.7
20.0869 30642.1 6373.79 25863.5
20.2937 31177.1 6448.86 26277
20.306 31783.7 6529.22 26710.4
20.4968 32443 6613.66 27166.5
20.505 33157.6 6701.29 27632.5
20.5943 394.43 854.836 3909.38
20.8441 36411.5 7238.11 30077.3
20.8554 33165.9 6966.01 29481.2
20.8986 34093.1 7067.53 29928.8
20.9954 31387.2 6830.4 29027
21.0953 32304.3 6931.6 29449.6
21.2009 393.737 871.92 3929.13
21.2994 36974.7 7436.68 31279.9
21.658 33331.3 7104.22 30470.5
21.6681 31682.5 7021.81 28785.1
21.8541 29757.5 6538.27 28460.1
21.8694 27543.4 6347.82 28474.2
21.8811 28579.8 6460.02 28956.5
22.0538 29691.2 6575.4 29446.6
22.0657 30890.9 6699.52 29981.6
22.1077 391.725 994.151 4509.76
22.2074 36088 7624.36 33188.7
22.3089 37678.7 7784.9 33877.7
22.4098 39405.9 7950.52 34600.1
22.51 39061.1 7849.95 34581.8
22.607 29057.8 6729.87 31053.4
22.7136 30155.4 6876.96 32061.9
22.8087 33300.1 7027.79 31161
22.9122 34791.6 7187.52 32097.1
23.013 392.462 795.025 2107.94
23.1141 31431.7 6369.52 28772.4
23.2146 392.379 798.959 2028.51
23.3145 19513.5 4817.79 23925
23.4208 20478.6 4947.39 24450.9
23.5172 21559.7 5089.31 25022.5
23.6197 14754.2 4067.66 20083.1
23.7735 15465.3 4167.01 20509.5
23.82 390.205 902.038 2285.53
23.9176 17313.5 4364.39 22094.9
24.0203 18201.9 4473.42 22626.6
24.1241 391.234 793.925 1577.88
24.222 390.033 863.167 1909.33
24.371 18375.3 4312.41 22847.4
24.4777 387.436 1058.68 2955.2
24.5248 17373.4 4372.18 22870.2
24.7283 18419.8 4504.14 23481.1
24.8801 19582.9 4643.86 24136.9
24.8865 20860.1 4791.2 24836
24.931 387.82 1101.97 2604.11
25.0836 385.859 1222.04 3415.03
25.1313 31811.8 5696.78 27564
25.2321 26634.6 5327.39 27883.6
25.3367 26418.3 5299.77 27748.8
25.4891 387.326 1076.62 2230.84
25.5346 23550.1 5070.37 28291.5
25.639 25208.2 5250.99 29564.6
25.8877 26417.3 5353.12 30137.4
25.8941 31878.9 5558.03 28266.9
25.9381 32079.1 5506.48 28900.9
26.0378 380.242 1406.25 3432.31
26.1397 27582.9 5476.86 30055.1
26.239 22581.3 4933.03 26292.8
26.4402 383.956 1038.62 1796.77
26.5018 19507 4542.06 24414
26.5906 11745.3 3843.55 20298.7
26.6932 12746.5 3979.44 21089.2
26.7445 383.827 965.031 1480.5
26.8437 381.353 1143.38 1997.26
26.9445 383.04 994.401 1553.94
27.0465 13364.9 4124.37 22268.3
27.1461 14585.3 4274.31 23189.5
27.4061 381.716 1027.16 1587.4
27.4134 18136.2 4637.1 25238.8
27.5593 20025.9 4830.65 26436.6
27.6107 22189.1 5045.47 27809
27.6578 24614.9 5282.06 29448.2
27.7585 15807.4 4539.27 24310.9
27.8533 13870.3 4383.93 23341.1
27.9519 15582.1 4544.66 24597.5
28.0544 17568.5 4712.67 25955.8
28.1543 19873.5 4884.48 27412.1
28.357 18408.5 4880.5 26773.9
28.363 18278.1 5002.73 26145.4
28.5576 11755.2 4634.03 21237.5
28.5622 10183.8 4713.42 20044.3
28.7595 11398.9 4925.79 21398.2
28.7644 12809.5 5157.75 22948.7
28.9116 10306.6 4924.34 17793.4
28.9721 327.859 912.232 2763.72
29.067 788.548 788.548 2720.13
29.1679 1962.72 3141.32 9458.45
29.3722 328.208 1541.28 5783.19
29.3814 322.192 1386.68 3885.1
29.4694 326.819 1284.19 4775.68
29.5678 2895.13 1193.81 2895.13
29.714 945.765 945.765 2957.33
29.8149 4845.05 415.697 11173.5
29.9215 972.559 972.559 2633.13
29.9688 4871.33 446.357 10844
30.0688 4510.41 418.559 10476.7
30.1727 1341.46 311.403 4007.4
30.2714 4254.94 381.729 10143.7
30.5764 326.232 840.749 2067.45
30.5821 3921.48 401.873 9685.8
30.59 3652.4 378.914 9365.57
30.6756 1095.54 1095.54 2964.62
30.7772 3406.61 344.564 8979.51
30.8818 1516.89 278.535 4572.64
31.0317 4137.23 634.862 10249.1
31.0881 271.805 1541.12 5433.95
31.1898 4899.82 2177.26 4899.82
31.288 257.196 257.196 5034.45
31.5368 5382.39 893.487 11134.4
31.6323 2513.15 841.292 2513.15
31.7376 5437.8 947.739 11016
31.8355 945.473 245.59 3323.81
31.9355 393.798 139.13 1789.88
32.2421 5640.73 1012.82 11096.8
32.253 5644.87 1010.75 11106.8
32.265 854.242 236.233 3310.42
32.3959 1306.65 216.49 4950.55
32.4468 511.142 193.935 2906.38
32.544 934.936 218.43 3902.57
32.6428 9830.78 2344.46 14834
32.7997 931.904 201.491 5574.05
32.8483 810.754 190.978 5094.86
32.9494 913.585 192.451 5432.58
33.0509 719.376 244.669 2956.06
33.2095 1130.82 232.702 4914.3
33.3126 702.33 203.367 2915.12
33.3579 402.668 114.176 1930.42
33.4519 403.51 113.876 1929.69
33.6065 404.2 113.608 1928.14
33.658 404.756 113.336 1925.8
33.76 398.343 107.159 1210.01
33.9046 398.73 106.853 1208.05
33.9601 399.045 106.545 1205.9
34.064 399.315 106.289 1203.62
34.1625 399.548 106.076 1201.29
34.261 399.745 105.879 1198.91
34.3608 399.909 105.684 1196.47
34.4609 400.063 105.553 1193.98
34.5624 400.204 105.444 1191.6
34.6638 400.349 105.405 1189.34
34.7624 400.49 105.395 1187.13
34.8657 400.63 105.419 1185
34.9648 400.774 105.473 1183.08
35.0654 400.922 105.539 1181.28
35.168 401.077 105.621 1179.69
35.2722 401.24 105.717 1178.24
35.4225 401.414 105.833 1176.96
35.4728 612.549 219.1 2554.49
35.5794 401.8 106.103 1174.92
35.6766 402.015 106.263 1174.37
35.9233 402.228 106.408 1173.83
35.9445 402.467 106.645 1173.54
35.9764 402.702 106.866 1173.33
36.13 402.937 107.094 1173.34
36.2843 524.167 168.564 2795.14
36.3793 403.394 107.578 1173.6
36.393 403.621 107.856 1173.99
36.5292 403.817 108.054 1174.44
36.6337 23990.3 5009.57 20368.4
36.685 24045.4 5030.21 20400
36.7819 24110 5053.22 20438.2
36.9353 1447.13 228.907 6356.86
37.0373 404.702 109.494 1179.63
37.089 23002.2 4846.94 18555.6
37.1846 23034.4 4853.51 18565.2
37.2884 23084.6 4836.73 18535
37.3907 21016 4309.82 17614.6
37.4884 820.364 209.768 4406.38
37.5935 423.706 137.334 1873.83
37.9444 21642.4 4514.23 19596.5
37.9576 21692 4508.47 19608.9
37.9748 21761.7 4549.31 19668.2
38.0002 21830.4 4593.02 19725
38.098 444.752 179.34 1749.77
38.2051 18271.4 4182.99 20389.6
38.301 18258.7 4184.09 20415.3
38.6819 18235.7 4183.69 20427.1
38.7557 16747.1 3869.28 19888.6
38.8488 16731.6 3866.44 19890.7
38.9442 16703.7 3858.71 19871.6
39.0464 16645.9 3845.66 19842.6
39.2027 16549.2 3825.05 19793.2
39.3069 16405.2 3795.08 19713.3
39.3575 964.506 964.506 4618
39.4496 17334.1 4142.23 20623.4
39.5606 16972.5 4059.31 20367.7
39.7632 16556.5 3966.11 20076.8
39.7842 16076.7 3856.98 19742.2
39.9099 15512.4 3722.5 19325.5
39.9558 14266.8 3435.86 18332.8
40.0587 1018.16 251.352 3349.42
40.1575 13526.1 3432.83 17854
40.2589 12687.3 3252.83 17272.5
40.3596 314.368 3810.64 12047.9
40.4585 13866 3763 19277.5
40.5631 12836.5 3543.49 18430.1
40.6688 2890.03 304.739 2890.03
40.7719 11771.4 3312.56 17363.8
40.8748 10959.5 3133.81 16694.9
40.9709 10217.1 2971.34 16088.6
41.0788 541.879 242.823 1600.81
41.3708 319.63 1942.2 5565.17
41.387 9311.39 2876.42 15557.7
41.4264 299.185 1079.62 4328.9
41.4709 466.292 238.573 1554.73
41.5764 288.896 973.141 4221.05
41.7296 393.927 110.151 1058.42
41.784 240.902 240.902 12976.9
41.9308 423.96 106.102 2326.11
41.9881 253.02 2038.21 9801.81
42.0838 614.048 193.249 1819.38
42.2402 698.221 162.389 3088.15
42.5448 245.397 1848.33 9390.68
42.5705 4235.15 962.016 11536.3
42.5929 4211.94 958.019 11507.5
42.6204 4199.16 955.667 11495.2
42.6872 4194.39 954.518 11492.9
42.8341 4196.14 954.409 11501
42.893 266.965 1060.34 2998.44
42.9856 4405.3 992.748 11570.4
43.0864 4413.14 993.557 11585.1
43.186 4422.88 994.388 11599.9
43.3411 4439.88 995.728 11621.8
43.3937 4467.8 997.405 11659.4
43.545 4510.4 999.273 11715.6
43.7447 4574.34 1001.54 11800.3
43.7649 4481.65 985.46 11192.8
43.8123 4429.92 967.814 11322.6
43.8942 4404.43 969.731 10766.3
43.9957 4571.9 975.771 10970.8
44.1053 4298.91 878.224 10367.1
44.2044 3746.19 779.846 10332
44.2984 3916.61 779.935 10570.2
44.4024 4085.6 781.042 10796.4
44.4984 4242.72 782.6 11004.4
44.6484 4359.98 783.065 11144.4
44.762 4436.31 782.963 11227.1
44.8088 383.322 75.1583 969.902
44.955 4505.94 783.287 11288
45.0168 391.26 82.8357 866.539
45.2169 2485.52 644.945 7294.65
45.2375 2494.83 647.222 7314.79
45.3131 2505.18 649.499 7338.74
45.4135 2515.32 651.298 7361.48
45.5089 2524 652.748 7382.08
45.8037 2531.08 653.845 7399.64
45.8496 845.929 182.636 3097.95
46.0047 2783.25 718.701 8397.54
46.0575 2787.03 719.138 8411.13
46.1481 2790 719.412 8423.03
46.3017 2791.95 719.495 8432.96
46.3529 2792.82 719.38 8440.81
46.4579 2792.86 719.128 8447.05
46.605 2792.07 718.798 8451.56
46.6539 2790.91 718.517 8455.34
46.7538 2789.64 718.306 8458.9
47.0164 2788.85 718.329 8463.16
47.0331 2788.54 718.427 8467.93
47.0616 2788.86 718.614 8473.66
47.1575 2789.43 718.75 8479.26
47.2597 2790.06 718.877 8484.7
47.4232 2790.96 719.046 8490.31
47.4664 2792.13 719.241 8496.18
47.5612 2793.25 719.295 8501.25
47.6649 2794.47 719.482 8506.81
47.7684 2795.67 719.514 8511.72
47.8684 2796.54 719.473 8515.91
47.9644 2797.31 719.385 8519.79
48.0663 2797.79 719.2 8522.79
48.1724 2798.24 718.984 8525.45
48.2684 2798.72 718.757 8528.12
48.3694 2799.09 718.455 8530.48
48.4723 2799.37 718.071 8532.55
48.6201 2799.71 717.635 8534.5
48.6801 2800.27 717.252 8536.68
48.7758 2801.08 716.978 8539.25
48.9247 2802.35 716.637 8542.07
48.9766 2803.27 716.112 8544.19
49.0792 2804.54 715.671 8546.87
49.1774 2805.43 715.06 8548.16
49.2839 2806.3 714.36 8549.57
49.3788 2569.88 652.994 7560.35
49.4777 2571.39 652.448 7562.25
49.5781 2573.08 651.965 7564.89
49.6798 2575.06 651.488 7567.84
49.7829 2350.72 632.485 7226.13
49.8836 2352.74 631.79 7229.3
49.9816 2354.47 631.04 7231.56
50.0823 1699.98 399.106 6376.09
50.1823 1701.19 397.687 6377.77
50.3345 1387.3 334.778 4243.04
50.3854 1388.94 333.852 4245.89
50.4862 1390.55 332.575 4248.85
50.5886 1392 331.079 4251.54
50.7405 1393.76 329.569 4254.16
50.8032 646.626 238.997 3052.29
50.9502 1436.23 328.857 4798.04
50.9963 1368.55 227.057 5069.62
51.1464 1440.78 325.793 4803.41
51.2624 1401.84 320.777 4264.9
51.3114 1496.08 198.314 7299.92
51.4019 1446.34 320.359 4807.47
51.5572 711.556 243.907 3481.74
51.6066 1324.03 209.691 6835.61
51.7057 1383.3 224.044 5071.83
51.8092 1728.27 361.898 6443.21
51.9081 557.226 122.803 2732.7
51.9999 557.79 122.484 2733.66
52.1047 558.336 122.163 2734.34
52.205 558.568 121.795 2734.29
52.3551 558.899 121.373 2734.05
52.4078 559.485 120.932 2734.79
52.504 559.555 121.426 2716.92
52.6605 521.421 115.24 2273.53
52.7149 521.319 114.993 2271.09
52.9826 1233.54 234.894 4866.34
53.0829 1213.52 217.632 6021.66
53.1899 1443.53 295.455 4281.27
53.2861 1446.55 296.293 4292.44
53.4431 542.596 165.01 2652.76
53.541 715.38 189.986 2852.58
53.5889 229.67 229.67 7845.02
53.8921 1870.88 472.812 5631.33
53.9142 1852.37 462.128 5592.37
53.9408 1413.65 289.952 4734.72
53.9997 1391 287.325 4689.27
54.0951 303.03 2219.06 8219.34
54.198 1723.74 415.024 5338.56
54.2934 1673.33 403.202 5228.89
54.5817 1624.17 383.481 5119.78
54.6371 1571.73 368.306 5013.93
54.7857 1516.83 351.567 4901.09
54.8468 1461.26 336.865 4789.53
54.8888 1405.34 322.774 4675.59
54.9908 1053.02 243.475 3912.45
55.0904 1017.46 237.747 3824.46
55.1907 983.084 232.008 3738.59
55.4928 950.845 226.028 3656.19
55.509 669.047 270.666 2377.31
55.6025 323.118 1072.88 4045.87
55.617 1094.55 348.461 4246.76
55.694 1065.59 337.666 4179.9
55.8535 1040.65 328.202 4121.39
55.9001 3495.8 1188.49 3495.8
56.0043 601.997 196.538 1971.97
56.1041 1044.88 238.103 3072.39
56.2019 287.612 1147.62 3442.4
56.3616 1264.1 337.669 5463.08
56.4088 1028.49 203.195 3192.43
56.5111 288.796 2052.86 5630.1
56.6124 275.954 3034.85 8566.24
56.7645 269.261 2935.08 8405.33
56.9633 264.392 3120.46 8996.58
57.0662 373.722 1052.61 3073.03
57.0946 1024.43 209.442 4648.39
57.1153 360.47 1208.48 3442.3
57.2221 243.631 2714.71 12792.8
57.3179 516.687 141.754 1321.93
57.4244 2218 670.006 8149.1
57.5235 261.498 4690.35 15249.1
57.7188 2563.1 920.572 9157.82
57.7526 212.668 212.668 29578.1
57.9333 281.758 4851.56 16176.4
57.9636 2614.79 916.183 9264.71
58.0867 2547.49 904.939 9134.31
58.127 2537.07 894.023 9113.03
58.2935 360.19 763.203 2940.64
58.3701 2501.55 828.893 9017.62
58.4321 1638.6 524.791 7002.67
58.5293 1572.48 519.083 6798.79
58.6269 1576.26 519.206 6774.5
58.7244 1454.7 519.999 6486.59
58.8842 1456.5 520.414 6479.81
58.9288 1369.44 474.649 6245.25
59.0783 1060.42 335.442 5315.78
59.1373 1058.95 335.392 5325.78
59.3883 341.501 783.144 3272.75
59.4086 1448.43 516.85 6510.89
59.4354 1446.52 516.478 6521.25
59.5321 1444.68 516.274 6530.8
59.6378 370.969 629.111 3123.94
59.7397 1441.99 516.093 6544.84
59.9747 1441.18 515.92 6548.22
60.0774 1439.91 515.546 6548.89
60.1795 935.715 188.213 3722.57
60.2782 1549.13 519.23 6886.28
60.3784 1547.65 518.789 6886.29
60.4805 1546.15 518.351 6885.68
60.5887 1531.03 486.858 6796.43
60.6829 1529.61 486.469 6795.33
60.8346 1528.14 486.06 6793.99
60.8858 1526.59 485.62 6792.03
60.9804 1525.16 485.207 6790.33
61.0864 1523.88 484.84 6789.07
61.1828 1522.7 484.497 6787.95
61.286 1521.54 484.155 6786.75
61.3858 1520.52 483.861 6786.34
61.4871 1519.52 483.573 6786.16
61.5914 1518.48 483.275 6785.86
61.6941 1517.4 482.972 6785.78
61.846 1516.3 482.662 6785.91
61.8919 1515.3 482.386 6786.6
61.9956 1514.31 482.108 6787.34
62.0964 1513.4 481.855 6788.57
62.2471 1512.54 481.613 6790.15
62.298 1511.83 481.416 6792.66
62.3972 1511.17 481.232 6795.68
62.4952 1510.65 481.088 6799.28
62.7527 1510.26 480.983 6803.69
62.7738 1509.84 480.868 6808.57
62.8024 1509.49 480.774 6814.38
62.9047 1509.28 480.719 6820.51
63.0054 1509.19 480.7 6826.97
63.1055 1509.11 480.68 6833.48
63.2026 1509.14 480.688 6840.8
63.3046 1509.22 480.711 6848.37
63.5604 1509.3 480.734 6856.06
63.7561 1509.45 480.779 6864.27
63.7758 1509.63 480.829 6872.86
63.7958 1509.88 480.906 6881.78
63.9063 1509.99 480.941 6890.72
63.9269 1510.19 481.007 6899.71
64.0127 1448.52 478.826 6689.82
64.1142 1448.73 478.77 6696.78
64.4735 1449.07 478.75 6703.8
64.5011 860.747 191.222 2703.85
64.6093 1066.9 178.285 4457.88
64.6349 1569.95 245.109 5066.45
64.6563 1651.99 505.41 7488.39
64.8968 1125.3 182.85 4458.15
64.9188 1697.34 509.933 7675.22
64.9457 1697.36 509.974 7684.52
65.0431 1697.52 510.078 7693.26
65.1551 378.695 535.851 2665.11
65.2486 550.909 175.847 1797.57
65.401 1118.29 207.794 3564.31
65.5071 3714.53 1518.78 10986.3
65.5603 1286.18 206.393 4041.94
65.65 1281.41 213.838 4057.03
65.7541 573.998 185.431 1929.18
65.9084 505.551 192.294 2241.74
65.9566 5726.09 2122.04 14023
66.0593 1803.16 190.061 6088.15
66.2042 6142.05 2661.7 14995.6
66.2601 387.005 56.6561 707.49
66.4225 5610.3 2183.63 14073.8
66.4599 5579.84 2200.71 14086.7
66.7632 5548.04 2218.49 14098.9
66.7914 770.956 216.544 3668.99
66.8172 2364.85 221.955 7548.59
66.9924 6003.41 2849.08 15181.8
67.1012 2443.85 216.01 7793.89
67.2007 10264.5 3395.57 20539.1
67.3603 216.601 216.601 6170.48
67.509 10306.5 3478.47 20554.1
67.5412 10264.3 3466.51 20518.7
67.6108 10195.6 3450.78 20449.2
67.7694 583.979 173.104 2577.14
67.9649 10215.8 3482.85 20667.5
68.1157 234.175 1958.37 8283.32
68.1483 11342.6 3530.41 21988
68.182 10974.8 3449.37 21578
68.2251 10553.8 3356.48 21103.6
68.3816 264.524 3892.57 15146
68.4219 8725.98 3184.61 18499.3
68.5696 8138.61 3007.5 17931
68.6169 7484.21 2801.28 17260.5
68.764 7028.66 2680.08 16665.2
69.0696 6564.64 2552.17 16068.5
69.0939 6075.01 2419.05 15158.9
69.1141 5659.77 2297.47 14600.6
69.1351 5281.15 2183.46 14067.9
69.277 4939.43 2076.76 13573.2
69.3277 4630.69 1977.59 13114.6
69.4246 4353.76 1855.9 12656.6
69.5244 4107.83 1774.47 12270.8
69.6238 3680.84 1452.44 11403.6
69.7265 258.713 4544.74 12252.2
69.8288 434.459 223.79 1227.04
69.9295 299.857 629.199 1890.61
70.0316 285.726 3229.74 10827.1
70.1322 321.806 1052.29 2740.14
70.2347 3352.69 1374.94 10658
70.3343 830.125 203.889 2138.45
70.4346 3231.49 1333.82 10453.5
70.5351 3189.3 1319.47 10381.7
70.6415 1024.11 189.358 2709.29
70.7335 3285.58 2049.08 11399
70.8414 3260.26 1976.18 11350.1
70.9491 303.387 801.781 1948.67
71.044 222.429 222.429 14013.1
71.1504 232.75 3900.09 11550.8
71.2496 429.451 290.912 1284.64
71.3512 306.373 989.692 2130.04
71.5082 378.282 975.405 2356.13
71.5581 233.791 4496.44 12966.8
71.6541 10816.6 4947.64 21352.4
71.7594 10811.6 4960.75 21366.7
71.8589 10805.2 4974.33 21378.5
72.0091 10806.4 4986.69 21391.8
72.0579 10690 4827.25 21113.4
72.1616 10566.8 4817.3 21079.3
72.262 9040.2 3639.28 18610.1
72.4099 232.221 2702.15 7570.33
72.4571 9280.16 3184.7 18375.2
72.7123 9438.55 3049.05 18405.3
72.7379 9770.5 2980.65 18478.8
72.8089 3577.81 2494.64 12192.9
72.8635 381.131 43.4296 703.725
72.9598 3660.73 2462.08 12388.4
73.0558 3646.39 2444.21 12264.9
73.1569 3654.13 2436.06 12276.2
73.3619 3651.91 2432.31 12281.6
73.4689 403.002 154.683 1140.42
73.4974 1156.98 168.14 3943.22
73.6222 405.088 259.94 1525.46
73.6632 4913.16 3033.5 14169.2
73.7774 2710.76 705.746 2710.76
73.8765 5047.36 3122.83 14469.2
74.1184 5058.79 3120.59 14484.7
74.2173 947.608 183.457 3617.71
74.3278 3213.16 606.649 3213.16
74.4847 930.61 236.517 3691.49
74.5762 7086.54 5070.91 17805.6
74.6832 1756.76 228.091 6263.87
74.8289 7396.44 5260.16 18216.8
74.8615 6724.56 4588.66 17399
74.9329 6722.73 4586.48 17411.3
75.0847 6720.41 4584.47 17422.3
75.1351 6717.29 4582.26 17431.9
75.2349 6715.34 4579.31 17442
75.6455 6713.39 4576.53 17451.3
75.6784 6711.41 4574.68 17460.1
75.7033 6708.61 4572.87 17467.1
75.733 6706.73 4572.02 17474.7
75.7623 6702.47 4568.32 17476.3
75.8415 6694.21 4564.73 17474.5
75.9948 6687.05 4562.18 17473.5
76.0908 6681.61 4560.63 17474
76.1419 6677.28 4558.96 17474.8
76.3499 6673.06 4557.52 17475.1
76.3857 6670.94 4557.09 17477.2
76.4451 6668.9 4556.44 17478.7
76.5438 6667.22 4555.64 17480.1
76.6446 6666.68 4555.31 17482
76.8016 6666.25 4554.7 17483.9
76.8971 6668.53 4555.32 17488.3
76.9483 6671.04 4555.83 17492.8
77.0466 6674.81 4556.59 17498.3
77.148 6678.67 4557.1 17503.8
77.3033 6331.81 4345.11 17141.6
77.3558 6332.86 4265.8 17143.5
77.4539 6336.42 4265.14 17147.3
77.5542 6340.36 4263.74 17151
77.6562 6304.87 4253.85 17125.8
77.753 6307.28 4250.98 17127.5
77.8578 6310.88 4248.35 17130.4
77.9528 6315.21 4245.51 17134.3
78.057 6320.89 4242.77 17139.8
78.1614 6326.82 4239.78 17145.6
78.2561 6333.06 4237.97 17152.4
78.409 6337.77 4235.75 17158.1
78.4651 6341.92 4151.06 17163.6
78.5645 6349.1 4147.98 17172.2
78.6594 6357.03 4144.17 17181.5
78.7675 6365.22 4139.38 17191.1
78.866 6337.27 4105.39 17193.3
78.9614 6346.6 4099.71 17204.8
79.062 6357.05 4094.32 17218
79.1679 6366.83 4088.48 17230.7
79.2686 6374.51 4083.87 17242.9
79.3688 6380.94 4078.71 17254.4
79.4783 545.547 202.169 2224.68
79.5785 2713.33 853.842 2713.33
79.6726 930.966 240.662 2733.64
79.7785 1016.19 222.45 3833.45
79.8742 8644.27 4537.71 19605.1
80.0366 223.509 223.509 6028.72
80.1368 902.496 226.479 2870.62
80.1926 517.713 159.352 1418.82
80.2863 5461.82 3869.82 16021.8
80.3833 5444.11 3877.49 16038.4
80.5441 379.229 664.729 2753.8
80.6899 5633.7 3951.35 16355.3
80.7296 5657.18 3942.05 16360.5
80.9311 790.336 217.207 2686.93
81.0363 5729.74 3920.82 16504.2
81.1308 5716.12 3907.49 16486.5
81.2324 5693.97 3892.86 16463.1
81.3368 5662.61 3876.37 16430.2
81.4364 5364.5 3726.5 15785
81.5324 5299.55 3695.87 15706.5
81.6378 5215.53 3656.45 15601.7
81.8855 5115.71 3609.13 15473.4
81.9186 5017.27 3550.78 15330.2
81.9464 4899.68 3486.31 15159.8
82.0385 4761.51 3415.32 14962.7
82.1395 4606.7 3336.36 14737.5
82.2438 4386.07 3224.89 14318.5
82.3983 4215.38 3135.11 14060.9
82.4463 3928.42 3008.06 13497.6
82.5939 3437.16 2742.89 12773
82.7414 3277.21 2639.83 12476.3
82.799 321.832 947.059 2392.89
82.842 2903.96 2445.79 11815.6
83.044 243.188 243.188 12530.3
83.1458 2645.09 2214.23 11250.8
83.1758 2460.31 2137.01 10915
83.2962 2291.19 1981.42 10422.5
83.3478 2190.8 1864.47 10165.8
83.4479 254.624 2606.42 5608.76
83.5551 292.253 1038.3 3094.8
83.6468 1943.91 1592.95 9496.82
83.754 237.374 2271.27 5364.17
83.852 1515.15 219.516 3729.94
83.9507 2456.48 1502.77 10133.6
84.1063 2337.75 1394.96 9798.77
84.1565 250.215 250.215 5183.51
84.2558 2258.08 1377.75 9575.89
84.3556 225.09 2518.01 5918.08
84.4564 342.474 688.161 1767.35
84.5553 363.749 638.132 1705.89
84.6579 2067.18 1399.58 9168.53
84.761 210.412 210.412 5050.29
84.8604 2033.38 1378.87 9095.6
84.9575 2022.21 1372.06 9073.82
85.0598 367.052 633.757 1658.61
85.1726 2352.68 226.848 6328.75
85.2643 776.871 183.105 1890.02
85.3613 4716.66 1408.51 12312.8
85.4645 4712.76 1409.18 12321
85.5698 4718.89 1410.26 12339.4
85.6668 4734.53 1411.97 12368.3
85.7707 4721.08 1398.78 12345.6
85.8677 4741.56 1402.8 12386.8
85.9745 4761.78 1408.94 12434.8
86.2437 1416.65 4778.34 12485.4
86.2791 1427.14 4801.33 12551.4
86.3352 1441.8 4817.75 12626.1
86.5383 1418.52 4680.15 12628.6
86.5734 373.029 1641.5 4778.89
86.6312 2288.28 5707.1 13545.4
86.7332 2339.74 5630 13567.7
86.7766 1011.9 3911.51 11004.9
86.9311 1024.64 3892.32 11054.6
86.9789 1034.72 3895.09 11116.6
87.0752 1041.81 3910.51 11181.1
87.1794 1046.4 3929.14 11240.1
87.2838 1048.8 3948.15 11290.7
87.4407 1514.5 196.368 3892.95
87.5356 2589.33 5577.48 14081
87.5816 2582.33 5591.53 14104.5
87.6844 2572.37 5590.66 14111.7
87.8862 2562.15 5578 14108.1
87.9132 358.299 765.922 2945.98
88.1303 2565.48 5612.87 14171.1
88.2387 359.807 849.953 3747.68
88.3334 257.769 2065.82 7109.37
88.4345 5029.91 8722.14 19241.3
88.5361 5002.29 8698.23 19214.6
88.6925 4976.69 8674.06 19189
88.7464 4951.98 8655.14 19166.8
88.8914 4927.96 8641.12 19148.1
88.9439 4905.32 8628.39 19131.1
89.0407 4884.14 8616.49 19115.4
89.142 4864.61 8606.64 19102.8
89.2421 4846.35 8598.32 19092.3
89.3923 4830.37 8589.34 19084.4
89.4514 4817.07 8583.96 19081.2
89.7001 4805.41 8577.8 19079.7
89.7262 4795.78 8572.97 19080.8
89.8014 4786.99 8567.53 19083.3
89.9012 4778.82 8563.04 19085.6
90.1514 4770.7 8559.25 19088.5
90.1775 4763.41 8557.18 19092.8
90.2032 4757.49 8557.92 19100.3
90.2524 4753.53 8559.78 19110.2
90.4091 4750.44 8563.59 19122.7
90.6139 4747.86 8568.09 19135.5
90.6408 4745.27 8573.09 19147.4
90.7166 4743.27 8577.83 19159.9
90.81 4742.19 8580.91 19172.4
90.8588 4740.95 8586.18 19185.6
90.9575 4738.48 8592.85 19197
91.1612 4735.5 8600.92 19207.2
91.1862 4730.84 8607.09 19214.3
91.3134 4725.97 8614.14 19220.5
91.5671 2500.13 8372.29 16089.8
91.5914 2496.78 8374.33 16085.6
91.6175 2493.25 8377.23 16081.2
91.6734 2489.66 8382.88 16076.8
91.7701 2486.94 8383.76 16072.6
91.8671 2483.71 8389.07 16068.4
92.0196 2479.81 8399.76 16064.4
92.0677 2475.18 8413.73 16059
92.1686 2469.83 8426.74 16051.2
92.2704 2463.99 8442.04 16041.9
92.3747 2457.84 8457.16 16031.7
92.4698 2451.54 8475.67 16022
92.6228 2444.54 8487.55 16006.7
92.7284 2436.51 8489.85 15982.5
92.7822 624.329 149.376 1583.39
92.9318 2186.96 3203.88 11165.8
92.9749 2182.81 3205.53 11156
93.1822 2177.99 3207.65 11144.8
93.2115 362.784 665.529 2508.18
93.2832 622.78 160.195 1698.57
93.3795 2335.48 4020.44 12391
93.4856 1783.53 207.666 4505.64
93.5831 2315.65 4112.16 12595
93.6842 2305.35 4123.19 12583.4
93.7833 2214.96 3277.94 11236.6
93.8845 2207.08 3285.27 11227.1
93.9893 397.113 93.6748 1107.43
94.0862 2189.35 3309.16 11212.6
94.2464 1750.98 211.785 4384.91
94.2973 1168.97 240.165 3176
94.3885 4175.28 4744.41 15288.2
94.5457 3262.29 4696.99 14021.5
94.5937 3188.43 4646.96 13864
94.7015 3188.13 4615.09 13786.2
94.7964 386.823 59.6469 870.762
94.9485 3218.4 4567.57 13782.2
95.0462 387.433 62.664 771.249
95.0997 3114.49 4479.76 13514.6
95.1976 3133.46 4456.79 13516.3
95.2998 3151.48 4435.91 13519.1
95.404 3198.71 4453.76 13608.4
95.5022 227.855 1723.16 4580.69
95.7352 236.255 2130.64 5515.16
95.8368 3234.17 4497.5 13727.2
95.9962 3198.93 4488.4 13680.8
96.0474 227.011 2613.02 6906.15
96.194 3196.81 4418.88 13776.8
96.244 3185.04 4399.72 13764.9
96.3521 3166.88 4374.78 13741.3
96.5019 3120.33 4336.49 13546.8
96.6064 3085.29 4296.02 13492.3
96.6524 244.193 3291 10299.1
96.7455 3070.68 4186.93 13481.2
96.8464 2909.57 4104.42 13176
96.9523 267.239 5303.74 11888.6
97.0503 2678.03 3881.78 12621.2
97.1514 264.5 8403.36 19596.8
97.2504 2491.27 3437.69 11843.9
97.4059 2359.5 3288.97 11559.5
97.4575 2231.82 3142.02 11275.5
97.557 2044.56 3000.26 10819.1
97.6581 1155.58 2232.23 8324.27
97.8149 1113.95 2125.92 8152.56
97.8593 1045.22 2019.43 7882.42
97.9592 974.256 1929.48 7630.45
98.0553 916.988 1621.57 7295.42
98.16 890.897 1558.19 7165.33
98.2639 438.852 225.354 1065.79
98.358 847.273 1454.38 6940.67
98.5193 475.053 269.578 1221.45
98.6092 814.089 1378.58 6764.05
98.668 246.184 6584.34 14827.4
98.7707 791.307 1332.71 6645.61
98.8665 670.911 481.009 5107.09
98.9799 360.275 966.321 2281.55
99.0819 750.16 1291.73 6357.88
99.1847 361.449 1019.85 2361.75
99.2848 1289.31 200.063 3248.75
99.3776 240.737 6167.2 15422.8
99.4847 766.129 1314.14 6544.18
99.7298 255.308 5438.12 12588
99.7636 309.146 1684.93 4344.92
99.7888 1226.55 7916.14 16118.1
100.032 1224.54 7895.52 16129.3
100.068 362.115 1470.59 3098.08
100.167 1553.47 8088.53 17199.8
100.222 261.292 6720.19 18701.7
100.412 1570.35 8013.38 17388.9
100.444 1569.47 7966.12 17395
100.523 1546.07 7910.78 17216.4
100.621 1539.79 7871 17054.1
100.722 1539.11 7841.12 17053.7
100.824 1521.33 7798.07 16839.3
101.185 1518.12 7768.89 16806.5
101.215 1512.31 7751.94 16765.9
101.25 1502.22 7802.19 16761
101.277 1486.27 7876.84 16705
101.327 1473.42 8055.45 16775.2
101.433 1170.05 8089.44 16108.8
101.528 1158.95 8344.7 16224.9
101.891 295.903 949.133 2595.38
101.93 1125.12 8664.83 16037.4
102.058 991.191 2789.98 9081.13
102.104 990.884 2791.88 9104.5
102.152 991.603 2761.32 9038.96
102.476 993.303 2749.73 9055.62
102.525 341.313 852.249 2724.4
102.573 354.619 1071.4 3508.04
102.631 381.409 31.3219 595.746
102.668 2383 4799.02 14224.1
102.754 381.549 32.7063 672.148
102.898 2485.57 4819.07 14707.8
102.97 1729.08 202.095 4739.08
103.117 357.613 748.285 3273.71
103.155 4378.29 8258.57 21709.7
103.618 4379.51 8253.68 21747.5
103.864 4380.11 8247.36 21781.9
103.913 4378.24 8236.88 21805.5
103.96 4377.05 8227.56 21829.2
104.125 4376.17 8217.05 21850.5
104.166 4372.14 8201.28 21860.2
104.224 4367.79 8187.7 21868.8
104.402 4363.29 8175.82 21876.5
104.558 4358.56 8164.04 21881.5
104.607 4352.89 8156.18 21886.1
104.654 4345.84 8148.76 21887.7
105.005 4340.16 8140.84 21888.5
105.156 4335.39 8130.97 21886.9
105.206 4330.69 8119.73 21882.6
105.257 4325.98 8107.93 21876.1
105.304 4322.48 8097.55 21871.1
105.357 4319.26 8087.06 21865.2
105.415 4315.47 8075.68 21855.4
105.489 4311.57 8063.36 21844
105.556 4308.34 8054.14 21835
105.642 4305.17 8045.78 21826.5
105.839 4302.83 8036.01 21817.3
106.052 4300.43 8024.16 21805.2
106.254 4298.99 8013.48 21795
106.479 4299.78 8006.33 21790.1
106.535 4301.19 8000.01 21787.2
106.691 4302.95 7994.37 21785.5
106.836 4260.25 7879.48 21641.4
106.879 4262.62 7874.28 21641.7
106.995 4265.3 7869.37 21643.1
107.031 4267.91 7865.67 21646.7
107.062 4272.61 7859.81 21652.5
107.091 4278.22 7851.23 21658.4
107.116 4285.24 7841.52 21666.4
107.144 4293.37 7832.94 21678.4
107.222 4277.29 7722.4 21620.9
107.382 4286.37 7713.18 21637.3
107.424 4295.69 7704.28 21656.5
107.523 4306.2 7693.63 21677.1
107.627 4316.61 7684.37 21701.4
107.727 4326.45 7674.33 21726.2
107.821 4336.95 7659.39 21749.7
107.924 229.287 2397.06 5180.65
108.019 4387.27 7724.09 21876.5
108.125 4400.31 7706.66 21908.1
108.227 4413.69 7688.2 21941.4
108.383 256.115 851.437 2408.33
108.723 4452.47 7659.55 22149.8
108.755 4468.25 7638.88 22191.7
108.843 1088.8 210.766 2794.42
108.898 4497.05 7602.94 22283.4
109.04 242.934 1584.12 3888.28
109.078 250.556 2043.53 4877.92
109.11 294.775 678.651 2023.43
109.14 6363.84 7697.58 25520.9
109.234 6353.92 7687.19 25557.5
109.442 6343.9 7680.99 25599.6
109.477 6307.2 7664.04 25595.8
109.608 1345.09 238.502 3469.08
109.809 6901.59 8210.37 27455
109.933 6884.16 8171.45 27434.3
110.034 364.604 1046.83 3669.62
110.182 7404.26 8947.1 29231
110.483 277.115 816.648 2609.76
110.608 7330.71 8849.92 29394.2
110.687 7240.88 8787.62 29296.3
110.782 7078.68 8713.15 28875.4
110.874 6968.25 8639.16 28737
110.966 6038.09 7795.96 26045.5
111.286 5911.32 7690.73 25832.6
111.316 5671.48 7511.81 25089.6
111.346 5387.67 7201.16 24418.2
111.38 5126.13 6979.18 23882.2
111.413 4792.54 6709.04 23082.4
111.462 4483.49 6358.82 22198.9
111.545 4155.23 6055.03 20768.9
111.633 3878.52 5792.9 20103
111.733 3569.07 5512.69 19254.7
111.835 3279.65 5242.63 18435.3
111.996 3044.93 4990.98 17669
112.046 2801.62 4501.7 16823.4
112.14 2626.65 4308.35 16059.4
112.243 1857.96 3760.1 12831.2
112.344 1551.39 3077.27 11091.1
112.445 1480.42 2960.18 10793.5
112.547 270.903 3768.33 7009.96
112.641 1533.8 3067.36 11434.4
112.747 1317.42 2685.72 10080
112.902 1243.79 2492.54 9076.41
112.999 1212.13 2433.15 8938.18
113.054 236.701 5295.08 10304.2
113.148 2149.91 228.271 4895.27
113.251 367.25 906.214 2009.07
113.354 361.25 919.436 1999.15
113.707 1069.23 2830.04 10152.8
113.734 934.616 2604.36 9141.18
113.909 777.721 2236.24 7961.55
113.943 242.152 4103.63 8057.54
113.964 376.954 1325.7 2531.38
114.024 233.823 233.823 5221.78
114.114 367.416 1429.74 2588.53
114.162 921.806 2563.31 9101.04
114.312 921.578 2562.85 9108.45
114.358 921.503 2562.67 9116.33
114.456 921.619 2562.27 9124.48
114.613 921.904 2561.72 9132.48
114.666 907.024 2511.57 9067.53
114.918 907.05 2511.26 9073.42
114.946 902.565 2464.07 8986.45
114.977 761.341 2183.79 7918.38
115.132 747.233 2164.12 7793.03
115.32 746.644 2174.88 7807.26
115.36 745.578 2192.98 7830.65
115.505 744.444 2218.13 7863.54
115.537 537.558 962.282 4453.2
115.796 498.803 718.09 3551.36
115.823 261.249 1026.31 2360.22
115.847 499.865 706.569 3443.18
116.013 501.681 703.383 3442.78
116.068 502.757 701.243 3442.77
116.163 503.377 700.256 3443.87
116.209 503.872 700.146 3446.27
116.519 504.086 699.908 3447.79
116.553 504.19 699.44 3448.61
116.668 1550.26 220.061 3617.74
116.694 510.477 702.462 3561.95
116.724 377.671 1331.36 4511.06
116.815 588.721 1366.99 5692.48
117.021 360.569 1286.32 4751.57
117.051 597.859 1380.18 5784.65
117.119 2610.08 210.573 6972.74
117.216 618.943 1703.08 6880.89
117.323 618.132 1697.7 6871.55
117.582 617.356 1692.22 6862.9
117.599 616.607 1687.34 6853.77
117.87 615.883 1682.89 6845.88
117.894 615.268 1678.75 6839.38
118.031 614.708 1675.16 6833.31
118.083 614.229 1671.92 6828.41
118.231 613.823 1669.1 6824.71
118.282 613.464 1666.34 6820.95
118.43 613.167 1663.79 6818.28
118.529 612.899 1661.47 6815.75
118.578 612.702 1659.55 6814.13
118.727 612.557 1657.93 6813.06
118.887 612.49 1656.6 6812.72
119.04 612.455 1655.35 6813.07
119.064 612.453 1654.34 6814.11
119.096 612.448 1653.35 6815.22
119.195 612.469 1652.53 6816.72
119.289 612.534 1651.86 6818.22
119.392 612.609 1651.09 6819.65
119.491 612.722 1650.5 6821.3
119.591 612.864 1650.06 6823.25
119.694 613.057 1649.81 6825.75
119.798 613.225 1649.28 6827.73
119.9 613.408 1648.79 6829.91
120.019 613.592 1648.38 6832.07
120.108 613.799 1647.99 6834.26
120.204 614.045 1647.75 6836.94
120.399 591.282 1327.92 5737.46
120.429 591.449 1327.56 5738.86
120.501 591.613 1327.16 5740.07
120.6 591.81 1326.97 5741.88
120.696 591.986 1326.71 5743.32
120.799 592.145 1326.48 5744.94
120.905 592.283 1326.13 5746.16
121.055 592.44 1325.89 5747.68
121.108 592.601 1325.64 5749.07
121.209 592.761 1325.42 5750.5
121.307 592.91 1325.21 5752.16
121.405 593.068 1325.03 5753.64
121.614 593.204 1324.89 5755.25
121.641 593.33 1324.76 5756.75
121.712 593.448 1324.66 5758.26
121.813 593.537 1324.47 5759.49
121.911 593.601 1324.2 5760.38
122.012 593.636 1324.02 5761.49
122.119 584.177 1300.88 5650.22
122.209 584.21 1300.93 5651.03
122.311 229.872 1996.81 4156.99
122.462 233.657 2153.36 4591.89
122.519 573.598 1297.53 5671.94
122.616 573.456 1297.77 5672.93
122.721 241.088 1796.8 4024.74
122.925 596.116 1602.82 6786.88
122.952 595.967 1602.52 6787.6
123.023 595.785 1602.58 6787.82
123.174 595.566 1602.46 6787.84
123.223 562.117 1272.16 5560.06
123.321 561.788 1272.33 5559.73
123.423 226.383 2379.53 4967.81
123.526 227.676 1678.54 3779.54
123.632 637.252 1615.16 6967.77
123.729 593.786 1605.07 6790.59
123.831 376.843 427.661 1671.06
123.931 319.778 1210.99 3151.63
124.026 634.858 1620.97 6973.37
124.133 388.673 93.3449 834.8
124.23 652.528 1625.33 7195.34
124.333 651.311 1626.7 7194.64
124.43 650.073 1628.57 7194.78
124.543 648.71 1630.76 7195.03
124.641 471.329 260.816 1443.19
124.795 680.846 1628.93 7281.31
124.851 681.002 1628.91 7283.99
124.945 210.023 3107.1 6344.38
125.186 237.524 1934.17 4404.23
125.284 382.102 46.2558 770.279
125.391 701.114 1739.21 8253.16
125.543 701.085 1739.29 8256.54
125.59 259.03 733.55 2213.31
125.689 749.294 1738.1 8524.09
126.097 697.062 1729.69 8238.95
126.123 694.545 1720.87 8217.25
126.159 691.43 1708.47 8184.38
126.252 687.477 1691.95 8139.57
126.283 682.984 1672.45 8085.96
126.316 275.116 7019.06 13647.6
126.459 266.646 8625.5 16318.2
126.498 2220.29 9792.24 21025.8
126.597 2130.73 9224.73 20287.5
126.696 2035.13 8639.06 19506.5
126.8 1934.49 8044.7 18690.3
127.059 901.595 6807.86 15137.9
127.084 849.561 6280.49 14195.4
127.105 810.056 5754.05 13301.1
127.198 787.015 5326.88 12704.4
127.36 252.288 11711 21589.2
127.405 715.613 4619.94 11139.4
127.5 698.86 4322.16 10703.9
127.6 683.666 4061.77 10313.8
127.707 652.762 3818.8 9737.94
127.807 277.586 2785.07 5414.51
127.91 470.148 773.884 4252.65
128.015 239.814 10542.2 19993.2
128.166 464.258 745.584 4167.71
128.263 440.062 714.47 3961.15
128.37 438.836 708.452 3934.33
128.417 391.853 551.892 3202.51
128.565 390.578 547.659 3189.36
128.678 1773.33 210.361 3864.4
128.723 1888.04 210.924 4025.65
128.82 610.479 2849.44 8582.77
128.927 609.013 2831.41 8551.6
129.022 248.2 8625.12 19783.7
129.122 363.785 2058.7 3621.18
129.22 266.949 7526.69 14922
129.324 378.496 2259.42 3793.51
129.429 634.303 1390.09 6515.67
129.529 633.531 1387.08 6510.34
129.626 632.655 1383.53 6504.23
129.73 631.615 1379.24 6496.84
129.831 630.488 1375.81 6489.8
129.931 501.981 701.779 5022
130.075 501.621 700.381 5017.4
130.18 491.869 692.767 4855.29
130.233 492.181 690.787 4851.37
130.531 492.848 688.063 4846.51
130.559 476.146 682.07 4604.42
130.637 245.045 2363.7 4399.93
130.674 358.316 1681.82 3974.33
130.989 356.36 738.548 1994.78
131.042 234.577 1369.11 2843.04
131.074 289.224 2463.63 4912.77
131.096 551.792 1229.89 5411.45
131.14 377.786 73.5841 712.107
131.24 552.988 1214.64 5393.56
131.34 458.733 625.917 3957.24
131.445 451.755 623.922 3761.4
131.542 451.681 622.727 3757.62
131.649 367.463 901.655 2645.11
131.742 458.429 621.755 3944.76
131.894 458.283 621.157 3943.02
131.996 378.731 34.5932 681.86
132.099 550.776 1191.5 5353.94
132.206 550.384 1188.9 5349.7
132.255 549.997 1186.23 5345.27
132.35 275.986 1788.02 5253.94
132.628 1638.09 194.299 4222.73
132.737 681.233 1724.2 7585.98
132.832 680.655 1721.27 7578.83
132.896 680.135 1718.67 7572.61
132.991 679.641 1716.17 7566.63
133.091 679.164 1713.78 7560.91
133.195 678.75 1711.66 7555.84
133.299 678.418 1709.85 7551.46
133.404 678.166 1708.43 7548.04
133.502 677.959 1707.31 7545.46
133.702 677.82 1706.47 7543.51
133.758 677.724 1705.85 7541.99
133.856 677.647 1705.44 7541.06
133.956 677.572 1705.12 7540.43
134.011 677.487 1704.73 7539.59
134.165 677.426 1704.44 7539.05
134.21 677.37 1704.1 7538.35
134.317 677.334 1703.79 7537.69
134.507 677.353 1703.67 7537.58
134.537 677.349 1703.44 7537.25
134.669 677.387 1703.25 7536.83
134.72 677.477 1703.24 7537.02
135.072 677.587 1703.27 7537.35
135.1 677.668 1703.09 7536.95
135.127 677.784 1703.12 7537.27
135.16 677.887 1703.04 7537.22
135.224 677.975 1702.96 7537.31
135.562 678.048 1702.77 7536.88
135.582 678.119 1702.63 7536.71
135.605 678.254 1702.72 7537.07
135.667 678.326 1702.47 7536.58
135.717 620.948 1173.97 5939.68
135.865 590.205 1173.39 5722.57
135.967 590.114 1172.65 5720.57
136.08 590.034 1172 5718.83
136.227 579.651 1171.27 5506.83
136.49 579.583 1170.63 5505.14
136.516 579.535 1170.04 5503.62
136.543 579.503 1169.51 5502.25
136.588 548.13 1162.35 5289.5
136.822 548.028 1161.57 5287.33
136.844 547.927 1160.76 5285.06
136.887 547.838 1160.1 5283.05
136.933 537.786 1155.79 5122.98
137.037 454.123 605.068 3730.46
137.134 454.135 604.732 3729.34
137.231 454.14 604.434 3728.3
137.336 454.132 604.145 3727.23
137.484 454.112 603.853 3726.18
137.531 454.074 603.605 3725.17
137.693 247.243 3099.74 5825.63
137.744 298.464 702.94 1873.49
137.832 569.102 1157.27 5317.96
137.932 568.939 1156.88 5316.33
138.132 536.912 1147.77 5101.71
138.154 239.519 1324.77 2852.71
138.245 262.48 878.146 2155.1
138.343 578.817 1157.04 5522.82
138.499 578.534 1157.46 5522.49
138.54 578.186 1157.96 5522.03
138.695 566.831 1158.59 5310.94
138.749 240.322 2587.68 4856.46
138.902 576.77 1159.33 5519.53
139.003 576.204 1160.05 5518.04
139.105 564.806 1156.42 5296.77
139.152 450.131 604.324 3714.47
139.253 450.182 604.606 3714.33
139.492 450.233 605.33 3714.72
139.595 450.225 606.072 3714.87
139.759 796.72 171.641 1877.09
139.955 357.602 904.207 2894.48
139.985 859.462 2201.85 7798.52
140.052 857.415 2196.93 7783.2
140.158 828.403 2182.2 7567.24
140.211 823.869 2167.05 7530.91
140.298 818.1 2147.89 7488.64
140.403 758.257 2074.52 7239.92
140.497 750.002 2038.2 7168.18
140.652 1036.22 205.203 2088.63
140.702 729.97 1952.77 6995.59
140.856 227.967 2314.66 4111.94
141.006 730.262 1877.48 6482.83
141.023 666.428 1743.65 6170.57
141.156 624.455 1377.22 4823.02
141.209 611.75 1329.85 4724.66
141.308 599.121 1282.35 4624.13
141.424 586.737 1235.12 4521.81
141.562 575.115 1190.7 4426.73
141.612 557.472 1147.49 4143.73
141.708 547.825 1107.73 4057.93
141.809 522.977 1070.06 3820.51
141.915 515.557 1036.1 3748.44
142.019 274.623 6868.82 10631.7
142.11 503.066 977.022 3620.6
142.212 473.29 928.377 3437.58
142.315 469.564 909.578 3391.96
142.414 466.364 893.431 3351.88
142.793 246.343 7971.73 13124.4
142.813 475.861 878.923 3444.89
142.839 250.571 8031.7 14349.5
142.945 362.934 1073.77 2150.28
142.993 372.4 1056.47 2096.85
143.092 267.288 6345.17 11069
143.191 562.857 1314.48 5683.32
143.295 561.373 1308.42 5667.79
143.353 1239.03 219.867 2874.61
143.704 254.456 7538.37 15198.3
143.732 267.2 7821.27 13478.3
143.752 362.927 1746.66 3054.32
143.784 377.245 1770.19 3000.56
143.854 1301.32 2700.2 10986.1
143.949 1301.59 2700.65 10989.1
144.154 1294.35 2686.07 10605.5
144.177 1295.17 2693.39 10618.5
144.253 1296.4 2699.05 10630.3
144.355 1298.54 2703.07 10642.2
144.466 1300.76 2703.47 10650.1
144.618 1302.81 2700.65 10653.8
144.659 1304.77 2693.27 10651.5
144.759 1295.22 2623.08 10570.7
144.865 1223.68 2460.62 8985.92
145.059 780.027 1790.62 7006.13
145.085 1256.36 221.29 2477.37
145.169 765.673 2126.2 6998.68
145.264 764.085 2089.08 6834.81
145.371 551.06 1217.38 4875.6
145.467 550.754 1217.08 4873.76
145.564 545.586 974.466 4041.98
145.67 396.865 237.641 1107.29
145.879 339.973 706.405 1941.05
145.91 556.3 1217.39 5014.44
145.972 556.297 1216.55 5012.09
146.069 556.379 1216.25 5010.97
146.175 556.496 1216.41 5011.14
146.282 365.281 981.487 3257.11
146.575 561.554 1217.99 5187.27
146.628 357.418 751.355 3038.01
146.776 261.516 933.679 2940.02
146.827 1232.77 2333.88 8930.28
146.92 1233.96 2336.56 8934.53
147.022 1235 2338.71 8938.05
147.131 1235.94 2340.95 8941.43
147.225 1236.79 2342.48 8944.01
147.327 1237.46 2342.46 8944.58
147.585 1238.04 2341.75 8945.1
147.604 1238.49 2341.12 8945.75
147.675 1238.75 2340.62 8946.24
147.729 1239.05 2340.13 8946.91
147.83 1239.29 2339.79 8947.4
147.935 1239.52 2339.69 8947.91
148.035 1239.78 2339.37 8948.51
148.237 1240.05 2339.62 8949.36
148.258 1240.29 2339.73 8950.08
148.385 1240.55 2340.18 8951
148.44 1240.77 2340.3 8951.59
148.537 1241.04 2340.84 8952.46
148.637 1241.42 2341.36 8953.73
148.736 1241.82 2341.84 8955.15
148.887 1242.18 2342.36 8956.31
148.944 771.009 1857.39 7011.28
149.038 771.029 1857.54 7011.57
149.146 770.992 1858.34 7012.07
149.247 771.013 1858.94 7012.72
149.344 771.075 1859.71 7013.81
149.452 771.142 1860.57 7015.01
149.553 771.22 1861.07 7016.12
149.696 771.272 1861.93 7017.4
149.844 771.294 1862.94 7018.7
149.862 771.298 1864.36 7020.23
149.955 771.274 1866.02 7021.89
150.052 771.253 1867.69 7023.59
150.151 771.238 1869.05 7025
150.253 771.178 1869.7 7025.63
150.351 771.09 1871.07 7027.09
150.505 589.756 1229.42 5424.48
150.655 589.881 1229.97 5425.78
150.674 590.016 1230.66 5427.39
150.754 590.147 1231.39 5429.05
150.863 590.294 1232.26 5430.99
150.955 590.44 1233.15 5432.9
151.109 590.601 1234.22 5435.25
151.21 590.745 1235.22 5437.31
151.314 284.183 1431.63 3167.22
151.36 591.041 1237.53 5442.21
151.516 591.129 1238.73 5444.67
151.572 560.462 1239.7 5066.15
151.729 554.173 1238.54 4918.91
151.765 231.88 3965.08 6835.44
151.914 564.917 1243.02 5244.26
151.967 559.771 1244.38 5072.66
152.068 651.387 248.288 1672.76
152.169 579.446 1004.97 4643.33
152.322 579.231 1006.27 4644.81
152.377 814.162 207.839 1781.79
152.527 716.949 1654.43 6028.43
152.633 289.017 1127.34 2650.27
152.678 737.616 2416.71 7681.4
152.788 735.096 2425.7 7683.38
152.874 688.378 1678.76 5825.44
152.978 520.569 225.787 1338.07
153.129 702.522 1704.52 6042.02
153.181 680.143 1706.97 5831.57
153.283 681.706 1710.68 5839.98
153.38 536.32 738.324 3268
153.722 390.901 92.3044 779.13
153.74 536.866 1014.69 3997.96
153.824 238.545 3140.41 5935.5
153.917 558.634 1049.84 4383.51
154.024 532.062 733.102 3144.98
154.12 531.602 732.706 3144.1
154.222 531.043 731.66 3141.72
154.419 530.35 729.677 3137.34
154.437 529.267 726.354 3129.9
154.529 239.85 4513.92 11723.7
154.636 529.293 972.266 3935.26
154.734 526.45 956.021 3906.52
154.882 523.138 937.829 3871.77
154.985 250.562 10403.1 15986.8
155.039 541.714 960.612 4305.3
155.135 530.75 930.246 4105.81
155.231 506.149 851.02 3690.23
155.332 501.386 828.75 3638.6
155.431 496.524 805.493 3584.98
155.734 486.643 591.402 2813.4
155.751 457.64 488.717 2185.96
155.774 478.586 449.211 2154.18
155.89 432.534 456.204 1963.79
155.942 447.874 424.071 1934.32
156.042 428.162 410.641 1683.84
156.138 416.243 399.5 1577.63
156.246 272.533 1216.75 2106.08
156.441 375.125 13.7972 723.722
156.457 374.818 13.7105 721.554
156.544 374.501 13.6344 719.57
156.662 369.544 1306.98 2428.65
156.751 418.489 229.986 1920.12
156.945 381.421 39.2422 1361.19
156.963 379.204 29.6826 1188.24
157.051 265.095 4523.33 8178.19
157.153 371.424 1089.75 2002.71
157.247 408.186 2958.61 6154.06
157.399 1791.75 210.658 3471.03
157.459 406.411 2890.62 6062.85
157.556 270.918 4420.25 8463.23
157.661 1741.51 218.629 3658.78
157.816 359.097 1713.39 2770.38
158.013 261.361 5680.01 10315.6
158.036 1524.44 3818.87 9897.44
158.109 1508.7 3798.1 9579.16
158.256 1505.77 3791.85 9567.52
158.278 1572.25 220.134 3329.5
158.36 1513.13 3789.2 9681.28
158.459 1514.76 3773.17 9669.49
158.619 1518.59 3752.63 9656.81
158.678 1507.72 3727.24 9508.17
158.76 1486.68 3712.13 9348.66
158.875 693.341 2117.21 5885.04
158.971 684.827 2083.49 5737.97
159.073 689.598 2049.35 5711.4
159.168 682.732 2012.76 5578.9
159.27 277.538 697.559 1542.2
159.369 666.537 1968.34 5288.69
159.525 564.664 1854.58 4528.94
159.577 331.977 767.786 2131.4
159.727 329.486 756.813 2006.69
159.775 353.386 1557.82 3550.05
159.973 433.356 186.678 1010.8
159.996 334.567 752.915 2011.8
160.081 334.912 754.091 2013.55
160.184 375.804 1307.13 3542.16
160.288 340.295 763.989 2142.6
160.382 339.698 767.042 2144.41
160.487 374.356 60.7856 680.628
160.639 388.036 779.655 2444.05
160.687 387.296 782.32 2445.23
161.102 1939.66 210.129 4496.66
161.128 272.486 671.447 2254.83
161.157 671.548 1963.06 5471.48
161.305 671.337 1962.65 5470.04
161.356 671.185 1962.47 5469.43
161.509 671.095 1962.38 5469.15
161.609 671.097 1962.46 5469.22
161.664 671.18 1962.76 5470.08
161.765 671.289 1962.91 5470.7
161.966 671.429 1963.12 5471.67
161.995 671.558 1963.1 5471.86
162.066 671.746 1963.24 5472.56
162.269 652.201 1869.75 4964.85
162.291 652.374 1869.18 4964.25
162.362 652.545 1868.87 4964.38
162.471 652.718 1868.91 4965.23
162.567 652.875 1868.95 4965.45
162.728 653.018 1869.11 4966.02
162.827 653.157 1869.47 4967.19
162.875 653.283 1869.77 4968.1
163.075 653.392 1869.95 4968.68
163.1 653.505 1870.16 4969.43
163.275 653.624 1870.28 4969.73
163.324 653.763 1870.46 4970.45
163.379 653.911 1870.6 4970.96
163.478 654.068 1870.76 4971.71
163.632 654.219 1870.77 4972.03
163.68 654.402 1870.89 4972.57
163.782 654.569 1870.88 4973.03
163.879 654.693 1870.53 4973.12
163.98 654.824 1869.77 4971.95
164.133 654.976 1868.97 4971.17
164.238 655.147 1868.14 4970.58
164.29 655.348 1867.19 4969.53
164.388 655.552 1866.27 4969.16
164.488 655.761 1865.19 4968.34
164.845 655.989 1864.1 4967.29
164.865 656.24 1863.08 4966.51
164.888 656.496 1862.24 4966.05
164.907 656.745 1860.75 4964.33
164.984 657 1858.9 4962.07
165.144 657.3 1857.19 4960.65
165.241 657.606 1855.26 4958.56
165.343 657.944 1853.3 4956.79
165.398 658.312 1851.1 4954.2
165.497 658.775 1849.44 4952.96
165.597 659.24 1847.55 4951.5
165.701 659.762 1846.17 4950.89
165.896 660.211 1844.65 4949.78
165.95 660.701 1842.68 4948.47
166.005 244.956 2540.85 4357.33
166.1 680.255 1931.93 5450.65
166.3 680.785 1929.9 5448.96
166.322 266.315 1097.62 2331.96
166.448 701.903 1933.49 5710.73
166.501 682.5 1925.1 5445.9
166.656 664.953 1829.36 4937.89
166.858 621.751 1816.3 4800
166.885 622.392 1815.04 4799.93
166.911 623.02 1813.52 4799.39
167.013 248.788 2617.65 4516.2
167.114 376.022 619.939 1804.42
167.218 668.664 1825.58 4938
167.314 669.172 1825.62 4938.14
167.416 626.074 1809.67 4799.5
167.565 239.978 3892.68 6241.56
167.612 1031.21 5751.74 10681.5
167.709 1037.98 5717.71 10678.7
167.815 1034.23 5750.56 10657.8
167.962 1031.38 5782.19 10675.1
168.152 435.5 5206.13 8558.05
168.263 238.07 1386.29 2859.78
168.36 436.032 5171.31 8538.15
168.461 378.755 1130.58 3276.37
168.56 1058.93 5785.96 10822.1
168.713 1056.38 5775.45 10800.6
168.769 1052.09 5748.4 10757.6
168.874 292.224 833.493 2537.67
168.971 1056.56 5640.97 11089.3
169.12 1041.55 5534.27 10941.7
169.223 1023.12 5398.49 10753.5
169.282 263.502 5707.3 9052.4
169.37 978.018 5057.31 10282.3
169.519 951.929 4862.45 10008
169.565 908.251 4656.5 9242.78
169.677 879.613 4438.63 8936.24
169.777 246.971 5272.03 7511
169.882 831.379 4010.1 8751.64
170.089 413.793 3269.75 6224.73
170.238 410.979 3084.71 5980.72
170.26 408.294 2911.17 5750.6
170.291 403.218 2741.55 5422.6
170.379 400.885 2595.41 5223.25
170.482 397.021 2427.84 4975.13
170.695 391.13 2019.75 4720.32
170.841 468.785 327.999 1706.08
170.871 264.162 7467.56 10596
170.9 384.302 62.669 912.997
171.453 381.197 55.5756 837.057
171.602 380.72 55.5623 833.851
171.634 370.175 11.6482 594.895
171.658 239.564 7939.06 12108.9
171.691 369.56 11.5703 593.383
171.723 369.245 11.5405 592.834
171.759 612.323 175.08 1392.73
171.793 365.21 3618.3 6280.55
171.918 263.793 5462.15 9249.4
171.963 1461.57 202.539 2891.99
172.048 368.673 3644.56 6370.81
172.355 372.614 1490.28 2410.62
172.389 601.999 3917.43 7764.28
172.415 601.344 3910.03 7754.33
172.454 601.125 3909.2 7752.54
172.552 355.696 1193.75 2018.01
172.707 850.91 3942.26 8590.79
172.751 846.488 3931.15 8491.3
172.861 848.333 3932.38 8498.34
173.058 851.256 3932.83 8506.22
173.089 857.469 3912.76 8500.49
173.162 863.565 3905.31 8499.7
173.307 868.793 3917.7 8506.54
173.358 871.805 3956.3 8523.12
173.456 872.845 4024.41 8553.11
173.613 356.175 1875.88 1995.26
173.711 602.244 4185.51 7798.89
173.911 345.795 768.433 908.837
174.122 370.151 1498.4 3395.01
174.156 337.712 4216.24 6568.69
174.183 332.092 4247.57 6471.47
174.216 365.218 1260.98 1562.34
174.259 329.436 4483.56 6689.24
174.366 368.71 12.2331 475.685
174.468 371.177 22.2102 552.062
174.661 586.19 4800.21 7862.27
174.681 586.61 4768.66 7844.3
174.918 587.161 4745.61 7834.29
174.948 547.573 200.478 1277.41
175.116 579.331 4677.21 7706.51
175.21 579.855 4673.79 7708.76
175.31 580.307 4676.13 7714.05
175.416 352.872 844.942 3259.53
175.517 376.611 641.581 2936.48
175.619 871.523 4773.2 8789.03
175.716 871.518 4775.67 8791.01
175.817 871.546 4777.54 8792.39
175.98 871.488 4779.08 8792.96
176.021 871.459 4780.49 8793.21
176.177 871.438 4782.09 8793.97
176.224 871.324 4785.1 8795.43
176.325 871.266 4787.09 8796.68
176.431 871.276 4787.65 8796.92
176.526 871.381 4787.92 8797.85
176.833 871.513 4788.03 8798.67
176.859 871.708 4788.41 8800.2
176.933 871.934 4788.79 8801.79
176.96 872.169 4789.7 8803.97
177.084 872.348 4790.23 8805.52
177.136 872.555 4790.77 8807.27
177.285 872.829 4790.07 8808.29
177.343 873.129 4790.39 8810.15
177.439 873.422 4792.75 8813.03
177.542 873.65 4796.19 8816.35
177.694 873.797 4799.89 8819.06
177.944 873.94 4804.24 8822.16
177.974 874.112 4808.23 8824.71
178.014 874.253 4813.49 8827.76
178.103 874.439 4820.04 8832
178.159 874.64 4827.31 8836.31
178.246 874.918 4831.74 8838.68
178.347 875.174 4835.86 8840.07
178.447 875.368 4843.45 8843.68
178.65 875.487 4853.13 8848.16
178.68 875.519 4863.34 8851.74
178.756 875.491 4875 8855.93
178.851 875.411 4887.99 8860.39
178.963 875.283 4901.9 8864.76
179.072 875.193 4914.94 8867.55
179.163 875.074 4928.27 8870.77
179.263 875.128 4936.02 8869.5
179.372 874.912 4951.49 8872.72
179.797 874.475 4971.14 8877.29
179.831 873.956 4992.12 8881.86
179.856 873.391 5013.31 8886.13
179.891 872.853 5032.82 8888.14
179.957 872.131 5055.7 8892.34
180.002 872.726 5052.65 8787.08
180.099 872.128 5069.36 8786.1
180.315 649.109 1114.17 4007.71
180.348 649.221 1114.04 4007.59
180.397 649.305 1114.05 4007.41
180.498 649.337 1114.15 4007.16
180.599 649.329 1114.16 4006.87
180.704 317.466 1188.8 2576.98
180.806 254.035 1911.11 3371.49
180.902 651.242 1111.41 4120.95
181.009 651.016 1111.54 4120.33
181.103 650.766 1111.68 4119.68
181.208 648.228 1115.62 4004.27
181.305 475.616 965.453 3266.7
181.414 474.042 967.344 3265.55
181.561 453.619 962.716 3047.15
181.663 252.771 1601.82 2921.63
181.808 352.143 661.609 868.908
181.844 364.966 623.826 844.341
181.933 328.387 1823.64 2054.68
182.074 447.768 983.592 3058.73
182.26 540.422 280.606 1802.11
182.358 534.601 278.755 1733.47
182.463 527.743 276.697 1664.44
182.565 527.511 276.6 1663.67
182.666 527.595 276.517 1663.19
182.867 526.813 276.144 1661.3
182.897 525.786 275.644 1658.6
183.028 524.365 274.986 1655.02
183.072 522.487 274.141 1650.43
183.169 508.049 262.298 1565.68
183.271 504.553 260.02 1558.76
183.376 500.83 257.459 1550.91
183.472 496.137 253.795 1541.73
183.578 379.568 58.3453 881.643
183.681 379.343 57.7452 878.317
183.78 376.873 51.225 806.237
183.935 370.741 11.1041 523.152
183.979 370.284 10.9044 459.518
184.09 370.142 10.8363 458.988
184.279 2535.79 6827.82 26947.5
184.307 2422.95 6593 26265.6
184.39 2317.12 6367.44 25592.5
184.538 2216.93 6156.18 24961.3
184.586 2125.75 5962.32 24368.7
184.681 2042.91 5784.04 23820.3
184.886 1934.02 5488.13 22239
184.984 1866.34 5339.37 21785.6
185.009 1805.86 5205.8 21372.6
185.086 1752.26 5087.65 20999.5
185.184 1705.72 4985.08 20668.5
185.289 1665.82 4896.42 20379.4
185.397 389.181 113.739 696.624
185.487 368.521 1226.61 2103.66
185.588 366.56 10.1176 452.798
185.69 360.864 1281.54 2149.57
185.79 366.229 10.132 509.864
185.893 365.917 10.1171 509.657
185.999 365.606 10.1051 509.489
186.096 221.245 221.245 2940.91
186.198 369.394 43.7403 747.433
186.305 359.114 1648.74 2569.97
186.4 373.165 44.4742 882.304
186.494 372.929 44.4336 882.144
186.595 372.716 44.3986 881.96
186.696 372.528 44.3679 881.733
186.799 372.366 44.3307 881.533
187.201 372.231 44.2878 881.388
187.222 372.126 44.2429 881.282
187.249 372.051 44.2023 881.197
187.27 369.356 44.1408 807.057
187.305 369.341 44.0922 806.968
187.408 369.36 44.0419 806.915
187.512 367.841 43.6208 745.788
187.613 367.948 43.5548 745.867
187.722 362.232 1282.09 2731.57
187.813 373.321 44.0656 943.02
187.965 373.609 44.0931 943.304
188.063 373.911 44.1306 943.611
188.165 374.244 44.1978 944.008
188.221 374.502 44.2064 944.128
188.318 374.736 44.1975 944.287
188.414 374.931 44.1548 944.308
188.566 375.094 44.0864 944.284
188.667 375.232 43.9924 944.147
188.714 375.36 43.9431 944.075
188.936 582.125 263.636 1394.15
188.967 376.682 46.8396 1099.88
189.033 357.219 1226.36 3325.64
189.272 339.196 654.292 1027.38
189.375 352.488 806.161 2541.74
189.466 406.645 558.644 2556.76
189.573 406.712 558.909 2557.31
189.668 406.8 559.121 2557.78
189.87 406.905 559.291 2558.12
190.139 407.048 559.451 2558.58
190.162 407.183 559.548 2558.91
190.186 407.33 559.619 2559.26
190.28 407.486 559.602 2559.05
190.432 407.588 559.448 2558.8
190.451 407.69 559.354 2558.88
190.481 407.788 559.318 2558.81
190.632 407.875 559.305 2558.77
190.678 407.95 559.325 2558.95
190.838 408.001 559.335 2558.9
190.88 408.038 559.362 2558.93
190.98 408.046 559.404 2558.91
191.081 408.033 559.466 2558.9
191.181 408.012 559.546 2558.89
191.283 407.974 559.647 2558.9
191.384 407.917 559.777 2558.89
191.586 407.835 559.912 2558.94
191.608 407.736 560.064 2558.87
191.687 407.617 560.198 2558.72
191.792 407.484 560.299 2558.63
191.892 407.326 560.445 2558.59
192.003 407.149 560.632 2558.36
192.103 406.939 560.838 2558.12
192.206 406.699 561.072 2558.01
192.303 405.93 560.277 2458.07
192.402 405.635 560.555 2457.93
192.5 405.323 560.825 2457.89
192.596 404.99 561.155 2457.71
192.695 404.639 561.433 2457.41
192.796 404.268 561.701 2457.17
192.962 403.868 562.089 2457.11
193.008 403.443 562.58 2457.09
193.153 402.98 563.118 2457.1
193.209 402.474 563.706 2457.17
193.355 401.926 564.375 2457.35
193.407 401.343 565.056 2457.35
193.56 400.725 565.828 2457.5
193.607 400.079 566.693 2457.63
193.807 399.408 567.497 2457.61
193.825 398.707 568.269 2457.67
193.969 317.726 4266.47 5366.69
194.057 687.672 6633.88 7630.3
194.118 337.123 2229.32 2466.92
194.218 305.962 4764.14 4764.14
194.319 1072.28 7554.25 8298.05
194.412 1072.16 7536.3 8285.6
194.522 1072.14 7517.8 8274.5
194.772 1072.16 7498.03 8261.68
194.796 1072.12 7477.91 8249.63
194.824 1072.11 7456.65 8237.29
194.925 312.539 950.845 2069.31
195.028 1077.75 7461.07 8309.78
195.179 1078.07 7436.49 8303.27
195.269 1074.79 7388.59 8227.02
195.33 1075.45 7363.6 8221.8
195.478 1076.3 7336.97 8215.09
195.528 1077.32 7309.39 8209.21
195.629 1072.44 7237.8 8104.51
195.739 347.144 943.879 1217.49
195.884 1075.27 7181.9 8090.6
195.936 345.956 605.428 780.991
196.037 1084 7225.48 8245.01
196.276 467.613 181.874 1091.73
196.396 1093.75 7259.58 8374.8
196.505 342.321 570.404 777.599
196.597 1095.2 7230.51 8304.22
196.704 1092.5 7237.32 8313.14
196.804 1089.68 7248.82 8325.5
196.954 1087.46 7266.84 8346.14
197.009 1086.84 7300.33 8379.91
197.214 1087.03 7351.9 8432.77
197.242 1088.14 7425.62 8508.04
197.313 1090.08 7519.76 8609.25
197.408 1093.22 7641.05 8744.9
197.511 1097.83 7792.1 8914.42
197.61 1103.73 7971.57 9121.2
197.715 1110.42 8181.93 9374.01
197.814 1117.74 8424.11 9674.5
197.917 1126.74 8710.37 10051.5
198.214 1138.15 9047.56 10510.4
198.242 357.778 1703.02 3163.88
198.325 319.549 1136.01 2160.05
198.359 1958.94 11607.6 13337.9
198.422 1183.9 10999.3 13520.9
198.572 1164.21 11510.2 11510.2
198.619 1179.02 12293.3 12293.3
198.722 1194.35 13143 13143
198.823 1210.43 14079.6 14079.6
198.934 366.345 1076.04 1178.5
199.125 395.29 230.559 1497.64
199.149 340.561 5296.9 5658.77
199.223 393.489 226.611 1477.6
199.327 375.388 36.0781 1006.39
199.487 374.262 33.9866 868.236
199.537 370.633 31.9747 692.711
199.682 366.198 8.99465 493.689
199.78 365.861 8.97682 493.487
199.835 365.938 1108.03 1873.01
199.936 364.91 8.91922 442.841
200.032 364.542 8.913 442.772
200.14 364.169 8.9089 442.713
200.235 363.797 8.90621 442.663
200.344 362.971 1677.8 2530.31
200.439 360.059 1747.65 2611.2
200.546 354.625 1569.68 2390.1
200.691 364.499 9.2716 663.532
200.898 364.219 9.27294 663.505
200.926 363.968 9.27389 663.446
200.953 363.748 9.27584 663.471
201.047 363.562 9.27633 663.376
201.145 362.532 8.92549 597.548
201.252 362.402 8.92613 597.586
201.349 362.307 8.92655 597.609
201.445 362.251 8.92692 597.613
201.554 361.62 8.92136 542.393
201.7 361.363 8.91307 492.392
201.755 349.083 1530.88 3074.77
201.899 363.182 8.92594 597.544
202.004 362.86 8.9203 542.471
202.096 363.123 8.92164 542.548
202.257 363.094 8.91598 492.937
202.318 342.317 659.811 787.385
202.359 363.491 8.92003 492.945
202.458 363.421 8.91331 442.6
202.614 337.706 718.35 1691.58
202.664 363.911 8.91999 492.752
202.752 364.013 8.91996 492.686
202.861 365.03 1456.9 3474.26
202.961 364.572 8.92769 542.425
203.068 364.386 8.91985 492.496
203.167 364.655 33.4414 553.414
203.413 364.87 8.92844 542.401
203.508 364.481 8.91459 442.344
203.611 354.65 791.215 3299.96
203.719 370.945 599.211 2727.55
203.827 367.324 9.34705 717.782
203.962 367.439 9.347 717.78
204.115 367.55 9.3469 717.787
204.133 367.656 9.34669 717.753
204.274 367.757 9.34649 717.727
204.32 367.565 9.27501 663.203
204.425 366.71 8.93435 597.345
204.524 366.78 8.93427 597.348
204.673 366.847 8.93423 597.341
204.823 366.911 8.93429 597.328
204.842 366.972 8.93435 597.322
204.936 367.031 8.93447 597.33
205.036 367.086 8.93451 597.31
205.183 367.139 8.9346 597.287
205.234 367.19 8.93473 597.275
205.334 367.238 8.9348 597.263
205.43 367.283 8.93483 597.258
205.58 367.327 8.93479 597.248
205.633 367.367 8.93467 597.24
205.735 367.406 8.9346 597.208
205.839 367.443 8.93452 597.196
205.937 367.478 8.93443 597.175
206.24 366.877 8.92818 542.228
206.255 366.907 8.92802 542.236
206.281 366.936 8.92791 542.218
206.401 366.963 8.92799 542.238
206.444 366.989 8.92803 542.22
206.54 366.714 8.91977 492.329
206.741 366.729 8.91996 492.332
206.797 366.744 8.92016 492.322
206.844 366.759 8.92041 492.322
207.004 366.774 8.9207 492.315
207.199 366.789 8.92088 492.323
207.546 366.803 8.92101 492.329
207.564 366.616 8.91342 442.12
207.588 366.629 8.91349 442.116
207.617 366.641 8.91353 442.107
207.646 366.653 8.91382 442.113
207.811 366.666 8.9138 442.115
207.831 261.545 8753.45 12656.1
207.855 366.898 8.92221 492.342
208.06 366.913 8.92231 492.338
208.087 366.928 8.92238 492.342
208.164 366.944 8.92254 492.37
208.266 366.96 8.92272 492.362
208.36 366.976 8.92272 492.347
208.456 366.992 8.92254 492.359
208.563 367.01 8.92239 492.364
208.764 244.21 4479.43 6405.72
208.815 367.97 8.93858 597.329
209.011 367.988 8.93845 597.339
209.034 263.472 3006.69 4837.96
209.065 295.585 549.855 1340.4
209.165 369.276 9.34653 717.836
209.265 369.294 9.34603 717.848
209.363 368.076 8.93714 597.363
209.465 367.17 8.9188 492.376
209.571 366.975 8.90799 442.159
209.673 259.869 3547.52 5387.1
209.773 367.188 8.91779 492.386
209.881 275.021 738.007 1683.39
209.983 255.311 3904.17 6070.66
210.225 262.767 939.138 1876.78
210.321 244.239 4904.11 7404.7
210.431 262.78 932.909 1872.11
210.592 261.055 913.999 1825.56
210.676 260.986 913.242 1827.23
210.775 260.855 909.921 1826.26
210.828 260.592 904.358 1822.1
210.93 260.366 897.832 1816.42
211.028 259.979 888.378 1807
211.131 259.683 878.096 1795.92
211.238 259.3 866.173 1782.71
211.334 258.924 853.717 1768.39
211.431 260.418 6163.17 7756.94
211.532 256.938 817.35 1732.31
211.637 366.388 8.69057 441.037
211.739 4975.66 17184.3 45533.3
211.836 4741.65 16369.6 44085.8
211.937 4499.29 15550.4 42592
212.257 3861.8 14757.7 39723.3
212.284 357.459 809.237 1604.95
212.308 3443.86 13711.3 37485.4
212.357 3028.36 11721 33066.4
212.453 2839.21 11110.3 31804.6
212.619 2517.77 9551.92 27801
212.853 257.983 9370.07 12233.5
212.872 2452.21 11331.6 30143.7
212.895 333.38 537.93 1155.3
212.964 2091.21 8298.77 24208.9
213.157 348.796 1241.02 2072.24
213.173 245.265 1495.13 2612.58
213.262 2073.23 8220.62 24179.9
213.36 366.504 1328.01 2173.69
213.46 1999.31 7875.71 23229.9
213.558 1958.37 7741.39 22923.3
213.66 235.978 7701.69 12028.2
213.762 236.163 7996.86 12204.4
213.859 2128.61 12687.1 30745.3
213.961 2108.04 12545 30494.1
214.068 2499.28 1836.33 2499.28
214.167 302.475 1402.59 3027.31
214.264 2999.29 12831.1 33141.8
214.37 252.299 2507.64 4820.96
214.479 3268.51 14137.9 36639.7
214.625 364.597 1361.97 1955.38
214.781 324.836 1193.24 1681.63
214.812 4639.95 18151.8 45943.4
215.151 4647.9 18194.4 46023.4
215.171 4660.86 18221.4 46102.8
215.2 4679.21 18242 46198.4
215.222 4700.01 18246.9 46288.2
215.294 4721.85 18252.2 46377.7
215.395 4739.73 18250.1 46433.4
215.551 4760.56 18200.1 46433.1
215.603 4739.09 17766.8 44853
215.7 4744.09 17729.8 44862.5
215.796 4423.24 14802.1 39142.5
216 4380.66 14277.2 37209
216.158 4397.88 14539.8 37414.8
216.215 4412.92 14804.3 37408.5
216.46 4422.65 15109.3 37600.6
216.481 4364.98 15202.5 36745
216.501 4359.68 15302.4 36714.3
216.519 4355.43 15319.4 36636.7
216.67 2748.32 1634.74 2748.32
216.71 5436.64 15412.6 38216.8
216.818 5443.46 15367.4 38183.5
216.914 424.189 208.868 972.305
217.284 335.903 576.29 1521.21
217.554 5661.64 15419.7 39597.1
217.572 351.629 555.669 1665.63
217.585 5811.36 15515.2 40617.1
217.636 5814.49 15518.7 40627.6
217.686 279.367 872.783 2434.95
217.794 356.451 902.138 3501.86
217.898 215.302 1839.5 4457.09
217.996 399.702 1928.8 3787.44
218.091 399.728 1929.19 3787.71
218.245 399.751 1929.76 3788.7
218.42 399.775 1930.21 3789.24
218.453 399.795 1930.55 3789.67
218.506 399.813 1930.65 3789.45
218.603 399.825 1931.14 3790.31
218.7 399.838 1931.42 3790.47
218.8 399.842 1931.19 3789.74
218.899 399.846 1930.64 3788.48
219.002 399.852 1930.03 3787.01
219.101 399.863 1929.47 3785.64
219.204 399.881 1928.78 3783.88
219.353 399.902 1927.88 3781.77
219.409 399.926 1927.21 3780.4
219.502 399.954 1926.67 3779.41
219.758 399.988 1925.95 3778
219.774 400.032 1925.44 3777.21
219.808 400.081 1924.8 3775.95
219.906 400.141 1924.21 3775.14
220.059 400.219 1923.82 3774.89
220.16 400.314 1923.52 3774.91
220.211 400.422 1923.04 3774.38
220.311 400.541 1922.78 3774.78
220.465 400.668 1922.36 3774.89
220.563 400.812 1921.69 3774.06
220.669 400.967 1921.34 3774.23
220.713 401.13 1921.26 3775.2
220.816 401.302 1921.24 3776.2
220.916 386.76 1897.26 3724.29
221.064 365.075 7.94938 434.555
221.177 365.098 7.94982 434.559
221.226 365.121 7.95034 434.571
221.379 365.142 7.95089 434.579
221.422 365.162 7.95153 434.585
221.621 365.181 7.9522 434.591
221.641 365.2 7.95289 434.599
221.781 365.217 7.95354 434.607
221.884 243.76 5448.95 7445.85
221.927 389.078 1897.36 3736.36
222.126 389.33 1897.39 3737.97
222.152 306.399 1873.3 3414.54
222.23 404.81 1919.72 3794.23
222.385 405.093 1919.38 3795.61
222.442 390.376 1896.36 3742.07
222.535 271.009 1073.45 2094.73
222.687 390.838 1896.11 3744.43
222.787 391.045 1896.01 3745.35
222.845 307.324 1112.59 2199.02
222.933 365.258 7.96058 434.696
223.04 286.201 510 1224.43
223.455 252.374 3782.94 5607.96
223.485 292.876 1454.27 2791.15
223.511 448.428 2484.83 5083.86
223.536 407.109 1920.17 3811.08
223.567 407.117 1920.55 3811.83
223.713 407.071 1921.21 3813
223.758 406.966 1922.14 3814.32
223.861 391.696 1895.83 3753.27
223.952 391.479 1895.98 3753.08
224.052 391.184 1896.37 3752.75
224.154 390.798 1897.03 3752.09
224.254 390.316 1897.98 3751.27
224.365 415.083 218.466 1024.6
224.464 244.85 4888.89 6569.5
224.562 439.279 2514.63 5090.93
224.67 439.433 2512.2 5090.13
224.76 439.665 2508.57 5089.77
225.062 388.944 1901 3756.05
225.113 1356.55 221.885 2391.29
225.212 404.084 1923.81 3808.16
225.423 404.021 1918.51 3796.11
225.443 403.907 1911.75 3781.23
225.516 403.767 1902 3759.1
225.619 403.588 1890.48 3736.25
225.725 403.364 1876 3707.34
225.821 403.077 1859.27 3676.24
225.929 402.748 1836.44 3626.08
226.02 402.261 1808.43 3569.3
226.122 401.58 1775.1 3505.9
226.32 400.744 1733.21 3422.42
226.344 399.756 1686.74 3332.93
226.43 398.659 1636.01 3235.9
226.626 397.47 1582.48 3134.91
226.683 396.224 1526.56 3028.42
226.727 394.951 1470.5 2923.91
226.887 393.673 1415.02 2820.51
227.037 381.384 1225.53 2669.71
227.116 255.072 10984.1 13272.7
227.211 379.815 1139.3 2495.67
227.265 379.036 1100.39 2415.72
227.361 378.3 1065.02 2341.71
227.465 377.642 1031.54 2273.64
227.565 362.966 7.34772 429.924
227.665 4133.16 11479.3 36279.6
227.766 277.788 5833.11 7833
227.867 3898.09 12150.9 37427.9
227.969 351.803 1607.34 2498.44
228.119 3785.06 11704.7 36522.9
228.273 3688.81 11438.5 35909.4
228.295 240.5 10451.3 14993
228.372 360.867 7.19326 428.483
228.468 3862.98 15913.9 43988.1
228.926 3814.49 15678.6 43535.9
228.954 358.879 1438.5 2085.51
229.034 214.84 214.84 3877.07
229.283 359.547 7.16847 428.209
229.486 359.09 7.16661 428.159
229.506 336.799 1033.55 1576.37
229.535 344.095 1156.01 1657.9
229.554 377.433 877.318 1886.62
229.578 377.31 876.169 1884.81
229.598 377.219 875.017 1882.82
229.683 377.147 874.255 1881.71
229.71 364.257 2697.92 3071.79
230.038 303.652 4413.81 6087.06
230.142 303.375 4393.05 6068.39
230.162 359.498 7.17179 551.473
230.186 359.582 7.172 551.493
230.244 359.318 7.16893 507.837
230.294 359.553 7.16834 507.835
230.397 359.555 7.15816 428.04
230.495 359.927 7.15547 428.065
230.593 6761.91 15456.9 48134.4
230.797 5670.6 13134.3 41814.9
230.851 5705.88 12923.6 40912.9
230.94 5719.08 12829.1 40523
231.044 5485.18 12834.8 39887
231.251 3911.49 11129.7 35912.6
231.268 345.526 1859.32 3662.04
231.398 4330.72 12671.6 41186.9
231.412 4329.99 12669.8 41164.3
231.548 4329.47 12658.3 41146.1
231.599 327.249 731.422 1687.09
231.959 403.425 270.569 1061.61
231.981 4358.51 12725.4 42843.3
232.207 366.566 988.186 2669.61
232.224 4413.52 13104.2 44697.3
232.243 4408.04 13091.6 44666.8
232.262 4399.91 13077.4 44638.8
232.364 312.492 774.582 2588.68
232.562 4434.96 12384 43053.6
232.577 4422.85 12359.9 42990.7
232.607 4408.88 12332.4 42918.8
232.707 4393.98 12303.9 42841.8
232.864 4377 12271.9 42757.8
232.974 4358.77 12237.3 42658.3
233.068 4339.1 12201.3 42557.4
233.166 4318.15 12161.7 42448.2
233.319 4293.86 12115.5 42313.3
233.333 4267.39 12065.8 42172.6
233.415 4237.43 12010.1 42012.9
233.515 4205.87 11950.9 41837.7
233.671 4170.12 11884.1 41643.6
233.773 4132.52 11813.6 41433.7
233.872 4091.66 11738.1 41211.4
233.925 4049.25 11659.8 40976.1
234.028 3835.62 10557.8 37605.1
234.381 3792.17 10479.2 37367.3
234.396 3744.22 10392.3 37104.1
234.414 3692.92 10300.4 36823.2
234.631 3638.05 10202 36527.1
234.684 3580.58 10098.2 36211.7
234.698 3520 9988.35 35879.7
234.779 3457.22 9874.42 35530.4
234.838 3221.08 9473.82 33615.7
234.935 3158.52 9357.84 33261.8
235.032 3088.91 9236.5 32588.5
235.188 3023.64 9110.54 32204.7
235.241 2953.16 8973.54 31790.6
235.338 2879.65 8829.38 31353.7
235.438 2803.52 8679.05 30904.6
235.589 2725.73 8523.15 30432.3
235.643 2636.46 8258.29 29082.6
235.789 2558.48 8098.89 28608
235.893 365.914 1309.92 2238.2
235.948 242.859 3641.68 5147.26
236.095 3486.12 9087.77 32780.6
236.204 236.854 4181.61 5633.8
236.313 363.229 1486.34 2485.16
236.355 6103.28 10272.4 39920.1
236.45 5818.22 10063.8 39037.8
236.686 367.064 1225.2 2047.92
236.786 5500.88 9981.76 39057
236.89 281.261 574.666 1117.15
236.992 5350 9618.56 38319.6
237.094 5255.86 9410.03 37147.5
237.193 5258.59 9411.75 37148.8
237.396 5227.14 9410.45 36614.3
237.415 260.738 1235.99 2350.9
237.53 5642.5 9612.6 38176.9
237.643 366.036 1222.45 1726.47
237.887 5918.74 10019.9 39786.7
237.972 246.766 2449.39 5128.23
238.011 7466.62 13094.3 47747.2
238.123 7525.61 13171.3 47967.9
238.212 7578.72 13240.2 48167
238.321 7627.04 13302.5 48348.1
238.42 7570.21 13229.8 47434.2
238.515 7609.77 13285 47584.5
238.966 7642.25 13329.1 47707.4
238.997 7669.58 13365.7 47812.4
239.075 7690.82 13393.4 47894.5
239.106 7706.48 13413.8 47957.1
239.138 7716.18 13426.1 47997.9
239.191 7722.04 13432.6 48027.2
239.281 7722.39 13429.1 48034.6
239.339 7717.29 13418 48022.3
239.436 7710.93 13407.2 48008
239.533 7701.54 13395.9 47987.3
239.661 7687.74 13373.7 47944.4
239.742 7672.91 13347.5 47897.7
239.891 7656.32 13319.2 47846.9
239.943 7613.74 13249.3 47019.9
240.094 7597.03 13216.3 46961.5
240.14 7577.7 13180.3 46894.8
240.293 7558.52 13145.3 46830.7
240.347 7538.28 13108.6 46761.3
240.438 7520.31 13079.2 46703.6
240.537 7500.03 13054.7 46648.9
240.642 7481.48 13027 46593.5
240.804 7465.77 12996.4 46540.9
240.853 7451.47 12964.7 46488.9
240.945 7435.05 12931.4 46433.6
241.047 7420.75 12899.5 46382.1
241.149 7405.87 12870.4 46335.7
241.247 7390.28 12838 46284
241.344 7378.82 12807.9 46244.2
241.454 7368.17 12780.6 46209
241.544 7355.37 12762.9 46182.2
241.651 230.509 6817.78 8784.81
241.799 7879.62 17335 53395.4
241.906 7766.7 17025.1 53367.3
241.951 7758.39 16970 53346
242.113 315.187 2245.24 3837.36
242.257 8844.87 15203.1 51909.9
242.357 8844.72 15153 51921.1
242.375 245.299 2815.44 4091.76
242.454 8841.1 15061.3 51949.5
242.56 295.832 806.977 1740
242.665 277.585 579.964 1321.84
242.763 9102.77 15160.8 54463.5
242.917 9181.02 15152.2 54625.6
243.024 230.141 7724.47 9425.79
243.073 399.843 206.502 908.009
243.305 8318.76 20561.3 61393.7
243.414 8340.41 20519.7 61361
243.51 8337.72 20499.7 61322.6
243.61 7818.52 20428.1 59199.4
243.713 7779.27 20388.1 59070.5
243.867 7721.14 20261.2 58805.4
243.917 239.042 6446.73 10348.3
244.016 7704.13 25709.4 66952
244.114 7578.03 25165 66091.2
244.215 7431.06 24512.1 65059.5
244.587 7265.21 23752.7 63865
244.63 7084.5 22923.9 62547.5
244.674 264.181 9771.53 11255.4
244.976 6687.1 25499.9 67463.5
245.024 6485.56 24354.6 65637.2
245.062 6262.21 23123.3 63632.2
245.185 6021.31 21854.7 61495
245.284 5739.11 20593.9 58535.8
245.317 5495.42 19440.2 56456.7
245.347 5184.94 18343.6 53465.7
245.381 4880.22 15065.9 46431.5
245.478 4647.13 14292.5 44826.6
245.581 4429.27 13591.2 43328.3
245.678 4134.48 12268.7 39300.1
245.792 3760.12 9721.72 33829.6
245.888 3236.03 7386.11 28313.8
246.044 359.081 2564.4 3880.52
246.095 2620.38 6399.58 25118.3
246.334 2536.15 6073.47 24720.1
246.377 352.243 2581.29 3728.82
246.463 2595.86 6338.1 25934.6
246.648 2541.67 6268.78 25657.5
246.872 2460.61 6095.04 24630.6
246.908 2423.8 6047.48 24438.9
246.946 2393.94 6009.83 24282
247.001 2369.3 5977.96 24150.7
247.191 2349.12 5952.8 24043.6
247.254 362.274 2193.79 2890.03
247.349 352.41 2420.3 3216.74
247.388 4953.46 4064.9 4953.46
247.486 3605.46 9702.66 33643.1
247.588 3586.09 9675.53 33556.1
247.681 3542.73 9585.74 32727.7
247.796 228.864 5297.31 7617.72
247.885 4834.16 14780.4 44694.5
247.984 4827.72 14803.7 44713.7
248.092 4816.79 14570.5 44755.7
248.237 4813.96 14583 44619
248.286 4836.68 14641.5 44791.3
248.386 4871.36 14714 45040.7
248.49 4406.74 13581.8 42039.4
248.587 4453.79 13648.8 42373
248.69 3316.43 11227.8 37112
248.84 3360.2 11287.5 37370.5
248.888 3395.77 11307.5 37556
249.001 3417.15 11316.3 37677.2
249.363 3424.29 11310.6 37744.3
249.389 366.019 88.5283 643.707
249.408 3454.19 11269.4 38090.5
249.433 302 1951.6 3170.46
249.51 4662.09 12326.3 42044.7
249.618 4636.48 12275.7 41930.1
249.818 357.56 1069.2 2415.64
249.881 4757.33 12486.4 43233.3
249.963 4733.86 12440.3 43134.1
250.08 4712.17 12397.5 43036.6
250.186 4689.91 12354.7 42928.8
250.221 268.942 1105.15 2745.75
250.32 5134.72 12619.5 44634.5
250.429 5105.94 12569.1 44501.9
250.53 5074.82 12515.5 44358.7
250.647 5042.7 12460.9 44212.2
250.884 5009.3 12403.4 44046.9
251.04 4977.74 12352.4 43904.8
251.09 4948.1 12304.2 43768.4
251.191 4918.73 12255.5 43630.1
251.295 4891.1 12209.6 43497.5
251.449 4864.56 12165.6 43371.7
251.507 4840.3 12124.9 43253.6
251.621 4817.62 12087.2 43147.5
251.766 4796.55 12051.4 43044.5
252.022 4776.82 12017.9 42948.2
252.22 4758.62 11986.2 42857.9
252.247 4741.36 11956.4 42772.7
252.281 4724.35 11926.9 42690.7
252.312 4708.06 11898.6 42609.3
252.447 4692.57 11872 42531.9
252.805 4678.39 11847.7 42460.7
252.845 4664.91 11824.4 42393.3
253.035 4651.94 11802.4 42329.6
253.292 4639.28 11780.4 42263.9
253.432 4613.62 11735.8 42123.7
253.454 4617.83 11743.6 42153.9
253.481 4605.98 11724.1 42095.7
253.504 4594.3 11704.4 42036.1
253.525 4583.91 11686.8 41983.3
253.552 4573.96 11671 41935.9
253.578 4563.58 11653.8 41881.2
253.634 4555.63 11641.8 41840.6
253.731 4548.25 11630.5 41802.3
253.828 4540.81 11619.7 41768
253.933 4532.72 11607.5 41725.5
254.231 4527.21 11600.9 41699.6
254.253 4520.92 11593.2 41671
254.388 4515.4 11586 41644.2
254.418 4509.72 11578.6 41616.1
254.459 4504.99 11574.3 41595.6
254.796 4501.94 11572.7 41581.4
254.833 4498.42 11570.8 41569.2
254.885 4494.77 11569.1 41554.4
254.957 4490.14 11566.2 41539.1
255.017 4485.51 11564 41521.2
255.099 4479.96 11560.3 41499.3
255.192 4474.11 11557.3 41475.7
255.352 4468.5 11554.1 41453.2
255.394 4462.42 11551 41433.3
255.494 4456.04 11547.9 41410.2
255.594 362.966 1075.45 2322.72
255.696 294.003 1028.69 1940.94
255.794 276.123 1077.81 2086.36
255.949 246.44 1704.46 2505.43
256.004 6723.1 12458.6 49805.7
256.201 6712.69 12457 49779.6
256.224 275.769 4717.05 6535.55
256.299 7760.66 14736.9 54859.2
256.401 7753.3 14737.6 54827.5
256.551 6673.6 12454 49687
256.603 6663.93 12457.9 49673
256.757 269.865 897.672 1747.49
256.85 6982.32 12481.2 50620.4
257.067 398.317 213.39 891.018
257.09 6981.66 12517.6 50900.3
257.164 361.861 479.839 1287.1
257.209 6534.62 12441.7 50393.6
257.366 6520.6 12451.3 50381.5
257.457 6479.22 12303.7 50270.7
257.513 6465.16 12316.1 50268.5
257.611 6449.03 12331.5 50266.9
257.714 6086.29 12344 49350.8
257.814 4305.82 11359 43950.6
257.911 4300.25 11374.6 43968.4
258.018 4290.8 11348.5 43695.1
258.117 266.391 2029.04 3179.22
258.366 4967.33 11763.1 45675.7
258.468 398.394 216.173 922.604
258.568 4296.63 11325.5 44104.4
258.672 4292.55 11325.7 44093.3
258.828 4281 11315.2 44059.2
258.874 4258.87 11283.5 43965.7
258.979 313.22 948.153 2454.21
259.076 4553.71 11343.4 44942.6
259.228 4492.42 11220.7 44594.5
259.279 4417.27 11083.7 44189.8
259.379 4329.96 10926.5 43712.7
259.479 4222.7 10723.1 43084.1
259.632 4086.69 10451.7 41687.6
259.68 3932.58 10173.6 40825.2
259.786 3764.09 9867.05 39880.9
259.884 3581.42 9450.38 38746
259.981 3108.57 8979.16 36309.4
260.086 2830.03 8557.86 34279.1
260.24 1130.27 228.001 1763.88
260.291 3110.9 8017.62 33471.6
260.392 2784.33 7693.75 31733.6
260.486 2626.96 7442.73 30568.3
260.588 2506.29 7210.81 29776.5
260.699 218.568 2463.2 3340.08
260.847 2591.44 7079.76 29844
260.944 2476.58 6884.67 28875.7
260.994 2378.75 6708.41 28245.9
261.094 2291.6 6551.21 27672.5
261.192 2214.85 6412.11 27159.2
261.295 333.476 1305.24 1912.38
261.395 2266.39 6350.43 27210.7
261.498 1951.62 5808.89 24345.6
261.595 1912.07 5735.01 24070.4
261.749 1878.04 5671.25 23831.5
261.998 1756.17 5597.08 23048.3
262.015 1734.07 5554.39 22885
262.148 1680.91 5112.8 21405.1
262.165 1666.72 5088.07 21305.2
262.208 1654.33 5064.33 21038.7
262.3 1610.05 5038.96 20546.8
262.401 1603.61 5029.2 20503.6
262.502 355.21 1723.48 2328.1
262.608 327.443 1750.54 2212.44
262.714 345.628 1827.86 2410.67
262.81 3125.63 7838.18 28813.9
263.007 3121.08 7838.7 28805.1
263.112 3117.94 7843.86 28808.3
263.13 3117.28 7853.96 28826.9
263.214 3113.41 7843.01 28690
263.315 3117.66 7856.39 28727
263.414 3121.23 7862.94 28756.9
263.515 3128.41 7870.9 28805
263.615 3131.03 7820.51 28710.4
263.887 3138.01 7782.6 28700.7
263.908 2380.63 7084.21 25639.6
263.979 2384.27 7051.42 25631.6
264.234 2384.16 6994.59 25515
264.249 2390.4 6991.06 25538
264.269 2397.57 7003.06 25577.3
264.538 2403.94 7021.13 25616.9
264.557 2408.55 7035.72 25644.9
264.797 2412.09 7044.74 25662.4
264.999 2414.73 7048.72 25672.3
265.032 2417.63 7053.24 25689.9
265.132 358.231 1450.54 3107.06
265.171 2710.68 7856.17 27955.9
265.262 2714.88 7863.9 27987.5
265.293 2716.85 7866.55 28004.4
265.325 2718.54 7868.32 28019.3
265.363 350.258 876.873 2614.17
265.471 353.472 891.253 3055.64
265.586 344.674 697.653 2733.92
265.867 217.796 2019.9 5387.76
266.057 4996.08 11754.8 38993.7
266.276 4979.91 11728.2 38944.9
266.302 4958.22 11692.8 38871.4
266.323 4932.97 11652.4 38784.6
266.354 4904.72 11607.8 38682.6
266.38 4872.99 11557.6 38574.4
266.559 4832.91 11494.5 38433.5
266.752 4793.8 11440.6 38296.8
266.813 4760.42 11394.5 38178.1
266.855 4733.44 11356.5 38084.6
266.953 4714.62 11329.9 38012.3
267.104 4703.02 11313.8 37968.9
267.228 4697.1 11305.8 37948.3
267.269 4696.62 11305.5 37945.1
267.386 4699.05 11309.3 37951.8
267.458 4705.03 11319 37980.3
267.571 4713.05 11331.1 38010.7
267.718 4722.71 11345 38051.1
267.814 4731.97 11358.4 38087
268.019 4738.48 11367.7 38115.7
268.07 4743.85 11374.6 38140.3
268.086 4747.42 11378.7 38158.2
268.173 4748.86 11379.7 38169.2
268.366 4749.43 11380 38175.3
268.382 4749.43 11379.6 38181
268.469 4748.82 11378 38182
268.568 4747.5 11375.1 38177.6
268.723 4746.14 11372.5 38177.3
268.778 4744.67 11369.9 38174
268.924 4742.86 11367.7 38171.2
269.023 4741.1 11365.4 38169.2
269.075 4739 11362.2 38165.5
269.178 4736.38 11357.9 38157.3
269.277 4732.81 11352.2 38147.6
269.375 4729.27 11346.9 38141.9
269.479 4726.04 11341.7 38128.9
269.579 4721.94 11335.2 38116.5
269.678 4717.97 11329.7 38107.8
269.778 4713.96 11323.8 38096.5
269.879 4711.4 11321.4 38093.3
269.98 4708.21 11317.3 38084.2
270.133 4705.16 11313.1 38078.2
270.34 4696.33 11298.8 37812.2
270.355 4692.96 11293.8 37804.7
270.391 4690.26 11290.3 37801.3
270.485 4687.94 11287.5 37804.4
270.587 4686.14 11285.7 37806.6
270.687 4685.18 11285.4 37812.1
270.786 4684.38 11285.1 37818.1
270.892 237.609 4651.88 5703.27
270.991 5635.69 13648.2 42645.9
271.093 5634.32 13643.3 42658.3
271.193 227.537 6382 7272.33
271.551 6187.4 17448 48888.2
271.567 6188.18 17431.6 48926.2
271.588 6189.72 17416.5 48969.6
271.608 6191.62 17400.4 49017.1
271.702 6193 17387.3 49063.1
271.806 272.641 4821.48 6706.16
272.202 6522.77 20204.4 54652.7
272.365 6524.84 20196.6 54724.5
272.391 263.651 3820.13 5161.63
272.415 253.238 2116.73 4150.81
272.458 316.039 1074.14 2013.97
272.576 6752.65 19193.8 55291.2
272.628 278.237 1365.81 2453.5
272.735 359.762 527.976 1362.07
272.932 8238.36 19588.3 59395.9
273.028 8148.63 19576.4 58831.2
273.13 8103.11 19575.7 58599.8
273.285 8057.81 19543.8 58424.5
273.433 8018 19422.9 58193.1
273.462 7966.95 19229.3 57856.1
273.532 231.531 16410.3 22669.4
273.634 367.373 1266.11 3453.77
273.735 8782.33 36489.6 83005.5
273.832 8555.16 35238.9 80926.8
273.986 8366.49 33960 79185.7
274.035 8139.31 32555.4 77194.4
274.131 7414.52 19711.5 59367.9
274.235 7115.85 18905.6 57787
274.334 6493.78 18052.7 53749.9
274.483 6176.1 17214.1 51999.5
274.59 5857.99 16388.2 50220.1
274.646 5547.51 15578.8 48445
274.734 5248.72 14801.9 46698.3
274.941 4959.43 14050.2 44999.9
274.963 4274.37 12942.8 40500.7
275.152 3848.37 10662.3 35325.5
275.173 3283.15 10147.7 33374.9
275.251 2938.84 9513.55 30966.2
275.508 349.195 1446.31 2264.53
275.538 2182.36 8129.73 26446.8
275.565 2088.98 7863.2 25749.5
275.865 269.567 6451.71 8711.2
275.889 243.117 6896.64 9569.54
275.922 376.776 146.068 686.547
275.971 241.643 12346 16095.6
276.058 2101.89 10903.3 30459.3
276.264 2059.62 10731.7 30018.3
276.287 472.292 218.171 1071.42
276.419 383.269 100.518 614.484
276.514 2126.45 9525.36 27935.5
276.616 235.302 10953.8 17126.4
276.663 246.41 9314.09 14280.7
276.767 574.843 236.825 1400.07
276.918 3225.76 21545.2 48841.9
276.966 352.789 1973.04 2633.52
277.071 747.023 747.023 1283.97
277.22 251.491 8729 14311.8
277.268 248.875 9014.26 16693.6
277.368 4223.9 38124.1 75423.4
277.476 4220.71 38077.5 75678.5
277.58 4218.26 37980.5 75941.8
277.681 4219.79 37900 76251.9
277.829 4204.08 35290 71492.6
277.879 4215.08 35274 71685.8
277.976 4197.08 35288.3 71423.2
278.075 4216.51 35365.8 71677.5
278.228 4239.6 35430.2 71882.1
278.334 4187.11 30868.4 63461.1
278.426 4204.86 30843 61778.2
278.477 4234.08 31278.4 62062.9
278.579 4261.81 31671.6 62246.1
278.729 4288.74 32172.8 62313.4
278.784 286.59 2888.41 4085.19
278.938 5849.23 33219.4 64455.9
278.988 5576.54 25714 53477
279.085 5568.46 25721.1 53388.9
279.187 348.359 1557.02 2983.71
279.29 298.742 1199.94 2172.23
279.509 363.919 1595.29 3370.4
279.532 6631.88 20305 51035.1
279.614 301.995 1768.44 3144.73
279.828 6718.45 21035.7 53569.2
280.101 421.534 232.169 1026.39
280.119 6777.52 21132 54109.7
280.172 6781.62 21152.2 54133.3
280.267 6785.31 21171.5 54155.1
280.418 6789.14 21191.3 54178
280.468 260.544 4446.22 8783.28
280.57 7036.9 25714.9 61655.7
280.726 7041.31 25738.5 61687.4
280.979 7044.55 25759.1 61713.5
280.997 7046.81 25770.4 61731.4
281.033 7050.67 25792.8 61762.8
281.333 7054.12 25808 61789.4
281.483 7057.51 25813.1 61806.4
281.502 7062.26 25815.6 61826.2
281.524 7066.08 25821.3 61848.1
281.549 7070.85 25834.2 61878.7
281.584 7076.33 25854.5 61917
281.734 7082.46 25880.8 61960.7
281.835 7087.97 25906 62000.6
281.94 7093.68 25934.5 62042.9
282.043 7098.02 25958.4 62076.1
282.095 7101.57 25978.7 62102.3
282.293 7105.73 26001.7 62131.7
282.309 7109.59 26023.9 62158.5
282.402 7113.63 26041.1 62179.5
282.503 7117.68 26058.2 62199.8
282.597 7122.47 26081.5 62228.3
282.795 7126.99 26107.2 62257.6
282.814 7130.1 26133.1 62282
282.895 7133.6 26162.8 62308.8
282.994 7136.89 26191.3 62332.4
283.107 7139.15 26219.2 62350.9
283.297 7141.45 26247.8 62368.8
283.315 7143.57 26275.1 62382.9
283.406 7146.3 26293.6 62388.2
283.505 7148.28 26313 62392.9
283.71 7148.6 26333.5 62393.5
283.729 7148.67 26357 62394.1
283.805 7148.1 26390.8 62401
283.965 7147.51 26428.5 62408.9
284.004 7147.75 26470.1 62417.9
284.108 7147.87 26511.9 62425.5
284.205 7147.24 26558.5 62434.6
284.307 7147.24 26609.9 62447.6
284.414 7148.54 26649.7 62447.1
284.512 6633.91 18762.7 49438.4
284.612 6633.15 18775.2 49426.9
284.713 6629.13 18661.7 49263.6
284.818 6627.4 18680.4 49250.9
284.914 6626.51 18700.8 49242.8
285.018 6565.51 18402.8 47653.4
285.12 6461.18 17990.5 45873.4
285.215 5303.31 12807 38298.1
285.315 231.933 3671.53 4618.43
285.479 7720.13 13133.2 42003.4
285.574 7707.53 13141 41995.1
285.624 7694.59 13156.2 41991
285.725 7678.86 13173.4 41985.2
285.822 283.979 950.589 2083.11
285.927 8283.74 13283.4 43005.9
286.029 8225.61 13238.2 42856.3
286.126 238.053 4059.33 5302.27
286.224 7767.04 13130.8 42471.2
286.328 7682.96 13092.8 42126.7
286.427 7658.44 13066 42100.9
286.581 6971.38 12482.5 39784.4
286.63 6940.35 12451.2 39744.9
286.783 6910.1 12415.9 39705.7
286.931 353.492 713.102 1609.68
286.95 269.917 508.764 1147.21
287.039 279.348 543.029 1376.62
287.138 7384.51 12571.7 43732.2
287.234 5869.18 12341.6 40720.5
287.445 355.728 75.8407 586.839
287.541 240.692 4951.75 6183.14
287.556 6010.79 13871.8 41732.6
287.79 5985.08 13833.1 41547
287.891 6014.79 13806.1 41615.7
287.994 414.095 221.16 998.675
288.102 227.025 9573.5 11953.5
288.357 259.9 1457.52 2725.53
288.378 345.113 1418.94 3701.21
288.452 8361.59 21613.5 56646.6
288.508 8289.85 21409 56329.2
288.603 8179.67 21095.1 55844.8
288.756 8011.63 20601.4 55066.6
288.807 7803.16 19990.3 54081.3
288.909 7549.32 19261.2 52884.5
289.009 7260.78 18459.6 51517
289.272 6895.03 17976.7 50195.1
289.294 6254.9 17220.3 47768.7
289.472 5902.94 16435.6 45699.9
289.49 339.223 1085.61 1858.79
289.521 249.897 13420.4 13674.5
289.613 5638.71 17438.1 48020.5
289.712 248.394 8071.27 9347.76
289.874 5266.2 17525.4 48541.5
289.919 4987.44 16407.6 46499.8
290.013 4727.52 15427.3 44630.5
290.115 4486.71 14574.4 42932.7
290.272 4164.39 13813.2 40888.3
290.325 302.167 3222.9 4532.89
290.521 2870.98 13354 37144.4
290.821 2759.95 12830.6 36060.4
290.838 2662.96 12390.1 35120.1
290.863 233.183 1781.8 2878.39
290.924 353.015 1561.18 2272.94
290.969 4265.5 12130.1 39479.7
291.126 327.197 2125.09 2841.61
291.227 5510.27 11716.4 41554.9
291.325 244.537 7066.72 10002.6
291.377 348.42 1301.93 1785.15
291.519 5546.9 12497.9 41913.3
291.573 5501.08 12433.4 41711.7
291.676 5467.99 12388.9 41567.5
291.779 258.061 5332.64 9066.8
291.879 355.139 2192.77 2564.12
291.985 347.714 4.61802 430.309
292.079 347.628 4.61785 430.317
292.23 347.594 4.61779 430.331
292.286 222.94 2382.74 4255.4
292.381 347.744 4.61773 430.365
292.479 347.854 4.61773 430.387
292.583 347.998 4.61779 430.416
292.684 348.095 4.61615 404.921
292.981 348.275 4.61606 404.915
293 8340.27 15588.6 51637
293.141 6291.81 15461.9 46920.9
293.158 6181.71 14378.8 44089.1
293.189 6019.72 13201 41037.7
293.493 5484.01 13318.3 39156.7
293.514 363.11 106.952 624.682
293.601 3859.56 12963.4 32363
293.619 3800.41 13343.6 31571.8
293.689 1597.32 7203.67 20707
293.79 1603.32 7247.82 20737.8
293.894 350.497 28.7103 487.539
293.991 1730.71 7614.42 21624.1
294.089 1727.93 7607.88 21604.5
294.344 342.772 1393.34 2726.06
294.36 1843.91 8381.8 23664.8
294.439 1843.01 8379.26 23667.4
294.502 329.624 1317.27 2854.7
294.592 2259.84 10993 30646.3
294.694 2129.33 10981.3 30306.6
294.798 2126.64 10969.2 30288.7
294.952 224.492 2262.23 4551.75
295.004 257.524 887.597 2451.01
295.1 4138.31 12457.6 34089.3
295.201 239.738 3825.21 5401.31
295.311 258.356 3885.8 4763.6
295.411 247.979 5131.9 5913.57
295.668 258.885 5114.66 6791.15
295.817 7474.06 31451.9 71144.4
295.98 244.512 5275.38 7090.42
296.009 7480.83 33877.6 76733.9
296.136 255.487 5267.66 7967.27
296.268 12151.7 33916.2 82824.7
296.291 12147.3 33923.1 82857.7
296.423 12150.1 33957 82930.5
296.483 12166.3 34022.7 83056.8
297.022 12193.7 34112.6 83222.8
297.052 12218.9 34204.5 83390.6
297.217 7508.14 34215.2 77306.8
297.243 7521.73 34310.1 77450.9
297.265 7441.77 33252.7 73890.7
297.29 7453.24 33337.7 74006.8
297.338 7462.25 33405.7 74100.2
297.416 7469.64 33459.5 74175
297.516 7475.14 33503.6 74235.5
297.629 7478.88 33535.8 74280.7
297.686 7252.78 30408.5 68165.7
297.854 7254.94 30420.3 68185.6
297.904 7255.55 30429.4 68201.8
297.99 7255.95 30427.8 68210
298.09 7255.23 30421.8 68216.1
298.184 7253.67 30417.2 68217.9
298.282 7252.88 30408.1 68222.8
298.384 7251.44 30395.5 68222.8
298.685 7248.8 30371.4 68214.4
298.703 7245.69 30339.2 68197.2
298.749 7242.46 30305 68177.9
298.786 7238.85 30274.3 68164.1
298.884 7234.74 30235.7 68143.9
299.041 7229.51 30197.7 68124.3
299.099 7223.14 30154.2 68097
299.203 7218.84 30109 68075
299.296 7214.67 30055.4 68046.5
299.407 7209.77 29998.3 68016.7
299.502 7204.36 29935 67980.4
299.605 7199.1 29865.3 67942.4
299.765 7193.06 29786.8 67898
300.129 251.792 5418.4 6864.62
300.161 7375.1 32081.1 73395.5
300.194 7371.56 32004.8 73362.9
300.228 7366.57 31949.8 73355.2
300.265 262.829 3141.94 4255.8
300.344 295.654 1622.64 2716.44
300.437 9894.39 32070.5 78426.1
300.54 9901 31991.5 78409.5
300.644 247.005 1877.92 2800.89
300.937 9913.95 31809.8 78363.6
300.958 9908.03 31690.1 77882.2
300.989 9911.5 31586.4 77854.8
301.038 9914.46 31475.7 77818.4
301.191 9910.76 31376.5 77796.7
301.342 9908.18 31261.4 77763
301.369 9909.71 31130.9 77720
301.693 9996.57 30997.7 77665
301.71 10024.8 30931.8 77667.3
301.733 305.506 828.622 1712.5
301.958 9996.51 30943.3 78490.3
302.013 277.416 828.73 1605.4
302.177 10621.4 30976.3 79723.4
302.219 272.019 2621.91 4168.03
302.372 10750.2 31521.9 82019.6
302.426 10676.3 31240.8 81551.6
302.539 10566.1 30879.1 80920.5
302.636 10417.9 30406.2 80089.7
302.917 10229.2 29838.9 79060.3
303.031 10001.3 29176.9 77828.3
303.178 9737.38 28424.9 76408.8
303.212 9229.95 26964.1 72208.9
303.277 8895.85 26098.6 70485.8
303.309 8385.42 23406.6 64257.5
303.384 7993.86 22493 62378.7
303.491 7579.33 21541.1 60368
303.72 364.948 1791.92 2997.1
303.762 7059.85 19782.9 57581.4
303.863 6639.98 18873.3 55489.8
303.93 6242.06 18015.2 53469.1
304.526 5200.08 13779.1 42246.7
304.558 5030.91 13492.7 41505.3
304.599 625.777 157.953 1008.43
304.624 4581.77 12705.7 39268.5
304.662 4330.53 12250 38074.6
304.701 4109.08 11844 36995.3
304.736 3910.72 11472.3 36013.9
304.861 3738.5 11144.6 35131.9
304.96 3588.35 10852.4 34342.3
304.99 3381.61 10386.4 32686.2
305.086 3159.48 10055.3 31511
305.186 3065.74 9870.63 30988
305.289 407.883 224.522 813.871
305.334 2931.61 9566.04 30402
305.431 2692.42 8845.94 28222.1
305.531 2642.84 8746.73 27933.4
305.685 218.768 1926.95 2943.94
305.732 3067.79 8800.39 28975.5
305.833 3029.13 8738.49 28783
305.938 2997.45 8687.79 28623.7
306.043 354.562 1613.04 2219.06
306.138 348.24 1466.09 2051.4
306.244 8712.01 9266.81 8712.01
306.343 5625.79 13496.4 39482.2
306.492 345.427 1287.68 1848.22
306.644 347.32 4.20628 401.823
306.671 347.238 4.2062 401.83
306.848 347.204 4.20637 401.839
306.95 347.224 4.20698 401.854
306.975 347.302 4.20793 401.872
307.146 347.448 4.20931 401.896
307.169 5937.62 13832 40453.5
307.305 6010.83 13953.6 40657.4
307.352 6096.54 14116.2 40905
307.453 6176.17 14299.5 41118.5
307.602 4362.04 10633.6 34626.9
307.701 4396.64 10694.3 34776.8
307.758 4416.17 10727.9 34859.2
307.856 313.797 536.948 1161.84
308.056 4497.75 10843 35718.8
308.082 311.487 1591.63 2605.97
308.159 371.466 202.774 796.846
308.313 361.05 1505.34 3086.49
308.362 359.495 1172.93 2504.93
308.466 373.071 1356.78 2471.84
308.56 373.143 1359.73 2476.18
308.663 373.211 1362.53 2480.64
308.764 357.017 463.815 1495.94
308.865 634.878 1971.12 3397.27
309.026 635.378 1970.95 3398.28
309.065 635.555 1969.91 3398.14
309.267 635.322 1967.22 3395.74
309.292 634.731 1963.34 3391.44
309.422 633.708 1957.96 3384.69
309.661 632.216 1949.61 3374.6
309.86 630.007 1938.86 3360.32
309.892 627.079 1924.53 3342.63
309.92 623.368 1907.45 3319.74
309.952 619.023 1887.95 3292.73
310.009 614.189 1866.89 3262.16
310.108 608.864 1843.48 3229.67
310.264 372.751 1264 2316.6
310.309 372.485 1243.44 2283.51
310.411 224.898 3937.42 4603.07
310.505 371.844 1195.02 2204.77
310.613 261.739 1894.23 2617.02
310.765 357.787 872.416 1570.05
310.866 299.553 2330.56 3792.54
311.168 370.172 1082.36 2029.94
311.226 369.869 1064.26 2003.02
311.275 364.235 1025.47 1953.89
311.423 364.07 1024.69 1941.42
311.471 363.927 1025.84 1932.06
311.576 363.811 1028.03 1921.5
311.671 363.731 1033.46 1918.57
311.88 5276.97 11160.1 37704.5
311.907 247.047 7089.87 7728.41
311.978 350.717 4.12209 401.156
312.082 231.863 2786.82 4522.66
312.181 358.159 1491.99 1934.37
312.284 543.729 1596.78 2812.63
312.38 545.61 1604.71 2824.8
312.489 547.334 1611.68 2836.13
312.583 548.882 1617.8 2846.01
312.69 550.229 1622.93 2854.76
312.833 551.37 1627.18 2862.02
312.887 552.313 1630.61 2868.21
312.991 553.041 1633.23 2872.9
313.187 369.99 1104.06 2052.41
313.207 370.047 1105.54 2055
313.341 370.098 1106.55 2056.85
313.401 370.144 1107.13 2058.13
313.591 370.183 1107.2 2058.5
313.616 370.22 1107.04 2058.51
313.695 370.252 1106.51 2057.84
313.793 370.28 1105.76 2056.83
313.895 370.307 1104.79 2055.53
314.048 370.332 1103.52 2053.75
314.106 370.355 1101.95 2051.46
314.196 370.377 1100.19 2048.94
314.307 370.396 1098.26 2046.2
314.661 370.414 1096.1 2042.99
314.685 370.431 1093.77 2039.31
314.711 370.443 1091.69 2036.41
314.763 370.454 1089.62 2033.49
314.807 370.462 1087.65 2030.6
314.904 370.467 1085.73 2027.72
315.063 370.473 1083.99 2025.07
315.108 364.948 1077.09 1998.78
315.362 364.952 1075.87 1996.64
315.387 364.95 1074.99 1995.07
315.516 364.94 1074.5 1993.35
315.565 359.012 1904.47 3514.72
315.865 370.421 1078.01 2016.05
315.887 370.389 1077.88 2015.98
315.911 370.345 1077.82 2015.87
315.939 370.287 1077.99 2016.17
316.121 302.898 1487.93 2470.22
316.172 361.311 1385.83 2775.67
316.219 540.687 1619.17 2899.73
316.369 539.72 1621.39 2900.05
316.476 538.714 1623.68 2900.56
316.521 531.474 1622.95 2830.37
316.621 530.432 1626.03 2831.28
316.779 529.337 1628.9 2832.24
316.83 539.707 267.953 1129.33
316.926 526.832 1632.97 2832.62
317.081 525.494 1636.07 2833.36
317.187 288.312 1267.15 2202.83
317.232 528.714 1648.77 2906.71
317.533 253.153 3549.15 4782.14
317.562 534.431 1801.25 3304.48
317.79 372.457 178.085 761.584
317.815 531.139 1809.99 3305.91
317.837 529.339 1813.96 3305.87
317.889 527.366 1816.46 3304.53
318.033 525.382 1821.3 3304.73
318.06 523.322 1827.38 3305.79
318.136 521.12 1833.88 3306.9
318.289 518.784 1840.84 3307.99
318.349 225.195 4153.49 5101.37
318.496 526.16 1840.04 3437.16
318.548 525.91 1835.95 3431.39
318.849 526.209 1835.59 3438.15
318.907 359.642 124.885 737.342
319.305 554.494 1845.56 3603.28
319.333 276.7 2562.2 4069.79
319.364 226.438 8303 10435.4
319.391 697.779 2146.78 4592.59
319.562 695.713 2136.94 4580.96
319.588 692.534 2124.45 4564.62
319.618 688.182 2108.97 4542.53
319.87 235.834 5903.5 11569.9
319.898 1277.73 11172.9 14078.1
319.97 1252.3 10689.1 13669.3
320.025 1208.04 10494.5 13173.5
320.123 1169.7 10268.1 12821
320.22 1131.34 9816.78 12340
320.319 1092.24 9224.24 11779.6
320.488 1053.06 8571.75 11183.6
320.584 1014.86 7922.63 10596.5
320.632 983.843 6553.48 9755.13
320.729 947.631 6053.4 9228.45
320.826 913.145 5620.28 8748.15
320.984 449.579 1360.57 2774.94
321.133 444.216 1330.38 2727.99
321.161 439.224 1301.41 2683.17
321.233 434.592 1273.77 2640.73
321.335 256.782 11777.6 12878.7
321.433 283.054 4653.84 5633.57
321.531 408.84 1051.41 2011.86
321.632 405.849 1032.64 1983.9
321.734 351.466 654.89 1361.79
321.835 308.461 460.891 910.859
321.937 293.572 2543.56 4119
322.034 350.014 624.703 1318.65
322.14 353.655 2046.89 2722.2
322.239 265.408 5583.23 8561.71
322.342 394.926 961.177 1926.03
322.498 393.84 954.235 1916.92
322.589 335.36 936.904 1362.78
322.691 271.412 4572.06 6791.1
322.745 397.96 1040.49 2190.88
322.842 391.042 938 1896.15
322.995 320.885 2152.37 2577.42
323.048 349.613 1636.55 2027.3
323.198 394.621 950.727 2016.61
323.298 394.341 949.257 2014.86
323.351 394.105 948.138 2013.51
323.448 393.942 948.231 2013.31
323.56 393.914 949.547 2014.37
323.722 389.411 933.142 1889.1
323.754 387.523 934.403 1827.57
324.056 388.334 938.462 1831.61
324.081 389.625 943.824 1837.2
324.107 391.705 953.909 1847.78
324.161 350.347 595.048 1283.62
324.26 346.139 3.82006 401.633
324.355 4617.95 13553.4 40077.2
324.459 3089.72 9424.04 29734.9
324.558 2478.67 8485.63 26730.4
324.716 351.389 1543.93 2731.11
324.76 2838.19 10277.6 30368.3
324.859 2877.96 10323.8 30021.3
325.005 2906.54 10398.8 30174.1
325.123 370.155 142.493 685.377
325.217 2811.21 10392.1 29774.3
325.268 2818.31 10409.6 29816.8
325.365 2441.31 10035.8 28408
325.464 2450.22 10059 28468.9
325.564 2458.2 10077.3 28520.1
325.942 2463.88 10088 28553.4
325.968 2466.93 10090.6 28570.1
326.197 2466.78 10083.8 28564
326.225 344.74 988.154 2657.52
326.266 229.987 2531.13 4525.76
326.302 252.427 2088.91 4312.37
326.335 244.362 1782.68 3934.39
326.419 222.328 3086.03 6371.92
326.566 359.724 599.714 1310.21
326.637 359.685 593.474 1301.5
326.771 359.622 586.622 1292.12
326.814 359.543 579.529 1282.66
327.068 359.493 573.876 1275.44
327.223 359.457 569.269 1268.94
327.27 359.43 565.682 1263.68
327.371 228.148 228.148 6589.35
327.473 414.403 867.404 1808.21
327.728 414.251 867.302 1806.62
327.758 414.253 867.982 1806.47
327.784 359.481 560.78 1255.85
327.98 359.528 561.691 1257.09
328.007 359.586 562.865 1258.43
328.132 359.659 564.481 1260.97
328.18 359.738 565.876 1262.96
328.283 359.816 567.089 1264.59
328.382 359.896 568.293 1266.35
328.485 359.973 569.371 1267.97
328.586 360.045 570.211 1269.2
328.687 360.114 570.881 1270.2
328.84 360.177 571.407 1271.04
328.889 360.236 571.777 1271.61
328.993 360.291 571.993 1271.99
329.142 360.34 572.044 1272.09
329.239 360.385 571.973 1271.98
329.304 360.424 571.822 1271.83
329.392 360.458 571.573 1271.48
329.491 360.487 571.278 1271.06
329.742 360.51 570.967 1270.62
329.895 360.528 570.598 1270.05
329.92 360.54 570.248 1269.55
329.952 360.546 569.896 1269.08
330.005 360.546 569.41 1268.4
330.151 360.54 568.877 1267.6
330.204 360.531 568.331 1266.77
330.306 360.519 567.816 1265.98
330.399 360.499 567.336 1265.22
330.503 360.471 566.867 1264.46
330.602 360.434 566.436 1263.73
330.7 360.388 566.049 1263.05
330.86 360.332 565.724 1262.44
330.904 360.267 565.441 1261.87
331.012 360.191 565.202 1261.3
331.109 360.105 564.983 1260.71
331.261 360.012 564.849 1260.29
331.316 359.911 564.686 1259.83
331.557 359.796 564.576 1259.42
331.661 262.33 2068.39 2969.82
331.69 259.982 3805.19 4956.56
331.72 421.651 869.257 1875.78
331.811 421.875 868.785 1875.54
331.91 422.111 868.379 1875.4
332.013 422.354 868.015 1875.31
332.114 229.023 9023.24 9505.79
332.214 279.525 536.875 1158.23
332.314 421.087 865.788 1811.88
332.42 421.337 865.821 1812.18
332.526 356.794 568.994 1259.13
332.622 353.626 567.048 1239.59
332.73 353.461 571.443 1240.19
332.825 350.886 3.80589 402.844
333.071 6598.82 26195.1 65853.9
333.18 6598.75 26218.3 65873.1
333.289 296.789 1779.6 2957.52
333.388 358.904 847.513 1952.64
333.535 353.463 568.763 1242.95
333.594 265.437 9077.64 12746
333.689 356.197 569.615 1258.02
333.789 229.652 7954.44 11068.9
333.945 356.009 563.058 1248.77
333.995 355.853 558.569 1242.39
334.195 355.67 553.196 1234.74
334.221 355.456 547.172 1226.36
334.552 355.209 540.5 1217.19
334.585 236.94 16635.6 15495.8
334.66 412.135 782.503 1714.99
334.689 354.21 514.651 1180.38
334.762 350.469 479.615 1144.88
334.807 350.225 3.72264 402.089
334.904 350.101 3.70978 401.955
335.008 4564.22 24406.1 60655.2
335.205 4299.1 22965.2 58032.8
335.232 3964.23 20738.4 51931.1
335.31 3438 17517.1 44460.1
335.411 3255.82 16644.6 42799.4
335.557 2879.46 13724.4 37035
335.659 2714.87 13104.5 35751
335.706 2593.76 12622 34711.1
335.808 354.998 1462.96 2151.59
335.908 2404.56 11286.2 31939.2
336.011 1969.44 8861.66 27118.7
336.121 1918.11 8707.24 26689
336.21 1869.83 8513.92 25777.6
336.371 260.766 6821.76 9935.46
336.424 245.254 8780.32 12897.6
336.516 2004.15 9822.44 27418
336.613 1976.66 9739.43 27181.6
336.717 1954.29 9673.91 26987
336.821 1936.4 9623.63 26830.1
336.926 354.239 2075.42 2635.06
337.03 226.53 1640.52 2733.13
337.131 4669.86 16196.9 43548.1
337.231 4649.65 16146.6 43423.9
337.331 233.867 1443 2487.13
337.427 346.558 2112.71 2729.63
337.526 5693.78 16696.5 45654.4
337.632 357.08 2115.44 2623.32
337.728 5551.64 15215.2 42841.7
337.882 4991.41 15126 41517.8
337.927 5022.49 15178.4 41639.6
338.029 4513.14 15128.9 40442.8
338.187 4559.96 15220 40650.5
338.229 4617.13 15330.9 40900.8
338.332 4682.49 15459.9 41187.6
338.433 4756.09 15611.8 41515.2
338.529 4804.82 15646.4 40971.2
338.633 4874.87 15838.9 41316.9
338.735 4940.29 16017.1 41633
338.843 358.707 1289.75 2427.12
338.94 5335.7 16772 43864.4
339.092 301.218 1866.04 2804
339.147 5726.4 18205.3 47543.2
339.243 5734.25 18210.1 47565.6
339.343 5746.42 18233.3 47226.8
339.496 5761.54 18249.3 47284.6
339.747 5775.59 18255.8 47336.2
339.766 5763.95 18174.7 46544.2
339.791 5781.42 18193.8 46610.5
339.848 5792.58 18206.1 46656
340.007 5794.88 18200.4 46666.6
340.052 5735.13 18159.2 46245.6
340.154 5709.67 18093.1 46130
340.254 5668.44 17992 45943
340.354 5609.98 17851.5 45673.4
340.505 5529.01 17654.5 45297.6
340.559 5418.25 17374.8 44774.1
340.656 5260.44 16981.4 44030.3
340.754 4385.79 16437.7 41602.5
340.864 4187.78 15880.7 40545.9
340.96 3967.72 15259.4 39346.5
341.309 3725.34 14425.4 37988.7
341.331 3483.63 13745.6 36578.6
341.357 3235.05 13021.2 35103.9
341.465 2986.15 12301.7 33558.9
341.486 2749.22 11612.4 32020
341.565 2320.5 10089.4 27721.8
341.671 375.616 204.356 730.159
341.767 1898.44 8768.82 24373.9
342.076 1736.18 8243.03 22887.6
342.281 1602.17 7780.67 21813.3
342.312 273.955 1170.72 1889.75
342.334 1574.81 6897.45 19893.8
342.444 1481.05 6591.27 18768.6
342.542 222.799 3645.77 4497.99
342.644 1648.48 6362.81 18476.7
342.851 355.868 1499.81 2157.66
342.872 1672.44 6577.64 19038
343.054 1663.23 6570.85 18980.5
343.072 1577.02 6463.87 18273.6
343.156 205.158 3409.51 4828.15
343.252 354.118 1210.33 1615.76
343.354 2183.91 7774.33 21640.1
343.457 222.324 3766.12 6309.63
343.659 354.666 1589.47 354.666
343.681 1529.87 1856.93 1856.93
343.811 3592.1 11851 30501.1
343.863 3643.19 11946.8 30804.1
343.962 3696.35 12047.4 31048.7
344.075 3725.14 12098.5 31190.1
344.169 269.554 1112.16 1675.14
344.289 353.806 1203.26 2114.18
344.427 300.788 1941.75 2802.98
344.476 6911.08 16462.5 45081.4
344.625 6892.39 16428.1 45100
344.675 6862.91 16380.4 45070
344.932 6829.39 16328.7 45021.5
344.956 6790.36 16269.8 44950.9
344.983 6746.26 16205 44855.6
345.082 6699.97 16138 44747.1
345.186 6653.4 16070.8 44636.1
345.329 6603.72 16001 44505.5
345.384 6316.07 15280.9 42291.7
345.529 6269.67 15217.1 42154.3
345.632 6223.65 15154.6 42025.4
345.735 6178.7 15095.6 41891.7
345.788 6138.37 15044.3 41772.7
346.141 6103.09 14996.8 41661.8
346.165 6071.31 14954.1 41558.2
346.191 6042.24 14915.9 41462.8
346.284 6014.86 14881.6 41368.3
346.305 5993.14 14856.1 41295.3
346.388 5972.49 14832.8 41223.8
346.489 5949.65 14818.5 40866.1
346.587 5936.59 14807.2 40820.9
346.843 5926.01 14799.6 40780.5
346.867 5919.57 14798 40751.8
346.901 5425.75 14177.7 38897.4
347.001 5419.55 14170.9 38865.7
347.202 250.163 4653.33 5556.58
347.234 301.432 960.692 1724.25
347.306 366.441 330.617 1021.64
347.404 365.896 331.217 1021.67
347.551 365.349 331.866 1021.78
347.61 223.816 4723.03 5186.87
347.7 364.246 333.266 1022.16
347.855 363.755 334.074 1022.5
347.906 344.786 3.25598 397.593
348.007 344.808 3.25663 397.597
348.204 344.829 3.2573 397.601
348.368 9195.77 23679.3 56466.5
348.398 283.394 458.702 1013.98
348.424 8966.74 20705.1 52569.4
348.508 8237.71 17478.9 47492.6
348.611 252.768 3487.13 4548.48
348.762 6519.84 14588.8 42184
348.82 369.104 198.316 843.465
348.917 6645.91 14648.8 42600.2
349.016 6018.08 13971.8 40332.4
349.115 358.42 1417.16 2838.16
349.322 503.656 246.337 1027.53
349.383 336.958 1525.3 2944.55
349.427 350.711 67.581 548.104
349.687 266.05 3711.46 4719.02
349.794 6169.54 15734.9 43402.9
349.89 6210.28 15718.8 43441.4
350.099 6186.81 15701.2 43201.3
350.125 366.108 174.857 816.68
350.197 6733 16571.7 46194.3
350.353 6654.43 16520.3 45958.3
350.404 253.226 1100.07 2200.49
350.5 7025.31 16432.2 46800.1
350.6 6857.55 16344.5 46330.8
350.703 6672.4 16200 45795.5
350.803 6477.39 15953.8 45144.6
350.904 5798.85 15035.5 42479.2
351.007 5505.27 14788.2 41282.8
351.107 5276.05 14382.6 40374.6
351.211 5031.83 13883.2 39333.7
351.317 4785.17 13349.5 38235.6
351.415 4187.61 12699.9 35830.6
351.513 328.716 747.703 1365.6
351.763 3751.82 11519.9 33424.5
351.917 3186.4 9767.39 29052.1
351.94 3017.13 9436.74 28247.9
351.969 2860.64 9127.39 27480
352.029 2711.23 8825.38 26732.1
352.368 2576.44 8553.1 26033.2
352.392 336.872 1683.37 2500.15
352.418 2658.2 8813.5 26953.3
352.721 2547.57 8604.87 26371.7
352.746 2452.89 8411.42 25540.2
352.778 326.423 1806.21 2419.33
352.803 2486.19 8472.51 25872.3
352.882 2157.67 7720.55 23688.6
352.984 261.786 1481.14 1905.32
353.035 209.749 209.749 3457.45
353.133 2777.03 8889.99 27281.5
353.241 339.873 1372.59 1822.35
353.333 2763.27 8989.62 26856.7
353.432 2735.71 8941.79 26716.6
353.539 294.85 1794.92 3142.59
353.688 3150.69 9313.78 28327.3
353.74 3137.6 9295.1 28264.9
353.837 3128.66 9282.11 28221.2
353.94 3124.05 9275 28196.2
354.093 3121.45 9270.46 28181
354.144 3121.61 9274.98 28187.7
354.396 3125.68 9291.76 28223
354.417 3138.46 9326.25 28301.4
354.445 3160.15 9384.6 28431.1
354.596 3195.95 9479.83 28636.7
354.649 3244.65 9595.54 28897.2
354.793 3310.67 9726.09 29213
354.851 3398.62 9876.08 29596.8
354.948 3209.48 9513.08 28393.9
355.047 3345.87 9711.63 28951.4
355.207 3032.58 9306.67 27620.5
355.308 3190.65 9526.16 28206.8
355.355 2673.14 8952.8 25384.9
355.501 1858.25 8410.83 22993.7
355.556 349.668 120.454 634.408
355.708 2012.77 8594.58 23943.7
355.855 2054.74 8706.88 24215
355.875 2078.6 8635.77 23660.2
355.956 2098.88 8688.93 23781.6
356.109 2108.58 8715.76 23857.7
356.411 2111.48 8727.07 23876.4
356.429 2111.9 8735.77 23896.6
356.451 2111.67 8741.96 23909
356.513 2111.39 8746.28 23914.3
356.569 366.482 253.472 928.675
356.665 2172.93 8811.62 24460
356.832 233.368 2671.61 4159.69
356.927 244.478 1420.53 2843.11
356.969 3706.74 18686.6 44849.8
357.127 218.352 2496.16 3734.56
357.226 3928.44 20362.6 48386.8
357.279 239.113 13871.9 12604.9
357.373 243.267 3049.47 3395.28
357.581 4566.75 31953.5 65896.6
357.606 250.526 2359.02 3005.32
357.726 6199.75 30271.6 63016.2
357.775 5560.58 19035.9 48240.8
357.88 5402.03 18695.1 46574.3
357.978 5524.47 18829.2 47234.7
358.079 5663.05 18980.3 48021.4
358.233 5833.09 19168.2 49068.7
358.279 4843.74 17702 44256
358.383 4953.65 16448.8 41836.2
358.539 5167.64 16617.8 43088.6
358.638 2155.96 11835.3 27197.1
358.686 291.287 967.285 1466.07
358.783 1103.4 4538.9 12112
358.886 948.753 3958.7 10959.8
359.035 343.712 3.59552 400.705
359.389 351.886 1079.22 1715.43
359.402 561.095 2895.88 6032.01
359.419 499.336 2598.31 5035.74
359.438 496.563 2615.95 5092.6
359.635 342.654 3.5953 399.576
359.649 375.132 1015.68 2396.99
359.699 378.237 221.361 718.517
359.842 377.703 1247.35 2977.95
359.9 377.023 1251.78 2992.51
359.995 376.346 1256.19 3006.69
360.096 375.643 1260.28 3019.27
360.2 353.787 5712.46 6229.17
360.349 350.848 6177.61 6257.12
360.454 349.89 7125.52 6504.34
360.503 347.391 9827.54 8362.39
360.597 342.078 91.9224 526.487
360.701 348.621 12536.1 11592.8
360.865 350.572 15645.6 14118.5
360.951 334.726 16553 13670.4
361.002 6601.45 105186 263353
361.105 6608.84 105178 263344
361.265 338.913 1155.59 1430.22
361.31 6678.58 104791 262121
361.511 6636.56 104516 261250
361.529 6581.75 104165 260118
361.669 230.339 5898.26 4187.63
362.019 6591.95 104345 260268
362.034 6525.29 103406 258875
362.058 6470.04 103229 257707
362.08 5994.91 98060.5 235716
362.116 5988.08 98014.8 235632
362.27 5977.19 97936.8 235478
362.322 5973.18 97901.4 235481
362.625 5969.35 97867 235510
362.727 5963.64 97820.8 235524
362.743 5958.6 97780.1 235588
362.779 5947.15 97692.7 235544
362.93 5939.38 97633.9 235608
362.984 5927.05 97543.4 235604
363.026 5914.24 97452.1 235620
363.127 5900.92 97358.3 235649
363.236 5885.32 97246.1 235638
363.386 5865.96 97107.1 235548
363.433 5846.69 96969.6 235461
363.535 5825.86 96821.5 235330
363.633 5806.3 96681.7 235197
363.73 5787.68 96549.3 235054
363.834 5767.86 96407.5 234857
363.937 5746.99 96258.7 234604
364.031 5726.24 96109 234321
364.134 5705.45 95957.1 234003
364.289 5683.99 95800.3 233643
364.347 5662.98 95645.4 233269
364.491 5642.8 95496.3 232889
364.742 5625.06 95360.5 232534
364.76 5607.81 95227.2 232177
364.781 5590.98 95095.7 231823
364.843 5575.05 94969.1 231489
364.946 5560.3 94853.8 231182
365.101 5546.82 94745.8 230906
365.26 5534.68 94646.1 230668
365.281 5522.15 94541.2 230435
365.353 5509.65 94437.5 230219
365.551 5497.53 94337 230026
365.568 5486.63 94245.1 229883
365.655 5474.62 94143.3 229745
365.751 5463.06 94047.9 229650
365.904 5454.14 93970.4 229638
365.958 5447.48 93910.7 229706
366.103 5442.05 93863.5 229844
366.158 5436.42 93813.5 230027
366.271 5432.09 93774.7 230287
366.357 5430.43 93754.9 230653
366.46 5429.42 93737.5 231093
366.718 5429.92 93733.6 231628
366.737 5430.05 93726.9 232237
366.817 5429.57 93717.1 232927
366.866 5430.14 93716 233721
367.021 5431.49 93718.7 234614
367.071 5430.94 93708.5 208704
367.173 5429.85 93694.7 209604
367.274 5431.01 93694.8 210469
367.471 5430.43 93683.3 211260
367.532 5429.01 93667.7 211958
367.587 5426.82 93646.6 212557
367.68 5428.2 93652.2 213134
367.883 5429.34 93655.2 213649
367.901 5431.23 93664.3 214115
367.984 5433.12 93673.7 214544
368.092 5435.58 93684.8 214925
368.188 5436.37 93688.9 215252
368.289 5437.75 93699.1 215557
368.386 5441.32 93723.5 215861
368.541 5442.57 93732.1 216104
368.594 5442.51 93731.7 216301
368.694 5442.87 93733.9 216471
368.797 5442.23 93730.1 216598
368.943 5442.74 93735 216729
368.998 5443.5 93739.8 216839
369.095 5443.98 93740.9 216928
369.25 5444.53 93743.4 217004
369.314 5445.66 93749.6 217089
369.401 5446.13 93754.2 217146
369.501 5445.42 93748.4 217191
369.608 5445.68 93751.7 217240
369.711 5444.72 93747.3 217260
369.807 5444.13 93747.9 217283
369.96 5442.79 93741.2 217288
370.014 5443.79 93750.8 217324
370.255 5444.65 93762.5 217355
370.273 5448.22 93793.1 217436
370.314 5452.31 93826.7 217516
370.456 5456.46 93861 217593
370.555 5463.22 93913.7 217716
370.615 5468.65 93954.3 217816
370.757 5471.05 93974.6 217860
370.81 5472.59 93989.5 217893
370.913 5474.62 94008.8 217930
371.01 5477.59 94033.6 217990
371.11 5479.81 94053.6 218035
