Time X Y Z Roll Pitch Yaw
0.0442857 8.4429e-06 1.75266e-06 0.299436 -6.57708e-06 1.76361e-05 4.95742e-06
0.0775726 8.44335e-06 1.75554e-06 0.299456 -6.58667e-06 1.76376e-05 4.95742e-06
0.0958219 8.44381e-06 1.75841e-06 0.299476 -6.59626e-06 1.76392e-05 4.95742e-06
0.115143 8.44426e-06 1.76129e-06 0.299496 -6.60585e-06 1.76407e-05 4.95742e-06
0.13735 8.44472e-06 1.76417e-06 0.299515 -6.61544e-06 1.76422e-05 4.95742e-06
0.155646 8.44517e-06 1.76705e-06 0.299535 -6.62504e-06 1.76437e-05 4.95742e-06
0.182623 8.44563e-06 1.76992e-06 0.299555 -6.63463e-06 1.76452e-05 4.95742e-06
0.200071 8.44608e-06 1.7728e-06 0.299575 -6.64422e-06 1.76467e-05 4.95742e-06
0.220659 8.44653e-06 1.77568e-06 0.299595 -6.65381e-06 1.76482e-05 4.95742e-06
0.243306 8.3234e-06 1.73246e-06 0.299615 -6.50976e-06 1.72378e-05 4.95742e-06
0.260543 8.0704e-06 1.63957e-06 0.299634 -6.20013e-06 1.63945e-05 4.95743e-06
0.285855 7.8298e-06 1.55123e-06 0.299652 -5.90566e-06 1.55924e-05 4.95744e-06
0.300814 7.60098e-06 1.46722e-06 0.299669 -5.62563e-06 1.48297e-05 4.95744e-06
0.320797 7.38339e-06 1.38733e-06 0.299686 -5.35932e-06 1.41044e-05 4.95745e-06
0.342059 7.17645e-06 1.31135e-06 0.299701 -5.10607e-06 1.34147e-05 4.95745e-06
0.360937 6.97966e-06 1.23909e-06 0.299716 -4.86523e-06 1.27587e-05 4.95746e-06
0.382173 6.79252e-06 1.17038e-06 0.29973 -4.63619e-06 1.21349e-05 4.95746e-06
0.401097 6.61454e-06 1.10504e-06 0.299743 -4.41837e-06 1.15416e-05 4.95747e-06
0.421101 6.44529e-06 1.04289e-06 0.299756 -4.21123e-06 1.09774e-05 4.95747e-06
0.441996 6.28433e-06 9.83796e-07 0.299768 -4.01425e-06 1.04409e-05 4.95747e-06
0.461758 6.13127e-06 9.27595e-07 0.299779 -3.82691e-06 9.9307e-06 4.95748e-06
0.483211 5.9857e-06 8.74149e-07 0.29979 -3.64876e-06 9.44548e-06 4.95748e-06
0.501856 5.84727e-06 8.23322e-07 0.299801 -3.47934e-06 8.98404e-06 4.95748e-06
0.521901 5.71562e-06 7.74986e-07 0.29981 -3.31823e-06 8.54522e-06 4.95748e-06
0.542547 5.59042e-06 7.29019e-07 0.29982 -3.16501e-06 8.1279e-06 4.95748e-06
0.564752 5.47137e-06 6.85305e-07 0.299829 -3.01929e-06 7.73104e-06 4.95749e-06
0.58614 5.35814e-06 6.43733e-07 0.299837 -2.88072e-06 7.35362e-06 4.95749e-06
0.603312 5.25046e-06 6.04199e-07 0.299845 -2.74895e-06 6.99471e-06 4.95749e-06
0.622923 5.14807e-06 5.66602e-07 0.299853 -2.62363e-06 6.65338e-06 4.95749e-06
0.643472 5.05069e-06 5.30848e-07 0.29986 -2.50445e-06 6.32878e-06 4.95749e-06
0.663049 4.95808e-06 4.96847e-07 0.299867 -2.39111e-06 6.02009e-06 4.95749e-06
0.684545 4.87001e-06 4.64511e-07 0.299874 -2.28333e-06 5.72653e-06 4.95749e-06
0.703443 4.78626e-06 4.33761e-07 0.29988 -2.18083e-06 5.44736e-06 4.9575e-06
0.723546 4.70661e-06 4.04517e-07 0.299886 -2.08335e-06 5.18186e-06 4.9575e-06
0.746773 4.63087e-06 3.76707e-07 0.299892 -1.99066e-06 4.92938e-06 4.9575e-06
0.764081 4.55883e-06 3.5026e-07 0.299897 -1.9025e-06 4.68928e-06 4.9575e-06
0.785899 4.49033e-06 3.25109e-07 0.299902 -1.81866e-06 4.46094e-06 4.9575e-06
0.80412 4.43796e-06 3.05879e-07 0.299906 -1.75456e-06 4.28635e-06 4.9575e-06
0.824246 4.36324e-06 2.78445e-07 0.299912 -1.66312e-06 4.03729e-06 4.9575e-06
0.844855 4.31587e-06 2.61053e-07 0.299915 -1.60515e-06 3.8794e-06 4.9575e-06
0.864627 4.24829e-06 2.36242e-07 0.29992 -1.52245e-06 3.65415e-06 4.9575e-06
0.885328 4.20545e-06 2.20514e-07 0.299923 -1.47002e-06 3.51135e-06 4.9575e-06
0.90468 4.14434e-06 1.98075e-07 0.299928 -1.39523e-06 3.30764e-06 4.9575e-06
0.924699 4.1056e-06 1.8385e-07 0.299931 -1.34781e-06 3.1785e-06 4.9575e-06
0.945282 4.05033e-06 1.63557e-07 0.299935 -1.28017e-06 2.99426e-06 4.9575e-06
0.964982 4.01529e-06 1.50693e-07 0.299938 -1.23729e-06 2.87747e-06 4.9575e-06
0.986518 3.9653e-06 1.3234e-07 0.299941 -1.17611e-06 2.71085e-06 4.9575e-06
1.00522 3.93362e-06 1.20706e-07 0.299944 -1.13733e-06 2.60523e-06 4.9575e-06
1.02516 3.88841e-06 1.04108e-07 0.299947 -1.08201e-06 2.45454e-06 4.9575e-06
1.04585 3.85975e-06 9.35861e-08 0.299949 -1.04694e-06 2.35901e-06 4.9575e-06
1.06575 3.83222e-06 8.34788e-08 0.299951 -1.01324e-06 2.26725e-06 4.9575e-06
1.08708 3.79295e-06 6.90596e-08 0.299954 -9.65182e-07 2.13634e-06 4.9575e-06
1.10561 3.75598e-06 5.54842e-08 0.299957 -9.19931e-07 2.0131e-06 4.9575e-06
1.12569 3.73831e-06 4.89974e-08 0.299958 -8.98309e-07 1.9542e-06 4.9575e-06
1.14714 3.70453e-06 3.6596e-08 0.299961 -8.56972e-07 1.84161e-06 4.9575e-06
1.16606 3.67273e-06 2.49204e-08 0.299963 -8.18054e-07 1.73561e-06 4.9575e-06
1.18735 3.65754e-06 1.93414e-08 0.299964 -7.99458e-07 1.68496e-06 4.9575e-06
1.20652 3.62849e-06 8.67551e-09 0.299967 -7.63906e-07 1.58813e-06 4.9575e-06
1.2268 3.60114e-06 -1.36619e-09 0.299969 -7.30434e-07 1.49696e-06 4.9575e-06
1.24696 3.5838e-06 -7.73202e-09 0.29997 -7.09215e-07 1.43917e-06 4.9575e-06
1.26674 3.56714e-06 -1.3847e-08 0.299971 -6.88832e-07 1.38365e-06 4.9575e-06
1.28696 3.55114e-06 -1.97211e-08 0.299972 -6.69252e-07 1.33033e-06 4.9575e-06
1.30734 3.52101e-06 -3.07839e-08 0.299975 -6.32377e-07 1.22989e-06 4.9575e-06
1.32684 3.50683e-06 -3.59905e-08 0.299976 -6.15022e-07 1.18262e-06 4.9575e-06
1.34763 3.49321e-06 -4.0992e-08 0.299977 -5.9835e-07 1.13721e-06 4.9575e-06
1.36741 3.47693e-06 -4.69676e-08 0.299978 -5.78432e-07 1.08296e-06 4.9575e-06
1.38953 3.46146e-06 -5.26504e-08 0.299979 -5.5949e-07 1.03137e-06 4.9575e-06
1.40757 3.44674e-06 -5.80546e-08 0.29998 -5.41476e-07 9.82303e-07 4.9575e-06
1.42806 3.43274e-06 -6.3194e-08 0.299981 -5.24345e-07 9.35644e-07 4.9575e-06
1.44889 3.41684e-06 -6.90299e-08 0.299982 -5.04893e-07 8.82661e-07 4.9575e-06
1.46832 3.40188e-06 -7.45242e-08 0.299983 -4.86578e-07 8.32779e-07 4.9575e-06
1.48974 3.40188e-06 -7.45242e-08 0.299983 -4.86578e-07 8.32779e-07 4.9575e-06
1.50832 3.38779e-06 -7.96971e-08 0.299985 -4.69336e-07 7.85816e-07 4.9575e-06
1.5287 3.37239e-06 -8.53507e-08 0.299986 -4.50491e-07 7.34487e-07 4.9575e-06
1.5495 3.35804e-06 -9.06202e-08 0.299987 -4.32926e-07 6.86646e-07 4.9575e-06
1.56893 3.35804e-06 -9.06202e-08 0.299987 -4.32926e-07 6.86646e-07 4.9575e-06
1.59017 3.34466e-06 -9.55318e-08 0.299988 -4.16555e-07 6.42055e-07 4.9575e-06
1.60905 3.33048e-06 -1.00738e-07 0.299989 -3.99202e-07 5.94791e-07 4.9575e-06
1.62972 3.33048e-06 -1.00738e-07 0.299989 -3.99202e-07 5.94791e-07 4.9575e-06
1.64966 3.31584e-06 -1.06115e-07 0.29999 -3.81277e-07 5.45969e-07 4.9575e-06
1.66939 3.31584e-06 -1.06115e-07 0.29999 -3.81277e-07 5.45969e-07 4.9575e-06
1.69144 3.30246e-06 -1.11028e-07 0.299991 -3.64902e-07 5.01369e-07 4.9575e-06
1.71028 3.30246e-06 -1.11028e-07 0.299991 -3.64902e-07 5.01369e-07 4.9575e-06
1.73027 3.28894e-06 -1.15989e-07 0.299992 -3.48364e-07 4.56323e-07 4.9575e-06
1.75215 3.28894e-06 -1.15989e-07 0.299992 -3.48364e-07 4.56323e-07 4.9575e-06
1.7708 3.27556e-06 -1.20901e-07 0.299993 -3.31992e-07 4.11731e-07 4.9575e-06
1.79252 3.27556e-06 -1.20901e-07 0.299993 -3.31992e-07 4.11731e-07 4.9575e-06
1.81067 3.27556e-06 -1.20901e-07 0.299993 -3.31992e-07 4.11731e-07 4.9575e-06
1.83095 3.26155e-06 -1.26047e-07 0.299994 -3.14838e-07 3.65009e-07 4.9575e-06
1.85148 3.26155e-06 -1.26047e-07 0.299994 -3.14838e-07 3.65009e-07 4.9575e-06
1.87122 3.26155e-06 -1.26047e-07 0.299994 -3.14838e-07 3.65009e-07 4.9575e-06
1.8927 3.24749e-06 -1.31207e-07 0.299995 -2.97639e-07 3.18164e-07 4.9575e-06
1.91151 3.24749e-06 -1.31207e-07 0.299995 -2.97639e-07 3.18164e-07 4.9575e-06
1.93192 3.24749e-06 -1.31207e-07 0.299995 -2.97639e-07 3.18164e-07 4.9575e-06
1.95326 3.23393e-06 -1.36188e-07 0.299996 -2.81038e-07 2.72947e-07 4.9575e-06
1.97168 3.23393e-06 -1.36188e-07 0.299996 -2.81038e-07 2.72947e-07 4.9575e-06
1.99302 3.23393e-06 -1.36188e-07 0.299996 -2.81038e-07 2.72947e-07 4.9575e-06
2.0123 3.23393e-06 -1.36188e-07 0.299996 -2.81038e-07 2.72947e-07 4.9575e-06
2.03235 3.22008e-06 -1.41274e-07 0.299997 -2.64085e-07 2.26771e-07 4.9575e-06
2.05443 3.22008e-06 -1.41274e-07 0.299997 -2.64085e-07 2.26771e-07 4.9575e-06
2.07275 3.22008e-06 -1.41274e-07 0.299997 -2.64085e-07 2.26771e-07 4.9575e-06
2.09327 3.22008e-06 -1.41274e-07 0.299997 -2.64085e-07 2.26771e-07 4.9575e-06
2.1126 3.22008e-06 -1.41274e-07 0.299997 -2.64085e-07 2.26771e-07 4.9575e-06
2.13272 3.22008e-06 -1.41274e-07 0.299997 -2.64085e-07 2.26771e-07 4.9575e-06
2.15612 3.20652e-06 -1.46251e-07 0.299998 -2.47494e-07 1.81583e-07 4.9575e-06
2.17332 3.20652e-06 -1.46251e-07 0.299998 -2.47494e-07 1.81583e-07 4.9575e-06
2.19507 3.20652e-06 -1.46251e-07 0.299998 -2.47494e-07 1.81583e-07 4.9575e-06
2.2135 3.20652e-06 -1.46251e-07 0.299998 -2.47494e-07 1.81583e-07 4.9575e-06
2.23375 3.20652e-06 -1.46251e-07 0.299998 -2.47494e-07 1.81583e-07 4.9575e-06
2.25414 3.20652e-06 -1.46251e-07 0.299998 -2.47494e-07 1.81583e-07 4.9575e-06
2.2737 3.20652e-06 -1.46251e-07 0.299998 -2.47494e-07 1.81583e-07 4.9575e-06
2.29487 3.19306e-06 -1.51194e-07 0.299999 -2.31019e-07 1.36708e-07 4.9575e-06
2.31449 3.19306e-06 -1.51194e-07 0.299999 -2.31019e-07 1.36708e-07 4.9575e-06
2.33436 3.19306e-06 -1.51194e-07 0.299999 -2.31019e-07 1.36708e-07 4.9575e-06
2.35537 3.19306e-06 -1.51194e-07 0.299999 -2.31019e-07 1.36708e-07 4.9575e-06
2.37446 3.19306e-06 -1.51194e-07 0.299999 -2.31019e-07 1.36708e-07 4.9575e-06
2.3961 3.19306e-06 -1.51194e-07 0.299999 -2.31019e-07 1.36708e-07 4.9575e-06
2.41472 3.19306e-06 -1.51194e-07 0.299999 -2.31019e-07 1.36708e-07 4.9575e-06
2.43486 3.19306e-06 -1.51194e-07 0.299999 -2.31019e-07 1.36708e-07 4.9575e-06
2.45728 3.19306e-06 -1.51194e-07 0.299999 -2.31019e-07 1.36708e-07 4.9575e-06
2.4754 3.19306e-06 -1.51194e-07 0.299999 -2.31019e-07 1.36708e-07 4.9575e-06
2.49597 3.17968e-06 -1.56104e-07 0.3 -2.14651e-07 9.21252e-08 4.9575e-06
2.51549 3.17968e-06 -1.56104e-07 0.3 -2.14651e-07 9.21252e-08 4.9575e-06
2.53564 3.17968e-06 -1.56104e-07 0.3 -2.14651e-07 9.21252e-08 4.9575e-06
2.55637 3.17968e-06 -1.56104e-07 0.3 -2.14651e-07 9.21252e-08 4.9575e-06
2.57598 3.17968e-06 -1.56104e-07 0.3 -2.14651e-07 9.21252e-08 4.9575e-06
2.5971 3.17968e-06 -1.56104e-07 0.3 -2.14651e-07 9.21252e-08 4.9575e-06
2.61626 3.17968e-06 -1.56104e-07 0.3 -2.14651e-07 9.21252e-08 4.9575e-06
2.63684 3.17968e-06 -1.56104e-07 0.3 -2.14651e-07 9.21252e-08 4.9575e-06
2.65754 3.17968e-06 -1.56104e-07 0.3 -2.14651e-07 9.21252e-08 4.9575e-06
2.67669 3.17968e-06 -1.56104e-07 0.3 -2.14651e-07 9.21252e-08 4.9575e-06
2.69823 3.17968e-06 -1.56104e-07 0.3 -2.14651e-07 9.21252e-08 4.9575e-06
2.71696 3.17968e-06 -1.56104e-07 0.3 -2.14651e-07 9.21252e-08 4.9575e-06
2.73711 3.17968e-06 -1.56104e-07 0.3 -2.14651e-07 9.21252e-08 4.9575e-06
2.7575 3.17968e-06 -1.56104e-07 0.3 -2.14651e-07 9.21252e-08 4.9575e-06
2.77844 3.17968e-06 -1.56104e-07 0.3 -2.14651e-07 9.21252e-08 4.9575e-06
2.79992 3.17968e-06 -1.56104e-07 0.3 -2.14651e-07 9.21252e-08 4.9575e-06
2.81805 3.17968e-06 -1.56104e-07 0.3 -2.14651e-07 9.21252e-08 4.9575e-06
2.83811 3.17968e-06 -1.56104e-07 0.3 -2.14651e-07 9.21252e-08 4.9575e-06
2.86108 3.17968e-06 -1.56104e-07 0.3 -2.14651e-07 9.21252e-08 4.9575e-06
2.87875 3.17968e-06 -1.56104e-07 0.3 -2.14651e-07 9.21252e-08 4.9575e-06
2.8995 3.17968e-06 -1.56104e-07 0.3 -2.14651e-07 9.21252e-08 4.9575e-06
2.91863 3.17968e-06 -1.56104e-07 0.3 -2.14651e-07 9.21252e-08 4.9575e-06
2.93935 3.17968e-06 -1.56104e-07 0.3 -2.14651e-07 9.21252e-08 4.9575e-06
2.9591 3.17968e-06 -1.56104e-07 0.3 -2.14651e-07 9.21252e-08 4.9575e-06
2.97965 3.17968e-06 -1.56104e-07 0.3 -2.14651e-07 9.21252e-08 4.9575e-06
2.99954 3.17968e-06 -1.56104e-07 0.3 -2.14651e-07 9.21252e-08 4.9575e-06
3.01957 3.1663e-06 -1.61017e-07 0.300001 -1.98276e-07 4.75248e-08 4.9575e-06
3.03981 3.1663e-06 -1.61017e-07 0.300001 -1.98276e-07 4.75248e-08 4.9575e-06
3.05995 3.1663e-06 -1.61017e-07 0.300001 -1.98276e-07 4.75248e-08 4.9575e-06
3.07978 3.1663e-06 -1.61017e-07 0.300001 -1.98276e-07 4.75248e-08 4.9575e-06
3.10073 3.1663e-06 -1.61017e-07 0.300001 -1.98276e-07 4.75248e-08 4.9575e-06
3.11988 3.1663e-06 -1.61017e-07 0.300001 -1.98276e-07 4.75248e-08 4.9575e-06
3.13998 3.1663e-06 -1.61017e-07 0.300001 -1.98276e-07 4.75248e-08 4.9575e-06
3.16046 3.1663e-06 -1.61017e-07 0.300001 -1.98276e-07 4.75248e-08 4.9575e-06
3.18099 3.1663e-06 -1.61017e-07 0.300001 -1.98276e-07 4.75248e-08 4.9575e-06
3.20144 3.1663e-06 -1.61017e-07 0.300001 -1.98276e-07 4.75248e-08 4.9575e-06
3.22053 3.1663e-06 -1.61017e-07 0.300001 -1.98276e-07 4.75248e-08 4.9575e-06
3.2406 3.1663e-06 -1.61017e-07 0.300001 -1.98276e-07 4.75248e-08 4.9575e-06
3.26318 3.1663e-06 -1.61017e-07 0.300001 -1.98276e-07 4.75248e-08 4.9575e-06
3.28099 3.1663e-06 -1.61017e-07 0.300001 -1.98276e-07 4.75248e-08 4.9575e-06
3.30155 3.1663e-06 -1.61017e-07 0.300001 -1.98276e-07 4.75248e-08 4.9575e-06
3.32199 3.1663e-06 -1.61017e-07 0.300001 -1.98276e-07 4.75248e-08 4.9575e-06
3.34165 3.1663e-06 -1.61017e-07 0.300001 -1.98276e-07 4.75248e-08 4.9575e-06
3.36317 3.1663e-06 -1.61017e-07 0.300001 -1.98276e-07 4.75248e-08 4.9575e-06
3.38182 3.1663e-06 -1.61017e-07 0.300001 -1.98276e-07 4.75248e-08 4.9575e-06
3.40267 3.1663e-06 -1.61017e-07 0.300001 -1.98276e-07 4.75248e-08 4.9575e-06
3.42191 3.1663e-06 -1.61017e-07 0.300001 -1.98276e-07 4.75248e-08 4.9575e-06
3.44207 3.1663e-06 -1.61017e-07 0.300001 -1.98276e-07 4.75248e-08 4.9575e-06
3.46259 3.1663e-06 -1.61017e-07 0.300001 -1.98276e-07 4.75248e-08 4.9575e-06
3.48289 3.1663e-06 -1.61017e-07 0.300001 -1.98276e-07 4.75248e-08 4.9575e-06
3.5045 3.1663e-06 -1.61017e-07 0.300001 -1.98276e-07 4.75248e-08 4.9575e-06
3.52285 3.1663e-06 -1.61017e-07 0.300001 -1.98276e-07 4.75248e-08 4.9575e-06
3.54281 3.1663e-06 -1.61017e-07 0.300001 -1.98276e-07 4.75248e-08 4.9575e-06
3.56358 3.1663e-06 -1.61017e-07 0.300001 -1.98276e-07 4.75248e-08 4.9575e-06
3.58338 3.1663e-06 -1.61017e-07 0.300001 -1.98276e-07 4.75248e-08 4.9575e-06
3.6045 3.1663e-06 -1.61017e-07 0.300001 -1.98276e-07 4.75248e-08 4.9575e-06
3.62357 3.1663e-06 -1.61017e-07 0.300001 -1.98276e-07 4.75248e-08 4.9575e-06
3.64403 3.1663e-06 -1.61017e-07 0.300001 -1.98276e-07 4.75248e-08 4.9575e-06
3.66449 3.1663e-06 -1.61017e-07 0.300001 -1.98276e-07 4.75248e-08 4.9575e-06
3.68387 3.1663e-06 -1.61017e-07 0.300001 -1.98276e-07 4.75248e-08 4.9575e-06
3.70451 3.1663e-06 -1.61017e-07 0.300001 -1.98276e-07 4.75248e-08 4.9575e-06
3.72433 3.1663e-06 -1.61017e-07 0.300001 -1.98276e-07 4.75248e-08 4.9575e-06
3.74444 3.1663e-06 -1.61017e-07 0.300001 -1.98276e-07 4.75248e-08 4.9575e-06
3.76497 3.1663e-06 -1.61017e-07 0.300001 -1.98276e-07 4.75248e-08 4.9575e-06
3.78482 3.1663e-06 -1.61017e-07 0.300001 -1.98276e-07 4.75248e-08 4.9575e-06
3.80625 3.1663e-06 -1.61017e-07 0.300001 -1.98276e-07 4.75248e-08 4.9575e-06
3.82482 3.1663e-06 -1.61017e-07 0.300001 -1.98276e-07 4.75248e-08 4.9575e-06
3.84512 3.1663e-06 -1.61017e-07 0.300001 -1.98276e-07 4.75248e-08 4.9575e-06
3.86597 3.1663e-06 -1.61017e-07 0.300001 -1.98276e-07 4.75248e-08 4.9575e-06
3.8854 3.1663e-06 -1.61017e-07 0.300001 -1.98276e-07 4.75248e-08 4.9575e-06
3.90748 3.1663e-06 -1.61017e-07 0.300001 -1.98276e-07 4.75248e-08 4.9575e-06
3.92556 3.1663e-06 -1.61017e-07 0.300001 -1.98276e-07 4.75248e-08 4.9575e-06
3.94566 3.1663e-06 -1.61017e-07 0.300001 -1.98276e-07 4.75248e-08 4.9575e-06
3.96765 3.1663e-06 -1.61017e-07 0.300001 -1.98276e-07 4.75248e-08 4.9575e-06
3.98585 3.1663e-06 -1.61017e-07 0.300001 -1.98276e-07 4.75248e-08 4.9575e-06
4.00668 3.1663e-06 -1.61017e-07 0.300001 -1.98276e-07 4.75248e-08 4.9575e-06
4.02674 3.1663e-06 -1.61017e-07 0.300001 -1.98276e-07 4.75248e-08 4.9575e-06
4.04666 3.1663e-06 -1.61017e-07 0.300001 -1.98276e-07 4.75248e-08 4.9575e-06
4.06707 3.1663e-06 -1.61017e-07 0.300001 -1.98276e-07 4.75248e-08 4.9575e-06
4.08674 3.1663e-06 -1.61017e-07 0.300001 -1.98276e-07 4.75248e-08 4.9575e-06
4.10989 3.1663e-06 -1.61017e-07 0.300001 -1.98276e-07 4.75248e-08 4.9575e-06
4.12714 3.1663e-06 -1.61017e-07 0.300001 -1.98276e-07 4.75248e-08 4.9575e-06
4.14719 3.1663e-06 -1.61017e-07 0.300001 -1.98276e-07 4.75248e-08 4.9575e-06
4.1691 3.1663e-06 -1.61017e-07 0.300001 -1.98276e-07 4.75248e-08 4.9575e-06
4.18828 3.1663e-06 -1.61017e-07 0.300001 -1.98276e-07 4.75248e-08 4.9575e-06
4.20896 3.1663e-06 -1.61017e-07 0.300001 -1.98276e-07 4.75248e-08 4.9575e-06
4.22787 3.1663e-06 -1.61017e-07 0.300001 -1.98276e-07 4.75248e-08 4.9575e-06
4.24804 3.1663e-06 -1.61017e-07 0.300001 -1.98276e-07 4.75248e-08 4.9575e-06
4.2684 3.1663e-06 -1.61017e-07 0.300001 -1.98276e-07 4.75248e-08 4.9575e-06
4.28841 3.1663e-06 -1.61017e-07 0.300001 -1.98276e-07 4.75248e-08 4.9575e-06
4.30972 3.1663e-06 -1.61017e-07 0.300001 -1.98276e-07 4.75248e-08 4.9575e-06
4.32915 3.1663e-06 -1.61017e-07 0.300001 -1.98276e-07 4.75248e-08 4.9575e-06
4.34894 3.1663e-06 -1.61017e-07 0.300001 -1.98276e-07 4.75248e-08 4.9575e-06
4.36926 3.1663e-06 -1.61017e-07 0.300001 -1.98276e-07 4.75248e-08 4.9575e-06
4.38904 3.1663e-06 -1.61017e-07 0.300001 -1.98276e-07 4.75248e-08 4.9575e-06
4.41003 3.1663e-06 -1.61017e-07 0.300001 -1.98276e-07 4.75248e-08 4.9575e-06
4.42976 3.1663e-06 -1.61017e-07 0.300001 -1.98276e-07 4.75248e-08 4.9575e-06
4.44943 3.1663e-06 -1.61017e-07 0.300001 -1.98276e-07 4.75248e-08 4.9575e-06
4.4699 3.1663e-06 -1.61017e-07 0.300001 -1.98276e-07 4.75248e-08 4.9575e-06
4.48999 3.1663e-06 -1.61017e-07 0.300001 -1.98276e-07 4.75248e-08 4.9575e-06
4.51037 3.1663e-06 -1.61017e-07 0.300001 -1.98276e-07 4.75248e-08 4.9575e-06
4.53013 3.1663e-06 -1.61017e-07 0.300001 -1.98276e-07 4.75248e-08 4.9575e-06
4.55012 3.1663e-06 -1.61017e-07 0.300001 -1.98276e-07 4.75248e-08 4.9575e-06
4.57096 3.1663e-06 -1.61017e-07 0.300001 -1.98276e-07 4.75248e-08 4.9575e-06
4.59065 3.1663e-06 -1.61017e-07 0.300001 -1.98276e-07 4.75248e-08 4.9575e-06
4.6118 3.1663e-06 -1.61017e-07 0.300001 -1.98276e-07 4.75248e-08 4.9575e-06
4.63083 3.1663e-06 -1.61017e-07 0.300001 -1.98276e-07 4.75248e-08 4.9575e-06
4.65089 3.1663e-06 -1.61017e-07 0.300001 -1.98276e-07 4.75248e-08 4.9575e-06
4.67242 3.1663e-06 -1.61017e-07 0.300001 -1.98276e-07 4.75248e-08 4.9575e-06
4.69103 3.1663e-06 -1.61017e-07 0.300001 -1.98276e-07 4.75248e-08 4.9575e-06
4.71278 3.1663e-06 -1.61017e-07 0.300001 -1.98276e-07 4.75248e-08 4.9575e-06
4.7318 3.1663e-06 -1.61017e-07 0.300001 -1.98276e-07 4.75248e-08 4.9575e-06
4.75156 3.1663e-06 -1.61017e-07 0.300001 -1.98276e-07 4.75248e-08 4.9575e-06
4.77218 3.1663e-06 -1.61017e-07 0.300001 -1.98276e-07 4.75248e-08 4.9575e-06
4.79188 3.1663e-06 -1.61017e-07 0.300001 -1.98276e-07 4.75248e-08 4.9575e-06
4.81397 3.1663e-06 -1.61017e-07 0.300001 -1.98276e-07 4.75248e-08 4.9575e-06
4.83267 3.1663e-06 -1.61017e-07 0.300001 -1.98276e-07 4.75248e-08 4.9575e-06
4.85224 3.1663e-06 -1.61017e-07 0.300001 -1.98276e-07 4.75248e-08 4.9575e-06
4.87387 3.1663e-06 -1.61017e-07 0.300001 -1.98276e-07 4.75248e-08 4.9575e-06
4.893 3.1663e-06 -1.61017e-07 0.300001 -1.98276e-07 4.75248e-08 4.9575e-06
4.91473 3.1663e-06 -1.61017e-07 0.300001 -1.98276e-07 4.75248e-08 4.9575e-06
4.93283 3.1663e-06 -1.61017e-07 0.300001 -1.98276e-07 4.75248e-08 4.9575e-06
4.9531 3.1663e-06 -1.61017e-07 0.300001 -1.98276e-07 4.75248e-08 4.9575e-06
4.97334 3.1663e-06 -1.61017e-07 0.300001 -1.98276e-07 4.75248e-08 4.9575e-06
4.99325 3.1663e-06 -1.61017e-07 0.300001 -1.98276e-07 4.75248e-08 4.9575e-06
5.01447 3.1663e-06 -1.61017e-07 0.300001 -1.98276e-07 4.75248e-08 4.9575e-06
5.03363 3.1663e-06 -1.61017e-07 0.300001 -1.98276e-07 4.75248e-08 4.9575e-06
5.05368 3.1663e-06 -1.61017e-07 0.300001 -1.98276e-07 4.75248e-08 4.9575e-06
5.07415 3.1663e-06 -1.61017e-07 0.300001 -1.98276e-07 4.75248e-08 4.9575e-06
5.09397 3.1663e-06 -1.61017e-07 0.300001 -1.98276e-07 4.75248e-08 4.9575e-06
5.11559 3.1663e-06 -1.61017e-07 0.300001 -1.98276e-07 4.75248e-08 4.9575e-06
5.13443 3.1663e-06 -1.61017e-07 0.300001 -1.98276e-07 4.75248e-08 4.9575e-06
5.15462 3.1663e-06 -1.61017e-07 0.300001 -1.98276e-07 4.75248e-08 4.9575e-06
5.17516 3.1663e-06 -1.61017e-07 0.300001 -1.98276e-07 4.75248e-08 4.9575e-06
5.1953 3.1663e-06 -1.61017e-07 0.300001 -1.98276e-07 4.75248e-08 4.9575e-06
5.21585 3.1663e-06 -1.61017e-07 0.300001 -1.98276e-07 4.75248e-08 4.9575e-06
5.23527 3.1663e-06 -1.61017e-07 0.300001 -1.98276e-07 4.75248e-08 4.9575e-06
5.25531 3.1663e-06 -1.61017e-07 0.300001 -1.98276e-07 4.75248e-08 4.9575e-06
5.27877 3.1663e-06 -1.61017e-07 0.300001 -1.98276e-07 4.75248e-08 4.9575e-06
5.29578 3.1663e-06 -1.61017e-07 0.300001 -1.98276e-07 4.75248e-08 4.9575e-06
5.31692 3.1663e-06 -1.61017e-07 0.300001 -1.98276e-07 4.75248e-08 4.9575e-06
5.33653 3.1663e-06 -1.61017e-07 0.300001 -1.98276e-07 4.75248e-08 4.9575e-06
5.35646 3.1663e-06 -1.61017e-07 0.300001 -1.98276e-07 4.75248e-08 4.9575e-06
5.37693 3.1663e-06 -1.61017e-07 0.300001 -1.98276e-07 4.75248e-08 4.9575e-06
5.39627 3.1663e-06 -1.61017e-07 0.300001 -1.98276e-07 4.75248e-08 4.9575e-06
5.41773 3.1663e-06 -1.61017e-07 0.300001 -1.98276e-07 4.75248e-08 4.9575e-06
5.43687 3.1663e-06 -1.61017e-07 0.300001 -1.98276e-07 4.75248e-08 4.9575e-06
5.45657 3.1663e-06 -1.61017e-07 0.300001 -1.98276e-07 4.75248e-08 4.9575e-06
5.47759 3.1663e-06 -1.61017e-07 0.300001 -1.98276e-07 4.75248e-08 4.9575e-06
5.49677 3.1663e-06 -1.61017e-07 0.300001 -1.98276e-07 4.75248e-08 4.9575e-06
5.51778 3.1663e-06 -1.61017e-07 0.300001 -1.98276e-07 4.75248e-08 4.9575e-06
5.5373 3.1663e-06 -1.61017e-07 0.300001 -1.98276e-07 4.75248e-08 4.9575e-06
5.5573 3.1663e-06 -1.61017e-07 0.300001 -1.98276e-07 4.75248e-08 4.9575e-06
5.58131 3.1663e-06 -1.61017e-07 0.300001 -1.98276e-07 4.75248e-08 4.9575e-06
5.59805 3.1663e-06 -1.61017e-07 0.300001 -1.98276e-07 4.75248e-08 4.9575e-06
5.61929 3.1663e-06 -1.61017e-07 0.300001 -1.98276e-07 4.75248e-08 4.9575e-06
5.63824 3.1663e-06 -1.61017e-07 0.300001 -1.98276e-07 4.75248e-08 4.9575e-06
5.65871 3.1663e-06 -1.61017e-07 0.300001 -1.98276e-07 4.75248e-08 4.9575e-06
5.6793 3.1663e-06 -1.61017e-07 0.300001 -1.98276e-07 4.75248e-08 4.9575e-06
5.69854 3.1663e-06 -1.61017e-07 0.300001 -1.98276e-07 4.75248e-08 4.9575e-06
5.71921 3.1663e-06 -1.61017e-07 0.300001 -1.98276e-07 4.75248e-08 4.9575e-06
5.73944 3.1663e-06 -1.61017e-07 0.300001 -1.98276e-07 4.75248e-08 4.9575e-06
5.75889 3.1663e-06 -1.61017e-07 0.300001 -1.98276e-07 4.75248e-08 4.9575e-06
5.77968 3.1663e-06 -1.61017e-07 0.300001 -1.98276e-07 4.75248e-08 4.9575e-06
5.79906 3.1663e-06 -1.61017e-07 0.300001 -1.98276e-07 4.75248e-08 4.9575e-06
5.82025 3.1663e-06 -1.61017e-07 0.300001 -1.98276e-07 4.75248e-08 4.9575e-06
5.83971 3.1663e-06 -1.61017e-07 0.300001 -1.98276e-07 4.75248e-08 4.9575e-06
5.85961 3.1663e-06 -1.61017e-07 0.300001 -1.98276e-07 4.75248e-08 4.9575e-06
5.88079 3.1663e-06 -1.61017e-07 0.300001 -1.98276e-07 4.75248e-08 4.9575e-06
5.8999 3.1663e-06 -1.61017e-07 0.300001 -1.98276e-07 4.75248e-08 4.9575e-06
5.92129 3.1663e-06 -1.61017e-07 0.300001 -1.98276e-07 4.75248e-08 4.9575e-06
5.94 3.1663e-06 -1.61017e-07 0.300001 -1.98276e-07 4.75248e-08 4.9575e-06
5.96016 3.1663e-06 -1.61017e-07 0.300001 -1.98276e-07 4.75248e-08 4.9575e-06
5.98078 3.1663e-06 -1.61017e-07 0.300001 -1.98276e-07 4.75248e-08 4.9575e-06
6.00053 3.1663e-06 -1.61017e-07 0.300001 -1.98276e-07 4.75248e-08 4.9575e-06
6.02133 3.1663e-06 -1.61017e-07 0.300001 -1.98276e-07 4.75248e-08 4.9575e-06
6.04082 3.1663e-06 -1.61017e-07 0.300001 -1.98276e-07 4.75248e-08 4.9575e-06
6.06093 3.1663e-06 -1.61017e-07 0.300001 -1.98276e-07 4.75248e-08 4.9575e-06
6.08143 3.1663e-06 -1.61017e-07 0.300001 -1.98276e-07 4.75248e-08 4.9575e-06
6.10102 3.1663e-06 -1.61017e-07 0.300001 -1.98276e-07 4.75248e-08 4.9575e-06
6.12236 3.1663e-06 -1.61017e-07 0.300001 -1.98276e-07 4.75248e-08 4.9575e-06
6.14157 3.1663e-06 -1.61017e-07 0.300001 -1.98276e-07 4.75248e-08 4.9575e-06
6.16142 3.1663e-06 -1.61017e-07 0.300001 -1.98276e-07 4.75248e-08 4.9575e-06
6.18191 3.1663e-06 -1.61017e-07 0.300001 -1.98276e-07 4.75248e-08 4.9575e-06
6.20215 3.1663e-06 -1.61017e-07 0.300001 -1.98276e-07 4.75248e-08 4.9575e-06
6.22374 3.1663e-06 -1.61017e-07 0.300001 -1.98276e-07 4.75248e-08 4.9575e-06
6.24169 3.1663e-06 -1.61017e-07 0.300001 -1.98276e-07 4.75248e-08 4.9575e-06
6.2619 3.1663e-06 -1.61017e-07 0.300001 -1.98276e-07 4.75248e-08 4.9575e-06
6.28293 3.1663e-06 -1.61017e-07 0.300001 -1.98276e-07 4.75248e-08 4.9575e-06
6.30241 3.1663e-06 -1.61017e-07 0.300001 -1.98276e-07 4.75248e-08 4.9575e-06
6.32357 3.1663e-06 -1.61017e-07 0.300001 -1.98276e-07 4.75248e-08 4.9575e-06
6.34256 3.1663e-06 -1.61017e-07 0.300001 -1.98276e-07 4.75248e-08 4.9575e-06
6.36299 3.1663e-06 -1.61017e-07 0.300001 -1.98276e-07 4.75248e-08 4.9575e-06
6.38306 3.1663e-06 -1.61017e-07 0.300001 -1.98276e-07 4.75248e-08 4.9575e-06
6.40307 3.1663e-06 -1.61017e-07 0.300001 -1.98276e-07 4.75248e-08 4.9575e-06
6.42422 3.1663e-06 -1.61017e-07 0.300001 -1.98276e-07 4.75248e-08 4.9575e-06
6.44346 3.1663e-06 -1.61017e-07 0.300001 -1.98276e-07 4.75248e-08 4.9575e-06
6.46358 3.1663e-06 -1.61017e-07 0.300001 -1.98276e-07 4.75248e-08 4.9575e-06
6.48814 3.1663e-06 -1.61017e-07 0.300001 -1.98276e-07 4.75248e-08 4.9575e-06
6.50406 3.1663e-06 -1.61017e-07 0.300001 -1.98276e-07 4.75248e-08 4.9575e-06
6.52555 3.1663e-06 -1.61017e-07 0.300001 -1.98276e-07 4.75248e-08 4.9575e-06
6.54431 3.1663e-06 -1.61017e-07 0.300001 -1.98276e-07 4.75248e-08 4.9575e-06
6.56424 3.1663e-06 -1.61017e-07 0.300001 -1.98276e-07 4.75248e-08 4.9575e-06
6.58549 3.1663e-06 -1.61017e-07 0.300001 -1.98276e-07 4.75248e-08 4.9575e-06
6.60477 3.1663e-06 -1.61017e-07 0.300001 -1.98276e-07 4.75248e-08 4.9575e-06
6.62613 3.1663e-06 -1.61017e-07 0.300001 -1.98276e-07 4.75248e-08 4.9575e-06
6.64471 3.1663e-06 -1.61017e-07 0.300001 -1.98276e-07 4.75248e-08 4.9575e-06
6.66483 3.1663e-06 -1.61017e-07 0.300001 -1.98276e-07 4.75248e-08 4.9575e-06
6.68724 3.1663e-06 -1.61017e-07 0.300001 -1.98276e-07 4.75248e-08 4.9575e-06
6.70522 3.1663e-06 -1.61017e-07 0.300001 -1.98276e-07 4.75248e-08 4.9575e-06
6.72613 3.1663e-06 -1.61017e-07 0.300001 -1.98276e-07 4.75248e-08 4.9575e-06
6.74554 3.1663e-06 -1.61017e-07 0.300001 -1.98276e-07 4.75248e-08 4.9575e-06
6.76566 3.1663e-06 -1.61017e-07 0.300001 -1.98276e-07 4.75248e-08 4.9575e-06
6.78666 3.1663e-06 -1.61017e-07 0.300001 -1.98276e-07 4.75248e-08 4.9575e-06
6.80612 3.1663e-06 -1.61017e-07 0.300001 -1.98276e-07 4.75248e-08 4.9575e-06
6.82771 3.1663e-06 -1.61017e-07 0.300001 -1.98276e-07 4.75248e-08 4.9575e-06
6.84654 3.1663e-06 -1.61017e-07 0.300001 -1.98276e-07 4.75248e-08 4.9575e-06
6.86658 3.1663e-06 -1.61017e-07 0.300001 -1.98276e-07 4.75248e-08 4.9575e-06
6.88703 3.1663e-06 -1.61017e-07 0.300001 -1.98276e-07 4.75248e-08 4.9575e-06
6.90717 3.1663e-06 -1.61017e-07 0.300001 -1.98276e-07 4.75248e-08 4.9575e-06
6.92857 3.1663e-06 -1.61017e-07 0.300001 -1.98276e-07 4.75248e-08 4.9575e-06
6.947 -1.10388e-05 1.28415e-07 0.299931 -4.46555e-07 -0.000351199 4.88648e-06
6.96712 -5.87082e-06 1.23131e-07 0.299935 -4.28831e-07 -0.000333973 4.8867e-06
6.98903 -9.59197e-07 1.18832e-07 0.299938 -4.14416e-07 -0.000317601 4.88674e-06
7.00773 3.71099e-06 1.14897e-07 0.299941 -4.01223e-07 -0.000302034 4.88674e-06
7.02892 8.15229e-06 1.111e-07 0.299944 -3.88492e-07 -0.00028723 4.88673e-06
7.04812 1.23759e-05 1.07439e-07 0.299947 -3.7622e-07 -0.000273151 4.88672e-06
7.06832 1.63925e-05 1.0394e-07 0.29995 -3.64492e-07 -0.000259762 4.88672e-06
7.08874 2.02123e-05 1.00623e-07 0.299952 -3.53372e-07 -0.00024703 4.88671e-06
7.10849 2.38449e-05 9.74632e-08 0.299955 -3.42781e-07 -0.000234921 4.88671e-06
7.13096 2.72995e-05 9.44102e-08 0.299957 -3.32548e-07 -0.000223406 4.8867e-06
7.14883 3.05847e-05 9.1448e-08 0.299959 -3.22621e-07 -0.000212456 4.8867e-06
7.16872 3.37089e-05 8.86052e-08 0.299961 -3.13094e-07 -0.000202041 4.8867e-06
7.18922 3.60977e-05 8.64348e-08 0.299963 -3.0582e-07 -0.000194079 4.88669e-06
7.20928 3.95056e-05 8.33316e-08 0.299965 -2.95421e-07 -0.000182719 4.88669e-06
7.23004 4.16659e-05 8.13241e-08 0.299966 -2.88694e-07 -0.000175518 4.88669e-06
7.24942 4.47479e-05 7.83889e-08 0.299969 -2.7886e-07 -0.000165245 4.88669e-06
7.26943 4.67017e-05 7.65065e-08 0.29997 -2.72554e-07 -0.000158732 4.88668e-06
7.29091 4.9489e-05 7.38256e-08 0.299972 -2.63572e-07 -0.000149441 4.88668e-06
7.30965 5.1256e-05 7.21064e-08 0.299973 -2.57812e-07 -0.000143552 4.88668e-06
7.33164 5.37768e-05 6.95722e-08 0.299975 -2.49324e-07 -0.000135149 4.88668e-06
7.34979 5.53748e-05 6.79273e-08 0.299976 -2.43815e-07 -0.000129822 4.88668e-06
7.37016 5.76546e-05 6.55723e-08 0.299977 -2.35928e-07 -0.000122223 4.88667e-06
7.39073 5.90999e-05 6.40672e-08 0.299978 -2.30887e-07 -0.000117406 4.88667e-06
7.4102 6.11616e-05 6.1842e-08 0.29998 -2.23437e-07 -0.000110533 4.88667e-06
7.43279 6.24687e-05 6.03849e-08 0.29998 -2.18558e-07 -0.000106176 4.88667e-06
7.45104 6.43333e-05 5.82876e-08 0.299982 -2.11537e-07 -9.99607e-05 4.88667e-06
7.47062 6.52243e-05 5.72776e-08 0.299982 -2.08156e-07 -9.69907e-05 4.88667e-06
7.49128 6.69277e-05 5.52771e-08 0.299983 -2.0146e-07 -9.13128e-05 4.88667e-06
7.51084 6.85314e-05 5.33083e-08 0.299984 -1.94871e-07 -8.59671e-05 4.88667e-06
7.53371 6.92978e-05 5.23569e-08 0.299985 -1.91687e-07 -8.34127e-05 4.88667e-06
7.55133 7.07628e-05 5.05092e-08 0.299986 -1.85504e-07 -7.85293e-05 4.88667e-06
7.57165 7.21421e-05 4.86715e-08 0.299987 -1.79356e-07 -7.39317e-05 4.88667e-06
7.5927 7.28012e-05 4.77645e-08 0.299987 -1.76322e-07 -7.17348e-05 4.88667e-06
7.61216 7.40612e-05 4.60069e-08 0.299988 -1.70443e-07 -6.75347e-05 4.88666e-06
7.63369 7.46633e-05 4.51443e-08 0.299989 -1.67558e-07 -6.55278e-05 4.88667e-06
7.65214 7.61828e-05 4.28409e-08 0.29999 -1.59855e-07 -6.04626e-05 4.88666e-06
7.67245 7.6898e-05 4.17173e-08 0.29999 -1.56098e-07 -5.80787e-05 4.88666e-06
7.69394 7.75851e-05 4.06143e-08 0.29999 -1.5241e-07 -5.57886e-05 4.88666e-06
7.7127 7.8245e-05 3.9509e-08 0.299991 -1.48715e-07 -5.35888e-05 4.88666e-06
7.73331 7.94879e-05 3.73125e-08 0.299992 -1.41373e-07 -4.94459e-05 4.88666e-06
7.75281 8.02155e-05 3.59713e-08 0.299992 -1.36891e-07 -4.70207e-05 4.88666e-06
7.77324 8.09074e-05 3.46225e-08 0.299993 -1.32384e-07 -4.47143e-05 4.88666e-06
7.79615 8.15654e-05 3.32818e-08 0.299993 -1.27904e-07 -4.2521e-05 4.88666e-06
7.81355 8.21911e-05 3.19576e-08 0.299994 -1.2348e-07 -4.04351e-05 4.88666e-06
7.83538 8.21911e-05 3.19576e-08 0.299994 -1.2348e-07 -4.04351e-05 4.88666e-06
7.85389 8.29017e-05 3.0359e-08 0.299994 -1.1814e-07 -3.80665e-05 4.88666e-06
7.87389 8.35707e-05 2.87672e-08 0.299995 -1.12823e-07 -3.58366e-05 4.88666e-06
7.89482 8.42006e-05 2.71783e-08 0.299995 -1.07516e-07 -3.37371e-05 4.88666e-06
7.91479 8.49462e-05 2.53058e-08 0.299995 -1.4339e-07 -3.14419e-05 4.9791e-06
7.93524 8.49462e-05 2.53058e-08 0.299995 -1.4339e-07 -3.14419e-05 4.9791e-06
7.9547 8.62595e-05 2.12195e-08 0.299996 -1.29748e-07 -2.70639e-05 4.9791e-06
7.97455 0.000105661 -1.57157e-07 0.30001 -1.23737e-07 3.94061e-05 5.86251e-06
7.99506 0.000152045 -4.22054e-07 0.300102 2.82648e-05 0.00049982 2.07581e-05
8.01474 0.000212248 -5.74925e-06 0.300356 3.34844e-05 0.00174173 6.72649e-05
8.03531 0.000279155 -1.37034e-05 0.30085 0.000192527 0.00322946 9.40691e-05
8.05497 0.000355914 -2.27042e-05 0.301669 0.000394501 0.00477012 0.0001174
8.07526 0.000448517 -3.33385e-05 0.302894 0.000585989 0.00622674 0.00014161
8.09569 0.000562533 -4.65659e-05 0.304595 0.000785707 0.0074308 0.00016286
8.11548 0.000703952 -6.31126e-05 0.306838 0.000962114 0.00868675 0.000181788
8.13712 0.000866259 -8.38302e-05 0.309674 0.00111909 0.00950923 0.0001978
8.15602 0.00105755 -0.000109403 0.313152 0.00124478 0.0102633 0.00021295
8.17563 0.00128124 -0.000140364 0.317315 0.00133106 0.0109082 0.000223129
8.19642 0.00154222 -0.000177263 0.322197 0.00139339 0.0114253 0.000233492
8.21611 0.00183259 -0.000220351 0.327828 0.00142275 0.0116819 0.000243155
8.23857 0.00215276 -0.000269783 0.334238 0.00141925 0.0118042 0.000251782
8.25658 0.00250438 -0.000325568 0.341447 0.00138965 0.0119568 0.000255664
8.27653 0.00288741 -0.000387639 0.349474 0.00134234 0.0120089 0.000257428
8.29874 0.00330214 -0.000455781 0.358337 0.00127497 0.0119659 0.000261697
8.31716 0.00374752 -0.000529671 0.36805 0.00119517 0.0119742 0.00025993
8.3379 0.00421226 -0.000608956 0.378625 0.00110336 0.0117838 0.000257
8.35724 0.00469896 -0.000693211 0.390073 0.0010018 0.0116591 0.00025508
8.37742 0.00520649 -0.000782 0.402402 0.000896952 0.011518 0.000257661
8.39769 0.00573394 -0.000874748 0.415618 0.000782695 0.0113304 0.00026091
8.41746 0.00628053 -0.000970904 0.42972 0.000663979 0.0111263 0.000262157
8.43813 0.00684507 -0.00106986 0.444652 0.000543381 0.0109179 0.00026055
8.45814 0.00742591 -0.00117107 0.460315 0.000433206 0.0106678 0.000257896
8.47803 0.00802137 -0.00127399 0.476591 0.00034099 0.0103684 0.000253158
8.49839 0.00862985 -0.0013781 0.493363 0.000252812 0.0100538 0.000247204
8.51816 0.00924868 -0.00148297 0.51052 0.000168756 0.00979724 0.000242103
8.54003 0.00986575 -0.00158821 0.527963 8.81832e-05 0.00932578 0.000235016
8.55866 0.0104923 -0.00169346 0.545606 7.17439e-06 0.00907676 0.000227831
8.57881 0.0111124 -0.00179843 0.563372 -6.77131e-05 0.00860052 0.000221277
8.59912 0.0117392 -0.00190278 0.5812 -0.00014145 0.00833758 0.000214464
8.61905 0.01236 -0.00200628 0.599024 -0.000206589 0.00797677 0.000205649
8.64028 0.0129748 -0.00210868 0.616782 -0.00026368 0.00761557 0.000198649
8.65925 0.0135829 -0.00220981 0.634425 -0.000310501 0.00731608 0.00019125
8.67949 0.0141848 -0.00230944 0.651914 -0.000352388 0.00703809 0.000182242
8.70001 0.0147786 -0.00240744 0.669212 -0.000394033 0.00680377 0.000174389
8.71958 0.0153623 -0.00250364 0.686285 -0.000437872 0.00653999 0.000166232
8.74061 0.0159351 -0.00259787 0.703106 -0.000486203 0.00627988 0.000156059
8.7599 0.0164963 -0.00269003 0.719648 -0.000532102 0.00603247 0.000146228
8.78026 0.017045 -0.00277998 0.735889 -0.000574283 0.00579654 0.000136883
8.80119 0.0175805 -0.00286757 0.75181 -0.000614493 0.00556837 0.000127911
8.82034 0.0181021 -0.00295267 0.767397 -0.000652305 0.00535938 0.000119182
8.84175 0.0186091 -0.0030352 0.782643 -0.000680784 0.00518234 0.000110466
8.86054 0.019101 -0.00311501 0.797548 -0.000710047 0.00501832 0.000101734
8.88068 0.0195769 -0.00319204 0.812131 -0.000731736 0.00484578 9.48659e-05
8.90102 0.0200363 -0.00326619 0.8264 -0.000749294 0.00468059 8.8405e-05
8.92138 0.0204788 -0.00333743 0.840359 -0.0007572 0.00455189 8.10099e-05
8.94258 0.0209033 -0.0034057 0.854007 -0.000761982 0.00436071 7.34207e-05
8.96159 0.0213208 -0.00347105 0.867344 -0.000758785 0.00437449 6.68483e-05
8.98155 0.021716 -0.00353343 0.880376 -0.000753856 0.00411954 6.06871e-05
9.00209 0.0221007 -0.00359276 0.893128 -0.00076281 0.00404571 5.47762e-05
9.02194 0.022476 -0.00364909 0.905611 -0.000773544 0.0041146 4.94006e-05
9.04282 0.0228305 -0.00370245 0.917828 -0.000773443 0.00394767 4.2008e-05
9.06215 0.0231647 -0.00375283 0.929782 -0.000767158 0.00370044 3.53975e-05
9.08289 0.0234903 -0.00380023 0.941477 -0.000760251 0.00375862 2.99499e-05
9.10441 0.0237926 -0.00384467 0.952916 -0.000755267 0.00353558 2.56813e-05
9.12263 0.024083 -0.00388617 0.964111 -0.000750867 0.00347111 2.08156e-05
9.14434 0.0243576 -0.00392474 0.975063 -0.000748585 0.00341466 1.67393e-05
9.16323 0.0246196 -0.00396037 0.985772 -0.000754016 0.003437 1.24073e-05
9.18323 0.0248598 -0.00399314 0.996227 -0.000754299 0.00329977 7.90101e-06
9.20362 0.0250803 -0.00402302 1.0064 -0.000755098 0.00309034 2.50416e-06
9.22332 0.0252887 -0.00404999 1.01636 -0.000759051 0.0030745 -1.42072e-06
9.245 0.0254814 -0.00407411 1.02614 -0.000747452 0.00298881 -6.05497e-06
9.26369 0.0256584 -0.00409537 1.03573 -0.000730174 0.00288214 -1.0917e-05
9.28396 0.0258196 -0.0041138 1.04514 -0.000717591 0.00281545 -1.58311e-05
9.30626 0.0259648 -0.00412949 1.05436 -0.000701313 0.0027637 -1.89605e-05
9.32451 0.0260937 -0.00414247 1.06342 -0.000689333 0.00271805 -2.34883e-05
9.34568 0.0262062 -0.00415273 1.0723 -0.000687074 0.00266804 -2.81257e-05
9.36457 0.0263019 -0.00416047 1.08103 -0.000667568 0.00261038 -3.24546e-05
9.38488 0.026381 -0.00416579 1.08956 -0.00063369 0.00254296 -3.51587e-05
9.4052 0.0264434 -0.00416871 1.09782 -0.000607869 0.00245275 -3.88201e-05
9.42506 0.0264889 -0.00416934 1.10583 -0.000588208 0.0023702 -4.29033e-05
9.44578 0.0265173 -0.00416771 1.11361 -0.000580141 0.00229333 -4.6364e-05
9.46574 0.0265285 -0.00416387 1.1211 -0.000592268 0.00220641 -4.65697e-05
9.48564 0.0265224 -0.00415778 1.12829 -0.000620689 0.00213299 -4.93598e-05
9.50592 0.0264986 -0.00414949 1.1352 -0.000638531 0.00206761 -5.27836e-05
9.52585 0.0264554 -0.00413888 1.14189 -0.000652466 0.0019621 -5.48272e-05
9.54725 0.0264026 -0.00412588 1.14838 -0.000661471 0.00192944 -5.79249e-05
9.56618 0.0263379 -0.00411052 1.1547 -0.00065749 0.00195354 -6.11932e-05
9.58628 0.0262593 -0.00409285 1.16086 -0.00063287 0.00186038 -6.39397e-05
9.60733 0.0261686 -0.00407287 1.16688 -0.000603788 0.0018365 -6.47739e-05
9.62703 0.0260638 -0.0040506 1.17279 -0.000584911 0.00173574 -6.40989e-05
9.64799 0.0259476 -0.00402613 1.17859 -0.000568608 0.00174244 -6.46584e-05
9.66716 0.0258192 -0.00399954 1.1843 -0.000555007 0.00173351 -6.60531e-05
9.68795 0.0256799 -0.00397084 1.18992 -0.000551748 0.0017341 -6.6319e-05
9.70829 0.0255202 -0.0039401 1.19539 -0.000557392 0.0017374 -6.72236e-05
9.72785 0.02534 -0.00390736 1.20058 -0.000572339 0.00159691 -6.51334e-05
9.74913 0.02515 -0.00387259 1.20558 -0.000584912 0.00167076 -6.49571e-05
9.76822 0.0249476 -0.0038358 1.21052 -0.000575258 0.00168677 -6.58982e-05
9.78894 0.0247327 -0.0037969 1.21543 -0.000562086 0.00165027 -6.57894e-05
9.80899 0.0245057 -0.00375592 1.22033 -0.000552118 0.00165362 -6.45672e-05
9.82852 0.0242666 -0.00371299 1.22514 -0.000532846 0.00165241 -6.44309e-05
9.84961 0.0240156 -0.00366814 1.22979 -0.000520569 0.00162137 -6.48934e-05
9.86912 0.0237527 -0.00362148 1.23431 -0.000505432 0.0015887 -6.55161e-05
9.88931 0.0234752 -0.00357305 1.23872 -0.000488022 0.0014554 -6.60829e-05
9.90946 0.0231943 -0.00352289 1.24304 -0.000471956 0.0014832 -6.68159e-05
9.92947 0.0229018 -0.00347107 1.24729 -0.000457278 0.00149548 -6.60406e-05
9.95039 0.0226061 -0.00341765 1.25149 -0.000441062 0.00145555 -6.53091e-05
9.96953 0.0223044 -0.00336275 1.25563 -0.000415682 0.00137911 -6.5479e-05
9.9895 0.0219956 -0.00330645 1.25974 -0.000384188 0.0013551 -6.29899e-05
10.0113 0.0216815 -0.00324888 1.26383 -0.000345424 0.00133686 -6.17898e-05
10.0301 0.0213618 -0.00319017 1.2679 -0.000301408 0.0012937 -6.14564e-05
10.0513 0.0210367 -0.00313044 1.27197 -0.000263023 0.00126227 -6.13184e-05
10.0701 0.020706 -0.00306972 1.27604 -0.000247203 0.001231 -6.30075e-05
10.091 0.0203695 -0.00300822 1.2801 -0.000233551 0.00120619 -6.33421e-05
10.1107 0.0200271 -0.00294615 1.28419 -0.00019556 0.0011809 -6.2399e-05
10.1306 0.0196787 -0.00288358 1.28828 -0.000147954 0.00114384 -6.05603e-05
10.1514 0.0193244 -0.00282056 1.29241 -0.000112094 0.00114533 -5.87562e-05
10.1713 0.0189618 -0.00275719 1.29655 -9.55339e-05 0.00108782 -5.65442e-05
10.1912 0.0186 -0.00269356 1.30073 -9.07462e-05 0.00108913 -5.54814e-05
10.2122 0.01824 -0.00262979 1.30493 -8.46623e-05 0.001111 -5.48139e-05
10.2317 0.0178815 -0.00256595 1.30916 -6.87895e-05 0.0010853 -5.4213e-05
10.2538 0.0175244 -0.0025021 1.31342 -4.41301e-05 0.0010405 -5.50625e-05
10.2724 0.0171688 -0.00243827 1.31769 -2.04262e-05 0.00100205 -5.5268e-05
10.2923 0.0168144 -0.00237448 1.32199 -1.20339e-05 0.000958849 -5.51661e-05
10.3128 0.0164611 -0.00231079 1.32629 -1.41726e-05 0.000914497 -5.49243e-05
10.3326 0.0161087 -0.00224731 1.33061 -6.0222e-06 0.000866838 -5.46412e-05
10.354 0.0157571 -0.00218405 1.33493 8.95079e-06 0.000822801 -5.43348e-05
10.3725 0.015406 -0.00212098 1.33926 1.54922e-05 0.00077908 -5.40032e-05
10.393 0.0150553 -0.00205816 1.34359 1.92112e-05 0.000740837 -5.36665e-05
10.4128 0.0147048 -0.0019957 1.34791 3.59746e-05 0.0007016 -5.23895e-05
10.4327 0.0143544 -0.00193361 1.35222 5.79127e-05 0.000666081 -5.15434e-05
10.4535 0.0140039 -0.00187188 1.35653 6.7301e-05 0.000622248 -5.0875e-05
10.4732 0.0136532 -0.00181053 1.36082 6.36587e-05 0.000576903 -5.02826e-05
10.4936 0.0133021 -0.00174961 1.36509 5.79445e-05 0.000543125 -5.06936e-05
10.5151 0.0129505 -0.00168918 1.36935 6.38293e-05 0.000511908 -5.07123e-05
10.5343 0.0125982 -0.00162925 1.37359 7.82959e-05 0.000493997 -5.00862e-05
10.557 0.0122454 -0.00156981 1.3778 9.09322e-05 0.000486217 -4.90775e-05
10.5747 0.0118917 -0.00151082 1.38199 8.74876e-05 0.000471395 -4.83231e-05
10.5946 0.0115371 -0.00145226 1.38615 6.67015e-05 0.00045022 -4.64865e-05
10.6152 0.0111818 -0.00139415 1.39028 4.42526e-05 0.00044665 -4.2589e-05
10.6351 0.0108257 -0.00133646 1.39439 3.50381e-05 0.000454402 -4.0484e-05
10.6573 0.0104686 -0.00127921 1.39846 4.5479e-05 0.000461835 -3.92979e-05
10.6753 0.0101096 -0.00122236 1.4025 6.24883e-05 0.000414035 -4.00221e-05
10.6953 0.00975391 -0.00116592 1.40651 7.62785e-05 0.000442582 -3.86626e-05
10.7157 0.00940106 -0.00110992 1.41049 8.42328e-05 0.000465489 -3.76864e-05
10.7359 0.00905088 -0.00105443 1.41444 9.19365e-05 0.000443514 -3.67766e-05
10.7578 0.00870358 -0.000999437 1.41835 9.33658e-05 0.000425114 -3.58562e-05
10.7761 0.0083591 -0.000944984 1.42224 9.46097e-05 0.000417557 -3.49456e-05
10.7965 0.00801738 -0.000891102 1.42608 9.94065e-05 0.000413383 -3.30919e-05
10.8169 0.00767832 -0.000837723 1.42989 9.53342e-05 0.00040222 -3.17546e-05
10.8363 0.00734194 -0.00078486 1.43367 8.77137e-05 0.000397309 -3.11331e-05
10.8573 0.00700823 -0.000732474 1.4374 7.49167e-05 0.000398047 -3.0754e-05
10.8769 0.00667715 -0.000680514 1.4411 5.51473e-05 0.000402287 -2.88906e-05
10.897 0.00634865 -0.000628841 1.44475 2.26918e-05 0.000399104 -2.95602e-05
10.9176 0.00602272 -0.000577468 1.44837 -6.64912e-06 0.000389681 -2.48056e-05
10.9378 0.00569939 -0.000526274 1.45195 -2.73308e-05 0.000387096 -2.20698e-05
10.9581 0.00537856 -0.000475083 1.45549 -5.46995e-05 0.000377093 -2.12739e-05
10.9776 0.00506015 -0.000423873 1.459 -7.71958e-05 0.000356142 -2.02682e-05
10.9976 0.00474336 -0.000372632 1.46245 -8.2456e-05 0.000338122 -1.90058e-05
11.0182 0.00443377 -0.000321249 1.46588 -8.39175e-05 0.00037697 -1.88431e-05
11.0379 0.00412565 -0.000269766 1.46926 -7.56485e-05 0.000336209 -1.84305e-05
11.0592 0.00382028 -0.00021827 1.4726 -4.82989e-05 0.000291804 -1.77568e-05
11.0786 0.00351704 -0.000166869 1.47589 -2.27587e-06 0.000205465 -1.69702e-05
11.099 0.0032204 -0.000115574 1.47915 3.49318e-05 0.000248728 -1.61016e-05
11.1189 0.0029296 -6.44865e-05 1.48237 5.59541e-05 0.000279993 -1.47308e-05
11.139 0.00264442 -1.37868e-05 1.48555 7.72385e-05 0.000243798 -1.28069e-05
11.1602 0.00236441 3.6388e-05 1.48869 0.000108917 0.000218579 -1.15534e-05
11.1792 0.00209046 8.59904e-05 1.49181 0.000138152 0.000216932 -1.04512e-05
11.1993 0.00181855 0.000134969 1.49487 0.000156111 0.000177694 -1.02793e-05
11.2206 0.00154753 0.000183229 1.49787 0.000166362 0.000109556 -9.50323e-06
11.2396 0.00128264 0.000230672 1.50084 0.000178064 0.000102177 -7.729e-06
11.2615 0.00102299 0.000277241 1.50377 0.00019483 9.52506e-05 -6.05969e-06
11.28 0.000768505 0.00032288 1.50665 0.000215593 8.12448e-05 -4.73266e-06
11.3 0.0005192 0.000367549 1.50948 0.000233394 7.90982e-05 -2.34607e-06
11.3208 0.000274964 0.000411177 1.51226 0.000250228 7.24151e-05 -7.16396e-07
11.3406 3.57093e-05 0.000453762 1.51501 0.000256086 5.3305e-05 6.37033e-07
11.3611 -0.000198447 0.000495155 1.51771 0.000270266 5.57595e-05 3.54248e-06
11.3808 -0.000427652 0.000535339 1.52037 0.000289444 5.69925e-05 6.18182e-06
11.4008 -0.000651948 0.000574247 1.52296 0.000313523 5.5026e-05 8.24575e-06
11.4211 -0.000871224 0.00061188 1.5255 0.000328719 7.27368e-05 8.98192e-06
11.4412 -0.00108556 0.000648195 1.52799 0.000330621 8.40123e-05 1.00054e-05
11.4626 -0.00129495 0.000683201 1.53045 0.000316331 8.12207e-05 1.14035e-05
11.4817 -0.00149931 0.000716879 1.53288 0.0002994 8.61296e-05 1.28853e-05
11.5017 -0.00169863 0.000749301 1.53528 0.000280145 9.70765e-05 1.43839e-05
11.5226 -0.00189303 0.000780607 1.53764 0.000247198 9.3066e-05 1.73022e-05
11.5419 -0.00208256 0.000810779 1.53998 0.000227054 6.62832e-05 1.91902e-05
11.5637 -0.00226719 0.000839927 1.5423 0.000215036 4.34637e-05 2.02075e-05
11.5822 -0.00244692 0.00086816 1.54459 0.000201664 4.32557e-05 2.02491e-05
11.6023 -0.00262192 0.000895433 1.54684 0.000202864 3.99743e-05 1.97073e-05
11.6226 -0.00279217 0.00092175 1.54907 0.000215742 3.99687e-05 2.02796e-05
11.6427 -0.00295722 0.000947118 1.5513 0.000231631 0.00010826 2.11637e-05
11.6642 -0.00312234 0.000971546 1.55349 0.000240995 4.24769e-05 2.108e-05
11.6826 -0.00328127 0.000994993 1.55568 0.000245147 6.22519e-05 1.92908e-05
11.7026 -0.0034354 0.00101744 1.55785 0.000243134 8.60755e-05 1.85645e-05
11.7248 -0.00358487 0.00103884 1.56001 0.000244612 7.68662e-05 1.84818e-05
11.7436 -0.0037295 0.00105924 1.56214 0.000240452 7.45059e-05 1.93634e-05
11.7646 -0.00386895 0.00107867 1.56427 0.000230238 0.00013437 2.06077e-05
11.7836 -0.00400689 0.00109714 1.56638 0.000220265 0.000156568 2.18234e-05
11.8038 -0.00414359 0.00111466 1.56848 0.000216637 9.00547e-05 2.24144e-05
11.8246 -0.00427446 0.00113126 1.57058 0.000214598 0.000104422 2.22813e-05
11.8441 -0.00440607 0.00114698 1.57266 0.000211974 7.37953e-05 2.26766e-05
11.8657 -0.00453241 0.00116189 1.57473 0.000197592 0.000126196 2.25204e-05
11.8846 -0.00465288 0.00117603 1.5768 0.000175155 0.000200156 2.17519e-05
11.9043 -0.00477409 0.00118946 1.57883 0.000149373 0.000120168 2.05987e-05
11.926 -0.00488955 0.00120226 1.58086 0.000125001 0.000144422 2.05537e-05
11.9448 -0.00500474 0.0012145 1.58286 0.000107283 0.00014592 2.0043e-05
11.9652 -0.00511404 0.0012262 1.58485 0.000101541 0.000210552 1.94334e-05
11.985 -0.00522332 0.00123745 1.58681 0.000100099 0.000121274 1.91865e-05
12.0051 -0.00532511 0.0012483 1.58877 9.54086e-05 0.000177897 1.77829e-05
12.0264 -0.00542725 0.0012587 1.59069 9.80483e-05 9.70701e-05 1.58516e-05
12.0458 -0.00552352 0.00126867 1.59261 0.000100556 0.000120053 1.45508e-05
12.0667 -0.00562075 0.00127824 1.5945 0.000100302 7.42901e-05 1.36661e-05
12.086 -0.00571304 0.00128739 1.59637 0.000101696 0.000122573 1.07265e-05
12.1065 -0.00580171 0.00129607 1.59823 0.000107792 0.000108835 9.85672e-06
12.1267 -0.00588564 0.00130432 1.60006 0.000113147 9.80292e-05 7.87142e-06
12.1464 -0.00596372 0.00131207 1.60188 0.000121889 0.000121898 6.06554e-06
12.1676 -0.00604182 0.00131925 1.60367 0.00014313 5.80475e-05 4.22918e-06
12.1868 -0.00611411 0.00132588 1.60543 0.000160146 0.000120898 1.15306e-06
12.2069 -0.00618695 0.00133188 1.60716 0.000172662 6.64665e-05 -7.72311e-07
12.2274 -0.00625399 0.00133723 1.60887 0.000177609 0.000101841 -1.90215e-06
12.247 -0.00632617 0.00134194 1.61043 0.000174908 4.05226e-05 -2.14349e-06
12.269 -0.0064016 0.00134606 1.61168 0.000161139 -4.03606e-05 -1.40247e-06
12.2875 -0.00648037 0.00134967 1.61256 0.000134971 -0.000117039 -1.52095e-06
12.3074 -0.00656395 0.00135283 1.61305 0.000104973 -0.00023473 -2.16312e-06
12.3279 -0.00664695 0.00135572 1.61316 5.71565e-05 -0.000239098 -3.38094e-06
12.3478 -0.00673396 0.00135839 1.61294 1.07809e-05 -0.00027419 -2.44099e-06
12.3695 -0.00682027 0.00136096 1.61239 -2.80715e-05 -0.00026006 -1.54688e-06
12.3879 -0.00691195 0.00136358 1.61156 -5.77693e-05 -0.000367538 -2.13086e-06
12.4082 -0.0070031 0.00136639 1.61046 -8.27608e-05 -0.000374555 -4.97788e-06
12.4287 -0.00709544 0.00136939 1.60909 -9.00171e-05 -0.000397919 -6.24176e-06
12.4485 -0.00718888 0.00137265 1.60751 -8.85348e-05 -0.000406925 -7.19005e-06
12.4695 -0.00728328 0.00137614 1.60574 -7.43754e-05 -0.000372352 -7.03494e-06
12.4889 -0.00737872 0.00137995 1.60382 -6.55021e-05 -0.000326895 -7.71075e-06
12.5092 -0.00747505 0.00138399 1.60178 -5.78403e-05 -0.000277166 -9.35665e-06
12.5297 -0.00757214 0.00138825 1.59963 -5.21809e-05 -0.000228175 -9.56743e-06
12.5493 -0.00766983 0.00139269 1.59741 -4.57864e-05 -0.000187006 -9.62585e-06
12.571 -0.00776786 0.00139729 1.59514 -3.8203e-05 -0.000135385 -9.12053e-06
12.5897 -0.00786612 0.00140201 1.59283 -3.03159e-05 -8.7563e-05 -9.1212e-06
12.6096 -0.00796445 0.00140683 1.59051 -2.14593e-05 -4.63854e-05 -8.72391e-06
12.6303 -0.00806261 0.00141171 1.58819 -1.168e-05 -9.93072e-07 -8.38061e-06
12.6503 -0.00816042 0.00141656 1.58587 1.10335e-05 4.78161e-05 -1.12332e-05
12.6717 -0.00825779 0.00142137 1.58359 2.90819e-05 8.76993e-05 -1.35283e-05
12.6906 -0.00835458 0.00142611 1.58133 3.64204e-05 0.000111753 -1.4951e-05
12.7105 -0.00845063 0.00143076 1.57911 3.33883e-05 0.000134202 -1.58875e-05
12.7322 -0.00854697 0.00143516 1.57694 4.53563e-05 0.00010115 -1.60547e-05
12.7509 -0.00863719 0.00143938 1.57483 5.60791e-05 0.000200883 -1.73181e-05
12.7729 -0.00872736 0.00144339 1.57277 6.16372e-05 0.000212066 -1.88538e-05
12.7912 -0.00881675 0.00144714 1.57074 6.88776e-05 0.000164544 -2.00814e-05
12.8115 -0.00890514 0.00145051 1.56873 9.12859e-05 0.000129031 -2.1179e-05
12.833 -0.00899225 0.00145354 1.56676 0.000107625 7.2928e-05 -2.1673e-05
12.8514 -0.00907321 0.00145622 1.56483 0.00010777 0.000110313 -2.07317e-05
12.8721 -0.00914948 0.00145851 1.56296 0.00010341 0.000129871 -2.09383e-05
12.8917 -0.00922098 0.00146033 1.56115 0.000105276 0.00013929 -2.14589e-05
12.9115 -0.00928754 0.00146179 1.5594 9.77188e-05 0.000157165 -2.20107e-05
12.9335 -0.00934921 0.00146296 1.55771 7.35865e-05 0.000171218 -2.14102e-05
12.9522 -0.00940597 0.00146377 1.55607 6.01958e-05 0.000176753 -2.12567e-05
12.9743 -0.00945772 0.00146421 1.5545 6.56015e-05 0.000186809 -2.01515e-05
12.9927 -0.00950442 0.00146444 1.553 6.47256e-05 0.000205936 -2.01237e-05
13.0127 -0.00954609 0.00146454 1.55156 4.24038e-05 0.000217023 -2.02656e-05
13.0357 -0.00958275 0.0014645 1.55019 1.63491e-05 0.000215618 -1.9793e-05
13.0534 -0.00961433 0.00146434 1.54888 -1.62615e-06 0.000215831 -2.00717e-05
13.0748 -0.00964083 0.00146423 1.54764 -2.48885e-05 0.000221418 -2.0164e-05
13.0935 -0.00966237 0.00146425 1.54647 -5.58131e-05 0.000209665 -1.74727e-05
13.1138 -0.00968006 0.00146449 1.54536 -8.49792e-05 0.000187134 -1.61707e-05
13.134 -0.00969326 0.00146496 1.54431 -9.74183e-05 0.000177022 -1.37758e-05
13.1541 -0.00970148 0.00146579 1.54332 -0.000103281 0.000193431 -1.36629e-05
13.1747 -0.00970564 0.00146705 1.54239 -0.000112084 0.000198582 -1.47787e-05
13.1945 -0.0097059 0.00146873 1.54151 -0.000116242 0.000173057 -1.63439e-05
13.2143 -0.0097011 0.00147085 1.5407 -0.000118351 0.000194601 -1.66744e-05
13.235 -0.00969262 0.00147344 1.53994 -0.000121907 0.000202246 -1.75e-05
13.2548 -0.00967995 0.00147652 1.53924 -0.000126556 0.00017666 -1.94158e-05
13.2769 -0.00966115 0.00148016 1.53861 -0.000143003 0.000219925 -2.00712e-05
13.2953 -0.00964233 0.00148446 1.53805 -0.000175889 0.000162684 -2.03961e-05
13.3155 -0.00961737 0.00148938 1.53756 -0.000198908 0.00018794 -1.99687e-05
13.3367 -0.00959245 0.00149496 1.53711 -0.000203856 0.000130726 -1.94021e-05
13.3561 -0.00956155 0.00150124 1.53672 -0.000191839 0.000154694 -1.88484e-05
13.3765 -0.00952958 0.00150821 1.53637 -0.000174807 0.000172698 -1.74613e-05
13.3961 -0.00949717 0.00151583 1.53604 -0.000151235 0.000166404 -1.80504e-05
13.4162 -0.00946426 0.00152393 1.53574 -0.000114809 0.000151268 -1.83236e-05
13.439 -0.0094321 0.00153237 1.53546 -6.60198e-05 9.00359e-05 -1.82285e-05
13.4566 -0.00939572 0.00154105 1.53521 -1.66335e-05 0.000113433 -1.82212e-05
13.4774 -0.00935518 0.00154984 1.53498 1.81374e-05 0.000199667 -1.8228e-05
13.4966 -0.00931568 0.00155862 1.53477 3.77835e-05 0.000163672 -1.82029e-05
13.517 -0.00927538 0.00156734 1.53457 3.8454e-05 7.83562e-05 -1.73046e-05
13.5389 -0.00922905 0.00157594 1.53439 2.74458e-05 0.000128627 -1.67997e-05
13.5581 -0.00918497 0.00158439 1.53421 2.28575e-05 4.04071e-05 -1.8658e-05
13.5802 -0.00913714 0.00159264 1.53404 3.233e-05 2.18253e-06 -2.08262e-05
13.5984 -0.00908386 0.0016007 1.53389 4.46253e-05 6.36106e-05 -2.03771e-05
13.6183 -0.0090305 0.0016086 1.53374 5.06203e-05 2.96034e-05 -2.04795e-05
13.6388 -0.00897727 0.00161628 1.5336 5.65996e-05 -1.63765e-05 -2.11859e-05
13.6589 -0.00892502 0.00162369 1.53346 6.59671e-05 -5.2737e-05 -2.22562e-05
13.6801 -0.00886862 0.00163088 1.53334 6.34547e-05 -1.39876e-05 -2.20051e-05
13.6988 -0.00880931 0.00163782 1.53324 5.89454e-05 4.13665e-06 -2.15302e-05
13.7189 -0.00874712 0.00164448 1.53316 5.56649e-05 -1.27898e-05 -2.03457e-05
13.7401 -0.00868094 0.00165093 1.53311 5.13837e-05 -3.03867e-07 -2.28834e-05
13.7593 -0.00861103 0.00165716 1.53309 4.47366e-05 -5.19145e-06 -2.3025e-05
13.7809 -0.00853726 0.00166322 1.5331 3.38233e-05 -4.54797e-06 -2.33112e-05
13.7997 -0.00845954 0.00166913 1.53316 2.18837e-05 1.91411e-05 -2.35277e-05
13.8198 -0.00837795 0.00167497 1.53327 5.97271e-06 3.81067e-05 -2.37146e-05
13.8411 -0.00829255 0.00168069 1.5334 5.51509e-07 3.28278e-05 -2.25978e-05
13.8601 -0.00820327 0.00168632 1.53356 5.31624e-06 2.3186e-05 -2.16473e-05
13.8826 -0.00811011 0.00169199 1.53374 3.23757e-07 1.69892e-05 -2.16213e-05
13.9006 -0.00801314 0.00169771 1.53394 -1.79339e-05 1.02204e-05 -2.20515e-05
13.9205 -0.00791234 0.00170352 1.53415 -4.11273e-05 1.57034e-05 -2.22545e-05
13.9409 -0.00780772 0.00170943 1.53437 -5.65512e-05 2.70334e-05 -2.23859e-05
13.9608 -0.0076993 0.00171546 1.5346 -6.00524e-05 3.61157e-05 -2.10103e-05
13.9812 -0.00758705 0.00172174 1.53485 -6.70697e-05 4.52262e-05 -2.26006e-05
14.0008 -0.00747094 0.00172826 1.5351 -7.52638e-05 5.38916e-05 -2.21324e-05
14.0209 -0.007351 0.00173499 1.53536 -6.98871e-05 5.51089e-05 -2.42125e-05
14.0417 -0.00722713 0.00174192 1.53564 -5.61658e-05 6.59262e-05 -2.47812e-05
14.0614 -0.00709935 0.00174899 1.53592 -3.606e-05 7.95872e-05 -2.40048e-05
14.0823 -0.00696776 0.00175621 1.53622 -1.95993e-05 6.92451e-05 -2.50219e-05
14.1013 -0.00683228 0.00176352 1.53652 -8.16389e-06 6.04929e-05 -2.53723e-05
14.1219 -0.00669287 0.00177083 1.53684 2.41192e-06 6.68023e-05 -2.5644e-05
14.1418 -0.00654959 0.00177804 1.53716 2.5038e-05 7.62062e-05 -2.59597e-05
14.1617 -0.00640247 0.00178498 1.5375 6.86344e-05 7.79422e-05 -2.4419e-05
14.1824 -0.00625137 0.00179165 1.53784 0.000110355 0.000100088 -2.45675e-05
14.2025 -0.00609645 0.00179802 1.53819 0.000127081 0.00010038 -2.43683e-05
14.2223 -0.00593776 0.00180391 1.53854 0.000135993 7.34077e-05 -2.42294e-05
14.2428 -0.00577517 0.00180928 1.5389 0.000137181 6.27045e-05 -2.28271e-05
14.2625 -0.00560877 0.00181407 1.53927 0.00014567 5.90715e-05 -2.30449e-05
14.2841 -0.00543867 0.00181818 1.53964 0.000168791 5.08462e-05 -2.41171e-05
14.3031 -0.00526495 0.00182164 1.54002 0.000187154 3.12683e-05 -2.50963e-05
14.3233 -0.00508765 0.00182446 1.5404 0.000191961 1.07891e-05 -2.81515e-05
14.3449 -0.00490675 0.00182655 1.54078 0.000187042 4.13512e-06 -2.90111e-05
14.3639 -0.00472242 0.00182801 1.54117 0.000164667 -6.06656e-06 -2.96136e-05
14.3849 -0.00453462 0.00182888 1.54156 0.00013322 -8.13875e-06 -3.0117e-05
14.4036 -0.00434333 0.00182922 1.54195 0.000100031 6.87369e-06 -2.85574e-05
14.4235 -0.0041486 0.00182921 1.54234 6.32418e-05 1.90345e-05 -2.87105e-05
14.4448 -0.00395045 0.00182894 1.54274 2.75006e-05 2.12624e-05 -2.92398e-05
14.4647 -0.00374885 0.00182859 1.54314 -1.15333e-05 1.99817e-05 -2.78181e-05
14.4848 -0.00354372 0.00182829 1.54354 -5.13129e-05 2.98372e-05 -2.73161e-05
14.5041 -0.00333513 0.00182828 1.54394 -0.000102001 3.50262e-05 -3.14377e-05
14.5246 -0.00312294 0.00182859 1.54435 -0.000140478 5.62798e-05 -3.101e-05
14.5448 -0.00290725 0.00182929 1.54476 -0.000152096 6.53393e-05 -3.17238e-05
14.5645 -0.00268809 0.00183049 1.54517 -0.000147355 5.28429e-05 -3.30159e-05
14.5856 -0.00246541 0.00183221 1.54558 -0.000135633 3.97676e-05 -3.35886e-05
14.6049 -0.00223926 0.0018345 1.546 -0.000127666 2.63583e-05 -3.64002e-05
14.6249 -0.00200967 0.0018373 1.54641 -0.00012449 1.86065e-05 -3.78964e-05
14.6456 -0.00177667 0.00184057 1.54682 -0.000125007 2.01969e-05 -3.56658e-05
14.6655 -0.00154031 0.00184432 1.54723 -0.000120827 2.2627e-05 -3.6383e-05
14.687 -0.00130058 0.00184848 1.54764 -0.000112354 2.64127e-05 -3.3865e-05
14.7056 -0.00105744 0.00185307 1.54804 -0.000105238 4.08166e-05 -3.10308e-05
14.7255 -0.000810933 0.00185813 1.54844 -0.000108607 4.67409e-05 -2.92173e-05
14.747 -0.000561129 0.00186364 1.54884 -0.000117941 3.29805e-05 -2.85838e-05
14.7663 -0.000308024 0.00186956 1.54923 -0.000121841 1.102e-05 -2.77874e-05
14.7877 -5.159e-05 0.00187593 1.54962 -0.000124187 1.71322e-06 -2.73398e-05
14.8064 0.000208145 0.00188275 1.55001 -0.000122684 7.87271e-06 -2.79214e-05
14.8265 0.00047109 0.00188993 1.55039 -0.000105062 1.23559e-05 -2.80573e-05
14.8476 0.000737278 0.00189744 1.55077 -7.95067e-05 1.9293e-05 -2.79538e-05
14.8667 0.0010067 0.00190529 1.55115 -6.37471e-05 2.43044e-05 -2.64645e-05
14.8872 0.0012779 0.00191341 1.55152 -5.50529e-05 -4.59565e-05 -2.54809e-05
14.9075 0.00156226 0.00192173 1.5519 -4.7442e-05 8.42441e-05 -2.53486e-05
14.9275 0.00184583 0.00193016 1.55227 -3.1979e-05 -4.97036e-05 -2.63939e-05
14.9481 0.00214263 0.00193866 1.55265 -1.14839e-05 3.81163e-05 -2.67326e-05
14.9675 0.00244031 0.00194717 1.55303 9.5933e-06 7.49771e-06 -2.56683e-05
14.9892 0.00274101 0.00195561 1.55341 2.94979e-05 -3.76564e-05 -2.48522e-05
15.008 0.00304485 0.00196392 1.5538 4.69969e-05 -4.39139e-05 -2.37935e-05
15.0284 0.00335167 0.00197198 1.55418 7.27468e-05 -3.2707e-05 -2.37519e-05
15.0496 0.00366138 0.00197965 1.55455 0.000110969 -2.64263e-05 -2.51531e-05
15.0691 0.00397409 0.00198687 1.55492 0.000147663 -7.33622e-06 -2.65658e-05
15.091 0.00428971 0.00199355 1.55529 0.000172432 -4.22961e-07 -2.5266e-05
15.1088 0.00460831 0.00199959 1.55566 0.000188593 -1.27572e-06 -2.56062e-05
15.1291 0.00492991 0.00200485 1.55602 0.00020634 3.9093e-07 -2.57011e-05
15.1496 0.00525458 0.00200927 1.55639 0.000226577 1.46347e-05 -2.35957e-05
15.1696 0.00558224 0.00201279 1.55674 0.000245482 1.98277e-05 -2.25354e-05
15.1912 0.00591291 0.00201543 1.5571 0.000253475 1.94462e-05 -2.40834e-05
15.2106 0.0062467 0.00201709 1.55745 0.000256053 3.09939e-05 -2.52271e-05
15.2309 0.00658148 0.00201765 1.5578 0.000271488 -3.27788e-05 -2.4342e-05
15.2508 0.00693005 0.00201717 1.55814 0.000284509 8.93833e-05 -2.34719e-05
15.271 0.00728213 0.00201571 1.55848 0.000273843 7.77719e-05 -2.32914e-05
15.2934 0.00763709 0.00201334 1.55882 0.000238786 1.13863e-05 -2.29949e-05
15.3113 0.00799538 0.00201008 1.55916 0.000197739 1.44754e-05 -2.28384e-05
15.3316 0.00835672 0.00200597 1.5595 0.000172931 3.61149e-05 -2.41703e-05
15.3528 0.00872099 0.00200105 1.55982 0.000172787 4.64847e-05 -2.39771e-05
15.3743 0.00908672 0.00199541 1.56015 0.00017923 -3.56524e-05 -2.28314e-05
15.3933 0.00946555 0.00198924 1.56046 0.00016207 0.000121738 -2.20711e-05
15.414 0.00984496 0.0019825 1.56078 0.000138499 9.6852e-05 -2.24498e-05
15.4357 0.0102273 0.00197519 1.5611 0.000122525 2.95904e-05 -2.16822e-05
15.4622 0.0106128 0.00196743 1.56141 0.000107834 1.15023e-05 -2.26028e-05
15.484 0.0110013 0.00195922 1.56172 0.000101617 1.79516e-05 -2.33323e-05
15.5016 0.0113927 0.00195052 1.56202 0.000112631 1.85958e-05 -2.112e-05
15.5258 0.0117869 0.00194151 1.56232 0.000107419 2.96251e-05 -1.99431e-05
15.5466 0.0121824 0.00193211 1.56261 0.000100953 -5.38164e-05 -1.93537e-05
15.5709 0.0125901 0.00192236 1.5629 9.35799e-05 1.1558e-05 -1.87272e-05
15.5943 0.0130076 0.00191233 1.56318 7.85438e-05 0.000107504 -1.81655e-05
15.6183 0.0134253 0.00190202 1.56346 6.42289e-05 5.07947e-05 -1.9111e-05
15.6387 0.013846 0.00189146 1.56373 5.4558e-05 2.64601e-05 -1.93875e-05
15.6587 0.0142698 0.00188075 1.56401 4.17874e-05 4.23548e-05 -2.00382e-05
15.6821 0.0146963 0.00186987 1.56427 3.48011e-05 4.11729e-05 -2.0224e-05
15.7034 0.0151256 0.00185884 1.56454 3.5442e-05 2.85862e-05 -1.91949e-05
15.73 0.0155577 0.00184775 1.5648 3.13613e-05 3.81647e-05 -2.03092e-05
15.7472 0.0159926 0.00183656 1.56505 2.79968e-05 3.63489e-05 -2.13925e-05
15.7694 0.0164287 0.00182532 1.5653 2.05437e-05 -4.41922e-05 -2.1736e-05
15.794 0.0168775 0.00181406 1.56556 1.01005e-05 8.16539e-05 -2.29325e-05
15.814 0.0173249 0.0018028 1.56581 -1.14907e-06 -7.17604e-05 -2.30187e-05
15.8405 0.0177864 0.00179165 1.56606 -2.41907e-05 1.21148e-06 -2.29716e-05
15.8633 0.0182498 0.00178063 1.56631 -4.74629e-05 -1.51902e-05 -2.29386e-05
15.8827 0.0187151 0.00176982 1.56656 -6.52505e-05 -0.000129925 -2.47256e-05
15.9086 0.0191787 0.00175922 1.5668 -7.22278e-05 -0.000371033 -2.46566e-05
15.9407 0.0196636 0.00174897 1.56705 -8.61155e-05 -0.000179412 -2.36268e-05
15.9646 0.0201589 0.00173919 1.5673 -0.000114669 -1.36512e-05 -2.32839e-05
15.9832 0.0206634 0.00172987 1.56754 -0.000139379 -4.69996e-05 -2.38783e-05
16.0062 0.0211777 0.00172102 1.56779 -0.000145753 -0.000104229 -2.43408e-05
16.0316 0.0217022 0.00171268 1.56803 -0.000138062 -9.72229e-05 -2.45959e-05
16.0528 0.0222365 0.00170485 1.56827 -0.000119748 -7.43804e-05 -2.5355e-05
16.0771 0.0227806 0.00169749 1.56851 -9.88605e-05 -7.4193e-05 -2.56208e-05
16.1027 0.0233346 0.00169061 1.56874 -8.96477e-05 -5.92065e-05 -2.62187e-05
16.1245 0.0238984 0.00168409 1.56897 -8.04133e-05 -3.81234e-05 -2.52412e-05
16.1526 0.024472 0.00167785 1.56919 -6.0676e-05 -2.97042e-05 -2.42912e-05
16.1878 0.0250556 0.00167187 1.56941 -4.11769e-05 -1.41582e-05 -2.48608e-05
16.2096 0.0256491 0.00166612 1.56963 -3.07062e-05 -1.19672e-06 -2.53392e-05
16.2301 0.0262524 0.00166059 1.56984 -3.40919e-05 -3.34665e-06 -2.56804e-05
16.2394 0.0268656 0.00165524 1.57006 -4.3267e-05 -6.44676e-06 -2.52784e-05
16.2596 0.0274887 0.00165008 1.57027 -5.12609e-05 -7.69051e-06 -2.50413e-05
16.2856 0.0281216 0.00164508 1.57047 -5.01685e-05 -1.37525e-05 -2.55725e-05
16.3212 0.0287642 0.00164027 1.57068 -4.50114e-05 -1.35107e-05 -2.56935e-05
16.3748 0.0294167 0.00163562 1.57088 -3.61746e-05 -5.14397e-06 -2.54162e-05
16.3986 0.0300795 0.00163107 1.57107 -1.82866e-05 -7.51271e-05 -2.42752e-05
16.4204 0.0307619 0.00162666 1.57126 -1.06514e-05 -6.28687e-05 -2.2468e-05
16.4371 0.0314613 0.00162238 1.57144 -1.50962e-05 -9.70752e-05 -2.21779e-05
16.4781 0.032177 0.00161828 1.57162 -3.50613e-05 -6.32508e-05 -2.19205e-05
16.4994 0.0328993 0.00161431 1.5718 -5.28136e-05 -0.000169481 -2.23048e-05
16.5171 0.0336307 0.00161052 1.57197 -6.13145e-05 -0.000236492 -2.40847e-05
16.5378 0.034371 0.00160698 1.57215 -6.97111e-05 -0.000230196 -2.45323e-05
16.5565 0.03512 0.00160374 1.57232 -8.24949e-05 -0.000220591 -2.49965e-05
16.5766 0.0358775 0.00160087 1.57249 -0.000101372 -0.000212924 -2.49579e-05
16.5957 0.0366437 0.00159843 1.57266 -0.000122503 -0.000198444 -2.48031e-05
16.6149 0.0374185 0.00159647 1.57282 -0.00014218 -0.000176295 -2.54625e-05
16.6374 0.038202 0.00159504 1.57298 -0.000158374 -0.000146818 -2.57907e-05
16.6552 0.0389943 0.00159422 1.57314 -0.000169145 -0.000111852 -2.75957e-05
16.678 0.0397939 0.00159396 1.57329 -0.0001634 -0.000172166 -2.83712e-05
16.695 0.0406117 0.00159428 1.57344 -0.000148494 -9.23759e-05 -2.87921e-05
16.7148 0.0414454 0.00159514 1.57359 -0.000126207 2.18433e-05 -2.98232e-05
16.7393 0.0422853 0.00159652 1.57374 -0.000109607 -5.02056e-05 -2.96761e-05
16.7549 0.0431345 0.00159839 1.57389 -0.000102927 -6.3244e-05 -3.1261e-05
16.7753 0.0439927 0.00160069 1.57404 -0.000102393 -4.69061e-05 -3.27695e-05
16.794 0.0448598 0.00160343 1.57418 -0.000111031 -5.37501e-05 -3.31161e-05
16.8137 0.0457357 0.0016066 1.57433 -0.000120965 -5.67666e-05 -3.24754e-05
16.8339 0.046619 0.00161018 1.57447 -0.000120097 -0.000126594 -3.41236e-05
16.8531 0.0475199 0.00161421 1.57462 -0.000118723 -0.000125667 -3.41544e-05
16.8745 0.0484464 0.00161868 1.57476 -0.000116433 2.85105e-05 -3.34182e-05
16.8927 0.0493865 0.00162351 1.5749 -0.00010134 -4.29757e-05 -3.17596e-05
16.9123 0.0503426 0.00162874 1.57505 -8.81844e-05 -1.16888e-05 -3.11647e-05
16.9326 0.051305 0.00163426 1.57519 -7.07635e-05 -6.00461e-05 -3.08184e-05
16.9518 0.0522762 0.00164004 1.57532 -5.08003e-05 -6.58768e-05 -3.15592e-05
16.973 0.0532555 0.00164599 1.57546 -2.99994e-05 -0.000116974 -3.15548e-05
16.9918 0.0542565 0.00165208 1.5756 -1.82123e-05 4.62554e-05 -3.14208e-05
17.0114 0.055267 0.00165826 1.57573 -1.11622e-05 3.57114e-05 -3.35265e-05
17.0329 0.0562791 0.00166444 1.57587 -8.69e-07 -0.000233494 -3.41222e-05
17.0533 0.0573065 0.00167064 1.57601 1.08968e-06 -0.000210763 -3.24904e-05
17.0724 0.05835 0.00167679 1.57616 6.9074e-06 -9.78675e-05 -3.14049e-05
17.0918 0.0594087 0.0016829 1.57631 1.25151e-05 -0.000102111 -3.07409e-05
17.1116 0.0604831 0.00168899 1.57646 1.17659e-05 -0.000138695 -3.10852e-05
17.1318 0.0615734 0.00169506 1.57661 2.09819e-06 -0.000145927 -3.13751e-05
17.1518 0.0626793 0.00170108 1.57675 -4.08108e-06 -0.000149114 -3.1538e-05
17.1727 0.0638007 0.00170709 1.57689 -7.75689e-06 -0.00015045 -3.20883e-05
17.1915 0.0649376 0.00171311 1.57702 -1.34843e-05 -0.000144294 -3.25618e-05
17.2114 0.0660899 0.00171913 1.57715 -1.19617e-05 -0.000146273 -3.28945e-05
17.2318 0.0672571 0.00172517 1.57728 -9.23764e-06 -6.16098e-05 -3.2857e-05
17.2514 0.0684288 0.0017312 1.57741 -2.72356e-06 -0.000208377 -3.26221e-05
17.2732 0.0696158 0.00173721 1.57754 5.13094e-06 -0.000232319 -3.23525e-05
17.2915 0.0708181 0.00174323 1.57767 4.15814e-06 -7.37259e-05 -3.19964e-05
17.3116 0.0720241 0.00174925 1.5778 -1.61149e-06 -0.000146302 -3.14998e-05
17.3321 0.0732469 0.00175529 1.57794 -1.32819e-05 -0.000130411 -3.09645e-05
17.3516 0.0744846 0.00176131 1.57807 -1.41121e-05 1.13022e-05 -3.28191e-05
17.373 0.0757267 0.00176728 1.5782 -2.74422e-06 -8.79757e-05 -3.32196e-05
17.3915 0.0769883 0.00177326 1.57833 5.5069e-06 5.19177e-05 -3.31787e-05
17.4114 0.0782537 0.0017792 1.57846 1.3042e-05 -5.09274e-05 -3.28783e-05
17.4324 0.0795342 0.00178507 1.5786 2.10532e-05 -4.82741e-05 -3.34511e-05
17.4528 0.0808202 0.00179086 1.57873 2.50781e-05 -7.07784e-05 -3.34347e-05
17.4736 0.0821138 0.00179658 1.57886 2.25035e-05 -6.39885e-05 -3.31395e-05
17.4917 0.0834148 0.00180211 1.57898 3.21399e-05 -5.96207e-05 -3.30632e-05
17.5117 0.0847232 0.00180747 1.57911 4.62545e-05 -4.6096e-05 -3.32367e-05
17.5328 0.0860392 0.00181264 1.57922 5.88713e-05 -1.37473e-05 -3.35477e-05
17.5525 0.0873605 0.00181756 1.57934 7.46044e-05 -2.52616e-05 -3.61548e-05
17.5737 0.0886885 0.00182216 1.57945 8.91236e-05 -2.0081e-05 -3.60436e-05
17.5925 0.0900243 0.00182646 1.57957 9.35042e-05 3.82337e-05 -3.61801e-05
17.6131 0.0913676 0.00183047 1.57968 8.46451e-05 5.30996e-05 -3.78125e-05
17.635 0.0927184 0.00183413 1.57978 7.64668e-05 3.9774e-05 -4.00988e-05
17.6526 0.094077 0.00183754 1.57989 5.7902e-05 4.03394e-05 -4.08707e-05
17.673 0.0954426 0.00184068 1.57998 4.53046e-05 0.000124537 -4.12146e-05
17.6929 0.0968033 0.00184356 1.58008 4.35835e-05 -5.50141e-05 -4.13415e-05
17.713 0.0981724 0.00184627 1.58018 4.05122e-05 -4.4793e-05 -4.13628e-05
17.7336 0.0995491 0.00184876 1.58028 4.63443e-05 3.6178e-06 -4.13301e-05
17.7531 0.100933 0.00185103 1.58037 5.50976e-05 -6.84398e-06 -4.12662e-05
17.7743 0.102324 0.00185318 1.58046 4.92697e-05 -1.40465e-05 -4.10919e-05
17.7936 0.103724 0.00185515 1.58055 3.80214e-05 3.61778e-05 -4.08929e-05
17.8135 0.105121 0.00185694 1.58064 3.17159e-05 -3.51312e-05 -4.05583e-05
17.8338 0.106528 0.00185859 1.58072 2.69782e-05 1.15525e-05 -4.02014e-05
17.8538 0.107943 0.00186018 1.5808 1.48673e-05 5.3422e-05 -3.9754e-05
17.8742 0.109364 0.00186169 1.58088 4.79184e-06 0.000116758 -3.9733e-05
17.8936 0.110782 0.00186311 1.58096 5.45061e-06 5.42371e-05 -3.96863e-05
17.9139 0.112201 0.0018645 1.58104 7.68611e-06 6.04376e-05 -3.93517e-05
17.9388 0.113619 0.00186589 1.58112 4.35198e-06 8.97588e-05 -3.88589e-05
17.955 0.115037 0.00186732 1.5812 -6.5524e-06 9.59975e-05 -4.18871e-05
17.9767 0.116452 0.0018688 1.58127 -2.61112e-05 1.14053e-05 -4.15395e-05
17.9953 0.117876 0.00187037 1.58135 -4.22969e-05 8.30724e-05 -4.30601e-05
18.0153 0.119308 0.00187202 1.58143 -4.40837e-05 0.000149814 -4.42751e-05
18.0367 0.12074 0.00187375 1.5815 -3.29541e-05 -5.83128e-05 -4.49157e-05
18.0556 0.122184 0.00187565 1.58158 -2.88176e-05 -1.26724e-05 -4.384e-05
18.0772 0.123643 0.00187761 1.58167 -1.91195e-05 0.000213962 -4.25398e-05
18.0957 0.125116 0.00187959 1.58177 8.59189e-07 0.000188526 -4.1758e-05
18.1158 0.126602 0.00188157 1.58187 1.74262e-05 0.000103373 -4.11896e-05
18.1381 0.128103 0.00188351 1.58198 2.75476e-05 0.000125283 -3.91686e-05
18.156 0.129618 0.00188531 1.58209 4.27004e-05 0.000135724 -3.98956e-05
18.1769 0.131146 0.00188695 1.58219 5.63716e-05 0.000136048 -4.07164e-05
18.1963 0.132688 0.00188839 1.58229 6.48155e-05 5.87356e-05 -3.97127e-05
18.2162 0.134246 0.00188959 1.58239 6.88421e-05 0.000145123 -3.88044e-05
18.238 0.135808 0.00189047 1.58249 8.12799e-05 3.53601e-05 -3.79892e-05
18.2575 0.137376 0.00189107 1.58259 8.69462e-05 -0.000110952 -3.70707e-05
18.2791 0.138959 0.00189135 1.58269 8.95615e-05 4.95184e-05 -3.6121e-05
18.2978 0.140545 0.00189123 1.58278 9.93324e-05 2.73474e-05 -3.5142e-05
18.3181 0.142138 0.00189078 1.58287 9.8514e-05 -2.43676e-05 -3.40789e-05
18.3386 0.143738 0.00189007 1.58296 7.92065e-05 -5.77743e-05 -3.50084e-05
18.3581 0.145345 0.00188902 1.58304 6.50181e-05 -9.48242e-05 -3.46138e-05
18.3787 0.146957 0.00188771 1.58312 5.1908e-05 -0.000122116 -3.37586e-05
18.3986 0.148577 0.00188623 1.58319 3.38806e-05 -0.000127077 -3.27237e-05
18.4184 0.150202 0.00188461 1.58327 1.76153e-05 -0.000118867 -3.12791e-05
18.4396 0.151833 0.00188286 1.58333 1.13677e-05 -0.000110281 -2.93533e-05
18.4593 0.153471 0.00188106 1.58339 8.14082e-06 -8.94075e-05 -2.79272e-05
18.4803 0.155115 0.00187924 1.58345 4.32311e-06 -5.30951e-05 -2.73642e-05
18.4993 0.156765 0.00187748 1.58351 -1.08705e-05 -0.00010797 -2.66944e-05
18.5191 0.158432 0.00187576 1.58357 -2.46899e-05 4.48345e-05 -2.57167e-05
18.5418 0.160104 0.00187403 1.58362 -1.92135e-05 5.89105e-06 -2.51907e-05
18.5597 0.161783 0.00187234 1.58368 -9.1174e-06 -4.29591e-05 -2.42496e-05
18.5801 0.163467 0.00187069 1.58374 2.1062e-06 -0.000105853 -2.25876e-05
18.5999 0.165168 0.00186903 1.58381 1.38841e-05 -2.00476e-05 -2.08954e-05
18.6201 0.166883 0.00186729 1.58386 2.98323e-05 -1.3787e-06 -1.94038e-05
18.6413 0.16861 0.00186546 1.58392 4.27545e-05 4.00759e-05 -1.79311e-05
18.6605 0.170342 0.00186346 1.58398 5.54435e-05 -3.69104e-05 -1.63748e-05
18.6814 0.17208 0.00186128 1.58403 6.44564e-05 -2.3448e-05 -1.4713e-05
18.7009 0.173825 0.00185888 1.58409 6.80843e-05 3.63908e-06 -1.32242e-05
18.721 0.175576 0.00185628 1.58414 6.37505e-05 4.69768e-06 -1.22942e-05
18.7419 0.177333 0.00185348 1.5842 5.32368e-05 6.64639e-06 -1.2591e-05
18.7618 0.179096 0.00185048 1.58425 4.2224e-05 2.06453e-05 -1.24172e-05
18.7828 0.180867 0.00184734 1.58429 3.15861e-05 0.00013737 -1.53695e-05
18.8024 0.182637 0.00184406 1.58434 2.14785e-05 9.09676e-05 -1.3812e-05
18.8225 0.184405 0.00184064 1.58439 2.41256e-05 4.88059e-05 -1.42234e-05
18.845 0.186173 0.0018371 1.58445 3.13321e-05 0.000117901 -1.38562e-05
18.8627 0.187934 0.00183346 1.58449 3.75647e-05 5.85149e-05 -1.29834e-05
18.8831 0.189696 0.00182969 1.58455 4.15738e-05 0.000125659 -1.21265e-05
18.9026 0.191456 0.00182576 1.5846 4.89623e-05 0.000159151 -1.25604e-05
18.9232 0.193215 0.00182167 1.58466 5.11889e-05 0.000151067 -1.2252e-05
18.9439 0.194972 0.00181744 1.58471 4.66691e-05 0.000140676 -1.14278e-05
18.9631 0.196729 0.00181307 1.58476 3.74416e-05 0.000145792 -1.12962e-05
18.9838 0.198485 0.00180861 1.58481 2.18205e-05 0.000148369 -1.2051e-05
19.0034 0.200239 0.00180414 1.58486 -3.33077e-06 0.000139145 -1.29191e-05
19.0235 0.201993 0.00179965 1.58491 -2.1953e-05 0.000159407 -1.34299e-05
19.0442 0.203746 0.00179521 1.58495 -3.05082e-05 0.000160202 -1.4165e-05
19.0637 0.205495 0.0017909 1.585 -3.70359e-05 -0.000129442 -1.64889e-05
19.085 0.207274 0.00178675 1.58506 -4.45091e-05 0.000249139 -1.83666e-05
19.104 0.209063 0.00178266 1.58514 -3.11939e-05 0.00020059 -1.81326e-05
19.1244 0.210866 0.00177864 1.58522 -8.11311e-06 7.09585e-05 -1.73044e-05
19.1451 0.212683 0.00177468 1.58531 1.10006e-05 -3.25098e-06 -1.71098e-05
19.1649 0.214524 0.00177072 1.5854 2.60983e-05 9.72325e-05 -1.76743e-05
19.1858 0.216379 0.00176665 1.58549 4.57935e-05 1.48848e-05 -1.86852e-05
19.2048 0.218248 0.00176238 1.58558 6.85398e-05 -0.000113363 -1.89e-05
19.2248 0.22013 0.00175787 1.58567 8.67961e-05 -0.000128381 -1.86898e-05
19.2466 0.222024 0.00175307 1.58576 0.000100068 -0.000221667 -1.82393e-05
19.2653 0.223939 0.00174792 1.58585 0.000109828 -0.000164216 -1.76647e-05
19.2873 0.225876 0.00174231 1.58594 0.000124525 1.62945e-05 -1.66098e-05
19.3055 0.227826 0.00173621 1.58603 0.000144315 -7.37191e-05 -1.65987e-05
19.3262 0.22979 0.00172964 1.58611 0.000152099 -0.000134571 -1.77966e-05
19.3466 0.231769 0.00172255 1.5862 0.000147577 -0.000150924 -1.75094e-05
19.3659 0.233763 0.00171494 1.58629 0.000137692 -0.000258656 -1.67208e-05
19.3866 0.235774 0.00170689 1.58638 0.000118021 -0.000213594 -1.72202e-05
19.4069 0.237806 0.00169844 1.58646 9.17106e-05 -0.000149162 -1.72368e-05
19.4269 0.239859 0.00168968 1.58654 6.16519e-05 -0.000148566 -1.82821e-05
19.4495 0.24193 0.00168072 1.58662 2.72299e-05 -0.000100044 -1.61535e-05
19.4675 0.244013 0.00167165 1.58669 1.21714e-06 -0.000124181 -1.50695e-05
19.489 0.246109 0.00166255 1.58676 -1.51832e-05 -0.000130505 -1.53657e-05
19.5077 0.24822 0.00165352 1.58683 -2.7336e-05 -9.19612e-05 -1.64525e-05
19.5275 0.250343 0.00164455 1.58689 -2.72328e-05 -7.36925e-05 -1.65206e-05
19.5485 0.252478 0.00163566 1.58695 -1.89824e-05 -0.000105612 -1.73018e-05
19.5684 0.254635 0.00162687 1.58701 -9.29054e-06 -9.86759e-05 -1.76914e-05
19.5905 0.256814 0.0016181 1.58706 7.09692e-06 -5.99175e-05 -1.79193e-05
19.6084 0.259005 0.00160933 1.58711 2.30291e-05 2.2128e-05 -1.85164e-05
19.6291 0.261197 0.00160053 1.58715 3.30701e-05 -9.59156e-05 -1.89393e-05
19.6497 0.26341 0.00159171 1.5872 3.18287e-05 6.57827e-05 -1.98918e-05
19.669 0.265632 0.00158274 1.58725 3.58496e-05 -1.26004e-06 -1.98798e-05
19.6903 0.267867 0.00157371 1.58731 3.55912e-05 0.000137811 -2.12973e-05
19.7094 0.270102 0.00156456 1.58737 3.5909e-05 4.55935e-05 -2.33481e-05
19.7296 0.272353 0.00155532 1.58744 3.26963e-05 0.000162634 -2.4125e-05
19.7502 0.274605 0.00154599 1.58751 2.69804e-05 -2.95773e-05 -2.41248e-05
19.7696 0.276872 0.00153663 1.58758 1.41383e-05 2.14078e-05 -2.39008e-05
19.7915 0.279142 0.0015272 1.58765 6.30688e-06 8.71173e-05 -2.31906e-05
19.81 0.281416 0.00151776 1.58773 3.07595e-06 8.62393e-05 -2.3301e-05
19.8303 0.283692 0.00150837 1.5878 -5.49941e-06 -3.77642e-05 -2.33072e-05
19.8509 0.285984 0.00149912 1.58786 -2.78986e-05 0.000164987 -2.27938e-05
19.8706 0.288279 0.00148996 1.58793 -4.35081e-05 0.000131379 -2.21213e-05
19.8919 0.290578 0.00148104 1.58801 -6.4683e-05 3.90845e-05 -2.15663e-05
19.9107 0.292882 0.00147242 1.58808 -8.70289e-05 3.23319e-05 -2.23732e-05
19.9314 0.295191 0.00146406 1.58815 -9.2856e-05 6.35635e-05 -2.22764e-05
19.9522 0.297505 0.00145596 1.58821 -7.43375e-05 9.27836e-05 -2.38111e-05
19.9715 0.299824 0.00144812 1.58827 -4.77949e-05 0.000109483 -2.60399e-05
19.993 0.302147 0.00144053 1.58833 -2.75794e-05 0.000121182 -2.82993e-05
20.0118 0.304475 0.00143303 1.58839 -1.79724e-06 0.000127107 -2.86771e-05
20.032 0.306808 0.00142553 1.58844 2.81991e-05 0.000134519 -2.79266e-05
20.0526 0.309145 0.00141801 1.58849 4.46707e-05 0.000137221 -2.68154e-05
20.0721 0.311483 0.00141042 1.58853 4.87192e-05 -0.000596954 -2.6232e-05
20.0947 0.313895 0.00140286 1.58861 1.99264e-05 0.000420734 -2.66934e-05
20.1127 0.316323 0.00139516 1.58871 5.21801e-06 0.000324788 -2.73546e-05
20.133 0.318788 0.00138746 1.58883 -7.76831e-06 0.000135846 -2.88456e-05
20.1535 0.321281 0.00137981 1.58896 -1.91693e-05 9.32123e-05 -3.01542e-05
20.1737 0.323803 0.0013722 1.58909 -2.10546e-05 8.99807e-05 -3.17353e-05
20.1946 0.326352 0.0013647 1.58921 -2.28113e-05 3.94911e-05 -3.36243e-05
20.2139 0.328927 0.00135731 1.58932 -2.2783e-05 -2.89299e-05 -3.65669e-05
20.2339 0.33153 0.00135004 1.58943 -2.68782e-05 -7.09007e-05 -3.69999e-05
20.2551 0.334162 0.00134301 1.58952 -4.90775e-05 -2.95829e-05 -3.90805e-05
20.2744 0.336814 0.00133623 1.58961 -7.63697e-05 -6.6799e-05 -3.9872e-05
20.295 0.339483 0.0013297 1.58969 -9.39235e-05 -0.000129032 -3.99318e-05
20.3145 0.342174 0.00132349 1.58976 -0.000100109 -0.000127711 -4.02007e-05
20.3352 0.344885 0.00131771 1.58983 -0.00011002 -0.00016822 -3.87191e-05
20.357 0.347626 0.00131235 1.5899 -0.000115501 -0.000115862 -3.78386e-05
20.3754 0.35039 0.00130741 1.58996 -0.000111673 -0.000135096 -3.86084e-05
20.398 0.353167 0.00130288 1.59002 -9.98623e-05 -0.000357753 -3.89711e-05
20.4164 0.355982 0.00129878 1.59009 -9.51683e-05 -8.24655e-05 -3.88112e-05
20.4362 0.358811 0.00129506 1.59014 -8.78374e-05 -0.000180984 -3.8977e-05
20.4577 0.361662 0.00129171 1.5902 -8.25893e-05 -0.000315791 -3.97455e-05
20.4777 0.364548 0.00128876 1.59025 -8.78444e-05 -3.96801e-05 -4.11369e-05
20.4986 0.36745 0.0012861 1.59031 -8.41866e-05 -1.98329e-05 -4.15115e-05
20.5179 0.370361 0.00128373 1.59036 -7.23251e-05 -0.000197486 -4.2464e-05
20.5376 0.373289 0.00128162 1.59042 -5.74323e-05 -0.000104869 -4.24372e-05
20.5593 0.376225 0.00127975 1.59047 -4.26052e-05 -8.80838e-05 -4.14473e-05
20.5779 0.37917 0.00127809 1.59051 -3.58351e-05 -1.60935e-05 -4.15203e-05
20.599 0.382114 0.00127662 1.59055 -3.60904e-05 -0.000139352 -4.07738e-05
20.6179 0.38507 0.00127524 1.59059 -2.59975e-05 -4.41416e-05 -4.08888e-05
20.6387 0.388037 0.00127387 1.59063 -6.64865e-07 9.05088e-06 -4.01793e-05
20.659 0.391017 0.00127252 1.59067 2.05157e-05 0.000104421 -4.0476e-05
20.6784 0.393998 0.00127115 1.59071 3.33135e-05 9.33514e-05 -4.00623e-05
20.6989 0.396983 0.00126967 1.59075 4.23074e-05 6.18823e-05 -3.92567e-05
20.7186 0.39997 0.00126806 1.59078 4.54126e-05 9.76595e-05 -3.91029e-05
20.7384 0.40296 0.00126631 1.59082 4.40909e-05 0.000133171 -3.83557e-05
20.7592 0.405952 0.00126442 1.59085 3.74375e-05 0.000137586 -3.71678e-05
20.7791 0.408942 0.00126243 1.59088 2.41439e-05 5.11148e-05 -3.70194e-05
20.8004 0.411949 0.00126035 1.59091 1.31705e-05 4.75894e-05 -3.77526e-05
20.8198 0.414973 0.00125825 1.59094 -2.36558e-06 0.000294336 -3.73305e-05
20.8398 0.41799 0.00125616 1.59097 -1.74527e-05 -5.54811e-06 -3.73935e-05
20.8606 0.421012 0.0012542 1.59101 -3.946e-05 -2.22413e-05 -3.70326e-05
20.8804 0.424036 0.00125237 1.59106 -5.88413e-05 8.04849e-05 -3.60406e-05
20.9011 0.427062 0.00125073 1.59111 -6.87131e-05 0.000108188 -3.49977e-05
20.9203 0.430086 0.00124934 1.59116 -7.44148e-05 -0.000158693 -3.47662e-05
20.9407 0.43313 0.00124834 1.59121 -9.65813e-05 3.38018e-05 -3.41516e-05
20.9608 0.436191 0.00124771 1.59126 -0.000116589 0.000196178 -3.35558e-05
20.9806 0.439268 0.00124746 1.59132 -0.000120792 7.8011e-06 -3.56137e-05
21.0012 0.442373 0.00124768 1.59138 -0.00012464 6.01162e-05 -3.63997e-05
21.0211 0.445512 0.00124842 1.59145 -0.000137895 0.000525369 -3.44745e-05
21.041 0.448651 0.00124958 1.59151 -0.000130707 0.000284217 -3.32167e-05
21.0623 0.451791 0.00125117 1.59159 -0.000111268 -0.000155327 -3.24997e-05
21.0816 0.454926 0.00125321 1.59167 -9.30412e-05 -0.000608942 -3.24009e-05
21.1024 0.4581 0.00125572 1.59178 -9.33622e-05 -6.10671e-05 -3.42659e-05
21.1217 0.461307 0.00125852 1.59189 -8.24252e-05 0.000319631 -3.45243e-05
21.1417 0.464547 0.00126153 1.59202 -5.70168e-05 0.000243345 -3.41421e-05
21.1622 0.467813 0.00126474 1.59214 -2.94571e-05 2.3121e-05 -3.29036e-05
21.1823 0.471105 0.00126806 1.59227 -5.46456e-06 -8.13223e-05 -3.14692e-05
21.2039 0.474422 0.00127147 1.59239 6.54164e-06 -8.13993e-05 -2.98182e-05
21.2228 0.477763 0.00127499 1.59249 -5.03498e-06 -8.85386e-05 -3.02838e-05
21.2427 0.481132 0.00127856 1.59259 -2.39361e-05 -0.000100629 -2.95775e-05
21.265 0.484524 0.00128217 1.59268 -3.58143e-05 -0.000101412 -2.88427e-05
21.2832 0.48794 0.00128585 1.59275 -3.94707e-05 -9.19859e-05 -2.78114e-05
21.3039 0.491383 0.00128971 1.59281 -4.76975e-05 6.00194e-05 -2.60863e-05
21.3234 0.49484 0.00129371 1.59286 -5.33501e-05 -8.61102e-05 -2.4013e-05
21.3437 0.498323 0.00129785 1.59291 -4.70545e-05 -0.000177576 -2.40073e-05
21.3643 0.501817 0.00130209 1.59296 -3.16987e-05 -0.000391355 -2.27313e-05
21.384 0.505347 0.00130645 1.59301 -1.68232e-05 -7.87515e-05 -2.15287e-05
21.406 0.508899 0.00131087 1.59305 -3.5663e-06 2.21706e-05 -2.06043e-05
21.4245 0.512465 0.00131537 1.5931 -1.67523e-06 -4.52089e-05 -2.17e-05
21.4444 0.516048 0.0013199 1.59313 -5.85298e-06 -4.8882e-05 -2.37838e-05
21.465 0.519646 0.00132438 1.59316 -1.21838e-06 -1.52855e-05 -2.358e-05
21.4851 0.52326 0.00132871 1.59319 2.37454e-05 3.13414e-06 -2.23855e-05
21.5053 0.526892 0.00133292 1.59321 5.19553e-05 7.50909e-05 -2.08207e-05
21.5253 0.53053 0.00133699 1.59323 6.66151e-05 -4.68348e-05 -1.94641e-05
21.5454 0.534188 0.00134087 1.59324 6.68266e-05 8.47783e-05 -1.88641e-05
21.566 0.537855 0.00134448 1.59326 6.76592e-05 0.000227291 -1.81159e-05
21.5857 0.54153 0.00134777 1.59328 7.59372e-05 0.000208546 -1.71353e-05
21.6076 0.545214 0.00135076 1.5933 8.23663e-05 0.0001722 -1.66797e-05
21.6259 0.548906 0.00135347 1.59332 7.97531e-05 0.000171115 -1.71955e-05
21.6464 0.552605 0.00135586 1.59333 8.04171e-05 -0.000188831 -2.03275e-05
21.6668 0.556342 0.001358 1.59336 6.4688e-05 0.000284492 -2.01682e-05
21.6865 0.5601 0.0013599 1.59339 4.72912e-05 0.000310513 -2.05946e-05
21.7069 0.56388 0.00136156 1.59344 3.57706e-05 0.000133607 -2.03218e-05
21.7266 0.567684 0.00136304 1.59348 3.18611e-05 5.4453e-05 -2.02471e-05
21.7465 0.571509 0.00136441 1.59352 2.33287e-05 0.00021015 -2.04633e-05
21.7682 0.575339 0.00136571 1.59357 1.0425e-05 9.69848e-05 -2.01703e-05
21.7877 0.579174 0.00136695 1.59361 -7.75131e-07 -0.000139076 -1.88955e-05
21.808 0.583043 0.00136814 1.59366 -3.65456e-06 -6.35243e-05 -1.77847e-05
21.8273 0.58694 0.00136937 1.59371 -9.28663e-06 0.000305977 -1.71964e-05
21.8475 0.590826 0.00137061 1.59376 -1.34887e-05 2.44805e-06 -1.59998e-05
21.8706 0.594717 0.00137191 1.59384 -1.80406e-05 5.09081e-05 -1.48663e-05
21.8884 0.598596 0.00137329 1.5939 -2.33605e-05 0.000168866 -1.56871e-05
21.9089 0.602464 0.00137477 1.59397 -3.10097e-05 0.000145298 -1.6991e-05
21.9287 0.606316 0.00137634 1.59402 -3.38978e-05 -0.000362129 -1.86366e-05
21.9486 0.61022 0.00137812 1.5941 -5.27462e-05 0.00049899 -1.86834e-05
21.9695 0.614111 0.00138001 1.59418 -5.61069e-05 0.000472445 -1.88672e-05
21.9891 0.617989 0.00138209 1.59428 -5.46165e-05 0.000100467 -1.99209e-05
22.0104 0.621861 0.0013844 1.59439 -5.73467e-05 0.000167988 -2.04553e-05
22.03 0.625718 0.00138687 1.5945 -5.0223e-05 2.56817e-05 -2.07561e-05
22.0496 0.62959 0.00138953 1.59461 -4.29281e-05 0.00013269 -2.13912e-05
22.0703 0.633489 0.00139242 1.59471 -4.74972e-05 0.000795828 -2.0893e-05
22.0898 0.637344 0.00139541 1.59482 -4.08903e-05 -0.000175684 -2.02498e-05
22.1117 0.641242 0.00139863 1.59494 -4.79833e-05 5.91988e-05 -1.91901e-05
22.1302 0.645156 0.00140206 1.59509 -6.01607e-05 0.000382609 -1.73857e-05
22.1505 0.64909 0.00140563 1.59524 -5.78336e-05 0.00033521 -1.55806e-05
22.171 0.653044 0.00140935 1.59539 -4.58059e-05 9.53905e-05 -1.41371e-05
22.1913 0.657021 0.00141324 1.59552 -3.35813e-05 0.000153974 -1.28173e-05
22.2122 0.66101 0.00141727 1.59564 -2.35124e-05 2.06992e-06 -1.25077e-05
22.2311 0.665027 0.00142146 1.59575 -2.61337e-05 8.69833e-05 -1.3833e-05
22.2514 0.669059 0.00142576 1.59584 -3.395e-05 5.55258e-05 -1.46361e-05
22.2733 0.673106 0.0014302 1.59592 -4.38945e-05 -0.000100158 -1.62663e-05
22.2918 0.677176 0.00143481 1.59598 -5.54627e-05 -6.91285e-05 -1.7842e-05
22.3132 0.681267 0.00143957 1.59604 -6.00166e-05 -8.15116e-05 -1.74333e-05
22.3321 0.685379 0.00144456 1.59608 -6.61341e-05 -8.15964e-05 -1.78647e-05
22.3528 0.689513 0.00144976 1.59611 -6.70788e-05 -6.35388e-05 -1.88492e-05
22.3731 0.693671 0.00145522 1.59613 -6.9832e-05 4.10675e-05 -1.93203e-05
22.3925 0.697841 0.00146096 1.59614 -7.68893e-05 -8.25135e-05 -1.98852e-05
22.4146 0.702036 0.00146693 1.59615 -7.77089e-05 9.95176e-06 -1.91583e-05
22.4328 0.706243 0.00147317 1.59615 -7.50036e-05 -5.51508e-05 -1.8969e-05
22.4529 0.710474 0.00147968 1.59615 -7.0673e-05 3.88488e-05 -1.90313e-05
22.4738 0.714714 0.00148637 1.59616 -5.56794e-05 -8.61135e-05 -1.79746e-05
22.4935 0.718978 0.0014932 1.59616 -3.2857e-05 -8.24825e-05 -1.6501e-05
22.5142 0.723263 0.00150023 1.59616 -2.25037e-05 1.87626e-05 -1.62272e-05
22.5338 0.727557 0.00150741 1.59616 -2.82995e-05 -0.000143162 -1.57037e-05
22.5537 0.731874 0.00151469 1.59616 -3.5503e-05 -1.77187e-05 -1.45299e-05
22.5748 0.736201 0.00152199 1.59616 -2.73914e-05 -0.000102843 -1.32224e-05
22.5942 0.740548 0.00152933 1.59617 -1.34547e-05 -8.09514e-05 -1.13556e-05
22.616 0.744907 0.00153668 1.59617 5.07214e-06 -8.06115e-05 -1.06257e-05
22.6347 0.749279 0.001544 1.59618 2.16293e-05 -6.5855e-05 -1.19818e-05
22.6547 0.753664 0.00155119 1.59618 4.11285e-05 -5.18984e-05 -1.05264e-05
22.6758 0.758062 0.00155819 1.59618 6.00671e-05 -3.66623e-05 -9.74663e-06
22.6952 0.762474 0.00156495 1.59618 7.62626e-05 -1.80625e-05 -8.05985e-06
22.7168 0.766898 0.00157141 1.59617 8.75325e-05 6.68675e-06 -5.76997e-06
22.7356 0.771336 0.00157755 1.59616 9.25593e-05 3.93697e-05 -4.43834e-06
22.7555 0.775789 0.00158341 1.59615 8.40359e-05 0.000126644 -5.97519e-06
22.7758 0.780246 0.00158898 1.59614 6.4084e-05 0.000102569 -5.93326e-06
22.7957 0.784709 0.00159423 1.59612 5.18523e-05 7.95582e-05 -5.67357e-06
22.8164 0.789177 0.00159921 1.59611 4.89146e-05 9.28588e-05 -5.50973e-06
22.8361 0.793642 0.00160404 1.5961 3.65689e-05 -0.000221069 -5.61691e-06
22.8562 0.79814 0.00160874 1.59609 1.86625e-05 -0.000121835 -4.19545e-06
22.878 0.802678 0.00161328 1.59609 1.27758e-05 0.000229849 -2.57517e-06
22.8964 0.807247 0.00161768 1.5961 1.9176e-05 0.000550337 -1.17749e-06
22.9172 0.811803 0.0016219 1.59612 4.25825e-05 -1.36307e-05 -9.21135e-07
22.9365 0.816357 0.00162596 1.59616 6.19459e-05 -0.000206464 -1.5613e-06
22.9571 0.820921 0.00162982 1.59621 7.27743e-05 9.87825e-05 -2.54201e-06
22.9783 0.825482 0.0016334 1.59627 8.08381e-05 0.000235556 -4.30446e-06
22.9973 0.830046 0.00163666 1.59633 8.39352e-05 -0.00021273 -3.59984e-06
23.0188 0.834667 0.00163969 1.59643 6.88217e-05 0.000760328 -4.7334e-06
23.0377 0.839272 0.00164233 1.59654 7.09591e-05 0.000510698 -4.77783e-06
23.0576 0.843885 0.00164471 1.59668 6.91436e-05 0.000416766 -5.64968e-06
23.0783 0.848489 0.00164685 1.59683 6.01996e-05 0.000130199 -6.07819e-06
23.0979 0.853147 0.00164871 1.59697 5.71092e-05 0.000184644 -5.07483e-06
23.1205 0.857851 0.00165025 1.59711 6.38612e-05 -0.00024321 -3.82001e-06
23.1391 0.862626 0.00165172 1.59728 4.43289e-05 0.000308068 -5.10071e-06
23.1592 0.867448 0.00165294 1.59747 3.6121e-05 6.05059e-05 -7.86248e-06
23.1805 0.872328 0.00165401 1.59766 2.7677e-05 -5.70967e-05 -7.57064e-06
23.2 0.87726 0.00165495 1.59785 2.14277e-05 2.54636e-05 -7.895e-06
23.2206 0.882244 0.0016557 1.59803 3.1699e-05 -0.000174529 -6.9489e-06
23.2398 0.887286 0.00165636 1.59821 3.70411e-05 -0.000184493 -7.04246e-06
23.2602 0.892368 0.0016569 1.59838 3.67653e-05 -0.000275469 -6.09754e-06
23.2807 0.897492 0.00165734 1.59853 3.12695e-05 -0.000197674 -7.62532e-06
23.3004 0.902646 0.00165767 1.59867 2.21046e-05 -0.000347984 -8.86577e-06
23.321 0.907838 0.00165787 1.59879 2.22637e-05 -0.00050496 -1.0991e-05
23.3406 0.913068 0.001658 1.59891 1.76325e-05 -0.00047205 -1.05176e-05
23.3608 0.918341 0.00165807 1.59901 1.09615e-05 -0.000277596 -9.6126e-06
23.3826 0.923645 0.00165807 1.5991 9.56417e-06 -0.00033446 -9.00178e-06
23.4009 0.92898 0.00165799 1.59918 1.69025e-05 -0.000370799 -9.41457e-06
23.4224 0.934338 0.00165778 1.59925 3.33918e-05 -0.000402693 -9.70425e-06
23.4415 0.939729 0.00165742 1.59932 5.5255e-05 -0.000222041 -1.17806e-05
23.4615 0.945141 0.00165689 1.59938 6.8572e-05 -0.000252048 -1.22338e-05
23.4818 0.950594 0.00165613 1.59943 7.41199e-05 -0.000322832 -1.11382e-05
23.5018 0.956089 0.00165517 1.59947 6.70162e-05 1.45867e-05 -1.26522e-05
23.5234 0.961593 0.00165388 1.59951 7.45089e-05 -0.000325582 -1.54366e-05
23.5419 0.967114 0.00165229 1.59955 7.94586e-05 -0.000394262 -1.52862e-05
23.5619 0.972651 0.00165043 1.5996 8.03651e-05 -0.000247187 -1.4834e-05
23.5827 0.978203 0.00164821 1.59964 8.86754e-05 -0.000234289 -1.53549e-05
23.6024 0.983771 0.00164564 1.59968 0.000100223 -0.000133248 -1.65771e-05
23.6245 0.989343 0.00164268 1.59971 0.000110998 -0.000228826 -1.59899e-05
23.6429 0.994933 0.00163934 1.59974 0.000113107 -7.19467e-05 -1.45334e-05
23.6631 1.00052 0.00163563 1.59977 0.0001045 -5.00761e-05 -1.2431e-05
23.6843 1.00611 0.00163155 1.59979 9.45027e-05 -3.25091e-05 -1.24015e-05
23.7033 1.0117 0.00162712 1.5998 8.19561e-05 2.55916e-05 -1.219e-05
23.7245 1.01729 0.0016223 1.59981 8.15556e-05 8.74322e-05 -1.0553e-05
23.7437 1.02289 0.00161707 1.59982 0.00010003 0.000136748 -8.33127e-06
23.7637 1.02849 0.00161138 1.59981 0.000130714 0.000180311 -6.50222e-06
23.7839 1.03409 0.00160526 1.59981 0.000154496 0.000233457 -7.13384e-06
23.8041 1.03969 0.00159863 1.5998 0.000165835 0.000251602 -8.10399e-06
23.8264 1.04529 0.00159142 1.59979 0.000166399 0.000253198 -7.2005e-06
23.8443 1.0509 0.00158365 1.59977 0.000154923 0.000266861 -5.29106e-06
23.8644 1.05651 0.00157536 1.59975 0.000136572 0.000285786 -6.84821e-06
23.8858 1.06212 0.0015666 1.59973 0.000113023 0.000465365 -7.87426e-06
23.9053 1.06772 0.0015574 1.59971 9.19422e-05 0.000206056 -8.23062e-06
23.9264 1.07331 0.00154789 1.5997 6.91775e-05 0.000208875 -7.9643e-06
23.9453 1.0789 0.00153815 1.59969 4.47458e-05 0.000295554 -8.67092e-06
23.9656 1.08448 0.00152829 1.59969 1.69854e-05 0.000408903 -9.56565e-06
23.9884 1.09005 0.00151839 1.59968 -9.72229e-06 0.000285465 -1.06478e-05
24.0063 1.0956 0.00150852 1.59968 -2.99933e-05 0.000309435 -1.01019e-05
24.0269 1.10114 0.00149882 1.59968 -5.44362e-05 0.000390387 -9.9743e-06
24.0467 1.10667 0.00148938 1.59968 -8.04331e-05 0.000403127 -9.10244e-06
24.0664 1.11218 0.00148027 1.59969 -0.000102241 0.000315178 -9.58911e-06
24.0886 1.11769 0.00147158 1.59969 -0.000123403 0.000333183 -1.0504e-05
24.1072 1.1232 0.00146336 1.5997 -0.000135695 0.000360968 -1.18172e-05
24.1279 1.1287 0.00145559 1.5997 -0.000131998 -0.000146124 -1.20647e-05
24.1475 1.13427 0.00144834 1.59972 -0.00012477 -0.000138607 -1.14616e-05
24.1674 1.13993 0.0014416 1.59977 -0.000114364 0.000255203 -1.3517e-05
24.1903 1.14564 0.00143523 1.59984 -9.02654e-05 0.00021483 -1.35121e-05
24.208 1.1514 0.00142917 1.59991 -5.50912e-05 -3.26236e-06 -1.38822e-05
24.2304 1.15722 0.00142336 1.59999 -2.31383e-05 -5.53739e-05 -1.39004e-05
24.2483 1.16307 0.00141774 1.60007 -6.90291e-06 -0.000121443 -1.2666e-05
24.269 1.16896 0.00141229 1.60015 -9.62342e-06 -0.000177048 -1.19929e-05
24.2911 1.17489 0.001407 1.60023 -3.12216e-05 -0.000286714 -1.14795e-05
24.3089 1.18087 0.00140184 1.60029 -5.12465e-05 -0.000264813 -1.01962e-05
24.3296 1.18689 0.00139687 1.60036 -6.64831e-05 -0.000151888 -9.62463e-06
24.3494 1.19294 0.00139217 1.60043 -8.01443e-05 -0.000332898 -8.32213e-06
24.3694 1.19903 0.00138775 1.60049 -8.59404e-05 -0.00046545 -6.56397e-06
24.39 1.20517 0.0013837 1.60056 -9.32452e-05 -0.00017079 -5.75569e-06
24.4095 1.21135 0.00138 1.60063 -9.69114e-05 -0.000114226 -5.00804e-06
24.4314 1.21755 0.00137663 1.6007 -9.14111e-05 -0.000279474 -4.28027e-06
24.4498 1.22379 0.00137365 1.60077 -8.83454e-05 -0.000290124 -2.58751e-06
24.4702 1.23005 0.00137108 1.60084 -9.46589e-05 -0.000237162 -3.37919e-07
24.4914 1.23634 0.00136888 1.60091 -0.000100134 -0.000172932 7.66959e-07
24.5112 1.24265 0.00136704 1.60097 -9.6927e-05 -0.000188663 2.111e-06
24.5329 1.24898 0.00136554 1.60103 -8.85875e-05 -9.35592e-05 3.10549e-06
24.5532 1.25533 0.00136439 1.60108 -7.94783e-05 -0.000152399 4.89253e-06
24.5798 1.2617 0.00136359 1.60112 -7.15972e-05 -5.71816e-05 2.90824e-06
24.6091 1.26809 0.00136303 1.60116 -5.76967e-05 -8.85395e-05 -5.06515e-07
24.6373 1.27449 0.00136266 1.60121 -3.93072e-05 -0.000235614 -1.5568e-06
24.6621 1.2809 0.00136245 1.60125 -2.37068e-05 -0.000267886 -1.47964e-06
24.6775 1.28733 0.00136234 1.60129 -7.30559e-06 -0.000141399 -1.82445e-06
24.6973 1.29377 0.00136226 1.60133 7.3e-06 -8.53176e-05 -3.22284e-06
24.7194 1.30021 0.00136214 1.60136 2.34068e-05 -0.000144039 -2.47288e-06
24.7377 1.30666 0.00136192 1.60139 3.94484e-05 -6.97571e-05 -6.05734e-07
24.759 1.31313 0.00136162 1.60142 4.30018e-05 0.000186663 9.5967e-07
24.7781 1.31959 0.00136115 1.60144 4.75696e-05 -5.34837e-06 2.14021e-06
24.7987 1.32606 0.00136054 1.60148 4.50161e-05 0.000198524 3.08697e-06
24.8187 1.33253 0.00135977 1.60151 4.09895e-05 0.000232284 2.92108e-06
24.8384 1.33898 0.00135888 1.60155 2.99453e-05 0.000170334 3.15012e-06
24.861 1.34543 0.00135791 1.60159 1.4809e-05 0.000117494 3.10218e-06
24.8789 1.35188 0.00135687 1.60163 -2.26071e-07 0.000201273 4.52795e-06
24.8986 1.35833 0.00135579 1.60166 -6.95224e-06 0.000231223 4.3165e-06
24.9196 1.36478 0.00135471 1.6017 -6.98054e-06 0.000212459 4.78148e-06
24.9401 1.37123 0.00135372 1.60172 -1.9068e-05 0.000204308 5.57044e-06
24.9613 1.37768 0.00135281 1.60175 -3.14804e-05 0.000201013 7.4407e-06
24.9801 1.38413 0.00135201 1.60177 -3.63474e-05 0.000195351 5.46861e-06
24.9996 1.39057 0.00135132 1.60178 -4.04894e-05 0.000201361 6.19287e-06
25.0216 1.39702 0.00135087 1.60179 -5.21048e-05 -6.38026e-05 2.78761e-06
25.0402 1.40352 0.00135061 1.60181 -6.22681e-05 0.000461045 2.0646e-06
25.0623 1.41002 0.00135049 1.60183 -5.68928e-05 0.000310415 1.92583e-06
25.0802 1.41654 0.00135058 1.60187 -4.93839e-05 9.20563e-05 1.28991e-06
25.1008 1.42305 0.00135085 1.60191 -3.93366e-05 -1.85625e-05 -5.35614e-07
25.1208 1.42957 0.00135128 1.60197 -3.30566e-05 4.01827e-05 -9.7918e-08
25.1405 1.4361 0.00135184 1.60202 -2.65952e-05 0.000330809 7.30046e-07
25.1614 1.44259 0.00135235 1.60208 3.93853e-06 -0.000860053 2.27576e-06
25.1812 1.44916 0.00135303 1.60216 5.30594e-06 -0.000134819 1.24495e-06
25.201 1.4558 0.00135368 1.60228 5.91879e-06 0.000400182 2.26714e-06
25.2234 1.46249 0.00135424 1.60242 1.57014e-05 0.000106897 3.90555e-06
25.2414 1.46923 0.00135477 1.60257 2.16842e-05 -0.00013113 4.86785e-06
25.2635 1.47603 0.00135522 1.60272 2.58123e-05 -0.000150952 4.60909e-06
25.2824 1.48289 0.00135558 1.60286 2.68415e-05 -0.000137137 6.1607e-06
25.3025 1.48978 0.00135587 1.60299 2.53116e-05 -0.000323087 5.61418e-06
25.3231 1.49673 0.00135607 1.60312 1.9644e-05 -0.000243854 6.36031e-06
25.3431 1.50371 0.00135621 1.60324 1.10796e-05 -0.000322862 8.07144e-06
25.3643 1.51075 0.00135631 1.60335 5.67239e-07 -0.000267888 1.07523e-05
25.3833 1.51783 0.0013564 1.60346 -5.07648e-06 -0.000250658 1.14872e-05
25.4033 1.52496 0.00135643 1.60355 -3.63367e-07 -0.000350881 1.29288e-05
25.4238 1.53212 0.00135645 1.60364 7.64626e-06 -0.000241795 1.53191e-05
25.4435 1.53932 0.00135641 1.60372 2.06863e-05 -0.000295065 1.61238e-05
25.4642 1.54655 0.00135627 1.60379 3.73082e-05 -0.000391672 1.66204e-05
25.484 1.55382 0.00135604 1.60386 4.70633e-05 -0.000126106 1.69465e-05
25.5036 1.56112 0.00135559 1.60392 5.99405e-05 -0.000234419 1.8976e-05
25.5239 1.56844 0.00135494 1.60398 6.9354e-05 -0.000201774 1.92141e-05
25.5439 1.57578 0.00135405 1.60404 7.2452e-05 -0.00017134 2.06855e-05
25.5645 1.58314 0.00135289 1.60409 7.29124e-05 -0.00016353 2.27411e-05
25.5844 1.59052 0.00135145 1.60413 7.44326e-05 -0.000121974 2.38758e-05
25.6046 1.59792 0.00134977 1.60418 6.6281e-05 -9.76642e-05 2.57159e-05
25.6254 1.60534 0.001348 1.60421 3.66216e-05 -0.000317505 2.47503e-05
25.6451 1.61282 0.00134607 1.60425 8.52282e-06 -8.05146e-05 2.63467e-05
25.666 1.62034 0.00134402 1.60429 -4.84579e-06 -5.69751e-05 2.84121e-05
25.6855 1.6279 0.00134197 1.60432 -1.18714e-05 -4.97405e-05 2.95997e-05
25.7055 1.63548 0.00133997 1.60436 -1.70769e-05 -2.18527e-05 3.00687e-05
25.7261 1.64308 0.00133803 1.60438 -1.99068e-05 -0.000126842 2.97354e-05
25.7459 1.65071 0.00133619 1.6044 -2.63736e-05 -0.000226861 2.98206e-05
25.7681 1.65835 0.00133449 1.60443 -3.72392e-05 -5.23551e-05 3.23425e-05
25.7864 1.66602 0.00133288 1.60445 -3.87758e-05 -0.000130948 3.57654e-05
25.8071 1.67371 0.00133142 1.60447 -3.81351e-05 5.73162e-05 3.67514e-05
25.8279 1.6814 0.00133015 1.60449 -4.33556e-05 1.92958e-05 3.81538e-05
25.8469 1.68913 0.00132906 1.60451 -4.797e-05 0.000147118 3.96112e-05
25.8699 1.69687 0.00132809 1.60454 -3.92732e-05 8.79344e-05 3.94295e-05
25.8881 1.70462 0.00132728 1.6046 -3.05465e-05 -7.02177e-06 3.6966e-05
25.9081 1.71237 0.00132659 1.60466 -2.21612e-05 9.57942e-06 3.72909e-05
25.9301 1.72012 0.00132597 1.60473 -1.13441e-05 7.92942e-05 3.85472e-05
25.949 1.72788 0.00132541 1.60479 -3.14987e-06 6.39505e-05 3.84108e-05
25.9707 1.73563 0.00132484 1.60484 1.2583e-05 -0.000551548 3.71786e-05
25.9889 1.74343 0.00132431 1.6049 1.37523e-05 -0.000189559 3.69966e-05
26.0088 1.7513 0.00132377 1.60499 9.3848e-06 0.000500915 3.63758e-05
26.03 1.75921 0.00132314 1.60509 1.4236e-05 0.000289706 3.54427e-05
26.0493 1.76717 0.00132245 1.60521 1.91114e-05 -9.64004e-06 3.65024e-05
26.0702 1.77516 0.00132172 1.60533 2.05183e-05 0.000287148 3.70821e-05
26.0896 1.78316 0.00132087 1.60546 2.77692e-05 2.75173e-05 3.76576e-05
26.11 1.79117 0.0013199 1.6056 3.69391e-05 -7.98376e-05 3.90453e-05
26.1328 1.79918 0.00131883 1.60573 4.09736e-05 0.000176622 3.94452e-05
26.1499 1.80717 0.00131755 1.60586 5.21297e-05 -0.000803568 3.98611e-05
26.1732 1.81522 0.00131618 1.60602 4.41244e-05 -0.000895921 4.18225e-05
26.1907 1.82344 0.00131474 1.60622 2.72656e-05 0.000730146 3.91386e-05
26.2105 1.83168 0.00131298 1.60647 4.43778e-05 6.53988e-06 3.84931e-05
26.2331 1.83998 0.00131114 1.60675 4.59718e-05 -0.000422098 3.97213e-05
26.251 1.84833 0.00130923 1.60704 3.11211e-05 -0.000271432 4.01343e-05
26.272 1.85671 0.0013072 1.60731 1.855e-05 -0.000285777 3.97215e-05
26.2915 1.86515 0.0013051 1.60757 7.17964e-06 -0.000169358 3.9749e-05
26.3116 1.87362 0.001303 1.60779 -9.38749e-06 -8.44082e-05 4.11578e-05
26.3325 1.88213 0.00130092 1.608 -1.95364e-05 -0.000224444 4.07852e-05
26.3518 1.89067 0.00129892 1.60818 -2.82481e-05 -0.000294377 4.09715e-05
26.3739 1.89924 0.00129704 1.60834 -3.7281e-05 -0.000153541 4.10585e-05
26.392 1.90785 0.00129532 1.60848 -4.67905e-05 -6.6942e-05 3.97288e-05
26.4124 1.91647 0.00129376 1.6086 -5.17365e-05 -0.000259829 3.98964e-05
26.4355 1.92513 0.00129245 1.6087 -6.0891e-05 -0.000205643 3.76846e-05
26.4527 1.93381 0.00129137 1.60879 -6.94179e-05 -6.69559e-05 3.55537e-05
26.4738 1.94251 0.00129053 1.60886 -7.1653e-05 -7.2074e-05 3.51611e-05
26.4933 1.95124 0.00128991 1.60892 -6.61107e-05 -2.91879e-05 3.72161e-05
26.5133 1.95998 0.00128953 1.60896 -5.73642e-05 -6.12743e-05 3.93688e-05
26.5344 1.96874 0.00128942 1.60899 -5.30514e-05 -2.6304e-05 3.83441e-05
26.5538 1.97751 0.00128957 1.60901 -5.47387e-05 1.91251e-05 3.54273e-05
26.5765 1.98629 0.00128995 1.60901 -6.15842e-05 4.18851e-05 3.55857e-05
26.5938 1.99509 0.00129055 1.60901 -6.64874e-05 7.25293e-05 3.57761e-05
26.6139 2.0039 0.00129142 1.609 -7.25858e-05 0.000258755 3.68365e-05
26.6386 2.01271 0.00129252 1.60899 -6.71181e-05 0.000167242 3.54959e-05
26.6551 2.02153 0.00129382 1.60898 -5.57269e-05 0.000186002 3.65062e-05
26.6755 2.03033 0.00129533 1.60897 -4.19394e-05 0.000174996 3.76983e-05
26.6952 2.03912 0.00129697 1.60896 -2.47466e-05 0.000166178 3.90863e-05
26.7153 2.04791 0.0012987 1.60896 -7.84845e-06 0.000248908 4.02681e-05
26.7384 2.05669 0.00130048 1.60896 6.35334e-06 0.000475258 4.12734e-05
26.7565 2.06545 0.00130221 1.60896 2.4942e-05 0.000260419 4.11379e-05
26.7768 2.07419 0.00130381 1.60897 4.3232e-05 -1.10425e-05 4.39085e-05
26.7968 2.08296 0.00130535 1.60899 4.51017e-05 0.000396157 4.4032e-05
26.8167 2.09173 0.00130672 1.60902 4.71876e-05 0.000369437 4.39653e-05
26.8375 2.10052 0.00130785 1.60906 5.45543e-05 0.000233878 4.67447e-05
26.8572 2.10931 0.00130879 1.6091 5.77494e-05 0.000363385 4.90229e-05
26.878 2.11808 0.00130951 1.60915 5.91639e-05 0.000249686 5.04384e-05
26.8974 2.12687 0.00131002 1.60919 5.77065e-05 0.0004814 5.18135e-05
26.9177 2.13566 0.0013103 1.60926 5.29892e-05 0.000659647 5.51003e-05
26.938 2.1444 0.00131028 1.60934 6.60379e-05 -0.000511321 5.56723e-05
26.9583 2.15317 0.0013101 1.60946 6.45553e-05 -0.000340184 5.5851e-05
26.9795 2.16199 0.00130969 1.60961 6.22384e-05 0.000299441 5.48251e-05
26.999 2.17084 0.00130894 1.60978 7.33983e-05 0.000249811 5.56923e-05
27.0191 2.17975 0.00130794 1.60995 7.76858e-05 0.000748612 5.7409e-05
27.0412 2.18861 0.00130665 1.61013 8.2769e-05 0.000180638 5.75741e-05
27.0598 2.19745 0.00130511 1.61031 7.64548e-05 -6.67249e-05 5.61934e-05
27.0803 2.20628 0.00130332 1.61049 6.34922e-05 0.000132559 5.55852e-05
27.0995 2.2151 0.00130131 1.61065 4.72337e-05 0.000666977 5.509e-05
27.1196 2.22385 0.00129905 1.6108 4.14336e-05 0.000344216 5.62628e-05
27.1402 2.23257 0.00129659 1.61093 4.06392e-05 0.000188652 5.84797e-05
27.1598 2.24125 0.00129398 1.61104 4.11916e-05 0.000390088 6.01993e-05
27.1814 2.24986 0.00129118 1.61113 4.75163e-05 -0.000483596 6.16131e-05
27.2004 2.25853 0.00128827 1.6112 4.46551e-05 -0.000263654 6.18358e-05
27.2201 2.26726 0.00128533 1.6113 2.47298e-05 0.000465 5.95553e-05
27.2425 2.27605 0.00128224 1.6114 1.27805e-05 0.000457842 5.95151e-05
27.2609 2.2849 0.00127908 1.61149 7.05392e-06 0.000168264 5.91024e-05
27.2821 2.29379 0.00127592 1.61158 4.36935e-07 -0.00015706 5.81155e-05
27.3006 2.30274 0.00127282 1.61166 -1.68528e-05 -8.39552e-05 5.97731e-05
27.3207 2.31174 0.0012698 1.61172 -3.3789e-05 -2.73995e-05 6.2621e-05
27.3431 2.32079 0.00126691 1.61177 -4.2627e-05 -0.000215267 5.92207e-05
27.3611 2.32988 0.00126416 1.61181 -4.71072e-05 -0.00038063 5.85652e-05
27.3819 2.33901 0.00126159 1.61183 -4.7729e-05 -0.000607495 5.77558e-05
27.4015 2.34822 0.00125923 1.61185 -5.30991e-05 -0.000383871 5.92337e-05
27.4224 2.35748 0.00125708 1.61187 -5.40388e-05 -0.000302152 6.04562e-05
27.4423 2.3668 0.00125509 1.61188 -4.65867e-05 -0.000407142 6.24589e-05
27.4621 2.37618 0.00125329 1.61188 -3.85452e-05 -0.000402578 6.45963e-05
27.4838 2.3856 0.00125163 1.61187 -2.50203e-05 -0.000461999 6.46596e-05
27.5032 2.39508 0.00125012 1.61185 -1.72741e-05 -0.000316708 6.44151e-05
27.5231 2.40459 0.00124869 1.61182 -1.11914e-05 -0.000360082 6.41056e-05
27.5465 2.41414 0.00124728 1.61179 -2.66236e-06 -0.000427024 6.60983e-05
27.5639 2.42373 0.00124588 1.61176 9.53985e-06 -0.000281497 6.77441e-05
27.5853 2.43334 0.00124444 1.61172 2.33349e-05 -0.000374581 6.77394e-05
27.6042 2.44298 0.00124294 1.61168 3.1122e-05 -0.000814438 6.93822e-05
27.6243 2.4527 0.00124139 1.61166 2.92759e-05 -0.000378537 7.16404e-05
27.648 2.46248 0.00123973 1.61165 3.18367e-05 -0.000256409 7.21457e-05
27.6647 2.47233 0.001238 1.61166 2.89943e-05 0.000170837 7.09604e-05
27.6853 2.48218 0.00123616 1.61167 2.997e-05 -0.000260796 6.63096e-05
27.7048 2.49206 0.00123428 1.6117 1.62811e-05 -0.000289449 6.49776e-05
27.7253 2.50196 0.00123237 1.61173 -2.4276e-06 -0.000117004 6.62675e-05
27.7456 2.51188 0.00123046 1.61176 -1.61904e-05 -3.7988e-05 6.46723e-05
27.7651 2.52181 0.00122859 1.61178 -2.57124e-05 -8.24187e-05 6.49287e-05
27.7856 2.53175 0.0012268 1.6118 -3.04522e-05 -9.0767e-05 6.48508e-05
27.8059 2.5417 0.00122512 1.61181 -3.41916e-05 -3.44863e-05 6.59835e-05
27.8255 2.55166 0.00122354 1.61182 -3.02093e-05 8.92693e-06 6.85033e-05
27.8469 2.56163 0.00122209 1.61183 -2.74248e-05 3.22904e-05 7.10386e-05
27.8655 2.57161 0.00122074 1.61183 -2.35756e-05 7.5624e-05 7.46486e-05
27.8885 2.58159 0.0012195 1.61183 -1.79639e-05 8.37574e-05 7.55297e-05
27.9069 2.59159 0.00121836 1.61183 -1.57138e-05 0.000209493 7.5795e-05
27.9269 2.60159 0.00121733 1.61183 -1.693e-05 0.000202016 7.15081e-05
27.9474 2.61159 0.00121642 1.61183 -2.74927e-05 0.000202261 6.93239e-05
27.9666 2.62159 0.00121564 1.61182 -4.3801e-05 0.000220808 7.11308e-05
27.9871 2.6316 0.001215 1.61181 -5.50328e-05 0.000233439 7.42743e-05
28.0073 2.64161 0.00121456 1.6118 -6.06283e-05 0.000236283 7.31448e-05
28.0273 2.65161 0.00121434 1.61178 -6.02515e-05 -0.0003729 7.06726e-05
28.0485 2.66166 0.00121444 1.61176 -7.41002e-05 -0.000152563 7.17083e-05
28.0676 2.6718 0.0012149 1.61176 -9.52575e-05 0.00116082 7.00576e-05
28.0903 2.68192 0.00121558 1.61178 -9.50449e-05 0.000821139 7.06511e-05
28.1082 2.69201 0.00121661 1.61184 -8.63115e-05 0.000343735 6.84158e-05
28.1283 2.70205 0.00121799 1.61193 -8.09458e-05 0.000213899 6.58734e-05
28.1513 2.71204 0.00121961 1.61203 -6.50775e-05 -0.000592542 6.3894e-05
28.1686 2.72211 0.00122163 1.61217 -6.95127e-05 0.000387095 6.04879e-05
28.1919 2.73219 0.00122379 1.61233 -5.51445e-05 0.000103859 6.01977e-05
28.2087 2.74235 0.00122616 1.61252 -3.69939e-05 -0.000209456 5.82047e-05
28.2287 2.75262 0.00122872 1.61276 -2.73249e-05 0.000552655 5.78224e-05
28.2516 2.76298 0.00123131 1.61303 -4.67829e-06 0.00046739 5.56999e-05
28.2694 2.77342 0.00123393 1.61329 1.77414e-05 0.000219844 5.27817e-05
28.2903 2.78394 0.0012365 1.61355 3.40694e-05 -5.7941e-05 5.10981e-05
28.3093 2.79452 0.00123896 1.61379 4.33767e-05 -9.98417e-05 5.22818e-05
28.3295 2.80517 0.00124123 1.61401 5.50281e-05 -0.000282251 5.41396e-05
28.3505 2.81589 0.00124331 1.61421 6.39178e-05 -0.000261604 5.50183e-05
28.37 2.82666 0.00124519 1.61439 6.64158e-05 -0.000405563 5.31737e-05
28.3908 2.83749 0.00124686 1.61456 5.83897e-05 -0.000399932 5.17687e-05
28.4116 2.84837 0.00124834 1.6147 4.50636e-05 -0.000392917 5.10611e-05
28.4311 2.85929 0.00124967 1.61482 2.80685e-05 -0.000475035 4.99438e-05
28.4514 2.87026 0.00125092 1.61493 4.22737e-06 -0.000566765 4.95345e-05
28.4708 2.88127 0.00125212 1.61502 -1.29786e-05 -0.000290698 4.98295e-05
28.4915 2.89232 0.00125334 1.61509 -2.30921e-05 -0.000388992 4.88686e-05
28.5118 2.9034 0.00125462 1.61516 -2.87202e-05 -0.000557803 4.57888e-05
28.5317 2.91454 0.00125607 1.61523 -4.6066e-05 -0.000287191 4.58817e-05
28.5556 2.92572 0.00125766 1.61531 -5.43793e-05 -0.000218516 4.32016e-05
28.5724 2.93693 0.00125937 1.61538 -5.01114e-05 -0.000326244 4.20942e-05
28.5929 2.94817 0.00126129 1.61545 -4.52112e-05 -0.000326341 3.98259e-05
28.6126 2.95944 0.00126337 1.6155 -4.27193e-05 -0.000241636 3.96362e-05
28.6329 2.97074 0.00126565 1.61555 -4.16261e-05 -0.000159632 3.55092e-05
28.6546 2.98205 0.00126806 1.61558 -3.96183e-05 -0.00029595 3.4823e-05
28.6732 2.9934 0.00127064 1.61561 -3.9618e-05 -0.000122476 3.5078e-05
28.6951 3.00476 0.00127332 1.61563 -3.41071e-05 -8.04441e-05 3.52422e-05
28.7135 3.01614 0.00127612 1.61565 -2.71711e-05 -7.85979e-05 3.71218e-05
28.7337 3.02756 0.00127901 1.61567 -1.91772e-05 0.00028459 3.89284e-05
28.7555 3.03895 0.00128194 1.61568 -5.96611e-06 0.000164432 4.01046e-05
28.7737 3.05034 0.00128485 1.61569 1.07611e-05 -1.03359e-05 4.22128e-05
28.7952 3.06174 0.00128775 1.61571 1.98154e-05 0.000389692 4.53946e-05
28.8142 3.07311 0.00129058 1.61573 2.57843e-05 0.000427835 4.96051e-05
28.8342 3.08445 0.00129331 1.61576 3.4338e-05 0.00024586 4.96608e-05
28.8582 3.09579 0.00129594 1.61578 3.50276e-05 0.000379482 5.10672e-05
28.8745 3.1071 0.00129845 1.61581 3.06187e-05 -4.65063e-05 5.28166e-05
28.8951 3.1185 0.00130079 1.61587 3.07438e-05 0.000495342 5.6144e-05
28.9147 3.12992 0.00130294 1.61594 4.52701e-05 0.000920314 5.57974e-05
28.9347 3.1413 0.00130499 1.61604 4.39014e-05 0.000379971 5.63722e-05
28.956 3.15266 0.00130691 1.61614 3.51195e-05 0.00040998 5.54625e-05
28.9753 3.16401 0.00130868 1.61626 2.70761e-05 0.000568213 5.63559e-05
28.996 3.17533 0.00131029 1.61637 2.66548e-05 0.000589207 5.75058e-05
29.0159 3.18664 0.00131178 1.61647 2.66849e-05 0.000532703 5.85749e-05
29.036 3.19794 0.0013132 1.61656 2.60652e-05 0.000512794 5.56917e-05
29.0568 3.20922 0.00131453 1.61664 2.14886e-05 0.000508073 5.38386e-05
29.0761 3.22049 0.00131578 1.61671 1.81158e-05 0.000472753 4.93714e-05
29.0975 3.23174 0.00131694 1.61676 1.61674e-05 0.000467165 4.75177e-05
29.1173 3.24299 0.00131802 1.61681 1.30895e-05 0.000474884 4.71866e-05
29.1377 3.25421 0.00131906 1.61684 9.16124e-06 0.000477663 4.5461e-05
29.1576 3.26542 0.00132006 1.61687 5.35876e-06 0.000422329 4.5088e-05
29.1774 3.27662 0.001321 1.61689 4.56248e-06 0.000326454 4.65003e-05
29.1992 3.28782 0.00132193 1.61692 6.65766e-06 0.000642002 4.51975e-05
29.2188 3.29896 0.00132262 1.61691 3.4471e-05 -0.000922982 4.75132e-05
29.2388 3.31024 0.00132361 1.61698 -8.91267e-06 0.000500777 4.90673e-05
29.2594 3.32157 0.00132444 1.6171 -1.87942e-05 0.00069065 5.09751e-05
29.2793 3.33298 0.00132525 1.61726 -1.04199e-05 0.000419121 5.1382e-05
29.3005 3.34445 0.00132608 1.61743 1.85798e-06 2.73552e-05 5.19768e-05
29.3195 3.35599 0.00132694 1.61759 6.03769e-06 2.83598e-06 5.2605e-05
29.3398 3.3676 0.00132782 1.61775 7.2808e-06 -0.000136659 5.04584e-05
29.3617 3.37927 0.00132868 1.61791 6.7994e-06 -0.00023464 4.68684e-05
29.38 3.391 0.0013295 1.61806 7.69848e-06 -0.000463487 4.51123e-05
29.4008 3.40279 0.00133031 1.6182 4.8897e-06 -0.000409899 4.51435e-05
29.4213 3.41464 0.0013311 1.61834 2.40693e-06 -0.000455182 4.54719e-05
29.441 3.42673 0.00133253 1.6185 -0.000110484 0.00609758 4.43384e-05
29.4612 3.43835 0.00133307 1.61866 -4.84711e-05 0.00413536 6.86303e-05
29.4808 3.44947 0.00133338 1.61903 8.09438e-05 -0.000739148 8.65657e-05
29.5017 3.46016 0.00133413 1.61964 8.13477e-05 0.000554633 9.95148e-05
29.5211 3.47042 0.00133468 1.62036 5.50968e-05 0.00272375 0.000109993
29.5412 3.48026 0.00133478 1.62112 5.90412e-05 0.00356488 0.000120922
29.5614 3.48968 0.00133447 1.62184 8.18792e-05 0.00297915 0.000130144
29.5825 3.49873 0.00133394 1.62253 8.26961e-05 0.00368685 0.000139408
29.7407 3.50738 0.0013331 1.62317 7.34977e-05 0.00418018 0.000146598
29.7601 3.51566 0.00133186 1.62376 7.11519e-05 0.00469863 0.000156021
29.7802 3.52352 0.00133035 1.62432 6.43701e-05 0.0041655 0.00016125
29.8013 3.53106 0.00132851 1.62488 6.44176e-05 0.00457786 0.000165709
29.8219 3.53827 0.00132643 1.62539 5.62778e-05 0.00492847 0.000166992
29.8428 3.54514 0.00132413 1.62583 4.35184e-05 0.00480203 0.000167413
29.8618 3.55168 0.00132152 1.62622 4.21826e-05 0.00438096 0.00017001
29.8815 3.55792 0.00131872 1.62655 3.99398e-05 0.00433921 0.000171591
29.9034 3.56384 0.00131574 1.62681 3.69541e-05 0.00394083 0.00017239
29.9222 3.56946 0.00131256 1.62699 3.76523e-05 0.00362567 0.000171803
29.9428 3.5748 0.00130919 1.62711 3.98254e-05 0.00347431 0.000171643
29.9624 3.57985 0.00130567 1.62715 3.8288e-05 0.00360706 0.000169418
29.9831 3.5846 0.00130187 1.62713 4.82344e-05 0.00259289 0.000169576
30.0029 3.58912 0.00129794 1.62708 4.09017e-05 0.00284114 0.000172735
30.023 3.59338 0.00129378 1.62701 4.45241e-05 0.00266509 0.000171728
30.0457 3.59739 0.00128939 1.62692 5.34995e-05 0.00228159 0.000169851
30.0635 3.60115 0.00128484 1.62679 4.81419e-05 0.00206622 0.000169134
30.0834 3.60467 0.00128013 1.62665 3.84851e-05 0.00175305 0.000165184
30.1048 3.60796 0.00127522 1.62649 3.35058e-05 0.00168736 0.000161518
30.1246 3.61101 0.0012701 1.62632 3.8759e-05 0.0014739 0.000157716
30.1456 3.61383 0.00126478 1.62613 4.81052e-05 0.00123954 0.000153764
30.1644 3.61644 0.00125934 1.62594 4.72681e-05 0.00146494 0.000147707
30.1847 3.6188 0.00125362 1.62572 5.52401e-05 0.0010087 0.000144007
30.2061 3.62095 0.00124768 1.62552 6.21786e-05 0.00102892 0.000141518
30.2253 3.62285 0.00124144 1.62531 7.57559e-05 0.000616727 0.000135877
30.2459 3.62455 0.00123497 1.62511 7.83196e-05 0.000602597 0.000130151
30.2653 3.62605 0.00122818 1.62491 8.18492e-05 0.000517234 0.000124834
30.2859 3.62736 0.00122103 1.6247 9.07808e-05 0.000721219 0.000120036
30.3082 3.62844 0.00121354 1.62449 9.88648e-05 0.000268168 0.000116096
30.3258 3.62933 0.00120569 1.62428 0.000103934 0.000409866 0.000111362
30.3487 3.63001 0.00119745 1.62408 0.000105326 0.00016898 0.00010613
30.3664 3.63053 0.00118883 1.62389 0.000103805 0.000371708 9.90818e-05
30.3863 3.63084 0.00117974 1.62371 0.000111729 -2.91065e-05 9.40214e-05
30.4093 3.63098 0.00117034 1.62353 0.000100347 -9.4806e-05 8.79744e-05
30.4267 3.63093 0.00116054 1.62335 9.13571e-05 -0.000107741 8.27281e-05
30.4471 3.63069 0.00115029 1.62316 0.000102815 -0.000591783 7.64386e-05
30.4667 3.63031 0.00113981 1.62301 8.9926e-05 -0.000191428 6.90678e-05
30.4867 3.62978 0.00112892 1.62287 8.91155e-05 -0.000206678 6.33203e-05
30.5083 3.62912 0.00111773 1.62275 8.39445e-05 -0.000181816 5.66389e-05
30.5273 3.62829 0.00110636 1.62262 6.25666e-05 -0.00181655 4.94794e-05
30.5487 3.62753 0.00109468 1.62254 6.36379e-05 -0.000707116 4.1949e-05
30.5675 3.62675 0.00108268 1.62251 7.94807e-05 -0.000811588 3.44495e-05
30.5876 3.62597 0.00107044 1.62251 9.06517e-05 -0.00147999 2.74696e-05
30.6093 3.6252 0.00105791 1.62252 9.65651e-05 -0.00185439 2.01788e-05
30.6286 3.62443 0.0010451 1.62254 9.21811e-05 -0.00186054 1.50742e-05
30.6508 3.62366 0.0010321 1.62256 6.57834e-05 -0.00195898 9.51435e-06
30.6692 3.62289 0.00101896 1.62256 2.78137e-05 -0.00214189 3.87686e-06
30.6892 3.62211 0.00100586 1.62256 -2.70059e-05 -0.00233283 -1.80256e-06
30.7132 3.62134 0.000992888 1.62255 -8.03969e-05 -0.00229176 -5.21219e-06
30.7292 3.62057 0.000980216 1.62253 -0.000122432 -0.00233948 -1.01511e-05
30.7505 3.6198 0.000968067 1.62251 -0.000165157 -0.00239173 -1.42923e-05
30.7698 3.61903 0.000956521 1.62248 -0.000194233 -0.00244306 -1.88015e-05
30.7899 3.61825 0.000945791 1.62245 -0.000226119 -0.00255462 -2.30807e-05
30.811 3.61748 0.000935954 1.62241 -0.000253707 -0.00259665 -2.70955e-05
30.8308 3.61671 0.000927141 1.62236 -0.000279264 -0.00252774 -3.25691e-05
30.8521 3.61594 0.000919444 1.6223 -0.000304756 -0.00242242 -3.75634e-05
30.8705 3.61518 0.000912951 1.62224 -0.000330963 -0.00227408 -3.94763e-05
30.8907 3.61441 0.000907711 1.62218 -0.000348158 -0.00239621 -3.96705e-05
30.9142 3.61364 0.000903831 1.62211 -0.000359674 -0.00239053 -4.25383e-05
30.931 3.61288 0.000901369 1.62203 -0.000369411 -0.0023101 -4.65038e-05
30.9539 3.61213 0.000900419 1.62196 -0.000388313 -0.00227729 -5.0267e-05
30.9713 3.61138 0.00090102 1.62189 -0.000415243 -0.00209685 -4.99249e-05
30.9919 3.61063 0.000903188 1.62181 -0.000430883 -0.00220207 -5.19896e-05
31.0145 3.60988 0.000907111 1.62173 -0.000459458 -0.00202988 -5.33395e-05
31.0321 3.60913 0.000912877 1.62166 -0.000497268 -0.00201685 -5.42573e-05
31.0554 3.60839 0.000920525 1.62158 -0.000526478 -0.00190839 -5.55826e-05
31.0729 3.60766 0.000930118 1.62151 -0.000541776 -0.00183786 -5.52348e-05
31.0927 3.60693 0.000941825 1.62143 -0.000560012 -0.00169996 -5.64126e-05
31.1149 3.6062 0.000955654 1.62135 -0.000574171 -0.00186321 -5.62626e-05
31.1331 3.60548 0.000971686 1.62127 -0.000587614 -0.00186911 -5.62458e-05
31.1542 3.60477 0.000989997 1.6212 -0.000605602 -0.00167151 -5.66785e-05
31.1733 3.60406 0.00101062 1.62113 -0.000622232 -0.00172686 -5.79196e-05
31.1935 3.60335 0.00103356 1.62106 -0.00063391 -0.00179685 -5.63236e-05
31.215 3.60266 0.00105891 1.62099 -0.000646183 -0.00174362 -5.4465e-05
31.2337 3.60197 0.00108674 1.62093 -0.000660073 -0.00168168 -5.48912e-05
31.2552 3.60128 0.00111709 1.62086 -0.000680986 -0.00165078 -5.38889e-05
31.2739 3.60061 0.00115003 1.62079 -0.000702883 -0.00152278 -5.34544e-05
31.2943 3.59993 0.00118556 1.62072 -0.000716881 -0.00161955 -5.38434e-05
31.3144 3.59926 0.00122381 1.62065 -0.000733048 -0.00162187 -5.45282e-05
31.3345 3.5986 0.00126486 1.62059 -0.000758028 -0.00153636 -5.52839e-05
31.3555 3.59795 0.00130868 1.62053 -0.000773422 -0.00149182 -5.52306e-05
31.3752 3.59731 0.00135535 1.62046 -0.000783573 -0.00148066 -5.33368e-05
31.395 3.59667 0.00140504 1.6204 -0.000809182 -0.00146157 -5.19556e-05
31.4151 3.59604 0.00145804 1.62034 -0.00088433 -0.00142896 -5.12158e-05
31.4354 3.59542 0.00151455 1.62028 -0.000995442 -0.00141405 -5.07244e-05
31.4571 3.59481 0.00157481 1.62022 -0.00110933 -0.00139156 -4.96688e-05
31.4754 3.5942 0.00163921 1.62016 -0.0012225 -0.00136044 -4.86673e-05
31.4956 3.59361 0.00170827 1.6201 -0.00134559 -0.00134316 -4.80443e-05
31.5169 3.59302 0.00178231 1.62004 -0.00145535 -0.00130417 -4.76943e-05
31.5364 3.59245 0.00186178 1.61998 -0.00156028 -0.00125528 -4.71456e-05
31.5564 3.59188 0.00194713 1.61993 -0.00166663 -0.00120848 -4.53845e-05
31.5764 3.59132 0.0020387 1.61987 -0.00176615 -0.00115235 -4.52938e-05
31.5966 3.59077 0.00213689 1.61982 -0.00186397 -0.00112423 -4.55316e-05
31.6173 3.59022 0.00224193 1.61977 -0.00193813 -0.00109476 -4.48898e-05
31.6366 3.58969 0.00235407 1.61972 -0.00198911 -0.00105482 -4.12583e-05
31.6577 3.58917 0.00247358 1.61967 -0.00202706 -0.00103535 -3.93088e-05
31.6773 3.58866 0.00260056 1.61963 -0.00204898 -0.00101011 -3.82351e-05
31.6976 3.58815 0.00273517 1.61959 -0.00207432 -0.000998429 -3.73415e-05
31.7206 3.58766 0.00287752 1.61955 -0.00210677 -0.00100085 -3.62063e-05
31.7382 3.58717 0.00302761 1.61951 -0.00213028 -0.000989166 -3.47664e-05
31.7598 3.5867 0.00318551 1.61948 -0.00214602 -0.000964047 -3.37185e-05
31.7785 3.58623 0.00335135 1.61944 -0.00216986 -0.000950317 -3.07007e-05
31.7985 3.58577 0.00352511 1.61941 -0.00218442 -0.000919818 -2.88847e-05
31.8207 3.58533 0.0037068 1.61938 -0.00218885 -0.000889329 -2.75436e-05
31.8403 3.58489 0.00389642 1.61935 -0.00218167 -0.000889 -2.62914e-05
31.8606 3.58447 0.00409397 1.61933 -0.00217401 -0.000982971 -2.40063e-05
31.88 3.58406 0.00429942 1.61932 -0.00216789 -0.000907018 -2.19235e-05
31.9002 3.58366 0.00451264 1.61931 -0.00215053 -0.00100247 -1.98357e-05
31.9214 3.58327 0.00473353 1.6193 -0.00212387 -0.000982072 -1.65841e-05
31.9405 3.5829 0.00496209 1.61931 -0.00210519 -0.000884531 -1.45199e-05
31.9618 3.58253 0.00519818 1.61931 -0.00209002 -0.000944778 -1.23905e-05
31.9813 3.58218 0.00544175 1.61932 -0.00208301 -0.000984671 -1.03172e-05
32.001 3.58183 0.00569263 1.61933 -0.00206574 -0.000973703 -8.3747e-06
32.0234 3.5815 0.00595073 1.61934 -0.00203942 -0.000952786 -6.45588e-06
32.0411 3.58117 0.00621598 1.61934 -0.00201186 -0.000919007 -4.53375e-06
32.0621 3.58086 0.00648817 1.61935 -0.00197391 -0.00088542 -2.61679e-06
32.0817 3.58055 0.00676715 1.61936 -0.00192577 -0.000898582 -6.1527e-07
32.1015 3.58026 0.00705273 1.61936 -0.00186933 -0.000890331 4.56529e-07
32.1223 3.57997 0.00734473 1.61937 -0.00181934 -0.000883917 1.97021e-06
32.1419 3.57969 0.00764302 1.61938 -0.00178798 -0.000901874 3.93527e-06
32.1627 3.57942 0.00794736 1.61938 -0.00176045 -0.00100402 6.22368e-06
32.1823 3.57917 0.00825776 1.61939 -0.00175445 -0.000929712 7.62224e-06
32.202 3.57893 0.00857424 1.6194 -0.00178322 -0.00086535 9.24301e-06
32.2232 3.5787 0.00889667 1.61942 -0.00180899 -0.000888816 1.12072e-05
32.2424 3.57848 0.00922496 1.61944 -0.00180374 -0.000885394 1.33869e-05
32.263 3.57827 0.00955914 1.61945 -0.00177863 -0.000856816 1.43748e-05
32.2828 3.57806 0.00989924 1.61947 -0.00175906 -0.000838411 1.61303e-05
32.3028 3.57787 0.0102453 1.61948 -0.00176662 -0.000888694 2.00747e-05
32.3262 3.57769 0.0105972 1.6195 -0.00179286 -0.000822129 2.37645e-05
32.343 3.57751 0.010955 1.61951 -0.00181454 -0.000794588 2.63125e-05
32.3664 3.57735 0.0113187 1.61953 -0.00181993 -0.000774062 2.8305e-05
32.3841 3.5772 0.0116883 1.61954 -0.00181822 -0.000750776 2.86963e-05
32.4038 3.57705 0.012064 1.61955 -0.00185946 -0.000734947 2.92707e-05
32.4259 3.57692 0.0124466 1.61956 -0.00202118 -0.000737531 2.96355e-05
32.4441 3.57679 0.0128367 1.61957 -0.00231471 -0.000739341 3.02959e-05
32.465 3.57667 0.0132349 1.61958 -0.0026642 -0.000741488 3.24771e-05
32.4845 3.57657 0.013642 1.6196 -0.00297037 -0.000752329 3.30724e-05
32.5045 3.57647 0.0140593 1.61961 -0.00323196 -0.000750757 3.41382e-05
32.5254 3.57638 0.0144875 1.61962 -0.00344785 -0.000721401 3.40737e-05
32.5449 3.5763 0.0149277 1.61964 -0.00362887 -0.000681923 3.36252e-05
32.566 3.57623 0.0153804 1.61965 -0.00375875 -0.000637225 3.43938e-05
32.5853 3.57617 0.0158461 1.61965 -0.00384493 -0.000613708 3.58432e-05
32.6058 3.57612 0.0163253 1.61966 -0.0039164 -0.000591718 3.75597e-05
32.6279 3.57608 0.0168182 1.61967 -0.00397637 -0.000568086 3.80684e-05
32.6456 3.57605 0.0173248 1.61969 -0.00399474 -0.000551394 3.62726e-05
32.6661 3.57602 0.0178454 1.6197 -0.00399827 -0.000547284 3.60353e-05
32.6861 3.57601 0.0183799 1.61971 -0.00400052 -0.000549401 3.6319e-05
32.7061 3.57601 0.0189283 1.61973 -0.00398626 -0.000523711 3.52546e-05
32.7266 3.57602 0.0194905 1.61974 -0.00397456 -0.000499275 3.55154e-05
32.7461 3.57604 0.0200666 1.61976 -0.00397914 -0.000493671 3.66116e-05
32.7675 3.57606 0.0206564 1.61977 -0.00397365 -0.00049479 3.80619e-05
32.7868 3.5761 0.0212597 1.61979 -0.00395834 -0.000327882 3.90165e-05
32.8071 3.57614 0.0218765 1.61981 -0.00391925 -0.000463741 3.9171e-05
32.8299 3.57618 0.0225065 1.61984 -0.00386527 -0.000530525 3.9551e-05
32.8482 3.57623 0.0231497 1.61987 -0.00381613 -0.000657016 4.1288e-05
32.8708 3.57629 0.0238062 1.61992 -0.00383059 -0.0005047 4.2702e-05
32.8883 3.57636 0.0244757 1.61996 -0.0038846 -0.000541284 4.51563e-05
32.9087 3.57644 0.0251585 1.62001 -0.00395254 -0.000409568 4.6241e-05
32.9304 3.57652 0.0258544 1.62007 -0.00399034 -0.000490625 4.69503e-05
32.9487 3.5766 0.0265636 1.62013 -0.00401761 -0.000541103 4.87029e-05
32.9693 3.5767 0.0272865 1.6202 -0.00407655 -0.0004565 4.97158e-05
32.9898 3.57679 0.0280228 1.62026 -0.00410616 -0.000542475 5.22924e-05
33.0095 3.57689 0.0287725 1.62032 -0.00407857 -0.000551316 5.4106e-05
33.0318 3.57699 0.0295354 1.62038 -0.00400752 -0.000518593 5.53988e-05
33.0497 3.57709 0.0303114 1.62044 -0.00390938 -0.000501761 5.70233e-05
33.0708 3.57719 0.0311002 1.6205 -0.00380783 -0.000497516 5.94087e-05
33.0903 3.5773 0.0319014 1.62055 -0.00371603 -0.000493807 6.22783e-05
33.11 3.5774 0.0327145 1.6206 -0.00362189 -0.000498965 6.54601e-05
33.1314 3.57751 0.0335391 1.62064 -0.00351898 -0.00051595 6.85845e-05
33.1522 3.57762 0.0343748 1.62068 -0.00340948 -0.000531724 6.93181e-05
33.1721 3.57773 0.0352211 1.62072 -0.00330145 -0.000526634 6.98633e-05
33.1922 3.57784 0.0360777 1.62076 -0.00321346 -0.000524428 7.19195e-05
33.2121 3.57796 0.0369443 1.62079 -0.003151 -0.000540207 7.40204e-05
33.2357 3.57807 0.0378204 1.62082 -0.00309252 -0.000564116 7.65087e-05
33.2523 3.57819 0.0387058 1.62085 -0.00302565 -0.000577789 7.91665e-05
33.2727 3.57831 0.0396 1.62088 -0.002932 -0.00056924 7.84346e-05
33.2928 3.57843 0.0405025 1.62091 -0.00279351 -0.000549641 7.92788e-05
33.3127 3.57855 0.0414129 1.62093 -0.00264933 -0.000532489 8.13022e-05
33.3341 3.57867 0.0423309 1.62096 -0.00251728 -0.000528195 8.31311e-05
33.3529 3.57879 0.0432558 1.62098 -0.0023996 -0.000525885 8.38045e-05
33.3749 3.57892 0.0441873 1.621 -0.0022986 -0.000529621 8.63855e-05
33.3936 3.57905 0.0451249 1.62102 -0.00222144 -0.000552011 8.76563e-05
33.4134 3.57918 0.0460687 1.62104 -0.00224922 -0.00057394 9.11909e-05
33.4342 3.57931 0.0470203 1.62107 -0.00260315 -0.000561197 9.45978e-05
33.4539 3.57944 0.0479809 1.62109 -0.00326416 -0.000539256 9.8188e-05
33.4738 3.57957 0.0489518 1.62112 -0.00399903 -0.000518167 0.000100646
33.4941 3.57971 0.0499349 1.62114 -0.00468004 -0.000503836 0.000103124
33.5141 3.57984 0.0509327 1.62117 -0.00527527 -0.000503495 0.000103894
33.535 3.57998 0.0519474 1.6212 -0.00578715 -0.000507464 0.000107183
33.5548 3.58012 0.0529812 1.62122 -0.00622438 -0.000517251 0.000105072
33.5757 3.58026 0.0540355 1.62124 -0.00657666 -0.000523994 0.000104053
33.5946 3.5804 0.0551118 1.62127 -0.00685151 -0.000532037 0.000106087
33.6151 3.58055 0.0562109 1.62129 -0.00704347 -0.000556555 0.000105436
33.6385 3.58069 0.0573336 1.6213 -0.00716492 -0.000576713 0.000103246
33.6555 3.58084 0.0584806 1.62132 -0.00725494 -0.00057832 0.00010197
33.6785 3.58099 0.0596521 1.62134 -0.00732817 -0.000561532 0.000101664
33.6959 3.58113 0.0608485 1.62136 -0.00738509 -0.000574867 0.00010096
33.7159 3.58128 0.0620701 1.62138 -0.00745094 -0.000458778 9.80453e-05
33.7399 3.58142 0.0633169 1.6214 -0.00751849 -0.000482692 9.7407e-05
33.7568 3.58156 0.0645891 1.62143 -0.00757269 -0.000478953 9.7464e-05
33.7777 3.5817 0.0658865 1.62146 -0.00757703 -0.000460519 9.67829e-05
33.7972 3.58183 0.0672096 1.62149 -0.00759604 -0.000403724 9.59195e-05
33.8171 3.58195 0.068558 1.62153 -0.00759884 -0.000448655 9.84847e-05
33.8376 3.58207 0.0699315 1.62157 -0.00754183 -0.000545083 0.000101138
33.8575 3.58219 0.0713297 1.62161 -0.00741838 -0.000403841 0.000100316
33.8777 3.5823 0.0727522 1.62165 -0.00724166 -0.000425344 0.000100512
33.8976 3.58241 0.0741982 1.62169 -0.0070461 -0.000437342 0.000101619
33.918 3.58252 0.0756672 1.62174 -0.00684977 -0.00044243 0.00010278
33.9381 3.58262 0.0771582 1.62178 -0.00664764 -0.000441837 0.000105415
33.958 3.58271 0.0786706 1.62182 -0.00646904 -0.000418598 0.000107144
33.9796 3.5828 0.0802039 1.62186 -0.00637977 -0.000409341 0.000109678
33.9985 3.58289 0.0817574 1.6219 -0.00631533 -0.000430728 0.000113294
34.0183 3.58296 0.0833299 1.62194 -0.00614759 -0.000521277 0.000116972
34.0397 3.58305 0.0849211 1.62198 -0.0059085 -0.000354836 0.000117508
34.0588 3.58312 0.0865301 1.62202 -0.00565096 -0.000478821 0.000118921
34.0811 3.5832 0.0881559 1.62207 -0.00536541 -0.000401537 0.000120714
34.099 3.58327 0.0897972 1.62211 -0.00504126 -0.000474341 0.000122381
34.1192 3.58333 0.0914529 1.62216 -0.00471219 -0.000559105 0.000123853
34.1435 3.5834 0.0931217 1.6222 -0.00438886 -0.000449407 0.000121079
34.1597 3.58346 0.0948026 1.62225 -0.00410656 -0.000535486 0.000123073
34.1803 3.58351 0.0964946 1.62229 -0.00392124 -0.000663136 0.000125006
34.1998 3.58357 0.0981975 1.62234 -0.00388666 -0.000457185 0.000127462
34.2201 3.58361 0.0999098 1.62239 -0.00381478 -0.000453119 0.000131026
34.241 3.58366 0.101631 1.62244 -0.00366925 -0.000449015 0.000135967
34.2603 3.5837 0.103362 1.62249 -0.00359747 -0.00057308 0.000140042
34.2811 3.58375 0.105102 1.62254 -0.0036351 -0.000582884 0.000141244
34.3007 3.58379 0.10685 1.62259 -0.00365306 -0.000611178 0.000145502
34.3208 3.58383 0.108606 1.62264 -0.00362937 -0.000558256 0.000145216
34.3417 3.58386 0.110372 1.62269 -0.00359831 -0.000453548 0.000144108
34.3611 3.58389 0.112145 1.62274 -0.00355773 -0.000438995 0.000145362
34.3824 3.58391 0.113927 1.62279 -0.00353161 -0.000459548 0.000149356
34.4024 3.58393 0.115717 1.62283 -0.0035054 -0.000479003 0.000149701
34.4217 3.58395 0.117515 1.62287 -0.00351949 -0.00039037 0.000150628
34.4445 3.58397 0.119323 1.62291 -0.00379907 -0.00053324 0.000154533
34.4629 3.58398 0.121141 1.62295 -0.00440891 -0.000549129 0.000156154
34.4846 3.58398 0.122973 1.623 -0.00517429 -0.000505276 0.000157008
34.5027 3.58398 0.124818 1.62303 -0.00596417 -0.000463589 0.000160213
34.5229 3.58397 0.126682 1.62307 -0.00676673 -0.000442454 0.000158492
34.5436 3.58396 0.128565 1.6231 -0.00747222 -0.000417794 0.00015862
34.5631 3.58394 0.130471 1.62314 -0.00809249 -0.000401955 0.00015871
34.5847 3.58392 0.132402 1.62316 -0.00864495 -0.000405449 0.000160055
34.604 3.58389 0.13436 1.62319 -0.00908828 -0.000404506 0.00015997
34.6246 3.58385 0.136347 1.62321 -0.00944333 -0.000394419 0.000161356
34.6448 3.58381 0.138364 1.62324 -0.00970034 -0.000390359 0.000161538
34.6642 3.58377 0.140411 1.62326 -0.00985858 -0.00039548 0.000161333
34.6847 3.58372 0.142491 1.62327 -0.00997622 -0.000397081 0.000159541
34.7047 3.58366 0.144602 1.62329 -0.0100481 -0.000391139 0.000158186
34.7246 3.5836 0.146746 1.6233 -0.010069 -0.000383146 0.00015441
34.7494 3.58353 0.148922 1.6233 -0.0100327 -0.000374685 0.000154075
34.7655 3.58346 0.15113 1.62331 -0.00995839 -0.000375012 0.000154547
34.7879 3.58339 0.153369 1.62331 -0.00984878 -0.000376879 0.000156009
34.8057 3.58331 0.15564 1.62331 -0.00971647 -0.000369184 0.000156733
34.8256 3.58322 0.157942 1.62331 -0.00958602 -0.000365981 0.000160646
34.847 3.58313 0.160273 1.62331 -0.00945623 -0.00037261 0.000163308
34.8663 3.58303 0.162634 1.6233 -0.00933429 -0.000376294 0.000167396
34.887 3.58293 0.165025 1.6233 -0.00932871 -0.000383517 0.000170074
34.9065 3.58283 0.167445 1.62329 -0.0094677 -0.00039698 0.000170818
34.9268 3.58272 0.169895 1.62328 -0.0096587 -0.000410523 0.00017471
34.9467 3.5826 0.172375 1.62327 -0.00982549 -0.00041454 0.000177341
34.9668 3.58248 0.174884 1.62326 -0.00994206 -0.000419563 0.000179248
34.9891 3.58235 0.177425 1.62325 -0.0100608 -0.000427572 0.000180943
35.0075 3.58222 0.179997 1.62325 -0.0102174 -0.00043564 0.000184458
35.0274 3.58208 0.182601 1.62324 -0.0102595 -0.000450766 0.000187672
35.0506 3.58194 0.185236 1.62324 -0.0102839 -0.000466058 0.000189471
35.0699 3.5818 0.187903 1.62324 -0.0104093 -0.000472382 0.000191703
35.0903 3.58165 0.190603 1.62324 -0.0105383 -0.000475803 0.000193435
35.1096 3.58149 0.193334 1.62325 -0.0105468 -0.000481064 0.000195487
35.1296 3.58133 0.196097 1.62325 -0.010438 -0.000487336 0.000198131
35.1511 3.58116 0.198892 1.62325 -0.0102462 -0.000498879 0.000201175
35.1697 3.58099 0.201717 1.62326 -0.00990024 -0.000508307 0.000202662
35.1925 3.58081 0.20457 1.62326 -0.00938437 -0.0005087 0.000203359
35.2099 3.58063 0.207451 1.62326 -0.00880426 -0.000508757 0.000205586
35.2309 3.58044 0.210356 1.62327 -0.00813754 -0.000512312 0.00020926
35.2536 3.58024 0.213283 1.62327 -0.0074195 -0.000517611 0.00021112
35.2705 3.58004 0.21623 1.62327 -0.00672882 -0.000530462 0.000211897
35.2929 3.57984 0.219194 1.62327 -0.00607238 -0.000535472 0.000211344
35.311 3.57963 0.222173 1.62328 -0.00549319 -0.000614127 0.000213954
35.3312 3.57943 0.225163 1.62329 -0.00490025 -0.000497306 0.000216654
35.3511 3.57922 0.228162 1.62329 -0.00422424 -0.000561441 0.000217839
35.371 3.57902 0.231169 1.6233 -0.00358617 -0.000435295 0.000219327
35.3921 3.5788 0.23418 1.62331 -0.00305034 -0.000542449 0.000221364
35.4112 3.5786 0.237194 1.62333 -0.00252212 -0.000545055 0.000225468
35.4313 3.5784 0.240207 1.62336 -0.00193887 -0.000465876 0.000226396
35.4538 3.57819 0.24322 1.62339 -0.00160966 -0.000520034 0.0002249
35.4719 3.57797 0.246233 1.62342 -0.00184586 -0.000553667 0.000225792
35.493 3.57776 0.249246 1.62346 -0.00253509 -0.000536845 0.000227882
35.5121 3.57753 0.25226 1.6235 -0.0034601 -0.000522915 0.000232482
35.5326 3.5773 0.255279 1.62354 -0.00439517 -0.000527578 0.000237959
35.5531 3.57707 0.258305 1.62358 -0.00526475 -0.000533285 0.000238062
35.5728 3.57683 0.261341 1.62362 -0.00607346 -0.00053552 0.000238059
35.5932 3.57659 0.264392 1.62366 -0.00682405 -0.000536713 0.000236622
35.6131 3.57634 0.267458 1.62369 -0.00750828 -0.000530437 0.000234195
35.6334 3.57608 0.270544 1.62371 -0.00813002 -0.00052266 0.000234523
35.6573 3.57582 0.273651 1.62374 -0.00867743 -0.000519381 0.000232308
35.6734 3.57556 0.276783 1.62376 -0.00919913 -0.000515707 0.000231956
35.6949 3.57529 0.27994 1.62378 -0.00971472 -0.000512214 0.000230708
35.7138 3.57501 0.283125 1.6238 -0.0102017 -0.000508577 0.000230882
35.7339 3.57473 0.286339 1.62381 -0.0106159 -0.000511415 0.000232356
35.7572 3.57445 0.289583 1.62383 -0.0109521 -0.000518285 0.00023396
35.7743 3.57416 0.29286 1.62384 -0.0112264 -0.00051997 0.000234451
35.7952 3.57387 0.29617 1.62385 -0.0114159 -0.000516631 0.000235236
35.8146 3.57357 0.299513 1.62386 -0.0115308 -0.000515662 0.000235617
35.8347 3.57326 0.302891 1.62387 -0.0115778 -0.000519693 0.000235669
35.8558 3.57295 0.306302 1.62388 -0.0115865 -0.000527656 0.000232856
35.8751 3.57264 0.309748 1.62389 -0.0115798 -0.000530305 0.000230969
35.896 3.57232 0.313228 1.62389 -0.0115716 -0.000535578 0.000230905
35.9154 3.572 0.316742 1.6239 -0.0115382 -0.000543898 0.00023049
35.9361 3.57167 0.32029 1.6239 -0.0114761 -0.000552187 0.000228391
35.9578 3.57134 0.32387 1.6239 -0.0113986 -0.000558818 0.000228976
35.9763 3.571 0.327485 1.6239 -0.0113318 -0.000554084 0.000226033
35.9987 3.57065 0.331133 1.62391 -0.0114706 -0.000543239 0.000223939
36.0168 3.57031 0.334815 1.62392 -0.0118112 -0.00053938 0.000222566
36.0371 3.56995 0.338531 1.62393 -0.0120163 -0.000541235 0.000222889
36.0608 3.5696 0.342281 1.62395 -0.0119966 -0.000548798 0.000222906
36.0775 3.56923 0.346066 1.62398 -0.0119838 -0.000552058 0.000223449
36.0991 3.56887 0.349887 1.62401 -0.0121758 -0.000555394 0.000223601
36.1182 3.56849 0.353743 1.62405 -0.0122682 -0.000566555 0.00022443
36.1379 3.56812 0.357634 1.62409 -0.0122313 -0.000575746 0.000225351
36.1591 3.56774 0.361561 1.62413 -0.0123399 -0.000578593 0.000226537
36.1783 3.56735 0.365524 1.62417 -0.0125529 -0.000581605 0.000227805
36.1988 3.56696 0.369522 1.62422 -0.0124884 -0.000698455 0.000229943
36.2189 3.56656 0.373554 1.62427 -0.0121054 -0.000651035 0.00023066
36.2386 3.56618 0.377619 1.62432 -0.0114759 -0.000528429 0.000228825
36.2598 3.56578 0.381715 1.62436 -0.0106976 -0.00052939 0.000227322
36.279 3.56538 0.38584 1.6244 -0.00994676 -0.000554226 0.000226556
36.3003 3.56506 0.389177 1.62432 -0.00942949 -0.000550724 0.00021854
36.3196 3.56506 0.389247 1.62374 -0.00856543 -3.21264e-06 0.000211282
36.3395 3.56502 0.38923 1.62337 -0.0083864 -3.28784e-06 0.000192136
36.3604 3.56496 0.389194 1.6234 -0.00859488 0.000427474 0.000149305
36.38 3.56489 0.389114 1.62374 -0.0092049 0.000468083 4.0786e-05
36.4008 3.56482 0.388996 1.62433 -0.0103687 0.000920413 -1.7787e-06
36.42 3.56475 0.388857 1.62508 -0.0117776 0.00141395 -3.57748e-05
36.4404 3.56469 0.388693 1.62591 -0.0136261 0.00239308 1.23356e-05
36.4622 3.56463 0.388524 1.62683 -0.0153996 0.00272572 -4.63774e-05
36.4821 3.56458 0.388326 1.62782 -0.0176713 0.00374394 1.26267e-05
36.5029 3.56453 0.388153 1.6289 -0.0196199 0.00368073 -7.64961e-05
36.5218 3.56452 0.388024 1.63001 -0.021043 0.00345714 -4.70251e-05
36.5425 3.5645 0.387969 1.63111 -0.0210386 0.00266591 -2.1235e-05
36.5635 3.5645 0.387989 1.63215 -0.0199303 0.00197816 -6.20285e-06
36.5825 3.56452 0.388082 1.63311 -0.0182699 0.00139695 5.35559e-06
36.7371 3.56454 0.388244 1.63398 -0.0163958 0.000847702 1.5765e-05
36.7569 3.56456 0.388466 1.63474 -0.0144391 0.000250002 2.1293e-05
36.7775 3.5646 0.388743 1.6354 -0.0125181 -0.000133619 2.48327e-05
36.7979 3.56464 0.388948 1.63593 -0.0110139 -0.000401892 -2.30096e-05
36.8176 3.56467 0.389043 1.63633 -0.00998501 -0.000812592 -2.19234e-05
36.8382 3.5647 0.389135 1.63663 -0.00900618 -0.00110753 -2.08767e-05
36.8579 3.56474 0.389206 1.63686 -0.00824444 -0.00138671 -1.98741e-05
36.878 3.5648 0.38927 1.63701 -0.00757519 -0.00153989 -1.89097e-05
36.8991 3.56486 0.389322 1.6371 -0.00701651 -0.00179369 -1.79963e-05
36.918 3.56495 0.38936 1.63712 -0.00661527 -0.00192464 -1.7119e-05
36.9394 3.56505 0.389386 1.63709 -0.00633845 -0.00201292 -1.6282e-05
36.9587 3.56517 0.389411 1.63702 -0.00607496 -0.00214619 -1.38435e-05
36.9788 3.56532 0.389442 1.63687 -0.00574263 -0.00204407 -1.15034e-05
37.0015 3.56549 0.389476 1.63666 -0.00537927 -0.00216852 -5.26104e-06
37.0188 3.5657 0.389512 1.63642 -0.00498411 -0.00212285 3.21011e-06
37.0397 3.56593 0.389552 1.63615 -0.00453425 -0.00216318 1.98131e-05
37.0592 3.5662 0.389592 1.63589 -0.00409567 -0.00205947 3.39265e-05
37.0793 3.56649 0.389627 1.63564 -0.00370707 -0.00216123 4.97411e-05
37.102 3.56682 0.389658 1.6354 -0.0033101 -0.00215182 8.58088e-05
37.1199 3.56718 0.389685 1.63517 -0.00292761 -0.00213129 0.000138121
37.1408 3.56758 0.389704 1.63495 -0.00260785 -0.002147 0.000198372
37.1602 3.56801 0.389718 1.63473 -0.00228208 -0.00217949 0.000287808
37.1807 3.56848 0.389725 1.63454 -0.0019857 -0.00226173 0.000401738
37.2035 3.56898 0.389721 1.63435 -0.00176368 -0.0023722 0.000528985
37.2208 3.56953 0.38971 1.63419 -0.00155501 -0.00233417 0.000686273
37.2416 3.57011 0.389692 1.63405 -0.00139046 -0.00240881 0.000858426
37.2618 3.57074 0.389665 1.63392 -0.00130889 -0.00240355 0.00103462
37.2815 3.57142 0.389632 1.63381 -0.00125796 -0.0023438 0.00122369
37.3022 3.57215 0.389595 1.63372 -0.00122702 -0.0022825 0.00142495
37.322 3.57294 0.389554 1.63363 -0.00121453 -0.00224699 0.00163863
37.3429 3.57377 0.389507 1.63354 -0.00126634 -0.00234658 0.00184954
37.3621 3.57467 0.389456 1.63345 -0.00136496 -0.00223803 0.00205325
37.3821 3.57564 0.389406 1.63339 -0.0014686 -0.00183999 0.00225339
37.4029 3.57665 0.389355 1.63333 -0.00158156 -0.00209912 0.00245049
37.4229 3.57773 0.389305 1.63328 -0.00169551 -0.00197732 0.00264655
37.4432 3.57885 0.389256 1.63322 -0.00180971 -0.00194947 0.00283646
37.4628 3.58004 0.389208 1.63316 -0.00191106 -0.00181725 0.00302698
37.4827 3.58129 0.389163 1.63308 -0.00200776 -0.00171775 0.0032044
37.5039 3.58261 0.389122 1.63299 -0.00209055 -0.00159855 0.00337038
37.5235 3.58397 0.389085 1.63289 -0.00214975 -0.00161591 0.00353114
37.5446 3.5854 0.389051 1.63277 -0.0021879 -0.00159238 0.0036826
37.564 3.58688 0.389021 1.63263 -0.00219939 -0.00162339 0.00382816
37.584 3.58839 0.388995 1.63247 -0.00216432 -0.00298983 0.00396818
37.6047 3.59009 0.388974 1.63231 -0.00215025 -0.00248034 0.00409263
37.6242 3.592 0.38896 1.63219 -0.00206855 -0.00111357 0.00419738
37.6446 3.59409 0.388955 1.6321 -0.00192834 -0.00150783 0.0042809
37.6644 3.5964 0.388958 1.63202 -0.00174991 -0.00167654 0.00434061
37.6847 3.59887 0.388969 1.63194 -0.00153633 -0.00190224 0.0043803
37.7078 3.60154 0.388986 1.63184 -0.0012995 -0.00178992 0.0044031
37.7254 3.6044 0.389009 1.63173 -0.00104316 -0.00186064 0.00441094
37.7459 3.60744 0.389037 1.63159 -0.000768888 -0.00182552 0.00440394
37.7655 3.61065 0.389069 1.63143 -0.000483724 -0.00210507 0.00438154
37.7856 3.61407 0.389103 1.63127 -0.000200574 -0.00179691 0.00434463
37.8081 3.61766 0.389139 1.63108 7.31843e-05 -0.00217582 0.00429704
37.8261 3.62145 0.38914 1.6309 0.000115154 -0.00170546 0.0042123
37.8467 3.6254 0.389134 1.63071 0.000185437 -0.00196596 0.00412505
37.8664 3.62955 0.389124 1.63051 0.000274607 -0.00190576 0.00403474
37.8869 3.63388 0.389106 1.63032 0.000393714 -0.00212044 0.00393361
37.9069 3.63844 0.389084 1.63013 0.000517384 -0.00125868 0.00383084
37.927 3.64314 0.389054 1.62994 0.000683749 -0.0019222 0.00371985
37.95 3.64804 0.389018 1.62977 0.000873376 -0.00195561 0.00361888
37.9674 3.65312 0.388975 1.6296 0.000978023 -0.00188178 0.00354153
37.9875 3.65843 0.388929 1.62945 0.00118691 -0.00144616 0.00344121
38.0094 3.66394 0.388878 1.62928 0.00151504 -0.00191587 0.00333286
38.028 3.66969 0.388821 1.62912 0.00181943 -0.00108048 0.00322043
38.0491 3.67557 0.388756 1.62897 0.00209034 -0.00179469 0.00310432
38.0681 3.68164 0.388683 1.62884 0.00236308 -0.00225248 0.00298498
38.0883 3.68793 0.388602 1.62871 0.00260482 -0.00198538 0.00286425
38.1121 3.69447 0.388512 1.6286 0.00289673 -0.000922943 0.00273678
38.1286 3.70116 0.388411 1.6285 0.00314466 -0.00136306 0.00260629
38.1493 3.70803 0.388298 1.62841 0.00339575 -0.00148583 0.00247464
38.1686 3.71504 0.388173 1.62832 0.00363159 -0.00161717 0.00234174
38.189 3.7222 0.388036 1.62822 0.00377622 -0.00134508 0.00221173
38.2096 3.7295 0.387884 1.62812 0.00389166 -0.00125035 0.00208013
38.2293 3.73693 0.387719 1.628 0.00394514 -0.000795176 0.00195004
38.251 3.74447 0.387538 1.62786 0.00405452 -0.000921434 0.00181751
38.2701 3.7521 0.387343 1.6277 0.00412478 -0.0010007 0.00168239
38.29 3.75984 0.387133 1.62753 0.00414289 -0.000901904 0.00155194
38.3102 3.76765 0.386909 1.62733 0.00397644 -0.00130586 0.00141918
38.3301 3.77565 0.386668 1.62713 0.00407298 -0.00117965 0.00127971
38.3515 3.78385 0.386413 1.62696 0.00411273 0.000582417 0.00115629
38.3707 3.79209 0.386141 1.62682 0.00441859 -0.000835379 0.00101471
38.3905 3.80043 0.385854 1.62674 0.00449958 -0.00101154 0.000886331
38.415 3.80885 0.385552 1.62669 0.0044239 -0.000528022 0.000766708
38.4313 3.81736 0.385232 1.62663 0.00435585 -0.000246611 0.000647072
38.452 3.82595 0.384897 1.62656 0.0043036 -0.00024897 0.000525697
38.4713 3.83462 0.384546 1.62648 0.00424426 -0.000177292 0.000406037
38.4916 3.84337 0.38418 1.62637 0.00417386 5.86788e-06 0.000292132
38.5145 3.85219 0.3838 1.62624 0.00406317 5.23103e-05 0.000183472
38.5318 3.86108 0.383404 1.62609 0.00392942 4.49213e-05 7.79994e-05
38.5544 3.87005 0.382995 1.62592 0.00381381 0.000570969 -2.28169e-05
38.5727 3.87905 0.382571 1.62574 0.00377055 0.000352057 -0.000124111
38.5927 3.88807 0.382135 1.62555 0.00364055 -0.000252007 -0.000224216
38.6147 3.89719 0.381685 1.62536 0.0035476 0.000131833 -0.000322505
38.6326 3.90639 0.381223 1.62517 0.00354603 0.000529289 -0.000415039
38.6557 3.91567 0.380748 1.62498 0.00352168 0.000449395 -0.000503888
38.6738 3.92503 0.380261 1.62479 0.00348222 0.000433042 -0.000587527
38.6936 3.93445 0.379761 1.6246 0.00346605 0.000324318 -0.000669301
38.7155 3.94395 0.37925 1.62439 0.00346221 0.00048176 -0.000750026
38.734 3.95352 0.378727 1.62418 0.00342249 0.000505815 -0.00082355
38.7544 3.96315 0.378191 1.62396 0.00340006 0.000600054 -0.000893557
38.7741 3.97283 0.377645 1.62375 0.00335162 0.000656733 -0.000957956
38.7943 3.98256 0.377087 1.62352 0.00329418 0.000648829 -0.00102132
38.8173 3.99233 0.376518 1.6233 0.00323581 0.000749365 -0.00107863
38.8357 4.00214 0.375938 1.62307 0.00311115 0.000907843 -0.00113363
38.8566 4.01198 0.375347 1.62284 0.00302931 0.000875917 -0.00118615
38.8758 4.02186 0.374747 1.62261 0.00295544 0.000974859 -0.00123418
38.8961 4.03175 0.374137 1.62238 0.00285086 0.000968057 -0.00128106
38.9163 4.04166 0.373517 1.62216 0.0027958 0.00103097 -0.00132448
38.9361 4.05157 0.372889 1.62193 0.00267401 0.00109525 -0.00136535
38.9571 4.06148 0.372253 1.62171 0.00254575 0.0011056 -0.00140323
38.9765 4.07139 0.371608 1.62149 0.00237005 0.00101791 -0.00144015
38.9965 4.08132 0.370956 1.62128 0.00225618 0.00142612 -0.00147385
39.0169 4.09126 0.370297 1.62107 0.00231339 0.00138019 -0.00150197
39.0372 4.10119 0.369629 1.62089 0.00238088 0.00101433 -0.0015258
39.0577 4.11111 0.368956 1.62072 0.00232895 0.00101685 -0.00154771
39.0771 4.12101 0.368276 1.62056 0.00224301 0.001244 -0.00156892
39.097 4.13089 0.367589 1.62041 0.0021519 0.0013325 -0.00158768
39.1203 4.14073 0.366896 1.62026 0.00205294 0.00127868 -0.00160204
39.1376 4.15055 0.366197 1.62011 0.00195302 0.00136588 -0.00161215
39.1582 4.16033 0.365492 1.61996 0.00184093 0.00137704 -0.00162191
39.1777 4.17007 0.364783 1.61981 0.0017066 0.00159286 -0.00162972
39.1978 4.17975 0.36407 1.61967 0.0016159 0.00140209 -0.00163615
39.218 4.18938 0.363352 1.61952 0.00160992 0.000792603 -0.00164262
39.2383 4.19901 0.362631 1.6194 0.00142594 0.00140089 -0.00164559
39.26 4.20861 0.361906 1.61931 0.00127229 0.00158824 -0.00164466
39.2792 4.21822 0.361178 1.61926 0.00118872 0.00228372 -0.00163993
39.2987 4.22776 0.360447 1.61924 0.00136038 0.00154731 -0.00163522
39.3191 4.23723 0.359713 1.61925 0.00139524 0.000738026 -0.00162957
39.3391 4.2467 0.358977 1.61929 0.00135439 0.00144441 -0.00161883
39.3614 4.25612 0.358237 1.61934 0.0014027 0.00176322 -0.00160802
39.3795 4.26547 0.357494 1.61941 0.00139132 0.000972586 -0.00160015
39.3995 4.2748 0.356749 1.61952 0.00136884 0.00175292 -0.0015897
39.4211 4.28403 0.356 1.61966 0.00148501 0.00134428 -0.00157732
39.4402 4.29316 0.355248 1.61981 0.0014291 0.00113402 -0.00156908
39.4607 4.3022 0.354494 1.61996 0.00127461 0.00131717 -0.00155878
39.4803 4.31115 0.353738 1.62009 0.00108345 0.0015059 -0.00154991
39.5004 4.32001 0.352981 1.62021 0.00083945 0.00177585 -0.00153773
39.523 4.32875 0.352222 1.62031 0.000641088 0.00162595 -0.00152323
39.541 4.33735 0.351464 1.62039 0.000415859 0.00118672 -0.00150809
39.5617 4.34589 0.350707 1.62047 0.000151804 0.00188869 -0.00149032
39.5816 4.35431 0.349951 1.62058 1.81641e-05 0.00209421 -0.00147512
39.6015 4.36263 0.349197 1.62071 -8.06401e-05 0.00190224 -0.00145728
39.6253 4.37083 0.348447 1.62085 -0.0002307 0.00230345 -0.00143699
39.6418 4.37883 0.3477 1.62098 -0.000371773 0.00190474 -0.00141881
39.6636 4.38667 0.346958 1.62112 -0.000573733 0.00189493 -0.00140191
39.6824 4.39431 0.34622 1.62125 -0.000808518 0.0018734 -0.00138339
39.7026 4.40178 0.345489 1.62137 -0.00105161 0.00184331 -0.00136367
39.7258 4.40908 0.344764 1.62148 -0.00128754 0.00203559 -0.00134471
39.7439 4.41621 0.344046 1.62158 -0.0015223 0.00217069 -0.00132053
39.7637 4.42314 0.343337 1.62167 -0.00170811 0.00180977 -0.0012976
39.7838 4.42994 0.342637 1.62176 -0.00188333 0.00226574 -0.00127499
39.8039 4.43655 0.341946 1.62184 -0.00204647 0.00196493 -0.0012512
39.8241 4.44299 0.341266 1.62191 -0.00218748 0.0020314 -0.00123051
39.8441 4.44926 0.340597 1.62197 -0.00233656 0.00186335 -0.00120809
39.8645 4.45539 0.339939 1.62203 -0.00245216 0.00216606 -0.00118656
39.8847 4.46133 0.339293 1.62206 -0.00250912 0.00176554 -0.0011601
39.9045 4.46712 0.338659 1.62209 -0.0025617 0.00198389 -0.00113809
39.926 4.47274 0.338036 1.6221 -0.0025939 0.00176293 -0.00111327
39.9448 4.4782 0.337427 1.62212 -0.0026329 0.00153221 -0.00108813
39.9657 4.48351 0.336829 1.62213 -0.00262332 0.00167051 -0.00106198
39.9853 4.48866 0.336243 1.62213 -0.00262525 0.00154416 -0.001039
40.0053 4.49365 0.33567 1.62213 -0.00261923 0.00144452 -0.00101515
40.0278 4.49848 0.33511 1.62212 -0.00265536 0.00124088 -0.000994168
40.0459 4.50318 0.334562 1.6221 -0.00273746 0.00170951 -0.000976167
40.0667 4.50771 0.334026 1.62208 -0.00276084 0.00169553 -0.000954701
40.086 4.51208 0.333502 1.62205 -0.00269724 0.00114038 -0.000931264
40.106 4.51631 0.332991 1.62203 -0.00273531 0.00139576 -0.000912969
40.1267 4.52037 0.332492 1.622 -0.00270599 0.00112016 -0.000892798
40.1464 4.5243 0.332006 1.62197 -0.00267333 0.000963434 -0.000872256
40.1671 4.5281 0.331532 1.62194 -0.00270977 0.00124075 -0.000853559
40.187 4.53175 0.33107 1.6219 -0.00276238 0.00146719 -0.000835495
40.207 4.53525 0.33062 1.62186 -0.00259475 0.000907717 -0.000811657
40.2277 4.53862 0.330182 1.62182 -0.00263757 0.000930498 -0.000795564
40.2472 4.54184 0.329756 1.62178 -0.00259755 0.000724386 -0.000776381
40.2687 4.54493 0.329342 1.62174 -0.00259689 0.000974189 -0.000758435
40.2878 4.54788 0.328939 1.62169 -0.00256623 0.000624463 -0.000738618
40.3077 4.55069 0.328547 1.62164 -0.00255917 0.000560475 -0.000720897
40.3294 4.5534 0.328168 1.62159 -0.00259802 0.00105893 -0.000706481
40.3483 4.55597 0.327799 1.62155 -0.00252679 0.000925086 -0.000691193
40.3695 4.55839 0.327441 1.6215 -0.002486 0.000533284 -0.000676137
40.3884 4.56069 0.327095 1.62145 -0.0023889 0.000855472 -0.000662032
40.4085 4.56283 0.326758 1.62139 -0.00233185 0.00023269 -0.000646207
40.4306 4.56487 0.326434 1.62133 -0.00243422 0.000555937 -0.000635091
40.4498 4.56681 0.326119 1.62128 -0.00247394 0.00082808 -0.00062403
40.4703 4.56865 0.325816 1.62123 -0.00251385 0.0010638 -0.000612882
40.4897 4.57039 0.325522 1.62119 -0.00239057 0.000648192 -0.000601525
40.5102 4.57204 0.325239 1.62115 -0.00230331 0.000727112 -0.000591418
40.5309 4.5736 0.324966 1.62111 -0.00220608 0.000805993 -0.000582866
40.5503 4.57504 0.324702 1.62106 -0.00209843 0.000638054 -0.00057213
40.5711 4.57635 0.324448 1.62102 -0.00209465 -2.01067e-05 -0.000564744
40.5909 4.57761 0.324203 1.62099 -0.00205748 0.000748078 -0.000558007
40.6106 4.57872 0.323966 1.62097 -0.00186366 -0.000109511 -0.000543977
40.6341 4.57975 0.323737 1.62098 -0.00166539 -0.000631397 -0.000533872
40.651 4.58073 0.323516 1.621 -0.00163012 -0.000214147 -0.000529455
40.6742 4.58165 0.323303 1.62101 -0.00156761 7.63184e-05 -0.000524475
40.6914 4.58248 0.323096 1.62101 -0.00149 -0.00044204 -0.000519636
40.7117 4.58326 0.322896 1.62101 -0.00145911 -0.000190031 -0.000513957
40.7348 4.58396 0.322702 1.62101 -0.0014792 -0.00016408 -0.000507739
40.7522 4.5846 0.322515 1.62099 -0.00145808 -7.52807e-05 -0.000501617
40.7729 4.58518 0.322334 1.62097 -0.00142324 -0.000198644 -0.0004941
40.7924 4.58571 0.322159 1.62095 -0.00131886 -0.000253161 -0.000486961
40.8126 4.58619 0.32199 1.62091 -0.00127938 -0.000266112 -0.000483909
40.837 4.58661 0.321826 1.62087 -0.00119772 -0.000251096 -0.000476157
40.8538 4.58699 0.321668 1.62082 -0.00112479 -0.000483898 -0.000468424
40.8765 4.58732 0.321515 1.62077 -0.00112281 -0.000250481 -0.000461645
40.895 4.58761 0.321366 1.62071 -0.00106098 -0.000454522 -0.000456731
40.915 4.58786 0.321222 1.62065 -0.000994838 -0.000606809 -0.000452734
40.9356 4.58809 0.321083 1.62059 -0.000987251 -0.000422586 -0.000448179
40.9554 4.58828 0.320948 1.62052 -0.000948339 -0.000352155 -0.000443304
40.976 4.58843 0.320817 1.62044 -0.000860418 -0.000675512 -0.000438626
40.9953 4.58857 0.32069 1.62037 -0.000840974 -0.000489774 -0.000433682
41.0153 4.58867 0.320566 1.62029 -0.000799443 -0.000611251 -0.000428064
41.0368 4.58874 0.320447 1.62021 -0.000784236 -0.00055556 -0.000422777
41.0563 4.58879 0.32033 1.62013 -0.000785176 -0.000523737 -0.000417862
41.0769 4.58881 0.320217 1.62004 -0.000762153 -0.000616976 -0.000413014
41.0959 4.58882 0.320108 1.61996 -0.000752607 -0.000514486 -0.000411691
41.1158 4.58881 0.320002 1.61987 -0.000709811 -0.000562947 -0.000409356
41.1401 4.58879 0.319898 1.61978 -0.000655178 -0.000604656 -0.000405862
41.1562 4.58876 0.319798 1.61968 -0.000605227 -0.00059849 -0.000402
41.1773 4.58871 0.3197 1.61958 -0.000562418 -0.000611739 -0.000397979
41.1971 4.58865 0.319605 1.61947 -0.000514512 -0.00063945 -0.000396079
41.2166 4.58857 0.319512 1.61936 -0.000464562 -0.000635755 -0.000393016
41.2405 4.58849 0.319422 1.61925 -0.00042988 -0.000602095 -0.000390799
41.2568 4.58839 0.319333 1.61914 -0.000394056 -0.000628239 -0.000388508
41.2788 4.58828 0.319246 1.61903 -0.000380816 -0.000561154 -0.000385585
41.2972 4.58816 0.319161 1.61892 -0.000361765 -0.000684378 -0.000382432
41.3173 4.58803 0.319078 1.61881 -0.000361006 -0.000679834 -0.000379338
41.3389 4.58789 0.318996 1.6187 -0.000369711 -0.000603358 -0.000376268
41.358 4.58775 0.318917 1.6186 -0.000374048 -0.000591993 -0.00037325
41.3784 4.58759 0.318839 1.61849 -0.000375225 -0.000763936 -0.000370823
41.398 4.58745 0.318762 1.61839 -0.000373276 -0.000623945 -0.000375178
41.4176 4.58731 0.318688 1.61829 -0.000414822 -0.000553526 -0.000380226
41.4413 4.58717 0.318615 1.61821 -0.000432876 -0.000582021 -0.000390376
41.4583 4.58704 0.318544 1.61812 -0.000316495 -0.000558147 -0.000399321
41.4789 4.5869 0.318473 1.61805 -4.58356e-06 -0.000624198 -0.000407039
41.4986 4.58675 0.318401 1.61797 0.000505591 -0.000539309 -0.000416123
41.5189 4.58659 0.318326 1.6179 0.00120005 -0.000513331 -0.000423785
41.5421 4.58641 0.318245 1.61783 0.00206231 -0.000566686 -0.000433485
41.559 4.58621 0.318155 1.61777 0.00309694 -0.000483611 -0.000442768
41.5795 4.58598 0.318053 1.61771 0.00428244 -0.000442757 -0.000455996
41.5995 4.58571 0.317933 1.61766 0.00558631 -0.000440338 -0.000466579
41.6196 4.5854 0.317792 1.61761 0.00698832 -0.000309704 -0.000472932
41.6408 4.5851 0.317622 1.61758 0.00855138 0.00132214 -0.000471371
41.6599 4.58456 0.317413 1.61756 0.0111057 0.000343716 -0.000465418
41.6813 4.58383 0.317145 1.61764 0.0160388 -0.000392553 -0.000398196
41.7003 4.58292 0.316802 1.61781 0.0228277 0.000279553 -0.000278821
41.7206 4.58183 0.316365 1.61804 0.030273 0.00128886 -0.000150895
41.7432 4.58051 0.315809 1.61829 0.0377659 0.000795307 -7.33902e-05
41.7608 4.57903 0.315106 1.61856 0.0450893 0.00141327 3.23692e-05
41.7817 4.57733 0.31423 1.61885 0.0521072 0.00143673 9.83698e-05
41.8013 4.57541 0.313155 1.61916 0.0583052 0.00142281 0.000133545
41.8221 4.57328 0.311857 1.61948 0.0641256 0.00163615 0.000171377
41.8423 4.57094 0.310315 1.6198 0.0692145 0.00171687 0.000177837
41.8616 4.56838 0.308511 1.62011 0.0736722 0.00160649 0.000152878
41.8839 4.56562 0.306428 1.62042 0.0773738 0.0024888 0.000181058
41.9024 4.5626 0.304049 1.62074 0.0807568 0.00200507 0.000102945
41.9223 4.55937 0.301361 1.62107 0.0838498 0.0022361 7.67586e-05
41.9425 4.5559 0.298355 1.6214 0.0865963 0.00181932 -1.43755e-05
41.9624 4.55221 0.295022 1.62174 0.0886049 0.00165807 -0.000104592
41.9861 4.54835 0.291357 1.62206 0.0898664 0.00172051 -0.000188669
42.0041 4.54432 0.287361 1.62236 0.0899831 0.00181507 -0.000292527
42.0243 4.54012 0.283032 1.62263 0.0891224 0.00154739 -0.000435557
42.046 4.53578 0.278375 1.62288 0.0875207 0.00165739 -0.000549938
42.0656 4.5313 0.273396 1.62309 0.0853267 0.00149231 -0.000687737
42.086 4.52668 0.268103 1.62328 0.0826451 0.00122749 -0.000829092
42.1054 4.52196 0.26251 1.62344 0.0793369 0.00098745 -0.000969
42.1257 4.51713 0.256628 1.62356 0.0757053 0.000780803 -0.00110422
42.1491 4.51221 0.250473 1.62367 0.0716209 0.000607818 -0.001231
42.1655 4.50721 0.244062 1.62375 0.0670038 0.000644789 -0.00133796
42.1864 4.50213 0.237412 1.6238 0.0623631 0.000493111 -0.00144277
42.2062 4.49699 0.230541 1.62383 0.0576226 0.000380483 -0.00154353
42.2258 4.49178 0.223467 1.62384 0.0530546 -8.57096e-05 -0.0016553
42.2487 4.48652 0.216207 1.62384 0.0486875 -6.66512e-06 -0.00172668
42.2661 4.48123 0.208783 1.62382 0.0441464 0.000372572 -0.00177987
42.2873 4.47586 0.201206 1.62378 0.0403001 9.70331e-05 -0.00184696
42.3066 4.4704 0.193489 1.62373 0.0377281 -0.00120557 -0.00193201
42.3265 4.46494 0.185647 1.62368 0.0355794 -0.00101246 -0.00195665
42.3479 4.45948 0.177695 1.62366 0.0325388 -0.000768786 -0.00197612
42.367 4.45404 0.169648 1.62363 0.0285397 -0.00103419 -0.00199988
42.3879 4.44863 0.16152 1.6236 0.023681 -0.00124207 -0.00201243
42.4074 4.44327 0.153327 1.62358 0.0186677 -0.000805462 -0.00200933
42.4278 4.43789 0.145087 1.62355 0.0138105 -0.00139987 -0.00202432
42.4499 4.43258 0.136818 1.62353 0.00935398 -0.0010683 -0.0020247
42.4675 4.42733 0.128538 1.62353 0.00492259 -0.000971827 -0.00202272
42.4906 4.42212 0.120264 1.62352 0.000725999 -0.00119998 -0.00201839
42.5087 4.41693 0.112009 1.62349 -0.00256285 -0.00158107 -0.00201526
42.5285 4.41183 0.103789 1.62344 -0.00562036 -0.00163696 -0.00200927
42.5483 4.40684 0.095622 1.62339 -0.00934813 -0.00128562 -0.00199048
42.5682 4.40191 0.0875189 1.62332 -0.013279 -0.00158913 -0.00196381
42.5902 4.3971 0.0794907 1.62324 -0.016707 -0.00186707 -0.00194216
42.6087 4.39239 0.0715549 1.62315 -0.0203208 -0.00217544 -0.00191163
42.6286 4.38781 0.0637263 1.62306 -0.0242827 -0.00208856 -0.00188068
42.6504 4.38334 0.0560186 1.62296 -0.0284094 -0.00365618 -0.00179939
42.6694 4.37912 0.048454 1.62287 -0.0335867 -0.00223764 -0.00175862
42.6899 4.37508 0.0410507 1.62283 -0.0394004 -0.00173232 -0.00168234
42.7095 4.37125 0.0338256 1.62279 -0.0451476 -0.00190011 -0.00159311
42.7298 4.3676 0.0267971 1.62274 -0.0503365 -0.00229742 -0.00151203
42.7503 4.36414 0.0199865 1.62267 -0.0553195 -0.00223368 -0.00145639
42.7699 4.36083 0.0134102 1.62257 -0.0597652 -0.00291388 -0.00137327
42.7924 4.35774 0.00708469 1.62247 -0.0635315 -0.00231989 -0.00137701
42.8107 4.35479 0.00102517 1.62236 -0.0667728 -0.00231185 -0.00135327
42.8314 4.35201 -0.00475905 1.62223 -0.0691438 -0.00239441 -0.00134528
42.8513 4.34937 -0.0102603 1.62208 -0.0706325 -0.00270482 -0.00133073
42.8711 4.34691 -0.015472 1.62192 -0.071491 -0.00229163 -0.00137612
42.8944 4.34458 -0.0203907 1.62174 -0.0718549 -0.00277605 -0.00136057
42.9118 4.34243 -0.0250152 1.62156 -0.0717691 -0.00244059 -0.00140399
42.9324 4.34042 -0.029345 1.62137 -0.0714969 -0.00211859 -0.00144522
42.952 4.33853 -0.0333841 1.62118 -0.0707135 -0.0024672 -0.0014416
42.9724 4.33678 -0.037135 1.62099 -0.0695662 -0.00235057 -0.00146963
42.9928 4.33515 -0.0406034 1.62081 -0.0680832 -0.0024423 -0.00148292
43.0123 4.33364 -0.0437956 1.62061 -0.066405 -0.00224658 -0.00151276
43.0326 4.33228 -0.0467168 1.62043 -0.0648384 -0.00167342 -0.00155647
43.0545 4.331 -0.0493756 1.62024 -0.0630608 -0.00191356 -0.00154296
43.0729 4.32983 -0.0517805 1.62007 -0.060895 -0.00172695 -0.00156066
43.0932 4.32875 -0.0539406 1.61991 -0.0584751 -0.00161554 -0.0015709
43.1127 4.32777 -0.0558649 1.61974 -0.0560156 -0.00118842 -0.00159187
43.1335 4.32686 -0.057565 1.61958 -0.0533578 -0.00113006 -0.00159065
43.1544 4.32603 -0.0590525 1.61942 -0.0504404 -0.000997977 -0.00159024
43.1734 4.32526 -0.0603386 1.61926 -0.0474735 -0.000975451 -0.00157541
43.194 4.32457 -0.0614346 1.61909 -0.0445754 -0.000825803 -0.00156235
43.2139 4.32396 -0.0623498 1.61893 -0.0421512 -0.000547949 -0.00154409
43.2341 4.32342 -0.0630944 1.61878 -0.0401475 -0.000417394 -0.0015117
43.2546 4.32292 -0.0636785 1.61864 -0.0382588 -0.000516812 -0.00146724
43.274 4.32248 -0.0641116 1.6185 -0.0362605 -0.000358726 -0.00143074
43.2957 4.3221 -0.0644018 1.61837 -0.0342049 -0.000149429 -0.00139277
43.3148 4.32176 -0.0645577 1.61824 -0.0320872 1.33315e-05 -0.00135354
43.3349 4.32145 -0.0645885 1.61811 -0.0298327 -2.28962e-05 -0.00130431
43.3582 4.32117 -0.0645039 1.61797 -0.0273837 -6.8665e-06 -0.00125617
43.3755 4.32091 -0.0643131 1.61784 -0.0248749 -5.54661e-05 -0.00120553
43.3966 4.3207 -0.0640227 1.61772 -0.0228131 0.000220241 -0.00115689
43.4156 4.32053 -0.0636402 1.61761 -0.0213676 0.000169186 -0.00109664
43.4363 4.3204 -0.0631727 1.61751 -0.0203291 0.00033708 -0.00103751
43.4574 4.32029 -0.0626269 1.61742 -0.0193217 0.00031241 -0.000973385
43.4762 4.32021 -0.0620078 1.61734 -0.0182167 0.000305038 -0.000912074
43.4969 4.32017 -0.0613196 1.61726 -0.0170929 0.000327456 -0.000852768
43.5169 4.32015 -0.0605663 1.61718 -0.0160607 0.000348777 -0.000794073
43.5366 4.32016 -0.0597519 1.61709 -0.0151598 0.000476022 -0.000737579
43.5587 4.32019 -0.0588816 1.61702 -0.0140834 0.000503897 -0.00070083
43.5768 4.32021 -0.057963 1.61695 -0.0123349 0.000312793 -0.000674307
43.5979 4.32025 -0.0570021 1.61689 -0.0100935 0.000362814 -0.000654961
43.6174 4.32031 -0.056006 1.61684 -0.00766424 0.000465731 -0.000639189
43.6379 4.32038 -0.0549828 1.61679 -0.00532041 0.000536491 -0.000626342
43.661 4.32044 -0.0539414 1.61674 -0.00312524 0.000366216 -0.000614062
43.6778 4.32053 -0.0528903 1.61669 -0.0010991 0.000433922 -0.000598526
43.6987 4.32062 -0.0518367 1.61664 0.000630685 0.000518543 -0.000583907
43.718 4.32073 -0.0507876 1.61659 0.00210453 0.000556476 -0.000572746
43.738 4.32085 -0.0497481 1.61654 0.00323579 0.000513854 -0.000565445
43.7597 4.32097 -0.0487233 1.6165 0.00412813 0.000486633 -0.000557485
43.7786 4.32109 -0.0477173 1.61645 0.00488723 0.00052641 -0.000548911
43.7991 4.32122 -0.0467328 1.6164 0.00549763 0.000547949 -0.000542454
43.8189 4.32136 -0.045772 1.61635 0.00595345 0.000539227 -0.000537385
43.84 4.32151 -0.044837 1.61629 0.00628652 0.000535895 -0.000530374
43.8607 4.32165 -0.043929 1.61623 0.00652525 0.000524566 -0.000522403
43.8794 4.32181 -0.0430491 1.61616 0.00670352 0.000515764 -0.000516941
43.9018 4.32197 -0.0421981 1.61609 0.00684877 0.000515041 -0.00051382
43.9197 4.32213 -0.0413763 1.61602 0.00694621 0.000511275 -0.000513844
43.9399 4.32231 -0.0405842 1.61595 0.00700903 0.000510301 -0.000514671
43.9603 4.32248 -0.0398217 1.61588 0.00701925 0.000511064 -0.000523935
43.9806 4.32266 -0.0390889 1.61581 0.00698987 0.000505453 -0.000526192
44.0011 4.32285 -0.0383858 1.61574 0.00694351 0.000493609 -0.000528228
44.0209 4.32304 -0.0377119 1.61567 0.00686856 0.000489225 -0.000534008
44.0407 4.32324 -0.037067 1.61561 0.00676957 0.000494319 -0.000533838
44.0618 4.32345 -0.0364506 1.61554 0.00666332 0.000491347 -0.00053833
44.0812 4.32365 -0.0358624 1.61548 0.00657667 0.000489978 -0.000544809
44.1019 4.32387 -0.0353019 1.61542 0.00650324 0.000485731 -0.000551443
44.1219 4.32409 -0.0347687 1.61535 0.0064242 0.000478977 -0.000560506
44.1424 4.32431 -0.0342623 1.6153 0.00635092 0.000471721 -0.000568479
44.1648 4.32454 -0.0337823 1.61524 0.00625161 0.000470443 -0.000579933
44.1825 4.32478 -0.0333283 1.61519 0.00613662 0.000472688 -0.000586195
44.2035 4.32502 -0.0328997 1.61513 0.00602138 0.000464504 -0.000593978
44.224 4.32526 -0.032496 1.61508 0.00588702 0.000445503 -0.000602559
44.2431 4.32551 -0.0321166 1.61504 0.0057437 0.000423436 -0.000613296
44.264 4.32576 -0.0317609 1.61499 0.0056014 0.000401765 -0.00062287
44.2834 4.32602 -0.0314283 1.61495 0.00546356 0.000374819 -0.000632335
44.3054 4.32629 -0.0311184 1.61491 0.0053638 0.000364288 -0.00064387
44.3239 4.32656 -0.0308307 1.61488 0.00530033 0.000358258 -0.000655754
44.3438 4.32683 -0.0305647 1.61485 0.0052447 0.000347692 -0.00066997
44.3662 4.32711 -0.0303202 1.61482 0.00519409 0.000342326 -0.000683071
44.3852 4.32739 -0.0300969 1.6148 0.00515487 0.000337381 -0.000697679
44.4056 4.32767 -0.0298946 1.61478 0.0051301 0.000373244 -0.000712706
44.4254 4.32796 -0.0297132 1.61477 0.00511809 0.000303959 -0.000726319
44.4458 4.32825 -0.0295523 1.61476 0.00507431 0.000311089 -0.000740921
44.4659 4.32855 -0.0294115 1.61477 0.00499294 0.000440686 -0.000754869
44.4857 4.32885 -0.0292906 1.61477 0.00489353 0.000352372 -0.000767842
44.5078 4.32914 -0.0291891 1.61479 0.00476719 0.000332107 -0.000782118
44.526 4.32943 -0.0291064 1.6148 0.00460682 0.000361141 -0.000793828
44.5459 4.32971 -0.0290419 1.61482 0.00442347 0.000374248 -0.000806326
44.5689 4.32999 -0.0289946 1.61483 0.00420783 0.000369562 -0.000819858
44.5867 4.33027 -0.0289639 1.61484 0.0039807 0.000378273 -0.000834235
44.6102 4.33055 -0.0289488 1.61485 0.00374348 0.000380648 -0.000849415
44.6268 4.33082 -0.0289484 1.61486 0.00351359 0.000301631 -0.000862671
44.647 4.33109 -0.0289619 1.61487 0.00332975 0.000366997 -0.000876278
44.6698 4.33137 -0.0289891 1.61488 0.00323134 0.000411794 -0.000891332
44.6874 4.33166 -0.0290291 1.6149 0.00319521 0.000388489 -0.000905401
44.708 4.33195 -0.0290815 1.61492 0.00314948 0.000372264 -0.00092027
44.7277 4.33224 -0.0291459 1.61494 0.00307911 0.000369046 -0.000934279
44.7479 4.33254 -0.0292225 1.61497 0.00305402 0.000356046 -0.000948074
44.7682 4.33284 -0.0293111 1.615 0.0030798 0.000338185 -0.000962513
44.7883 4.33315 -0.0294114 1.61503 0.00310035 0.000332936 -0.000976295
44.8108 4.33346 -0.0295234 1.61507 0.00309016 0.000342789 -0.000988944
44.8291 4.33377 -0.029647 1.61511 0.00306054 0.000345166 -0.00100148
44.8491 4.33409 -0.0297822 1.61515 0.00301611 0.000323153 -0.00101403
44.8703 4.33441 -0.0299285 1.61519 0.00294805 0.000273683 -0.00102656
44.8896 4.33474 -0.0300858 1.61523 0.0028545 0.000342413 -0.0010382
44.9127 4.33506 -0.0302538 1.61528 0.0027614 0.000285079 -0.00104925
44.9303 4.33538 -0.0304319 1.61533 0.00264548 0.000268307 -0.00106067
44.9502 4.3357 -0.0306197 1.61539 0.00252421 0.000270677 -0.00107183
44.9718 4.33602 -0.0308167 1.61544 0.00239104 0.000206112 -0.00108318
44.9911 4.33633 -0.0310224 1.6155 0.00224307 0.000200597 -0.00109333
45.0113 4.33664 -0.0312362 1.61556 0.00209259 0.000137719 -0.00110121
45.0307 4.33695 -0.0314574 1.61563 0.0019397 0.000288581 -0.00111026
45.051 4.33726 -0.0316855 1.61569 0.00178252 0.000195528 -0.00111938
45.0749 4.33757 -0.0319198 1.61575 0.00162228 0.000258943 -0.0011289
45.0916 4.33788 -0.0321597 1.61582 0.00146656 0.00033029 -0.00113722
45.1123 4.33818 -0.0324047 1.61589 0.00132668 0.000317686 -0.00114696
45.132 4.33848 -0.0326541 1.61595 0.00119896 0.000301767 -0.0011571
45.1527 4.33878 -0.0329075 1.61602 0.00108725 0.000304985 -0.0011672
45.1735 4.33908 -0.0331645 1.61608 0.00100164 0.000309315 -0.00117507
45.1924 4.33937 -0.0334246 1.61613 0.00092857 0.000230177 -0.00118151
45.215 4.33966 -0.0336875 1.61619 0.000850584 0.000248441 -0.00119003
45.2331 4.33995 -0.0339529 1.61624 0.000769546 0.000292066 -0.00119739
45.2531 4.34025 -0.0342204 1.6163 0.000685204 0.000296417 -0.00120513
45.2748 4.34054 -0.0344896 1.61635 0.000595389 0.00025021 -0.00121391
45.2935 4.34082 -0.0347603 1.61641 0.000501755 0.000263898 -0.00122221
45.3141 4.34111 -0.0350321 1.61647 0.00041539 0.000244839 -0.00123058
45.3336 4.34139 -0.0353047 1.61652 0.00032645 0.000240683 -0.00123711
45.3535 4.34166 -0.0355776 1.61657 0.000242084 0.000252835 -0.00124285
45.3759 4.34193 -0.0358507 1.61661 0.000159192 0.000178177 -0.00124756
45.3944 4.34221 -0.0361235 1.61665 7.80688e-05 0.000276699 -0.00125242
45.4146 4.34248 -0.0363956 1.6167 -8.33291e-06 0.000295521 -0.00125779
45.4343 4.34275 -0.036667 1.61674 -7.84061e-05 0.000234232 -0.00126165
45.4547 4.34301 -0.0369372 1.61679 -0.00013403 0.000142671 -0.00126556
45.479 4.34328 -0.0372061 1.61683 -0.000184475 0.000276415 -0.0012687
45.4953 4.34354 -0.0374735 1.61688 -0.0002177 0.000184556 -0.00127329
45.5168 4.34381 -0.0377392 1.61692 -0.000248164 0.00016622 -0.00127656
45.5358 4.34408 -0.038003 1.61698 -0.00028885 0.000309606 -0.00128038
45.5558 4.34434 -0.0382649 1.61703 -0.000321503 0.000163176 -0.00128466
45.5786 4.34462 -0.0385247 1.61708 -0.000342641 0.000224548 -0.00128903
45.5961 4.34488 -0.0387824 1.61713 -0.000366306 0.000128437 -0.00129267
45.617 4.34515 -0.0390378 1.61719 -0.000390072 0.000238417 -0.00129663
45.636 4.34541 -0.0392908 1.61724 -0.000420093 0.000196347 -0.00129918
45.6564 4.34568 -0.0395413 1.6173 -0.000448025 0.000330244 -0.00130227
45.6774 4.34595 -0.0397893 1.61735 -0.000475655 0.000287563 -0.00130487
45.6967 4.34621 -0.0400347 1.6174 -0.000490241 0.000162818 -0.0013067
45.7191 4.34648 -0.0402775 1.61746 -0.000491495 0.000233493 -0.00130943
45.7369 4.34675 -0.0405177 1.61751 -0.000483367 0.000241498 -0.00131059
45.7572 4.34703 -0.0407551 1.61756 -0.000484834 0.000214767 -0.00131292
45.7807 4.34731 -0.0409898 1.61761 -0.000501942 0.00020728 -0.00131621
45.7989 4.3476 -0.0412218 1.61766 -0.000510394 0.000199331 -0.00131917
45.8195 4.34789 -0.0414511 1.61769 -0.000504558 0.00019065 -0.0013223
45.8395 4.34818 -0.0416778 1.61773 -0.000494892 0.000194963 -0.00132403
45.8592 4.34848 -0.0419018 1.61776 -0.000498358 0.000192579 -0.00132594
45.8807 4.34878 -0.042123 1.61779 -0.000513442 0.000190156 -0.00132828
45.8999 4.34908 -0.0423415 1.61782 -0.000528986 0.000195907 -0.00132921
45.9206 4.34939 -0.0425573 1.61785 -0.000534595 0.000202374 -0.00132814
45.9401 4.3497 -0.0427703 1.61787 -0.000536781 0.000205086 -0.00132809
45.9602 4.35002 -0.0429805 1.61789 -0.000545515 0.000207229 -0.00132916
45.9853 4.35034 -0.0431879 1.61791 -0.000559314 0.000217383 -0.00133046
46.001 4.35066 -0.0433923 1.61792 -0.000583526 0.000214234 -0.00133131
46.0212 4.35099 -0.0435939 1.61793 -0.000609743 0.000210835 -0.00132947
46.0405 4.35132 -0.0437924 1.61794 -0.000624506 0.000219036 -0.00133131
46.0605 4.35166 -0.0439879 1.61795 -0.00062917 0.000215804 -0.00133014
46.0811 4.352 -0.0441804 1.61795 -0.000635121 0.000212771 -0.00132993
46.1008 4.35234 -0.0443697 1.61796 -0.000649869 0.000212175 -0.00133003
46.1214 4.35269 -0.0445558 1.61796 -0.000667868 0.000226083 -0.00133246
46.1415 4.35304 -0.0447388 1.61796 -0.000672101 0.000248953 -0.00133162
46.1611 4.35339 -0.0449186 1.61797 -0.000667197 0.000235581 -0.00133424
46.1832 4.35375 -0.0450953 1.61798 -0.000648468 0.000228264 -0.00133532
46.2014 4.35411 -0.045269 1.61799 -0.000625818 0.000232713 -0.00133602
46.2225 4.35448 -0.0454395 1.618 -0.000619052 0.000226386 -0.00133714
46.2416 4.35485 -0.0456071 1.61802 -0.000617058 0.000230867 -0.00133844
46.2616 4.35522 -0.0457716 1.61803 -0.000621663 0.000245171 -0.00133935
46.2824 4.3556 -0.0459332 1.61804 -0.000639079 0.00024042 -0.0013388
46.3023 4.35598 -0.0460918 1.61806 -0.000642358 0.000231396 -0.00134001
46.3232 4.35636 -0.0462474 1.61808 -0.000633785 0.000237372 -0.00134128
46.3424 4.35675 -0.0464 1.6181 -0.000633421 0.000228796 -0.00134321
46.3623 4.35714 -0.0465497 1.61813 -0.000631887 0.000229062 -0.00134323
46.3854 4.35754 -0.0466964 1.61815 -0.000624067 0.00024165 -0.00134563
46.4027 4.35793 -0.0468403 1.61817 -0.000622897 0.000238828 -0.00134606
46.4234 4.35834 -0.0469812 1.61819 -0.000621896 0.000245945 -0.00134683
46.443 4.35874 -0.0471192 1.61821 -0.000615261 0.000235616 -0.00134448
46.4633 4.35915 -0.0472545 1.61822 -0.00060125 0.000217963 -0.0013475
46.4861 4.35957 -0.047387 1.61824 -0.000587653 0.00020799 -0.00135052
46.5035 4.35998 -0.0475166 1.61826 -0.000587581 0.000193529 -0.00134892
46.5256 4.3604 -0.0476437 1.61828 -0.000579086 0.000207032 -0.00134889
46.5439 4.36083 -0.047768 1.61829 -0.000564461 0.000214153 -0.00134948
46.5641 4.36126 -0.0478898 1.61831 -0.000560665 0.000206335 -0.00135055
46.5848 4.36169 -0.0480089 1.61833 -0.000552767 0.00022162 -0.00134955
46.6045 4.36212 -0.0481257 1.61835 -0.000527596 0.000232585 -0.0013488
46.6254 4.36256 -0.0482399 1.61836 -0.000503823 0.000210454 -0.00134887
46.645 4.363 -0.0483519 1.61838 -0.000478916 0.000193795 -0.00134922
46.665 4.36345 -0.0484617 1.6184 -0.000449494 0.000199435 -0.00134971
46.6866 4.3639 -0.0485692 1.61842 -0.00043592 0.000198936 -0.00135069
46.7055 4.36434 -0.0486746 1.61844 -0.000439144 3.10955e-05 -0.00135177
46.7263 4.36482 -0.048778 1.61847 -0.000434451 0.000179149 -0.00135275
46.7464 4.36529 -0.0488795 1.6185 -0.000419699 0.000155815 -0.00135433
46.7666 4.36578 -0.048979 1.61853 -0.000398671 7.58256e-05 -0.00135402
46.7869 4.36629 -0.0490767 1.61857 -0.00037917 4.68924e-05 -0.0013544
46.8067 4.3668 -0.0491726 1.6186 -0.000360491 4.89994e-05 -0.00135633
46.829 4.36732 -0.0492667 1.61864 -0.000355705 4.82404e-05 -0.00135825
46.8476 4.36785 -0.0493591 1.61868 -0.00035257 5.85668e-05 -0.00135966
46.8675 4.36839 -0.0494499 1.61871 -0.000342866 7.89983e-05 -0.00136086
46.8887 4.36895 -0.0495391 1.61875 -0.000336239 9.47664e-05 -0.00136192
46.9085 4.36951 -0.0496266 1.61878 -0.000337259 9.96522e-05 -0.00136292
46.9302 4.37009 -0.0497125 1.61881 -0.000337758 0.000150487 -0.0013639
46.9482 4.37068 -0.049797 1.61885 -0.000318693 0.000122211 -0.00136448
46.9684 4.37127 -0.0498801 1.61888 -0.000283133 9.88457e-05 -0.00136375
46.9941 4.37188 -0.0499618 1.61892 -0.000252297 9.11972e-05 -0.00136393
47.0088 4.3725 -0.0500422 1.61895 -0.000241356 6.59605e-05 -0.00136436
47.0303 4.37313 -0.0501213 1.61898 -0.00023659 4.20465e-05 -0.00136548
47.0494 4.37377 -0.0501993 1.61902 -0.000223227 4.26994e-05 -0.001367
47.0701 4.37442 -0.0502762 1.61905 -0.000220863 3.66764e-05 -0.00136761
47.0903 4.37508 -0.0503519 1.61909 -0.000227026 2.75418e-05 -0.00136928
47.1097 4.37574 -0.0504264 1.61912 -0.000235099 2.56622e-05 -0.00137049
47.1302 4.37642 -0.0504998 1.61915 -0.000247174 2.75996e-05 -0.00137019
47.15 4.37711 -0.0505719 1.61917 -0.000274087 1.66649e-05 -0.00137167
47.1699 4.37781 -0.0506428 1.6192 -0.000292446 3.08993e-05 -0.00137179
47.1917 4.37852 -0.0507124 1.61923 -0.000299721 6.81457e-05 -0.00137124
47.2102 4.37923 -0.0507806 1.61926 -0.000316373 9.00701e-05 -0.00137223
47.2313 4.37996 -0.0508473 1.61929 -0.000335195 0.000115201 -0.00137284
47.2506 4.3807 -0.0509124 1.61932 -0.000353772 0.000148156 -0.00137453
47.2705 4.38144 -0.050976 1.61934 -0.000379167 6.8266e-05 -0.0013728
47.2955 4.38221 -0.0510379 1.61937 -0.0003985 0.000126895 -0.00137486
47.3116 4.38299 -0.0510983 1.6194 -0.000392706 0.000269025 -0.00137691
47.333 4.38377 -0.051157 1.61943 -0.000374856 0.000191531 -0.00137874
47.3519 4.38457 -0.051214 1.61947 -0.000362819 0.000147049 -0.00137946
47.3723 4.38538 -0.0512694 1.61951 -0.000349131 0.000162035 -0.00138024
47.3936 4.38619 -0.0513233 1.61955 -0.000335961 0.000168849 -0.00138195
47.4125 4.38702 -0.0513757 1.61959 -0.000330951 0.000157173 -0.00138307
47.4344 4.38786 -0.0514267 1.61962 -0.000327495 0.000151276 -0.00138551
47.4529 4.3887 -0.0514762 1.61966 -0.000321568 0.000160622 -0.00138718
47.4728 4.38956 -0.0515242 1.61969 -0.000329927 0.00015952 -0.00138635
47.4938 4.39042 -0.0515709 1.61973 -0.000336505 0.000169525 -0.00138645
47.5131 4.3913 -0.0516161 1.61976 -0.000331916 0.000192304 -0.00138878
47.5368 4.39219 -0.0516599 1.61979 -0.000328144 0.000198171 -0.00138904
47.5536 4.39308 -0.0517023 1.61982 -0.000320791 0.00020247 -0.00138778
47.5736 4.39399 -0.0517434 1.61985 -0.000309851 0.000221273 -0.00138685
47.5951 4.3949 -0.0517831 1.61988 -0.000311082 0.000151809 -0.00138719
47.6139 4.39584 -0.0518215 1.61991 -0.000304248 0.00018144 -0.00138769
47.6351 4.39679 -0.0518587 1.61994 -0.00028316 0.000314726 -0.00138825
47.6539 4.39775 -0.0518947 1.61997 -0.000257669 0.00011888 -0.00138855
47.6742 4.39871 -0.0519296 1.62001 -0.000226924 7.10213e-05 -0.00138891
47.698 4.39969 -0.0519636 1.62006 -0.000199518 0.000226953 -0.00138927
47.7146 4.40066 -0.0519967 1.6201 -0.000162795 -0.000134845 -0.00139062
47.7357 4.40166 -0.052029 1.62016 -0.000130852 1.37919e-05 -0.00139145
47.7547 4.4027 -0.0520608 1.62022 -0.000105257 0.000253383 -0.00139204
47.775 4.40375 -0.0520921 1.62029 -7.91299e-05 0.000144691 -0.00139245
47.7978 4.40484 -0.052123 1.62036 -5.49594e-05 0.000126242 -0.00139282
47.8152 4.40593 -0.0521536 1.62043 -3.87799e-05 -1.80798e-05 -0.00139379
47.8367 4.40705 -0.0521838 1.6205 -3.48682e-05 8.59649e-05 -0.00139456
47.856 4.40818 -0.0522139 1.62056 -3.72936e-05 4.30515e-05 -0.00139539
47.8757 4.40933 -0.0522437 1.62063 -4.1527e-05 2.12309e-06 -0.00139541
47.8998 4.41049 -0.0522733 1.62069 -4.41971e-05 6.30617e-06 -0.0013955
47.9171 4.41167 -0.0523027 1.62075 -3.05998e-05 7.9666e-06 -0.00139564
47.9376 4.41287 -0.0523321 1.6208 -4.86674e-06 2.21374e-06 -0.00139581
47.9572 4.41408 -0.0523612 1.62085 1.129e-05 1.84622e-05 -0.00139755
47.9773 4.41531 -0.0523904 1.62089 2.52659e-05 4.33232e-05 -0.00139909
48 4.41655 -0.0524196 1.62093 3.77953e-05 0.000141633 -0.0013991
48.0186 4.4178 -0.0524488 1.62096 4.12532e-05 0.000105297 -0.00139724
48.0394 4.41906 -0.052478 1.621 3.22346e-05 0.000116669 -0.00139707
48.0587 4.42032 -0.0525072 1.62104 8.08396e-06 6.41097e-05 -0.00139653
48.0788 4.4216 -0.0525362 1.62107 -3.20256e-05 0.00018631 -0.001396
48.0994 4.42289 -0.052565 1.62111 -6.49909e-05 0.000172506 -0.00139557
48.119 4.42418 -0.0525936 1.62115 -8.73926e-05 0.00016541 -0.00139518
48.1409 4.42548 -0.0526219 1.62118 -0.00010153 0.000182147 -0.00139617
48.1597 4.42679 -0.0526496 1.62122 -0.000115751 0.000192596 -0.00139691
48.1796 4.42811 -0.0526768 1.62125 -0.000139387 0.000192639 -0.00139758
48.1998 4.42944 -0.0527033 1.62128 -0.000168631 0.000197473 -0.00139778
48.2206 4.43077 -0.052729 1.6213 -0.000209976 0.000198816 -0.00139544
48.2412 4.43212 -0.0527538 1.62133 -0.000252586 0.000209246 -0.00139442
48.2599 4.43347 -0.0527777 1.62136 -0.000272305 0.000227387 -0.00139406
48.2803 4.43483 -0.0528006 1.62137 -0.000272535 0.000163119 -0.00139358
48.3035 4.4362 -0.0528224 1.62139 -0.000271686 0.000288148 -0.00139314
48.3207 4.43759 -0.0528432 1.62141 -0.000252168 0.000299694 -0.00139375
48.3416 4.43898 -0.0528629 1.62143 -0.000227112 0.000241392 -0.0013943
48.3612 4.44038 -0.0528817 1.62146 -0.000213198 0.000325347 -0.00139348
48.3821 4.44179 -0.0528996 1.62148 -0.000201328 0.000222297 -0.00139007
48.4038 4.44319 -0.0529167 1.62151 -0.000180552 0.000156536 -0.00138866
48.4215 4.44461 -0.0529331 1.62154 -0.000161253 0.000170026 -0.00138749
48.4424 4.44603 -0.0529488 1.62158 -0.000139167 0.000301863 -0.00138691
48.4622 4.44745 -0.0529639 1.62161 -0.000120098 0.000246481 -0.00138714
48.4826 4.44887 -0.0529785 1.62165 -0.000104166 0.000199329 -0.00138826
48.5033 4.45029 -0.0529926 1.62169 -8.52115e-05 0.000218306 -0.00138833
48.5231 4.45172 -0.0530064 1.62172 -6.76802e-05 0.000233816 -0.00138948
48.5438 4.45314 -0.0530198 1.62176 -5.07197e-05 0.000228913 -0.00139121
48.5631 4.45456 -0.053033 1.62179 -3.72393e-05 0.000233032 -0.00139265
48.5834 4.45599 -0.053046 1.62182 -2.06749e-05 0.000243229 -0.00139451
48.6073 4.45741 -0.053059 1.62184 3.46229e-06 0.000252862 -0.00139549
48.6237 4.45884 -0.0530719 1.62187 2.51384e-05 0.000253608 -0.00139575
48.6445 4.46026 -0.0530849 1.62189 3.86782e-05 0.000259083 -0.00139575
48.664 4.46169 -0.0530979 1.6219 4.41624e-05 0.000265182 -0.00139604
48.6846 4.46311 -0.053111 1.62192 3.89534e-05 0.000276323 -0.00139682
48.7066 4.46454 -0.0531242 1.62193 2.73348e-05 0.000193036 -0.00139581
48.7256 4.46597 -0.0531374 1.62194 1.03435e-05 0.000110394 -0.00139662
48.7459 4.46742 -0.0531507 1.62196 5.2237e-06 0.000172516 -0.00139751
48.7662 4.4689 -0.0531642 1.62199 1.54279e-05 0.000356556 -0.00139866
48.7857 4.47039 -0.0531777 1.62203 2.61509e-05 0.000203552 -0.00139984
48.806 4.4719 -0.0531912 1.62208 1.99538e-05 0.000132659 -0.00140063
48.8257 4.47343 -0.0532048 1.62213 2.48028e-05 7.79288e-05 -0.00140136
48.8469 4.47498 -0.0532186 1.62219 4.30484e-05 8.72248e-05 -0.00140235
48.866 4.47654 -0.0532325 1.62224 5.876e-05 3.72661e-05 -0.0014038
48.8865 4.47811 -0.0532466 1.6223 7.32823e-05 3.0018e-05 -0.00140511
48.9096 4.47971 -0.053261 1.62235 8.08986e-05 4.15917e-05 -0.00140459
48.9269 4.48131 -0.0532757 1.6224 8.68506e-05 4.84769e-05 -0.00140449
48.9477 4.48293 -0.0532906 1.62245 8.61207e-05 -1.30438e-05 -0.00140442
48.9669 4.48457 -0.0533059 1.62249 8.34656e-05 0.000111967 -0.0014052
48.9871 4.48623 -0.0533214 1.62253 7.12246e-05 9.91204e-05 -0.00140655
49.0083 4.48789 -0.053337 1.62257 3.75813e-05 7.05486e-05 -0.00140699
49.0273 4.48958 -0.0533527 1.6226 -1.62615e-06 6.61996e-05 -0.00140701
49.0492 4.49128 -0.0533685 1.62263 -3.13103e-05 -6.10432e-05 -0.00140733
49.0684 4.493 -0.0533841 1.62267 -4.92549e-05 6.60722e-05 -0.00140781
49.0884 4.49474 -0.0533997 1.6227 -5.12877e-05 6.12227e-05 -0.00140789
49.1104 4.49649 -0.0534151 1.62273 -3.64179e-05 -8.76883e-05 -0.00140789
49.1281 4.49827 -0.0534304 1.62277 -1.74422e-05 -2.16277e-05 -0.00140783
49.1489 4.50007 -0.0534457 1.6228 3.28777e-06 2.27627e-05 -0.00140746
49.1691 4.50189 -0.0534609 1.62284 1.40971e-05 8.41095e-05 -0.00140646
49.1888 4.50372 -0.0534761 1.62287 1.47495e-05 3.74507e-05 -0.001407
49.2119 4.50557 -0.0534913 1.62289 2.54562e-05 2.06402e-05 -0.00140694
49.2299 4.50743 -0.0535067 1.62292 3.71356e-05 4.90584e-05 -0.00140991
49.2502 4.5093 -0.053522 1.62294 3.7308e-05 6.64203e-05 -0.00141122
49.2697 4.51119 -0.0535375 1.62296 2.90154e-05 7.72144e-05 -0.00141146
49.2898 4.51309 -0.0535531 1.62298 1.63613e-05 8.89776e-05 -0.00141138
49.3108 4.51501 -0.0535686 1.62299 1.21081e-06 0.000104634 -0.00141115
49.3303 4.51694 -0.0535842 1.623 -1.19308e-05 0.000120178 -0.00141084
49.3521 4.51888 -0.0535997 1.62301 -2.71343e-05 -1.11833e-05 -0.00141035
49.3703 4.52085 -0.0536152 1.62302 -2.3807e-05 0.000226469 -0.00141037
49.3908 4.52284 -0.0536306 1.62303 -6.43156e-06 0.00012005 -0.00141323
49.4137 4.52483 -0.053646 1.62304 1.01673e-05 0.000130187 -0.00141392
49.4307 4.52683 -0.0536613 1.62306 1.66396e-05 0.000107169 -0.00141408
49.4523 4.52884 -0.0536767 1.62308 2.93266e-05 0.000108883 -0.0014141
49.4715 4.53085 -0.0536922 1.6231 3.47095e-05 0.000175083 -0.00141391
49.4916 4.53287 -0.0537077 1.62312 3.29423e-05 0.000152624 -0.00141404
49.5132 4.5349 -0.0537233 1.62314 3.48065e-05 0.000144894 -0.00141334
49.5318 4.53693 -0.0537391 1.62316 3.81011e-05 7.44119e-05 -0.00141319
49.5525 4.53898 -0.0537548 1.62318 1.97451e-05 0.000151904 -0.00141361
49.5719 4.54104 -0.0537706 1.6232 2.74531e-06 0.000314449 -0.00141428
49.5921 4.5431 -0.0537863 1.62323 -2.06323e-05 0.000136338 -0.0014145
49.6154 4.54516 -0.0538019 1.62326 -5.03395e-05 0.000194268 -0.00141547
49.6328 4.54723 -0.0538173 1.62329 -6.55501e-05 0.000230674 -0.00141468
49.6537 4.5493 -0.0538325 1.62332 -8.16653e-05 0.000251941 -0.00141488
49.6731 4.55138 -0.0538473 1.62335 -8.79329e-05 0.000248391 -0.00141465
49.6931 4.55347 -0.0538618 1.62337 -9.08447e-05 0.000245329 -0.00141417
49.7158 4.55556 -0.0538759 1.6234 -9.89017e-05 0.000351011 -0.00141287
49.7336 4.55764 -0.0538895 1.62342 -0.000115293 0.000131335 -0.00141222
49.7554 4.55974 -0.0539029 1.62344 -9.51755e-05 -0.000183869 -0.00141181
49.7739 4.56191 -0.0539159 1.62348 -8.17523e-05 0.000373326 -0.00141159
49.7938 4.5641 -0.0539287 1.62353 -4.62389e-05 0.0003189 -0.00141149
49.8148 4.56633 -0.0539412 1.62359 -3.80933e-05 7.04635e-05 -0.00141168
49.8342 4.56858 -0.0539535 1.62366 -4.52969e-05 5.39011e-05 -0.00140927
49.8553 4.57087 -0.0539657 1.62374 -4.49839e-05 4.23563e-05 -0.00140827
49.8744 4.57318 -0.0539777 1.62381 -4.51022e-05 8.37124e-06 -0.00140738
49.8946 4.57552 -0.0539895 1.62387 -6.28704e-05 -1.94855e-05 -0.00140668
49.9185 4.57789 -0.054001 1.62393 -7.29161e-05 -7.06397e-05 -0.00140615
49.936 4.58028 -0.0540123 1.62399 -7.93149e-05 -7.70948e-05 -0.00140522
49.9571 4.58269 -0.0540233 1.62403 -8.12946e-05 -8.26244e-05 -0.00140403
49.9757 4.58515 -0.0540343 1.62408 -4.62801e-05 6.59853e-05 -0.0014043
49.996 4.58761 -0.054045 1.62412 -2.62532e-05 -0.000108238 -0.00140456
50.0186 4.5901 -0.0540555 1.62416 -1.59184e-05 -3.16372e-05 -0.00140559
50.0364 4.59261 -0.054066 1.6242 -1.58738e-05 6.99416e-06 -0.00140706
50.0572 4.59514 -0.0540764 1.62423 -7.35632e-06 6.64867e-06 -0.00140737
50.0769 4.59769 -0.0540867 1.62426 -1.00356e-05 8.49167e-06 -0.001407
50.0966 4.60025 -0.054097 1.62429 -2.44441e-05 1.76585e-05 -0.00140624
50.1174 4.60284 -0.0541072 1.62431 -2.90895e-05 2.91299e-06 -0.00140643
50.137 4.60544 -0.0541173 1.62432 -2.95492e-05 -1.02601e-05 -0.0014072
50.1592 4.60807 -0.0541273 1.62433 -2.19965e-05 -0.000113477 -0.00140699
50.1776 4.61071 -0.0541373 1.62434 -2.3325e-05 -5.04586e-05 -0.00140781
50.1977 4.61339 -0.0541472 1.62435 -1.13913e-05 0.000160382 -0.00140903
50.2206 4.61608 -0.0541571 1.62436 2.56554e-06 2.36984e-05 -0.00141062
50.2385 4.61877 -0.0541669 1.62438 5.87068e-06 -7.79671e-05 -0.0014109
50.2592 4.62149 -0.0541768 1.6244 6.87991e-06 0.000230589 -0.00141327
50.2785 4.62422 -0.0541869 1.62442 4.8651e-05 0.000172628 -0.00141382
50.2988 4.62694 -0.0541972 1.62444 8.38045e-05 9.14407e-06 -0.00141388
50.3211 4.62968 -0.0542076 1.62447 8.90854e-05 5.36961e-05 -0.00141373
50.3397 4.63241 -0.0542183 1.62451 8.42049e-05 0.000143582 -0.00141396
50.3601 4.63515 -0.0542293 1.62454 7.88447e-05 -5.14531e-06 -0.00141359
50.3802 4.6379 -0.0542405 1.62458 5.74267e-05 0.000102108 -0.00141384
50.4004 4.64068 -0.0542519 1.62462 3.07119e-05 0.000223015 -0.0014159
50.421 4.64348 -0.0542634 1.62466 -8.90282e-06 0.000424524 -0.00141642
50.4403 4.64628 -0.054275 1.6247 -1.11117e-05 0.000209491 -0.00141673
50.461 4.64909 -0.0542867 1.62475 -1.01642e-05 0.000107246 -0.0014175
50.4808 4.65192 -0.0542981 1.6248 -2.27063e-05 0.00019979 -0.00141744
50.5006 4.65475 -0.0543095 1.62485 -3.41182e-05 0.000324511 -0.00141801
50.5223 4.65759 -0.0543208 1.6249 -3.55715e-05 0.000215909 -0.0014171
50.5416 4.66043 -0.0543319 1.62495 -4.1836e-05 0.000194853 -0.00141772
50.5617 4.66328 -0.0543429 1.62499 -4.41669e-05 0.00023246 -0.0014177
50.582 4.66612 -0.0543537 1.62503 -3.66142e-05 0.000259498 -0.00141772
50.6017 4.66897 -0.0543645 1.62506 -1.00844e-05 0.000268965 -0.00141683
50.623 4.67183 -0.0543752 1.62508 2.5323e-05 0.00028086 -0.00141744
50.6422 4.67469 -0.0543861 1.6251 6.90464e-05 0.000294245 -0.00141767
50.6626 4.67755 -0.0543972 1.62511 9.044e-05 0.000304655 -0.00141747
50.6823 4.68042 -0.0544084 1.62512 9.18299e-05 0.000302132 -0.00141863
50.7028 4.68329 -0.05442 1.62513 9.15664e-05 0.000292092 -0.00141968
50.7265 4.68616 -0.0544319 1.62513 8.53018e-05 0.000291779 -0.00142046
50.7433 4.68904 -0.054444 1.62513 6.72453e-05 0.000288573 -0.00141992
50.7658 4.69192 -0.0544564 1.62513 5.04065e-05 -0.000124306 -0.0014188
50.7844 4.69485 -0.0544688 1.62513 5.33501e-06 0.000120266 -0.00141777
50.8044 4.69783 -0.0544814 1.62516 -2.38852e-05 0.000251776 -0.00141819
50.8273 4.70086 -0.054494 1.62519 -5.90957e-05 0.00024796 -0.0014178
50.8449 4.70394 -0.0545063 1.62523 -9.23358e-05 0.000106342 -0.00141691
50.8656 4.70706 -0.0545183 1.62526 -0.00012571 8.1793e-05 -0.00141583
50.8852 4.71021 -0.05453 1.62529 -0.000150768 -6.68944e-05 -0.00141453
50.9051 4.7134 -0.054541 1.62532 -0.000170021 -3.25348e-05 -0.00141348
50.9286 4.71663 -0.0545515 1.62535 -0.000175678 -3.61391e-05 -0.001412
50.9453 4.71989 -0.0545614 1.62537 -0.000176321 -9.27832e-05 -0.00141032
50.9675 4.72317 -0.0545706 1.62539 -0.000186325 -0.000194909 -0.00141121
50.9857 4.7265 -0.0545791 1.62542 -0.000184614 -7.54571e-05 -0.00141025
51.0064 4.72986 -0.054587 1.62544 -0.000167884 2.90209e-05 -0.00141259
51.0273 4.73324 -0.0545944 1.62546 -0.000146127 -0.000130204 -0.00141366
51.046 4.73664 -0.0546011 1.62549 -0.000137888 -0.000172505 -0.00141325
51.0673 4.74007 -0.0546073 1.62551 -0.000125038 -0.000122848 -0.00141289
51.0869 4.74353 -0.0546132 1.62553 -9.51802e-05 -1.08958e-05 -0.00141333
51.107 4.74699 -0.0546187 1.62555 -6.64603e-05 -0.000190103 -0.00141485
51.128 4.7505 -0.0546238 1.62556 -5.96418e-05 9.84056e-05 -0.00141526
51.1472 4.75402 -0.0546288 1.62558 -5.39507e-05 0.000124349 -0.00141287
51.1683 4.75756 -0.0546336 1.62561 -3.68938e-05 2.72762e-05 -0.00141211
51.1873 4.76109 -0.0546376 1.62566 -0.000113195 0.00156471 -0.00140619
51.2076 4.76443 -0.0546421 1.62576 8.02509e-06 -4.16788e-05 -0.00139755
51.23 4.76765 -0.0546459 1.62593 3.11421e-05 -2.88695e-05 -0.00139066
51.248 4.77075 -0.054649 1.62614 -3.93902e-05 0.000690181 -0.0013867
51.2686 4.77373 -0.0546518 1.62636 -0.000101591 0.00101725 -0.00138187
51.387 4.7766 -0.0546539 1.62658 -0.000196526 0.00126983 -0.00138009
51.4065 4.77935 -0.0546553 1.62678 -0.000257389 0.0013932 -0.00137753
51.4277 4.78198 -0.0546554 1.62698 -0.000319521 0.00136744 -0.00137654
51.4468 4.78449 -0.0546542 1.62717 -0.000387921 0.00154998 -0.00137565
51.4677 4.78688 -0.0546515 1.62734 -0.000424858 0.00147727 -0.00137454
51.4862 4.78916 -0.0546472 1.62749 -0.000421056 0.00149431 -0.0013721
51.5066 4.79133 -0.0546409 1.62764 -0.000464854 0.0016802 -0.00137053
51.5288 4.79335 -0.0546327 1.62779 -0.000469318 0.00133451 -0.00136646
51.5468 4.79527 -0.0546228 1.62794 -0.000447024 0.00131167 -0.00136464
51.5687 4.79709 -0.0546108 1.62809 -0.000464096 0.00168064 -0.00136423
51.587 4.7988 -0.054597 1.62823 -0.000473172 0.00176863 -0.00136237
51.6071 4.8004 -0.0545818 1.62837 -0.00040203 0.00119387 -0.00136251
51.6301 4.80192 -0.0545646 1.62851 -0.000381961 0.00162805 -0.00136285
51.6476 4.80333 -0.0545456 1.62865 -0.000400945 0.00157406 -0.00136134
51.668 4.80464 -0.054525 1.62878 -0.000396798 0.00137813 -0.00136114
51.6879 4.80586 -0.0545027 1.62891 -0.000419577 0.00150678 -0.00136326
51.7077 4.807 -0.0544788 1.62902 -0.000414496 0.00153671 -0.00136484
51.7293 4.80806 -0.0544532 1.62913 -0.000435183 0.0016157 -0.00136581
51.7484 4.80903 -0.0544262 1.62922 -0.000398609 0.0013844 -0.00136488
51.7689 4.80991 -0.0543977 1.62929 -0.000355549 0.00118353 -0.00136519
51.7889 4.8107 -0.0543678 1.62936 -0.00030099 0.00102788 -0.00136488
51.8086 4.81142 -0.0543367 1.62943 -0.000253819 0.00125897 -0.00136822
51.8297 4.81203 -0.0543044 1.62948 -0.000236611 0.0012269 -0.00137098
51.849 4.81254 -0.0542712 1.62951 -0.000206671 0.000540102 -0.00137364
51.8705 4.813 -0.0542372 1.62956 -0.000187046 0.000914883 -0.00137651
51.8896 4.81338 -0.0542026 1.6296 -0.000152745 0.000934586 -0.00137978
51.9097 4.81369 -0.0541674 1.62965 -0.000120994 0.000721709 -0.00138317
51.9301 4.81394 -0.0541315 1.62968 -0.000114076 0.000524003 -0.0013849
51.9502 4.81413 -0.0540953 1.62971 -0.000107879 0.000587645 -0.00138491
51.9713 4.81426 -0.0540586 1.62973 -0.000107498 0.000469044 -0.00138489
51.9905 4.81435 -0.0540217 1.62974 -8.53978e-05 0.00038035 -0.00138489
52.0105 4.81438 -0.0539845 1.62975 -5.96708e-05 0.000370141 -0.00138641
52.0327 4.81436 -0.0539469 1.62975 -7.25667e-05 0.000255111 -0.00139051
52.0513 4.81429 -0.053909 1.62974 -9.08382e-05 0.000238919 -0.00139246
52.0738 4.81417 -0.053871 1.62972 -9.06992e-05 0.00021357 -0.00139368
52.0917 4.814 -0.0538326 1.62969 -8.47817e-05 0.000139178 -0.0013946
52.112 4.81379 -0.0537941 1.62965 -6.93298e-05 -2.26125e-05 -0.00139292
52.1327 4.81353 -0.0537553 1.6296 -7.13178e-05 5.13627e-05 -0.00139417
52.1518 4.81322 -0.0537161 1.62956 -8.60803e-05 0.000176973 -0.00139514
52.1729 4.81287 -0.053677 1.62951 -5.35459e-05 3.95412e-05 -0.00139443
52.1924 4.81247 -0.0536377 1.62945 -2.78503e-05 -0.000110816 -0.00139463
52.2123 4.81203 -0.0535984 1.62939 8.57836e-06 -0.000101645 -0.00139543
52.2361 4.81155 -0.0535592 1.62933 3.63087e-05 -4.52638e-05 -0.00139619
52.2531 4.81102 -0.0535199 1.62925 2.79695e-05 -0.000122039 -0.0013974
52.2735 4.81043 -0.0534814 1.62917 0.00011552 -0.000931537 -0.00139682
52.294 4.80987 -0.0534427 1.6291 8.92643e-05 -0.000452433 -0.00139506
52.3136 4.80931 -0.0534044 1.62905 4.88141e-05 1.72453e-05 -0.0013935
52.3355 4.80877 -0.0533667 1.62903 4.28104e-05 -0.000203683 -0.00139238
52.3544 4.80824 -0.0533293 1.62903 3.85566e-05 -0.000439356 -0.00139353
52.3764 4.80772 -0.0532921 1.62903 2.22334e-05 -0.000523084 -0.0013939
52.3946 4.80722 -0.053255 1.62903 -1.13644e-05 -0.000526918 -0.00139353
52.4147 4.80672 -0.053218 1.62903 -2.92833e-05 -0.000568193 -0.00139299
52.439 4.80623 -0.0531812 1.62903 -2.92077e-05 -0.000761829 -0.0013928
52.4548 4.80576 -0.0531443 1.62903 -5.6905e-05 -0.000664739 -0.00139099
52.4778 4.8053 -0.0531074 1.62902 -6.67139e-05 -0.000690509 -0.0013903
52.4957 4.80485 -0.0530703 1.62901 -6.98531e-05 -0.000741821 -0.00138968
52.5152 4.80441 -0.0530332 1.629 -7.37159e-05 -0.000762107 -0.00138907
52.5382 4.80398 -0.0529959 1.62899 -5.76409e-05 -0.000741433 -0.00139168
52.5561 4.80356 -0.0529587 1.62897 -2.19296e-05 -0.000719353 -0.00139278
52.5763 4.80315 -0.0529217 1.62895 3.28378e-05 -0.000709055 -0.00139341
52.596 4.80276 -0.052885 1.62893 9.48235e-05 -0.000693333 -0.00139404
52.6159 4.80237 -0.0528488 1.62891 0.000157202 -0.000665226 -0.00139424
52.6384 4.80199 -0.0528133 1.62888 0.000216966 -0.000637355 -0.0013945
52.6567 4.80162 -0.0527788 1.62885 0.000267379 -0.000623458 -0.00139475
52.6782 4.80127 -0.0527454 1.62882 0.000313595 -0.000614444 -0.001394
52.6966 4.80092 -0.0527133 1.62879 0.000353279 -0.00061375 -0.00139384
52.7171 4.80059 -0.0526827 1.62875 0.000390184 -0.000614039 -0.00139492
52.741 4.80026 -0.0526537 1.62871 0.00042421 -0.000606265 -0.00139581
52.7574 4.79995 -0.0526265 1.62866 0.000449954 -0.000586166 -0.00139619
52.7798 4.79965 -0.052601 1.62862 0.000453497 -0.000499333 -0.00139645
52.7981 4.79935 -0.0525772 1.62857 0.000448271 -0.000654075 -0.00139716
52.8182 4.79906 -0.0525554 1.62853 0.00045266 -0.000530428 -0.00139798
52.8388 4.79878 -0.0525356 1.62849 0.000470447 -0.000498641 -0.00139967
52.8585 4.7985 -0.0525176 1.62846 0.000490749 -0.000623442 -0.00140137
52.8796 4.79823 -0.0525016 1.62842 0.000504607 -0.000556762 -0.00140226
52.8988 4.79798 -0.0524877 1.62839 0.000522231 -0.00042023 -0.00140301
52.9189 4.79773 -0.0524762 1.62835 0.000593224 -0.000448057 -0.00140395
52.941 4.79749 -0.0524672 1.62831 0.000689918 -0.000476555 -0.00140386
52.9598 4.79725 -0.0524611 1.62828 0.000803055 -0.000423879 -0.00140219
52.9802 4.79701 -0.0524582 1.62825 0.000920447 -0.000440761 -0.00140163
52.9994 4.79678 -0.0524589 1.62822 0.00104228 -0.000524648 -0.00140276
53.0199 4.79656 -0.0524636 1.62819 0.00114015 -0.000455046 -0.00140353
53.041 4.79635 -0.0524727 1.62816 0.00122756 -0.000329788 -0.00140401
53.0599 4.79614 -0.0524865 1.62813 0.00129593 -0.000394976 -0.00140438
53.0815 4.79593 -0.0525052 1.62811 0.00134941 -0.000509539 -0.00140521
53.1004 4.79573 -0.0525291 1.62809 0.00139534 -0.000382586 -0.00140661
53.1206 4.79554 -0.0525584 1.62807 0.00143193 -0.000461228 -0.00140644
53.1415 4.79535 -0.0525931 1.62805 0.00145348 -0.000343207 -0.00140572
53.1609 4.79517 -0.0526334 1.62804 0.0014766 -0.000396087 -0.00140545
53.1827 4.795 -0.0526794 1.62803 0.00150302 -0.000273937 -0.00140395
53.2015 4.79483 -0.0527313 1.62803 0.00154504 -0.000309607 -0.00140344
53.2215 4.79466 -0.0527889 1.62803 0.00156559 -0.000345462 -0.00140343
53.2437 4.7945 -0.0528524 1.62803 0.0015797 -0.000326787 -0.00140342
53.262 4.79434 -0.0529219 1.62803 0.00159375 -0.000360118 -0.00140254
53.2827 4.79419 -0.0529976 1.62803 0.00163615 -0.000268436 -0.00140224
53.3022 4.79405 -0.0530794 1.62803 0.00167096 -0.000309364 -0.0014017
53.3225 4.7939 -0.0531674 1.62803 0.0016913 -0.000314769 -0.00140112
53.3456 4.79376 -0.0532618 1.62803 0.00171096 -0.000286055 -0.00140168
53.3628 4.79363 -0.0533625 1.62803 0.00171862 -0.000332167 -0.00140135
53.3844 4.7935 -0.0534697 1.62803 0.0017403 -0.000263406 -0.00140107
53.4031 4.79338 -0.0535832 1.62803 0.00173931 -0.00024279 -0.00140015
53.4235 4.79326 -0.0537031 1.62802 0.00173488 -0.000246983 -0.00139994
53.4467 4.79314 -0.0538295 1.62802 0.0017347 -0.000239593 -0.00139991
53.4636 4.79303 -0.0539623 1.62801 0.00173613 -0.000217965 -0.00139878
53.4855 4.79292 -0.0541014 1.62801 0.00172269 -0.000204278 -0.00139785
53.5041 4.79281 -0.0542467 1.628 0.00169899 -0.00019348 -0.00139609
53.5241 4.79271 -0.0543982 1.62799 0.00167831 -0.000166775 -0.0013942
53.5452 4.79261 -0.0545558 1.62798 0.0016546 -0.000143007 -0.00139245
53.5649 4.79252 -0.0547193 1.62797 0.00161933 -0.000140079 -0.0013923
53.5852 4.79242 -0.0548886 1.62795 0.00159458 -0.000126165 -0.00139215
53.6049 4.79234 -0.0550637 1.62794 0.00158063 -0.000101989 -0.00139204
53.6252 4.79225 -0.0552443 1.62792 0.00155145 -9.09296e-05 -0.00139162
53.6463 4.79217 -0.0554304 1.62791 0.00151459 -7.58025e-05 -0.00139052
53.6657 4.7921 -0.055622 1.62789 0.00150573 -4.45993e-05 -0.00139012
53.6858 4.79203 -0.055819 1.62788 0.00151614 -4.18958e-05 -0.00138999
53.7061 4.79196 -0.0560213 1.62787 0.00152797 -4.76373e-05 -0.00138908
53.7262 4.7919 -0.056229 1.62786 0.00154262 -4.2153e-05 -0.00138824
53.7472 4.79184 -0.056442 1.62785 0.00154174 -4.806e-05 -0.00138784
53.7666 4.79178 -0.0566602 1.62784 0.0015299 -5.58442e-05 -0.00138795
53.7879 4.79173 -0.0568836 1.62783 0.00150639 -6.62244e-05 -0.0013901
53.8071 4.79168 -0.0571124 1.62782 0.00150073 -7.44644e-05 -0.00138894
53.827 4.79164 -0.0573463 1.62781 0.00149654 -9.28118e-05 -0.00138863
53.8482 4.7916 -0.0575853 1.6278 0.00148347 -0.000118282 -0.00138873
53.8678 4.79156 -0.0578293 1.6278 0.00148587 -0.000107768 -0.001389
53.892 4.79153 -0.0580786 1.62779 0.00150444 -8.31664e-05 -0.00138938
53.9082 4.7915 -0.058333 1.62779 0.00153639 -8.12612e-05 -0.00139161
53.9285 4.79148 -0.0585932 1.62778 0.00167881 -9.73593e-05 -0.00139387
53.9513 4.79146 -0.0588602 1.62778 0.00197086 -9.52801e-05 -0.00139568
53.9688 4.79144 -0.0591343 1.62778 0.00231684 -8.98569e-05 -0.00139296
53.99 4.79143 -0.0594165 1.62779 0.00262873 -0.000104785 -0.00139206
54.0089 4.79142 -0.0597079 1.62779 0.00291655 -0.000135167 -0.00139304
54.03 4.79141 -0.0600096 1.6278 0.00315447 -0.000175004 -0.00139308
54.0499 4.79141 -0.0603223 1.6278 0.0033389 -0.000199651 -0.00139355
54.0695 4.79141 -0.0606469 1.6278 0.00348867 -0.000231769 -0.00139301
54.0923 4.79141 -0.060984 1.62781 0.00361385 -0.000262768 -0.00139196
54.1101 4.79142 -0.0613341 1.62781 0.0037229 -0.000277366 -0.00139188
54.1302 4.79142 -0.0616975 1.62781 0.0038127 -0.000297214 -0.00139088
54.1539 4.79144 -0.0620745 1.62782 0.00386933 -0.000324348 -0.0013908
54.1706 4.79145 -0.0624653 1.62782 0.00390547 -0.000329179 -0.00139166
54.1937 4.79147 -0.0628701 1.62782 0.00393805 -0.000310843 -0.00139247
54.211 4.79149 -0.063289 1.62782 0.00395847 -0.000290468 -0.00139324
54.2316 4.79151 -0.0637219 1.62782 0.00396563 -0.000284493 -0.00139272
54.2552 4.79154 -0.0641691 1.62783 0.00399273 -0.000266502 -0.00139269
54.2716 4.79157 -0.0646307 1.62783 0.00404819 -0.00022385 -0.00139317
54.2923 4.7916 -0.0651066 1.62784 0.00410915 -0.000185883 -0.00139395
54.3118 4.79163 -0.0655971 1.62784 0.00415038 -0.000161808 -0.00139495
54.3319 4.79167 -0.0661021 1.62785 0.00417588 -0.000146804 -0.00139522
54.356 4.79171 -0.0666217 1.62785 0.00418792 -0.000137458 -0.00139406
54.3735 4.79176 -0.0671561 1.62786 0.00420296 -0.000141024 -0.00139373
54.3942 4.79181 -0.0677052 1.62787 0.00420854 -0.000161973 -0.00139441
54.4143 4.79186 -0.0682689 1.62787 0.00420419 -0.000175446 -0.00139464
54.434 4.79191 -0.0688472 1.62788 0.004186 -0.000191808 -0.00139563
54.458 4.79197 -0.0694399 1.62788 0.00414699 -0.000222522 -0.00139629
54.4742 4.79203 -0.070047 1.62789 0.00412261 -0.000238839 -0.00139589
54.4964 4.79209 -0.0706686 1.6279 0.00415224 -0.000221416 -0.00139825
54.5146 4.79216 -0.0713047 1.62791 0.00420291 -0.000191614 -0.00140019
54.5348 4.79223 -0.071955 1.62792 0.0042433 -0.000174115 -0.00140195
54.5586 4.7923 -0.0726198 1.62793 0.00426432 -0.000173148 -0.00140169
54.5752 4.79238 -0.0732991 1.62794 0.00427373 -0.000166046 -0.00140023
54.5978 4.79246 -0.0739929 1.62795 0.00426754 -0.00015519 -0.00140062
54.6152 4.79254 -0.0747012 1.62796 0.00428442 -0.000155943 -0.00140226
54.6359 4.79262 -0.0754244 1.62798 0.00435117 -0.000150357 -0.00140239
54.659 4.79271 -0.0761625 1.62799 0.00445449 -0.000143436 -0.00140379
54.6762 4.7928 -0.0769157 1.62801 0.00456233 -0.000152807 -0.001406
54.6967 4.7929 -0.0776843 1.62803 0.00465538 -0.000184303 -0.00140863
54.7167 4.79299 -0.0784685 1.62805 0.00473065 -0.000227859 -0.0014054
54.7366 4.79309 -0.0792685 1.62807 0.00475903 -0.000237883 -0.00140733
54.7579 4.7932 -0.0800842 1.62809 0.00473359 -0.000233568 -0.00140935
54.7767 4.7933 -0.0809159 1.62812 0.0047297 -0.000214388 -0.00140923
54.7978 4.79341 -0.0817631 1.62815 0.0046565 -0.000184431 -0.00140957
54.8176 4.79352 -0.0826253 1.62818 0.00449408 -0.000161084 -0.00140906
54.8375 4.79364 -0.083502 1.6282 0.00428362 -0.000138801 -0.00140763
54.8594 4.79375 -0.0843925 1.62823 0.004053 -0.000121589 -0.00140727
54.8778 4.79387 -0.0852958 1.62826 0.0038002 -0.000120907 -0.00140847
54.8992 4.794 -0.0862111 1.62829 0.00354868 -0.00011671 -0.00141025
54.9179 4.79412 -0.0871376 1.62832 0.00334216 -0.000132381 -0.00141123
54.9382 4.79425 -0.0880752 1.62834 0.00331674 -0.000124588 -0.00141301
54.9602 4.79438 -0.0890244 1.62838 0.00354874 3.00692e-05 -0.00141434
54.9787 4.7945 -0.0899859 1.62841 0.00401745 2.74449e-05 -0.00141503
55.0005 4.79462 -0.09096 1.62845 0.00447188 -3.05827e-05 -0.00141512
55.019 4.79474 -0.091948 1.6285 0.00483744 -1.70855e-05 -0.0014141
55.04 4.79486 -0.0929513 1.62854 0.005128 4.24192e-05 -0.00141498
55.061 4.79497 -0.0939711 1.62858 0.00536043 2.77493e-05 -0.00141619
55.0796 4.79507 -0.0950083 1.62861 0.00554091 -0.000144427 -0.00141921
55.1017 4.79519 -0.0960633 1.62865 0.00563151 8.34646e-06 -0.00141822
55.1199 4.79529 -0.0971366 1.6287 0.00566572 6.83973e-05 -0.00141659
55.1401 4.79539 -0.0982285 1.62874 0.00566503 5.11006e-06 -0.00141718
55.1624 4.79549 -0.0993388 1.62879 0.00562591 -0.000103565 -0.00141766
55.1807 4.79559 -0.100467 1.62883 0.00555053 3.1561e-05 -0.00141796
55.2015 4.79569 -0.101614 1.62888 0.00543273 6.03253e-05 -0.00141863
55.2212 4.79578 -0.102778 1.62892 0.00531902 -1.56657e-05 -0.00141791
55.2412 4.79587 -0.103959 1.62896 0.00522594 4.97611e-05 -0.00141903
55.2632 4.79596 -0.105157 1.629 0.00513629 -6.13058e-05 -0.00142135
55.2815 4.79605 -0.106371 1.62904 0.00502429 0.000111439 -0.00142174
55.3031 4.79614 -0.1076 1.62908 0.00491748 8.78292e-05 -0.0014232
55.3221 4.79623 -0.108846 1.62912 0.00486063 7.14386e-05 -0.00142304
55.3423 4.79631 -0.110106 1.62917 0.00488201 0.000108725 -0.00142534
55.3632 4.79639 -0.111382 1.62921 0.00491931 8.11332e-05 -0.00142899
55.3823 4.79647 -0.112673 1.62926 0.00489963 2.75561e-05 -0.00143067
55.4046 4.79654 -0.113978 1.6293 0.00480596 8.82075e-05 -0.00143006
55.4233 4.79661 -0.115298 1.62934 0.00471602 5.23171e-05 -0.00143229
55.4432 4.79668 -0.116632 1.62938 0.00461402 -2.07235e-05 -0.00143608
55.4652 4.79675 -0.11798 1.62941 0.00452643 3.1886e-05 -0.00143715
55.4834 4.79681 -0.119342 1.62944 0.00446366 -0.00013953 -0.00143769
55.5039 4.79688 -0.120716 1.62947 0.00434321 -7.46859e-06 -0.00143842
55.524 4.79694 -0.122102 1.6295 0.00418146 -8.61545e-05 -0.00143787
55.5436 4.79701 -0.1235 1.62954 0.00396824 6.37337e-05 -0.00143726
55.5669 4.79707 -0.124909 1.62958 0.00372863 0.000139742 -0.00143592
55.5842 4.79713 -0.126328 1.62961 0.00349013 8.21111e-05 -0.00143491
55.6066 4.79718 -0.127756 1.62965 0.00327488 3.03381e-05 -0.00143611
55.6246 4.79724 -0.129193 1.62969 0.00313635 7.10085e-05 -0.00143818
55.645 4.79729 -0.130638 1.62972 0.0030336 3.34992e-05 -0.00143991
55.6668 4.79734 -0.13209 1.62975 0.00296471 -3.44506e-06 -0.00143993
55.685 4.79738 -0.133549 1.62977 0.0029169 4.5386e-06 -0.00144043
55.7079 4.79742 -0.135015 1.62979 0.00288629 -0.000112082 -0.00144122
55.7259 4.79747 -0.136487 1.62981 0.00278696 4.58518e-05 -0.00143993
55.7458 4.79751 -0.137966 1.62984 0.00277347 0.000123214 -0.00143965
55.7692 4.79755 -0.139452 1.62987 0.00296193 -2.94613e-05 -0.00144071
55.7859 4.79759 -0.140945 1.62989 0.0032036 -0.000180505 -0.00144251
55.8099 4.79763 -0.142446 1.62992 0.00343968 -0.000110326 -0.00144619
55.8263 4.79767 -0.143955 1.62994 0.00360025 -0.000167082 -0.00144999
55.8465 4.79769 -0.145473 1.62996 0.00371924 -0.000269132 -0.00144995
55.869 4.79773 -0.147001 1.62998 0.00380641 -6.48401e-05 -0.00144981
55.887 4.79775 -0.148539 1.63 0.00389909 -0.000127655 -0.0014502
55.9081 4.79779 -0.150087 1.63002 0.00399896 -0.000124491 -0.00145166
55.9274 4.79781 -0.151645 1.63005 0.00408027 -0.000184003 -0.0014502
55.9473 4.79784 -0.153215 1.63007 0.00426048 -0.000224515 -0.00145109
55.9724 4.79786 -0.154799 1.63009 0.00469247 -0.000194641 -0.00145158
55.9877 4.79787 -0.156396 1.63012 0.00527328 -0.000171449 -0.00145148
56.0087 4.79788 -0.158009 1.63014 0.0058158 -0.000165608 -0.00144969
56.0286 4.79789 -0.159639 1.63017 0.00630639 -0.000122958 -0.00144881
56.0489 4.79789 -0.161288 1.63019 0.00674663 -9.73413e-05 -0.00144858
56.072 4.79788 -0.162958 1.63021 0.0071372 -9.35341e-05 -0.00144977
56.0888 4.79788 -0.164651 1.63022 0.00749501 -7.03019e-05 -0.00144827
56.1112 4.79786 -0.166367 1.63023 0.00782312 -0.000122471 -0.00144774
56.1296 4.79785 -0.168108 1.63024 0.00812442 -0.000135698 -0.00144671
56.1494 4.79785 -0.169875 1.63025 0.00831537 6.96684e-06 -0.00144635
56.1731 4.79784 -0.171668 1.63026 0.00846476 1.42325e-05 -0.00144805
56.1903 4.79782 -0.173489 1.63027 0.0086172 -0.000164543 -0.00144961
56.2117 4.79781 -0.175337 1.63028 0.00870022 -1.82037e-06 -0.00145022
56.2301 4.79779 -0.177213 1.63029 0.00873622 1.01822e-05 -0.00145001
56.2503 4.79777 -0.179117 1.6303 0.0087436 -6.62158e-05 -0.00145152
56.2716 4.79774 -0.181049 1.63032 0.00874458 -7.6129e-05 -0.00145077
56.2907 4.79771 -0.183009 1.63033 0.00874027 -0.000149974 -0.00145034
56.3113 4.79769 -0.184997 1.63034 0.00872266 -8.32978e-06 -0.00144965
56.3309 4.79766 -0.187012 1.63035 0.00870405 -1.88937e-05 -0.00144975
56.3515 4.79762 -0.189055 1.63036 0.00867018 -9.33461e-05 -0.00145085
56.3727 4.79758 -0.191126 1.63038 0.00866823 -0.000186322 -0.0014508
56.3913 4.79755 -0.193224 1.63039 0.0086401 -2.86875e-05 -0.00144938
56.4131 4.79751 -0.195348 1.63041 0.00853681 3.08979e-06 -0.00144901
56.4318 4.79747 -0.197499 1.63042 0.00839817 -1.63416e-05 -0.00145004
56.4517 4.79743 -0.199675 1.63043 0.00818991 -0.000170568 -0.00145526
56.4744 4.79739 -0.201876 1.63045 0.00792812 -5.87096e-05 -0.00145418
56.4927 4.79734 -0.204101 1.63047 0.00774988 -0.000177676 -0.0014554
56.5129 4.7973 -0.206351 1.63048 0.00769139 -0.000198623 -0.00145807
56.5325 4.79725 -0.208622 1.6305 0.00759737 -0.000142358 -0.00146268
56.5526 4.79721 -0.210916 1.63052 0.00746934 -0.000185719 -0.00146451
56.5765 4.79717 -0.213232 1.63054 0.00726431 -6.10359e-05 -0.00146317
56.5933 4.79713 -0.215568 1.63056 0.00698555 -0.000185185 -0.00146305
56.6144 4.79709 -0.217924 1.63058 0.00666747 -7.13793e-05 -0.00146341
56.634 4.79705 -0.220298 1.6306 0.00636641 -7.92712e-05 -0.00146383
56.6544 4.79701 -0.222689 1.63061 0.0061058 -9.05116e-05 -0.00146592
56.6783 4.79696 -0.225097 1.63063 0.0058786 -4.27986e-05 -0.00146782
56.6948 4.79691 -0.227521 1.63064 0.00570258 -7.94873e-05 -0.00147003
56.7154 4.79686 -0.229959 1.63066 0.00559551 -0.000182408 -0.00146625
56.7355 4.79681 -0.232412 1.63066 0.00552355 -2.69755e-05 -0.00146726
56.7555 4.79675 -0.234879 1.63067 0.00548487 -0.000114563 -0.00146817
56.7769 4.79671 -0.237359 1.63068 0.00547141 -3.99745e-05 -0.00146893
56.7959 4.79665 -0.239852 1.63069 0.00544555 -7.85539e-05 -0.00147064
56.8172 4.7966 -0.242359 1.63069 0.00535309 -8.52002e-05 -0.00146767
56.8369 4.79655 -0.244878 1.6307 0.00523298 -5.24845e-05 -0.00146593
56.8566 4.79648 -0.24741 1.6307 0.00512531 -0.000154823 -0.00146578
56.8778 4.79643 -0.249953 1.6307 0.00506207 -6.83493e-05 -0.00146673
56.8968 4.79637 -0.252509 1.6307 0.00506855 -0.000163449 -0.00146871
56.918 4.79631 -0.255077 1.63071 0.00511384 -5.73661e-05 -0.00146856
56.937 4.79625 -0.257656 1.63072 0.00504552 -6.18538e-05 -0.00146706
56.9575 4.79618 -0.260247 1.63073 0.00514702 -8.82923e-05 -0.00147016
56.9797 4.79611 -0.262852 1.63075 0.00560091 -8.8746e-05 -0.00147302
56.9975 4.79603 -0.265472 1.63077 0.00626125 -0.000186791 -0.00147124
57.0184 4.79596 -0.268108 1.63079 0.00694632 -4.26408e-05 -0.00147249
57.0378 4.79588 -0.270764 1.63081 0.00766339 -8.11351e-05 -0.00147508
57.0579 4.7958 -0.27344 1.63083 0.00841421 -9.74014e-05 -0.0014762
57.0823 4.79571 -0.276142 1.63085 0.0091385 -9.33465e-05 -0.0014757
57.0988 4.79562 -0.27887 1.63086 0.00985565 -9.47326e-05 -0.00148005
57.1219 4.79553 -0.281627 1.63087 0.0105262 -9.90526e-05 -0.00147644
57.1391 4.79543 -0.284417 1.63088 0.0110852 -0.000146777 -0.00147458
57.1589 4.79533 -0.28724 1.63088 0.0115734 -2.03616e-05 -0.00147654
57.1836 4.79523 -0.290099 1.63088 0.0120003 -6.59415e-05 -0.00148059
57.1995 4.79513 -0.292996 1.63088 0.0123567 -0.000139126 -0.00148442
57.2199 4.79502 -0.295931 1.63088 0.0126659 -0.000243737 -0.00148971
57.2397 4.79491 -0.298907 1.63087 0.0129051 -0.000102019 -0.00149111
57.2602 4.7948 -0.301922 1.63087 0.0130772 -2.16127e-05 -0.00149207
57.2802 4.79469 -0.304979 1.63087 0.0132233 -5.75415e-05 -0.00149265
57.2998 4.79457 -0.308078 1.63086 0.0133074 -0.000109911 -0.00149526
57.3204 4.79446 -0.311218 1.63085 0.0133443 -1.06662e-05 -0.0014949
57.3406 4.79434 -0.3144 1.63085 0.013351 -0.000175351 -0.00149704
57.3606 4.79422 -0.317624 1.63084 0.0133 -0.000110925 -0.0014923
57.3825 4.79411 -0.32089 1.63084 0.0131901 -4.52463e-05 -0.00149107
57.4012 4.79399 -0.324196 1.63083 0.0130593 -5.75436e-05 -0.00149153
57.4243 4.79386 -0.327543 1.63083 0.0129174 -0.000125328 -0.00149111
57.4418 4.79374 -0.330929 1.63082 0.0127759 -6.74111e-06 -0.00148633
57.4616 4.79362 -0.334355 1.63082 0.0126404 -0.000183892 -0.00148701
57.4828 4.79351 -0.337819 1.63081 0.0124717 -8.01142e-05 -0.00148606
57.5027 4.79339 -0.34132 1.63081 0.0122717 -0.000142745 -0.00148492
57.5238 4.79327 -0.344858 1.63081 0.012055 2.69937e-05 -0.00148316
57.5426 4.79315 -0.348432 1.63082 0.0118205 -4.81475e-05 -0.00148643
57.5626 4.79304 -0.35204 1.63082 0.011608 5.30746e-05 -0.00148747
57.5844 4.79292 -0.355683 1.63083 0.0114281 -4.55141e-05 -0.00149021
57.6027 4.7928 -0.359358 1.63083 0.0112222 -0.000168202 -0.00149213
57.6234 4.79268 -0.363065 1.63084 0.0109185 -3.22589e-05 -0.00149302
57.643 4.79257 -0.366803 1.63084 0.0106159 -0.000132337 -0.00149661
57.6633 4.79245 -0.37057 1.63085 0.0102819 -5.00867e-05 -0.0014964
57.6861 4.79234 -0.374365 1.63086 0.00998351 -0.000134007 -0.00150095
57.7034 4.79222 -0.378188 1.63087 0.00968827 -0.000159782 -0.00149961
57.7261 4.79209 -0.382035 1.63088 0.00942183 -0.000160788 -0.0015023
57.7439 4.79197 -0.385908 1.63088 0.00918826 -0.000161808 -0.00150112
57.764 4.79167 -0.389182 1.63079 0.00879087 7.61701e-05 -0.000799934
57.7849 4.79087 -0.389226 1.63017 0.0080097 -0.00100804 0.000579903
57.8049 4.79026 -0.389065 1.62975 0.008382 0.00129402 0.00117615
57.8262 4.78971 -0.388819 1.62968 0.00991097 0.00400759 0.00165685
57.846 4.78924 -0.3885 1.62987 0.0121826 0.0056828 0.00217064
57.8663 4.78885 -0.388124 1.63024 0.0150791 0.00652253 0.0027008
57.8881 4.78852 -0.387733 1.63072 0.0184697 0.00731522 0.0030894
57.9078 4.78824 -0.387347 1.63127 0.0217055 0.00694767 0.003582
57.9299 4.78797 -0.387009 1.63182 0.0244758 0.00613024 0.00406415
57.9483 4.78774 -0.386735 1.63237 0.0266065 0.00534971 0.00451731
57.9683 4.78755 -0.386523 1.63294 0.0283216 0.00525792 0.00484881
57.9895 4.7874 -0.386353 1.63357 0.0297696 0.00536123 0.0050928
58.0086 4.78727 -0.386239 1.63423 0.0306442 0.00492209 0.0052924
58.0296 4.78716 -0.386223 1.6349 0.0303132 0.00371869 0.00546893
58.0488 4.78709 -0.386306 1.63554 0.0288817 0.00270286 0.00562454
58.0687 4.78704 -0.386444 1.63611 0.0270635 0.00164917 0.0056735
58.1901 4.78703 -0.386603 1.63659 0.0252957 0.000795172 0.00560278
58.2727 4.78704 -0.386784 1.63699 0.0235265 -0.000170309 0.00543494
58.2931 4.78709 -0.386973 1.6373 0.0218898 -0.000826077 0.00517762
58.3127 4.78716 -0.387169 1.63753 0.0203508 -0.00134221 0.00484593
58.3334 4.78726 -0.387368 1.63769 0.0189925 -0.00188864 0.00443164
58.3533 4.78739 -0.387564 1.63777 0.0178325 -0.00223869 0.00395038
58.3736 4.78755 -0.387759 1.6378 0.0168223 -0.0024593 0.00341409
58.3955 4.78774 -0.387956 1.63778 0.0158792 -0.00270377 0.00283895
58.414 4.78796 -0.388156 1.63771 0.0149856 -0.00272785 0.00223236
58.4341 4.7882 -0.388359 1.6376 0.0141247 -0.0028647 0.00159824
58.4549 4.78849 -0.388566 1.63746 0.0132477 -0.00288696 0.000951828
58.4741 4.78881 -0.388773 1.6373 0.012429 -0.00274435 0.000290152
58.4974 4.78913 -0.388847 1.63709 0.0118308 -0.00256487 -0.000150693
58.515 4.78945 -0.38884 1.63685 0.0112798 -0.00230364 -0.000436805
58.5353 4.78979 -0.388837 1.6366 0.0107777 -0.00215969 -0.000682693
58.5572 4.79016 -0.388837 1.63636 0.0103273 -0.00207175 -0.000888832
58.5758 4.79056 -0.388845 1.63612 0.00991058 -0.00199294 -0.00104277
58.5965 4.79099 -0.388861 1.63588 0.0094935 -0.00196782 -0.0011525
58.6155 4.79147 -0.388892 1.63562 0.00902214 -0.00190363 -0.00121567
58.6356 4.79201 -0.388938 1.63534 0.00847524 -0.00164554 -0.00124598
58.659 4.79257 -0.38899 1.63503 0.00793427 -0.00182535 -0.00123549
58.6761 4.79319 -0.38905 1.6347 0.00737028 -0.00175209 -0.0012018
58.6969 4.79384 -0.389115 1.63437 0.00681108 -0.0017755 -0.00114011
58.7167 4.79455 -0.389186 1.63403 0.00623085 -0.001672 -0.00106391
58.7366 4.79529 -0.389257 1.63369 0.00570516 -0.00189483 -0.000955373
58.7575 4.79609 -0.389333 1.63334 0.00513669 -0.00175526 -0.000847197
58.7767 4.79694 -0.389409 1.63301 0.00457559 -0.00179635 -0.000739385
58.7997 4.79784 -0.389479 1.63269 0.00411448 -0.00185802 -0.000611033
58.8172 4.79879 -0.389548 1.63238 0.00362284 -0.00186592 -0.000505015
58.8374 4.79979 -0.389613 1.6321 0.00317674 -0.00191637 -0.000393614
58.8582 4.80084 -0.389674 1.63183 0.00275431 -0.0019834 -0.000293193
58.8778 4.80194 -0.389731 1.63157 0.0023594 -0.0022224 -0.000200892
58.8981 4.80311 -0.389781 1.63133 0.00201369 -0.00221341 -0.00011763
58.9179 4.80436 -0.389824 1.63111 0.00170423 -0.0020808 -5.3474e-05
58.938 4.80567 -0.389861 1.63091 0.00140684 -0.00214612 -1.63156e-05
58.9594 4.80704 -0.389887 1.63073 0.00114205 -0.00230199 -1.5564e-05
58.9786 4.80847 -0.389908 1.63057 0.000928016 -0.00231078 -1.49123e-05
58.9999 4.80997 -0.389923 1.63042 0.000764508 -0.00222344 -2.03864e-05
59.0188 4.81153 -0.389932 1.63029 0.000677277 -0.00229503 -1.62261e-05
59.0393 4.81316 -0.389937 1.63017 0.000627463 -0.00203827 -1.37665e-05
59.0607 4.81486 -0.38994 1.63007 0.000579015 -0.00207052 -2.11299e-05
59.0792 4.81663 -0.389942 1.62998 0.000560918 -0.00202751 -2.00061e-05
59.1019 4.81848 -0.389944 1.6299 0.000557798 -0.00192601 -1.1809e-05
59.1199 4.82035 -0.38993 1.62981 0.0007537 -0.00405415 1.87784e-05
59.1399 4.82241 -0.389851 1.62975 0.000766958 -0.00281243 0.000147901
59.1622 4.8247 -0.389775 1.62979 0.000670619 -0.000390505 0.000262862
59.1824 4.82717 -0.389702 1.6299 0.000669092 -0.000820434 0.000370931
59.2021 4.82981 -0.389632 1.63006 0.000705855 -0.00174854 0.000479031
59.2214 4.83265 -0.389565 1.63024 0.000667081 -0.00188375 0.000596249
59.2415 4.83568 -0.389501 1.63042 0.000634224 -0.00198038 0.000715576
59.2642 4.8389 -0.389438 1.6306 0.000485464 -0.00204792 0.000840754
59.2818 4.84233 -0.389377 1.63078 0.000354663 -0.00213758 0.000964388
59.3024 4.84593 -0.389318 1.63095 0.000215065 -0.00257898 0.00109217
59.322 4.84974 -0.38926 1.63112 1.31366e-05 -0.00211987 0.00121947
59.3424 4.85373 -0.389201 1.63129 -0.000132566 -0.00265531 0.00134609
59.3645 4.85794 -0.389142 1.63145 -0.000341928 -0.00236286 0.00147133
59.3825 4.86232 -0.389081 1.6316 -0.000561833 -0.00237119 0.00159766
59.4056 4.86693 -0.389017 1.63175 -0.000744757 -0.00205507 0.00172104
59.4233 4.8717 -0.388951 1.63189 -0.000904096 -0.00269486 0.0018469
59.443 4.87669 -0.388882 1.63202 -0.00102248 -0.00255781 0.00196844
59.4648 4.88185 -0.388808 1.63215 -0.0012017 -0.00249094 0.00208972
59.4835 4.88721 -0.388729 1.63227 -0.00137077 -0.0024908 0.00221103
59.5059 4.89276 -0.388644 1.63239 -0.00149271 -0.0030176 0.00232853
59.5243 4.89856 -0.388553 1.63252 -0.00170807 -0.0019269 0.00244308
59.5441 4.90452 -0.388456 1.63265 -0.00182083 -0.00260539 0.00255287
59.5654 4.91069 -0.388351 1.63279 -0.00191311 -0.00249447 0.00265377
59.5847 4.91705 -0.388239 1.63294 -0.0020084 -0.00256943 0.00275459
59.6055 4.92362 -0.388119 1.63309 -0.00206721 -0.00281615 0.00285294
59.6246 4.9304 -0.38799 1.63323 -0.00208096 -0.00338803 0.00294916
59.6448 4.93743 -0.387852 1.63338 -0.00223566 -0.00217211 0.00304483
59.6665 4.9446 -0.387706 1.63354 -0.0023375 -0.00293307 0.00313825
59.6856 4.95197 -0.38755 1.63371 -0.00246018 -0.00215695 0.0032217
59.7069 4.95947 -0.387384 1.63388 -0.00250659 -0.00272817 0.00330694
59.7264 4.96714 -0.38721 1.63405 -0.00243311 -0.00323176 0.00337903
59.7459 4.97496 -0.387025 1.63421 -0.00244917 -0.00394718 0.00345767
59.7678 4.98307 -0.38683 1.63439 -0.00252573 -0.00152725 0.00352009
59.786 4.99127 -0.386625 1.63459 -0.00266954 -0.00160496 0.00359138
59.8075 4.99961 -0.386409 1.63481 -0.00276013 -0.00168468 0.00365459
59.8262 5.00808 -0.386183 1.63503 -0.00277744 -0.00125444 0.00371056
59.8468 5.01665 -0.385947 1.63523 -0.0027691 -0.00102481 0.0037631
59.8684 5.02533 -0.3857 1.63541 -0.0027589 -0.000831739 0.00380901
59.8875 5.03411 -0.385444 1.63556 -0.00269846 -0.000806062 0.00384903
59.9078 5.043 -0.385177 1.63568 -0.00263264 -0.000657141 0.00388591
59.9275 5.05197 -0.3849 1.63578 -0.00252714 -0.000895591 0.00392028
59.9479 5.06101 -0.384614 1.63585 -0.00243744 -0.00118949 0.00395359
59.9709 5.07014 -0.384318 1.63589 -0.00239127 -0.000844241 0.00398069
59.9877 5.07933 -0.384014 1.63591 -0.00235341 -0.000778209 0.00400517
60.0085 5.08861 -0.383702 1.63591 -0.00229665 -0.000567401 0.00402619
60.0286 5.09793 -0.383381 1.63588 -0.00221013 -0.000814461 0.00404337
60.0487 5.10733 -0.383052 1.63583 -0.00212776 -0.000686778 0.00405381
60.0703 5.11676 -0.382716 1.63576 -0.00206837 -0.00071436 0.00406279
60.0886 5.12625 -0.382372 1.63568 -0.00202223 -0.000474397 0.00406693
60.1117 5.13578 -0.382021 1.63557 -0.00196566 -0.000400872 0.0040683
60.1294 5.14535 -0.381663 1.63545 -0.00190393 -0.000457341 0.00406721
60.1491 5.15494 -0.381299 1.63532 -0.00187112 -0.000707981 0.00406002
60.1696 5.16463 -0.380928 1.63518 -0.00179395 -0.000362339 0.00403604
60.1898 5.17438 -0.380551 1.63503 -0.00173482 -0.000390496 0.00401108
60.2121 5.18419 -0.380167 1.63488 -0.00168649 -0.000443143 0.00398476
60.2303 5.19406 -0.379778 1.63473 -0.00166072 -0.000387947 0.00395323
60.25 5.20396 -0.379384 1.63458 -0.00161913 -0.000504093 0.00391557
60.2738 5.2139 -0.378984 1.63443 -0.00159977 -0.000567417 0.00387483
60.2906 5.22389 -0.378578 1.63427 -0.00158054 -0.000351629 0.00383001
60.3114 5.23389 -0.378168 1.63412 -0.00153335 -0.000469401 0.00378445
60.3307 5.24391 -0.377753 1.63397 -0.00149214 -0.000304557 0.00373446
60.351 5.25395 -0.377333 1.63381 -0.00144912 -0.00032019 0.00368392
60.3741 5.26399 -0.376909 1.63365 -0.00139327 -0.000301375 0.00363361
60.3912 5.27404 -0.376481 1.63349 -0.00133647 -0.000214245 0.0035766
60.4126 5.28408 -0.376048 1.63333 -0.00126975 -0.000101935 0.00351899
60.432 5.29411 -0.375612 1.63317 -0.00121475 -0.000126771 0.00345964
60.4519 5.30411 -0.375173 1.633 -0.00115961 -4.26257e-05 0.0033985
60.4741 5.31409 -0.374731 1.63284 -0.00109217 -4.20565e-05 0.00333872
60.4921 5.32403 -0.374285 1.63268 -0.00101694 7.49968e-05 0.00327572
60.5129 5.33395 -0.373837 1.63252 -0.000935455 0.000166704 0.00321667
60.5329 5.34382 -0.373388 1.63236 -0.000846962 7.92442e-05 0.00315246
60.5526 5.35366 -0.372936 1.63221 -0.000763904 0.000236724 0.00308234
60.5755 5.36345 -0.372482 1.63205 -0.000688514 0.000388886 0.00301513
60.5931 5.3732 -0.372028 1.6319 -0.000618261 0.000405667 0.00294877
60.6155 5.38287 -0.371572 1.63175 -0.000540458 0.00026031 0.00287966
60.6336 5.3925 -0.371116 1.63161 -0.000465161 0.000495782 0.00281096
60.6538 5.40205 -0.37066 1.63147 -0.000398348 0.000606476 0.00273725
60.6746 5.41153 -0.370204 1.63134 -0.00031348 0.0005391 0.00266823
60.6939 5.42092 -0.369748 1.63121 -0.000216847 0.000402188 0.00259451
60.7155 5.43023 -0.369293 1.63109 -0.000107069 0.000186793 0.00252524
60.7345 5.43949 -0.36884 1.63098 -2.56897e-05 0.00084093 0.00245538
60.7548 5.44864 -0.368387 1.6309 4.45383e-05 0.000691922 0.00238449
60.7753 5.45769 -0.367937 1.63083 0.000126443 0.000613217 0.00231228
60.7947 5.46664 -0.367488 1.63077 0.000222342 0.00046 0.00224092
60.8168 5.4755 -0.367042 1.63072 0.000321988 0.000412922 0.00216832
60.835 5.48427 -0.366599 1.63068 0.00039639 0.00030666 0.00209933
60.8552 5.49297 -0.366159 1.63064 0.000425701 0.000625146 0.0020305
60.8776 5.5016 -0.365721 1.63062 0.000406888 0.00107077 0.00196242
60.8965 5.5101 -0.365288 1.6306 0.000434493 0.000601504 0.00189274
60.9176 5.51849 -0.364857 1.63059 0.000472901 0.000476716 0.00182263
60.9369 5.52675 -0.36443 1.63059 0.000522306 0.000343301 0.00175295
60.9571 5.53493 -0.364006 1.63058 0.000566611 0.000697359 0.00168514
60.9802 5.54299 -0.363586 1.63058 0.000591686 0.000833362 0.00161772
60.9973 5.55091 -0.36317 1.63058 0.000639941 0.000330022 0.0015516
61.0182 5.55874 -0.362758 1.6306 0.00070143 0.000869805 0.00148526
61.038 5.56642 -0.36235 1.63063 0.000728439 0.00117231 0.00141849
61.0579 5.57395 -0.361947 1.63066 0.000818596 0.000723974 0.00135247
61.0793 5.58136 -0.361549 1.6307 0.000919547 0.00093691 0.00128992
61.0983 5.5886 -0.361155 1.63073 0.00102806 0.000724594 0.00122784
61.12 5.59572 -0.360767 1.63076 0.00113325 0.000877209 0.00116709
61.1388 5.60268 -0.360385 1.63079 0.00118834 0.000916059 0.00110372
61.1587 5.60948 -0.360009 1.63081 0.0012492 0.00103244 0.00103926
61.1803 5.61611 -0.359639 1.63082 0.00135164 0.000780851 0.000967121
61.1993 5.62257 -0.359275 1.63082 0.00141899 0.00101571 0.000895483
61.2199 5.62884 -0.358919 1.63082 0.00153915 0.000714252 0.000827712
61.2397 5.63496 -0.35857 1.63082 0.00162278 0.000710272 0.000753655
61.2596 5.64092 -0.358228 1.63081 0.00168346 0.00081818 0.000681953
61.2819 5.64674 -0.357894 1.63079 0.00172509 0.000977417 0.000612435
61.3 5.65239 -0.357568 1.63076 0.00171662 0.000783959 0.00053921
61.3228 5.6579 -0.357249 1.63073 0.00171118 0.00115274 0.000468273
61.3402 5.66325 -0.356938 1.63069 0.0017309 0.000827731 0.000400129
61.3608 5.66845 -0.356636 1.63065 0.00176726 0.000705471 0.000334654
61.3811 5.67351 -0.356341 1.63062 0.00176895 0.000849457 0.000266161
61.4005 5.67843 -0.356054 1.63059 0.00178708 0.000798623 0.000200699
61.4221 5.6832 -0.355775 1.63056 0.00179608 0.000651989 0.00013881
61.4411 5.68783 -0.355504 1.63053 0.00181376 0.000446853 7.96284e-05
61.461 5.69234 -0.355241 1.63051 0.00182231 0.000498648 2.10926e-05
61.4821 5.69672 -0.354985 1.63049 0.001785 0.000730595 -3.72228e-05
61.5018 5.70096 -0.354738 1.63046 0.00174826 0.00032418 -9.42765e-05
61.5225 5.70508 -0.354498 1.63043 0.00171999 0.000213361 -0.000149463
61.5417 5.70908 -0.354265 1.63041 0.00165175 0.000300947 -0.000204374
61.5617 5.71296 -0.35404 1.63039 0.00161064 0.000113357 -0.000258998
61.5847 5.71672 -0.353822 1.63037 0.00157734 1.82093e-05 -0.000310353
61.6028 5.72036 -0.353611 1.63035 0.00153699 -0.000122553 -0.00035703
61.6246 5.7239 -0.353406 1.63034 0.00148638 6.45439e-05 -0.000403152
61.6427 5.72731 -0.353207 1.63033 0.00142693 -3.32412e-05 -0.000450486
61.6629 5.73061 -0.353015 1.63033 0.00137207 -1.56701e-06 -0.000497168
61.6838 5.73382 -0.352829 1.63032 0.00131019 0.00018455 -0.000542903
61.7033 5.73689 -0.352649 1.63031 0.00126943 -0.000238248 -0.000586077
61.7241 5.73988 -0.352473 1.6303 0.00120178 -6.74916e-05 -0.000630135
61.7442 5.74275 -0.352304 1.6303 0.00115452 -0.00016151 -0.000672094
61.7636 5.74552 -0.352139 1.6303 0.00113062 -0.000342306 -0.000712021
61.785 5.7482 -0.351979 1.6303 0.00109611 -0.000189749 -0.000749528
61.8044 5.7508 -0.351824 1.63031 0.00104945 5.97144e-05 -0.000788404
61.8256 5.75328 -0.351674 1.6303 0.00103033 -0.000268432 -0.000822825
61.8447 5.75567 -0.351528 1.6303 0.00103726 -0.000385367 -0.000856538
61.8645 5.75798 -0.351387 1.6303 0.00103959 -0.00030414 -0.000887627
61.8888 5.76018 -0.35125 1.6303 0.00104062 -0.000420585 -0.000919749
61.905 5.76231 -0.351117 1.6303 0.00103906 -0.000323307 -0.00094955
61.9262 5.76434 -0.350989 1.63029 0.00103113 -0.000465036 -0.000978698
61.9455 5.76629 -0.350865 1.63029 0.00100859 -0.000388398 -0.00100631
61.9657 5.76816 -0.350746 1.63029 0.000987737 -0.000344063 -0.00103061
61.9888 5.76995 -0.350631 1.63029 0.000982603 -0.000416545 -0.00105411
62.0061 5.77166 -0.35052 1.63028 0.000999735 -0.000257817 -0.00107902
62.0265 5.77328 -0.350413 1.63027 0.000997108 -0.000357638 -0.00110417
62.0464 5.7748 -0.35031 1.63026 0.00100232 -0.000419276 -0.0011268
62.0663 5.77623 -0.350212 1.63025 0.00101107 -0.000650045 -0.00114757
62.0906 5.77761 -0.350118 1.63025 0.00102681 -0.000383175 -0.00116384
62.1071 5.77891 -0.350027 1.63024 0.00102407 -0.000473304 -0.00117954
62.1298 5.78015 -0.349942 1.63024 0.00100918 -0.000459867 -0.00119441
62.1476 5.78131 -0.34986 1.63023 0.00100242 -0.000586878 -0.00121203
62.1676 5.78242 -0.349782 1.63022 0.00098246 -0.000713823 -0.00122701
62.1911 5.78347 -0.349709 1.63021 0.00095641 -0.000640856 -0.00123667
62.2086 5.78448 -0.349639 1.63019 0.000926503 -0.000653402 -0.00125055
62.2291 5.78544 -0.349573 1.63017 0.000883078 -0.00075857 -0.00126802
62.2488 5.78635 -0.34951 1.63015 0.000818051 -0.000812809 -0.00128172
62.2691 5.78722 -0.349451 1.63013 0.000748175 -0.000959957 -0.00129186
62.291 5.78805 -0.349395 1.63011 0.000676545 -0.000855584 -0.00130097
62.3092 5.78886 -0.349341 1.63008 0.000609187 -0.000861937 -0.00131267
62.3319 5.78962 -0.349291 1.63006 0.000549603 -0.000922444 -0.00132486
62.3499 5.79036 -0.349242 1.63003 0.000487635 -0.00095013 -0.00133648
62.3697 5.79106 -0.349196 1.62999 0.00043585 -0.00101952 -0.00134579
62.391 5.79173 -0.349151 1.62995 0.000393636 -0.000998002 -0.00135388
62.41 5.79238 -0.349108 1.62992 0.000349637 -0.000976536 -0.00136184
62.4319 5.793 -0.349067 1.62988 0.000316843 -0.000950415 -0.00136925
62.4506 5.79359 -0.349027 1.62984 0.000295094 -0.000943835 -0.00137426
62.4705 5.79416 -0.348988 1.62981 0.00028101 -0.000943246 -0.00137962
62.4924 5.79471 -0.34895 1.62976 0.000269222 -0.00100232 -0.00138246
62.5115 5.79524 -0.348914 1.62972 0.000259547 -0.000941681 -0.00138715
62.5328 5.79575 -0.348879 1.62968 0.000237845 -0.000929705 -0.00139083
62.552 5.79625 -0.348844 1.62964 0.000207012 -0.000952193 -0.00139289
62.5723 5.79673 -0.348811 1.6296 0.000182528 -0.000956873 -0.00139504
62.5928 5.79719 -0.348778 1.62956 0.000151655 -0.000944223 -0.00139787
62.6126 5.79763 -0.348746 1.62952 0.00011021 -0.000938474 -0.00139655
62.6331 5.79806 -0.348715 1.62948 7.04329e-05 -0.000935711 -0.00139468
62.6547 5.79847 -0.348684 1.62943 4.65113e-05 -0.000928388 -0.00139272
62.6734 5.79887 -0.348653 1.62939 1.86842e-05 -0.000918544 -0.00139365
62.6934 5.79925 -0.348622 1.62934 -2.82677e-05 -0.000907454 -0.00138928
62.7133 5.79961 -0.348592 1.62929 -8.0231e-05 -0.000900647 -0.00138468
62.7356 5.79995 -0.348561 1.62925 -0.000129431 -0.000900786 -0.0013827
62.7536 5.80028 -0.348529 1.6292 -0.000149989 -0.00087959 -0.0013816
62.7736 5.8006 -0.348498 1.62916 -0.000149568 -0.000874722 -0.00138134
62.7969 5.80089 -0.348465 1.62912 -0.000143962 -0.00086097 -0.00137851
62.8145 5.80117 -0.348433 1.62908 -0.000118218 -0.000894325 -0.00137354
62.8353 5.80145 -0.3484 1.62904 -7.39812e-05 -0.00076091 -0.00137234
62.8547 5.8017 -0.348367 1.62901 -2.6265e-05 -0.000789286 -0.00137182
62.8751 5.80195 -0.348334 1.62898 1.81022e-05 -0.000774853 -0.00137067
62.8957 5.80217 -0.348301 1.62895 5.3563e-05 -0.000766873 -0.00136753
62.9148 5.80239 -0.348268 1.62893 -5.18923e-06 -0.000683174 -0.00136582
62.9357 5.80258 -0.348234 1.62891 -0.000226941 -0.000662874 -0.00136493
62.9557 5.80276 -0.348198 1.62889 -0.000631046 -0.000676576 -0.00136391
62.9756 5.80291 -0.348159 1.62887 -0.00122729 -0.000675429 -0.00136317
62.9963 5.80304 -0.348113 1.62886 -0.00202507 -0.000640745 -0.00136194
63.0155 5.80314 -0.348059 1.62884 -0.00298471 -0.000615314 -0.00135935
63.0365 5.80323 -0.347992 1.62881 -0.00407659 -0.000601164 -0.00135661
63.0565 5.80329 -0.347908 1.62879 -0.0053068 -0.000593394 -0.00135568
63.0761 5.80333 -0.347804 1.62877 -0.00662307 -0.000509477 -0.00135601
63.1008 5.80334 -0.347673 1.62874 -0.00801477 -0.000521017 -0.00135562
63.1168 5.80333 -0.34751 1.62872 -0.00951915 -0.000578721 -0.00135544
63.1373 5.80328 -0.34731 1.62871 -0.0110783 -0.000493659 -0.00135587
63.1568 5.8032 -0.347067 1.62869 -0.0126827 -0.00048141 -0.00135433
63.1768 5.8031 -0.346774 1.62869 -0.0143314 2.12656e-05 -0.0013594
63.1984 5.80292 -0.34642 1.62871 -0.0168573 -0.000196987 -0.00136533
63.2174 5.80263 -0.345987 1.62879 -0.0216292 -0.000460272 -0.00139565
63.2382 5.80226 -0.345458 1.62892 -0.0281111 -0.000458027 -0.00144198
63.2577 5.80181 -0.344814 1.62909 -0.035271 -0.000159791 -0.00149507
63.2793 5.80129 -0.344033 1.62929 -0.0423992 3.68637e-05 -0.0015414
63.299 5.80069 -0.343089 1.62951 -0.0492374 7.1497e-05 -0.00157593
63.3185 5.8 -0.341957 1.62973 -0.055601 -0.000102641 -0.00159324
63.3412 5.79924 -0.340614 1.62996 -0.0613472 8.4324e-05 -0.00162101
63.3591 5.7984 -0.339037 1.63019 -0.0664784 8.20889e-05 -0.00163248
63.3792 5.79749 -0.337206 1.63043 -0.0710425 0.000140633 -0.00164125
63.4021 5.79649 -0.335106 1.63067 -0.0750568 -1.52143e-05 -0.00162705
63.4196 5.79542 -0.332721 1.63092 -0.0784577 2.61784e-05 -0.00161839
63.4405 5.79428 -0.330042 1.63115 -0.0810343 -4.53509e-05 -0.00159664
63.46 5.79308 -0.327059 1.63138 -0.0826456 0.000136772 -0.00159078
63.4799 5.7918 -0.323767 1.63159 -0.0834504 -6.55941e-05 -0.00154755
63.5028 5.79047 -0.320163 1.63179 -0.0836524 -0.000168225 -0.00151005
63.5203 5.78908 -0.316248 1.63199 -0.0830528 2.72118e-05 -0.00149292
63.5413 5.78763 -0.312023 1.63217 -0.0819083 -1.45739e-05 -0.00145453
63.5607 5.78612 -0.307493 1.63234 -0.0805013 -0.000217563 -0.00139971
63.5814 5.78457 -0.302666 1.63251 -0.078479 -6.86616e-05 -0.00137091
63.6011 5.78297 -0.297551 1.63266 -0.0759982 -7.39645e-05 -0.00133066
63.621 5.78133 -0.292157 1.6328 -0.0732647 -0.000123352 -0.00128757
63.6419 5.77964 -0.286496 1.63291 -0.0703347 -0.000264194 -0.00124034
63.6619 5.77793 -0.28058 1.63301 -0.0671692 -0.000200945 -0.00120711
63.6821 5.77618 -0.274425 1.63308 -0.0635648 -0.000246123 -0.00117015
63.7047 5.77441 -0.268044 1.63313 -0.059448 -0.000273106 -0.00113544
63.7223 5.77262 -0.261455 1.63316 -0.054994 -0.000350465 -0.00109893
63.7435 5.77081 -0.254675 1.63317 -0.0501305 -0.000396745 -0.00106167
63.7627 5.769 -0.247725 1.63317 -0.0448351 -0.000388889 -0.00103124
63.7828 5.76718 -0.240623 1.63316 -0.0394358 -0.000412943 -0.00100381
63.8064 5.76535 -0.233389 1.63313 -0.0341732 -0.000547289 -0.000974136
63.8232 5.76353 -0.226045 1.6331 -0.0291014 -0.000335863 -0.000954021
63.8462 5.76169 -0.218606 1.63305 -0.0246987 -0.000462484 -0.000922848
63.8634 5.75983 -0.211088 1.63299 -0.0215676 -0.00069288 -0.000893758
63.8837 5.75797 -0.203505 1.63291 -0.0193386 -0.000872636 -0.00086961
63.9069 5.75613 -0.195874 1.63284 -0.0166415 -0.00063268 -0.000858016
63.924 5.75431 -0.188208 1.63278 -0.0129856 -0.000628074 -0.000844001
63.9464 5.75249 -0.180519 1.63273 -0.00879928 -0.000806122 -0.000828415
63.9651 5.7507 -0.172823 1.63267 -0.0043709 -0.000827356 -0.000816562
63.9849 5.74894 -0.165135 1.63261 0.000160141 -0.00079467 -0.000807679
64.0082 5.74719 -0.157472 1.63254 0.004555 -0.000923684 -0.00080105
64.0255 5.74547 -0.149852 1.63247 0.00891818 -0.00102579 -0.000797652
64.0475 5.74379 -0.142294 1.63241 0.0135215 -0.000958239 -0.000794076
64.0657 5.74215 -0.134814 1.63236 0.0182593 -0.000954224 -0.000790149
64.0857 5.74055 -0.12743 1.63232 0.0229599 -0.000977739 -0.000792074
64.1083 5.73898 -0.120159 1.63228 0.0274896 -0.00103999 -0.000794159
64.1268 5.73745 -0.11302 1.63226 0.0318738 -0.00104933 -0.000794351
64.1492 5.73597 -0.106028 1.63224 0.0361692 -0.00110101 -0.000795288
64.1666 5.73455 -0.0991997 1.63222 0.0402134 -0.000976005 -0.000785633
64.1866 5.73316 -0.0925496 1.63221 0.0439851 -0.00109669 -0.000786123
64.2109 5.73184 -0.0860934 1.6322 0.0476562 -0.00103007 -0.00078087
64.2271 5.73058 -0.0798473 1.63221 0.0516 -0.0010341 -0.000784231
64.2483 5.7294 -0.0738247 1.63222 0.0556136 -0.000957619 -0.000782151
64.2674 5.72827 -0.0680374 1.63222 0.0592365 -0.00110652 -0.000787776
64.2881 5.7272 -0.0624989 1.63223 0.0624504 -0.00104046 -0.000778598
64.3102 5.72619 -0.0572211 1.63223 0.0653064 -0.00100669 -0.000771722
64.3277 5.72525 -0.0522131 1.63224 0.0675603 -0.000962338 -0.000759445
64.351 5.72434 -0.0474815 1.63224 0.0690516 -0.00106248 -0.000752159
64.3683 5.7235 -0.0430314 1.63224 0.0698378 -0.000941517 -0.0007265
64.3883 5.7227 -0.0388663 1.63223 0.0701399 -0.000890839 -0.000705948
64.4099 5.72196 -0.0349864 1.63221 0.0699496 -0.000859096 -0.000687249
64.4291 5.72125 -0.0313905 1.63219 0.069341 -0.000852606 -0.000672028
64.4495 5.72059 -0.028074 1.63216 0.0681619 -0.000853697 -0.000655144
64.469 5.71997 -0.025032 1.63213 0.066523 -0.000829706 -0.00063708
64.4892 5.71939 -0.0222583 1.63208 0.0645993 -0.000786457 -0.000619174
64.5109 5.71885 -0.0197453 1.63203 0.0625277 -0.00075227 -0.000604762
64.53 5.71835 -0.0174857 1.63198 0.0605476 -0.000651214 -0.000590067
64.5517 5.71788 -0.0154703 1.63192 0.058552 -0.000680667 -0.000589378
64.5702 5.71745 -0.0136892 1.63187 0.0563404 -0.000562703 -0.000581576
64.5905 5.71705 -0.0121331 1.6318 0.0539541 -0.000541279 -0.000579581
64.6118 5.71667 -0.0107912 1.63173 0.0513192 -0.00054577 -0.000581896
64.631 5.71632 -0.00965331 1.63165 0.0485398 -0.000484674 -0.000580752
64.6535 5.71599 -0.00870848 1.63156 0.0457217 -0.000344681 -0.000579256
64.6718 5.71569 -0.00794517 1.63147 0.042899 -0.000405885 -0.000588928
64.6918 5.71541 -0.00735181 1.63137 0.0400506 -0.000324978 -0.000595484
64.7145 5.71515 -0.00691671 1.63127 0.037195 -0.000295606 -0.00060799
64.732 5.71491 -0.00662907 1.63116 0.034473 -0.000174006 -0.000619212
64.7535 5.71468 -0.00647707 1.63105 0.0317577 -0.000263671 -0.000635791
64.7726 5.71447 -0.00645031 1.63094 0.0291337 -0.000230048 -0.000650546
64.7928 5.71428 -0.00653998 1.63084 0.0269136 -9.12686e-05 -0.000666485
64.8143 5.7141 -0.006736 1.63073 0.0249404 -0.000118543 -0.000688247
64.8336 5.71394 -0.00702986 1.63063 0.0231224 -9.68266e-05 -0.000711605
64.854 5.71379 -0.00741257 1.63052 0.0212028 -8.45138e-05 -0.000738041
64.8732 5.71365 -0.00787621 1.63042 0.0191706 -8.58309e-05 -0.000764918
64.8936 5.71352 -0.00841333 1.63031 0.0171609 -6.55497e-05 -0.000793007
64.9141 5.7134 -0.00901643 1.6302 0.0152668 3.85056e-05 -0.00081378
64.9338 5.71329 -0.00967755 1.63009 0.0134451 -8.74483e-05 -0.000836499
64.9555 5.71319 -0.0103896 1.62998 0.0117322 -5.80199e-05 -0.000865735
64.9754 5.7131 -0.0111479 1.62988 0.0104428 0.000104409 -0.00089725
64.9945 5.71301 -0.0119454 1.62978 0.00929217 6.9205e-05 -0.000926462
65.0156 5.71293 -0.0127765 1.62969 0.00811444 5.58031e-05 -0.000960968
65.0348 5.71285 -0.013636 1.62961 0.00682581 0.000101035 -0.000981197
65.0561 5.71278 -0.0145169 1.62953 0.00512741 0.000106237 -0.000989629
65.075 5.71272 -0.0154133 1.62946 0.00313887 0.000120866 -0.00100162
65.0951 5.71265 -0.0163183 1.62939 0.00106456 0.000120445 -0.00101489
65.1157 5.7126 -0.0172251 1.62934 -0.000897359 0.000126255 -0.00102371
65.1356 5.71254 -0.0181265 1.62928 -0.00266643 0.000135895 -0.00103157
65.1562 5.7125 -0.0190157 1.62923 -0.00422217 0.00012814 -0.00103918
65.1758 5.71245 -0.0198871 1.62918 -0.00548574 0.000125608 -0.00105023
65.3438 5.71241 -0.0207352 1.62914 -0.00657013 0.000135109 -0.00105989
65.3647 5.71238 -0.0215554 1.62909 -0.00754821 0.000143076 -0.00106863
65.3841 5.71235 -0.0223445 1.62904 -0.00832059 0.000156735 -0.0010809
65.4068 5.71233 -0.0231004 1.629 -0.00875799 0.000158045 -0.00109071
65.4247 5.71231 -0.023821 1.62897 -0.00895889 0.000164913 -0.00110046
65.4447 5.71229 -0.024505 1.62893 -0.00901882 0.00017334 -0.001113
65.4661 5.71228 -0.0251521 1.6289 -0.00897412 0.000171439 -0.00112357
65.4855 5.71228 -0.0257625 1.62886 -0.00884616 0.000165037 -0.00113452
65.5062 5.71228 -0.0263366 1.62883 -0.00866726 0.000155994 -0.00114339
65.5257 5.71228 -0.0268752 1.62879 -0.00844966 0.000153365 -0.00115443
65.5457 5.71229 -0.0273792 1.62876 -0.00821581 0.000159885 -0.00116293
65.5695 5.71231 -0.0278493 1.62872 -0.00798751 0.000163632 -0.00116938
65.5862 5.71232 -0.0282868 1.62867 -0.00776212 0.00016772 -0.0011754
65.609 5.71235 -0.0286925 1.62863 -0.00753479 0.000175354 -0.00118092
65.6266 5.71237 -0.0290675 1.62858 -0.00728324 0.000187883 -0.00118738
65.647 5.71241 -0.0294133 1.62853 -0.0069758 0.000187074 -0.00118848
65.6701 5.71244 -0.0297307 1.62849 -0.00665848 0.000174441 -0.00119078
65.6873 5.71249 -0.0300207 1.62844 -0.00639152 0.000164459 -0.001192
65.7081 5.71253 -0.0302848 1.6284 -0.00612977 0.000161956 -0.00119462
65.7279 5.71258 -0.0305242 1.62836 -0.0058413 0.000147068 -0.00119774
65.7479 5.71264 -0.0307399 1.62832 -0.00556133 0.000131601 -0.00120101
65.7708 5.7127 -0.0309328 1.62828 -0.00534392 0.000130974 -0.00120334
65.7886 5.71276 -0.0311039 1.62824 -0.00516199 0.000129124 -0.00120555
65.8089 5.71283 -0.0312545 1.62821 -0.00495841 0.000119546 -0.00120629
65.8287 5.7129 -0.0313852 1.62818 -0.00474777 0.000114497 -0.00120349
65.8486 5.71298 -0.0314968 1.62814 -0.00456096 0.000116394 -0.00119919
65.8709 5.71306 -0.03159 1.62811 -0.00440475 0.000111759 -0.00119839
65.8889 5.71315 -0.0316655 1.62808 -0.00428187 0.000111087 -0.00119798
65.9102 5.71324 -0.031724 1.62805 -0.00416777 0.000124419 -0.00119309
65.9301 5.71333 -0.0317661 1.62803 -0.00402554 0.000117996 -0.00118939
65.9494 5.71342 -0.0317925 1.62801 -0.00384957 4.63831e-05 -0.00118605
65.971 5.71352 -0.0318036 1.628 -0.00368689 0.000197926 -0.00118282
65.9898 5.71361 -0.0318003 1.62799 -0.00352534 0.000178779 -0.00117957
66.0104 5.7137 -0.0317832 1.62799 -0.00335981 9.25406e-05 -0.00117369
66.0301 5.71379 -0.0317531 1.62799 -0.0031785 3.11561e-05 -0.00116941
66.0504 5.71388 -0.0317108 1.62799 -0.00298262 9.70943e-05 -0.00116364
66.0712 5.71397 -0.0316571 1.62799 -0.00276274 8.78328e-05 -0.00115897
66.0911 5.71406 -0.0315924 1.62799 -0.00259355 0.000202071 -0.00115447
66.1138 5.71415 -0.0315175 1.62799 -0.00248278 0.000161815 -0.00114747
66.1312 5.71424 -0.0314331 1.62801 -0.00236557 5.9749e-05 -0.00114206
66.1512 5.71433 -0.03134 1.62802 -0.00222009 7.5281e-05 -0.0011347
66.1741 5.71442 -0.0312385 1.62802 -0.00207057 0.000127493 -0.00112821
66.192 5.71451 -0.0311291 1.62803 -0.00193144 0.000116874 -0.00111925
66.2129 5.71459 -0.0310127 1.62803 -0.0017799 0.000114929 -0.00111305
66.2322 5.71466 -0.0308896 1.62804 -0.00164131 6.32318e-05 -0.00110569
66.2523 5.71475 -0.03076 1.62804 -0.00157072 0.000185211 -0.00109929
66.275 5.71482 -0.0306246 1.62806 -0.00151913 0.000142705 -0.00109285
66.2925 5.7149 -0.0304839 1.62807 -0.00143156 7.9361e-05 -0.00108724
66.3132 5.71497 -0.0303382 1.62809 -0.00131585 7.83093e-05 -0.00108145
66.3337 5.71503 -0.0301879 1.6281 -0.0011959 9.02704e-05 -0.00107544
66.3535 5.7151 -0.0300334 1.62811 -0.0010691 8.31788e-05 -0.00106945
66.3754 5.71515 -0.0298753 1.62812 -0.000927793 -1.32562e-05 -0.00106309
66.3932 5.71522 -0.0297146 1.62813 -0.00071395 6.44936e-05 -0.00106323
66.417 5.71528 -0.0295523 1.62813 -0.000366691 0.000107795 -0.00106604
66.434 5.71536 -0.0293897 1.62813 5.51439e-05 9.51834e-05 -0.00106602
66.4539 5.71543 -0.0292279 1.62812 0.000483698 0.000174681 -0.00106573
66.4749 5.7155 -0.0290684 1.6281 0.000896312 7.70184e-05 -0.00106626
66.4948 5.71558 -0.028913 1.62809 0.00129761 8.03137e-05 -0.00106818
66.5156 5.71566 -0.0287628 1.62807 0.00165896 0.000142299 -0.00107152
66.5352 5.71574 -0.0286193 1.62805 0.00195213 0.000118283 -0.00107271
66.5554 5.71581 -0.0284836 1.62803 0.00218673 5.69162e-05 -0.00107552
66.5768 5.71588 -0.0283566 1.62801 0.00237717 3.29113e-05 -0.00107637
66.5954 5.71595 -0.028239 1.62798 0.002525 -2.8997e-05 -0.00108033
66.6172 5.71603 -0.0281314 1.62796 0.00260791 8.04305e-05 -0.00108235
66.6362 5.71609 -0.028034 1.62793 0.00265312 -8.71019e-06 -0.00108492
66.6565 5.71617 -0.0279472 1.62791 0.00266318 7.5218e-05 -0.00109179
66.6767 5.71624 -0.027871 1.62789 0.00265444 6.7939e-05 -0.00109722
66.6962 5.71631 -0.0278052 1.62788 0.00260967 -8.17658e-05 -0.00110129
66.7185 5.71638 -0.0277496 1.62786 0.00252776 4.20345e-05 -0.00110428
66.7371 5.71644 -0.0277038 1.62784 0.00241516 -5.75466e-05 -0.0011072
66.7568 5.71651 -0.0276677 1.62783 0.00229464 -9.07064e-05 -0.00111069
66.7794 5.71657 -0.0276405 1.62781 0.00215676 -5.20768e-05 -0.00111441
66.7978 5.71664 -0.027622 1.6278 0.00204806 -4.84056e-05 -0.00112039
66.8184 5.71671 -0.0276115 1.62779 0.00193021 3.59391e-06 -0.00112484
66.8381 5.71677 -0.0276086 1.62778 0.00181639 2.32463e-05 -0.00113263
66.858 5.71683 -0.0276128 1.62777 0.00169656 3.35597e-05 -0.00113639
66.8805 5.71689 -0.0276236 1.62776 0.00157915 4.35772e-05 -0.00114007
66.8984 5.71694 -0.0276405 1.62775 0.00146411 6.9337e-06 -0.00114482
66.9188 5.71699 -0.0276632 1.62774 0.00135234 -4.66461e-05 -0.00114855
66.9391 5.71705 -0.0276911 1.62772 0.00126067 -3.6193e-05 -0.00115222
66.9591 5.7171 -0.027724 1.62772 0.00117842 -1.12038e-05 -0.00115641
66.9802 5.71715 -0.0277611 1.62771 0.00105906 -1.51673e-05 -0.00115993
66.9991 5.71721 -0.0278021 1.62771 0.000923666 0.00013817 -0.00116322
67.0207 5.71726 -0.0278467 1.62771 0.000801429 0.000101372 -0.00116663
67.04 5.71731 -0.0278943 1.62771 0.00067665 3.5254e-05 -0.00117057
67.0597 5.71736 -0.0279443 1.62771 0.000556598 -3.61677e-05 -0.00117455
67.083 5.71741 -0.0279964 1.62771 0.000431866 0.000134166 -0.00117815
67.1006 5.71746 -0.0280499 1.62772 0.000291578 0.00014321 -0.00118338
67.1233 5.71751 -0.0281046 1.62772 0.000189059 5.8435e-05 -0.00118942
67.1408 5.71755 -0.0281598 1.62773 9.01365e-05 -6.19982e-05 -0.00119401
67.1607 5.7176 -0.0282151 1.62774 -2.93938e-05 0.000119991 -0.00119822
67.1821 5.71764 -0.0282703 1.62774 -0.000122038 4.31166e-05 -0.00120134
67.2016 5.71769 -0.028325 1.62775 -0.00018398 2.46322e-05 -0.00120482
67.2216 5.71773 -0.0283786 1.62776 -0.000268869 4.81802e-05 -0.00120846
67.2418 5.71777 -0.0284311 1.62778 -0.000342183 8.01708e-05 -0.00121223
67.2619 5.71781 -0.0284821 1.6278 -0.000412917 5.62539e-05 -0.00121604
67.285 5.71785 -0.0285313 1.62781 -0.000481019 6.6841e-05 -0.00121989
67.3021 5.71789 -0.0285784 1.62781 -0.000570236 4.92213e-05 -0.00122371
67.3246 5.71793 -0.0286229 1.62783 -0.000681786 -1.35457e-05 -0.00122678
67.3427 5.71797 -0.0286646 1.62783 -0.00078785 2.00764e-05 -0.0012301
67.3625 5.718 -0.0287031 1.62783 -0.000895596 3.20496e-05 -0.00123252
67.3853 5.71804 -0.028738 1.62782 -0.00101083 7.04234e-05 -0.00123319
67.4033 5.71808 -0.0287687 1.62782 -0.00113405 -7.65351e-07 -0.00123527
67.4248 5.71811 -0.0287945 1.62781 -0.00131701 -3.46963e-05 -0.00123722
67.444 5.71813 -0.0288148 1.6278 -0.00153496 -1.61087e-05 -0.00123981
67.4636 5.71815 -0.028829 1.62779 -0.00175566 -2.74835e-05 -0.00123822
67.4873 5.71818 -0.0288364 1.62777 -0.00196268 8.8407e-05 -0.00123951
67.5043 5.7182 -0.0288363 1.62776 -0.00213173 3.05628e-05 -0.00123993
67.5247 5.71822 -0.028828 1.62774 -0.00227309 -3.10002e-05 -0.0012409
67.5441 5.71824 -0.0288108 1.62773 -0.00241366 5.08483e-05 -0.00124117
67.5644 5.71825 -0.0287844 1.62772 -0.00251702 8.11268e-05 -0.00124078
67.5862 5.71826 -0.0287484 1.62772 -0.00259793 -1.31002e-05 -0.00124148
67.6048 5.71827 -0.0287024 1.62771 -0.0026632 -0.000120001 -0.00124098
67.6257 5.71829 -0.0286461 1.62772 -0.00273161 9.74697e-05 -0.00124231
67.6458 5.71829 -0.0285794 1.62772 -0.00277364 -9.92781e-06 -0.00124112
67.6656 5.7183 -0.0285022 1.62773 -0.0027991 -2.42053e-05 -0.00124134
67.6867 5.71831 -0.0284143 1.62775 -0.00280036 -2.10429e-05 -0.0012417
67.7058 5.71832 -0.0283157 1.62777 -0.00282368 4.289e-05 -0.00124351
67.7274 5.71833 -0.0282063 1.62779 -0.00284213 -3.09812e-05 -0.00124343
67.7464 5.71833 -0.0280861 1.62781 -0.00286092 5.62465e-05 -0.0012429
67.7665 5.71834 -0.0279552 1.62783 -0.00287912 5.41837e-05 -0.00124303
67.7883 5.71835 -0.0278133 1.62785 -0.00290042 8.91427e-05 -0.00124343
67.8068 5.71836 -0.0276608 1.62788 -0.00288731 7.57234e-05 -0.00124334
67.8294 5.71837 -0.0274975 1.6279 -0.00287046 -3.6405e-05 -0.00124258
67.8477 5.71838 -0.0273233 1.62792 -0.00287343 4.80246e-05 -0.00124288
67.8673 5.71839 -0.0271385 1.62795 -0.00288266 9.64641e-05 -0.00124216
67.8878 5.71839 -0.026943 1.62797 -0.00287585 -4.75647e-05 -0.00124149
67.9076 5.7184 -0.0267368 1.62799 -0.00288127 8.50557e-05 -0.00124173
67.9288 5.71841 -0.02652 1.62802 -0.00289254 1.68836e-06 -0.00124126
67.9484 5.71842 -0.0262926 1.62804 -0.00289267 8.34786e-05 -0.00124054
67.9685 5.71842 -0.0260547 1.62807 -0.00288039 -7.29083e-05 -0.00123947
67.9908 5.71843 -0.025806 1.62809 -0.00290326 3.51741e-06 -0.00123911
68.0089 5.71843 -0.0255467 1.62812 -0.00295148 -0.00010944 -0.00123807
68.0304 5.71844 -0.0252766 1.62814 -0.00299136 -9.62093e-07 -0.00123772
68.0493 5.71845 -0.0249959 1.62817 -0.0030137 -2.50458e-05 -0.00123626
68.0694 5.71845 -0.0247043 1.62819 -0.00302242 -0.000135442 -0.00123443
68.0926 5.71845 -0.0244019 1.62821 -0.00301987 -1.73539e-05 -0.0012322
68.11 5.71845 -0.0240887 1.62823 -0.00300846 1.70249e-06 -0.00122916
68.1314 5.71844 -0.0237648 1.62825 -0.00299075 -5.82169e-05 -0.00122693
68.1504 5.71844 -0.0234303 1.62826 -0.00296343 -5.37973e-05 -0.00122449
68.1705 5.71842 -0.0230852 1.62828 -0.002934 -0.000130303 -0.00122217
68.1916 5.71842 -0.0227298 1.62829 -0.00291671 -0.000108021 -0.00122018
68.2108 5.71842 -0.022364 1.62831 -0.00289703 2.29658e-05 -0.00121854
68.2315 5.71841 -0.0219883 1.62832 -0.00285279 -0.000103176 -0.00121605
68.2511 5.71841 -0.0216024 1.62833 -0.00284268 4.03346e-06 -0.00121414
68.2714 5.7184 -0.0212063 1.62834 -0.00289093 2.43165e-05 -0.00121177
68.2933 5.71839 -0.0208 1.62836 -0.00294372 2.67727e-05 -0.00120891
68.3116 5.71839 -0.0203835 1.62837 -0.00302047 -2.19255e-05 -0.00120558
68.3339 5.71838 -0.0199563 1.62838 -0.00310293 3.83548e-05 -0.00120367
68.352 5.71837 -0.0195187 1.6284 -0.00314229 -8.30497e-05 -0.00119819
68.3722 5.71836 -0.0190703 1.62841 -0.00316255 3.01811e-05 -0.00119444
68.3932 5.71835 -0.0186111 1.62843 -0.00316014 -9.34066e-05 -0.00119183
68.4129 5.71834 -0.0181407 1.62844 -0.00319733 -1.27204e-05 -0.00119077
68.4357 5.71832 -0.0176585 1.62846 -0.00338028 -6.339e-05 -0.001188
68.4529 5.71832 -0.0171635 1.62847 -0.00373783 2.84382e-06 -0.00118543
68.4731 5.7183 -0.0166548 1.62849 -0.00418812 -0.000122721 -0.001186
68.4939 5.71829 -0.0161317 1.62851 -0.00457963 -0.000190852 -0.00118442
68.5136 5.71828 -0.0155929 1.62853 -0.00487732 -8.68902e-05 -0.00118348
68.5339 5.71827 -0.0150373 1.62854 -0.00508794 -0.000235891 -0.00118075
68.5537 5.71825 -0.0144638 1.62856 -0.00525545 -0.00013569 -0.00117859
68.5739 5.71823 -0.0138717 1.62858 -0.00538224 -0.000223513 -0.00117592
68.5967 5.71822 -0.0132608 1.6286 -0.0054676 -0.000121212 -0.0011739
68.6141 5.7182 -0.0126304 1.62862 -0.00554069 -3.98094e-05 -0.00117229
68.6358 5.71818 -0.0119806 1.62863 -0.00558106 -0.0001595 -0.00117197
68.6546 5.71816 -0.0113112 1.62864 -0.00560222 -7.56142e-05 -0.00117165
68.6747 5.71815 -0.010622 1.62866 -0.00561613 7.99568e-05 -0.00117241
68.6973 5.71813 -0.00991318 1.62867 -0.00560903 -0.000121859 -0.0011695
68.715 5.71812 -0.00918464 1.62869 -0.00561011 -1.16253e-05 -0.00116982
68.7363 5.7181 -0.00843666 1.62871 -0.0055809 -8.05772e-05 -0.0011693
68.7554 5.71808 -0.00766934 1.62872 -0.00553356 7.36595e-06 -0.00116814
68.7754 5.71807 -0.00688313 1.62874 -0.00544115 0.000142114 -0.00116649
68.7982 5.71806 -0.00607799 1.62876 -0.00537991 0.000164781 -0.0011644
68.816 5.71804 -0.00525428 1.62878 -0.00533446 0.000147463 -0.00116249
68.8369 5.71802 -0.00441207 1.6288 -0.00533368 0.000188608 -0.00116037
68.8564 5.71801 -0.00355207 1.62881 -0.00527351 0.00014712 -0.00115659
68.8766 5.71799 -0.00267449 1.62883 -0.00516215 1.72122e-05 -0.00115519
68.9012 5.71797 -0.00177966 1.62885 -0.00502593 2.46373e-05 -0.00115471
68.9168 5.71795 -0.00086821 1.62887 -0.00486369 -6.05301e-05 -0.0011521
68.9375 5.71793 5.92954e-05 1.62889 -0.00470016 4.10821e-05 -0.00115019
68.9581 5.7179 0.00100225 1.6289 -0.00454677 -3.55844e-05 -0.00114679
68.9775 5.71789 0.00196005 1.62891 -0.00440659 6.78549e-05 -0.00114818
69.0014 5.71787 0.00293172 1.62892 -0.00422557 5.73666e-05 -0.00114856
69.0176 5.71785 0.00391733 1.62894 -0.00413243 8.02952e-05 -0.00114786
69.0389 5.71784 0.00491591 1.62895 -0.00403838 0.000162289 -0.00114776
69.058 5.71783 0.00592702 1.62896 -0.00393367 9.21534e-05 -0.00114683
69.0782 5.71782 0.00694993 1.62897 -0.00377091 0.00017402 -0.0011456
69.0994 5.7178 0.00798434 1.62898 -0.00361379 -2.8383e-05 -0.0011429
69.1194 5.71779 0.00902981 1.62899 -0.00350131 7.41039e-05 -0.00114015
69.1407 5.71778 0.0100855 1.629 -0.0033703 1.81328e-05 -0.0011373
69.1594 5.71777 0.011151 1.62902 -0.00325911 -0.000109339 -0.00113562
69.1797 5.71775 0.0122265 1.62903 -0.00323568 -0.000211515 -0.00113225
69.2002 5.71774 0.0133113 1.62904 -0.00324916 4.16299e-06 -0.00113515
69.2197 5.71772 0.0144052 1.62906 -0.00322957 -8.26236e-05 -0.00113575
69.2408 5.71771 0.015508 1.62908 -0.0031809 3.52504e-05 -0.00113413
69.2609 5.71769 0.0166198 1.62909 -0.00314475 -5.46285e-06 -0.00113232
69.2804 5.71767 0.017741 1.62911 -0.00321816 -5.0301e-07 -0.00113001
69.3015 5.71765 0.0188712 1.62913 -0.00328848 -4.02719e-05 -0.0011268
69.3205 5.71762 0.0200106 1.62914 -0.00335836 -8.76543e-05 -0.00112396
69.3432 5.7176 0.0211599 1.62915 -0.00348536 4.12902e-05 -0.00112096
69.361 5.71757 0.0223197 1.62916 -0.00371484 -0.000145588 -0.00111972
69.381 5.71755 0.0234908 1.62917 -0.00402573 -0.000126661 -0.00111848
69.4065 5.71753 0.0246745 1.62919 -0.00444264 9.62764e-07 -0.00111698
69.4219 5.7175 0.0258716 1.6292 -0.00481834 6.94565e-05 -0.00111471
69.4425 5.71747 0.0270842 1.62922 -0.00527218 -0.000135717 -0.00111142
69.4622 5.71744 0.0283144 1.62924 -0.00584883 -9.96013e-05 -0.00110866
69.4823 5.71742 0.0295635 1.62926 -0.00641645 1.96963e-05 -0.00110734
69.5036 5.7174 0.0308335 1.62928 -0.00695337 4.84063e-06 -0.00110358
69.523 5.71739 0.0321263 1.62929 -0.00741738 1.26584e-05 -0.00110124
69.544 5.71737 0.0334436 1.6293 -0.00782402 -5.71078e-05 -0.00110001
69.5629 5.71736 0.034787 1.62931 -0.00818844 3.46741e-05 -0.00109951
69.5834 5.71734 0.0361577 1.62931 -0.00846613 -7.78303e-05 -0.00109656
69.6038 5.71733 0.0375564 1.62931 -0.00863612 -5.43424e-05 -0.00109566
69.6233 5.71732 0.0389838 1.62932 -0.00870048 -0.000156181 -0.00109396
69.646 5.71731 0.0404404 1.62933 -0.00871118 -5.25235e-05 -0.00109261
69.6639 5.71729 0.0419262 1.62934 -0.00868045 -9.20801e-05 -0.00109313
69.684 5.71728 0.043441 1.62935 -0.00860373 3.74705e-05 -0.00109748
69.7042 5.71726 0.0449843 1.62936 -0.00849357 -5.13011e-06 -0.00109555
69.7247 5.71725 0.0465556 1.62937 -0.00834649 -5.25412e-06 -0.00109447
69.7451 5.71724 0.0481543 1.62938 -0.00816877 -0.000171748 -0.00109236
69.7647 5.71722 0.0497798 1.62939 -0.00798376 -0.000169416 -0.00109
69.7847 5.71722 0.0514313 1.62939 -0.00778339 -2.88867e-05 -0.00108975
69.807 5.7172 0.0531075 1.6294 -0.00753598 -0.000167296 -0.00108722
69.8251 5.71719 0.0548077 1.62941 -0.00725709 -0.000186755 -0.00108676
69.8455 5.71718 0.0565308 1.62941 -0.00698325 -8.99977e-06 -0.0010887
69.8654 5.71716 0.0582756 1.62942 -0.00671817 -6.48391e-05 -0.0010891
69.8858 5.71715 0.0600414 1.62942 -0.0064832 -6.00899e-05 -0.0010887
69.9067 5.71713 0.0618269 1.62942 -0.00626447 -0.000122169 -0.00108648
69.9258 5.71711 0.0636312 1.62942 -0.00606427 2.36157e-05 -0.00108746
69.9474 5.71709 0.0654536 1.62942 -0.00589392 -4.50812e-05 -0.00108465
69.9666 5.71707 0.0672934 1.62941 -0.0057521 4.1793e-05 -0.00108222
69.9868 5.71705 0.0691499 1.62941 -0.005631 6.7748e-05 -0.0010828
70.0079 5.71703 0.0710232 1.62941 -0.00564576 3.91661e-05 -0.00108102
70.0271 5.71701 0.0729132 1.6294 -0.00575969 6.19586e-05 -0.00107786
70.0502 5.71699 0.0748195 1.6294 -0.00584431 -7.10827e-05 -0.00107486
70.0679 5.71697 0.0767428 1.6294 -0.00596252 3.16581e-05 -0.0010721
70.0876 5.71694 0.0786832 1.6294 -0.00607911 -8.27924e-05 -0.0010698
70.109 5.71692 0.0806403 1.6294 -0.00605282 -4.45155e-05 -0.00106654
70.128 5.71691 0.0826138 1.6294 -0.00585951 8.59509e-05 -0.00106553
70.1489 5.71689 0.0846041 1.6294 -0.0056965 3.90029e-05 -0.00106541
70.1685 5.71687 0.0866111 1.6294 -0.00566986 6.93452e-06 -0.00106474
70.1886 5.71684 0.0886338 1.62941 -0.00565141 -2.28774e-05 -0.00106147
70.21 5.71683 0.0906719 1.62941 -0.00558584 6.83633e-05 -0.00106039
70.2287 5.7168 0.0927251 1.62942 -0.00548864 -5.0583e-05 -0.00106111
70.2498 5.71678 0.0947931 1.62943 -0.0053818 -7.31077e-05 -0.00106012
70.2695 5.71677 0.0968757 1.62943 -0.00530383 6.00876e-05 -0.00105715
70.2896 5.71674 0.098973 1.62944 -0.00534961 -1.53394e-05 -0.00105522
70.3132 5.71672 0.101086 1.62944 -0.00559659 -2.08964e-05 -0.00105375
70.3296 5.71669 0.103215 1.62945 -0.00604392 -7.3989e-05 -0.00105105
70.3511 5.71667 0.105361 1.62946 -0.00646981 -4.8824e-05 -0.0010492
70.3702 5.71665 0.107524 1.62948 -0.00675983 -5.90973e-05 -0.00104504
70.3901 5.71663 0.109707 1.6295 -0.00707807 -5.02199e-05 -0.00104317
70.4128 5.71661 0.111912 1.62952 -0.0074854 -6.52219e-05 -0.00104256
70.4309 5.71659 0.114138 1.62954 -0.00782506 -2.01165e-05 -0.00104244
70.4539 5.71657 0.116388 1.62957 -0.00821822 2.53846e-05 -0.00104072
70.471 5.71656 0.118665 1.6296 -0.00881348 -4.67333e-05 -0.00103815
70.491 5.71654 0.120969 1.62963 -0.00950296 -4.79411e-05 -0.00103715
70.5145 5.71654 0.123303 1.62965 -0.0101501 1.83657e-05 -0.00103534
70.5315 5.71653 0.125668 1.62967 -0.0107756 4.69455e-05 -0.00103368
70.5521 5.71651 0.128068 1.62969 -0.0112546 3.719e-05 -0.00102858
70.5722 5.7165 0.130503 1.62971 -0.0115952 -0.000135652 -0.00102249
70.5921 5.71648 0.132975 1.62973 -0.0118471 -0.000109543 -0.00102703
70.6136 5.71647 0.135485 1.62974 -0.0119828 4.56521e-05 -0.00102965
70.6325 5.71646 0.138033 1.62975 -0.0120447 4.55657e-05 -0.001031
70.6549 5.71644 0.140619 1.62976 -0.012042 -6.89082e-05 -0.0010289
70.673 5.71643 0.143245 1.62976 -0.0120069 3.53451e-07 -0.00102844
70.693 5.7164 0.145908 1.62976 -0.0119388 -5.62999e-05 -0.00102903
70.7139 5.71639 0.14861 1.62976 -0.011854 0.000106586 -0.00103013
70.7334 5.71636 0.151349 1.62976 -0.0117408 5.08961e-05 -0.0010283
70.7539 5.71634 0.154125 1.62976 -0.0115672 1.18731e-05 -0.00102581
70.7737 5.71633 0.156937 1.62976 -0.0113243 8.37073e-05 -0.00102497
70.7937 5.71631 0.159783 1.62976 -0.0109537 2.38611e-05 -0.00102604
70.8197 5.71629 0.162663 1.62976 -0.0105975 -0.000136761 -0.0010234
70.8348 5.71628 0.165576 1.62976 -0.0103527 -0.000114199 -0.0010202
70.8566 5.71626 0.16852 1.62976 -0.0100367 -0.000104046 -0.0010205
70.8761 5.71624 0.171493 1.62977 -0.00969252 -3.23388e-05 -0.00101898
70.8962 5.71623 0.174495 1.62977 -0.00932796 7.57198e-05 -0.00101794
70.9174 5.71622 0.177523 1.62977 -0.00896686 2.34562e-05 -0.00101436
70.9356 5.71621 0.180576 1.62977 -0.00856165 0.000180787 -0.00101329
70.9577 5.7162 0.183653 1.62976 -0.00813508 8.38606e-05 -0.00100994
70.9769 5.71619 0.186752 1.62976 -0.0078273 0.000140717 -0.00100712
70.9971 5.71618 0.189874 1.62976 -0.00773646 2.48493e-05 -0.00100301
71.0186 5.71617 0.193016 1.62976 -0.00768076 3.66411e-05 -0.00100623
71.0375 5.71616 0.196177 1.62977 -0.00744436 -1.75872e-06 -0.0010064
71.0585 5.71615 0.199356 1.62977 -0.00711808 -8.44477e-05 -0.00100469
71.0777 5.71613 0.202552 1.62977 -0.00676336 -0.000155374 -0.00100262
71.0975 5.71611 0.205765 1.62977 -0.00641636 -9.71454e-05 -0.00100289
71.1185 5.7161 0.208992 1.62977 -0.00602403 -0.00018707 -0.000997032
71.1377 5.71608 0.212234 1.62977 -0.0058032 -0.000228465 -0.000996776
71.1615 5.71606 0.215489 1.62977 -0.00587781 3.02926e-05 -0.000997512
71.1788 5.71604 0.218758 1.62978 -0.00607903 -7.28242e-05 -0.000996954
71.1991 5.71603 0.222039 1.62979 -0.00611986 -1.87111e-05 -0.000996531
71.22 5.71601 0.225333 1.6298 -0.00591387 -0.000176255 -0.000993334
71.2386 5.716 0.228638 1.62981 -0.00560252 -1.63269e-06 -0.000989914
71.2608 5.71598 0.231953 1.62982 -0.00523888 6.56897e-07 -0.000988117
71.2795 5.71596 0.235279 1.62983 -0.00488541 -0.000128994 -0.000985999
71.2994 5.71595 0.238613 1.62984 -0.00452647 -9.90225e-05 -0.000980952
71.3236 5.71594 0.241954 1.62984 -0.00411878 -7.992e-05 -0.00097628
71.3399 5.71594 0.245299 1.62984 -0.00360016 -6.29073e-05 -0.000974353
71.3613 5.71592 0.248648 1.62984 -0.00303522 -0.000171377 -0.000973623
71.3798 5.71592 0.251998 1.62983 -0.00255066 -6.75925e-05 -0.000970418
71.3998 5.71591 0.255347 1.62983 -0.00213126 4.80818e-05 -0.000964963
71.4218 5.71591 0.258695 1.62982 -0.00178838 1.2156e-05 -0.000962598
71.4406 5.71591 0.262039 1.62981 -0.00162026 8.27404e-05 -0.000959079
71.4616 5.7159 0.265383 1.62981 -0.00211395 -3.23967e-05 -0.000954685
71.4809 5.71589 0.268729 1.62982 -0.00324044 9.74383e-05 -0.000952203
71.5012 5.71589 0.272077 1.62985 -0.00451199 -4.35885e-05 -0.000946405
71.5232 5.71589 0.275433 1.62987 -0.00585643 4.74328e-05 -0.000941602
71.5416 5.71588 0.278801 1.6299 -0.0071703 -8.34247e-05 -0.000937774
71.5622 5.71588 0.282186 1.62993 -0.00836976 -8.62409e-05 -0.000935145
71.5823 5.71587 0.285592 1.62995 -0.00947837 -0.000182795 -0.000933356
71.6024 5.71587 0.289024 1.62997 -0.0104418 -0.000142771 -0.000932707
71.624 5.71587 0.292484 1.63 -0.0112399 -1.13026e-06 -0.000934469
71.6422 5.71586 0.295976 1.63001 -0.0119091 -0.000140288 -0.000931723
71.6636 5.71586 0.299503 1.63003 -0.0124446 2.49757e-06 -0.000933511
71.6825 5.71585 0.303067 1.63005 -0.0128446 -1.31591e-05 -0.000929404
71.7025 5.71584 0.306669 1.63006 -0.0131345 -0.000124135 -0.000923667
71.7248 5.71583 0.310309 1.63006 -0.0133176 -4.04497e-05 -0.000922449
71.7433 5.71582 0.31399 1.63007 -0.0134079 -8.80447e-05 -0.000921867
71.7655 5.71581 0.317711 1.63007 -0.0134131 3.37987e-05 -0.000919749
71.7833 5.7158 0.321472 1.63007 -0.0133477 2.3263e-05 -0.000913153
71.8035 5.71578 0.325273 1.63007 -0.0132289 -0.000123995 -0.000904431
71.825 5.71578 0.329112 1.63006 -0.013023 2.10798e-05 -0.000904662
71.8437 5.71576 0.332991 1.63006 -0.0128706 -8.34527e-05 -0.000899955
71.8642 5.71575 0.336909 1.63006 -0.0129124 -1.41284e-05 -0.000900651
71.8843 5.71574 0.340865 1.63006 -0.0130806 8.95756e-06 -0.000896221
71.9043 5.71573 0.34486 1.63006 -0.0133003 -2.30153e-05 -0.000889403
71.9251 5.71572 0.348894 1.63006 -0.01349 -1.80261e-06 -0.000889961
71.945 5.7157 0.352967 1.63005 -0.013454 -0.000139142 -0.000887214
71.9656 5.71568 0.357078 1.63005 -0.0132007 -0.000134445 -0.000890024
71.9851 5.71567 0.361227 1.63005 -0.0128107 -7.72215e-05 -0.000894303
72.0053 5.71565 0.365411 1.63005 -0.0123575 -1.53603e-05 -0.000898181
72.0275 5.71563 0.369631 1.63004 -0.0118939 -0.00010475 -0.000896793
72.0467 5.71562 0.373884 1.63004 -0.0114412 -0.000132998 -0.000900461
72.0678 5.71561 0.378168 1.63003 -0.0109966 9.56007e-07 -0.000905928
72.0865 5.71559 0.382481 1.63003 -0.0105688 -0.000132803 -0.00090337
72.1066 5.71558 0.386821 1.63002 -0.0101543 -0.000117227 -0.00090301
72.1286 5.71558 0.389474 1.62974 -0.00947553 1.27469e-05 -0.000894447
72.1476 5.7156 0.389559 1.62909 -0.00840891 1.27444e-05 -0.000870857
72.1683 5.71561 0.389616 1.62863 -0.00765433 1.27436e-05 -0.000845966
72.1877 5.71563 0.389632 1.62843 -0.00732918 1.27439e-05 -0.000819841
72.2081 5.71564 0.389613 1.62846 -0.00737446 1.2745e-05 -0.000792546
72.2282 5.71566 0.389569 1.62865 -0.00768445 1.27468e-05 -0.000764138
72.2486 5.71568 0.389509 1.62895 -0.00817159 1.27491e-05 -0.00073467
72.27 5.7157 0.389438 1.62931 -0.00877506 1.27516e-05 -0.000704194
72.289 5.71572 0.38936 1.62973 -0.00945474 1.27542e-05 -0.000672758
72.3088 5.71574 0.389276 1.63018 -0.0101984 1.27572e-05 -0.00064048
72.3332 5.71576 0.389183 1.63071 -0.0110599 1.27603e-05 -0.000609091
72.3492 5.71577 0.389078 1.63132 -0.0120562 1.27638e-05 -0.000579239
72.3701 5.71579 0.388962 1.632 -0.0131769 1.27676e-05 -0.000550851
72.3897 5.71581 0.388839 1.63276 -0.0144071 1.27715e-05 -0.000523854
72.549 5.71582 0.388707 1.63357 -0.0157326 1.27754e-05 -0.00049818
72.5722 5.71584 0.388571 1.63443 -0.0171381 1.27795e-05 -0.000473764
72.5896 5.71585 0.388401 1.63532 -0.0187838 -5.60454e-05 -0.000482241
72.6118 5.71592 0.388197 1.63621 -0.0206252 0.000342251 -0.000308237
72.6297 5.71603 0.388036 1.63708 -0.0222201 9.39431e-07 -0.000215183
72.6496 5.71616 0.387899 1.63792 -0.0236685 -0.000228157 -0.000169412
72.6729 5.71633 0.387779 1.63875 -0.0250117 -0.000224304 -0.000153889
72.6902 5.71651 0.38767 1.63951 -0.0262436 -0.000290401 -0.000146021
72.7126 5.71672 0.387583 1.64021 -0.0272129 -0.000461086 -0.000131205
72.731 5.71696 0.387509 1.64081 -0.028066 -0.000644138 -0.000124758
72.7515 5.71723 0.387444 1.64132 -0.0287997 -0.000901387 -0.000118624
72.7726 5.71752 0.387398 1.64174 -0.0293135 -0.00122192 -0.000111775
72.7914 5.71786 0.387371 1.64208 -0.0296023 -0.0013326 -0.000106293
72.8148 5.71822 0.387355 1.64234 -0.0297564 -0.00148345 -0.00010108
72.8322 5.71861 0.387353 1.64252 -0.0297523 -0.00176927 -9.55733e-05
72.8522 5.71904 0.387363 1.64263 -0.02959 -0.00180845 -9.08886e-05
72.8754 5.71951 0.387382 1.64267 -0.0293217 -0.00184565 -8.6434e-05
72.8927 5.72001 0.387415 1.64266 -0.028888 -0.00204647 -8.17338e-05
72.9131 5.72056 0.387453 1.6426 -0.0284055 -0.00203125 -7.7726e-05
72.9331 5.72116 0.387494 1.64249 -0.0278737 -0.00199773 -7.39141e-05
72.9526 5.7218 0.387544 1.64234 -0.0272503 -0.0020374 -7.02929e-05
72.9766 5.72248 0.387595 1.64216 -0.0266142 -0.00218869 -6.68557e-05
72.993 5.72321 0.387656 1.64195 -0.0258689 -0.00227734 -6.35854e-05
73.0142 5.72401 0.387712 1.64171 -0.0251815 -0.0021018 -6.0457e-05
73.0332 5.72485 0.38777 1.64145 -0.0244764 -0.00219655 -5.74992e-05
73.0537 5.72575 0.387835 1.64118 -0.0236908 -0.00218186 -5.46805e-05
73.0747 5.72672 0.387894 1.64091 -0.0229809 -0.00208081 -5.19924e-05
73.0942 5.72774 0.387951 1.64062 -0.0223048 -0.00197861 -4.9436e-05
73.1147 5.72884 0.388014 1.64032 -0.0215615 -0.00191242 -4.70074e-05
73.1348 5.72999 0.388073 1.64002 -0.0208608 -0.00190902 -4.47015e-05
73.1548 5.73122 0.388131 1.63971 -0.020185 -0.00181285 -4.25032e-05
73.1763 5.73251 0.388194 1.6394 -0.0194487 -0.00190823 -3.67747e-05
73.1951 5.73389 0.388249 1.63909 -0.0188063 -0.00162874 -3.49538e-05
73.2169 5.73535 0.388304 1.63878 -0.0181765 -0.00152254 -3.32334e-05
73.2355 5.73689 0.388358 1.63846 -0.0175515 -0.00166118 -2.72958e-05
73.2558 5.73853 0.388415 1.63814 -0.0168994 -0.0013331 -2.575e-05
73.2803 5.74023 0.388468 1.63782 -0.0162918 -0.00147985 -2.19833e-05
73.2963 5.74203 0.38852 1.63751 -0.0156595 -0.00137983 1.65081e-06
73.3184 5.74391 0.388589 1.63721 -0.0148129 -0.00142412 1.53591e-05
73.3366 5.74593 0.388649 1.63693 -0.0140216 -0.000764109 5.93869e-05
73.3571 5.74802 0.38872 1.63665 -0.0131911 -0.00144962 8.2612e-05
73.3776 5.75022 0.388795 1.63641 -0.0124723 -0.00126462 2.64425e-05
73.3976 5.7525 0.388854 1.63618 -0.0119053 -0.000996168 -3.33259e-06
73.4202 5.75486 0.38889 1.63595 -0.0114634 -0.000877635 8.11357e-06
73.4379 5.75731 0.388936 1.63574 -0.0110176 -0.000851962 -3.24365e-06
73.4575 5.75985 0.388978 1.63553 -0.0105188 -0.000931825 1.44459e-05
73.4818 5.76249 0.389016 1.63536 -0.0100773 -0.000528275 4.8817e-05
73.4979 5.76522 0.38906 1.63523 -0.00965296 -0.000477567 2.75218e-05
73.5192 5.76802 0.38909 1.63511 -0.00936333 -0.000665118 1.34843e-05
73.5385 5.77093 0.389114 1.63498 -0.00911835 -0.000415449 8.04412e-06
73.5589 5.77393 0.389141 1.63486 -0.00881635 -0.000580097 7.55252e-06
73.5836 5.77704 0.389168 1.63473 -0.00854204 -0.000399931 7.08429e-07
73.5992 5.7802 0.389191 1.6346 -0.00822302 -0.00210571 1.67584e-05
73.6199 5.78362 0.389229 1.63451 -0.00783718 -0.000895435 3.58302e-05
73.6395 5.78728 0.389277 1.63448 -0.00728622 9.37336e-05 5.55899e-05
73.6598 5.79114 0.389323 1.6345 -0.00686132 -0.000215757 2.70921e-05
73.6804 5.79521 0.389366 1.63453 -0.00644897 -0.000778823 8.33986e-06
73.6999 5.79951 0.389418 1.63456 -0.00594408 -0.000516144 1.65083e-05
73.7217 5.80402 0.389451 1.63459 -0.00561403 -0.000425248 9.4273e-06
73.7407 5.80874 0.389472 1.63461 -0.00532431 -0.000876802 1.05582e-05
73.7605 5.81368 0.389505 1.63462 -0.00502581 -0.000753159 -3.50615e-06
73.7847 5.8188 0.389527 1.63463 -0.00483459 -0.00103279 1.94065e-05
73.8008 5.82412 0.389522 1.63462 -0.00478078 -0.000826388 6.16604e-05
73.8222 5.82965 0.38953 1.63461 -0.00459532 -0.000890031 7.78198e-05
73.8411 5.83536 0.389553 1.63459 -0.00435706 -0.00129913 8.6103e-05
73.8612 5.8413 0.389579 1.63456 -0.00418289 -0.000975211 6.76497e-05
73.8843 5.84744 0.389606 1.63452 -0.00397261 -0.00089018 2.85243e-05
73.9029 5.85381 0.38964 1.63449 -0.00365969 -0.000590832 6.80658e-06
73.9252 5.86037 0.389665 1.63444 -0.00340396 -0.000858794 6.46663e-06
73.9429 5.86712 0.389683 1.63438 -0.00319067 -0.00111743 1.361e-05
73.9628 5.87409 0.389705 1.63432 -0.00294959 -0.00112387 7.07216e-06
73.9863 5.88129 0.38973 1.63425 -0.00267966 -0.00060724 -1.38568e-05
74.0031 5.88865 0.389738 1.63418 -0.00256605 -0.00103587 4.29175e-05
74.0238 5.89619 0.389739 1.63411 -0.00243645 -0.000805918 7.33243e-05
74.0433 5.90391 0.389749 1.63405 -0.00225958 -0.000457057 9.43568e-05
74.0635 5.91177 0.389767 1.63399 -0.00208159 -0.000539733 0.000111897
74.0858 5.91978 0.389781 1.63392 -0.00194572 -0.000605317 0.000109177
74.1038 5.92795 0.389788 1.63386 -0.0017413 -1.18774e-05 8.65705e-05
74.1243 5.93624 0.389801 1.6338 -0.00152141 -0.000471474 7.03788e-05
74.1445 5.94468 0.389821 1.63375 -0.00134507 -0.000110766 5.09973e-05
74.1643 5.95324 0.389846 1.6337 -0.00117161 -4.73922e-05 2.61958e-05
74.1854 5.96194 0.389875 1.63365 -0.00100242 0.000305539 -3.13442e-07
74.2054 5.97072 0.389908 1.63359 -0.000851742 -0.000691914 -2.6995e-05
74.2263 5.97974 0.389931 1.63355 -0.00065253 0.000229102 3.11293e-05
74.2455 5.9889 0.389941 1.63354 -0.000436687 -9.55301e-05 8.21976e-05
74.2653 5.99825 0.389951 1.63356 -0.000242911 0.00081786 0.000115986
74.2869 6.00762 0.389954 1.63359 -0.000208805 -0.000119836 0.000129065
74.3061 6.01708 0.389948 1.63364 -0.000112044 0.0003251 0.000149188
74.3284 6.02659 0.389943 1.6337 2.60818e-05 0.000395929 0.000162765
74.3464 6.03615 0.389937 1.63375 9.25488e-05 0.000528662 0.000183727
74.3662 6.04575 0.389929 1.63378 9.71706e-05 0.000785953 0.00021502
74.3864 6.05539 0.389919 1.63379 0.000104447 0.000866548 0.000250777
74.4066 6.06506 0.389905 1.63378 0.000125459 0.000895579 0.000282201
74.4276 6.0748 0.389889 1.63375 0.000164717 0.001668 0.000305656
74.447 6.0845 0.389873 1.63371 0.000186796 0.00133699 0.000321817
74.4669 6.0942 0.389855 1.63367 0.000260351 0.00122069 0.000331038
74.4887 6.1039 0.389833 1.63362 0.000341159 0.00144337 0.00033174
74.5082 6.11359 0.389809 1.63355 0.000429044 0.00159225 0.000327538
74.5288 6.12327 0.389783 1.63346 0.00050888 0.00171692 0.000319387
74.5482 6.13294 0.389755 1.63336 0.000588805 0.0016322 0.000307793
74.5685 6.14264 0.389725 1.63325 0.000622204 0.00252083 0.000292061
74.5922 6.15226 0.389692 1.63312 0.000824392 0.00187736 0.00027287
74.6088 6.16185 0.389656 1.63302 0.000966522 0.00161035 0.000261125
74.6295 6.17138 0.389615 1.63292 0.00119884 0.000247194 0.000243712
74.6495 6.18107 0.389572 1.63287 0.00107533 0.00245607 0.000222959
74.6696 6.19077 0.389524 1.63285 0.000960853 0.00275142 0.00019622
74.6902 6.20048 0.389472 1.63286 0.00098224 0.00199435 0.000162822
74.7096 6.21021 0.389416 1.6329 0.00112008 0.0017624 0.000129346
74.7302 6.21995 0.389356 1.63293 0.00126094 0.00197473 9.30888e-05
74.7503 6.2297 0.389291 1.63294 0.00139535 0.00202966 5.47745e-05
74.7699 6.23945 0.38922 1.63294 0.00154662 0.00180559 1.53063e-05
74.7913 6.24919 0.389144 1.63291 0.00164219 0.00183492 -2.28635e-05
74.8104 6.25892 0.389062 1.63286 0.00172854 0.00186808 -6.22881e-05
74.8318 6.26863 0.388974 1.63279 0.00177786 0.00170606 -0.000106874
74.8507 6.27832 0.388879 1.6327 0.00179041 0.00170623 -0.000151483
74.8707 6.28797 0.388778 1.6326 0.00174242 0.00154287 -0.000197949
74.8913 6.29762 0.38867 1.63249 0.00178986 0.00162857 -0.000245542
74.9111 6.30723 0.388555 1.63236 0.00185284 0.00154858 -0.000291322
74.9324 6.31683 0.388434 1.63222 0.0018765 0.00169573 -0.000338468
74.9516 6.32639 0.388306 1.63206 0.00182692 0.0019084 -0.000386834
74.9717 6.3359 0.388171 1.6319 0.00181615 0.00177628 -0.000433187
74.9935 6.34534 0.388029 1.63174 0.00182221 0.00157484 -0.000480914
75.0126 6.35472 0.387881 1.63158 0.001786 0.00188179 -0.000528709
75.0333 6.36404 0.387726 1.63142 0.00179851 0.00191215 -0.000577488
75.0533 6.37327 0.387565 1.63127 0.00176665 0.00170933 -0.00062592
75.073 6.38243 0.387397 1.63112 0.00175079 0.0018048 -0.000674109
75.0952 6.39151 0.387223 1.63099 0.00172429 0.00196018 -0.000724303
75.1131 6.40049 0.387044 1.63085 0.00159922 0.00187369 -0.000773713
75.1351 6.40939 0.386859 1.63072 0.00148074 0.00187091 -0.00081796
75.1545 6.4182 0.386668 1.63059 0.00143948 0.0021259 -0.000857824
75.1744 6.42691 0.386473 1.63047 0.00125793 0.00226111 -0.000902078
75.1985 6.4355 0.386274 1.63036 0.00116747 0.00215504 -0.000946863
75.2152 6.44397 0.38607 1.63025 0.00110319 0.00204625 -0.000990826
75.2367 6.45233 0.385862 1.63016 0.00116782 0.00167841 -0.00103373
75.2549 6.4606 0.385652 1.63007 0.00102644 0.00207061 -0.00107699
75.2748 6.46879 0.385438 1.63002 0.000970711 0.00244206 -0.0011166
75.2987 6.47685 0.38522 1.62997 0.000898761 0.00221917 -0.00115469
75.3155 6.4848 0.385001 1.62993 0.000810855 0.00209359 -0.00119196
75.3364 6.49263 0.384778 1.62991 0.000815127 0.00205943 -0.0012266
75.3566 6.50034 0.384553 1.62989 0.000737972 0.00229142 -0.00125972
75.3758 6.50792 0.384325 1.62988 0.000735236 0.00214488 -0.00129125
75.3961 6.51536 0.384095 1.62988 0.000840933 0.00183679 -0.00131803
75.4157 6.52268 0.383864 1.6299 0.000807882 0.0020267 -0.00134786
75.4378 6.52985 0.38363 1.62993 0.000836683 0.00215012 -0.00137265
75.4567 6.53687 0.383394 1.62997 0.000705062 0.00215923 -0.00140012
75.4763 6.54371 0.383156 1.63001 0.000653191 0.00196598 -0.00142313
75.4974 6.5504 0.382916 1.63005 0.0006353 0.00204 -0.00144302
75.5169 6.55692 0.382675 1.63008 0.000576238 0.00183554 -0.0014654
75.5378 6.56328 0.382434 1.63011 0.000369416 0.00191302 -0.00149066
75.5571 6.56949 0.382191 1.63014 0.000353481 0.00188169 -0.00150859
75.5774 6.57554 0.381948 1.63018 0.000231222 0.00207915 -0.00152719
75.6001 6.58142 0.381705 1.63021 0.000140831 0.00183305 -0.00154517
75.6177 6.58716 0.381462 1.63025 8.68244e-05 0.00199584 -0.00156054
75.6382 6.59273 0.38122 1.63029 5.75289e-05 0.00174579 -0.00157639
75.6577 6.59816 0.380979 1.63031 -2.40255e-05 0.00167863 -0.0015902
75.678 6.60345 0.380739 1.63033 -8.45314e-05 0.00195612 -0.00160424
75.7005 6.60858 0.380499 1.63034 -7.49257e-05 0.00155815 -0.00161711
75.7185 6.61356 0.380261 1.63035 -0.000109016 0.00154329 -0.00162954
75.74 6.61841 0.380025 1.63036 -0.000149891 0.00163781 -0.00163588
75.7595 6.62312 0.37979 1.63036 -0.000184345 0.00156244 -0.00164483
75.7794 6.6277 0.379556 1.63035 -0.000207142 0.00147171 -0.00165141
75.8004 6.63215 0.379325 1.63034 -0.000233443 0.00134869 -0.0016569
75.8211 6.63648 0.379095 1.63032 -0.000237429 0.00134243 -0.00166263
75.8431 6.64068 0.378867 1.6303 -0.000254748 0.001229 -0.00167081
75.8617 6.64476 0.378641 1.63027 -0.000264809 0.00126526 -0.00167239
75.8816 6.6487 0.378416 1.63025 -0.00026935 0.00114942 -0.00166803
75.9023 6.65253 0.378194 1.63022 -0.000248446 0.000942799 -0.00166455
75.9216 6.65624 0.377974 1.63019 -0.000238764 0.00094598 -0.00166414
75.9425 6.65985 0.377755 1.63016 -0.000242069 0.00110333 -0.00166343
75.9621 6.66332 0.377538 1.63012 -0.000276769 0.000755141 -0.00166368
75.9822 6.6667 0.377324 1.63009 -0.000310981 0.000982752 -0.00166321
76.0058 6.66996 0.377111 1.63007 -0.000326778 0.000789041 -0.00166259
76.0226 6.67313 0.376901 1.63005 -0.000329308 0.000931013 -0.0016605
76.0465 6.67617 0.376692 1.63003 -0.000307038 0.000597232 -0.00165618
76.063 6.67911 0.376485 1.63002 -0.000272051 0.00074605 -0.00165267
76.083 6.68195 0.37628 1.63002 -0.000244378 0.000630572 -0.00164711
76.107 6.68469 0.376077 1.63002 -0.000216153 0.000704344 -0.00164308
76.1235 6.68733 0.375876 1.63002 -0.000196578 0.000464058 -0.00163729
76.1443 6.68989 0.375676 1.63003 -0.000190479 0.000645839 -0.00162808
76.1637 6.69234 0.375478 1.63003 -0.000166184 0.000398562 -0.00162138
76.1836 6.69471 0.375281 1.63004 -0.000163498 0.000454358 -0.00161483
76.2062 6.69697 0.375086 1.63006 -0.000157978 0.000330639 -0.00160798
76.224 6.69915 0.374892 1.63007 -0.000153267 0.000205926 -0.00160281
76.2444 6.70125 0.3747 1.6301 -0.000158554 0.000415115 -0.00159774
76.2639 6.70326 0.374509 1.63012 -0.000181828 0.000471527 -0.00159113
76.2848 6.70517 0.374319 1.63015 -0.000171866 0.000187763 -0.00158361
76.3053 6.70701 0.37413 1.63018 -0.000148968 0.000278246 -0.00157657
76.3248 6.70876 0.373943 1.63021 -8.02528e-05 9.98746e-05 -0.00156535
76.3482 6.71044 0.373757 1.63024 -8.62427e-05 0.000152248 -0.00155758
76.3658 6.71205 0.373572 1.63027 -9.70603e-05 0.000318455 -0.00154971
76.3857 6.71357 0.373388 1.63031 -8.54481e-05 6.3352e-05 -0.00154142
76.4089 6.71502 0.373205 1.63034 -8.48546e-05 7.56276e-05 -0.00153141
76.4262 6.71637 0.373023 1.63038 -0.000107848 -4.66404e-05 -0.00152362
76.4473 6.71768 0.372843 1.63043 -0.000162223 0.00023839 -0.00151474
76.4665 6.7189 0.372663 1.63047 -0.000166169 9.25479e-05 -0.00150552
76.4871 6.72007 0.372485 1.63053 -0.000157484 0.00022375 -0.00149716
76.512 6.72116 0.372308 1.63058 -0.000130819 -2.80459e-05 -0.00148766
76.5276 6.72219 0.372132 1.63064 -4.93764e-05 -0.00020917 -0.00147707
76.5482 6.72316 0.371956 1.6307 2.36348e-05 -0.000131584 -0.00146679
76.5675 6.72408 0.371782 1.63076 2.47051e-05 -0.000109935 -0.00145855
76.588 6.72495 0.371608 1.63081 -2.61041e-05 -0.000129159 -0.00144768
76.6098 6.72576 0.371435 1.63085 -1.73193e-05 -0.00014578 -0.00143747
76.6277 6.72652 0.371263 1.63089 -3.47412e-05 -0.000232906 -0.00142817
76.6484 6.72722 0.371091 1.63092 8.97852e-06 -0.000541497 -0.00141852
76.6681 6.72791 0.37092 1.63095 -8.45323e-05 -0.000243067 -0.00140863
76.6888 6.72858 0.37075 1.63099 -0.000133937 -0.000140357 -0.00139778
76.7106 6.72922 0.370581 1.63102 -0.000116554 -0.000264279 -0.00138791
76.7285 6.72984 0.370412 1.63105 -7.51182e-05 -0.000335762 -0.00137911
76.751 6.73043 0.370245 1.63108 -2.3084e-05 -0.00043374 -0.00136661
76.7689 6.73101 0.370078 1.6311 7.87274e-06 -0.000401539 -0.0013552
76.789 6.73158 0.369912 1.63111 3.60621e-05 -0.000378605 -0.00134577
76.8135 6.73213 0.369746 1.63113 7.33153e-05 -0.000411811 -0.00133761
76.8295 6.73266 0.36958 1.63113 0.000122606 -0.000450171 -0.00133053
76.8508 6.73318 0.369414 1.63113 0.000173752 -0.000459548 -0.0013213
76.8697 6.73369 0.369249 1.63113 0.000217026 -0.000483133 -0.00131099
76.8898 6.73418 0.369083 1.63112 0.000221061 -0.000510718 -0.00130135
76.9136 6.73465 0.368917 1.63111 0.000208862 -0.000523453 -0.00129228
76.9305 6.73511 0.36875 1.6311 0.000208961 -0.000529891 -0.00128362
76.9513 6.73555 0.368584 1.63108 0.000219314 -0.0005281 -0.00127524
76.9706 6.73598 0.368417 1.63106 0.000212993 -0.000522934 -0.00126702
76.9911 6.7364 0.36825 1.63103 0.000197181 -0.000516983 -0.00125891
77.0116 6.7368 0.368082 1.63101 0.000189789 -0.000510507 -0.00125089
77.0313 6.73718 0.367915 1.63098 0.000168922 -0.000504293 -0.00124297
77.0525 6.73755 0.367747 1.63095 0.000144492 -0.000497259 -0.00123515
77.0716 6.73791 0.36758 1.63092 0.000139471 -0.000489295 -0.00122742
77.0919 6.73824 0.367412 1.6309 0.000162742 -0.000605359 -0.00121977
77.1132 6.73857 0.367245 1.63087 7.19032e-05 -0.000532154 -0.00121903
77.1332 6.7389 0.367079 1.63085 -0.000187689 -0.000419675 -0.00122577
77.1545 6.73921 0.366915 1.63083 -0.000521999 -0.000303049 -0.00123431
77.1729 6.73952 0.366752 1.63082 -0.000691523 -0.000447175 -0.00124056
77.1929 6.73982 0.366592 1.6308 -0.000620038 -0.000390514 -0.00125163
77.2148 6.7401 0.366432 1.63078 -0.000309962 -0.000394209 -0.00126026
77.2333 6.74037 0.366274 1.63077 0.000191938 -0.000493057 -0.00126983
77.2542 6.74063 0.366113 1.63076 0.000968724 -0.000374686 -0.00127759
77.2736 6.74088 0.365948 1.63074 0.00200692 -0.000423826 -0.00128775
77.2938 6.74112 0.365774 1.63073 0.00325784 -0.000494813 -0.001299
77.3156 6.74134 0.365586 1.63071 0.00473558 -0.000421809 -0.00130943
77.3339 6.74154 0.365379 1.6307 0.00633985 -0.000401517 -0.0013201
77.3546 6.74174 0.365147 1.63068 0.00808623 -0.000396195 -0.00132984
77.3744 6.74191 0.364884 1.63066 0.00999626 -0.000323491 -0.00133748
77.3943 6.74208 0.364581 1.63065 0.0119798 -0.000340234 -0.00134862
77.4159 6.74223 0.364232 1.63063 0.0140141 -0.00029904 -0.00135953
77.4356 6.74237 0.363829 1.63062 0.0160727 -0.000233864 -0.00137027
77.456 6.74249 0.363363 1.63061 0.0181579 -0.000266784 -0.00138252
77.4752 6.74261 0.362828 1.6306 0.0203278 -0.000229318 -0.0013936
77.4953 6.7427 0.362214 1.6306 0.0225446 -0.000212943 -0.00140487
77.5162 6.74279 0.361513 1.6306 0.0247532 -0.000172025 -0.00141526
77.5357 6.74286 0.360717 1.63061 0.0270875 -0.000198309 -0.001426
77.5566 6.74292 0.359817 1.63063 0.0293663 -0.000147475 -0.00143384
77.576 6.74296 0.358806 1.63065 0.0315214 -0.000125435 -0.00144352
77.5961 6.74299 0.357674 1.63069 0.0336255 -8.27288e-05 -0.00145311
77.6174 6.74301 0.356414 1.63072 0.0356579 -9.33373e-05 -0.00146255
77.6364 6.74301 0.355016 1.63077 0.0379269 -4.46218e-05 -0.00147033
77.659 6.743 0.353473 1.63083 0.0404161 5.81074e-05 -0.00147633
77.6774 6.74296 0.351761 1.63097 0.0447496 -2.44188e-05 -0.00148255
77.6975 6.74289 0.349854 1.63121 0.0526086 -6.26774e-05 -0.00148095
77.7188 6.7428 0.347727 1.63155 0.0625957 -0.000107158 -0.00147551
77.7375 6.74268 0.345355 1.63198 0.0727567 -4.97308e-05 -0.00146688
77.7586 6.74254 0.342706 1.63247 0.0819249 0.000139102 -0.00145145
77.7778 6.74239 0.339751 1.63297 0.0895565 0.000191518 -0.00144811
77.798 6.74221 0.336463 1.63348 0.095524 0.000132183 -0.00145616
77.8203 6.74202 0.332822 1.63397 0.0996295 0.000242959 -0.00144862
77.8389 6.74182 0.328815 1.63443 0.101994 0.000272957 -0.00144958
77.8602 6.74161 0.324432 1.63487 0.1027 0.000271063 -0.00145373
77.8796 6.74138 0.319672 1.63527 0.102047 0.000233229 -0.00146311
77.9001 6.74114 0.314538 1.63563 0.100125 0.000234954 -0.00146924
77.9219 6.7409 0.309036 1.63595 0.0972268 0.000235776 -0.00147408
77.94 6.74064 0.303178 1.63624 0.0936708 0.000219668 -0.00148312
77.9604 6.74037 0.296977 1.63649 0.089725 0.000200824 -0.00149215
77.9813 6.74009 0.290449 1.63672 0.0853654 0.000230427 -0.00149495
78.0009 6.73981 0.283612 1.63691 0.0806759 0.000203192 -0.00150453
78.0239 6.7395 0.276486 1.63708 0.0756399 0.000119172 -0.0015194
78.041 6.7392 0.26909 1.63721 0.0702661 0.000280277 -0.00151571
78.0622 6.73889 0.261447 1.63732 0.064577 0.000158971 -0.00153098
78.0815 6.73858 0.253578 1.63739 0.0587493 0.00027114 -0.00153146
78.1015 6.73825 0.245507 1.63745 0.0529149 0.000286324 -0.00153989
78.1234 6.73791 0.237251 1.63748 0.047799 3.35177e-05 -0.00156308
78.1429 6.73758 0.228831 1.63748 0.0436277 0.000153261 -0.00156962
78.1638 6.73723 0.220266 1.63744 0.039859 0.000198641 -0.00157644
78.1833 6.73689 0.211576 1.63738 0.0357055 0.000145574 -0.00158681
78.2026 6.73654 0.202779 1.6373 0.0310513 0.000212185 -0.00159497
78.225 6.73619 0.193892 1.6372 0.025926 0.000146169 -0.00160614
78.2434 6.73584 0.184935 1.63707 0.0205546 0.000129621 -0.00161366
78.2667 6.73549 0.175928 1.63693 0.0150151 0.000224948 -0.00161812
78.2841 6.73513 0.166893 1.63677 0.00919537 9.57678e-05 -0.0016244
78.3042 6.73477 0.15785 1.63659 0.0037869 0.000146131 -0.00163238
78.326 6.73441 0.148816 1.63639 -0.000759005 0.000208977 -0.0016412
78.3441 6.73405 0.139811 1.63613 -0.0047383 1.729e-05 -0.00164536
78.3665 6.7337 0.130854 1.63586 -0.00878738 0.000188838 -0.00165024
78.3846 6.73335 0.121963 1.63556 -0.0132424 0.000183865 -0.00165596
78.4046 6.733 0.113156 1.63526 -0.0181111 9.37859e-05 -0.00166004
78.426 6.73267 0.10445 1.63497 -0.0233701 0.00025538 -0.00166754
78.4458 6.73234 0.0958646 1.63467 -0.0286662 0.000150935 -0.00166823
78.4663 6.73201 0.0874145 1.63434 -0.0333189 8.57126e-05 -0.00167155
78.4857 6.7317 0.0791192 1.63397 -0.0376131 0.000165231 -0.00167943
78.5056 6.73138 0.0710003 1.6336 -0.0423125 3.0355e-05 -0.0016772
78.5271 6.73107 0.0630751 1.63323 -0.0472615 9.9222e-05 -0.00168153
78.5461 6.73077 0.0553623 1.63286 -0.0524052 8.07643e-05 -0.00167871
78.5667 6.73048 0.0478818 1.6325 -0.057729 5.1039e-05 -0.00167561
78.5863 6.7302 0.040651 1.63215 -0.0627263 7.04884e-05 -0.00167616
78.6067 6.72992 0.0336883 1.63181 -0.0674108 -7.72175e-05 -0.00166504
78.6291 6.72966 0.0270099 1.63147 -0.0716115 4.56713e-05 -0.00167405
78.6466 6.7294 0.0206318 1.63116 -0.0751256 0.000159619 -0.00168142
78.6675 6.72915 0.0145679 1.63088 -0.0780157 8.21144e-06 -0.00167087
78.6871 6.7289 0.0088279 1.63064 -0.0800932 7.76347e-07 -0.00166843
78.7072 6.72866 0.00341597 1.63043 -0.0808523 7.1128e-05 -0.0016737
78.7303 6.72843 -0.00166712 1.63025 -0.0802796 5.41214e-05 -0.00167544
78.7477 6.7282 -0.00642207 1.6301 -0.0788524 3.97742e-06 -0.00167317
78.77 6.72797 -0.0108543 1.62996 -0.0768609 7.07481e-06 -0.00166983
78.7877 6.72775 -0.0149735 1.62984 -0.0742962 5.57764e-05 -0.00167104
78.8079 6.72754 -0.0187897 1.62973 -0.0713821 -5.53399e-05 -0.00165912
78.831 6.72733 -0.0223138 1.62963 -0.068317 -7.68059e-06 -0.0016597
78.8485 6.72712 -0.0255575 1.62955 -0.0653319 5.38591e-05 -0.00165801
78.8694 6.72692 -0.0285341 1.62948 -0.0623373 -2.82545e-05 -0.0016477
78.8889 6.72673 -0.0312559 1.62943 -0.0593371 6.83085e-05 -0.00164357
78.9098 6.72654 -0.0337346 1.62939 -0.0565297 6.37322e-05 -0.00163117
78.9317 6.72636 -0.0359825 1.62936 -0.053862 1.93142e-05 -0.00161551
78.9495 6.72618 -0.0380119 1.62935 -0.0511375 0.000106447 -0.00160509
78.9702 6.72601 -0.0398341 1.62935 -0.0484486 3.82837e-05 -0.00158586
78.9898 6.72584 -0.0414601 1.62935 -0.0458111 4.11418e-05 -0.00157001
79.0098 6.72568 -0.0429007 1.62936 -0.0432599 0.000105955 -0.00155864
79.0333 6.72552 -0.0441677 1.62938 -0.04063 1.36894e-05 -0.00153603
79.0511 6.72537 -0.0452727 1.6294 -0.0378143 5.31093e-05 -0.00151997
79.0723 6.72522 -0.0462267 1.62943 -0.0349185 7.75369e-05 -0.00150091
79.0916 6.72508 -0.0470409 1.62945 -0.0320617 1.79832e-05 -0.0014799
79.1111 6.72494 -0.047725 1.62948 -0.0295077 0.000106928 -0.00146156
79.1332 6.72481 -0.0482889 1.62952 -0.0273694 9.31168e-05 -0.00143544
79.1519 6.72468 -0.0487431 1.62957 -0.0253599 5.93325e-05 -0.0014094
79.1747 6.72456 -0.049096 1.62962 -0.0234603 0.000107672 -0.00139029
79.1917 6.72444 -0.0493547 1.62966 -0.0217789 8.39278e-05 -0.00136962
79.2117 6.72433 -0.0495268 1.62971 -0.0202241 8.92186e-05 -0.0013519
79.2341 6.72422 -0.0496185 1.62975 -0.0188136 0.000100788 -0.00133055
79.2524 6.72412 -0.0496351 1.62978 -0.0176204 5.38579e-05 -0.0012991
79.2733 6.72402 -0.0495822 1.62982 -0.0165443 6.0437e-05 -0.00127087
79.293 6.72392 -0.0494639 1.62985 -0.0156058 4.81922e-05 -0.00124436
79.3128 6.72383 -0.0492841 1.62987 -0.014835 8.85541e-05 -0.00122063
79.3339 6.72374 -0.0490465 1.6299 -0.0141385 -8.97613e-06 -0.00119109
79.3532 6.72365 -0.0487544 1.62992 -0.0134227 6.40571e-05 -0.00116374
79.3746 6.72357 -0.0484109 1.62995 -0.0126977 9.97479e-05 -0.00113816
79.3936 6.7235 -0.0480187 1.62997 -0.0119931 9.09236e-05 -0.00111764
79.4137 6.72342 -0.0475821 1.62999 -0.0110744 6.78746e-05 -0.00110507
79.4348 6.72335 -0.0471061 1.63 -0.00976187 8.04664e-05 -0.00109994
79.4544 6.72329 -0.0465948 1.63001 -0.00825342 8.88101e-05 -0.00109343
79.4746 6.72323 -0.0460529 1.63001 -0.00676384 6.58457e-05 -0.00108777
79.4944 6.72318 -0.0454863 1.63001 -0.00528422 7.82056e-05 -0.00108492
79.5148 6.72313 -0.0449009 1.63 -0.00384027 7.71483e-05 -0.00108067
79.5363 6.72308 -0.0443017 1.62998 -0.00250648 8.05492e-05 -0.00107667
79.5551 6.72304 -0.0436939 1.62996 -0.00134309 8.87744e-05 -0.00106724
79.5757 6.72301 -0.0430815 1.62993 -0.000388533 7.33827e-05 -0.00106492
79.5961 6.72297 -0.0424686 1.6299 0.000380351 8.29697e-05 -0.00106368
79.6158 6.72295 -0.0418575 1.62987 0.000862817 0.000111317 -0.00106159
79.6394 6.72292 -0.04125 1.62983 0.00105334 0.000126174 -0.00105889
79.6561 6.72291 -0.0406476 1.62978 0.00108307 0.000145339 -0.0010582
79.6781 6.72289 -0.0400513 1.62974 0.00108061 0.000162167 -0.00105606
79.6964 6.72288 -0.0394612 1.62969 0.00110549 0.000167749 -0.00105704
79.7165 6.72288 -0.0388778 1.62963 0.00119996 0.000169724 -0.00105759
79.7377 6.72288 -0.0383012 1.62958 0.00133588 0.000169291 -0.00105561
79.7573 6.72288 -0.0377318 1.62953 0.00148775 0.000160591 -0.00105606
79.7783 6.72289 -0.0371703 1.62947 0.00166904 0.000158208 -0.00105885
79.7974 6.72291 -0.0366172 1.62942 0.00186252 0.000159949 -0.00105981
79.8175 6.72293 -0.0360732 1.62937 0.00205276 0.0001579 -0.00106254
79.8384 6.72295 -0.0355389 1.62932 0.00222343 0.000151009 -0.00106554
79.8578 6.72298 -0.0350149 1.62926 0.00237632 0.000150106 -0.00106687
79.8788 6.72301 -0.0345019 1.62921 0.00251986 0.000154762 -0.00106849
79.898 6.72305 -0.0340002 1.62916 0.00263862 0.000165612 -0.00107505
79.9187 6.72309 -0.0335102 1.62911 0.00271736 0.000182378 -0.0010821
79.9399 6.72314 -0.0330324 1.62906 0.00277515 0.000187745 -0.00108881
79.9594 6.72319 -0.032567 1.62901 0.00282673 0.000180429 -0.00109487
79.9831 6.72324 -0.032114 1.62896 0.00286331 0.000163475 -0.00110365
80.0001 6.7233 -0.0316735 1.62891 0.00286382 0.000142889 -0.00111177
80.0197 6.72337 -0.0312453 1.62887 0.00281671 0.000127987 -0.00111909
80.0403 6.72344 -0.0308295 1.62883 0.00275111 0.000117704 -0.00112414
80.0604 6.72351 -0.030426 1.62879 0.00273095 0.000139035 -0.00112694
80.0814 6.72359 -0.0300347 1.62875 0.00273148 0.000173937 -0.00112883
80.1005 6.72367 -0.0296555 1.62872 0.00274491 0.000194451 -0.00113048
80.1205 6.72375 -0.0292883 1.62868 0.00277384 0.00019381 -0.00113554
80.1418 6.72385 -0.0289332 1.62865 0.00280842 0.000178068 -0.00114037
80.1613 6.72394 -0.0285902 1.62862 0.00283762 0.000159401 -0.00114374
80.1817 6.72404 -0.0282594 1.62859 0.00287276 0.000161627 -0.00114786
80.2017 6.72414 -0.027941 1.62856 0.00289542 0.000162381 -0.00115177
80.2223 6.72425 -0.0276348 1.62854 0.00290418 0.00016714 -0.00115456
80.2424 6.72436 -0.0273408 1.62851 0.00289388 0.000162863 -0.00115791
80.2621 6.72448 -0.0270591 1.62848 0.0028771 0.00015465 -0.00116438
80.2834 6.7246 -0.0267895 1.62846 0.00284954 0.000139305 -0.00116985
80.3035 6.72473 -0.026532 1.62843 0.00282169 0.000121736 -0.00117584
80.3236 6.72486 -0.0262863 1.6284 0.00280418 0.000127118 -0.00118199
80.344 6.72499 -0.0260524 1.62838 0.00278088 0.000139038 -0.00118709
80.3643 6.72513 -0.0258301 1.62835 0.00274958 0.000143937 -0.00119357
80.3853 6.72527 -0.0256193 1.62833 0.00270613 0.000137818 -0.00119805
80.4045 6.72541 -0.0254195 1.6283 0.00264405 0.000118435 -0.00120644
80.4246 6.72556 -0.0252308 1.62828 0.00257935 0.000113916 -0.0012137
80.4458 6.72572 -0.0250528 1.62826 0.00251798 0.000112145 -0.00121913
80.465 6.72588 -0.0248852 1.62824 0.00245594 0.000102871 -0.00122722
80.4866 6.72604 -0.0247278 1.62822 0.00239415 8.8645e-05 -0.00123346
80.6019 6.7262 -0.0245806 1.62821 0.00238311 0.000169123 -0.0012399
80.6225 6.72637 -0.0244427 1.62819 0.00230138 0.000192535 -0.00124273
80.6429 6.72653 -0.0243133 1.62818 0.00204991 0.000201364 -0.00124281
80.6623 6.72668 -0.0241916 1.62817 0.00166911 0.000235547 -0.00124133
80.6839 6.72684 -0.0240764 1.62817 0.00122812 0.000266734 -0.0012386
80.7028 6.72699 -0.0239663 1.62816 0.000797779 0.000305885 -0.00123769
80.7227 6.72713 -0.0238598 1.62815 0.000371316 0.000314192 -0.00123771
80.7433 6.72728 -0.023755 1.62814 -4.43594e-05 0.000320887 -0.00123477
80.7628 6.72742 -0.0236508 1.62814 -0.000396344 0.000350302 -0.00123192
80.7835 6.72755 -0.0235457 1.62813 -0.000686415 0.000365943 -0.00123144
80.8032 6.72769 -0.0234387 1.62811 -0.000902502 0.000376755 -0.0012275
80.8233 6.72782 -0.0233289 1.6281 -0.00105213 0.00039007 -0.00122355
80.8445 6.72795 -0.0232155 1.62808 -0.00115237 0.000400365 -0.00122155
80.8648 6.72808 -0.0230983 1.62806 -0.00122111 0.000419517 -0.0012171
80.8851 6.7282 -0.0229768 1.62803 -0.00126101 0.000413179 -0.00121369
80.9048 6.72832 -0.0228508 1.62801 -0.00128241 0.000406067 -0.00121079
80.9251 6.72844 -0.0227204 1.62798 -0.00127895 0.000417452 -0.00120827
80.9463 6.72856 -0.0225856 1.62795 -0.00125051 0.000429629 -0.00120389
80.9652 6.72867 -0.0224463 1.62792 -0.00121219 0.000420101 -0.00119987
80.9857 6.72878 -0.0223028 1.62789 -0.00116922 0.000405817 -0.00119583
81.0059 6.72889 -0.0221552 1.62787 -0.00111504 0.00041658 -0.00119279
81.0256 6.729 -0.0220038 1.62784 -0.00105457 0.00042851 -0.00119024
81.0465 6.7291 -0.0218487 1.62782 -0.0009961 0.000431128 -0.00118778
81.0662 6.7292 -0.0216903 1.6278 -0.000930828 0.000428257 -0.00118537
81.0873 6.7293 -0.0215289 1.62778 -0.000833279 0.000429322 -0.00118298
81.1071 6.7294 -0.0213648 1.62777 -0.000733459 0.000424335 -0.00118057
81.1268 6.72949 -0.0211983 1.62775 -0.000649124 0.000411073 -0.0011781
81.1496 6.72958 -0.0210297 1.62774 -0.000576145 0.000404781 -0.00117475
81.1679 6.72967 -0.0208594 1.62773 -0.000512314 0.000406206 -0.00117155
81.1883 6.72976 -0.0206876 1.62771 -0.000445861 0.000404968 -0.00116869
81.2079 6.72984 -0.0205146 1.62771 -0.00038274 0.000392638 -0.00116576
81.2286 6.72992 -0.0203405 1.6277 -0.000338087 0.000369325 -0.00116282
81.2503 6.73 -0.0201657 1.62769 -0.000298236 0.000364617 -0.00115987
81.2683 6.73008 -0.0199903 1.62769 -0.000254389 0.000391365 -0.00115911
81.2895 6.73015 -0.0198143 1.62768 -0.000224158 0.000417224 -0.00115705
81.3087 6.73022 -0.0196379 1.62768 -0.000218563 0.00043409 -0.00115441
81.3289 6.73029 -0.0194611 1.62767 -0.000240562 0.000438514 -0.0011516
81.3517 6.73036 -0.0192839 1.62767 -0.00025741 0.000434995 -0.00114874
81.3694 6.73042 -0.0191066 1.62766 -0.000212519 0.000426869 -0.00114593
81.3924 6.73049 -0.0189295 1.62766 -0.000111761 0.000426248 -0.0011443
81.4096 6.73055 -0.0187526 1.62766 2.29107e-05 0.00041531 -0.00114244
81.4296 6.7306 -0.0185765 1.62766 0.00016385 0.000399265 -0.00114269
81.4513 6.73066 -0.0184015 1.62766 0.000300409 0.000384328 -0.00114162
81.471 6.73071 -0.0182283 1.62766 0.000424977 0.000370862 -0.00113906
81.4913 6.73076 -0.0180572 1.62766 0.000538442 0.000367904 -0.0011364
81.5105 6.73081 -0.0178886 1.62766 0.000631577 0.000363386 -0.00113394
81.5311 6.73085 -0.0177229 1.62766 0.000697877 0.00034745 -0.00113217
81.5561 6.73089 -0.0175604 1.62766 0.000751271 0.000331777 -0.00113086
81.572 6.73093 -0.0174013 1.62766 0.000790734 0.000316554 -0.00112905
81.5929 6.73097 -0.0172457 1.62766 0.000819591 0.000308894 -0.00112818
81.6123 6.73101 -0.0170938 1.62766 0.000838414 0.000312361 -0.00112619
81.6322 6.73104 -0.0169456 1.62766 0.000855053 0.000309667 -0.00112447
81.6561 6.73107 -0.0168012 1.62767 0.000868066 0.000296892 -0.00112269
81.6722 6.73109 -0.0166607 1.62767 0.000876483 0.000281563 -0.00112137
81.6945 6.73112 -0.0165242 1.62768 0.00090378 0.000269454 -0.0011199
81.7128 6.73114 -0.0163917 1.62768 0.000945971 0.000266495 -0.00111897
81.7329 6.73115 -0.0162633 1.62769 0.000982192 0.00018867 -0.00111732
81.7534 6.73117 -0.0161389 1.62769 0.000972576 0.000221681 -0.00111524
81.7737 6.7312 -0.0160183 1.6277 0.000883007 0.000268534 -0.00111351
81.7941 6.73123 -0.0159011 1.62771 0.000737664 0.000270067 -0.00111232
81.8133 6.73127 -0.0157871 1.62772 0.000564614 0.000344245 -0.00111074
81.8336 6.73129 -0.0156758 1.62772 0.000420931 0.000196419 -0.00110879
81.8578 6.73133 -0.0155667 1.62773 0.000315776 0.000246356 -0.00110843
81.8737 6.73137 -0.0154594 1.62775 0.000248102 0.000371628 -0.00110731
81.896 6.73141 -0.0153536 1.62776 0.000210062 0.000219516 -0.00110573
81.9138 6.73145 -0.015249 1.62778 0.000171179 0.000358218 -0.00110694
81.9345 6.73149 -0.0151453 1.6278 0.000115195 0.000367622 -0.00110793
81.959 6.73152 -0.0150423 1.62782 5.55178e-05 0.000258543 -0.00110881
81.975 6.73157 -0.0149402 1.62784 3.89324e-05 0.000362991 -0.00110876
81.9962 6.7316 -0.0148387 1.62787 5.9735e-05 0.000359153 -0.00110819
82.0153 6.73164 -0.014738 1.62789 0.000106765 0.00028978 -0.00110817
82.0353 6.73167 -0.0146381 1.62791 0.000177575 0.000181743 -0.00110907
82.0564 6.73171 -0.0145392 1.62793 0.000221171 0.000320653 -0.00110842
82.0758 6.73174 -0.0144412 1.62795 0.000241943 0.000289267 -0.00111192
82.0963 6.73178 -0.0143447 1.62797 0.000289291 0.000356335 -0.0011139
82.1159 6.73181 -0.0142498 1.62799 0.000371741 0.000287179 -0.00111341
82.136 6.73185 -0.0141567 1.62802 0.000441366 0.000305342 -0.00111284
82.1575 6.73188 -0.0140656 1.62804 0.000518584 0.00032032 -0.00111244
82.1766 6.73191 -0.0139769 1.62806 0.000614358 0.000323431 -0.00111214
82.1983 6.73193 -0.0138909 1.62807 0.00069878 0.000326479 -0.00111183
82.2167 6.73196 -0.0138078 1.62808 0.000766757 0.000330978 -0.00111235
82.2372 6.73198 -0.0137279 1.62809 0.000832101 0.000265151 -0.00111267
82.258 6.732 -0.0136517 1.6281 0.000912654 0.000398063 -0.00111322
82.2772 6.73203 -0.0135794 1.6281 0.00101278 0.000330588 -0.00111503
82.2982 6.73205 -0.013511 1.62811 0.00105908 0.000346215 -0.00111584
82.3181 6.73208 -0.0134468 1.62813 0.00108459 0.000323406 -0.0011162
82.3378 6.7321 -0.0133872 1.62814 0.00112526 0.000312507 -0.00111611
82.3583 6.73211 -0.0133322 1.62815 0.00117694 0.000227498 -0.00111556
82.3779 6.73214 -0.0132819 1.62816 0.00120218 0.00036589 -0.00111509
82.399 6.73215 -0.0132364 1.62817 0.00122037 0.000389898 -0.00111634
82.4185 6.73217 -0.0131958 1.62818 0.00124268 0.000326074 -0.00111762
82.4389 6.73218 -0.0131603 1.62819 0.00126803 0.000240257 -0.00111991
82.4659 6.7322 -0.0131299 1.6282 0.00131414 0.000343543 -0.00112114
82.4799 6.73221 -0.0131049 1.62821 0.00137577 0.000250865 -0.00112198
82.5013 6.73223 -0.0130853 1.62822 0.00141357 0.000336585 -0.00112241
82.5199 6.73225 -0.0130711 1.62824 0.0014432 0.0003148 -0.0011251
82.54 6.73227 -0.0130628 1.62826 0.00148824 0.000280208 -0.00112757
82.5639 6.73228 -0.0130604 1.62827 0.00153953 0.000260777 -0.00112826
82.5803 6.7323 -0.0130639 1.62829 0.00158149 0.000292816 -0.00112851
82.602 6.7323 -0.0130736 1.6283 0.00161791 0.000203358 -0.00112921
82.6209 6.73232 -0.0130896 1.62832 0.00164117 0.000298328 -0.0011292
82.6413 6.73233 -0.0131116 1.62833 0.00161529 0.000320461 -0.00113059
82.6613 6.73234 -0.0131397 1.62835 0.00157726 0.000274638 -0.00113169
82.6807 6.73235 -0.0131741 1.62836 0.00156653 0.000282231 -0.00113251
82.7034 6.73235 -0.0132148 1.62837 0.00159303 0.000224337 -0.00113335
82.7217 6.73236 -0.0132616 1.62838 0.00161985 0.000382094 -0.00113389
82.7415 6.73236 -0.0133146 1.62839 0.00165035 0.000332284 -0.00113475
82.7648 6.73236 -0.0133738 1.6284 0.00166951 0.000291748 -0.0011356
82.7828 6.73236 -0.0134394 1.62841 0.00169768 0.000231237 -0.00113716
82.8037 6.73237 -0.0135115 1.62841 0.00174533 0.000263628 -0.00114113
82.8229 6.73237 -0.0135901 1.62842 0.00177416 0.000324088 -0.0011425
82.8426 6.73238 -0.0136755 1.62843 0.00180774 0.000337583 -0.00114312
82.8648 6.73238 -0.0137681 1.62843 0.00191612 0.0003068 -0.00114474
82.8858 6.73238 -0.0138683 1.62844 0.00207856 0.000312811 -0.00114594
82.9075 6.73238 -0.0139763 1.62845 0.00224276 0.000355152 -0.00114708
82.926 6.73238 -0.0140928 1.62846 0.00241582 0.000349427 -0.00114844
82.946 6.73238 -0.0142183 1.62847 0.00258109 0.000392088 -0.00115074
82.9687 6.73237 -0.0143536 1.62847 0.00275262 0.000334313 -0.00115087
82.9861 6.73237 -0.0144993 1.62848 0.00292608 0.000299303 -0.00115183
83.0082 6.73236 -0.0146558 1.62848 0.00306749 0.000321713 -0.00115293
83.0267 6.73236 -0.0148236 1.62849 0.00317461 0.000349375 -0.00115409
83.0468 6.73235 -0.0150031 1.62849 0.00326467 0.000211969 -0.00115582
83.0691 6.73235 -0.0151948 1.6285 0.0033388 0.000301317 -0.00115692
83.087 6.73234 -0.0153989 1.6285 0.0033913 0.000229902 -0.00115849
83.1076 6.73234 -0.0156154 1.62851 0.00342029 0.000315377 -0.00115961
83.1269 6.73234 -0.0158447 1.62852 0.00346198 0.000299199 -0.00116111
83.1472 6.73233 -0.0160868 1.62853 0.00350854 0.000272373 -0.00116143
83.1689 6.73233 -0.0163417 1.62853 0.0035197 0.000305546 -0.00116093
83.1874 6.73231 -0.0166096 1.62854 0.00352629 0.000196156 -0.00116125
83.2079 6.73231 -0.0168904 1.62855 0.00353794 0.000314938 -0.00116011
83.2278 6.7323 -0.0171842 1.62856 0.00356905 0.000245793 -0.00115979
83.2481 6.7323 -0.0174913 1.62857 0.00362328 0.000326927 -0.00115963
83.2686 6.73229 -0.0178115 1.62859 0.00367518 0.000187727 -0.00115966
83.288 6.73228 -0.0181449 1.6286 0.0036862 0.000283503 -0.00115925
83.3089 6.73228 -0.0184912 1.62862 0.0036398 0.000269895 -0.00116049
83.3282 6.73227 -0.0188504 1.62863 0.00354111 0.000231856 -0.00116048
83.3484 6.73225 -0.0192223 1.62865 0.00345334 0.00017376 -0.00116131
83.3727 6.73224 -0.0196067 1.62866 0.00338904 0.000281995 -0.00116129
83.3889 6.73224 -0.0200035 1.62868 0.00339224 0.000324174 -0.00116207
83.4096 6.73223 -0.0204124 1.62869 0.00340245 0.00029521 -0.0011634
83.4288 6.73222 -0.0208332 1.62871 0.00339737 0.000316712 -0.0011639
83.4489 6.73221 -0.0212662 1.62873 0.00342967 0.00023169 -0.00116534
83.4707 6.7322 -0.0217113 1.62875 0.00348384 0.000363336 -0.00116623
83.4895 6.73219 -0.0221688 1.62877 0.00355905 0.000243639 -0.0011678
83.5103 6.73219 -0.0226386 1.62879 0.00361313 0.000342725 -0.00116912
83.5298 6.73219 -0.0231208 1.62881 0.00363361 0.000310359 -0.00116934
83.5501 6.73218 -0.0236157 1.62884 0.00363841 0.000314838 -0.0011693
83.5733 6.73218 -0.0241232 1.62886 0.00364428 0.000310697 -0.00116967
83.5902 6.73217 -0.0246433 1.62888 0.00364174 0.000314394 -0.00117097
83.6127 6.73215 -0.0251757 1.62889 0.0036083 0.000234769 -0.00116945
83.6309 6.73214 -0.0257205 1.6289 0.00355971 0.000366909 -0.00116864
83.6507 6.73213 -0.0262772 1.62891 0.00348036 0.000232459 -0.00116999
83.6745 6.73212 -0.0268456 1.62893 0.00337718 0.000290831 -0.0011712
83.6907 6.73211 -0.0274255 1.62894 0.00328543 0.000296578 -0.00117031
83.7139 6.7321 -0.0280165 1.62895 0.00321538 0.000165559 -0.00117139
83.7308 6.73209 -0.0286182 1.62896 0.00314997 0.000261164 -0.00117188
83.751 6.73207 -0.0292304 1.62896 0.00309334 0.000150268 -0.00117341
83.7722 6.73207 -0.0298525 1.62897 0.00301459 0.00024171 -0.00117407
83.792 6.73206 -0.0304844 1.62898 0.00291643 0.000229527 -0.00117557
83.8128 6.73204 -0.0311256 1.62899 0.00283004 0.000227086 -0.00117628
83.8324 6.73203 -0.0317762 1.629 0.00280183 0.000281328 -0.00117805
83.8529 6.73202 -0.0324367 1.629 0.00293925 0.000314461 -0.00117975
83.8752 6.732 -0.0331074 1.629 0.00321765 0.000285099 -0.00118047
83.894 6.73197 -0.033789 1.629 0.0035615 0.000210254 -0.0011826
83.917 6.73196 -0.0344826 1.629 0.00395352 0.000374278 -0.00118152
83.9354 6.73194 -0.0351892 1.629 0.00430259 0.000345542 -0.00118232
83.9545 6.73192 -0.03591 1.62901 0.00457829 0.000423655 -0.00118403
83.9753 6.73191 -0.0366461 1.62901 0.00478881 0.000387132 -0.00118635
83.9946 6.7319 -0.037398 1.62902 0.00491699 0.000427747 -0.00118699
84.0158 6.73188 -0.0381666 1.62902 0.00500111 0.000392478 -0.0011882
84.0357 6.73186 -0.038952 1.62902 0.00505382 0.000360623 -0.00118832
84.0555 6.73184 -0.0397545 1.62902 0.00506928 0.000272744 -0.00118848
84.0764 6.73183 -0.040574 1.62902 0.00505757 0.000381748 -0.00118735
84.0958 6.73182 -0.0414107 1.62902 0.00504109 0.000296571 -0.00118769
84.1183 6.7318 -0.0422641 1.62902 0.00497643 0.000307061 -0.00118677
84.136 6.73179 -0.0431341 1.62902 0.00488452 0.000291368 -0.00118593
84.157 6.73177 -0.0440204 1.62903 0.00478975 0.000288931 -0.00118664
84.1764 6.73175 -0.0449225 1.62903 0.00469629 0.000321305 -0.00118717
84.1968 6.73173 -0.0458404 1.62903 0.00463673 0.000300445 -0.00118756
84.2189 6.73171 -0.0467735 1.62903 0.00459662 0.000221219 -0.00118988
84.2371 6.73169 -0.0477216 1.62903 0.00455013 0.000357205 -0.00119003
84.2571 6.73167 -0.0486843 1.62902 0.00448194 0.000287537 -0.00118974
84.2789 6.73165 -0.0496613 1.62903 0.0043956 0.000324114 -0.00118994
84.2979 6.73163 -0.0506524 1.62903 0.00430194 0.000255834 -0.00118907
84.3185 6.73161 -0.0516572 1.62904 0.00421113 0.00033499 -0.00118838
84.3378 6.73159 -0.0526752 1.62905 0.00412561 0.000344028 -0.00118913
84.3577 6.73157 -0.0537061 1.62906 0.00405 0.000210245 -0.00118932
84.3826 6.73155 -0.0547495 1.62907 0.00395364 0.000264077 -0.00119065
84.399 6.73154 -0.0558052 1.62908 0.00389156 0.00032437 -0.00119306
84.4197 6.73152 -0.0568728 1.6291 0.00385665 0.000301955 -0.00119472
84.4392 6.7315 -0.0579523 1.62911 0.0038401 0.000272352 -0.00119714
84.4591 6.73148 -0.0590432 1.62912 0.0038229 0.000314029 -0.00119925
84.4832 6.73146 -0.0601457 1.62913 0.00381241 0.000306072 -0.00120178
84.4991 6.73144 -0.0612596 1.62914 0.00381355 0.000317948 -0.00120335
84.5205 6.73141 -0.0623849 1.62914 0.00382623 0.000351142 -0.00120522
84.5395 6.73138 -0.063522 1.62914 0.00392056 0.000378757 -0.00120809
84.56 6.73136 -0.0646709 1.62914 0.00403715 0.000350074 -0.00120978
84.581 6.73133 -0.0658316 1.62914 0.00408715 0.000282422 -0.00121063
84.5997 6.7313 -0.0670041 1.62914 0.00406043 0.000432765 -0.00121136
84.6232 6.73128 -0.0681884 1.62914 0.00399424 0.000300832 -0.00121293
84.6401 6.73126 -0.0693846 1.62914 0.00392783 0.000404865 -0.00121272
84.6601 6.73124 -0.0705924 1.62914 0.0038778 0.000363168 -0.00121187
84.6839 6.73122 -0.0718117 1.62915 0.00385918 0.000375491 -0.00121108
84.7008 6.7312 -0.0730423 1.62915 0.00386254 0.00039287 -0.00121273
84.7225 6.73118 -0.0742839 1.62916 0.0038398 0.000430456 -0.00121364
84.7408 6.73116 -0.0755365 1.62916 0.00381428 0.000352077 -0.00121531
84.761 6.73113 -0.0768001 1.62916 0.00380807 0.000226266 -0.00121777
84.7821 6.73111 -0.0780746 1.62917 0.00379835 0.00030085 -0.00121718
84.8013 6.7311 -0.0793596 1.62917 0.00376057 0.000390103 -0.00121863
84.8219 6.73108 -0.0806551 1.62918 0.0036902 0.000267888 -0.0012178
84.8418 6.73107 -0.0819606 1.62919 0.00357601 0.000347655 -0.00121703
84.8618 6.73105 -0.0832759 1.6292 0.00347347 0.00035091 -0.00121913
84.8828 6.73103 -0.084602 1.62922 0.00360461 0.000226641 -0.00121944
84.9019 6.73102 -0.0859395 1.62923 0.00399621 0.000318594 -0.00122053
84.9228 6.731 -0.0872892 1.62925 0.00452114 0.000213209 -0.00122307
84.9428 6.73099 -0.0886524 1.62927 0.0050555 0.000312907 -0.00122415
84.9625 6.73098 -0.090031 1.62929 0.00557894 0.000312059 -0.00122349
84.9876 6.73096 -0.0914268 1.62931 0.00607057 0.000209196 -0.00122279
85.0035 6.73095 -0.0928416 1.62933 0.0065116 0.000311666 -0.00122453
85.0259 6.73094 -0.0942771 1.62934 0.00689902 0.000263627 -0.00122688
85.0439 6.73093 -0.0957348 1.62936 0.0072604 0.000366962 -0.00122723
85.0639 6.73092 -0.0972162 1.62937 0.00760017 0.000368761 -0.0012255
85.085 6.73091 -0.0987222 1.62938 0.00788673 0.000336163 -0.00122387
85.1044 6.73089 -0.100254 1.62939 0.00806424 0.00027169 -0.00122545
85.1252 6.73088 -0.101811 1.6294 0.00820737 0.000378754 -0.00122786
85.1448 6.73087 -0.103397 1.6294 0.00837856 0.000377642 -0.00122635
85.1654 6.73085 -0.105009 1.62941 0.00854207 0.00031234 -0.00122652
85.1869 6.73083 -0.10665 1.62941 0.00861738 0.000315824 -0.00122787
85.2058 6.73082 -0.108318 1.62942 0.00864406 0.000319731 -0.0012272
85.2267 6.7308 -0.110016 1.62942 0.00868464 0.000293509 -0.0012279
85.2459 6.73077 -0.111741 1.62942 0.00869829 0.00021989 -0.0012285
85.2658 6.73075 -0.113495 1.62942 0.00862628 0.000301246 -0.00122758
85.2888 6.73073 -0.115276 1.62943 0.00852307 0.000264618 -0.00122732
85.3062 6.73072 -0.117085 1.62943 0.00837817 0.000358597 -0.00122693
85.3276 6.7307 -0.118921 1.62944 0.00827538 0.000315343 -0.00122654
85.3471 6.73068 -0.120784 1.62944 0.00825402 0.000220488 -0.00122596
85.3672 6.73067 -0.122674 1.62944 0.00827093 0.000369922 -0.00122542
85.3905 6.73065 -0.124589 1.62945 0.00824561 0.000394317 -0.00122689
85.4078 6.73062 -0.126531 1.62945 0.00815024 0.000337389 -0.00122636
85.4307 6.7306 -0.128497 1.62945 0.00800506 0.000242414 -0.00122767
85.4479 6.73058 -0.130489 1.62946 0.00783405 0.000285615 -0.00122948
85.4677 6.73056 -0.132504 1.62946 0.00762407 0.000437646 -0.00123105
85.4917 6.73054 -0.134543 1.62946 0.00740584 0.000286725 -0.00123509
85.5085 6.73053 -0.136604 1.62946 0.0071696 0.000364364 -0.00123728
85.5326 6.73051 -0.138686 1.62947 0.00688332 0.000315886 -0.00123774
85.5515 6.7305 -0.140788 1.62947 0.00653219 0.000439579 -0.0012386
85.5711 6.73049 -0.142909 1.62948 0.00615437 0.00039407 -0.00123702
85.5917 6.73047 -0.145047 1.62949 0.00580946 0.000346222 -0.0012359
85.6114 6.73045 -0.147201 1.6295 0.00554798 0.000351072 -0.00123701
85.6331 6.73044 -0.14937 1.62951 0.00527883 0.000366595 -0.00123897
85.6516 6.73042 -0.151553 1.62952 0.00499539 0.000363746 -0.00123919
85.6714 6.7304 -0.153748 1.62953 0.00472851 0.000297184 -0.00123932
85.6922 6.73038 -0.155955 1.62954 0.00451501 0.000286166 -0.00124
85.7117 6.73036 -0.158174 1.62955 0.00449782 0.000309989 -0.00123976
85.7327 6.73034 -0.160404 1.62956 0.0045692 0.000341162 -0.00124096
85.7516 6.73032 -0.162644 1.62958 0.00457024 0.000191043 -0.00124361
85.7716 6.7303 -0.164894 1.6296 0.00449982 0.000306109 -0.00124456
85.7964 6.73028 -0.167155 1.62962 0.00453946 0.000264787 -0.0012465
85.8118 6.73025 -0.169429 1.62964 0.00487371 0.000231132 -0.00124781
85.8328 6.73023 -0.171715 1.62967 0.00543772 0.000247757 -0.00124934
85.8521 6.7302 -0.174016 1.6297 0.00598544 0.000312735 -0.00125003
85.8727 6.73018 -0.176333 1.62973 0.00655276 0.000269937 -0.00125079
85.8933 6.73015 -0.178669 1.62976 0.00722725 0.000163748 -0.00124974
85.9127 6.73012 -0.181026 1.62979 0.00796448 0.000319582 -0.00124845
85.9347 6.73009 -0.183406 1.62982 0.00869394 0.000248879 -0.001252
85.9529 6.73007 -0.185813 1.62985 0.00933598 0.000387692 -0.00125114
85.9731 6.73005 -0.188248 1.62988 0.00991974 0.000369597 -0.00125263
85.994 6.73002 -0.190713 1.62991 0.0104198 0.000343525 -0.00125173
86.0135 6.73 -0.193211 1.62993 0.0107898 0.000311061 -0.00124988
86.0346 6.72998 -0.195743 1.62996 0.0111251 0.000354137 -0.00125118
86.0537 6.72996 -0.19831 1.62999 0.0114229 0.000216395 -0.00125292
86.0736 6.72994 -0.200912 1.63001 0.0116059 0.000338088 -0.00125032
86.0958 6.72993 -0.203551 1.63004 0.011684 0.000350702 -0.00124939
86.1147 6.72991 -0.206227 1.63007 0.0117034 0.000311992 -0.00124837
86.136 6.72988 -0.208941 1.63009 0.0117259 0.000325039 -0.00125146
86.1547 6.72986 -0.211691 1.63011 0.0117901 0.000338862 -0.0012535
86.1748 6.72984 -0.214479 1.63012 0.0118688 0.000306885 -0.00125718
86.199 6.72981 -0.217305 1.63014 0.0120153 0.000299255 -0.00125551
86.2152 6.72978 -0.220169 1.63015 0.0122159 0.000208855 -0.00125506
86.236 6.72975 -0.223071 1.63016 0.0123158 0.000379731 -0.00125246
86.2558 6.72972 -0.226011 1.63018 0.0123132 0.000256004 -0.00125556
86.2757 6.7297 -0.22899 1.6302 0.0122118 0.000368932 -0.00125521
86.2964 6.72968 -0.232006 1.63021 0.012078 0.000322939 -0.0012577
86.3157 6.72965 -0.23506 1.63023 0.0118506 0.000277916 -0.00126189
86.3366 6.72962 -0.23815 1.63025 0.0116709 0.000211603 -0.00126403
86.3558 6.72959 -0.241278 1.63026 0.0117334 0.000319197 -0.00126566
86.3759 6.72956 -0.244442 1.63028 0.0119403 0.000259391 -0.00126629
86.3979 6.72954 -0.247642 1.6303 0.0119769 0.000336997 -0.00126735
86.4163 6.72952 -0.250878 1.63033 0.0120321 0.00032384 -0.00127283
86.4368 6.72949 -0.254152 1.63035 0.0121538 0.000284317 -0.00127913
86.4566 6.72947 -0.257463 1.63038 0.0122821 0.000265608 -0.00127859
86.4771 6.72943 -0.26081 1.6304 0.0123064 0.000187466 -0.0012794
86.4976 6.72941 -0.264195 1.63043 0.0123146 0.000351179 -0.00127991
86.517 6.72938 -0.267618 1.63046 0.0124499 0.000322874 -0.00128107
86.5411 6.72935 -0.271079 1.63049 0.0126176 0.000372153 -0.00128298
86.5582 6.72932 -0.274578 1.63052 0.0127085 0.00026287 -0.00128803
86.5778 6.7293 -0.278114 1.63055 0.0126464 0.000284915 -0.00129095
86.5996 6.72927 -0.281688 1.63058 0.01253 0.000306237 -0.001292
86.6183 6.72924 -0.285301 1.63061 0.0125178 0.000283001 -0.00129495
86.6411 6.72921 -0.288949 1.63065 0.0122903 0.000346856 -0.00129378
86.6591 6.72917 -0.292632 1.63068 0.0116942 0.000336918 -0.00129417
86.679 6.72914 -0.296347 1.63072 0.0108766 0.000323077 -0.00129277
86.7008 6.7291 -0.300092 1.63075 0.00994511 0.000357582 -0.00129416
86.7193 6.72906 -0.303863 1.63077 0.00902144 0.000216496 -0.0012935
86.7402 6.72903 -0.307658 1.6308 0.0081227 0.000377024 -0.00128959
86.7595 6.729 -0.311473 1.63082 0.00732976 0.000437639 -0.00129064
86.7801 6.72896 -0.315307 1.63085 0.00683156 0.000291159 -0.00129499
86.8007 6.72893 -0.319153 1.63088 0.00619046 0.000254292 -0.00129626
86.8208 6.72891 -0.32301 1.63092 0.0053112 0.000379984 -0.00129569
86.8411 6.72888 -0.326876 1.63095 0.0043858 0.000222054 -0.00129647
86.8611 6.72886 -0.330745 1.63098 0.00349276 0.000227763 -0.00129562
86.8814 6.72884 -0.334617 1.63101 0.00270088 0.000334516 -0.00129577
86.9019 6.72881 -0.33849 1.63104 0.0023892 0.000180042 -0.00129728
86.921 6.72879 -0.342363 1.63107 0.00273721 0.00027247 -0.00130219
86.9432 6.72877 -0.346238 1.6311 0.00354868 0.000175418 -0.00130712
86.9617 6.72875 -0.350115 1.63114 0.00455607 0.000312339 -0.00130907
86.9816 6.72873 -0.353997 1.63118 0.00550816 0.000303409 -0.00131499
87.0029 6.72871 -0.357887 1.63121 0.00629114 0.000282801 -0.00131833
87.0227 6.72869 -0.361789 1.63124 0.00688598 0.00035463 -0.00132026
87.0425 6.72866 -0.365704 1.63127 0.00740258 0.000217096 -0.00131815
87.0625 6.72864 -0.369635 1.6313 0.00781631 0.000306861 -0.00131714
87.0825 6.72862 -0.373584 1.63133 0.00814216 0.000275302 -0.00131766
87.1037 6.7286 -0.377551 1.63136 0.00839048 0.000356758 -0.00131791
87.1228 6.72858 -0.381539 1.63139 0.00861035 0.000250828 -0.00131764
87.1441 6.72856 -0.385547 1.63142 0.00882399 0.00029289 -0.00131698
87.1631 6.72854 -0.389576 1.63145 0.00899463 0.000192852 -0.00131796
87.1838 6.72852 -0.389655 1.63086 0.00800542 0.000260402 -0.00129508
87.204 6.72851 -0.389714 1.63035 0.00718941 0.000281132 -0.00127534
87.2238 6.72849 -0.389751 1.63 0.00663518 0.000234112 -0.0012384
87.2471 6.72847 -0.38976 1.62983 0.00637041 0.000250635 -0.00121359
87.2652 6.72845 -0.389747 1.62981 0.00635483 0.000227032 -0.0011775
87.2852 6.72844 -0.389709 1.62994 0.0065861 0.000224443 -0.0011459
87.3059 6.72842 -0.38965 1.63021 0.00704638 0.000214315 -0.00111469
87.3258 6.7284 -0.389565 1.6306 0.00773211 0.000225747 -0.00108215
87.3468 6.72838 -0.389467 1.63108 0.00856761 0.000250708 -0.00105152
87.366 6.72835 -0.389356 1.6317 0.00959663 0.000241574 -0.00101221
87.3862 6.72833 -0.389227 1.63246 0.0108415 0.000241569 -0.000972746
87.4084 6.72831 -0.389079 1.63334 0.0122862 0.000235051 -0.000932965
87.427 6.72828 -0.388918 1.63431 0.0138907 0.000230446 -0.00089178
87.4482 6.72826 -0.388749 1.63537 0.0156157 0.000230438 -0.00085039
87.4678 6.72823 -0.388574 1.63648 0.0174377 0.000230431 -0.000808946
87.4879 6.72821 -0.388391 1.63764 0.0193462 0.00022879 -0.000769531
87.6558 6.72819 -0.388205 1.63887 0.0213541 0.000228782 -0.000731816
87.6761 6.72816 -0.388008 1.64018 0.0235007 0.000239549 -0.000697979
87.6961 6.72814 -0.387808 1.64152 0.0257131 0.000213792 -0.000660805
87.7157 6.72812 -0.387616 1.64286 0.0279018 0.000213785 -0.000628635
87.7356 6.72811 -0.387431 1.64418 0.0300555 0.000213778 -0.000597825
87.7592 6.72809 -0.387258 1.64543 0.0320911 0.00020683 -0.000568527
87.7761 6.72808 -0.387116 1.64659 0.0337717 0.000159889 -0.000540672
87.7969 6.72806 -0.387023 1.6476 0.0348539 3.78875e-05 -0.000514187
87.8161 6.72805 -0.386977 1.64848 0.0353591 -1.93401e-05 -0.00048899
87.8366 6.72805 -0.386966 1.64918 0.0354148 -9.95476e-05 -0.000465025
87.8583 6.72804 -0.386989 1.64973 0.035035 -0.000193893 -0.000442231
87.8769 6.72803 -0.387038 1.65012 0.0343486 -0.000348379 -0.000420547
87.8974 6.72803 -0.387092 1.65036 0.0335961 -0.000445546 -0.000399929
87.9174 6.72803 -0.387147 1.65045 0.0328308 -0.000640136 -0.000380314
87.9375 6.72803 -0.38721 1.65042 0.0319836 -0.0006773 -0.000361673
87.9589 6.72804 -0.387284 1.65027 0.031012 -0.000832707 -0.000343933
87.9777 6.72806 -0.387356 1.65002 0.0300663 -0.00101521 -0.000327061
88.0003 6.72809 -0.387434 1.64969 0.0290638 -0.000996798 -0.000311034
88.018 6.72814 -0.387523 1.6493 0.0279324 -0.00110938 -0.000295778
88.0382 6.72821 -0.387597 1.64884 0.0268478 -0.00192163 -0.000223368
88.0593 6.72844 -0.387709 1.64839 0.0254406 -0.00059927 -0.000202725
88.0787 6.72876 -0.387818 1.64793 0.0241111 -0.000518705 -0.000193117
88.0993 6.72915 -0.387908 1.64742 0.023025 -0.00116281 -0.00018888
88.1186 6.72964 -0.388001 1.64683 0.0219059 -0.00147586 -0.000183575
88.1389 6.73023 -0.388089 1.64619 0.0207932 -0.00165845 -0.000194926
88.1595 6.73092 -0.388195 1.64559 0.0195779 -0.00153687 -0.000177171
88.1791 6.73171 -0.388281 1.64505 0.0185849 -0.00168029 -0.000168474
88.2024 6.7326 -0.388355 1.64455 0.017599 -0.00187698 -0.000184511
88.2198 6.7336 -0.388459 1.64411 0.0164464 -0.00156666 -0.000164016
88.2401 6.73472 -0.388547 1.64371 0.0155197 -0.00130383 -0.000128164
88.2615 6.73593 -0.388612 1.64334 0.0147883 -0.00168692 -0.000122418
88.2811 6.73725 -0.388677 1.64301 0.0140663 -0.00156281 -0.000110831
88.3034 6.73868 -0.388731 1.64272 0.0133507 -0.00166987 -0.00012919
88.3214 6.74024 -0.388797 1.64247 0.0124705 -0.00107934 -0.00014749
88.3419 6.7419 -0.388871 1.64224 0.0117484 -0.000895358 -0.000104627
88.3639 6.74367 -0.388919 1.64203 0.0111971 -0.000860491 -5.9769e-06
88.383 6.74557 -0.388968 1.64183 0.0106743 -0.000754651 7.98274e-07
88.4033 6.7476 -0.389003 1.64168 0.0100143 -0.000949093 -8.10248e-05
88.4228 6.74974 -0.38907 1.64154 0.0093691 -0.00151368 -0.000130703
88.4426 6.75201 -0.389124 1.64141 0.00878466 -0.00103619 -0.000112025
88.4637 6.7544 -0.389177 1.64127 0.00825395 -0.00105316 -8.12723e-05
88.4839 6.75692 -0.389241 1.64114 0.0077488 -0.000731227 -3.31124e-05
88.5052 6.75954 -0.389278 1.64098 0.00742509 -0.000872051 2.37079e-07
88.5247 6.76212 -0.389007 1.64076 0.00718996 -0.00117941 -0.00145097
88.5445 6.76458 -0.388312 1.64047 0.00722185 -0.00258923 -0.00423711
88.5657 6.76722 -0.387656 1.64023 0.0076681 -0.001886 -0.00634455
88.5844 6.77001 -0.387036 1.64004 0.00849269 -0.00129577 -0.00827792
88.6075 6.77293 -0.386454 1.63987 0.00938179 -0.00118871 -0.0100562
88.6254 6.77598 -0.38591 1.6397 0.00985155 -0.00116646 -0.0116772
88.6454 6.77915 -0.385407 1.63952 0.00998267 -0.000986985 -0.0131459
88.6674 6.78247 -0.384946 1.63932 0.00991249 -0.000660862 -0.0144783
88.6858 6.78593 -0.384528 1.63911 0.00977669 -0.000386634 -0.0156781
88.7064 6.78953 -0.384151 1.6389 0.00958257 -0.000158451 -0.0167484
88.7266 6.79326 -0.383817 1.63867 0.00930318 -0.00020044 -0.0176979
88.7456 6.79712 -0.383522 1.63843 0.00893377 -0.000889898 -0.0185326
88.7685 6.80117 -0.383266 1.63819 0.00839565 -3.1809e-05 -0.0192401
88.7858 6.80538 -0.383046 1.63795 0.00757333 -6.14889e-05 -0.0198416
88.8065 6.80977 -0.38286 1.63772 0.00659832 0.000386738 -0.0203408
88.8258 6.8143 -0.382704 1.63749 0.00570961 -0.00024248 -0.0207567
88.8464 6.819 -0.382576 1.63726 0.00485722 -0.000922547 -0.0210816
88.8669 6.82387 -0.382473 1.63704 0.00427563 -0.000753072 -0.0213244
88.8867 6.82898 -0.382395 1.63684 0.00391691 0.000111137 -0.0214848
88.9069 6.83429 -0.382338 1.63666 0.00373659 0.00113598 -0.021569
88.927 6.83969 -0.382298 1.63648 0.00346318 -0.000314416 -0.0215878
88.947 6.84521 -0.382275 1.63633 0.00314076 -0.000774608 -0.0215351
88.969 6.85086 -0.382269 1.63619 0.00282375 -0.00022661 -0.0214137
88.9867 6.85665 -0.382277 1.63605 0.00257128 -0.000121716 -0.021238
89.0078 6.86258 -0.382298 1.6359 0.00225394 0.00033488 -0.0210028
89.027 6.86857 -0.38233 1.63573 0.00201081 -0.000170341 -0.0207183
89.0472 6.87463 -0.382373 1.63556 0.0018283 -0.000939256 -0.0203863
89.069 6.8809 -0.382427 1.63539 0.00152011 -0.000318279 -0.0200034
89.0881 6.88739 -0.382491 1.63523 0.00112826 0.000498305 -0.0195781
89.1084 6.89406 -0.382563 1.63508 0.000743446 0.00040602 -0.0191215
89.1289 6.90092 -0.382643 1.63492 0.000419199 2.33685e-05 -0.0186343
89.1486 6.90797 -0.382728 1.63477 0.000140741 -4.17991e-05 -0.0181234
89.1693 6.91522 -0.382818 1.6346 -0.000191028 0.000257457 -0.0175798
89.1887 6.92263 -0.38291 1.63442 -0.000469912 0.000111225 -0.0170111
89.2092 6.93021 -0.383003 1.63423 -0.000662499 -0.000153647 -0.0164265
89.23 6.93797 -0.383097 1.63402 -0.000909051 -9.8809e-05 -0.0158229
89.2494 6.94592 -0.383192 1.63382 -0.00105205 0.000364202 -0.0152053
89.2722 6.95401 -0.383284 1.63361 -0.00119264 0.000194966 -0.0145737
89.2895 6.96225 -0.383375 1.6334 -0.00126518 0.000184634 -0.0139334
89.3106 6.97062 -0.383463 1.63317 -0.00132925 6.71051e-05 -0.013286
89.3299 6.97913 -0.383547 1.63294 -0.00144116 0.000485956 -0.0126352
89.3498 6.98776 -0.383627 1.63271 -0.00147 0.000560628 -0.0119773
89.3727 6.9965 -0.383703 1.63247 -0.00150097 0.000537677 -0.0113173
89.3905 7.00535 -0.383775 1.63222 -0.00155089 0.000655166 -0.0106589
89.411 7.01432 -0.383842 1.63197 -0.00155703 0.000860087 -0.010003
89.4309 7.02338 -0.383904 1.63172 -0.00155664 0.000861239 -0.00935009
89.4511 7.03255 -0.383961 1.63146 -0.00154895 0.00121712 -0.00870075
89.4725 7.0418 -0.384012 1.6312 -0.00156107 0.00114225 -0.00805894
89.4914 7.05114 -0.384058 1.63094 -0.00158421 0.00131637 -0.00742503
89.5119 7.06058 -0.384099 1.63069 -0.00156874 0.00153162 -0.00680156
89.5321 7.0701 -0.384134 1.63044 -0.00161478 0.00185958 -0.00618673
89.5523 7.07968 -0.384164 1.63019 -0.00159477 0.00178635 -0.00558257
89.5745 7.08932 -0.384187 1.62995 -0.00157342 0.00130256 -0.00499088
89.5923 7.09909 -0.384206 1.62975 -0.00145994 0.00200909 -0.00441438
89.6133 7.10895 -0.384218 1.62956 -0.0014204 0.00171546 -0.00384491
89.6332 7.11894 -0.384226 1.62941 -0.00133956 0.00204012 -0.00329308
89.6526 7.12907 -0.384229 1.62927 -0.00123997 0.00288697 -0.00275675
89.6766 7.13924 -0.384227 1.62914 -0.00126288 0.00268085 -0.00222712
89.6933 7.14946 -0.384219 1.62904 -0.00137021 0.00231712 -0.00171294
89.7138 7.15969 -0.384207 1.62896 -0.00137059 0.00231341 -0.00121891
89.7336 7.16995 -0.38419 1.62889 -0.00131697 0.00244136 -0.000741083
89.7536 7.18021 -0.384167 1.62882 -0.00129979 0.00243603 -0.000278943
89.7754 7.19049 -0.384139 1.62873 -0.00129032 0.00255481 0.000166758
89.7941 7.20077 -0.384106 1.62863 -0.0013048 0.00266361 0.000594146
89.8167 7.21105 -0.384068 1.62852 -0.00132488 0.00258394 0.00100494
89.8346 7.22132 -0.384024 1.62839 -0.00132411 0.002696 0.00139747
89.8547 7.23159 -0.383976 1.62825 -0.00132603 0.00264682 0.00177275
89.8746 7.24185 -0.383922 1.62811 -0.00131797 0.00270309 0.00213066
89.8948 7.25213 -0.383864 1.62795 -0.00127872 0.00327535 0.00246861
89.916 7.26234 -0.3838 1.62779 -0.00132695 0.00292603 0.00279138
89.9355 7.27254 -0.383732 1.62764 -0.00122799 0.00313651 0.00310067
89.9554 7.28269 -0.383658 1.62753 -0.00134883 0.00312836 0.00339333
89.9786 7.29277 -0.383579 1.62746 -0.00138066 0.00267597 0.00367058
89.9957 7.30282 -0.383496 1.62739 -0.00136277 0.00265254 0.00392986
90.0168 7.31281 -0.383407 1.62733 -0.00133438 0.0027752 0.00417607
90.0357 7.32276 -0.383314 1.62725 -0.00131508 0.00297326 0.00440344
90.056 7.33265 -0.383215 1.62716 -0.00130591 0.00298314 0.00461384
90.0808 7.34247 -0.383112 1.62706 -0.0012911 0.00297744 0.00480951
90.0982 7.35222 -0.383005 1.62694 -0.00122016 0.00284651 0.00498879
90.1187 7.36189 -0.382893 1.62682 -0.00113962 0.00298807 0.00515296
90.1382 7.37148 -0.382778 1.62669 -0.0010751 0.00293666 0.00530347
90.1585 7.38099 -0.382659 1.62655 -0.000995989 0.00295711 0.00543936
90.1794 7.39042 -0.382536 1.62642 -0.000939997 0.00309646 0.005562
90.1984 7.39975 -0.382411 1.62629 -0.000887262 0.00316091 0.00567229
90.2206 7.40898 -0.382282 1.62615 -0.000821158 0.00303238 0.00576843
90.2399 7.41811 -0.382152 1.62602 -0.00077523 0.00319187 0.00585318
90.2595 7.42714 -0.382019 1.6259 -0.000654118 0.00327036 0.00592533
90.282 7.43604 -0.381884 1.62577 -0.000598934 0.00314368 0.00598449
90.3 7.44484 -0.381748 1.62566 -0.000534965 0.00319919 0.00603494
90.3221 7.45351 -0.381611 1.62555 -0.000417307 0.00323998 0.0060758
90.3403 7.46206 -0.381474 1.62544 -0.000339527 0.00324439 0.00610437
90.36 7.47048 -0.381335 1.62534 -0.000270138 0.00309621 0.00612623
90.3839 7.47878 -0.381197 1.62524 -0.000224467 0.00323084 0.00613409
90.4007 7.48696 -0.381058 1.62515 -0.000238711 0.00342216 0.00613133
90.4213 7.49499 -0.38092 1.62507 -0.000186882 0.00313378 0.00612312
90.4407 7.5029 -0.380782 1.62499 -0.000173285 0.00311645 0.00610758
90.461 7.51067 -0.380644 1.62492 -0.000183756 0.00322113 0.00608258
90.4824 7.51831 -0.380507 1.62485 -0.000178432 0.00346404 0.00605047
90.5013 7.52578 -0.38037 1.62478 -0.000196752 0.00321263 0.0060088
90.5231 7.53309 -0.380234 1.62471 -0.000184162 0.0029424 0.00596428
90.542 7.54026 -0.380098 1.62466 -0.000173578 0.00322472 0.00591072
90.5616 7.54729 -0.379962 1.62462 -0.000182086 0.00336495 0.00584965
90.5825 7.55415 -0.379828 1.62459 -0.000124522 0.00307626 0.00578816
90.6017 7.56088 -0.379694 1.62457 -8.16493e-05 0.00315589 0.00572182
90.6243 7.56747 -0.37956 1.62455 -5.15846e-05 0.00329176 0.00565185
90.6421 7.57391 -0.379428 1.62453 3.12102e-06 0.00331571 0.00557717
90.6624 7.5802 -0.379296 1.62452 8.92498e-06 0.00294897 0.00549585
90.6831 7.58636 -0.379166 1.62452 1.39932e-05 0.00312918 0.00541239
90.7035 7.59236 -0.379036 1.62452 3.16429e-05 0.0029352 0.00532533
90.7241 7.59822 -0.378908 1.62452 5.73643e-05 0.00264837 0.00523745
90.7436 7.60394 -0.378781 1.62452 6.65493e-05 0.00263683 0.00514543
90.7636 7.60952 -0.378656 1.62452 7.37949e-05 0.00245743 0.00505274
90.7848 7.61498 -0.378531 1.62452 8.41929e-05 0.00237191 0.0049573
90.8045 7.6203 -0.378408 1.62452 0.000102266 0.00223244 0.00486027
90.8246 7.62549 -0.378287 1.62451 0.000116074 0.0021922 0.00475983
90.845 7.63055 -0.378166 1.62451 9.96868e-05 0.00221958 0.00466048
90.8649 7.63547 -0.378047 1.6245 8.50366e-05 0.0018882 0.0045608
90.8855 7.64027 -0.377929 1.6245 0.000119298 0.00192822 0.00445972
90.9052 7.64494 -0.377813 1.62451 0.00011405 0.00183877 0.00436071
90.9265 7.64949 -0.377698 1.62451 9.72026e-05 0.00177192 0.00425917
90.9455 7.65391 -0.377583 1.62452 4.3065e-05 0.00178993 0.00415566
90.9656 7.6582 -0.37747 1.62453 -6.16564e-06 0.00158687 0.00405221
90.9887 7.66238 -0.377357 1.62455 -3.76795e-05 0.00176598 0.00394824
91.0065 7.66645 -0.377245 1.62457 -0.000112281 0.00200169 0.00384471
91.0271 7.67038 -0.377133 1.62461 -0.00016457 0.00190385 0.00374318
91.0462 7.67419 -0.377022 1.62465 -0.000203931 0.00205484 0.00364378
91.0663 7.67786 -0.376911 1.62469 -0.000182714 0.00178133 0.00354563
91.0887 7.68145 -0.3768 1.62474 -0.000214846 0.00228313 0.00344908
91.107 7.68491 -0.376688 1.62479 -0.000251621 0.00202767 0.00335139
91.1279 7.68828 -0.376576 1.62484 -0.000299416 0.00212605 0.00325244
91.1475 7.69153 -0.376464 1.62489 -0.000325412 0.00198897 0.00315606
91.1677 7.69469 -0.376351 1.62494 -0.000360588 0.00221204 0.00306289
91.1877 7.69775 -0.376237 1.62499 -0.00033875 0.0021946 0.00297266
91.2078 7.70071 -0.376123 1.62504 -0.000313402 0.00211301 0.0028819
91.2288 7.70357 -0.376009 1.62508 -0.000261389 0.00199925 0.00279489
91.2484 7.70635 -0.375894 1.62511 -0.000224131 0.00207186 0.00270726
91.2683 7.70903 -0.375779 1.62513 -0.000200403 0.0018917 0.0026219
91.2892 7.71162 -0.375663 1.62514 -0.000169306 0.00181365 0.00253729
91.3091 7.71412 -0.375547 1.62515 -0.000149755 0.00172349 0.00245467
91.3298 7.71653 -0.375432 1.62515 -0.000129204 0.00175058 0.00237476
91.3491 7.71886 -0.375316 1.62515 -9.12074e-05 0.00163938 0.00229627
91.3694 7.7211 -0.375201 1.62514 -5.1854e-05 0.00150653 0.00222047
91.3908 7.72326 -0.375086 1.62513 -3.11138e-05 0.00154409 0.00214756
91.41 7.72535 -0.374971 1.62512 -3.80356e-05 0.00155245 0.00207632
91.4303 7.72737 -0.374857 1.6251 -6.61512e-05 0.00149569 0.002003
91.4501 7.72931 -0.374742 1.62508 -0.000120437 0.0014741 0.00193271
91.4705 7.73116 -0.374628 1.62505 -0.000158105 0.00134532 0.00186762
91.4908 7.73295 -0.374514 1.62503 -0.000159964 0.00134963 0.00180129
91.511 7.73466 -0.3744 1.62501 -0.000141369 0.00126686 0.00173639
91.5316 7.73631 -0.374285 1.62498 -0.000127202 0.00133028 0.00167379
91.5512 7.73788 -0.374171 1.62496 -0.000125863 0.00118151 0.00161683
91.5712 7.73939 -0.374057 1.62494 -0.000122151 0.00113339 0.00155819
91.594 7.74083 -0.373942 1.62493 -0.000119386 0.00100617 0.00150545
91.6114 7.74221 -0.373828 1.62491 -0.000131091 0.00101169 0.00145356
91.633 7.74353 -0.373713 1.62489 -0.000152263 0.000985482 0.00140059
91.652 7.7448 -0.373599 1.62487 -0.000171337 0.000903417 0.00134891
91.6725 7.746 -0.373484 1.62486 -0.000188016 0.00085004 0.00130135
91.6962 7.74715 -0.373368 1.62484 -0.000223182 0.000720611 0.00125614
91.7128 7.74825 -0.373253 1.62483 -0.000241982 0.000646631 0.00120957
91.7344 7.7493 -0.373137 1.62483 -0.000251343 0.000616351 0.00116742
91.7528 7.75029 -0.37302 1.62482 -0.000252307 0.00057139 0.00112689
91.7733 7.75124 -0.372903 1.62482 -0.000249298 0.000499884 0.00108602
91.796 7.75214 -0.372785 1.62482 -0.000229416 0.000352671 0.0010462
91.815 7.75299 -0.372667 1.62483 -0.000216312 0.000310717 0.00100826
91.8366 7.75381 -0.372549 1.62483 -0.000214019 0.000327844 0.000971796
91.8559 7.75457 -0.37243 1.62484 -0.000202474 0.00025074 0.00093711
91.8761 7.75528 -0.372311 1.62484 -0.000178542 9.85629e-07 0.00090616
91.8974 7.75594 -0.372191 1.62485 -0.000177264 5.34062e-05 0.000872883
91.9166 7.75658 -0.372071 1.62486 -0.000188872 0.000111638 0.000837929
91.9372 7.75717 -0.371951 1.62487 -0.00019586 -4.22581e-05 0.000803912
91.9571 7.75774 -0.37183 1.62489 -0.000195575 7.74011e-06 0.000771807
91.9766 7.75826 -0.371709 1.6249 -0.000187255 -0.000162096 0.000741505
91.9989 7.75876 -0.371588 1.62492 -0.000184407 -0.000178594 0.000716883
92.0175 7.75924 -0.371467 1.62493 -0.000155707 -0.000147068 0.000689196
92.0394 7.75968 -0.371345 1.62495 -0.000120959 -0.000353114 0.000661979
92.0581 7.76011 -0.371224 1.62497 -0.000100147 -0.000375553 0.000636416
92.0786 7.76051 -0.371102 1.62499 -0.000108459 -0.000397092 0.000613837
92.0982 7.76089 -0.37098 1.625 -0.000135587 -0.000703641 0.000601951
92.1189 7.76128 -0.370859 1.62502 -0.000113945 -0.00039366 0.000619037
92.1393 7.76165 -0.370737 1.62503 -9.82936e-05 -0.000425193 0.000641553
92.1591 7.76201 -0.370615 1.62505 -0.000213605 -0.00062106 0.000664508
92.1789 7.76236 -0.370491 1.62506 -0.000520924 -0.000646025 0.000688921
92.2005 7.76269 -0.370364 1.62506 -0.00103597 -0.000678638 0.000714553
92.22 7.76301 -0.370232 1.62506 -0.00175313 -0.000590074 0.000743209
92.2412 7.76333 -0.370092 1.62506 -0.00270477 -0.000444437 0.000772966
92.2603 7.76363 -0.369941 1.62505 -0.00385735 -0.000433155 0.000804954
92.2815 7.76392 -0.369774 1.62503 -0.00518054 -0.000394469 0.000836836
92.3017 7.76419 -0.369587 1.625 -0.00664855 -0.000276196 0.000869877
92.3207 7.76445 -0.369373 1.62497 -0.00824422 -0.000155498 0.000906083
92.3419 7.7647 -0.369127 1.62494 -0.00992531 -8.96875e-05 0.000939001
92.361 7.76494 -0.368843 1.6249 -0.0116751 8.38905e-07 0.00097437
92.382 7.76516 -0.368513 1.62486 -0.0134618 0.000160994 0.00100902
92.402 7.76536 -0.368132 1.62482 -0.0152716 7.37559e-05 0.00104765
92.4217 7.76556 -0.367691 1.62478 -0.0171476 0.000246151 0.00108083
92.4428 7.76573 -0.367184 1.62474 -0.0190527 0.000201656 0.00111953
92.4622 7.76589 -0.366604 1.62472 -0.0209546 0.000289179 0.00115311
92.4827 7.76604 -0.365944 1.62469 -0.0228358 0.000334549 0.00118806
92.5029 7.76617 -0.365196 1.62468 -0.0246644 0.000293724 0.00122398
92.5226 7.76627 -0.364355 1.62466 -0.0264493 0.000303057 0.00126352
92.5442 7.76636 -0.363412 1.62465 -0.0282348 0.000357826 0.00129587
92.5626 7.76643 -0.362361 1.62464 -0.0300061 0.000352148 0.00132932
92.5826 7.76648 -0.361196 1.62463 -0.0318293 0.000369655 0.00136314
92.6032 7.76652 -0.35991 1.62462 -0.0336556 0.000401048 0.00139553
92.623 7.76653 -0.358496 1.62462 -0.0354581 0.000458183 0.00142551
92.6435 7.76653 -0.356948 1.62463 -0.0372338 0.000471811 0.0014561
92.663 7.7665 -0.355258 1.62464 -0.0390465 0.000446892 0.00148788
92.6836 7.76644 -0.35342 1.62466 -0.0408179 0.000463253 0.00151756
92.7078 7.76636 -0.351428 1.62468 -0.0426203 0.000508107 0.00154221
92.7245 7.76626 -0.349276 1.62471 -0.0443662 0.00051576 0.00156769
92.7452 7.76612 -0.346956 1.62474 -0.0460979 0.000526725 0.0015947
92.7647 7.76597 -0.344463 1.62478 -0.0478344 0.000574867 0.00161728
92.7848 7.76579 -0.34179 1.62483 -0.0495877 0.000573991 0.00163974
92.806 7.76558 -0.33893 1.62488 -0.0514101 0.000570963 0.00166146
92.8251 7.76534 -0.335876 1.62494 -0.0535418 0.000676589 0.00167764
92.8461 7.76508 -0.332619 1.62502 -0.055954 0.000601689 0.00170197
92.8655 7.76479 -0.329152 1.62512 -0.0581998 0.000742192 0.00171113
92.8857 7.76447 -0.325471 1.62523 -0.0601064 0.000620793 0.00173544
92.9106 7.76413 -0.321566 1.62535 -0.0617603 0.000665474 0.00175164
92.9267 7.76376 -0.317432 1.62548 -0.0633554 0.000586932 0.00176861
92.9484 7.76337 -0.313062 1.62561 -0.0648655 0.000570794 0.00178267
92.9669 7.76295 -0.308453 1.62574 -0.0662462 0.000732788 0.00177897
92.9873 7.76248 -0.303593 1.62591 -0.068321 0.000683592 0.00178905
93.0081 7.76198 -0.298473 1.62611 -0.0711069 0.000535045 0.0018033
93.0275 7.76145 -0.293091 1.62634 -0.0735349 0.000657671 0.00180222
93.0483 7.7609 -0.287445 1.6266 -0.0744901 0.000647678 0.00180992
93.0686 7.76033 -0.281534 1.62686 -0.0740563 0.000618618 0.00181698
93.0882 7.75974 -0.27536 1.6271 -0.0722706 0.000604359 0.00182686
93.109 7.75914 -0.268931 1.62732 -0.0694152 0.000553532 0.00183834
93.1284 7.75852 -0.26225 1.62755 -0.0664655 0.000496926 0.00184033
93.1508 7.75788 -0.255333 1.62781 -0.0629376 0.000439046 0.00183637
93.1687 7.75724 -0.248198 1.62808 -0.0580771 0.000424664 0.00182674
93.1887 7.7566 -0.240869 1.62834 -0.051722 0.000489909 0.00180681
93.2094 7.75595 -0.233369 1.62859 -0.0442317 0.000380103 0.00179455
93.2292 7.75531 -0.225723 1.62882 -0.0363635 0.000385906 0.00177532
93.2496 7.75466 -0.217961 1.62905 -0.0284367 0.000341784 0.00175579
93.2692 7.75403 -0.210114 1.62925 -0.0205106 0.000269935 0.00173351
93.2894 7.7534 -0.202212 1.62943 -0.0126866 0.000347557 0.0017032
93.3134 7.75278 -0.194286 1.62959 -0.0050886 0.000317072 0.00167359
93.33 7.75216 -0.186364 1.62973 0.0021986 0.000216291 0.00164703
93.3512 7.75155 -0.178474 1.62984 0.00906219 0.00028947 0.00162097
93.3706 7.75095 -0.170643 1.62993 0.0155666 0.000185151 0.00159189
93.3915 7.75037 -0.162897 1.63 0.0217033 0.000175579 0.00156304
93.4115 7.7498 -0.155258 1.63006 0.0274862 0.000227503 0.00153544
93.4318 7.74924 -0.14775 1.6301 0.0330531 0.000150757 0.00150426
93.4538 7.7487 -0.140395 1.63012 0.0383544 5.32355e-05 0.00146963
93.4723 7.74818 -0.133211 1.63014 0.0432996 0.000127881 0.00144077
93.4921 7.74768 -0.12622 1.63015 0.0481928 0.000122905 0.00140721
93.5135 7.7472 -0.119442 1.63015 0.0531736 0.000128686 0.00137099
93.5326 7.74675 -0.112892 1.63016 0.0579654 0.000149408 0.00133551
93.5541 7.74632 -0.106589 1.63017 0.0622188 8.98657e-05 0.00129731
93.5732 7.74591 -0.100544 1.63018 0.0655829 0.000185776 0.00127177
93.5933 7.74551 -0.0947702 1.63018 0.0680737 0.000202395 0.00124157
93.6152 7.74513 -0.0892762 1.63016 0.069739 5.16639e-05 0.00120085
93.6341 7.74477 -0.0840703 1.63013 0.0709217 0.000162598 0.00117902
93.6549 7.74444 -0.0791567 1.63011 0.0716792 0.000301169 0.00115682
93.6742 7.74411 -0.0745376 1.63009 0.0720354 0.000184213 0.00111352
93.6945 7.74381 -0.0702137 1.63006 0.0720592 0.00024946 0.00108609
93.7153 7.74353 -0.0661854 1.63002 0.0720371 0.000295904 0.0010564
93.7352 7.74326 -0.0624494 1.62998 0.0715687 0.000285102 0.00102205
93.7556 7.743 -0.0590022 1.62993 0.0704781 0.000310902 0.000990228
93.775 7.74276 -0.0558393 1.62989 0.068886 0.00037796 0.000958946
93.7946 7.74253 -0.0529552 1.62985 0.0670662 0.000387626 0.000923262
93.8165 7.74232 -0.0503409 1.6298 0.0648952 0.00037861 0.000885828
93.8354 7.74212 -0.047987 1.62975 0.0624003 0.000432395 0.000852567
93.8561 7.74194 -0.0458882 1.62971 0.0603124 0.000467324 0.000815266
93.8756 7.74176 -0.0440337 1.62969 0.0582751 0.000372676 0.000767686
93.8955 7.7416 -0.042412 1.62967 0.0558907 0.00055055 0.000734537
93.9167 7.74144 -0.0410142 1.62967 0.0534471 0.000457645 0.000686858
93.936 7.74128 -0.0398295 1.62965 0.050919 0.000355006 0.00063848
93.9565 7.74115 -0.038849 1.62964 0.0486041 0.000529796 0.000600605
93.976 7.74101 -0.0380638 1.62963 0.0465566 0.000532495 0.000551494
93.9966 7.74089 -0.0374613 1.62963 0.0441444 0.000556249 0.000505931
94.0175 7.74077 -0.0370314 1.62962 0.0414217 0.000572049 0.000461309
94.0367 7.74066 -0.0367642 1.6296 0.0386411 0.000562841 0.000413909
94.0574 7.74055 -0.0366486 1.62958 0.0358399 0.000643911 0.000367253
94.0782 7.74045 -0.0366737 1.62954 0.0331676 0.000602584 0.00031815
94.0975 7.74036 -0.0368287 1.62949 0.0305761 0.000605274 0.000271884
94.1214 7.74028 -0.0371022 1.62944 0.0279559 0.000786113 0.000230408
94.1372 7.74019 -0.0374854 1.62939 0.0255145 0.000679652 0.000180588
94.1589 7.74011 -0.0379632 1.62936 0.0223635 0.000695218 0.000134903
94.178 7.74002 -0.0385221 1.62934 0.0184307 0.000790564 8.88565e-05
94.1978 7.73993 -0.0391499 1.62932 0.0142953 0.00073185 3.79595e-05
94.2218 7.73985 -0.0398313 1.6293 0.0101696 0.000850888 -7.58408e-06
94.239 7.73976 -0.0405521 1.62927 0.00641268 0.000835194 -5.57845e-05
94.2606 7.73967 -0.0412981 1.62923 0.003103 0.000747256 -0.000105229
94.2792 7.73958 -0.0420558 1.62918 0.000174534 0.000837248 -0.00015156
94.2996 7.7395 -0.0428144 1.62913 -0.00226203 0.00080109 -0.000197542
94.3211 7.73941 -0.0435642 1.62906 -0.00427597 0.000780906 -0.000243629
94.3397 7.73932 -0.0442969 1.62899 -0.00590411 0.000824039 -0.000288916
94.3604 7.73923 -0.0450067 1.62891 -0.00711889 0.000788658 -0.000332303
94.381 7.73914 -0.0456884 1.62881 -0.00797181 0.000737628 -0.00036186
94.4005 7.73906 -0.0463387 1.62872 -0.00852241 0.000803767 -0.000377372
94.4231 7.73899 -0.0469554 1.62862 -0.00875891 0.000793793 -0.000389405
94.4405 7.73892 -0.0475373 1.62852 -0.00875666 0.000766259 -0.000399121
94.4617 7.73886 -0.048084 1.62841 -0.0085845 0.000751114 -0.000412259
94.4815 7.73881 -0.048596 1.62831 -0.00833023 0.000750399 -0.000424967
94.5015 7.73877 -0.0490739 1.6282 -0.00803654 0.000744004 -0.000435548
94.526 7.73873 -0.0495191 1.62809 -0.00770748 0.000751072 -0.000443009
94.5414 7.73871 -0.0499329 1.62799 -0.00735336 0.000753271 -0.000440446
94.5618 7.73868 -0.0503168 1.62788 -0.0069804 0.000735981 -0.000437673
94.5817 7.73867 -0.050672 1.62778 -0.00661241 0.000731262 -0.000436043
94.6017 7.73866 -0.0510003 1.62768 -0.00624521 0.000727549 -0.000429478
94.6248 7.73866 -0.0513029 1.62759 -0.00590682 0.000726363 -0.000426139
94.6421 7.73866 -0.0515811 1.6275 -0.00561341 0.000734408 -0.000418622
94.6629 7.73868 -0.0518364 1.62741 -0.00532935 0.000722791 -0.000415497
94.6825 7.7387 -0.0520699 1.62732 -0.00507671 0.000718439 -0.000407862
94.7033 7.73872 -0.0522824 1.62724 -0.00487955 0.000720873 -0.000402077
94.724 7.73876 -0.052475 1.62716 -0.00470182 0.000711473 -0.000393615
94.7428 7.7388 -0.0526487 1.62709 -0.00451204 0.000707897 -0.000383768
94.7636 7.73884 -0.0528043 1.62702 -0.00430118 0.000713933 -0.000370913
94.7834 7.7389 -0.0529426 1.62696 -0.00407595 0.000715233 -0.000362086
94.8034 7.73896 -0.0530646 1.62689 -0.0038411 0.000722001 -0.000348339
94.8262 7.73902 -0.0531712 1.62684 -0.00359653 0.000721312 -0.000337432
94.8446 7.73909 -0.0532634 1.62678 -0.00335451 0.000716012 -0.000323578
94.8652 7.73917 -0.0533422 1.62673 -0.00311792 0.00071887 -0.000310005
94.8849 7.73926 -0.0534085 1.62667 -0.0028908 0.000716607 -0.000298815
94.9051 7.73936 -0.0534631 1.62662 -0.00268667 0.000789115 -0.000285097
94.929 7.73945 -0.0535072 1.62657 -0.00246771 0.00070274 -0.000271377
94.945 7.73955 -0.0535414 1.62653 -0.00225031 0.000786523 -0.000258481
94.9658 7.73965 -0.0535666 1.6265 -0.00205957 0.000691064 -0.000245562
94.9851 7.73975 -0.0535835 1.62647 -0.00188022 0.000727465 -0.000228341
95.0061 7.73987 -0.0535927 1.62645 -0.00176969 0.000753316 -0.000212435
95.029 7.73999 -0.0535943 1.62643 -0.00174443 0.000835434 -0.000196962
95.0458 7.74011 -0.0535892 1.62642 -0.00171408 0.000713049 -0.000182579
95.0665 7.74023 -0.0535773 1.62642 -0.00168791 0.000737557 -0.000169227
95.0866 7.74037 -0.0535587 1.62643 -0.00168661 0.000763509 -0.000155551
95.107 7.74051 -0.0535334 1.62644 -0.00170829 0.000832054 -0.000141008
95.1293 7.74065 -0.0535017 1.62646 -0.00170161 0.000683547 -0.000127757
95.1469 7.74079 -0.0534636 1.62648 -0.00164693 0.000707101 -0.000115185
95.168 7.74094 -0.0534194 1.62651 -0.00157156 0.000782462 -0.000102115
95.1875 7.7411 -0.0533694 1.62654 -0.00146782 0.000876573 -8.79176e-05
95.2073 7.74125 -0.0533138 1.62656 -0.0013492 0.000798237 -7.43219e-05
95.2285 7.74141 -0.0532533 1.62659 -0.00121098 0.000696724 -6.1828e-05
95.248 7.74158 -0.0531882 1.62661 -0.00107616 0.000855679 -5.01714e-05
95.2686 7.74174 -0.0531192 1.62664 -0.000941176 0.000817508 -3.84361e-05
95.288 7.74191 -0.0530466 1.62667 -0.000813353 0.000783623 -2.67916e-05
95.3081 7.74207 -0.0529712 1.6267 -0.000676502 0.000719023 -1.42456e-05
95.3291 7.74224 -0.0528932 1.62672 -0.000565387 0.000753535 -2.02958e-06
95.3483 7.74242 -0.0528132 1.62675 -0.000464314 0.000875152 9.66983e-06
95.3706 7.74259 -0.0527315 1.62677 -0.000393162 0.000778788 2.08765e-05
95.3894 7.74277 -0.0526486 1.6268 -0.000307447 0.000771579 3.04449e-05
95.4091 7.74294 -0.0525647 1.62682 -0.000234472 0.000684792 4.07615e-05
95.435 7.74312 -0.0524801 1.62685 -0.000167 0.000829701 5.02217e-05
95.4491 7.7433 -0.0523952 1.62688 -9.37829e-05 0.000770252 6.02301e-05
95.4704 7.74348 -0.05231 1.62691 -5.64006e-05 0.00086552 7.06976e-05
95.4899 7.74367 -0.0522246 1.62694 -5.90543e-05 0.00080026 8.13714e-05
95.5099 7.74385 -0.0521392 1.62696 -5.88295e-05 0.000662746 8.9892e-05
95.5313 7.74404 -0.052054 1.62699 -5.23423e-05 0.000820485 9.75559e-05
95.5512 7.74423 -0.0519688 1.62702 -3.93625e-05 0.000742293 0.000106373
95.5716 7.74443 -0.0518837 1.62705 -2.40507e-05 0.000791016 0.000113941
95.5907 7.74462 -0.0517986 1.62708 -4.7064e-05 0.000778556 0.00012085
95.6107 7.74481 -0.0517138 1.62711 -3.78118e-05 0.000657605 0.000128963
95.635 7.74501 -0.0516291 1.62714 -2.29497e-05 0.000791879 0.000135765
95.6512 7.74521 -0.0515443 1.62717 -4.80663e-05 0.000795954 0.000141508
95.672 7.7454 -0.0514597 1.6272 -5.95157e-05 0.000636888 0.000147188
95.6916 7.7456 -0.051375 1.62724 -8.07117e-05 0.000672908 0.000151394
95.7115 7.74581 -0.0512905 1.62727 -7.12533e-05 0.000750305 0.000152907
95.7328 7.74602 -0.0512058 1.62731 -9.18356e-05 0.000685265 0.000156397
95.7518 7.74623 -0.051121 1.62735 -9.3243e-05 0.00080527 0.000159466
95.7757 7.74645 -0.0510361 1.62739 -0.000114979 0.000757211 0.000160953
95.793 7.74666 -0.050951 1.62743 -0.00012737 0.000711697 0.000163446
95.813 7.74687 -0.0508659 1.62747 -0.000115111 0.000723677 0.000165202
95.835 7.74708 -0.0507808 1.6275 -7.14375e-05 0.000679272 0.000167266
95.854 7.7473 -0.0506956 1.62753 -5.83046e-05 0.000802019 0.000168624
95.8755 7.74751 -0.0506099 1.62756 -0.000114388 0.000683936 0.000170763
95.8941 7.74774 -0.0505248 1.62759 -6.1787e-05 0.000765829 0.000171559
95.9143 7.74796 -0.0504396 1.62763 -2.90506e-05 0.000774979 0.000171178
95.9358 7.74818 -0.0503547 1.62766 1.82885e-05 0.000747065 0.000170979
95.9553 7.74839 -0.0502701 1.62769 5.80228e-05 0.000757184 0.000171534
95.9754 7.74861 -0.0501857 1.62772 5.87568e-05 0.000674355 0.000171772
95.9949 7.74883 -0.0501019 1.62774 6.98043e-05 0.000829988 0.000172592
96.0152 7.74906 -0.0500187 1.62777 9.95645e-05 0.000761125 0.00017205
96.0361 7.74928 -0.0499361 1.6278 0.000106208 0.000804069 0.000171257
96.0554 7.74952 -0.0498537 1.62783 4.552e-05 0.000861785 0.000169863
96.0765 7.74975 -0.0497722 1.62786 5.46781e-05 0.00086262 0.000169984
96.0957 7.74998 -0.0496912 1.62789 6.09217e-05 0.000841939 0.000170351
96.1157 7.75021 -0.0496105 1.62792 5.10467e-05 0.000849647 0.000168536
96.1396 7.75043 -0.0495303 1.62794 4.19339e-05 0.000859388 0.000167847
96.1561 7.75066 -0.0494507 1.62796 4.9027e-05 0.000785033 0.000167966
96.1773 7.7509 -0.0493715 1.62798 6.68652e-05 0.000841654 0.00016511
96.1963 7.75114 -0.0492929 1.62799 8.32076e-05 0.000846208 0.000163194
96.2162 7.75139 -0.0492148 1.62801 9.22223e-05 0.000826381 0.000161406
96.2391 7.75164 -0.0491371 1.62802 7.47284e-05 0.000818573 0.000159503
96.2568 7.7519 -0.0490599 1.62802 4.13536e-05 0.000801832 0.000156672
96.2773 7.75217 -0.0489831 1.62803 -1.27988e-06 0.000777978 0.000154818
96.2968 7.75244 -0.0489064 1.62803 -4.55198e-05 0.000757608 0.000153864
96.3176 7.75272 -0.0488299 1.62804 -8.95621e-05 0.000747433 0.000151948
96.3395 7.75301 -0.0487532 1.62804 -0.000128794 0.000746887 0.000150413
96.3577 7.7533 -0.0486764 1.62804 -0.000156047 0.000758364 0.000147697
96.3799 7.7536 -0.0485992 1.62804 -0.000173318 0.00076325 0.00014483
96.3988 7.75391 -0.0485216 1.62803 -0.000195158 0.000761357 0.000141834
96.419 7.75422 -0.0484435 1.62803 -0.000211316 0.000755375 0.00013771
96.4405 7.75453 -0.0483649 1.62802 -0.000228154 0.000748582 0.000135224
96.4594 7.75485 -0.0482854 1.62802 -0.000264369 0.000726461 0.000133316
96.4827 7.75518 -0.0482052 1.62802 -0.000304976 0.000713788 0.000131225
96.5001 7.75552 -0.0481242 1.62802 -0.000318686 0.000719448 0.000133639
96.52 7.75586 -0.0480423 1.62802 -0.000329287 0.000715118 0.000133938
96.5408 7.7562 -0.0479592 1.62803 -0.000351383 0.000698942 0.000132057
96.5608 7.75655 -0.0478751 1.62803 -0.000354221 0.000699828 0.00013033
96.5812 7.75691 -0.04779 1.62804 -0.000342312 0.000710198 0.000129125
96.6005 7.75727 -0.0477038 1.62805 -0.000342232 0.000708547 0.000128114
96.6213 7.75764 -0.0476165 1.62806 -0.000340408 0.000710038 0.000125714
96.644 7.75801 -0.0475282 1.62807 -0.000326513 0.000739494 0.000123396
96.6611 7.75839 -0.0474389 1.62808 -0.000323245 0.000768244 0.000121824
96.6834 7.75878 -0.0473486 1.6281 -0.000314494 0.000780057 0.000119397
96.7021 7.75917 -0.0472576 1.62811 -0.000274172 0.000782911 0.000114359
96.7226 7.75956 -0.0471657 1.62813 -0.000237243 0.000771357 0.000111569
96.7445 7.75997 -0.0470732 1.62814 -0.00022007 0.000738567 0.000108776
96.766 7.76037 -0.04698 1.62816 -0.000206844 0.000706634 0.000106303
96.7864 7.76079 -0.0468865 1.62818 -0.000169743 0.000709338 0.000104385
96.8058 7.76121 -0.0467927 1.6282 -0.000122 0.000718112 0.000102603
96.8256 7.76163 -0.0466987 1.62821 -7.02643e-05 0.00073063 0.000100918
96.8497 7.76206 -0.0466048 1.62823 -1.87953e-05 0.000739339 9.78858e-05
96.8656 7.7625 -0.046511 1.62825 1.98514e-05 0.000732342 9.74557e-05
96.8861 7.76294 -0.0464175 1.62827 4.03188e-05 0.00071479 9.64392e-05
96.9058 7.76339 -0.0463243 1.62828 4.35259e-05 0.000690538 9.41158e-05
96.9257 7.76384 -0.0462316 1.6283 3.5913e-05 0.000670603 9.30295e-05
96.9489 7.76429 -0.0461394 1.62832 4.37185e-05 0.000687278 9.06173e-05
96.9661 7.76476 -0.0460476 1.62833 5.11053e-05 0.000709986 8.82305e-05
96.987 7.76522 -0.0459562 1.62835 3.87414e-05 0.00071803 8.65798e-05
97.0068 7.7657 -0.0458653 1.62837 2.72219e-05 0.000708395 8.48223e-05
97.0265 7.76618 -0.045775 1.62839 5.00543e-05 0.000708317 8.26111e-05
97.0497 7.76666 -0.0456853 1.6284 9.02039e-05 0.000718974 8.09346e-05
97.0669 7.76715 -0.0455963 1.62842 0.000152997 0.000720259 8.02879e-05
97.0876 7.76764 -0.0455083 1.62844 0.000222788 0.000795706 7.94093e-05
97.1071 7.76814 -0.0454214 1.62846 0.000286929 0.00075963 7.60528e-05
97.1273 7.76863 -0.045336 1.62848 0.000363149 0.000715133 7.3632e-05
97.1504 7.76912 -0.0452524 1.6285 0.000449204 0.000659754 7.18565e-05
97.1684 7.76962 -0.0451707 1.62853 0.000517619 0.000663056 7.04742e-05
97.1891 7.77013 -0.0450911 1.62855 0.000564452 0.000744635 6.72017e-05
97.2083 7.77065 -0.0450139 1.62859 0.00058578 0.000846858 6.49838e-05
97.2289 7.77118 -0.0449391 1.62862 0.000581236 0.000705484 6.33802e-05
97.2499 7.77172 -0.0448667 1.62865 0.000568627 0.000743901 6.12057e-05
97.2688 7.77227 -0.0447967 1.62869 0.000553838 0.00066115 5.94709e-05
97.2898 7.77283 -0.0447293 1.62873 0.000560158 0.00066059 5.79547e-05
97.318 7.77341 -0.0446643 1.62878 0.000561339 0.000699808 5.6638e-05
97.3417 7.77399 -0.0446016 1.62882 0.000551033 0.000686914 5.51547e-05
97.37 7.77459 -0.0445412 1.62886 0.000532135 0.000653168 5.31974e-05
97.388 7.77521 -0.044483 1.6289 0.000507976 0.00063806 5.18372e-05
97.4087 7.77583 -0.044427 1.62894 0.000481102 0.000632796 4.80586e-05
97.4274 7.77647 -0.0443731 1.62897 0.000459052 0.000616838 4.57341e-05
97.4479 7.77711 -0.0443212 1.62901 0.00045494 0.000591722 4.4002e-05
97.4689 7.77776 -0.0442712 1.62904 0.000439567 0.000642241 4.26056e-05
97.4884 7.77843 -0.0442232 1.62908 0.000438831 0.000662366 4.05469e-05
97.5095 7.77911 -0.0441771 1.62911 0.000446328 0.000656712 3.90271e-05
97.5278 7.7798 -0.0441329 1.62913 0.000448988 0.000660466 3.74477e-05
97.5477 7.78051 -0.0440905 1.62916 0.000448578 0.000646094 3.686e-05
97.569 7.78122 -0.0440502 1.62918 0.000485526 0.000659841 3.69982e-05
97.5878 7.78194 -0.0440119 1.62921 0.000506036 0.000685189 3.63671e-05
97.6089 7.78268 -0.0439756 1.62923 0.000516153 0.000679079 3.54168e-05
97.6281 7.78343 -0.0439414 1.62925 0.000517618 0.000664242 3.56972e-05
97.6478 7.78419 -0.0439093 1.62926 0.000514476 0.000657432 3.39649e-05
97.6689 7.78497 -0.0438792 1.62928 0.000495413 0.000638481 3.27218e-05
97.6881 7.78575 -0.043851 1.62929 0.000451814 0.000599521 3.30011e-05
97.7088 7.78655 -0.0438245 1.6293 0.000386812 0.000626288 3.18546e-05
97.7285 7.78735 -0.0437999 1.62932 0.000380143 0.000592306 3.06595e-05
97.7484 7.78815 -0.0437768 1.62933 0.00035506 0.000587901 3.16805e-05
97.7696 7.78895 -0.0437552 1.62935 0.00033092 0.000547416 3.196e-05
97.7884 7.78977 -0.0437348 1.62937 0.000278261 0.000689293 3.22193e-05
97.81 7.79059 -0.0437154 1.62939 0.000201767 0.000615362 3.18504e-05
97.829 7.79141 -0.0436969 1.62942 0.000136093 0.000530073 3.19313e-05
97.8486 7.79225 -0.0436792 1.62945 9.98627e-05 0.000647955 3.09424e-05
97.8717 7.7931 -0.0436618 1.62948 4.41427e-05 0.000751977 3.2109e-05
97.8893 7.79394 -0.0436449 1.62951 4.36379e-05 0.00071417 3.41228e-05
97.9096 7.79479 -0.0436283 1.62954 4.27525e-05 0.000719748 3.51375e-05
97.9291 7.79565 -0.0436118 1.62958 3.66081e-05 0.000739994 3.58334e-05
97.9493 7.79651 -0.0435956 1.62961 2.94779e-05 0.000735438 3.64341e-05
97.9705 7.79738 -0.0435795 1.62963 2.15342e-05 0.000731843 3.70131e-05
97.9902 7.79824 -0.0435636 1.62966 2.44691e-05 0.000747747 3.75868e-05
98.0106 7.79912 -0.0435479 1.62968 4.75569e-05 0.000761624 3.81462e-05
98.0303 7.79999 -0.0435325 1.6297 6.20162e-05 0.000754397 3.87601e-05
98.0507 7.80087 -0.0435173 1.62972 7.3393e-05 0.000745037 3.94225e-05
98.0725 7.80176 -0.0435024 1.62974 8.19008e-05 0.000748423 3.89249e-05
98.0905 7.80265 -0.0434882 1.62976 0.000123773 0.00063671 3.99355e-05
98.1128 7.80356 -0.0434739 1.62978 5.92017e-05 0.000790866 4.14923e-05
98.1308 7.80447 -0.0434602 1.6298 4.71212e-05 0.000639703 4.2931e-05
98.1507 7.80538 -0.043447 1.62983 8.78192e-05 0.000598238 4.42643e-05
98.1715 7.8063 -0.0434341 1.62986 0.000113496 0.000535575 4.52311e-05
98.1912 7.80722 -0.0434221 1.6299 0.000211898 0.000531687 4.57223e-05
98.2122 7.80818 -0.0434101 1.62993 0.000153467 0.000543327 4.49453e-05
98.232 7.80916 -0.0433991 1.62997 0.000156414 0.00063484 4.53746e-05
98.2519 7.81015 -0.0433885 1.63001 0.000124303 0.000552992 4.51427e-05
98.2746 7.81117 -0.0433785 1.63005 0.000102278 0.000542239 4.53905e-05
98.2925 7.8122 -0.0433691 1.63009 9.94936e-05 0.000561645 4.65239e-05
98.3138 7.81325 -0.0433602 1.63013 0.00011114 0.000556846 4.75934e-05
98.3335 7.81432 -0.0433517 1.63016 0.00011979 0.000552278 4.86776e-05
98.3529 7.81541 -0.0433436 1.63019 0.000118529 0.000562639 4.83873e-05
98.3736 7.81651 -0.0433361 1.63022 0.000117176 0.000570947 4.78748e-05
98.3929 7.81764 -0.043329 1.63024 0.000111537 0.000566084 4.60653e-05
98.4158 7.81878 -0.0433224 1.63026 0.000116848 0.000559979 4.57961e-05
98.4339 7.81995 -0.0433165 1.63028 0.000155448 0.000660811 4.50303e-05
98.4533 7.82112 -0.0433109 1.63029 0.000146159 0.000508327 4.46111e-05
98.475 7.82231 -0.0433057 1.63031 0.000119299 0.000461454 4.5268e-05
98.4935 7.82352 -0.043301 1.63033 7.86726e-05 0.000505219 4.65932e-05
98.5151 7.82474 -0.043297 1.63036 8.49802e-05 0.000521794 4.66079e-05
98.5339 7.82598 -0.0432933 1.63038 0.000106789 0.000561863 4.74118e-05
98.5539 7.82724 -0.04329 1.63041 0.000115482 0.000572043 4.82629e-05
98.5773 7.82852 -0.0432871 1.63044 0.000103097 0.000585897 4.91434e-05
98.5947 7.82982 -0.0432845 1.63046 8.36141e-05 0.000599995 4.91757e-05
98.6152 7.83113 -0.0432823 1.63048 7.53921e-05 0.00061749 4.87675e-05
98.6349 7.83246 -0.0432803 1.6305 5.84885e-05 0.000616457 4.89878e-05
98.6558 7.83381 -0.0432785 1.63052 2.65559e-05 0.000697557 4.8267e-05
98.6782 7.83517 -0.0432769 1.63054 2.9327e-07 0.000590369 4.60242e-05
98.6956 7.83655 -0.0432754 1.63056 -3.43474e-07 0.000609752 4.3473e-05
98.7179 7.83793 -0.0432739 1.63059 -7.6937e-06 0.000631555 4.14642e-05
98.736 7.83932 -0.0432722 1.63062 -3.23544e-05 0.000633506 4.06114e-05
98.7558 7.84073 -0.0432704 1.63065 -7.51183e-05 0.000648093 4.02976e-05
98.7761 7.84214 -0.0432682 1.63068 -0.000117844 0.00066414 4.02225e-05
98.7956 7.84356 -0.0432657 1.6307 -0.000137909 0.00067586 3.94962e-05
98.8172 7.84499 -0.0432628 1.63072 -0.000136249 0.000696872 4.02737e-05
98.8361 7.84644 -0.0432594 1.63073 -0.000127715 0.000718833 3.9536e-05
98.8563 7.84789 -0.0432556 1.63074 -0.000115828 0.000733847 3.84664e-05
98.8773 7.84935 -0.0432513 1.63075 -0.000102214 0.000744944 3.8015e-05
98.8981 7.85083 -0.0432467 1.63076 -9.06475e-05 0.000741748 3.78419e-05
98.9186 7.85231 -0.0432416 1.63076 -8.51451e-05 0.000819987 3.77862e-05
98.9378 7.85379 -0.0432363 1.63076 -8.00771e-05 0.000676672 3.72892e-05
98.9579 7.85529 -0.0432305 1.63077 -8.31737e-05 0.00069372 3.69063e-05
98.9809 7.85679 -0.0432244 1.63078 -0.000108547 0.000756321 3.67494e-05
98.9984 7.85831 -0.0432177 1.63079 -0.000151477 0.000840439 3.63088e-05
99.0213 7.85982 -0.0432106 1.63081 -0.000172093 0.000779579 3.44939e-05
99.0394 7.86134 -0.0432029 1.63083 -0.000176441 0.000728242 3.36988e-05
99.0591 7.86287 -0.0431947 1.63085 -0.000173226 0.000761895 3.1328e-05
99.0828 7.86439 -0.0431856 1.63088 -0.000179894 0.000809312 2.89633e-05
99.099 7.86592 -0.0431759 1.6309 -0.000193514 0.000841619 2.78386e-05
99.1209 7.86745 -0.0431655 1.63092 -0.000202455 0.000867064 2.73e-05
99.1396 7.86898 -0.0431544 1.63094 -0.000208642 0.000809411 2.70074e-05
99.1595 7.87053 -0.0431425 1.63096 -0.000200261 0.000972617 2.67052e-05
99.1824 7.87208 -0.04313 1.63098 -0.000177465 0.000987758 2.6485e-05
99.1998 7.87362 -0.0431166 1.631 -0.000203921 0.000386292 2.67936e-05
99.2208 7.87521 -0.0431028 1.63103 -0.000162084 0.000681155 2.51364e-05
99.24 7.87685 -0.0430883 1.63108 -0.000135509 0.00116691 2.32487e-05
99.2602 7.87851 -0.0430734 1.63114 -8.49362e-05 0.000889044 2.13087e-05
99.2843 7.88019 -0.0430581 1.63122 -6.29395e-05 0.000740077 1.97717e-05
99.3009 7.8819 -0.0430426 1.6313 -4.81733e-05 0.000781254 1.94224e-05
99.321 7.88363 -0.0430269 1.63138 -2.78294e-05 0.000795294 1.93596e-05
99.3408 7.88539 -0.0430113 1.63145 3.50996e-06 0.000747984 1.91344e-05
99.3609 7.88717 -0.0429956 1.63152 2.34644e-05 0.000695732 1.8984e-05
99.3816 7.88898 -0.04298 1.63158 2.04616e-05 0.000661708 1.8766e-05
99.4012 7.89081 -0.0429645 1.63164 1.14101e-05 0.000634079 1.90722e-05
99.4223 7.89267 -0.0429491 1.63169 6.9838e-06 0.000611276 1.95988e-05
99.4417 7.89455 -0.0429336 1.63173 -1.70764e-05 0.000677184 1.99998e-05
99.4616 7.89644 -0.0429181 1.63176 -4.01349e-05 0.000640001 1.91772e-05
99.4832 7.89835 -0.0429022 1.6318 -0.000110625 0.000589787 1.93878e-05
99.5021 7.90028 -0.0428862 1.63183 -0.000137212 0.000654921 1.9591e-05
99.5248 7.90222 -0.0428699 1.63185 -0.000137726 0.000677251 1.97785e-05
99.5428 7.90418 -0.0428533 1.63188 -0.000101619 0.000663093 1.99399e-05
99.5628 7.90617 -0.0428361 1.63191 -9.57744e-05 0.000735953 2.00664e-05
99.5836 7.90817 -0.0428186 1.63194 -8.35613e-05 0.000736999 1.99925e-05
99.6032 7.91019 -0.0428007 1.63197 -9.72594e-05 0.000625464 1.90895e-05
99.6246 7.91224 -0.0427828 1.63201 -5.29987e-05 0.000749074 1.84031e-05
99.644 7.91432 -0.0427648 1.63204 -1.03371e-05 0.000813284 1.72698e-05
99.6645 7.91641 -0.0427471 1.63207 6.88785e-05 0.000712897 1.67736e-05
99.6841 7.91852 -0.0427294 1.6321 0.00011001 0.000755439 1.63806e-05
99.7042 7.92066 -0.042712 1.63213 0.000130018 0.000744305 1.54291e-05
99.7246 7.9228 -0.0426951 1.63215 0.000121886 0.000691491 1.54438e-05
99.7446 7.92496 -0.0426786 1.63218 0.000112886 0.000692374 1.42856e-05
99.7646 7.92714 -0.0426627 1.6322 0.000111593 0.000718896 1.61854e-05
99.785 7.92934 -0.0426474 1.63222 0.0001203 0.000734586 1.74262e-05
99.8053 7.93154 -0.0426325 1.63223 0.00012262 0.000759587 1.53855e-05
99.8269 7.93377 -0.0426181 1.63224 0.000115349 0.00078201 1.46281e-05
99.846 7.93601 -0.0426041 1.63225 8.46685e-05 0.000696094 1.44399e-05
99.8659 7.93827 -0.0425905 1.63226 7.10549e-05 0.00085091 1.68928e-05
99.8874 7.94055 -0.0425773 1.63227 6.45872e-05 0.000786009 1.71606e-05
99.9069 7.94285 -0.0425641 1.63228 1.37603e-05 0.000660238 1.79587e-05
99.9276 7.94518 -0.0425512 1.6323 -1.07411e-07 0.000944586 1.81218e-05
99.947 7.94753 -0.0425383 1.63232 -2.59479e-05 0.000813728 1.78668e-05
99.9672 7.94988 -0.0425253 1.63234 -6.13663e-05 0.000677145 1.90748e-05
99.9914 7.95226 -0.0425123 1.63237 -5.96441e-05 0.000706158 1.77685e-05
100.008 7.95465 -0.0424991 1.6324 -6.30582e-05 0.000854652 1.76973e-05
100.028 7.95704 -0.0424857 1.63243 -6.37009e-05 0.000818206 1.77651e-05
100.048 7.95944 -0.0424721 1.63246 -6.65779e-05 0.000797484 1.75162e-05
100.068 7.96185 -0.0424584 1.63249 -5.54183e-05 0.00060315 1.79846e-05
100.089 7.9643 -0.0424447 1.63252 -1.93677e-05 0.00116281 1.73322e-05
100.109 7.96674 -0.0424309 1.63256 -9.29114e-07 0.00090545 1.74463e-05
100.131 7.9692 -0.0424171 1.63261 1.05233e-05 0.000851311 1.76453e-05
100.15 7.97165 -0.0424031 1.63266 -1.25531e-05 0.000864396 1.86406e-05
100.17 7.97411 -0.0423892 1.63272 -3.29035e-05 0.000826519 1.98607e-05
100.191 7.97656 -0.0423752 1.63277 -3.23624e-05 0.0008202 1.89467e-05
100.21 7.97901 -0.0423618 1.63281 6.29791e-05 0.000620809 1.92529e-05
100.231 7.98149 -0.0423476 1.63285 -3.02756e-06 0.000700382 1.99471e-05
100.25 7.98399 -0.0423332 1.63289 -0.000106666 0.000879097 2.11823e-05
100.27 7.98652 -0.0423188 1.63293 -0.000157736 0.000713483 2.19246e-05
100.295 7.98907 -0.0423041 1.63297 -0.0001542 0.000662111 2.207e-05
100.311 7.99164 -0.0422888 1.63301 -0.000146878 0.00070264 2.13774e-05
100.333 7.99424 -0.0422731 1.63304 -0.000141797 0.00071982 2.2208e-05
100.353 7.99685 -0.0422569 1.63307 -0.000121926 0.000709324 2.32652e-05
100.372 7.99949 -0.0422403 1.63309 -0.000104024 0.000707742 2.2405e-05
100.393 8.00215 -0.0422233 1.6331 -9.03427e-05 0.000668655 2.3086e-05
100.412 8.00484 -0.0422059 1.63311 -9.59818e-05 0.000823714 2.38292e-05
100.433 8.00755 -0.0421882 1.63312 -0.00010554 0.000754502 2.51425e-05
100.452 8.01028 -0.0421702 1.63313 -9.87739e-05 0.000721541 2.62596e-05
100.472 8.01303 -0.042152 1.63313 -6.84123e-05 0.0007366 2.74071e-05
100.498 8.01581 -0.0421337 1.63313 -2.7761e-05 0.000747512 2.57127e-05
100.515 8.0186 -0.0421153 1.63313 7.69497e-07 0.000749912 2.55311e-05
100.535 8.02142 -0.0420969 1.63313 2.8623e-05 0.000758038 2.62704e-05
100.555 8.02426 -0.0420787 1.63313 5.42673e-05 0.000767106 2.75523e-05
100.575 8.02712 -0.0420607 1.63313 6.66602e-05 0.000759049 2.8243e-05
100.597 8.03 -0.042043 1.63312 8.42014e-05 0.000764338 2.92983e-05
100.615 8.0329 -0.0420258 1.63312 0.000108079 0.000784197 3.07486e-05
100.636 8.03583 -0.0420089 1.63311 0.000111766 0.000697301 3.25943e-05
100.656 8.03878 -0.0419926 1.63311 0.000120186 0.000840474 3.18844e-05
100.675 8.04176 -0.0419768 1.63311 0.000134439 0.000838426 3.2483e-05
100.696 8.04476 -0.0419614 1.63311 0.000132185 0.000772043 3.1633e-05
100.715 8.04778 -0.0419466 1.63311 0.00011277 0.000777517 3.23264e-05
100.739 8.05082 -0.0419322 1.63311 9.02038e-05 0.000809319 3.31241e-05
100.756 8.05388 -0.0419183 1.63311 7.87583e-05 0.000829006 3.40343e-05
100.776 8.05696 -0.0419047 1.63311 6.70452e-05 0.000810397 3.44768e-05
100.797 8.06006 -0.0418914 1.63312 6.01776e-05 0.000842571 3.46111e-05
100.817 8.06318 -0.0418784 1.63312 4.32871e-05 0.000914511 3.58893e-05
100.839 8.06632 -0.0418657 1.63313 4.19996e-05 0.000936565 3.66947e-05
100.857 8.06946 -0.0418531 1.63314 3.81643e-05 0.000994389 3.80832e-05
100.877 8.07262 -0.0418408 1.63316 3.37136e-05 0.00088439 3.83853e-05
100.898 8.07578 -0.0418286 1.63318 2.96806e-05 0.000926623 3.82212e-05
100.918 8.07896 -0.0418166 1.6332 2.19952e-05 0.00100041 3.78005e-05
100.939 8.08215 -0.0418046 1.63322 1.01934e-05 0.00109966 3.75794e-05
100.958 8.08535 -0.0417926 1.63325 -2.09371e-05 0.00106288 3.87283e-05
100.978 8.08856 -0.0417807 1.63327 -4.15464e-05 0.00101199 3.98904e-05
100.998 8.09177 -0.0417686 1.6333 -4.38049e-05 0.00102148 3.87781e-05
101.018 8.09499 -0.0417565 1.63332 -4.90707e-05 0.00111572 3.93292e-05
101.041 8.09821 -0.0417442 1.63334 -4.68633e-05 0.00106615 3.84127e-05
101.059 8.10141 -0.0417316 1.63337 -8.07061e-05 0.000680766 3.69582e-05
101.079 8.10465 -0.0417192 1.6334 -2.7541e-05 0.000846108 3.66693e-05
101.1 8.10794 -0.0417066 1.63345 -3.68486e-06 0.00148178 3.50356e-05
101.119 8.11123 -0.0416936 1.6335 -2.81638e-05 0.00106703 3.42466e-05
101.14 8.11453 -0.0416807 1.63358 -4.58462e-05 0.000894976 3.35241e-05
101.16 8.11784 -0.0416673 1.63366 -0.000110237 0.00053196 3.22321e-05
101.18 8.1212 -0.0416541 1.63376 -8.29271e-05 0.00125527 2.95956e-05
101.201 8.12455 -0.0416409 1.63387 -1.07351e-05 0.00119603 2.83196e-05
101.22 8.12791 -0.0416275 1.634 3.06999e-05 0.000923798 2.70976e-05
101.241 8.13127 -0.0416144 1.63414 7.86087e-05 0.000447664 2.56757e-05
101.261 8.1347 -0.041601 1.63427 2.85225e-05 0.00087979 2.49076e-05
101.281 8.13817 -0.0415879 1.63442 5.2221e-07 0.000908747 2.37337e-05
101.302 8.14168 -0.0415749 1.63455 -1.29012e-05 0.000724636 2.2324e-05
101.321 8.14523 -0.0415618 1.63469 -3.34167e-05 0.000671553 2.12812e-05
101.344 8.14883 -0.0415487 1.63481 -5.95892e-05 0.000841472 1.98833e-05
101.362 8.15245 -0.0415353 1.63492 -9.59497e-05 0.000615132 1.93881e-05
101.382 8.1561 -0.0415214 1.63503 -0.00015448 0.000566986 1.94683e-05
101.402 8.15978 -0.0415073 1.63512 -0.000169258 0.000578318 1.93816e-05
101.423 8.1635 -0.0414928 1.6352 -0.000143095 0.000665602 1.91414e-05
101.443 8.16726 -0.0414777 1.63527 -0.000135329 0.000784457 1.73787e-05
101.462 8.17103 -0.0414619 1.63533 -0.000161336 0.000640117 1.7661e-05
101.483 8.17483 -0.0414454 1.63539 -0.000198587 0.000512918 1.75205e-05
101.504 8.17867 -0.0414284 1.63543 -0.000213365 0.000693267 1.72148e-05
101.523 8.18254 -0.0414108 1.63547 -0.00018816 0.000751336 1.73859e-05
101.544 8.18643 -0.0413925 1.63551 -0.00016594 0.000686479 1.7065e-05
101.563 8.19034 -0.0413735 1.63554 -0.000180675 0.000672541 1.67929e-05
101.584 8.19429 -0.041354 1.63556 -0.00016063 0.000680617 1.707e-05
101.607 8.19826 -0.0413336 1.63558 -0.000192913 0.000596408 1.56442e-05
101.624 8.20228 -0.0413128 1.63559 -0.000189619 0.000644893 1.37275e-05
101.645 8.20634 -0.0412914 1.63559 -0.000178041 0.000696679 1.40468e-05
101.665 8.21044 -0.0412693 1.63559 -0.000167864 0.000665388 1.47081e-05
101.685 8.21457 -0.0412466 1.63558 -0.000175896 0.00052562 1.43556e-05
101.708 8.21875 -0.0412232 1.63557 -0.000171922 0.000936554 1.49013e-05
101.725 8.22294 -0.0411991 1.63556 -0.000194791 0.000664584 1.54934e-05
101.746 8.22716 -0.0411744 1.63556 -0.000190674 0.000594502 1.27776e-05
101.765 8.23139 -0.0411493 1.63556 -0.000152146 0.000683676 1.24693e-05
101.785 8.23563 -0.0411241 1.63556 -3.50642e-05 0.000478212 1.02313e-05
101.81 8.23992 -0.0410979 1.63557 -5.0979e-05 0.000489376 1.06329e-05
101.826 8.24425 -0.0410718 1.63558 -4.50513e-05 0.000945414 1.07477e-05
101.846 8.24858 -0.0410456 1.6356 -6.06769e-05 0.000280836 1.07755e-05
101.866 8.25297 -0.0410191 1.63565 -8.45768e-05 0.000933387 1.12883e-05
101.886 8.25735 -0.0409924 1.63571 -0.000103508 0.000728734 1.21198e-05
101.908 8.26175 -0.0409656 1.63579 -7.58563e-05 0.000579171 1.31433e-05
101.926 8.26615 -0.0409387 1.63588 -3.62154e-05 0.000665681 1.5056e-05
101.947 8.27057 -0.0409117 1.63596 -5.18659e-06 0.000928709 1.54781e-05
101.966 8.27497 -0.0408848 1.63603 3.68798e-05 0.000863781 1.59213e-05
101.987 8.27936 -0.0408578 1.63609 2.25319e-05 0.000354782 1.60718e-05
102.009 8.28377 -0.0408316 1.63615 9.7636e-05 0.000663291 1.66544e-05
102.027 8.28822 -0.0408058 1.63622 0.000164392 0.00103502 1.69764e-05
102.048 8.2927 -0.0407806 1.6363 0.000201664 0.000989597 1.77614e-05
102.068 8.29722 -0.0407561 1.63638 0.00021662 0.000951144 1.89794e-05
102.088 8.30176 -0.0407326 1.63647 0.000240776 0.000836444 1.81689e-05
102.113 8.30632 -0.0407102 1.63655 0.000270149 0.00128131 1.78041e-05
102.129 8.31087 -0.0406884 1.63664 0.000195024 0.000892375 1.91196e-05
102.15 8.31542 -0.0406676 1.63673 0.000152035 0.000807178 1.91416e-05
102.169 8.31997 -0.0406476 1.63682 0.000132529 0.00108503 1.96023e-05
102.189 8.32451 -0.0406285 1.63691 0.000170055 0.0005808 2.08105e-05
102.212 8.3291 -0.04061 1.63699 0.000168775 0.00097048 2.31067e-05
102.229 8.33372 -0.0405921 1.63709 0.000163779 0.0016028 2.49152e-05
102.251 8.33832 -0.0405753 1.6372 0.000218909 0.00061068 2.67975e-05
102.27 8.34298 -0.040559 1.63733 0.000201094 0.000961597 2.90819e-05
102.29 8.34768 -0.0405435 1.63749 0.00018927 0.00122985 2.98712e-05
102.311 8.35243 -0.0405289 1.63764 0.000182699 0.00110552 3.08074e-05
102.33 8.35722 -0.0405151 1.63778 0.000183393 0.00106073 3.34549e-05
102.351 8.36205 -0.040502 1.6379 0.000167587 0.00101836 3.61717e-05
102.371 8.36692 -0.0404893 1.63802 0.000130078 0.000980439 3.52851e-05
102.391 8.37182 -0.0404772 1.63811 7.82835e-05 0.000929248 3.66414e-05
102.417 8.37677 -0.0404654 1.63819 2.91666e-05 0.000880199 3.61773e-05
102.432 8.38175 -0.0404539 1.63826 -6.56957e-06 0.00091586 3.66968e-05
102.453 8.38676 -0.0404423 1.63831 -4.97086e-05 0.000724876 3.8615e-05
102.471 8.39182 -0.0404306 1.63836 -8.96443e-05 0.000848245 3.92726e-05
102.492 8.3969 -0.0404186 1.63839 -0.000122341 0.000839251 3.89729e-05
102.513 8.40201 -0.0404063 1.63842 -0.000132387 0.00074501 3.98038e-05
102.532 8.40716 -0.0403936 1.63844 -0.000117606 0.000734863 4.07855e-05
102.552 8.41233 -0.0403805 1.63845 -0.000102807 0.000824693 4.11485e-05
102.573 8.41753 -0.0403673 1.63846 -6.51603e-05 0.000807639 4.09244e-05
102.593 8.42275 -0.0403537 1.63845 -4.71825e-05 0.000765786 4.05105e-05
102.617 8.428 -0.0403399 1.63845 -3.91394e-05 0.000841229 4.11894e-05
102.633 8.43326 -0.0403259 1.63844 -4.46917e-05 0.000919546 4.21667e-05
102.654 8.43854 -0.0403117 1.63843 -5.19931e-05 0.000783492 4.33405e-05
102.673 8.44384 -0.0402973 1.63842 -8.21182e-05 0.000928728 4.44676e-05
102.693 8.44915 -0.0402827 1.63841 -9.12385e-05 0.000982381 4.5168e-05
102.714 8.45447 -0.0402679 1.6384 -9.49182e-05 0.000965912 4.66268e-05
102.734 8.45981 -0.0402527 1.63839 -8.39063e-05 0.000994305 4.63316e-05
102.755 8.46517 -0.0402374 1.63838 -6.01731e-05 0.00103967 4.77577e-05
102.774 8.47053 -0.0402219 1.63837 -4.4375e-05 0.00105574 4.86089e-05
102.794 8.47592 -0.0402062 1.63836 -4.11894e-05 0.00106676 5.02853e-05
102.815 8.48131 -0.0401903 1.63834 -4.45672e-05 0.00109172 5.20765e-05
102.835 8.48672 -0.0401742 1.63833 -5.66363e-05 0.00118564 5.29284e-05
102.856 8.49214 -0.0401581 1.63831 -4.27471e-05 0.00114395 5.4366e-05
102.875 8.49756 -0.0401419 1.63829 -2.88448e-05 0.00114694 5.7027e-05
102.895 8.50298 -0.0401256 1.63827 -1.26627e-05 0.00084856 5.5809e-05
102.918 8.50844 -0.0401094 1.63825 1.33571e-05 0.00103849 5.55953e-05
102.936 8.51394 -0.0400932 1.63825 2.55325e-05 0.00120688 5.64841e-05
102.957 8.51949 -0.0400772 1.63825 4.88561e-05 0.00151345 5.61702e-05
102.977 8.52503 -0.0400613 1.63826 4.84921e-05 0.00108578 5.52366e-05
102.997 8.53057 -0.0400457 1.63828 5.26269e-05 0.000954288 5.53397e-05
103.02 8.53612 -0.0400304 1.63831 6.84385e-05 0.00111113 5.64363e-05
103.037 8.54167 -0.0400157 1.63834 0.000123473 0.000881111 5.69821e-05
103.058 8.54725 -0.0400009 1.63838 9.87544e-05 0.000928574 5.80002e-05
103.077 8.55287 -0.0399867 1.63843 7.78648e-05 0.00156714 5.98093e-05
103.098 8.55847 -0.0399726 1.63848 2.50301e-05 0.0010731 6.14571e-05
103.119 8.56406 -0.0399586 1.63856 -2.55741e-05 0.00118118 6.17765e-05
103.138 8.56963 -0.0399447 1.63864 -6.1318e-05 0.000644579 6.38375e-05
103.158 8.57522 -0.0399306 1.63873 -9.96625e-05 0.000910168 6.37395e-05
103.178 8.58085 -0.0399163 1.63883 -0.000108338 0.00129294 6.46846e-05
103.199 8.58651 -0.0399016 1.63895 -0.000105743 0.00120191 6.35852e-05
103.22 8.59219 -0.0398864 1.63907 -0.000133699 0.00134143 6.28422e-05
103.239 8.59787 -0.0398712 1.63919 -9.50643e-05 0.00104267 6.31407e-05
103.26 8.60354 -0.0398559 1.63931 3.04932e-06 0.000437009 6.18998e-05
103.279 8.60928 -0.0398399 1.63943 -3.49903e-05 0.000780657 6.30166e-05
103.299 8.61509 -0.0398238 1.63956 -6.43793e-05 0.00113848 6.34863e-05
103.321 8.62096 -0.0398077 1.63969 -6.42709e-05 0.000949216 6.34396e-05
103.34 8.62688 -0.0397915 1.63982 -5.02824e-05 0.000717355 6.4364e-05
103.362 8.63286 -0.0397749 1.63994 -6.29927e-05 0.0006545 6.33243e-05
103.381 8.63889 -0.0397582 1.64005 -6.97939e-05 0.000679557 6.27975e-05
103.401 8.64496 -0.0397414 1.64015 -6.84952e-05 0.000612379 6.39507e-05
103.422 8.65111 -0.0397247 1.64026 -5.50305e-07 0.00376121 4.17202e-05
103.442 8.65693 -0.0397073 1.64042 -5.13867e-05 0.000733927 1.4486e-05
103.462 8.66257 -0.0396897 1.64071 -0.000126214 0.000853985 -5.2257e-06
103.482 8.66798 -0.0396717 1.64107 -0.000189667 0.00174878 -2.19367e-05
103.502 8.67319 -0.0396535 1.64146 -0.000181234 0.00241416 -3.23179e-05
103.523 8.67816 -0.0396346 1.64183 -0.0001693 0.00215062 -4.51234e-05
103.542 8.68294 -0.039615 1.64218 -0.000168903 0.00260415 -5.79305e-05
103.563 8.68751 -0.0395951 1.64251 -0.000126784 0.00266425 -6.54918e-05
103.583 8.6919 -0.0395747 1.64282 -8.78768e-05 0.00318089 -7.44717e-05
103.742 8.69609 -0.0395541 1.6431 -3.99052e-05 0.00300981 -8.46656e-05
103.763 8.70008 -0.0395334 1.64335 -9.02061e-06 0.00285769 -9.24623e-05
103.782 8.70392 -0.0395127 1.64356 2.76532e-05 0.00327933 -9.54916e-05
103.804 8.70757 -0.0394921 1.64375 5.9564e-05 0.00308787 -0.000102063
103.823 8.71106 -0.0394717 1.64391 7.79093e-05 0.0032632 -0.000107547
103.843 8.71438 -0.0394516 1.64404 7.29582e-05 0.0030739 -0.00011323
103.865 8.71754 -0.0394316 1.64416 5.45241e-05 0.00310468 -0.000119178
103.883 8.72054 -0.0394121 1.64424 4.72729e-05 0.00322265 -0.000121818
103.905 8.72336 -0.0393929 1.6443 6.41408e-05 0.00288297 -0.000123391
103.923 8.72603 -0.0393743 1.64435 0.000130502 0.00293385 -0.000123873
103.943 8.72853 -0.0393561 1.64438 0.000178781 0.00289424 -0.000126309
103.967 8.73091 -0.0393386 1.6444 0.000206798 0.00315728 -0.000124797
103.985 8.73312 -0.0393218 1.64441 0.000211592 0.00261082 -0.000126249
104.005 8.7352 -0.0393059 1.64441 0.000231361 0.00263063 -0.000124462
104.025 8.73715 -0.0392908 1.64439 0.000218668 0.00264804 -0.000122627
104.045 8.73896 -0.0392765 1.64436 0.000188827 0.00238359 -0.00012025
104.066 8.74065 -0.0392628 1.64432 0.000143088 0.00252797 -0.000116155
104.085 8.74219 -0.0392499 1.64428 0.000127093 0.00235929 -0.000114648
104.107 8.74361 -0.0392376 1.64423 0.000125891 0.00227753 -0.000110769
104.126 8.74492 -0.0392258 1.64418 0.00011107 0.00232895 -0.000110368
104.147 8.7461 -0.0392143 1.64412 7.85051e-05 0.00215036 -0.000106687
104.167 8.74717 -0.0392032 1.64406 7.39008e-05 0.00211961 -0.000102012
104.187 8.74814 -0.0391927 1.64401 0.000102544 0.00250006 -9.50073e-05
104.209 8.74895 -0.0391821 1.64395 4.78967e-05 0.00211835 -9.22026e-05
104.229 8.74963 -0.0391719 1.64389 2.04555e-05 0.00168915 -8.63662e-05
104.248 8.75022 -0.0391618 1.64383 -1.00887e-05 0.00224185 -8.20463e-05
104.269 8.75067 -0.0391517 1.64376 -3.0527e-05 0.00196441 -7.88242e-05
104.289 8.75104 -0.0391419 1.64369 2.36773e-06 0.00258065 -7.36757e-05
104.31 8.75123 -0.0391316 1.64362 -2.12033e-05 0.0020022 -6.74768e-05
104.329 8.75128 -0.0391218 1.64356 2.39419e-05 0.00173655 -5.99111e-05
104.349 8.75122 -0.0391117 1.64349 6.47056e-06 0.001814 -5.382e-05
104.369 8.75105 -0.0391019 1.64342 2.18397e-05 0.00232572 -4.77333e-05
104.389 8.75078 -0.0390927 1.64335 0.000112726 0.0022852 -4.07158e-05
104.41 8.75041 -0.0390835 1.64327 0.000130498 0.00228141 -3.60445e-05
104.429 8.74994 -0.0390749 1.64319 0.000157525 0.00202567 -3.14202e-05
104.449 8.74941 -0.0390666 1.64309 0.000126094 0.00243945 -2.77783e-05
104.47 8.74879 -0.0390587 1.64299 8.34489e-05 0.00225086 -2.41178e-05
104.49 8.74812 -0.0390514 1.64288 8.62804e-05 0.00245057 -2.00655e-05
104.512 8.74738 -0.0390446 1.64277 0.000117827 0.0023782 -1.51002e-05
104.53 8.74656 -0.0390383 1.64266 0.000123441 0.00232632 -7.80603e-06
104.55 8.74568 -0.0390325 1.64254 0.000150468 0.00224161 -1.85443e-06
104.572 8.74475 -0.0390272 1.64241 0.000141428 0.00232854 2.05233e-06
104.59 8.74376 -0.0390223 1.64228 0.000124651 0.00226379 5.20806e-06
104.611 8.74273 -0.0390179 1.64214 9.71907e-05 0.00245275 8.71311e-06
104.63 8.74164 -0.0390139 1.642 7.72972e-05 0.0022273 1.26205e-05
104.651 8.7405 -0.0390104 1.64185 7.82869e-05 0.00126378 1.63697e-05
104.675 8.73943 -0.0390068 1.64175 1.4863e-05 0.00217894 1.79638e-05
104.691 8.73839 -0.0390034 1.64167 -9.99743e-06 0.0023401 1.95415e-05
104.713 8.73737 -0.0390001 1.64163 -2.60945e-05 0.00180887 2.19047e-05
104.732 8.73638 -0.0389966 1.6416 -5.88158e-05 0.00155653 2.336e-05
104.752 8.73542 -0.0389928 1.64157 -9.25632e-05 0.00154238 2.4454e-05
104.776 8.73449 -0.0389887 1.64155 -0.000125712 0.00146221 2.53604e-05
104.792 8.73358 -0.0389841 1.64153 -0.000159561 0.00133886 2.61636e-05
104.812 8.73271 -0.0389789 1.6415 -0.00019398 0.00124748 2.69285e-05
104.832 8.73186 -0.0389729 1.64148 -0.000233103 0.00119276 2.76828e-05
104.852 8.73103 -0.0389661 1.64145 -0.000251759 0.00113593 2.82808e-05
104.874 8.73024 -0.0389583 1.64143 -0.000284442 0.00116245 2.88477e-05
104.892 8.72947 -0.0389495 1.64142 -0.000300798 0.00105232 2.7358e-05
104.914 8.72872 -0.0389396 1.64141 -0.000304924 0.00105575 2.76352e-05
104.933 8.728 -0.0389286 1.6414 -0.00029598 0.00112074 2.82319e-05
104.953 8.72731 -0.0389166 1.6414 -0.000274374 0.00123851 2.80909e-05
104.974 8.72663 -0.0389034 1.6414 -0.000275265 0.00111511 2.57992e-05
104.994 8.72598 -0.0388891 1.6414 -0.000283663 0.00110935 2.46813e-05
105.016 8.72536 -0.0388738 1.6414 -0.000292496 0.00126458 2.45637e-05
105.034 8.72476 -0.0388573 1.6414 -0.000304689 0.00114311 2.60135e-05
105.055 8.72418 -0.0388397 1.64141 -0.000320659 0.00125763 2.54895e-05
105.076 8.72362 -0.038821 1.64142 -0.000322477 0.00127716 2.51709e-05
105.095 8.72307 -0.038801 1.64143 -0.000332316 0.00118643 2.49963e-05
105.117 8.72256 -0.0387796 1.64143 -0.000368572 0.00130908 2.5635e-05
105.136 8.72206 -0.0387568 1.64144 -0.000402514 0.00132945 2.53379e-05
105.156 8.72158 -0.0387326 1.64144 -0.000418404 0.00117679 2.43295e-05
105.179 8.72113 -0.0387068 1.64145 -0.000445748 0.00129874 2.33377e-05
105.196 8.72069 -0.0386794 1.64146 -0.000465211 0.00131464 2.23675e-05
105.22 8.72028 -0.0386503 1.64147 -0.000474284 0.00136169 2.172e-05
105.236 8.71988 -0.0386194 1.64148 -0.000489555 0.00138451 2.11922e-05
105.256 8.71951 -0.0385867 1.64148 -0.000497344 0.00140398 1.98323e-05
105.277 8.71915 -0.0385523 1.64148 -0.000492251 0.00136428 1.83485e-05
105.297 8.71882 -0.0385161 1.64148 -0.000485943 0.00154494 1.50353e-05
105.317 8.71852 -0.0384779 1.64147 -0.000501485 0.00152418 1.4121e-05
105.337 8.71823 -0.0384379 1.64147 -0.000514163 0.00147836 1.41668e-05
105.357 8.71795 -0.0383962 1.64146 -0.000509806 0.00151439 1.5094e-05
105.382 8.7177 -0.0383527 1.64146 -0.000492092 0.00155095 1.56862e-05
105.398 8.71747 -0.0383073 1.64145 -0.000483315 0.00156851 1.55296e-05
105.419 8.71725 -0.0382601 1.64144 -0.000483555 0.00158792 1.51321e-05
105.439 8.71706 -0.0382112 1.64142 -0.000489939 0.00160939 1.51397e-05
105.458 8.71688 -0.0381602 1.6414 -0.000543055 0.00171509 1.58982e-05
105.481 8.71672 -0.0381069 1.64139 -0.000650318 0.00170078 1.63333e-05
105.498 8.71656 -0.0380511 1.64137 -0.000782515 0.00168187 1.65884e-05
105.519 8.71643 -0.0379924 1.64135 -0.00091516 0.00175552 1.67446e-05
105.539 8.7163 -0.0379304 1.64134 -0.00103129 0.00178423 1.6422e-05
105.559 8.71618 -0.0378646 1.64132 -0.0011327 0.00180683 1.51956e-05
105.584 8.71608 -0.0377946 1.6413 -0.00122999 0.00184083 1.45113e-05
105.599 8.71598 -0.03772 1.64128 -0.00133294 0.00186202 1.57032e-05
105.62 8.7159 -0.0376404 1.64125 -0.00143468 0.00188072 1.6244e-05
105.639 8.71583 -0.0375556 1.64123 -0.00152398 0.00191465 1.64429e-05
105.66 8.71577 -0.0374652 1.6412 -0.00158621 0.00194755 1.64903e-05
105.683 8.71573 -0.0373689 1.64116 -0.00164141 0.00197438 1.64914e-05
105.7 8.71569 -0.0372666 1.64113 -0.00168563 0.00201454 1.47902e-05
105.722 8.71567 -0.037158 1.64109 -0.00172363 0.00202925 1.35662e-05
105.74 8.71566 -0.0370431 1.64105 -0.00175273 0.00202777 1.30405e-05
105.761 8.71566 -0.0369217 1.64102 -0.00177846 0.00203397 1.27268e-05
105.782 8.71567 -0.0367936 1.64099 -0.00182002 0.00202672 1.35219e-05
105.801 8.7157 -0.0366588 1.64095 -0.00186582 0.00202866 1.39945e-05
105.821 8.71573 -0.0365173 1.64092 -0.00187932 0.00204577 1.40747e-05
105.841 8.71578 -0.036369 1.6409 -0.00187837 0.00205091 1.37379e-05
105.861 8.71584 -0.0362138 1.64087 -0.00188573 0.00203938 1.38022e-05
105.883 8.71592 -0.0360517 1.64085 -0.00189283 0.00203825 1.3719e-05
105.902 8.716 -0.0358827 1.64083 -0.00189533 0.00205974 1.40195e-05
105.923 8.7161 -0.0357067 1.64081 -0.00190755 0.00207607 1.44915e-05
105.942 8.71621 -0.0355239 1.6408 -0.00192707 0.00209432 1.43852e-05
105.962 8.71633 -0.035334 1.64078 -0.00194787 0.00210982 1.40243e-05
105.986 8.71646 -0.0351373 1.64077 -0.00194342 0.00210639 1.41745e-05
106.003 8.7166 -0.0349337 1.64077 -0.00191851 0.00211063 1.44167e-05
106.024 8.71676 -0.0347233 1.64076 -0.00189571 0.00219271 1.45663e-05
106.043 8.71692 -0.034506 1.64076 -0.00189313 0.0021266 1.43569e-05
106.064 8.71709 -0.034282 1.64076 -0.00187254 0.00207484 1.47673e-05
106.085 8.71726 -0.0340516 1.64076 -0.00183406 0.00209583 1.51525e-05
106.104 8.71743 -0.0338148 1.64076 -0.00178513 0.00210571 1.55995e-05
106.125 8.71761 -0.0335718 1.64077 -0.00174341 0.00208974 1.62379e-05
106.145 8.71779 -0.0333225 1.64077 -0.00172734 0.00197487 1.72182e-05
106.165 8.71798 -0.0330672 1.64078 -0.00171837 0.00203292 1.80065e-05
106.188 8.71819 -0.0328059 1.64079 -0.00173665 0.00204488 1.77205e-05
106.205 8.7184 -0.0325384 1.6408 -0.00178606 0.00200554 1.72357e-05
106.227 8.71863 -0.0322645 1.64083 -0.00187344 0.00202757 1.616e-05
106.245 8.71886 -0.031984 1.64084 -0.00199589 0.00195417 1.52445e-05
106.266 8.71911 -0.0316964 1.64087 -0.00213125 0.00196631 1.51388e-05
106.287 8.71936 -0.0314013 1.6409 -0.00228067 0.00198098 1.47795e-05
106.306 8.71962 -0.0310984 1.64093 -0.00240825 0.0019889 1.52398e-05
106.327 8.71988 -0.0307873 1.64097 -0.0024942 0.00194616 1.54547e-05
106.347 8.72014 -0.0304676 1.64101 -0.00253944 0.00192576 1.52057e-05
106.367 8.72041 -0.0301392 1.64105 -0.00255118 0.00192681 1.62984e-05
106.391 8.72068 -0.029802 1.64109 -0.00253385 0.00193064 1.6188e-05
106.407 8.72095 -0.0294561 1.64112 -0.00251655 0.00193114 1.67417e-05
106.428 8.72122 -0.0291014 1.64116 -0.00249255 0.00193863 1.75561e-05
106.448 8.7215 -0.0287383 1.64119 -0.00245017 0.00196469 1.85068e-05
106.468 8.72178 -0.028366 1.64122 -0.00251499 0.00190124 2.0018e-05
106.492 8.72207 -0.0279842 1.64126 -0.00272885 0.00203228 2.14351e-05
106.508 8.72237 -0.0275924 1.6413 -0.0030293 0.00203815 2.19606e-05
106.53 8.72267 -0.0271901 1.64134 -0.00330635 0.00194664 2.26232e-05
106.549 8.72297 -0.0267765 1.64139 -0.00353325 0.00191658 2.22512e-05
106.569 8.72327 -0.0263505 1.64144 -0.00371439 0.00192774 2.04703e-05
106.59 8.72358 -0.0259117 1.64149 -0.00385506 0.00202084 1.95322e-05
106.61 8.72389 -0.0254594 1.64153 -0.00395668 0.00197361 2.01572e-05
106.631 8.72419 -0.0249933 1.64157 -0.00400661 0.00196545 2.15758e-05
106.65 8.72448 -0.0245133 1.64162 -0.00401735 0.00196767 2.50252e-05
106.67 8.72477 -0.0240193 1.64166 -0.00401465 0.00195269 2.76126e-05
106.693 8.72506 -0.0235111 1.64171 -0.00399472 0.00191418 2.68939e-05
106.71 8.72535 -0.0229891 1.64175 -0.00396228 0.00191122 2.64834e-05
106.731 8.72562 -0.0224534 1.64178 -0.00390768 0.00192491 2.74126e-05
106.751 8.7259 -0.0219043 1.64181 -0.00382597 0.001942 2.71185e-05
106.771 8.72616 -0.0213421 1.64184 -0.00373152 0.00195161 2.72277e-05
106.792 8.72643 -0.0207671 1.64186 -0.00363134 0.00196321 2.8375e-05
106.811 8.72669 -0.0201798 1.64188 -0.00354184 0.00197992 3.01019e-05
106.835 8.72694 -0.0195805 1.6419 -0.00344986 0.00199572 3.1692e-05
106.852 8.72719 -0.0189697 1.64191 -0.00334777 0.0020006 3.398e-05
106.872 8.72743 -0.0183477 1.64192 -0.0032575 0.00198751 3.6782e-05
106.892 8.72767 -0.0177149 1.64193 -0.00319447 0.00196936 3.81843e-05
106.913 8.72791 -0.0170714 1.64194 -0.00314925 0.00195784 3.74505e-05
106.935 8.72814 -0.0164177 1.64195 -0.00310349 0.00196658 4.10347e-05
106.953 8.72836 -0.0157541 1.64196 -0.00302685 0.00196746 3.68058e-05
106.973 8.72858 -0.015081 1.64196 -0.00293512 0.00196092 3.60623e-05
106.993 8.7288 -0.0143985 1.64196 -0.00285573 0.00195222 3.75026e-05
107.013 8.72901 -0.0137068 1.64197 -0.00280341 0.00194017 3.95589e-05
107.036 8.72922 -0.0130062 1.64197 -0.00278108 0.00192395 4.17074e-05
107.053 8.72942 -0.0122969 1.64197 -0.00277618 0.00191052 4.21093e-05
107.074 8.72962 -0.0115792 1.64198 -0.00273342 0.00190358 4.23397e-05
107.096 8.72981 -0.0108532 1.64198 -0.00267055 0.00190771 4.26512e-05
107.114 8.73 -0.0101188 1.64199 -0.00267245 0.0019145 4.40746e-05
107.135 8.73018 -0.0093759 1.642 -0.00272481 0.00192272 4.6174e-05
107.155 8.73036 -0.00862474 1.642 -0.00278236 0.00192918 4.77616e-05
107.175 8.73053 -0.00786516 1.642 -0.00282974 0.00193637 4.54871e-05
107.195 8.7307 -0.00709707 1.64199 -0.00285933 0.00194203 4.41741e-05
107.215 8.73086 -0.00632032 1.64198 -0.00287904 0.00194403 4.16293e-05
107.236 8.73102 -0.00553475 1.64196 -0.00290853 0.00194946 3.82577e-05
107.255 8.73118 -0.00474029 1.64195 -0.00294544 0.0019544 3.84479e-05
107.276 8.73133 -0.00393648 1.64193 -0.00304453 0.00194509 3.84452e-05
107.296 8.73148 -0.00312306 1.64192 -0.00318992 0.00192442 3.98478e-05
107.316 8.73162 -0.00229979 1.64191 -0.00333014 0.00189899 4.1816e-05
107.337 8.73176 -0.00146646 1.6419 -0.00341066 0.00187305 4.13011e-05
107.356 8.73189 -0.00062278 1.64189 -0.00343673 0.00188414 3.94516e-05
107.377 8.73202 0.000231425 1.64188 -0.00342603 0.00191182 3.67509e-05
107.399 8.73214 0.00109612 1.64187 -0.00338959 0.00190003 3.61571e-05
107.417 8.73226 0.00197118 1.64186 -0.00333363 0.00190889 3.587e-05
107.44 8.73237 0.00285642 1.64186 -0.00326513 0.00193825 3.28846e-05
107.458 8.73248 0.00375178 1.64185 -0.00323317 0.00194338 3.25812e-05
107.478 8.73259 0.00465823 1.64185 -0.00341749 0.00194801 3.22471e-05
107.498 8.73269 0.00557666 1.64185 -0.00384767 0.0019682 3.09121e-05
107.518 8.73278 0.00650817 1.64186 -0.00443255 0.00196718 3.10326e-05
107.539 8.73288 0.00745496 1.64186 -0.00516146 0.00197464 3.16917e-05
107.558 8.73297 0.00841906 1.64187 -0.00590322 0.00198754 3.04712e-05
107.578 8.73305 0.00940253 1.64188 -0.00653151 0.00196018 3.051e-05
107.601 8.73313 0.0104078 1.64188 -0.0070498 0.00195511 3.00798e-05
107.62 8.7332 0.0114367 1.64189 -0.00744628 0.00194589 2.93053e-05
107.641 8.73328 0.0124909 1.64189 -0.0077316 0.00192127 2.95717e-05
107.66 8.73334 0.0135713 1.64189 -0.007919 0.00191804 2.99727e-05
107.68 8.73341 0.0146787 1.64189 -0.00801776 0.00191823 3.11791e-05
107.701 8.73346 0.0158134 1.64189 -0.00803207 0.00191803 3.20637e-05
107.72 8.73352 0.0169754 1.64189 -0.00796187 0.00191544 3.25036e-05
107.741 8.73357 0.0181646 1.64189 -0.00785758 0.00191568 3.40877e-05
107.761 8.73361 0.0193807 1.64189 -0.00775837 0.00191366 3.40161e-05
107.781 8.73365 0.0206233 1.64189 -0.0076471 0.00192786 3.48255e-05
107.801 8.73369 0.0218914 1.64188 -0.00747772 0.00195336 3.60169e-05
107.821 8.73372 0.0231843 1.64188 -0.00723757 0.00196611 3.72541e-05
107.842 8.73375 0.0245011 1.64188 -0.00697128 0.00197527 3.71288e-05
107.861 8.73378 0.025841 1.64188 -0.00671103 0.00199853 3.52456e-05
107.881 8.7338 0.0272032 1.64187 -0.00650443 0.00200099 3.5145e-05
107.902 8.73382 0.0285868 1.64187 -0.006377 0.0019796 3.68194e-05
107.922 8.73383 0.0299911 1.64187 -0.00626578 0.00195634 3.92938e-05
107.942 8.73384 0.0314151 1.64186 -0.00610569 0.00193292 4.06843e-05
107.962 8.73384 0.0328583 1.64186 -0.00592422 0.00192808 4.16804e-05
107.983 8.73384 0.03432 1.64187 -0.00574027 0.00192612 3.66523e-05
108.003 8.73384 0.0357994 1.64187 -0.005557 0.00191998 3.61346e-05
108.023 8.73383 0.0372959 1.64186 -0.00538813 0.00192942 3.74885e-05
108.043 8.73382 0.0388089 1.64186 -0.00526306 0.00193547 3.87289e-05
108.063 8.73381 0.0403381 1.64187 -0.00520964 0.00194638 3.75551e-05
108.083 8.73379 0.0418823 1.64187 -0.00508351 0.00195897 3.95386e-05
108.107 8.73376 0.0434408 1.64188 -0.00484635 0.00195829 3.93725e-05
108.123 8.73374 0.0450129 1.64188 -0.00456874 0.00196676 4.13045e-05
108.145 8.73371 0.0465979 1.64189 -0.0042996 0.00197409 4.49981e-05
108.164 8.73367 0.0481948 1.6419 -0.00405332 0.00197129 4.95697e-05
108.184 8.73363 0.0498025 1.64191 -0.00383851 0.00196569 5.35076e-05
108.207 8.73359 0.0514201 1.64192 -0.00362204 0.00196226 5.23344e-05
108.226 8.73355 0.0530465 1.64193 -0.00338734 0.00196799 5.28362e-05
108.246 8.7335 0.0546809 1.64194 -0.00316872 0.00197948 5.5429e-05
108.266 8.73344 0.0563227 1.64195 -0.00297446 0.00198053 5.80879e-05
108.286 8.73338 0.057971 1.64196 -0.00281002 0.00197277 6.19666e-05
108.307 8.73332 0.0596251 1.64197 -0.00267807 0.00196297 6.39285e-05
108.326 8.73326 0.0612851 1.64199 -0.00266324 0.00195011 6.67931e-05
108.347 8.73319 0.0629514 1.642 -0.00284625 0.00194177 6.97363e-05
108.366 8.73312 0.0646242 1.64202 -0.00315179 0.00193857 7.46283e-05
108.386 8.73304 0.066304 1.64204 -0.00346756 0.00193515 7.92099e-05
108.407 8.73296 0.0679914 1.64206 -0.00367906 0.00192512 8.046e-05
108.426 8.73288 0.069687 1.64208 -0.00374388 0.00191915 8.31785e-05
108.447 8.73279 0.0713918 1.64211 -0.00382105 0.00191556 8.59605e-05
108.467 8.7327 0.073107 1.64214 -0.0040428 0.00191422 8.60366e-05
108.487 8.7326 0.0748339 1.64218 -0.00450191 0.00192061 8.60414e-05
108.51 8.7325 0.0765745 1.64221 -0.00520475 0.00193182 8.81601e-05
108.527 8.7324 0.0783304 1.64225 -0.00600154 0.00193369 8.34555e-05
108.548 8.73229 0.0801043 1.64229 -0.00680153 0.00193347 7.98127e-05
108.568 8.73218 0.0818989 1.64232 -0.00756574 0.00194256 8.06479e-05
108.588 8.73207 0.0837168 1.64235 -0.00823471 0.00194101 8.21069e-05
108.609 8.73195 0.0855605 1.64238 -0.00878752 0.00194008 8.20264e-05
108.628 8.73183 0.087432 1.64241 -0.00923615 0.00195244 8.27067e-05
108.649 8.7317 0.0893332 1.64244 -0.00959876 0.00194713 8.45947e-05
108.668 8.73158 0.0912653 1.64246 -0.00987405 0.00193867 8.44545e-05
108.689 8.73144 0.0932293 1.64248 -0.0100605 0.0019336 8.3314e-05
108.71 8.73131 0.0952258 1.6425 -0.0101568 0.00192367 8.49567e-05
108.729 8.73117 0.0972552 1.64252 -0.0101794 0.00191457 8.52303e-05
108.752 8.73103 0.0993175 1.64254 -0.0101334 0.00190978 8.57431e-05
108.77 8.73088 0.101412 1.64255 -0.0100193 0.00191122 8.50606e-05
108.79 8.73073 0.103539 1.64256 -0.00986028 0.00191551 8.5143e-05
108.81 8.73057 0.105698 1.64257 -0.00966939 0.00192428 8.1974e-05
108.83 8.73042 0.107887 1.64257 -0.00944912 0.00193618 8.1659e-05
108.853 8.73025 0.110106 1.64258 -0.00922434 0.00183323 8.17223e-05
108.871 8.7301 0.112354 1.64258 -0.00896621 0.00197729 7.83845e-05
108.891 8.72993 0.11463 1.64258 -0.00868847 0.00199449 7.75132e-05
108.916 8.72977 0.116932 1.64259 -0.00844461 0.00193508 7.72443e-05
108.932 8.7296 0.119261 1.6426 -0.00834194 0.0019249 7.66638e-05
108.953 8.72942 0.121615 1.64261 -0.0082716 0.00192927 7.8112e-05
108.972 8.72925 0.123994 1.64262 -0.00813581 0.00182976 7.93023e-05
108.992 8.72907 0.126397 1.64263 -0.00792795 0.00187006 7.98175e-05
109.016 8.72891 0.128822 1.64264 -0.00765325 0.00202258 7.79663e-05
109.033 8.72873 0.131269 1.64265 -0.00739957 0.00188472 8.07452e-05
109.054 8.72856 0.133738 1.64266 -0.00720238 0.00188642 8.43963e-05
109.073 8.72839 0.136227 1.64267 -0.0069708 0.00190836 8.52226e-05
109.093 8.72822 0.138736 1.64269 -0.00676842 0.0018759 8.53821e-05
109.116 8.72804 0.141263 1.6427 -0.00653363 0.00191765 8.64416e-05
109.133 8.72786 0.143807 1.64272 -0.0063269 0.00180729 8.93886e-05
109.155 8.72768 0.146367 1.64273 -0.00611124 0.00189585 9.09166e-05
109.174 8.7275 0.148944 1.64275 -0.00585688 0.00204345 9.11418e-05
109.194 8.72732 0.151535 1.64276 -0.00561982 0.00184744 9.43578e-05
109.215 8.72715 0.154139 1.64278 -0.00532872 0.00186957 9.74348e-05
109.235 8.72698 0.156756 1.6428 -0.00504559 0.00203285 9.74534e-05
109.255 8.7268 0.159386 1.64283 -0.00507639 0.00186326 9.78263e-05
109.275 8.72663 0.162028 1.64286 -0.005332 0.00187889 0.000101227
109.295 8.72646 0.164684 1.64289 -0.0056901 0.00204991 0.000103095
109.316 8.72629 0.167354 1.64293 -0.00605696 0.00191714 0.000105444
109.336 8.72613 0.170038 1.64296 -0.00632965 0.00190482 0.000109168
109.357 8.72595 0.172738 1.64299 -0.00647835 0.00177473 0.000111678
109.376 8.72579 0.175453 1.64303 -0.00645644 0.00182647 0.000111924
109.396 8.72563 0.178185 1.64306 -0.00638502 0.00195993 0.00011097
109.419 8.72546 0.180932 1.6431 -0.00625907 0.00186282 0.000109347
109.436 8.7253 0.183694 1.64313 -0.00591093 0.00183229 0.000110026
109.46 8.72513 0.186469 1.64316 -0.00549953 0.00184698 0.0001102
109.477 8.72497 0.189258 1.64319 -0.00513271 0.00193299 0.000112605
109.497 8.72481 0.192058 1.64322 -0.00489318 0.00194513 0.00011296
109.518 8.72464 0.194872 1.64326 -0.00520823 0.00191867 0.000111628
109.538 8.72448 0.197699 1.64329 -0.00587646 0.00191414 0.000110184
109.558 8.7243 0.200541 1.64333 -0.00666226 0.00193101 0.000109154
109.577 8.72413 0.2034 1.64336 -0.00748477 0.00195753 0.000108989
109.597 8.72395 0.206279 1.64338 -0.00828089 0.00192919 0.00011068
109.623 8.72377 0.209181 1.6434 -0.00904715 0.00193854 0.000113128
109.638 8.72358 0.212108 1.64341 -0.00971598 0.00195323 0.000113363
109.658 8.72339 0.215064 1.64342 -0.0102775 0.00193588 0.000111771
109.679 8.7232 0.218049 1.64342 -0.0107616 0.00196608 0.000110364
109.699 8.723 0.221067 1.64341 -0.0111606 0.00197419 0.000110545
109.72 8.7228 0.224118 1.6434 -0.0115155 0.00196585 0.000107991
109.738 8.7226 0.227205 1.64338 -0.0118233 0.00198617 0.000109859
109.762 8.72239 0.230327 1.64337 -0.0120262 0.00198908 0.00011028
109.779 8.72218 0.233485 1.64334 -0.0121403 0.0019834 0.000111813
109.799 8.72197 0.236681 1.64332 -0.0121816 0.00189286 0.000116481
109.823 8.72176 0.239913 1.64329 -0.0121695 0.00196144 0.000116551
109.84 8.72154 0.243182 1.64327 -0.0121007 0.00188789 0.000115112
109.861 8.72133 0.246488 1.64324 -0.0119363 0.00198379 0.000113762
109.88 8.72112 0.249829 1.64322 -0.0117089 0.00194206 0.00011414
109.9 8.72091 0.253206 1.6432 -0.011458 0.00200128 0.000112587
109.925 8.7207 0.256616 1.64319 -0.0112091 0.0019301 0.000114191
109.94 8.72048 0.260059 1.64318 -0.0109396 0.00185803 0.000115187
109.961 8.72026 0.263533 1.64317 -0.0106731 0.00174869 0.000114955
109.981 8.72005 0.267039 1.64316 -0.0104271 0.00185823 0.000116266
110.001 8.71983 0.270574 1.64315 -0.0101827 0.00189685 0.00011801
110.023 8.71961 0.274137 1.64314 -0.00991037 0.00174475 0.000118805
110.041 8.71939 0.277727 1.64313 -0.00958639 0.00189201 0.000118251
110.064 8.71917 0.281343 1.64313 -0.00924711 0.00191772 0.000118293
110.082 8.71895 0.284984 1.64313 -0.00895563 0.00189305 0.000120838
110.102 8.71873 0.288648 1.64313 -0.00860596 0.00180256 0.000121953
110.123 8.71851 0.292334 1.64313 -0.00825208 0.00193115 0.000119637
110.142 8.71829 0.296041 1.64313 -0.00795773 0.00186594 0.000121113
110.164 8.71806 0.299767 1.64314 -0.00777396 0.00184938 0.000120546
110.183 8.71783 0.303513 1.64315 -0.00773409 0.00175913 0.000116265
110.203 8.71761 0.307276 1.64316 -0.00763085 0.00189057 0.00011166
110.226 8.71738 0.311057 1.64317 -0.00745064 0.00189726 0.00011137
110.244 8.71715 0.314855 1.64318 -0.00727855 0.0017831 0.000115065
110.265 8.71693 0.318669 1.64319 -0.00713436 0.0017672 0.000118607
110.284 8.7167 0.322499 1.6432 -0.00702056 0.00190375 0.00011955
110.305 8.71648 0.326344 1.64321 -0.00693782 0.00185099 0.000119707
110.329 8.71624 0.330204 1.64321 -0.00688913 0.00180266 0.00012014
110.345 8.71601 0.334079 1.64321 -0.00688732 0.00182669 0.000122699
110.366 8.71577 0.337969 1.6432 -0.00693566 0.00178937 0.000126252
110.385 8.71554 0.341873 1.6432 -0.0069294 0.0018244 0.000125439
110.406 8.71532 0.345792 1.64319 -0.00687724 0.00184659 0.000126408
110.427 8.71509 0.349724 1.64318 -0.00682846 0.00190786 0.000127771
110.446 8.71487 0.353671 1.64316 -0.00682558 0.00183636 0.000128303
110.467 8.71464 0.357633 1.64314 -0.00684931 0.00170364 0.00013046
110.486 8.71441 0.361608 1.64313 -0.00693321 0.00182988 0.000126461
110.507 8.71418 0.365601 1.64311 -0.00753357 0.00182344 0.000120929
110.529 8.71394 0.369617 1.64311 -0.00908446 0.00183808 0.00011731
110.547 8.7137 0.373658 1.64312 -0.0111415 0.00187299 0.000114314
110.568 8.71345 0.37773 1.64314 -0.0131213 0.00183966 0.000112254
110.587 8.71321 0.381839 1.64316 -0.0149277 0.00184126 0.000110989
110.607 8.71295 0.385992 1.64318 -0.0165123 0.00184352 0.000111019
110.631 8.7128 0.388538 1.64296 -0.0169685 0.00182641 0.000109442
110.647 8.71279 0.388596 1.64244 -0.0161466 0.00199346 8.84452e-05
110.669 8.71277 0.388609 1.64224 -0.0158634 0.00203988 5.93125e-05
110.688 8.71275 0.388569 1.64244 -0.0161988 0.00207493 3.53118e-05
110.708 8.71274 0.388487 1.64293 -0.0170205 0.00208909 2.30059e-05
110.729 8.71274 0.388379 1.64363 -0.0181648 0.00208909 1.9521e-05
110.748 8.71274 0.388252 1.64447 -0.0195371 0.002087 1.44349e-05
110.77 8.71274 0.38811 1.64543 -0.0211062 0.002087 1.37266e-05
110.789 8.71274 0.387956 1.64649 -0.022838 0.002087 1.3053e-05
110.809 8.71274 0.387792 1.64763 -0.0246951 0.00209131 9.84967e-06
110.833 8.71274 0.387623 1.64881 -0.0266409 0.00209758 7.6929e-06
110.851 8.71274 0.387452 1.65003 -0.0286328 0.00209902 6.26888e-07
110.872 8.71274 0.387284 1.65125 -0.0306356 0.00209902 -1.99493e-06
110.891 8.71274 0.38711 1.65248 -0.03269 0.00203134 -2.32263e-05
111.057 8.71274 0.386943 1.6537 -0.0347204 0.00215571 -1.12719e-05
111.077 8.71274 0.386799 1.65482 -0.0365366 0.00209721 -1.08202e-05
111.096 8.71274 0.3867 1.65579 -0.0377853 0.00211132 -1.02915e-05
111.118 8.71275 0.386678 1.65658 -0.0380388 0.00207179 -9.78658e-06
111.137 8.71275 0.386709 1.65718 -0.0376083 0.00198963 -9.31039e-06
111.157 8.71276 0.386778 1.65761 -0.036697 0.00182906 -8.86967e-06
111.177 8.71276 0.386868 1.65786 -0.0355095 0.00176177 -8.44195e-06
111.197 8.71277 0.386967 1.65795 -0.0342351 0.00169754 -8.03589e-06
111.22 8.71277 0.387072 1.65788 -0.0328877 0.00155343 -7.6609e-06
111.237 8.71278 0.387191 1.65768 -0.0313846 0.0014392 -7.3023e-06
111.257 8.71279 0.387313 1.65737 -0.029866 0.00133889 -6.95819e-06
111.279 8.7128 0.387432 1.65697 -0.0284026 0.00116964 -6.64065e-06
111.297 8.71283 0.387551 1.6565 -0.0269543 0.00104932 -6.33176e-06
111.319 8.71287 0.387672 1.65597 -0.0254922 0.000953905 -6.034e-06
111.338 8.71292 0.387794 1.65539 -0.0240457 0.000811972 -5.75725e-06
111.358 8.71299 0.387912 1.65477 -0.0226458 0.000687005 -5.49113e-06
111.381 8.71307 0.388024 1.65413 -0.0213405 0.000500073 -5.24473e-06
111.399 8.71317 0.38813 1.65347 -0.0201154 0.000513269 -4.98511e-06
111.419 8.71329 0.388235 1.6528 -0.018915 0.000442934 -3.41695e-06
111.439 8.71344 0.388341 1.65213 -0.0176921 0.000496553 1.82557e-06
111.459 8.71362 0.38844 1.65147 -0.0165792 0.000573104 1.74549e-06
111.479 8.71384 0.388531 1.65086 -0.0155643 0.000559155 1.65938e-06
111.499 8.71409 0.388617 1.65029 -0.0146069 0.000569063 1.57974e-06
111.521 8.71437 0.388698 1.64976 -0.013708 0.000556417 2.83128e-06
111.54 8.7147 0.388776 1.64927 -0.0128594 0.000653354 2.70131e-06
111.56 8.71508 0.388847 1.64881 -0.012084 0.000730859 2.5755e-06
111.581 8.7155 0.388912 1.64841 -0.011373 0.000784855 2.45365e-06
111.601 8.71597 0.388976 1.64807 -0.0106765 0.000872971 3.16121e-06
111.621 8.71649 0.389037 1.6478 -0.0100178 0.00100553 3.01546e-06
111.641 8.71707 0.389094 1.64757 -0.00940791 0.000989073 2.86686e-06
111.661 8.71771 0.389134 1.6474 -0.00882783 0.00021688 -3.16397e-05
111.685 8.71857 0.3892 1.6473 -0.00804551 0.00162884 -8.49777e-05
111.701 8.71957 0.389277 1.64728 -0.00743958 0.00154105 3.00916e-05
111.722 8.72074 0.389322 1.6473 -0.00692079 0.00144866 4.38876e-05
111.741 8.72205 0.389381 1.64736 -0.00628783 0.00118208 4.11926e-05
111.762 8.72354 0.389445 1.64745 -0.00567603 0.00146508 1.08495e-05
111.782 8.72517 0.389495 1.64754 -0.00515845 0.00111579 1.05069e-05
111.802 8.72698 0.389539 1.64764 -0.00468851 0.00109507 9.1088e-06
111.823 8.72894 0.389586 1.64775 -0.00418424 0.000894802 5.18519e-06
111.842 8.73108 0.389635 1.64787 -0.00364179 0.00119225 -3.74049e-06
111.862 8.73336 0.389686 1.64798 -0.00316427 0.000800376 1.88577e-05
111.886 8.73581 0.38972 1.64809 -0.00278191 0.00105796 9.25021e-06
111.902 8.73841 0.389759 1.64819 -0.00238053 0.00118281 -3.60316e-06
111.924 8.74116 0.389807 1.64828 -0.00194531 0.000956762 1.59756e-06
111.943 8.74407 0.38983 1.64835 -0.00168715 0.00106764 1.47853e-05
111.963 8.74715 0.389858 1.64841 -0.00140266 0.00115328 2.32104e-05
111.984 8.75038 0.389886 1.64845 -0.00110127 0.00090589 1.93318e-05
112.003 8.75378 0.389912 1.64848 -0.000768336 0.00108782 8.73271e-06
112.024 8.75735 0.389942 1.6485 -0.000454581 0.00124744 4.231e-07
112.044 8.76106 0.389973 1.64852 -0.00012188 0.000778335 -7.20527e-06
112.064 8.76497 0.389993 1.64852 3.10702e-05 0.00111551 3.55848e-05
112.085 8.76906 0.389971 1.64852 6.29289e-05 0.00207853 0.00015413
112.104 8.77328 0.389924 1.64852 0.000132439 0.00187936 0.000267561
112.125 8.77765 0.389876 1.64852 0.000159719 0.0015209 0.000385125
112.145 8.78217 0.389826 1.6485 0.000263452 0.00143134 0.000485197
112.165 8.78685 0.389763 1.64848 0.000387432 0.00173424 0.000570245
112.188 8.79167 0.389698 1.64844 0.000575264 0.00128612 0.000648344
112.205 8.79665 0.389632 1.64839 0.000750711 0.00141529 0.000716407
112.227 8.80175 0.389555 1.64833 0.000941134 0.00111303 0.000770763
112.246 8.80702 0.389473 1.64825 0.00116822 0.00122537 0.000819587
112.266 8.81243 0.389386 1.64817 0.00140967 0.000648405 0.000859995
112.287 8.81807 0.389294 1.64809 0.00174638 0.00208495 0.000892942
112.307 8.82381 0.389196 1.64802 0.00193233 0.00101658 0.000923006
112.327 8.82967 0.389092 1.64799 0.00198444 -0.000214236 0.000951378
112.347 8.83576 0.388979 1.64796 0.00221461 0.000638407 0.000968941
112.366 8.84206 0.388858 1.64796 0.00254522 0.00137452 0.000982638
112.39 8.84855 0.388728 1.64796 0.00277199 0.000855935 0.000994283
112.407 8.85526 0.388588 1.64796 0.00299504 0.00165276 0.00100003
112.429 8.86207 0.388436 1.64796 0.00318146 0.000975399 0.00099807
112.448 8.86903 0.388273 1.64796 0.00333828 0.00134416 0.000997691
112.467 8.87609 0.388099 1.64793 0.00341715 0.00134479 0.00099503
112.489 8.88321 0.387912 1.64788 0.00335756 -0.00016143 0.000989478
112.508 8.89054 0.387712 1.64783 0.00344616 0.000324344 0.000976735
112.529 8.89809 0.387499 1.6478 0.00356379 0.00255975 0.000965042
112.548 8.90571 0.387273 1.64781 0.0037812 0.00168029 0.000940071
112.568 8.91342 0.387033 1.64785 0.00390285 0.000684226 0.000915816
112.589 8.9213 0.38678 1.64788 0.00383888 0.00113276 0.000898526
112.609 8.92935 0.386512 1.64791 0.00376807 0.00262447 0.000885591
112.631 8.9374 0.386231 1.64794 0.00369909 0.00149136 0.000861665
112.649 8.94554 0.385937 1.648 0.00362116 0.00147503 0.000839679
112.669 8.95375 0.385629 1.64805 0.00349016 0.00149194 0.000816996
112.691 8.96211 0.385309 1.64808 0.00349062 0.00296198 0.000793322
112.71 8.97051 0.384976 1.6481 0.00349714 0.00244548 0.000765132
112.73 8.979 0.384631 1.64811 0.00344591 0.00238933 0.000737087
112.75 8.98756 0.384273 1.64809 0.00335856 0.00274894 0.000711237
112.77 8.9962 0.383904 1.64801 0.00330332 0.00289251 0.000681957
112.791 9.00492 0.383523 1.64789 0.00326118 0.00301102 0.000651813
112.81 9.01372 0.383131 1.64772 0.00321318 0.00307471 0.000621648
112.832 9.0226 0.382728 1.6475 0.00317214 0.00327606 0.000591783
112.851 9.03155 0.382314 1.64725 0.00312331 0.00328709 0.000561381
112.871 9.04058 0.381889 1.64696 0.00306372 0.00331482 0.000530516
112.892 9.04968 0.381454 1.64664 0.00300198 0.00344603 0.000499747
112.912 9.05884 0.381009 1.64629 0.00294729 0.00341456 0.000469454
112.934 9.06806 0.380553 1.64592 0.00288547 0.00351545 0.00043892
112.952 9.07735 0.380088 1.64553 0.00282652 0.00352185 0.000407918
112.972 9.08669 0.379613 1.64513 0.00276575 0.0035239 0.000373871
112.993 9.09609 0.37913 1.64472 0.00270656 0.00364212 0.000344127
113.013 9.10555 0.378637 1.64429 0.00264057 0.00370163 0.000312979
113.033 9.11505 0.378135 1.64386 0.00258485 0.00365842 0.000281078
113.052 9.12458 0.377625 1.64343 0.00251063 0.00320133 0.000251808
113.073 9.1342 0.377107 1.643 0.00249231 0.00371945 0.000225221
113.098 9.14389 0.37658 1.64258 0.00247439 0.00388869 0.000196904
113.114 9.15363 0.376046 1.64216 0.00247476 0.00393464 0.000166687
113.137 9.16341 0.375503 1.64175 0.00243908 0.00362584 0.000138884
113.155 9.17322 0.374953 1.64134 0.00238281 0.00362242 0.000112431
113.175 9.18307 0.374395 1.64094 0.0023353 0.00408408 8.862e-05
113.198 9.19291 0.373831 1.64055 0.00220512 0.00378009 6.47511e-05
113.215 9.20276 0.37326 1.64017 0.0020727 0.0036696 4.22378e-05
113.236 9.21261 0.372682 1.63981 0.00196057 0.00390967 2.14371e-05
113.255 9.22245 0.372098 1.63946 0.0018498 0.00394205 8.70056e-07
113.275 9.2323 0.371509 1.63911 0.00174234 0.00400439 -1.9198e-05
113.298 9.24213 0.370915 1.63877 0.00161899 0.00399071 -3.88351e-05
113.316 9.25195 0.370317 1.63843 0.0014998 0.00397248 -5.85775e-05
113.336 9.26176 0.369715 1.6381 0.00141759 0.00431499 -7.74936e-05
113.356 9.27154 0.369109 1.63777 0.00128573 0.00418492 -9.5594e-05
113.376 9.28128 0.3685 1.63746 0.00111436 0.00402705 -0.00011218
113.398 9.29098 0.367889 1.63716 0.00097316 0.00410124 -0.000128856
113.416 9.30064 0.367276 1.63686 0.000830544 0.00427855 -0.000144769
113.439 9.31025 0.366662 1.63657 0.000711101 0.00421712 -0.000160552
113.457 9.31982 0.366047 1.63629 0.000554377 0.00379582 -0.000174839
113.477 9.32941 0.365431 1.63604 0.000560655 0.00456274 -0.000187675
113.498 9.339 0.364815 1.63583 0.000599632 0.00475179 -0.000200798
113.518 9.34853 0.364198 1.63564 0.00065416 0.00430294 -0.000213089
113.538 9.35802 0.363581 1.63546 0.000613683 0.00429728 -0.000224595
113.558 9.36747 0.362963 1.6353 0.00069896 0.00467832 -0.000232936
113.578 9.37688 0.362345 1.63517 0.000598422 0.00466986 -0.00024113
113.6 9.38622 0.361728 1.63509 0.000412014 0.00417766 -0.000249579
113.618 9.39549 0.361111 1.63503 0.000187472 0.003319 -0.000256549
113.639 9.40477 0.360494 1.63501 0.000243708 0.00424343 -0.000260959
113.659 9.41403 0.359878 1.63503 0.000258477 0.00511751 -0.000264634
113.679 9.42322 0.359262 1.63507 0.000424619 0.00514936 -0.000267799
113.701 9.43228 0.358648 1.63512 0.00036993 0.00449979 -0.000275479
113.72 9.44122 0.358035 1.63519 0.00019789 0.0043273 -0.000281622
113.741 9.45005 0.357423 1.63526 2.33035e-05 0.00453579 -0.000288693
113.76 9.45876 0.356814 1.63532 -0.000157919 0.00470386 -0.000295147
113.78 9.46736 0.356206 1.63536 -0.000284082 0.00515551 -0.000298174
113.801 9.4758 0.355603 1.63539 -0.000531945 0.0050523 -0.000304718
113.82 9.48405 0.355003 1.63541 -0.000743193 0.00470256 -0.000308705
113.842 9.49215 0.354408 1.63542 -0.000973419 0.00472342 -0.000312643
113.861 9.50008 0.353819 1.63541 -0.0011296 0.00503107 -0.000313591
113.881 9.50785 0.353236 1.63539 -0.0013188 0.00490265 -0.000316365
113.906 9.51547 0.352661 1.63535 -0.00151963 0.0050705 -0.000319784
113.922 9.52293 0.352093 1.63531 -0.00179791 0.00509234 -0.000324252
113.944 9.53021 0.351534 1.63527 -0.00189317 0.00484074 -0.000320985
113.962 9.53735 0.350983 1.63523 -0.00200709 0.00498082 -0.00032011
113.982 9.54434 0.350443 1.63517 -0.00210998 0.00509586 -0.000317968
114.006 9.55118 0.349911 1.6351 -0.00210567 0.00517787 -0.000314445
114.022 9.55785 0.349391 1.63503 -0.00219448 0.00472474 -0.000312785
114.045 9.56439 0.34888 1.63496 -0.00223968 0.00510748 -0.000311827
114.063 9.57076 0.34838 1.63489 -0.00219848 0.0047584 -0.000304244
114.083 9.57701 0.347889 1.63483 -0.00217872 0.00510485 -0.000301115
114.103 9.58309 0.347409 1.63476 -0.00211683 0.00472519 -0.000296133
114.123 9.58904 0.346939 1.6347 -0.00213386 0.00472931 -0.000292685
114.146 9.59483 0.346478 1.63465 -0.00213432 0.00457086 -0.000287963
114.164 9.60049 0.346028 1.63459 -0.00213564 0.00478689 -0.000284472
114.184 9.60599 0.345588 1.63454 -0.00218949 0.00433417 -0.000280379
114.206 9.61137 0.345158 1.6345 -0.00221108 0.00466861 -0.000278705
114.225 9.6166 0.344737 1.63446 -0.0021434 0.00431157 -0.00027255
114.245 9.62171 0.344326 1.63443 -0.00211259 0.00455448 -0.000268169
114.265 9.62666 0.343925 1.63439 -0.00210748 0.00419108 -0.00026301
114.285 9.6315 0.343533 1.63435 -0.00212346 0.00439294 -0.000259073
114.309 9.63619 0.343152 1.63432 -0.0021562 0.00412363 -0.000254885
114.325 9.64075 0.34278 1.63428 -0.00217631 0.00410444 -0.000250978
114.346 9.64517 0.342417 1.63424 -0.00218059 0.00389331 -0.000245995
114.366 9.64946 0.342065 1.63419 -0.00217035 0.00403115 -0.000241485
114.386 9.65362 0.341721 1.63414 -0.00216025 0.0038201 -0.00023826
114.408 9.65765 0.341388 1.63408 -0.00216766 0.00381279 -0.000235511
114.426 9.66154 0.341064 1.63402 -0.00217166 0.00327837 -0.000229819
114.447 9.66532 0.34075 1.63396 -0.00218144 0.00345724 -0.000226089
114.466 9.66898 0.340445 1.63391 -0.00215193 0.00365103 -0.00022165
114.486 9.6725 0.34015 1.63385 -0.00215099 0.00323669 -0.000216584
114.508 9.67588 0.339864 1.63379 -0.00219305 0.0027988 -0.000211932
114.527 9.67916 0.339588 1.63375 -0.00218264 0.00294197 -0.000205856
114.547 9.68231 0.339321 1.63371 -0.00215461 0.00301192 -0.000200153
114.567 9.68535 0.339063 1.63367 -0.0021219 0.00275351 -0.00019493
114.587 9.68829 0.338815 1.63364 -0.00209609 0.00273515 -0.000189527
114.608 9.69111 0.338575 1.63361 -0.00207535 0.00258487 -0.000184625
114.628 9.69384 0.338345 1.63359 -0.00204931 0.00268514 -0.000180275
114.649 9.69647 0.338123 1.63356 -0.00197811 0.00279866 -0.000177192
114.668 9.69896 0.337909 1.63352 -0.00190243 0.00229801 -0.000173312
114.688 9.70137 0.337704 1.63348 -0.00192183 0.00222747 -0.000171569
114.71 9.70369 0.337507 1.63345 -0.00189113 0.00245213 -0.000169804
114.728 9.70589 0.337319 1.63342 -0.00193886 0.0021715 -0.000166608
114.751 9.70798 0.337138 1.63341 -0.00191741 0.00186107 -0.000161485
114.769 9.70997 0.336966 1.6334 -0.0018877 0.00180967 -0.000157148
114.789 9.71189 0.336801 1.6334 -0.00190653 0.00184972 -0.000155008
114.81 9.71371 0.336644 1.63339 -0.00181496 0.00187362 -0.000149889
114.83 9.71544 0.336495 1.63339 -0.0017309 0.00171769 -0.000144555
114.853 9.71709 0.336353 1.63339 -0.00167777 0.0016734 -0.000140397
114.87 9.71865 0.336219 1.63339 -0.00163958 0.00157001 -0.000135929
114.89 9.72015 0.336091 1.63338 -0.00159261 0.00173962 -0.000131705
114.914 9.72157 0.335969 1.63337 -0.0014284 0.00181714 -0.000128606
114.931 9.72291 0.335854 1.63335 -0.0014102 0.00151639 -0.000125977
114.953 9.72417 0.335745 1.63334 -0.00135649 0.00148091 -0.000124342
114.971 9.72538 0.335641 1.63332 -0.00128958 0.00178177 -0.000122557
114.991 9.7265 0.335543 1.63331 -0.00129396 0.00146306 -0.000120509
115.015 9.72757 0.335451 1.63329 -0.00129879 0.00146604 -0.000117976
115.032 9.72856 0.335363 1.63328 -0.00122966 0.00146638 -0.000114673
115.052 9.72949 0.335281 1.63326 -0.00121943 0.00167575 -0.000114014
115.072 9.73034 0.335203 1.63324 -0.00110053 0.00154092 -0.000111034
115.092 9.73115 0.335131 1.63321 -0.00105474 0.00158866 -0.000110057
115.115 9.7319 0.335062 1.63318 -0.00099818 0.00159309 -0.000107892
115.132 9.7326 0.334998 1.63315 -0.000974781 0.00159423 -0.000106293
115.154 9.73326 0.334938 1.63311 -0.000942561 0.00157308 -0.000103156
115.174 9.73387 0.334882 1.63306 -0.000915593 0.00152379 -0.000101602
115.194 9.73443 0.334829 1.63301 -0.000913405 0.00134938 -9.95481e-05
115.217 9.73495 0.33478 1.63296 -0.00086895 0.00133042 -9.82948e-05
115.234 9.73543 0.334735 1.63292 -0.000825973 0.00140487 -9.76252e-05
115.255 9.73586 0.334693 1.63287 -0.000765974 0.00128973 -9.55846e-05
115.275 9.73627 0.334654 1.63283 -0.000690218 0.00136368 -9.32915e-05
115.295 9.73665 0.334618 1.63279 -0.000676168 0.00138245 -9.26444e-05
115.319 9.73698 0.334585 1.63275 -0.000622638 0.00131498 -9.02641e-05
115.335 9.73728 0.334554 1.63271 -0.000636871 0.00135486 -8.78037e-05
115.357 9.73753 0.334526 1.63266 -0.000593912 0.00117188 -8.50654e-05
115.376 9.73776 0.3345 1.63261 -0.000565002 0.00139532 -8.2549e-05
115.395 9.73797 0.334477 1.63257 -0.000542311 0.00142522 -7.99062e-05
115.416 9.73815 0.334456 1.63253 -0.000537952 0.00145782 -7.81531e-05
115.436 9.73829 0.334437 1.63248 -0.0005783 0.0011074 -7.44596e-05
115.46 9.73843 0.334421 1.63245 -0.000565451 0.00136973 -7.23e-05
115.476 9.73854 0.334407 1.63242 -0.000535317 0.00133032 -7.10926e-05
115.497 9.73864 0.334394 1.6324 -0.000460623 0.0012693 -6.96112e-05
115.52 9.73873 0.334384 1.63238 -0.000441724 0.00138125 -6.9923e-05
115.537 9.73879 0.334375 1.63235 -0.000391081 0.00131378 -7.02497e-05
115.558 9.73883 0.334368 1.63233 -0.000338838 0.00112965 -6.90717e-05
115.577 9.73886 0.334362 1.63232 -0.000331378 0.00132245 -6.78875e-05
115.597 9.73887 0.334359 1.6323 -0.000353761 0.00135013 -6.89008e-05
115.621 9.73888 0.334356 1.63229 -0.000362021 0.00130858 -6.90934e-05
115.638 9.73886 0.334354 1.63228 -0.000328168 0.00113021 -6.81953e-05
115.659 9.73884 0.334354 1.63227 -0.000292332 0.00127478 -6.7706e-05
115.678 9.73881 0.334355 1.63227 -0.000265384 0.00131462 -6.74172e-05
115.698 9.73877 0.334357 1.63226 -0.00023974 0.00127857 -6.69172e-05
115.72 9.73873 0.334359 1.63225 3.54785e-06 0.0016483 -6.63816e-05
115.739 9.73862 0.334352 1.63228 0.00168423 0.00144012 -5.59782e-05
115.76 9.73846 0.334328 1.63232 0.00505267 0.00122502 -4.03287e-05
115.779 9.73825 0.334278 1.6324 0.00937645 0.00151375 -2.07714e-05
115.799 9.73797 0.334187 1.63248 0.0142417 0.00148112 -3.72961e-06
115.822 9.73765 0.33404 1.63257 0.0192333 0.00169759 1.71734e-05
115.841 9.73727 0.333818 1.63266 0.0241574 0.00166391 3.33123e-05
115.862 9.73682 0.333502 1.63275 0.0290246 0.00175131 4.96986e-05
115.881 9.73632 0.333075 1.63284 0.0335887 0.00180921 6.26891e-05
115.901 9.73575 0.332519 1.63292 0.0378604 0.00195572 7.14521e-05
115.922 9.7351 0.331818 1.633 0.0419159 0.00182964 7.16071e-05
115.941 9.7344 0.330956 1.63308 0.0456439 0.0020576 8.72444e-05
115.962 9.73362 0.32992 1.63315 0.0490821 0.00204725 8.5084e-05
115.981 9.73277 0.328697 1.63322 0.0521556 0.00213615 8.51284e-05
116.002 9.73184 0.327275 1.63329 0.0549055 0.00212762 7.77513e-05
116.025 9.73084 0.325643 1.63337 0.0575534 0.00217149 7.10322e-05
116.042 9.72975 0.323792 1.63344 0.0600532 0.0021586 6.01247e-05
116.063 9.72857 0.321711 1.63351 0.0625065 0.00226766 5.41098e-05
116.082 9.7273 0.31939 1.63359 0.0650555 0.00215459 3.7184e-05
116.102 9.72594 0.316823 1.63367 0.0674517 0.00241405 4.12407e-05
116.124 9.72449 0.314 1.63376 0.069629 0.0022299 1.23252e-05
116.143 9.72296 0.310914 1.63385 0.0715374 0.00229347 -3.2641e-06
116.164 9.72135 0.307559 1.63395 0.0730441 0.00234217 -2.23711e-05
116.183 9.71966 0.303931 1.63404 0.074149 0.0025959 -2.85828e-05
116.203 9.71786 0.300025 1.63413 0.0751843 0.0022962 -7.55522e-05
116.225 9.71598 0.295836 1.63424 0.0761882 0.00259425 -8.03743e-05
116.244 9.714 0.291361 1.63435 0.0771451 0.00247301 -0.000115686
116.266 9.71192 0.286595 1.63447 0.0783361 0.00242355 -0.000139626
116.284 9.70975 0.281537 1.6346 0.0794992 0.0026005 -0.000144863
116.304 9.70747 0.276183 1.63474 0.0806219 0.00239168 -0.00018384
116.327 9.7051 0.27053 1.63488 0.0815335 0.00237164 -0.000207503
116.344 9.70263 0.264577 1.63503 0.0821319 0.00221934 -0.000243603
116.365 9.7001 0.258325 1.63518 0.082117 0.00233967 -0.000266505
116.385 9.69748 0.251774 1.63533 0.0815328 0.00228365 -0.000306564
116.405 9.6948 0.244929 1.63548 0.0803062 0.00239328 -0.000336625
116.426 9.69205 0.237795 1.63562 0.078443 0.00242032 -0.000377562
116.445 9.68924 0.230381 1.63575 0.0760491 0.00219174 -0.00043968
116.467 9.68637 0.222694 1.63588 0.0734078 0.00213841 -0.000487109
116.485 9.68344 0.214748 1.63599 0.070372 0.00215102 -0.000531577
116.506 9.68047 0.206554 1.63609 0.0670295 0.0020604 -0.000578667
116.528 9.67745 0.198127 1.63617 0.0634937 0.00176808 -0.000636081
116.546 9.67442 0.189482 1.63625 0.0594332 0.00199746 -0.000659784
116.567 9.67137 0.180637 1.63631 0.0545559 0.00192296 -0.000698982
116.586 9.66831 0.171612 1.63637 0.0491364 0.00172596 -0.000744729
116.606 9.66525 0.162426 1.63642 0.0432714 0.00181361 -0.000776432
116.63 9.66219 0.153101 1.63645 0.0375721 0.00210647 -0.000796067
116.647 9.65907 0.14365 1.63649 0.0332873 0.00146248 -0.000839801
116.668 9.65593 0.13409 1.63653 0.0306717 0.00148332 -0.000853688
116.688 9.65276 0.124435 1.63657 0.0289965 0.00129879 -0.00087265
116.707 9.64959 0.114701 1.63662 0.0267728 0.00139133 -0.000883036
116.731 9.64646 0.104902 1.63666 0.0231701 0.00109827 -0.000894213
116.748 9.6434 0.0950521 1.63674 0.0180892 0.00158433 -0.000869747
116.77 9.64044 0.0851794 1.63684 0.0103725 0.00150074 -0.000817759
116.788 9.63761 0.075312 1.63695 0.000372915 0.0013677 -0.000737737
116.808 9.63489 0.065485 1.63707 -0.0111923 0.00114065 -0.000640563
116.83 9.63229 0.0557409 1.6372 -0.0238289 0.00104787 -0.00053261
116.849 9.62983 0.0461204 1.63735 -0.0360473 0.00102371 -0.000449763
116.87 9.62748 0.0366717 1.6375 -0.048004 0.000861697 -0.000369563
116.889 9.62525 0.0274387 1.63765 -0.0592944 0.000895819 -0.00031478
116.909 9.62314 0.0184582 1.6378 -0.0688735 0.000471978 -0.000263231
116.93 9.62115 0.00977085 1.63794 -0.0774462 0.000630282 -0.00026391
116.949 9.61929 0.00140552 1.63805 -0.0845951 0.000702271 -0.000282955
116.97 9.61752 -0.00661228 1.63813 -0.0900602 0.000192759 -0.000272483
116.99 9.61587 -0.0142584 1.63821 -0.0943222 0.000327242 -0.00033046
117.01 9.61431 -0.0215198 1.63827 -0.0971218 0.000232315 -0.00038179
117.031 9.61285 -0.0283871 1.6383 -0.0985458 0.000178244 -0.000447385
117.05 9.61147 -0.0348555 1.6383 -0.0987937 0.000210359 -0.000525884
117.071 9.61019 -0.0409217 1.63828 -0.0982753 0.000380223 -0.000620803
117.091 9.609 -0.0465854 1.63824 -0.0974275 0.000393831 -0.000695283
117.111 9.6079 -0.0518509 1.6382 -0.0962727 0.000500664 -0.000774323
117.132 9.60688 -0.0567252 1.63815 -0.0946712 0.00052758 -0.000843739
117.152 9.60592 -0.0612185 1.63808 -0.0923294 0.00029744 -0.000887595
117.173 9.60506 -0.0653379 1.63801 -0.0896611 0.000632178 -0.000976353
117.192 9.60428 -0.0690909 1.63792 -0.087371 0.000824811 -0.00104088
117.212 9.60358 -0.0724883 1.63783 -0.0854122 0.00106652 -0.001102
117.236 9.60295 -0.0755388 1.63772 -0.0837884 0.000888635 -0.00111886
117.252 9.6024 -0.0782526 1.6376 -0.0819581 0.000827443 -0.00114088
117.273 9.6019 -0.0806396 1.63748 -0.0797101 0.000724573 -0.00115752
117.293 9.60148 -0.0827065 1.63735 -0.0775077 0.000979388 -0.00119615
117.313 9.60112 -0.0844612 1.63722 -0.0756367 0.00109245 -0.00121452
117.334 9.60084 -0.0859117 1.63709 -0.0741255 0.00119356 -0.00122451
117.353 9.60061 -0.0870672 1.63696 -0.0725297 0.00122913 -0.00122861
117.376 9.60042 -0.08794 1.63685 -0.0698963 0.00109349 -0.00122458
117.393 9.60027 -0.0885407 1.63674 -0.0664477 0.00115722 -0.00123355
117.414 9.60017 -0.0888812 1.63664 -0.0626743 0.00124543 -0.00123939
117.438 9.60012 -0.0889708 1.63655 -0.059539 0.00111879 -0.00122195
117.455 9.60012 -0.0888226 1.63647 -0.0570861 0.00147785 -0.00122405
117.476 9.60015 -0.0884505 1.63639 -0.0547104 0.00142822 -0.00120025
117.495 9.60021 -0.0878684 1.63632 -0.0518076 0.00117852 -0.00117
117.515 9.60032 -0.0870855 1.63626 -0.0488643 0.00137792 -0.00115839
117.537 9.60048 -0.086107 1.63622 -0.0468675 0.0018629 -0.00114479
117.556 9.60066 -0.0849448 1.63621 -0.0452624 0.00160944 -0.00109494
117.576 9.60085 -0.0836132 1.63622 -0.0428434 0.00138269 -0.00105111
117.596 9.60108 -0.0821186 1.63625 -0.0402226 0.00159584 -0.00102435
117.616 9.60134 -0.0804682 1.63629 -0.0380695 0.00168401 -0.00098608
117.637 9.60161 -0.0786726 1.63634 -0.0361507 0.00179184 -0.000946371
117.656 9.6019 -0.076744 1.63639 -0.0337633 0.00175 -0.000900524
117.677 9.60219 -0.0746931 1.63644 -0.0308293 0.00161787 -0.000853395
117.697 9.60249 -0.0725318 1.63647 -0.0273797 0.0016474 -0.000812329
117.717 9.60279 -0.0702735 1.63649 -0.0235317 0.00168693 -0.000766646
117.74 9.60308 -0.0679324 1.63648 -0.0194621 0.00169309 -0.000723944
117.758 9.60337 -0.0655267 1.63647 -0.0148221 0.00147755 -0.000693662
117.778 9.60367 -0.0630693 1.63647 -0.0104667 0.00177581 -0.000672491
117.798 9.60396 -0.0605762 1.63648 -0.00655787 0.0017457 -0.000648593
117.818 9.60425 -0.0580679 1.63651 -0.00230091 0.00158895 -0.000628791
117.839 9.60453 -0.0555604 1.63653 0.0021751 0.00160185 -0.000609189
117.859 9.60481 -0.0530689 1.63654 0.00648267 0.00166522 -0.0005932
117.881 9.60508 -0.0506086 1.63653 0.0104034 0.00164279 -0.000574644
117.899 9.60534 -0.0481944 1.63651 0.0138607 0.00165961 -0.000558385
117.919 9.6056 -0.0458395 1.63647 0.0168563 0.00168647 -0.000541295
117.941 9.60585 -0.0435552 1.6364 0.0193692 0.00170379 -0.000528011
117.96 9.6061 -0.0413511 1.63633 0.0214076 0.00172339 -0.00051202
117.981 9.60634 -0.0392353 1.63623 0.0230316 0.00173573 -0.000490307
118.001 9.60657 -0.0372139 1.63613 0.0242489 0.00174546 -0.000469817
118.021 9.6068 -0.0352916 1.63601 0.0251014 0.00174749 -0.000454367
118.041 9.60702 -0.0334715 1.63588 0.0256224 0.00175042 -0.000438153
118.061 9.60724 -0.0317559 1.63575 0.0258816 0.00175252 -0.000424403
118.081 9.60746 -0.0301462 1.63561 0.0259938 0.00174454 -0.000413964
118.101 9.60766 -0.0286423 1.63547 0.0259227 0.00174219 -0.000406338
118.121 9.60786 -0.0272438 1.63534 0.0257009 0.00171055 -0.000397007
118.144 9.60805 -0.0259496 1.6352 0.0253405 0.00173315 -0.000386258
118.163 9.60824 -0.0247584 1.63506 0.024909 0.00174856 -0.000380531
118.184 9.60842 -0.0236684 1.63493 0.0244419 0.00174454 -0.000374863
118.202 9.6086 -0.0226778 1.6348 0.0240276 0.00172324 -0.000365949
118.223 9.60877 -0.021785 1.63467 0.0236848 0.00170863 -0.00036162
118.245 9.60893 -0.0209873 1.63454 0.0232485 0.00171352 -0.000357493
118.263 9.60909 -0.0202824 1.63443 0.0226599 0.00169999 -0.00035314
118.283 9.60925 -0.0196681 1.63431 0.021989 0.00169195 -0.000348882
118.303 9.60939 -0.0191421 1.63421 0.0213568 0.00168456 -0.000349101
118.323 9.60954 -0.018702 1.63411 0.0207887 0.00165324 -0.000350284
118.347 9.60968 -0.0183445 1.63402 0.0201746 0.00164387 -0.000347899
118.363 9.60981 -0.0180679 1.63394 0.0196771 0.00162404 -0.00034599
118.385 9.60993 -0.0178706 1.63386 0.019389 0.00158741 -0.000344951
118.404 9.61005 -0.0177508 1.6338 0.0192221 0.00157735 -0.000344611
118.424 9.61017 -0.0177064 1.63374 0.0189914 0.00157571 -0.000345053
118.447 9.61028 -0.0177363 1.6337 0.0186962 0.00157138 -0.000346308
118.465 9.61038 -0.0178405 1.63366 0.0185833 0.00156712 -0.000355324
118.485 9.61047 -0.0180182 1.63364 0.0185974 0.00155813 -0.000359387
118.505 9.61057 -0.0182671 1.63363 0.018421 0.00156349 -0.00036267
118.525 9.61065 -0.0185863 1.63363 0.0180529 0.00157023 -0.000365298
118.546 9.61073 -0.0189742 1.63362 0.0175219 0.00155603 -0.000368184
118.565 9.6108 -0.0194287 1.63362 0.0168808 0.00157359 -0.00037324
118.586 9.61087 -0.0199473 1.63361 0.0161741 0.00158305 -0.000381016
118.606 9.61093 -0.0205287 1.63361 0.0156321 0.00157704 -0.000387254
118.626 9.61099 -0.0211716 1.63363 0.0154418 0.00158301 -0.000393755
118.646 9.61104 -0.0218741 1.63365 0.0154218 0.0015834 -0.000398584
118.666 9.61108 -0.022635 1.63369 0.0154073 0.00158354 -0.000405453
118.687 9.61112 -0.0234539 1.63374 0.0153978 0.0015811 -0.00041362
118.707 9.61116 -0.0243301 1.63379 0.0153339 0.00157489 -0.00042327
118.727 9.61119 -0.0252631 1.63385 0.0151846 0.00156873 -0.000434268
118.748 9.61121 -0.0262512 1.63391 0.0147939 0.00145712 -0.000444697
118.767 9.61123 -0.0272929 1.63397 0.0142286 0.00156495 -0.00045147
118.788 9.61125 -0.0283884 1.63404 0.013886 0.0015242 -0.000462926
118.807 9.61127 -0.0295355 1.63413 0.0136452 0.00154121 -0.000472845
118.828 9.6113 -0.0307306 1.63422 0.0131099 0.00152808 -0.000485077
118.849 9.61132 -0.0319711 1.63431 0.0122344 0.00153339 -0.000495607
118.868 9.61135 -0.0332545 1.63439 0.0112277 0.00148956 -0.000507113
118.889 9.61138 -0.0345775 1.63447 0.0101984 0.00147648 -0.000517722
118.909 9.61141 -0.0359357 1.63454 0.00913632 0.00150652 -0.000528693
118.93 9.61145 -0.0373254 1.63459 0.00810984 0.00146562 -0.000539728
118.953 9.61148 -0.0387423 1.63464 0.00710314 0.00146617 -0.000552213
118.969 9.61152 -0.0401828 1.63468 0.00616989 0.00145674 -0.00056475
118.99 9.61156 -0.041643 1.63471 0.00528878 0.00139898 -0.000577294
119.01 9.6116 -0.0431192 1.63474 0.00443021 0.00141068 -0.000589602
119.03 9.61165 -0.0446083 1.63475 0.00364535 0.00140298 -0.000601647
119.054 9.61169 -0.0461071 1.63476 0.00291917 0.00137521 -0.0006123
119.07 9.61174 -0.0476128 1.63476 0.00223172 0.00138448 -0.000622401
119.093 9.61178 -0.0491226 1.63476 0.0016112 0.0013756 -0.000634336
119.11 9.61183 -0.0506341 1.63475 0.00103938 0.00138551 -0.000647057
119.131 9.61188 -0.052145 1.63473 0.000516438 0.00140848 -0.000660827
119.154 9.61193 -0.0536534 1.63471 4.68997e-05 0.0014122 -0.000674321
119.171 9.61199 -0.0551573 1.63468 -0.000390803 0.00142468 -0.000687707
119.192 9.61204 -0.056655 1.63465 -0.000787245 0.00142603 -0.000700873
119.211 9.6121 -0.058145 1.63461 -0.00114719 0.00142354 -0.000709132
119.232 9.61216 -0.0596257 1.63456 -0.00149645 0.0014496 -0.000718332
119.256 9.61222 -0.061096 1.63452 -0.00181941 0.00144014 -0.000726695
119.272 9.61228 -0.0625546 1.63447 -0.00209578 0.00143646 -0.000738062
119.295 9.61234 -0.0640005 1.63443 -0.00234826 0.00145783 -0.000748524
119.313 9.61241 -0.0654325 1.63439 -0.00259228 0.00145893 -0.000760709
119.333 9.61247 -0.0668497 1.63435 -0.00284261 0.00146591 -0.00076681
119.357 9.61254 -0.0682513 1.63431 -0.00307058 0.00147688 -0.000775366
119.373 9.61261 -0.0696365 1.63427 -0.00327838 0.00145671 -0.000785429
119.395 9.61268 -0.0710044 1.63424 -0.00348457 0.00144337 -0.000791802
119.413 9.61276 -0.0723542 1.63421 -0.00368739 0.00144137 -0.000800895
119.433 9.61283 -0.0736852 1.63418 -0.00389502 0.00144029 -0.000805313
119.455 9.61291 -0.0749966 1.63415 -0.00410568 0.0014452 -0.00081124
119.474 9.61298 -0.0762877 1.63412 -0.00431233 0.00142406 -0.000814182
119.494 9.61306 -0.0775578 1.6341 -0.00450965 0.00140479 -0.00082113
119.514 9.61314 -0.0788062 1.63407 -0.0047043 0.00131424 -0.000824716
119.535 9.61323 -0.0800322 1.63405 -0.00486182 0.00145326 -0.000830981
119.557 9.61333 -0.0812356 1.63404 -0.00497701 0.00135941 -0.000834857
119.575 9.61343 -0.0824156 1.63403 -0.00507367 0.00136117 -0.000839699
119.596 9.61354 -0.0835721 1.63402 -0.00515084 0.00135326 -0.000846278
119.616 9.61365 -0.0847048 1.63402 -0.00521052 0.00132683 -0.000849202
119.636 9.61378 -0.0858132 1.63403 -0.00528636 0.00145041 -0.000853284
119.658 9.6139 -0.0868974 1.63403 -0.00536692 0.00134453 -0.000856219
119.676 9.61403 -0.0879569 1.63404 -0.00547457 0.00135014 -0.000859952
119.697 9.61418 -0.0889916 1.63405 -0.00557353 0.0014378 -0.000865774
119.717 9.61433 -0.0900014 1.63406 -0.0056263 0.00140026 -0.000868015
119.737 9.61448 -0.0909858 1.63408 -0.005699 0.00139887 -0.000870194
119.761 9.61463 -0.0919446 1.6341 -0.00577177 0.00126978 -0.000870775
119.778 9.61479 -0.0928778 1.63412 -0.00583999 0.00128266 -0.000869705
119.798 9.61496 -0.0937852 1.63414 -0.005907 0.00134016 -0.000869803
119.818 9.61513 -0.0946665 1.63416 -0.00597268 0.00128103 -0.000872061
119.838 9.61532 -0.0955217 1.63418 -0.00601558 0.00125494 -0.000873526
119.862 9.61551 -0.0963507 1.6342 -0.00603089 0.00127193 -0.000877687
119.878 9.61572 -0.0971537 1.63421 -0.00602029 0.00120743 -0.000880832
119.9 9.61594 -0.0979307 1.63422 -0.00598472 0.0013634 -0.000882315
119.918 9.61616 -0.0986818 1.63424 -0.00593857 0.00131792 -0.000883645
119.939 9.6164 -0.0994074 1.63425 -0.00587182 0.0011739 -0.000886394
119.96 9.61665 -0.100108 1.63427 -0.0057919 0.00131985 -0.000887645
119.979 9.6169 -0.100783 1.63429 -0.00571185 0.00118701 -0.000886427
120 9.61718 -0.101434 1.63431 -0.00563243 0.00127755 -0.000887093
120.019 9.61746 -0.102061 1.63433 -0.00557546 0.00131395 -0.000887087
120.039 9.61775 -0.102664 1.63435 -0.00551243 0.00124942 -0.000886783
120.06 9.61805 -0.103243 1.63438 -0.00544945 0.00122673 -0.000884395
120.08 9.61836 -0.103799 1.6344 -0.00539552 0.00114997 -0.000881835
120.103 9.61868 -0.104332 1.63441 -0.00532927 0.00118177 -0.000883278
120.12 9.61901 -0.104843 1.63443 -0.00525352 0.00131958 -0.000884499
120.141 9.61935 -0.105332 1.63445 -0.00517063 0.0012509 -0.000879935
120.163 9.6197 -0.105799 1.63446 -0.00508962 0.00113199 -0.000877452
120.181 9.62006 -0.106244 1.63448 -0.00500041 0.00122343 -0.000876121
120.203 9.62044 -0.106668 1.6345 -0.00494993 0.00123743 -0.00087544
120.221 9.62083 -0.107072 1.63452 -0.00489585 0.001309 -0.000874321
120.241 9.62123 -0.107455 1.63454 -0.00485834 0.00126776 -0.000870091
120.265 9.62164 -0.107817 1.63456 -0.00484098 0.00116638 -0.000866328
120.284 9.62207 -0.10816 1.63459 -0.00477411 0.00127258 -0.000865566
120.305 9.6225 -0.108483 1.63462 -0.00469464 0.0012827 -0.000864031
120.324 9.62294 -0.108787 1.63465 -0.00463246 0.0012473 -0.00085933
120.344 9.62339 -0.109071 1.63468 -0.00455919 0.00118243 -0.000855721
120.368 9.62385 -0.109337 1.63471 -0.00449187 0.00135232 -0.000854743
120.384 9.62433 -0.109584 1.63474 -0.00447619 0.00133281 -0.00085191
120.405 9.62481 -0.109813 1.63478 -0.00443958 0.00124414 -0.000848443
120.424 9.6253 -0.110024 1.63481 -0.00435686 0.00124754 -0.000846746
120.444 9.6258 -0.110217 1.63484 -0.00423823 0.00129664 -0.000843835
120.466 9.62631 -0.110394 1.63487 -0.00408911 0.00134287 -0.000840774
120.485 9.62682 -0.110554 1.63489 -0.00393272 0.00136772 -0.000839149
120.507 9.62734 -0.110698 1.63491 -0.00380671 0.00137786 -0.000836685
120.525 9.62787 -0.110826 1.63492 -0.00371086 0.00127381 -0.000832989
120.545 9.62841 -0.11094 1.63493 -0.00361174 0.00131055 -0.000830994
120.57 9.62896 -0.111038 1.63495 -0.00358022 0.001389 -0.000827308
120.585 9.62953 -0.111122 1.63497 -0.00357357 0.001454 -0.000821913
120.608 9.63011 -0.111192 1.63499 -0.00361238 0.00136196 -0.000817115
120.626 9.63069 -0.111247 1.63501 -0.00359677 0.00129256 -0.000812685
120.646 9.63129 -0.111289 1.63503 -0.00351635 0.00130416 -0.000809492
120.666 9.63189 -0.111317 1.63505 -0.00342441 0.00131826 -0.000806644
120.686 9.63249 -0.111331 1.63508 -0.0033291 0.00131085 -0.000802629
120.707 9.63311 -0.111333 1.63509 -0.00321433 0.00129035 -0.000800097
120.726 9.63373 -0.111322 1.63511 -0.00308535 0.00128858 -0.00079793
120.747 9.63436 -0.111299 1.63513 -0.00296517 0.00130093 -0.000795723
120.768 9.63499 -0.111264 1.63514 -0.00283726 0.00116182 -0.000793527
120.787 9.63564 -0.111219 1.63515 -0.00272879 0.0012131 -0.000791766
120.807 9.63632 -0.111163 1.63517 -0.00257473 0.00141215 -0.000791091
120.827 9.63701 -0.111097 1.63518 -0.00242603 0.00126657 -0.000788176
120.847 9.63772 -0.111022 1.63521 -0.00229409 0.00118929 -0.000785485
120.868 9.63845 -0.110938 1.63524 -0.00215445 0.00132568 -0.000783165
120.887 9.63919 -0.110845 1.63527 -0.00204064 0.00126647 -0.000780758
120.908 9.63995 -0.110746 1.6353 -0.00190928 0.00112098 -0.000778012
120.928 9.64073 -0.110639 1.63533 -0.00175706 0.00124367 -0.000775823
120.948 9.64153 -0.110526 1.63537 -0.00160875 0.00119146 -0.00077322
120.968 9.64235 -0.110406 1.63541 -0.00150214 0.00121522 -0.000770961
120.988 9.64318 -0.110281 1.63545 -0.00144465 0.00117791 -0.000769236
121.009 9.64403 -0.11015 1.6355 -0.00138084 0.00110673 -0.00076763
121.028 9.64489 -0.110015 1.63554 -0.00129542 0.00109764 -0.000766204
121.048 9.64577 -0.109875 1.63559 -0.00117992 0.00106469 -0.000766068
121.07 9.64666 -0.109731 1.63563 -0.00110011 0.00108163 -0.000766357
121.09 9.64757 -0.109583 1.63567 -0.00105236 0.00119208 -0.000765136
121.11 9.6485 -0.109431 1.63571 -0.00102669 0.00111347 -0.000763066
121.129 9.64943 -0.109276 1.63575 -0.00098785 0.00111333 -0.000762136
121.149 9.65039 -0.109117 1.6358 -0.000957439 0.00115535 -0.000760098
121.173 9.65135 -0.108955 1.63584 -0.0009314 0.00117573 -0.00076057
121.19 9.65233 -0.10879 1.63588 -0.000910425 0.00118791 -0.000759909
121.212 9.65332 -0.108621 1.63591 -0.000886627 0.0011965 -0.000759335
121.23 9.65432 -0.10845 1.63594 -0.000858532 0.00120624 -0.000758054
121.251 9.65534 -0.108277 1.63597 -0.000829829 0.00122547 -0.000758337
121.274 9.65637 -0.1081 1.63599 -0.000805394 0.0012447 -0.000757712
121.29 9.65742 -0.107921 1.63601 -0.000782989 0.00126312 -0.000756018
121.312 9.65848 -0.10774 1.63603 -0.000750391 0.00127088 -0.000754256
121.331 9.65955 -0.107556 1.63604 -0.000714364 0.00127932 -0.000754164
121.351 9.66063 -0.10737 1.63605 -0.000679621 0.00129472 -0.000753611
121.372 9.66173 -0.107182 1.63606 -0.000655579 0.00121922 -0.000753662
121.392 9.66285 -0.106992 1.63606 -0.000629064 0.0012888 -0.00075445
121.413 9.66398 -0.1068 1.63607 -0.000594533 0.00138085 -0.000754757
121.432 9.66513 -0.106606 1.63608 -0.000567382 0.00131598 -0.000752388
121.452 9.66629 -0.106411 1.6361 -0.000544179 0.00130792 -0.000750404
121.476 9.66747 -0.106214 1.63611 -0.00051269 0.00132664 -0.000752492
121.493 9.66866 -0.106016 1.63612 -0.000480018 0.0013122 -0.000753395
121.513 9.66986 -0.105817 1.63613 -0.000440756 0.00130469 -0.000752633
121.533 9.67107 -0.105617 1.63614 -0.000395027 0.00131795 -0.000751514
121.553 9.6723 -0.105416 1.63616 -0.000359296 0.00132165 -0.000756666
121.574 9.67354 -0.105214 1.63617 -0.000323831 0.00132636 -0.0007567
121.593 9.67479 -0.105011 1.63618 -0.000284169 0.00134331 -0.000757861
121.616 9.67605 -0.104808 1.63619 -0.00026448 0.00130514 -0.000758173
121.634 9.67733 -0.104605 1.63621 -0.000242952 0.00123884 -0.000758426
121.654 9.67862 -0.104401 1.63623 -0.000207307 0.00131344 -0.000760355
121.676 9.67994 -0.104198 1.63625 -0.000180047 0.00136054 -0.000761014
121.694 9.68128 -0.103994 1.63627 -0.00015097 0.0015867 -0.000761953
121.715 9.68262 -0.10379 1.63629 -0.000109104 0.00132043 -0.0007626
121.735 9.68396 -0.103587 1.63632 -5.38253e-05 0.00123882 -0.0007651
121.755 9.68531 -0.103384 1.63636 1.57425e-05 0.00130432 -0.000766078
121.777 9.68666 -0.103182 1.6364 9.05988e-05 0.0013362 -0.000766651
121.795 9.68802 -0.102981 1.63644 0.00014332 0.00107231 -0.000768427
121.815 9.68941 -0.102781 1.63648 0.000226831 0.00139449 -0.000769883
121.835 9.69082 -0.102583 1.63654 0.000302448 0.00133423 -0.000770298
121.856 9.69226 -0.102387 1.6366 0.000361569 0.00125831 -0.000770995
121.877 9.69372 -0.102192 1.63666 0.000383373 0.001348 -0.000769269
121.896 9.6952 -0.102 1.63673 0.000423081 0.00132943 -0.000768901
121.917 9.6967 -0.10181 1.63679 0.000448981 0.00127483 -0.000768368
121.937 9.69822 -0.101622 1.63685 0.000448876 0.00123605 -0.000767972
121.957 9.69976 -0.101437 1.6369 0.000437768 0.00120533 -0.0007679
121.978 9.70132 -0.101253 1.63695 0.000433107 0.00116493 -0.000771268
121.997 9.7029 -0.101072 1.63699 0.000423531 0.00113995 -0.000772719
122.02 9.7045 -0.100894 1.63703 0.000409892 0.00112629 -0.000773183
122.037 9.70612 -0.100717 1.63706 0.000406041 0.00110149 -0.000775256
122.058 9.70776 -0.100543 1.6371 0.000405409 0.00108343 -0.000777964
122.081 9.70941 -0.100371 1.63712 0.000402875 0.00107599 -0.000778757
122.099 9.71108 -0.100201 1.63715 0.000399489 0.00107507 -0.000778865
122.119 9.71277 -0.100033 1.63717 0.00038473 0.000983375 -0.000778622
122.139 9.71449 -0.0998676 1.63719 0.000394802 0.00113008 -0.000779134
122.159 9.71623 -0.0997042 1.63721 0.000420013 0.00114459 -0.000778574
122.181 9.71798 -0.0995428 1.63723 0.000435361 0.00110835 -0.000777895
122.199 9.71975 -0.0993837 1.63725 0.000447074 0.00113055 -0.000776565
122.22 9.72154 -0.099227 1.63727 0.000468283 0.00125193 -0.000778722
122.24 9.72334 -0.0990726 1.63728 0.000490057 0.00113137 -0.000779422
122.26 9.72517 -0.0989207 1.63731 0.000528356 0.00127562 -0.000779266
122.282 9.72699 -0.0987714 1.63733 0.000565186 0.00118427 -0.000779557
122.3 9.72884 -0.0986248 1.63736 0.000604999 0.00122842 -0.000779755
122.324 9.7307 -0.098481 1.63739 0.000626515 0.00129993 -0.000779284
122.341 9.73258 -0.0983401 1.63742 0.00065356 0.00139499 -0.000780778
122.361 9.73448 -0.0982021 1.63746 0.000654823 0.00139203 -0.0007819
122.382 9.73638 -0.0980671 1.63749 0.000649032 0.00134819 -0.000783428
122.402 9.7383 -0.0979351 1.63753 0.000644925 0.00135845 -0.000785377
122.422 9.74023 -0.097806 1.63756 0.000642194 0.00137823 -0.000786033
122.441 9.74217 -0.0976798 1.63759 0.000628343 0.00137359 -0.000785779
122.462 9.74412 -0.0975565 1.63762 0.00060404 0.00136751 -0.000785196
122.483 9.74608 -0.0974359 1.63765 0.000575786 0.0013689 -0.000786239
122.502 9.74805 -0.0973179 1.63767 0.000555216 0.00136759 -0.000786344
122.525 9.75003 -0.0972026 1.63769 0.000541298 0.00136917 -0.000785858
122.542 9.75203 -0.0970899 1.6377 0.000534388 0.00131845 -0.000786231
122.563 9.75404 -0.0969796 1.63772 0.000521454 0.0013871 -0.00078718
122.583 9.75607 -0.0968717 1.63773 0.000524475 0.00139841 -0.000789545
122.602 9.75813 -0.0967665 1.63775 0.000547174 0.00146788 -0.000791002
122.626 9.76019 -0.0966637 1.63777 0.000571778 0.00140033 -0.000792276
122.643 9.76226 -0.0965635 1.63779 0.000585986 0.00133998 -0.000792371
122.663 9.76435 -0.0964659 1.63781 0.000602404 0.00148462 -0.000791886
122.685 9.76644 -0.096371 1.63784 0.000611157 0.0014746 -0.000792665
122.705 9.76853 -0.0962787 1.63787 0.000612113 0.00130364 -0.000793135
122.724 9.77062 -0.0961891 1.63791 0.000612062 0.0013326 -0.000793375
122.744 9.77274 -0.0961022 1.63794 0.000600942 0.00149483 -0.000792878
122.764 9.77485 -0.096018 1.63798 0.000597543 0.00140181 -0.000792272
122.785 9.77697 -0.0959364 1.63802 0.00059472 0.00140134 -0.000791947
122.805 9.77911 -0.0958574 1.63806 0.000595533 0.00125161 -0.00079217
122.825 9.78128 -0.0957808 1.6381 0.000552585 0.00141166 -0.000791233
122.845 9.78349 -0.0957067 1.63815 0.000514925 0.00142358 -0.000789363
122.865 9.78573 -0.0956349 1.6382 0.000491113 0.00134512 -0.000788856
122.887 9.788 -0.0955654 1.63825 0.000481217 0.00130266 -0.000789269
122.905 9.79031 -0.095498 1.6383 0.000469959 0.00129401 -0.000789287
122.926 9.79265 -0.0954327 1.63834 0.000456178 0.00120012 -0.000788642
122.946 9.79503 -0.0953695 1.63838 0.000446976 0.00130695 -0.000788218
122.966 9.79744 -0.0953081 1.63842 0.000408687 0.00133485 -0.00078708
122.99 9.79987 -0.0952486 1.63846 0.000382372 0.00125961 -0.000785765
123.008 9.80233 -0.0951908 1.6385 0.000366726 0.00113407 -0.000785284
123.029 9.80482 -0.0951347 1.63853 0.000338917 0.00124747 -0.000784651
123.048 9.80733 -0.0950801 1.63857 0.000324786 0.001249 -0.000786792
123.068 9.80987 -0.095027 1.63861 0.000309805 0.00122345 -0.000786491
123.089 9.81243 -0.0949752 1.63865 0.000285576 0.0012161 -0.000786358
123.109 9.81501 -0.0949247 1.63868 0.000258336 0.00121748 -0.000785504
123.13 9.81762 -0.0948755 1.63871 0.000229507 0.0012197 -0.000784306
123.149 9.82025 -0.0948273 1.63874 0.000199835 0.00122321 -0.000785413
123.169 9.82291 -0.09478 1.63877 0.000172797 0.00123251 -0.000785995
123.19 9.82558 -0.0947336 1.63879 0.000145876 0.00124383 -0.000785594
123.209 9.82829 -0.094688 1.63881 0.000126703 0.00126891 -0.000785261
123.232 9.83101 -0.0946432 1.63882 0.000119933 0.00131348 -0.000784352
123.25 9.83377 -0.0945989 1.63884 0.000100758 0.00134137 -0.000783062
123.269 9.83654 -0.0945552 1.63886 8.3516e-05 0.00146002 -0.000782959
123.291 9.83934 -0.0945121 1.63888 7.73106e-05 0.00147168 -0.000782346
123.31 9.84215 -0.0944694 1.6389 6.75489e-05 0.00142634 -0.000782091
123.33 9.84497 -0.0944271 1.63892 6.08352e-05 0.00142638 -0.000781173
123.35 9.84782 -0.0943852 1.63895 5.57612e-05 0.00145604 -0.000781732
123.37 9.85068 -0.0943436 1.63897 4.22465e-05 0.0014658 -0.00078371
123.393 9.85355 -0.0943025 1.63899 3.58378e-05 0.00147815 -0.000783074
123.411 9.85644 -0.0942616 1.63901 3.79163e-05 0.0015091 -0.000784516
123.431 9.85935 -0.0942211 1.63903 4.70935e-05 0.00161398 -0.000782315
123.451 9.86227 -0.0941808 1.63906 3.53122e-05 0.00154436 -0.000780565
123.471 9.86519 -0.0941409 1.63908 3.26151e-05 0.00143574 -0.000778824
123.493 9.86814 -0.0941013 1.6391 5.65719e-05 0.00169271 -0.000778028
123.511 9.87108 -0.0940622 1.63913 8.16399e-05 0.00162704 -0.000777789
123.534 9.87403 -0.0940234 1.63917 0.000100541 0.00142305 -0.000777922
123.552 9.87699 -0.0939852 1.63921 0.000118531 0.00151275 -0.00077705
123.572 9.87995 -0.0939476 1.63926 0.000137077 0.0015818 -0.000776369
123.595 9.88292 -0.0939106 1.63931 0.000139348 0.00138529 -0.000776836
123.614 9.88592 -0.0938744 1.63937 0.00017332 0.00160861 -0.000776381
123.635 9.88893 -0.0938391 1.63943 0.000206385 0.0017379 -0.000776602
123.653 9.89195 -0.0938046 1.63949 0.00022487 0.0016306 -0.000777546
123.673 9.89498 -0.0937709 1.63956 0.000210175 0.00162298 -0.000777564
123.695 9.89801 -0.0937381 1.63962 0.000182695 0.00166885 -0.000775618
123.714 9.90106 -0.093706 1.63968 0.000149907 0.00169141 -0.000774006
123.736 9.90411 -0.0936748 1.63974 0.000130918 0.00168779 -0.000772156
123.754 9.90718 -0.0936442 1.63979 0.000121022 0.00167924 -0.000772435
123.774 9.91025 -0.0936143 1.63983 0.000121944 0.00159625 -0.000772704
123.795 9.91333 -0.093585 1.63987 0.000125308 0.00162647 -0.000772296
123.814 9.91642 -0.0935561 1.63991 9.15739e-05 0.00134215 -0.000771418
123.835 9.91955 -0.0935283 1.63995 0.000154441 0.00116209 -0.000772072
123.854 9.92274 -0.0935007 1.64001 0.000136709 0.00154392 -0.000770865
123.875 9.92601 -0.093474 1.64008 0.000131407 0.00182421 -0.000769685
123.897 9.92931 -0.0934476 1.64016 7.91759e-05 0.00145385 -0.000769705
123.915 9.93265 -0.0934217 1.64024 3.5826e-05 0.00133864 -0.000769011
123.937 9.93604 -0.0933962 1.64033 2.84081e-05 0.001393 -0.000768833
123.956 9.93948 -0.0933709 1.64041 -1.62471e-06 0.00143171 -0.000769166
123.976 9.94295 -0.0933457 1.64049 -2.75401e-05 0.00138404 -0.000769868
123.999 9.94646 -0.0933205 1.64056 -5.82139e-05 0.00131279 -0.000769328
124.017 9.95001 -0.0932953 1.64063 -7.16727e-05 0.00134662 -0.000768045
124.037 9.9536 -0.09327 1.6407 -6.71141e-05 0.00142708 -0.000768993
124.057 9.95722 -0.0932444 1.64076 -8.93045e-05 0.00140283 -0.000768978
124.078 9.96086 -0.0932187 1.64082 -9.6733e-05 0.00134905 -0.000768591
124.1 9.96454 -0.0931927 1.64087 -0.000107972 0.00136446 -0.000767588
124.118 9.96825 -0.0931664 1.64092 -0.000100604 0.00128486 -0.000768613
124.139 9.97199 -0.0931398 1.64096 -0.000109994 0.00130363 -0.000768123
124.158 9.97577 -0.0931129 1.641 -0.000111727 0.0013719 -0.000768372
124.179 9.97958 -0.0930858 1.64103 -9.19494e-05 0.00139976 -0.000769099
124.2 9.98343 -0.0930586 1.64106 -5.99175e-05 0.00147195 -0.000770849
124.219 9.9873 -0.0930313 1.64108 -2.60509e-05 0.0014583 -0.000770845
124.242 9.99121 -0.0930038 1.6411 -1.61986e-05 0.00139586 -0.000769154
124.259 9.99514 -0.0929763 1.64113 -1.86421e-05 0.00142671 -0.000767409
124.279 9.9991 -0.0929489 1.64115 -1.59608e-05 0.0014479 -0.000767865
124.302 10.0031 -0.0929216 1.64118 -1.23056e-05 0.00149137 -0.000766971
124.32 10.0071 -0.0928944 1.6412 9.55852e-06 0.0017033 -0.00076721
124.34 10.0111 -0.0928673 1.64123 6.18106e-06 0.00158273 -0.00076594
124.36 10.0152 -0.0928402 1.64125 -4.72003e-06 0.00144061 -0.000767195
124.38 10.0192 -0.0928132 1.64128 -1.07939e-05 0.00152691 -0.000765942
124.401 10.0233 -0.0927863 1.64131 -2.86651e-05 0.00177495 -0.00076447
124.42 10.0274 -0.0927594 1.64134 -3.27243e-05 0.00168213 -0.000763152
124.441 10.0315 -0.0927325 1.64137 -4.52154e-05 0.00162777 -0.000761131
124.461 10.0356 -0.0927054 1.64141 -5.54168e-05 0.00169822 -0.000758825
124.481 10.0397 -0.0926784 1.64144 -5.88495e-05 0.00167993 -0.000756261
124.502 10.0438 -0.0926512 1.64148 -5.9629e-05 0.00182963 -0.000754884
124.521 10.0479 -0.0926238 1.64151 -6.3068e-05 0.00171065 -0.000754557
124.542 10.052 -0.0925963 1.64155 -7.11496e-05 0.00175697 -0.000754934
124.562 10.0562 -0.0925687 1.64159 -7.62264e-05 0.00188859 -0.000753623
124.582 10.0603 -0.0925408 1.64163 -7.87029e-05 0.0018465 -0.000754673
124.605 10.0645 -0.0925129 1.64167 -7.28204e-05 0.00181581 -0.000754311
124.622 10.0687 -0.0924847 1.6417 -6.01865e-05 0.00184962 -0.000753759
124.642 10.0728 -0.0924565 1.64173 -4.85931e-05 0.00187625 -0.000751273
124.662 10.077 -0.0924281 1.64176 -3.82337e-05 0.0017892 -0.000749388
124.682 10.0812 -0.0923999 1.64179 -9.48166e-06 0.00185735 -0.000747173
124.703 10.0854 -0.0923717 1.64182 2.4755e-05 0.0018738 -0.000745508
124.723 10.0896 -0.0923438 1.64185 6.08429e-05 0.00199164 -0.000743902
124.744 10.0938 -0.0923159 1.64188 5.59606e-05 0.00183727 -0.000742199
124.763 10.0981 -0.0922884 1.64191 4.94795e-05 0.00177746 -0.000739493
124.783 10.1023 -0.0922612 1.64195 4.25419e-05 0.00188105 -0.000737234
124.806 10.1065 -0.0922343 1.64198 4.44286e-05 0.00188233 -0.000734521
124.824 10.1107 -0.0922073 1.64201 -2.96232e-05 0.000920516 -0.000731185
124.844 10.115 -0.0921811 1.64205 3.88326e-05 0.00156467 -0.000729655
124.864 10.1194 -0.0921551 1.64213 8.09913e-05 0.00233311 -0.000727039
124.884 10.1238 -0.0921296 1.64224 0.000118386 0.00191353 -0.000724086
124.906 10.1283 -0.0921043 1.64237 0.000106316 0.00163053 -0.000721488
124.924 10.1328 -0.0920795 1.6425 7.55308e-05 0.00166693 -0.000718404
124.946 10.1374 -0.092055 1.64264 4.24356e-05 0.00167169 -0.000715708
124.964 10.142 -0.092031 1.64276 2.04154e-05 0.0015874 -0.000714608
124.985 10.1467 -0.0920069 1.64288 -3.14873e-05 0.00148767 -0.00071254
125.009 10.1514 -0.091983 1.64299 -5.23958e-05 0.00146771 -0.000709456
125.025 10.1562 -0.091959 1.64309 -7.48999e-05 0.0013533 -0.000705914
125.046 10.161 -0.0919347 1.64319 -0.000118313 0.00151635 -0.000704666
125.065 10.1659 -0.0919099 1.64328 -0.000190459 0.00141611 -0.000701229
125.085 10.1708 -0.0918846 1.64337 -0.00024352 0.00138341 -0.00069741
125.108 10.1757 -0.0918585 1.64345 -0.000277549 0.00108716 -0.000693905
125.126 10.1807 -0.0918319 1.64353 -0.000241914 0.00121827 -0.000690395
125.149 10.1857 -0.0918042 1.6436 -0.000252238 0.00160285 -0.00068594
125.167 10.1909 -0.0917769 1.64367 -6.66028e-05 0.00426597 -0.000685289
125.187 10.1959 -0.0917474 1.64374 -0.000118151 0.00315748 -0.00071263
125.209 10.2006 -0.0917172 1.6439 -0.000205995 0.00116452 -0.00073036
125.228 10.2052 -0.0916868 1.64414 -0.000187118 0.00160977 -0.000739421
125.249 10.2096 -0.0916564 1.64443 -4.39867e-05 0.00262485 -0.000749607
125.268 10.2139 -0.0916258 1.64472 9.28132e-05 0.00304038 -0.00075983
125.388 10.2179 -0.0915957 1.645 0.000254429 0.00329146 -0.000770292
125.411 10.2219 -0.0915663 1.64524 0.00036193 0.00338598 -0.000778651
125.43 10.2256 -0.0915385 1.64547 0.000500743 0.00347854 -0.000784458
125.448 10.2292 -0.0915123 1.64566 0.000596835 0.00325038 -0.000791172
125.468 10.2326 -0.0914882 1.64584 0.000661131 0.00360636 -0.000794604
125.488 10.2358 -0.0914669 1.646 0.000751523 0.00351712 -0.000796248
125.508 10.2389 -0.0914484 1.64614 0.000829201 0.00349532 -0.000794745
125.528 10.2419 -0.0914328 1.64625 0.00087892 0.00342153 -0.000799369
125.549 10.2447 -0.0914206 1.64633 0.000917657 0.00318756 -0.000802414
125.569 10.2474 -0.0914117 1.64639 0.000930854 0.00292852 -0.000805697
125.589 10.2499 -0.0914061 1.64643 0.000903241 0.00293928 -0.000809596
125.609 10.2523 -0.0914042 1.64645 0.000903846 0.00274751 -0.000813591
125.629 10.2545 -0.0914057 1.64646 0.000911204 0.00238242 -0.000816671
125.651 10.2566 -0.0914105 1.64645 0.000893834 0.00212915 -0.000819698
125.669 10.2586 -0.0914186 1.64644 0.000863282 0.00205848 -0.000822692
125.689 10.2605 -0.09143 1.64641 0.000835072 0.00189334 -0.000822344
125.712 10.2622 -0.0914445 1.64636 0.000813437 0.00170222 -0.000823655
125.73 10.2638 -0.091462 1.64631 0.000779579 0.00140078 -0.000824677
125.753 10.2653 -0.0914823 1.64625 0.00073883 0.00137201 -0.000826155
125.77 10.2666 -0.0915056 1.6462 0.000724749 0.00118444 -0.000821682
125.79 10.2678 -0.0915316 1.64614 0.00071997 0.00126766 -0.000820114
125.813 10.269 -0.0915601 1.64609 0.000699311 0.00110998 -0.000817777
125.831 10.27 -0.091591 1.64602 0.000661721 0.000963736 -0.000814798
125.852 10.2708 -0.0916244 1.64596 0.000626087 0.000873842 -0.000812926
125.871 10.2716 -0.09166 1.64588 0.000597021 0.000430462 -0.000811405
125.891 10.2722 -0.0916978 1.6458 0.000584084 0.000597066 -0.000809616
125.912 10.2728 -0.0917377 1.64573 0.000551444 0.00054578 -0.000806489
125.931 10.2733 -0.0917795 1.64568 0.000512353 0.000253704 -0.000802835
125.952 10.2736 -0.0918228 1.64563 0.00044155 -7.53617e-05 -0.000799316
125.972 10.2739 -0.0918677 1.64559 0.000376225 -0.000149202 -0.000796719
125.992 10.2741 -0.0919141 1.64555 0.00034841 -0.000377434 -0.000791623
126.015 10.2742 -0.0919617 1.64552 0.000321972 -0.000602449 -0.00078953
126.033 10.2742 -0.0920101 1.64548 0.000269226 -0.000729238 -0.000786704
126.055 10.2741 -0.0920596 1.64545 0.000258178 -0.000728951 -0.000783887
126.073 10.2739 -0.0921097 1.64542 0.000228905 -0.000955655 -0.000781889
126.093 10.2737 -0.0921606 1.64539 0.000214376 -0.00102837 -0.000779842
126.116 10.2733 -0.092212 1.64536 0.000178891 -0.00119969 -0.000777645
126.133 10.2729 -0.0922639 1.64532 0.000146973 -0.00123094 -0.000774866
126.154 10.2724 -0.0923164 1.64529 0.000149101 -0.00132423 -0.000771343
126.174 10.2718 -0.092369 1.64525 0.000126983 -0.00145975 -0.000769723
126.194 10.2712 -0.0924221 1.64522 0.000131313 -0.00143697 -0.000767646
126.216 10.2705 -0.0924755 1.64518 0.000142261 -0.00144313 -0.000765475
126.235 10.2697 -0.0925291 1.64513 0.00012667 -0.00156399 -0.000763551
126.257 10.2688 -0.0925827 1.64509 7.07059e-05 -0.00156948 -0.000762161
126.275 10.2679 -0.0926365 1.64504 4.53166e-05 -0.00165991 -0.000760414
126.295 10.267 -0.0926904 1.645 4.1036e-05 -0.00165227 -0.000754829
126.318 10.2659 -0.0927444 1.64495 5.07687e-05 -0.0017381 -0.000750462
126.336 10.2648 -0.0927982 1.6449 4.43879e-05 -0.00164592 -0.000747015
126.356 10.2637 -0.0928519 1.64484 2.3531e-05 -0.00182428 -0.000744584
126.376 10.2625 -0.0929054 1.64478 -7.03174e-07 -0.00190893 -0.000741316
126.396 10.2612 -0.0929587 1.64473 -1.96547e-05 -0.00189954 -0.000738827
126.418 10.2599 -0.0930126 1.64466 0.000114104 -0.00239461 -0.000735089
126.436 10.2586 -0.0930649 1.6446 -7.2078e-05 -0.00255499 -0.000732655
126.457 10.2573 -0.0931174 1.64456 -0.000153264 -0.00217557 -0.000732031
126.476 10.256 -0.0931697 1.64454 -0.000121707 -0.00214298 -0.000733771
126.497 10.2548 -0.0932217 1.64452 -5.63966e-05 -0.00213735 -0.00073404
126.518 10.2536 -0.0932729 1.64452 -4.79534e-05 -0.00243742 -0.000733332
126.537 10.2523 -0.0933235 1.64451 -8.50788e-05 -0.00261039 -0.000730855
126.558 10.2511 -0.0933741 1.64452 -4.10825e-05 -0.00229845 -0.000729659
126.578 10.2499 -0.093424 1.64453 -4.90196e-05 -0.00247114 -0.000729452
126.598 10.2487 -0.0934737 1.64455 -4.66287e-05 -0.00259599 -0.000727943
126.619 10.2475 -0.0935232 1.64457 -1.39545e-05 -0.00254428 -0.000728634
126.638 10.2463 -0.0935724 1.64459 2.23441e-05 -0.00255391 -0.000730097
126.659 10.2452 -0.0936215 1.64461 3.91025e-05 -0.0024842 -0.000731347
126.678 10.244 -0.0936708 1.64462 7.63796e-05 -0.00252467 -0.000731887
126.699 10.2429 -0.09372 1.64463 8.22426e-05 -0.00243527 -0.000731658
126.723 10.2418 -0.0937694 1.64463 0.000102967 -0.00250202 -0.000732336
126.739 10.2407 -0.0938193 1.64463 0.000154345 -0.00243503 -0.000733069
126.76 10.2396 -0.0938696 1.64462 0.000193552 -0.00236847 -0.00073369
126.779 10.2385 -0.0939205 1.64461 0.000225174 -0.00235978 -0.000733371
126.8 10.2375 -0.0939721 1.64459 0.000255996 -0.0023473 -0.000734232
126.82 10.2365 -0.0940245 1.64457 0.00027797 -0.0023118 -0.00073505
126.84 10.2355 -0.0940777 1.64453 0.000288256 -0.00226891 -0.00073563
126.86 10.2345 -0.0941319 1.64449 0.000287381 -0.00222108 -0.00073738
126.881 10.2336 -0.094187 1.64444 0.000295303 -0.00220336 -0.000737384
126.901 10.2326 -0.0942432 1.64439 0.000303122 -0.00219989 -0.000738459
126.921 10.2317 -0.0943003 1.64433 0.000309736 -0.00218204 -0.000740161
126.941 10.2308 -0.0943586 1.64427 0.000329111 -0.00215977 -0.000741872
126.962 10.23 -0.094418 1.6442 0.000355311 -0.00214111 -0.000744693
126.981 10.2291 -0.0944788 1.64414 0.000403432 -0.00210572 -0.000746994
127.001 10.2283 -0.0945411 1.64407 0.000475203 -0.00206097 -0.000751731
127.026 10.2275 -0.0946051 1.64401 0.000546731 -0.0020422 -0.00075168
127.042 10.2268 -0.0946712 1.64395 0.000631478 -0.00203086 -0.000752774
127.063 10.226 -0.0947396 1.64388 0.000735955 -0.00201736 -0.000754713
127.083 10.2253 -0.0948108 1.64382 0.000843479 -0.00202033 -0.000756885
127.102 10.2246 -0.0948849 1.64376 0.000931327 -0.00202448 -0.000761625
127.124 10.2239 -0.0949624 1.64371 0.00100914 -0.00201002 -0.000763772
127.142 10.2232 -0.0950436 1.64366 0.00108011 -0.00200639 -0.000765488
127.166 10.2226 -0.0951287 1.64361 0.00114344 -0.00201898 -0.000763875
127.183 10.222 -0.095218 1.64357 0.00119363 -0.0019948 -0.00076408
127.203 10.2214 -0.0953116 1.64352 0.00122543 -0.00197087 -0.000765281
127.224 10.2208 -0.0954096 1.64348 0.00124169 -0.00197569 -0.000766617
127.244 10.2202 -0.0955122 1.64344 0.0012696 -0.00197607 -0.000766937
127.264 10.2197 -0.0956195 1.64341 0.00129325 -0.00196605 -0.000765891
127.284 10.2192 -0.0957314 1.64337 0.00130543 -0.00196628 -0.000765607
127.304 10.2187 -0.0958482 1.64334 0.00133043 -0.00195656 -0.000764911
127.327 10.2182 -0.0959699 1.64331 0.00135765 -0.00194588 -0.000761005
127.345 10.2178 -0.0960964 1.64328 0.00137211 -0.00195749 -0.00076459
127.367 10.2173 -0.0962279 1.64325 0.00138106 -0.0019425 -0.000766383
127.385 10.2169 -0.0963643 1.64323 0.00138089 -0.00191124 -0.000765986
127.405 10.2166 -0.0965056 1.64321 0.00137113 -0.00189534 -0.000765275
127.426 10.2162 -0.096652 1.64319 0.00137488 -0.0018715 -0.000765713
127.445 10.2159 -0.0968032 1.64317 0.00137652 -0.00186694 -0.000766136
127.467 10.2155 -0.0969594 1.64316 0.0013722 -0.00189059 -0.000766285
127.486 10.2152 -0.0971205 1.64315 0.00137359 -0.00182388 -0.000766702
127.506 10.2149 -0.0972865 1.64314 0.00138183 -0.00177122 -0.00076762
127.53 10.2147 -0.0974574 1.64315 0.00139781 -0.00174892 -0.000769372
127.546 10.2145 -0.0976334 1.64315 0.00142821 -0.00164878 -0.000769052
127.567 10.2142 -0.0978145 1.64316 0.00147314 -0.00165929 -0.000768956
127.587 10.214 -0.0980007 1.64316 0.00149233 -0.00169616 -0.000769672
127.607 10.2138 -0.0981917 1.64318 0.00145977 -0.00158954 -0.000769609
127.629 10.2137 -0.0983879 1.64319 0.00142252 -0.00168447 -0.000768923
127.647 10.2135 -0.0985891 1.64321 0.00140595 -0.00155004 -0.000769089
127.668 10.2133 -0.0987951 1.64323 0.00137262 -0.00154207 -0.00076861
127.688 10.2132 -0.0990057 1.64325 0.00131592 -0.00155349 -0.000767963
127.708 10.2131 -0.0992207 1.64327 0.00124863 -0.00154044 -0.000767567
127.73 10.213 -0.0994399 1.64328 0.00118716 -0.00152839 -0.000766376
127.749 10.2129 -0.0996632 1.64329 0.00113556 -0.00152686 -0.000765977
127.769 10.2128 -0.0998903 1.6433 0.00110906 -0.00158889 -0.000766309
127.789 10.2128 -0.100121 1.64331 0.00110603 -0.00144658 -0.00076686
127.809 10.2127 -0.100356 1.64332 0.0011272 -0.00146719 -0.000765889
127.833 10.2127 -0.100594 1.64334 0.00118398 -0.001505 -0.000765346
127.849 10.2127 -0.100837 1.64336 0.00123283 -0.00151261 -0.000765817
127.872 10.2127 -0.101083 1.64338 0.00127623 -0.001479 -0.000766542
127.89 10.2127 -0.101333 1.6434 0.00130374 -0.00145671 -0.000767343
127.91 10.2128 -0.101588 1.64343 0.00132016 -0.00145228 -0.000765153
127.932 10.2128 -0.101847 1.64345 0.00134026 -0.0014459 -0.000764517
127.95 10.2129 -0.102111 1.64347 0.00136722 -0.00143604 -0.000764844
127.971 10.213 -0.102379 1.64348 0.00140065 -0.00142634 -0.000765457
127.991 10.2131 -0.102652 1.6435 0.00148141 -0.00141719 -0.00076651
128.011 10.2132 -0.10293 1.64351 0.00165163 -0.00141905 -0.000768166
128.036 10.2133 -0.103215 1.64353 0.00189416 -0.00139944 -0.000769554
128.052 10.2134 -0.103506 1.64354 0.00213046 -0.00135459 -0.000769493
128.073 10.2135 -0.103805 1.64356 0.00240048 -0.00135113 -0.000770745
128.092 10.2137 -0.104112 1.64358 0.00264074 -0.00133812 -0.000770938
128.112 10.2138 -0.104428 1.6436 0.00285124 -0.00134267 -0.000772385
128.136 10.214 -0.104754 1.64362 0.0030442 -0.00136899 -0.000774599
128.152 10.2141 -0.105091 1.64364 0.00320736 -0.00138355 -0.000776048
128.173 10.2143 -0.105439 1.64366 0.00333113 -0.00140275 -0.00077705
128.193 10.2145 -0.105799 1.64367 0.00342926 -0.00142906 -0.0007773
128.213 10.2146 -0.106171 1.64368 0.00351388 -0.00144048 -0.000774646
128.236 10.2148 -0.106556 1.64369 0.00357051 -0.00144172 -0.00077315
128.253 10.215 -0.106953 1.64369 0.00360251 -0.00144449 -0.000771712
128.275 10.2152 -0.107363 1.6437 0.00364018 -0.00142396 -0.000771492
128.294 10.2154 -0.107786 1.64371 0.00367138 -0.00140856 -0.0007719
128.314 10.2156 -0.108221 1.64372 0.00368366 -0.00141605 -0.000772564
128.339 10.2158 -0.10867 1.64372 0.00369853 -0.00141277 -0.000773344
128.355 10.216 -0.109132 1.64373 0.00372745 -0.00138225 -0.000773211
128.376 10.2162 -0.109607 1.64374 0.00375661 -0.00134413 -0.000773399
128.395 10.2164 -0.110095 1.64375 0.0037693 -0.00132693 -0.000774203
128.416 10.2167 -0.110596 1.64375 0.00375593 -0.00133964 -0.000775246
128.437 10.2169 -0.111111 1.64376 0.0037124 -0.00136494 -0.000776367
128.456 10.2171 -0.111637 1.64377 0.00366744 -0.00137242 -0.000773557
128.477 10.2174 -0.112177 1.64377 0.00362255 -0.00137142 -0.000771828
128.496 10.2176 -0.112729 1.64378 0.00356414 -0.00138788 -0.000770029
128.516 10.2179 -0.113293 1.64378 0.00350577 -0.00139416 -0.000769754
128.54 10.2182 -0.113869 1.64379 0.00344465 -0.00140081 -0.000770202
128.557 10.2184 -0.114457 1.64379 0.00337507 -0.00141565 -0.000769667
128.579 10.2187 -0.115056 1.6438 0.00334211 -0.00128786 -0.000769891
128.597 10.219 -0.115666 1.64381 0.00327377 -0.00129515 -0.000771287
128.618 10.2193 -0.116287 1.64382 0.0032061 -0.00129568 -0.00077311
128.639 10.2196 -0.116918 1.64384 0.00306345 -0.001279 -0.000775543
128.658 10.2198 -0.117559 1.64387 0.00296489 -0.00130084 -0.000777517
128.681 10.2201 -0.11821 1.64389 0.00288628 -0.00128406 -0.000777365
128.698 10.2204 -0.11887 1.64392 0.0027907 -0.001335 -0.000778537
128.718 10.2207 -0.11954 1.64396 0.00279698 -0.00120296 -0.000780098
128.742 10.2209 -0.120218 1.64399 0.00286603 -0.00118353 -0.000782075
128.759 10.2212 -0.120906 1.64403 0.00299295 -0.00120075 -0.000782643
128.779 10.2215 -0.121604 1.64407 0.00314555 -0.00113085 -0.000784475
128.799 10.2218 -0.122312 1.64411 0.00330285 -0.00114106 -0.000784401
128.819 10.2221 -0.12303 1.64415 0.00337931 -0.00113169 -0.000785385
128.841 10.2224 -0.123758 1.64419 0.00342106 -0.00118522 -0.00078635
128.86 10.2227 -0.124498 1.64423 0.00345393 -0.00107028 -0.00078498
128.882 10.223 -0.125249 1.64427 0.00344164 -0.00115541 -0.000785518
128.9 10.2233 -0.12601 1.64432 0.00345573 -0.00117243 -0.000787103
128.92 10.2236 -0.126784 1.64436 0.00352606 -0.00123825 -0.000787743
128.944 10.2239 -0.127568 1.64441 0.00360868 -0.00113647 -0.000788614
128.963 10.2242 -0.128364 1.64446 0.00367987 -0.00114093 -0.000790066
128.984 10.2245 -0.129172 1.64451 0.00370199 -0.00117313 -0.000791732
129.002 10.2248 -0.129992 1.64455 0.00378419 -0.00119415 -0.000794235
129.023 10.2251 -0.130825 1.6446 0.00402409 -0.00120311 -0.000796578
129.047 10.2254 -0.131672 1.64465 0.00435531 -0.00120281 -0.000796614
129.063 10.2257 -0.132533 1.64469 0.00470395 -0.00119449 -0.000799511
129.084 10.2259 -0.133409 1.64474 0.00502842 -0.00117787 -0.00080176
129.104 10.2262 -0.134303 1.64478 0.00531604 -0.00115168 -0.000802378
129.123 10.2265 -0.135214 1.64482 0.00557691 -0.00115439 -0.00080391
129.147 10.2268 -0.136144 1.64485 0.00578856 -0.00116531 -0.000806997
129.164 10.2271 -0.137093 1.64488 0.00594587 -0.00116153 -0.000808418
129.186 10.2273 -0.138062 1.64492 0.00606737 -0.00115671 -0.000808703
129.204 10.2276 -0.139051 1.64494 0.00616207 -0.00116229 -0.00080771
129.225 10.2279 -0.140062 1.64497 0.00621322 -0.00117228 -0.000810227
129.247 10.2282 -0.141093 1.64499 0.00625077 -0.00118836 -0.000811584
129.265 10.2284 -0.142145 1.64501 0.00629015 -0.00120984 -0.000812532
129.286 10.2287 -0.143218 1.64503 0.00629313 -0.00124164 -0.000813901
129.305 10.229 -0.144313 1.64504 0.00624255 -0.00126799 -0.000816712
129.325 10.2292 -0.145427 1.64505 0.00615042 -0.00129372 -0.000820067
129.349 10.2295 -0.146563 1.64506 0.00604593 -0.00130731 -0.000821355
129.365 10.2298 -0.147718 1.64506 0.00593619 -0.00130058 -0.000822636
129.386 10.23 -0.148892 1.64507 0.00581105 -0.00129122 -0.000825151
129.406 10.2303 -0.150086 1.64508 0.00567259 -0.00128281 -0.000826655
129.426 10.2305 -0.151297 1.64508 0.00552168 -0.00127577 -0.000829189
129.446 10.2308 -0.152527 1.64508 0.00536559 -0.00126237 -0.000829577
129.466 10.2311 -0.153773 1.64508 0.00522902 -0.00124816 -0.000830699
129.488 10.2313 -0.155036 1.64509 0.00510227 -0.00124137 -0.000833783
129.506 10.2316 -0.156315 1.64509 0.00496926 -0.00124429 -0.000834142
129.527 10.2318 -0.157609 1.64509 0.00484901 -0.0012244 -0.000833661
129.547 10.232 -0.158919 1.64509 0.00474386 -0.00120137 -0.000832938
129.567 10.2323 -0.160242 1.64508 0.00464528 -0.00120083 -0.000834367
129.588 10.2325 -0.161579 1.64508 0.00452649 -0.00121161 -0.000837332
129.607 10.2328 -0.16293 1.64507 0.00438479 -0.00123909 -0.000839561
129.627 10.233 -0.164293 1.64506 0.00423898 -0.00125939 -0.00084222
129.648 10.2333 -0.165669 1.64506 0.00413428 -0.00123992 -0.000842311
129.668 10.2335 -0.167057 1.64506 0.00412865 -0.00116228 -0.000844301
129.688 10.2337 -0.168457 1.64505 0.00417119 -0.00126285 -0.000845294
129.708 10.234 -0.169869 1.64505 0.00411829 -0.00127959 -0.000847722
129.728 10.2342 -0.171291 1.64506 0.00399119 -0.00113233 -0.000850625
129.748 10.2344 -0.172725 1.64507 0.00382085 -0.00122564 -0.000852556
129.768 10.2346 -0.174168 1.64508 0.00361176 -0.00110267 -0.000853258
129.789 10.2348 -0.175621 1.64511 0.0034067 -0.00120643 -0.000853155
129.809 10.235 -0.177083 1.64513 0.00320433 -0.00115142 -0.000852903
129.829 10.2352 -0.178552 1.64516 0.00301449 -0.00126749 -0.00085342
129.85 10.2354 -0.180029 1.64519 0.00290951 -0.00124379 -0.000853583
129.869 10.2356 -0.181513 1.64523 0.00286469 -0.00120142 -0.000855503
129.89 10.2358 -0.183004 1.64527 0.00297616 -0.00121242 -0.00085777
129.91 10.236 -0.184503 1.64531 0.00317869 -0.00114896 -0.000860577
129.93 10.2362 -0.18601 1.64535 0.00336752 -0.00129816 -0.000863718
129.951 10.2363 -0.187524 1.64539 0.00356878 -0.00127307 -0.000866931
129.97 10.2365 -0.189048 1.64543 0.00373696 -0.00118923 -0.000865708
129.992 10.2367 -0.190581 1.64547 0.00386672 -0.00111424 -0.000866671
130.011 10.2369 -0.192125 1.64551 0.00400609 -0.00121622 -0.000866686
130.031 10.237 -0.193681 1.64556 0.00441839 -0.00121507 -0.000869243
130.051 10.2372 -0.19525 1.6456 0.00506228 -0.00119026 -0.00086818
130.071 10.2373 -0.196835 1.64564 0.00578357 -0.00118915 -0.000868847
130.091 10.2374 -0.198438 1.64568 0.0065221 -0.00124665 -0.000869037
130.112 10.2375 -0.200061 1.64571 0.00721758 -0.00124668 -0.000866473
130.131 10.2377 -0.201706 1.64574 0.00788114 -0.00119136 -0.00086724
130.154 10.2378 -0.203377 1.64577 0.00843234 -0.00137653 -0.00086945
130.172 10.2379 -0.205074 1.6458 0.00889024 -0.00128449 -0.000869336
130.195 10.238 -0.206801 1.64582 0.00928893 -0.0012837 -0.000871056
130.212 10.238 -0.208558 1.64585 0.00963969 -0.00116877 -0.000873972
130.232 10.2381 -0.210346 1.64588 0.00986636 -0.00121266 -0.000875569
130.257 10.2382 -0.212167 1.64591 0.00997838 -0.00127915 -0.000875406
130.273 10.2383 -0.214021 1.64594 0.010073 -0.00115154 -0.000874073
130.294 10.2383 -0.215908 1.64597 0.0101012 -0.00127552 -0.000873115
130.313 10.2384 -0.217827 1.646 0.0100069 -0.00130758 -0.00087321
130.334 10.2385 -0.21978 1.64602 0.00987073 -0.00127654 -0.000875329
130.356 10.2385 -0.221764 1.64604 0.00970572 -0.00120158 -0.000876642
130.374 10.2386 -0.22378 1.64606 0.00949609 -0.0013622 -0.000879257
130.396 10.2387 -0.225826 1.64607 0.00929123 -0.00129838 -0.000879947
130.414 10.2387 -0.227903 1.64609 0.00911609 -0.00127586 -0.000880016
130.435 10.2387 -0.230008 1.6461 0.00897346 -0.00123082 -0.000879581
130.456 10.2388 -0.232143 1.64611 0.00893154 -0.00121122 -0.000880994
130.475 10.2388 -0.234306 1.64612 0.00893311 -0.00123035 -0.000879679
130.498 10.2389 -0.236496 1.64613 0.0088791 -0.00113782 -0.000878043
130.515 10.2389 -0.238714 1.64613 0.00872756 -0.00128957 -0.000878988
130.535 10.239 -0.240958 1.64613 0.00845616 -0.00128758 -0.00087645
130.559 10.239 -0.243227 1.64614 0.00813646 -0.00124812 -0.000877452
130.576 10.239 -0.245521 1.64614 0.00778594 -0.00120488 -0.000873917
130.596 10.239 -0.247838 1.64614 0.00756469 -0.00123841 -0.000875578
130.616 10.239 -0.250179 1.64613 0.00746118 -0.00134642 -0.000877859
130.636 10.2391 -0.252541 1.64612 0.00741872 -0.0013302 -0.000876934
130.658 10.2391 -0.254925 1.64612 0.00739781 -0.001297 -0.000874837
130.677 10.2391 -0.257329 1.64612 0.00719831 -0.00125582 -0.000873826
130.697 10.2391 -0.259753 1.64611 0.00687407 -0.00126543 -0.000871631
130.717 10.2391 -0.262195 1.64611 0.00652286 -0.0013007 -0.000869947
130.737 10.2391 -0.264656 1.64611 0.00620229 -0.00134 -0.000870557
130.758 10.2391 -0.267133 1.6461 0.00587388 -0.00134763 -0.00086929
130.777 10.2391 -0.269624 1.64609 0.00547381 -0.0013478 -0.000867759
130.798 10.2391 -0.272129 1.64609 0.0050414 -0.00135111 -0.000865262
130.818 10.2391 -0.274645 1.64608 0.00462672 -0.00134425 -0.000862622
130.838 10.2391 -0.277172 1.64607 0.00431634 -0.0012835 -0.000863368
130.861 10.239 -0.279709 1.64606 0.00430117 -0.00136432 -0.000864598
130.879 10.239 -0.282257 1.64605 0.00460133 -0.00145062 -0.000864593
130.9 10.239 -0.284815 1.64605 0.00503515 -0.00134363 -0.000863273
130.919 10.239 -0.287384 1.64605 0.00527251 -0.0013482 -0.000862991
130.94 10.2389 -0.289964 1.64605 0.00529988 -0.00138492 -0.000863973
130.96 10.2389 -0.292556 1.64605 0.00521807 -0.00137892 -0.000864842
130.98 10.2389 -0.29516 1.64605 0.00509643 -0.00136618 -0.000863257
131.001 10.2388 -0.297774 1.64604 0.00493804 -0.00130754 -0.000861236
131.021 10.2388 -0.300401 1.64604 0.00489649 -0.00131847 -0.000863002
131.041 10.2388 -0.303041 1.64604 0.0052735 -0.00136157 -0.000865088
131.062 10.2387 -0.305695 1.64604 0.00600288 -0.00135999 -0.000865194
131.082 10.2386 -0.308365 1.64605 0.00690043 -0.00141186 -0.000867001
131.103 10.2386 -0.311054 1.64605 0.00785105 -0.00139395 -0.000864876
131.122 10.2385 -0.313765 1.64606 0.00877063 -0.00125029 -0.000862812
131.142 10.2384 -0.316501 1.64606 0.00965578 -0.00137411 -0.000863402
131.164 10.2384 -0.319266 1.64606 0.0104554 -0.00126196 -0.000863934
131.182 10.2383 -0.322062 1.64607 0.0111309 -0.00137277 -0.00086918
131.203 10.2382 -0.324892 1.64607 0.0116717 -0.00135262 -0.000871017
131.222 10.2381 -0.327758 1.64607 0.0120961 -0.00129461 -0.000872397
131.242 10.238 -0.330662 1.64607 0.0124157 -0.00129897 -0.000875706
131.263 10.2379 -0.333604 1.64607 0.0126382 -0.00124697 -0.000872865
131.283 10.2378 -0.336585 1.64606 0.0127715 -0.00139954 -0.000875725
131.304 10.2377 -0.339607 1.64605 0.0128257 -0.00136496 -0.000874557
131.323 10.2376 -0.342668 1.64603 0.0127888 -0.00133799 -0.000873554
131.343 10.2375 -0.345769 1.64602 0.0127005 -0.00134494 -0.000872064
131.367 10.2374 -0.34891 1.64601 0.0126443 -0.00135571 -0.000871383
131.383 10.2373 -0.352091 1.64599 0.0125994 -0.0013568 -0.000872035
131.404 10.2372 -0.35531 1.64597 0.0124836 -0.00133958 -0.000871592
131.424 10.2371 -0.358567 1.64595 0.012299 -0.00133037 -0.000868958
131.444 10.237 -0.361862 1.64592 0.0120863 -0.00131694 -0.000869841
131.467 10.2369 -0.365193 1.6459 0.0118566 -0.00130622 -0.000868138
131.484 10.2368 -0.36856 1.64587 0.0115626 -0.00131034 -0.000866685
131.505 10.2367 -0.37196 1.64584 0.0112177 -0.00131778 -0.000868392
131.524 10.2366 -0.375394 1.64581 0.0108471 -0.00133207 -0.000870301
131.544 10.2365 -0.378858 1.64578 0.010479 -0.00134358 -0.000873549
131.567 10.2363 -0.382353 1.64574 0.010111 -0.00134015 -0.000877246
131.585 10.2362 -0.385876 1.64571 0.00974625 -0.00134763 -0.000876687
131.605 10.2361 -0.389425 1.64567 0.00941291 -0.00135633 -0.000876153
131.625 10.2361 -0.389497 1.64509 0.00845869 -0.00125968 -0.000869322
131.645 10.2361 -0.389545 1.64465 0.00776852 -0.00129138 -0.000819518
131.667 10.2361 -0.389549 1.64454 0.00758221 -0.00129138 -0.000786677
131.686 10.236 -0.389512 1.64469 0.00783243 -0.00129138 -0.000752996
131.708 10.236 -0.389445 1.64504 0.00840348 -0.00129138 -0.000718514
131.728 10.236 -0.389356 1.64553 0.009203 -0.00129138 -0.00068358
131.747 10.236 -0.38925 1.64614 0.0102054 -0.00129138 -0.000650078
131.767 10.236 -0.389128 1.64686 0.0113847 -0.00129139 -0.000618217
131.788 10.2359 -0.388994 1.64767 0.012709 -0.00129139 -0.000587918
131.809 10.2359 -0.388851 1.64855 0.014144 -0.00129139 -0.000559104
131.828 10.2359 -0.388703 1.64948 0.0156597 -0.0012914 -0.000531702
131.848 10.2359 -0.38855 1.65045 0.0172513 -0.0012914 -0.000505644
131.871 10.2359 -0.388394 1.65146 0.0189062 -0.00129141 -0.000480862
131.888 10.2358 -0.388236 1.6525 0.0206032 -0.00129141 -0.000457295
132.048 10.2358 -0.388075 1.65357 0.0223537 -0.00129141 -0.000434882
132.068 10.2358 -0.387914 1.65466 0.0241394 -0.00129142 -0.000413569
132.088 10.2358 -0.387755 1.65576 0.0259351 -0.00129142 -0.000393299
132.109 10.2358 -0.387598 1.65686 0.0277209 -0.00129142 -0.000374024
132.128 10.2358 -0.387446 1.65794 0.029481 -0.00129143 -0.000355693
132.15 10.2358 -0.387301 1.65898 0.031185 -0.00129143 -0.00033826
132.168 10.2358 -0.38713 1.65995 0.0330271 -0.00131993 -0.000377756
132.189 10.2358 -0.387012 1.66084 0.034221 -0.000940934 -0.000451296
132.21 10.2359 -0.386979 1.66161 0.0345266 -0.001112 -0.000451908
132.23 10.2361 -0.387039 1.66226 0.0337857 -0.00124934 -0.000406213
132.251 10.2362 -0.387157 1.66275 0.0323717 -0.00128305 -0.000341805
132.27 10.2365 -0.387287 1.66307 0.0307173 -0.00184973 -0.000326069
132.29 10.2367 -0.387418 1.66324 0.0290631 -0.00224845 -0.000310025
132.313 10.237 -0.387557 1.66326 0.027349 -0.00263477 -0.000294765
132.33 10.2373 -0.387681 1.66315 0.0258231 -0.00291371 -0.000280278
132.353 10.2376 -0.387792 1.66291 0.0244755 -0.00311875 -0.000266517
132.372 10.2379 -0.387844 1.66257 0.0234246 -0.00324367 -0.000428493
132.392 10.2383 -0.387852 1.66214 0.0225027 -0.00305677 -0.000739009
132.416 10.2387 -0.387924 1.66168 0.0211886 -0.00281019 -0.000927736
132.432 10.2391 -0.388016 1.66119 0.0198657 -0.00259006 -0.00102171
132.455 10.2397 -0.388115 1.66068 0.0186837 -0.00230723 -0.00102631
132.473 10.2402 -0.388228 1.66016 0.0175149 -0.00216623 -0.000963286
132.493 10.2409 -0.388352 1.65963 0.0163482 -0.00201424 -0.000841771
132.518 10.2416 -0.388477 1.6591 0.0153409 -0.00175161 -0.000657045
132.533 10.2424 -0.388601 1.65859 0.0144534 -0.00159972 -0.000419798
132.554 10.2433 -0.388726 1.65811 0.01365 -0.001563 -0.000145671
132.573 10.2442 -0.388802 1.65765 0.0127785 -0.00186879 -0.00014994
132.594 10.2451 -0.38887 1.65721 0.0120161 -0.00197783 -0.000145499
132.615 10.2462 -0.388928 1.6568 0.0113866 -0.00211887 -0.000133689
132.634 10.2473 -0.388981 1.65643 0.010791 -0.00213228 -0.000132722
132.656 10.2485 -0.389042 1.6561 0.0100801 -0.00221096 -0.000146299
132.675 10.2497 -0.389092 1.65579 0.00960637 -0.00230429 -0.000110983
132.694 10.2511 -0.389127 1.65551 0.00913036 -0.00235555 -0.000149055
132.715 10.2525 -0.389167 1.65526 0.00858592 -0.00238349 -0.000188133
132.735 10.254 -0.389201 1.65503 0.0081976 -0.00231297 -0.000194735
132.756 10.2555 -0.38923 1.65482 0.00785835 -0.00231141 -0.000197068
132.775 10.2572 -0.389256 1.65463 0.00758506 -0.00256296 -0.000190756
132.795 10.2589 -0.389283 1.65445 0.00726135 -0.00238226 -0.000201422
132.816 10.2608 -0.38931 1.65431 0.0069375 -0.00224229 -0.000210184
132.836 10.2627 -0.389333 1.65418 0.00666613 -0.00268862 -0.0002053
132.858 10.2648 -0.389352 1.65411 0.00640924 -0.00227218 -0.000226135
132.876 10.267 -0.389369 1.65409 0.00611976 -0.00228666 -0.000249939
132.896 10.2694 -0.389371 1.65411 0.00603331 -0.00241874 -0.000248038
132.919 10.2718 -0.389368 1.65416 0.00602668 -0.00222942 -0.000219805
132.936 10.2743 -0.389376 1.65423 0.00590915 -0.00224996 -0.000217956
132.958 10.2769 -0.389379 1.65429 0.00598832 -0.00266743 -0.000170145
132.976 10.2797 -0.38939 1.65437 0.00595296 -0.00262217 -0.000126311
132.997 10.2826 -0.389394 1.65448 0.00544183 -0.00214588 -0.000176494
133.018 10.2856 -0.389421 1.65459 0.00510607 -0.00271473 -0.000215526
133.037 10.2887 -0.389458 1.65472 0.00505521 -0.00280002 -0.000244401
133.058 10.2919 -0.389458 1.65482 0.00506762 -0.00273672 -0.00022254
133.077 10.2952 -0.389462 1.6549 0.00507018 -0.00259438 -0.000192416
133.097 10.2986 -0.389473 1.65496 0.00499663 -0.00250379 -0.00018137
133.122 10.3021 -0.389481 1.65499 0.00499614 -0.00268093 -0.000141249
133.138 10.3057 -0.389487 1.65499 0.00508867 -0.00314692 -8.00608e-05
133.159 10.3095 -0.3895 1.65501 0.00486004 -0.00175127 -6.56977e-05
133.178 10.3134 -0.389526 1.65505 0.00466425 -0.00380764 -7.52375e-05
133.198 10.3175 -0.389567 1.65514 0.00423466 -0.00294652 -6.42399e-05
133.221 10.3219 -0.389606 1.65527 0.00393829 -0.00287047 -2.98468e-05
133.239 10.3266 -0.389639 1.65541 0.00367243 -0.00254113 1.88248e-06
133.259 10.3311 -0.38911 1.65542 0.0038364 -0.00393758 -0.00254139
133.278 10.3354 -0.387801 1.65529 0.0043544 -0.00652665 -0.00741155
133.299 10.34 -0.386529 1.65527 0.00595674 -0.00529514 -0.0111377
133.32 10.3449 -0.385296 1.65533 0.00856166 -0.00457713 -0.0145619
133.339 10.3499 -0.384105 1.65544 0.0110189 -0.00474387 -0.0176954
133.36 10.3553 -0.382965 1.65557 0.0130462 -0.00498585 -0.0205437
133.379 10.3608 -0.381881 1.6557 0.0143521 -0.00481732 -0.0231089
133.4 10.3665 -0.380862 1.65584 0.0151418 -0.00398924 -0.0254092
133.421 10.3725 -0.37991 1.65598 0.0155499 -0.00431528 -0.0274837
133.44 10.3787 -0.379028 1.65613 0.0156394 -0.00368041 -0.029309
133.461 10.385 -0.378214 1.65626 0.0153672 -0.00380449 -0.0309236
133.48 10.3915 -0.377469 1.65639 0.0147843 -0.002934 -0.032313
133.501 10.3982 -0.37679 1.65649 0.0140621 -0.00293416 -0.03352
133.523 10.4051 -0.376175 1.65658 0.0132242 -0.00279963 -0.0345322
133.542 10.4121 -0.37562 1.65663 0.0122974 -0.00288223 -0.0353721
133.562 10.4194 -0.375122 1.65666 0.0114104 -0.00227854 -0.0360392
133.582 10.4267 -0.374678 1.65667 0.0105371 -0.00226535 -0.0365516
133.602 10.4342 -0.374282 1.65664 0.00969039 -0.00249423 -0.0369193
133.623 10.4419 -0.373934 1.65659 0.00892282 -0.00246845 -0.0371453
133.642 10.4497 -0.373632 1.65652 0.00826047 -0.00135096 -0.0372357
133.664 10.4577 -0.373369 1.65642 0.00768583 -0.00185295 -0.0372106
133.684 10.4658 -0.373144 1.65633 0.00711788 -0.00196505 -0.0370638
133.704 10.474 -0.372953 1.65623 0.00652324 -0.00204477 -0.036807
133.727 10.4824 -0.372793 1.65614 0.00593237 -0.00194097 -0.0364463
133.744 10.4908 -0.372662 1.65603 0.00536943 -0.0020848 -0.035985
133.765 10.4993 -0.372559 1.65591 0.00486467 -0.00153231 -0.0354365
133.784 10.508 -0.372479 1.65578 0.00439455 -0.00165261 -0.0348091
133.804 10.5166 -0.37242 1.65564 0.00387339 -0.00273588 -0.0341108
133.825 10.5255 -0.372385 1.65551 0.0035696 -0.00166812 -0.033345
133.845 10.5345 -0.37237 1.65539 0.00335653 -0.00136225 -0.0325134
133.867 10.5436 -0.372373 1.65528 0.00319879 -0.00168161 -0.0316315
133.885 10.5528 -0.372394 1.65515 0.00293252 -0.00156698 -0.0306895
133.905 10.5622 -0.372431 1.65501 0.002798 -0.00154121 -0.0297045
133.931 10.5715 -0.372482 1.65487 0.002684 -0.00160732 -0.0286788
133.945 10.581 -0.372544 1.65473 0.00244397 -0.00167666 -0.0276179
133.966 10.5904 -0.372618 1.65458 0.00213482 -0.00166732 -0.0265219
133.986 10.5999 -0.372701 1.65442 0.00179506 -0.00144344 -0.0254022
134.006 10.6094 -0.372793 1.65424 0.00144039 -0.00142913 -0.0242641
134.03 10.619 -0.372891 1.65404 0.00107495 -0.00133554 -0.0231104
134.046 10.6286 -0.372996 1.65384 0.000767011 -0.00124759 -0.0219428
134.067 10.6382 -0.373104 1.65362 0.000465688 -0.00117931 -0.0207698
134.086 10.6479 -0.373216 1.65339 0.000286926 -0.00053684 -0.0195892
134.106 10.6575 -0.373328 1.65315 2.90237e-05 -0.000639793 -0.0184046
134.129 10.6672 -0.37344 1.65291 -0.000303488 -0.000969474 -0.017224
134.147 10.6768 -0.373551 1.65269 -0.000583516 -0.000912209 -0.0160474
134.168 10.6864 -0.37366 1.65246 -0.000885725 -0.00021189 -0.0148769
134.188 10.696 -0.373765 1.65224 -0.0010691 -0.000582907 -0.0137153
134.208 10.7055 -0.373868 1.65202 -0.00103491 -0.000568256 -0.0125659
134.229 10.7151 -0.373965 1.65183 -0.00115048 -0.000243568 -0.0114317
134.249 10.7246 -0.374057 1.65164 -0.00136504 -0.000171503 -0.0103095
134.269 10.7341 -0.374144 1.65145 -0.00150882 3.84149e-05 -0.00920874
134.289 10.7437 -0.374225 1.65126 -0.00162166 0.000247622 -0.00812993
134.309 10.7531 -0.3743 1.65108 -0.00147436 -1.5692e-07 -0.00707435
134.331 10.7625 -0.374368 1.65091 -0.00153984 -1.05835e-05 -0.00604051
134.35 10.7718 -0.374428 1.65074 -0.00169298 0.000216991 -0.00503081
134.371 10.7811 -0.374482 1.65058 -0.00189132 0.000163172 -0.00405054
134.39 10.7904 -0.374527 1.65041 -0.00202341 0.000258422 -0.0030947
134.41 10.7995 -0.374565 1.65024 -0.00205443 0.000183287 -0.0021639
134.432 10.8087 -0.374595 1.65006 -0.00210558 0.00037786 -0.00126204
134.451 10.8178 -0.374616 1.64988 -0.0021469 0.000247145 -0.00039045
134.471 10.8268 -0.374629 1.6497 -0.00217978 0.000100752 0.000452694
134.49 10.8358 -0.374634 1.64953 -0.00209697 0.000244804 0.00126346
134.51 10.8447 -0.374629 1.64935 -0.00210413 0.000242567 0.00204167
134.533 10.8536 -0.374617 1.64917 -0.00207463 0.000185096 0.00279082
134.551 10.8624 -0.374596 1.649 -0.00215376 0.000193354 0.00350666
134.573 10.8711 -0.374567 1.64882 -0.00210268 9.47428e-05 0.00418946
134.591 10.8798 -0.374531 1.64865 -0.00201358 6.05531e-05 0.00484458
134.611 10.8884 -0.374486 1.64848 -0.00197476 0.000236213 0.00546788
134.635 10.8969 -0.374435 1.6483 -0.00180058 -0.000188091 0.00606633
134.651 10.9054 -0.374377 1.64814 -0.00157529 5.43069e-05 0.00662965
134.673 10.9138 -0.374312 1.64799 -0.0015263 0.000194344 0.00715887
134.692 10.9222 -0.374242 1.64784 -0.00134545 6.79759e-05 0.00766126
134.712 10.9304 -0.374167 1.6477 -0.00125134 -8.3889e-05 0.00813481
134.732 10.9386 -0.374087 1.64756 -0.00119918 2.68448e-05 0.00857715
134.752 10.9468 -0.374005 1.64743 -0.000990748 0.000166803 0.00899356
134.773 10.9548 -0.373918 1.64729 -0.000901631 -1.66813e-05 0.00938088
134.792 10.9627 -0.373828 1.64716 -0.000860295 -7.40222e-05 0.00974039
134.812 10.9705 -0.373736 1.64703 -0.000788295 6.56247e-05 0.010074
134.836 10.9783 -0.373642 1.6469 -0.000724409 1.80366e-05 0.0103791
134.853 10.9859 -0.373546 1.64676 -0.000634615 -4.35609e-05 0.0106552
134.874 10.9934 -0.373448 1.64663 -0.000516253 0.000284515 0.0109093
134.893 11.0008 -0.37335 1.6465 -0.000424583 2.18221e-05 0.011137
134.914 11.0081 -0.373252 1.64637 -0.000272522 5.87738e-05 0.0113418
134.938 11.0153 -0.373152 1.64625 -0.000363511 8.27136e-05 0.0115204
134.954 11.0223 -0.373054 1.64615 -0.000250849 0.00026153 0.0116805
134.975 11.0292 -0.372956 1.64605 -0.000159598 -8.3153e-05 0.0118167
134.995 11.036 -0.372858 1.64597 -0.000120968 0.000191311 0.0119314
135.014 11.0426 -0.372763 1.64589 2.59113e-05 -1.35369e-05 0.0120286
135.035 11.0491 -0.372669 1.64582 7.83092e-05 2.59177e-05 0.0121014
135.056 11.0554 -0.372575 1.64575 5.96207e-05 0.000303154 0.0121545
135.077 11.0617 -0.372485 1.64567 0.000137151 8.05195e-05 0.0121986
135.096 11.0678 -0.372396 1.6456 0.000169975 -4.9443e-06 0.0122213
135.116 11.0738 -0.372309 1.64554 0.000202321 7.55974e-05 0.0122282
135.14 11.0796 -0.372225 1.64548 0.000201093 8.33673e-07 0.0122204
135.156 11.0853 -0.372142 1.64542 0.000176692 -0.000147379 0.0121998
135.178 11.0909 -0.372062 1.64536 0.000161357 -9.82632e-05 0.012166
135.196 11.0964 -0.371984 1.64531 0.000173259 -0.000170445 0.0121152
135.217 11.1018 -0.371909 1.64525 0.000163853 -0.000208384 0.012054
135.24 11.107 -0.371835 1.64519 0.000130794 -0.000385758 0.0119794
135.258 11.1121 -0.371763 1.64513 7.26018e-05 -0.000424142 0.0118971
135.278 11.1171 -0.371692 1.64507 1.53802e-05 -0.000450173 0.0118033
135.298 11.122 -0.371623 1.64499 -2.15733e-05 -0.000718316 0.0116985
135.318 11.1267 -0.371556 1.64492 -7.13892e-05 -0.000766161 0.0115833
135.341 11.1314 -0.371489 1.64484 -0.000115587 -0.00106715 0.01146
135.358 11.1359 -0.371423 1.64476 -0.000165544 -0.00111113 0.0113315
135.38 11.1403 -0.371358 1.64468 -0.000195203 -0.00108833 0.0111951
135.398 11.1446 -0.371293 1.6446 -0.000235342 -0.00121117 0.0110517
135.418 11.1488 -0.371229 1.64452 -0.000256631 -0.0014591 0.010904
135.444 11.1529 -0.371165 1.64446 -0.000287223 -0.00134924 0.0107528
135.459 11.1569 -0.371102 1.6444 -0.000315489 -0.00158195 0.0105947
135.48 11.1607 -0.371038 1.64434 -0.000343924 -0.00143082 0.0104354
135.499 11.1645 -0.370974 1.64428 -0.000380767 -0.00169879 0.0102678
135.52 11.1682 -0.370909 1.64424 -0.0004102 -0.00158406 0.0100981
135.542 11.1717 -0.370844 1.6442 -0.000405475 -0.0018062 0.00992789
135.56 11.1751 -0.370779 1.64416 -0.000392032 -0.00178526 0.00975546
135.58 11.1785 -0.370714 1.64412 -0.0003882 -0.00189896 0.00957915
135.6 11.1817 -0.370648 1.64409 -0.000394099 -0.00195405 0.0094025
135.62 11.1849 -0.370581 1.64406 -0.00040864 -0.00204153 0.00922211
135.643 11.1879 -0.370513 1.64403 -0.000452967 -0.00211556 0.00904245
135.66 11.1908 -0.370445 1.64399 -0.000487075 -0.0021433 0.00886365
135.681 11.1937 -0.370376 1.64396 -0.000508719 -0.00220157 0.00868568
135.701 11.1965 -0.370306 1.64392 -0.000519423 -0.00227243 0.00850711
135.721 11.1991 -0.370235 1.64388 -0.000525143 -0.00232527 0.00833007
135.742 11.2017 -0.370163 1.64383 -0.000509732 -0.00244014 0.00815337
135.761 11.2042 -0.370089 1.64378 -0.000535288 -0.00246429 0.00797583
135.782 11.2066 -0.370014 1.64373 -0.000556229 -0.00249498 0.00780171
135.801 11.209 -0.369938 1.64367 -0.000565575 -0.00256132 0.00762976
135.822 11.2112 -0.369861 1.64361 -0.000541205 -0.00257871 0.00746031
135.847 11.2134 -0.369782 1.64356 -0.000562985 -0.00261798 0.0072935
135.862 11.2155 -0.369702 1.64351 -0.000581612 -0.00275104 0.00713085
135.884 11.2175 -0.36962 1.64346 -0.000588566 -0.00281867 0.00696612
135.903 11.2194 -0.369537 1.64341 -0.000589309 -0.00292539 0.00680824
135.923 11.2212 -0.369452 1.64336 -0.000613666 -0.00293557 0.00665141
135.944 11.223 -0.369366 1.6433 -0.000606169 -0.00303159 0.00649313
135.964 11.2247 -0.369278 1.64326 -0.000652176 -0.00305129 0.006339
135.986 11.2263 -0.369188 1.64322 -0.000643918 -0.00308947 0.00618813
136.005 11.2278 -0.369097 1.64318 -0.000618713 -0.00310637 0.00604035
136.024 11.2293 -0.369004 1.64316 -0.000571333 -0.00317578 0.0058962
136.048 11.2307 -0.36891 1.64313 -0.000528259 -0.00308579 0.00575373
136.065 11.2321 -0.368813 1.64311 -0.000536526 -0.00321587 0.00561287
136.086 11.2334 -0.368716 1.64309 -0.000565583 -0.0032038 0.00547633
136.105 11.2346 -0.368616 1.64308 -0.000579505 -0.00331239 0.00534443
136.125 11.2358 -0.368515 1.64308 -0.000558763 -0.00326852 0.00521129
136.147 11.2369 -0.368413 1.64307 -0.000540883 -0.00333845 0.00508249
136.166 11.2379 -0.368309 1.64307 -0.00055016 -0.00331708 0.00495727
136.188 11.2389 -0.368203 1.64306 -0.000550705 -0.00330395 0.00483484
136.206 11.2399 -0.368096 1.64306 -0.000513625 -0.00322551 0.00471761
136.226 11.2408 -0.367987 1.64305 -0.000589705 -0.00353145 0.00460609
136.247 11.2417 -0.367877 1.64306 -0.000533065 -0.00334049 0.00449582
136.267 11.2425 -0.367765 1.64308 -0.000493169 -0.00351128 0.00438788
136.289 11.2433 -0.367651 1.64312 -0.000505245 -0.00335582 0.00428399
136.307 11.2441 -0.367536 1.64316 -0.000547998 -0.00342225 0.00418323
136.327 11.2448 -0.367419 1.6432 -0.000583052 -0.00353619 0.00407792
136.348 11.2456 -0.3673 1.64324 -0.000608658 -0.00359337 0.00398072
136.368 11.2463 -0.367179 1.64328 -0.000639438 -0.00361527 0.00389441
136.389 11.247 -0.367057 1.64331 -0.000679643 -0.00363208 0.00380706
136.408 11.2477 -0.366932 1.64334 -0.000716921 -0.00364142 0.0037202
136.428 11.2484 -0.366804 1.64336 -0.000746428 -0.00363282 0.00363369
136.454 11.249 -0.366675 1.64338 -0.000770489 -0.00363236 0.00355058
136.469 11.2497 -0.366543 1.6434 -0.000781587 -0.00363013 0.00347262
136.49 11.2503 -0.366408 1.64341 -0.000781135 -0.00361713 0.00339929
136.509 11.2509 -0.366271 1.64341 -0.000769631 -0.00361456 0.00332921
136.53 11.2514 -0.366131 1.64342 -0.000737074 -0.00361033 0.00326362
136.552 11.252 -0.36599 1.64342 -0.000691882 -0.00359793 0.00319517
136.57 11.2525 -0.365846 1.64343 -0.000604722 -0.0035848 0.00319202
136.593 11.253 -0.365703 1.64342 -0.000325048 -0.00347555 0.0032254
136.61 11.2535 -0.365558 1.64341 2.13453e-05 -0.00352795 0.00326816
136.631 11.254 -0.365415 1.6434 0.000294126 -0.00359504 0.00331547
136.652 11.2544 -0.365272 1.64338 0.000435289 -0.00357845 0.00336738
136.671 11.2548 -0.36513 1.64335 0.000394923 -0.00354146 0.00342288
136.692 11.2552 -0.364989 1.64331 0.000138813 -0.00345779 0.00348382
136.711 11.2555 -0.364848 1.64326 -0.000280338 -0.00346601 0.00354863
136.731 11.2558 -0.364706 1.64322 -0.000895633 -0.00345327 0.0036162
136.752 11.2561 -0.364559 1.64317 -0.00168006 -0.00341136 0.00368682
136.771 11.2564 -0.364406 1.64312 -0.00261229 -0.00325789 0.00376132
136.793 11.2566 -0.364242 1.64306 -0.0037203 -0.00331921 0.00383694
136.812 11.2567 -0.364063 1.64301 -0.00492881 -0.00331646 0.00391501
136.832 11.2568 -0.363865 1.64297 -0.00623964 -0.00327201 0.00399396
136.853 11.2569 -0.363643 1.64292 -0.007628 -0.00326376 0.00407341
136.872 11.257 -0.363391 1.64288 -0.00910283 -0.00321585 0.00415625
136.893 11.257 -0.363104 1.64284 -0.0106013 -0.00314059 0.00423528
136.913 11.2569 -0.362776 1.6428 -0.0121107 -0.00322739 0.00431602
136.933 11.2568 -0.362402 1.64278 -0.0136876 -0.00300348 0.00439154
136.957 11.2567 -0.361975 1.64276 -0.0153242 -0.00311225 0.00447026
136.973 11.2565 -0.361489 1.64275 -0.0170069 -0.00329846 0.00455197
136.997 11.2562 -0.360938 1.64276 -0.0186777 -0.00318253 0.00462989
137.013 11.2559 -0.360316 1.64277 -0.0202725 -0.00308165 0.00470339
137.034 11.2556 -0.359617 1.64279 -0.0217732 -0.00295953 0.00477551
137.057 11.2552 -0.358835 1.64281 -0.0233009 -0.0031495 0.0048508
137.074 11.2547 -0.357963 1.64285 -0.0249544 -0.00318717 0.00491847
137.095 11.2542 -0.356996 1.6429 -0.0266538 -0.00304203 0.00498498
137.115 11.2536 -0.355928 1.64296 -0.0282969 -0.00325707 0.00505854
137.135 11.2529 -0.354752 1.64303 -0.0299475 -0.00319709 0.00512283
137.156 11.2522 -0.353463 1.64312 -0.0315254 -0.00316928 0.00518449
137.175 11.2514 -0.352055 1.64321 -0.03301 -0.00323814 0.00524906
137.195 11.2506 -0.350524 1.64332 -0.0343431 -0.00319078 0.00530625
137.216 11.2497 -0.348863 1.64342 -0.0356104 -0.00318689 0.00536286
137.235 11.2487 -0.347066 1.64354 -0.0371176 -0.00293306 0.00539586
137.257 11.2476 -0.345121 1.64369 -0.0399211 -0.00332935 0.00542609
137.276 11.2464 -0.343018 1.64388 -0.0438732 -0.00323227 0.0054235
137.297 11.2451 -0.340746 1.64411 -0.0481717 -0.0028833 0.00540714
137.316 11.2437 -0.338292 1.64436 -0.0522558 -0.00303092 0.00541431
137.336 11.2423 -0.335645 1.64463 -0.0557581 -0.00289923 0.00541235
137.357 11.2407 -0.332792 1.6449 -0.0585362 -0.00288916 0.0054143
137.377 11.2391 -0.329724 1.64517 -0.0604847 -0.00297618 0.00542851
137.398 11.2374 -0.326434 1.64544 -0.0617107 -0.00306912 0.00544246
137.417 11.2357 -0.322917 1.64571 -0.0621663 -0.00312886 0.0054537
137.437 11.2339 -0.319174 1.64596 -0.0616817 -0.00311855 0.00545957
137.459 11.232 -0.315208 1.64621 -0.0602929 -0.00301708 0.0054583
137.478 11.2301 -0.311023 1.64645 -0.0583186 -0.00308931 0.00546532
137.5 11.2281 -0.306625 1.64668 -0.0561592 -0.00315104 0.00546509
137.518 11.2261 -0.302022 1.6469 -0.0540036 -0.00347942 0.00547898
137.538 11.224 -0.297225 1.64713 -0.051338 -0.00331299 0.00546154
137.559 11.2219 -0.292247 1.64734 -0.0480208 -0.0031388 0.00543846
137.578 11.2198 -0.287099 1.64754 -0.0445798 -0.00346744 0.0054338
137.601 11.2176 -0.281792 1.64774 -0.0414128 -0.00354858 0.00541263
137.619 11.2154 -0.276341 1.64793 -0.0381262 -0.00358234 0.00538293
137.639 11.2133 -0.270762 1.64812 -0.034376 -0.00358961 0.00534902
137.663 11.2111 -0.26507 1.64828 -0.0302286 -0.00365849 0.00531208
137.68 11.2089 -0.25928 1.64843 -0.0258166 -0.00383523 0.00527274
137.701 11.2066 -0.253409 1.64856 -0.0213502 -0.00386485 0.00522963
137.72 11.2044 -0.247473 1.64868 -0.0169627 -0.00392784 0.00518209
137.74 11.2022 -0.24149 1.64878 -0.012665 -0.0041532 0.0051295
137.765 11.2001 -0.235477 1.64887 -0.00833006 -0.00397989 0.00506997
137.781 11.1979 -0.229452 1.64895 -0.00390354 -0.0041168 0.00500969
137.802 11.1958 -0.223432 1.64902 0.00050781 -0.00420311 0.00494607
137.821 11.1937 -0.217432 1.64909 0.00474944 -0.00406778 0.00488
137.841 11.1916 -0.21147 1.64914 0.0089097 -0.00419809 0.00480911
137.864 11.1895 -0.205561 1.64919 0.0129078 -0.00437962 0.00473661
137.882 11.1875 -0.19972 1.64924 0.0166957 -0.00417543 0.00466922
137.902 11.1856 -0.193963 1.64927 0.0204282 -0.00421047 0.00459327
137.922 11.1837 -0.188301 1.64928 0.0235211 -0.00449697 0.00451406
137.943 11.1818 -0.182745 1.64927 0.0261034 -0.0044503 0.00444635
137.964 11.18 -0.177311 1.64925 0.0289725 -0.00448586 0.00436669
137.983 11.1782 -0.172009 1.64923 0.0321046 -0.00456389 0.00427936
138.004 11.1765 -0.166851 1.64921 0.0354002 -0.00461357 0.00418754
138.023 11.1749 -0.161851 1.6492 0.0389492 -0.00460383 0.00409472
138.043 11.1733 -0.15702 1.6492 0.0426066 -0.00446571 0.00400563
138.068 11.1718 -0.152372 1.64921 0.0462208 -0.00454568 0.00390873
138.084 11.1704 -0.147918 1.64923 0.0494012 -0.00460776 0.00381669
138.105 11.1691 -0.143669 1.64926 0.0520632 -0.00449198 0.00374028
138.124 11.1678 -0.139632 1.64927 0.0540663 -0.00441364 0.00366598
138.144 11.1666 -0.135817 1.64926 0.0555308 -0.00437435 0.00359413
138.165 11.1654 -0.132227 1.64924 0.0563795 -0.00425067 0.00352641
138.184 11.1643 -0.128866 1.64921 0.0568203 -0.00430028 0.00345105
138.207 11.1632 -0.125735 1.64918 0.0566904 -0.00433928 0.00338269
138.225 11.1623 -0.122832 1.64913 0.0560823 -0.00419219 0.00332732
138.245 11.1613 -0.120155 1.64907 0.0550597 -0.00403114 0.00326806
138.27 11.1604 -0.117698 1.64899 0.0534905 -0.00419334 0.00318513
138.286 11.1595 -0.115454 1.64892 0.0511673 -0.00418277 0.00311819
138.307 11.1587 -0.113415 1.64883 0.0484826 -0.00396379 0.00306174
138.326 11.1578 -0.11157 1.64875 0.0455707 -0.00388034 0.00299478
138.346 11.157 -0.109908 1.64867 0.0423848 -0.00387007 0.00292483
138.366 11.1563 -0.108417 1.64858 0.0392929 -0.0037686 0.00285382
138.387 11.1555 -0.107085 1.64849 0.0361261 -0.00372974 0.00277867
138.407 11.1548 -0.105898 1.6484 0.0330222 -0.003495 0.0027091
138.427 11.1541 -0.104844 1.64831 0.0300396 -0.00363078 0.00262536
138.447 11.1534 -0.103911 1.64821 0.0270349 -0.00349713 0.00255028
138.469 11.1527 -0.103088 1.64812 0.0242019 -0.00343461 0.00247047
138.487 11.152 -0.102362 1.64803 0.0215203 -0.00347466 0.00238836
138.509 11.1514 -0.101725 1.64794 0.0190387 -0.00329385 0.00230863
138.528 11.1508 -0.101165 1.64784 0.0167988 -0.00339796 0.0022224
138.548 11.1501 -0.100674 1.64775 0.0148272 -0.00337587 0.00213794
138.569 11.1495 -0.100242 1.64766 0.0129178 -0.00326856 0.00205441
138.588 11.1489 -0.0998646 1.64758 0.0112315 -0.00327895 0.00197035
138.609 11.1483 -0.0995325 1.6475 0.00968196 -0.00320832 0.00188803
138.629 11.1478 -0.0992401 1.64742 0.00827396 -0.0031889 0.00180456
138.649 11.1472 -0.0989823 1.64735 0.00709532 -0.00319792 0.00172169
138.67 11.1466 -0.0987545 1.64727 0.0061676 -0.00316021 0.00163886
138.69 11.1461 -0.0985522 1.64719 0.00535085 -0.00316561 0.00155593
138.711 11.1455 -0.0983718 1.64711 0.00460248 -0.00313439 0.0014747
138.73 11.145 -0.0982102 1.64704 0.00390042 -0.00314089 0.0013946
138.751 11.1445 -0.098065 1.64696 0.00330568 -0.00323755 0.00131627
138.773 11.1439 -0.0979335 1.64689 0.00277654 -0.00314373 0.00123957
138.791 11.1434 -0.0978137 1.64681 0.00231277 -0.00323394 0.00116458
138.811 11.143 -0.0977038 1.64673 0.00194267 -0.0031739 0.00109302
138.831 11.1425 -0.0976023 1.64667 0.00164756 -0.0031833 0.00101909
138.851 11.142 -0.0975078 1.6466 0.00140929 -0.00326381 0.000946766
138.873 11.1415 -0.0974196 1.64653 0.00120816 -0.00323996 0.000916147
138.892 11.1411 -0.0973369 1.64647 0.00106225 -0.00308217 0.000906201
138.913 11.1407 -0.0972588 1.64641 0.000963669 -0.00311467 0.000899803
138.932 11.1403 -0.0971852 1.64636 0.000939495 -0.00326508 0.000898758
138.952 11.1398 -0.0971158 1.6463 0.000948176 -0.00320372 0.000901808
138.975 11.1395 -0.0970502 1.64626 0.000934971 -0.00317946 0.000909612
138.993 11.1391 -0.0969883 1.64622 0.000893429 -0.00316801 0.000918764
139.014 11.1387 -0.09693 1.64618 0.000836842 -0.003082 0.000932855
139.034 11.1384 -0.0968752 1.64614 0.000782823 -0.00322123 0.000950592
139.053 11.138 -0.0968237 1.6461 0.000744975 -0.00313165 0.000971348
139.075 11.1377 -0.0967753 1.64606 0.000710218 -0.00318375 0.000993739
139.094 11.1374 -0.0967297 1.64603 0.000650031 -0.00313164 0.00101759
139.114 11.1371 -0.0966868 1.64601 0.000589564 -0.00323158 0.00104268
139.134 11.1368 -0.0966464 1.64598 0.000552375 -0.00321015 0.00107048
139.154 11.1365 -0.0966083 1.64596 0.000506718 -0.003171 0.00110081
139.174 11.1363 -0.0965724 1.64594 0.00047147 -0.00307839 0.0011326
139.194 11.136 -0.0965385 1.64593 0.000453496 -0.00318868 0.00116607
139.217 11.1358 -0.0965066 1.64591 0.000446108 -0.0031051 0.00120087
139.235 11.1356 -0.0964765 1.6459 0.000440373 -0.0031167 0.00124002
139.255 11.1353 -0.0964483 1.64588 0.000444811 -0.00321481 0.00127163
139.276 11.1351 -0.0964219 1.64587 0.000452823 -0.00316321 0.0013065
139.295 11.1349 -0.0963973 1.64585 0.000446394 -0.00306144 0.00133754
139.316 11.1347 -0.0963745 1.64583 0.000440232 -0.00322767 0.00137324
139.335 11.1346 -0.0963536 1.64581 0.000454786 -0.00310145 0.00141219
139.355 11.1344 -0.0963346 1.64579 0.000473159 -0.00315923 0.00144958
139.379 11.1342 -0.0963174 1.64577 0.000484236 -0.00307326 0.00148697
139.396 11.1341 -0.096302 1.64576 0.000466905 -0.00310555 0.00151999
139.416 11.134 -0.0962886 1.64574 0.000482932 -0.00313594 0.00155254
139.436 11.1338 -0.0962771 1.64573 0.00047889 -0.00321372 0.00158703
139.457 11.1337 -0.0962674 1.64572 0.000470826 -0.00312817 0.00162327
139.477 11.1336 -0.0962595 1.64571 0.000464128 -0.00323276 0.00165975
139.496 11.1335 -0.0962537 1.6457 0.000482575 -0.00309686 0.00169463
139.517 11.1334 -0.0962497 1.6457 0.000490507 -0.00309521 0.00172919
139.537 11.1334 -0.0962475 1.64569 0.000476439 -0.00312812 0.00176295
139.557 11.1333 -0.0962472 1.64569 0.000482036 -0.00317664 0.00179682
139.58 11.1333 -0.0962485 1.6457 0.000446199 -0.00317757 0.00182904
139.597 11.1332 -0.0962516 1.64571 0.000421517 -0.00314853 0.00186131
139.62 11.1332 -0.0962563 1.64571 0.000397031 -0.00306384 0.00189236
139.638 11.1332 -0.0962625 1.64572 0.000376566 -0.00322531 0.00192307
139.658 11.1332 -0.0962703 1.64573 0.000383729 -0.00318408 0.00195137
139.682 11.1332 -0.0962796 1.64574 0.000373803 -0.00312873 0.00197958
139.699 11.1332 -0.0962902 1.64575 0.00037595 -0.00302818 0.00200785
139.719 11.1332 -0.0963023 1.64577 0.000377914 -0.00306257 0.00203426
139.739 11.1333 -0.0963157 1.64579 0.000376971 -0.00311685 0.00206038
139.759 11.1333 -0.0963306 1.6458 0.000381882 -0.00312417 0.00208545
139.78 11.1334 -0.096347 1.64581 0.000389486 -0.00310298 0.00211016
139.799 11.1334 -0.0963649 1.64582 0.000407067 -0.00308291 0.0021347
139.82 11.1335 -0.0963843 1.64583 0.000431895 -0.00306779 0.00215908
139.84 11.1336 -0.0964053 1.64583 0.000455394 -0.00305963 0.00218054
139.86 11.1337 -0.096428 1.64583 0.000468452 -0.00314929 0.00220165
139.881 11.1338 -0.0964525 1.64583 0.000500532 -0.00299475 0.00222267
139.9 11.1339 -0.0964787 1.64583 0.000504583 -0.00304736 0.00224233
139.923 11.134 -0.0965064 1.64584 0.000453245 -0.00320513 0.00225821
139.941 11.1341 -0.096536 1.64585 0.000436652 -0.00309806 0.0022723
139.961 11.1343 -0.0965674 1.64587 0.000428629 -0.00314475 0.00228725
139.985 11.1344 -0.0966002 1.64589 0.0004182 -0.00305467 0.0023012
140.002 11.1346 -0.0966345 1.64591 0.000395882 -0.00316338 0.00231211
140.023 11.1347 -0.0966699 1.64593 0.000330161 -0.00310952 0.0023249
140.042 11.1349 -0.0967067 1.64596 0.000296981 -0.00312058 0.00233716
140.062 11.1351 -0.0967445 1.64598 0.000267682 -0.00313145 0.00234838
140.086 11.1353 -0.0967832 1.646 0.000232435 -0.00312671 0.00235993
140.102 11.1354 -0.0968226 1.64601 0.000207892 -0.00312169 0.00236561
140.125 11.1356 -0.0968629 1.64602 0.000202548 -0.00310497 0.00237104
140.143 11.1358 -0.0969038 1.64603 0.000206302 -0.00308257 0.00237575
140.163 11.1361 -0.0969454 1.64604 0.000205777 -0.00315171 0.00238092
140.184 11.1363 -0.0969876 1.64606 0.000213148 -0.00300172 0.00238354
140.203 11.1365 -0.0970305 1.64607 0.000216311 -0.00300632 0.00238758
140.226 11.1368 -0.0970739 1.64609 0.000202678 -0.00306262 0.00239132
140.244 11.137 -0.097118 1.64611 0.000186623 -0.00305829 0.00239406
140.264 11.1373 -0.0971626 1.64613 0.000177085 -0.00311088 0.002396
140.285 11.1375 -0.0972073 1.64615 8.85602e-05 -0.00283187 0.00240475
140.306 11.1378 -0.097253 1.64617 0.000125056 -0.00297568 0.00241735
140.328 11.138 -0.0972989 1.6462 0.000134822 -0.00296117 0.0024317
140.346 11.1383 -0.0973451 1.64622 0.000123081 -0.00289013 0.00244791
140.366 11.1385 -0.0973916 1.64624 0.000103152 -0.00285296 0.00246327
140.387 11.1387 -0.0974384 1.64625 9.2182e-05 -0.00283812 0.00247812
140.406 11.1389 -0.0974855 1.64626 9.44579e-05 -0.00283129 0.00249158
140.428 11.1391 -0.097533 1.64626 0.000119172 -0.00283894 0.00250501
140.447 11.1393 -0.0975808 1.64625 0.000152288 -0.00283565 0.00251739
140.467 11.1395 -0.0976291 1.64625 0.000179076 -0.00283039 0.00253147
140.487 11.1397 -0.0976778 1.64624 0.000177522 -0.00283849 0.00254757
140.663 11.1399 -0.0977269 1.64623 0.000158526 -0.00284325 0.00256205
140.68 11.14 -0.0977765 1.64621 0.000137872 -0.00285143 0.00257597
140.7 11.1402 -0.0978265 1.64619 0.000117332 -0.0028533 0.00259009
140.721 11.1403 -0.0978768 1.64617 8.49706e-05 -0.0028577 0.00260295
140.742 11.1405 -0.0979271 1.64615 3.19148e-05 -0.00287625 0.00261522
140.761 11.1406 -0.0979773 1.64613 -2.68544e-05 -0.00288785 0.00262585
140.782 11.1407 -0.0980273 1.6461 -7.54838e-05 -0.00287432 0.00263396
140.801 11.1409 -0.0980769 1.64608 -0.000119558 -0.00287915 0.00264294
140.821 11.141 -0.098126 1.64605 -0.000150406 -0.00288902 0.00265271
140.842 11.1411 -0.0981744 1.64602 -0.000178482 -0.00288544 0.00266317
140.861 11.1412 -0.0982218 1.64599 -0.000217635 -0.00288437 0.00267237
140.884 11.1413 -0.0982684 1.64597 -0.000235231 -0.00286532 0.00268121
140.901 11.1413 -0.0983141 1.64594 -0.00022064 -0.00287155 0.00268808
140.922 11.1414 -0.0983589 1.64592 -0.000197057 -0.00289221 0.00269498
140.944 11.1415 -0.0984029 1.6459 -0.000158419 -0.00288856 0.00270221
140.962 11.1415 -0.0984461 1.64587 -0.000127118 -0.002885 0.00271034
140.983 11.1416 -0.0984886 1.64585 -0.000116409 -0.00289818 0.00271883
141.002 11.1416 -0.0985304 1.64584 -0.000128791 -0.00293099 0.00272561
141.023 11.1417 -0.0985714 1.64582 -0.000153527 -0.00296562 0.00273089
141.045 11.1417 -0.0986117 1.6458 -0.000189152 -0.0029995 0.00273447
141.063 11.1417 -0.0986511 1.64578 -0.000218159 -0.00300392 0.00273907
141.085 11.1417 -0.0986896 1.64576 -0.000245032 -0.00298712 0.00274472
141.104 11.1417 -0.098727 1.64574 -0.000289067 -0.00297869 0.00274971
141.124 11.1417 -0.098763 1.64572 -0.000346232 -0.00297388 0.00275413
141.144 11.1417 -0.0987976 1.64571 -0.000386996 -0.00294485 0.00275087
141.164 11.1417 -0.0988307 1.64569 -0.000419892 -0.00292142 0.00275127
141.185 11.1417 -0.098862 1.64567 -0.000459131 -0.00292231 0.00275383
141.204 11.1417 -0.0988915 1.64565 -0.00049414 -0.0029153 0.00275411
141.224 11.1416 -0.0989191 1.64564 -0.000498015 -0.00290339 0.00275477
141.247 11.1416 -0.0989447 1.64563 -0.000494739 -0.00290718 0.00275637
141.265 11.1415 -0.0989684 1.64562 -0.000485531 -0.00290502 0.00275565
141.285 11.1415 -0.0989902 1.64561 -0.000471527 -0.00289859 0.00275531
141.305 11.1414 -0.09901 1.64561 -0.000462555 -0.00289575 0.00275303
141.325 11.1413 -0.0990279 1.6456 -0.000461209 -0.00289676 0.00275104
141.347 11.1412 -0.099044 1.6456 -0.000462193 -0.00289572 0.00274572
141.366 11.1411 -0.0990583 1.64559 -0.000450739 -0.0028759 0.0027435
141.387 11.141 -0.0990707 1.64558 -0.000449467 -0.00293394 0.00274291
141.406 11.1409 -0.0990814 1.64558 -0.000434169 -0.0028661 0.00273853
141.427 11.1409 -0.0990903 1.64558 -0.000428891 -0.00290337 0.00273778
141.449 11.1408 -0.0990976 1.64559 -0.000412208 -0.00281974 0.00274056
141.467 11.1407 -0.0991033 1.64559 -0.00038967 -0.0029532 0.00274741
141.489 11.1406 -0.0991074 1.6456 -0.000387267 -0.0029826 0.00275665
141.507 11.1405 -0.0991101 1.64561 -0.000369503 -0.00297358 0.00276462
141.527 11.1404 -0.0991113 1.64562 -0.000345364 -0.00298959 0.00277108
141.55 11.1403 -0.0991112 1.64564 -0.000312037 -0.00297427 0.00277771
141.568 11.1402 -0.0991099 1.64566 -0.00028886 -0.00297913 0.00278669
141.588 11.1401 -0.0991074 1.64567 -0.000271587 -0.00300072 0.00279238
141.608 11.14 -0.0991038 1.64568 -0.000255866 -0.00302377 0.00279739
141.628 11.1399 -0.0990992 1.64568 -0.000240854 -0.00304072 0.00280179
141.653 11.1398 -0.0990937 1.64569 -0.000229434 -0.00304232 0.00280677
141.669 11.1397 -0.0990873 1.64569 -0.00021862 -0.00303137 0.00281094
141.689 11.1396 -0.0990801 1.64568 -0.000205455 -0.00301119 0.00281488
141.709 11.1395 -0.0990721 1.64568 -0.000188233 -0.00298617 0.00282093
141.729 11.1394 -0.0990634 1.64567 -0.000177798 -0.00297849 0.0028257
141.751 11.1393 -0.0990539 1.64566 -0.000182126 -0.00299235 0.00283059
141.77 11.1392 -0.0990437 1.64564 -0.000200993 -0.00301536 0.00283658
141.791 11.1391 -0.0990326 1.64563 -0.000231415 -0.00304872 0.00284093
141.81 11.139 -0.0990207 1.64561 -0.000257041 -0.00306928 0.00284587
141.83 11.1389 -0.0990079 1.6456 -0.000265292 -0.00305738 0.00285119
141.853 11.1388 -0.0989941 1.64558 -0.000280052 -0.0030516 0.00285607
141.87 11.1387 -0.0989791 1.64556 -0.000309073 -0.00306164 0.00286269
141.891 11.1386 -0.098963 1.64555 -0.000341882 -0.00307131 0.00286945
141.91 11.1385 -0.0989456 1.64553 -0.000368762 -0.00306697 0.00287494
141.931 11.1384 -0.0989267 1.64551 -0.000405447 -0.00307314 0.00287896
141.953 11.1383 -0.0989064 1.64549 -0.000436308 -0.00306611 0.00288325
141.972 11.1382 -0.0988845 1.64548 -0.000453757 -0.00303304 0.0028877
141.992 11.1381 -0.0988608 1.64546 -0.000482681 -0.00301328 0.00289227
142.011 11.1381 -0.0988352 1.64544 -0.000517935 -0.00308828 0.00289563
142.032 11.138 -0.0988076 1.64543 -0.000570158 -0.00297909 0.00290124
142.053 11.1379 -0.098778 1.64542 -0.000606473 -0.00298539 0.00290736
142.072 11.1378 -0.0987461 1.64541 -0.000620169 -0.00299882 0.00291256
142.093 11.1377 -0.0987121 1.6454 -0.000623373 -0.00301021 0.00291677
142.113 11.1376 -0.0986756 1.6454 -0.000629154 -0.00302954 0.0029187
142.133 11.1375 -0.0986368 1.64539 -0.000631924 -0.00304328 0.0029213
142.153 11.1374 -0.0985957 1.64538 -0.000640154 -0.00306309 0.00292294
142.173 11.1373 -0.0985521 1.64537 -0.000651557 -0.0030845 0.00292516
142.194 11.1373 -0.0985062 1.64537 -0.000656013 -0.00309046 0.00292824
142.213 11.1372 -0.0984579 1.64536 -0.000662563 -0.00309558 0.00293077
142.233 11.1371 -0.0984071 1.64535 -0.000672825 -0.00310262 0.00293292
142.258 11.137 -0.0983538 1.64534 -0.000687015 -0.0031937 0.0029359
142.274 11.1369 -0.0982981 1.64533 -0.000678065 -0.00313507 0.00293884
142.295 11.1368 -0.0982398 1.64532 -0.000690298 -0.00301686 0.00294008
142.314 11.1368 -0.098179 1.64532 -0.000699506 -0.00307353 0.0029425
142.334 11.1367 -0.0981156 1.64532 -0.000709824 -0.00307626 0.00294444
142.356 11.1366 -0.0980497 1.64533 -0.000712933 -0.00309027 0.00294684
142.374 11.1365 -0.0979811 1.64534 -0.000726056 -0.0030787 0.00294888
142.395 11.1365 -0.0979099 1.64536 -0.000742333 -0.0031039 0.00294973
142.415 11.1364 -0.0978361 1.64537 -0.000745941 -0.003111 0.00295061
142.435 11.1363 -0.0977596 1.64539 -0.000737134 -0.00309586 0.00295201
142.458 11.1363 -0.0976805 1.6454 -0.000734481 -0.00308477 0.00295295
142.475 11.1362 -0.0975985 1.64542 -0.000775908 -0.0030995 0.00295476
142.497 11.1361 -0.0975135 1.64543 -0.000861269 -0.00314408 0.00295646
142.516 11.136 -0.0974249 1.64545 -0.00101751 -0.0030625 0.00295557
142.536 11.136 -0.0973324 1.64546 -0.00119275 -0.00308185 0.00295405
142.557 11.1359 -0.0972356 1.64548 -0.00135464 -0.00306096 0.00295113
142.577 11.1359 -0.0971338 1.64551 -0.0015241 -0.00305501 0.00295004
142.599 11.1358 -0.0970265 1.64553 -0.00167006 -0.00305865 0.00294957
142.617 11.1357 -0.0969132 1.64555 -0.00177361 -0.00311912 0.00294885
142.637 11.1357 -0.0967933 1.64557 -0.00188832 -0.00308462 0.0029476
142.662 11.1356 -0.0966664 1.64559 -0.00198857 -0.00299322 0.00294721
142.677 11.1356 -0.0965323 1.64561 -0.00206124 -0.00302912 0.00294739
142.698 11.1355 -0.0963904 1.64563 -0.00214927 -0.00313735 0.00294493
142.717 11.1355 -0.0962406 1.64566 -0.00222711 -0.00301441 0.0029429
142.738 11.1355 -0.0960828 1.64568 -0.0022824 -0.00300994 0.00294212
142.759 11.1354 -0.0959165 1.6457 -0.00232351 -0.00303368 0.00293919
142.778 11.1354 -0.095742 1.64572 -0.00232546 -0.00304662 0.00293606
142.798 11.1354 -0.0955586 1.64574 -0.00237198 -0.00307052 0.00293435
142.818 11.1354 -0.0953665 1.64576 -0.00241105 -0.00300385 0.00293299
142.838 11.1353 -0.0951657 1.64579 -0.00243423 -0.00312632 0.00293128
142.86 11.1353 -0.0949561 1.64581 -0.00245033 -0.00302321 0.00292978
142.88 11.1353 -0.0947375 1.64583 -0.00247582 -0.00308544 0.002929
142.9 11.1353 -0.0945099 1.64586 -0.00249896 -0.00310512 0.00292825
142.92 11.1353 -0.0942733 1.64588 -0.00251537 -0.00311748 0.00292595
142.94 11.1353 -0.0940278 1.6459 -0.00251675 -0.00314205 0.00292442
142.963 11.1352 -0.0937733 1.64591 -0.00248734 -0.00316677 0.00292485
142.98 11.1352 -0.0935102 1.64593 -0.00242866 -0.00324815 0.00292312
143.002 11.1352 -0.0932382 1.64594 -0.00238082 -0.00313848 0.00292068
143.02 11.1352 -0.0929579 1.64595 -0.00233043 -0.00313128 0.00291824
143.041 11.1352 -0.0926692 1.64595 -0.0023007 -0.00312845 0.00291567
143.061 11.1352 -0.0923724 1.64596 -0.0022839 -0.00311513 0.00291407
143.081 11.1352 -0.0920677 1.64595 -0.00225296 -0.00311227 0.00291147
143.102 11.1352 -0.0917553 1.64595 -0.00220373 -0.00308628 0.00290883
143.122 11.1351 -0.0914352 1.64594 -0.00215888 -0.00308809 0.0029071
143.141 11.1351 -0.0911077 1.64593 -0.00212385 -0.00308761 0.00290575
143.163 11.1351 -0.0907729 1.64591 -0.00209274 -0.00308081 0.00290459
143.182 11.1351 -0.0904309 1.64589 -0.00206145 -0.00306825 0.0029027
143.203 11.1351 -0.090082 1.64587 -0.00203352 -0.00305525 0.00290041
143.222 11.1351 -0.0897263 1.64585 -0.00200954 -0.00312581 0.00289905
143.242 11.1351 -0.0893636 1.64583 -0.00201976 -0.00302743 0.00289642
143.263 11.1351 -0.0889941 1.64581 -0.00203928 -0.00305281 0.00289375
143.283 11.135 -0.0886179 1.64579 -0.00204106 -0.00307651 0.00289086
143.304 11.135 -0.0882351 1.64577 -0.00202644 -0.00307652 0.0028909
143.323 11.135 -0.0878456 1.64576 -0.0020054 -0.00306456 0.00288949
143.343 11.135 -0.0874495 1.64574 -0.00198249 -0.0030081 0.00288842
143.368 11.135 -0.087047 1.64572 -0.00195939 -0.00300799 0.00288637
143.383 11.135 -0.0866381 1.64571 -0.00192366 -0.00295441 0.00288506
143.404 11.135 -0.0862229 1.6457 -0.00190286 -0.00296118 0.00288172
143.424 11.135 -0.0858015 1.64569 -0.00189264 -0.00297348 0.00287806
143.444 11.135 -0.0853739 1.64569 -0.00192062 -0.00295684 0.00287459
143.464 11.135 -0.08494 1.64568 -0.00196782 -0.0029374 0.00287175
143.484 11.135 -0.0844994 1.64568 -0.00207085 -0.00294196 0.00286931
143.507 11.135 -0.0840516 1.64568 -0.00226719 -0.00294699 0.00286806
143.524 11.135 -0.0835959 1.64568 -0.00252992 -0.00295315 0.00286762
143.545 11.135 -0.0831316 1.64568 -0.00281203 -0.00295405 0.00286731
143.568 11.135 -0.082658 1.64568 -0.00307595 -0.00292332 0.00286517
143.585 11.135 -0.0821739 1.64568 -0.00331543 -0.00290129 0.00286396
143.607 11.135 -0.0816784 1.64567 -0.0035411 -0.00290694 0.00286347
143.626 11.135 -0.0811708 1.64567 -0.00374993 -0.00290113 0.00286139
143.646 11.135 -0.0806503 1.64567 -0.00393196 -0.0028924 0.0028595
143.667 11.135 -0.0801162 1.64567 -0.00409606 -0.00289556 0.00285853
143.686 11.135 -0.0795679 1.64566 -0.00422956 -0.00289055 0.00285791
143.707 11.135 -0.0790051 1.64565 -0.00431568 -0.0028768 0.00285431
143.727 11.135 -0.0784275 1.64564 -0.0043429 -0.00286128 0.00284976
143.747 11.135 -0.077835 1.64563 -0.00434207 -0.00285435 0.00284538
143.769 11.135 -0.0772274 1.64562 -0.00435269 -0.00287473 0.00284353
143.787 11.135 -0.0766046 1.64561 -0.00437407 -0.00290938 0.00284239
143.808 11.135 -0.0759666 1.6456 -0.00440375 -0.00291741 0.00283959
143.828 11.135 -0.0753134 1.64559 -0.00442745 -0.00291978 0.00283612
143.848 11.135 -0.0746452 1.64558 -0.0044202 -0.00293882 0.00283499
143.869 11.135 -0.0739618 1.64558 -0.00442633 -0.00295355 0.00283416
143.889 11.135 -0.0732631 1.64557 -0.00446596 -0.00297082 0.00283371
143.909 11.135 -0.0725489 1.64556 -0.00454039 -0.00298536 0.00283364
143.929 11.135 -0.0718193 1.64556 -0.00459368 -0.00299437 0.00283182
143.949 11.135 -0.0710744 1.64555 -0.0046063 -0.0029859 0.00283256
143.971 11.135 -0.0703141 1.64554 -0.00456969 -0.00296199 0.00283086
143.989 11.135 -0.0695385 1.64554 -0.00450165 -0.00295689 0.00282831
144.01 11.135 -0.0687476 1.64553 -0.00447396 -0.00295992 0.00282732
144.03 11.135 -0.0679417 1.64553 -0.00444818 -0.00296652 0.00282733
144.05 11.1351 -0.0671213 1.64553 -0.0043783 -0.0029798 0.00282757
144.071 11.1351 -0.0662865 1.64553 -0.00428291 -0.00298342 0.00282724
144.09 11.1351 -0.0654378 1.64553 -0.00416121 -0.00296431 0.00282489
144.115 11.1351 -0.0645757 1.64553 -0.00402151 -0.00294871 0.0028248
144.132 11.1351 -0.0637005 1.64553 -0.00390035 -0.00295657 0.00282434
144.152 11.1351 -0.0628125 1.64553 -0.00382606 -0.00296353 0.0028251
144.178 11.1351 -0.0619126 1.64553 -0.00373662 -0.0029693 0.00282523
144.192 11.1351 -0.0610011 1.64553 -0.00361664 -0.00296845 0.00282572
144.213 11.1351 -0.0600785 1.64553 -0.00349147 -0.00296692 0.00282681
144.233 11.1351 -0.059145 1.64553 -0.00338161 -0.00298534 0.00282806
144.253 11.1351 -0.0582013 1.64554 -0.0032762 -0.00300769 0.00282856
144.274 11.1351 -0.0572479 1.64553 -0.00317187 -0.00302363 0.0028255
144.293 11.1351 -0.056285 1.64553 -0.00307546 -0.00303199 0.00282455
144.314 11.1351 -0.055313 1.64553 -0.00300798 -0.00305537 0.00282445
144.333 11.1352 -0.0543324 1.64553 -0.00295225 -0.00307686 0.00282569
144.354 11.1352 -0.0533432 1.64553 -0.00291435 -0.00307407 0.00282746
144.375 11.1352 -0.0523457 1.64552 -0.00290198 -0.00307407 0.00282814
144.394 11.1352 -0.05134 1.64552 -0.0028911 -0.00305648 0.00282789
144.417 11.1352 -0.0503262 1.64552 -0.00288583 -0.00303649 0.00282737
144.435 11.1352 -0.0493043 1.64552 -0.0028887 -0.00300974 0.00282805
144.455 11.1352 -0.0482738 1.64553 -0.00298041 -0.00296976 0.00282633
144.475 11.1352 -0.0472349 1.64553 -0.003103 -0.00294402 0.00282735
144.495 11.1352 -0.0461865 1.64554 -0.00331844 -0.00294695 0.00283076
144.516 11.1352 -0.0451269 1.64555 -0.00379387 -0.00296319 0.0028338
144.535 11.1352 -0.0440543 1.64557 -0.00452025 -0.00295778 0.00283498
144.555 11.1352 -0.0429666 1.64559 -0.00537675 -0.00296297 0.00283588
144.58 11.1352 -0.0418612 1.64561 -0.00625112 -0.00296053 0.00283719
144.596 11.1353 -0.0407356 1.64563 -0.00698516 -0.00293612 0.00283843
144.616 11.1353 -0.0395875 1.64565 -0.00751366 -0.00293642 0.00284104
144.636 11.1353 -0.0384146 1.64567 -0.00787267 -0.0029332 0.0028443
144.656 11.1353 -0.0372154 1.64569 -0.00810478 -0.00292909 0.00284429
144.677 11.1353 -0.0359889 1.6457 -0.00825301 -0.00294034 0.00284454
144.696 11.1353 -0.0347344 1.64572 -0.00833334 -0.00294843 0.00284484
144.717 11.1353 -0.0334515 1.64573 -0.00838632 -0.00295037 0.00284639
144.737 11.1353 -0.0321402 1.64575 -0.00837751 -0.00296015 0.00284781
144.757 11.1353 -0.0308008 1.64576 -0.00829985 -0.00297389 0.00284863
144.78 11.1353 -0.0294336 1.64578 -0.00815826 -0.00298446 0.00284927
144.797 11.1353 -0.0280393 1.64579 -0.00795366 -0.00299275 0.0028508
144.818 11.1354 -0.0266186 1.6458 -0.00771499 -0.0029919 0.0028506
144.837 11.1354 -0.0251723 1.6458 -0.00747287 -0.00296933 0.00284997
144.857 11.1354 -0.0237014 1.64581 -0.00723797 -0.00294899 0.00284768
144.882 11.1354 -0.0222064 1.64581 -0.0070874 -0.0029422 0.00284781
144.898 11.1354 -0.020688 1.64582 -0.00702624 -0.00294162 0.00284802
144.919 11.1354 -0.019147 1.64583 -0.00695877 -0.00294076 0.0028484
144.938 11.1354 -0.0175839 1.64583 -0.00685506 -0.00295083 0.00284835
144.958 11.1354 -0.0159991 1.64584 -0.00672925 -0.00295126 0.00284674
144.981 11.1354 -0.0143932 1.64585 -0.00659281 -0.00294161 0.00284567
144.998 11.1355 -0.0127667 1.64586 -0.00645693 -0.0029232 0.00284517
145.019 11.1355 -0.0111201 1.64586 -0.00633298 -0.00289896 0.00284496
145.039 11.1355 -0.00945386 1.64586 -0.00622826 -0.00289072 0.00284391
145.059 11.1355 -0.00776826 1.64587 -0.00618804 -0.00288461 0.00284303
145.08 11.1355 -0.00606297 1.64587 -0.00629151 -0.00286603 0.00284221
145.099 11.1355 -0.00433859 1.64588 -0.00638573 -0.00285587 0.00284435
145.123 11.1355 -0.00259539 1.64589 -0.00637244 -0.00287074 0.00284633
145.141 11.1355 -0.000833387 1.64591 -0.00626961 -0.00289603 0.00284597
145.161 11.1356 0.000947227 1.64592 -0.00612545 -0.0029178 0.00284505
145.183 11.1356 0.00274678 1.64593 -0.00609669 -0.00293253 0.00284495
145.201 11.1356 0.00456488 1.64595 -0.00614241 -0.00294209 0.00284361
145.224 11.1356 0.0064007 1.64597 -0.00610887 -0.00296168 0.00284354
145.241 11.1356 0.00825414 1.64599 -0.00601072 -0.00297556 0.00284062
145.261 11.1356 0.0101249 1.64601 -0.00587575 -0.00298962 0.00283805
145.283 11.1357 0.0120125 1.64602 -0.00572868 -0.00300951 0.0028374
145.302 11.1357 0.0139162 1.64604 -0.00553833 -0.00302763 0.00283841
145.322 11.1357 0.0158351 1.64605 -0.005299 -0.0030416 0.00283961
145.342 11.1357 0.0177694 1.64607 -0.00519254 -0.00302642 0.0028404
145.362 11.1357 0.0197184 1.64609 -0.00518432 -0.00300454 0.00284278
145.385 11.1357 0.0216809 1.64611 -0.00508902 -0.00299234 0.00284253
145.403 11.1358 0.0236565 1.64614 -0.00491078 -0.00299441 0.00284365
145.424 11.1358 0.0256446 1.64616 -0.00469472 -0.00300755 0.00284523
145.444 11.1358 0.0276447 1.64617 -0.00447277 -0.00301181 0.00284748
145.464 11.1358 0.0296559 1.64619 -0.00426215 -0.00301489 0.00285019
145.489 11.1358 0.0316774 1.6462 -0.0040731 -0.00302761 0.00285274
145.505 11.1358 0.0337092 1.64622 -0.00404129 -0.00303233 0.00285556
145.526 11.1359 0.0357527 1.64623 -0.00439116 -0.0030305 0.00285621
145.544 11.1359 0.0378085 1.64625 -0.00502325 -0.00301729 0.0028586
145.565 11.1359 0.039878 1.64628 -0.00576441 -0.00301368 0.00286482
145.589 11.1359 0.0419636 1.6463 -0.00651657 -0.00301792 0.00286862
145.605 11.1359 0.044068 1.64632 -0.0072582 -0.00298695 0.00286981
145.626 11.1359 0.0461939 1.64634 -0.00795848 -0.00297684 0.00286932
145.645 11.1359 0.0483436 1.64635 -0.00858773 -0.00298221 0.00287049
145.666 11.136 0.0505196 1.64637 -0.00912396 -0.00296947 0.00287086
145.69 11.136 0.0527236 1.64639 -0.00954842 -0.0029788 0.00287187
145.706 11.136 0.0549573 1.6464 -0.0098553 -0.0029819 0.00287274
145.727 11.136 0.0572217 1.64641 -0.0100679 -0.00297744 0.00287161
145.746 11.136 0.0595179 1.64643 -0.0102101 -0.00298504 0.00286876
145.766 11.136 0.0618463 1.64644 -0.0102926 -0.0029885 0.00286887
145.789 11.1361 0.0642073 1.64645 -0.0103467 -0.00299633 0.00286836
145.808 11.1361 0.0666012 1.64645 -0.0103912 -0.00300709 0.00286899
145.828 11.1361 0.0690276 1.64646 -0.0103584 -0.00301146 0.00286761
145.848 11.1361 0.0714862 1.64647 -0.0102455 -0.00300662 0.002866
145.868 11.1361 0.0739765 1.64648 -0.0100688 -0.00300325 0.00286655
145.891 11.1361 0.0764981 1.64648 -0.00986204 -0.00299795 0.00286638
145.909 11.1362 0.0790507 1.64649 -0.00974113 -0.002979 0.00286343
145.929 11.1362 0.0816333 1.6465 -0.00962869 -0.00296409 0.00286071
145.949 11.1362 0.0842448 1.64651 -0.00945399 -0.0029544 0.00286204
145.969 11.1362 0.0868846 1.64652 -0.00922932 -0.00294033 0.00286176
145.99 11.1362 0.0895518 1.64653 -0.0089694 -0.002933 0.00286121
146.009 11.1362 0.0922455 1.64653 -0.00871218 -0.00291192 0.00286123
146.03 11.1362 0.0949645 1.64654 -0.00843632 -0.00289662 0.00286172
146.05 11.1363 0.0977077 1.64654 -0.00815391 -0.00291131 0.00286086
146.069 11.1363 0.100474 1.64655 -0.00788096 -0.00290872 0.00285807
146.093 11.1363 0.103262 1.64655 -0.00762287 -0.00290074 0.00285566
146.11 11.1363 0.106072 1.64655 -0.00736552 -0.00290001 0.00285338
146.131 11.1363 0.108901 1.64655 -0.0071196 -0.00289507 0.00285209
146.151 11.1364 0.111748 1.64655 -0.00690337 -0.00289533 0.00285005
146.17 11.1364 0.114614 1.64655 -0.00671863 -0.00290096 0.00284951
146.192 11.1364 0.117497 1.64655 -0.00656288 -0.00291774 0.00284889
146.211 11.1364 0.120397 1.64655 -0.00640274 -0.0029401 0.00284808
146.233 11.1364 0.123312 1.64655 -0.00620515 -0.00295574 0.00284768
146.251 11.1364 0.126242 1.64655 -0.00600321 -0.00295221 0.00284297
146.272 11.1365 0.129186 1.64655 -0.00581358 -0.00295872 0.00284131
146.292 11.1365 0.132143 1.64655 -0.00565521 -0.00295991 0.00284077
146.312 11.1365 0.135114 1.64656 -0.0055347 -0.00295844 0.00283774
146.332 11.1365 0.138096 1.64656 -0.00545491 -0.00296656 0.00283648
146.352 11.1366 0.141091 1.64656 -0.0054066 -0.00296631 0.00283606
146.372 11.1366 0.144097 1.64656 -0.00538786 -0.0029671 0.00283657
146.395 11.1366 0.147115 1.64657 -0.00539399 -0.00297918 0.00283536
146.412 11.1366 0.150144 1.64657 -0.00542528 -0.00299471 0.00283131
146.436 11.1366 0.153184 1.64657 -0.00536883 -0.0030097 0.00282992
146.452 11.1367 0.156235 1.64658 -0.00519778 -0.00302336 0.00283107
146.473 11.1367 0.159296 1.64659 -0.00497839 -0.00301889 0.00283302
146.494 11.1367 0.162366 1.64659 -0.0047133 -0.00303101 0.00283204
146.513 11.1367 0.165445 1.64661 -0.00445043 -0.00303794 0.00282936
146.535 11.1367 0.168534 1.64662 -0.00458997 -0.00303145 0.00283173
146.554 11.1368 0.171634 1.64665 -0.0051983 -0.00300703 0.00283274
146.574 11.1368 0.174746 1.64668 -0.00606821 -0.0029949 0.00283592
146.594 11.1368 0.177872 1.64672 -0.00707333 -0.00297808 0.00283726
146.614 11.1368 0.181016 1.64675 -0.00813113 -0.00294218 0.00283761
146.635 11.1368 0.184182 1.64679 -0.00915495 -0.00293515 0.0028378
146.655 11.1369 0.187374 1.64683 -0.0101197 -0.00291827 0.00283732
146.675 11.1369 0.190594 1.64686 -0.010996 -0.00290656 0.00283813
146.697 11.1369 0.193847 1.64689 -0.011791 -0.00291683 0.00283828
146.715 11.1369 0.197135 1.64692 -0.0125266 -0.00290952 0.00283895
146.735 11.1369 0.20046 1.64695 -0.0131502 -0.00290844 0.00283686
146.756 11.137 0.203826 1.64698 -0.0136016 -0.00290653 0.00283715
146.775 11.137 0.207233 1.647 -0.0139059 -0.00289479 0.00283555
146.797 11.137 0.210683 1.64703 -0.014101 -0.00289577 0.00283514
146.816 11.137 0.214176 1.64705 -0.014285 -0.00290112 0.00283424
146.838 11.1371 0.217715 1.64707 -0.0143786 -0.00289865 0.00283301
146.856 11.1371 0.221297 1.64709 -0.0143315 -0.0028951 0.0028332
146.876 11.1371 0.224923 1.64711 -0.0141777 -0.00289586 0.00283516
146.898 11.1371 0.228592 1.64713 -0.0139774 -0.00289892 0.00283598
146.917 11.1372 0.232304 1.64715 -0.013734 -0.00289605 0.00283599
146.939 11.1372 0.236058 1.64716 -0.0134436 -0.0028943 0.00283588
146.958 11.1372 0.239852 1.64718 -0.0131521 -0.00288436 0.00283661
146.979 11.1372 0.243685 1.64719 -0.0128767 -0.00286548 0.0028357
146.999 11.1373 0.247557 1.6472 -0.0127547 -0.00286305 0.00283674
147.018 11.1373 0.251469 1.64722 -0.0129507 -0.00286174 0.00283675
147.04 11.1373 0.255421 1.64724 -0.0134038 -0.00285571 0.00283803
147.059 11.1373 0.259412 1.64726 -0.0137745 -0.00284461 0.00283749
147.079 11.1374 0.263442 1.64729 -0.0138941 -0.00284264 0.00283629
147.099 11.1374 0.267513 1.64732 -0.013794 -0.00277967 0.00283389
147.119 11.1374 0.271623 1.64734 -0.0135042 -0.00290109 0.0028341
147.14 11.1374 0.275772 1.64737 -0.0131568 -0.00284947 0.00282989
147.159 11.1375 0.27996 1.6474 -0.012799 -0.00282107 0.00282697
147.179 11.1375 0.284185 1.64743 -0.0124992 -0.00284499 0.00282456
147.2 11.1375 0.288446 1.64746 -0.0124143 -0.00285203 0.00282701
147.22 11.1375 0.292743 1.6475 -0.0124529 -0.00284276 0.0028289
147.24 11.1376 0.297073 1.64753 -0.0122553 -0.00284526 0.00282811
147.26 11.1376 0.301436 1.64757 -0.0118057 -0.00284968 0.00282747
147.28 11.1376 0.30583 1.6476 -0.0112028 -0.00286098 0.00282842
147.303 11.1376 0.310253 1.64764 -0.0105426 -0.00288338 0.00283246
147.321 11.1377 0.314703 1.64767 -0.00988124 -0.00290945 0.00283098
147.341 11.1377 0.319178 1.6477 -0.00925448 -0.00288404 0.00282897
147.361 11.1377 0.323676 1.64774 -0.00891651 -0.00287358 0.00282705
147.381 11.1377 0.328195 1.64778 -0.00856731 -0.00287896 0.00282884
147.402 11.1378 0.332732 1.64783 -0.00809341 -0.00293112 0.00282935
147.421 11.1378 0.337285 1.64787 -0.00754842 -0.00290295 0.00282863
147.443 11.1378 0.341854 1.64791 -0.00706529 -0.00276246 0.00282449
147.462 11.1378 0.346436 1.64794 -0.00668966 -0.00290954 0.00282266
147.482 11.1378 0.35103 1.64798 -0.00639947 -0.0028326 0.00282151
147.502 11.1379 0.355634 1.64801 -0.00605204 -0.00272747 0.00281902
147.523 11.1379 0.360246 1.64804 -0.00570413 -0.00285099 0.00282008
147.543 11.1379 0.364869 1.64808 -0.00580528 -0.00274585 0.00282185
147.562 11.1379 0.369504 1.64813 -0.00651812 -0.00268712 0.00282224
147.583 11.1379 0.374151 1.64818 -0.00755779 -0.00268061 0.00283001
147.607 11.1379 0.378813 1.64823 -0.00871281 -0.00267374 0.0028321
147.623 11.1379 0.383495 1.64827 -0.00987231 -0.0027838 0.00283353
147.644 11.1379 0.388199 1.64832 -0.0109191 -0.0027343 0.00283842
147.663 11.1372 0.389412 1.64784 -0.0101781 -0.00269967 0.000765
147.684 11.1364 0.389239 1.64723 -0.00968983 -0.00265113 -0.000194094
147.704 11.1357 0.389017 1.6469 -0.0103451 -0.000434004 -0.000943271
147.724 11.1351 0.388727 1.64685 -0.0120153 0.00220518 -0.001539
147.745 11.1346 0.388361 1.647 -0.0144919 0.00349166 -0.00219138
147.764 11.1341 0.38796 1.64722 -0.0170083 0.0032324 -0.00297589
147.784 11.1337 0.387572 1.64749 -0.0197445 0.00348198 -0.00366297
147.807 11.1333 0.387194 1.64784 -0.022698 0.00388843 -0.00423663
147.826 11.133 0.386826 1.64828 -0.025758 0.00400151 -0.0047399
147.847 11.1327 0.38647 1.64882 -0.0291224 0.00454908 -0.00505665
147.866 11.1326 0.386129 1.64948 -0.0327409 0.00486265 -0.00526655
147.886 11.1325 0.385818 1.65023 -0.0362658 0.00487186 -0.00539434
147.91 11.1325 0.385547 1.65103 -0.039678 0.00499634 -0.0054116
147.926 11.1325 0.385319 1.65187 -0.0427902 0.00493828 -0.00535541
147.947 11.1327 0.385153 1.65273 -0.0455139 0.00507895 -0.00516087
147.968 11.1328 0.385054 1.65362 -0.0477872 0.00529633 -0.00480977
147.988 11.1331 0.385008 1.65453 -0.0495556 0.00540527 -0.00438794
148.172 11.1334 0.385001 1.65542 -0.0510514 0.00540654 -0.00387847
148.193 11.1338 0.385018 1.65628 -0.0524743 0.00520469 -0.00328194
148.213 11.1342 0.385073 1.65711 -0.0536742 0.00484477 -0.00257171
148.233 11.1347 0.385213 1.65788 -0.0540517 0.00281584 -0.00172002
148.253 11.1352 0.385459 1.65855 -0.0529568 0.000888733 -0.000838211
148.274 11.1357 0.385732 1.65909 -0.0508559 -0.000606126 -4.63525e-05
148.294 11.1362 0.385809 1.65943 -0.0490449 -0.00111182 0.000190871
148.316 11.1366 0.385968 1.65966 -0.0462836 -0.00165429 0.000366558
148.334 11.137 0.386183 1.65979 -0.0432135 -0.00239313 0.000398617
148.354 11.1373 0.386428 1.65982 -0.0402838 -0.00296318 0.000259299
148.376 11.1377 0.386705 1.65976 -0.0373559 -0.00327822 -1.44409e-05
148.394 11.1379 0.386889 1.65958 -0.0349785 -0.00441709 -1.39955e-05
148.417 11.1382 0.387067 1.65932 -0.0327222 -0.00564718 -1.35793e-05
148.437 11.1384 0.387242 1.65901 -0.0305415 -0.00621622 -1.30339e-05
148.457 11.1386 0.387411 1.65868 -0.0284617 -0.00676362 -1.25047e-05
148.479 11.1388 0.387577 1.65831 -0.0264643 -0.00721057 -1.19786e-05
148.497 11.139 0.387733 1.65792 -0.0246068 -0.00753245 -1.1449e-05
148.518 11.1391 0.387881 1.65751 -0.0228668 -0.00773517 -1.09213e-05
148.537 11.1393 0.388016 1.65709 -0.0213005 -0.00793328 -1.04159e-05
148.557 11.1395 0.388132 1.65666 -0.0199656 -0.00799664 -9.91266e-06
148.58 11.1396 0.388237 1.65623 -0.0187656 -0.00797538 -9.42339e-06
148.597 11.1398 0.388336 1.6558 -0.0176457 -0.00800332 -8.96393e-06
148.618 11.14 0.388429 1.6554 -0.0166053 -0.00790459 -8.51373e-06
148.637 11.1402 0.388516 1.65504 -0.0156434 -0.00773845 -8.08002e-06
148.658 11.1404 0.388601 1.65472 -0.0146996 -0.00760346 -7.67088e-06
148.679 11.1406 0.388685 1.65445 -0.0137751 -0.00756294 -7.29047e-06
148.698 11.1409 0.388778 1.6542 -0.0127 -0.00844393 3.92826e-06
148.72 11.1413 0.388842 1.654 -0.0120356 -0.00740339 -9.62444e-06
148.739 11.1418 0.388905 1.65387 -0.0113513 -0.00718122 -8.43023e-06
148.759 11.1425 0.388977 1.65379 -0.0105833 -0.00742523 1.28658e-05
148.781 11.1433 0.389048 1.65377 -0.00983115 -0.00703629 7.99398e-06
148.799 11.1442 0.389106 1.65379 -0.00919298 -0.0072673 3.57847e-06
148.819 11.1453 0.389161 1.65385 -0.0086243 -0.00702637 -9.69485e-06
148.839 11.1465 0.389207 1.65393 -0.00815579 -0.00709158 7.84477e-06
148.86 11.1479 0.389245 1.65404 -0.00772344 -0.00689068 4.75037e-07
148.881 11.1494 0.38929 1.65417 -0.00725122 -0.00667932 4.61879e-07
148.9 11.151 0.389336 1.65432 -0.00677963 -0.0067272 4.37271e-07
148.92 11.1528 0.389385 1.65446 -0.00626614 -0.00693998 -6.99563e-07
148.94 11.1547 0.389419 1.65461 -0.00583576 -0.00671021 -9.53541e-06
148.96 11.1567 0.38946 1.65475 -0.00538641 -0.00629225 -3.83721e-05
148.981 11.1589 0.38951 1.65489 -0.00497571 -0.00644325 1.60665e-05
149 11.1612 0.389532 1.65503 -0.00473814 -0.00655016 5.45176e-06
149.022 11.1637 0.38956 1.65517 -0.00442128 -0.0060178 -1.60916e-05
149.041 11.1663 0.389597 1.6553 -0.00408772 -0.00613892 2.15708e-05
149.061 11.169 0.389625 1.65542 -0.00372801 -0.00598441 3.37919e-05
149.082 11.1719 0.38966 1.65553 -0.00340127 -0.00593601 1.97109e-05
149.101 11.175 0.389694 1.65563 -0.00307176 -0.00530357 -4.29566e-06
149.122 11.1782 0.389721 1.65571 -0.00278758 -0.00564454 2.66431e-06
149.141 11.1816 0.389743 1.65578 -0.002598 -0.00552792 -5.81085e-07
149.161 11.185 0.389768 1.65583 -0.0023173 -0.00567791 2.36081e-05
149.184 11.1887 0.389798 1.65588 -0.00194148 -0.00524001 5.68427e-05
149.202 11.1924 0.389825 1.65592 -0.00165668 -0.00517482 4.96912e-05
149.225 11.1964 0.389849 1.65594 -0.00134508 -0.00483306 2.00794e-05
149.243 11.2004 0.389879 1.65595 -0.00105854 -0.00501796 -1.46498e-05
149.263 11.2046 0.389912 1.65594 -0.000915318 -0.00546467 -1.21164e-05
149.287 11.209 0.389926 1.65593 -0.00072818 -0.00474608 -1.67303e-05
149.303 11.2136 0.389941 1.65592 -0.000573601 -0.00485253 -6.12412e-06
149.326 11.2184 0.389958 1.65589 -0.000347589 -0.00493401 -1.8095e-05
149.344 11.2234 0.389977 1.65586 -0.000211483 -0.00457863 -3.69801e-05
149.364 11.2286 0.389995 1.65581 -3.62266e-05 -0.00514176 -1.64152e-05
149.389 11.2339 0.389982 1.65576 5.73514e-05 -0.00449051 -4.57895e-06
149.404 11.2394 0.389962 1.65572 2.76474e-05 -0.00462986 -2.2883e-06
149.425 11.2451 0.389941 1.65566 0.000126976 -0.00483325 -1.84142e-05
149.444 11.2509 0.389918 1.65558 0.000263589 -0.00528779 -2.84337e-05
149.464 11.2569 0.389891 1.65549 0.000375984 -0.00454322 3.29936e-06
149.487 11.263 0.38985 1.6554 0.000481154 -0.00443697 1.91385e-05
149.506 11.2692 0.389808 1.65529 0.000600544 -0.00476627 1.47922e-05
149.527 11.2756 0.389763 1.65518 0.000766412 -0.0046139 -3.65526e-06
149.546 11.2821 0.389715 1.65505 0.000857042 -0.00553071 1.31736e-05
149.566 11.2889 0.389664 1.65494 0.000899333 -0.00464409 2.30452e-05
149.59 11.2959 0.389609 1.65487 0.00113157 -0.00338429 6.6647e-06
149.606 11.3031 0.389549 1.65481 0.00136251 -0.00378416 -1.98413e-05
149.627 11.3106 0.389485 1.65476 0.0015063 -0.00272477 -5.34566e-05
149.647 11.3182 0.389415 1.6547 0.00175547 -0.00270135 -9.43472e-05
149.667 11.3259 0.389337 1.65467 0.00208435 -0.00421428 -0.000150622
149.688 11.3339 0.389253 1.65466 0.00217904 -0.00392271 -0.000204742
149.707 11.342 0.389161 1.65466 0.00224534 -0.00232788 -0.000265652
149.728 11.3504 0.38906 1.65467 0.00239869 -0.00191906 -0.000332444
149.748 11.3588 0.38895 1.65473 0.00252174 -0.00316785 -0.000402765
149.768 11.3674 0.38883 1.65483 0.00260935 -0.00322581 -0.000474671
149.788 11.3761 0.388701 1.65494 0.00270454 -0.00268982 -0.000542867
149.808 11.3849 0.388561 1.65501 0.0027802 -0.0025755 -0.000619157
149.829 11.3939 0.388411 1.65506 0.00285777 -0.00232171 -0.00069467
149.848 11.4029 0.388251 1.65507 0.00288252 -0.00214718 -0.000771871
149.868 11.4121 0.388079 1.65504 0.00289658 -0.00197628 -0.000853369
149.892 11.4213 0.387898 1.65498 0.00290033 -0.00175848 -0.000936667
149.909 11.4307 0.387705 1.65489 0.00290088 -0.00174082 -0.00101751
149.93 11.4401 0.387502 1.65478 0.00287049 -0.00167472 -0.00110148
149.949 11.4497 0.387288 1.65464 0.00281962 -0.00155677 -0.00118591
149.97 11.4593 0.387064 1.65449 0.00276017 -0.00143581 -0.00126571
149.99 11.469 0.38683 1.65431 0.00268699 -0.00141397 -0.00134736
150.01 11.4787 0.386585 1.65412 0.00263012 -0.00127275 -0.00142813
150.032 11.4885 0.386332 1.65391 0.00256797 -0.00141865 -0.00150773
150.05 11.4984 0.386068 1.65369 0.00254923 -0.00118522 -0.00158785
150.07 11.5084 0.385796 1.65345 0.00253165 -0.000745404 -0.00166307
150.091 11.5184 0.385514 1.6532 0.00251307 -0.000881749 -0.00173709
150.112 11.5285 0.385223 1.65294 0.00247294 -0.000940024 -0.00180857
150.135 11.5387 0.384924 1.65267 0.00242642 -0.000812651 -0.00187888
150.152 11.5488 0.384615 1.65239 0.00238877 -0.000555177 -0.00194562
150.172 11.559 0.384299 1.65211 0.00232849 -0.000712381 -0.00201088
150.194 11.5692 0.383974 1.65182 0.00225181 -0.000672143 -0.00207379
150.213 11.5794 0.383641 1.65154 0.00215233 -0.000594813 -0.00212997
150.234 11.5897 0.383302 1.65126 0.00205139 -0.000485347 -0.00218364
150.253 11.5999 0.382955 1.65098 0.00195479 -0.000448975 -0.00223023
150.273 11.6101 0.382601 1.6507 0.00186919 -0.000358384 -0.00227811
150.294 11.6204 0.382241 1.65043 0.00180459 -0.000303069 -0.00232314
150.313 11.6306 0.381875 1.65015 0.0017544 -0.000284253 -0.00236911
150.334 11.6408 0.381503 1.64987 0.00171589 -0.000167652 -0.00240525
150.354 11.651 0.381125 1.6496 0.00170045 -7.87221e-05 -0.00243697
150.374 11.6612 0.380743 1.64933 0.00164821 -0.000131155 -0.00246564
150.396 11.6713 0.380355 1.64907 0.00156429 -4.42476e-05 -0.00249173
150.414 11.6814 0.379962 1.64881 0.00147038 -1.71307e-05 -0.00251553
150.435 11.6916 0.379565 1.64856 0.0013377 -0.000238297 -0.00253368
150.454 11.7017 0.379163 1.64834 0.00131012 0.000311744 -0.00254975
150.474 11.7118 0.378757 1.64816 0.00131656 0.000197984 -0.00256104
150.498 11.7219 0.378347 1.64799 0.001295 -1.74322e-05 -0.00257225
150.515 11.7319 0.377933 1.64784 0.00128501 -0.000465064 -0.00257821
150.535 11.742 0.377516 1.64771 0.00125989 1.23008e-05 -0.00257675
150.555 11.7521 0.377094 1.6476 0.00124846 0.000420143 -0.00257305
150.575 11.7621 0.37667 1.64751 0.00126429 -0.000979736 -0.00257
150.596 11.7722 0.376241 1.64745 0.00128178 -0.000314097 -0.00255982
150.615 11.7822 0.375808 1.64745 0.00133837 0.00105284 -0.00254218
150.636 11.7922 0.375372 1.64748 0.00136835 0.000415193 -0.00252318
150.656 11.8021 0.374932 1.64753 0.00138169 -0.000500074 -0.00250338
150.676 11.8119 0.374488 1.64761 0.00126256 0.000779873 -0.00247977
150.697 11.8217 0.374042 1.64771 0.00105695 0.000417729 -0.00245191
150.716 11.8313 0.373593 1.64783 0.000858715 5.53253e-05 -0.00242431
150.737 11.8409 0.373142 1.64796 0.000720449 0.000743468 -0.00238078
150.757 11.8502 0.372691 1.64808 0.000486121 0.000101445 -0.00233297
150.777 11.8594 0.37224 1.64818 0.000207524 0.000218223 -0.00227649
150.799 11.8683 0.37179 1.64826 -5.34105e-05 0.000211657 -0.0022194
150.818 11.8772 0.371341 1.64831 -0.000254111 0.000491541 -0.00215787
150.84 11.8858 0.370895 1.64833 -0.000424996 0.000717747 -0.00209356
150.858 11.8943 0.370452 1.64831 -0.000557353 0.00101806 -0.00202833
150.878 11.9027 0.370013 1.64826 -0.000692248 0.000785772 -0.00195958
150.899 11.9108 0.369578 1.64819 -0.000787649 0.00100679 -0.00188732
150.918 11.9187 0.369148 1.6481 -0.000917571 0.000902251 -0.00181475
150.939 11.9265 0.368723 1.64799 -0.00104379 0.000817556 -0.00174155
150.959 11.9341 0.368305 1.64788 -0.00117453 0.000903731 -0.00166477
150.979 11.9415 0.367892 1.64775 -0.00127308 0.000749614 -0.0015885
151.002 11.9487 0.367485 1.64763 -0.00135212 0.000843189 -0.00150724
151.019 11.9558 0.367085 1.64751 -0.00137422 0.000766007 -0.00142853
151.041 11.9627 0.366692 1.64739 -0.00137173 0.00100045 -0.00135091
151.06 11.9694 0.366305 1.64727 -0.00136754 0.000711036 -0.00127356
151.08 11.976 0.365926 1.64715 -0.00135483 0.000863065 -0.00119417
151.101 11.9824 0.365553 1.64704 -0.00138014 0.000594051 -0.0011168
151.12 11.9887 0.365187 1.64694 -0.00139922 0.000550091 -0.00103871
151.141 11.9949 0.364827 1.64685 -0.00138153 0.000796009 -0.000958344
151.161 12.0008 0.364474 1.64675 -0.00133069 0.000458085 -0.000875282
151.181 12.0066 0.364128 1.64665 -0.00128855 0.000430332 -0.000795351
151.202 12.0123 0.363788 1.64656 -0.00127329 0.000177896 -0.000714543
151.221 12.0178 0.363454 1.64647 -0.00127142 0.000466432 -0.000638827
151.241 12.0232 0.363126 1.64639 -0.00126603 -0.000134826 -0.000561888
151.261 12.0284 0.362805 1.64632 -0.00124164 0.000275586 -0.000487447
151.282 12.0335 0.362489 1.64626 -0.00117719 -3.73131e-06 -0.000410045
151.302 12.0385 0.362179 1.64622 -0.0011426 0.0002383 -0.000334847
151.322 12.0433 0.361874 1.64618 -0.00112306 -2.64333e-05 -0.000261353
151.343 12.048 0.361575 1.64615 -0.00111807 -0.000278686 -0.000190388
151.362 12.0525 0.361282 1.64611 -0.00110854 -0.000114511 -0.000119797
151.382 12.057 0.360993 1.64609 -0.00108842 0.000177651 -5.29557e-05
151.403 12.0612 0.36071 1.64605 -0.00104212 -0.000154903 1.62616e-05
151.423 12.0654 0.360432 1.64602 -0.00102128 -0.000321621 8.51398e-05
151.445 12.0695 0.360159 1.64599 -0.00101937 -0.000165259 0.000152058
151.463 12.0734 0.35989 1.64596 -0.00100245 -7.5504e-06 0.000216609
151.483 12.0772 0.359627 1.64594 -0.00100066 -0.000246478 0.000282306
151.506 12.0809 0.359368 1.64593 -0.00103013 -0.000238637 0.000346856
151.524 12.0844 0.359114 1.64591 -0.00107298 -0.00039683 0.000409804
151.545 12.0879 0.358866 1.6459 -0.00111617 -0.000303548 0.000470171
151.564 12.0912 0.358622 1.64589 -0.00114781 -0.000494301 0.000529858
151.585 12.0944 0.358383 1.64588 -0.00117596 -0.000627807 0.000589689
151.606 12.0975 0.35815 1.64587 -0.00119043 -0.000389404 0.000645585
151.625 12.1005 0.357922 1.64587 -0.00119469 -0.000338945 0.000701573
151.646 12.1033 0.3577 1.64586 -0.00118261 -0.0006865 0.000754447
151.665 12.1061 0.357482 1.64586 -0.00117802 -0.000804514 0.000803981
151.685 12.1087 0.35727 1.64587 -0.00117143 -0.000631515 0.000854715
151.706 12.1113 0.357063 1.64587 -0.00112617 -0.000359024 0.000901731
151.725 12.1138 0.356861 1.64586 -0.00106062 -0.000884365 0.000948735
151.747 12.1161 0.356664 1.64586 -0.00102579 -0.000961806 0.000997087
151.766 12.1184 0.356471 1.64586 -0.000991515 -0.000861674 0.00104567
151.786 12.1206 0.356283 1.64587 -0.000960284 -0.00111686 0.00109263
151.808 12.1227 0.356099 1.64588 -0.000937444 -0.00120039 0.00113984
151.827 12.1247 0.355919 1.64589 -0.000902418 -0.00134367 0.00118646
151.848 12.1267 0.355743 1.6459 -0.000863517 -0.00142831 0.00123214
151.867 12.1285 0.355571 1.6459 -0.000823054 -0.00162928 0.00127416
151.887 12.1303 0.355402 1.64591 -0.0007776 -0.00166723 0.00131131
151.909 12.132 0.355238 1.64591 -0.00076438 -0.00181506 0.00134878
151.928 12.1337 0.355077 1.64592 -0.00074461 -0.00185268 0.00138932
151.948 12.1353 0.354919 1.64592 -0.000708759 -0.0018291 0.0014281
151.969 12.1368 0.354764 1.64592 -0.000654403 -0.00207861 0.00146196
151.988 12.1382 0.354612 1.64591 -0.000624509 -0.00188505 0.00149563
152.009 12.1396 0.354463 1.6459 -0.000610444 -0.00212841 0.00152944
152.028 12.1409 0.354317 1.6459 -0.00062412 -0.00210812 0.00155943
152.049 12.1421 0.354174 1.64589 -0.00064698 -0.00231584 0.00158861
152.069 12.1433 0.354034 1.64589 -0.000644711 -0.00226057 0.00161554
152.089 12.1444 0.353896 1.64588 -0.00062862 -0.00225046 0.00164394
152.112 12.1455 0.353761 1.64587 -0.000602539 -0.00223318 0.00167434
152.129 12.1465 0.353629 1.64585 -0.000552262 -0.00237177 0.00170447
152.15 12.1474 0.3535 1.64584 -0.000524762 -0.00227884 0.0017295
152.169 12.1483 0.353373 1.64581 -0.000517211 -0.00247113 0.00175216
152.19 12.1492 0.353248 1.64579 -0.0005422 -0.00246237 0.00177364
152.213 12.15 0.353126 1.64576 -0.000561924 -0.00240104 0.001792
152.23 12.1507 0.353007 1.64574 -0.00057716 -0.00252624 0.00180857
152.252 12.1514 0.35289 1.64572 -0.000605554 -0.00249632 0.00182648
152.271 12.1521 0.352775 1.6457 -0.000619204 -0.00249246 0.00184508
152.291 12.1527 0.352664 1.64568 -0.000626947 -0.00247813 0.00185895
152.312 12.1533 0.352555 1.64566 -0.000640592 -0.00256064 0.00187257
152.331 12.1539 0.352449 1.64564 -0.000634476 -0.00248269 0.00188427
152.353 12.1544 0.352346 1.64561 -0.000646512 -0.00252258 0.00189657
152.372 12.1549 0.352245 1.6456 -0.000658207 -0.00254724 0.00190957
152.392 12.1554 0.352148 1.64557 -0.000661091 -0.00255011 0.00192045
152.414 12.1558 0.352053 1.64555 -0.000658458 -0.00263103 0.00192892
152.432 12.1562 0.351961 1.64553 -0.000656092 -0.00259599 0.00193861
152.454 12.1566 0.351872 1.6455 -0.000633261 -0.0025869 0.00194734
152.472 12.1569 0.351785 1.64547 -0.000583308 -0.00261879 0.00195407
152.493 12.1573 0.351701 1.64544 -0.00051982 -0.00263172 0.00196569
152.517 12.1576 0.351619 1.64541 -0.000467768 -0.00263627 0.00197404
152.533 12.1579 0.351539 1.64538 -0.000431803 -0.0027442 0.00197886
152.554 12.1582 0.351461 1.64536 -0.000391106 -0.00269974 0.00198627
152.574 12.1584 0.351385 1.64533 -0.000350585 -0.00261933 0.00199163
152.594 12.1587 0.35131 1.6453 -0.000326629 -0.0026188 0.00199837
152.614 12.1589 0.351237 1.64528 -0.000320621 -0.00270026 0.00200403
152.634 12.1591 0.351166 1.64525 -0.000346134 -0.00269118 0.00200933
152.657 12.1593 0.351097 1.64522 -0.000371312 -0.00256591 0.00201384
152.674 12.1595 0.351029 1.64519 -0.000404586 -0.00263696 0.00201491
152.694 12.1597 0.350962 1.64517 -0.000420792 -0.00263812 0.00201707
152.717 12.1599 0.350898 1.64515 -0.000412069 -0.00259479 0.00201823
152.734 12.16 0.350835 1.64512 -0.000393704 -0.00258329 0.00202203
152.756 12.1602 0.350773 1.6451 -0.000270179 -0.00266075 0.00202256
152.775 12.1603 0.350703 1.64513 0.00156302 -0.00257978 0.00201061
152.795 12.1604 0.350611 1.64519 0.0058087 -0.00247344 0.00199189
152.818 12.1605 0.350487 1.64528 0.0116868 -0.00264526 0.0019696
152.835 12.1606 0.350312 1.6454 0.0182422 -0.00245555 0.00195182
152.856 12.1607 0.350064 1.64553 0.0250389 -0.00241198 0.00193176
152.876 12.1608 0.349718 1.64567 0.0318396 -0.00246397 0.00190788
152.896 12.1609 0.34925 1.64581 0.0383134 -0.00239126 0.00189196
152.917 12.1609 0.348634 1.64594 0.0444944 -0.00235584 0.00187584
152.936 12.161 0.347849 1.64608 0.0501972 -0.00234765 0.00185901
152.957 12.161 0.346872 1.64622 0.0553176 -0.00226131 0.00184653
152.977 12.161 0.345684 1.64635 0.0599326 -0.00225141 0.00183044
152.997 12.161 0.344269 1.64648 0.0639407 -0.00225637 0.00181356
153.019 12.161 0.342609 1.6466 0.0675937 -0.00222588 0.00180092
153.039 12.161 0.340689 1.64672 0.0711996 -0.00223269 0.00178411
153.058 12.161 0.338498 1.64685 0.0745604 -0.00218894 0.00177252
153.078 12.1609 0.336023 1.64697 0.0776667 -0.00213926 0.00176137
153.098 12.1609 0.333252 1.64709 0.0805153 -0.00215418 0.00174588
153.119 12.1608 0.330176 1.64721 0.0831083 -0.00211735 0.00173336
153.138 12.1607 0.326785 1.64732 0.0854274 -0.00201184 0.0017276
153.16 12.1606 0.32307 1.64744 0.0877152 -0.0020506 0.0017108
153.179 12.1605 0.319019 1.64756 0.0903194 -0.00209505 0.00169197
153.199 12.1604 0.314626 1.6477 0.0928803 -0.0019525 0.00169285
153.22 12.1602 0.309883 1.64785 0.0950227 -0.0019693 0.00167901
153.239 12.1601 0.304785 1.648 0.0967868 -0.00198604 0.00166079
153.26 12.1599 0.299325 1.64814 0.0982169 -0.00198208 0.00164258
153.28 12.1597 0.293499 1.64828 0.0995286 -0.00195436 0.00162948
153.3 12.1594 0.287302 1.64841 0.100502 -0.00198109 0.00161193
153.322 12.1592 0.280735 1.64854 0.100893 -0.00184163 0.00161444
153.34 12.159 0.273796 1.64866 0.100812 -0.00195935 0.00158759
153.361 12.1587 0.266488 1.64876 0.100226 -0.00197144 0.00157312
153.38 12.1584 0.258817 1.64886 0.0986408 -0.00190504 0.00156513
153.4 12.1581 0.250791 1.64893 0.0960557 -0.00190666 0.00155439
153.424 12.1579 0.242421 1.64898 0.0927963 -0.00191286 0.00154684
153.441 12.1576 0.233716 1.64902 0.0892149 -0.00186531 0.00153914
153.462 12.1573 0.224693 1.64904 0.0853983 -0.00191799 0.0015222
153.482 12.1569 0.215368 1.64903 0.0812023 -0.00199946 0.00150408
153.501 12.1566 0.205759 1.649 0.0766183 -0.00189545 0.00150532
153.523 12.1563 0.195885 1.64896 0.0715995 -0.00187465 0.00149426
153.542 12.156 0.185757 1.64893 0.0673703 -0.00187151 0.0014848
153.562 12.1556 0.175388 1.6489 0.0646885 -0.0019891 0.00146541
153.582 12.1553 0.164799 1.64891 0.0615652 -0.00192009 0.00145979
153.603 12.1549 0.154013 1.64894 0.0567434 -0.0017855 0.00145965
153.623 12.1546 0.143045 1.64897 0.0510525 -0.00184914 0.00144992
153.643 12.1542 0.131917 1.64901 0.0444974 -0.00187174 0.00144063
153.667 12.1539 0.120658 1.64904 0.0368198 -0.00173589 0.00144409
153.683 12.1535 0.109294 1.64908 0.0288373 -0.00189654 0.00143515
153.703 12.1532 0.0978545 1.64912 0.0208026 -0.00195199 0.00143113
153.727 12.1528 0.0863708 1.64916 0.012784 -0.00179819 0.00142681
153.744 12.1525 0.0748743 1.64921 0.00481762 -0.00194283 0.00141995
153.765 12.1521 0.0633973 1.64926 -0.00323611 -0.0019488 0.00141342
153.785 12.1518 0.0519737 1.6493 -0.011829 -0.00198247 0.0014111
153.805 12.1515 0.040644 1.64934 -0.0220883 -0.00198961 0.00142186
153.827 12.1512 0.0294506 1.6494 -0.0343251 -0.00175473 0.00143102
153.845 12.1509 0.0184319 1.64948 -0.04694 -0.00197232 0.00145195
153.865 12.1507 0.00763308 1.64957 -0.059309 -0.00215222 0.00147302
153.885 12.1504 -0.00290046 1.64968 -0.0710787 -0.00192209 0.00146556
153.906 12.1502 -0.0131289 1.64979 -0.0814224 -0.00217866 0.00148326
153.929 12.15 -0.0230134 1.64988 -0.0903865 -0.00235003 0.00149147
153.946 12.1498 -0.0325215 1.64996 -0.097762 -0.00219606 0.00146318
153.967 12.1496 -0.0416254 1.65002 -0.103606 -0.00235431 0.0014604
153.987 12.1494 -0.0503035 1.65005 -0.108015 -0.0023753 0.00144121
154.006 12.1492 -0.058541 1.65005 -0.111012 -0.00235924 0.00141477
154.03 12.1491 -0.0663281 1.65001 -0.112744 -0.00239306 0.00139137
154.047 12.1489 -0.0736564 1.64993 -0.113589 -0.00239161 0.00136271
154.068 12.1488 -0.0805239 1.64981 -0.113504 -0.00240126 0.00133407
154.088 12.1487 -0.0869327 1.64967 -0.112478 -0.00241617 0.00131107
154.108 12.1485 -0.0928866 1.64948 -0.110767 -0.00243731 0.00129001
154.13 12.1484 -0.0983914 1.64927 -0.108728 -0.00241139 0.00126495
154.148 12.1483 -0.103456 1.64905 -0.106153 -0.00240793 0.0012439
154.169 12.1482 -0.108093 1.64881 -0.102937 -0.00244445 0.00122681
154.189 12.1482 -0.112314 1.64856 -0.099406 -0.00235844 0.00120326
154.209 12.1481 -0.116133 1.64831 -0.0957306 -0.00234482 0.00118826
154.23 12.148 -0.119566 1.64806 -0.0915738 -0.00240851 0.00118358
154.249 12.148 -0.122629 1.64782 -0.0871728 -0.00229858 0.00116976
154.271 12.1479 -0.125342 1.64759 -0.0825704 -0.00231031 0.00116669
154.289 12.1478 -0.127723 1.64735 -0.0778786 -0.00230953 0.00116698
154.309 12.1478 -0.12979 1.64713 -0.073358 -0.00225065 0.00117052
154.332 12.1477 -0.131561 1.64691 -0.0690315 -0.0022697 0.00118281
154.349 12.1477 -0.133056 1.6467 -0.0648241 -0.00222647 0.00119057
154.371 12.1476 -0.13429 1.64649 -0.060802 -0.00218328 0.00120223
154.39 12.1476 -0.135281 1.64629 -0.0569167 -0.00220485 0.00122045
154.41 12.1475 -0.136045 1.64608 -0.0531704 -0.00215854 0.00123546
154.431 12.1475 -0.136598 1.64588 -0.0496383 -0.00212818 0.00125361
154.451 12.1475 -0.136953 1.64569 -0.0463494 -0.00213056 0.00127648
154.472 12.1474 -0.137124 1.6455 -0.0433087 -0.00208854 0.00130076
154.491 12.1474 -0.137123 1.64531 -0.0405151 -0.00209523 0.0013272
154.511 12.1474 -0.136963 1.64513 -0.0378165 -0.00211899 0.00135684
154.534 12.1473 -0.136656 1.64495 -0.0351385 -0.00202097 0.00138535
154.552 12.1473 -0.136213 1.64477 -0.0324006 -0.0020846 0.00142025
154.573 12.1473 -0.135644 1.64459 -0.0296587 -0.00218746 0.00145439
154.592 12.1473 -0.134961 1.64441 -0.0270059 -0.00201886 0.00147997
154.612 12.1472 -0.134174 1.64424 -0.0244067 -0.00199115 0.00151578
154.633 12.1472 -0.133294 1.64407 -0.0218369 -0.00204056 0.00155476
154.653 12.1471 -0.132331 1.6439 -0.0193064 -0.00209278 0.00158907
154.674 12.1471 -0.131294 1.64374 -0.0171596 -0.00195313 0.00162281
154.693 12.1471 -0.130188 1.64361 -0.0158503 -0.00194839 0.00165972
154.713 12.147 -0.12902 1.6435 -0.0148964 -0.00196191 0.00169823
154.736 12.147 -0.1278 1.6434 -0.0137126 -0.0019584 0.00173912
154.754 12.1469 -0.126531 1.64332 -0.0122089 -0.00193189 0.0017772
154.774 12.1469 -0.125221 1.64323 -0.0104005 -0.00211068 0.00181371
154.794 12.1468 -0.123877 1.64315 -0.00817668 -0.00193027 0.0018315
154.814 12.1468 -0.122507 1.64307 -0.00559295 -0.00193801 0.00184371
154.838 12.1468 -0.121121 1.643 -0.00283859 -0.00190349 0.00185578
154.854 12.1467 -0.119728 1.64294 -0.000233403 -0.00193852 0.00187024
154.875 12.1467 -0.118337 1.64287 0.00213793 -0.00196803 0.00188198
154.895 12.1467 -0.116958 1.64281 0.00431039 -0.00210609 0.00189561
154.915 12.1467 -0.115599 1.64274 0.00619724 -0.00192778 0.00191382
154.935 12.1467 -0.114267 1.64268 0.00774744 -0.0019322 0.00192874
154.955 12.1467 -0.112968 1.64261 0.00903879 -0.00199492 0.00194027
154.977 12.1467 -0.111707 1.64254 0.0100482 -0.00198421 0.00195402
154.996 12.1467 -0.110488 1.64247 0.0108336 -0.00198258 0.00196658
155.016 12.1467 -0.109314 1.64239 0.0114235 -0.00201145 0.00197476
155.037 12.1467 -0.108187 1.64231 0.0118245 -0.00200823 0.00198424
155.057 12.1468 -0.10711 1.64223 0.0120947 -0.00200572 0.00199326
155.077 12.1468 -0.106082 1.64215 0.0122373 -0.00201098 0.002006
155.097 12.1468 -0.105105 1.64206 0.0122737 -0.00200572 0.00201421
155.117 12.1468 -0.104179 1.64197 0.0122288 -0.00199666 0.00202098
155.14 12.1469 -0.103303 1.64188 0.0121109 -0.00199241 0.00202343
155.157 12.1469 -0.102477 1.64179 0.0119442 -0.00198417 0.00203024
155.179 12.147 -0.101701 1.6417 0.0117353 -0.00197288 0.0020386
155.197 12.147 -0.100972 1.64161 0.0115103 -0.00197536 0.00204382
155.218 12.1471 -0.100291 1.64152 0.0112843 -0.00197116 0.00204525
155.239 12.1471 -0.0996562 1.64144 0.0110391 -0.00196344 0.00204304
155.258 12.1472 -0.0990666 1.64135 0.0108003 -0.00197134 0.00203952
155.281 12.1473 -0.098521 1.64127 0.0105366 -0.00197209 0.00203647
155.299 12.1473 -0.0980183 1.64118 0.0102491 -0.00196394 0.00204003
155.318 12.1474 -0.0975574 1.6411 0.00996064 -0.00196757 0.00203818
155.341 12.1475 -0.0971369 1.64102 0.00967705 -0.00196162 0.00203734
155.359 12.1476 -0.0967557 1.64095 0.00940384 -0.00196609 0.0020332
155.379 12.1476 -0.0964126 1.64087 0.00914823 -0.00196833 0.00202956
155.399 12.1477 -0.0961064 1.6408 0.00888423 -0.00197325 0.00202952
155.419 12.1478 -0.0958359 1.64072 0.00862516 -0.00198389 0.00202466
155.444 12.1479 -0.0956001 1.64065 0.00836413 -0.00198998 0.00202049
155.46 12.148 -0.0953977 1.64058 0.00809952 -0.00198489 0.00201531
155.481 12.1481 -0.0952277 1.64051 0.00783846 -0.00198513 0.00200988
155.5 12.1482 -0.0950889 1.64045 0.00758314 -0.00197836 0.00200483
155.521 12.1483 -0.0949809 1.64039 0.00742862 -0.00196674 0.00199941
155.545 12.1485 -0.0949028 1.64033 0.00736343 -0.00194883 0.00198883
155.561 12.1486 -0.0948538 1.64028 0.00728888 -0.00192319 0.00198002
155.581 12.1487 -0.0948334 1.64024 0.00718832 -0.00190556 0.00197339
155.601 12.1488 -0.094841 1.64019 0.00706103 -0.00191164 0.00196588
155.621 12.149 -0.0948759 1.64015 0.00688951 -0.00191816 0.0019577
155.642 12.1491 -0.0949373 1.64011 0.00665917 -0.00190738 0.00195118
155.662 12.1493 -0.0950243 1.64007 0.00638302 -0.00190156 0.0019437
155.683 12.1494 -0.0951359 1.64004 0.00608411 -0.00189162 0.00193593
155.702 12.1495 -0.0952709 1.64 0.00578608 -0.00188208 0.00192592
155.722 12.1497 -0.0954279 1.63997 0.00547082 -0.00183581 0.00191637
155.746 12.1499 -0.0956057 1.63993 0.00512828 -0.00178371 0.00190666
155.762 12.15 -0.0958035 1.63991 0.00487711 -0.0017696 0.00189718
155.783 12.1502 -0.09602 1.63988 0.00466623 -0.00188404 0.00188551
155.803 12.1504 -0.096254 1.63986 0.00444087 -0.00181076 0.00187562
155.823 12.1505 -0.0965042 1.63985 0.00414787 -0.00169617 0.00186622
155.845 12.1507 -0.0967697 1.63983 0.00384208 -0.00184301 0.00185601
155.863 12.1509 -0.0970495 1.63983 0.00356646 -0.00169783 0.0018463
155.884 12.1511 -0.0973426 1.63983 0.0033098 -0.00166472 0.00183977
155.904 12.1514 -0.0976474 1.63983 0.00302662 -0.00172881 0.00183201
155.924 12.1516 -0.0979635 1.63984 0.00280837 -0.00186986 0.00182121
155.949 12.1518 -0.0982896 1.63985 0.00260766 -0.00177774 0.00181158
155.964 12.1521 -0.0986248 1.63986 0.00239956 -0.00182497 0.00180346
155.985 12.1523 -0.0989687 1.63988 0.0022639 -0.00190381 0.00179327
156.005 12.1525 -0.0993202 1.6399 0.00210965 -0.00183343 0.001785
156.025 12.1528 -0.099679 1.63992 0.00197429 -0.00195578 0.0017777
156.046 12.1531 -0.100044 1.63994 0.00185799 -0.00195293 0.00176993
156.065 12.1533 -0.100416 1.63997 0.00173457 -0.00181699 0.00176214
156.087 12.1536 -0.100793 1.63999 0.00159963 -0.00188606 0.00175355
156.106 12.1539 -0.101175 1.64002 0.00149768 -0.00191862 0.00174475
156.126 12.1542 -0.101562 1.64004 0.00142073 -0.00189276 0.00173668
156.148 12.1544 -0.101953 1.64007 0.00132438 -0.00187623 0.00172851
156.166 12.1547 -0.102348 1.64009 0.00121314 -0.00187725 0.00172398
156.187 12.155 -0.102746 1.64011 0.00110936 -0.00187398 0.0017175
156.207 12.1553 -0.103148 1.64013 0.00102954 -0.00184487 0.00170973
156.228 12.1556 -0.103552 1.64015 0.000962798 -0.00188242 0.00170235
156.248 12.1559 -0.103959 1.64017 0.000916817 -0.0017997 0.001695
156.267 12.1563 -0.104368 1.6402 0.000830898 -0.00183412 0.0016892
156.289 12.1566 -0.104779 1.64023 0.000717331 -0.00192011 0.00168614
156.308 12.1569 -0.105192 1.64025 0.000614637 -0.00175656 0.00168226
156.328 12.1572 -0.105605 1.64028 0.000558537 -0.0017868 0.00167758
156.35 12.1576 -0.10602 1.64031 0.00052799 -0.00179958 0.00167175
156.368 12.1579 -0.106435 1.64034 0.000490402 -0.00181781 0.00166576
156.391 12.1583 -0.106851 1.64037 0.000432235 -0.00183473 0.0016593
156.409 12.1586 -0.107267 1.6404 0.00036621 -0.00184369 0.00165288
156.429 12.159 -0.107683 1.64042 0.000288813 -0.00182067 0.00164732
156.45 12.1593 -0.108099 1.64045 0.00020903 -0.00192856 0.00164424
156.469 12.1597 -0.108514 1.64048 0.000128057 -0.00189683 0.00163937
156.49 12.1601 -0.108929 1.64051 7.27564e-05 -0.00177506 0.00163343
156.509 12.1605 -0.109342 1.64054 1.33825e-05 -0.00184373 0.00162833
156.53 12.1609 -0.109754 1.64057 -6.91832e-05 -0.00188315 0.0016229
156.554 12.1613 -0.110165 1.6406 -0.000164534 -0.00185613 0.00162229
156.57 12.1617 -0.110573 1.64063 -0.000259135 -0.0018374 0.00162033
156.591 12.1621 -0.110979 1.64066 -0.00035717 -0.00183579 0.00161794
156.61 12.1625 -0.111383 1.64068 -0.000460762 -0.00183457 0.00161859
156.631 12.1629 -0.111783 1.6407 -0.000556417 -0.00181803 0.0016159
156.651 12.1633 -0.11218 1.64073 -0.000634358 -0.00179425 0.00161464
156.671 12.1637 -0.112573 1.64074 -0.000705006 -0.00177691 0.00161749
156.692 12.1641 -0.112962 1.64076 -0.000767935 -0.00176116 0.00161694
156.712 12.1645 -0.113347 1.64078 -0.000828002 -0.00174145 0.00161548
156.732 12.165 -0.113727 1.64079 -0.00087625 -0.00178648 0.00161319
156.753 12.1654 -0.114103 1.64081 -0.000938189 -0.00176328 0.00161295
156.772 12.1658 -0.114474 1.64083 -0.00096591 -0.00165118 0.00161119
156.794 12.1663 -0.11484 1.64085 -0.000979437 -0.00182267 0.00160871
156.812 12.1667 -0.115201 1.64087 -0.00101811 -0.00190854 0.00160753
156.834 12.1672 -0.115557 1.6409 -0.00102473 -0.0018028 0.00160969
156.854 12.1677 -0.115907 1.64094 -0.00102507 -0.00183034 0.00160966
156.873 12.1682 -0.116253 1.64097 -0.00102776 -0.0017869 0.00160942
156.896 12.1688 -0.116593 1.64101 -0.00108343 -0.001925 0.00160915
156.913 12.1693 -0.116928 1.64105 -0.00110862 -0.00189224 0.00160913
156.933 12.1699 -0.117258 1.64109 -0.00110119 -0.00188078 0.00160933
156.954 12.1704 -0.117582 1.64114 -0.00107558 -0.00188707 0.00160823
156.974 12.171 -0.117901 1.64118 -0.00101813 -0.00186318 0.00160891
156.995 12.1716 -0.118216 1.64123 -0.000961403 -0.00186153 0.00160814
157.014 12.1722 -0.118524 1.64128 -0.000993031 -0.00184029 0.00160988
157.034 12.1728 -0.118828 1.64133 -0.00102817 -0.00195619 0.00161121
157.055 12.1734 -0.119127 1.64138 -0.00106373 -0.00179238 0.00161185
157.075 12.1741 -0.119421 1.64143 -0.00112841 -0.00180369 0.0016148
157.096 12.1747 -0.119709 1.64149 -0.00118913 -0.00183008 0.00161624
157.115 12.1754 -0.119992 1.64155 -0.00123752 -0.00182249 0.00161858
157.135 12.1761 -0.120269 1.6416 -0.00128579 -0.00181715 0.00161763
157.156 12.1767 -0.120539 1.64164 -0.0013569 -0.00192146 0.00161886
157.175 12.1774 -0.120804 1.64169 -0.00141641 -0.00175137 0.00161967
157.196 12.1782 -0.121062 1.64175 -0.00144771 -0.00173927 0.00162065
157.216 12.1789 -0.121314 1.6418 -0.00148628 -0.00178698 0.00162012
157.236 12.1796 -0.121559 1.64185 -0.00152678 -0.00180282 0.00162098
157.258 12.1803 -0.121798 1.6419 -0.00155974 -0.00181132 0.0016228
157.276 12.1811 -0.122029 1.64194 -0.00159921 -0.00183382 0.00162345
157.298 12.1819 -0.122253 1.64199 -0.00164715 -0.00185341 0.00162374
157.317 12.1826 -0.122471 1.64203 -0.00169721 -0.00185897 0.00162527
157.337 12.1834 -0.122681 1.64206 -0.00172498 -0.00187092 0.00162766
157.357 12.1842 -0.122883 1.6421 -0.00173077 -0.00186688 0.00162875
157.377 12.185 -0.123078 1.64212 -0.00175568 -0.00189676 0.00162938
157.398 12.1858 -0.123266 1.64216 -0.00172288 -0.00178039 0.0016292
157.417 12.1867 -0.123447 1.64219 -0.00169382 -0.00180932 0.00162917
157.438 12.1875 -0.12362 1.64222 -0.00163826 -0.00189585 0.0016291
157.461 12.1883 -0.123786 1.64225 -0.00163 -0.00178884 0.00163134
157.478 12.1892 -0.123946 1.64229 -0.00156582 -0.00190299 0.00163312
157.499 12.1901 -0.124098 1.64232 -0.00149772 -0.00173815 0.00163352
157.518 12.1909 -0.124245 1.64237 -0.00142058 -0.00169005 0.00163371
157.539 12.1918 -0.124385 1.64241 -0.00137947 -0.00191535 0.00163392
157.562 12.1927 -0.124519 1.64246 -0.0013159 -0.00165503 0.00163318
157.579 12.1936 -0.124648 1.64251 -0.00125019 -0.00162439 0.00163398
157.599 12.1945 -0.124772 1.64257 -0.0012353 -0.0017137 0.00163485
157.619 12.1954 -0.124889 1.64262 -0.00126085 -0.00174699 0.00163696
157.639 12.1963 -0.125001 1.64267 -0.001314 -0.00174632 0.00163946
157.664 12.1973 -0.125108 1.64272 -0.00136763 -0.00169105 0.00163968
157.68 12.1982 -0.125209 1.64277 -0.00139768 -0.00175447 0.00163931
157.701 12.1992 -0.125305 1.64281 -0.00141996 -0.00179725 0.00163979
157.72 12.2001 -0.125394 1.64285 -0.00140965 -0.00183514 0.00164034
157.74 12.201 -0.125478 1.64288 -0.00143297 -0.00176917 0.00164233
157.763 12.202 -0.125556 1.64292 -0.00143593 -0.00178003 0.00164473
157.781 12.203 -0.125628 1.64295 -0.0014576 -0.00177877 0.00164589
157.803 12.2039 -0.125694 1.64298 -0.00148386 -0.00171117 0.00164637
157.822 12.2049 -0.125753 1.64301 -0.00150495 -0.00196694 0.00164639
157.842 12.2059 -0.125808 1.64306 -0.00139622 -0.00177455 0.00164571
157.865 12.2069 -0.125857 1.64312 -0.00131561 -0.00178137 0.00164471
157.882 12.2079 -0.1259 1.64318 -0.00124033 -0.00186782 0.00164437
157.902 12.209 -0.125938 1.64325 -0.0011696 -0.00170414 0.00164361
157.922 12.2101 -0.125971 1.64332 -0.00114214 -0.00171191 0.00164286
157.942 12.2112 -0.126 1.64339 -0.00114517 -0.00180983 0.00164384
157.964 12.2123 -0.126024 1.64345 -0.0011605 -0.00182102 0.00164406
157.983 12.2135 -0.126043 1.64351 -0.00115342 -0.00185036 0.00164399
158.005 12.2146 -0.126058 1.64358 -0.00112679 -0.00188282 0.00164508
158.023 12.2158 -0.126068 1.64363 -0.00106413 -0.0018764 0.00164485
158.043 12.217 -0.126074 1.64369 -0.00099225 -0.00184954 0.00164444
158.067 12.2182 -0.126077 1.64374 -0.000935186 -0.0018935 0.00164448
158.084 12.2194 -0.126075 1.64379 -0.000888407 -0.00200386 0.00164463
158.105 12.2206 -0.12607 1.64384 -0.000845608 -0.00185813 0.00164408
158.124 12.2219 -0.126062 1.64389 -0.000826808 -0.00186168 0.00164432
158.144 12.2232 -0.12605 1.64393 -0.000827506 -0.00189296 0.00164486
158.165 12.2245 -0.126035 1.64398 -0.000840539 -0.0018908 0.00164557
158.185 12.2258 -0.126016 1.64401 -0.000862474 -0.0018703 0.00164747
158.206 12.2271 -0.125994 1.64404 -0.000879991 -0.00185993 0.00164866
158.225 12.2284 -0.125969 1.64407 -0.00088695 -0.00185596 0.00164968
158.245 12.2298 -0.125941 1.6441 -0.00088807 -0.00184062 0.00165069
158.267 12.2312 -0.125909 1.64412 -0.000893184 -0.0018322 0.00165098
158.286 12.2325 -0.125874 1.64415 -0.000898527 -0.00190689 0.00165132
158.307 12.234 -0.125835 1.64417 -0.000902823 -0.00174222 0.00165171
158.326 12.2354 -0.125792 1.64419 -0.000900254 -0.00176406 0.00165259
158.346 12.2368 -0.125747 1.64421 -0.000877142 -0.00179914 0.00165348
158.367 12.2383 -0.125698 1.64424 -0.000821742 -0.00176852 0.00165501
158.387 12.2398 -0.125647 1.64427 -0.00076252 -0.00173796 0.0016554
158.407 12.2413 -0.125592 1.64429 -0.000726654 -0.00173816 0.00165436
158.427 12.2428 -0.125534 1.64431 -0.00069469 -0.00179603 0.00165393
158.447 12.2443 -0.125474 1.64434 -0.00068782 -0.00174351 0.00165402
158.469 12.2459 -0.125412 1.64437 -0.000688963 -0.00172075 0.00165541
158.487 12.2474 -0.125346 1.64441 -0.000697802 -0.00178703 0.00165627
158.509 12.249 -0.125278 1.64444 -0.000694028 -0.00179902 0.00165651
158.528 12.2506 -0.125208 1.64448 -0.000681101 -0.00178145 0.00165774
158.548 12.2523 -0.125135 1.64452 -0.000671334 -0.00180852 0.00165904
158.569 12.2539 -0.12506 1.64455 -0.000653258 -0.00179504 0.00166033
158.588 12.2555 -0.124983 1.64459 -0.000612893 -0.00183531 0.00166167
158.61 12.2572 -0.124903 1.64462 -0.00061375 -0.00177668 0.00166266
158.629 12.2589 -0.124821 1.64466 -0.000624328 -0.00179254 0.00166467
158.649 12.2607 -0.124737 1.64471 -0.000581913 -0.00178499 0.00166595
158.674 12.2624 -0.124651 1.64476 -0.000518943 -0.00181608 0.00166695
158.69 12.2642 -0.124564 1.64481 -0.00044664 -0.00182505 0.00166824
158.71 12.2659 -0.124475 1.64486 -0.000349479 -0.00178848 0.00166946
158.73 12.2677 -0.124385 1.64491 -0.000272384 -0.00167217 0.00167088
158.75 12.2695 -0.124294 1.64496 -0.000244 -0.00202689 0.00167182
158.773 12.2713 -0.124201 1.64503 -0.00026445 -0.00187297 0.00167271
158.791 12.2732 -0.124108 1.64511 -0.00029162 -0.00153896 0.00167282
158.811 12.2751 -0.124015 1.64519 -0.000302324 -0.00172327 0.00167298
158.831 12.277 -0.12392 1.64527 -0.000381922 -0.00217434 0.00167403
158.851 12.2789 -0.123824 1.64537 -0.000361267 -0.00171895 0.00167472
158.872 12.2809 -0.123727 1.64547 -0.000290119 -0.00148929 0.0016746
158.892 12.2828 -0.123629 1.64559 -0.000280271 -0.00176223 0.00167509
158.912 12.2849 -0.123531 1.6457 -0.000263981 -0.00174622 0.00167353
158.932 12.2869 -0.123431 1.64582 -0.000234306 -0.00171221 0.00167323
158.952 12.289 -0.123331 1.64593 -0.000210895 -0.00175627 0.00167421
158.976 12.2911 -0.123231 1.64603 -0.000158261 -0.00171207 0.00167493
158.993 12.2933 -0.12313 1.64612 -0.00011545 -0.00167199 0.00167524
159.015 12.2954 -0.123029 1.64621 -6.70017e-05 -0.0017597 0.00167585
159.034 12.2976 -0.122928 1.64629 4.67423e-06 -0.00181524 0.00167558
159.053 12.2998 -0.122827 1.64636 2.29804e-05 -0.00180442 0.00167402
159.079 12.3021 -0.122726 1.64643 1.47687e-05 -0.00178434 0.00167359
159.094 12.3043 -0.122626 1.64649 4.33231e-05 -0.00181957 0.00167411
159.115 12.3066 -0.122527 1.64656 7.6074e-05 -0.00166249 0.00167501
159.134 12.3089 -0.122427 1.64661 5.14171e-05 -0.0017251 0.00167481
159.154 12.3113 -0.122328 1.64667 5.40437e-05 -0.00184184 0.00167478
159.175 12.3136 -0.12223 1.64672 3.4054e-05 -0.00189665 0.0016743
159.194 12.316 -0.122132 1.64677 2.30778e-05 -0.00173012 0.00167457
159.218 12.3185 -0.122035 1.64681 5.11598e-05 -0.00172524 0.0016741
159.235 12.3209 -0.121937 1.64685 4.28728e-05 -0.00176604 0.00167396
159.255 12.3234 -0.121841 1.64688 9.28459e-05 -0.00171003 0.00167415
159.278 12.3259 -0.121746 1.64692 0.000182255 -0.00160397 0.00167314
159.296 12.3284 -0.121651 1.64696 0.000203302 -0.00141948 0.0016724
159.318 12.331 -0.121557 1.647 0.000221899 -0.00158243 0.00167271
159.336 12.3336 -0.121463 1.64706 0.000169579 -0.00178933 0.00167314
159.356 12.3361 -0.121371 1.64712 0.000139569 -0.00181667 0.0016733
159.378 12.3388 -0.12128 1.64718 8.24083e-05 -0.0015465 0.00167462
159.396 12.3414 -0.121189 1.64723 3.56895e-05 -0.0016269 0.0016763
159.417 12.344 -0.121099 1.64729 1.89283e-05 -0.00167892 0.00167801
159.437 12.3467 -0.121009 1.64735 -8.22434e-06 -0.00175301 0.0016791
159.457 12.3493 -0.120919 1.64741 8.4818e-06 -0.00160597 0.00167976
159.478 12.352 -0.12083 1.64746 1.77197e-05 -0.0015275 0.00168192
159.498 12.3547 -0.120741 1.64751 2.35525e-06 -0.00152247 0.00168393
159.52 12.3574 -0.120652 1.64755 -2.00036e-05 -0.00149606 0.00168467
159.538 12.3601 -0.120563 1.64759 -3.77561e-05 -0.00147054 0.00168561
159.558 12.3628 -0.120475 1.64762 -2.37513e-05 -0.00137009 0.00168731
159.582 12.3655 -0.120386 1.64765 -2.72771e-05 -0.0014763 0.00168941
159.599 12.3683 -0.120298 1.64767 -3.06925e-05 -0.00150965 0.00169171
159.62 12.371 -0.12021 1.64769 -2.23849e-05 -0.00145677 0.00169413
159.639 12.3737 -0.120122 1.64771 -4.46967e-06 -0.00141421 0.00169393
159.659 12.3765 -0.120035 1.64772 -1.66008e-05 -0.00169052 0.00169381
159.684 12.3793 -0.119948 1.64774 4.13465e-05 -0.00116577 0.00169451
159.7 12.382 -0.119861 1.64777 5.22035e-05 -0.00144605 0.00169613
159.721 12.3848 -0.119774 1.64781 7.55534e-05 -0.0015466 0.00169797
159.74 12.3876 -0.119688 1.64786 9.12466e-05 -0.0015275 0.00169787
159.76 12.3904 -0.119603 1.64791 9.97776e-05 -0.00133291 0.00169753
159.781 12.3932 -0.119518 1.64796 0.00011894 -0.00149969 0.00169781
159.8 12.396 -0.119434 1.64801 0.000123193 -0.00148938 0.00169925
159.824 12.3988 -0.119351 1.64806 0.000141392 -0.00143287 0.0016994
159.841 12.4016 -0.119269 1.64811 0.000194423 -0.00191117 0.00169716
159.861 12.4045 -0.119187 1.64817 0.000175346 -0.00158797 0.00169694
159.884 12.4074 -0.119106 1.64823 0.00016259 -0.00144777 0.00169697
159.901 12.4103 -0.119026 1.6483 0.000167711 -0.00158078 0.00169634
159.922 12.4133 -0.118948 1.64838 0.000196525 -0.00150599 0.00169587
159.942 12.4163 -0.11887 1.64846 0.000242798 -0.00155714 0.00169564
159.962 12.4194 -0.118793 1.64853 0.000301133 -0.0015875 0.00169558
159.984 12.4224 -0.118717 1.64861 0.000320782 -0.00157497 0.00169636
160.002 12.4255 -0.118643 1.64868 0.00031797 -0.00172854 0.00169766
160.023 12.4287 -0.11857 1.64875 0.000323417 -0.00168715 0.00169912
160.042 12.4319 -0.118499 1.64881 0.000343403 -0.00158559 0.00170092
160.063 12.4351 -0.118429 1.64887 0.000362628 -0.00170651 0.00170171
160.084 12.4383 -0.118361 1.64893 0.000353124 -0.00162171 0.001703
160.103 12.4416 -0.118294 1.64898 0.000321112 -0.00161055 0.00170416
160.123 12.4449 -0.118229 1.64903 0.000294691 -0.00182233 0.00170476
160.144 12.4482 -0.118164 1.64908 0.000248731 -0.00173239 0.00170658
160.163 12.4516 -0.118101 1.64913 0.000210684 -0.00159576 0.00170733
160.186 12.455 -0.118039 1.64917 0.000180708 -0.0016729 0.00170807
160.203 12.4585 -0.117977 1.64921 0.000153937 -0.00172291 0.00170941
160.226 12.4619 -0.117917 1.64924 0.000139408 -0.00166266 0.00171092
160.244 12.4655 -0.117857 1.64928 0.000131912 -0.00148723 0.00170975
160.265 12.469 -0.117797 1.6493 0.00010544 -0.00160116 0.00170877
160.285 12.4726 -0.117738 1.64933 7.55863e-05 -0.00156573 0.00170674
160.305 12.4762 -0.11768 1.64936 6.44185e-05 -0.00155339 0.001708
160.326 12.4798 -0.117622 1.64938 6.7483e-05 -0.00155611 0.00170955
160.345 12.4834 -0.117565 1.6494 9.58438e-05 -0.00157437 0.0017106
160.366 12.4871 -0.117508 1.64942 0.000137908 -0.00157424 0.00171147
160.386 12.4908 -0.117452 1.64943 0.000179617 -0.00162348 0.00171299
160.406 12.4945 -0.117396 1.64944 0.000157933 -0.0019228 0.00171524
160.429 12.4983 -0.117342 1.64946 0.000188748 -0.00142736 0.00171647
160.446 12.5021 -0.117288 1.64949 0.000182441 -0.00137702 0.00172005
160.467 12.5059 -0.117235 1.64954 0.000159236 -0.00160664 0.00172148
160.49 12.5097 -0.117182 1.64959 0.000146803 -0.00167642 0.00172371
160.507 12.5136 -0.11713 1.64965 0.000137262 -0.00155143 0.00172553
160.528 12.5175 -0.117079 1.6497 0.000123692 -0.00191778 0.00172667
160.547 12.5214 -0.117029 1.64976 0.000172034 -0.00171703 0.00172767
160.567 12.5254 -0.116979 1.64983 0.000140493 -0.00114685 0.00173057
160.591 12.5294 -0.116929 1.6499 8.89558e-05 -0.00144984 0.00173426
160.608 12.5335 -0.116881 1.64998 9.36127e-05 -0.00194419 0.00173604
160.63 12.5376 -0.116832 1.65006 4.2411e-06 -0.00198213 0.0017387
160.648 12.5418 -0.116783 1.65015 -5.52584e-05 -0.0012832 0.0017406
160.668 12.546 -0.116735 1.65025 -5.37486e-05 -0.00163626 0.00174251
160.693 12.5502 -0.116686 1.65036 -7.07333e-05 -0.00185348 0.00174287
160.709 12.5544 -0.116637 1.65047 -0.000103404 -0.00181723 0.00174457
160.729 12.5587 -0.116588 1.65058 -7.85424e-05 -0.00160481 0.00174678
160.749 12.563 -0.116539 1.65069 -5.90813e-05 -0.00153597 0.00174842
160.769 12.5673 -0.11649 1.65079 -6.01124e-05 -0.0017483 0.00174987
160.793 12.5716 -0.11644 1.65089 -6.24069e-05 -0.00172388 0.00175071
160.81 12.5759 -0.116391 1.65098 -5.27023e-05 -0.00163709 0.00175244
160.833 12.5802 -0.116341 1.65106 -2.37242e-05 -0.00160472 0.00175209
160.851 12.5846 -0.116291 1.65112 -6.73964e-05 -0.00236018 0.00175495
160.871 12.5889 -0.116242 1.65119 7.00555e-05 -0.00201225 0.001755
160.892 12.5934 -0.116194 1.65127 0.000205372 -0.00133129 0.00175665
160.911 12.5979 -0.116145 1.65137 0.000274601 -0.00149277 0.00175933
160.933 12.6024 -0.116098 1.65147 0.000270845 -0.00170127 0.00176184
160.952 12.607 -0.116051 1.65158 0.000247937 -0.00164742 0.0017645
160.972 12.6117 -0.116006 1.65168 0.000214689 -0.00176639 0.00176621
160.996 12.6164 -0.115961 1.65177 0.000186676 -0.00185114 0.00176799
161.013 12.6212 -0.115917 1.65185 0.000163905 -0.00181205 0.00177073
161.034 12.626 -0.115874 1.65193 0.000123918 -0.0019379 0.00177245
161.053 12.6308 -0.115831 1.652 4.46e-05 -0.00191606 0.00177445
161.073 12.6358 -0.115788 1.65207 -4.61927e-06 -0.00191946 0.00177599
161.093 12.6407 -0.115746 1.65214 -3.21822e-05 -0.0018774 0.00177609
161.113 12.6457 -0.115703 1.6522 -4.80277e-05 -0.00195221 0.0017765
161.135 12.6507 -0.11566 1.65226 -4.75524e-05 -0.00204467 0.00177565
161.154 12.6558 -0.115618 1.65233 4.72558e-06 -0.00182693 0.00177778
161.173 12.661 -0.115575 1.6524 1.04122e-05 -0.00155978 0.00177977
161.194 12.6661 -0.115532 1.65246 -4.70082e-05 -0.00182931 0.00178283
161.214 12.6713 -0.115488 1.65253 -9.51827e-05 -0.00200153 0.00178501
161.235 12.6766 -0.115445 1.65259 -0.000118923 -0.00202369 0.00178452
161.254 12.6818 -0.115401 1.65265 -9.83055e-05 -0.00182752 0.00178604
161.274 12.6871 -0.115358 1.65271 -8.6621e-05 -0.00180114 0.00178768
161.298 12.6924 -0.115313 1.65276 -9.25647e-05 -0.00204273 0.00178895
161.315 12.6978 -0.115269 1.65281 -5.88007e-05 -0.00176216 0.00178918
161.336 12.7032 -0.115224 1.65287 -0.000109245 -0.00166718 0.00179226
161.355 12.7087 -0.115179 1.65293 -7.7122e-05 -0.0020997 0.00179489
161.375 12.7141 -0.115133 1.65301 -3.97796e-05 -0.00133334 0.00179746
161.397 12.7196 -0.115088 1.6531 3.89742e-06 -0.00153688 0.00179491
161.416 12.7251 -0.115042 1.6532 3.12364e-05 -0.00165573 0.00179533
161.436 12.7306 -0.114997 1.6533 2.19157e-05 -0.00156631 0.00179658
161.457 12.7362 -0.114952 1.65339 3.53025e-05 -0.00119502 0.00179676
161.476 12.7417 -0.114907 1.65347 5.49876e-06 -0.00142528 0.00179574
161.5 12.7473 -0.114862 1.65355 -5.13532e-05 -0.00166089 0.00179674
161.516 12.7528 -0.114816 1.65363 -0.000134432 -0.00209959 0.00179926
161.537 12.7584 -0.114771 1.65371 -9.75711e-05 -0.00183277 0.00179912
161.557 12.764 -0.114725 1.65381 -0.000102636 -0.00155794 0.00180099
161.577 12.7698 -0.114679 1.6539 -0.000116903 -0.000995236 0.00180259
161.597 12.7755 -0.114632 1.654 -0.00014343 -0.00156322 0.00180448
161.617 12.7812 -0.114585 1.65411 -0.000159931 -0.00183086 0.00180456
161.64 12.7869 -0.114538 1.65422 -0.000153473 -0.00165988 0.00180575
161.658 12.7926 -0.11449 1.65433 -0.000126685 -0.00158033 0.00180715
161.678 12.7984 -0.114441 1.65443 -0.00010643 -0.0016397 0.00180901
161.704 12.8041 -0.114393 1.65452 -0.000111399 -0.00156331 0.00181112
161.719 12.8099 -0.114344 1.6546 -8.54019e-05 -0.00153283 0.00181241
161.74 12.8156 -0.114295 1.65467 -3.69408e-05 -0.00156899 0.00181492
161.759 12.8214 -0.114246 1.65474 -1.34757e-05 -0.00151806 0.00181805
161.78 12.8271 -0.114197 1.65479 -6.25049e-08 -0.00148161 0.00182097
161.8 12.8328 -0.114148 1.65483 1.41142e-05 -0.00148386 0.00182299
161.82 12.8386 -0.114099 1.65486 2.90524e-05 -0.00146164 0.00182631
161.844 12.8443 -0.114051 1.65488 5.72999e-06 -0.00151887 0.00182873
161.86 12.85 -0.114003 1.65488 0.000124715 -0.00249218 0.00183083
161.88 12.8558 -0.113954 1.6549 1.17341e-05 -0.00200913 0.00183644
161.903 12.8618 -0.113905 1.65494 -9.66176e-05 -0.00172561 0.001841
161.921 12.8678 -0.113857 1.65499 -0.00012335 -0.001987 0.00184515
161.942 12.8739 -0.113807 1.65506 -0.000143459 -0.00172196 0.00185094
161.962 12.8801 -0.113758 1.65514 -0.000103331 -0.00234416 0.00185545
161.982 12.8862 -0.113708 1.65524 -8.54887e-05 -0.00222495 0.00185952
162.004 12.8926 -0.113659 1.65535 0.000189044 0.00167866 0.00185288
162.023 12.8986 -0.113608 1.65549 -5.90407e-05 -0.000605791 0.00183552
162.044 12.9044 -0.113558 1.65578 -0.000292447 -0.00306346 0.0018286
162.063 12.91 -0.113508 1.65619 -0.000328432 -0.00186351 0.00182755
162.084 12.9154 -0.113457 1.65666 -0.000271564 -0.000839842 0.00182418
162.105 12.9205 -0.113407 1.65713 -0.00021492 -0.000499171 0.00182034
162.124 12.9255 -0.113356 1.65758 -0.000144482 -0.000394262 0.0018202
162.145 12.9303 -0.113305 1.658 -1.14346e-07 -0.000412152 0.00182174
162.164 12.9348 -0.113255 1.6584 6.34243e-05 -0.000135962 0.00181916
162.184 12.9392 -0.113206 1.65876 0.000197503 0.000216331 0.00181905
162.305 12.9434 -0.113157 1.65909 0.000259368 0.000145602 0.00181577
162.326 12.9474 -0.11311 1.65942 0.000324635 0.000597076 0.00181721
162.345 12.9513 -0.113065 1.65973 0.000376176 0.000664278 0.00181595
162.365 12.9549 -0.113021 1.66003 0.000351718 0.00060239 0.00181344
162.385 12.9584 -0.11298 1.66031 0.000461056 0.000765776 0.00181434
162.407 12.9617 -0.11294 1.66057 0.000491024 0.000584226 0.00180867
162.425 12.9648 -0.112903 1.6608 0.000475617 0.000769687 0.00180526
162.448 12.9677 -0.112868 1.66099 0.000513123 0.000462199 0.00180512
162.466 12.9705 -0.112836 1.66116 0.000520363 0.000938482 0.00180586
162.486 12.9731 -0.112805 1.6613 0.00049657 0.00063638 0.00180612
162.508 12.9755 -0.112777 1.66142 0.000502534 0.000398345 0.00180685
162.526 12.9778 -0.112752 1.66152 0.00049868 0.000545752 0.00180769
162.547 12.9799 -0.112728 1.66159 0.000522538 0.00105564 0.00180967
162.566 12.9819 -0.112707 1.66162 0.000533229 0.000838115 0.00181005
162.586 12.9838 -0.112689 1.66164 0.000554503 0.000815145 0.00181192
162.609 12.9855 -0.112673 1.66163 0.000577934 0.000550118 0.00181346
162.627 12.987 -0.112659 1.66161 0.00051589 0.000690029 0.0018098
162.647 12.9884 -0.112648 1.66156 0.000509668 0.000244555 0.00181157
162.667 12.9897 -0.112639 1.6615 0.00054075 0.000370252 0.00181344
162.687 12.9908 -0.112633 1.66142 0.000520825 0.000291977 0.00181332
162.711 12.9918 -0.112629 1.66131 0.000545998 0.000204484 0.00181526
162.727 12.9927 -0.112627 1.66121 0.000545633 0.00106585 0.00181753
162.747 12.9934 -0.112628 1.66108 0.000588382 0.000488642 0.00181996
162.767 12.9941 -0.112631 1.66095 0.000640362 0.000286321 0.00182275
162.788 12.9946 -0.112637 1.66083 0.000654271 0.000773315 0.00182374
162.808 12.995 -0.112645 1.6607 0.000640151 0.000393882 0.00182472
162.828 12.9953 -0.112656 1.66057 0.000627436 0.000277515 0.00182718
162.85 12.9956 -0.112669 1.66043 0.000591905 -5.57136e-05 0.00182767
162.868 12.9957 -0.112686 1.66028 0.0006068 -0.00011166 0.00182989
162.888 12.9958 -0.112704 1.66015 0.000614854 -1.59635e-05 0.00183151
162.912 12.9959 -0.112725 1.66003 0.000625367 0.000249705 0.00183341
162.93 12.9958 -0.112749 1.6599 0.000606717 -0.000672945 0.00183422
162.951 12.9956 -0.112774 1.65977 0.00053137 -0.00100263 0.00183391
162.97 12.9954 -0.112802 1.65966 0.000464209 -0.000964277 0.00183572
162.99 12.995 -0.112832 1.65955 0.000427992 -0.000938581 0.00183545
163.012 12.9946 -0.112863 1.65943 0.000411989 -0.00139755 0.00183444
163.03 12.9942 -0.112896 1.65931 0.000359525 -0.00144692 0.00183514
163.051 12.9936 -0.112931 1.65919 0.000300482 -0.00151363 0.00183595
163.07 12.993 -0.112966 1.65905 0.000237824 -0.00159108 0.00183434
163.09 12.9924 -0.113003 1.65891 0.000192032 -0.00168301 0.00183403
163.115 12.9917 -0.11304 1.65876 0.000165257 -0.00170166 0.0018305
163.131 12.9909 -0.113078 1.6586 0.000122015 -0.00267673 0.0018292
163.155 12.9902 -0.113117 1.65846 0.000133776 -0.00189797 0.00182895
163.172 12.9895 -0.113156 1.65834 0.000125027 -0.00166727 0.00182911
163.192 12.9888 -0.113195 1.65825 9.36786e-05 -0.00202577 0.00183127
163.212 12.9881 -0.113234 1.65818 5.99269e-05 -0.00223784 0.00183245
163.232 12.9874 -0.113274 1.65811 3.42017e-05 -0.00227726 0.00183246
163.253 12.9868 -0.113313 1.65805 1.16327e-05 -0.00233373 0.00183259
163.272 12.9861 -0.113353 1.65798 -1.6267e-05 -0.00241994 0.00183286
163.292 12.9855 -0.113392 1.65791 -5.31435e-05 -0.00248383 0.00183187
163.314 12.9849 -0.11343 1.65784 -8.33328e-05 -0.00253682 0.00183264
163.332 12.9843 -0.113469 1.65776 -9.478e-05 -0.00257144 0.00183152
163.354 12.9837 -0.113506 1.65768 -0.000104762 -0.00258252 0.00183157
163.373 12.9831 -0.113544 1.6576 -0.000121436 -0.00258947 0.00182941
163.393 12.9825 -0.11358 1.65752 -0.000134213 -0.00259967 0.00182643
163.415 12.9819 -0.113616 1.65743 -0.000130746 -0.00258928 0.00182496
163.433 12.9814 -0.113652 1.65734 -0.000116377 -0.00256688 0.00182355
163.454 12.9809 -0.113687 1.65725 -8.156e-05 -0.00252728 0.00182297
163.474 12.9803 -0.113722 1.65716 -3.94153e-05 -0.00248913 0.00182185
163.494 12.9798 -0.113756 1.65707 -1.08363e-05 -0.00247683 0.00182021
163.517 12.9793 -0.11379 1.65698 2.35723e-05 -0.00245829 0.00181889
163.534 12.9788 -0.113824 1.65689 5.88115e-05 -0.00243339 0.00181762
163.555 12.9783 -0.113859 1.6568 9.61585e-05 -0.0024128 0.00181633
163.575 12.9779 -0.113893 1.65671 0.000132262 -0.00240626 0.0018163
163.595 12.9774 -0.113928 1.65661 0.000168998 -0.00240985 0.00181559
163.619 12.9769 -0.113964 1.65652 0.000224618 -0.00239585 0.00181442
163.635 12.9765 -0.114 1.65643 0.000285795 -0.00238438 0.00181354
163.657 12.9761 -0.114037 1.65634 0.000340862 -0.00239333 0.00181315
163.676 12.9757 -0.114076 1.65625 0.000412769 -0.00238811 0.00181205
163.696 12.9753 -0.114116 1.65616 0.000487281 -0.00236522 0.00181083
163.72 12.9749 -0.114157 1.65607 0.000531303 -0.00234464 0.00180971
163.736 12.9745 -0.114201 1.65599 0.000546823 -0.00234586 0.00180952
163.758 12.9741 -0.114246 1.65591 0.000561675 -0.00233966 0.00180903
163.777 12.9738 -0.114294 1.65583 0.000569838 -0.00231808 0.00180825
163.797 12.9735 -0.114343 1.65575 0.000567213 -0.00230241 0.0018084
163.819 12.9731 -0.114394 1.65568 0.000550406 -0.00228873 0.00180813
163.837 12.9728 -0.114448 1.65561 0.000535533 -0.00225188 0.00180943
163.858 12.9725 -0.114503 1.65554 0.000524435 -0.00220579 0.00180973
163.878 12.9722 -0.11456 1.65548 0.000511058 -0.00216702 0.00180949
163.898 12.9719 -0.114619 1.65542 0.000495501 -0.00213833 0.00180913
163.922 12.9717 -0.11468 1.65536 0.000484813 -0.00211031 0.00180731
163.938 12.9714 -0.114742 1.65531 0.000478651 -0.00208402 0.00180593
163.959 12.9712 -0.114806 1.65525 0.000469628 -0.00207157 0.00180408
163.979 12.9709 -0.114872 1.6552 0.00047522 -0.00204529 0.00180289
163.999 12.9707 -0.114939 1.65515 0.000491024 -0.00201905 0.00180179
164.023 12.9705 -0.115008 1.6551 0.0005332 -0.00200682 0.00180058
164.039 12.9703 -0.115079 1.65505 0.000608717 -0.00197421 0.00179876
164.059 12.9701 -0.115153 1.65501 0.00072173 -0.00192213 0.00179924
164.08 12.9699 -0.115229 1.65497 0.000866326 -0.00179585 0.00179921
164.1 12.9698 -0.115309 1.65493 0.00100908 -0.00184916 0.00179818
164.123 12.9696 -0.115392 1.65489 0.00111975 -0.00196627 0.00179691
164.14 12.9695 -0.115479 1.65486 0.00122275 -0.00178532 0.00179666
164.161 12.9693 -0.115571 1.65484 0.00132594 -0.00174034 0.00179569
164.18 12.9692 -0.115667 1.65482 0.00141165 -0.00177224 0.00179454
164.2 12.9691 -0.115769 1.6548 0.00147451 -0.00175124 0.00179347
164.221 12.9689 -0.115876 1.65478 0.00152477 -0.00171627 0.00179458
164.241 12.9688 -0.115988 1.65476 0.00156393 -0.0017019 0.00179573
164.262 12.9687 -0.116106 1.65475 0.00160714 -0.00167824 0.00179624
164.282 12.9686 -0.116231 1.65473 0.00165387 -0.0016464 0.00179604
164.301 12.9685 -0.116361 1.65471 0.00168812 -0.00162986 0.00179562
164.324 12.9684 -0.116497 1.6547 0.00171462 -0.00162151 0.00179342
164.342 12.9683 -0.11664 1.65468 0.00174906 -0.00159731 0.00179216
164.363 12.9682 -0.116788 1.65466 0.00178642 -0.00156345 0.00179149
164.382 12.9681 -0.116944 1.65465 0.00180684 -0.00155248 0.00179071
164.403 12.968 -0.117106 1.65463 0.00180892 -0.00156672 0.00179083
164.424 12.968 -0.117274 1.65462 0.00181638 -0.00156788 0.00179041
164.443 12.9679 -0.117449 1.6546 0.00182 -0.00157083 0.00179089
164.464 12.9678 -0.117631 1.65459 0.00181193 -0.00158785 0.00179104
164.484 12.9678 -0.117819 1.65458 0.00181272 -0.00158611 0.00179097
164.504 12.9678 -0.118013 1.65457 0.00182722 -0.00155775 0.00179269
164.525 12.9677 -0.118214 1.65456 0.00183486 -0.00153532 0.00179293
164.544 12.9677 -0.118422 1.65455 0.00182855 -0.00153026 0.00179166
164.566 12.9676 -0.118636 1.65454 0.00182497 -0.0015158 0.00179046
164.584 12.9676 -0.118856 1.65454 0.00184237 -0.00148021 0.00178952
164.604 12.9676 -0.119083 1.65454 0.00187119 -0.0014651 0.00178906
164.628 12.9676 -0.119317 1.65454 0.0018928 -0.00147861 0.00178764
164.645 12.9676 -0.119557 1.65455 0.00192086 -0.00148603 0.0017861
164.666 12.9676 -0.119805 1.65455 0.0019489 -0.00149292 0.00178667
164.686 12.9676 -0.120058 1.65456 0.00197726 -0.00149614 0.00178635
164.706 12.9676 -0.120319 1.65457 0.00202104 -0.00146969 0.00178549
164.727 12.9676 -0.120587 1.65458 0.00206972 -0.00144615 0.00178445
164.746 12.9677 -0.120863 1.6546 0.00212283 -0.00144063 0.00178335
164.767 12.9677 -0.121146 1.65461 0.00218855 -0.00142268 0.00178341
164.786 12.9677 -0.121436 1.65463 0.00225627 -0.00140339 0.00178309
164.806 12.9678 -0.121734 1.65466 0.00230899 -0.00140518 0.00178226
164.829 12.9678 -0.122041 1.65468 0.0023438 -0.00143128 0.00178169
164.848 12.9679 -0.122355 1.6547 0.0023761 -0.00145694 0.00177984
164.868 12.968 -0.122678 1.65473 0.00238363 -0.00148095 0.00177901
164.888 12.968 -0.123008 1.65475 0.00236503 -0.00150111 0.00177716
164.908 12.9681 -0.123347 1.65478 0.00235354 -0.00148935 0.00177548
164.929 12.9682 -0.123694 1.65481 0.00235768 -0.00145596 0.00177456
164.949 12.9683 -0.12405 1.65485 0.00236168 -0.00143563 0.00177658
164.97 12.9684 -0.124413 1.65488 0.00236109 -0.00140173 0.00177713
164.99 12.9685 -0.124784 1.65492 0.00237676 -0.00136197 0.00177624
165.01 12.9686 -0.125164 1.65496 0.00238532 -0.00134641 0.0017751
165.031 12.9687 -0.125552 1.65501 0.0024434 -0.00135004 0.00177438
165.05 12.9688 -0.125949 1.65505 0.00265037 -0.00135904 0.00177381
165.075 12.9689 -0.126356 1.65511 0.002943 -0.00137438 0.00177285
165.091 12.9691 -0.126773 1.65516 0.00324555 -0.00140736 0.00177266
165.11 12.9692 -0.127201 1.65522 0.00351853 -0.00137624 0.00177219
165.132 12.9693 -0.127642 1.65527 0.00377572 -0.00144188 0.00177046
165.151 12.9695 -0.128095 1.65533 0.00400362 -0.00151624 0.00176941
165.172 12.9696 -0.128563 1.65538 0.00419102 -0.00144978 0.00176938
165.192 12.9697 -0.129046 1.65544 0.00435401 -0.00132825 0.00176946
165.211 12.9699 -0.129543 1.65551 0.00445221 -0.00138309 0.00176845
165.233 12.97 -0.130057 1.65557 0.0045202 -0.00150011 0.00176665
165.252 12.9701 -0.130586 1.65564 0.00456146 -0.00131943 0.00176677
165.273 12.9703 -0.131131 1.65571 0.00455164 -0.0013394 0.00176753
165.292 12.9704 -0.131692 1.65579 0.00451551 -0.00138639 0.00177003
165.312 12.9705 -0.132269 1.65586 0.00445585 -0.00138332 0.00177242
165.337 12.9707 -0.132861 1.65593 0.00438733 -0.00135611 0.00177378
165.353 12.9708 -0.133469 1.65599 0.00432909 -0.00134499 0.00177382
165.374 12.9709 -0.134092 1.65605 0.00428281 -0.00133576 0.00177483
165.393 12.9711 -0.134729 1.65611 0.00424473 -0.00131698 0.00177724
165.413 12.9712 -0.135381 1.65616 0.00422824 -0.00130584 0.00177851
165.439 12.9713 -0.136048 1.65621 0.00420608 -0.00130723 0.00177941
165.453 12.9714 -0.136728 1.65626 0.00415744 -0.00131593 0.00178073
165.474 12.9715 -0.137423 1.65631 0.00407953 -0.00131994 0.00178216
165.494 12.9717 -0.138131 1.65635 0.00399007 -0.00131831 0.0017852
165.514 12.9718 -0.138853 1.65639 0.00388796 -0.00131624 0.00178568
165.535 12.9719 -0.139587 1.65644 0.00378601 -0.00130517 0.00178486
165.554 12.972 -0.140334 1.65647 0.00374172 -0.00128676 0.00178487
165.575 12.9721 -0.141094 1.65651 0.00374342 -0.00127783 0.00178504
165.594 12.9722 -0.141865 1.65654 0.00373381 -0.00127845 0.00178269
165.614 12.9724 -0.142649 1.65657 0.00371307 -0.00127168 0.00178334
165.639 12.9725 -0.143445 1.6566 0.00367753 -0.00126915 0.00178166
165.655 12.9726 -0.144253 1.65663 0.00362892 -0.0012712 0.00177969
165.676 12.9727 -0.145072 1.65666 0.00357502 -0.0012652 0.00177969
165.695 12.9728 -0.145902 1.65668 0.00350776 -0.00126498 0.00177892
165.715 12.9729 -0.146743 1.6567 0.0034359 -0.00127684 0.00177789
165.736 12.973 -0.147595 1.65672 0.00337313 -0.00129346 0.00177603
165.756 12.9731 -0.148458 1.65674 0.00332177 -0.00131469 0.00177393
165.777 12.9732 -0.149331 1.65675 0.00324975 -0.00133888 0.00177198
165.796 12.9733 -0.150213 1.65676 0.00315594 -0.00137234 0.00177154
165.816 12.9734 -0.151105 1.65677 0.00306853 -0.0013774 0.00177043
165.837 12.9735 -0.152007 1.65678 0.00298345 -0.00136319 0.00176863
165.857 12.9736 -0.152916 1.6568 0.00288419 -0.00135393 0.0017675
165.878 12.9737 -0.153835 1.65681 0.00280369 -0.00133563 0.00176954
165.898 12.9738 -0.154762 1.65682 0.00277478 -0.00131644 0.00177314
165.917 12.9739 -0.155696 1.65683 0.00276826 -0.00131096 0.00177572
165.941 12.9739 -0.156639 1.65684 0.00272487 -0.00129365 0.00177694
165.958 12.974 -0.157588 1.65685 0.00264434 -0.00127889 0.00177614
165.979 12.9741 -0.158545 1.65686 0.00254297 -0.00126686 0.00177567
165.998 12.9742 -0.159509 1.65688 0.00244866 -0.00124621 0.00177486
166.018 12.9743 -0.160479 1.65689 0.00236454 -0.00125519 0.00177463
166.044 12.9744 -0.161456 1.65691 0.00241753 -0.00126987 0.00177277
166.059 12.9744 -0.162442 1.65693 0.00283134 -0.00128459 0.00177073
166.081 12.9745 -0.163438 1.65696 0.0035775 -0.00131299 0.00176869
166.099 12.9746 -0.164445 1.65699 0.00440476 -0.00132646 0.001766
166.119 12.9747 -0.165466 1.65702 0.00511453 -0.00131622 0.00176397
166.142 12.9748 -0.166502 1.65705 0.00570118 -0.00131727 0.00176211
166.16 12.9748 -0.167557 1.65708 0.00617367 -0.00132567 0.00176227
166.181 12.9749 -0.168632 1.65711 0.00654169 -0.00134504 0.00176132
166.2 12.975 -0.169729 1.65713 0.00682606 -0.00136413 0.00176012
166.221 12.975 -0.170848 1.65714 0.00702623 -0.00134952 0.00176027
166.242 12.9751 -0.171991 1.65716 0.00714066 -0.00132695 0.00176035
166.261 12.9752 -0.173157 1.65717 0.00719558 -0.00131894 0.00175876
166.284 12.9752 -0.174348 1.65718 0.00722142 -0.00132257 0.00175708
166.302 12.9753 -0.175564 1.65718 0.00723934 -0.00132436 0.00175581
166.322 12.9754 -0.176803 1.65719 0.00725348 -0.00132515 0.00175431
166.342 12.9754 -0.178067 1.65719 0.00725257 -0.00133389 0.00175296
166.362 12.9755 -0.179355 1.65719 0.00721561 -0.00133443 0.00175497
166.383 12.9756 -0.180667 1.6572 0.00713584 -0.00132627 0.00175478
166.402 12.9756 -0.182003 1.6572 0.00702634 -0.00133158 0.00175283
166.422 12.9757 -0.183361 1.6572 0.00689411 -0.00126558 0.00175381
166.445 12.9757 -0.184742 1.65721 0.00675303 -0.00142155 0.00175294
166.463 12.9758 -0.186146 1.65722 0.00662882 -0.00134092 0.00175486
166.485 12.9758 -0.18757 1.65723 0.00645303 -0.00129263 0.00175699
166.503 12.9759 -0.189015 1.65725 0.00627897 -0.00130617 0.0017572
166.523 12.9759 -0.19048 1.65727 0.00613986 -0.0012771 0.00175569
166.544 12.976 -0.191965 1.65729 0.0060169 -0.00122733 0.00175464
166.563 12.976 -0.193467 1.65731 0.00583651 -0.00138586 0.00175129
166.586 12.976 -0.194988 1.65733 0.0056303 -0.00133049 0.00174987
166.604 12.976 -0.196527 1.65737 0.00545533 -0.00123381 0.00175172
166.624 12.9761 -0.198082 1.6574 0.00537998 -0.00124916 0.0017511
166.649 12.9761 -0.199653 1.65744 0.0052974 -0.00128541 0.00175153
166.664 12.9761 -0.20124 1.65746 0.00516449 -0.00132752 0.00175285
166.687 12.9761 -0.202841 1.6575 0.00501365 -0.00127174 0.00175128
166.705 12.9761 -0.204457 1.65754 0.00487552 -0.00128541 0.00175099
166.725 12.9762 -0.206087 1.65757 0.00473857 -0.0013242 0.00174911
166.748 12.9762 -0.207731 1.65759 0.00459861 -0.00134143 0.00174567
166.765 12.9761 -0.209387 1.65762 0.00447742 -0.00135452 0.00174103
166.786 12.9761 -0.211055 1.65763 0.00439144 -0.00134179 0.00173721
166.806 12.9761 -0.212736 1.65764 0.00446444 -0.00141952 0.00173406
166.826 12.9761 -0.21443 1.65766 0.00469383 -0.00129092 0.00173351
166.85 12.9761 -0.216138 1.65768 0.00505518 -0.00137867 0.00173035
166.866 12.976 -0.217861 1.6577 0.00547502 -0.00143855 0.00173054
166.887 12.976 -0.219599 1.65773 0.00576818 -0.00129778 0.00173009
166.906 12.976 -0.221353 1.65777 0.00597821 -0.00133448 0.00172666
166.926 12.9759 -0.223126 1.6578 0.00625132 -0.00145502 0.00172751
166.948 12.9759 -0.224917 1.65784 0.00646958 -0.00135804 0.00172917
166.967 12.9758 -0.226727 1.65787 0.00654791 -0.00131068 0.00173024
166.988 12.9758 -0.228556 1.6579 0.00651264 -0.00130783 0.00172983
167.008 12.9757 -0.230404 1.65793 0.00640996 -0.00129115 0.00173099
167.028 12.9757 -0.232271 1.65796 0.00625531 -0.00117476 0.00173381
167.051 12.9756 -0.234156 1.65798 0.00610698 -0.00123672 0.00173379
167.068 12.9756 -0.236061 1.658 0.00623895 -0.00129258 0.0017325
167.09 12.9755 -0.237986 1.65803 0.00659436 -0.00137289 0.00172877
167.109 12.9754 -0.23993 1.65806 0.00700509 -0.00117551 0.00172949
167.129 12.9753 -0.241896 1.6581 0.0073585 -0.00121441 0.00172568
167.151 12.9752 -0.243883 1.65813 0.00768331 -0.00125327 0.00172239
167.169 12.9752 -0.245895 1.65816 0.00799233 -0.00135043 0.00171873
167.19 12.9751 -0.247931 1.65819 0.00823865 -0.00125073 0.00171576
167.21 12.975 -0.249992 1.65822 0.0084725 -0.0012296 0.00171375
167.23 12.9748 -0.25208 1.65824 0.00864432 -0.00125796 0.00171106
167.251 12.9747 -0.254194 1.65827 0.00871028 -0.00132712 0.00170891
167.27 12.9746 -0.256335 1.65829 0.0087334 -0.00132552 0.00170973
167.291 12.9745 -0.258504 1.65832 0.00874285 -0.00126455 0.00171123
167.311 12.9744 -0.2607 1.65833 0.0088184 -0.00138002 0.00170839
167.331 12.9743 -0.262923 1.65835 0.0088849 -0.00125732 0.0017077
167.352 12.9741 -0.265174 1.65836 0.00894018 -0.00128926 0.0017045
167.371 12.974 -0.267453 1.65838 0.00895422 -0.00121188 0.00170206
167.392 12.9739 -0.269758 1.65839 0.00891775 -0.00131051 0.0016983
167.411 12.9738 -0.272091 1.6584 0.00884287 -0.00135972 0.00169269
167.431 12.9736 -0.274452 1.65841 0.00876781 -0.00120876 0.0016893
167.452 12.9735 -0.276839 1.65842 0.00870955 -0.00131133 0.00168702
167.472 12.9733 -0.279252 1.65843 0.00870936 -0.00136983 0.0016834
167.494 12.9732 -0.281693 1.65844 0.00878493 -0.00132786 0.00168231
167.512 12.973 -0.28416 1.65845 0.00887665 -0.00138197 0.00168242
167.532 12.9729 -0.286654 1.65846 0.00897382 -0.00126225 0.00168142
167.553 12.9727 -0.289175 1.65847 0.00905034 -0.00139571 0.00167955
167.572 12.9726 -0.291723 1.65848 0.00913177 -0.00134331 0.00167891
167.593 12.9724 -0.294299 1.65849 0.00913795 -0.00130115 0.00167666
167.613 12.9722 -0.296901 1.65849 0.00900773 -0.00131439 0.00167552
167.633 12.9721 -0.299529 1.6585 0.00877363 -0.00133381 0.00167869
167.657 12.9719 -0.302183 1.6585 0.00848583 -0.00133126 0.00167998
167.673 12.9717 -0.304861 1.65849 0.00817651 -0.00132764 0.0016793
167.694 12.9716 -0.307563 1.65848 0.0078281 -0.0013231 0.00167795
167.714 12.9714 -0.310286 1.65847 0.00746981 -0.00131822 0.0016752
167.734 12.9712 -0.31303 1.65845 0.00713351 -0.00132578 0.00167246
167.755 12.9711 -0.315793 1.65843 0.00682041 -0.00133138 0.00166884
167.774 12.9709 -0.318573 1.6584 0.00652767 -0.00132389 0.00166626
167.796 12.9707 -0.321371 1.65837 0.00626147 -0.00131328 0.00166646
167.815 12.9706 -0.324184 1.65834 0.00600426 -0.00131122 0.0016676
167.835 12.9704 -0.327011 1.6583 0.0057602 -0.00131252 0.00166649
167.856 12.9702 -0.329852 1.65826 0.00552565 -0.00131126 0.00166695
167.875 12.9701 -0.332706 1.65822 0.00530376 -0.00129868 0.00167208
167.896 12.9699 -0.335571 1.65818 0.00513822 -0.00130313 0.00167466
167.916 12.9697 -0.338448 1.65814 0.00510317 -0.00130396 0.00167377
167.936 12.9696 -0.341336 1.65811 0.00507113 -0.00126244 0.00167141
167.959 12.9694 -0.344234 1.65808 0.00500284 -0.00124987 0.00166809
167.976 12.9692 -0.347143 1.65805 0.00491227 -0.00122417 0.00166582
167.998 12.969 -0.350061 1.65802 0.00481487 -0.00124504 0.00166402
168.017 12.9688 -0.352988 1.65799 0.00471771 -0.0012448 0.0016637
168.037 12.9687 -0.355925 1.65796 0.00460428 -0.00126017 0.00166042
168.061 12.9685 -0.35887 1.65793 0.00454265 -0.0012238 0.00166095
168.078 12.9683 -0.361826 1.65792 0.00489553 -0.001291 0.00165958
168.099 12.9681 -0.364795 1.65791 0.00569254 -0.00129369 0.0016579
168.118 12.9679 -0.367778 1.65791 0.00671639 -0.00128846 0.00165653
168.138 12.9677 -0.370777 1.65792 0.00778046 -0.00127375 0.00165168
168.159 12.9674 -0.373798 1.65792 0.00882383 -0.00127271 0.00164771
168.179 12.9672 -0.376843 1.65792 0.0097906 -0.00135004 0.00164463
168.201 12.967 -0.379916 1.65792 0.010637 -0.00115858 0.00164565
168.219 12.9667 -0.38302 1.65792 0.0113714 -0.00130522 0.001644
168.239 12.9665 -0.386158 1.65793 0.0119707 -0.00122369 0.00164636
168.259 12.9664 -0.388839 1.65787 0.0121673 -0.00146779 0.00097895
168.279 12.9667 -0.388958 1.65746 0.0109127 -0.000753587 -0.000200046
168.301 12.9668 -0.388922 1.65716 0.0111547 -0.00252382 -0.000245909
168.32 12.967 -0.388841 1.65714 0.0121972 -0.00443209 -0.000142549
168.34 12.967 -0.388725 1.65733 0.013471 -0.00554322 -8.73282e-05
168.363 12.967 -0.388599 1.65768 0.0147934 -0.00571877 -0.000102623
168.38 12.967 -0.388484 1.65812 0.0160146 -0.00599498 -2.43541e-05
168.402 12.967 -0.388389 1.65865 0.0170306 -0.00552517 -1.75825e-05
168.421 12.9669 -0.388284 1.65923 0.0181184 -0.00508515 2.13699e-05
168.441 12.9668 -0.38817 1.65985 0.0194874 -0.00401228 -1.93513e-05
168.463 12.9667 -0.388044 1.66052 0.0208479 -0.00328622 2.35841e-05
168.483 12.9666 -0.387915 1.66123 0.022383 -0.00212821 1.40123e-06
168.504 12.9666 -0.387781 1.66198 0.0239145 -0.00122393 1.385e-05
168.523 12.9665 -0.38764 1.66281 0.0255711 -0.000283857 1.3548e-05
168.543 12.9664 -0.387495 1.6637 0.0272434 0.000367402 3.64671e-05
168.564 12.9664 -0.38735 1.66462 0.0291338 0.00138821 -1.28805e-05
168.583 12.9663 -0.387209 1.66554 0.0306703 0.00145283 6.13529e-05
168.765 12.9663 -0.387081 1.66644 0.0324068 0.00226162 -2.68216e-06
168.782 12.9663 -0.38696 1.66732 0.0338755 0.00226987 1.63991e-05
168.802 12.9663 -0.386855 1.66815 0.0352557 0.00233143 -2.66673e-06
168.823 12.9663 -0.386793 1.6689 0.0360497 0.00201134 -2.55931e-06
168.842 12.9663 -0.386817 1.66954 0.0357452 0.00163217 -2.42192e-06
168.864 12.9664 -0.386907 1.67008 0.0345917 0.00119315 -2.25331e-06
168.882 12.9664 -0.387027 1.67048 0.033075 0.000723432 -2.07312e-06
168.902 12.9664 -0.387162 1.67076 0.0313936 0.000225817 -1.88984e-06
168.926 12.9665 -0.387302 1.67092 0.029664 -0.000165442 -1.73128e-06
168.942 12.9665 -0.387445 1.67096 0.027934 -0.000583694 -1.5759e-06
168.965 12.9665 -0.387581 1.67089 0.0262928 -0.000925213 -1.44422e-06
168.983 12.9665 -0.387707 1.67069 0.0248178 -0.00128711 3.45685e-06
169.003 12.9666 -0.387815 1.67037 0.0235423 -0.00152921 3.31709e-06
169.026 12.9666 -0.387916 1.66992 0.0223697 -0.00179261 3.18458e-06
169.044 12.9667 -0.388015 1.66937 0.0212289 -0.00200825 3.05229e-06
169.066 12.9667 -0.388117 1.66876 0.0200521 -0.00209464 2.91218e-06
169.085 12.9668 -0.388219 1.66811 0.0189259 -0.00218453 -1.16217e-05
169.105 12.9669 -0.388325 1.66743 0.0177212 -0.00228593 -1.44026e-05
169.126 12.967 -0.388435 1.66673 0.0165053 -0.00220828 -7.94325e-06
169.145 12.9672 -0.388539 1.66603 0.0153417 -0.00222461 -9.85336e-06
169.167 12.9673 -0.388644 1.66533 0.0141869 -0.00221686 -8.85058e-06
169.186 12.9675 -0.388751 1.66463 0.0130138 -0.00225097 -1.06555e-05
169.206 12.9677 -0.388857 1.66392 0.0118724 -0.0023044 -6.70782e-06
169.228 12.968 -0.388967 1.66314 0.0106851 -0.00330221 -5.796e-06
169.246 12.9684 -0.38908 1.66237 0.0093404 -0.0026875 -6.99953e-05
169.266 12.9689 -0.389194 1.66169 0.00804305 -0.00231833 -0.000114443
169.286 12.9695 -0.389291 1.66109 0.00701457 -0.00233395 -0.000121211
169.306 12.9703 -0.389378 1.66057 0.00615582 -0.00251054 -9.80402e-05
169.328 12.9712 -0.389457 1.66011 0.00539229 -0.00257571 -6.72931e-05
169.347 12.9722 -0.389533 1.65973 0.00466426 -0.00236916 -4.3325e-05
169.367 12.9733 -0.389595 1.65941 0.00409278 -0.00250535 -1.30509e-06
169.387 12.9746 -0.389639 1.65914 0.00363807 -0.00233566 -2.04055e-05
169.407 12.976 -0.389676 1.65892 0.00321884 -0.00227386 -3.48278e-05
169.43 12.9776 -0.389706 1.65875 0.00294112 -0.00234764 -2.05346e-05
169.447 12.9792 -0.389734 1.65862 0.00269026 -0.00223681 -5.4914e-06
169.468 12.9811 -0.389757 1.65853 0.00243414 -0.00222116 -3.42036e-06
169.489 12.983 -0.389769 1.65848 0.00231634 -0.00214203 -2.25928e-05
169.508 12.9851 -0.389771 1.65847 0.00225651 -0.00230396 -3.3337e-05
169.529 12.9873 -0.389777 1.65849 0.00213859 -0.0024393 -4.51954e-05
169.548 12.9896 -0.389791 1.65854 0.00195208 -0.00214703 -5.13305e-05
169.571 12.9921 -0.389809 1.65861 0.00181898 -0.00218866 -5.0319e-05
169.589 12.9947 -0.389825 1.65868 0.00168479 -0.00220643 -3.32519e-05
169.609 12.9974 -0.389842 1.65877 0.00152486 -0.00218638 -6.17391e-06
169.63 13.0002 -0.389864 1.65885 0.00133251 -0.00212856 1.87631e-05
169.65 13.003 -0.389551 1.65886 0.00145875 -0.00283564 -0.00148648
169.67 13.0057 -0.388752 1.65879 0.00188631 -0.00382587 -0.00431804
169.69 13.0085 -0.387971 1.65878 0.00277899 -0.0031711 -0.00647946
169.71 13.0116 -0.387208 1.65882 0.00414679 -0.00258945 -0.00845079
169.731 13.0147 -0.386466 1.65889 0.00544548 -0.00279688 -0.0102528
169.75 13.018 -0.385747 1.65897 0.00636161 -0.00280758 -0.0118886
169.77 13.0213 -0.385056 1.65904 0.00686681 -0.00264211 -0.0133672
169.79 13.0249 -0.384395 1.65911 0.00703305 -0.00221888 -0.0146953
169.81 13.0285 -0.383765 1.65916 0.00702296 -0.00196039 -0.0158845
169.831 13.0323 -0.383167 1.6592 0.00685469 -0.00187417 -0.0169395
169.85 13.0362 -0.382599 1.65923 0.00651889 -0.00190792 -0.0178635
169.873 13.0403 -0.382061 1.65925 0.00606053 -0.00179351 -0.0186619
169.891 13.0445 -0.381551 1.65926 0.00527491 -0.00168369 -0.0193365
169.911 13.0489 -0.381067 1.65928 0.00434215 -0.0011299 -0.0198983
169.933 13.0535 -0.380605 1.65928 0.00346918 -0.00161849 -0.0203651
169.952 13.0582 -0.380164 1.65929 0.00279521 -0.00153472 -0.0207341
169.981 13.063 -0.379739 1.6593 0.00228943 -0.00177091 -0.0210102
170.004 13.068 -0.379329 1.65931 0.00189388 -0.00152244 -0.0211991
170.024 13.0732 -0.378933 1.65932 0.00161159 -0.00154467 -0.0213061
170.044 13.0785 -0.378548 1.65931 0.00140794 -0.001831 -0.0213393
170.073 13.0839 -0.378173 1.6593 0.00125186 -0.00177079 -0.0212982
170.089 13.0894 -0.377809 1.65928 0.00112848 -0.00129355 -0.0211839
170.108 13.0951 -0.377455 1.65925 0.00110994 -0.00140419 -0.0210073
170.128 13.1009 -0.377108 1.65924 0.00109104 -0.00189835 -0.0207675
170.151 13.1068 -0.37677 1.65923 0.00107445 -0.00176536 -0.0204727
170.168 13.1128 -0.376441 1.65923 0.00103319 -0.00106145 -0.0201247
170.19 13.1189 -0.376119 1.65923 0.00102615 -0.00132679 -0.0197296
170.209 13.1251 -0.375806 1.65923 0.000994454 -0.00188887 -0.0192913
170.229 13.1316 -0.375503 1.65927 0.0010433 -0.000742398 -0.0188121
170.252 13.1383 -0.375209 1.65932 0.00105032 -0.00113654 -0.0182961
170.269 13.1452 -0.374926 1.65941 0.00109774 -0.000780793 -0.0177431
170.291 13.1523 -0.374651 1.65952 0.00101854 -0.00106797 -0.0171596
170.31 13.1597 -0.374384 1.65963 0.000838038 -0.00167146 -0.0165397
170.33 13.1672 -0.374126 1.65973 0.000610613 -0.00109691 -0.0158958
170.351 13.1749 -0.373874 1.65982 0.000396582 -0.00150581 -0.0152352
170.37 13.1828 -0.373628 1.6599 0.000194769 -0.00121848 -0.0145579
170.39 13.1909 -0.373386 1.65997 -3.11213e-05 -0.00100801 -0.0138638
170.41 13.1992 -0.373148 1.66002 -0.000215729 -0.00115788 -0.0131634
170.431 13.2076 -0.372913 1.66004 -0.000374415 -0.001616 -0.0124542
170.451 13.2161 -0.372679 1.66005 -0.000522705 -0.000996834 -0.0117359
170.471 13.2249 -0.372446 1.66005 -0.000649124 -0.000793727 -0.0110148
170.492 13.2337 -0.372213 1.66003 -0.000769396 -0.000790441 -0.0102888
170.511 13.2427 -0.371979 1.66 -0.000871835 -0.000537113 -0.00956434
170.531 13.2518 -0.371745 1.65996 -0.000939937 -0.000573135 -0.00884078
170.552 13.261 -0.371509 1.65991 -0.000991424 -0.000755597 -0.00812215
170.571 13.2703 -0.37127 1.65985 -0.0010559 -0.000298686 -0.00740778
170.593 13.2798 -0.37103 1.65978 -0.00109778 -0.000234205 -0.00669632
170.612 13.2893 -0.370787 1.65969 -0.0011082 -0.00017918 -0.00599564
170.632 13.2989 -0.370542 1.65959 -0.00111339 1.19191e-06 -0.00530438
170.656 13.3086 -0.370293 1.65948 -0.00111104 0.000204351 -0.00462148
170.672 13.3184 -0.370041 1.65935 -0.0011012 7.66392e-05 -0.00394591
170.694 13.3282 -0.369786 1.65921 -0.00109357 0.000202137 -0.00329024
170.713 13.3381 -0.369528 1.65907 -0.00108026 0.000413244 -0.00264801
170.733 13.3481 -0.369267 1.65892 -0.00104071 0.000492864 -0.00201697
170.757 13.3581 -0.369003 1.65876 -0.00099284 0.00050748 -0.00140186
170.774 13.3682 -0.368735 1.65859 -0.000949475 0.000625 -0.000804112
170.794 13.3783 -0.368465 1.65841 -0.000913568 0.000720299 -0.000229206
170.815 13.3884 -0.368192 1.65823 -0.00086694 0.000730387 0.000331813
170.835 13.3986 -0.367917 1.65803 -0.000801193 0.000725512 0.000878067
170.858 13.4088 -0.367639 1.65783 -0.000730812 0.0010429 0.00140883
170.875 13.419 -0.367359 1.65763 -0.000661553 0.000718145 0.00192133
170.896 13.4292 -0.367077 1.65744 -0.000612543 0.00105181 0.00241729
170.915 13.4394 -0.366794 1.65726 -0.00057426 0.000807148 0.00289356
170.935 13.4495 -0.366509 1.65708 -0.000550172 0.000649475 0.00335061
170.958 13.4597 -0.366222 1.65692 -0.000537701 0.000877261 0.00378794
170.976 13.4699 -0.365934 1.65675 -0.000526867 0.00118707 0.00420799
170.997 13.48 -0.365645 1.65659 -0.000514996 0.000942954 0.00460877
171.017 13.49 -0.365355 1.65643 -0.000503964 0.000977953 0.00499189
171.037 13.5 -0.365063 1.65629 -0.000492607 0.00111134 0.00535693
171.058 13.51 -0.364771 1.65614 -0.000478152 0.00111402 0.00570227
171.077 13.5199 -0.364478 1.65599 -0.000469835 0.00107722 0.00602951
171.098 13.5298 -0.364184 1.65584 -0.000443825 0.000365834 0.00634102
171.118 13.5396 -0.363889 1.6557 -0.000438411 0.000681139 0.00663089
171.139 13.5496 -0.363592 1.65559 -0.000450712 0.00197648 0.00690428
171.158 13.5594 -0.363295 1.65551 -0.00045735 0.00133381 0.00716096
171.178 13.5691 -0.362997 1.65546 -0.000449447 0.001111 0.007399
171.2 13.5788 -0.362698 1.65543 -0.00042313 0.00116184 0.0076209
171.219 13.5885 -0.3624 1.6554 -0.000368184 0.000262866 0.00782867
171.239 13.5981 -0.3621 1.6554 -0.000366993 0.00123996 0.00801969
171.26 13.6078 -0.361799 1.65543 -0.000365868 0.00202267 0.00819401
171.28 13.6174 -0.361498 1.65547 -0.000326229 0.00154767 0.00835763
171.3 13.6269 -0.361197 1.65553 -0.000267675 0.00106426 0.00851149
171.319 13.6363 -0.360897 1.65559 -0.000209252 0.000966003 0.00865001
171.339 13.6456 -0.360597 1.65564 -0.00014268 0.00117822 0.00877422
171.362 13.6548 -0.360298 1.65568 -5.58173e-05 0.00130529 0.008886
171.381 13.6639 -0.360001 1.65571 3.86047e-05 0.00115462 0.00898573
171.401 13.6729 -0.359706 1.65571 0.000131715 0.00108454 0.00906953
171.421 13.6818 -0.359413 1.65571 0.000218658 0.00123811 0.0091419
171.442 13.6906 -0.359122 1.65569 0.000294707 0.00150422 0.0092047
171.464 13.6992 -0.358834 1.65566 0.000373072 0.00129981 0.00925342
171.481 13.7077 -0.35855 1.65562 0.000437178 0.00116956 0.0092911
171.505 13.716 -0.358269 1.65558 0.000495569 0.00130153 0.00932061
171.522 13.7243 -0.357992 1.65553 0.000556813 0.00137347 0.00933764
171.542 13.7323 -0.357719 1.65549 0.000604222 0.00129129 0.00934556
171.562 13.7402 -0.357451 1.65544 0.00064573 0.00170206 0.0093478
171.582 13.748 -0.357187 1.65538 0.000710241 0.00116875 0.0093412
171.603 13.7556 -0.356928 1.65533 0.000754375 0.00143555 0.00932551
171.622 13.763 -0.356674 1.65528 0.000796492 0.00116877 0.00930132
171.642 13.7703 -0.356425 1.65523 0.000827145 0.00127176 0.00927267
171.663 13.7774 -0.356181 1.65517 0.000871059 0.00134253 0.00923551
171.683 13.7844 -0.355942 1.65512 0.000906089 0.00139006 0.00918937
171.704 13.7912 -0.355709 1.65506 0.000932313 0.00111733 0.00913954
171.723 13.7979 -0.355482 1.65501 0.000948717 0.00139058 0.00908479
171.743 13.8045 -0.35526 1.65496 0.000974149 0.00114326 0.00902436
171.764 13.8108 -0.355043 1.65492 0.000962184 0.000976292 0.0089594
171.783 13.817 -0.354833 1.65488 0.000951385 0.00091483 0.00888906
171.807 13.8231 -0.354627 1.65484 0.000943923 0.000672317 0.00881365
171.824 13.829 -0.354427 1.65481 0.000927522 0.000720742 0.00873411
171.844 13.8349 -0.354233 1.65478 0.000910578 0.00122979 0.00864879
171.868 13.8405 -0.354043 1.65474 0.000924459 0.000842725 0.00856218
171.884 13.846 -0.353859 1.65471 0.000923375 0.000619328 0.00847395
171.906 13.8514 -0.35368 1.65467 0.000905261 0.00105814 0.00838186
171.925 13.8566 -0.353507 1.65463 0.000886185 0.000720171 0.00829227
171.945 13.8617 -0.353339 1.6546 0.000871709 0.000579415 0.00820252
171.966 13.8666 -0.353175 1.65457 0.000844934 0.000586638 0.0081057
171.986 13.8714 -0.353016 1.65453 0.000799916 0.000816763 0.00800973
172.006 13.8761 -0.352862 1.6545 0.000764317 0.00069074 0.00791179
172.026 13.8806 -0.352712 1.65446 0.000733499 0.00084464 0.00781069
172.046 13.885 -0.352566 1.65442 0.00074362 0.000942352 0.00770971
172.07 13.8893 -0.352425 1.65438 0.000718737 0.000646708 0.00760796
172.086 13.8934 -0.352288 1.65434 0.000688479 0.000213921 0.00750686
172.108 13.8975 -0.352154 1.65431 0.000631341 0.000618594 0.00740618
172.126 13.9014 -0.352024 1.65428 0.000569289 0.000852908 0.00730423
172.147 13.9051 -0.351898 1.65426 0.000554651 0.000626907 0.00720066
172.169 13.9088 -0.351776 1.65423 0.000535569 0.000634315 0.00709901
172.187 13.9123 -0.351656 1.6542 0.000508327 0.000467594 0.00699865
172.209 13.9157 -0.35154 1.65417 0.000498228 0.000654666 0.00690174
172.228 13.919 -0.351427 1.65414 0.000472681 8.37163e-05 0.00680288
172.247 13.9222 -0.351317 1.65412 0.000472576 0.000458263 0.006705
172.271 13.9252 -0.35121 1.65409 0.0004762 0.000126186 0.00660727
172.288 13.9281 -0.351105 1.65407 0.000451057 0.000191395 0.00651066
172.31 13.9309 -0.351004 1.65406 0.000464336 -0.000115588 0.00641514
172.328 13.9337 -0.350905 1.65405 0.000442971 6.7499e-05 0.00632196
172.348 13.9363 -0.350809 1.65403 0.000401672 -0.000148698 0.00623236
172.369 13.9388 -0.350715 1.65401 0.000358486 4.9826e-05 0.00614267
172.389 13.9412 -0.350624 1.65399 0.000312891 -5.42202e-05 0.00605496
172.409 13.9436 -0.350534 1.65396 0.000278576 -0.000160694 0.00596774
172.429 13.9458 -0.350446 1.65393 0.000234612 4.67932e-05 0.00588227
172.45 13.948 -0.35036 1.65388 0.000221504 -2.32456e-05 0.00579998
172.47 13.95 -0.350276 1.65384 0.000212567 -7.84066e-05 0.00572005
172.489 13.952 -0.350193 1.65378 0.000212409 -0.00021758 0.00564065
172.51 13.954 -0.350112 1.65372 0.000225918 -0.000224965 0.005562
172.53 13.9558 -0.350032 1.65365 0.000196945 -0.000210877 0.00548505
172.55 13.9576 -0.349954 1.65358 0.000164879 -0.000136619 0.00540968
172.574 13.9593 -0.349877 1.65351 0.000143329 -0.000218823 0.00533603
172.59 13.9609 -0.349801 1.65343 0.000130741 -0.000180961 0.00526551
172.612 13.9625 -0.349726 1.65334 0.000132086 -0.000186972 0.00519844
172.631 13.964 -0.349653 1.65325 0.000149442 -0.000237894 0.00513321
172.651 13.9654 -0.34958 1.65315 0.000180343 -0.000276795 0.0050714
172.674 13.9668 -0.349509 1.65304 0.000219871 -0.000438276 0.00501064
172.692 13.9681 -0.349439 1.65293 0.000229862 -0.000315919 0.00494772
172.712 13.9694 -0.349371 1.65283 0.000242344 -0.000350225 0.0048848
172.732 13.9705 -0.349304 1.65272 0.00025154 -0.000527712 0.00482518
172.752 13.9717 -0.349238 1.65262 0.000236883 -0.000647596 0.00476753
172.774 13.9727 -0.349174 1.65251 0.000207553 -0.000520711 0.00471141
172.793 13.9737 -0.349111 1.65241 0.000197031 -0.00063769 0.00465626
172.814 13.9747 -0.349049 1.6523 0.000187194 -0.000446058 0.00460251
172.833 13.9756 -0.348989 1.6522 0.000178029 -0.000630082 0.00455216
172.853 13.9764 -0.34893 1.6521 0.000168639 -0.000716128 0.00450338
172.874 13.9772 -0.348871 1.65201 0.000145173 -0.00071172 0.00445583
172.893 13.978 -0.348814 1.65191 0.000110186 -0.000672824 0.00441026
172.915 13.9787 -0.348757 1.65182 8.2296e-05 -0.000750058 0.00436684
172.934 13.9794 -0.348701 1.65174 5.48935e-05 -0.000676116 0.00432544
172.954 13.98 -0.348646 1.65165 4.82531e-05 -0.000659821 0.00428561
172.974 13.9806 -0.348591 1.65157 -1.75782e-05 -0.000316281 0.00424641
172.994 13.9811 -0.348536 1.65149 -5.68822e-05 -0.000466528 0.0042073
173.015 13.9816 -0.348482 1.65143 -0.000103396 -0.000346594 0.0041692
173.034 13.982 -0.348427 1.65136 -0.000113595 -0.000592428 0.00413109
173.054 13.9824 -0.348373 1.65131 -0.000142435 -0.00043665 0.00409794
173.077 13.9828 -0.348318 1.65127 -0.000175562 -0.000415347 0.00406244
173.095 13.9832 -0.348262 1.65122 -0.000209435 -0.000510681 0.00402787
173.118 13.9835 -0.348207 1.65118 -0.000250829 -0.000266121 0.00399634
173.135 13.9838 -0.34815 1.65114 -0.000273286 -0.000354251 0.00396544
173.156 13.9841 -0.348093 1.65111 -0.000285907 -0.000289855 0.00393505
173.176 13.9843 -0.348035 1.65109 -0.000310641 -0.000128591 0.0039068
173.196 13.9845 -0.347976 1.65106 -0.000303933 -0.000344681 0.00387911
173.217 13.9847 -0.347916 1.65105 -0.000289489 -0.000493253 0.00385197
173.237 13.9849 -0.347856 1.65104 -0.000284509 -0.000254219 0.00382641
173.257 13.9851 -0.347794 1.65104 -0.000276702 -6.8118e-05 0.00380282
173.28 13.9853 -0.347732 1.65105 -0.000256024 -0.00016362 0.00377812
173.297 13.9855 -0.347668 1.65105 -0.000275904 9.4073e-05 0.00376946
173.318 13.9856 -0.347603 1.65105 -0.00055957 -0.000177048 0.00378949
173.338 13.9857 -0.347533 1.65105 -0.00129034 -3.96033e-05 0.00381479
173.357 13.9858 -0.347456 1.65105 -0.00237432 -2.39778e-05 0.00384397
173.383 13.9858 -0.347369 1.65106 -0.00362587 5.3121e-05 0.00387363
173.398 13.9858 -0.347268 1.65105 -0.00499054 0.00013426 0.00390407
173.42 13.9858 -0.347146 1.65104 -0.00649031 0.000329756 0.00393597
173.439 13.9857 -0.347 1.65103 -0.0080263 0.000192678 0.00397315
173.459 13.9856 -0.346822 1.65102 -0.00961246 0.000189092 0.00400876
173.482 13.9854 -0.346607 1.65102 -0.0112397 0.000360838 0.00404436
173.499 13.9851 -0.346349 1.65101 -0.0128323 0.000353203 0.00408398
173.52 13.9848 -0.346041 1.65101 -0.014448 0.000339582 0.00412338
173.54 13.9844 -0.345679 1.65101 -0.0160549 0.00034094 0.0041619
173.56 13.984 -0.345255 1.651 -0.017585 0.00034953 0.00420031
173.583 13.9835 -0.344764 1.651 -0.0190161 0.000662791 0.00423839
173.601 13.9829 -0.344201 1.65099 -0.0203395 0.000437018 0.00428833
173.622 13.9823 -0.343561 1.65099 -0.021641 0.000630208 0.00433234
173.641 13.9815 -0.342838 1.651 -0.0229514 0.000567975 0.00438016
173.661 13.9807 -0.342027 1.65101 -0.0242878 0.000637279 0.00442359
173.682 13.9799 -0.341124 1.65103 -0.0256408 0.000674757 0.00446226
173.701 13.9789 -0.340124 1.65104 -0.0270008 0.000688469 0.00450405
173.722 13.9779 -0.339022 1.65106 -0.0282766 0.000769961 0.00454631
173.742 13.9767 -0.337813 1.65108 -0.0295077 0.000671376 0.00459211
173.762 13.9755 -0.336494 1.65111 -0.0306285 0.00110197 0.00462146
173.786 13.9742 -0.335059 1.65114 -0.0316377 0.00101042 0.00466745
173.802 13.9728 -0.333505 1.65117 -0.0328398 0.000512209 0.00472394
173.825 13.9713 -0.331826 1.65122 -0.0340831 0.000984487 0.00474398
173.843 13.9697 -0.330021 1.65128 -0.0351602 0.000902564 0.00478482
173.863 13.968 -0.328084 1.65134 -0.0361905 0.000867573 0.00482182
173.885 13.9662 -0.326011 1.65141 -0.037212 0.000816131 0.00485689
173.904 13.9643 -0.323801 1.65148 -0.0382037 0.000991301 0.00488319
173.924 13.9623 -0.321448 1.65154 -0.0392295 0.000744245 0.00492397
173.944 13.9601 -0.31895 1.65161 -0.0401611 0.00109749 0.00493921
173.964 13.9579 -0.316304 1.65168 -0.0409474 0.000903865 0.00497838
173.985 13.9556 -0.313507 1.65175 -0.0417284 0.0010922 0.00499828
174.004 13.9531 -0.310556 1.65183 -0.0425023 0.000698675 0.00504186
174.025 13.9506 -0.307448 1.65191 -0.043252 0.00080089 0.00506366
174.044 13.9479 -0.304182 1.65198 -0.043832 0.000979297 0.00507827
174.065 13.9452 -0.300756 1.65206 -0.0442884 0.000854163 0.00510551
174.085 13.9423 -0.297169 1.65213 -0.0447553 0.00071994 0.00513419
174.105 13.9393 -0.293419 1.65221 -0.0451263 0.000666126 0.00515781
174.126 13.9362 -0.289507 1.65228 -0.0452144 0.000978794 0.00516702
174.146 13.9331 -0.285431 1.65234 -0.0451938 0.000949177 0.00519205
174.165 13.9297 -0.281192 1.65241 -0.0452494 -1.03761e-05 0.00525053
174.188 13.9264 -0.276791 1.65251 -0.0447868 0.00102467 0.0052219
174.206 13.923 -0.272234 1.65265 -0.043303 0.000877363 0.00524929
174.227 13.9196 -0.267525 1.65279 -0.0412816 0.000471282 0.00528592
174.246 13.9161 -0.262672 1.65293 -0.0389683 0.000296825 0.00531183
174.266 13.9126 -0.257685 1.65305 -0.0363431 0.000232342 0.00533102
174.287 13.909 -0.252573 1.65316 -0.0336382 -5.40347e-05 0.00535236
174.307 13.9054 -0.247348 1.65324 -0.0308955 -0.000938332 0.00537989
174.327 13.9019 -0.242024 1.65335 -0.0269848 0.000382748 0.00531919
174.347 13.8984 -0.236616 1.65348 -0.0223678 -0.00107175 0.00533049
174.367 13.8949 -0.231137 1.65365 -0.0177952 -0.00192069 0.00531782
174.389 13.8915 -0.225606 1.65386 -0.0130421 -0.00189693 0.00528175
174.407 13.8881 -0.220044 1.65406 -0.00812566 -0.0017617 0.00523967
174.428 13.8848 -0.214469 1.65425 -0.0029334 -0.00189397 0.00519692
174.448 13.8816 -0.208901 1.65442 0.00214957 -0.00212209 0.00515574
174.468 13.8784 -0.203357 1.65456 0.00706365 -0.002049 0.0051102
174.489 13.8754 -0.19786 1.65469 0.0121211 -0.00214261 0.00505857
174.508 13.8724 -0.192426 1.65479 0.0168353 -0.00213645 0.00501243
174.529 13.8695 -0.187073 1.65488 0.0212686 -0.00203299 0.00497026
174.549 13.8668 -0.18182 1.65494 0.0256274 -0.00224043 0.00491981
174.569 13.8641 -0.176681 1.65499 0.0296242 -0.00223684 0.00488028
174.593 13.8616 -0.171675 1.65503 0.0336541 -0.00209888 0.00483968
174.609 13.8593 -0.166815 1.65505 0.0375588 -0.00222539 0.00478802
174.63 13.857 -0.162115 1.65507 0.0409693 -0.00215918 0.00475216
174.649 13.8548 -0.157588 1.65509 0.0441483 -0.00230794 0.00470356
174.67 13.8528 -0.153245 1.65511 0.0467547 -0.00210444 0.00468384
174.691 13.8509 -0.149095 1.65512 0.0487635 -0.0018819 0.00467159
174.71 13.8491 -0.145146 1.65511 0.0503695 -0.00221519 0.00463563
174.731 13.8474 -0.141403 1.65509 0.0513813 -0.0020274 0.00462675
174.75 13.8459 -0.13787 1.65507 0.0519798 -0.00178101 0.00462178
174.771 13.8444 -0.134548 1.65504 0.0521141 -0.0016389 0.00461462
174.792 13.843 -0.131438 1.655 0.051826 -0.00162695 0.00460088
174.811 13.8417 -0.128538 1.65495 0.0512407 -0.00162793 0.00458529
174.834 13.8405 -0.125846 1.6549 0.0504593 -0.00171125 0.00456461
174.853 13.8394 -0.12336 1.65484 0.0495091 -0.0016079 0.00454943
174.873 13.8384 -0.121073 1.65478 0.0483638 -0.00171651 0.00452261
174.894 13.8374 -0.118982 1.65472 0.0470669 -0.00142554 0.00451669
174.913 13.8365 -0.117081 1.65466 0.0456787 -0.00147539 0.00448766
174.934 13.8357 -0.115363 1.65459 0.0441245 -0.00183023 0.0044452
174.954 13.835 -0.113822 1.65452 0.042549 -0.00159887 0.00442041
174.974 13.8343 -0.112456 1.65446 0.0413284 -0.00111501 0.00440135
174.995 13.8338 -0.111258 1.6544 0.0405085 -0.00110934 0.00435334
175.014 13.8333 -0.110222 1.65435 0.0397787 -0.0013306 0.00429348
175.035 13.8328 -0.109345 1.6543 0.0389026 -0.00145989 0.00423525
175.054 13.8325 -0.108621 1.65425 0.0377189 -0.00116602 0.00419664
175.074 13.8321 -0.108045 1.65421 0.0363652 -0.00107293 0.00415057
175.095 13.8318 -0.107612 1.65416 0.0346903 -0.00120065 0.00409657
175.114 13.8316 -0.107314 1.65411 0.0328452 -0.00104435 0.00405094
175.136 13.8314 -0.107145 1.65407 0.0309348 -0.0010286 0.00399813
175.155 13.8313 -0.107097 1.65401 0.0288471 -0.00119116 0.0039397
175.175 13.8311 -0.10716 1.65395 0.0266387 -0.00120581 0.00388377
175.2 13.831 -0.107326 1.65389 0.0243311 -0.00118104 0.00383078
175.216 13.8309 -0.107587 1.65382 0.0219859 -0.00118838 0.00377618
175.236 13.8309 -0.107933 1.65375 0.0197645 -0.00122074 0.00371746
175.256 13.8309 -0.108356 1.65367 0.0177943 -0.000859536 0.00366132
175.276 13.8308 -0.108849 1.65359 0.0160962 -0.00122349 0.00359509
175.298 13.8308 -0.109403 1.65353 0.0141746 -0.00127875 0.00353104
175.316 13.8308 -0.110008 1.65347 0.0120208 -0.000735815 0.00347636
175.338 13.8308 -0.110658 1.65341 0.00985688 -0.000942076 0.00341059
175.357 13.8307 -0.111343 1.65336 0.00737506 -0.00118014 0.00334691
175.377 13.8307 -0.112053 1.65331 0.00455245 -0.00116955 0.0032881
175.399 13.8306 -0.112778 1.65326 0.00175282 -0.000915448 0.0032305
175.417 13.8304 -0.113508 1.65321 -0.000892685 -0.00109072 0.00316939
175.438 13.8303 -0.114234 1.65316 -0.00330498 -0.00101737 0.00313414
175.458 13.8302 -0.114946 1.65311 -0.00541105 -0.000849536 0.00311104
175.477 13.8301 -0.115636 1.65306 -0.00723975 -0.000866436 0.00309063
175.498 13.83 -0.116297 1.653 -0.00875418 -0.000938465 0.00307185
175.518 13.8298 -0.116924 1.65294 -0.00993927 -0.00096592 0.00305404
175.539 13.8297 -0.117512 1.65287 -0.0107947 -0.00099176 0.00303938
175.559 13.8296 -0.118057 1.65279 -0.0113745 -0.00103494 0.00302858
175.579 13.8295 -0.118558 1.65272 -0.011754 -0.00107972 0.00301941
175.6 13.8294 -0.119011 1.65263 -0.0119546 -0.00111818 0.0030125
175.619 13.8292 -0.119418 1.65255 -0.0120082 -0.00114534 0.00300579
175.64 13.8291 -0.119777 1.65246 -0.0119498 -0.00115879 0.00300239
175.66 13.829 -0.120088 1.65237 -0.0117439 -0.00117308 0.00299669
175.681 13.8289 -0.120354 1.65228 -0.0113671 -0.00118848 0.0029862
175.7 13.8288 -0.120576 1.65219 -0.010865 -0.00119949 0.0029759
175.72 13.8287 -0.120754 1.6521 -0.0103058 -0.00120626 0.00296464
175.741 13.8285 -0.120892 1.65201 -0.0096826 -0.00121314 0.00295363
175.76 13.8284 -0.120992 1.65192 -0.00899961 -0.00121992 0.00295142
175.781 13.8283 -0.121057 1.65184 -0.00831738 -0.00119266 0.00294554
175.958 13.8282 -0.121088 1.65175 -0.00768316 -0.00117393 0.00294035
175.978 13.8281 -0.121089 1.65167 -0.00707945 -0.0012431 0.00293902
176 13.828 -0.121063 1.6516 -0.00650448 -0.0013343 0.00293713
176.018 13.8279 -0.12101 1.65154 -0.00598998 -0.00124594 0.00293333
176.038 13.8278 -0.120934 1.65148 -0.00553023 -0.00128127 0.00293218
176.06 13.8277 -0.120836 1.65142 -0.00510574 -0.00128868 0.00293071
176.079 13.8276 -0.120718 1.65137 -0.00479694 -0.00129239 0.0029317
176.1 13.8275 -0.120581 1.65133 -0.00451949 -0.00134596 0.00293773
176.119 13.8274 -0.120427 1.65128 -0.00429739 -0.00134516 0.00294219
176.139 13.8274 -0.120256 1.65125 -0.00415678 -0.00128023 0.00294579
176.161 13.8273 -0.120069 1.65121 -0.00403425 -0.00128426 0.00295027
176.18 13.8272 -0.119867 1.65118 -0.00391341 -0.00122533 0.00295687
176.2 13.8272 -0.119651 1.65115 -0.0037352 -0.00137652 0.00296381
176.22 13.8271 -0.11942 1.65112 -0.00350232 -0.00128588 0.00296997
176.24 13.8271 -0.119178 1.6511 -0.00320608 -0.00130884 0.00297633
176.262 13.827 -0.118924 1.65107 -0.00287084 -0.00137746 0.00298276
176.28 13.827 -0.118659 1.65105 -0.00249838 -0.00140549 0.00298993
176.301 13.8269 -0.118386 1.65104 -0.00216155 -0.00151159 0.00299827
176.321 13.8269 -0.118105 1.65102 -0.00184158 -0.00140671 0.00300731
176.341 13.8268 -0.117817 1.651 -0.00152523 -0.00155048 0.00301736
176.364 13.8268 -0.117524 1.65099 -0.00133401 -0.00150051 0.00302485
176.381 13.8268 -0.117226 1.65099 -0.00129877 -0.00132467 0.00303595
176.404 13.8267 -0.116923 1.65099 -0.00128626 -0.00147545 0.00304697
176.422 13.8267 -0.116617 1.651 -0.00117874 -0.00143266 0.00305535
176.442 13.8267 -0.116307 1.65101 -0.0010158 -0.00146176 0.00306239
176.463 13.8267 -0.115995 1.65103 -0.00086758 -0.00125485 0.00306966
176.482 13.8266 -0.11568 1.65104 -0.000711501 -0.0012026 0.00307864
176.503 13.8266 -0.115363 1.65106 -0.000540439 -0.00120954 0.00308738
176.523 13.8266 -0.115046 1.65108 -0.00036623 -0.00116116 0.00309577
176.543 13.8266 -0.114728 1.6511 -0.000183156 -0.00129678 0.00310473
176.566 13.8266 -0.11441 1.65113 -1.87993e-05 -0.00115532 0.00311283
176.583 13.8266 -0.114093 1.65115 0.000146347 -0.00130823 0.00312109
176.604 13.8265 -0.113778 1.65117 0.000327159 -0.00133801 0.0031293
176.624 13.8265 -0.113465 1.6512 0.000479201 -0.00152262 0.00313727
176.644 13.8265 -0.113155 1.65122 0.000587009 -0.00142518 0.00314477
176.668 13.8265 -0.112848 1.65124 0.000670384 -0.00145744 0.00315236
176.686 13.8265 -0.112544 1.65126 0.000720596 -0.0012246 0.00316181
176.707 13.8265 -0.112244 1.65128 0.000769727 -0.00117288 0.003169
176.726 13.8265 -0.111948 1.65131 0.000859571 -0.00126596 0.00317659
176.746 13.8265 -0.111656 1.65133 0.000916106 -0.00137292 0.00318468
176.768 13.8265 -0.111369 1.65134 0.000987575 -0.00140217 0.00319351
176.787 13.8265 -0.111087 1.65136 0.00102111 -0.00124801 0.00320073
176.807 13.8266 -0.110809 1.65137 0.00104626 -0.00120694 0.0032076
176.827 13.8266 -0.110537 1.65138 0.00108022 -0.00137716 0.00321504
176.847 13.8266 -0.110269 1.65139 0.00109124 -0.00118369 0.00322178
176.872 13.8266 -0.110007 1.65141 0.00112045 -0.00122396 0.00322734
176.887 13.8266 -0.10975 1.65143 0.00116593 -0.00132028 0.00323453
176.909 13.8266 -0.109497 1.65145 0.00113604 -0.00137241 0.00324268
176.929 13.8267 -0.10925 1.65145 0.00101653 -0.00136767 0.00325097
176.949 13.8267 -0.109007 1.65145 0.000839322 -0.00135873 0.00325935
176.968 13.8267 -0.108768 1.65144 0.000636794 -0.00134883 0.0032696
176.989 13.8267 -0.108532 1.65141 0.00043492 -0.00134659 0.00327946
177.01 13.8267 -0.108299 1.65138 0.000258219 -0.0013675 0.00328836
177.029 13.8267 -0.108067 1.65135 0.000109069 -0.00140289 0.00329597
177.049 13.8267 -0.107837 1.6513 -4.50491e-05 -0.00141583 0.00330415
177.073 13.8268 -0.107607 1.65125 -0.000183128 -0.00142228 0.00331076
177.09 13.8268 -0.107378 1.6512 -0.000293404 -0.00143908 0.00331624
177.11 13.8268 -0.107148 1.65114 -0.00038196 -0.0014405 0.00331609
177.13 13.8268 -0.106918 1.65108 -0.000438483 -0.00141118 0.00332074
177.15 13.8268 -0.106687 1.65102 -0.00048478 -0.00138532 0.00332383
177.17 13.8268 -0.106454 1.65095 -0.000520796 -0.00135784 0.00332752
177.19 13.8268 -0.106221 1.65089 -0.000533685 -0.00131016 0.00333022
177.211 13.8268 -0.105986 1.65083 -0.000525693 -0.001308 0.00333432
177.231 13.8268 -0.10575 1.65077 -0.00049932 -0.00130836 0.00333702
177.25 13.8268 -0.105513 1.65072 -0.000464066 -0.00129486 0.00333995
177.274 13.8268 -0.105275 1.65066 -0.000442021 -0.0012927 0.0033442
177.29 13.8268 -0.105036 1.65061 -0.000426443 -0.00128483 0.003348
177.311 13.8268 -0.104796 1.65056 -0.000405691 -0.00126453 0.00334986
177.331 13.8268 -0.104556 1.65051 -0.000380145 -0.00127302 0.00335125
177.351 13.8267 -0.104314 1.65046 -0.000362358 -0.00130704 0.00335334
177.376 13.8267 -0.104072 1.65042 -0.000350459 -0.00134528 0.00335474
177.392 13.8267 -0.103829 1.65037 -0.000331473 -0.00135918 0.00335621
177.412 13.8267 -0.103586 1.65033 -0.000307616 -0.00134868 0.00335588
177.432 13.8267 -0.103342 1.65029 -0.000280544 -0.00132315 0.00335694
177.452 13.8267 -0.103098 1.65026 -0.000248625 -0.00132992 0.00335702
177.474 13.8267 -0.102854 1.65022 -0.000200493 -0.00132856 0.00335803
177.492 13.8267 -0.102611 1.65019 -0.000145945 -0.00131386 0.00336003
177.514 13.8266 -0.102367 1.65016 -0.000108182 -0.00131086 0.00336029
177.533 13.8266 -0.102123 1.65012 -0.000100935 -0.00131935 0.00335943
177.553 13.8266 -0.10188 1.65009 -0.000125485 -0.00134582 0.00335949
177.574 13.8266 -0.101637 1.65007 -0.00017289 -0.00138425 0.00335968
177.593 13.8266 -0.101393 1.65004 -0.00022938 -0.00141403 0.00336027
177.616 13.8265 -0.10115 1.65002 -0.000291211 -0.00143143 0.00336123
177.634 13.8265 -0.100906 1.65 -0.000363922 -0.00144652 0.00335923
177.654 13.8265 -0.100662 1.64998 -0.000431218 -0.00143306 0.0033596
177.677 13.8265 -0.100417 1.64996 -0.000501451 -0.00140537 0.0033594
177.695 13.8264 -0.10017 1.64994 -0.000580102 -0.00137918 0.00335624
177.716 13.8264 -0.0999221 1.64992 -0.000636471 -0.00133943 0.00335085
177.734 13.8264 -0.0996726 1.64991 -0.000675503 -0.00132223 0.00334721
177.754 13.8263 -0.0994213 1.64989 -0.0007165 -0.00131733 0.00334665
177.778 13.8263 -0.099168 1.64988 -0.000746215 -0.00128655 0.00334305
177.795 13.8263 -0.0989127 1.64987 -0.000775455 -0.00126878 0.00333803
177.816 13.8262 -0.0986552 1.64986 -0.000786154 -0.00127851 0.00333494
177.835 13.8262 -0.0983956 1.64985 -0.000776383 -0.00127033 0.00333109
177.856 13.8262 -0.0981338 1.64984 -0.000773856 -0.00126621 0.0033278
177.878 13.8261 -0.0978698 1.64983 -0.00078 -0.00126208 0.00332582
177.896 13.8261 -0.0976036 1.64982 -0.000769976 -0.00124224 0.00332334
177.918 13.826 -0.0973353 1.64981 -0.000757905 -0.00124307 0.00332122
177.938 13.826 -0.0970649 1.6498 -0.000750162 -0.00124353 0.00331886
177.958 13.826 -0.0967924 1.64979 -0.000733114 -0.00121686 0.00331559
177.978 13.8259 -0.096518 1.64977 -0.000716269 -0.00121281 0.00331489
177.998 13.8259 -0.0962417 1.64976 -0.000707171 -0.00122669 0.00331415
178.019 13.8258 -0.0959635 1.64975 -0.000688554 -0.00121302 0.00331116
178.038 13.8258 -0.0956835 1.64974 -0.000668226 -0.00120849 0.00330765
178.058 13.8258 -0.0954018 1.64973 -0.000641146 -0.00123509 0.00330667
178.081 13.8257 -0.0951187 1.64972 -0.000600911 -0.00124318 0.00330426
178.098 13.8257 -0.094834 1.64971 -0.00057063 -0.00125512 0.00330278
178.119 13.8256 -0.0945479 1.64971 -0.000560283 -0.00128278 0.00330076
178.139 13.8256 -0.0942605 1.6497 -0.000556071 -0.00130182 0.00329927
178.159 13.8255 -0.0939718 1.64969 -0.000571986 -0.00139247 0.00329827
178.183 13.8255 -0.0936817 1.64969 -0.000579499 -0.00134211 0.00329675
178.199 13.8254 -0.0933905 1.64969 -0.000568344 -0.00148997 0.00329535
178.221 13.8254 -0.093098 1.64969 -0.000541251 -0.00137322 0.00329415
178.24 13.8254 -0.0928044 1.64971 -0.000507224 -0.00134288 0.0032932
178.259 13.8253 -0.0925098 1.64972 -0.000472814 -0.00145788 0.00329246
178.281 13.8253 -0.0922143 1.64974 -0.000426685 -0.00139633 0.00329014
178.3 13.8252 -0.091918 1.64976 -0.000403319 -0.00136613 0.00328757
178.321 13.8252 -0.091621 1.64978 -0.000398026 -0.00147304 0.00328607
178.34 13.8252 -0.0913234 1.6498 -0.000377996 -0.0015057 0.00328494
178.36 13.8251 -0.0910251 1.64982 -0.000401945 -0.00134337 0.00328415
178.382 13.8251 -0.0907261 1.64985 -0.000431198 -0.00142905 0.0032836
178.4 13.8251 -0.0904263 1.64988 -0.000464904 -0.00150496 0.00328211
178.422 13.825 -0.0901258 1.64991 -0.000489548 -0.00148127 0.00328006
178.441 13.825 -0.0898244 1.64994 -0.000499779 -0.00144063 0.00327761
178.461 13.825 -0.0895221 1.64997 -0.000497284 -0.00155818 0.00327668
178.483 13.8249 -0.0892186 1.64999 -0.000514989 -0.00141137 0.00327603
178.501 13.8249 -0.0889141 1.65002 -0.000550829 -0.00130157 0.00327554
178.522 13.8249 -0.0886083 1.65005 -0.000587949 -0.00134407 0.00327258
178.542 13.8248 -0.0883008 1.65008 -0.000694534 -0.00137057 0.00327109
178.562 13.8248 -0.0879909 1.65011 -0.000901487 -0.00137007 0.00327067
178.583 13.8248 -0.0876782 1.65014 -0.0011616 -0.00138126 0.00327056
178.602 13.8247 -0.087362 1.65016 -0.00140965 -0.00143242 0.00326982
178.624 13.8247 -0.0870411 1.65018 -0.00167177 -0.00138927 0.00326869
178.643 13.8247 -0.0867148 1.6502 -0.00192418 -0.0014018 0.00326711
178.663 13.8246 -0.0863822 1.65022 -0.00215008 -0.00140559 0.00326473
178.686 13.8246 -0.0860423 1.65024 -0.00234932 -0.00151774 0.00326347
178.703 13.8246 -0.0856943 1.65026 -0.00254643 -0.00131202 0.00325928
178.724 13.8245 -0.0853376 1.65028 -0.00271919 -0.00138371 0.00325711
178.743 13.8245 -0.0849715 1.6503 -0.00286919 -0.00131423 0.00325437
178.763 13.8245 -0.0845956 1.65033 -0.00297935 -0.00147654 0.00325206
178.785 13.8244 -0.0842094 1.65036 -0.00305082 -0.00152896 0.00325146
178.804 13.8244 -0.0838125 1.65039 -0.00312851 -0.00137767 0.00324988
178.824 13.8244 -0.0834047 1.65042 -0.00318247 -0.00134879 0.00324874
178.844 13.8244 -0.0829859 1.65045 -0.00320852 -0.00142919 0.00324804
178.865 13.8244 -0.082556 1.65049 -0.00321861 -0.0014422 0.00324815
178.885 13.8243 -0.082115 1.65052 -0.0032188 -0.00146516 0.00324672
178.905 13.8243 -0.0816628 1.65055 -0.00321308 -0.00144239 0.00324577
178.926 13.8243 -0.0811992 1.65057 -0.0032624 -0.00142293 0.00324379
178.945 13.8243 -0.0807242 1.65061 -0.00331588 -0.00142644 0.00324185
178.965 13.8243 -0.0802377 1.65064 -0.00337235 -0.00142528 0.00324021
178.986 13.8243 -0.0797398 1.65067 -0.00339576 -0.00141295 0.00323867
179.005 13.8243 -0.0792304 1.6507 -0.00338911 -0.00148804 0.00323715
179.026 13.8243 -0.0787094 1.65072 -0.00337914 -0.00130173 0.00323388
179.046 13.8242 -0.078177 1.65075 -0.00333981 -0.00135595 0.00323405
179.066 13.8242 -0.0776333 1.65078 -0.00329336 -0.00139611 0.00323422
179.087 13.8242 -0.0770786 1.6508 -0.00323014 -0.00146135 0.00323327
179.107 13.8242 -0.0765129 1.65083 -0.0031797 -0.00132653 0.00323199
179.128 13.8242 -0.0759363 1.65085 -0.0031905 -0.00142029 0.00323138
179.147 13.8242 -0.0753488 1.65088 -0.00323631 -0.00126795 0.00322894
179.167 13.8242 -0.0747508 1.65091 -0.00323558 -0.00127648 0.00322682
179.19 13.8242 -0.0741423 1.65094 -0.00319649 -0.00132624 0.00322563
179.207 13.8242 -0.0735233 1.65097 -0.00314582 -0.00133791 0.00322513
179.228 13.8242 -0.0728939 1.651 -0.00309603 -0.00133175 0.00322432
179.248 13.8242 -0.0722546 1.65102 -0.00303768 -0.00133114 0.00322412
179.268 13.8242 -0.0716055 1.65104 -0.00297601 -0.00132194 0.00322407
179.289 13.8241 -0.0709469 1.65106 -0.00290258 -0.00140488 0.00322402
179.308 13.8241 -0.0702789 1.65108 -0.00286074 -0.0012679 0.00322292
179.33 13.8241 -0.0696011 1.65109 -0.00293209 -0.00120015 0.00322221
179.349 13.8241 -0.0689135 1.65111 -0.0030911 -0.00125083 0.0032211
179.369 13.8241 -0.0682157 1.65112 -0.00330402 -0.00134599 0.00322027
179.392 13.8241 -0.067507 1.65113 -0.00353928 -0.00133837 0.00322
179.409 13.8241 -0.0667871 1.65114 -0.00370903 -0.00123361 0.00321988
179.431 13.8241 -0.0660557 1.65116 -0.00377 -0.00134207 0.0032216
179.45 13.8241 -0.0653122 1.65117 -0.00376695 -0.00146547 0.00322244
179.47 13.8241 -0.0645565 1.65119 -0.00374181 -0.00129287 0.00322043
179.492 13.8241 -0.0637888 1.65121 -0.00367708 -0.00132923 0.0032195
179.511 13.8241 -0.0630095 1.65123 -0.00357628 -0.0013999 0.00322008
179.532 13.8241 -0.0622187 1.65125 -0.00345834 -0.00141106 0.00322045
179.552 13.8241 -0.0614164 1.65127 -0.00344367 -0.00140231 0.00322043
179.572 13.8241 -0.060602 1.65128 -0.00362301 -0.0014097 0.00322135
179.593 13.8241 -0.0597752 1.6513 -0.00393806 -0.00141741 0.00322338
179.612 13.824 -0.0589353 1.65131 -0.00430413 -0.00142425 0.00322351
179.635 13.824 -0.0580813 1.65132 -0.00466384 -0.00142413 0.0032249
179.652 13.824 -0.057212 1.65133 -0.00499574 -0.00141844 0.00322615
179.672 13.824 -0.0563261 1.65133 -0.00529671 -0.00150258 0.00322625
179.694 13.824 -0.0554225 1.65133 -0.00556178 -0.00136487 0.00322678
179.714 13.824 -0.0545001 1.65133 -0.0057937 -0.00131573 0.00322557
179.734 13.824 -0.0535584 1.65133 -0.00596788 -0.0013734 0.00322615
179.753 13.824 -0.0525968 1.65134 -0.00607886 -0.00138588 0.00322629
179.773 13.824 -0.0516147 1.65134 -0.00614083 -0.00136251 0.00322679
179.795 13.8239 -0.0506119 1.65134 -0.00617534 -0.00141814 0.00322809
179.813 13.8239 -0.0495884 1.65134 -0.00616751 -0.00132206 0.00322706
179.834 13.8239 -0.0485443 1.65134 -0.00613532 -0.00133326 0.00322819
179.854 13.8239 -0.0474796 1.65134 -0.00606804 -0.00137356 0.00322885
179.874 13.8239 -0.0463948 1.65134 -0.0059752 -0.00137618 0.0032292
179.895 13.8239 -0.0452902 1.65134 -0.00587991 -0.00136401 0.00322979
179.914 13.8239 -0.0441661 1.65134 -0.00579065 -0.00135363 0.00323
179.935 13.8238 -0.0430229 1.65134 -0.00570458 -0.00133699 0.00322992
179.955 13.8238 -0.0418611 1.65133 -0.00562068 -0.00132842 0.00322942
179.974 13.8238 -0.0406813 1.65133 -0.00549455 -0.0014018 0.00322942
179.996 13.8238 -0.0394839 1.65132 -0.00534 -0.00126628 0.00322983
180.015 13.8238 -0.0382696 1.65132 -0.00518433 -0.00140641 0.00323238
180.036 13.8238 -0.0370388 1.65133 -0.00501396 -0.00135386 0.00323347
180.055 13.8238 -0.0357926 1.65133 -0.00482276 -0.0013669 0.00323516
180.075 13.8237 -0.034531 1.65135 -0.00470391 -0.00136726 0.00323546
180.097 13.8237 -0.0332546 1.65136 -0.00467523 -0.0013312 0.00323617
180.116 13.8237 -0.0319637 1.65138 -0.00468079 -0.00138272 0.0032355
180.136 13.8237 -0.0306587 1.6514 -0.00467668 -0.00138109 0.00323611
180.156 13.8237 -0.0293399 1.65141 -0.00464974 -0.00146351 0.00323907
180.177 13.8237 -0.028007 1.65142 -0.00462332 -0.00130111 0.00323991
180.197 13.8237 -0.0266603 1.65144 -0.0045942 -0.00127214 0.00323879
180.217 13.8237 -0.0253 1.65145 -0.00455954 -0.00132529 0.00323684
180.239 13.8237 -0.0239263 1.65146 -0.00453093 -0.00140843 0.00323621
180.257 13.8237 -0.0225389 1.65148 -0.00454445 -0.00139863 0.00323509
180.277 13.8237 -0.0211376 1.65149 -0.0046463 -0.00128334 0.0032326
180.298 13.8237 -0.0197231 1.65151 -0.00467493 -0.0014359 0.00323326
180.317 13.8237 -0.0182954 1.65154 -0.00461262 -0.00137697 0.00323216
180.339 13.8237 -0.0168546 1.65156 -0.00449222 -0.00142316 0.00323213
180.358 13.8237 -0.015401 1.65158 -0.00434825 -0.00144818 0.00323317
180.378 13.8237 -0.0139351 1.6516 -0.004207 -0.00142468 0.00323398
180.4 13.8237 -0.0124574 1.65162 -0.00407054 -0.00139563 0.00323245
180.42 13.8237 -0.0109684 1.65163 -0.00396025 -0.0013776 0.00323274
180.441 13.8237 -0.00946852 1.65165 -0.00388209 -0.00135433 0.00323366
180.46 13.8237 -0.00795834 1.65165 -0.00380166 -0.00139811 0.00323612
180.481 13.8237 -0.00643818 1.65166 -0.00371856 -0.00138819 0.00323912
180.502 13.8237 -0.00490769 1.65166 -0.00374122 -0.00127867 0.00324048
180.521 13.8237 -0.00336751 1.65167 -0.00376056 -0.00137157 0.00324203
180.542 13.8237 -0.00181827 1.65167 -0.00366445 -0.00138878 0.00324234
180.561 13.8237 -0.000259182 1.65167 -0.00365321 -0.00141763 0.00324455
180.581 13.8237 0.00131084 1.65168 -0.00391032 -0.00130573 0.00324658
180.604 13.8237 0.0028924 1.65169 -0.00437864 -0.00132047 0.0032486
180.622 13.8237 0.00448649 1.6517 -0.00492147 -0.00134458 0.00325107
180.642 13.8237 0.00609494 1.65171 -0.00549469 -0.00133292 0.00325464
180.661 13.8237 0.00771966 1.65171 -0.00605736 -0.00141495 0.00326041
180.682 13.8237 0.00936281 1.65171 -0.00659798 -0.00127822 0.00326215
180.705 13.8237 0.0110263 1.65172 -0.007107 -0.00127724 0.00326504
180.722 13.8237 0.012712 1.65172 -0.00754823 -0.00130673 0.00326749
180.744 13.8237 0.0144213 1.65172 -0.00792263 -0.0013831 0.00326954
180.763 13.8237 0.0161559 1.65172 -0.00823569 -0.00125345 0.00327019
180.783 13.8237 0.0179167 1.65171 -0.00848373 -0.00139432 0.00327282
180.807 13.8237 0.0197049 1.65172 -0.00867801 -0.00133191 0.00327419
180.823 13.8237 0.021521 1.65172 -0.00883358 -0.00134088 0.00327618
180.844 13.8237 0.0233657 1.65173 -0.00896485 -0.00128095 0.0032786
180.864 13.8237 0.0252395 1.65174 -0.00906067 -0.001314 0.00328005
180.884 13.8237 0.0271428 1.65175 -0.00917467 -0.0013232 0.00328147
180.908 13.8237 0.0290761 1.65176 -0.00934589 -0.00138135 0.00328403
180.924 13.8238 0.03104 1.65176 -0.00952138 -0.00125738 0.00328325
180.945 13.8238 0.0330343 1.65177 -0.00961408 -0.00133205 0.00328396
180.965 13.8238 0.0350593 1.65178 -0.00963346 -0.00137464 0.00328459
180.985 13.8238 0.0371153 1.65179 -0.00959671 -0.00135646 0.00328486
181.006 13.8238 0.0392019 1.65179 -0.0095223 -0.00134091 0.00328628
181.025 13.8238 0.0413187 1.6518 -0.00939114 -0.0013449 0.00328835
181.047 13.8238 0.0434651 1.6518 -0.0092082 -0.00134956 0.003286
181.065 13.8238 0.0456405 1.65181 -0.00900892 -0.00134634 0.00328769
181.085 13.8238 0.0478444 1.65181 -0.0088484 -0.00132841 0.0032882
181.108 13.8238 0.0500756 1.65181 -0.00864923 -0.00131264 0.00328824
181.126 13.8238 0.0523331 1.65181 -0.00838061 -0.00130542 0.00328911
181.147 13.8238 0.0546155 1.65181 -0.00803671 -0.00129634 0.00328901
181.167 13.8238 0.0569219 1.65181 -0.0076641 -0.00128866 0.00329185
181.187 13.8238 0.0592507 1.65181 -0.0072882 -0.00136524 0.00329342
181.208 13.8238 0.0616007 1.65181 -0.00692244 -0.00120416 0.00329388
181.227 13.8238 0.06397 1.65181 -0.00652853 -0.00124786 0.0032966
181.25 13.8238 0.0663573 1.65182 -0.0061425 -0.0013065 0.00329923
181.267 13.8238 0.0687611 1.65182 -0.00580393 -0.00136206 0.00329838
181.287 13.8238 0.0711803 1.65183 -0.00552486 -0.00143844 0.00329682
181.308 13.8238 0.0736137 1.65184 -0.00531107 -0.0012805 0.00329779
181.328 13.8238 0.0760603 1.65184 -0.00514321 -0.00126642 0.00329897
181.35 13.8238 0.0785194 1.65185 -0.00500952 -0.00134465 0.00330006
181.369 13.8238 0.0809904 1.65186 -0.00491277 -0.00134646 0.00330045
181.39 13.8238 0.0834729 1.65187 -0.00486619 -0.0013865 0.0033012
181.412 13.8238 0.0859667 1.65188 -0.00485205 -0.00127007 0.00330141
181.43 13.8238 0.0884717 1.65189 -0.00487298 -0.00132185 0.0033015
181.451 13.8239 0.0909879 1.6519 -0.0049388 -0.00133555 0.00330334
181.471 13.8239 0.0935157 1.65191 -0.00506466 -0.00140152 0.00330822
181.491 13.8239 0.0960565 1.65193 -0.00540676 -0.00135015 0.00331134
181.515 13.8239 0.0986115 1.65194 -0.00592011 -0.0012174 0.00331179
181.531 13.8239 0.101181 1.65197 -0.00629447 -0.00126226 0.00331305
181.552 13.8239 0.103765 1.65199 -0.00641446 -0.00128493 0.00331526
181.571 13.8239 0.106364 1.65202 -0.00638937 -0.00128042 0.00331551
181.591 13.8239 0.108982 1.65205 -0.00660446 -0.001278 0.00331527
181.615 13.8239 0.11162 1.65208 -0.00709584 -0.00127196 0.0033164
181.632 13.8239 0.114277 1.65211 -0.00773096 -0.00126063 0.00331878
181.652 13.8239 0.116956 1.65214 -0.00840137 -0.00125962 0.00332444
181.672 13.8239 0.11966 1.65217 -0.00908142 -0.00127439 0.00332718
181.692 13.8239 0.12239 1.65218 -0.00974932 -0.00129801 0.00333237
181.713 13.8239 0.125149 1.6522 -0.0103448 -0.00129663 0.00333501
181.732 13.8239 0.12794 1.65221 -0.010881 -0.00129583 0.0033337
181.753 13.8239 0.130764 1.65222 -0.0113961 -0.00139016 0.00333539
181.772 13.824 0.133623 1.65222 -0.0118645 -0.00123549 0.00333743
181.792 13.824 0.13652 1.65223 -0.0122358 -0.00123774 0.00333878
181.816 13.824 0.139454 1.65224 -0.0125079 -0.00128071 0.00333809
181.832 13.824 0.142427 1.65225 -0.0126792 -0.00128083 0.00333815
181.853 13.824 0.145439 1.65225 -0.0127664 -0.00127218 0.00333673
181.873 13.824 0.148492 1.65225 -0.0127878 -0.00134994 0.00333576
181.893 13.824 0.151584 1.65225 -0.0127647 -0.00123708 0.00333293
181.916 13.824 0.154717 1.65225 -0.0127852 -0.00125591 0.00333422
181.933 13.824 0.15789 1.65226 -0.0128557 -0.0012849 0.00333623
181.955 13.824 0.161102 1.65226 -0.0128259 -0.00128996 0.0033387
181.973 13.824 0.164354 1.65227 -0.012663 -0.00138063 0.00334116
181.994 13.824 0.167644 1.65227 -0.0124375 -0.00127379 0.00334111
182.015 13.824 0.170972 1.65228 -0.012206 -0.0012477 0.00333991
182.034 13.824 0.174337 1.65228 -0.0119745 -0.0013945 0.0033375
182.056 13.824 0.177739 1.65229 -0.0117486 -0.0012856 0.00333374
182.074 13.824 0.181175 1.6523 -0.0114956 -0.00128926 0.00333424
182.095 13.824 0.184645 1.65231 -0.0112186 -0.00132003 0.00333511
182.119 13.824 0.188148 1.65232 -0.0109414 -0.00131266 0.0033339
182.135 13.824 0.191682 1.65233 -0.0106638 -0.00129714 0.00333596
182.157 13.824 0.195247 1.65233 -0.0103817 -0.00129289 0.00333705
182.176 13.824 0.19884 1.65232 -0.0100975 -0.00129265 0.00334251
182.196 13.824 0.202462 1.65232 -0.00983765 -0.0012896 0.00334474
182.22 13.824 0.206111 1.65231 -0.00962932 -0.00136636 0.00334678
182.236 13.824 0.209787 1.6523 -0.00970568 -0.00124923 0.00334569
182.257 13.824 0.213492 1.6523 -0.010098 -0.00128928 0.00334532
182.276 13.824 0.217224 1.65231 -0.0104927 -0.00129844 0.00334506
182.296 13.824 0.220985 1.65232 -0.0108075 -0.00136374 0.00334364
182.32 13.824 0.224777 1.65234 -0.0113278 -0.00120828 0.00334137
182.337 13.8241 0.228603 1.65236 -0.0120054 -0.00124888 0.00334317
182.358 13.8241 0.232462 1.65238 -0.0124217 -0.00127431 0.00334248
182.377 13.8241 0.236355 1.65241 -0.0124983 -0.00125924 0.00333977
182.397 13.8241 0.240283 1.65244 -0.0123232 -0.00125093 0.00334271
182.423 13.8241 0.244245 1.65246 -0.0119921 -0.00126409 0.00334435
182.438 13.8241 0.248241 1.65247 -0.0115677 -0.00135712 0.00334539
182.459 13.8241 0.252269 1.65249 -0.0110904 -0.00122412 0.00334384
182.479 13.8241 0.256327 1.6525 -0.0105724 -0.00125686 0.00334178
182.498 13.8241 0.260415 1.65251 -0.0101698 -0.00137114 0.00334408
182.52 13.8241 0.264531 1.65254 -0.0101946 -0.00122045 0.00334374
182.538 13.8241 0.268674 1.65257 -0.0102299 -0.0011871 0.00334289
182.559 13.8241 0.272843 1.65261 -0.00998155 -0.00127458 0.00334405
182.579 13.8241 0.277036 1.65265 -0.00968136 -0.00130319 0.00334458
182.599 13.8241 0.281257 1.6527 -0.00989817 -0.00136929 0.00334563
182.62 13.8241 0.285507 1.65275 -0.0106183 -0.00121822 0.00334699
182.639 13.8241 0.289785 1.65281 -0.011549 -0.00125203 0.00334949
182.66 13.8242 0.294096 1.65286 -0.0125138 -0.00129105 0.00335236
182.679 13.8242 0.298441 1.6529 -0.0134521 -0.0012769 0.00335516
182.699 13.8242 0.302825 1.65293 -0.0143283 -0.00126519 0.00335433
182.724 13.8242 0.307249 1.65296 -0.0150691 -0.00127092 0.00335398
182.74 13.8242 0.311718 1.65298 -0.0156851 -0.00127247 0.00335698
182.761 13.8242 0.316233 1.653 -0.0161869 -0.00127632 0.00335845
182.78 13.8242 0.320796 1.653 -0.0165483 -0.00126927 0.00335657
182.801 13.8242 0.325408 1.65301 -0.0167541 -0.00126254 0.00335764
182.824 13.8242 0.330069 1.65301 -0.0168176 -0.00126523 0.00336206
182.841 13.8242 0.334781 1.653 -0.0167212 -0.00133808 0.00336252
182.862 13.8242 0.339543 1.65299 -0.016592 -0.00121994 0.00335581
182.881 13.8242 0.344354 1.65298 -0.0165104 -0.00133656 0.00335601
182.901 13.8242 0.349215 1.65297 -0.0163765 -0.00121747 0.00335557
182.925 13.8242 0.354122 1.65297 -0.0160545 -0.00121876 0.00335615
182.942 13.8242 0.359076 1.65296 -0.0155745 -0.00125311 0.00335419
182.964 13.8242 0.364075 1.65295 -0.0150461 -0.00125675 0.00335383
182.982 13.8242 0.369116 1.65294 -0.0144834 -0.00124892 0.00335508
183.002 13.8242 0.374197 1.65293 -0.0138431 -0.00125135 0.00335534
183.024 13.8242 0.379315 1.65292 -0.0132315 -0.00125671 0.00335678
183.042 13.8242 0.38447 1.65291 -0.0127485 -0.00125496 0.00335684
183.064 13.824 0.388818 1.65277 -0.0121205 -0.00100839 0.00246442
183.083 13.8231 0.389084 1.65204 -0.00965484 -0.000686331 -0.000596601
183.103 13.8224 0.388838 1.65152 -0.0103806 0.00204478 -0.0014561
183.124 13.8219 0.388463 1.6515 -0.0131442 0.00433387 -0.00202278
183.144 13.8214 0.388 1.65187 -0.0171943 0.00646069 -0.00246897
183.164 13.821 0.387486 1.65247 -0.0219497 0.00773502 -0.00291749
183.184 13.8208 0.386975 1.65317 -0.026725 0.00771899 -0.00340937
183.204 13.8205 0.386505 1.6539 -0.0313722 0.00738967 -0.00380803
183.227 13.8204 0.386091 1.65465 -0.035763 0.00696367 -0.00410663
183.246 13.8203 0.385743 1.6554 -0.0396108 0.00651519 -0.00434118
183.268 13.8202 0.385478 1.65615 -0.0427872 0.0061697 -0.00445754
183.286 13.8202 0.385293 1.65687 -0.0451546 0.00574879 -0.0044963
183.306 13.8203 0.385192 1.65757 -0.0467083 0.00556199 -0.00441789
183.33 13.8204 0.385151 1.65824 -0.0477305 0.00535597 -0.0042381
183.347 13.8206 0.385139 1.65886 -0.0486616 0.00510325 -0.00394744
183.368 13.8209 0.385152 1.65944 -0.0495058 0.00480451 -0.00356569
183.386 13.8212 0.385192 1.65998 -0.05037 0.00465688 -0.00304339
183.549 13.8216 0.385261 1.66054 -0.0514215 0.00504107 -0.00231917
183.569 13.8221 0.385348 1.66115 -0.0524872 0.00499476 -0.0014989
183.587 13.8227 0.385452 1.66177 -0.053541 0.0051192 -0.000604723
183.608 13.8232 0.385439 1.66236 -0.054521 0.00496137 0.000247886
183.627 13.8236 0.385239 1.66286 -0.0558376 0.00343845 0.000802482
183.647 13.824 0.385058 1.66333 -0.0574039 0.000981144 0.00119018
183.668 13.8244 0.38494 1.66377 -0.0585831 -0.00051363 0.00139456
183.687 13.8248 0.38494 1.66416 -0.0585285 -0.00115844 0.0014061
183.708 13.8251 0.385068 1.66445 -0.0569239 -0.001161 0.00127616
183.727 13.8254 0.385279 1.66461 -0.0543057 -0.00238453 0.00107533
183.747 13.8258 0.385594 1.66469 -0.0506556 -0.00268309 0.000725079
183.769 13.8261 0.385975 1.66469 -0.0466041 -0.00279772 0.00023177
183.787 13.8265 0.386266 1.66455 -0.0432213 -0.00387344 -1.76501e-06
183.808 13.8268 0.386479 1.6643 -0.0403312 -0.00550501 -2.13726e-06
183.828 13.8272 0.386687 1.66398 -0.0375825 -0.00618694 -2.21548e-06
183.848 13.8275 0.386876 1.66361 -0.0351393 -0.00668744 -2.22499e-06
183.873 13.8279 0.387054 1.66318 -0.0328799 -0.00704212 -2.19288e-06
183.889 13.8284 0.387212 1.66271 -0.030911 -0.00731955 -2.13737e-06
183.91 13.8288 0.387371 1.66221 -0.0289527 -0.00744134 -2.05454e-06
183.929 13.8293 0.387524 1.66168 -0.0270939 -0.00764488 -1.98915e-06
183.949 13.8298 0.387659 1.66113 -0.0254824 -0.00751337 -1.86952e-06
183.97 13.8303 0.387794 1.66059 -0.023881 -0.00747859 -1.77215e-06
183.989 13.8309 0.387915 1.66005 -0.0224655 -0.00729253 -1.65836e-06
184.011 13.8315 0.388024 1.65952 -0.0212028 -0.00715589 -1.55919e-06
184.03 13.8322 0.388134 1.65901 -0.0199454 -0.00690119 -1.45065e-06
184.05 13.833 0.388229 1.65851 -0.0188602 -0.00683392 -1.37132e-06
184.074 13.8338 0.38832 1.65804 -0.017825 -0.00674841 -1.29452e-06
184.09 13.8346 0.388411 1.6576 -0.0168104 -0.00661203 -1.2168e-06
184.112 13.8356 0.388487 1.65718 -0.0159598 -0.00632653 -1.13213e-06
184.131 13.8366 0.388567 1.6568 -0.0150669 -0.00609083 3.24458e-06
184.151 13.8377 0.388651 1.65646 -0.0141347 -0.00609026 3.17618e-06
184.174 13.8389 0.388718 1.65615 -0.0133971 -0.00606923 3.02326e-06
184.192 13.8401 0.388793 1.65588 -0.0125794 -0.00577952 3.65317e-06
184.214 13.8415 0.388858 1.65565 -0.0118755 -0.00589602 3.46768e-06
184.232 13.8429 0.388918 1.65545 -0.0112318 -0.00564753 3.31392e-06
184.252 13.8444 0.388976 1.65527 -0.0106064 -0.00567886 5.43651e-06
184.273 13.8461 0.389024 1.65512 -0.0100903 -0.00521922 5.19394e-06
184.293 13.8477 0.389066 1.655 -0.00963952 -0.00519494 4.94135e-06
184.313 13.8495 0.389118 1.6549 -0.00904133 -0.0045074 2.161e-05
184.333 13.8514 0.38918 1.65483 -0.00843016 -0.00454645 3.65109e-06
184.353 13.8534 0.389225 1.65477 -0.00795045 -0.00449381 3.47291e-06
184.374 13.8555 0.389263 1.6547 -0.007549 -0.00434697 3.48647e-06
184.393 13.8576 0.389294 1.65463 -0.00719892 -0.00416318 -1.31904e-06
184.415 13.8599 0.389333 1.65456 -0.00681379 -0.00407459 5.13993e-06
184.434 13.8622 0.389363 1.65448 -0.00647843 -0.00408236 6.57018e-06
184.454 13.8646 0.389401 1.65441 -0.00609697 -0.00393106 -5.98584e-07
184.475 13.8672 0.389439 1.65434 -0.00570262 -0.00364984 9.93366e-06
184.494 13.8698 0.389472 1.65427 -0.00538269 -0.00348307 -7.69754e-07
184.515 13.8726 0.389497 1.6542 -0.00511317 -0.00335618 3.97459e-06
184.534 13.8754 0.389523 1.65415 -0.00472201 -0.00352816 2.08513e-05
184.555 13.8784 0.389569 1.65411 -0.00434926 -0.00333605 1.98191e-05
184.576 13.8815 0.389599 1.65407 -0.00405719 -0.00334749 2.80643e-07
184.595 13.8847 0.389611 1.65406 -0.00376227 -0.00284926 2.04353e-05
184.616 13.8879 0.389638 1.65405 -0.00343417 -0.0031574 1.9591e-05
184.635 13.8913 0.389679 1.65406 -0.00311913 -0.00288814 5.53197e-06
184.656 13.8948 0.389705 1.65408 -0.00277083 -0.00317802 4.79789e-05
184.677 13.8985 0.389701 1.65412 -0.00213272 -0.00230279 0.000128739
184.696 13.9022 0.389708 1.65418 -0.00170211 -0.00274676 0.000181388
184.716 13.9061 0.389722 1.65425 -0.00150794 -0.00290372 0.000223344
184.736 13.9101 0.389742 1.65435 -0.00136009 -0.00428432 0.00024676
184.756 13.9144 0.389769 1.6545 -0.00120476 -0.00253349 0.000258946
184.781 13.919 0.389799 1.6547 -0.000932534 -0.00224533 0.000260862
184.797 13.9238 0.389832 1.65492 -0.000616919 -0.00282908 0.000254565
184.817 13.9289 0.389869 1.65517 -0.00035785 -0.00303817 0.000240193
184.837 13.9343 0.389905 1.65545 3.53585e-05 -0.00288299 0.000210606
184.857 13.9398 0.389935 1.65572 -2.52387e-05 -0.00293948 0.000326499
184.878 13.9456 0.389879 1.65598 1.23986e-05 -0.0026677 0.000489856
184.897 13.9516 0.389821 1.65624 0.00020424 -0.00246493 0.000623493
184.918 13.9578 0.389762 1.65649 0.000252899 -0.00233364 0.000766542
184.938 13.9642 0.389701 1.65671 0.000345001 -0.00281224 0.000877411
184.958 13.9708 0.389639 1.65692 0.000501317 -0.00246495 0.000975246
184.98 13.9776 0.389574 1.65712 0.000666478 -0.00258163 0.00106451
184.998 13.9846 0.389505 1.65731 0.000854569 -0.00256039 0.00115667
185.02 13.9918 0.389433 1.65749 0.00100823 -0.00301734 0.00123699
185.039 13.9991 0.389358 1.65767 0.00116327 -0.00248281 0.00129861
185.06 14.0067 0.389278 1.65783 0.00137115 -0.0019128 0.0013449
185.084 14.0145 0.389193 1.65798 0.00153232 -0.00216276 0.0013748
185.1 14.0224 0.389104 1.65812 0.00167066 -0.00257172 0.00139059
185.122 14.0304 0.389008 1.65825 0.00188763 -0.0022331 0.00138935
185.14 14.0386 0.388905 1.65837 0.00207611 -0.00221986 0.00137605
185.16 14.047 0.388795 1.65848 0.00229892 -0.00208858 0.00135335
185.182 14.0555 0.388676 1.65859 0.00244209 -0.00245889 0.00132213
185.201 14.0642 0.38855 1.65869 0.00248079 -0.00190954 0.00128596
185.221 14.0729 0.388414 1.65879 0.00255729 -0.00210207 0.00123483
185.241 14.0818 0.388269 1.65887 0.0026199 -0.00174587 0.00117782
185.261 14.0908 0.388114 1.65895 0.00268775 -0.00204768 0.00111557
185.285 14.0998 0.38795 1.65901 0.00277809 -0.00175001 0.00104658
185.301 14.109 0.387775 1.65907 0.00281238 -0.00174971 0.000974243
185.322 14.1183 0.38759 1.65912 0.00282777 -0.00166011 0.000894882
185.342 14.1277 0.387396 1.65916 0.00283384 -0.00178635 0.000810714
185.363 14.1371 0.387191 1.65918 0.00281149 -0.0010864 0.000727035
185.383 14.1466 0.386975 1.6592 0.00279252 -0.00128791 0.000635967
185.402 14.1562 0.38675 1.65923 0.00276941 -0.000787952 0.000541933
185.425 14.1658 0.386514 1.65926 0.00276042 -0.000863506 0.00044628
185.443 14.1754 0.386269 1.6593 0.00273808 -0.00175486 0.000344772
185.463 14.1851 0.386014 1.65935 0.00264789 -0.000555922 0.000248647
185.485 14.195 0.385748 1.65942 0.00265956 0.000793601 0.000147186
185.503 14.2048 0.385474 1.6595 0.00265599 0.000172887 4.5348e-05
185.524 14.2147 0.38519 1.65958 0.00261747 -0.000896287 -5.67028e-05
185.544 14.2248 0.384896 1.65969 0.00265602 0.00031914 -0.000153978
185.563 14.2349 0.384592 1.6598 0.00273454 0.000403993 -0.000252973
185.585 14.2452 0.384279 1.65992 0.0027947 -0.000427514 -0.000353524
185.605 14.2556 0.383956 1.66005 0.00277987 0.00100367 -0.000445981
185.626 14.2661 0.383622 1.66019 0.00296691 0.000786759 -0.000544976
185.644 14.2766 0.383277 1.66036 0.00318473 -0.000321276 -0.000645661
185.665 14.2872 0.382921 1.66058 0.00320477 -0.00029061 -0.000735064
185.688 14.2977 0.382554 1.66079 0.00323049 -0.00127778 -0.000814867
185.705 14.3085 0.382176 1.66104 0.00315576 -2.59677e-05 -0.000884799
185.726 14.3194 0.381785 1.66132 0.00318925 0.00117393 -0.000954284
185.746 14.3303 0.381384 1.66159 0.00315852 0.000369911 -0.00101341
185.766 14.3411 0.380971 1.66188 0.00321182 -0.00233291 -0.00106861
185.79 14.3521 0.380549 1.66221 0.00291733 -0.00038727 -0.00109912
185.806 14.3632 0.380114 1.66262 0.00298804 0.00155324 -0.00113999
185.827 14.3743 0.37967 1.66304 0.00278853 0.000413672 -0.00117759
185.846 14.3853 0.379216 1.66346 0.0026206 -0.000157871 -0.00120833
185.866 14.3963 0.378754 1.66386 0.00246618 0.000329812 -0.00123152
185.888 14.4072 0.378284 1.66422 0.00228787 0.00050292 -0.00125264
185.907 14.4181 0.377806 1.66453 0.00212605 0.00055927 -0.00127242
185.928 14.4289 0.377322 1.66478 0.00187297 0.00068914 -0.00128887
185.947 14.4396 0.376833 1.66497 0.0016693 0.000707464 -0.00129851
185.967 14.4503 0.376338 1.66511 0.00148619 0.000714336 -0.00130362
185.989 14.4608 0.375839 1.6652 0.0013238 0.000743016 -0.00130773
186.008 14.4713 0.375337 1.66525 0.00112093 0.000799844 -0.00131472
186.029 14.4816 0.374832 1.66525 0.00100003 0.000878738 -0.00131397
186.049 14.4919 0.374325 1.66521 0.00083783 0.00108299 -0.00130702
186.069 14.502 0.373816 1.66512 0.000737676 0.000950589 -0.00129426
186.093 14.5121 0.373306 1.66501 0.000648399 0.000846055 -0.00127703
186.109 14.522 0.372795 1.66488 0.000499159 0.000766292 -0.00125852
186.133 14.5318 0.372285 1.66474 0.000312703 0.00105771 -0.00123658
186.15 14.5414 0.371774 1.66458 0.000152879 0.00106431 -0.0012112
186.169 14.551 0.371265 1.66442 -1.60297e-05 0.00123272 -0.00118341
186.192 14.5604 0.370757 1.66425 -4.45638e-05 0.00117887 -0.00115359
186.211 14.5696 0.370252 1.66408 -0.000171333 0.000882551 -0.00112443
186.23 14.5787 0.369749 1.66392 -0.000323033 0.00141136 -0.00108883
186.25 14.5877 0.369249 1.66375 -0.000480201 0.00122232 -0.00104954
186.27 14.5964 0.368753 1.6636 -0.000658464 0.00132995 -0.00101297
186.296 14.6051 0.368261 1.66345 -0.000775456 0.00126196 -0.000972711
186.31 14.6135 0.367774 1.66331 -0.000872925 0.00136198 -0.000928236
186.332 14.6218 0.367291 1.66317 -0.000882199 0.00102234 -0.000884637
186.352 14.6299 0.366813 1.66303 -0.000983283 0.00111565 -0.000841874
186.372 14.6379 0.366341 1.6629 -0.00105596 0.00107072 -0.000793593
186.393 14.6457 0.365875 1.66276 -0.00105937 0.00146958 -0.000740346
186.413 14.6533 0.365414 1.66262 -0.00109371 0.00106179 -0.000687644
186.434 14.6608 0.364959 1.66249 -0.00102976 0.00094172 -0.000631734
186.453 14.6681 0.364509 1.66236 -0.00101095 0.000773249 -0.000576271
186.473 14.6752 0.364066 1.66226 -0.00105445 0.00144278 -0.000521352
186.493 14.6822 0.363628 1.66216 -0.00100973 0.000832141 -0.000461909
186.513 14.6889 0.363195 1.66208 -0.00110935 0.00107775 -0.000405461
186.536 14.6956 0.362769 1.66202 -0.00116339 0.00126911 -0.000344889
186.554 14.702 0.362348 1.66195 -0.00120232 0.00169622 -0.000284617
186.574 14.7083 0.361933 1.66187 -0.00124136 0.00113182 -0.000227943
186.595 14.7144 0.361524 1.66179 -0.00117921 0.00103717 -0.000167782
186.614 14.7204 0.361122 1.66172 -0.00117089 0.00114125 -0.000107414
186.634 14.7262 0.360725 1.66165 -0.00118911 0.00114277 -4.64385e-05
186.655 14.7318 0.360334 1.66156 -0.00120762 0.00107802 1.40385e-05
186.674 14.7373 0.359949 1.66146 -0.00115976 0.00125358 7.50405e-05
186.696 14.7426 0.359571 1.66136 -0.00122792 0.000982738 0.000137921
186.715 14.7477 0.359198 1.66126 -0.00125351 0.000724258 0.000199923
186.739 14.7527 0.358832 1.66115 -0.0013393 0.000952105 0.000257582
186.756 14.7576 0.358472 1.66105 -0.00143392 0.00132555 0.000317626
186.776 14.7622 0.358118 1.66094 -0.00139451 0.000660219 0.000388743
186.8 14.7668 0.35777 1.66085 -0.00140522 0.001017 0.000457113
186.816 14.7711 0.35743 1.66075 -0.00146356 0.000704519 0.00052854
186.837 14.7754 0.357096 1.66067 -0.00151912 0.00100189 0.000599457
186.856 14.7795 0.35677 1.66059 -0.00156801 0.000729995 0.000668535
186.876 14.7834 0.35645 1.66051 -0.00159622 0.000557717 0.000736876
186.901 14.7872 0.356138 1.66043 -0.00163872 0.000825143 0.000802481
186.918 14.7909 0.355833 1.66035 -0.00167417 0.000665847 0.00086576
186.939 14.7944 0.355535 1.66028 -0.00169016 0.000633145 0.000928926
186.958 14.7979 0.355245 1.66021 -0.00166403 0.000406181 0.00099258
186.978 14.8011 0.354961 1.66013 -0.00160792 0.000312785 0.00105775
186.999 14.8043 0.354685 1.66006 -0.00154414 0.000287004 0.00112198
187.018 14.8073 0.354416 1.65999 -0.00153289 0.000129179 0.00118381
187.04 14.8102 0.354153 1.65993 -0.00152306 -1.53718e-05 0.00124435
187.059 14.813 0.353898 1.65986 -0.0015277 7.39934e-05 0.00130486
187.079 14.8157 0.353649 1.65979 -0.0015297 0.000187206 0.00136402
187.103 14.8182 0.353406 1.65972 -0.00149205 -0.000110516 0.00142134
187.119 14.8206 0.35317 1.65965 -0.00145592 -0.000145802 0.00147732
187.141 14.823 0.35294 1.65959 -0.00142591 -0.000312223 0.00153266
187.159 14.8252 0.352717 1.65952 -0.00140124 -0.000126313 0.00158768
187.179 14.8273 0.352499 1.65944 -0.00138941 -0.000416835 0.00163946
187.202 14.8293 0.352288 1.65936 -0.0013581 -0.000219382 0.00168967
187.22 14.8311 0.352082 1.65928 -0.00131506 -0.000414997 0.0017414
187.241 14.8329 0.351882 1.6592 -0.00128964 -0.000329535 0.00179151
187.26 14.8346 0.351687 1.65911 -0.0012505 -0.000450806 0.00184231
187.281 14.8362 0.351498 1.65902 -0.00121879 -0.0006262 0.00189087
187.305 14.8378 0.351314 1.65893 -0.00116628 -0.000694366 0.00193578
187.32 14.8392 0.351135 1.65884 -0.00113229 -0.000624305 0.00197972
187.342 14.8405 0.35096 1.65874 -0.00107814 -0.000667696 0.00201912
187.361 14.8418 0.350791 1.65864 -0.00105399 -0.000761518 0.00205769
187.381 14.843 0.350626 1.65854 -0.00103513 -0.000724865 0.00209016
187.402 14.8441 0.350465 1.65844 -0.00101791 -0.000824097 0.00212518
187.422 14.8451 0.350309 1.65835 -0.000990356 -0.0007839 0.00216047
187.443 14.846 0.350157 1.65825 -0.00095333 -0.000799483 0.0021933
187.462 14.8469 0.350009 1.65815 -0.000922007 -0.000837558 0.00222525
187.482 14.8477 0.349865 1.65806 -0.000861541 -0.00087829 0.00225999
187.503 14.8485 0.349725 1.65796 -0.000841749 -0.00102926 0.00229222
187.523 14.8491 0.349588 1.65788 -0.000816003 -0.00100582 0.00231896
187.544 14.8497 0.349455 1.65779 -0.000803681 -0.000973118 0.00234618
187.563 14.8503 0.349326 1.6577 -0.000794202 -0.00109534 0.00237209
187.584 14.8507 0.3492 1.65762 -0.000781391 -0.00104064 0.00239621
187.604 14.8512 0.349077 1.65753 -0.00076077 -0.0011597 0.00241941
187.624 14.8515 0.348957 1.65745 -0.000726141 -0.00115462 0.00243793
187.644 14.8519 0.34884 1.65737 -0.000687546 -0.00107855 0.00245826
187.664 14.8521 0.348727 1.65729 -0.000658326 -0.0012118 0.00247917
187.684 14.8523 0.348616 1.65721 -0.000636826 -0.00124273 0.00250019
187.705 14.8525 0.348508 1.65713 -0.0006318 -0.00126025 0.00251944
187.724 14.8526 0.348403 1.65705 -0.000595635 -0.00134974 0.0025403
187.745 14.8527 0.3483 1.65698 -0.000576169 -0.00104707 0.00255873
187.765 14.8528 0.3482 1.6569 -0.000561411 -0.00120076 0.00257515
187.785 14.8528 0.348102 1.65682 -0.000518933 -0.00162273 0.00259035
187.808 14.8528 0.348006 1.65676 -0.000487561 -0.00127982 0.00260727
187.825 14.8527 0.347913 1.65671 -0.000462869 -0.00118263 0.00262261
187.846 14.8527 0.347821 1.65667 -0.000390597 -0.00124355 0.00263537
187.866 14.8526 0.347732 1.65663 -0.000346727 -0.00123842 0.00265016
187.886 14.8525 0.347644 1.65659 -0.000315858 -0.00112974 0.00266122
187.91 14.8524 0.347557 1.65656 -0.000252487 -0.00103744 0.00267315
187.926 14.8523 0.347472 1.65652 -0.000213404 -0.00105841 0.00268721
187.947 14.8521 0.347388 1.65649 -0.000151834 -0.00100249 0.00269936
187.966 14.852 0.347305 1.65645 -0.000117929 -0.000838719 0.00270574
187.987 14.8518 0.347222 1.65641 -0.000100755 -0.000860308 0.00271334
188.009 14.8517 0.347141 1.65638 -9.97496e-05 -0.0007223 0.00272159
188.027 14.8515 0.347059 1.65634 -8.03085e-05 -0.000763979 0.00272874
188.049 14.8513 0.346979 1.65631 -7.91129e-05 -0.000968193 0.00273622
188.068 14.8511 0.346899 1.65627 -0.000113869 -0.000815897 0.00273413
188.088 14.851 0.346821 1.65624 -0.000255395 -0.000675859 0.0027322
188.112 14.8508 0.346743 1.65621 -0.000365132 -0.000609721 0.0027263
188.128 14.8507 0.346667 1.65618 -0.000277001 -0.000690597 0.00271918
188.15 14.8506 0.34659 1.65615 7.08127e-05 -0.00077 0.00271376
188.168 14.8505 0.346511 1.65611 0.000711777 -0.000765427 0.00270498
188.188 14.8504 0.346428 1.65607 0.00163026 -0.00075363 0.00269369
188.209 14.8503 0.346337 1.65602 0.00281703 -0.00076177 0.00267991
188.229 14.8502 0.346234 1.65597 0.00428339 -0.000731058 0.00266596
188.249 14.8502 0.346113 1.65592 0.00595661 -0.000730299 0.00265299
188.269 14.8501 0.345968 1.65586 0.00781018 -0.000722641 0.00263776
188.289 14.8501 0.345792 1.65581 0.00986157 -0.000665028 0.00262218
188.309 14.85 0.345576 1.65575 0.0120289 -0.000667231 0.00260546
188.329 14.85 0.345313 1.65569 0.0143224 -0.000544923 0.0025926
188.351 14.85 0.344995 1.65564 0.0167075 -0.000572981 0.00257643
188.37 14.85 0.344611 1.65559 0.0191325 -0.000647048 0.00255674
188.39 14.8499 0.344153 1.65555 0.0216609 -0.000573544 0.00254248
188.411 14.8499 0.343611 1.65551 0.0241988 -0.000521488 0.00252866
188.43 14.8499 0.342975 1.65547 0.0267201 -0.000518066 0.00251379
188.451 14.8499 0.342237 1.65544 0.0292496 -0.000463703 0.0025
188.471 14.8499 0.341387 1.65541 0.0317016 -0.000449712 0.00248663
188.491 14.8499 0.340414 1.65539 0.0342088 -0.000407115 0.00247447
188.513 14.8499 0.339309 1.65538 0.0369564 -0.000336793 0.00246521
188.531 14.8499 0.338061 1.65538 0.0398227 -0.000328199 0.00245199
188.552 14.8499 0.33666 1.65539 0.0427826 -0.00016998 0.00244584
188.572 14.8499 0.335094 1.65541 0.045879 -0.000194241 0.00243373
188.592 14.8498 0.333355 1.65544 0.0487213 -0.000280502 0.00241699
188.613 14.8498 0.331431 1.65548 0.0512508 -0.000213755 0.00240905
188.632 14.8498 0.329312 1.65554 0.0536602 -0.000185652 0.00239907
188.653 14.8498 0.32699 1.65559 0.0560999 -0.000170306 0.00238907
188.673 14.8498 0.324454 1.65565 0.0585243 -0.000125637 0.00238087
188.693 14.8498 0.321698 1.65572 0.0608806 -0.000127556 0.00237051
188.715 14.8497 0.318711 1.65578 0.0631971 -0.000103161 0.00236184
188.733 14.8497 0.315487 1.65585 0.0654304 -0.00010104 0.00235048
188.754 14.8497 0.312018 1.65591 0.0674697 6.74055e-06 0.00234731
188.774 14.8496 0.308295 1.65598 0.0694674 3.09251e-05 0.00234252
188.794 14.8495 0.30431 1.65605 0.0716416 1.88361e-05 0.00233394
188.817 14.8495 0.300046 1.65616 0.0751459 5.35395e-05 0.0023269
188.834 14.8494 0.295492 1.65631 0.0795319 2.34723e-05 0.00231755
188.856 14.8493 0.290639 1.6565 0.0837754 6.0512e-05 0.00231409
188.875 14.8491 0.285475 1.65669 0.0872621 0.000118157 0.00231637
188.895 14.849 0.279992 1.65689 0.0897201 0.000164949 0.00231674
188.918 14.8489 0.274181 1.65707 0.0911456 0.000184467 0.00231659
188.936 14.8488 0.268038 1.65724 0.0915742 0.000219578 0.00231403
188.957 14.8486 0.261563 1.6574 0.0910352 0.000231773 0.00231087
188.976 14.8484 0.254757 1.65755 0.0897276 0.000233168 0.00230612
188.996 14.8483 0.247626 1.65768 0.0876867 0.000150839 0.00229814
189.019 14.8481 0.24018 1.6578 0.0848216 0.000269167 0.00230627
189.036 14.8479 0.232433 1.6579 0.0809619 0.000266445 0.0023037
189.057 14.8478 0.2244 1.65798 0.076413 0.000217997 0.00229995
189.077 14.8476 0.216094 1.65805 0.0716496 0.000255624 0.00229997
189.097 14.8474 0.207539 1.65812 0.0663228 0.000214385 0.00229239
189.12 14.8472 0.198756 1.65817 0.0606076 0.000212633 0.00228747
189.138 14.847 0.189763 1.65821 0.0549599 0.000250852 0.0022874
189.159 14.8469 0.180586 1.65824 0.0491041 8.84542e-05 0.00227449
189.178 14.8467 0.171249 1.65826 0.04305 0.000158401 0.00227563
189.198 14.8465 0.161777 1.65827 0.0365769 0.000249662 0.00227707
189.219 14.8463 0.152195 1.65826 0.0298297 0.000163109 0.00227142
189.238 14.8462 0.142527 1.65825 0.023092 0.000180918 0.0022671
189.261 14.846 0.132802 1.65822 0.0163036 0.000144729 0.0022632
189.279 14.8459 0.123045 1.65818 0.00943098 8.44439e-05 0.0022633
189.299 14.8457 0.113282 1.65814 0.00263293 0.000137544 0.00226047
189.322 14.8456 0.103542 1.65809 -0.00414603 -2.32748e-05 0.00226064
189.339 14.8454 0.0938486 1.65803 -0.0108052 4.70612e-06 0.00225816
189.362 14.8453 0.0842288 1.65797 -0.0173435 0.000118769 0.002249
189.38 14.8452 0.074708 1.65791 -0.0238156 2.72361e-05 0.00224399
189.4 14.8451 0.0653107 1.65784 -0.0301076 2.74274e-05 0.00223999
189.423 14.845 0.0560617 1.65778 -0.0363158 5.34292e-05 0.00223499
189.442 14.845 0.0469849 1.65773 -0.0424439 -2.30067e-06 0.00223274
189.463 14.8449 0.0381034 1.65768 -0.048402 3.36895e-05 0.00222494
189.482 14.8449 0.0294398 1.65762 -0.0542022 9.49906e-06 0.00222221
189.502 14.8448 0.0210155 1.65757 -0.0597914 -0.000124281 0.00222795
189.524 14.8448 0.0128501 1.6575 -0.0650636 4.76614e-05 0.00221186
189.542 14.8448 0.00496402 1.6574 -0.0701324 -3.41725e-06 0.00221212
189.564 14.8448 -0.00262092 1.65732 -0.0750326 -5.31705e-05 0.00221323
189.583 14.8448 -0.00988716 1.65728 -0.079399 -7.71633e-06 0.00220907
189.602 14.8449 -0.0168198 1.65727 -0.0830054 -3.11046e-05 0.00220888
189.623 14.8449 -0.0234073 1.65729 -0.0857228 -3.70479e-05 0.00220622
189.642 14.8449 -0.0296405 1.65733 -0.0875689 -3.38336e-05 0.00220072
189.664 14.845 -0.0355138 1.65737 -0.0885581 -4.13294e-05 0.00219481
189.683 14.8451 -0.0410242 1.65743 -0.0887534 -4.61099e-05 0.002188
189.703 14.8452 -0.0461719 1.65749 -0.0882826 3.24781e-05 0.0021735
189.726 14.8452 -0.0509595 1.65756 -0.0872975 -0.000104404 0.0021805
189.743 14.8454 -0.0553938 1.6576 -0.085909 -0.000137263 0.00217837
189.764 14.8455 -0.059484 1.65759 -0.0840474 -0.000154002 0.00217564
189.784 14.8456 -0.0632395 1.65752 -0.0816603 -0.000196345 0.00217717
189.803 14.8457 -0.0666677 1.6574 -0.0790835 -0.000153866 0.00217217
189.828 14.8458 -0.069779 1.65727 -0.0760759 -0.000210197 0.00217777
189.844 14.846 -0.0725899 1.65712 -0.0719065 -0.000233561 0.00218042
189.864 14.8461 -0.0751154 1.65697 -0.0669777 -0.000198514 0.00217934
189.884 14.8462 -0.0773753 1.6568 -0.061489 -0.000202456 0.00218205
189.905 14.8464 -0.0793898 1.65661 -0.0557378 -0.000143645 0.00218232
189.926 14.8465 -0.0811803 1.65642 -0.0500457 -0.000126175 0.00219023
189.945 14.8466 -0.0827673 1.65622 -0.0447139 -0.000136958 0.00220122
189.966 14.8468 -0.0841744 1.65603 -0.0394286 -0.000101808 0.00221094
189.985 14.8469 -0.0854217 1.65583 -0.0343459 -5.31078e-05 0.00222088
190.005 14.847 -0.0865286 1.65564 -0.0296455 -4.43535e-05 0.00223616
190.026 14.8471 -0.0875145 1.65545 -0.0252373 -2.84135e-05 0.00225357
190.045 14.8472 -0.0883982 1.65526 -0.0209225 -2.34753e-05 0.00227101
190.068 14.8473 -0.0891961 1.65507 -0.016856 -1.38531e-05 0.00229323
190.086 14.8474 -0.0899228 1.65489 -0.0132548 1.30269e-05 0.00231697
190.106 14.8475 -0.0905931 1.65471 -0.0100804 2.21461e-05 0.00233988
190.129 14.8476 -0.09122 1.65453 -0.0072524 3.14772e-05 0.00236309
190.146 14.8476 -0.091814 1.65435 -0.00486863 5.4042e-05 0.00238875
190.167 14.8477 -0.0923847 1.65418 -0.00291465 7.90376e-05 0.00241719
190.187 14.8478 -0.0929402 1.65401 -0.00132142 6.93398e-06 0.00244913
190.207 14.8479 -0.0934866 1.65384 -8.08202e-05 5.49462e-05 0.00246713
190.228 14.8479 -0.0940284 1.65369 0.000724106 0.000109249 0.00247724
190.247 14.848 -0.0945691 1.65354 0.00115641 9.50946e-05 0.00248851
190.268 14.8481 -0.0951108 1.6534 0.00129463 7.82613e-05 0.00249732
190.288 14.8482 -0.0956545 1.65328 0.00120669 7.86765e-05 0.00250953
190.308 14.8483 -0.0962002 1.65316 0.00097642 7.33013e-05 0.00251437
190.33 14.8484 -0.0967476 1.65306 0.000681412 5.36796e-05 0.0025187
190.348 14.8485 -0.0972958 1.65296 0.000365144 2.9549e-05 0.00252554
190.369 14.8486 -0.0978436 1.65287 5.33426e-05 1.04447e-05 0.00253168
190.389 14.8487 -0.0983898 1.65279 -0.000262416 9.1166e-06 0.00253908
190.409 14.8488 -0.0989333 1.65272 -0.000556641 9.17079e-06 0.00254436
190.431 14.8489 -0.0994731 1.65265 -0.000809343 1.00535e-05 0.00254825
190.45 14.8491 -0.100008 1.65259 -0.00102099 8.24285e-06 0.00255317
190.471 14.8492 -0.100538 1.65254 -0.00119345 -2.8655e-06 0.00255531
190.49 14.8493 -0.101061 1.65249 -0.00132138 -9.86758e-06 0.00255544
190.51 14.8494 -0.101578 1.65246 -0.00137128 -2.30735e-05 0.00255676
190.532 14.8496 -0.102088 1.65244 -0.00135058 -2.03123e-05 0.0025561
190.55 14.8497 -0.102592 1.65243 -0.00131253 1.39866e-06 0.00255113
190.571 14.8499 -0.103088 1.65243 -0.00129291 1.18529e-05 0.00254719
190.591 14.85 -0.103578 1.65244 -0.00127772 1.74856e-05 0.00254255
190.611 14.8502 -0.104061 1.65245 -0.00126913 3.22623e-05 0.00254074
190.635 14.8503 -0.104538 1.65246 -0.00128134 4.70161e-05 0.0025363
190.651 14.8505 -0.105008 1.65248 -0.00131313 5.35541e-05 0.0025288
190.673 14.8506 -0.105471 1.6525 -0.00137559 5.65122e-05 0.0025221
190.692 14.8508 -0.105926 1.65252 -0.00146337 5.5581e-05 0.00251564
190.712 14.851 -0.106375 1.65255 -0.00155249 6.76149e-05 0.00250766
190.734 14.8511 -0.106816 1.65257 -0.00162052 8.54333e-05 0.00250219
190.753 14.8513 -0.10725 1.6526 -0.00169165 9.15975e-05 0.00249809
190.773 14.8515 -0.107675 1.65263 -0.00176648 9.98165e-05 0.00249441
190.794 14.8517 -0.108093 1.65266 -0.00182809 0.00011594 0.00249078
190.813 14.8519 -0.108501 1.6527 -0.00186194 0.000165569 0.00248824
190.836 14.8521 -0.108902 1.65271 -0.00177175 8.56897e-05 0.00248831
190.854 14.8523 -0.109296 1.65273 -0.0014957 0.000125875 0.00248776
190.876 14.8524 -0.109684 1.65273 -0.00110645 6.70014e-05 0.00248794
190.895 14.8526 -0.110066 1.65273 -0.000666218 0.000144109 0.00248855
190.915 14.8528 -0.110445 1.65271 -0.00022618 0.000109185 0.0024893
190.937 14.853 -0.110821 1.6527 0.000181341 3.01868e-05 0.00248854
190.955 14.8532 -0.111197 1.65267 0.000568769 0.000184768 0.00248769
190.976 14.8534 -0.111573 1.65264 0.000919142 0.000123282 0.00249188
191.144 14.8536 -0.111951 1.6526 0.00118414 7.50794e-05 0.0024941
191.161 14.8537 -0.112333 1.65257 0.00138215 0.000101606 0.00249406
191.185 14.8539 -0.112718 1.65253 0.0014989 8.6189e-05 0.00249428
191.202 14.8541 -0.113107 1.65249 0.00156085 -1.47607e-05 0.0024943
191.223 14.8543 -0.113501 1.65244 0.00155843 0.000139777 0.00249872
191.242 14.8544 -0.1139 1.65239 0.00152653 0.000167609 0.00250293
191.262 14.8546 -0.114303 1.65234 0.00146922 9.65317e-05 0.00250504
191.284 14.8548 -0.114711 1.6523 0.00138929 8.72314e-05 0.00250662
191.302 14.8549 -0.115122 1.65225 0.00128448 4.64688e-05 0.00250927
191.323 14.8551 -0.115537 1.65221 0.00117433 0.000168786 0.00251354
191.343 14.8553 -0.115955 1.65217 0.00105363 0.000115676 0.00251592
191.363 14.8554 -0.116376 1.65213 0.000923896 0.000111581 0.002519
191.385 14.8556 -0.1168 1.6521 0.000812652 0.000135831 0.00252272
191.403 14.8557 -0.117225 1.65207 0.000706478 1.27987e-05 0.00252587
191.427 14.8559 -0.117652 1.65204 0.000627944 7.79768e-05 0.00252957
191.443 14.856 -0.118079 1.65202 0.000545015 8.09227e-05 0.00253255
191.463 14.8562 -0.118508 1.652 0.000447697 3.20149e-05 0.00253539
191.485 14.8563 -0.118936 1.65198 0.000317086 5.70984e-05 0.00253737
191.504 14.8565 -0.119365 1.65197 0.000168057 4.44318e-05 0.00253878
191.525 14.8566 -0.119792 1.65195 1.34784e-05 2.99107e-05 0.0025411
191.544 14.8567 -0.120219 1.65194 -0.000147315 2.64845e-05 0.00254529
191.564 14.8569 -0.120643 1.65192 -0.000320079 2.87376e-05 0.00254752
191.588 14.857 -0.121064 1.6519 -0.000502222 2.89677e-05 0.00254971
191.604 14.8571 -0.121483 1.65188 -0.000684613 2.58201e-05 0.00255183
191.625 14.8572 -0.121897 1.65186 -0.000849673 3.15508e-05 0.00255516
191.645 14.8573 -0.122307 1.65183 -0.000995554 4.11679e-05 0.00255744
191.665 14.8574 -0.122711 1.6518 -0.00113768 4.39037e-05 0.00256071
191.686 14.8575 -0.12311 1.65177 -0.00124642 5.9516e-05 0.00256356
191.705 14.8576 -0.123503 1.65173 -0.00128102 7.4371e-05 0.00256605
191.726 14.8577 -0.123891 1.6517 -0.00124942 7.78078e-05 0.00256621
191.746 14.8578 -0.124272 1.65168 -0.00119613 6.00172e-05 0.00256644
191.766 14.8579 -0.124648 1.65165 -0.0011472 7.80231e-05 0.0025677
191.787 14.858 -0.125017 1.65163 -0.00111639 5.29986e-05 0.00256905
191.806 14.8581 -0.125381 1.65161 -0.00111212 5.24492e-06 0.00257003
191.829 14.8582 -0.125739 1.6516 -0.00114019 -0.000118624 0.00257088
191.847 14.8583 -0.126092 1.65158 -0.0012178 -6.28793e-05 0.00257146
191.867 14.8583 -0.126438 1.65158 -0.00126586 -5.22753e-05 0.00257306
191.888 14.8584 -0.126778 1.65158 -0.00133467 -4.37263e-05 0.00257462
191.907 14.8585 -0.127112 1.65158 -0.00142578 -4.8091e-05 0.00257562
191.928 14.8586 -0.127439 1.65159 -0.0015351 -5.55281e-05 0.00257632
191.948 14.8586 -0.127759 1.65159 -0.00165257 -0.000155456 0.00257702
191.968 14.8587 -0.128072 1.6516 -0.00179478 -4.07683e-05 0.00257752
191.988 14.8588 -0.128376 1.65161 -0.00185614 -8.22791e-05 0.00257832
192.008 14.8589 -0.128674 1.65162 -0.00174748 -9.03342e-05 0.00257846
192.029 14.8589 -0.128965 1.65163 -0.00149447 -9.00523e-05 0.00257864
192.049 14.859 -0.129249 1.65164 -0.00117011 -8.01337e-05 0.0025798
192.069 14.8591 -0.129528 1.65164 -0.000842637 -7.26404e-05 0.00258131
192.091 14.8592 -0.129802 1.65164 -0.00052957 -8.06268e-05 0.00258413
192.109 14.8593 -0.130074 1.65164 -0.000240982 -6.75366e-05 0.002586
192.131 14.8594 -0.130343 1.65163 1.2772e-05 -5.75496e-05 0.00258727
192.149 14.8595 -0.130612 1.65162 0.00022261 -5.48662e-05 0.00258965
192.169 14.8596 -0.13088 1.65161 0.000394922 -4.17562e-05 0.0025923
192.19 14.8597 -0.131148 1.6516 0.000530441 -4.4987e-05 0.0025934
192.21 14.8598 -0.131418 1.65158 0.000648387 -5.35903e-05 0.00259414
192.231 14.8599 -0.131689 1.65157 0.000749183 -6.93804e-05 0.00259412
192.25 14.86 -0.131963 1.65155 0.000817234 -9.40573e-05 0.00259419
192.27 14.8601 -0.132238 1.65153 0.000867926 -0.000113015 0.00259454
192.292 14.8602 -0.132516 1.65151 0.000906743 -0.000129388 0.0025957
192.311 14.8604 -0.132796 1.65148 0.000920853 -0.000152054 0.00259704
192.331 14.8605 -0.133079 1.65146 0.000925648 -0.000223946 0.00259753
192.351 14.8606 -0.133365 1.65144 0.000907969 -0.00024113 0.00259873
192.371 14.8607 -0.133653 1.65142 0.000882708 -0.000138023 0.00259942
192.394 14.8609 -0.133943 1.65141 0.00083261 -9.18278e-06 0.00260059
192.411 14.861 -0.134236 1.6514 0.000786805 -0.000105323 0.00259768
192.435 14.8611 -0.134531 1.6514 0.000705448 -0.000157682 0.00259744
192.452 14.8612 -0.134827 1.65139 0.00060399 2.76885e-05 0.00259776
192.472 14.8614 -0.135125 1.65139 0.000523226 -5.96869e-06 0.00259825
192.496 14.8615 -0.135424 1.65139 0.000432941 -4.05863e-05 0.00259825
192.512 14.8616 -0.135724 1.6514 0.000359233 -4.31359e-05 0.00259806
192.533 14.8617 -0.136024 1.6514 0.000285576 -4.59217e-05 0.00259859
192.553 14.8618 -0.136325 1.65141 0.000214799 -3.4231e-05 0.00259854
192.573 14.8619 -0.136625 1.6514 0.000162892 -2.0315e-05 0.00259822
192.597 14.862 -0.136925 1.6514 0.000115134 -7.84071e-05 0.00259778
192.614 14.8621 -0.137225 1.65139 6.51527e-05 7.50381e-05 0.00259797
192.636 14.8622 -0.137524 1.65139 2.88784e-05 -4.39796e-05 0.0026001
192.655 14.8623 -0.137822 1.65138 -3.37989e-07 2.28298e-05 0.00260136
192.675 14.8624 -0.138119 1.65139 -2.83933e-05 1.31419e-05 0.00260159
192.696 14.8625 -0.138415 1.65139 -4.17067e-05 7.20193e-06 0.00260145
192.715 14.8626 -0.13871 1.65139 -4.96559e-05 3.96509e-05 0.00260108
192.735 14.8626 -0.139004 1.65139 -4.25703e-05 5.52543e-05 0.00260051
192.755 14.8627 -0.139297 1.65139 -5.54042e-05 -4.89824e-05 0.0025999
192.775 14.8628 -0.139589 1.65138 -7.17101e-05 4.75611e-05 0.00259913
192.797 14.8629 -0.13988 1.65138 -7.0062e-05 -6.84964e-05 0.00259834
192.816 14.863 -0.140169 1.65138 -6.19055e-05 -5.28964e-06 0.00259737
192.837 14.863 -0.140457 1.65138 -7.02076e-05 2.02203e-05 0.00259791
192.856 14.8631 -0.140744 1.65139 -9.236e-05 -8.69483e-05 0.00259821
192.876 14.8632 -0.141029 1.6514 -0.000127918 3.12025e-05 0.00259906
192.899 14.8633 -0.141313 1.65141 -0.00017674 4.39753e-05 0.00259839
192.916 14.8633 -0.141596 1.65142 -0.000215464 9.97469e-06 0.0025968
192.937 14.8634 -0.141877 1.65143 -0.000249244 -2.82745e-05 0.0025963
192.957 14.8635 -0.142155 1.65143 -0.000283296 -3.55497e-05 0.00259648
192.977 14.8635 -0.142432 1.65144 -0.000312344 -3.50588e-05 0.00259583
193.002 14.8636 -0.142707 1.65144 -0.000338905 -2.1823e-05 0.00259744
193.017 14.8636 -0.14298 1.65144 -0.000301795 -2.0838e-05 0.00259805
193.039 14.8637 -0.143251 1.65144 -0.000202633 -6.6834e-05 0.00259857
193.058 14.8637 -0.143521 1.65144 -7.31943e-05 -0.000144105 0.00259765
193.078 14.8638 -0.14379 1.65144 6.26192e-05 2.37394e-05 0.00259711
193.102 14.8638 -0.144058 1.65144 0.000206882 -0.000106824 0.00259667
193.119 14.8639 -0.144326 1.65145 0.000345092 -5.81688e-05 0.0025959
193.139 14.8639 -0.144595 1.65145 0.000476034 -7.12497e-05 0.00259491
193.159 14.8639 -0.144864 1.65146 0.000571709 -0.000204934 0.00259177
193.179 14.864 -0.145135 1.65147 0.000651568 -0.000105846 0.00259105
193.201 14.864 -0.145407 1.65148 0.000704957 -0.000229009 0.00259094
193.219 14.864 -0.145681 1.65149 0.000743449 -0.000100897 0.00259066
193.241 14.8641 -0.145957 1.6515 0.000769382 -0.000183672 0.00259077
193.259 14.8641 -0.146235 1.65152 0.000783691 -5.02159e-05 0.00259031
193.28 14.8641 -0.146515 1.65153 0.000794713 -0.000137491 0.00259019
193.301 14.8642 -0.146797 1.65155 0.000805125 -8.28712e-06 0.00258965
193.32 14.8642 -0.147082 1.65156 0.00084714 -3.26029e-05 0.00258597
193.341 14.8642 -0.147369 1.65158 0.000865653 -4.05744e-05 0.00258603
193.36 14.8643 -0.147659 1.6516 0.000874747 -4.00177e-05 0.00258481
193.381 14.8643 -0.147951 1.65161 0.000882813 -9.68754e-05 0.00258422
193.401 14.8643 -0.148245 1.65162 0.000906005 2.10123e-05 0.00258512
193.421 14.8643 -0.148542 1.65162 0.000945507 -0.000106392 0.00258553
193.442 14.8644 -0.148842 1.65163 0.00096674 -5.33577e-05 0.00258525
193.462 14.8644 -0.149145 1.65164 0.000983575 -0.000155438 0.00258443
193.482 14.8644 -0.149451 1.65165 0.000995333 -0.000121916 0.00258388
193.503 14.8644 -0.149759 1.65167 0.00101645 3.09668e-05 0.00258429
193.522 14.8644 -0.150071 1.65168 0.00101998 2.80924e-05 0.00258473
193.543 14.8645 -0.150385 1.65169 0.00103094 1.49411e-05 0.00258553
193.562 14.8645 -0.150703 1.6517 0.00105275 -2.87757e-05 0.00258621
193.582 14.8645 -0.151023 1.65171 0.00107224 -2.8404e-05 0.00258423
193.604 14.8645 -0.151347 1.65172 0.00105468 5.60067e-05 0.00258228
193.623 14.8645 -0.151674 1.65173 0.0010534 -1.10904e-05 0.00258065
193.645 14.8645 -0.152004 1.65174 0.00108757 -0.000155848 0.00257907
193.663 14.8645 -0.152337 1.65175 0.00109927 7.64937e-06 0.0025778
193.683 14.8645 -0.152674 1.65176 0.00110375 -7.92041e-05 0.00257669
193.708 14.8645 -0.153013 1.65177 0.00113701 8.30491e-06 0.00257756
193.723 14.8645 -0.153356 1.65178 0.00114959 -3.08217e-05 0.00257853
193.746 14.8645 -0.153703 1.65179 0.00116454 -2.83441e-05 0.00257822
193.764 14.8646 -0.154053 1.65179 0.00117972 7.4654e-05 0.00257809
193.784 14.8646 -0.154406 1.6518 0.00118906 -1.86772e-07 0.00257714
193.805 14.8646 -0.154763 1.6518 0.00123658 4.21131e-05 0.00257757
193.824 14.8646 -0.155124 1.6518 0.00132096 -3.44617e-05 0.00257764
193.845 14.8646 -0.155489 1.6518 0.00135091 1.33448e-06 0.00258076
193.865 14.8646 -0.155857 1.6518 0.00133702 -7.07396e-05 0.00258157
193.885 14.8646 -0.15623 1.6518 0.0013372 -8.16744e-05 0.00258062
193.906 14.8646 -0.156606 1.6518 0.00131889 9.15855e-05 0.00258
193.925 14.8646 -0.156987 1.65179 0.00132891 3.44974e-05 0.00257896
193.945 14.8646 -0.157372 1.65179 0.00134178 -8.0682e-05 0.00257898
193.965 14.8646 -0.157761 1.65179 0.0013566 -0.000172484 0.00257646
193.986 14.8646 -0.158153 1.65179 0.00135484 3.32573e-05 0.00257531
194.01 14.8646 -0.15855 1.65178 0.00135036 3.57598e-05 0.00257521
194.026 14.8646 -0.158951 1.65178 0.00145985 -9.13221e-06 0.00257429
194.051 14.8646 -0.159358 1.65179 0.00168204 7.46198e-05 0.00257388
194.067 14.8646 -0.159771 1.6518 0.00202067 -6.21817e-05 0.00257219
194.087 14.8646 -0.16019 1.65181 0.0023433 7.50669e-05 0.00257067
194.112 14.8646 -0.160617 1.65183 0.00267517 -3.031e-05 0.00256836
194.128 14.8646 -0.161053 1.65185 0.00296659 -6.71397e-05 0.00256687
194.148 14.8646 -0.161499 1.65186 0.00321738 -0.00014608 0.00256978
194.168 14.8646 -0.161955 1.65188 0.0034224 2.60161e-06 0.0025706
194.188 14.8646 -0.162424 1.6519 0.00358289 -7.75702e-05 0.00257055
194.209 14.8646 -0.162905 1.65191 0.00373184 2.13077e-05 0.00257125
194.228 14.8646 -0.163399 1.65193 0.00384583 3.79e-05 0.00257212
194.248 14.8646 -0.163906 1.65194 0.00394314 -9.09462e-05 0.00257144
194.268 14.8646 -0.164427 1.65194 0.00400059 -2.69568e-05 0.00257134
194.289 14.8646 -0.164961 1.65195 0.00403053 0.00014065 0.00257166
194.31 14.8646 -0.16551 1.65196 0.00407096 3.24569e-05 0.00257027
194.329 14.8646 -0.166073 1.65197 0.00409588 -5.83466e-05 0.00256861
194.35 14.8646 -0.166649 1.65197 0.00408326 2.61666e-05 0.00256777
194.37 14.8646 -0.16724 1.65198 0.00408474 -1.89308e-05 0.00256928
194.39 14.8646 -0.167846 1.65199 0.00413928 -4.58196e-05 0.00256976
194.412 14.8645 -0.168466 1.652 0.0041901 -0.000143755 0.00257026
194.43 14.8645 -0.169099 1.65201 0.00418752 -9.29367e-06 0.00257283
194.454 14.8645 -0.169748 1.65202 0.00422384 -6.04744e-05 0.00257239
194.47 14.8645 -0.170411 1.65204 0.00425722 3.65592e-05 0.0025741
194.491 14.8645 -0.171088 1.65205 0.00428347 -7.81341e-05 0.00257492
194.512 14.8645 -0.17178 1.65206 0.00430174 -7.35697e-06 0.00257313
194.531 14.8645 -0.172486 1.65207 0.00430946 -0.000133243 0.00257167
194.552 14.8645 -0.173207 1.65208 0.00428612 -2.4058e-05 0.00257071
194.572 14.8645 -0.173942 1.65209 0.00423761 -2.78126e-05 0.00257081
194.592 14.8645 -0.174692 1.65209 0.00419706 -0.000135645 0.00257038
194.615 14.8645 -0.175455 1.6521 0.0041289 1.31722e-05 0.00257227
194.632 14.8645 -0.176232 1.65211 0.00404109 -9.10016e-05 0.00257226
194.653 14.8645 -0.177022 1.65213 0.00394935 2.54385e-05 0.00257376
194.673 14.8645 -0.177825 1.65213 0.0038668 -5.42386e-05 0.00257275
194.693 14.8645 -0.178641 1.65214 0.00387893 4.13416e-05 0.00257223
194.714 14.8645 -0.179471 1.65215 0.00401146 -4.12377e-05 0.00257077
194.733 14.8645 -0.180313 1.65216 0.00419718 3.7428e-05 0.00257282
194.754 14.8644 -0.18117 1.65217 0.00439645 3.71015e-05 0.00257374
194.773 14.8644 -0.182041 1.65218 0.00456874 -1.25615e-05 0.00257436
194.793 14.8644 -0.182927 1.65218 0.00464009 -9.40994e-05 0.00257461
194.817 14.8644 -0.183827 1.65219 0.00460292 6.00729e-05 0.00257565
194.834 14.8644 -0.184742 1.65219 0.00449875 4.95577e-06 0.00257544
194.854 14.8644 -0.185671 1.65219 0.00436088 7.19393e-05 0.00257629
194.874 14.8643 -0.186614 1.6522 0.00422237 2.52941e-06 0.00257598
194.895 14.8643 -0.187571 1.6522 0.00401981 1.45341e-05 0.00257579
194.917 14.8643 -0.188539 1.6522 0.00378085 -3.00627e-06 0.00257464
194.935 14.8643 -0.18952 1.65219 0.0035321 -3.21823e-05 0.00257497
194.956 14.8643 -0.190511 1.65217 0.0032868 -9.37e-05 0.00257337
194.975 14.8643 -0.191512 1.65216 0.00307784 -0.000110297 0.00257161
194.995 14.8643 -0.192522 1.65214 0.0029111 -8.85625e-05 0.00257216
195.016 14.8643 -0.193541 1.65213 0.00281911 -7.35298e-05 0.00257067
195.036 14.8642 -0.194568 1.65212 0.00291299 -0.000154894 0.002569
195.057 14.8642 -0.195605 1.65211 0.0032173 -3.14878e-05 0.002567
195.076 14.8642 -0.196651 1.6521 0.00360624 -0.000109396 0.00256521
195.096 14.8642 -0.197709 1.6521 0.00405711 -0.000120072 0.00256303
195.118 14.8642 -0.19878 1.65209 0.00451492 -2.20351e-05 0.00255956
195.137 14.8642 -0.199864 1.65209 0.0049593 -0.000156052 0.00255561
195.158 14.8642 -0.200964 1.65208 0.00538538 -3.19737e-05 0.00255433
195.177 14.8642 -0.202082 1.65208 0.00576948 -7.6539e-05 0.00255173
195.197 14.8642 -0.203218 1.65208 0.00609108 -0.000165884 0.00254904
195.219 14.8641 -0.204375 1.65208 0.00633636 9.78413e-06 0.00254857
195.237 14.8641 -0.205552 1.65208 0.0065572 -0.000132268 0.0025463
195.258 14.8641 -0.20675 1.65208 0.00672995 -2.9506e-05 0.00254532
195.278 14.8641 -0.207971 1.65209 0.00687744 -0.00017192 0.00254404
195.299 14.8641 -0.209215 1.65209 0.00696814 -0.000122667 0.00254378
195.32 14.8641 -0.210482 1.6521 0.00698214 -3.17403e-05 0.0025441
195.339 14.8641 -0.211771 1.6521 0.00698731 -6.55521e-05 0.00254142
195.36 14.864 -0.213084 1.65211 0.00699233 -0.000147251 0.00253953
195.379 14.864 -0.21442 1.65212 0.00695929 -2.08406e-05 0.00253838
195.399 14.864 -0.215779 1.65213 0.0069996 -0.000104964 0.00253461
195.423 14.864 -0.217161 1.65214 0.00698578 -7.57643e-05 0.00253252
195.44 14.864 -0.218566 1.65215 0.00694561 -0.000178295 0.00253116
195.461 14.864 -0.219993 1.65216 0.00687555 -3.56596e-05 0.00252954
195.48 14.8639 -0.221443 1.65217 0.00675659 1.53512e-05 0.00252803
195.5 14.8639 -0.222914 1.65217 0.00665964 -0.000131191 0.00252646
195.522 14.8639 -0.224406 1.65218 0.00654702 2.9801e-05 0.00252692
195.541 14.8639 -0.225919 1.65218 0.0064618 -6.54948e-05 0.00252305
195.561 14.8639 -0.227453 1.65219 0.00634106 -1.43958e-05 0.00252305
195.581 14.8639 -0.229006 1.65219 0.00620656 0.000152904 0.00252233
195.601 14.8639 -0.230579 1.6522 0.00606274 -2.78251e-05 0.00252256
195.624 14.8639 -0.23217 1.65221 0.005885 5.30376e-05 0.00252097
195.641 14.8638 -0.233778 1.65222 0.00568177 4.36843e-05 0.0025194
195.662 14.8638 -0.235404 1.65223 0.0054956 7.33694e-05 0.00251699
195.682 14.8638 -0.237047 1.65224 0.00535421 4.1891e-05 0.002515
195.702 14.8638 -0.238704 1.65226 0.00514581 -2.97305e-05 0.00251431
195.725 14.8638 -0.240376 1.65227 0.00491578 0.000106842 0.00251321
195.743 14.8638 -0.242063 1.65228 0.00479806 -2.50218e-05 0.00251167
195.764 14.8638 -0.243763 1.65229 0.0047068 -0.000122307 0.00250857
195.783 14.8638 -0.245477 1.65231 0.00462334 -8.44215e-05 0.00250674
195.804 14.8638 -0.247202 1.65232 0.00451369 1.3653e-05 0.00250655
195.825 14.8638 -0.24894 1.65233 0.00445865 -0.000113967 0.00250383
195.844 14.8638 -0.25069 1.65235 0.00437844 3.1778e-05 0.00250221
195.864 14.8638 -0.252452 1.65236 0.00435955 9.44825e-05 0.00249949
195.884 14.8638 -0.254225 1.65237 0.00442071 -0.000140457 0.00249521
195.904 14.8638 -0.256011 1.65238 0.0044764 -6.09965e-05 0.00249681
195.925 14.8638 -0.257807 1.6524 0.00447746 8.60486e-05 0.00249763
195.944 14.8638 -0.259616 1.65241 0.00454833 4.28223e-05 0.00249489
195.966 14.8637 -0.261437 1.65242 0.00463306 -8.2484e-05 0.00249584
195.986 14.8637 -0.26327 1.65243 0.00464754 -5.68643e-05 0.00249618
196.005 14.8637 -0.265114 1.65244 0.00460712 -9.58981e-06 0.00249441
196.029 14.8637 -0.266971 1.65245 0.00454217 -0.000128188 0.00249374
196.045 14.8637 -0.26884 1.65245 0.00462772 -5.60779e-05 0.00249388
196.068 14.8637 -0.270724 1.65246 0.00510078 -0.000170395 0.00249154
196.086 14.8636 -0.272624 1.65247 0.00598143 -0.000179296 0.00249042
196.106 14.8636 -0.274543 1.65248 0.00700251 -0.00025682 0.00249054
196.129 14.8636 -0.276482 1.6525 0.00790467 -0.00010482 0.0024893
196.147 14.8636 -0.278445 1.65251 0.00871807 -4.54534e-05 0.00248763
196.168 14.8635 -0.280436 1.65252 0.00946202 -0.000158126 0.00248682
196.187 14.8635 -0.282457 1.65252 0.0100936 -3.4586e-06 0.00248692
196.207 14.8635 -0.28451 1.65253 0.0105873 7.68357e-05 0.00248637
196.229 14.8634 -0.286597 1.65253 0.0109819 9.90646e-05 0.00248291
196.247 14.8634 -0.288721 1.65253 0.0113333 -5.3449e-05 0.00247898
196.268 14.8634 -0.290881 1.65254 0.0115886 8.67516e-05 0.00247737
196.288 14.8634 -0.293079 1.65254 0.0117344 1.73661e-05 0.0024774
196.308 14.8633 -0.295316 1.65254 0.0118267 3.05817e-05 0.00247766
196.331 14.8633 -0.297591 1.65254 0.0118481 -3.39139e-05 0.00247622
196.348 14.8633 -0.299905 1.65254 0.011768 -4.917e-06 0.00247646
196.369 14.8632 -0.302257 1.65255 0.0116569 -1.24436e-05 0.00247444
196.389 14.8632 -0.304647 1.65255 0.0115134 7.34135e-05 0.00247212
196.409 14.8632 -0.307074 1.65254 0.0113349 -6.68697e-05 0.00247264
196.432 14.8632 -0.309538 1.65254 0.0111398 4.41983e-05 0.00247497
196.45 14.8632 -0.312037 1.65253 0.0109765 -9.79353e-07 0.00247391
196.47 14.8631 -0.314571 1.65252 0.0107984 -0.000154933 0.00247083
196.49 14.8631 -0.317139 1.65251 0.0105455 -0.000107285 0.00247079
196.51 14.8631 -0.31974 1.6525 0.0103491 -2.47473e-06 0.00247118
196.533 14.8631 -0.322375 1.65249 0.010306 -4.15939e-05 0.00247217
196.55 14.8631 -0.325041 1.65248 0.010305 -6.24496e-05 0.00246989
196.571 14.863 -0.327738 1.65247 0.0101662 -4.49262e-05 0.00246949
196.591 14.863 -0.330466 1.65246 0.00992092 -1.54122e-05 0.00247265
196.611 14.863 -0.333223 1.65244 0.00961629 -0.000141969 0.00247347
196.632 14.863 -0.336009 1.65242 0.00929993 -0.000140358 0.00247321
196.651 14.8629 -0.338823 1.65241 0.0089881 -7.57827e-05 0.00247271
196.673 14.8629 -0.341662 1.65238 0.00868438 -6.62869e-05 0.00247436
196.692 14.8629 -0.344527 1.65236 0.00839319 -1.37778e-05 0.00247728
196.712 14.8629 -0.347415 1.65233 0.00811631 -0.000150136 0.0024753
196.734 14.8629 -0.350326 1.65231 0.00796706 -5.25867e-06 0.00247503
196.752 14.8628 -0.353261 1.65228 0.00811639 4.46954e-05 0.00247585
196.774 14.8628 -0.356219 1.65226 0.00846437 -0.000103909 0.002476
196.793 14.8628 -0.359201 1.65224 0.0087767 6.72363e-06 0.00247662
196.813 14.8628 -0.362208 1.65222 0.00909124 4.06925e-05 0.00247879
196.835 14.8627 -0.365241 1.65221 0.00941245 -0.000101008 0.00247792
196.853 14.8627 -0.368299 1.6522 0.00944956 2.494e-05 0.00247648
196.875 14.8627 -0.371382 1.65219 0.00921524 -5.11002e-05 0.00247312
196.893 14.8627 -0.374491 1.65218 0.00883968 -8.58686e-05 0.00247415
196.914 14.8626 -0.377624 1.65218 0.0083746 -8.96228e-05 0.00247395
196.937 14.8626 -0.38078 1.65218 0.00788944 -1.82165e-05 0.00247323
196.956 14.8626 -0.383956 1.65218 0.00740844 -1.14982e-05 0.00247387
196.977 14.8626 -0.387151 1.65217 0.00698979 4.61856e-05 0.0024714
196.997 14.8628 -0.389379 1.65202 0.00650325 -0.000435314 0.00111372
197.016 14.8633 -0.389473 1.65155 0.00589422 0.00020553 0.000102877
197.041 14.8637 -0.389379 1.65124 0.00621321 -0.00172313 -0.000189033
197.057 14.864 -0.389217 1.6512 0.00740936 -0.00371213 -0.000416721
197.079 14.8643 -0.388997 1.65138 0.00920984 -0.00505499 -0.00066039
197.097 14.8645 -0.38873 1.65169 0.0114833 -0.0057835 -0.000922127
197.118 14.8647 -0.388451 1.65208 0.0140749 -0.00638922 -0.00111664
197.14 14.8648 -0.388166 1.65252 0.0168463 -0.00671565 -0.00127984
197.158 14.8649 -0.387889 1.65301 0.0197338 -0.00694764 -0.0013781
197.179 14.8649 -0.387633 1.65353 0.0225969 -0.00709961 -0.00140634
197.199 14.8649 -0.387401 1.65407 0.0252743 -0.00695353 -0.00141653
197.219 14.8648 -0.387211 1.65462 0.0277375 -0.00698245 -0.00132484
197.239 14.8647 -0.387075 1.65517 0.0296045 -0.00668158 -0.00123138
197.259 14.8646 -0.387027 1.65572 0.0303312 -0.00575044 -0.00117144
197.281 14.8645 -0.387074 1.65622 0.0299935 -0.00452734 -0.00106932
197.3 14.8643 -0.387202 1.65665 0.0287449 -0.00338451 -0.000936298
197.474 14.8642 -0.38739 1.657 0.0269087 -0.00226067 -0.000750689
197.496 14.8641 -0.387618 1.65728 0.0247756 -0.0014492 -0.000507242
197.514 14.8639 -0.387861 1.65748 0.0226789 -0.000535994 -0.000183773
197.537 14.8638 -0.38806 1.65759 0.0208234 -2.89269e-05 6.50873e-05
197.555 14.8637 -0.388198 1.65761 0.0192157 8.13712e-05 7.69624e-05
197.575 14.8636 -0.388338 1.65758 0.0177074 0.00038232 4.03362e-05
197.595 14.8636 -0.388441 1.6575 0.016544 0.000590355 3.83347e-05
197.615 14.8636 -0.388532 1.65736 0.0155274 0.00070914 3.64431e-05
197.636 14.8636 -0.388621 1.65719 0.0145424 0.000909331 3.46373e-05
197.655 14.8637 -0.388704 1.65699 0.0136245 0.000821301 3.29474e-05
197.675 14.8637 -0.388774 1.65675 0.0128567 0.000740963 3.13383e-05
197.697 14.8639 -0.388834 1.6565 0.0122 0.000667239 2.98069e-05
197.716 14.864 -0.388896 1.65623 0.0115241 0.000551941 2.44464e-05
197.738 14.8642 -0.388951 1.65596 0.0109266 0.000582407 2.31358e-05
197.756 14.8644 -0.388997 1.65567 0.0104312 0.000522133 2.1609e-05
197.777 14.8647 -0.389048 1.65535 0.00987405 0.000555914 2.00997e-05
197.797 14.865 -0.389101 1.65504 0.0093072 0.000442392 1.6116e-05
197.817 14.8653 -0.389149 1.65472 0.00879032 0.000433956 1.52126e-05
197.838 14.8657 -0.389197 1.65442 0.0082596 0.000465183 9.26185e-06
197.858 14.8661 -0.389137 1.65411 0.00779301 0.000268254 -0.00049574
197.878 14.8666 -0.389108 1.65382 0.00733125 0.00043566 -0.000845064
197.898 14.8671 -0.389091 1.65356 0.00698431 0.000414794 -0.00113655
197.918 14.8677 -0.389077 1.65332 0.006582 0.000439523 -0.00139916
197.939 14.8683 -0.389066 1.6531 0.00622356 0.000532906 -0.00161485
197.958 14.869 -0.389061 1.6529 0.00591589 0.000395025 -0.00179411
197.978 14.8697 -0.389064 1.65271 0.00550134 0.000623813 -0.0019786
198 14.8705 -0.389069 1.65254 0.0051578 0.000477579 -0.00211754
198.019 14.8714 -0.389075 1.65238 0.0048682 0.000563648 -0.00223215
198.039 14.8724 -0.389082 1.65224 0.0046191 0.000607778 -0.0023187
198.059 14.8734 -0.389091 1.65211 0.00439415 0.00068901 -0.00238413
198.079 14.8744 -0.389103 1.65198 0.00417852 0.000636595 -0.00243224
198.101 14.8756 -0.389115 1.65187 0.00400679 0.000578304 -0.00245845
198.119 14.8768 -0.389129 1.65176 0.00382576 0.000518246 -0.00247408
198.141 14.878 -0.389145 1.65166 0.00364668 0.000562745 -0.00248174
198.16 14.8793 -0.389161 1.65156 0.00349953 0.000488338 -0.00247439
198.18 14.8807 -0.389178 1.65148 0.00335758 0.000752347 -0.00245347
198.2 14.8822 -0.3892 1.65141 0.00315808 0.000599387 -0.00244139
198.221 14.8837 -0.38916 1.65133 0.00320753 -0.000519356 -0.00230001
198.241 14.8855 -0.38913 1.65134 0.0029325 0.00168483 -0.00217548
198.261 14.8874 -0.389113 1.65143 0.00266905 0.0014441 -0.00206079
198.282 14.8895 -0.389107 1.65157 0.0024385 0.000690765 -0.00195397
198.305 14.8918 -0.389111 1.65174 0.00221447 0.000136483 -0.0018463
198.322 14.8943 -0.389124 1.65192 0.00196613 -0.000404915 -0.00174172
198.343 14.897 -0.389144 1.6521 0.00160464 3.36542e-05 -0.00163379
198.362 14.8998 -0.389171 1.65228 0.00125067 -0.00017354 -0.00153174
198.383 14.9029 -0.389202 1.65246 0.000891422 -7.10596e-05 -0.00143043
198.403 14.9061 -0.389238 1.65263 0.000580009 -0.000524887 -0.0013334
198.423 14.9095 -0.389276 1.65278 0.00028741 -0.000473379 -0.00124044
198.443 14.9131 -0.389315 1.65292 -7.96314e-06 -0.000694403 -0.00114895
198.464 14.9169 -0.389355 1.65306 -0.000287933 -0.000531187 -0.00105801
198.484 14.9208 -0.389393 1.65319 -0.000593428 -0.000548057 -0.000969976
198.508 14.925 -0.389429 1.65331 -0.000834982 -0.00034316 -0.000888238
198.524 14.9293 -0.389462 1.65342 -0.00108286 -0.000248898 -0.000805096
198.545 14.9337 -0.38949 1.65352 -0.0012395 -0.000741546 -0.000742419
198.564 14.9384 -0.389504 1.65361 -0.00117877 -0.000263156 -0.000749122
198.584 14.9432 -0.389509 1.6537 -0.00114424 0.000511498 -0.000752875
198.606 14.9482 -0.389504 1.65378 -0.00114884 0.000424973 -0.000774391
198.625 14.9534 -0.389491 1.65385 -0.00116274 6.08937e-05 -0.000816503
198.646 14.9587 -0.389471 1.65391 -0.00115222 0.000155759 -0.000873432
198.665 14.9642 -0.389445 1.65396 -0.0012373 0.00056674 -0.000931182
198.685 14.9699 -0.389409 1.654 -0.00131055 0.00103953 -0.00100393
198.708 14.9758 -0.389365 1.65403 -0.00139126 0.000799593 -0.00110314
198.726 14.9818 -0.389309 1.65407 -0.00150515 0.000123163 -0.00117821
198.747 14.9879 -0.389245 1.65413 -0.00169531 0.00121206 -0.00125688
198.766 14.9942 -0.389171 1.6542 -0.00187388 0.00120295 -0.00134442
198.786 15.0007 -0.38909 1.65428 -0.00209462 0.00109782 -0.00141903
198.808 15.0072 -0.389002 1.65436 -0.00232919 0.000816027 -0.00148077
198.827 15.0139 -0.388904 1.65443 -0.00256415 0.000908958 -0.00153235
198.848 15.0208 -0.388798 1.6545 -0.00278962 0.000859698 -0.00157403
198.867 15.0278 -0.388681 1.65455 -0.00299817 0.00121691 -0.00160891
198.887 15.0348 -0.388553 1.6546 -0.00319276 0.000919693 -0.00163193
198.907 15.042 -0.388414 1.65465 -0.00335427 0.00107534 -0.00165026
198.928 15.0493 -0.388262 1.65469 -0.00348084 0.00110563 -0.00166248
198.95 15.0567 -0.388098 1.65472 -0.00357686 0.00101295 -0.00166466
198.968 15.0642 -0.38792 1.65475 -0.00365506 0.00108861 -0.00166071
198.988 15.0718 -0.387729 1.65476 -0.00370291 0.00119687 -0.00165079
199.009 15.0795 -0.387525 1.65476 -0.00371896 0.00125557 -0.00163459
199.028 15.0873 -0.387308 1.65475 -0.00371492 0.00127348 -0.00161263
199.05 15.0951 -0.387076 1.65472 -0.00370405 0.000401684 -0.00158202
199.069 15.1032 -0.386831 1.6547 -0.00371909 0.00152868 -0.00155396
199.089 15.1113 -0.386573 1.6547 -0.00376423 0.00205171 -0.00151926
199.11 15.1196 -0.386301 1.65474 -0.00378563 0.00131975 -0.00147708
199.129 15.128 -0.386015 1.65479 -0.00377506 0.00102219 -0.00143475
199.15 15.1365 -0.385715 1.65486 -0.00375241 0.00153488 -0.00139028
199.169 15.1451 -0.385402 1.65492 -0.00371496 0.00148286 -0.00133699
199.189 15.1537 -0.385076 1.65498 -0.00365906 0.00131305 -0.0012785
199.212 15.1625 -0.384737 1.65503 -0.00358851 0.00147905 -0.00121963
199.229 15.1713 -0.384385 1.65507 -0.00350897 0.00107421 -0.00115238
199.253 15.1802 -0.384021 1.65511 -0.00342902 0.0014475 -0.0010791
199.27 15.1893 -0.383644 1.65515 -0.00337896 0.00171181 -0.00100315
199.29 15.1985 -0.383256 1.65519 -0.00337677 0.0016535 -0.000921676
199.311 15.2077 -0.382855 1.65521 -0.00338136 0.00147977 -0.000839472
199.331 15.2171 -0.382443 1.65522 -0.00338911 0.00154647 -0.000751835
199.351 15.2266 -0.382019 1.65521 -0.00340006 0.00176582 -0.00066659
199.371 15.2361 -0.381583 1.6552 -0.00340463 0.00183065 -0.000579221
199.391 15.2457 -0.381135 1.65518 -0.00339147 0.00167831 -0.000490043
199.414 15.2554 -0.380676 1.65515 -0.00335848 0.00168953 -0.000402949
199.433 15.2652 -0.380205 1.65512 -0.00330288 0.00181297 -0.000315202
199.454 15.2751 -0.379723 1.65507 -0.0032432 0.00192734 -0.00022531
199.474 15.2849 -0.37923 1.65502 -0.00316592 0.00185296 -0.000136605
199.494 15.2949 -0.378727 1.65496 -0.00307758 0.00201234 -4.67626e-05
199.514 15.3049 -0.378213 1.65489 -0.00297375 0.00219371 4.00183e-05
199.534 15.3149 -0.377689 1.65482 -0.00285514 0.00222262 0.000130472
199.555 15.3249 -0.377155 1.65473 -0.00273553 0.00219755 0.000216831
199.574 15.335 -0.376613 1.65463 -0.00261505 0.00231175 0.000304443
199.594 15.3451 -0.376062 1.65454 -0.00248388 0.00225747 0.000393112
199.615 15.3552 -0.375504 1.65443 -0.00234743 0.00230578 0.000477134
199.635 15.3653 -0.374938 1.65433 -0.00220402 0.00251903 0.000562156
199.655 15.3754 -0.374365 1.65422 -0.00206043 0.00251165 0.000645553
199.675 15.3855 -0.373786 1.6541 -0.00192334 0.00193992 0.000728047
199.695 15.3957 -0.373201 1.654 -0.00185891 0.00268673 0.000808592
199.716 15.4059 -0.37261 1.65391 -0.00181776 0.0030385 0.00088851
199.736 15.4161 -0.372014 1.65383 -0.00179215 0.00284686 0.000966709
199.758 15.4263 -0.371412 1.65375 -0.0017532 0.00260861 0.00104374
199.776 15.4365 -0.370806 1.65367 -0.00171752 0.00267403 0.00111895
199.796 15.4466 -0.370195 1.65359 -0.00166454 0.00286165 0.0011918
199.816 15.4567 -0.36958 1.6535 -0.00156462 0.00264083 0.00126122
199.836 15.4668 -0.36896 1.65342 -0.00150493 0.00295939 0.00132992
199.858 15.4769 -0.368337 1.65335 -0.00143499 0.00306495 0.00139891
199.876 15.4869 -0.36771 1.65327 -0.0013174 0.00281045 0.00146874
199.896 15.4968 -0.36708 1.65321 -0.00124769 0.0032455 0.00153469
199.919 15.5067 -0.366447 1.65316 -0.00116786 0.00318387 0.00159782
199.938 15.5165 -0.365812 1.65311 -0.00104485 0.00307217 0.00165942
199.961 15.5263 -0.365175 1.65306 -0.0008866 0.0032173 0.00171915
199.978 15.536 -0.364537 1.653 -0.000714024 0.00311775 0.00177806
199.998 15.5455 -0.363898 1.65294 -0.000555742 0.00290172 0.00183473
200.021 15.5551 -0.363259 1.65288 -0.000423747 0.00315191 0.00189102
200.039 15.5646 -0.36262 1.65282 -0.000319157 0.00319182 0.00194393
200.061 15.5739 -0.361982 1.65276 -0.000207991 0.00231676 0.00199639
200.08 15.5833 -0.361345 1.65272 -0.000146614 0.00324541 0.00204575
200.1 15.5925 -0.360709 1.6527 -0.000103641 0.00316818 0.00209437
200.12 15.6017 -0.360076 1.6527 -7.37831e-05 0.00287848 0.00214167
200.14 15.6108 -0.359444 1.65271 -1.79183e-05 0.00277711 0.00218573
200.161 15.6198 -0.358814 1.65272 5.90404e-05 0.00282931 0.00222808
200.18 15.6286 -0.358187 1.65272 0.00013811 0.00284366 0.00226805
200.2 15.6374 -0.357563 1.65272 0.000214897 0.00329107 0.00230758
200.225 15.646 -0.356942 1.65271 0.000326429 0.00309754 0.00234798
200.241 15.6546 -0.356324 1.65271 0.000422969 0.00401719 0.00238699
200.262 15.6629 -0.355711 1.65271 0.000622305 0.0031769 0.00243183
200.281 15.6711 -0.355103 1.65274 0.000799726 0.00307194 0.00247565
200.301 15.6791 -0.3545 1.65279 0.000999374 0.0031648 0.00251498
200.323 15.6869 -0.353904 1.65286 0.00120989 0.00298715 0.00255465
200.341 15.6946 -0.353315 1.65292 0.00141222 0.00311656 0.00259249
200.362 15.7021 -0.352733 1.65299 0.00160839 0.00333239 0.00262812
200.382 15.7094 -0.35216 1.65305 0.00175264 0.00377971 0.0026635
200.402 15.7165 -0.351596 1.6531 0.00189555 0.00367849 0.00269841
200.423 15.7234 -0.351041 1.65315 0.00202129 0.00367369 0.00272592
200.442 15.7301 -0.350496 1.65321 0.00211946 0.00378433 0.00275245
200.463 15.7367 -0.349962 1.65325 0.00220587 0.00381635 0.0027767
200.483 15.7431 -0.349438 1.65329 0.00225916 0.00410319 0.00280128
200.503 15.7494 -0.348926 1.65333 0.0023204 0.00389626 0.00282717
200.524 15.7555 -0.348424 1.65335 0.00235933 0.00409751 0.00285061
200.544 15.7614 -0.347933 1.65337 0.00240556 0.00399579 0.00287335
200.564 15.7672 -0.347454 1.65339 0.00243267 0.00359119 0.00289461
200.583 15.7728 -0.346986 1.6534 0.00243025 0.0037646 0.00291761
200.603 15.7783 -0.346529 1.65341 0.00244394 0.00383208 0.00293751
200.625 15.7837 -0.346084 1.6534 0.00244654 0.00363413 0.00295676
200.644 15.7889 -0.34565 1.6534 0.00242023 0.00381343 0.00297541
200.665 15.7939 -0.345227 1.65339 0.00239378 0.00406788 0.0029938
200.684 15.7988 -0.344816 1.65338 0.0023896 0.00360289 0.00301149
200.705 15.8035 -0.344415 1.65337 0.00237638 0.00346844 0.00302741
200.726 15.8081 -0.344026 1.65336 0.00236136 0.00357401 0.00304275
200.744 15.8126 -0.343647 1.65333 0.00235045 0.00371506 0.00305573
200.766 15.8169 -0.343279 1.6533 0.00233565 0.00360002 0.00306779
200.786 15.8211 -0.342922 1.65325 0.00231868 0.00361353 0.00308187
200.806 15.8251 -0.342575 1.65321 0.00229691 0.00305649 0.00308909
200.827 15.829 -0.342239 1.65317 0.00226434 0.00347793 0.0030982
200.846 15.8328 -0.341913 1.65313 0.00224608 0.00313664 0.00310527
200.866 15.8365 -0.341598 1.65309 0.00221354 0.00307497 0.00311392
200.886 15.84 -0.341292 1.65306 0.00217444 0.00326395 0.00311897
200.906 15.8434 -0.340996 1.65302 0.00214634 0.00321332 0.00312601
200.928 15.8467 -0.34071 1.65297 0.00212789 0.00261212 0.00313096
200.947 15.8498 -0.340433 1.65293 0.00210127 0.002912 0.00313389
200.969 15.8528 -0.340166 1.65288 0.00206529 0.00284485 0.00313682
200.987 15.8557 -0.339909 1.65284 0.00202711 0.00286914 0.00313819
201.007 15.8585 -0.33966 1.6528 0.00198703 0.00261746 0.00313973
201.031 15.8612 -0.33942 1.65275 0.00195059 0.00217778 0.00313811
201.048 15.8637 -0.339189 1.6527 0.00192259 0.00244261 0.00313953
201.069 15.8662 -0.338967 1.65265 0.00189115 0.00241535 0.00313996
201.089 15.8685 -0.338752 1.65261 0.00184752 0.00206155 0.00314132
201.108 15.8708 -0.338546 1.65256 0.00179259 0.00208719 0.00314182
201.132 15.8729 -0.338348 1.65251 0.0017397 0.00195972 0.00314185
201.148 15.875 -0.338158 1.65245 0.00168366 0.0019611 0.00314226
201.171 15.8769 -0.337975 1.65239 0.00164527 0.00161121 0.00314197
201.189 15.8788 -0.3378 1.65234 0.00160498 0.00161208 0.00313978
201.209 15.8805 -0.337631 1.65228 0.00155718 0.00146592 0.0031392
201.23 15.8822 -0.33747 1.65222 0.00150904 0.00142159 0.00313701
201.25 15.8838 -0.337315 1.65216 0.00147958 0.00126913 0.00313624
201.271 15.8853 -0.337167 1.65209 0.00146231 0.00132706 0.00313173
201.29 15.8867 -0.337025 1.65202 0.00144992 0.00105688 0.00313042
201.31 15.8881 -0.33689 1.65195 0.00142117 0.000969652 0.0031269
201.333 15.8894 -0.336761 1.65187 0.00139058 0.000757852 0.00312283
201.35 15.8906 -0.336638 1.6518 0.00135493 0.00057177 0.00311905
201.371 15.8917 -0.33652 1.65173 0.00129602 0.000362601 0.00311612
201.391 15.8928 -0.336408 1.65165 0.00123631 0.000288817 0.00311159
201.411 15.8938 -0.336302 1.65158 0.00117425 8.87151e-05 0.00310718
201.432 15.8947 -0.336201 1.6515 0.00110703 -2.3561e-05 0.00310416
201.451 15.8956 -0.336104 1.65142 0.00105061 -0.000122505 0.00310019
201.472 15.8964 -0.336013 1.65134 0.000997286 -0.000300366 0.00309535
201.492 15.8971 -0.335925 1.65126 0.000951999 -0.000350066 0.00309088
201.511 15.8979 -0.335842 1.65117 0.000920128 -0.000397845 0.00308675
201.532 15.8985 -0.335763 1.65109 0.000902594 -0.000456795 0.00308153
201.552 15.8991 -0.335688 1.651 0.000893216 -0.000541533 0.00307774
201.573 15.8996 -0.335617 1.65091 0.000871598 -0.000568655 0.00307292
201.592 15.9001 -0.335549 1.65083 0.000828944 -0.000432295 0.00306676
201.612 15.9006 -0.335485 1.65075 0.000785561 -0.00060575 0.00306248
201.638 15.901 -0.335425 1.65068 0.000726108 -0.000626014 0.00305918
201.653 15.9013 -0.335367 1.65061 0.000671911 -0.000702804 0.00305437
201.674 15.9017 -0.335313 1.65055 0.000617939 -0.000544409 0.00304888
201.693 15.9019 -0.335261 1.65048 0.000554625 -0.000635319 0.00304482
201.714 15.9022 -0.335212 1.65042 0.000505884 -0.000577447 0.0030399
201.735 15.9023 -0.335165 1.65036 0.000471324 -0.000744974 0.00303433
201.755 15.9025 -0.33512 1.65031 0.000442215 -0.000658709 0.00302937
201.775 15.9026 -0.335077 1.65026 0.000423081 -0.000854928 0.00302433
201.795 15.9027 -0.335036 1.65021 0.000388071 -0.000825719 0.00301832
201.815 15.9028 -0.334997 1.65016 0.00035855 -0.000965736 0.00301364
201.838 15.9029 -0.334959 1.65012 0.00031656 -0.000876585 0.00300716
201.855 15.9029 -0.334923 1.65008 0.000286557 -0.000855716 0.00300162
201.876 15.9029 -0.334888 1.65004 0.000252548 -0.000852424 0.00299548
201.895 15.9029 -0.334854 1.65001 0.000223542 -0.000794113 0.0029904
201.915 15.9028 -0.334822 1.64998 0.00019738 -0.000777511 0.00298571
201.938 15.9027 -0.33479 1.64994 0.00016827 -0.000789242 0.00297811
201.956 15.9026 -0.334759 1.6499 0.000137303 -0.000790069 0.00296985
201.977 15.9025 -0.334729 1.64986 0.000113425 -0.000910417 0.00296192
201.996 15.9024 -0.334699 1.64981 7.48454e-05 -0.000812414 0.00295528
202.017 15.9023 -0.33467 1.64977 3.78409e-05 -0.000782421 0.00294955
202.038 15.9021 -0.334641 1.64972 1.10534e-05 -0.000834623 0.00294672
202.057 15.9019 -0.334612 1.64968 1.9358e-06 -0.000862688 0.00294023
202.078 15.9017 -0.334584 1.64963 1.07898e-05 -0.00086448 0.00293393
202.098 15.9015 -0.334556 1.64958 4.79455e-05 -0.0011364 0.00293117
202.117 15.9014 -0.334528 1.64954 0.000124118 -0.000800469 0.00293446
202.14 15.9012 -0.334502 1.64952 0.000221498 -0.000731468 0.00293889
202.159 15.901 -0.334475 1.64949 0.000240808 -0.000910675 0.00294283
202.18 15.9008 -0.334449 1.64947 0.000123907 -0.00096099 0.00294809
202.199 15.9007 -0.334423 1.64945 -0.000153151 -0.000943794 0.00295122
202.219 15.9005 -0.334395 1.64942 -0.000595328 -0.00094722 0.00295537
202.241 15.9003 -0.334363 1.64939 -0.00121285 -0.000966912 0.00296012
202.26 15.9002 -0.334326 1.64936 -0.00198572 -0.000626347 0.00296639
202.28 15.9 -0.334279 1.64934 -0.00320016 -0.000737272 0.00297218
202.299 15.8998 -0.33421 1.64934 -0.00596735 -0.000930334 0.00297428
202.32 15.8995 -0.334109 1.64937 -0.0100303 -0.000895861 0.00297332
202.345 15.8992 -0.333965 1.64943 -0.0147356 -0.000865256 0.00297577
202.361 15.8989 -0.333762 1.64949 -0.0197263 -0.000709397 0.00297452
202.382 15.8986 -0.333483 1.64957 -0.0245871 -0.000742036 0.00297811
202.401 15.8983 -0.333108 1.64965 -0.0292457 -0.000726932 0.00298041
202.421 15.8979 -0.332622 1.64973 -0.0336526 -0.000688689 0.00298207
202.443 15.8975 -0.332008 1.64981 -0.0375877 -0.000588248 0.00298308
202.462 15.897 -0.331251 1.64988 -0.0411582 -0.000567022 0.00298606
202.484 15.8965 -0.330337 1.64996 -0.0443649 -0.000593279 0.00299228
202.502 15.896 -0.329255 1.65003 -0.0471706 -0.00058444 0.00299962
202.522 15.8955 -0.327993 1.65011 -0.0496229 -0.000457461 0.00300304
202.543 15.8949 -0.326543 1.65018 -0.0517115 -0.000513084 0.00301522
202.563 15.8943 -0.324896 1.65026 -0.0535586 -0.000474745 0.00301996
202.584 15.8936 -0.323046 1.65034 -0.0551559 -0.000463204 0.00302864
202.603 15.893 -0.320987 1.65041 -0.0564794 -0.000486851 0.00304025
202.623 15.8922 -0.318715 1.65049 -0.0576111 -0.000490834 0.00305154
202.644 15.8915 -0.316226 1.65056 -0.0586256 -0.000488623 0.00306221
202.663 15.8907 -0.313516 1.65063 -0.0593714 -0.000574329 0.00307847
202.684 15.8899 -0.310585 1.6507 -0.0598264 -0.000549582 0.00309139
202.703 15.889 -0.307431 1.65077 -0.0597683 -0.000492037 0.00310343
202.723 15.8882 -0.304057 1.65083 -0.0592155 -0.00049922 0.00311885
202.747 15.8872 -0.300465 1.65089 -0.058172 -0.000609682 0.00314109
202.764 15.8863 -0.296659 1.65094 -0.0567627 -0.000544497 0.00315069
202.787 15.8854 -0.292645 1.65099 -0.0550697 -0.000596199 0.00316856
202.804 15.8844 -0.28843 1.65103 -0.0531396 -0.000599941 0.00318312
202.824 15.8834 -0.284023 1.65106 -0.0509423 -0.000704083 0.00320226
202.849 15.8824 -0.279433 1.65109 -0.0484703 -0.000686979 0.00321362
202.865 15.8814 -0.27467 1.6511 -0.0457268 -0.000494376 0.00321704
202.885 15.8804 -0.269742 1.65113 -0.0432451 -0.000653885 0.00323189
202.905 15.8793 -0.264656 1.65116 -0.0414548 -0.000755718 0.00324576
202.925 15.8782 -0.259421 1.65119 -0.0400333 -0.000693243 0.00325143
202.95 15.8772 -0.25405 1.65125 -0.0379655 -0.000683747 0.00325815
202.966 15.8761 -0.248553 1.6513 -0.0351581 -0.00064206 0.00326164
202.989 15.875 -0.242938 1.65136 -0.0319243 -0.000660254 0.00327118
203.007 15.8739 -0.237219 1.6514 -0.0284068 -0.00068225 0.00328134
203.028 15.8728 -0.231407 1.65144 -0.0248261 -0.000779614 0.0032902
203.048 15.8717 -0.225518 1.65147 -0.021252 -0.000751804 0.00329597
203.067 15.8706 -0.219565 1.65149 -0.0176588 -0.000722434 0.00330137
203.089 15.8696 -0.213562 1.6515 -0.0142173 -0.000763209 0.00330646
203.108 15.8685 -0.207522 1.6515 -0.0108052 -0.000786497 0.00331254
203.128 15.8674 -0.20146 1.6515 -0.00750933 -0.000877732 0.00331716
203.149 15.8663 -0.195387 1.65149 -0.004295 -0.000849996 0.00331923
203.168 15.8653 -0.189319 1.65148 -0.000798246 -0.00080392 0.00331996
203.19 15.8643 -0.183268 1.65147 0.00274529 -0.000742869 0.00332155
203.209 15.8632 -0.177245 1.65147 0.00571966 -0.000848729 0.00332663
203.229 15.8622 -0.171257 1.65146 0.00773131 -0.000755258 0.00333174
203.249 15.8612 -0.165314 1.65144 0.00889026 -0.000806949 0.00333668
203.269 15.8602 -0.15942 1.65139 0.00935921 -0.000930737 0.00334295
203.29 15.8592 -0.153584 1.65134 0.0101141 -0.00126667 0.00334324
203.309 15.8583 -0.147819 1.65133 0.0129043 -0.000751669 0.00333044
203.33 15.8574 -0.142137 1.65137 0.0179706 -0.000842122 0.00329652
203.351 15.8566 -0.136551 1.65144 0.0240097 -0.000802514 0.00326178
203.37 15.8558 -0.131079 1.65152 0.0301502 -0.000885924 0.00322629
203.39 15.855 -0.125742 1.65162 0.0362288 -0.00088424 0.00319615
203.41 15.8543 -0.120561 1.65171 0.0416835 -0.000890375 0.00317198
203.43 15.8536 -0.115556 1.65178 0.0464902 -0.000929861 0.00314716
203.451 15.853 -0.110745 1.65185 0.0505836 -0.00105439 0.00312487
203.471 15.8524 -0.106141 1.6519 0.0537085 -0.00095194 0.00312201
203.492 15.8518 -0.101758 1.65194 0.0561466 -0.000860751 0.00312292
203.511 15.8513 -0.0976045 1.65197 0.057918 -0.000910273 0.00311849
203.531 15.8508 -0.0936858 1.65197 0.059009 -0.000826274 0.00312278
203.552 15.8504 -0.0900068 1.65195 0.0595556 -0.000812024 0.00312366
203.572 15.8499 -0.0865695 1.65193 0.0596316 -0.000704082 0.00313169
203.592 15.8495 -0.0833732 1.65189 0.0591963 -0.000820986 0.00312832
203.612 15.8492 -0.0804163 1.65184 0.0584158 -0.000710947 0.00313748
203.633 15.8488 -0.077695 1.65177 0.0573577 -0.00078218 0.00313615
203.653 15.8485 -0.075205 1.6517 0.0560754 -0.000748509 0.00314181
203.672 15.8483 -0.0729402 1.65161 0.054502 -0.000704341 0.00315057
203.694 15.848 -0.0708945 1.65151 0.0527523 -0.00067703 0.00315794
203.713 15.8478 -0.0690607 1.65141 0.0508343 -0.000579378 0.00316628
203.733 15.8476 -0.0674307 1.6513 0.0487715 -0.00063144 0.00316525
203.754 15.8474 -0.0659957 1.6512 0.0465524 -0.000616767 0.00316669
203.773 15.8472 -0.0647476 1.65109 0.0443469 -0.000549737 0.00316573
203.794 15.8471 -0.0636786 1.65099 0.0423924 -0.000534582 0.00316283
203.813 15.8469 -0.0627794 1.65089 0.040487 -0.000566069 0.00315442
203.833 15.8468 -0.0620408 1.6508 0.0384536 -0.000441252 0.00315068
203.858 15.8467 -0.0614545 1.65071 0.0363489 -0.000472651 0.00313874
203.874 15.8466 -0.0610116 1.65062 0.0341255 -0.000432219 0.00312845
203.895 15.8466 -0.0607034 1.65053 0.031865 -0.000415959 0.00311484
203.914 15.8465 -0.0605213 1.65044 0.0296708 -0.00037687 0.00309759
203.935 15.8464 -0.0604552 1.65036 0.0273829 -0.000361979 0.00308298
203.956 15.8464 -0.0604961 1.65028 0.0250522 -0.000348179 0.00306842
203.975 15.8464 -0.0606351 1.6502 0.0227807 -0.000327904 0.00305297
203.996 15.8464 -0.0608632 1.65012 0.0205864 -0.000355019 0.00303615
204.015 15.8463 -0.0611711 1.65005 0.018408 -0.000373564 0.00301936
204.035 15.8463 -0.0615499 1.64998 0.0162348 -0.000211685 0.00300614
204.058 15.8463 -0.0619914 1.64992 0.0141269 -0.000213901 0.00298713
204.076 15.8463 -0.0624862 1.64986 0.011955 -0.000204224 0.00296809
204.098 15.8463 -0.0630251 1.64979 0.00964726 -0.000177655 0.00294895
204.117 15.8464 -0.0636002 1.64973 0.0073992 -0.000155641 0.00292968
204.137 15.8464 -0.0642041 1.64967 0.00545352 -0.000140703 0.0029117
204.158 15.8464 -0.0648312 1.64962 0.00416738 -0.000154624 0.00289073
204.177 15.8464 -0.0654746 1.64959 0.00320801 -0.000159065 0.00286944
204.198 15.8464 -0.0661303 1.64958 0.00257165 -0.000154291 0.00284617
204.218 15.8464 -0.066797 1.64957 0.00244359 -0.000153002 0.00282341
204.239 15.8465 -0.0674731 1.64956 0.00264276 -0.000148216 0.00280057
204.26 15.8465 -0.0681563 1.64957 0.00266501 -0.000137036 0.00277978
204.279 15.8465 -0.0688463 1.64958 0.00244036 -0.0001273 0.00276272
204.299 15.8466 -0.0695433 1.64959 0.00216051 -0.000118887 0.00274435
204.319 15.8466 -0.0702462 1.6496 0.00184753 -0.000119088 0.0027329
204.339 15.8467 -0.0709523 1.64961 0.00122937 -0.000116492 0.00272566
204.363 15.8467 -0.0716587 1.64963 0.000262637 -0.000112657 0.00271975
204.379 15.8468 -0.0723629 1.64964 -0.0008629 -0.00011678 0.00271482
204.4 15.8468 -0.0730612 1.64964 -0.00200857 -0.000114626 0.00271169
204.42 15.8469 -0.0737496 1.64964 -0.00308458 -0.000117736 0.00270862
204.44 15.847 -0.0744246 1.64964 -0.00402302 -0.000124003 0.00270529
204.462 15.847 -0.0750826 1.64963 -0.00478819 -0.00011467 0.00270656
204.481 15.8471 -0.0757206 1.64961 -0.00540054 -0.000114676 0.00270341
204.502 15.8472 -0.0763361 1.64959 -0.00588838 -0.000126752 0.00270024
204.521 15.8472 -0.0769276 1.64956 -0.00622061 -0.000129254 0.00269927
204.541 15.8473 -0.0774935 1.64953 -0.00641265 -0.000118122 0.00269681
204.562 15.8474 -0.0780332 1.64949 -0.00649554 -0.00011478 0.00269295
204.583 15.8475 -0.0785461 1.64946 -0.00651707 -0.000120414 0.00269279
204.604 15.8476 -0.0790322 1.64943 -0.00647387 -0.000125763 0.00269473
204.622 15.8477 -0.0794918 1.64939 -0.0063786 -0.000131463 0.00269521
204.642 15.8478 -0.0799254 1.64935 -0.00619468 -0.000136516 0.00269478
204.662 15.8479 -0.0803337 1.64932 -0.00594527 -0.000134972 0.00269658
204.682 15.848 -0.0807179 1.64928 -0.00563248 -0.000133039 0.00269428
204.703 15.8481 -0.0810793 1.64924 -0.00523697 -0.000138993 0.0026977
204.723 15.8482 -0.0814193 1.64921 -0.00479996 -0.000134805 0.00270037
204.743 15.8483 -0.0817393 1.64917 -0.00438608 -0.000135528 0.00269882
204.769 15.8484 -0.0820408 1.64914 -0.0040268 -0.000151261 0.00269828
204.784 15.8485 -0.0823251 1.6491 -0.00374812 -0.000172481 0.00270203
204.805 15.8486 -0.0825933 1.64907 -0.00355065 -0.000191532 0.00270468
204.824 15.8488 -0.0828464 1.64904 -0.00342623 -0.000210902 0.0027116
204.844 15.8489 -0.0830852 1.64902 -0.00329395 -0.000237395 0.00271389
204.864 15.849 -0.0833105 1.64899 -0.00315038 -0.000260284 0.00271807
204.884 15.8491 -0.0835225 1.64897 -0.00304145 -0.000272897 0.0027222
204.906 15.8493 -0.0837217 1.64895 -0.00295138 -0.000284412 0.00272501
204.924 15.8494 -0.083909 1.64893 -0.00282737 -0.000296203 0.00272961
204.945 15.8495 -0.0840848 1.64891 -0.00266759 -0.000276803 0.00273648
204.967 15.8497 -0.0842499 1.64889 -0.00246376 -0.000241757 0.0027483
204.985 15.8498 -0.0844049 1.64888 -0.00224268 -0.000226953 0.00275404
205.006 15.85 -0.0845505 1.64886 -0.00204565 -0.000218564 0.00276091
205.026 15.8501 -0.0846876 1.64885 -0.00186775 -0.000194472 0.00276938
205.046 15.8503 -0.0848168 1.64883 -0.00170367 -0.000159624 0.00277468
205.068 15.8504 -0.0849387 1.64882 -0.00156352 -0.000137166 0.00277925
205.086 15.8506 -0.085054 1.64881 -0.00144101 -0.000122821 0.00278632
205.109 15.8507 -0.0851634 1.6488 -0.00130916 -8.90637e-05 0.00279503
205.126 15.8509 -0.0852674 1.64879 -0.00116687 -8.60909e-05 0.00280204
205.146 15.8511 -0.0853663 1.64878 -0.00105013 -9.40136e-05 0.0028076
205.167 15.8512 -0.0854606 1.64878 -0.000967079 -0.00011369 0.002814
205.187 15.8514 -0.0855506 1.64877 -0.000909626 -0.000138454 0.00282142
205.208 15.8516 -0.0856367 1.64877 -0.000861772 -0.000231664 0.00282819
205.227 15.8518 -0.085719 1.64877 -0.000834701 -0.000227216 0.00283438
205.248 15.852 -0.0857976 1.64877 -0.000840012 -0.000110583 0.00284132
205.267 15.8522 -0.0858725 1.64877 -0.00085882 -0.000181962 0.00284868
205.288 15.8524 -0.085944 1.64878 -0.000850583 -0.000206186 0.00285663
205.308 15.8525 -0.0860121 1.64879 -0.000805421 -0.00036769 0.00286221
205.328 15.8528 -0.0860768 1.64881 -0.000759963 -0.000257465 0.00286774
205.348 15.853 -0.0861382 1.64883 -0.000727236 -7.73947e-05 0.00287402
205.369 15.8532 -0.0861966 1.64886 -0.000688598 -0.000158512 0.00288098
205.388 15.8535 -0.086252 1.6489 -0.000647228 -0.000211773 0.00288842
205.41 15.8537 -0.0863047 1.64893 -0.000610902 -0.000198469 0.00289495
205.429 15.854 -0.0863548 1.64896 -0.00057384 -0.000197877 0.00290108
205.449 15.8543 -0.0864024 1.64899 -0.000542468 -0.000214488 0.00290634
205.47 15.8546 -0.0864476 1.64902 -0.000534619 -0.000228043 0.00291289
205.49 15.8549 -0.0864904 1.64905 -0.000537935 -0.00023718 0.00291909
205.512 15.8552 -0.0865309 1.64907 -0.000550394 -0.000248374 0.00292603
205.53 15.8555 -0.0865691 1.64909 -0.000565605 -0.00034528 0.00293261
205.55 15.8559 -0.0866049 1.64911 -0.000582932 -0.000290396 0.00293831
205.574 15.8562 -0.0866383 1.64913 -0.000589881 -0.00018965 0.0029445
205.59 15.8566 -0.0866692 1.64915 -0.000588145 -0.000323262 0.00294754
205.611 15.857 -0.0866978 1.64918 -0.000584119 -0.000247754 0.00295187
205.631 15.8573 -0.086724 1.64921 -0.000571053 -0.000233771 0.00295679
205.651 15.8577 -0.0867478 1.64924 -0.000549584 -0.000234334 0.00296181
205.672 15.8581 -0.0867695 1.64928 -0.000522822 -0.000324354 0.00296693
205.692 15.8586 -0.086789 1.64931 -0.000498932 -0.00018629 0.00297164
205.713 15.859 -0.0868064 1.64934 -0.000478444 -0.000189066 0.0029751
205.733 15.8594 -0.0868218 1.64937 -0.000465637 -0.000238545 0.00297777
205.752 15.8599 -0.0868352 1.64941 -0.000462373 -0.000200747 0.00298086
205.773 15.8603 -0.0868467 1.64945 -0.000461696 -0.000211057 0.0029842
205.792 15.8608 -0.0868564 1.64949 -0.00045142 -0.000313852 0.00298573
205.814 15.8613 -0.0868642 1.64952 -0.000452411 -0.000250048 0.00298854
205.833 15.8618 -0.08687 1.64956 -0.000474242 -0.000187023 0.00299228
205.853 15.8623 -0.0868738 1.6496 -0.000501475 -0.000127506 0.00299381
205.877 15.8629 -0.0868756 1.64964 -0.00053266 -0.000165238 0.00299787
205.894 15.8634 -0.0868753 1.64968 -0.000562698 -0.000214509 0.00300036
205.915 15.864 -0.0868728 1.64972 -0.000583807 -0.000176989 0.00300327
205.935 15.8645 -0.086868 1.64975 -0.000601314 -0.000197033 0.00300586
205.954 15.8651 -0.0868608 1.64979 -0.000622834 -0.000215013 0.00300866
205.975 15.8657 -0.0868512 1.64982 -0.000637389 -0.000197789 0.00301059
205.994 15.8663 -0.0868391 1.64986 -0.000646791 -0.000182954 0.0030133
206.015 15.8669 -0.0868245 1.64989 -0.000645101 -0.000184544 0.00301622
206.035 15.8675 -0.0868075 1.64991 -0.000643346 -0.000177672 0.00301878
206.055 15.8681 -0.0867879 1.64993 -0.000648056 -0.000170776 0.00302067
206.076 15.8688 -0.0867657 1.64995 -0.000669171 -0.000173214 0.00302254
206.095 15.8694 -0.0867409 1.64997 -0.000699358 -0.00017665 0.00302373
206.116 15.87 -0.0867134 1.64999 -0.000723173 -0.000273867 0.00302239
206.135 15.8707 -0.0866831 1.65 -0.000742309 -0.000138862 0.00302315
206.156 15.8714 -0.08665 1.65002 -0.000758268 -8.47855e-05 0.00302358
206.177 15.8721 -0.0866141 1.65004 -0.000764558 -0.00014799 0.00302484
206.196 15.8728 -0.0865753 1.65006 -0.000765809 -0.000163647 0.00302726
206.217 15.8735 -0.0865336 1.65008 -0.000762646 -0.000142103 0.0030288
206.236 15.8742 -0.086489 1.6501 -0.00075519 -0.000136542 0.00302995
206.257 15.8749 -0.0864417 1.65012 -0.000725708 -0.000119046 0.00303068
206.277 15.8756 -0.0863918 1.65014 -0.000690373 -8.93183e-05 0.00303163
206.297 15.8764 -0.0863391 1.65016 -0.00067225 -7.59111e-05 0.00303305
206.318 15.8771 -0.086284 1.65018 -0.000660145 -0.000202071 0.00303443
206.337 15.8779 -0.0862264 1.6502 -0.000629477 -6.57286e-05 0.0030347
206.357 15.8787 -0.0861666 1.65023 -0.000593237 7.63706e-06 0.0030352
206.378 15.8795 -0.0861044 1.65027 -0.000561714 -8.3252e-05 0.0030358
206.397 15.8803 -0.0860402 1.65031 -0.000537096 -0.000145522 0.00303687
206.419 15.8812 -0.085974 1.65035 -0.000509499 -0.000167603 0.00303648
206.438 15.8821 -0.085906 1.65039 -0.000479194 -0.000179586 0.00303692
206.458 15.883 -0.0858362 1.65043 -0.000454286 -0.000204675 0.0030379
206.482 15.884 -0.0857646 1.65047 -0.00044201 -0.00024547 0.00303913
206.499 15.8849 -0.0856916 1.65051 -0.000418449 -0.000270979 0.00304039
206.52 15.8859 -0.0856171 1.65054 -0.000393743 -0.000290149 0.00304171
206.539 15.8869 -0.0855412 1.65058 -0.000369398 -0.00031408 0.00304406
206.559 15.888 -0.085464 1.65061 -0.000354408 -0.000337527 0.0030457
206.58 15.889 -0.0853855 1.65064 -0.000356952 -0.000354599 0.0030472
206.599 15.8901 -0.0853056 1.65066 -0.000374897 -0.000362586 0.00304863
206.62 15.8912 -0.0852245 1.65069 -0.000395716 -0.000275456 0.00304796
206.641 15.8923 -0.085142 1.65071 -0.000410562 -0.000357343 0.00304654
206.66 15.8935 -0.0850581 1.65073 -0.000426085 -0.000387022 0.00304671
206.681 15.8946 -0.0849726 1.65076 -0.000453179 -0.000336233 0.00304736
206.701 15.8958 -0.0848856 1.65078 -0.000473483 -0.000322999 0.00304925
206.724 15.897 -0.0847971 1.65081 -0.000469688 -0.000329286 0.00305076
206.742 15.8983 -0.0847072 1.65084 -0.000437493 -0.00031575 0.00305236
206.762 15.8995 -0.0846158 1.65087 -0.000384258 -0.000274862 0.00305417
206.783 15.9008 -0.0845231 1.6509 -0.000354959 -0.000236621 0.0030546
206.802 15.9021 -0.0844289 1.65093 -0.000360406 -0.00030779 0.00305448
206.824 15.9034 -0.0843335 1.65096 -0.000373041 -0.000215281 0.00305418
206.843 15.9048 -0.0842367 1.65099 -0.000406397 -0.000195445 0.00305442
206.863 15.9062 -0.0841387 1.65103 -0.000431545 -0.000175048 0.00305513
206.885 15.9076 -0.0840392 1.65106 -0.000439876 -4.58339e-05 0.0030549
206.903 15.909 -0.0839383 1.6511 -0.000445574 -6.02542e-05 0.00305462
206.925 15.9104 -0.0838359 1.65113 -0.000457876 -8.46882e-05 0.00305355
206.944 15.9118 -0.083732 1.65117 -0.000462464 -4.27561e-05 0.00305322
206.964 15.9133 -0.0836266 1.6512 -0.000463488 2.97956e-06 0.00305394
206.986 15.9148 -0.0835197 1.65124 -0.000466406 2.51952e-05 0.00305245
207.005 15.9163 -0.0834112 1.65127 -0.000468491 -0.000120727 0.00305312
207.027 15.9178 -0.083301 1.6513 -0.000489684 6.32179e-05 0.0030542
207.045 15.9193 -0.0831891 1.65134 -0.000519936 6.39218e-05 0.00305399
207.065 15.9209 -0.0830753 1.65138 -0.000556632 0.000304388 0.00305161
207.086 15.9225 -0.0829598 1.65143 -0.000569095 7.2155e-05 0.00305145
207.106 15.9241 -0.0828424 1.65149 -0.000584812 7.238e-05 0.0030508
207.128 15.9258 -0.0827229 1.65155 -0.000600533 0.000144972 0.00304873
207.146 15.9274 -0.0826016 1.65161 -0.000595371 0.000234903 0.00304788
207.166 15.9291 -0.0824784 1.65167 -0.000576138 0.000170097 0.00304718
207.188 15.9307 -0.0823532 1.65173 -0.000557926 9.14823e-05 0.00304812
207.206 15.9324 -0.0822263 1.65178 -0.000533286 4.17767e-06 0.00304593
207.227 15.9341 -0.0820975 1.65184 -0.000514647 0.000421392 0.00304361
207.247 15.9358 -0.0819672 1.6519 -0.000487605 -1.15581e-05 0.00304383
207.267 15.9376 -0.0818352 1.65198 -0.00046965 0.000190139 0.00304386
207.288 15.9393 -0.0817016 1.65207 -0.000471459 0.000243664 0.00304398
207.307 15.9411 -0.0815665 1.65217 -0.000478841 0.000215093 0.00304332
207.329 15.9429 -0.0814299 1.65228 -0.000488581 0.000152346 0.00304466
207.348 15.9447 -0.0812918 1.65238 -0.000489777 -0.000105866 0.0030466
207.368 15.9465 -0.081152 1.6525 -0.000510574 0.000296498 0.00304778
207.389 15.9484 -0.0810106 1.65261 -0.000497211 0.000323942 0.00304669
207.408 15.9503 -0.0808678 1.65273 -0.000459244 2.71495e-05 0.00304678
207.43 15.9523 -0.0807234 1.65285 -0.00042143 5.12558e-05 0.00304673
207.448 15.9543 -0.0805777 1.65296 -0.000394692 0.000199738 0.00304633
207.469 15.9564 -0.0804309 1.65307 -0.000354161 9.98415e-05 0.00304665
207.491 15.9585 -0.080283 1.65317 -0.000310274 -2.41913e-05 0.00304728
207.509 15.9606 -0.0801343 1.65326 -0.000262671 6.36685e-05 0.00304792
207.531 15.9628 -0.0799849 1.65334 -0.000222752 -4.69787e-05 0.00304823
207.55 15.965 -0.0798348 1.65341 -0.00019537 4.56338e-05 0.00304793
207.57 15.9673 -0.0796843 1.65348 -0.00018147 6.81113e-05 0.00304831
207.59 15.9695 -0.0795334 1.65354 -0.000173068 2.79193e-05 0.00304958
207.61 15.9719 -0.0793822 1.6536 -0.000155635 2.96604e-05 0.00305074
207.631 15.9742 -0.0792308 1.65364 -0.000130748 5.3735e-05 0.00305116
207.65 15.9766 -0.0790792 1.65368 -0.000112761 0.000143413 0.00305236
207.671 15.979 -0.0789275 1.65372 -0.000107742 1.66648e-05 0.00305185
207.692 15.9815 -0.0787757 1.65375 -0.000100933 0.000146063 0.00305275
207.713 15.984 -0.078624 1.65378 -8.37064e-05 3.78187e-05 0.00305374
207.733 15.9865 -0.0784723 1.65381 -6.10658e-05 4.37723e-05 0.00305644
207.752 15.989 -0.0783207 1.65384 -3.90847e-05 0.000151719 0.00305811
207.772 15.9916 -0.0781693 1.65387 -3.1244e-05 0.000287115 0.00305937
207.794 15.9942 -0.0780182 1.65389 -2.48006e-05 0.000157181 0.00306128
207.812 15.9969 -0.0778673 1.65392 -1.52478e-05 0.000236854 0.00306348
207.833 15.9995 -0.0777168 1.65395 -8.30573e-06 0.000305193 0.00306406
207.853 16.0022 -0.0775665 1.65398 -5.61049e-06 0.000313519 0.00306293
207.873 16.0049 -0.0774165 1.65401 -1.25113e-05 0.000308793 0.00306266
207.894 16.0077 -0.0772669 1.65403 -2.5455e-05 0.00031591 0.00306384
207.913 16.0105 -0.0771175 1.65405 -3.25425e-05 0.00030567 0.00306519
207.936 16.0133 -0.0769684 1.65406 -3.45836e-05 0.000360928 0.00306673
207.954 16.0161 -0.0768197 1.65408 -2.44605e-05 0.000330944 0.00306794
207.973 16.0189 -0.0766713 1.65409 -3.85325e-06 0.00033512 0.00306726
207.995 16.0218 -0.0765233 1.6541 2.43522e-05 0.000435587 0.00306647
208.014 16.0247 -0.0763758 1.6541 4.85255e-05 0.000442243 0.00306379
208.035 16.0276 -0.0762288 1.65411 5.91214e-05 0.000352561 0.00306421
208.055 16.0305 -0.0760824 1.65412 7.31463e-05 0.000374876 0.00306391
208.074 16.0334 -0.0759368 1.65413 9.71309e-05 0.000435812 0.00306371
208.095 16.0363 -0.075792 1.65413 0.000121049 0.000446723 0.00306462
208.115 16.0393 -0.075648 1.65414 0.000147661 0.000253663 0.00306527
208.136 16.0423 -0.075505 1.65415 0.000174994 0.00033271 0.00306355
208.155 16.0453 -0.0753628 1.65417 0.000183804 0.000727249 0.00306413
208.175 16.0483 -0.0752217 1.65419 0.000169989 0.000540367 0.00306387
208.197 16.0514 -0.0750815 1.65422 0.000154757 0.000534512 0.00306469
208.215 16.0544 -0.0749425 1.65425 0.000151051 0.000587466 0.0030663
208.236 16.0575 -0.0748046 1.65429 0.000162308 0.000196848 0.00306818
208.256 16.0606 -0.0746675 1.65434 0.000156577 0.00086664 0.00307028
208.276 16.0637 -0.0745315 1.6544 0.000168663 0.000681273 0.00307138
208.298 16.0668 -0.0743966 1.65449 0.000179373 0.000485719 0.00307307
208.317 16.0699 -0.0742629 1.65458 0.000200225 0.000121949 0.00307545
208.338 16.073 -0.07413 1.65468 0.000192615 0.000536664 0.00307684
208.357 16.0762 -0.0739981 1.65478 0.000174775 0.000160202 0.00307879
208.378 16.0795 -0.073867 1.65492 0.000166016 0.000685224 0.00307808
208.399 16.0829 -0.0737366 1.65507 0.000143274 0.000749732 0.00307952
208.418 16.0863 -0.0736069 1.65522 0.000106569 0.000543319 0.00308047
208.44 16.0898 -0.0734779 1.65538 8.08563e-05 0.000319584 0.00308083
208.458 16.0933 -0.0733494 1.65553 6.23059e-05 0.000318637 0.00308256
208.478 16.0969 -0.0732214 1.65567 4.60133e-05 0.000349948 0.00308497
208.499 16.1006 -0.0730937 1.65581 3.30248e-05 0.000213693 0.00308762
208.519 16.1043 -0.0729664 1.65593 1.98417e-05 0.000197162 0.00309022
208.539 16.1081 -0.0728396 1.65604 2.48207e-05 -4.33398e-05 0.00309235
208.56 16.1119 -0.0727129 1.65615 2.31325e-05 0.000133968 0.0030951
208.579 16.1158 -0.0725866 1.65624 2.47405e-05 0.000141055 0.00309637
208.6 16.1198 -0.0724605 1.65633 2.55192e-05 0.000152364 0.00309882
208.62 16.1238 -0.0723349 1.65641 4.3471e-05 0.000149168 0.00310075
208.641 16.1278 -0.0722097 1.65648 6.83524e-05 0.000153979 0.00310222
208.661 16.1319 -0.072085 1.65655 9.30902e-05 0.00022163 0.0031037
208.681 16.136 -0.0719609 1.65661 0.000123329 0.000226569 0.00310486
208.702 16.1402 -0.0718375 1.65666 0.000142749 0.000102746 0.00310723
208.722 16.1444 -0.0717148 1.65672 0.000142063 0.000285419 0.00311026
208.742 16.1486 -0.0715928 1.65677 0.000135559 0.000271516 0.00311232
208.762 16.1529 -0.0714716 1.65682 0.000139831 0.000221707 0.00311383
208.783 16.1572 -0.0713512 1.65687 0.000147939 0.000226699 0.00311537
208.803 16.1616 -0.0712316 1.65691 0.00014855 0.000293563 0.00311577
208.822 16.166 -0.0711127 1.65695 0.000138667 0.00041368 0.00311622
208.843 16.1704 -0.0709947 1.65698 0.000137267 0.0002725 0.00311798
208.862 16.1749 -0.0708774 1.65701 0.000146056 0.00037857 0.00311965
208.883 16.1794 -0.0707611 1.65705 0.000168171 0.000277918 0.00312181
208.904 16.1839 -0.0706456 1.65708 0.000189381 0.000369631 0.00312247
208.923 16.1885 -0.070531 1.6571 0.000185275 0.000396668 0.00312357
208.945 16.1931 -0.0704172 1.65713 0.000171828 0.000396357 0.00312585
208.964 16.1977 -0.0703044 1.65715 0.00016497 0.000535005 0.0031283
208.984 16.2023 -0.0701927 1.65717 0.000185028 0.000515889 0.00313056
209.009 16.207 -0.0700819 1.65718 0.000205411 0.000435978 0.00313264
209.024 16.2117 -0.0699721 1.6572 0.000210652 0.000370188 0.00313212
209.045 16.2164 -0.0698631 1.65721 0.000193575 0.000551509 0.00313191
209.064 16.2211 -0.0697552 1.65722 0.000188329 0.000505978 0.00313286
209.084 16.2259 -0.0696484 1.65724 0.000195845 0.000375571 0.0031347
209.111 16.2307 -0.0695425 1.65725 0.000200358 0.000338228 0.00313502
209.125 16.2355 -0.0694376 1.65727 0.000207767 0.00045135 0.00313592
209.146 16.2404 -0.0693337 1.65728 0.000217785 0.000181915 0.00313796
209.165 16.2453 -0.0692303 1.6573 0.000167368 0.000961995 0.0031397
209.186 16.2503 -0.0691282 1.65735 0.000172645 0.000374835 0.00314013
209.206 16.2553 -0.0690268 1.65741 0.000168062 0.000505518 0.00314142
209.226 16.2602 -0.0689266 1.6575 0.000186132 0.00033853 0.0031415
209.247 16.2652 -0.0688271 1.65758 0.000183164 0.000337889 0.00314169
209.266 16.2702 -0.0687286 1.65767 0.000179846 0.000447058 0.00314363
209.286 16.2752 -0.0686311 1.65774 0.000179436 0.000509214 0.00314463
209.307 16.2802 -0.0685345 1.65781 0.000184877 0.000537528 0.00314583
209.326 16.2853 -0.0684389 1.65787 0.000205058 0.00067506 0.00314774
209.348 16.2903 -0.0683443 1.65792 0.000205659 0.000720235 0.0031486
209.367 16.2953 -0.0682512 1.65795 0.000273568 -0.000603533 0.00314779
209.387 16.3005 -0.0681581 1.65802 0.000177398 0.000419275 0.00315205
209.408 16.3057 -0.0680663 1.65813 0.000188311 0.000951417 0.00315392
209.428 16.311 -0.0679753 1.65827 0.000231344 0.000665373 0.00315377
209.448 16.3165 -0.0678851 1.65842 0.00027249 0.000266006 0.00315226
209.468 16.322 -0.0677958 1.65858 0.000296579 0.000190467 0.00315273
209.488 16.3277 -0.0677076 1.65873 0.000319618 0.000193726 0.00315408
209.512 16.3333 -0.0676206 1.65889 0.000329813 -0.0001427 0.0031538
209.528 16.3391 -0.0675346 1.65905 0.000299005 2.31239e-05 0.00315446
209.549 16.345 -0.0674498 1.6592 0.000258375 -9.37487e-05 0.0031565
209.568 16.3509 -0.0673659 1.65934 0.000219912 -8.91272e-05 0.00315703
209.588 16.3568 -0.0672829 1.65947 0.000172062 3.51693e-05 0.00315866
209.612 16.3629 -0.0672007 1.65958 0.000133994 -0.000161346 0.00316048
209.629 16.369 -0.0671191 1.65969 0.000116182 -0.00011406 0.00316263
209.65 16.3751 -0.0670379 1.65979 0.000105804 -9.55178e-05 0.00316339
209.669 16.3814 -0.066957 1.65988 7.50206e-05 -8.35465e-05 0.00316377
209.689 16.3876 -0.0668765 1.65997 5.83381e-05 3.77468e-05 0.00316213
209.711 16.394 -0.0667963 1.66004 3.48174e-05 2.64907e-05 0.00316339
209.73 16.4004 -0.0667162 1.66012 1.31117e-05 6.99319e-05 0.00316214
209.751 16.4068 -0.0666364 1.66018 2.40425e-05 7.183e-05 0.00316322
209.77 16.4133 -0.0665565 1.66024 2.45341e-05 0.000553572 0.00316566
209.79 16.4199 -0.066477 1.66029 4.59442e-05 0.000171365 0.00316595
209.811 16.4265 -0.0663977 1.66034 6.76923e-05 0.000204725 0.00316516
209.831 16.4331 -0.0663186 1.66039 8.03605e-05 0.000407392 0.00316682
209.853 16.4398 -0.0662399 1.66044 8.33862e-05 0.000431 0.00316933
209.872 16.4465 -0.0661615 1.66048 8.2905e-05 0.000391902 0.00317136
209.891 16.4533 -0.0660836 1.66052 8.83014e-05 0.000343768 0.00317303
209.912 16.4601 -0.066006 1.66055 0.000100588 0.000389768 0.00317291
209.932 16.4669 -0.0659289 1.66059 0.000104832 0.000455036 0.00317054
209.953 16.4738 -0.0658523 1.66061 0.000105923 0.000513503 0.00317094
209.972 16.4807 -0.065776 1.66063 0.000100731 0.0008107 0.00317152
209.992 16.4877 -0.0657004 1.66065 0.000114065 0.000593245 0.00316991
210.017 16.4946 -0.0656254 1.66067 0.000112929 0.000177312 0.00317123
210.033 16.5016 -0.0655507 1.66069 0.000119551 0.000469621 0.00317247
210.056 16.5087 -0.0654766 1.66072 0.000137261 0.000655807 0.00317416
210.073 16.5158 -0.0654029 1.66075 0.00013628 0.000585915 0.00317507
210.093 16.5229 -0.0653298 1.66079 0.000126224 0.00047624 0.00317515
210.116 16.53 -0.0652573 1.66082 0.000114769 0.000803741 0.00317511
210.134 16.5372 -0.0651854 1.66087 0.000114523 0.000651893 0.00317661
210.155 16.5444 -0.0651142 1.66091 0.000128594 0.000586919 0.00317814
210.174 16.5516 -0.0650437 1.66096 0.000155738 0.000613618 0.00317675
210.194 16.5587 -0.0649739 1.66101 0.00018137 0.000702537 0.00317526
210.215 16.5659 -0.0649048 1.66104 0.000189242 0.000843626 0.00317426
210.235 16.5732 -0.0648365 1.66108 0.000189534 0.000720463 0.00317382
210.256 16.5804 -0.0647692 1.66111 0.000196638 0.000772016 0.00317443
210.275 16.5876 -0.0647028 1.66114 0.00020811 0.000185731 0.00317596
210.295 16.5949 -0.0646368 1.66118 0.00018374 0.000593389 0.00317669
210.316 16.6023 -0.0645713 1.66124 0.000137101 0.00167141 0.00317774
210.336 16.6096 -0.0645068 1.66133 0.000124735 0.000799322 0.00318151
210.357 16.617 -0.0644429 1.66146 0.000109784 0.000574584 0.00318314
210.375 16.6244 -0.0643797 1.66158 0.000109125 -0.0013091 0.00318425
210.396 16.6319 -0.0643159 1.66177 5.05085e-05 0.000638836 0.00318418
210.422 16.6397 -0.0642523 1.66203 3.79536e-05 0.00176736 0.00318097
210.437 16.6475 -0.0641888 1.66232 4.68566e-05 0.000473991 0.00317895
210.458 16.6554 -0.064125 1.66264 2.27139e-05 0.00027099 0.00317894
210.477 16.6634 -0.0640612 1.66298 1.58911e-06 5.37446e-05 0.00318062
210.497 16.6716 -0.0639971 1.6633 -1.29698e-05 0.000314726 0.00317813
210.521 16.6798 -0.0639329 1.66361 -2.94057e-05 0.000220176 0.00317823
210.537 16.6881 -0.0638685 1.66389 -3.80839e-05 6.91863e-05 0.00317942
210.558 16.6964 -0.0638039 1.66415 -2.71041e-05 -0.000111199 0.00318152
210.578 16.7049 -0.0637391 1.66438 -2.0821e-05 3.24363e-05 0.00318421
210.598 16.7134 -0.0636741 1.66458 -1.80653e-05 -0.000206949 0.00318644
210.621 16.7219 -0.0636089 1.66476 -2.49679e-05 4.51493e-05 0.0031871
210.638 16.7306 -0.0635436 1.66491 -7.08708e-06 8.89091e-05 0.00318656
210.66 16.7393 -0.0634782 1.66504 4.04442e-06 0.00015377 0.00318845
210.679 16.748 -0.0634128 1.66515 4.79316e-06 0.000158152 0.0031911
210.699 16.7568 -0.0633473 1.66524 -1.40745e-06 0.000199025 0.00319497
210.724 16.7656 -0.0632818 1.66531 -6.09225e-06 0.000252047 0.0031962
210.739 16.7745 -0.0632161 1.66537 -1.78563e-05 0.000323833 0.00319692
210.76 16.7834 -0.0631504 1.66542 -3.62321e-05 0.000410102 0.0031999
210.78 16.7924 -0.0630847 1.66546 -2.10209e-05 1.4217e-05 0.00320145
210.8 16.8014 -0.0630187 1.66549 -3.13856e-05 0.000261464 0.00320466
210.821 16.8105 -0.0629525 1.66551 -3.04791e-05 0.000903949 0.00320751
210.84 16.8196 -0.0628863 1.66554 -4.43135e-05 0.000580224 0.00320943
210.861 16.8287 -0.0628199 1.66558 -4.56649e-05 0.000622217 0.00321167
210.881 16.8379 -0.0627535 1.66563 -2.72479e-05 0.000803049 0.00321506
210.901 16.8471 -0.0626871 1.66567 1.25302e-06 0.000968578 0.0032179
210.922 16.8563 -0.0626205 1.66571 9.78849e-06 0.00047574 0.00321861
210.941 16.8656 -0.0625538 1.66575 2.35439e-05 0.00152382 0.0032186
210.963 16.875 -0.0624875 1.6658 8.34066e-05 0.00114851 0.00321945
210.981 16.8844 -0.0624217 1.66588 0.000142043 0.000397476 0.00322149
211.001 16.8938 -0.062356 1.66598 0.000132569 0.000501088 0.0032244
211.023 16.9032 -0.0622907 1.66609 6.62297e-05 0.000310629 0.00322932
211.042 16.9127 -0.062226 1.66621 0.000107802 0.00039151 0.00323039
211.062 16.9222 -0.0621613 1.66633 9.34268e-05 0.000973265 0.00323215
211.082 16.9318 -0.0620971 1.66646 9.07102e-05 0.00016243 0.00323642
211.102 16.9415 -0.0620331 1.6666 9.45013e-05 0.000199274 0.003238
211.124 16.9512 -0.0619694 1.66675 9.60028e-05 0.000352917 0.00323892
211.142 16.961 -0.0619059 1.6669 9.47397e-05 0.000196055 0.00324217
211.163 16.9709 -0.0618427 1.66705 8.86814e-05 0.000240903 0.0032453
211.183 16.9808 -0.0617799 1.66719 0.000142058 0.00035188 0.00324465
211.203 16.9908 -0.061717 1.66733 9.2134e-05 0.000457055 0.00324955
211.224 17.0008 -0.0616543 1.66745 1.11947e-05 0.000678014 0.00325285
211.243 17.0108 -0.0615919 1.66757 -3.74724e-05 0.000800288 0.00325697
211.264 17.0208 -0.0615295 1.66768 -8.24735e-05 0.000904644 0.0032608
211.284 17.0309 -0.0614668 1.66777 -0.000119483 0.000957852 0.00326395
211.304 17.0409 -0.0614038 1.66784 -0.000136413 0.00100675 0.00326713
211.324 17.051 -0.0613404 1.66791 -0.000148651 0.000959106 0.00326626
211.344 17.0611 -0.0612764 1.66796 -0.00016846 0.0012168 0.00326933
211.365 17.0711 -0.0612119 1.668 -0.000168082 0.00121274 0.00326934
211.385 17.0811 -0.0611486 1.66801 8.9544e-05 -0.00293599 0.00326773
211.405 17.0915 -0.0610817 1.6681 -0.000123419 0.00109515 0.00327922
211.43 17.1019 -0.0610135 1.66832 -0.00044176 0.00373708 0.00329792
211.446 17.1124 -0.0609444 1.66866 -0.00056354 0.0025008 0.00330746
211.467 17.1231 -0.0608737 1.66908 -0.000519047 0.00121357 0.00331616
211.486 17.1338 -0.0608007 1.66952 -0.000492405 0.00113701 0.00332427
211.506 17.1447 -0.0607252 1.66997 -0.00050331 0.00156921 0.00333119
211.527 17.1556 -0.060648 1.6704 -0.000427829 0.000911622 0.00333691
211.546 17.1667 -0.0605689 1.67082 -0.0003645 0.00103657 0.00333895
211.57 17.1778 -0.0604884 1.67121 -0.00028932 0.000619239 0.00334065
211.587 17.189 -0.0604067 1.67157 -0.00021958 0.00047256 0.00334108
211.607 17.2003 -0.0603237 1.67189 -0.000182201 0.000324497 0.00334225
211.629 17.2117 -0.0602396 1.67218 -0.000189684 0.00099525 0.00334774
211.647 17.2231 -0.060155 1.67244 -0.000147583 0.000520413 0.00334832
211.668 17.2346 -0.0600699 1.67268 -9.00634e-05 0.000112315 0.00334827
211.688 17.2462 -0.059984 1.6729 -8.65322e-05 0.000237087 0.00334855
211.708 17.2578 -0.0598981 1.67308 -1.13535e-05 0.000607489 0.00334945
211.732 17.2696 -0.0598119 1.67323 1.90806e-05 0.000535306 0.0033527
211.748 17.2814 -0.0597257 1.67335 4.71449e-05 0.000438594 0.00335591
211.769 17.2932 -0.0596397 1.67344 7.35027e-05 0.000296457 0.00336086
211.789 17.305 -0.0595537 1.67351 5.94274e-05 0.000428007 0.0033655
211.809 17.3169 -0.059468 1.67357 5.33116e-05 0.000560479 0.00336864
211.831 17.3289 -0.0593825 1.67362 4.06613e-05 0.000707688 0.00337168
211.849 17.3409 -0.0592971 1.67365 2.94825e-05 0.000759762 0.00337298
211.87 17.3529 -0.0592119 1.67367 2.84989e-05 0.000703767 0.00337316
211.89 17.365 -0.0591269 1.67368 3.14087e-05 0.00074219 0.00337515
211.91 17.3771 -0.0590421 1.67368 4.51025e-05 0.000936518 0.00337492
211.933 17.3892 -0.0589574 1.67367 4.3726e-05 0.000969639 0.00337753
211.95 17.4013 -0.058873 1.67365 4.09305e-05 0.000978131 0.00338081
211.972 17.4135 -0.0587886 1.67363 1.28503e-05 0.000638115 0.00338436
211.991 17.4258 -0.0587045 1.6736 4.14094e-05 0.000756481 0.00338266
212.011 17.4381 -0.0586203 1.67358 4.5412e-05 0.0016743 0.00338224
212.033 17.4504 -0.0585365 1.67359 8.04154e-05 0.000762511 0.00338226
212.051 17.4628 -0.0584528 1.67363 6.2718e-05 0.000492649 0.00338475
212.073 17.4752 -0.0583694 1.67368 2.80886e-05 0.000682921 0.00338709
212.092 17.4876 -0.0582861 1.67374 -1.16348e-05 0.000284249 0.0033898
212.112 17.5001 -0.0582026 1.67382 -1.63219e-05 0.000876923 0.00339148
212.133 17.5127 -0.0581191 1.67389 4.98585e-07 0.000582735 0.00339282
212.153 17.5254 -0.0580354 1.67397 1.34146e-05 0.00113206 0.00339431
212.173 17.538 -0.057952 1.67405 4.23844e-05 0.000616735 0.00339346
212.193 17.5508 -0.0578687 1.67414 5.98699e-05 0.000505704 0.00339119
212.213 17.5635 -0.0577856 1.67423 7.41112e-05 0.000657163 0.003392
212.235 17.5763 -0.0577029 1.67431 9.33425e-05 0.000651235 0.0033909
212.254 17.5891 -0.0576206 1.67438 0.000103866 0.000666565 0.00338982
212.274 17.6019 -0.0575386 1.67443 0.00010312 0.000601175 0.00338784
212.294 17.6147 -0.0574571 1.67447 9.49924e-05 0.000743037 0.00338714
212.314 17.6276 -0.057376 1.6745 8.80281e-05 0.00109421 0.00338901
212.338 17.6404 -0.0572954 1.67452 9.49695e-05 0.000975162 0.0033894
212.354 17.6533 -0.0572154 1.67454 0.000103661 0.000780458 0.00338906
212.375 17.6661 -0.0571359 1.67456 0.000108264 0.000868049 0.0033894
212.395 17.6789 -0.0570572 1.67456 0.000113515 -0.000778543 0.00339264
212.415 17.6919 -0.0569784 1.67458 9.88055e-05 -0.000278655 0.00339383
212.437 17.7049 -0.0568994 1.67467 6.41847e-05 0.00111619 0.00339774
212.455 17.7182 -0.0568205 1.6748 5.75967e-05 0.000730683 0.00339762
212.476 17.7315 -0.0567416 1.67497 5.25731e-05 0.000242732 0.00339883
212.495 17.745 -0.0566624 1.67515 2.79253e-05 -2.03018e-05 0.0033995
212.515 17.7586 -0.0565829 1.67533 -6.61853e-06 8.36917e-05 0.00340195
212.537 17.7723 -0.0565032 1.6755 -3.76335e-05 -0.00024707 0.00340315
212.556 17.7861 -0.0564231 1.67567 -6.27968e-05 -0.000326604 0.00340376
212.578 17.8 -0.0563426 1.67583 -7.79852e-05 -0.000887313 0.00340675
212.596 17.8141 -0.0562611 1.676 -0.000126893 -0.000387105 0.0034088
212.616 17.8283 -0.0561789 1.67617 -0.000162561 0.000147674 0.00340926
212.637 17.8425 -0.0560961 1.67634 -0.00018602 -0.000582709 0.00341014
212.657 17.8569 -0.0560121 1.67653 -0.00022234 -0.000297292 0.0034112
212.678 17.8714 -0.055927 1.67673 -0.000249574 0.000200952 0.00341404
212.697 17.886 -0.0558411 1.67691 -0.000215918 -0.000321996 0.00341448
212.717 17.9006 -0.0557542 1.67709 -0.000189395 -0.00019576 0.00341514
212.74 17.9154 -0.0556662 1.67728 -0.000189828 -8.96377e-05 0.00341709
212.758 17.9302 -0.0555775 1.67745 -0.000163557 -0.000146657 0.0034193
212.779 17.9451 -0.0554879 1.67761 -0.000150584 8.59415e-06 0.00342207
212.799 17.9601 -0.0553976 1.67776 -0.000154782 3.54727e-05 0.00342345
212.819 17.9751 -0.0553067 1.6779 -0.000137397 -0.00012518 0.0034253
212.843 17.9902 -0.0552153 1.67803 -8.13941e-05 0.000207256 0.00342686
212.859 18.0054 -0.0551235 1.67814 -5.99369e-05 1.88905e-05 0.00342938
212.88 18.0206 -0.0550312 1.67825 -6.50349e-05 3.96508e-05 0.00343171
212.899 18.0358 -0.0549386 1.67835 -7.07998e-05 8.71095e-05 0.00343528
212.919 18.0511 -0.0548457 1.67845 -7.73424e-05 0.000410584 0.00343571
212.94 18.0664 -0.0547525 1.67854 -0.000107618 0.000515183 0.00343814
212.96 18.0817 -0.054659 1.67863 -0.000122788 0.000309518 0.00343968
212.981 18.097 -0.0545653 1.67872 -0.00011597 -0.000193689 0.00344226
213 18.1124 -0.0544715 1.67882 -2.60601e-05 0.000766751 0.00344132
213.02 18.1277 -0.0543771 1.67892 -6.97507e-05 0.000558499 0.00344187
213.043 18.1431 -0.0542825 1.67905 -0.000145037 0.000663497 0.00344374
213.061 18.1584 -0.0541877 1.67919 -0.000164965 0.000941547 0.00344218
213.082 18.1737 -0.0540928 1.67933 -0.000138553 0.000726713 0.00344365
213.101 18.189 -0.0539974 1.67947 -0.000140059 0.00104829 0.00344607
213.122 18.2043 -0.0539013 1.6796 -0.000163341 0.0015191 0.00344463
213.142 18.2196 -0.0538051 1.67973 -0.000135053 0.00119269 0.00344614
213.161 18.2349 -0.0537087 1.67987 -0.000107703 0.000910454 0.0034485
213.182 18.2501 -0.053612 1.68001 -7.25683e-05 0.00103055 0.00345229
213.202 18.2654 -0.0535151 1.68015 -5.14931e-05 0.00134162 0.00345571
213.222 18.2806 -0.0534183 1.68029 -2.69056e-05 0.00116375 0.0034581
213.244 18.2958 -0.0533217 1.68041 1.26615e-05 0.000960255 0.00345984
213.264 18.311 -0.0532252 1.68054 2.60148e-05 0.00102177 0.00346324
213.284 18.3261 -0.0531289 1.68066 2.20555e-05 0.00112103 0.00346864
213.303 18.3413 -0.053033 1.68077 3.40014e-05 0.00142623 0.00347084
213.323 18.3564 -0.0529375 1.68087 5.85229e-05 0.00108239 0.00347296
213.344 18.3715 -0.0528427 1.68098 0.000121099 0.000657283 0.00347318
213.364 18.3866 -0.0527484 1.6811 0.000161223 0.000989423 0.00347327
213.384 18.4017 -0.0526547 1.68121 0.000151887 0.00109443 0.00347561
213.404 18.4167 -0.0525619 1.68133 0.000166558 0.000774734 0.00348117
213.424 18.4317 -0.0524706 1.68144 0.000247719 -0.00152518 0.00349743
213.446 18.4469 -0.0523782 1.68162 7.81166e-05 -6.47986e-05 0.00351482
213.464 18.4624 -0.0522861 1.68189 5.78937e-05 0.00081762 0.0035187
213.485 18.4781 -0.0521941 1.6822 0.00016933 0.000451864 0.00351861
213.505 18.494 -0.0521013 1.68254 7.29767e-05 -0.000254327 0.00353069
213.525 18.5101 -0.0520083 1.68288 -1.51599e-05 -0.000262074 0.00354326
213.545 18.5263 -0.0519153 1.68321 -2.3085e-05 -0.00048475 0.00354922
213.565 18.5426 -0.0518218 1.68351 -3.03854e-05 -0.000776059 0.00355524
213.588 18.5591 -0.0517279 1.68381 -1.27437e-05 -0.000900472 0.0035609
213.606 18.5757 -0.0516335 1.68411 9.25902e-06 -0.000718616 0.00356693
213.626 18.5926 -0.0515385 1.6844 -2.53471e-05 -0.000769301 0.00357196
213.65 18.6095 -0.0514432 1.68468 -1.70631e-05 -0.00147403 0.0035758
213.667 18.6266 -0.051347 1.68497 -8.73634e-05 -0.00124628 0.00358678
213.687 18.6439 -0.0512499 1.68525 -0.000131417 -0.000776004 0.0035955
213.707 18.6613 -0.0511522 1.68551 -0.000115014 -0.00111524 0.0035995
213.728 18.6789 -0.0510534 1.68577 -0.000141272 -0.00106596 0.00360527
213.749 18.6967 -0.0509537 1.68603 -0.00015977 -0.000675155 0.00361124
213.768 18.7145 -0.0508538 1.6863 -5.63213e-05 -0.00131837 0.00361216
213.789 18.7325 -0.0507528 1.68659 -5.60443e-05 -0.00137421 0.0036163
213.808 18.7505 -0.0506513 1.68689 -7.21258e-05 -0.000897565 0.00362159
213.828 18.7686 -0.0505493 1.68717 -0.000109204 -0.00142052 0.00362653
213.849 18.7869 -0.0504462 1.68745 -0.000159712 0.000389759 0.0036285
213.869 18.8052 -0.0503436 1.68774 -3.40731e-05 -0.000877728 0.00362887
213.891 18.8236 -0.0502404 1.68807 6.20403e-05 -0.00140914 0.00362667
213.909 18.842 -0.0501371 1.68843 7.22096e-05 -0.00132647 0.00362934
213.929 18.8606 -0.0500336 1.68879 5.4571e-05 -0.000541145 0.003633
213.95 18.8791 -0.0499302 1.68913 8.25931e-06 -0.000352587 0.0036364
213.969 18.8978 -0.0498268 1.68944 -2.16971e-05 -0.000314398 0.00364068
213.99 18.9164 -0.0497233 1.68973 -5.66432e-05 -6.81058e-05 0.00364175
214.01 18.9351 -0.0496195 1.68999 -9.93235e-05 1.1629e-05 0.00364394
214.03 18.9538 -0.0495152 1.69023 -0.000147585 0.000296759 0.00364635
214.054 18.9726 -0.0494104 1.69044 -0.000182107 0.000382233 0.00364648
214.071 18.9913 -0.0493051 1.69063 -0.00019111 0.000402248 0.00364657
214.093 19.0102 -0.0491992 1.69079 -0.000186066 0.000784444 0.0036495
214.111 19.029 -0.0490927 1.69093 -0.000173712 0.000586008 0.00365042
214.131 19.0478 -0.0489856 1.69107 -0.000162201 0.000648418 0.00365208
214.152 19.0666 -0.0488781 1.69118 -0.000139083 0.000640448 0.00365375
214.173 19.0854 -0.0487703 1.69128 -0.000102302 0.000649504 0.00365607
214.195 19.1042 -0.0486622 1.69137 -6.87543e-05 0.00057074 0.00366344
214.212 19.123 -0.0485539 1.69144 -4.28728e-05 0.00122481 0.00367013
214.232 19.1418 -0.0484457 1.6915 -1.19018e-05 0.00101391 0.00367559
214.254 19.1605 -0.0483377 1.69157 1.34762e-05 0.000477423 0.00367852
214.274 19.1792 -0.0482301 1.69167 2.50743e-05 0.000782515 0.00368166
214.295 19.1978 -0.0481231 1.69177 5.49341e-05 -0.00067363 0.00368536
214.314 19.2167 -0.0480161 1.69193 0.000248346 0.00844451 0.00366595
214.476 19.2347 -0.0479109 1.69219 7.35139e-05 0.00883024 0.00360212
214.498 19.2517 -0.0478101 1.69279 -8.69048e-05 0.00315835 0.00355209
214.517 19.2679 -0.0477127 1.69372 -0.000120264 0.00471224 0.00353013
214.538 19.2834 -0.0476179 1.69483 -7.44205e-05 0.00917058 0.00351273
214.557 19.298 -0.0475262 1.69594 2.74898e-05 0.00837518 0.00350222
214.577 19.3121 -0.047437 1.6971 0.000129308 0.00995198 0.00349358
214.598 19.3253 -0.0473519 1.6982 0.000303524 0.00914063 0.0034938
214.617 19.3378 -0.0472703 1.69929 0.000441091 0.0095184 0.00348763
214.64 19.3496 -0.0471936 1.70031 0.000618981 0.00844057 0.00348025
214.657 19.3607 -0.0471215 1.70131 0.000765879 0.00876343 0.00347525
214.677 19.3711 -0.0470543 1.70222 0.000822916 0.00795144 0.003461
214.699 19.3808 -0.0469922 1.70307 0.000829908 0.00749761 0.0034449
214.718 19.39 -0.0469354 1.70384 0.000834771 0.00791793 0.00343128
214.74 19.3985 -0.0468829 1.70455 0.000681853 0.0090847 0.00339944
214.758 19.4064 -0.0468374 1.70518 0.00082583 0.00770474 0.00340559
214.778 19.4138 -0.0467956 1.70577 0.000758634 0.00808994 0.00338695
214.802 19.4204 -0.0467595 1.70628 0.000753153 0.00644062 0.00337122
214.818 19.4266 -0.0467279 1.70676 0.000726782 0.00694712 0.00336247
214.839 19.4321 -0.0467005 1.70716 0.000622626 0.00634126 0.00334387
214.859 19.4373 -0.0466773 1.70749 0.000564228 0.00711132 0.00333468
214.879 19.4418 -0.0466586 1.70773 0.000563167 0.00572017 0.00333476
214.899 19.4459 -0.0466433 1.70792 0.000503641 0.00599403 0.00332787
214.919 19.4495 -0.0466329 1.70805 0.000618081 0.00425287 0.00333605
214.94 19.4526 -0.046626 1.70817 0.000657574 0.00414391 0.00333417
214.96 19.4552 -0.0466226 1.70823 0.000602072 0.00425488 0.00332987
214.98 19.4574 -0.0466234 1.70823 0.000594688 0.00360216 0.00332969
215 19.4591 -0.0466287 1.70814 0.000717491 0.00278271 0.00333769
215.02 19.4604 -0.0466371 1.70798 0.00067692 0.00256433 0.00332696
215.041 19.4613 -0.0466488 1.7078 0.000540856 0.00377987 0.00331689
215.06 19.4618 -0.0466641 1.7076 0.000453043 0.00497836 0.00331161
215.081 19.4618 -0.0466848 1.70734 0.000660386 0.00194218 0.00332465
215.101 19.4616 -0.0467073 1.70713 0.000612546 0.0035065 0.00332311
215.121 19.461 -0.0467331 1.70693 0.000507765 0.00326285 0.00331575
215.141 19.46 -0.0467621 1.70674 0.000433797 0.003159 0.00330975
215.161 19.4587 -0.0467941 1.70653 0.000421608 0.00229768 0.00331387
215.181 19.4572 -0.0468287 1.70629 0.000442017 0.00171376 0.00331674
215.202 19.4553 -0.0468655 1.70603 0.00038731 0.00123637 0.00331685
215.221 19.4533 -0.046905 1.70574 0.000408811 0.000617373 0.00332074
215.242 19.4509 -0.0469468 1.70543 0.000431193 -6.13944e-05 0.00332256
215.262 19.4484 -0.0469909 1.7051 0.000444101 -0.000757304 0.00332077
215.283 19.4455 -0.0470374 1.70475 0.000457772 -0.00122848 0.00332582
215.305 19.4425 -0.0470862 1.70439 0.000449638 -0.00158315 0.00332903
215.323 19.4392 -0.0471371 1.70402 0.000392565 -0.00194791 0.00333041
215.344 19.4357 -0.0471899 1.70365 0.000319165 -0.000828013 0.00333289
215.364 19.4319 -0.0472462 1.70328 0.000414493 -0.00316558 0.00334066
215.384 19.4277 -0.0473045 1.70298 0.000448596 -0.00327471 0.00335002
215.405 19.4233 -0.0473651 1.70271 0.000439042 -0.00243782 0.00335842
215.424 19.4187 -0.0474286 1.70244 0.000513247 -0.00285875 0.00336883
215.446 19.4138 -0.0474943 1.7022 0.000529217 -0.00286009 0.00337739
215.465 19.4087 -0.0475624 1.70196 0.000510426 -0.002677 0.00338302
215.485 19.4034 -0.0476327 1.70171 0.00045149 -0.00212756 0.00338851
215.506 19.3979 -0.0477049 1.70145 0.000352671 -0.00150771 0.0033952
215.525 19.3922 -0.0477792 1.70118 0.00025304 -0.00213894 0.00340387
215.545 19.3863 -0.0478561 1.70094 0.000325403 -0.00571801 0.00341233
215.565 19.3806 -0.0479327 1.70079 0.000292634 -0.00349213 0.00340503
215.586 19.375 -0.0480095 1.70077 0.000222076 -0.00164441 0.00340146
215.609 19.3696 -0.0480868 1.70084 0.000187676 -0.00290681 0.00339441
215.626 19.3644 -0.0481639 1.70096 0.000122031 -0.00401499 0.0033883
215.647 19.3593 -0.0482406 1.70111 1.64678e-05 -0.00427024 0.00338414
215.666 19.3543 -0.0483166 1.70123 -9.48723e-05 -0.00416559 0.0033781
215.686 19.3495 -0.0483915 1.70132 -0.000199027 -0.00452294 0.0033721
215.708 19.3448 -0.0484649 1.70139 -0.00032533 -0.00475086 0.00336684
215.726 19.3403 -0.0485362 1.70143 -0.000462439 -0.00443701 0.00336118
215.748 19.3359 -0.0486053 1.70145 -0.000558857 -0.00457216 0.0033558
215.767 19.3317 -0.0486716 1.70144 -0.00065187 -0.0046766 0.00335033
215.787 19.3276 -0.0487347 1.7014 -0.000733429 -0.00445631 0.00334388
215.809 19.3237 -0.0487945 1.70133 -0.000801272 -0.00460381 0.00333898
215.828 19.3198 -0.0488507 1.70124 -0.000846173 -0.00477648 0.00333199
215.849 19.3162 -0.0489028 1.70114 -0.000911861 -0.00447607 0.0033261
215.869 19.3126 -0.0489507 1.70102 -0.000986991 -0.00428277 0.00332081
215.889 19.3092 -0.0489942 1.70088 -0.00105801 -0.00433609 0.00331522
215.912 19.306 -0.0490331 1.70072 -0.00111985 -0.00418726 0.00330823
215.929 19.3029 -0.0490672 1.70056 -0.00116402 -0.00400194 0.00330377
215.951 19.2998 -0.0490965 1.70037 -0.00117249 -0.00422347 0.00329842
215.97 19.297 -0.0491207 1.70018 -0.00117782 -0.0038325 0.00329309
215.99 19.2942 -0.0491398 1.69998 -0.00119266 -0.00381688 0.003288
216.013 19.2916 -0.0491537 1.69979 -0.00119886 -0.00352238 0.00328125
216.031 19.2892 -0.0491624 1.69959 -0.00124129 -0.00361645 0.00328212
216.052 19.2868 -0.0491656 1.69939 -0.00130257 -0.00346786 0.00327991
216.072 19.2846 -0.0491633 1.69919 -0.00135247 -0.00341011 0.00327595
216.091 19.2826 -0.0491555 1.69899 -0.00138889 -0.00336897 0.00327118
216.113 19.2806 -0.0491418 1.69877 -0.00142884 -0.00330609 0.00326908
216.132 19.2788 -0.0491221 1.69856 -0.00146725 -0.00299004 0.00326701
216.153 19.2772 -0.0490962 1.69835 -0.00152705 -0.00303739 0.0032663
216.172 19.2756 -0.0490642 1.69814 -0.00156262 -0.0030212 0.00326463
216.192 19.2742 -0.049026 1.69793 -0.0015801 -0.00289049 0.00326381
216.213 19.2728 -0.0489815 1.69771 -0.00159083 -0.00280944 0.00326309
216.232 19.2715 -0.0489307 1.6975 -0.00157669 -0.00271037 0.00326283
216.253 19.2704 -0.0488737 1.69728 -0.00154333 -0.00259979 0.00326071
216.273 19.2693 -0.0488107 1.69706 -0.00149805 -0.00258241 0.00325695
216.293 19.2684 -0.0487415 1.69685 -0.00147537 -0.00244034 0.00325548
216.314 19.2675 -0.0486663 1.69665 -0.00147389 -0.00224761 0.0032558
216.333 19.2668 -0.0485852 1.69646 -0.00146801 -0.00218417 0.0032542
216.355 19.2661 -0.0484985 1.69627 -0.00147155 -0.00251216 0.00325641
216.374 19.2655 -0.0484058 1.69609 -0.00146037 -0.00212253 0.00325409
216.394 19.2651 -0.0483072 1.69593 -0.00149056 -0.00163167 0.00325241
216.417 19.2647 -0.0482027 1.69579 -0.00151496 -0.00185005 0.00325303
216.434 19.2644 -0.0480927 1.69566 -0.00150235 -0.00247075 0.00325485
216.456 19.2643 -0.0479764 1.69555 -0.00154209 -0.00200452 0.0032551
216.475 19.2642 -0.0478539 1.69547 -0.00160581 -0.00120515 0.00325591
216.495 19.2642 -0.0477253 1.69542 -0.00165221 -0.00130531 0.00325725
216.519 19.2642 -0.0475907 1.69537 -0.00166562 -0.00154014 0.00325798
216.535 19.2644 -0.0474501 1.69533 -0.00163552 -0.0014622 0.00326027
216.556 19.2645 -0.0473035 1.69529 -0.00158478 -0.00120287 0.00326059
216.576 19.2647 -0.047151 1.69523 -0.00152902 -0.00159006 0.00326321
216.596 19.2651 -0.0469926 1.69519 -0.00147412 -0.00114879 0.00326326
216.619 19.2655 -0.0468284 1.69517 -0.00148417 -0.00106753 0.00326472
216.637 19.266 -0.0466579 1.69517 -0.00159837 -0.00128253 0.00326892
216.659 19.2665 -0.0464807 1.69519 -0.00181126 -0.0008478 0.00327299
216.677 19.2672 -0.0462971 1.69523 -0.00198195 -0.00122575 0.00327759
216.697 19.2678 -0.046106 1.69529 -0.00216601 -0.00118308 0.00328172
216.719 19.2685 -0.045907 1.69534 -0.00232272 -0.000986775 0.00328501
216.737 19.2693 -0.0456996 1.69539 -0.00245093 -0.000951972 0.00328777
216.759 19.2701 -0.0454831 1.69542 -0.00258354 -0.00081854 0.00329071
216.777 19.2709 -0.0452573 1.69544 -0.00268524 -0.000826949 0.00329265
216.797 19.2718 -0.0450218 1.69545 -0.00275163 -0.000903085 0.00329524
216.821 19.2727 -0.0447762 1.69545 -0.00279971 -0.000688997 0.00330071
216.838 19.2737 -0.0445205 1.69544 -0.00282283 -0.000643706 0.00330314
216.859 19.2747 -0.0442545 1.69542 -0.00284691 -0.000603411 0.00330538
216.879 19.2757 -0.0439781 1.69539 -0.00286575 -0.000539002 0.00330801
216.899 19.2768 -0.0436914 1.69535 -0.0028696 -0.000417459 0.00331049
216.919 19.2779 -0.0433942 1.6953 -0.00288437 -0.000386613 0.00331353
216.939 19.279 -0.0430866 1.69524 -0.00288774 -0.000353975 0.00331478
216.96 19.2802 -0.0427688 1.69519 -0.00287559 -0.000293096 0.00331684
216.979 19.2813 -0.0424406 1.69513 -0.00285788 -0.000124705 0.00332044
216.999 19.2826 -0.0421023 1.69506 -0.00282516 -0.0001222 0.00332397
217.02 19.2838 -0.041754 1.69501 -0.00277589 -0.000180512 0.00332739
217.039 19.2851 -0.0413959 1.69495 -0.00271708 -0.000156355 0.00332944
217.06 19.2863 -0.0410282 1.6949 -0.00267053 -0.000110522 0.00333073
217.08 19.2876 -0.040651 1.69485 -0.00264467 -8.89365e-05 0.00333244
217.1 19.289 -0.0402645 1.6948 -0.0026347 -5.91746e-05 0.00333536
217.125 19.2903 -0.0398688 1.69475 -0.00262726 -3.1891e-06 0.00333501
217.14 19.2917 -0.0394639 1.69471 -0.00262373 0.000106432 0.0033353
217.162 19.2931 -0.03905 1.69467 -0.00263788 5.77576e-05 0.00333784
217.181 19.2945 -0.0386269 1.69463 -0.00265446 8.92793e-05 0.00333911
217.201 19.2959 -0.0381948 1.6946 -0.00266077 0.000124821 0.00334121
217.222 19.2973 -0.0377537 1.69457 -0.0026493 0.00012314 0.0033442
217.241 19.2988 -0.0373037 1.69454 -0.00261449 0.000133718 0.00334542
217.262 19.3003 -0.036845 1.69451 -0.00256959 4.92931e-05 0.00334808
217.282 19.3017 -0.0363772 1.69449 -0.00257034 0.000125034 0.00334968
217.302 19.3033 -0.0359005 1.69448 -0.0026275 0.00027223 0.00335129
217.325 19.3048 -0.0354148 1.69447 -0.00269641 0.000119912 0.00335462
217.342 19.3063 -0.0349201 1.69447 -0.00275666 0.00022554 0.00335733
217.363 19.3079 -0.0344163 1.69449 -0.00280462 7.95896e-05 0.00335899
217.383 19.3094 -0.0339033 1.69451 -0.00281035 0.000211808 0.0033615
217.402 19.311 -0.033381 1.69453 -0.00279845 0.000249148 0.00336511
217.423 19.3125 -0.0328496 1.69457 -0.00275647 0.000243052 0.00336602
217.443 19.3141 -0.0323093 1.6946 -0.00266916 0.000300236 0.0033665
217.464 19.3157 -0.0317605 1.69464 -0.00256029 0.000420923 0.0033662
217.483 19.3172 -0.0312033 1.69467 -0.00245749 0.000348481 0.00336598
217.503 19.3187 -0.0306383 1.69471 -0.00236649 0.000313963 0.00336635
217.528 19.3203 -0.030066 1.69474 -0.00226872 0.000355477 0.00336634
217.544 19.3218 -0.0294865 1.69478 -0.00217531 0.000394519 0.00336553
217.565 19.3233 -0.0289004 1.69481 -0.00210167 0.000402411 0.00336547
217.585 19.3248 -0.0283077 1.69484 -0.0020529 0.000514337 0.00336671
217.605 19.3263 -0.027709 1.69486 -0.00199731 0.000437753 0.00336815
217.625 19.3278 -0.0271044 1.69489 -0.00194746 0.000381536 0.00336885
217.645 19.3293 -0.0264935 1.69492 -0.00201528 0.000399287 0.00336989
217.666 19.3307 -0.0258758 1.69494 -0.00223139 0.000420052 0.00337122
217.685 19.3322 -0.0252508 1.69497 -0.00254032 0.000426688 0.0033704
217.705 19.3336 -0.0246177 1.69499 -0.00287956 0.000433587 0.00337198
217.73 19.335 -0.0239752 1.69501 -0.00324403 0.000442211 0.00337127
217.746 19.3364 -0.023322 1.69503 -0.00362058 0.000443674 0.00337156
217.767 19.3378 -0.0226569 1.69505 -0.0039736 0.000440848 0.0033732
217.786 19.3391 -0.0219788 1.69507 -0.00426275 0.000435284 0.00337561
217.806 19.3405 -0.0212866 1.69508 -0.00447032 0.000428185 0.00337153
217.83 19.3418 -0.0205794 1.6951 -0.00463868 0.000418169 0.00336977
217.846 19.3431 -0.0198564 1.69512 -0.00481435 0.000410428 0.00336821
217.867 19.3444 -0.0191168 1.69514 -0.00498655 0.000436486 0.00336585
217.887 19.3457 -0.0183603 1.69516 -0.00513159 0.000461581 0.003366
217.907 19.347 -0.0175863 1.69519 -0.00524362 0.000345167 0.00336696
217.931 19.3482 -0.0167945 1.69522 -0.00533431 0.000330921 0.00336684
217.947 19.3495 -0.0159844 1.69526 -0.00539985 0.000361867 0.00336694
217.968 19.3507 -0.0151561 1.6953 -0.00542376 0.000379316 0.00336781
217.988 19.3519 -0.0143097 1.69535 -0.00537989 0.000386263 0.00336913
218.007 19.3531 -0.0134451 1.6954 -0.00530524 0.000485739 0.00336977
218.031 19.3543 -0.0125627 1.69545 -0.00521859 0.000352152 0.00337147
218.048 19.3555 -0.0116626 1.6955 -0.00514824 0.000456216 0.00337309
218.07 19.3566 -0.0107452 1.69557 -0.00508643 0.000349584 0.00337473
218.088 19.3577 -0.00981087 1.69563 -0.00503017 0.000456799 0.00337486
218.108 19.3588 -0.00885982 1.6957 -0.00498314 0.000487125 0.00337643
218.135 19.3599 -0.00789244 1.69578 -0.0049249 0.000429934 0.00337571
218.149 19.361 -0.00690922 1.69585 -0.00482403 0.000398954 0.003375
218.17 19.362 -0.00591045 1.69592 -0.00470877 0.000388372 0.00337569
218.189 19.3631 -0.00489647 1.69599 -0.004606 0.000370923 0.003375
218.209 19.3641 -0.0038677 1.69605 -0.00452002 0.000351165 0.00337641
218.232 19.365 -0.00282461 1.69612 -0.004435 0.000331129 0.00337344
218.249 19.366 -0.00176754 1.69618 -0.00435788 0.000311037 0.00337068
218.271 19.3669 -0.000696778 1.69623 -0.00430335 0.000298821 0.00337119
218.29 19.3679 0.000387388 1.69629 -0.00426148 0.000292661 0.00337168
218.31 19.3687 0.00148455 1.69634 -0.00420032 0.0002853 0.0033726
218.331 19.3696 0.00259431 1.69639 -0.00409875 0.000265171 0.00337053
218.351 19.3705 0.00371642 1.69644 -0.00398882 0.000255911 0.00336844
218.372 19.3713 0.00485061 1.69649 -0.00390554 0.000255851 0.00336728
218.391 19.3721 0.00599647 1.69654 -0.00383866 0.000249873 0.00336439
218.411 19.3729 0.00715361 1.69658 -0.00377575 0.000242464 0.00336404
218.437 19.3737 0.00832186 1.69663 -0.00373542 0.00024315 0.00336569
218.452 19.3744 0.00950109 1.69668 -0.00372645 0.000246929 0.00336791
218.473 19.3751 0.0106917 1.69672 -0.00382189 0.000254841 0.00336893
218.492 19.3759 0.0118941 1.69677 -0.0040347 0.000264431 0.00336951
218.512 19.3765 0.0131087 1.69681 -0.00431677 0.00027834 0.00337072
218.533 19.3772 0.0143369 1.69686 -0.00467939 0.00036905 0.00336948
218.552 19.3778 0.0155796 1.6969 -0.00509982 0.000306014 0.00337064
218.573 19.3785 0.0168379 1.69695 -0.00544581 0.000349021 0.003371
218.593 19.3791 0.0181128 1.69699 -0.00567572 0.000385611 0.0033695
218.613 19.3796 0.0194052 1.69704 -0.00583146 0.000394272 0.00336979
218.634 19.3802 0.020716 1.69709 -0.00593594 0.000415955 0.00337232
218.653 19.3807 0.0220465 1.69715 -0.00617005 0.000482 0.00337391
218.675 19.3813 0.023398 1.69721 -0.00658291 0.000495837 0.00337207
218.694 19.3817 0.0247713 1.69727 -0.00707082 0.000408681 0.00337176
218.714 19.3822 0.0261677 1.69734 -0.00752934 0.000442837 0.00336967
218.739 19.3827 0.0275888 1.69741 -0.00793628 0.000548572 0.00336994
218.755 19.3831 0.0290361 1.69748 -0.00829273 0.000558799 0.00336897
218.776 19.3835 0.0305108 1.69756 -0.00860312 0.000458816 0.00337113
218.795 19.3839 0.0320139 1.69764 -0.00882069 0.000533354 0.00337358
218.815 19.3842 0.033546 1.69772 -0.00893364 0.00053474 0.00337583
218.838 19.3846 0.0351075 1.6978 -0.0089487 0.000615577 0.00337525
218.856 19.3849 0.0366984 1.69787 -0.00887644 0.000511687 0.00337538
218.876 19.3852 0.0383189 1.69795 -0.00879568 0.000505195 0.00337542
218.896 19.3855 0.0399686 1.69804 -0.00872857 0.000515433 0.0033756
218.916 19.3857 0.0416468 1.69812 -0.00861991 0.000646056 0.00337667
218.94 19.386 0.043353 1.6982 -0.00845502 0.000634622 0.00337887
218.956 19.3862 0.0450869 1.69828 -0.00834025 0.000495875 0.00338221
218.977 19.3864 0.046848 1.69837 -0.00824821 0.000654163 0.0033846
218.997 19.3865 0.0486353 1.69846 -0.00809716 0.000579603 0.00339002
219.017 19.3867 0.0504483 1.69854 -0.00792097 0.000550694 0.00339586
219.039 19.3868 0.0522862 1.69863 -0.00770929 0.000572914 0.0034008
219.058 19.387 0.0541482 1.69871 -0.00749304 0.000634104 0.00340361
219.078 19.387 0.056034 1.6988 -0.00735613 0.00055217 0.00340776
219.098 19.3871 0.0579426 1.69888 -0.00724005 0.000557017 0.00340995
219.118 19.3872 0.0598728 1.69897 -0.00704284 0.000548981 0.00340813
219.139 19.3872 0.0618238 1.69905 -0.00676734 0.000518555 0.00341117
219.158 19.3873 0.0637945 1.69912 -0.00644388 0.000482297 0.00341728
219.178 19.3873 0.065784 1.69919 -0.00611979 0.000453443 0.00342182
219.198 19.3872 0.067791 1.69926 -0.00579666 0.000448608 0.00342785
219.219 19.3872 0.0698142 1.69932 -0.00549242 0.000452365 0.0034267
219.243 19.3872 0.0718526 1.69938 -0.00523013 0.000450494 0.00343028
219.259 19.3871 0.073905 1.69943 -0.00500572 0.000449144 0.00343088
219.28 19.387 0.0759704 1.69948 -0.00480084 0.000444087 0.00343125
219.299 19.3869 0.0780479 1.69953 -0.00461672 0.000438837 0.00343274
219.319 19.3868 0.0801369 1.69958 -0.00445202 0.000342981 0.00343295
219.34 19.3867 0.0822367 1.69962 -0.00430727 0.000502047 0.00343038
219.36 19.3865 0.084347 1.69967 -0.00424701 0.00046808 0.00343162
219.381 19.3864 0.0864683 1.69972 -0.00438652 0.000419331 0.00343273
219.4 19.3862 0.0886001 1.69977 -0.00457565 0.000415502 0.0034345
219.42 19.386 0.0907426 1.69982 -0.00470056 0.000645355 0.00343376
219.441 19.3858 0.0928967 1.69987 -0.0048534 0.000456845 0.00343348
219.46 19.3855 0.0950635 1.69993 -0.00511506 0.000456221 0.00343177
219.482 19.3853 0.0972429 1.69999 -0.00531615 0.000516578 0.0034349
219.501 19.385 0.0994354 1.70005 -0.00540178 0.000488405 0.00343406
219.521 19.3848 0.101642 1.70011 -0.00542501 0.000582045 0.00343108
219.542 19.3845 0.103862 1.70017 -0.00544957 0.000537311 0.00343197
219.561 19.3841 0.106097 1.70023 -0.00565631 0.000301792 0.00343384
219.582 19.3838 0.108348 1.70029 -0.00590562 0.000367293 0.00343343
219.602 19.3835 0.110613 1.70036 -0.00596336 0.00041264 0.00343428
219.622 19.3831 0.112893 1.70043 -0.00582304 0.000394464 0.00343493
219.645 19.3828 0.115188 1.70049 -0.00554734 0.000487465 0.00343658
219.663 19.3824 0.117498 1.70055 -0.00540668 0.000416841 0.00343743
219.684 19.382 0.119823 1.70061 -0.00562007 0.000387946 0.00343453
219.703 19.3816 0.122165 1.70067 -0.00608348 0.000433029 0.00343331
219.723 19.3812 0.124523 1.70073 -0.00663663 0.00047547 0.00342899
219.743 19.3807 0.1269 1.70079 -0.00721879 0.000492007 0.00342545
219.763 19.3803 0.129298 1.70084 -0.00779939 0.000494476 0.00342334
219.784 19.3798 0.131718 1.70088 -0.00833968 0.000516633 0.00341791
219.803 19.3793 0.134162 1.70092 -0.00880233 0.000530738 0.00341643
219.824 19.3788 0.136632 1.70095 -0.0091646 0.000530096 0.00341305
219.844 19.3783 0.13913 1.70099 -0.00944192 0.000588953 0.00341055
219.864 19.3778 0.141656 1.70103 -0.00966669 0.000460099 0.0034128
219.885 19.3772 0.144211 1.70106 -0.00983536 0.000546319 0.00341183
219.905 19.3767 0.146797 1.7011 -0.00990778 0.000643158 0.00341217
219.924 19.3761 0.149412 1.70114 -0.00993987 0.0004825 0.00341455
219.946 19.3755 0.152058 1.70118 -0.010009 0.000478445 0.00341195
219.965 19.3749 0.154734 1.70122 -0.00999845 0.000640056 0.00341138
219.987 19.3743 0.157441 1.70127 -0.00995816 0.000580966 0.00341294
220.005 19.3737 0.160178 1.70131 -0.00998772 0.000505432 0.00341399
220.025 19.3731 0.162946 1.70136 -0.0100856 0.000509286 0.00341379
220.046 19.3724 0.165744 1.7014 -0.0101991 0.000474352 0.00341101
220.066 19.3718 0.168574 1.70145 -0.0102856 0.000518052 0.00341172
220.088 19.3711 0.171433 1.70149 -0.0102264 0.000518319 0.00341466
220.106 19.3705 0.174322 1.70153 -0.0100108 0.000563579 0.00341863
220.126 19.3698 0.177241 1.70157 -0.00979287 0.000442861 0.00342378
220.148 19.3691 0.18019 1.70161 -0.00971195 0.000440049 0.00342636
220.167 19.3684 0.183167 1.70165 -0.00965633 0.000505536 0.0034305
220.188 19.3677 0.186173 1.70169 -0.00956574 0.000497681 0.00343419
220.207 19.3669 0.189205 1.70173 -0.00941998 0.000465558 0.00343884
220.227 19.3662 0.192265 1.70176 -0.00922512 0.000449245 0.00344431
220.251 19.3655 0.19535 1.7018 -0.00894405 0.000516352 0.00344818
220.268 19.3647 0.19846 1.70183 -0.00873998 0.000445117 0.00344946
220.29 19.364 0.201596 1.70186 -0.00876631 0.000392713 0.0034511
220.308 19.3632 0.204756 1.7019 -0.00877093 0.000441627 0.00345364
220.328 19.3624 0.20794 1.70194 -0.00860688 0.000538899 0.00345214
220.352 19.3616 0.211147 1.70198 -0.00848509 0.000399329 0.00345428
220.369 19.3608 0.214378 1.70202 -0.00858569 0.000383167 0.00345479
220.39 19.36 0.217633 1.70207 -0.00883592 0.000316122 0.00345513
220.409 19.3592 0.220911 1.70211 -0.00892849 0.000491082 0.00345679
220.429 19.3584 0.224212 1.70216 -0.00873341 0.000466469 0.00345698
220.451 19.3576 0.227536 1.70221 -0.00837018 0.000407163 0.00345834
220.47 19.3568 0.230881 1.70226 -0.00796271 0.000524084 0.00345888
220.492 19.3559 0.234248 1.70231 -0.00778502 0.000398076 0.00346115
220.51 19.3551 0.237636 1.70236 -0.00785212 0.000450826 0.00346243
220.53 19.3542 0.241044 1.70241 -0.00791455 0.000481042 0.00346575
220.552 19.3534 0.244471 1.70246 -0.00789572 0.000478445 0.00346664
220.571 19.3525 0.247918 1.7025 -0.00779035 0.000408731 0.00346609
220.592 19.3516 0.251383 1.70253 -0.00761319 0.000610074 0.00346413
220.611 19.3507 0.254868 1.70257 -0.00756338 0.000469267 0.00346277
220.631 19.3498 0.258373 1.70261 -0.00783657 0.000359521 0.00346052
220.652 19.349 0.261897 1.70266 -0.00801178 0.0006652 0.00345762
220.672 19.3481 0.265441 1.70271 -0.00819885 0.000551801 0.00345958
220.693 19.3471 0.269008 1.70277 -0.00878232 0.000434694 0.00346028
220.712 19.3462 0.2726 1.70284 -0.00966071 0.000475699 0.00345787
220.732 19.3452 0.276219 1.7029 -0.010599 0.000446692 0.00345922
220.755 19.3443 0.279867 1.70296 -0.0114863 0.000520022 0.00345643
220.773 19.3433 0.283547 1.70301 -0.0122883 0.000420081 0.00345858
220.793 19.3423 0.287263 1.70306 -0.0129817 0.000412768 0.00346478
220.813 19.3414 0.291018 1.70311 -0.0135493 0.000450849 0.00346615
220.833 19.3404 0.294812 1.70314 -0.0139702 0.00045943 0.00346747
220.854 19.3394 0.298648 1.70317 -0.0142193 0.000451334 0.0034733
220.874 19.3384 0.302526 1.70319 -0.0143423 0.000447515 0.00347698
220.897 19.3374 0.306447 1.70321 -0.0143412 0.000445639 0.00348097
220.914 19.3364 0.31041 1.70321 -0.0142585 0.000441564 0.003479
220.934 19.3353 0.314417 1.70321 -0.0141368 0.00044894 0.00347611
220.956 19.3343 0.318465 1.70321 -0.0139617 0.000469453 0.00347589
220.975 19.3333 0.322555 1.7032 -0.0137362 0.000479853 0.00348213
220.996 19.3322 0.326685 1.70318 -0.013425 0.000475728 0.00348685
221.015 19.3312 0.330853 1.70316 -0.0130393 0.000475441 0.0034885
221.035 19.3301 0.335058 1.70314 -0.0125982 0.000484759 0.00348894
221.061 19.329 0.339299 1.70311 -0.01213 0.00049046 0.00349365
221.076 19.328 0.343574 1.70309 -0.0116874 0.000485381 0.00350009
221.097 19.3269 0.347881 1.70305 -0.0112321 0.000481148 0.0035049
221.117 19.3258 0.352218 1.70302 -0.0107622 0.000485032 0.00350669
221.137 19.3247 0.356582 1.70299 -0.0103308 0.000489371 0.0035068
221.158 19.3236 0.360974 1.70295 -0.00997035 0.0004934 0.00350899
221.177 19.3225 0.365391 1.70292 -0.00967636 0.00049603 0.00351305
221.198 19.3214 0.369832 1.70288 -0.00943191 0.000488975 0.00351693
221.218 19.3203 0.374296 1.70284 -0.00933027 0.000374699 0.00352323
221.237 19.3192 0.378784 1.70281 -0.00949564 0.000414792 0.00352868
221.259 19.3181 0.383294 1.70278 -0.00959456 0.000574013 0.00353106
221.277 19.317 0.387826 1.70276 -0.00949562 0.00051623 0.00353638
221.299 19.315 0.389413 1.70228 -0.00863947 0.000322142 0.000441559
221.318 19.3134 0.389058 1.70158 -0.00879049 0.00238017 -0.00122071
221.338 19.3119 0.388543 1.70117 -0.0104007 0.00364074 -0.00301397
221.359 19.3105 0.387922 1.70103 -0.0127934 0.00510427 -0.00499578
221.379 19.3091 0.387251 1.7011 -0.0160456 0.00634486 -0.00687424
221.399 19.3078 0.386552 1.70128 -0.0195938 0.00667315 -0.00880105
221.419 19.3066 0.385875 1.70152 -0.0232268 0.00643369 -0.0106305
221.439 19.3054 0.385221 1.70181 -0.026776 0.00643184 -0.0124303
221.461 19.3043 0.384599 1.70216 -0.0301494 0.00656124 -0.0141952
221.479 19.3032 0.384015 1.70256 -0.0332507 0.00626963 -0.0159155
221.5 19.3022 0.383484 1.70299 -0.0360184 0.00612388 -0.0175346
221.52 19.3013 0.383008 1.70345 -0.0383237 0.00589911 -0.0190883
221.54 19.3004 0.382596 1.70393 -0.0401409 0.00594234 -0.0205284
221.561 19.2995 0.382239 1.70444 -0.0414188 0.00590073 -0.0219021
221.58 19.2987 0.38193 1.70497 -0.0422865 0.00586376 -0.0231973
221.602 19.298 0.381643 1.7055 -0.0430898 0.00568733 -0.0244053
221.765 19.2973 0.381392 1.70604 -0.0438593 0.00546701 -0.025437
221.785 19.2967 0.381187 1.70661 -0.044481 0.00450554 -0.0262775
221.808 19.2961 0.380992 1.7072 -0.0452226 0.00288742 -0.0270123
221.826 19.2956 0.380784 1.70778 -0.0460488 0.00259372 -0.0278065
221.847 19.2952 0.380672 1.70833 -0.0460764 0.00211216 -0.0283835
221.867 19.2949 0.380702 1.70883 -0.0443667 0.000829193 -0.0288701
221.887 19.2947 0.380842 1.70927 -0.0415134 -0.000342813 -0.0292227
221.911 19.2945 0.381055 1.70961 -0.0381629 -0.00109531 -0.029421
221.927 19.2944 0.381318 1.70984 -0.0346312 -0.00193856 -0.0294533
221.948 19.2944 0.38162 1.70996 -0.0310473 -0.00254873 -0.0293455
221.968 19.2945 0.381929 1.70998 -0.0278419 -0.00282017 -0.029073
221.988 19.2947 0.382241 1.70991 -0.0249829 -0.00328263 -0.0286547
222.008 19.2949 0.382555 1.70976 -0.0224201 -0.00349358 -0.0281184
222.028 19.2952 0.382869 1.70954 -0.0201536 -0.00372937 -0.0274694
222.051 19.2956 0.383172 1.70926 -0.0182635 -0.00361582 -0.0267185
222.068 19.296 0.383468 1.70893 -0.0166535 -0.0037195 -0.0258778
222.088 19.2966 0.383757 1.70857 -0.015318 -0.00353452 -0.0249618
222.113 19.2971 0.384042 1.70818 -0.0142013 -0.00345013 -0.0239622
222.129 19.2978 0.384328 1.70777 -0.0132483 -0.00334513 -0.0228871
222.15 19.2985 0.384617 1.70734 -0.0124626 -0.00328842 -0.0217204
222.169 19.2993 0.384923 1.70692 -0.0116783 -0.0030954 -0.0204709
222.189 19.3001 0.385236 1.70652 -0.010994 -0.00319602 -0.0191236
222.213 19.301 0.385567 1.70613 -0.0103188 -0.00284003 -0.0177067
222.229 19.3019 0.385915 1.70577 -0.00973994 -0.00270552 -0.0161562
222.251 19.3029 0.386278 1.70543 -0.00922439 -0.00258206 -0.0145004
222.27 19.304 0.38666 1.70511 -0.00874446 -0.00246116 -0.0127427
222.29 19.3051 0.387061 1.70481 -0.00824787 -0.00247178 -0.0109013
222.311 19.3063 0.387479 1.70453 -0.00778614 -0.00241238 -0.00896752
222.331 19.3076 0.387913 1.70428 -0.00740176 -0.00225803 -0.00693179
222.352 19.3089 0.388367 1.70404 -0.00704094 -0.0021909 -0.00479354
222.371 19.3103 0.388841 1.70384 -0.0065346 -0.00206371 -0.00260974
222.391 19.3118 0.389328 1.70366 -0.00622062 -0.00207918 -0.00030593
222.414 19.3132 0.389234 1.7034 -0.00564663 -0.00207827 0.00134091
222.431 19.3146 0.388979 1.70317 -0.00514059 -0.00168441 0.00285706
222.452 19.3162 0.388693 1.70299 -0.00489246 -0.00181507 0.00441195
222.472 19.3178 0.388394 1.70286 -0.00485572 -0.00213519 0.00593702
222.492 19.3195 0.388089 1.70278 -0.00495972 -0.00231787 0.00741277
222.512 19.3212 0.387794 1.70272 -0.00524629 -0.00214011 0.0087651
222.532 19.3231 0.387513 1.70268 -0.00560955 -0.00194463 0.010012
222.553 19.3251 0.387247 1.70266 -0.00605209 -0.00177853 0.0111579
222.572 19.3271 0.386997 1.70264 -0.00645041 -0.00167917 0.0122072
222.593 19.3293 0.386761 1.70263 -0.00673283 -0.00197423 0.0131774
222.614 19.3315 0.386554 1.70265 -0.0068363 -0.0012855 0.013999
222.633 19.3339 0.386376 1.70269 -0.00667554 -0.00111362 0.0146964
222.654 19.3365 0.386226 1.70277 -0.00638042 -0.000590689 0.0152833
222.673 19.3391 0.386104 1.70286 -0.00620849 -0.00102247 0.0157757
222.694 19.3418 0.386012 1.70297 -0.00630079 -0.000669733 0.0161686
222.719 19.3446 0.385947 1.70308 -0.00643277 -0.000338863 0.0164702
222.733 19.3475 0.385909 1.70318 -0.00654197 -0.000320938 0.0166801
222.755 19.3506 0.3859 1.70327 -0.00666467 -1.66198e-05 0.0168041
222.774 19.3537 0.385918 1.70335 -0.00669282 -4.99158e-05 0.0168497
222.794 19.3569 0.385964 1.7034 -0.00668115 7.62959e-06 0.0168188
222.816 19.3602 0.386038 1.70342 -0.00685144 -0.00229928 0.0167411
222.835 19.3637 0.386127 1.70346 -0.00654735 -0.00102123 0.0166111
222.856 19.3674 0.386216 1.70357 -0.005887 0.00107129 0.0164555
222.875 19.3713 0.386295 1.70371 -0.00557246 0.000471937 0.016204
222.895 19.3755 0.386369 1.70387 -0.0054595 0.000523294 0.0158694
222.918 19.3799 0.386453 1.70403 -0.00536363 0.000273797 0.0154771
222.935 19.3846 0.38655 1.70417 -0.0051973 0.000692733 0.0150475
222.956 19.3894 0.386657 1.70427 -0.0050402 0.000262332 0.0145706
222.976 19.3945 0.386773 1.70436 -0.00486578 0.000210424 0.0140508
222.996 19.3998 0.386901 1.70443 -0.00457602 0.000273168 0.0135138
223.017 19.4052 0.387038 1.70448 -0.00432651 -0.000174548 0.0129317
223.036 19.4109 0.387182 1.70451 -0.00406684 -0.000810238 0.0123135
223.058 19.4168 0.38733 1.70452 -0.00387049 -0.000367874 0.0116592
223.077 19.4229 0.387483 1.70451 -0.00365748 -0.0001079 0.0109719
223.097 19.4293 0.38764 1.70448 -0.00337443 0.000282866 0.01029
223.12 19.4359 0.387797 1.70443 -0.00283976 8.65411e-05 0.00966028
223.138 19.4426 0.387968 1.70439 -0.00247458 -0.000459731 0.00901045
223.158 19.4495 0.388132 1.70434 -0.00226614 -0.000458706 0.0083253
223.178 19.4565 0.388287 1.70429 -0.0020638 1.29621e-05 0.00762827
223.198 19.4638 0.388441 1.70421 -0.00189018 0.000120795 0.00692607
223.22 19.4712 0.38859 1.70412 -0.0015859 0.000223 0.00625714
223.239 19.4787 0.388746 1.70403 -0.00137086 0.00011875 0.00558408
223.259 19.4863 0.388906 1.70392 -0.00118498 0.000468478 0.00492784
223.279 19.4941 0.389058 1.70381 -0.00080947 0.000579632 0.00431661
223.299 19.5021 0.389208 1.7037 -0.000586162 0.000524733 0.00369537
223.32 19.5101 0.389348 1.70357 -0.000357515 0.000482715 0.00309049
223.339 19.5183 0.389484 1.70344 -0.000151662 0.000758922 0.00251368
223.36 19.5266 0.389613 1.7033 2.6412e-05 0.00036818 0.00194855
223.38 19.535 0.389725 1.70316 1.45088e-05 0.00152463 0.00138529
223.399 19.5436 0.389826 1.70303 -2.86406e-05 0.00167593 0.000848566
223.422 19.5522 0.389925 1.70293 -4.35375e-05 0.00109502 0.000310166
223.441 19.5609 0.390023 1.70284 -5.72145e-05 0.00129336 -8.87997e-06
223.462 19.5696 0.389928 1.70281 -6.42799e-05 0.000975434 0.000319762
223.48 19.5784 0.389835 1.70278 -0.000116436 0.00136852 0.000418646
223.5 19.5873 0.389743 1.70275 -0.000237528 0.00127218 0.000472949
223.525 19.5962 0.389654 1.70271 -0.000470727 0.000543941 0.000494987
223.541 19.6053 0.389566 1.70267 -0.000639335 0.00191657 0.000485178
223.561 19.6145 0.389481 1.70264 -0.000720185 0.00193035 0.000450089
223.581 19.6237 0.3894 1.70262 -0.00079087 0.0016273 0.000392932
223.602 19.6331 0.389321 1.7026 -0.000845222 0.00158488 0.000307969
223.625 19.6425 0.389247 1.70258 -0.000870307 0.00180566 0.000201951
223.642 19.652 0.389175 1.70253 -0.000871407 0.00180578 7.78191e-05
223.664 19.6616 0.389108 1.70247 -0.000856008 0.00180047 -6.12676e-05
223.683 19.6712 0.389044 1.70239 -0.000820593 0.00171919 -0.00021638
223.703 19.6809 0.388983 1.70229 -0.000776134 0.00221994 -0.000387305
223.724 19.6906 0.388926 1.70216 -0.000735145 0.00098507 -0.00056485
223.743 19.7004 0.388871 1.70205 -0.000600592 0.00148707 -0.000759801
223.765 19.7103 0.388818 1.70197 -0.000381302 0.00193155 -0.000963345
223.784 19.7204 0.388766 1.70192 -6.70922e-05 0.00277511 -0.00117439
223.804 19.7304 0.388716 1.70187 4.29696e-05 0.00180226 -0.00138915
223.825 19.7404 0.388665 1.70184 0.000121774 0.00190173 -0.00160927
223.844 19.7503 0.388614 1.7018 0.000283038 0.000601955 -0.00182115
223.867 19.7605 0.388562 1.70178 0.00028815 0.00308164 -0.00200735
223.884 19.7707 0.38851 1.70178 0.00020364 0.00349436 -0.00217779
223.905 19.7809 0.388457 1.70183 0.000168132 0.00215809 -0.00235464
223.926 19.7912 0.388403 1.70192 0.000202818 0.00201071 -0.00252756
223.945 19.8014 0.388348 1.702 0.000257978 0.00235946 -0.00269583
223.966 19.8116 0.388291 1.70206 0.000318596 0.00245299 -0.00285788
223.986 19.8218 0.388234 1.70208 0.000383044 0.00259527 -0.00302111
224.006 19.832 0.388176 1.70206 0.000436143 0.00242857 -0.00317825
224.027 19.8422 0.388115 1.70199 0.000502954 0.00250531 -0.00333239
224.046 19.8524 0.388053 1.70189 0.000575859 0.00261138 -0.00348224
224.069 19.8625 0.387989 1.70175 0.000635003 0.00253613 -0.00362419
224.087 19.8726 0.387923 1.70158 0.000700636 0.00257333 -0.00375918
224.107 19.8827 0.387854 1.70138 0.000733632 0.00247088 -0.00388966
224.131 19.8927 0.387782 1.70114 0.000842072 0.00250524 -0.00401472
224.147 19.9027 0.387707 1.70087 0.000920908 0.00251219 -0.00413378
224.169 19.9127 0.387629 1.70057 0.000992071 0.00257653 -0.00424452
224.188 19.9226 0.387548 1.70024 0.00102459 0.00260333 -0.00434637
224.208 19.9325 0.387462 1.69989 0.00111374 0.00260526 -0.00444134
224.229 19.9423 0.387374 1.69953 0.00111306 0.0024787 -0.00453317
224.248 19.9521 0.387281 1.69916 0.00111268 0.00270481 -0.00461355
224.269 19.9617 0.387184 1.69878 0.00112677 0.00268943 -0.00468881
224.289 19.9713 0.387083 1.69839 0.00111543 0.00262528 -0.00475707
224.309 19.9808 0.386979 1.69801 0.00110383 0.00277811 -0.0048157
224.33 19.9902 0.386871 1.69763 0.00109112 0.00295586 -0.00486614
224.349 19.9996 0.386759 1.69724 0.00108746 0.00278294 -0.00491158
224.372 20.0088 0.386643 1.69687 0.00111715 0.00298405 -0.00494857
224.39 20.0179 0.386525 1.6965 0.0010227 0.00289245 -0.00497803
224.41 20.0269 0.386403 1.69614 0.000916317 0.0034167 -0.00499948
224.434 20.0358 0.386278 1.69579 0.000925162 0.00311771 -0.00500988
224.451 20.0446 0.38615 1.69547 0.00094186 0.00282591 -0.00501221
224.472 20.0532 0.38602 1.69517 0.000850561 0.00316273 -0.00501279
224.491 20.0617 0.385886 1.69488 0.000870315 0.00332382 -0.00500087
224.511 20.0701 0.385751 1.69461 0.000844518 0.00309619 -0.00498562
224.532 20.0783 0.385613 1.69437 0.000815193 0.00301592 -0.00496591
224.551 20.0863 0.385473 1.69413 0.000829966 0.00306211 -0.00494141
224.572 20.0943 0.385331 1.6939 0.000758316 0.00303894 -0.00491005
224.592 20.102 0.385187 1.69369 0.000699952 0.00316596 -0.0048719
224.612 20.1096 0.385042 1.69348 0.000626386 0.00316164 -0.00483328
224.633 20.117 0.384895 1.69328 0.000588524 0.00313277 -0.00478834
224.652 20.1243 0.384746 1.69308 0.000598734 0.0033158 -0.00473467
224.675 20.1315 0.384597 1.69289 0.000536252 0.00317241 -0.00467702
224.693 20.1384 0.384447 1.69271 0.000513334 0.00297817 -0.0046115
224.713 20.1452 0.384295 1.69254 0.000523108 0.00307621 -0.00453971
224.734 20.1518 0.384143 1.69239 0.000395775 0.00342686 -0.00447337
224.754 20.1582 0.383991 1.69226 0.000362778 0.00336644 -0.00439812
224.774 20.1645 0.383837 1.69216 0.000389534 0.003476 -0.00431285
224.794 20.1706 0.383684 1.69206 0.000350635 0.00361543 -0.00422736
224.814 20.1766 0.383529 1.69196 0.000453531 0.00357312 -0.00413434
224.835 20.1824 0.383375 1.69187 0.000429702 0.00333278 -0.00404299
224.855 20.1881 0.38322 1.69179 0.000394478 0.00359483 -0.0039401
224.876 20.1936 0.383064 1.6917 0.000339973 0.00337801 -0.00382309
224.895 20.199 0.382908 1.69163 0.000332147 0.00324963 -0.00369732
224.915 20.2042 0.382751 1.69155 0.000307228 0.00328474 -0.00356914
224.938 20.2093 0.382595 1.69147 0.000287134 0.00315022 -0.00343968
224.955 20.2142 0.382438 1.69138 0.000278359 0.00313325 -0.0033086
224.977 20.219 0.38228 1.69129 0.000309662 0.00287982 -0.00317634
224.996 20.2237 0.382122 1.6912 0.000362766 0.00279157 -0.00304494
225.016 20.2283 0.381964 1.69111 0.000317914 0.00304275 -0.00291121
225.038 20.2327 0.381806 1.69102 0.000264288 0.00275761 -0.00277415
225.057 20.237 0.381647 1.69094 0.000301497 0.00263367 -0.00263646
225.077 20.2411 0.381488 1.69085 0.000316636 0.00265762 -0.0025017
225.097 20.2452 0.381328 1.69077 0.000326907 0.00267126 -0.00236309
225.117 20.2491 0.381167 1.69069 0.000375165 0.00237805 -0.00222271
225.138 20.2529 0.381007 1.69061 0.000360675 0.00244183 -0.00209055
225.158 20.2565 0.380845 1.69053 0.000353538 0.00244784 -0.00195573
225.179 20.2601 0.380683 1.69046 0.000359623 0.00242896 -0.00181951
225.198 20.2635 0.38052 1.69038 0.000370862 0.00220369 -0.0016844
225.218 20.2669 0.380356 1.6903 0.000344045 0.00222085 -0.00154902
225.243 20.2701 0.380192 1.69022 0.000329244 0.00197727 -0.00141643
225.258 20.2732 0.380027 1.69015 0.000336572 0.00186283 -0.00128489
225.279 20.2762 0.379861 1.69008 0.000331173 0.00167336 -0.00115194
225.299 20.279 0.379695 1.69002 0.000306827 0.00147536 -0.00102267
225.319 20.2818 0.379529 1.68996 0.000291358 0.00142406 -0.000898451
225.34 20.2845 0.379361 1.6899 0.000280386 0.00150787 -0.000775343
225.36 20.287 0.379193 1.68984 0.000278187 0.00116532 -0.000654061
225.38 20.2895 0.379025 1.68978 0.000281239 0.00096944 -0.000534527
225.399 20.2919 0.378857 1.68972 0.000239186 0.00106186 -0.000416902
225.419 20.2941 0.378687 1.68966 0.000234113 0.0011301 -0.000302056
225.441 20.2963 0.378518 1.68961 0.000242843 0.00072573 -0.00018824
225.46 20.2984 0.378348 1.68957 0.000222181 0.000974842 -7.69725e-05
225.481 20.3003 0.378178 1.68954 0.000229676 0.000733048 2.93534e-05
225.501 20.3022 0.378008 1.68952 0.000167781 0.000834134 0.000135422
225.521 20.304 0.377838 1.68951 9.21293e-05 0.000827352 0.00023724
225.541 20.3057 0.377667 1.68952 7.72555e-05 0.0010794 0.000333817
225.561 20.3073 0.377497 1.68953 8.79605e-05 0.000748607 0.000429349
225.582 20.3089 0.377327 1.68955 9.69362e-05 0.00064228 0.000522951
225.601 20.3103 0.377157 1.68957 0.000141112 0.00055087 0.000618077
225.622 20.3117 0.376987 1.6896 0.000154926 0.000773959 0.000708073
225.643 20.3129 0.376817 1.68962 0.000143399 0.000474744 0.000790896
225.662 20.3141 0.376647 1.68965 0.000123711 0.00050988 0.000871209
225.683 20.3153 0.376478 1.68967 9.17656e-05 0.000541104 0.000953062
225.702 20.3163 0.376308 1.68969 8.42378e-05 0.000519586 0.00103034
225.723 20.3173 0.376138 1.6897 9.20446e-05 0.000493683 0.00110529
225.744 20.3183 0.375968 1.68971 0.000131299 0.000640396 0.00117529
225.764 20.3191 0.375799 1.68971 0.000106882 0.000405528 0.00124262
225.786 20.3199 0.375629 1.68972 0.00012548 0.000590764 0.00131253
225.804 20.3206 0.37546 1.68974 9.77792e-05 0.000386326 0.00138398
225.825 20.3213 0.37529 1.68977 0.000148456 0.000577249 0.00145113
225.846 20.3219 0.37512 1.6898 0.00018806 0.000374452 0.00151565
225.865 20.3224 0.37495 1.68984 0.000230062 0.000189517 0.0015772
225.888 20.3229 0.37478 1.68987 0.000216393 0.000270334 0.00163395
225.905 20.3234 0.374609 1.6899 0.000188342 0.000453879 0.00168703
225.925 20.3239 0.374439 1.68993 0.000189489 0.000320012 0.00173722
225.946 20.3243 0.374268 1.68995 0.000210601 0.000379898 0.0017872
225.965 20.3247 0.374096 1.68997 0.000212673 0.000290048 0.00183201
225.986 20.3251 0.373925 1.68999 0.000225551 0.000350305 0.00187757
226.005 20.3255 0.373753 1.69 0.000259218 0.000197631 0.00192045
226.025 20.3258 0.37358 1.69 0.000282092 0.000174536 0.00195954
226.047 20.3262 0.373407 1.69 0.0002883 0.000173691 0.00199962
226.066 20.3265 0.373234 1.68999 0.000284095 0.000147566 0.00203359
226.088 20.3268 0.373059 1.68997 0.000272041 0.000123312 0.00206578
226.106 20.3271 0.372885 1.68995 0.000261569 4.68246e-05 0.00210245
226.126 20.3273 0.37271 1.68991 0.000276427 7.06875e-05 0.00213295
226.148 20.3276 0.372534 1.68988 0.000299316 0.000106271 0.00216236
226.167 20.3278 0.372357 1.68984 0.000317381 0.000171129 0.00218951
226.191 20.328 0.37218 1.6898 0.000322134 0.000118296 0.00221587
226.207 20.3282 0.372002 1.68976 0.000335135 4.10116e-05 0.00223885
226.227 20.3284 0.371824 1.68971 0.000323429 6.13629e-05 0.00226344
226.251 20.3286 0.371645 1.68967 0.00029171 0.000127009 0.00228519
226.267 20.3287 0.371465 1.68963 0.000250027 0.000223558 0.00230523
226.289 20.3289 0.371285 1.68959 0.000217553 8.06342e-05 0.00232364
226.308 20.329 0.371106 1.68954 0.000104541 0.000113508 0.00231792
226.328 20.3291 0.370927 1.6895 -0.000155174 0.00023733 0.00230257
226.349 20.3292 0.37075 1.68946 -0.000433157 0.000293334 0.00228115
226.369 20.3293 0.370574 1.68941 -0.000581623 0.000231201 0.00225981
226.391 20.3293 0.3704 1.68936 -0.000523266 0.000361429 0.00223594
226.409 20.3293 0.370227 1.68932 -0.000287735 0.000378309 0.00221181
226.429 20.3293 0.370054 1.68927 0.000195389 0.000528778 0.00218707
226.45 20.3292 0.36988 1.68922 0.000914735 0.000474624 0.00216303
226.47 20.3291 0.369701 1.68918 0.00181457 0.000473465 0.00213697
226.491 20.3289 0.369515 1.68914 0.00284381 0.000628686 0.00211016
226.51 20.3286 0.369317 1.6891 0.00404175 0.000769472 0.00208485
226.53 20.3283 0.369102 1.68907 0.00538074 0.00065801 0.00205616
226.55 20.3279 0.368867 1.68904 0.0067503 0.000846939 0.00202974
226.57 20.3274 0.368605 1.68902 0.00822709 0.000850439 0.00200417
226.591 20.3268 0.368311 1.68901 0.00978179 0.000978837 0.00197892
226.611 20.3262 0.367979 1.689 0.0113992 0.000958049 0.00195298
226.631 20.3255 0.367602 1.68899 0.0130727 0.00128631 0.00192525
226.652 20.3246 0.367175 1.689 0.0147789 0.00101839 0.00189443
226.672 20.3236 0.366691 1.68902 0.0164589 0.00134198 0.00187326
226.693 20.3225 0.366143 1.68906 0.0181253 0.00128194 0.00184599
226.712 20.3213 0.365526 1.68912 0.0198213 0.00143408 0.00182298
226.732 20.32 0.364832 1.68918 0.0214666 0.00136105 0.00179724
226.753 20.3185 0.364057 1.68924 0.0230589 0.00172004 0.00177695
226.772 20.3169 0.363193 1.68931 0.0246303 0.00158818 0.00174707
226.793 20.3152 0.362235 1.68939 0.0262549 0.00167991 0.00172126
226.812 20.3133 0.361178 1.68947 0.0277661 0.00167012 0.00169388
226.833 20.3113 0.360015 1.68955 0.0292664 0.00161724 0.00166466
226.854 20.3092 0.358741 1.68963 0.0306713 0.00193123 0.00164262
226.873 20.307 0.357348 1.68973 0.032401 0.00406487 0.00169112
226.894 20.3043 0.355825 1.68987 0.0350563 0.00358616 0.00175606
226.914 20.3013 0.354146 1.69014 0.0405846 0.00296811 0.00198046
226.934 20.2977 0.352294 1.69052 0.0481479 0.00314667 0.0023023
226.955 20.2938 0.350249 1.69098 0.0566369 0.00368864 0.00264161
226.975 20.2895 0.347986 1.69148 0.0649296 0.00422167 0.0029268
226.995 20.2848 0.345475 1.692 0.0727659 0.00451551 0.00316012
227.015 20.2798 0.342689 1.69254 0.0797674 0.00396811 0.00326935
227.035 20.2745 0.339606 1.69309 0.0853014 0.00486624 0.00341737
227.057 20.2688 0.336206 1.69364 0.0893256 0.0049718 0.00343301
227.075 20.2629 0.332472 1.69417 0.0924501 0.00511805 0.00341953
227.096 20.2566 0.328394 1.69469 0.0945438 0.00352176 0.00320449
227.115 20.2501 0.323963 1.69521 0.0955252 0.00424985 0.00317103
227.135 20.2433 0.319179 1.69571 0.0953885 0.00394649 0.00301247
227.157 20.2363 0.314045 1.69618 0.0941485 0.00429781 0.00288356
227.176 20.229 0.308562 1.69662 0.0924484 0.00286325 0.00258247
227.198 20.2215 0.302737 1.69706 0.0903216 0.00340156 0.00246311
227.217 20.2138 0.296584 1.69746 0.087417 0.00324657 0.00226864
227.237 20.206 0.290114 1.69782 0.0838895 0.0028518 0.00205259
227.258 20.198 0.283344 1.69812 0.0797266 0.00339168 0.00190989
227.278 20.1898 0.276288 1.69838 0.0755001 0.00301497 0.00170791
227.298 20.1814 0.268953 1.6986 0.0722895 0.00132499 0.00145153
227.318 20.1729 0.261362 1.69884 0.0684534 0.0026286 0.00140492
227.338 20.1643 0.253531 1.69907 0.0639118 0.00216422 0.00123158
227.36 20.1557 0.245479 1.69929 0.0590358 0.00186546 0.00108059
227.379 20.1469 0.237224 1.69945 0.0540236 0.00148308 0.000936211
227.399 20.1381 0.228787 1.69958 0.0490895 0.000967388 0.000796823
227.419 20.1293 0.220187 1.69965 0.0440801 0.000939484 0.000687588
227.439 20.1204 0.211445 1.69969 0.0391083 0.000837203 0.000588092
227.461 20.1115 0.202578 1.69968 0.0342154 0.000380276 0.00048557
227.479 20.1026 0.193607 1.69963 0.0294644 0.000330266 0.000408741
227.5 20.0937 0.18455 1.69954 0.0248104 -7.22526e-05 0.000328038
227.52 20.0849 0.175427 1.69943 0.0200523 0.000521736 0.000278922
227.54 20.076 0.166254 1.6993 0.015421 -0.000548058 0.000208641
227.563 20.0672 0.157047 1.69918 0.0114574 -0.000770079 0.00015599
227.58 20.0584 0.147826 1.69907 0.00728939 -0.00056283 0.000121753
227.602 20.0498 0.138608 1.69897 0.00289912 -0.000616926 9.69686e-05
227.62 20.0412 0.129409 1.69884 -0.00141168 -0.000885725 7.69001e-05
227.64 20.0327 0.120242 1.6987 -0.00539435 -0.00100028 5.68407e-05
227.664 20.0242 0.111124 1.69853 -0.00900963 -0.00121296 4.19911e-05
227.681 20.0159 0.102069 1.69832 -0.0122867 -0.00161766 3.45092e-05
227.702 20.0077 0.0930901 1.6981 -0.0154921 -0.00160995 3.03558e-05
227.722 19.9997 0.0842041 1.69788 -0.0191507 -0.00137298 4.31508e-05
227.742 19.9918 0.0754243 1.69768 -0.0231346 -0.00153375 7.17291e-05
227.763 19.9841 0.0667648 1.6975 -0.0272026 -0.00172858 0.000104881
227.782 19.9766 0.0582375 1.69732 -0.030854 -0.00223713 0.000141738
227.803 19.9692 0.0498606 1.69717 -0.0346389 -0.00188435 0.000166962
227.823 19.9621 0.0416495 1.69704 -0.0387138 -0.00230475 0.00023165
227.843 19.9553 0.0336194 1.69695 -0.0429762 -0.00219957 0.00028739
227.867 19.9486 0.0257875 1.6969 -0.0475079 -0.00224365 0.000358201
227.883 19.9422 0.0181693 1.69689 -0.0520286 -0.00299377 0.000469123
227.904 19.9362 0.0107827 1.69693 -0.0565893 -0.00265093 0.000531382
227.923 19.9304 0.00364778 1.69702 -0.0615503 -0.00186441 0.000591172
227.944 19.9249 -0.00321948 1.69716 -0.0664547 -0.00226366 0.000714739
227.967 19.9197 -0.00980346 1.69734 -0.0707961 -0.0028643 0.000830348
227.984 19.9148 -0.016089 1.69756 -0.0744579 -0.00240431 0.00084746
228.005 19.9102 -0.0220643 1.6978 -0.0774535 -0.00248429 0.000886674
228.024 19.9058 -0.0277202 1.69805 -0.0796714 -0.00221574 0.000876409
228.044 19.9017 -0.0330497 1.69829 -0.0811504 -0.00187033 0.000846114
228.066 19.8978 -0.0380502 1.69851 -0.0816937 -0.00216329 0.000844855
228.085 19.8942 -0.04272 1.69871 -0.0814539 -0.00220022 0.000809983
228.106 19.8907 -0.0470595 1.6989 -0.0806789 -0.0014777 0.000709923
228.125 19.8875 -0.0510743 1.69905 -0.0793422 -0.00173537 0.000687343
228.145 19.8845 -0.0547697 1.69918 -0.0775704 -0.00151217 0.000628967
228.167 19.8817 -0.0581525 1.69928 -0.0756152 -0.000912644 0.000548785
228.186 19.879 -0.0612327 1.69935 -0.073309 -0.00119555 0.000538889
228.208 19.8765 -0.0640186 1.69938 -0.0708664 -0.00108969 0.000508818
228.228 19.8742 -0.0665207 1.69938 -0.0684028 -0.000561153 0.000464618
228.248 19.8721 -0.0687505 1.69933 -0.0657907 -0.000681769 0.000469244
228.268 19.8701 -0.0707189 1.69925 -0.0629605 -0.000293544 0.000445005
228.288 19.8683 -0.0724379 1.69914 -0.0599407 -0.000386069 0.00045469
228.309 19.8666 -0.0739182 1.69899 -0.0569895 0.000175757 0.000438268
228.328 19.865 -0.075171 1.69881 -0.0542789 0.000192195 0.000465548
228.348 19.8636 -0.076209 1.69862 -0.0514211 -1.23853e-05 0.000507822
228.372 19.8623 -0.0770427 1.69841 -0.0486346 0.000383554 0.00052915
228.388 19.8611 -0.0776839 1.69818 -0.0459861 0.000684163 0.000566394
228.409 19.86 -0.0781454 1.69792 -0.0431523 0.000506198 0.000628021
228.428 19.859 -0.0784387 1.69764 -0.0401053 0.000870377 0.000661626
228.449 19.858 -0.0785756 1.69735 -0.0369642 0.000954986 0.000714226
228.473 19.8571 -0.0785689 1.69703 -0.0337253 0.00117707 0.000766592
228.489 19.8563 -0.0784311 1.6967 -0.03047 0.00129165 0.000828969
228.509 19.8556 -0.0781757 1.69635 -0.0271353 0.00134812 0.000897979
228.529 19.8549 -0.0778162 1.69599 -0.0236872 0.0014347 0.000969765
228.549 19.8542 -0.0773653 1.69562 -0.0203103 0.00161438 0.00104584
228.57 19.8536 -0.0768355 1.69524 -0.0171326 0.00180621 0.00112766
228.59 19.853 -0.07624 1.69486 -0.0140922 0.00187134 0.00121207
228.612 19.8524 -0.0755904 1.69447 -0.0112555 0.00190226 0.00129864
228.63 19.8518 -0.0748968 1.69407 -0.00878356 0.00215476 0.00138631
228.65 19.8513 -0.0741683 1.69368 -0.006812 0.00218645 0.00147747
228.671 19.8508 -0.0734146 1.69329 -0.00501655 0.00218293 0.00157387
228.69 19.8503 -0.0726433 1.6929 -0.00330928 0.00226323 0.00167239
228.71 19.8499 -0.0718603 1.69251 -0.0018155 0.00239774 0.00177088
228.731 19.8494 -0.0710724 1.69213 -0.000404357 0.00233114 0.00186781
228.751 19.849 -0.0702853 1.69175 0.000973118 0.00239821 0.00196602
228.771 19.8486 -0.0695037 1.69138 0.00218306 0.00248674 0.0020687
228.791 19.8482 -0.068732 1.69101 0.0031972 0.00253135 0.00216754
228.812 19.8478 -0.0679743 1.69065 0.00402248 0.00258058 0.00226295
228.832 19.8474 -0.0672334 1.69029 0.00461941 0.00261965 0.00236242
228.852 19.8471 -0.0665121 1.68993 0.00510055 0.00269293 0.00242109
228.875 19.8468 -0.0658136 1.68961 0.00564901 0.00270295 0.00245851
228.892 19.8464 -0.065139 1.68931 0.00610683 0.00279711 0.00248782
228.913 19.8461 -0.0644906 1.68905 0.00654515 0.00271709 0.00251473
228.933 19.8459 -0.06387 1.68882 0.00697502 0.00275643 0.00253846
228.953 19.8456 -0.0632785 1.68861 0.00734921 0.00276296 0.00255636
228.974 19.8454 -0.0627175 1.68842 0.00767327 0.00273822 0.00257343
228.994 19.8452 -0.0621879 1.68825 0.00791084 0.00272356 0.00258525
229.015 19.845 -0.0616905 1.68809 0.00806 0.0027104 0.00259511
229.034 19.8449 -0.0612259 1.68795 0.00813804 0.00267702 0.00260226
229.054 19.8447 -0.0607943 1.68782 0.00814302 0.00263348 0.00260502
229.075 19.8446 -0.0603956 1.68771 0.00809645 0.00259958 0.00260609
229.095 19.8446 -0.0600296 1.68761 0.00799128 0.00259497 0.00260276
229.115 19.8445 -0.0596955 1.68752 0.00779415 0.00260486 0.00259766
229.135 19.8445 -0.0593927 1.68744 0.00754699 0.00259356 0.00258958
229.155 19.8444 -0.0591202 1.68736 0.00726705 0.00256521 0.00258174
229.178 19.8444 -0.0588766 1.68729 0.00693568 0.00247842 0.00257199
229.196 19.8445 -0.0586609 1.68723 0.00660792 0.00254016 0.00255905
229.217 19.8445 -0.0584718 1.68717 0.00628871 0.00248205 0.00254597
229.236 19.8446 -0.0583078 1.68712 0.00595875 0.00245543 0.0025289
229.256 19.8447 -0.0581677 1.68707 0.00564721 0.00246 0.00250713
229.277 19.8448 -0.0580503 1.68702 0.00536788 0.0024716 0.00248564
229.297 19.8449 -0.0579542 1.68698 0.00509964 0.00241087 0.00246159
229.318 19.8451 -0.0578786 1.68694 0.00487568 0.0025429 0.00243545
229.337 19.8453 -0.0578224 1.6869 0.00467226 0.0024602 0.00240776
229.358 19.8455 -0.0577844 1.68687 0.00443709 0.00242471 0.00237841
229.378 19.8457 -0.0577637 1.68685 0.00419139 0.00244275 0.00235037
229.397 19.846 -0.0577596 1.68682 0.00395384 0.00245841 0.00231969
229.418 19.8462 -0.0577709 1.68679 0.00373341 0.00235104 0.00228957
229.438 19.8465 -0.0577969 1.68677 0.00353689 0.00249018 0.00225738
229.458 19.8469 -0.0578368 1.68675 0.00337755 0.0025605 0.00222649
229.48 19.8472 -0.0578898 1.68674 0.00321784 0.0025026 0.00219871
229.498 19.8476 -0.057955 1.68673 0.00303749 0.0024125 0.00217022
229.519 19.8479 -0.058032 1.68673 0.00288837 0.00251525 0.00213861
229.539 19.8484 -0.0581201 1.68672 0.00275742 0.00248745 0.00210663
229.558 19.8488 -0.0582187 1.68673 0.00261333 0.00244104 0.00207764
229.58 19.8492 -0.0583269 1.68673 0.00244924 0.00244881 0.00204699
229.599 19.8497 -0.0584443 1.68674 0.00226762 0.00245883 0.00201563
229.621 19.8502 -0.05857 1.68674 0.00208676 0.00246642 0.00198391
229.639 19.8507 -0.0587036 1.68674 0.00191233 0.00248436 0.00195237
229.659 19.8512 -0.0588441 1.68675 0.00175157 0.00250172 0.0019179
229.684 19.8518 -0.0589912 1.68674 0.00161565 0.00252955 0.00188944
229.699 19.8523 -0.0591441 1.68674 0.00147496 0.00254917 0.00186298
229.721 19.8529 -0.0593022 1.68674 0.00131841 0.00255117 0.00183512
229.74 19.8535 -0.0594648 1.68674 0.00116763 0.0026228 0.00180678
229.76 19.8541 -0.0596314 1.68674 0.00101258 0.00252116 0.00177693
229.781 19.8548 -0.0598015 1.68675 0.000867899 0.00261166 0.00174841
229.8 19.8555 -0.0599747 1.68676 0.000764139 0.00265609 0.00172006
229.821 19.8561 -0.0601503 1.68677 0.000683727 0.00263291 0.0016938
229.841 19.8568 -0.0603283 1.68678 0.000643174 0.0026678 0.00166811
229.861 19.8576 -0.0605081 1.6868 0.00058213 0.0026539 0.00164504
229.885 19.8583 -0.0606895 1.68682 0.000504102 0.00261468 0.00162123
229.901 19.859 -0.0608721 1.68684 0.000421774 0.00262617 0.00159776
229.922 19.8598 -0.0610559 1.68687 0.000348807 0.00238482 0.00157352
229.941 19.8606 -0.0612403 1.6869 0.000260156 0.00259609 0.00154919
229.961 19.8614 -0.0614253 1.68693 0.000206663 0.00274605 0.00152526
229.983 19.8622 -0.0616104 1.68698 0.000149316 0.00265486 0.00150362
230.002 19.8631 -0.0617955 1.68703 9.38424e-05 0.0026243 0.00148359
230.023 19.864 -0.0619803 1.68708 3.34373e-05 0.00265372 0.00146503
230.042 19.865 -0.0621645 1.68713 -3.55112e-05 0.00266873 0.0014452
230.062 19.8659 -0.0623479 1.68718 -0.000110593 0.00267143 0.00142735
230.084 19.8669 -0.0625304 1.68723 -0.000162029 0.00259459 0.00140861
230.103 19.8679 -0.0627115 1.68727 -0.000220666 0.00267279 0.00139082
230.124 19.869 -0.0628912 1.68733 -0.000265431 0.00281753 0.00137564
230.143 19.8701 -0.0630693 1.68738 -0.000315888 0.00278899 0.0013616
230.163 19.8712 -0.0632456 1.68744 -0.000348911 0.00265639 0.00134834
230.185 19.8723 -0.0634199 1.68749 -0.000379892 0.00272878 0.00133757
230.204 19.8735 -0.0635922 1.68755 -0.000401439 0.00276759 0.00132439
230.225 19.8747 -0.0637623 1.68761 -0.000412524 0.00282596 0.0013103
230.244 19.8759 -0.0639303 1.68766 -0.000406547 0.00273261 0.00129711
230.264 19.8772 -0.0640962 1.68773 -0.000401773 0.00271825 0.00128429
230.285 19.8785 -0.0642599 1.68779 -0.000405282 0.00274599 0.00127251
230.305 19.8798 -0.0644214 1.68785 -0.000418669 0.00275868 0.0012654
230.326 19.8811 -0.0645808 1.68791 -0.000415466 0.0026734 0.00125548
230.345 19.8825 -0.064738 1.68797 -0.000407846 0.00292376 0.00124431
230.365 19.8839 -0.0648929 1.68804 -0.000425946 0.00278766 0.00123466
230.387 19.8853 -0.0650456 1.68812 -0.00043749 0.00282716 0.00122581
230.406 19.8868 -0.0651962 1.6882 -0.000425237 0.00293919 0.00121758
230.427 19.8883 -0.0653447 1.68828 -0.000416713 0.00291445 0.00120907
230.446 19.8898 -0.065491 1.68836 -0.000397379 0.00286085 0.00120263
230.466 19.8914 -0.065635 1.68844 -0.000417553 0.002957 0.00119731
230.487 19.8929 -0.065777 1.68853 -0.000437531 0.00292519 0.00119395
230.506 19.8945 -0.0659167 1.68862 -0.000444401 0.00288059 0.00118926
230.529 19.8962 -0.0660544 1.68871 -0.000444199 0.00293178 0.00118722
230.548 19.8978 -0.0661897 1.6888 -0.000462299 0.00280935 0.00118713
230.568 19.8995 -0.0663226 1.68888 -0.000500647 0.00291254 0.00118528
230.591 19.9012 -0.0664531 1.68897 -0.000524305 0.0029639 0.00118265
230.609 19.9029 -0.0665812 1.68906 -0.000543638 0.0030495 0.00118159
230.629 19.9046 -0.0667068 1.68914 -0.000551297 0.00296906 0.0011811
230.649 19.9064 -0.0668298 1.68922 -0.000556385 0.00294856 0.00117874
230.669 19.9082 -0.0669502 1.6893 -0.000558987 0.00297682 0.00117669
230.69 19.9099 -0.0670681 1.68938 -0.00055869 0.00298368 0.00117455
230.709 19.9118 -0.0671833 1.68945 -0.000554367 0.00297982 0.00117267
230.73 19.9136 -0.067296 1.68953 -0.000555559 0.00298308 0.00117577
230.749 19.9154 -0.0674061 1.68959 -0.000553472 0.00298272 0.00117643
230.769 19.9173 -0.0675138 1.68966 -0.000540402 0.00286372 0.00117506
230.794 19.9192 -0.0676188 1.68972 -0.000542459 0.00288801 0.00117582
230.81 19.9211 -0.0677214 1.68979 -0.000546057 0.00303164 0.00117728
230.833 19.923 -0.0678214 1.68985 -0.00055873 0.002973 0.00117826
230.85 19.925 -0.0679188 1.68992 -0.000575013 0.00292003 0.00118033
230.87 19.9269 -0.0680137 1.68998 -0.000586007 0.00293468 0.00118373
230.892 19.9289 -0.0681059 1.69005 -0.000597733 0.00294599 0.00118435
230.912 19.9309 -0.0681954 1.69011 -0.000620774 0.00293589 0.00118432
230.932 19.9329 -0.0682824 1.69018 -0.000615718 0.00235853 0.0011866
230.952 19.935 -0.0683662 1.69025 -0.000659168 0.00291403 0.00118774
230.972 19.9371 -0.0684473 1.69035 -0.000674541 0.00309711 0.00118979
230.993 19.9393 -0.0685255 1.69046 -0.000672457 0.00288244 0.0011914
231.012 19.9415 -0.0686008 1.69058 -0.00065169 0.00272471 0.00119388
231.032 19.9438 -0.0686732 1.6907 -0.000643886 0.00273126 0.00119481
231.052 19.9462 -0.0687426 1.69083 -0.000649516 0.002681 0.00119608
231.073 19.9486 -0.0688092 1.69095 -0.000670927 0.00272735 0.00119726
231.093 19.951 -0.0688728 1.69107 -0.000693997 0.00253502 0.0011987
231.112 19.9535 -0.0689335 1.6912 -0.000703781 0.00241995 0.00120006
231.133 19.9561 -0.068991 1.69132 -0.00072573 0.00255955 0.00120312
231.153 19.9587 -0.0690456 1.69144 -0.000742641 0.0025468 0.00120639
231.173 19.9614 -0.069097 1.69156 -0.00074371 0.00242048 0.00120893
231.194 19.9641 -0.0691453 1.69168 -0.000732568 0.00242463 0.0012098
231.214 19.9669 -0.0691906 1.6918 -0.000727828 0.00263469 0.00121073
231.235 19.9697 -0.0692328 1.69192 -0.000705607 0.00261301 0.00121221
231.254 19.9726 -0.0692722 1.69203 -0.000671118 0.00253136 0.00121355
231.274 19.9756 -0.0693087 1.69215 -0.000638886 0.00252474 0.00121425
231.295 19.9785 -0.0693424 1.69226 -0.000626626 0.00259124 0.00121576
231.314 19.9816 -0.0693733 1.69237 -0.000642475 0.00254798 0.00121801
231.335 19.9847 -0.0694015 1.69248 -0.000655348 0.00263107 0.00122021
231.355 19.9878 -0.0694271 1.69258 -0.000654663 0.00257848 0.00122174
231.375 19.991 -0.06945 1.69268 -0.00065089 0.00254847 0.00122358
231.397 19.9942 -0.0694702 1.69278 -0.000645133 0.00234396 0.00122673
231.415 19.9974 -0.0694877 1.69288 -0.000648218 0.00264101 0.00123001
231.437 20.0008 -0.0695022 1.69297 -0.000692451 0.00273379 0.00123271
231.456 20.0041 -0.0695139 1.69308 -0.000733033 0.00262376 0.00123714
231.476 20.0075 -0.0695228 1.69319 -0.000747757 0.00266758 0.00123989
231.498 20.0109 -0.0695288 1.6933 -0.000750471 0.00274449 0.00124206
231.516 20.0143 -0.0695318 1.6934 -0.00075062 0.0027661 0.00124468
231.538 20.0178 -0.0695316 1.69349 -0.00076999 0.00247959 0.00124825
231.557 20.0214 -0.0695286 1.69359 -0.000747377 0.00265554 0.00125036
231.577 20.025 -0.0695231 1.69369 -0.000646478 0.00283414 0.00125064
231.599 20.0286 -0.0695142 1.69379 -0.000661982 0.00273224 0.00125286
231.618 20.0323 -0.0695028 1.69389 -0.000662088 0.00209983 0.00125544
231.639 20.036 -0.0694883 1.69401 -0.000730328 0.00262705 0.00125616
231.658 20.0398 -0.0694712 1.69414 -0.000748549 0.00286773 0.00125808
231.678 20.0436 -0.0694514 1.69427 -0.000724163 0.00258179 0.00126066
231.699 20.0475 -0.0694289 1.69441 -0.0006886 0.0027657 0.00126303
231.718 20.0514 -0.0694036 1.69455 -0.000673832 0.00271421 0.00126496
231.739 20.0554 -0.0693759 1.69469 -0.000610328 0.00269095 0.00126581
231.758 20.0594 -0.0693457 1.69481 -0.000576409 0.00273498 0.00126809
231.779 20.0634 -0.0693134 1.69494 -0.000531945 0.00259927 0.00127054
231.799 20.0674 -0.0692788 1.69505 -0.00051535 0.00270445 0.001271
231.819 20.0715 -0.0692422 1.69516 -0.000511458 0.00308277 0.00127354
231.841 20.0756 -0.0692044 1.69528 -0.00038663 0.00290295 0.00127459
231.859 20.0797 -0.0691651 1.6954 -0.000262799 0.00259127 0.00127559
231.879 20.0838 -0.0691241 1.69554 -0.000271228 0.00270599 0.00127668
231.903 20.088 -0.0690821 1.69568 -0.000287055 0.00281251 0.00127829
231.92 20.0921 -0.0690386 1.69581 -0.000390625 0.00278989 0.00128055
231.941 20.0962 -0.0689955 1.69593 -0.000178923 0.00210781 0.00127904
231.96 20.1005 -0.0689504 1.69607 -0.000152831 0.00241423 0.00128218
231.98 20.1048 -0.0689038 1.69625 -0.000282917 0.0033204 0.00128883
232.002 20.1092 -0.0688566 1.69645 -0.000336775 0.0030807 0.00129245
232.021 20.1138 -0.0688082 1.69667 -0.000364844 0.00301989 0.00129579
232.042 20.1184 -0.0687585 1.69688 -0.000385022 0.00285031 0.0012995
232.061 20.1231 -0.0687073 1.69708 -0.000390876 0.00291212 0.00130305
232.082 20.1278 -0.0686547 1.69727 -0.000394076 0.00287435 0.00130702
232.103 20.1327 -0.0686006 1.69744 -0.000393893 0.00262952 0.00130856
232.122 20.1376 -0.0685452 1.69761 -0.00037428 0.0025658 0.00131122
232.143 20.1426 -0.0684883 1.69776 -0.000355423 0.00261712 0.00131445
232.162 20.1477 -0.06843 1.6979 -0.000332894 0.00262269 0.00131755
232.182 20.1529 -0.0683707 1.69803 -0.000294036 0.00233411 0.00132132
232.203 20.1582 -0.0683097 1.69817 -0.000372601 0.00263565 0.00132627
232.223 20.1635 -0.0682475 1.6983 -0.000396385 0.00273286 0.00133087
232.244 20.1689 -0.0681841 1.69843 -0.000400633 0.0026377 0.00133571
232.263 20.1744 -0.0681191 1.69854 -0.000405215 0.00252324 0.00134025
232.283 20.18 -0.0680529 1.69865 -0.000373308 0.00237386 0.00134504
232.308 20.1856 -0.0679851 1.69874 -0.00037007 0.00247668 0.00134987
232.323 20.1913 -0.0679158 1.69884 -0.000382546 0.00265438 0.0013552
232.344 20.1971 -0.0678456 1.69892 -0.000344996 0.00219253 0.00136092
232.364 20.2029 -0.0677732 1.699 -0.000442575 0.00246655 0.00136908
232.384 20.2089 -0.0676999 1.69909 -0.000433162 0.00273356 0.00137195
232.406 20.2149 -0.0676247 1.69918 -0.000459029 0.00320938 0.00137553
232.424 20.221 -0.0675484 1.69926 -0.000384528 0.00252098 0.0013794
232.445 20.2272 -0.0674708 1.69936 -0.000304526 0.00218696 0.00138439
232.465 20.2334 -0.0673915 1.69947 -0.000323609 0.00261487 0.00138821
232.485 20.2396 -0.0673109 1.69957 -0.000357396 0.00250454 0.00139157
232.506 20.246 -0.0672293 1.69968 -0.000347833 0.00323175 0.00139508
232.525 20.2524 -0.0671469 1.69978 -0.00029775 0.00288525 0.00140016
232.547 20.2589 -0.0670637 1.6999 -0.000213922 0.00226145 0.00140547
232.566 20.2654 -0.0669795 1.70003 -0.000196231 0.0024019 0.00141142
232.586 20.2719 -0.0668946 1.70017 -0.0001986 0.0027909 0.00141739
232.608 20.2784 -0.0668095 1.7003 -0.00012991 0.00207479 0.00142398
232.626 20.285 -0.0667231 1.70044 -0.000207729 0.00311033 0.00142878
232.647 20.2916 -0.0666368 1.7006 -0.000156055 0.0028552 0.00143262
232.667 20.2983 -0.0665501 1.70077 -0.000121172 0.00268923 0.00143728
232.687 20.305 -0.066463 1.70094 -0.000110827 0.00270674 0.00144136
232.711 20.3117 -0.0663755 1.70109 -0.000108911 0.0031172 0.0014442
232.728 20.3184 -0.0662879 1.70123 -0.000107862 0.00310048 0.00144932
232.749 20.3251 -0.0662001 1.70135 -0.000100991 0.00293323 0.00145378
232.768 20.3319 -0.0661122 1.70145 -9.77271e-05 0.00309274 0.00145875
232.788 20.3386 -0.066024 1.70155 -9.65261e-05 0.0033873 0.00146069
232.81 20.3454 -0.0659359 1.70163 -7.59606e-05 0.00332041 0.00146389
232.829 20.3522 -0.0658474 1.7017 -8.66363e-05 0.00265039 0.00146954
232.852 20.3591 -0.065759 1.70178 -5.19618e-05 0.00311665 0.00147404
232.869 20.3661 -0.0656705 1.70187 -3.01265e-05 0.00349067 0.00147934
232.889 20.3731 -0.0655818 1.70196 -4.54237e-05 0.00320291 0.00148522
232.914 20.3801 -0.0654931 1.70205 -7.1738e-05 0.00298669 0.00148918
232.93 20.3872 -0.0654043 1.70213 -8.84504e-05 0.00311607 0.00149334
232.951 20.3942 -0.0653159 1.70219 -2.89004e-05 0.0018496 0.00149814
232.97 20.4014 -0.0652267 1.70227 -7.35607e-05 0.00228202 0.00150432
232.99 20.4088 -0.0651371 1.70239 -0.000143671 0.00358659 0.00151082
233.012 20.4163 -0.0650473 1.70254 -0.000165057 0.0032112 0.00151621
233.03 20.4239 -0.0649569 1.70271 -0.0001806 0.00279642 0.00152245
233.052 20.4316 -0.0648658 1.70289 -0.000196934 0.00282871 0.00152897
233.071 20.4394 -0.0647741 1.70306 -0.000224017 0.00286141 0.00153618
233.092 20.4474 -0.0646816 1.70322 -0.000235973 0.00281324 0.00154279
233.112 20.4554 -0.0645883 1.70337 -0.00023983 0.00247279 0.00155058
233.132 20.4636 -0.0644943 1.70351 -0.000230267 0.00251981 0.00155764
233.153 20.4719 -0.0643995 1.70363 -0.000210793 0.00261102 0.00156416
233.172 20.4803 -0.0643039 1.70375 -0.000210649 0.00250528 0.00157053
233.192 20.4887 -0.0642075 1.70386 -0.000214714 0.00247054 0.00157526
233.213 20.4973 -0.0641104 1.70396 -0.000220473 0.00239413 0.0015815
233.233 20.506 -0.0640128 1.70405 -0.000191822 0.00238169 0.0015891
233.254 20.5147 -0.0639145 1.70413 -0.000170783 0.00230806 0.00159578
233.273 20.5236 -0.0638157 1.70421 -0.000150217 0.00249202 0.00160275
233.293 20.5325 -0.0637162 1.70428 -0.000153111 0.00253406 0.00160857
233.314 20.5415 -0.0636165 1.70434 -0.000133287 0.00201526 0.00161473
233.333 20.5506 -0.063516 1.70441 -0.000167809 0.00242162 0.00162319
233.355 20.5598 -0.063415 1.70447 -0.000206054 0.00261294 0.00163302
233.374 20.5691 -0.0633133 1.70453 -0.000226529 0.00227845 0.00163965
233.394 20.5786 -0.0632113 1.7046 -0.0001873 0.00256421 0.00164515
233.415 20.5881 -0.0631084 1.70465 -0.000209902 0.00227444 0.00165334
233.435 20.5976 -0.063004 1.70472 -0.000381039 0.00223392 0.00166579
233.457 20.6073 -0.0628999 1.70479 -0.000277023 0.00215458 0.00167112
233.476 20.6171 -0.062795 1.70487 -0.000136733 0.00185581 0.00167585
233.495 20.627 -0.0626889 1.70497 -0.0001431 0.00195192 0.00168553
233.516 20.6371 -0.0625821 1.70507 -0.000157526 0.00230135 0.00169352
233.536 20.6473 -0.0624743 1.70517 -0.000261364 0.00320297 0.00170431
233.557 20.6575 -0.0623671 1.70529 -0.000125395 0.00181189 0.00171197
233.576 20.6678 -0.0622593 1.70545 -1.62409e-05 0.00168967 0.00171917
233.596 20.6781 -0.0621507 1.70563 -0.000101537 0.00139133 0.00173198
233.62 20.6886 -0.062043 1.70581 -1.35622e-05 0.00160717 0.00174116
233.636 20.6992 -0.0619353 1.706 8.79643e-05 0.0019612 0.00174823
233.657 20.7099 -0.0618277 1.70619 0.000121592 0.00180131 0.00175823
233.677 20.7206 -0.0617204 1.70638 0.00010832 0.00167753 0.00177064
233.697 20.7315 -0.061614 1.70655 0.000147547 0.000900914 0.0017788
233.718 20.7425 -0.0615078 1.70673 0.000146697 0.00192686 0.00178783
233.737 20.7537 -0.0614013 1.70691 5.06183e-06 0.00200644 0.0017988
233.758 20.7649 -0.0612941 1.70712 -0.000247532 0.00216558 0.00180598
233.778 20.7761 -0.0611865 1.70733 -0.000435667 0.00154299 0.00181447
233.798 20.7876 -0.0610776 1.70756 -0.000550077 0.0034188 0.00181735
233.818 20.7989 -0.0609694 1.70779 -0.000248136 0.00178121 0.00181514
233.839 20.8104 -0.0608601 1.70808 -3.70688e-05 0.000894653 0.00181564
233.86 20.8218 -0.0607492 1.7084 -8.86446e-05 0.00198026 0.00181885
233.879 20.8332 -0.0606391 1.70873 -2.32683e-05 0.00212129 0.00181921
233.899 20.8446 -0.0605292 1.70906 3.22361e-05 0.00184452 0.00182036
233.921 20.856 -0.0604197 1.70937 8.99425e-05 0.00173613 0.00182261
233.939 20.8673 -0.0603104 1.70965 6.53041e-05 0.00225824 0.00182585
233.961 20.8787 -0.0602018 1.70989 7.89164e-05 0.00211661 0.00182959
233.98 20.89 -0.0600953 1.7101 0.000287269 -8.05824e-05 0.00184603
234 20.9016 -0.0599853 1.71038 -0.000283027 0.0025892 0.00187713
234.021 20.9133 -0.0598767 1.71072 -0.000365283 0.0030906 0.00188059
234.04 20.9253 -0.059766 1.71111 -0.000507757 0.00386695 0.00190437
234.061 20.9373 -0.0596557 1.71152 -0.000273074 0.00143503 0.00191961
234.08 20.9494 -0.0595438 1.71198 -0.000160332 0.00132739 0.00193884
234.101 20.9616 -0.0594303 1.71244 -0.000224584 0.00205901 0.00195736
234.125 20.9738 -0.0593163 1.71288 -0.000233706 0.00203193 0.00197135
234.142 20.9862 -0.0592018 1.71328 -0.000217184 0.00163478 0.00198671
234.163 20.9986 -0.0590863 1.71364 -0.000241617 0.00165088 0.00200061
234.182 21.0111 -0.05897 1.71394 -0.000254017 0.00180801 0.00201718
234.202 21.0237 -0.0588528 1.71419 -0.000287633 0.00170275 0.00203196
234.227 21.0364 -0.0587346 1.71439 -0.000317144 0.00167327 0.00204596
234.243 21.0491 -0.0586155 1.71455 -0.000328324 0.00195718 0.00205892
234.263 21.062 -0.0584954 1.71466 -0.000303164 0.00182727 0.00207392
234.283 21.0749 -0.0583743 1.71474 -0.000286847 0.00180476 0.00208766
234.303 21.0879 -0.058252 1.7148 -0.000278261 0.00206342 0.00210111
234.324 21.101 -0.0581293 1.71483 -0.000179559 0.00157386 0.0021136
234.343 21.1142 -0.0580057 1.71486 -0.000128921 0.00173527 0.00212924
234.364 21.1274 -0.0578808 1.7149 -0.000212222 0.00199973 0.00214549
234.383 21.1407 -0.0577555 1.71493 -0.000253494 0.00205031 0.00216056
234.404 21.1541 -0.0576297 1.71495 -0.000250275 0.00215079 0.0021743
234.425 21.1676 -0.0575031 1.71496 -0.000237142 0.00209349 0.00218892
234.444 21.1812 -0.0573757 1.71495 -0.000239411 0.00238548 0.00220157
234.465 21.1948 -0.0572474 1.71493 -0.000250693 0.00250974 0.0022118
234.485 21.2084 -0.0571186 1.7149 -0.000216414 0.00225792 0.00222175
234.505 21.2222 -0.0569883 1.71487 -0.000303828 0.0016732 0.00223624
234.527 21.2361 -0.0568581 1.71485 -0.000159793 0.00209469 0.00224196
234.545 21.2501 -0.0567269 1.71484 -7.30914e-05 0.00186853 0.00225068
234.566 21.2643 -0.0565957 1.71484 2.8813e-05 0.00238666 0.00225253
234.585 21.2785 -0.0564636 1.71485 -9.84887e-05 0.00173553 0.00226089
234.605 21.2927 -0.0563315 1.71487 -0.000201351 0.0020902 0.00226761
234.63 21.307 -0.0561989 1.71491 -0.0002595 0.00230446 0.0022705
234.646 21.3214 -0.0560658 1.71494 -0.000288757 0.00219892 0.00227895
234.667 21.3358 -0.0559316 1.71497 -0.000323586 0.00221355 0.00228106
234.686 21.3503 -0.0557963 1.715 -0.000372767 0.00283146 0.00228277
234.706 21.3648 -0.0556607 1.71501 -0.000283765 0.00127849 0.00229005
234.728 21.3795 -0.0555241 1.71507 -0.000196102 0.00302398 0.00229415
234.747 21.3941 -0.0553857 1.71519 -0.000358274 0.00294801 0.00230358
234.768 21.4088 -0.0552468 1.71534 -0.000425115 0.00251994 0.00231376
234.787 21.4234 -0.0551075 1.71549 -0.00034138 0.000958508 0.0023211
234.807 21.4383 -0.0549658 1.71566 -0.000382933 0.00350376 0.00232526
234.828 21.4533 -0.0548228 1.71588 -0.000451369 0.00398987 0.00233967
234.848 21.4682 -0.0546788 1.71617 -0.000433249 0.00248632 0.0023518
234.869 21.4831 -0.0545334 1.71651 -0.000396996 0.00234055 0.00236323
234.888 21.4981 -0.054387 1.71687 -0.000351693 0.0026248 0.0023751
234.908 21.5131 -0.0542395 1.71719 -0.000285882 0.00276142 0.00238669
234.931 21.5281 -0.0540914 1.71748 -0.000211682 0.00273059 0.00239738
234.948 21.5431 -0.0539426 1.71772 -0.000153268 0.00274021 0.00240519
234.97 21.5582 -0.0537935 1.71792 -0.00010617 0.00275038 0.00241206
234.989 21.5732 -0.0536441 1.71807 -8.53197e-05 0.000681183 0.00242548
235.009 21.5885 -0.0534947 1.71824 1.06299e-05 0.000741582 0.00243918
235.03 21.6042 -0.0533439 1.71848 -1.57814e-05 0.00308185 0.0024567
235.049 21.6202 -0.0531928 1.71877 -5.32191e-05 0.00291227 0.00247568
235.071 21.6363 -0.0530415 1.71911 -7.30475e-05 0.00112571 0.00249427
235.09 21.6527 -0.0528897 1.71949 -9.64002e-05 0.00128641 0.00251367
235.11 21.6692 -0.0527374 1.71988 -0.000115331 0.0012327 0.00253227
235.131 21.686 -0.0525844 1.72027 -0.000148676 0.00130767 0.00255245
235.15 21.7029 -0.0524306 1.72065 -0.000192279 0.000798255 0.00257229
235.172 21.7201 -0.0522762 1.72102 -0.000207655 0.00117512 0.00258937
235.191 21.7373 -0.0521208 1.72138 -0.000235894 0.000878366 0.0026077
235.211 21.7547 -0.0519644 1.72173 -0.000259372 0.000950778 0.00262337
235.234 21.7723 -0.0518072 1.72205 -0.000274373 0.0010549 0.00263821
235.251 21.79 -0.051649 1.72234 -0.000271569 0.00105022 0.00265473
235.273 21.8078 -0.0514898 1.7226 -0.000263822 0.00124146 0.00267232
235.291 21.8257 -0.0513299 1.72282 -0.000234088 0.000592721 0.00268675
235.312 21.8437 -0.0511689 1.72302 -0.000216951 0.00113545 0.00270411
235.339 21.8619 -0.0510068 1.72321 -0.000218927 0.00173196 0.00272118
235.352 21.8803 -0.0508439 1.72338 -0.000256017 0.00160184 0.00273993
235.373 21.8987 -0.0506803 1.72354 -0.000245454 0.00148416 0.00275812
235.393 21.9172 -0.0505162 1.72369 -0.000188518 0.000483272 0.00277598
235.412 21.9359 -0.0503511 1.72384 -0.000162844 0.00121287 0.00280064
235.436 21.9547 -0.0501846 1.724 -0.000240609 0.00306408 0.0028238
235.453 21.9736 -0.0500186 1.72417 -0.000117503 0.00202022 0.0028405
235.475 21.9925 -0.0498517 1.72437 -0.000110856 0.00139094 0.00286071
235.493 22.0115 -0.0496844 1.72456 -0.000142217 0.00202599 0.00288086
235.514 22.0305 -0.049517 1.72474 -0.000138473 0.00218502 0.00290211
235.534 22.0495 -0.0493496 1.72489 -9.93845e-05 0.00217163 0.00291928
235.554 22.0685 -0.0491827 1.72501 2.27772e-05 0.000779839 0.00293556
235.575 22.0877 -0.0490154 1.72514 0.000126327 0.00256292 0.0029559
235.594 22.1069 -0.0488468 1.7253 -7.12965e-05 0.00337157 0.0029735
235.614 22.1261 -0.0486782 1.7255 -0.00028487 0.00272145 0.00299179
235.636 22.1454 -0.0485096 1.72572 -0.000362611 0.00264962 0.00301213
235.655 22.1646 -0.0483402 1.72593 -0.000388128 0.00286944 0.00303007
235.675 22.1838 -0.0481699 1.7261 -0.000375134 0.00299291 0.00304699
235.695 22.2031 -0.0479985 1.72623 -0.000356643 0.00344318 0.00306532
235.715 22.2223 -0.0478265 1.72632 -0.00029098 0.00336203 0.00308343
235.736 22.2415 -0.0476547 1.72639 -6.76383e-05 0.00242017 0.00309495
235.755 22.2607 -0.047482 1.72646 4.80925e-05 0.00311099 0.00311342
235.777 22.2798 -0.0473083 1.72655 -0.000126818 0.00391521 0.0031302
235.796 22.2989 -0.0471361 1.72663 -6.59926e-05 0.00323097 0.00314745
235.816 22.3179 -0.0469645 1.72672 4.45164e-05 0.00282428 0.0031674
235.836 22.3369 -0.0467933 1.7268 0.00010748 0.00318329 0.00318639
235.857 22.3558 -0.0466231 1.72686 0.000207177 0.00398261 0.00320284
235.878 22.3746 -0.046454 1.72689 0.000255032 0.00363418 0.00321489
235.897 22.3934 -0.0462862 1.72691 0.000243313 0.00319579 0.00322861
235.917 22.412 -0.0461199 1.72692 0.000195659 0.00215158 0.00323862
235.939 22.4307 -0.0459523 1.72696 -0.000197565 0.00561948 0.0032463
235.957 22.4494 -0.0457896 1.72707 0.000244692 0.00394007 0.00325069
235.978 22.4679 -0.0456275 1.7273 0.000513313 0.00220353 0.00325643
235.998 22.4863 -0.0454677 1.72758 0.000713479 0.000411875 0.00326848
236.018 22.5049 -0.045309 1.7279 0.00065246 0.00243877 0.00330399
236.04 22.5236 -0.045152 1.72827 0.000432513 0.00355675 0.00333873
236.059 22.5423 -0.0449974 1.72866 0.00033357 0.0028816 0.00336644
236.081 22.5611 -0.0448444 1.72906 0.000264854 0.0022338 0.00339539
236.099 22.58 -0.0446925 1.72943 0.000224366 0.0023196 0.00342581
236.12 22.599 -0.0445413 1.72976 0.000162083 0.00223663 0.00345207
236.141 22.6181 -0.0443909 1.73006 0.00011979 0.00210156 0.00347488
236.16 22.6372 -0.0442408 1.73031 6.10184e-05 0.00205059 0.00349889
236.181 22.6565 -0.0440912 1.73052 5.68302e-05 0.00178854 0.00351935
236.201 22.6758 -0.0439418 1.73068 3.64807e-05 0.00154614 0.00354033
236.221 22.6952 -0.0437921 1.73081 -4.0325e-05 0.00179857 0.00356427
236.242 22.7146 -0.0436425 1.73091 -7.38709e-05 0.00181422 0.00358501
236.261 22.7342 -0.0434929 1.73097 -6.23933e-05 0.00162535 0.00360407
236.282 22.7538 -0.0433427 1.73101 -9.48287e-05 0.00158242 0.00362449
236.302 22.7735 -0.0431925 1.73102 -6.26527e-05 0.00171926 0.00364127
236.322 22.7933 -0.0430418 1.73101 -8.7319e-05 0.00159037 0.003662
236.342 22.8132 -0.0428907 1.73098 -0.000116748 0.00194868 0.00368036
236.362 22.8331 -0.042739 1.73095 -0.000169477 0.00191796 0.00370122
236.383 22.853 -0.0425874 1.73091 -0.000141926 0.00123155 0.00371937
236.403 22.8731 -0.0424336 1.73091 -0.000350297 0.00223601 0.00374253
236.423 22.8933 -0.0422793 1.73093 -0.000395192 0.00263335 0.00376121
236.447 22.9136 -0.042124 1.73095 -0.000346199 0.00183255 0.00377689
236.464 22.9339 -0.0419673 1.73097 -0.000300588 0.00161819 0.00379434
236.486 22.9543 -0.0418095 1.73099 -0.000255238 0.00173556 0.00381035
236.505 22.9747 -0.0416507 1.73101 -0.000223115 0.00174883 0.00382366
236.524 22.9952 -0.0414909 1.73101 -0.000204465 0.00161465 0.00383889
236.546 23.0158 -0.0413298 1.73101 -0.000286688 0.00260333 0.00385342
236.565 23.0363 -0.0411681 1.73099 -0.000361393 0.000911174 0.00386976
236.586 23.0569 -0.0410058 1.731 -0.0002575 0.00240715 0.00388348
236.606 23.0776 -0.0408443 1.73107 7.83745e-05 0.0022398 0.00388913
236.625 23.0983 -0.040683 1.73121 0.000327133 0.000884529 0.00389652
236.647 23.1189 -0.0405218 1.7314 0.000345029 0.000957802 0.00390655
236.666 23.1396 -0.0403623 1.73159 0.000333585 -0.000169932 0.00391949
236.687 23.1604 -0.0402045 1.73182 0.000446637 0.00231447 0.00393068
236.706 23.1811 -0.0400474 1.73209 0.000271376 0.000951283 0.00394354
236.726 23.2018 -0.0398906 1.73241 -2.41663e-06 0.00113505 0.00396178
236.75 23.2227 -0.039734 1.73278 -0.00021248 0.00250352 0.00397927
236.766 23.2437 -0.0395761 1.73318 -0.000455039 0.00436905 0.00399338
236.787 23.2646 -0.0394195 1.73358 -0.000291039 0.00222521 0.0040088
236.806 23.2854 -0.0392617 1.73401 -0.000201072 0.00191476 0.00402575
236.826 23.3062 -0.0391029 1.73444 -0.000197917 0.00262982 0.00404126
236.847 23.327 -0.0389438 1.73484 -0.000174868 0.00342691 0.0040553
236.867 23.3477 -0.0387845 1.73519 -0.000156992 0.00302919 0.00406858
236.887 23.3683 -0.038625 1.73548 -0.000172133 0.00275975 0.00408005
236.907 23.3888 -0.0384654 1.73571 -0.000200154 0.00116789 0.00408901
236.928 23.4095 -0.0383043 1.73595 -0.00026473 0.00297977 0.0040913
236.949 23.4302 -0.0381427 1.73624 -0.000252588 0.0041925 0.00409604
236.968 23.4509 -0.0379802 1.73654 -0.000284847 0.00314754 0.00410311
236.99 23.4716 -0.0378173 1.73686 -0.00026742 0.0026976 0.00411026
237.009 23.4922 -0.0376532 1.73715 -0.000335873 0.00119602 0.00411802
237.029 23.513 -0.0374879 1.73744 -0.00030085 0.00213692 0.00411774
237.05 23.534 -0.0373213 1.73775 -0.000225801 0.00295144 0.00412053
237.069 23.5551 -0.0371534 1.73807 -0.000169778 0.00214589 0.0041275
237.091 23.5764 -0.0369837 1.73838 -0.000231812 0.00260599 0.00413937
237.11 23.5978 -0.0368139 1.73867 -0.000150922 0.00172854 0.00414976
237.131 23.6192 -0.0366435 1.73894 -7.90627e-05 0.00119353 0.00416162
237.151 23.6407 -0.0364722 1.73918 -7.50405e-05 0.00157766 0.00417419
237.171 23.6623 -0.0363006 1.73937 -8.17367e-05 0.00152715 0.00418699
237.195 23.6839 -0.0361286 1.73952 -9.86939e-05 0.00142819 0.00420118
237.211 23.7056 -0.0359562 1.73964 -0.000125472 0.00139132 0.00421693
237.231 23.7273 -0.0357835 1.73972 -0.000118319 0.00146726 0.00423152
237.253 23.7491 -0.0356102 1.73977 -0.000150351 0.00160172 0.00424689
237.271 23.771 -0.0354362 1.73978 -0.000197762 0.0012266 0.00426432
237.293 23.7929 -0.035262 1.73978 -0.000149318 0.00137712 0.00427999
237.312 23.8149 -0.0350867 1.73975 -0.000147535 0.00201858 0.00429854
237.332 23.837 -0.034911 1.7397 -0.000146521 0.00170435 0.00431746
237.355 23.8591 -0.0347346 1.73964 -0.000170864 0.00160855 0.00433738
237.373 23.8813 -0.0345562 1.73962 -0.000576561 0.013721 0.00463272
237.397 23.9022 -0.0343839 1.73979 -0.000539707 0.00661929 0.00499227
237.414 23.9224 -0.0342167 1.74037 2.82701e-05 0.00381618 0.00533778
237.434 23.9418 -0.0340515 1.74118 0.000262037 0.00714339 0.00559911
237.455 23.9604 -0.0338894 1.7421 9.95763e-05 0.0104368 0.00579423
237.474 23.9781 -0.0337372 1.74301 0.0005369 0.0083704 0.00605831
237.495 23.9952 -0.0335891 1.74395 0.000641971 0.00900713 0.00625263
237.514 24.0116 -0.0334476 1.74487 0.000727647 0.00997656 0.00642668
237.678 24.0273 -0.0333128 1.74571 0.000739666 0.0104437 0.00657523
237.7 24.0424 -0.033187 1.74645 0.000972112 0.0106413 0.00671166
237.718 24.0567 -0.0330656 1.74717 0.000558361 0.0117022 0.00678218
237.74 24.0701 -0.0329572 1.74796 0.000953927 0.0114344 0.00694605
237.759 24.0827 -0.032857 1.74884 0.00115904 0.00954804 0.00701176
237.779 24.0946 -0.0327602 1.74986 0.000411353 0.0111769 0.00696139
237.802 24.1057 -0.0326766 1.75099 0.000489648 0.0104036 0.007071
237.819 24.1162 -0.0326025 1.75221 0.00111504 0.0100936 0.00718716
237.839 24.1262 -0.0325367 1.75342 0.00178764 0.0116312 0.00727473
237.859 24.1354 -0.0324748 1.75455 0.00132675 0.0104029 0.00721888
237.879 24.1441 -0.0324247 1.75565 0.00129299 0.0105618 0.00722985
237.9 24.1522 -0.0323838 1.75667 0.00124735 0.010639 0.00721647
237.92 24.1598 -0.0323513 1.7576 0.00113604 0.0102374 0.00718082
237.94 24.1669 -0.0323268 1.75846 0.00104972 0.0108135 0.00714834
237.96 24.1735 -0.0323096 1.75923 0.000957963 0.0110196 0.00709906
237.98 24.1796 -0.0322996 1.75989 0.000903774 0.0108091 0.00704755
238.002 24.1853 -0.0322964 1.76045 0.000954269 0.0118771 0.0070011
238.02 24.1904 -0.0322969 1.76089 0.000488887 0.0107563 0.0069055
238.042 24.1951 -0.0323036 1.76129 0.000297815 0.0121622 0.00683786
238.061 24.1993 -0.032317 1.76161 0.000390544 0.0109412 0.0067923
238.082 24.2031 -0.0323341 1.76192 0.000432382 0.0117067 0.00672958
238.103 24.2064 -0.0323585 1.76217 0.000749522 0.0100153 0.00667541
238.121 24.2093 -0.032386 1.76241 0.000740477 0.0113537 0.00659392
238.143 24.2116 -0.0324179 1.76259 0.000506596 0.010668 0.00648456
238.163 24.2136 -0.0324542 1.76275 0.000287494 0.0115463 0.00638606
238.182 24.2151 -0.0324934 1.76285 -9.81122e-05 0.0108295 0.00627936
238.203 24.2162 -0.032536 1.76291 -0.000224451 0.0113304 0.00618881
238.223 24.2168 -0.0325812 1.7629 -0.000294205 0.0092593 0.00610157
238.244 24.2171 -0.032629 1.76289 -5.41942e-05 0.0095139 0.00603444
238.263 24.2171 -0.0326772 1.76287 2.46462e-05 0.010015 0.00594845
238.283 24.2168 -0.0327271 1.76284 7.7414e-05 0.00942137 0.00585947
238.304 24.2161 -0.0327786 1.76278 5.50141e-05 0.00843542 0.00576204
238.323 24.2152 -0.0328311 1.7627 -5.41973e-05 0.00853228 0.00566472
238.344 24.214 -0.0328856 1.76258 -8.47076e-05 0.00778554 0.00557128
238.363 24.2124 -0.0329406 1.76243 -0.000178195 0.00755369 0.00547262
238.384 24.2106 -0.0329968 1.76224 -0.000235692 0.00691292 0.00538019
238.405 24.2086 -0.0330534 1.76203 -0.000263004 0.00690927 0.0052857
238.424 24.2062 -0.0331107 1.76177 -0.000249368 0.00615622 0.00519526
238.445 24.2037 -0.0331677 1.76149 -0.000301142 0.00613602 0.00510082
238.465 24.2008 -0.0332245 1.76117 -0.000363217 0.00574003 0.0050096
238.485 24.1978 -0.0332808 1.76083 -0.000422872 0.00586688 0.00491621
238.506 24.1945 -0.0333363 1.76045 -0.000523636 0.00548097 0.00482293
238.525 24.1911 -0.0333913 1.76003 -0.000503816 0.00528424 0.00473722
238.546 24.1874 -0.033445 1.75959 -0.000502349 0.00522516 0.00465351
238.565 24.1836 -0.0334976 1.75911 -0.000488049 0.00510095 0.0045711
238.585 24.1795 -0.033549 1.7586 -0.00048226 0.0050963 0.00448976
238.607 24.1753 -0.0335996 1.75806 -0.000428664 0.00485064 0.00441341
238.626 24.171 -0.0336467 1.7575 -0.000636991 0.00235308 0.00427456
238.648 24.1669 -0.0336934 1.75708 -0.000310155 0.00410668 0.00415488
238.667 24.1629 -0.0337376 1.75678 -0.000108125 0.00427127 0.00404945
238.687 24.1591 -0.0337794 1.75655 -0.000143701 0.00300571 0.00395855
238.711 24.1554 -0.0338203 1.75635 -0.000143209 0.00217542 0.00387161
238.727 24.1518 -0.0338595 1.75617 -0.00019051 0.00273488 0.00378809
238.748 24.1484 -0.0338984 1.75601 -0.000122051 0.00172648 0.00370853
238.768 24.145 -0.0339354 1.75587 -0.000184943 0.00114159 0.00363922
238.788 24.1418 -0.0339714 1.75576 -0.000215474 0.00169413 0.00357562
238.808 24.1387 -0.0340064 1.75565 -0.000212428 0.00160894 0.00351632
238.828 24.1357 -0.0340397 1.75555 -0.000275909 0.00160905 0.00346762
238.849 24.1329 -0.0340718 1.75545 -0.000278901 0.00119888 0.00342169
238.868 24.1301 -0.034102 1.75535 -0.000335472 0.00152743 0.00338057
238.888 24.1275 -0.0341307 1.75525 -0.000349803 0.00155852 0.00334653
238.912 24.1249 -0.0341573 1.75515 -0.000398405 0.00181815 0.00331494
238.929 24.1225 -0.0341824 1.75502 -0.000395207 0.00147642 0.00328804
238.95 24.1202 -0.0342062 1.75489 -0.000287043 0.00172939 0.00326651
238.969 24.1179 -0.0342283 1.75474 -0.000231676 0.00161615 0.00324981
238.989 24.1158 -0.0342488 1.75459 -0.000225812 0.00198156 0.00323707
239.01 24.1138 -0.0342683 1.75442 -0.000176461 0.00185832 0.00322663
239.03 24.1119 -0.0342862 1.75425 -0.000197337 0.00202923 0.00322549
239.052 24.1101 -0.034303 1.75408 -0.000204716 0.00225897 0.00322497
239.07 24.1084 -0.0343188 1.75391 -0.00021856 0.00227634 0.00322771
239.09 24.1067 -0.0343334 1.75373 -0.000222727 0.00246507 0.00323443
239.111 24.1052 -0.034347 1.75354 -0.000216985 0.00246145 0.00324412
239.132 24.1037 -0.03436 1.75334 -0.000126025 0.00231037 0.00325366
239.152 24.1024 -0.0343719 1.75315 -6.86903e-05 0.00253851 0.00326599
239.172 24.1011 -0.0343831 1.75295 -4.32365e-05 0.00268632 0.00328217
239.191 24.0999 -0.0343938 1.75274 -1.35782e-05 0.00272033 0.00330171
239.213 24.0987 -0.0344045 1.75252 5.6701e-05 0.0027118 0.00332172
239.232 24.0977 -0.0344153 1.75229 0.000144446 0.00312925 0.00334531
239.253 24.0967 -0.0344267 1.75206 0.000288712 0.00331518 0.00336726
239.272 24.0958 -0.0344393 1.75183 0.000461001 0.00303437 0.00339108
239.292 24.095 -0.0344534 1.75161 0.000631038 0.00319465 0.00341823
239.314 24.0942 -0.0344697 1.7514 0.000785977 0.00354322 0.00344806
239.333 24.0935 -0.0344886 1.75119 0.000905835 0.00364128 0.00348036
239.354 24.0929 -0.0345106 1.75098 0.000990167 0.00391491 0.0035123
239.373 24.0923 -0.0345362 1.75076 0.00106884 0.00399727 0.00354911
239.393 24.0917 -0.0345656 1.75053 0.00115219 0.00433601 0.00357987
239.415 24.0913 -0.0345993 1.75031 0.00123222 0.0043093 0.00361379
239.434 24.0909 -0.0346374 1.75008 0.00130433 0.00448611 0.00364787
239.455 24.0905 -0.0346802 1.74985 0.00134015 0.00463564 0.00367695
239.474 24.0902 -0.0347278 1.74962 0.00137428 0.00474663 0.00370803
239.494 24.0899 -0.0347804 1.74938 0.00140787 0.00490779 0.00373666
239.518 24.0897 -0.0348382 1.74914 0.00142687 0.00492719 0.00377051
239.534 24.0896 -0.034901 1.74889 0.00142432 0.00504326 0.00380445
239.555 24.0895 -0.0349691 1.74865 0.00143122 0.0051182 0.00384046
239.575 24.0894 -0.0350425 1.74841 0.00144964 0.00518014 0.0038749
239.595 24.0894 -0.0351212 1.74817 0.00148416 0.00525928 0.0039106
239.617 24.0894 -0.0352054 1.74793 0.00152579 0.00532906 0.00394756
239.635 24.0895 -0.0352951 1.74769 0.00157503 0.0054644 0.00398507
239.657 24.0896 -0.0353904 1.74745 0.0016074 0.00540083 0.00401954
239.684 24.0898 -0.0354914 1.74722 0.0016126 0.00549681 0.0040543
239.714 24.09 -0.0355982 1.74699 0.00162058 0.0056564 0.00409162
239.748 24.0903 -0.0357109 1.74676 0.00165825 0.00581382 0.00412589
239.766 24.0906 -0.0358296 1.74655 0.00169729 0.00577375 0.00416018
239.783 24.091 -0.0359543 1.74634 0.00171464 0.00579051 0.00419298
239.804 24.0914 -0.036085 1.74614 0.00170475 0.00606384 0.00422643
239.823 24.0918 -0.0362221 1.74594 0.00173862 0.00589781 0.00425691
239.848 24.0922 -0.0363652 1.74576 0.00173872 0.0058887 0.00428819
239.863 24.0927 -0.0365143 1.74559 0.00170834 0.00604809 0.00431887
239.884 24.0932 -0.0366696 1.74543 0.00168614 0.00602363 0.00434857
239.905 24.0938 -0.0368308 1.74527 0.00164996 0.00603959 0.00437708
239.925 24.0943 -0.0369978 1.74511 0.00160951 0.00611277 0.00440568
239.946 24.0949 -0.0371704 1.74496 0.00157258 0.0061749 0.00443229
239.965 24.0955 -0.0373486 1.74482 0.00155325 0.0062218 0.00445785
239.986 24.0962 -0.0375322 1.74468 0.0015473 0.00636109 0.00448286
240.005 24.0968 -0.0377213 1.74454 0.00154256 0.0063728 0.00450819
240.026 24.0975 -0.0379156 1.74441 0.00152977 0.00639434 0.00453322
240.047 24.0982 -0.0381152 1.74428 0.00151849 0.00631888 0.00455749
240.066 24.099 -0.0383205 1.74416 0.00158926 0.00658353 0.00458193
240.089 24.0997 -0.0385309 1.74406 0.00160234 0.00665252 0.00460538
240.107 24.1005 -0.0387468 1.74397 0.00160745 0.00660981 0.0046251
240.126 24.1013 -0.0389682 1.74389 0.00162643 0.00678636 0.00464425
240.148 24.1021 -0.0391956 1.74381 0.00168448 0.00669713 0.0046641
240.167 24.1029 -0.0394285 1.74374 0.00172733 0.00672483 0.00468392
240.189 24.1037 -0.0396671 1.74367 0.00172413 0.00701809 0.00470125
240.208 24.1046 -0.039912 1.74361 0.00178122 0.0068629 0.00471774
240.228 24.1054 -0.0401627 1.74357 0.00177843 0.00677081 0.00473462
240.249 24.1063 -0.0404198 1.74352 0.00182926 0.00687233 0.00475106
240.268 24.1072 -0.0406839 1.74349 0.00200669 0.00703388 0.00476743
240.29 24.108 -0.0409551 1.74345 0.00220885 0.00699296 0.00478217
240.309 24.1089 -0.0412342 1.74341 0.00242701 0.00694156 0.00479597
240.329 24.1098 -0.0415219 1.74337 0.0026326 0.00691057 0.00480923
240.355 24.1107 -0.0418189 1.74332 0.00284469 0.00708526 0.00482073
240.369 24.1116 -0.0421261 1.74328 0.0030675 0.00700441 0.00483126
240.39 24.1124 -0.042444 1.74324 0.00321516 0.00694236 0.00483995
240.41 24.1133 -0.0427733 1.7432 0.00335662 0.00701579 0.00484945
240.43 24.1142 -0.0431147 1.74317 0.00349098 0.0070252 0.00485972
240.451 24.1151 -0.0434684 1.74314 0.00359341 0.00717085 0.00486888
240.47 24.116 -0.0438352 1.74311 0.00372484 0.00711984 0.00487693
240.491 24.1169 -0.0442151 1.74309 0.00379326 0.0070666 0.00488461
240.51 24.1178 -0.0446086 1.74308 0.00387021 0.00720835 0.00489178
240.53 24.1187 -0.0450161 1.74307 0.00396324 0.00716144 0.00489888
240.552 24.1196 -0.0454378 1.74306 0.00403719 0.00709521 0.0049053
240.571 24.1204 -0.0458735 1.74306 0.00405089 0.00712785 0.00491206
240.592 24.1213 -0.0463236 1.74306 0.00403821 0.00719923 0.00491974
240.611 24.1222 -0.0467879 1.74306 0.00401456 0.00730481 0.00492774
240.631 24.1231 -0.0472666 1.74307 0.00400189 0.00716991 0.00493059
240.655 24.124 -0.0477593 1.74308 0.00396572 0.00721607 0.00493456
240.672 24.1248 -0.0482663 1.7431 0.0039817 0.0071461 0.00493872
240.693 24.1257 -0.0487873 1.74312 0.00401715 0.00720012 0.00494291
240.712 24.1266 -0.0493225 1.74315 0.00407879 0.00727967 0.0049475
240.732 24.1275 -0.0498717 1.74319 0.00410874 0.00722089 0.00494925
240.753 24.1284 -0.0504351 1.74323 0.00410349 0.00726657 0.0049503
240.773 24.1292 -0.0510124 1.74328 0.00404426 0.00724167 0.00495237
240.793 24.1301 -0.0516038 1.74332 0.00399017 0.00710096 0.00494855
240.813 24.131 -0.0522085 1.74338 0.00388733 0.0071516 0.00494811
240.833 24.1318 -0.0528266 1.74344 0.00378858 0.00726567 0.00494894
240.857 24.1327 -0.0534577 1.7435 0.00370514 0.00708826 0.004949
240.873 24.1335 -0.054101 1.74356 0.00358825 0.00709548 0.00494906
240.895 24.1344 -0.0547568 1.74363 0.00354749 0.00712856 0.00494884
240.914 24.1352 -0.0554248 1.74371 0.00356729 0.00713004 0.0049495
240.934 24.1361 -0.0561049 1.74379 0.00364134 0.00722683 0.00495074
240.955 24.1369 -0.0567972 1.74388 0.00372672 0.00719635 0.00494975
240.975 24.1377 -0.0575016 1.74397 0.0037677 0.00714788 0.00495009
240.996 24.1385 -0.0582183 1.74406 0.00376213 0.00714665 0.00495084
241.015 24.1393 -0.0589469 1.74414 0.00367071 0.00717561 0.00495165
241.035 24.1401 -0.0596873 1.74423 0.00353728 0.00723471 0.00495074
241.056 24.1409 -0.0604393 1.74432 0.00341765 0.0072119 0.00494924
241.075 24.1416 -0.0612027 1.74441 0.00337127 0.00721615 0.0049502
241.096 24.1424 -0.0619771 1.7445 0.00336094 0.00721609 0.00495015
241.116 24.1431 -0.0627618 1.74459 0.00328503 0.00728237 0.00494987
241.136 24.1439 -0.0635567 1.74468 0.00316154 0.00718806 0.00494856
241.157 24.1446 -0.0643609 1.74477 0.00297143 0.00718098 0.00494662
241.176 24.1453 -0.0651744 1.74486 0.00280393 0.00708941 0.00494604
241.197 24.146 -0.0659963 1.74495 0.00263973 0.00714414 0.00494502
241.217 24.1467 -0.0668261 1.74504 0.00249147 0.0071326 0.0049462
241.237 24.1473 -0.0676629 1.74513 0.00235114 0.00721913 0.00494676
241.258 24.148 -0.0685072 1.74523 0.00234279 0.00716562 0.00494615
241.277 24.1486 -0.0693596 1.74532 0.00259783 0.00704739 0.00494666
241.299 24.1493 -0.0702211 1.74542 0.00313018 0.0071185 0.00494864
241.318 24.1499 -0.0710932 1.74551 0.00382695 0.00714642 0.004952
241.338 24.1505 -0.071978 1.74561 0.00459282 0.00719768 0.0049538
241.363 24.1511 -0.0728782 1.74571 0.00537093 0.00713016 0.00495509
241.379 24.1517 -0.0737959 1.74582 0.00602601 0.00706329 0.0049555
241.4 24.1522 -0.0747331 1.74592 0.00646238 0.00709115 0.00495498
241.419 24.1528 -0.0756916 1.74603 0.00673297 0.00701496 0.00495385
241.44 24.1533 -0.0766729 1.74615 0.00688752 0.00718368 0.00495355
241.461 24.1538 -0.0776775 1.74626 0.006967 0.0071453 0.00495193
241.48 24.1543 -0.0787059 1.74638 0.00697994 0.00708602 0.00494917
241.501 24.1548 -0.0797581 1.74649 0.00693805 0.00710321 0.0049482
241.521 24.1553 -0.0808338 1.74661 0.00685531 0.00713455 0.00494604
241.541 24.1557 -0.0819328 1.74671 0.00674003 0.00714326 0.00494229
241.564 24.1562 -0.0830545 1.74682 0.00660659 0.00713224 0.00493871
241.582 24.1566 -0.0841985 1.74692 0.00647289 0.00712272 0.00493675
241.604 24.157 -0.0853641 1.74701 0.00633025 0.00711989 0.00493446
241.622 24.1574 -0.0865509 1.7471 0.00619344 0.0071073 0.00493142
241.642 24.1577 -0.0877582 1.7472 0.00606279 0.00705273 0.00492873
241.665 24.1581 -0.0889854 1.74729 0.0059395 0.00702762 0.00492753
241.683 24.1584 -0.0902321 1.74739 0.0058295 0.00701454 0.00492447
241.703 24.1588 -0.0914977 1.74748 0.00573313 0.00691748 0.00492171
241.723 24.1591 -0.0927817 1.74757 0.00563228 0.00699442 0.00492045
241.743 24.1594 -0.0940837 1.74766 0.00553798 0.00718359 0.00492158
241.767 24.1597 -0.0954033 1.74776 0.00545005 0.0070087 0.0049185
241.783 24.16 -0.0967401 1.74786 0.00537062 0.00700462 0.00491945
241.804 24.1602 -0.0980937 1.74796 0.00529121 0.00707146 0.00491852
241.823 24.1605 -0.0994638 1.74806 0.00523391 0.00696894 0.00491567
241.843 24.1607 -0.10085 1.74816 0.00517048 0.00703779 0.00491476
241.864 24.1609 -0.102252 1.74827 0.00510714 0.00715286 0.0049148
241.884 24.1611 -0.103671 1.74838 0.0052045 0.00698247 0.00491235
241.906 24.1613 -0.105105 1.7485 0.00529646 0.00701975 0.00490987
241.924 24.1615 -0.106556 1.74862 0.00531095 0.00709855 0.00490815
241.944 24.1616 -0.108022 1.74874 0.00529892 0.00706717 0.00490863
241.965 24.1618 -0.109504 1.74886 0.00519356 0.00705923 0.0049071
241.985 24.1619 -0.111001 1.74898 0.00505878 0.00695275 0.00490659
242.007 24.162 -0.112513 1.7491 0.00488126 0.00702986 0.00490749
242.025 24.1621 -0.11404 1.74922 0.0046977 0.00705092 0.00490847
242.045 24.1622 -0.115579 1.74933 0.0044864 0.00701166 0.00491053
242.067 24.1623 -0.117131 1.74945 0.00426598 0.00705812 0.00491029
242.085 24.1624 -0.118696 1.74956 0.00411994 0.00690778 0.00490804
242.107 24.1624 -0.120272 1.74967 0.00409851 0.00701448 0.00491
242.126 24.1625 -0.12186 1.74979 0.00410713 0.00700639 0.0049113
242.146 24.1625 -0.123458 1.7499 0.00414687 0.00706936 0.0049123
242.167 24.1625 -0.125068 1.75002 0.0042095 0.00691187 0.00491195
242.186 24.1626 -0.126689 1.75014 0.00424285 0.00691491 0.0049096
242.207 24.1626 -0.128322 1.75025 0.0042023 0.00683218 0.004907
242.226 24.1626 -0.129965 1.75037 0.00410181 0.00695769 0.00490698
242.246 24.1625 -0.131618 1.75049 0.00395939 0.00696896 0.00491107
242.273 24.1625 -0.133283 1.7506 0.00390375 0.00693952 0.00491057
242.286 24.1625 -0.134959 1.75072 0.00418745 0.00699233 0.00491389
242.308 24.1624 -0.136649 1.75083 0.00479903 0.00700773 0.00491784
242.327 24.1623 -0.138354 1.75094 0.00574631 0.00690712 0.00492206
242.347 24.1622 -0.140076 1.75105 0.00669756 0.00695497 0.00492402
242.368 24.1621 -0.141818 1.75116 0.00747206 0.00698953 0.00492687
242.387 24.1619 -0.143583 1.75127 0.00804148 0.00696405 0.00492823
242.408 24.1618 -0.145372 1.75137 0.0084561 0.0068813 0.00492921
242.428 24.1616 -0.147189 1.75147 0.00877398 0.00691629 0.00493162
242.448 24.1615 -0.149033 1.75156 0.00897727 0.00698331 0.00493238
242.469 24.1613 -0.150906 1.75165 0.00906939 0.00695246 0.00493018
242.489 24.1611 -0.152807 1.75173 0.00910732 0.00685829 0.00492659
242.509 24.1609 -0.154739 1.75182 0.00907414 0.00702707 0.00492695
242.53 24.1607 -0.156699 1.7519 0.00900097 0.00701948 0.00492507
242.549 24.1605 -0.158688 1.75198 0.00897264 0.00687 0.00492388
242.573 24.1602 -0.160706 1.75206 0.00892104 0.0069031 0.00492395
242.589 24.16 -0.162752 1.75214 0.00878526 0.00706255 0.00492383
242.61 24.1597 -0.164826 1.75222 0.00866042 0.00697565 0.0049186
242.63 24.1595 -0.166927 1.75229 0.00853297 0.00690212 0.00491671
242.65 24.1592 -0.169055 1.75237 0.00843944 0.00681438 0.00491462
242.673 24.1589 -0.171209 1.75245 0.00828326 0.00688336 0.00491232
242.691 24.1586 -0.173388 1.75253 0.0080879 0.00699007 0.00491096
242.712 24.1583 -0.175592 1.7526 0.00788333 0.0069078 0.00490544
242.731 24.158 -0.17782 1.75267 0.00774842 0.00686873 0.00490542
242.752 24.1576 -0.180072 1.75275 0.00777318 0.00688861 0.00490874
242.774 24.1573 -0.182349 1.75281 0.00793929 0.00689415 0.00491298
242.793 24.1569 -0.184649 1.75288 0.00817309 0.006808 0.00491598
242.814 24.1565 -0.186975 1.75294 0.00842838 0.00682829 0.00491647
242.833 24.1562 -0.189325 1.753 0.00863795 0.00686557 0.00491543
242.853 24.1558 -0.191702 1.75305 0.00881566 0.00690695 0.00491603
242.874 24.1553 -0.194106 1.75311 0.00906115 0.00683691 0.00491839
242.894 24.1549 -0.196538 1.75316 0.00938288 0.00683536 0.0049233
242.916 24.1545 -0.199 1.75321 0.00966587 0.00686504 0.00492564
242.934 24.154 -0.20149 1.75327 0.00985917 0.00678988 0.00492486
242.954 24.1536 -0.204011 1.75332 0.00991325 0.00688865 0.00492433
242.976 24.1531 -0.206562 1.75338 0.00999121 0.00697504 0.00492375
242.995 24.1526 -0.209145 1.75343 0.0101929 0.00694617 0.00492335
243.016 24.1521 -0.21176 1.75349 0.0104166 0.00678346 0.00492114
243.035 24.1516 -0.214406 1.75355 0.0104322 0.00688867 0.00492082
243.056 24.151 -0.217083 1.75361 0.010127 0.00693488 0.00491916
243.076 24.1505 -0.219789 1.75367 0.00966213 0.00688179 0.00491422
243.096 24.15 -0.222524 1.75374 0.00904368 0.0068962 0.00491032
243.116 24.1494 -0.225285 1.7538 0.0083265 0.00699987 0.00490912
243.136 24.1489 -0.22807 1.75386 0.00767601 0.00688059 0.00490807
243.157 24.1483 -0.230877 1.75392 0.00719784 0.00694736 0.00490974
243.176 24.1477 -0.233704 1.75399 0.00677545 0.00681461 0.00490717
243.196 24.1471 -0.236548 1.75407 0.00640114 0.00684628 0.00490436
243.218 24.1465 -0.239407 1.75414 0.00586722 0.00690512 0.00490149
243.236 24.146 -0.24228 1.75422 0.00523195 0.00696331 0.00489882
243.256 24.1454 -0.245163 1.75429 0.00456757 0.00701723 0.00489499
243.279 24.1448 -0.248056 1.75436 0.00404136 0.00692534 0.00489122
243.297 24.1442 -0.250957 1.75443 0.00389479 0.00679183 0.00489186
243.317 24.1436 -0.253868 1.7545 0.00418352 0.00678092 0.00489228
243.337 24.143 -0.256786 1.75457 0.00469394 0.0067704 0.00489489
243.357 24.1423 -0.259714 1.75464 0.00520529 0.00672016 0.00489473
243.379 24.1417 -0.262652 1.75469 0.00570511 0.00668637 0.00489301
243.397 24.1411 -0.265604 1.75475 0.00619378 0.00666356 0.00489189
243.418 24.1404 -0.26857 1.75479 0.00666019 0.00661909 0.00489268
243.438 24.1398 -0.271552 1.75483 0.00708676 0.00657784 0.00489489
243.458 24.1391 -0.274553 1.75487 0.007482 0.00658137 0.00489244
243.481 24.1385 -0.277573 1.75489 0.00785551 0.00657484 0.00488711
243.498 24.1378 -0.280613 1.75492 0.00819625 0.0065591 0.0048813
243.518 24.1371 -0.283676 1.75494 0.00848911 0.00661144 0.00488203
243.539 24.1364 -0.286762 1.75495 0.00874752 0.00649373 0.00488278
243.558 24.1357 -0.289873 1.75496 0.00901209 0.00661169 0.00488401
243.581 24.135 -0.293009 1.75497 0.00925592 0.00658588 0.00488731
243.599 24.1343 -0.29617 1.75499 0.0094476 0.00658486 0.00488991
243.619 24.1336 -0.299358 1.75501 0.00958336 0.0066133 0.00489044
243.639 24.1328 -0.302574 1.75502 0.00968888 0.0066897 0.00488863
243.659 24.1321 -0.305816 1.75503 0.00975317 0.00659027 0.00488844
243.682 24.1313 -0.309087 1.75504 0.00979763 0.00658885 0.00488734
243.699 24.1305 -0.312384 1.75505 0.00980923 0.0066379 0.00488684
243.72 24.1298 -0.31571 1.75507 0.00978419 0.00674861 0.00488607
243.74 24.129 -0.319063 1.75508 0.00976893 0.00661152 0.00488449
243.76 24.1282 -0.322444 1.75509 0.00975789 0.0066008 0.00488065
243.785 24.1274 -0.325852 1.7551 0.00975526 0.00664347 0.00488246
243.8 24.1266 -0.329288 1.75511 0.00974947 0.00665415 0.0048804
243.822 24.1258 -0.33275 1.75512 0.0097419 0.00664389 0.00487926
243.841 24.125 -0.33624 1.75512 0.0097005 0.0066418 0.00487858
243.861 24.1242 -0.339756 1.75513 0.00958408 0.00663397 0.00487792
243.882 24.1233 -0.343297 1.75513 0.00942416 0.00661769 0.00487542
243.901 24.1225 -0.346864 1.75513 0.00925792 0.00662337 0.00487423
243.923 24.1217 -0.350456 1.75513 0.00908538 0.00665479 0.00487348
243.942 24.1208 -0.354072 1.75513 0.00894034 0.00650228 0.00487076
243.962 24.12 -0.357712 1.75514 0.00880471 0.00658397 0.00486672
243.984 24.1191 -0.361374 1.75515 0.00863192 0.00655993 0.00486444
244.003 24.1183 -0.365057 1.75516 0.00839381 0.00654731 0.00486423
244.024 24.1174 -0.368762 1.75517 0.00810727 0.00661562 0.00486193
244.043 24.1166 -0.372485 1.75518 0.0077757 0.00649535 0.00486009
244.063 24.1157 -0.376228 1.75519 0.00745991 0.0066061 0.00485894
244.085 24.1149 -0.379988 1.75521 0.00721568 0.00654629 0.00485775
244.104 24.114 -0.383764 1.75522 0.00699785 0.00640097 0.00485561
244.125 24.1132 -0.387556 1.75524 0.00678149 0.00652258 0.00485569
244.145 24.1128 -0.389579 1.75498 0.00614267 0.00635148 0.00251599
244.165 24.1127 -0.389902 1.7545 0.0052938 0.00688862 0.00119425
244.186 24.1127 -0.389868 1.75424 0.0051872 0.0074705 0.00122861
244.205 24.1126 -0.389793 1.75429 0.00556395 0.00804941 0.00131666
244.226 24.1124 -0.389655 1.75458 0.0065046 0.0090782 0.0014226
244.246 24.1123 -0.389484 1.75503 0.00803418 0.0102516 0.00143872
244.266 24.1122 -0.389275 1.75555 0.00996384 0.0113099 0.00147237
244.289 24.1121 -0.389035 1.75609 0.0121415 0.0116521 0.00153742
244.307 24.1121 -0.388826 1.75663 0.0141306 0.0118239 0.00153049
244.327 24.112 -0.388667 1.75713 0.0152817 0.0110491 0.00150849
244.347 24.1119 -0.388563 1.75757 0.0157889 0.0100526 0.00148344
244.367 24.1119 -0.388518 1.75797 0.0158949 0.00929611 0.00146383
244.39 24.1118 -0.388526 1.7583 0.0156712 0.00864827 0.00143696
244.408 24.1118 -0.388561 1.75856 0.0152881 0.00791637 0.0013578
244.577 24.1118 -0.388616 1.75876 0.0148096 0.00715025 0.00122856
244.595 24.1118 -0.388685 1.75889 0.0142769 0.00663808 0.00105757
244.615 24.1118 -0.388762 1.75897 0.0137523 0.00622046 0.000844959
244.636 24.1119 -0.388847 1.75899 0.0132479 0.00571282 0.00058875
244.655 24.1119 -0.388857 1.75894 0.0130798 0.00554303 0.000559073
244.676 24.112 -0.388869 1.75884 0.0128792 0.00547084 0.000530379
244.696 24.112 -0.388887 1.7587 0.0126164 0.00536383 0.000496628
244.715 24.1121 -0.38891 1.75853 0.0123069 0.00528099 0.000470433
244.741 24.1122 -0.388936 1.75834 0.0119696 0.00517539 0.000444457
244.756 24.1123 -0.388964 1.75813 0.0116171 0.00513047 0.000421624
244.777 24.1124 -0.388995 1.75791 0.0112341 0.00505469 0.000397922
244.796 24.1125 -0.389028 1.75768 0.0108127 0.00498238 0.000368605
244.816 24.1127 -0.389062 1.75745 0.0103922 0.00483151 0.000341904
244.838 24.1128 -0.389093 1.75722 0.01001 0.00483006 0.000319062
244.856 24.113 -0.389124 1.75699 0.00963104 0.00483006 0.000295984
244.877 24.1133 -0.389155 1.75676 0.00925436 0.00483006 0.000271724
244.897 24.1135 -0.389185 1.75653 0.00888011 0.00476218 0.000247434
244.917 24.1138 -0.389215 1.7563 0.00851376 0.00476218 0.000223313
244.939 24.1141 -0.389244 1.75609 0.00815915 0.00474727 0.0001968
244.957 24.1145 -0.389272 1.75587 0.00781073 0.00473859 0.000173356
244.979 24.1149 -0.389298 1.75566 0.00748391 0.00463683 0.000148502
244.998 24.1153 -0.389325 1.75546 0.00715058 0.0046502 0.000125562
245.018 24.1158 -0.389351 1.75527 0.0068375 0.00464872 0.000102739
245.043 24.1163 -0.389374 1.75509 0.00655276 0.00456041 8.13382e-05
245.06 24.1169 -0.389397 1.75491 0.00626352 0.00459444 5.97712e-05
245.08 24.1175 -0.389416 1.75475 0.00600359 0.00458582 3.07555e-05
245.1 24.1181 -0.389434 1.75461 0.00576779 0.00457514 8.06573e-06
245.12 24.1189 -0.38945 1.75447 0.0055524 0.00455389 -1.8323e-05
245.141 24.1196 -0.389466 1.75435 0.00533841 0.00458732 -4.25179e-05
245.16 24.1204 -0.389478 1.75423 0.00516877 0.00451718 -6.292e-05
245.181 24.1213 -0.389491 1.75412 0.00497549 0.0045675 -9.11204e-05
245.201 24.1222 -0.389502 1.75402 0.00479982 0.00459245 -0.000121773
245.221 24.1232 -0.38951 1.75392 0.00464043 0.00458594 -0.000157047
245.243 24.1243 -0.389518 1.75382 0.00450152 0.0045136 -0.000187609
245.261 24.1254 -0.389524 1.75373 0.00436048 0.00452165 -0.000227599
245.284 24.1265 -0.389526 1.75365 0.00425277 0.00445701 -0.000268763
245.301 24.1278 -0.389528 1.75357 0.00411908 0.00458308 -0.000323451
245.321 24.1291 -0.389528 1.7535 0.00400421 0.00456494 -0.000377057
245.345 24.1305 -0.389526 1.75342 0.0039272 0.004462 -0.000427394
245.362 24.1319 -0.389524 1.75335 0.00380998 0.00451918 -0.000495659
245.383 24.1334 -0.389519 1.75329 0.00371857 0.00468729 -0.000564058
245.402 24.135 -0.389512 1.75323 0.00362456 0.00467633 -0.000643833
245.422 24.1367 -0.389502 1.75317 0.00358146 0.00453665 -0.000715436
245.446 24.1384 -0.38948 1.7531 0.0036576 0.0028521 -0.000764957
245.462 24.1404 -0.389468 1.75309 0.00373998 0.00498491 -0.000781926
245.484 24.1426 -0.389467 1.75312 0.00380942 0.0055346 -0.000784679
245.503 24.145 -0.389466 1.75318 0.00384737 0.00483267 -0.000762058
245.523 24.1476 -0.389478 1.75326 0.0038045 0.00488639 -0.000728608
245.547 24.1503 -0.389498 1.75334 0.00371138 0.00506019 -0.000672231
245.565 24.1533 -0.389526 1.7534 0.00358021 0.00519694 -0.000599553
245.586 24.1565 -0.389558 1.75344 0.00343023 0.00494624 -0.000509075
245.605 24.1598 -0.389597 1.75345 0.00325001 0.00483317 -0.0004032
245.625 24.1634 -0.389642 1.75345 0.00303236 0.00492945 -0.000286777
245.648 24.1672 -0.389691 1.75343 0.00280196 0.00499148 -0.000158383
245.666 24.1712 -0.389741 1.75338 0.00255325 0.00537663 -2.32694e-05
245.686 24.1753 -0.389751 1.7533 0.00246725 0.0051721 -7.75043e-05
245.706 24.1797 -0.389745 1.75321 0.0023633 0.00502385 -8.85728e-05
245.726 24.1842 -0.389747 1.7531 0.0022179 0.00487883 -7.91099e-05
245.748 24.189 -0.389758 1.753 0.00204336 0.00511424 -6.61937e-05
245.766 24.1939 -0.389777 1.7529 0.00183207 0.00524237 -3.90812e-05
245.787 24.199 -0.389803 1.75279 0.00157286 0.00537746 -2.23651e-06
245.806 24.2043 -0.389834 1.75267 0.0012865 0.00565827 4.09701e-05
245.826 24.2098 -0.389871 1.75255 0.000982092 0.0053939 9.01391e-05
245.847 24.2156 -0.38991 1.75244 0.000635793 0.00542134 9.82887e-05
245.866 24.2215 -0.389951 1.75235 0.000202747 0.00592224 6.60543e-05
245.887 24.2277 -0.389984 1.75226 -9.51844e-05 0.00611261 5.85875e-05
245.907 24.234 -0.389977 1.75218 -6.72064e-05 0.00565375 5.65345e-05
245.927 24.2406 -0.389969 1.75213 -0.000117688 0.00647747 8.06586e-06
245.947 24.2475 -0.389948 1.75211 -0.000139836 0.00776633 -2.739e-05
245.967 24.2545 -0.389925 1.75209 -0.00015471 0.00654012 -4.22372e-05
245.989 24.2617 -0.389901 1.75208 -0.000239415 0.00614956 -4.21398e-05
246.007 24.2691 -0.389876 1.75208 -0.000380159 0.0053506 -3.10514e-05
246.027 24.2767 -0.38984 1.75209 -0.000528941 0.00694653 -3.06871e-06
246.048 24.2844 -0.389798 1.75212 -0.000662897 0.00697993 1.13167e-05
246.068 24.2922 -0.389754 1.75215 -0.00079919 0.00701562 2.84533e-05
246.09 24.3002 -0.389706 1.75218 -0.000938295 0.00682167 5.74375e-05
246.108 24.3083 -0.389655 1.75219 -0.00108852 0.00706707 9.41195e-05
246.128 24.3166 -0.389601 1.75218 -0.00124182 0.0072738 0.0001381
246.149 24.325 -0.389541 1.75214 -0.00137098 0.00704361 0.000188398
246.168 24.3335 -0.389476 1.75208 -0.00149628 0.00695819 0.000248705
246.19 24.3421 -0.389406 1.75201 -0.00162542 0.0074123 0.000314785
246.209 24.3507 -0.38933 1.75191 -0.00173204 0.00729404 0.000390144
246.229 24.3595 -0.389247 1.75179 -0.00181827 0.00729672 0.000471701
246.251 24.3683 -0.389158 1.75165 -0.00189523 0.00752422 0.00055638
246.27 24.3771 -0.389062 1.75148 -0.00195676 0.00778861 0.000646365
246.291 24.3861 -0.388958 1.75129 -0.00199812 0.00773641 0.000739826
246.31 24.3951 -0.388847 1.75107 -0.00202414 0.00829438 0.000834558
246.33 24.4041 -0.388728 1.75083 -0.002064 0.00850306 0.000933822
246.351 24.4131 -0.388602 1.75059 -0.00209334 0.00826644 0.00103655
246.371 24.4222 -0.388468 1.75035 -0.00211219 0.00846987 0.00114119
246.391 24.4313 -0.388326 1.7501 -0.00211605 0.00875752 0.00124786
246.411 24.4404 -0.388176 1.74984 -0.00210968 0.0088774 0.00135543
246.431 24.4496 -0.388019 1.74958 -0.00210126 0.00884124 0.00146284
246.452 24.4587 -0.387854 1.74931 -0.00207606 0.00844782 0.00157577
246.472 24.468 -0.38768 1.74904 -0.00208357 0.00893165 0.00169793
246.493 24.4773 -0.387499 1.74878 -0.00212964 0.00940661 0.00181939
246.512 24.4867 -0.38731 1.74852 -0.00218574 0.00932527 0.00194425
246.532 24.4961 -0.387113 1.74826 -0.00223877 0.00905414 0.0020685
246.557 24.5056 -0.386908 1.74799 -0.00228886 0.00911489 0.00219321
246.572 24.5151 -0.386694 1.74772 -0.00233248 0.0090652 0.00231949
246.594 24.5247 -0.386471 1.74743 -0.0023705 0.00905681 0.00244002
246.613 24.5344 -0.38624 1.74714 -0.00240624 0.00902881 0.00256012
246.633 24.544 -0.386 1.74685 -0.00242163 0.00899195 0.00267735
246.656 24.5537 -0.385751 1.74654 -0.0024225 0.0090921 0.00279472
246.673 24.5635 -0.385494 1.74623 -0.00242348 0.00912584 0.00291003
246.694 24.5732 -0.385227 1.74592 -0.002417 0.00897724 0.00302514
246.713 24.583 -0.384952 1.74561 -0.00239123 0.00907508 0.0031381
246.734 24.5928 -0.384669 1.74531 -0.00235917 0.00919151 0.00324871
246.754 24.6026 -0.384377 1.745 -0.00231945 0.00911583 0.00335746
246.774 24.6125 -0.384077 1.74468 -0.00227308 0.00885489 0.00346414
246.796 24.6223 -0.383768 1.74438 -0.00224536 0.00949361 0.00356546
246.814 24.6322 -0.383451 1.74408 -0.00221834 0.00944592 0.00366433
246.835 24.642 -0.383127 1.74379 -0.002171 0.00920098 0.00376419
246.856 24.6518 -0.382796 1.74351 -0.00210378 0.00934262 0.00386034
246.875 24.6616 -0.382457 1.74324 -0.00202331 0.00944422 0.00395536
246.897 24.6714 -0.382112 1.74297 -0.00193315 0.00943481 0.00404562
246.915 24.6812 -0.38176 1.7427 -0.00183183 0.00960016 0.00413071
246.935 24.6909 -0.381402 1.74243 -0.00173489 0.00964093 0.00421397
246.958 24.7006 -0.381038 1.74217 -0.00164199 0.00949246 0.00429591
246.976 24.7102 -0.380669 1.74191 -0.00155768 0.00968441 0.00437454
246.997 24.7198 -0.380295 1.74165 -0.00147153 0.00967761 0.0044516
247.017 24.7294 -0.379917 1.7414 -0.0013824 0.0098674 0.00452657
247.037 24.7389 -0.379535 1.74115 -0.00129605 0.00976177 0.00460092
247.059 24.7483 -0.379148 1.74091 -0.00121955 0.00968564 0.00467136
247.077 24.7577 -0.378759 1.74067 -0.00114728 0.00986006 0.00473493
247.098 24.767 -0.378366 1.74043 -0.00107868 0.00976799 0.00479681
247.118 24.7763 -0.377971 1.74021 -0.00100843 0.00981661 0.00485655
247.139 24.7854 -0.377573 1.73998 -0.000926455 0.00989415 0.0049107
247.158 24.7945 -0.377173 1.73977 -0.000849625 0.00973968 0.00496407
247.178 24.8035 -0.376771 1.73956 -0.000777947 0.00984269 0.00501682
247.2 24.8125 -0.376368 1.73936 -0.000694093 0.00979064 0.00506157
247.219 24.8213 -0.375963 1.73916 -0.000607302 0.010076 0.00510653
247.239 24.8301 -0.375558 1.73897 -0.000500864 0.00988364 0.00514871
247.26 24.8387 -0.375153 1.73878 -0.000420969 0.00985711 0.00518521
247.279 24.8473 -0.374747 1.73861 -0.000351431 0.00989316 0.00521968
247.3 24.8557 -0.374342 1.73844 -0.000287764 0.0101155 0.0052579
247.32 24.864 -0.373938 1.73829 -0.000232472 0.00995657 0.00528843
247.339 24.8722 -0.373534 1.73814 -0.000179738 0.00987749 0.00531379
247.361 24.8803 -0.373131 1.73799 -0.000115409 0.0101299 0.00533657
247.38 24.8883 -0.37273 1.73785 -5.601e-05 0.0100611 0.00536494
247.401 24.8961 -0.372331 1.73772 1.44703e-05 0.00983341 0.00538932
247.42 24.9038 -0.371933 1.73759 7.89603e-05 0.00996538 0.00540968
247.441 24.9114 -0.371537 1.73747 0.000148585 0.0102637 0.0054293
247.461 24.9189 -0.371144 1.73735 0.00023213 0.0104086 0.00544681
247.481 24.9262 -0.370754 1.73723 0.000292623 0.010245 0.00546675
247.501 24.9333 -0.370367 1.73714 0.00035495 0.00996174 0.00548534
247.521 24.9403 -0.369984 1.73707 0.000441485 0.00975619 0.00550736
247.541 24.9471 -0.369604 1.737 0.000530486 0.00981382 0.00552561
247.564 24.9537 -0.369229 1.73695 0.000630926 0.00960391 0.00553537
247.581 24.9602 -0.368857 1.7369 0.000714805 0.00955597 0.00554656
247.605 24.9665 -0.368491 1.73684 0.000794625 0.00955909 0.00555606
247.622 24.9727 -0.368129 1.73678 0.000876014 0.00994209 0.00556325
247.642 24.9787 -0.367773 1.73672 0.000943989 0.00935118 0.00557044
247.663 24.9845 -0.367423 1.73666 0.000982471 0.00932988 0.00558006
247.683 24.9902 -0.367077 1.7366 0.00100444 0.00897972 0.00558324
247.705 24.9958 -0.366738 1.73655 0.00102405 0.00913589 0.00558782
247.723 25.0012 -0.366404 1.7365 0.00104535 0.00946209 0.00559099
247.743 25.0065 -0.366076 1.73644 0.00106164 0.0093775 0.00559144
247.764 25.0117 -0.365755 1.73638 0.00107567 0.00880552 0.00558923
247.784 25.0167 -0.365438 1.73633 0.00106172 0.0088642 0.00558686
247.805 25.0215 -0.365128 1.73629 0.00104804 0.00889167 0.00557991
247.824 25.0262 -0.364824 1.73625 0.00102726 0.0088687 0.00557378
247.844 25.0308 -0.364525 1.73623 0.000999513 0.00855437 0.00556814
247.866 25.0353 -0.364231 1.73621 0.000968041 0.00913488 0.00556027
247.885 25.0396 -0.363944 1.73618 0.000959487 0.00870503 0.00555283
247.906 25.0437 -0.363661 1.73617 0.0009394 0.00870215 0.00554381
247.925 25.0478 -0.363384 1.73617 0.000910251 0.00839084 0.00553702
247.945 25.0517 -0.363111 1.73618 0.000874931 0.00855431 0.00553331
247.966 25.0555 -0.362844 1.73619 0.000856095 0.00832461 0.0055257
247.985 25.0592 -0.362582 1.7362 0.000834686 0.00834313 0.00551633
248.006 25.0628 -0.362324 1.73621 0.000810926 0.00838105 0.00550468
248.026 25.0662 -0.362071 1.73621 0.000781042 0.0086649 0.00549468
248.046 25.0695 -0.361822 1.7362 0.000774882 0.00822927 0.00548611
248.07 25.0728 -0.361577 1.7362 0.000754539 0.00840315 0.00547523
248.089 25.0759 -0.361338 1.7362 0.000737563 0.00786739 0.005461
248.109 25.0789 -0.361102 1.7362 0.000710566 0.00820664 0.00545291
248.13 25.0818 -0.36087 1.73621 0.000707794 0.00824352 0.00544503
248.149 25.0846 -0.360642 1.73621 0.000711391 0.00809136 0.00543507
248.169 25.0873 -0.360418 1.73621 0.000712627 0.00825221 0.0054223
248.189 25.0898 -0.360199 1.7362 0.00069881 0.00837187 0.00540986
248.211 25.0923 -0.359983 1.73619 0.0006865 0.00779712 0.00539613
248.23 25.0947 -0.359771 1.73618 0.000663448 0.00808977 0.00538136
248.25 25.097 -0.359563 1.73616 0.000648277 0.00797606 0.00537008
248.274 25.0992 -0.359358 1.73615 0.000643122 0.00810141 0.00535943
248.29 25.1013 -0.359157 1.73613 0.000645653 0.00789165 0.00534883
248.311 25.1034 -0.35896 1.73611 0.00063323 0.00797596 0.00533542
248.33 25.1053 -0.358766 1.73609 0.000627438 0.00794614 0.00532568
248.35 25.1072 -0.358576 1.73606 0.000617545 0.00798724 0.00531443
248.373 25.109 -0.358389 1.73602 0.000604062 0.00780342 0.00529966
248.392 25.1107 -0.358205 1.73598 0.000589377 0.00782029 0.00528471
248.413 25.1123 -0.358025 1.73593 0.000596247 0.00754966 0.0052703
248.432 25.1138 -0.357848 1.73587 0.000604709 0.00759277 0.00525678
248.453 25.1153 -0.357675 1.73583 0.000622383 0.00775334 0.00524515
248.477 25.1167 -0.357505 1.73578 0.00063925 0.00767566 0.00523295
248.492 25.1181 -0.357338 1.73574 0.000655828 0.0074623 0.00522104
248.515 25.1194 -0.357174 1.7357 0.000655962 0.00750631 0.00521
248.533 25.1206 -0.357014 1.73566 0.000647174 0.00738875 0.0051991
248.553 25.1218 -0.356857 1.73562 0.000633263 0.00705147 0.00518883
248.574 25.123 -0.356703 1.73558 0.000623091 0.0070544 0.00517705
248.593 25.1241 -0.356552 1.73554 0.000605534 0.00698691 0.00516609
248.616 25.1252 -0.356405 1.7355 0.000576413 0.0068185 0.00515264
248.634 25.1262 -0.35626 1.73546 0.000541027 0.00668317 0.00514041
248.654 25.1271 -0.356118 1.73542 0.000499903 0.00659063 0.00512803
248.675 25.1281 -0.355978 1.73537 0.000442291 0.00645517 0.00511686
248.694 25.129 -0.355841 1.73532 0.000388063 0.00641698 0.0051064
248.715 25.1298 -0.355706 1.73527 0.000345487 0.00646114 0.00509546
248.735 25.1307 -0.355573 1.73522 0.000309692 0.00632004 0.0050834
248.755 25.1314 -0.355442 1.73516 0.000281947 0.00612503 0.00507169
248.776 25.1322 -0.355312 1.73511 0.000259013 0.00628791 0.0050614
248.795 25.1329 -0.355185 1.73506 0.000245398 0.00626054 0.00505128
248.817 25.1336 -0.355058 1.73502 0.000223793 0.00610542 0.00503896
248.836 25.1342 -0.354933 1.73497 0.00019714 0.00618256 0.00502788
248.856 25.1349 -0.35481 1.73492 0.000165099 0.00621602 0.00501733
248.877 25.1354 -0.354688 1.73488 0.000137093 0.00620327 0.00500673
248.896 25.136 -0.354566 1.73483 0.000106005 0.00620115 0.00499584
248.917 25.1365 -0.354446 1.73479 8.18261e-05 0.00617152 0.00498608
248.937 25.1371 -0.354326 1.73475 6.99396e-05 0.0062669 0.00497714
248.956 25.1376 -0.354207 1.73471 5.99052e-05 0.00618766 0.00496996
248.978 25.138 -0.354089 1.73467 4.3152e-05 0.00618697 0.00496169
248.997 25.1385 -0.353972 1.73463 1.54541e-05 0.00610997 0.00495151
249.018 25.1389 -0.353855 1.7346 -5.96278e-06 0.00608341 0.00494383
249.037 25.1393 -0.353739 1.73457 -1.34724e-05 0.00610877 0.004936
249.057 25.1396 -0.353623 1.73454 -5.41408e-06 0.00613777 0.00492618
249.081 25.14 -0.353508 1.73451 8.55262e-06 0.00619036 0.00491596
249.098 25.1403 -0.353393 1.73447 2.79542e-05 0.00604134 0.00490825
249.119 25.1406 -0.353279 1.73444 4.22386e-05 0.00611979 0.00489791
249.138 25.1409 -0.353165 1.73441 5.75484e-05 0.00628525 0.00488951
249.158 25.1412 -0.353052 1.73438 8.86433e-05 0.00602524 0.00488694
249.18 25.1415 -0.352941 1.73436 0.000190794 0.00617521 0.0048965
249.198 25.1417 -0.352831 1.73434 0.000360902 0.00638174 0.00490725
249.22 25.1419 -0.352723 1.73432 0.000467249 0.00624569 0.00491893
249.239 25.142 -0.352616 1.7343 0.000438685 0.00636336 0.00492676
249.259 25.1422 -0.352511 1.73429 0.000240078 0.00641954 0.00493409
249.28 25.1422 -0.352405 1.73428 -0.000136651 0.00650526 0.00494368
249.3 25.1422 -0.3523 1.73428 -0.000663721 0.00646063 0.00495149
249.32 25.1422 -0.352191 1.73427 -0.00135424 0.00656214 0.00495872
249.34 25.1421 -0.352076 1.73425 -0.00216627 0.00659775 0.00496847
249.36 25.1419 -0.351953 1.73424 -0.0030998 0.00656735 0.00497785
249.381 25.1417 -0.351818 1.73423 -0.00413762 0.00665317 0.00498339
249.4 25.1413 -0.351667 1.73421 -0.00524703 0.00686328 0.004986
249.421 25.1409 -0.351496 1.7342 -0.0064559 0.00698097 0.00499157
249.441 25.1404 -0.3513 1.73419 -0.00775096 0.00688239 0.00499714
249.461 25.1398 -0.351074 1.73419 -0.00912937 0.00690189 0.00500148
249.482 25.139 -0.350813 1.7342 -0.0105892 0.00720004 0.00500125
249.501 25.1381 -0.35051 1.73424 -0.0123216 0.00939337 0.0049569
249.523 25.1368 -0.350149 1.73437 -0.0158873 0.00736857 0.00485772
249.541 25.1351 -0.349713 1.73465 -0.0214583 0.00759891 0.00464421
249.561 25.133 -0.349189 1.73502 -0.027904 0.00852959 0.00440789
249.582 25.1306 -0.348556 1.73545 -0.0345935 0.00870834 0.00420729
249.602 25.1278 -0.34779 1.7359 -0.0410875 0.00929089 0.00402234
249.623 25.1247 -0.34687 1.73635 -0.047168 0.00886632 0.00390845
249.642 25.1212 -0.345772 1.7368 -0.0528206 0.00882091 0.00381232
249.662 25.1173 -0.344476 1.73725 -0.0578337 0.00938585 0.00372602
249.685 25.1131 -0.342962 1.7377 -0.0622307 0.00956183 0.00369348
249.703 25.1085 -0.341214 1.73814 -0.0661844 0.00905797 0.00372318
249.723 25.1035 -0.339215 1.73858 -0.0697491 0.00959885 0.00370344
249.744 25.0981 -0.336955 1.73902 -0.0727494 0.00960544 0.00375591
249.764 25.0923 -0.334419 1.73948 -0.0753148 0.0104137 0.00376163
249.785 25.0861 -0.331602 1.73992 -0.0775566 0.00876925 0.003969
249.804 25.0795 -0.32849 1.74039 -0.0793992 0.0094398 0.00402001
249.825 25.0726 -0.325083 1.74087 -0.0805583 0.00938264 0.00415956
249.844 25.0653 -0.321378 1.74133 -0.0809891 0.00951615 0.0043042
249.864 25.0578 -0.317374 1.74178 -0.0806995 0.00912131 0.00451322
249.885 25.05 -0.313074 1.74221 -0.0796808 0.00886143 0.00472676
249.905 25.0419 -0.308485 1.74259 -0.077976 0.00846824 0.00496039
249.926 25.0336 -0.303612 1.74294 -0.0756351 0.00841657 0.00516939
249.945 25.0251 -0.298467 1.74325 -0.0726471 0.00920877 0.00532037
249.965 25.0164 -0.293059 1.74351 -0.0696893 0.00753674 0.00562649
249.987 25.0074 -0.287394 1.74377 -0.0670278 0.0065538 0.00585658
250.005 24.9982 -0.281487 1.74404 -0.0643575 0.00719499 0.00596975
250.026 24.9888 -0.27535 1.74428 -0.0614538 0.00700432 0.00613295
250.046 24.9793 -0.268998 1.7445 -0.0581465 0.00644407 0.00631569
250.066 24.9697 -0.262443 1.74468 -0.0545738 0.00614518 0.00647483
250.087 24.9599 -0.2557 1.74482 -0.0508073 0.00615716 0.00660593
250.106 24.95 -0.248785 1.74491 -0.0468103 0.00672844 0.00669806
250.127 24.94 -0.241708 1.74497 -0.0433904 0.00626557 0.00681104
250.147 24.9297 -0.23448 1.745 -0.0411121 0.0056096 0.00688915
250.167 24.9194 -0.227112 1.74497 -0.0397365 0.0056356 0.00691306
250.191 24.9088 -0.219613 1.7449 -0.0388381 0.00595376 0.00691463
250.208 24.8982 -0.211989 1.74479 -0.0377011 0.0055411 0.0069422
250.229 24.8876 -0.20425 1.74468 -0.0352185 0.00553099 0.0069514
250.248 24.8771 -0.196407 1.74456 -0.0314509 0.00551348 0.00695806
250.268 24.8666 -0.188473 1.74442 -0.0266895 0.00533673 0.00696144
250.29 24.8561 -0.180462 1.74428 -0.0216554 0.00510354 0.00695831
250.309 24.8456 -0.172392 1.74413 -0.0166241 0.00526414 0.00693953
250.329 24.8353 -0.164284 1.74398 -0.0114144 0.00526518 0.00691969
250.349 24.825 -0.156157 1.74382 -0.00643528 0.00504786 0.00690048
250.369 24.8149 -0.14803 1.74365 -0.00162268 0.00490198 0.00687618
250.39 24.8048 -0.139922 1.74348 0.00317798 0.00482933 0.00684558
250.409 24.7949 -0.13185 1.74329 0.00756839 0.00465735 0.00681676
250.433 24.7851 -0.123833 1.7431 0.0118621 0.00446841 0.00678538
250.45 24.7755 -0.115887 1.74291 0.0160674 0.00418927 0.00674552
250.47 24.7661 -0.108027 1.74271 0.0199714 0.00435681 0.00671699
250.491 24.7568 -0.10027 1.74252 0.0239308 0.00408843 0.00667074
250.511 24.7478 -0.0926303 1.74231 0.0278165 0.00132424 0.00655834
250.532 24.7392 -0.0851275 1.74219 0.0322537 0.00342727 0.00653362
250.551 24.731 -0.0777866 1.74219 0.0382528 0.00485817 0.00640553
250.571 24.7232 -0.0706243 1.74227 0.0447944 0.00384178 0.00618256
250.592 24.7158 -0.0636614 1.74241 0.0512575 0.00321868 0.00599138
250.611 24.7087 -0.0569199 1.74258 0.057291 0.00243938 0.00582248
250.633 24.702 -0.0504182 1.74276 0.0622906 0.00321088 0.00579169
250.652 24.6957 -0.0441772 1.74295 0.06667 0.00276557 0.00570376
250.672 24.6897 -0.0382116 1.74315 0.0702235 0.00353524 0.00572848
250.693 24.684 -0.0325335 1.74334 0.0727774 0.00284061 0.0056858
250.712 24.6786 -0.0271532 1.74352 0.0746396 0.00301692 0.0057192
250.733 24.6735 -0.022077 1.74369 0.0758538 0.00301519 0.00574878
250.753 24.6687 -0.0173087 1.74386 0.076432 0.00303435 0.0057936
250.773 24.6642 -0.01285 1.74401 0.0764739 0.00264835 0.00581744
250.797 24.66 -0.00869952 1.74414 0.0759603 0.00327289 0.00592755
250.814 24.6561 -0.00485532 1.74425 0.075074 0.00356013 0.00600932
250.836 24.6524 -0.00131123 1.74434 0.0737033 0.00382616 0.00609436
250.854 24.6489 0.00193951 1.74438 0.0718814 0.00368034 0.00615079
250.875 24.6457 0.00490297 1.74438 0.0699121 0.00402138 0.00623383
250.9 24.6428 0.00758492 1.74437 0.0681134 0.00498205 0.00633783
250.915 24.64 0.00999377 1.74435 0.066187 0.00423679 0.00632043
250.936 24.6375 0.0121386 1.74434 0.0638129 0.00424723 0.00635572
250.955 24.6351 0.014029 1.74432 0.0612307 0.00433084 0.00638984
250.976 24.633 0.0156745 1.7443 0.0588182 0.00510925 0.00644674
250.996 24.6311 0.0170855 1.74426 0.0566437 0.00577048 0.00648247
251.015 24.6293 0.0182699 1.74421 0.0548032 0.00602748 0.00648591
251.036 24.6277 0.0192381 1.74415 0.0527398 0.00583952 0.00646264
251.056 24.6263 0.0199988 1.74411 0.0504535 0.00611429 0.00645861
251.076 24.625 0.0205611 1.74405 0.0480884 0.00599212 0.00642986
251.097 24.6239 0.0209354 1.74399 0.0456051 0.00586658 0.00639864
251.116 24.6229 0.0211317 1.74392 0.0430987 0.00661199 0.00640051
251.138 24.6221 0.0211594 1.74384 0.0406912 0.00664049 0.00636138
251.157 24.6213 0.02103 1.74374 0.0380953 0.0067237 0.00632436
251.177 24.6207 0.0207537 1.74363 0.035451 0.00683824 0.00628355
251.201 24.6201 0.0203408 1.7435 0.0328434 0.00679602 0.00623384
251.217 24.6197 0.019799 1.74337 0.030704 0.00716432 0.00618843
251.238 24.6194 0.0191358 1.74322 0.0292539 0.00710662 0.00611669
251.258 24.6192 0.0183588 1.74308 0.0281937 0.00742827 0.00604685
251.278 24.6191 0.0174748 1.74293 0.0270491 0.00686842 0.00595351
251.299 24.6191 0.0164876 1.74279 0.0260115 0.00738304 0.00588832
251.318 24.6192 0.0153994 1.74266 0.0254366 0.00827382 0.00582483
251.339 24.6193 0.0142157 1.74253 0.0248136 0.0073788 0.00571548
251.358 24.6195 0.0129428 1.74242 0.0234748 0.00719263 0.00562969
251.379 24.6198 0.0115856 1.74232 0.0215844 0.00752121 0.00555338
251.4 24.62 0.0101503 1.74223 0.0193916 0.00746364 0.00546999
251.419 24.6203 0.00864564 1.74213 0.0169688 0.00704756 0.00538282
251.44 24.6207 0.00707875 1.74202 0.0147585 0.00740592 0.00530577
251.46 24.6211 0.00545553 1.74192 0.0132323 0.00744632 0.00522037
251.48 24.6216 0.0037836 1.74181 0.0121502 0.00754791 0.00513307
251.501 24.6221 0.00206828 1.74169 0.0113225 0.00731383 0.00504026
251.521 24.6227 0.000315043 1.74157 0.0103742 0.00710669 0.00495999
251.542 24.6233 -0.00147066 1.74147 0.00902057 0.00719084 0.00491243
251.561 24.6239 -0.0032821 1.74136 0.00706142 0.007133 0.00487413
251.581 24.6246 -0.00511281 1.74125 0.00472987 0.00715892 0.00484121
251.602 24.6252 -0.00695508 1.74115 0.0022741 0.00714743 0.00481064
251.621 24.6259 -0.00880037 1.74105 -0.000120117 0.00714392 0.00478377
251.642 24.6267 -0.0106398 1.74094 -0.00237735 0.00712253 0.00475964
251.661 24.6274 -0.0124646 1.74084 -0.00447068 0.00700396 0.00473917
251.682 24.6282 -0.014267 1.74073 -0.0063678 0.00708976 0.00472041
251.705 24.6289 -0.0160397 1.74062 -0.00805785 0.00697551 0.00470616
251.722 24.6298 -0.017776 1.74051 -0.00954575 0.00706444 0.00468926
251.745 24.6306 -0.0194703 1.74039 -0.0108447 0.0070634 0.00467756
251.762 24.6315 -0.0211175 1.74028 -0.011959 0.00699125 0.00466837
251.783 24.6323 -0.0227135 1.74017 -0.0129069 0.00692213 0.00466248
251.807 24.6332 -0.0242545 1.74006 -0.0136853 0.00701593 0.0046555
251.824 24.6342 -0.0257378 1.73995 -0.0142905 0.00698711 0.00465227
251.845 24.6351 -0.027161 1.73985 -0.0147793 0.0068959 0.00464827
251.864 24.6361 -0.028522 1.73974 -0.0151814 0.00688398 0.00464628
251.884 24.6371 -0.0298195 1.73964 -0.0155073 0.00688202 0.00464889
251.905 24.6381 -0.0310523 1.73954 -0.015777 0.00684539 0.00465172
251.924 24.6391 -0.0322197 1.73944 -0.0159852 0.00683961 0.00465792
251.945 24.6402 -0.0333207 1.73934 -0.016147 0.00684862 0.00466542
251.964 24.6412 -0.0343553 1.73925 -0.0162468 0.00671593 0.00467411
251.985 24.6423 -0.035323 1.73916 -0.0163009 0.00677779 0.00468481
252.007 24.6434 -0.0362236 1.73907 -0.0163287 0.0067035 0.0047
252.025 24.6446 -0.037057 1.739 -0.0163769 0.00669591 0.00471168
252.046 24.6458 -0.0378231 1.73892 -0.0164623 0.00687936 0.00472381
252.066 24.647 -0.0385227 1.73886 -0.0164501 0.00665973 0.00474498
252.086 24.6482 -0.0391561 1.73881 -0.0162995 0.00664039 0.00475869
252.106 24.6494 -0.0397237 1.73876 -0.016093 0.00660018 0.00477241
252.126 24.6507 -0.0402261 1.73873 -0.0159196 0.00648303 0.0047911
252.147 24.6521 -0.0406636 1.73869 -0.0158301 0.00654264 0.0048078
252.166 24.6534 -0.0410372 1.73867 -0.0157768 0.00664787 0.00482566
252.187 24.6548 -0.0413479 1.73865 -0.0156822 0.00656205 0.00484692
252.208 24.6562 -0.0415968 1.73864 -0.0154423 0.00642528 0.0048695
252.227 24.6577 -0.041785 1.73863 -0.0150917 0.00644043 0.00489102
252.248 24.6592 -0.0419135 1.73862 -0.0146935 0.00653533 0.00491123
252.267 24.6607 -0.0419843 1.73862 -0.0142368 0.00634908 0.00493728
252.287 24.6622 -0.0419995 1.73862 -0.0137034 0.00640065 0.00496067
252.311 24.6638 -0.0419608 1.73862 -0.0131771 0.00626917 0.00498691
252.327 24.6654 -0.0418702 1.73862 -0.0126917 0.00625499 0.00501146
252.348 24.667 -0.0417299 1.73862 -0.0122279 0.0062992 0.00503521
252.368 24.6686 -0.0415419 1.73862 -0.0117969 0.0062486 0.00505915
252.388 24.6703 -0.0413081 1.73862 -0.0113678 0.00620596 0.00508255
252.409 24.672 -0.0410303 1.73862 -0.0109614 0.006459 0.00510305
252.428 24.6738 -0.0407104 1.73862 -0.0105408 0.00620405 0.00513198
252.45 24.6756 -0.0403504 1.73863 -0.0100643 0.00609952 0.00515741
252.469 24.6774 -0.0399521 1.73863 -0.00956811 0.00605813 0.0051823
252.489 24.6792 -0.0395173 1.73864 -0.00910542 0.00616865 0.0052057
252.51 24.6811 -0.0390479 1.73865 -0.00864922 0.00623283 0.00522802
252.53 24.683 -0.0385457 1.73866 -0.00828286 0.00560067 0.00525652
252.551 24.685 -0.0380124 1.73867 -0.0078641 0.00549366 0.00528125
252.569 24.6872 -0.0374492 1.7387 -0.00744566 0.00594307 0.00529946
252.59 24.6894 -0.0368573 1.73875 -0.00710258 0.0057292 0.00532221
252.611 24.6918 -0.0362386 1.73882 -0.00679819 0.00563005 0.00534448
252.63 24.6943 -0.0355946 1.7389 -0.00649862 0.00559713 0.00536649
252.651 24.6969 -0.0349271 1.73897 -0.00614333 0.00549843 0.0053876
252.671 24.6996 -0.0342373 1.73904 -0.00572394 0.00536084 0.00540506
252.691 24.7024 -0.0335265 1.73911 -0.00534711 0.0056007 0.00542027
252.713 24.7054 -0.0327964 1.73918 -0.0049745 0.00545126 0.00544038
252.731 24.7084 -0.0320485 1.73926 -0.00460707 0.00548871 0.00545818
252.752 24.7116 -0.0312841 1.73934 -0.00428165 0.0055724 0.00547584
252.771 24.7148 -0.0305045 1.73941 -0.00400337 0.00544936 0.00549157
252.791 24.7182 -0.0297113 1.73949 -0.00370473 0.00516789 0.00550672
252.814 24.7217 -0.0289049 1.73956 -0.00347571 0.00557962 0.00551986
252.832 24.7252 -0.0280869 1.73964 -0.00325466 0.00557989 0.0055352
252.854 24.7289 -0.027258 1.73971 -0.00303505 0.00550019 0.00554422
252.872 24.7328 -0.0264191 1.7398 -0.00285181 0.0055648 0.00555412
252.892 24.7367 -0.0255712 1.73988 -0.00264941 0.00563524 0.00555906
252.914 24.7407 -0.0247149 1.73995 -0.00246271 0.00542532 0.00556632
252.933 24.7448 -0.0238508 1.74003 -0.00230205 0.00565204 0.00557381
252.954 24.7491 -0.02298 1.7401 -0.00214204 0.00549019 0.00558316
252.973 24.7534 -0.0221025 1.74018 -0.00200896 0.00578714 0.00558989
252.993 24.7579 -0.0212194 1.74027 -0.00188197 0.00574805 0.00559738
253.018 24.7625 -0.0203311 1.74036 -0.00173254 0.00586909 0.00560237
253.033 24.7672 -0.0194382 1.74045 -0.00157335 0.00576472 0.00560657
253.058 24.772 -0.0185414 1.74054 -0.0014117 0.00583217 0.00561084
253.074 24.7769 -0.0176415 1.74064 -0.00123328 0.00579554 0.0056178
253.094 24.7819 -0.0167389 1.74073 -0.00105413 0.00596625 0.00562108
253.115 24.787 -0.0158343 1.74081 -0.000881124 0.00591049 0.00562568
253.134 24.7922 -0.0149285 1.7409 -0.000712617 0.00595889 0.00562924
253.156 24.7975 -0.0140223 1.74099 -0.000539369 0.00592402 0.00562886
253.175 24.803 -0.0131162 1.74108 -0.000350814 0.00595139 0.00562956
253.195 24.8085 -0.0122109 1.74116 -0.00017404 0.00600557 0.00562286
253.219 24.8141 -0.0113069 1.74125 -3.58922e-05 0.00578432 0.00561726
253.235 24.8199 -0.0104049 1.74134 0.000123471 0.00574026 0.0056122
253.257 24.8258 -0.00950504 1.74143 0.00020952 0.00600085 0.00561097
253.276 24.8319 -0.00860821 1.74154 0.000297318 0.00573479 0.00560458
253.296 24.838 -0.0077149 1.74165 0.000400295 0.00517833 0.00559929
253.317 24.8442 -0.00682509 1.74177 0.000513518 0.00534127 0.00559121
253.336 24.8507 -0.00593901 1.7419 0.000605146 0.00631804 0.00558207
253.358 24.8572 -0.00505787 1.74205 0.000719586 0.0054413 0.00557375
253.377 24.8638 -0.0041819 1.74225 0.000855249 0.00537912 0.00556709
253.397 24.8705 -0.00331159 1.74245 0.00101374 0.00560244 0.00555751
253.418 24.8773 -0.00244734 1.74266 0.00117255 0.00581633 0.0055426
253.438 24.8841 -0.00159014 1.74286 0.00136249 0.00471201 0.00552939
253.459 24.8912 -0.000739122 1.74306 0.0014404 0.00560857 0.00551891
253.478 24.8985 0.000104862 1.7433 0.00145631 0.00596463 0.00550822
253.498 24.9059 0.000941529 1.74357 0.00146926 0.00617394 0.00549589
253.518 24.9134 0.00177032 1.74384 0.00148902 0.00491531 0.00548329
253.539 24.9211 0.00259127 1.74413 0.00154809 0.00319842 0.00546769
253.56 24.9291 0.00340608 1.74445 0.00151365 0.00395642 0.00544461
253.579 24.9374 0.00421453 1.74484 0.0014694 0.00618563 0.00542122
253.599 24.946 0.00501514 1.74529 0.00158043 0.00486434 0.00538468
253.619 24.955 0.00580872 1.7458 0.00168618 0.00459417 0.00535062
253.639 24.9641 0.00659427 1.74632 0.00183024 0.00403833 0.00531469
253.66 24.9736 0.00737159 1.74683 0.00201226 0.0043638 0.00527949
253.68 24.9833 0.00814001 1.74732 0.00218562 0.00420944 0.00524618
253.7 24.9932 0.00889867 1.74779 0.00240254 0.00406409 0.00521131
253.722 25.0034 0.00964701 1.74824 0.0025911 0.00353396 0.00517164
253.741 25.0139 0.0103847 1.74867 0.00273167 0.00413181 0.00513399
253.762 25.0245 0.0111108 1.74906 0.00287406 0.00422278 0.00509424
253.781 25.0354 0.0118246 1.74942 0.00302117 0.00402221 0.00505765
253.801 25.0465 0.0125258 1.74974 0.00312858 0.00415905 0.00502631
253.828 25.0578 0.0132139 1.75005 0.00322364 0.00421213 0.00499169
253.842 25.0694 0.0138885 1.75033 0.00331837 0.00454754 0.0049558
253.863 25.0811 0.0145492 1.75058 0.00338481 0.00375902 0.00491737
253.882 25.0931 0.0151959 1.75083 0.00350798 0.00432727 0.00487603
253.902 25.1054 0.015828 1.75108 0.00367645 0.00464797 0.00483585
253.927 25.1178 0.0164457 1.75131 0.00371894 0.00470822 0.00479783
253.943 25.1305 0.017048 1.75153 0.00374091 0.00412272 0.00475503
253.964 25.1433 0.0176352 1.75174 0.00370476 0.00436994 0.00471659
253.983 25.1563 0.0182066 1.75196 0.00374153 0.00488391 0.00467758
254.003 25.1696 0.0187626 1.75216 0.00379864 0.00485367 0.00463739
254.024 25.183 0.0193034 1.75234 0.00380488 0.00429488 0.00459789
254.043 25.1967 0.0198284 1.7525 0.00392164 0.00425383 0.00455433
254.065 25.2106 0.0203384 1.75266 0.00397283 0.00586917 0.00452361
254.084 25.2247 0.020832 1.75282 0.00396889 0.00484811 0.00448247
254.104 25.2389 0.0213095 1.753 0.00396445 0.00466902 0.00444122
254.129 25.2533 0.0217707 1.75319 0.00396404 0.00400275 0.00440116
254.145 25.268 0.0222162 1.7534 0.00401576 0.00672107 0.00436699
254.166 25.2828 0.0226444 1.75361 0.00413521 0.00491036 0.0043156
254.185 25.2977 0.0230561 1.75389 0.00416016 0.00454224 0.00427499
254.205 25.3127 0.0234511 1.7542 0.00413606 0.00524188 0.00424031
254.231 25.3278 0.0238292 1.7545 0.00416997 0.00591378 0.00420122
254.246 25.3431 0.024191 1.75477 0.00409568 0.0059629 0.00416118
254.267 25.3584 0.0245363 1.75501 0.00400883 0.00603829 0.00412217
254.286 25.3737 0.0248653 1.75522 0.00394686 0.0062497 0.00408447
254.306 25.3892 0.0251786 1.75539 0.00387055 0.00710994 0.00404915
254.326 25.4047 0.0254758 1.75551 0.00386788 0.0069271 0.0040075
254.346 25.4202 0.0257572 1.75561 0.00387497 0.00645244 0.0039666
254.367 25.4358 0.0260233 1.7557 0.00383097 0.00666908 0.00392386
254.386 25.4514 0.0262741 1.75576 0.0037662 0.00718905 0.00388508
254.406 25.4671 0.0265098 1.75579 0.00370883 0.00722047 0.00384109
254.428 25.4828 0.0267307 1.75579 0.00365867 0.00738004 0.00379773
254.448 25.4985 0.0269374 1.75575 0.00351083 0.00614536 0.00375676
254.469 25.5144 0.0271289 1.75571 0.00367193 0.00802871 0.00370961
254.489 25.5303 0.027306 1.75571 0.00374224 0.00729567 0.00365541
254.508 25.5463 0.0274689 1.75576 0.0036745 0.00669462 0.00360255
254.534 25.5623 0.0276164 1.75582 0.00370293 0.00464187 0.00354421
254.549 25.5786 0.0277521 1.75592 0.00339921 0.00911684 0.00351929
254.57 25.5948 0.0278729 1.7561 0.0032744 0.0070485 0.00345956
254.59 25.6113 0.0279789 1.75642 0.00354135 0.00590354 0.00338205
254.61 25.628 0.0280721 1.75682 0.0036684 0.00605195 0.00331282
254.63 25.6448 0.0281517 1.75722 0.00370981 0.00626486 0.00324824
254.649 25.6618 0.0282178 1.7576 0.00368792 0.00589499 0.0031809
254.672 25.679 0.0282703 1.75793 0.00362548 0.00612316 0.00311328
254.69 25.6964 0.0283095 1.75822 0.0035422 0.00597205 0.0030466
254.71 25.7139 0.0283358 1.75847 0.00340573 0.00643368 0.00298309
254.733 25.7316 0.0283491 1.75868 0.00331071 0.00604811 0.00291431
254.75 25.7494 0.0283501 1.75886 0.0032441 0.00643893 0.00284516
254.772 25.7673 0.0283388 1.75899 0.0031914 0.0060549 0.002777
254.791 25.7854 0.028316 1.75909 0.00307711 0.00573312 0.0027081
254.811 25.8036 0.0282818 1.75915 0.00302072 0.00613815 0.00263679
254.833 25.822 0.0282363 1.75916 0.00299539 0.00616586 0.0025606
254.852 25.8405 0.02818 1.75914 0.00294319 0.00579772 0.0024877
254.872 25.8592 0.0281132 1.75908 0.00286438 0.00647341 0.00241841
254.892 25.8779 0.0280353 1.75902 0.00287193 0.0060381 0.00234602
254.912 25.8967 0.0279472 1.75895 0.00279776 0.00601083 0.00227454
254.938 25.9156 0.027849 1.75887 0.00270079 0.00633865 0.00220539
254.952 25.9346 0.0277412 1.75876 0.00253728 0.00598097 0.00213593
254.973 25.9537 0.0276233 1.75864 0.00254243 0.00616292 0.00206207
254.992 25.9729 0.0274965 1.75851 0.00252215 0.00681991 0.00199255
255.013 25.9923 0.0273605 1.75837 0.00251039 0.00631698 0.00192085
255.033 26.0117 0.0272159 1.75822 0.00242876 0.00664283 0.00185143
255.053 26.0312 0.0270623 1.75806 0.00237423 0.0066086 0.00177839
255.075 26.0507 0.0269003 1.75788 0.00230431 0.00660065 0.00170552
255.093 26.0703 0.02673 1.75769 0.00223201 0.00657844 0.00163201
255.113 26.0901 0.0265516 1.75748 0.00220877 0.00703024 0.00155699
255.134 26.1098 0.0263657 1.75726 0.00210659 0.00699638 0.00148725
255.154 26.1295 0.0261726 1.75704 0.00196652 0.00674462 0.00141421
255.174 26.1491 0.0259725 1.75683 0.00180878 0.0063986 0.00134285
255.194 26.1689 0.0257665 1.75663 0.00159068 0.00860821 0.00127253
255.215 26.1887 0.0255533 1.75645 0.00161965 0.0081997 0.00120249
255.239 26.2084 0.0253339 1.75634 0.00170998 0.00724576 0.00113393
255.255 26.228 0.0251093 1.7563 0.00165422 0.00704823 0.00106576
255.275 26.2475 0.0248795 1.7563 0.00149865 0.00741827 0.000993473
255.296 26.2669 0.0246445 1.75631 0.00133602 0.00814796 0.000925922
255.315 26.2863 0.0244047 1.75632 0.00123329 0.00793317 0.000853624
255.336 26.3055 0.024161 1.75633 0.0011118 0.00829615 0.000785597
255.356 26.3248 0.0239138 1.75633 0.000966689 0.00893854 0.000720871
255.379 26.3438 0.0236629 1.75633 0.000926906 0.00710187 0.000659341
255.396 26.363 0.0234093 1.7564 0.000874831 0.00961019 0.000597668
255.416 26.382 0.0231528 1.75653 0.00086466 0.00797121 0.000533596
255.442 26.401 0.022894 1.75675 0.000802177 0.00912438 0.000473055
255.457 26.4199 0.0226341 1.75705 0.0005176 0.00983198 0.000414911
255.478 26.4386 0.0223722 1.75738 0.000366119 0.00907835 0.000355816
255.497 26.4573 0.0221094 1.7577 0.000266333 0.00924349 0.000295861
255.517 26.4758 0.0218464 1.75799 0.00016858 0.00970905 0.000237033
255.539 26.4943 0.021583 1.75824 0.000159871 0.00906413 0.000180523
255.558 26.5126 0.0213198 1.75847 0.000164909 0.00880572 0.000122399
255.579 26.5308 0.0210563 1.75865 0.000243777 0.00704543 5.6087e-05
255.599 26.549 0.0207941 1.75885 9.64781e-05 0.00786552 -2.18537e-05
255.619 26.5675 0.0205317 1.75909 5.75558e-05 0.00929652 -0.000106799
255.64 26.586 0.0202695 1.75935 0.000105919 0.00902166 -0.000190408
255.659 26.6046 0.020007 1.75963 0.000283071 0.00729963 -0.000277879
255.682 26.6232 0.0197447 1.75992 0.000379683 0.00723981 -0.000367235
255.7 26.6418 0.0194819 1.7602 0.000440943 0.00755249 -0.000456114
255.72 26.6605 0.0192182 1.76046 0.000499045 0.00724319 -0.000546309
255.741 26.6791 0.0189535 1.76068 0.000541983 0.007268 -0.000636093
255.761 26.6978 0.0186874 1.76087 0.000593905 0.00724395 -0.000723002
255.781 26.7165 0.01842 1.76102 0.000616841 0.00707379 -0.000810604
255.801 26.7351 0.0181511 1.76114 0.000618722 0.0069099 -0.000900132
255.821 26.7537 0.0178808 1.76122 0.000605222 0.00706317 -0.000987412
255.843 26.7723 0.0176089 1.76127 0.000589372 0.00715112 -0.00107774
255.861 26.7909 0.0173357 1.76129 0.00056739 0.00718827 -0.00116631
255.882 26.8094 0.0170612 1.76128 0.000537437 0.00710237 -0.00125127
255.901 26.8279 0.0167854 1.76125 0.00049888 0.00735118 -0.00133411
255.922 26.8464 0.0165084 1.76119 0.000485465 0.00733108 -0.00142028
255.944 26.8648 0.0162305 1.76113 0.000476066 0.00730934 -0.00150573
255.962 26.8831 0.0159516 1.76105 0.000455478 0.00712058 -0.00158966
255.983 26.9014 0.0156719 1.76096 0.000417583 0.00751513 -0.00167259
256.003 26.9196 0.0153918 1.76087 0.000348884 0.00776775 -0.00175368
256.023 26.9377 0.0151111 1.76077 0.000305749 0.00743451 -0.00183623
256.045 26.9557 0.0148303 1.76068 0.000244646 0.00753653 -0.00191839
256.065 26.9736 0.0145495 1.7606 0.000178864 0.00795797 -0.00199986
256.086 26.9914 0.0142688 1.76052 0.000140709 0.00810288 -0.00207941
256.105 27.0092 0.0139883 1.76043 0.000146977 0.00791092 -0.00215886
256.124 27.0267 0.0137086 1.76035 0.000114235 0.00786735 -0.00223718
256.149 27.0442 0.0134294 1.76029 8.33794e-05 0.00802683 -0.00231613
256.165 27.0615 0.0131517 1.76023 -6.60821e-05 0.00838833 -0.00239672
256.186 27.0788 0.0128741 1.76019 -1.68823e-05 0.00823443 -0.00247149
256.205 27.0959 0.0125977 1.76019 2.66604e-05 0.0075377 -0.00254504
256.226 27.1129 0.0123227 1.76021 -1.65378e-05 0.00750514 -0.00261821
256.246 27.1297 0.012049 1.76024 -6.10276e-05 0.00695953 -0.0026913
256.265 27.1465 0.0117761 1.76029 -7.37924e-05 0.00761082 -0.00276069
256.286 27.1633 0.0115047 1.76037 -0.00013921 0.0086264 -0.00282992
256.307 27.1799 0.0112342 1.76046 -7.03941e-05 0.00794846 -0.00289505
256.326 27.1964 0.0109655 1.76056 -7.05722e-05 0.00747873 -0.00296232
256.348 27.2127 0.0106983 1.76067 -0.000109562 0.0081945 -0.00303154
256.367 27.229 0.0104323 1.76077 -8.18939e-05 0.00833504 -0.00309528
256.388 27.245 0.0101679 1.76085 -6.53966e-05 0.00687291 -0.00315791
256.407 27.261 0.00990553 1.76095 -0.000185737 0.00776543 -0.00322627
256.427 27.277 0.00964432 1.76108 -0.000223742 0.00850006 -0.00328896
256.451 27.2928 0.00938483 1.76124 -0.000219427 0.00872739 -0.00335258
256.467 27.3084 0.00912745 1.76139 -0.000199686 0.00765306 -0.00341515
256.488 27.3238 0.0088723 1.76156 -0.000225872 0.00827199 -0.00347759
256.507 27.3391 0.00861948 1.76171 -0.00027272 0.00859077 -0.00354
256.528 27.3542 0.00836845 1.76185 -0.000229815 0.00825475 -0.00359561
256.55 27.3691 0.00812032 1.762 -0.000289495 0.00853813 -0.00365553
256.568 27.3837 0.00787498 1.76216 -0.000393439 0.00843603 -0.00371495
256.589 27.3982 0.0076321 1.7623 -0.000429796 0.00833769 -0.00377081
256.609 27.4125 0.00739222 1.76242 -0.00044964 0.00809735 -0.0038365
256.629 27.4267 0.00715543 1.76251 -0.000486357 0.008384 -0.00390777
256.651 27.4406 0.00692164 1.76256 -0.00049737 0.00833161 -0.00397818
256.67 27.4544 0.0066908 1.76258 -0.000478762 0.00825016 -0.00404265
256.694 27.4681 0.00646139 1.76257 -0.000241593 0.0107182 -0.00410269
256.71 27.4814 0.00623773 1.76253 -0.000360315 0.0105785 -0.00417801
256.73 27.4942 0.00601822 1.76255 -0.000511991 0.00900731 -0.00423826
256.752 27.5065 0.00580365 1.76264 -0.000711681 0.0092283 -0.00429333
256.771 27.5184 0.00559331 1.76276 -0.00077181 0.0101015 -0.0043329
256.794 27.5299 0.00538786 1.76287 -0.000785896 0.0114095 -0.00436694
256.811 27.5409 0.00518845 1.76294 -0.000863826 0.0112925 -0.00440386
256.831 27.5515 0.00499466 1.763 -0.00092174 0.0109458 -0.00443562
256.851 27.5618 0.00480701 1.76305 -0.00103853 0.0116375 -0.00446742
256.872 27.5716 0.00462541 1.7631 -0.0011441 0.0129907 -0.00450184
256.892 27.5811 0.00444941 1.76312 -0.00106382 0.01153 -0.00451703
256.912 27.5901 0.00427998 1.76317 -0.00105697 0.0122258 -0.00453731
257.075 27.5988 0.00411751 1.76322 -0.00111951 0.011682 -0.00455464
257.096 27.6071 0.0039611 1.76329 -0.00112433 0.011592 -0.00456847
257.115 27.615 0.00381189 1.76336 -0.00121308 0.0110444 -0.0045839
257.138 27.6226 0.00366891 1.76342 -0.0012558 0.0117661 -0.00459631
257.156 27.6298 0.00353222 1.76346 -0.00118875 0.0108455 -0.00459884
257.176 27.6367 0.00340204 1.76349 -0.00112393 0.0102194 -0.00459975
257.198 27.6432 0.00327789 1.76351 -0.00105283 0.010809 -0.00459854
257.216 27.6494 0.00315981 1.76351 -0.000988612 0.0110785 -0.00459726
257.237 27.6552 0.00304822 1.7635 -0.000994399 0.00977972 -0.00459806
257.256 27.6607 0.00294222 1.76349 -0.000993417 0.00976171 -0.00459649
257.276 27.6659 0.00284184 1.76349 -0.00100885 0.0100859 -0.00459385
257.301 27.6708 0.00274663 1.76347 -0.000968716 0.00989068 -0.00459011
257.317 27.6754 0.00265674 1.76343 -0.000936399 0.00966495 -0.00458758
257.338 27.6798 0.00257178 1.76337 -0.00088131 0.00947961 -0.00458202
257.357 27.6839 0.00249178 1.76328 -0.000839726 0.00925441 -0.00457273
257.377 27.6877 0.00241622 1.76317 -0.000752555 0.0084632 -0.00455953
257.399 27.6912 0.00234536 1.76307 -0.000746833 0.00870329 -0.00455166
257.418 27.6945 0.00227879 1.76297 -0.000710496 0.00756837 -0.0045403
257.441 27.6974 0.00221653 1.7629 -0.000657262 0.00573611 -0.00452656
257.458 27.7 0.00215895 1.76284 -0.000722624 0.00581753 -0.00451864
257.478 27.7023 0.00210478 1.76277 -0.000618285 0.00344683 -0.0045006
257.499 27.7043 0.00205457 1.76275 -0.00058117 0.00379442 -0.00449061
257.519 27.706 0.00200938 1.76274 -0.000672769 0.00250939 -0.00448337
257.54 27.7073 0.0019682 1.76274 -0.000724984 0.00126759 -0.00446788
257.559 27.7084 0.0019311 1.76279 -0.000773105 0.00179353 -0.00445319
257.579 27.7092 0.00189824 1.76285 -0.000819554 0.00211629 -0.0044367
257.601 27.7098 0.00186943 1.7629 -0.000818533 0.00200912 -0.00441956
257.619 27.7102 0.00184536 1.76293 -0.000874756 0.00175948 -0.00440639
257.64 27.7103 0.00182592 1.76294 -0.000960618 0.00253956 -0.00439213
257.66 27.7102 0.00181054 1.76295 -0.000916058 0.00209313 -0.00437078
257.68 27.7098 0.00179947 1.76296 -0.000830439 0.00222913 -0.00434991
257.702 27.7093 0.00179246 1.76297 -0.000706384 0.00222991 -0.00432908
257.721 27.7084 0.00179026 1.76299 -0.000720629 0.00209021 -0.00431264
257.741 27.7074 0.00179201 1.76301 -0.000770834 0.00248974 -0.00429827
257.762 27.7062 0.0017976 1.76303 -0.000802425 0.00223338 -0.00427646
257.782 27.7048 0.0018068 1.76304 -0.000784189 0.00195237 -0.00425564
257.807 27.7031 0.00182024 1.76303 -0.000812488 0.000687692 -0.00423613
257.823 27.7015 0.00183601 1.76303 -0.000701299 0.000615909 -0.00421584
257.844 27.6999 0.00185428 1.76308 -0.000564145 0.00176318 -0.00420255
257.863 27.6982 0.00187482 1.76315 -0.000445677 0.0016355 -0.00418767
257.883 27.6966 0.00189736 1.76323 -0.000355419 0.000657236 -0.00417665
257.908 27.6949 0.00192137 1.76328 -0.000289944 0.00028973 -0.00416781
257.923 27.6933 0.00194653 1.76332 -0.000247068 0.000399684 -0.00415738
257.944 27.6917 0.00197246 1.76334 -0.00018612 0.000245432 -0.00415019
257.963 27.6901 0.00199909 1.76332 -0.000132763 -5.21218e-05 -0.00414435
257.984 27.6885 0.00202627 1.76328 -0.00010341 -0.00015953 -0.0041401
258.004 27.6869 0.00205382 1.76321 -8.55821e-05 -0.000294649 -0.00413413
258.024 27.6853 0.0020817 1.76312 -8.6913e-05 -0.00023465 -0.00413034
258.046 27.6837 0.00210985 1.763 -9.06589e-05 -0.000329898 -0.00412883
258.065 27.6821 0.00213819 1.76285 -9.10218e-05 -0.000369664 -0.00412726
258.085 27.6806 0.00216677 1.76269 -8.96535e-05 -0.000342293 -0.00412934
258.106 27.679 0.00219555 1.76252 -9.0739e-05 -0.000332437 -0.00412775
258.125 27.6775 0.00222462 1.76233 -0.000102432 -0.000399016 -0.00412717
258.147 27.676 0.00225396 1.76213 -0.000122372 -0.000222732 -0.00412836
258.166 27.6746 0.00228367 1.76193 -0.000141914 -0.000327384 -0.00413048
258.186 27.6731 0.00231381 1.76172 -0.00017111 -0.000302042 -0.00412986
258.206 27.6717 0.00234452 1.76151 -0.000207838 -0.000187918 -0.00413401
258.226 27.6703 0.00237583 1.76128 -0.000238518 -0.000143613 -0.00413873
258.248 27.6689 0.0024079 1.76105 -0.000267962 -0.00012152 -0.00414459
258.266 27.6675 0.00244083 1.76082 -0.000295932 -6.97004e-05 -0.00415188
258.287 27.6662 0.00247466 1.76059 -0.000313438 -3.14443e-06 -0.00415593
258.308 27.6649 0.00250949 1.76035 -0.000326345 5.44464e-05 -0.00415816
258.327 27.6636 0.00254541 1.76012 -0.000338287 0.000105326 -0.00416233
258.347 27.6623 0.00258253 1.7599 -0.000361292 0.000172052 -0.00416788
258.367 27.6611 0.00262088 1.75967 -0.000385688 0.000238924 -0.00417579
258.387 27.6598 0.00266051 1.75946 -0.000403968 0.000215598 -0.00418354
258.408 27.6587 0.00270144 1.75925 -0.000420969 0.000390001 -0.00418962
258.427 27.6575 0.00274381 1.75905 -0.000436454 0.000354434 -0.00419559
258.449 27.6564 0.00278777 1.75886 -0.000471009 0.000458518 -0.00420347
258.467 27.6553 0.00283334 1.75868 -0.000500625 0.000410647 -0.0042126
258.488 27.6542 0.00288059 1.75851 -0.000529634 0.00061189 -0.00422032
258.509 27.6531 0.00292965 1.75836 -0.000557144 0.000698832 -0.00422796
258.528 27.6521 0.00298057 1.75821 -0.000569519 0.000563759 -0.00423396
258.55 27.6511 0.00303344 1.75808 -0.000582773 0.000636548 -0.00423989
258.569 27.6502 0.0030882 1.75795 -0.000579821 0.000843461 -0.00424602
258.589 27.6493 0.00314492 1.75784 -0.00056912 0.000752334 -0.00425151
258.61 27.6484 0.00320366 1.75774 -0.000572873 0.00090865 -0.00425756
258.629 27.6475 0.0032644 1.75765 -0.000582953 0.000899172 -0.00426328
258.65 27.6466 0.00332708 1.75756 -0.000588453 0.000995451 -0.00426996
258.67 27.6458 0.00339179 1.75749 -0.000594304 0.000908934 -0.00427622
258.69 27.645 0.00345849 1.75741 -0.000603494 0.000991421 -0.0042825
258.711 27.6443 0.00352737 1.75734 -0.000631698 0.00102746 -0.00428872
258.73 27.6435 0.00359835 1.75727 -0.000653386 0.00106469 -0.0042946
258.753 27.6428 0.00367151 1.7572 -0.000664255 0.000996825 -0.00430025
258.771 27.6422 0.00374703 1.75713 -0.000693918 0.00117463 -0.00430594
258.791 27.6415 0.00382517 1.75707 -0.000763387 0.00117397 -0.00431121
258.812 27.6409 0.00390624 1.757 -0.000881161 0.00119168 -0.00431683
258.831 27.6403 0.0039906 1.75694 -0.00103049 0.00124348 -0.00432228
258.853 27.6397 0.00407875 1.75688 -0.00120093 0.00128607 -0.00432594
258.871 27.6392 0.00417119 1.75682 -0.00136399 0.00134285 -0.0043304
258.891 27.6386 0.00426846 1.75677 -0.00151019 0.00141361 -0.00433295
258.917 27.6382 0.00437123 1.75671 -0.00165199 0.00145804 -0.004338
258.931 27.6377 0.00447994 1.75666 -0.00177788 0.00150269 -0.004344
258.953 27.6373 0.00459502 1.75661 -0.00188071 0.00155304 -0.00434612
258.972 27.6368 0.00471693 1.75657 -0.00197242 0.00158569 -0.00435025
258.992 27.6365 0.004846 1.75652 -0.00205244 0.00160722 -0.00435427
259.013 27.6361 0.00498242 1.75648 -0.00210794 0.00168882 -0.00435582
259.032 27.6358 0.00512654 1.75644 -0.0021525 0.00157913 -0.00435769
259.054 27.6355 0.00527846 1.75641 -0.00218728 0.00170797 -0.0043606
259.073 27.6352 0.00543838 1.75639 -0.00221754 0.00180811 -0.0043633
259.093 27.6349 0.00560627 1.75637 -0.00222503 0.00178201 -0.00436657
259.114 27.6346 0.00578215 1.75636 -0.00221653 0.00175519 -0.0043686
259.133 27.6344 0.00596598 1.75636 -0.00219227 0.00176594 -0.0043714
259.155 27.6342 0.00615773 1.75635 -0.00217283 0.00177665 -0.00437299
259.174 27.634 0.00635733 1.75635 -0.00215855 0.00178597 -0.00437427
259.194 27.6338 0.00656464 1.75634 -0.00214334 0.00180161 -0.0043753
259.215 27.6337 0.00677972 1.75634 -0.00214688 0.00181586 -0.00437659
259.235 27.6336 0.00700258 1.75635 -0.00217415 0.00184565 -0.00437849
259.256 27.6334 0.00723301 1.75635 -0.00217962 0.00187363 -0.00437879
259.275 27.6334 0.007471 1.75636 -0.00215826 0.00188949 -0.00438034
259.295 27.6333 0.00771647 1.75637 -0.00211855 0.00200255 -0.00438203
259.316 27.6332 0.00796933 1.75638 -0.00206933 0.00199918 -0.0043823
259.335 27.6332 0.00822938 1.7564 -0.00201581 0.0018706 -0.0043819
259.357 27.6332 0.00849641 1.75642 -0.00196514 0.00196395 -0.00438286
259.377 27.6332 0.00877027 1.75644 -0.00192706 0.00209062 -0.00438407
259.397 27.6332 0.00905086 1.75647 -0.00190993 0.00205383 -0.00438486
259.417 27.6332 0.009338 1.7565 -0.00189883 0.00201552 -0.0043846
259.437 27.6332 0.00963162 1.75654 -0.00189328 0.00205411 -0.0043825
259.458 27.6333 0.0099317 1.75657 -0.00189435 0.00202322 -0.0043782
259.478 27.6333 0.0102382 1.75661 -0.00190326 0.00203697 -0.00437476
259.498 27.6334 0.0105513 1.75665 -0.00194931 0.00215109 -0.00437289
259.519 27.6335 0.0108711 1.75669 -0.00201814 0.00204018 -0.00437184
259.538 27.6336 0.0111978 1.75674 -0.00209292 0.00216105 -0.00437123
259.558 27.6338 0.0115314 1.7568 -0.00214456 0.00214376 -0.00437007
259.578 27.6339 0.0118723 1.75686 -0.00219455 0.00209764 -0.00436801
259.598 27.6341 0.0122206 1.75693 -0.00223941 0.00210983 -0.00436802
259.62 27.6342 0.0125763 1.75699 -0.00224341 0.00212759 -0.0043679
259.639 27.6344 0.0129395 1.75706 -0.00222942 0.00212202 -0.00436546
259.66 27.6346 0.0133103 1.75713 -0.00224217 0.00211641 -0.00436356
259.68 27.6348 0.0136886 1.7572 -0.00225862 0.00213947 -0.00436184
259.699 27.635 0.0140745 1.75726 -0.00225469 0.00215757 -0.00436208
259.724 27.6352 0.0144678 1.75733 -0.00225104 0.0022609 -0.004362
259.739 27.6355 0.0148686 1.7574 -0.00222767 0.00211898 -0.00436128
259.762 27.6357 0.0152766 1.75747 -0.00218024 0.0021459 -0.00436026
259.78 27.636 0.0156919 1.75755 -0.00214385 0.00227499 -0.00436029
259.8 27.6362 0.0161147 1.75763 -0.00219675 0.0022003 -0.00435911
259.823 27.6365 0.0165456 1.75771 -0.00239207 0.00222136 -0.00435645
259.841 27.6367 0.0169849 1.7578 -0.00265794 0.00226185 -0.00435405
259.862 27.637 0.0174332 1.75788 -0.00291718 0.00225382 -0.00435281
259.881 27.6373 0.0178912 1.75797 -0.00313518 0.00225489 -0.00435234
259.901 27.6376 0.0183596 1.75805 -0.00330927 0.00232484 -0.00435119
259.924 27.6378 0.0188395 1.75812 -0.00347232 0.00222059 -0.00434879
259.942 27.6381 0.0193313 1.75819 -0.00361471 0.00227635 -0.00434613
259.964 27.6384 0.0198355 1.75827 -0.00372215 0.002393 -0.00434441
259.984 27.6387 0.0203525 1.75834 -0.00381626 0.00240694 -0.00434199
260.003 27.639 0.0208827 1.75841 -0.0038899 0.0023717 -0.00433917
260.024 27.6393 0.0214262 1.75848 -0.00394061 0.0023678 -0.00433628
260.043 27.6395 0.0219834 1.75855 -0.00397547 0.00232433 -0.00433386
260.065 27.6398 0.0225545 1.75862 -0.00403238 0.0024167 -0.00433216
260.084 27.6401 0.0231395 1.75869 -0.00409747 0.00243694 -0.00432954
260.104 27.6404 0.0237388 1.75876 -0.00416736 0.00232998 -0.00432899
260.129 27.6407 0.0243523 1.75884 -0.00422416 0.00248331 -0.0043289
260.145 27.641 0.0249803 1.75891 -0.00426096 0.00245565 -0.00432811
260.166 27.6413 0.025623 1.75899 -0.00431337 0.0025545 -0.00432678
260.185 27.6415 0.0262808 1.75907 -0.00440272 0.00248845 -0.00432511
260.205 27.6418 0.0269541 1.75915 -0.00453969 0.00250833 -0.00432323
260.23 27.6421 0.0276427 1.75923 -0.00463976 0.00252273 -0.00432144
260.245 27.6424 0.028347 1.7593 -0.00469321 0.00252184 -0.00431877
260.266 27.6427 0.0290673 1.75938 -0.00473518 0.00251317 -0.00431783
260.285 27.643 0.0298038 1.75944 -0.00476646 0.00250871 -0.00431632
260.305 27.6432 0.0305562 1.75951 -0.00473131 0.00250719 -0.00431387
260.326 27.6435 0.0313243 1.75957 -0.00464507 0.00250361 -0.00431065
260.346 27.6438 0.0321079 1.75962 -0.00452086 0.00249563 -0.00430748
260.367 27.644 0.0329065 1.75967 -0.00437321 0.00249376 -0.00430516
260.386 27.6443 0.0337195 1.75972 -0.00420342 0.002496 -0.00430619
260.406 27.6446 0.0345463 1.75976 -0.00404825 0.00249582 -0.00430488
260.43 27.6448 0.0353868 1.7598 -0.00396015 0.00250042 -0.00430358
260.446 27.6451 0.0362402 1.75984 -0.00390075 0.00250252 -0.00430179
260.467 27.6453 0.0371059 1.75987 -0.00379741 0.0025018 -0.0043006
260.487 27.6456 0.0379835 1.75991 -0.00366151 0.00251206 -0.00429835
260.507 27.6458 0.0388726 1.75994 -0.00353329 0.00252676 -0.00429643
260.527 27.6461 0.0397727 1.75998 -0.00341137 0.00253545 -0.00429391
260.547 27.6463 0.0406831 1.76002 -0.00326233 0.00253789 -0.00429098
260.568 27.6466 0.0416034 1.76006 -0.00312166 0.00253476 -0.00428728
260.587 27.6468 0.0425332 1.7601 -0.00301532 0.00252922 -0.00428353
260.608 27.647 0.043472 1.76014 -0.00295843 0.00252246 -0.00428235
260.629 27.6473 0.0444194 1.76018 -0.00289109 0.00251632 -0.0042826
260.648 27.6475 0.0453751 1.76023 -0.00282922 0.0025144 -0.00427981
260.669 27.6477 0.0463389 1.76027 -0.00278834 0.00251108 -0.00427884
260.689 27.648 0.0473105 1.76031 -0.00275618 0.00250436 -0.00427821
260.709 27.6482 0.0482899 1.76035 -0.00273368 0.00249846 -0.00428126
260.73 27.6484 0.0492769 1.76039 -0.00272302 0.00249227 -0.00428098
260.749 27.6486 0.0502715 1.76043 -0.0027262 0.00248634 -0.00428123
260.77 27.6488 0.0512736 1.76046 -0.00273638 0.00248578 -0.00428699
260.789 27.6491 0.0522831 1.7605 -0.00272548 0.00258125 -0.00428291
260.809 27.6493 0.0533007 1.76054 -0.00282867 0.00251512 -0.00428139
260.832 27.6494 0.0543276 1.76059 -0.00316511 0.00237363 -0.00428058
260.85 27.6496 0.0553646 1.76064 -0.00365931 0.00256064 -0.00428341
260.871 27.6498 0.0564129 1.76069 -0.00419089 0.00252753 -0.004285
260.891 27.65 0.0574741 1.76076 -0.00469566 0.0026126 -0.004287
260.91 27.6502 0.0585499 1.76082 -0.00512466 0.00259874 -0.00428696
260.935 27.6503 0.0596423 1.7609 -0.00551963 0.00255206 -0.00428643
260.951 27.6505 0.0607525 1.76097 -0.00586086 0.00252326 -0.00428639
260.972 27.6506 0.0618818 1.76104 -0.00616085 0.00243524 -0.00428624
260.991 27.6508 0.0630314 1.76112 -0.00639824 0.00252336 -0.00428629
261.011 27.6509 0.0642019 1.7612 -0.00657862 0.00247643 -0.0042859
261.033 27.651 0.0653944 1.76128 -0.00672553 0.00249346 -0.00428649
261.052 27.6511 0.0666091 1.76136 -0.00683326 0.00247225 -0.00428849
261.073 27.6512 0.0678465 1.76143 -0.00690316 0.00236575 -0.00428771
261.092 27.6513 0.0691068 1.76151 -0.00694243 0.00242265 -0.00428741
261.112 27.6514 0.0703899 1.76158 -0.00694759 0.0025652 -0.00428645
261.133 27.6515 0.071696 1.76166 -0.00693204 0.00246379 -0.00428346
261.153 27.6516 0.0730255 1.76173 -0.00698025 0.0023311 -0.00428155
261.174 27.6516 0.0743783 1.7618 -0.00706394 0.00241281 -0.00427959
261.193 27.6517 0.0757539 1.76187 -0.00707516 0.00256801 -0.00427818
261.213 27.6518 0.0771526 1.76194 -0.00703363 0.00245272 -0.00427612
261.234 27.6518 0.0785739 1.76201 -0.00694104 0.0024585 -0.00427611
261.253 27.6519 0.0800176 1.76208 -0.0068053 0.00250066 -0.00427656
261.275 27.6519 0.0814831 1.76215 -0.00663281 0.00258738 -0.0042746
261.294 27.652 0.0829697 1.76222 -0.00645474 0.00248812 -0.00427211
261.314 27.652 0.0844771 1.76228 -0.00631908 0.0024978 -0.00426997
261.334 27.6521 0.0860045 1.76235 -0.00619694 0.00239629 -0.00426524
261.354 27.6521 0.0875515 1.76241 -0.00610393 0.00249295 -0.004263
261.375 27.6521 0.0891173 1.76247 -0.00601393 0.00250099 -0.00425978
261.395 27.6521 0.0907021 1.76254 -0.00599988 0.00256067 -0.0042564
261.415 27.6521 0.0923061 1.7626 -0.00610703 0.00246073 -0.00425315
261.436 27.6521 0.0939292 1.76267 -0.00626233 0.00248372 -0.00425129
261.455 27.6521 0.0955708 1.76273 -0.00629701 0.00247887 -0.00424835
261.476 27.6521 0.0972312 1.76279 -0.00622062 0.00241466 -0.00424612
261.495 27.6521 0.0989102 1.76286 -0.00607165 0.00245965 -0.00424273
261.515 27.652 0.100608 1.76292 -0.00595605 0.00241839 -0.00423845
261.538 27.652 0.102324 1.76298 -0.00597834 0.00247908 -0.00423812
261.556 27.652 0.104059 1.76305 -0.00608966 0.0023527 -0.0042344
261.577 27.6519 0.105812 1.76311 -0.00624369 0.00248088 -0.00423198
261.596 27.6518 0.107584 1.76317 -0.00632325 0.00240334 -0.00422738
261.617 27.6518 0.109374 1.76323 -0.00642642 0.00239227 -0.00422335
261.638 27.6517 0.111184 1.7633 -0.00645168 0.00244618 -0.00422173
261.657 27.6516 0.113013 1.76336 -0.00634144 0.00245126 -0.0042191
261.679 27.6516 0.11486 1.76342 -0.00614003 0.00241595 -0.00421729
261.697 27.6515 0.116724 1.76347 -0.00590131 0.00238613 -0.00421385
261.717 27.6514 0.118606 1.76352 -0.00563367 0.00243673 -0.00421103
261.742 27.6513 0.120504 1.76356 -0.00543064 0.00238037 -0.00421328
261.759 27.6512 0.122418 1.7636 -0.00550863 0.0023058 -0.00421263
261.78 27.6511 0.124349 1.76365 -0.00567076 0.00234689 -0.00421073
261.799 27.651 0.126295 1.7637 -0.0057063 0.00247138 -0.00420829
261.819 27.6509 0.128258 1.76375 -0.00580227 0.00238146 -0.00420529
261.843 27.6508 0.130238 1.7638 -0.0062201 0.00234738 -0.00420462
261.859 27.6507 0.132239 1.76386 -0.00693703 0.00239857 -0.00420307
261.88 27.6505 0.134262 1.76391 -0.0078494 0.00243465 -0.00420035
261.899 27.6504 0.136309 1.76396 -0.00884826 0.00243378 -0.00419955
261.92 27.6502 0.138385 1.764 -0.00980162 0.00245951 -0.00419697
261.941 27.6501 0.140491 1.76405 -0.010615 0.0024224 -0.00419301
261.96 27.6499 0.142631 1.76408 -0.0111614 0.00243409 -0.00419226
261.981 27.6497 0.144806 1.76412 -0.0114486 0.0024422 -0.00419034
262.001 27.6496 0.147017 1.76415 -0.0115467 0.00251201 -0.00418598
262.021 27.6494 0.149266 1.76418 -0.0115049 0.00233069 -0.00417843
262.042 27.6492 0.151552 1.76421 -0.0113802 0.0024174 -0.00417978
262.061 27.649 0.153874 1.76424 -0.01115 0.00259393 -0.00418097
262.082 27.6488 0.156233 1.76427 -0.0108318 0.00250248 -0.00417839
262.101 27.6486 0.158626 1.76431 -0.0105328 0.00246857 -0.00417919
262.121 27.6484 0.161053 1.76435 -0.010223 0.00252453 -0.00417763
262.142 27.6482 0.163511 1.76438 -0.0099139 0.00244678 -0.00417494
262.162 27.648 0.166002 1.76442 -0.00966133 0.00237401 -0.0041714
262.184 27.6478 0.168522 1.76445 -0.00956767 0.00242265 -0.00417057
262.202 27.6476 0.171073 1.76449 -0.00946826 0.00253998 -0.00417121
262.222 27.6474 0.173651 1.76453 -0.00926643 0.00254836 -0.00416768
262.243 27.6471 0.176257 1.76456 -0.00893728 0.00238166 -0.00416842
262.262 27.6469 0.178889 1.7646 -0.008576 0.00248089 -0.00417039
262.285 27.6467 0.181546 1.76464 -0.00821748 0.00249024 -0.00417178
262.303 27.6464 0.184227 1.76467 -0.00786484 0.00250003 -0.00416878
262.323 27.6462 0.18693 1.7647 -0.00751905 0.00247333 -0.00416686
262.346 27.646 0.189653 1.76473 -0.00718497 0.00244493 -0.00416335
262.365 27.6457 0.192397 1.76476 -0.00687982 0.00243699 -0.0041625
262.388 27.6455 0.195158 1.76478 -0.00661663 0.00243872 -0.00416089
262.406 27.6452 0.197937 1.7648 -0.00638838 0.00253562 -0.00415973
262.425 27.645 0.200732 1.76482 -0.00630611 0.00233982 -0.00415851
262.446 27.6447 0.203545 1.76484 -0.00646908 0.00241817 -0.00415905
262.466 27.6445 0.206375 1.76487 -0.0068262 0.00240847 -0.00415947
262.487 27.6442 0.209225 1.76489 -0.007387 0.00230937 -0.00415823
262.506 27.6439 0.212095 1.76492 -0.00807965 0.00241685 -0.00415825
262.526 27.6436 0.214987 1.76494 -0.00875102 0.0024171 -0.00415668
262.549 27.6434 0.217902 1.76496 -0.00917429 0.00233208 -0.00415319
262.567 27.6431 0.220843 1.76499 -0.00928643 0.00244219 -0.00415168
262.589 27.6428 0.223809 1.76502 -0.00918701 0.00242304 -0.00414681
262.608 27.6425 0.226802 1.76505 -0.0091432 0.00227271 -0.00414074
262.628 27.6422 0.229821 1.76508 -0.00912801 0.00232268 -0.00413413
262.649 27.6419 0.232865 1.76512 -0.00892784 0.00241473 -0.00412826
262.668 27.6416 0.235933 1.76516 -0.00855542 0.00250226 -0.00412485
262.688 27.6412 0.239025 1.76519 -0.0081976 0.00245468 -0.00412409
262.708 27.6409 0.242141 1.76523 -0.00815156 0.002427 -0.00412167
262.728 27.6406 0.245281 1.76527 -0.0084757 0.00235621 -0.00412222
262.748 27.6402 0.248445 1.76532 -0.00884752 0.00251245 -0.00412134
262.768 27.6399 0.251631 1.76538 -0.00892004 0.00247269 -0.00412281
262.79 27.6396 0.254841 1.76543 -0.00874606 0.00245017 -0.00412177
262.808 27.6392 0.258073 1.76548 -0.00842444 0.0025043 -0.00412045
262.828 27.6389 0.261328 1.76553 -0.00813961 0.00247595 -0.00411886
262.85 27.6385 0.264607 1.76558 -0.00826222 0.00242413 -0.00411932
262.869 27.6381 0.267911 1.76563 -0.00875047 0.00242283 -0.0041183
262.89 27.6378 0.271238 1.76569 -0.00933134 0.00239935 -0.00411609
262.909 27.6374 0.274591 1.76574 -0.00987231 0.00248046 -0.00411711
262.93 27.637 0.277972 1.76579 -0.0103398 0.00235709 -0.0041176
262.953 27.6366 0.281381 1.76583 -0.0107394 0.00246402 -0.00412099
262.97 27.6362 0.284822 1.76588 -0.0110782 0.00237177 -0.00411994
262.993 27.6358 0.288294 1.76592 -0.0113362 0.00247149 -0.00412391
263.011 27.6354 0.291799 1.76595 -0.0114973 0.00240911 -0.00412485
263.031 27.635 0.295337 1.76599 -0.0115715 0.00250944 -0.00412604
263.052 27.6346 0.298909 1.76602 -0.0115565 0.00240514 -0.00412418
263.072 27.6342 0.302514 1.76606 -0.011449 0.00248902 -0.00412306
263.093 27.6338 0.306151 1.76609 -0.0112491 0.0023614 -0.00412064
263.111 27.6334 0.30982 1.76611 -0.0110119 0.0024463 -0.00411825
263.131 27.633 0.313521 1.76614 -0.0107556 0.00237611 -0.00411338
263.153 27.6326 0.317251 1.76616 -0.0104427 0.00238127 -0.00411516
263.172 27.6322 0.32101 1.76618 -0.0100576 0.00237677 -0.00411216
263.193 27.6317 0.324796 1.76619 -0.0096512 0.00236459 -0.00410936
263.212 27.6313 0.328607 1.7662 -0.00929003 0.00236645 -0.00410718
263.233 27.6309 0.332444 1.76621 -0.00909119 0.00234533 -0.0041028
263.254 27.6305 0.336305 1.76622 -0.00909238 0.00228114 -0.00409992
263.273 27.63 0.34019 1.76623 -0.00916606 0.00234157 -0.00409854
263.294 27.6296 0.344097 1.76624 -0.00917727 0.00241003 -0.00409776
263.313 27.6292 0.348029 1.76625 -0.00919884 0.00224174 -0.00409682
263.334 27.6287 0.351984 1.76626 -0.00941728 0.00229398 -0.00409613
263.355 27.6283 0.355965 1.76626 -0.00977503 0.00245872 -0.0040962
263.373 27.6278 0.359972 1.76627 -0.0102057 0.00244419 -0.00409145
263.395 27.6274 0.364006 1.76627 -0.0106694 0.00245321 -0.00409051
263.414 27.6269 0.368069 1.76628 -0.011235 0.00243874 -0.00409018
263.434 27.6264 0.372164 1.76628 -0.0118357 0.00235786 -0.0040856
263.459 27.6259 0.37629 1.76629 -0.012174 0.00247578 -0.00408338
263.475 27.6255 0.380448 1.76629 -0.0121189 0.00249213 -0.00408171
263.497 27.625 0.384639 1.7663 -0.0117841 0.00253481 -0.00408343
263.515 27.6245 0.388862 1.76631 -0.011499 0.0024886 -0.00408422
263.535 27.6249 0.389423 1.76577 -0.0105691 0.00283771 -0.00140299
263.557 27.6251 0.389434 1.76525 -0.010035 0.00221845 -0.00126878
263.575 27.6252 0.389415 1.765 -0.00992495 0.00129321 -0.00116149
263.597 27.6253 0.389367 1.76503 -0.0100469 0.00116283 -0.00102772
263.617 27.6254 0.389298 1.76527 -0.0104875 0.00109999 -0.000935145
263.636 27.6254 0.389225 1.76565 -0.0111007 0.00109999 -0.000894646
263.659 27.6254 0.38913 1.76612 -0.0119389 0.00120978 -0.000865272
263.677 27.6254 0.389027 1.76667 -0.0128605 0.00124923 -0.000854425
263.7 27.6254 0.388888 1.76729 -0.0140434 0.00134223 -0.000869087
263.717 27.6254 0.388748 1.76797 -0.0153347 0.00174513 -0.000878989
263.737 27.6253 0.388603 1.76871 -0.0166823 0.00213028 -0.000899741
263.758 27.6253 0.388457 1.76951 -0.0181238 0.00254173 -0.000895844
263.778 27.6253 0.388314 1.77034 -0.019711 0.00328531 -0.000821736
263.798 27.6252 0.388173 1.77117 -0.0211491 0.00350175 -0.000818433
263.818 27.6252 0.388031 1.77202 -0.0227682 0.00390503 -0.000747698
264.001 27.6252 0.387894 1.77288 -0.024253 0.00414936 -0.000712633
264.018 27.6253 0.38779 1.77371 -0.0253929 0.00400291 -0.000661964
264.038 27.6253 0.387751 1.77445 -0.0257791 0.00371975 -0.00062951
264.059 27.6254 0.387738 1.77509 -0.0258571 0.00339856 -0.000598653
264.081 27.6254 0.387746 1.77559 -0.0256996 0.00299719 -0.000569318
264.099 27.6255 0.387779 1.77597 -0.0252442 0.0026405 -0.000541431
264.119 27.6256 0.38784 1.77624 -0.0244616 0.00232143 -0.000514918
264.139 27.6257 0.387918 1.7764 -0.0234825 0.00196522 -0.000489716
264.16 27.6258 0.388 1.77647 -0.0224671 0.00168799 -0.000465741
264.18 27.626 0.388082 1.77646 -0.0214673 0.00150386 -0.000442932
264.199 27.6261 0.388162 1.77637 -0.020501 0.00121047 -0.000421251
264.22 27.6263 0.388234 1.7762 -0.0196321 0.0010412 -0.000400619
264.24 27.6265 0.388306 1.77599 -0.0187772 0.000963214 -0.000380991
264.261 27.6268 0.388374 1.77572 -0.017963 0.000767368 -0.000362333
264.28 27.627 0.388436 1.77539 -0.0172278 0.000702546 -0.000344579
264.3 27.6273 0.388498 1.77497 -0.0165126 0.000704083 -0.000313088
264.323 27.6277 0.388563 1.77451 -0.015755 0.000704414 -0.000297743
264.34 27.628 0.388634 1.77404 -0.0149132 0.000784977 -0.00027445
264.362 27.6285 0.388717 1.77358 -0.0139707 0.000870397 -0.000257979
264.381 27.6289 0.388783 1.77313 -0.0132065 0.000793434 -0.000239798
264.401 27.6294 0.388861 1.7727 -0.0123181 0.000969206 -0.000222148
264.422 27.6299 0.388928 1.77229 -0.0115667 0.00108736 -0.00021125
264.441 27.6305 0.388992 1.77188 -0.0108284 0.0010929 -0.000187903
264.464 27.6312 0.389056 1.7715 -0.0101199 0.00124017 -0.000178573
264.482 27.6319 0.389111 1.77113 -0.00950207 0.00119864 -0.000161664
264.502 27.6326 0.389168 1.77079 -0.00884552 0.00140637 -0.000142202
264.525 27.6334 0.389224 1.77047 -0.00822543 0.00149691 -0.00013048
264.542 27.6343 0.389272 1.77016 -0.00769746 0.00149474 -0.000119489
264.564 27.6353 0.389318 1.76987 -0.00719945 0.00143581 -0.000110231
264.583 27.6363 0.389359 1.7696 -0.00673212 0.00152046 -9.29282e-05
264.603 27.6374 0.389397 1.76935 -0.00620473 0.00152431 -6.54218e-05
264.627 27.6385 0.389436 1.76913 -0.00577463 0.00180567 1.99969e-05
264.643 27.6397 0.389462 1.76893 -0.00522129 0.00154945 0.000118433
264.666 27.641 0.389495 1.76877 -0.004796 0.00158874 0.000171028
264.684 27.6424 0.389524 1.76862 -0.00439386 0.00126512 0.000204017
264.704 27.6439 0.38955 1.7685 -0.0040993 0.00165247 0.000220965
264.725 27.6454 0.389582 1.76841 -0.00378237 0.00208386 0.000220152
264.744 27.6471 0.389605 1.76835 -0.00359377 0.00190358 0.000194864
264.765 27.6489 0.389637 1.76832 -0.00338378 0.0015742 0.000169324
264.785 27.6508 0.389673 1.76831 -0.00307171 0.00191972 0.000131436
264.805 27.6527 0.389709 1.76833 -0.00269861 0.00156049 0.000114848
264.829 27.6549 0.389755 1.7684 -0.00228782 0.00191566 8.58991e-05
264.845 27.6571 0.389793 1.76853 -0.00192129 0.00210596 3.8377e-05
264.867 27.6595 0.389835 1.76869 -0.00157131 0.00181564 -7.72485e-06
264.886 27.6619 0.38984 1.76885 -0.00158543 0.0016599 4.11029e-05
264.906 27.6644 0.389823 1.76899 -0.00152573 0.000846714 5.44593e-05
264.927 27.6671 0.389813 1.76914 -0.00159084 0.00154497 5.8443e-05
264.947 27.6699 0.38981 1.76934 -0.00155252 0.00266107 4.85021e-05
264.968 27.6728 0.38981 1.76955 -0.00127085 0.00166968 3.36502e-05
264.987 27.6757 0.389816 1.76977 -0.000987206 0.00115247 1.10053e-05
265.007 27.6788 0.389824 1.76997 -0.000582356 -0.00058912 -2.17968e-05
265.031 27.6822 0.389837 1.77022 -0.000492865 0.00209603 -6.22614e-05
265.047 27.6858 0.389851 1.7705 -0.000176053 0.00198584 -0.000113342
265.067 27.6896 0.389865 1.7708 0.000248615 0.00151975 -0.000174172
265.087 27.6936 0.389877 1.77106 0.000446717 0.00124285 3.8815e-05
265.107 27.6978 0.389865 1.77129 0.000267088 0.00158746 0.000301676
265.128 27.7022 0.389844 1.77145 0.000158697 0.00186464 0.000600806
265.147 27.7069 0.389799 1.77157 9.82866e-05 0.00214589 0.000913019
265.169 27.7117 0.389734 1.77165 9.2703e-05 0.00236242 0.00123003
265.188 27.7167 0.389656 1.77168 0.000104565 0.00228856 0.00160561
265.208 27.722 0.389554 1.77167 0.000192454 0.00204299 0.00191415
265.234 27.7274 0.38944 1.77164 0.000430514 0.00251118 0.00221542
265.249 27.7331 0.389312 1.77157 0.000618527 0.00242134 0.00257519
265.27 27.7389 0.389177 1.77148 0.000775002 0.00245734 0.00294767
265.29 27.745 0.389029 1.77136 0.000994083 0.00240514 0.00335314
265.31 27.7513 0.388869 1.77124 0.00124366 0.00261366 0.00375389
265.331 27.7577 0.3887 1.7711 0.00152729 0.00225425 0.00417368
265.35 27.7643 0.388521 1.77095 0.00169023 0.00267111 0.00459831
265.371 27.7711 0.388336 1.77079 0.00215515 0.00233671 0.00494214
265.39 27.7781 0.388143 1.77063 0.00277407 0.00220118 0.00523785
265.41 27.7852 0.387938 1.77048 0.00321007 0.00222794 0.0055576
265.434 27.7925 0.387721 1.77032 0.00371659 0.0020213 0.00580658
265.451 27.8 0.387492 1.77016 0.00424942 0.0019258 0.00601122
265.473 27.8076 0.387249 1.76998 0.00478236 0.0014647 0.00617387
265.491 27.8155 0.386989 1.76982 0.00528275 0.00181368 0.00629968
265.511 27.8235 0.38671 1.76965 0.00579244 0.00207669 0.00638794
265.532 27.8316 0.386413 1.76949 0.00601216 0.00172685 0.00645208
265.552 27.8398 0.386094 1.76935 0.00619615 0.00170463 0.00647741
265.574 27.8482 0.385753 1.76923 0.00637583 0.00159633 0.00646856
265.593 27.8567 0.38539 1.76912 0.00656997 0.00218775 0.00643069
265.613 27.8653 0.385004 1.769 0.0065462 0.00209468 0.00636845
265.634 27.874 0.384595 1.76888 0.00638065 0.00125042 0.00627946
265.653 27.8829 0.384162 1.76878 0.00646117 0.00190337 0.00616592
265.675 27.8919 0.383708 1.7687 0.00635669 0.0030291 0.0060383
265.694 27.901 0.38323 1.76863 0.00645285 0.00241101 0.00587645
265.714 27.9103 0.38273 1.76859 0.00637768 0.00220181 0.00570051
265.734 27.9196 0.382208 1.76855 0.00623995 0.00229711 0.00551036
265.754 27.929 0.381663 1.76851 0.00615478 0.00260002 0.00530455
265.776 27.9384 0.381097 1.76847 0.00596615 0.00241984 0.00508292
265.794 27.948 0.380511 1.76842 0.00564306 0.00139678 0.00484896
265.814 27.9577 0.379905 1.7684 0.00560868 0.00340038 0.00460868
265.836 27.9675 0.379278 1.76842 0.00562761 0.00340248 0.00434156
265.856 27.9774 0.378632 1.7685 0.00552702 0.00235616 0.00406554
265.877 27.9873 0.377968 1.7686 0.00531275 0.00244904 0.00379056
265.896 27.9972 0.377286 1.76869 0.00503506 0.0028375 0.00350998
265.915 28.0072 0.376586 1.76878 0.00477211 0.00303868 0.00322105
265.937 28.0172 0.37587 1.76883 0.00458229 0.00163862 0.00291639
265.956 28.0274 0.37514 1.76891 0.00419783 0.00294428 0.00262081
265.977 28.0377 0.374394 1.76903 0.00410102 0.00299384 0.00230991
265.996 28.0481 0.373635 1.76919 0.00404488 0.00394866 0.00200142
266.016 28.0585 0.372861 1.76937 0.0042473 0.00279165 0.00167901
266.042 28.0689 0.372074 1.76958 0.00421894 0.0033468 0.00136221
266.057 28.0793 0.371275 1.76978 0.00402562 0.00383142 0.00104715
266.078 28.0897 0.370462 1.76995 0.00382097 0.0037943 0.000730104
266.097 28.1002 0.369638 1.77009 0.00355498 0.00369114 0.000416765
266.117 28.1106 0.368802 1.77019 0.00329458 0.0037367 0.000106974
266.141 28.1211 0.367957 1.77024 0.00300074 0.00370592 -0.000196916
266.159 28.1315 0.367102 1.77026 0.00268865 0.00370675 -0.000498759
266.181 28.1419 0.36624 1.77024 0.00240141 0.00372972 -0.000795287
266.2 28.1523 0.365372 1.77018 0.00211161 0.00374497 -0.00108541
266.219 28.1627 0.364498 1.77009 0.00183736 0.00375245 -0.00137252
266.241 28.173 0.363619 1.76997 0.00157591 0.00370948 -0.00165123
266.26 28.1833 0.362737 1.76983 0.00131739 0.00377709 -0.00192082
266.281 28.1936 0.361853 1.76967 0.00110774 0.003945 -0.0021882
266.3 28.2038 0.360967 1.76949 0.00087628 0.003841 -0.00244828
266.321 28.2139 0.360081 1.7693 0.000642541 0.00379092 -0.00270007
266.341 28.224 0.359195 1.7691 0.000449284 0.00404492 -0.00294581
266.36 28.234 0.35831 1.7689 0.000234738 0.00395434 -0.00318554
266.381 28.2439 0.357427 1.7687 4.99348e-05 0.00412699 -0.0034159
266.401 28.2538 0.356547 1.7685 -9.96513e-05 0.00412196 -0.00364035
266.421 28.2635 0.35567 1.76831 -0.000273143 0.00402555 -0.0038583
266.442 28.2732 0.354797 1.76812 -0.000458218 0.00378152 -0.00406438
266.461 28.2828 0.353929 1.76793 -0.000560457 0.0040714 -0.00426039
266.484 28.2924 0.353066 1.76776 -0.000681507 0.0044015 -0.00444948
266.502 28.3019 0.352208 1.76758 -0.000716496 0.00417774 -0.00463124
266.522 28.3113 0.351356 1.7674 -0.000766242 0.00403862 -0.00480628
266.543 28.3205 0.35051 1.76722 -0.000835296 0.00400746 -0.00497103
266.562 28.3298 0.34967 1.76704 -0.000869023 0.00406169 -0.00512628
266.583 28.3389 0.348836 1.76687 -0.000978997 0.00437223 -0.00527408
266.602 28.3479 0.34801 1.7667 -0.00100563 0.0043684 -0.00541369
266.622 28.3568 0.34719 1.76654 -0.000987587 0.00430651 -0.00554654
266.644 28.3656 0.346378 1.76638 -0.00111487 0.00433651 -0.0056757
266.663 28.3743 0.345573 1.76623 -0.00125826 0.00418797 -0.005796
266.684 28.3828 0.344777 1.76608 -0.00145778 0.00404873 -0.00590983
266.704 28.3912 0.34399 1.76594 -0.00164618 0.00455016 -0.00601896
266.723 28.3994 0.343212 1.7658 -0.00168314 0.00471929 -0.00611735
266.748 28.4076 0.342444 1.76567 -0.00192442 0.00445479 -0.0062088
266.763 28.4156 0.341687 1.76556 -0.00208264 0.00436293 -0.00629236
266.785 28.4234 0.34094 1.76546 -0.00218532 0.00435555 -0.00636882
266.804 28.4311 0.340206 1.76537 -0.00226936 0.00469664 -0.00643919
266.824 28.4386 0.339483 1.76529 -0.00230731 0.00450387 -0.0065039
266.844 28.446 0.338772 1.76521 -0.00234216 0.00470542 -0.00656074
266.864 28.4533 0.338075 1.76514 -0.00258096 0.00472678 -0.00662123
266.887 28.4603 0.33739 1.76509 -0.00272819 0.00460935 -0.00667061
266.904 28.4672 0.336719 1.76503 -0.00280718 0.00464875 -0.00671202
266.925 28.474 0.336063 1.76499 -0.00300485 0.00459004 -0.00675337
266.945 28.4805 0.335421 1.76496 -0.0030821 0.00484018 -0.00678719
266.965 28.4869 0.334794 1.76492 -0.00321666 0.00443312 -0.00681756
266.989 28.4931 0.334183 1.7649 -0.00332556 0.00484409 -0.00684572
267.006 28.4992 0.333588 1.76488 -0.00341466 0.00451771 -0.00686623
267.026 28.505 0.333009 1.76487 -0.00344314 0.00422318 -0.00687904
267.046 28.5108 0.332446 1.76486 -0.00356096 0.00446992 -0.00689425
267.066 28.5164 0.3319 1.76486 -0.00360725 0.00459149 -0.00690311
267.087 28.5218 0.33137 1.76486 -0.00351957 0.00423748 -0.0069055
267.106 28.5271 0.330857 1.76486 -0.00356329 0.00414204 -0.00690854
267.126 28.5322 0.330359 1.76486 -0.0034637 0.00429395 -0.00690636
267.15 28.5372 0.329878 1.76485 -0.00342569 0.00433232 -0.00690569
267.167 28.542 0.329413 1.76484 -0.0034002 0.00412696 -0.00690068
267.19 28.5467 0.328964 1.76484 -0.0032922 0.00388676 -0.00688987
267.207 28.5512 0.32853 1.76485 -0.00334763 0.00384876 -0.00688283
267.227 28.5556 0.328112 1.76485 -0.00330682 0.00367704 -0.00686843
267.25 28.5599 0.327707 1.76486 -0.00319314 0.00376584 -0.0068519
267.268 28.564 0.327318 1.76486 -0.00304882 0.00402721 -0.00683443
267.29 28.568 0.326943 1.76484 -0.00304446 0.00357168 -0.0068139
267.309 28.5719 0.326581 1.76483 -0.00296348 0.00349392 -0.00679032
267.329 28.5757 0.326233 1.76481 -0.00288397 0.00366455 -0.00676549
267.352 28.5793 0.325899 1.76478 -0.00288303 0.00365146 -0.00673944
267.369 28.5828 0.325577 1.76477 -0.00275578 0.00336414 -0.0067054
267.391 28.5862 0.325268 1.76475 -0.00271011 0.00342706 -0.00667601
267.41 28.5894 0.324971 1.76473 -0.00265557 0.00346212 -0.00664566
267.43 28.5925 0.324686 1.7647 -0.00257699 0.00326742 -0.00661179
267.451 28.5956 0.324413 1.76467 -0.00253812 0.00328223 -0.00657581
267.47 28.5985 0.324152 1.76464 -0.00252659 0.00352158 -0.00654046
267.492 28.6013 0.323902 1.76459 -0.00242629 0.00305014 -0.00650154
267.511 28.604 0.323662 1.76455 -0.00234763 0.00319275 -0.00646487
267.531 28.6065 0.323434 1.76452 -0.00231876 0.0032697 -0.00642614
267.553 28.609 0.323215 1.76448 -0.0022311 0.00328711 -0.00638553
267.572 28.6113 0.323008 1.76444 -0.00220304 0.00286663 -0.00634674
267.593 28.6136 0.32281 1.76441 -0.00218327 0.00294447 -0.00630841
267.612 28.6157 0.322622 1.76438 -0.00215384 0.00291776 -0.00627177
267.632 28.6178 0.322443 1.76435 -0.00210787 0.00306535 -0.0062369
267.654 28.6197 0.322274 1.76431 -0.00203356 0.00277719 -0.00619905
267.673 28.6216 0.322113 1.76426 -0.00198216 0.00262294 -0.00616371
267.693 28.6233 0.321962 1.76423 -0.00193497 0.00282196 -0.00612659
267.713 28.625 0.321819 1.76419 -0.00188567 0.00282216 -0.00609004
267.733 28.6266 0.321685 1.76415 -0.00185347 0.0025721 -0.00605243
267.754 28.6281 0.321558 1.76412 -0.00183544 0.00264066 -0.00601751
267.773 28.6295 0.32144 1.76408 -0.00181425 0.00258855 -0.00597726
267.794 28.6308 0.32133 1.76405 -0.00178995 0.00242536 -0.0059392
267.813 28.6321 0.321228 1.76402 -0.00175621 0.00262515 -0.00590181
267.834 28.6332 0.321133 1.76398 -0.00171946 0.00240444 -0.00586624
267.857 28.6343 0.321046 1.76396 -0.00171662 0.00228499 -0.00583145
267.874 28.6353 0.320967 1.76394 -0.00170898 0.0023275 -0.00579465
267.895 28.6362 0.320895 1.76392 -0.00169656 0.00224362 -0.0057589
267.914 28.637 0.32083 1.7639 -0.00166432 0.0022597 -0.00572343
267.934 28.6378 0.320772 1.76387 -0.00161208 0.00231786 -0.00568975
267.955 28.6385 0.32072 1.76385 -0.00153653 0.00235161 -0.00565687
267.974 28.6392 0.320675 1.76381 -0.00148099 0.0021704 -0.00562392
267.996 28.6398 0.320637 1.76378 -0.00142388 0.00233995 -0.00559157
268.015 28.6403 0.320604 1.76374 -0.00135287 0.00202536 -0.00555894
268.035 28.6408 0.320577 1.76371 -0.00127518 0.00183475 -0.00552729
268.056 28.6412 0.320556 1.76369 -0.00124593 0.00189586 -0.00549551
268.075 28.6415 0.32054 1.76367 -0.00115484 0.00184161 -0.00546239
268.098 28.6419 0.320528 1.76368 -0.00107399 0.00180892 -0.00543238
268.116 28.6422 0.320521 1.76368 -0.00100917 0.0017088 -0.00540364
268.136 28.6424 0.320518 1.76369 -0.000960118 0.00175371 -0.00537474
268.157 28.6427 0.320519 1.7637 -0.000908365 0.00165799 -0.00534524
268.177 28.6429 0.320524 1.7637 -0.000878832 0.00168205 -0.00531592
268.198 28.6431 0.320532 1.76371 -0.000765538 0.00164528 -0.00528706
268.217 28.6432 0.320544 1.76371 -0.000675406 0.00159968 -0.00525953
268.237 28.6433 0.320558 1.76371 -0.000606083 0.00164419 -0.0052332
268.259 28.6435 0.320574 1.76371 -0.000523128 0.00174761 -0.00520646
268.278 28.6436 0.320593 1.7637 -0.000438751 0.00163899 -0.00518175
268.299 28.6437 0.320613 1.76369 -0.000362846 0.00159007 -0.00515656
268.318 28.6437 0.320635 1.76368 -0.000316141 0.00148044 -0.00513083
268.339 28.6438 0.320658 1.76367 -0.00029127 0.00151043 -0.00510794
268.358 28.6438 0.320682 1.76365 -0.000234221 0.00150488 -0.00508616
268.378 28.6439 0.320707 1.76363 -0.000211743 0.00145524 -0.00508178
268.4 28.6439 0.320733 1.76361 -0.000184722 0.00163977 -0.00509494
268.419 28.6439 0.32076 1.76359 -6.85247e-05 0.00163791 -0.00511076
268.439 28.6439 0.320786 1.76356 0.000123373 0.00162957 -0.00512971
268.459 28.6439 0.32081 1.76353 0.000558253 0.00159044 -0.00514961
268.48 28.6438 0.320831 1.7635 0.00116444 0.0015988 -0.00517024
268.5 28.6438 0.320847 1.76346 0.00195776 0.00162283 -0.00519237
268.52 28.6436 0.320853 1.76341 0.0029783 0.00180036 -0.00521622
268.54 28.6435 0.320847 1.76336 0.0040869 0.00175696 -0.00524462
268.561 28.6433 0.320825 1.76331 0.00539811 0.00175659 -0.00527316
268.581 28.6431 0.32078 1.76325 0.00687088 0.00185769 -0.00529669
268.602 28.6428 0.320709 1.7632 0.00832774 0.00203939 -0.00532206
268.621 28.6424 0.320604 1.76315 0.00998027 0.00189973 -0.0053471
268.641 28.642 0.320461 1.7631 0.0116744 0.00191631 -0.00537326
268.661 28.6415 0.320272 1.76306 0.0133622 0.00213078 -0.005396
268.681 28.641 0.320032 1.76301 0.0151651 0.0022344 -0.00541947
268.703 28.6404 0.319733 1.76298 0.0168593 0.00211654 -0.00544809
268.722 28.6397 0.31937 1.76295 0.0186047 0.00224574 -0.00547358
268.742 28.639 0.318934 1.76293 0.0204136 0.00234716 -0.00549843
268.763 28.6381 0.31842 1.76292 0.022172 0.0025404 -0.00552114
268.783 28.6371 0.317821 1.76292 0.0240477 0.00237681 -0.00555115
268.804 28.6361 0.317129 1.76293 0.0259903 0.00248488 -0.00557293
268.823 28.6349 0.316338 1.76295 0.0278865 0.00263488 -0.00559365
268.843 28.6337 0.315441 1.76297 0.0297651 0.00276015 -0.00561573
268.867 28.6323 0.314431 1.763 0.0315209 0.0026907 -0.00564329
268.883 28.6309 0.313301 1.76304 0.0332442 0.00266736 -0.00567146
268.905 28.6293 0.312047 1.76308 0.0348147 0.00280673 -0.005695
268.924 28.6276 0.310661 1.76312 0.036212 0.00307851 -0.00571536
268.944 28.6258 0.309139 1.76316 0.0376245 0.0028987 -0.0057502
268.965 28.6239 0.307473 1.76321 0.0392056 0.00278335 -0.00577873
268.984 28.6218 0.30566 1.76326 0.040736 0.00332069 -0.00578214
269.005 28.6197 0.303692 1.76333 0.0423904 0.00338392 -0.00579958
269.025 28.6173 0.301564 1.7634 0.0443463 0.00264551 -0.00584184
269.045 28.6148 0.299268 1.76351 0.0462737 0.0032579 -0.00582887
269.066 28.6122 0.296801 1.76363 0.047818 0.00396592 -0.00580653
269.086 28.6094 0.294145 1.7638 0.0506783 0.00325199 -0.0058053
269.107 28.6063 0.291294 1.76401 0.0542786 0.00334956 -0.00575432
269.126 28.6031 0.288237 1.76426 0.0579858 0.00361557 -0.00569878
269.146 28.5997 0.284965 1.76452 0.061318 0.00329909 -0.00569002
269.171 28.5961 0.281468 1.76478 0.0640303 0.00349333 -0.00566808
269.187 28.5923 0.277738 1.76503 0.0660087 0.0034404 -0.00567526
269.208 28.5884 0.273767 1.76527 0.0670947 0.0036131 -0.00568488
269.227 28.5844 0.269552 1.76549 0.0675299 0.00314295 -0.00574595
269.247 28.5803 0.265092 1.7657 0.0671484 0.00325825 -0.00577776
269.267 28.576 0.26039 1.76589 0.0659738 0.00303131 -0.00584067
269.288 28.5716 0.255451 1.76606 0.0639984 0.00312205 -0.00588698
269.308 28.5672 0.250285 1.76621 0.0612963 0.00284496 -0.00595688
269.328 28.5627 0.244899 1.76633 0.0581268 0.00277526 -0.00601152
269.348 28.5581 0.239308 1.76643 0.0545475 0.00251245 -0.00607795
269.369 28.5535 0.233525 1.7665 0.0506815 0.00257235 -0.00612047
269.388 28.5488 0.227564 1.76655 0.0466735 0.00220965 -0.00617942
269.41 28.5441 0.221442 1.76659 0.0424517 0.00219428 -0.00621702
269.429 28.5394 0.215176 1.7666 0.0380582 0.00204439 -0.0062559
269.449 28.5346 0.208782 1.76661 0.0337107 0.00181488 -0.00629237
269.47 28.5299 0.202278 1.76659 0.0292419 0.00187799 -0.00631468
269.49 28.5251 0.195681 1.76656 0.0249188 0.00137469 -0.00634941
269.51 28.5204 0.189007 1.76653 0.0207506 0.00125757 -0.00636609
269.529 28.5157 0.182276 1.7665 0.0161267 0.00132536 -0.0063692
269.55 28.5111 0.175505 1.76647 0.0113144 0.00122984 -0.00637281
269.572 28.5065 0.168712 1.76644 0.00638809 0.000877207 -0.00637386
269.59 28.502 0.161916 1.76642 0.00141591 0.000923859 -0.00636504
269.611 28.4976 0.155135 1.7664 -0.00339088 0.000819847 -0.00635379
269.631 28.4932 0.148389 1.76637 -0.00806159 0.000621241 -0.00633897
269.651 28.4889 0.141695 1.76635 -0.0126025 0.000381627 -0.00632146
269.671 28.4848 0.135071 1.76632 -0.0168447 0.000378002 -0.00630956
269.691 28.4807 0.128531 1.76629 -0.020709 0.000133361 -0.00629235
269.713 28.4767 0.122089 1.76625 -0.0239691 9.85838e-05 -0.00628469
269.732 28.4729 0.11576 1.76621 -0.0271717 -0.000174713 -0.00626226
269.751 28.4692 0.109562 1.76617 -0.0309253 3.98216e-05 -0.00623883
269.773 28.4656 0.103506 1.76615 -0.0350014 -5.15022e-05 -0.00620002
269.793 28.4622 0.0976068 1.76614 -0.0390087 -0.00029193 -0.00615301
269.815 28.459 0.0918791 1.76614 -0.0431193 -6.09896e-05 -0.00611969
269.833 28.456 0.0863402 1.76614 -0.0474601 -0.000146381 -0.00606466
269.852 28.4531 0.0810032 1.76617 -0.0514216 -0.000235039 -0.00601976
269.873 28.4504 0.0758799 1.76619 -0.0546622 -0.00025906 -0.00599204
269.893 28.4478 0.0709817 1.76621 -0.0571183 -0.000225692 -0.00598224
269.914 28.4454 0.0663183 1.76622 -0.0589132 -0.000278544 -0.00596984
269.933 28.443 0.0618956 1.76622 -0.060018 -0.000595424 -0.00594825
269.954 28.4409 0.057718 1.76622 -0.0605705 -0.000172211 -0.00597604
269.976 28.4388 0.0537873 1.76621 -0.0606158 -0.000464673 -0.0059613
269.994 28.4369 0.0501029 1.76619 -0.0601483 -7.66337e-05 -0.0059894
270.015 28.4351 0.0466637 1.76618 -0.0594176 -0.000238278 -0.00598473
270.034 28.4335 0.0434661 1.76616 -0.058457 -8.99138e-05 -0.00599554
270.054 28.4319 0.0405056 1.76614 -0.0573088 -0.000482978 -0.00597398
270.075 28.4305 0.0377809 1.76612 -0.0564502 0.000953075 -0.00603609
270.094 28.4291 0.0352813 1.76613 -0.0545896 0.000136046 -0.00598197
270.116 28.4278 0.0330001 1.76616 -0.0519778 -0.000332728 -0.00594836
270.135 28.4266 0.0309302 1.76621 -0.0494433 0.000918411 -0.0059927
270.155 28.4254 0.0290612 1.76625 -0.0471206 0.000825609 -0.00596064
270.176 28.4243 0.0273796 1.76631 -0.0442228 0.000457827 -0.00591957
270.195 28.4233 0.025874 1.76636 -0.0409399 0.000697431 -0.00590295
270.216 28.4222 0.0245321 1.76641 -0.0375333 0.00105759 -0.00588831
270.236 28.4212 0.0233395 1.76644 -0.0339935 0.0012748 -0.00586363
270.256 28.4202 0.0222826 1.76645 -0.0304304 0.00127083 -0.00582431
270.277 28.4193 0.0213474 1.76645 -0.0268826 0.00141524 -0.00578479
270.296 28.4183 0.0205207 1.76643 -0.0234945 0.00158811 -0.00574373
270.317 28.4174 0.0197881 1.7664 -0.0201664 0.00165168 -0.00569903
270.337 28.4165 0.0191375 1.76635 -0.0170361 0.00174655 -0.00565001
270.357 28.4155 0.0185573 1.76628 -0.014277 0.00187147 -0.00559801
270.377 28.4146 0.0180359 1.7662 -0.0117624 0.00174403 -0.00554124
270.397 28.4137 0.0175626 1.76611 -0.00937036 0.00190934 -0.00548682
270.418 28.4128 0.0171286 1.76601 -0.00721287 0.00198991 -0.00542764
270.437 28.4119 0.0167256 1.76591 -0.00532727 0.00199224 -0.00536658
270.457 28.411 0.0163464 1.76579 -0.00375965 0.00206012 -0.00530535
270.478 28.4101 0.0159846 1.76567 -0.00246957 0.00205904 -0.00524302
270.498 28.4092 0.0156349 1.76553 -0.00141007 0.00206648 -0.00518259
270.519 28.4084 0.015293 1.7654 -0.000568258 0.00210314 -0.00511734
270.538 28.4075 0.0149556 1.76525 6.78416e-05 0.00209006 -0.00504969
270.559 28.4066 0.0146199 1.7651 0.000536122 0.00208692 -0.00498541
270.58 28.4058 0.014284 1.76495 0.000868525 0.00209279 -0.00492037
270.599 28.4049 0.0139463 1.7648 0.00109343 0.00207446 -0.00485436
270.621 28.4041 0.0136061 1.76464 0.00122082 0.00191313 -0.00480231
270.64 28.4033 0.0132631 1.76449 0.00120382 0.00205488 -0.00477718
270.66 28.4025 0.0129171 1.76435 0.00106413 0.00208441 -0.00475621
270.685 28.4017 0.0125685 1.76421 0.000852033 0.0020144 -0.00473789
270.7 28.401 0.0122178 1.76408 0.000597684 0.00196416 -0.00471964
270.722 28.4003 0.0118659 1.76395 0.000328386 0.00194087 -0.0047067
270.741 28.3996 0.0115138 1.76382 6.94776e-05 0.00191403 -0.00469506
270.761 28.3989 0.0111624 1.76369 -0.000169727 0.00190296 -0.00468576
270.783 28.3982 0.0108125 1.76357 -0.000372291 0.00188986 -0.00467986
270.801 28.3976 0.0104648 1.76346 -0.000534493 0.0018745 -0.00467429
270.822 28.397 0.0101202 1.76334 -0.000670706 0.00187374 -0.00467605
270.842 28.3964 0.00977912 1.76323 -0.00079072 0.00187027 -0.00467204
270.862 28.3958 0.00944218 1.76312 -0.000909672 0.00186813 -0.00467305
270.884 28.3953 0.00910986 1.76302 -0.00103386 0.00187933 -0.00467855
270.903 28.3947 0.00878255 1.76292 -0.0011603 0.00187899 -0.004674
270.924 28.3942 0.00846079 1.76282 -0.00129745 0.00196234 -0.00466536
270.943 28.3937 0.00814506 1.76271 -0.00142554 0.00183687 -0.00465433
270.963 28.3933 0.00783554 1.7626 -0.00150742 0.00195485 -0.00464675
270.988 28.3928 0.00753259 1.76248 -0.00154944 0.00198758 -0.00463827
271.003 28.3923 0.00723659 1.76233 -0.00159024 0.00186544 -0.00462956
271.024 28.3919 0.00694783 1.76217 -0.00165711 0.00188912 -0.00462267
271.043 28.3915 0.00666645 1.76197 -0.00173398 0.00195121 -0.00461844
271.063 28.3911 0.0063922 1.76175 -0.00174324 0.00202875 -0.00461279
271.084 28.3907 0.00612558 1.76149 -0.00176135 0.00191425 -0.00460865
271.104 28.3904 0.00586655 1.76112 -0.00180422 0.0020321 -0.00460491
271.125 28.3901 0.0056152 1.76057 -0.0018802 0.00198761 -0.0046014
271.144 28.3897 0.00537095 1.75977 -0.0018716 0.00194002 -0.00459739
271.164 28.3894 0.00513424 1.75872 -0.00186003 0.00186558 -0.00459437
271.188 28.3891 0.00490508 1.75741 -0.00185889 0.00183032 -0.00458989
271.205 28.3888 0.00468346 1.75586 -0.00186539 0.00180767 -0.00458625
271.228 28.3885 0.00446927 1.75407 -0.00186297 0.00179481 -0.00458466
271.245 28.3883 0.0042625 1.75203 -0.00185525 0.00178337 -0.00458524
271.265 28.388 0.00406318 1.74973 -0.00185909 0.00177392 -0.00458548
271.286 28.3878 0.00387123 1.7472 -0.00185999 0.00174053 -0.00458498
271.306 28.3875 0.00368655 1.74441 -0.00184908 0.0016845 -0.00458316
271.327 28.3873 0.00350913 1.74136 -0.00183359 0.00164112 -0.00458502
271.347 28.3871 0.00333892 1.73807 -0.00181398 0.00163744 -0.004587
271.366 28.3869 0.00317586 1.7346 -0.00178087 0.00163691 -0.00458665
271.387 28.3867 0.00301984 1.73097 -0.00173352 0.00164518 -0.00458617
271.407 28.3865 0.00287077 1.72719 -0.0016859 0.00167586 -0.00458826
271.428 28.3864 0.0027285 1.72325 -0.0016444 0.0017038 -0.00459106
271.447 28.3862 0.00259284 1.71919 -0.00160635 0.00170931 -0.00459293
271.467 28.386 0.00246368 1.71499 -0.00158043 0.00172146 -0.00459333
271.488 28.3859 0.00234093 1.71065 -0.00156946 0.00174932 -0.00459408
271.507 28.3858 0.00222454 1.70621 -0.00156952 0.00176422 -0.00459646
271.529 28.3857 0.00211438 1.70166 -0.00156045 0.00177609 -0.0045985
271.548 28.3856 0.00201037 1.69697 -0.00155085 0.00179612 -0.00460001
271.568 28.3855 0.00191249 1.6921 -0.00155378 0.00182656 -0.00460201
271.588 28.3854 0.00182067 1.68706 -0.00156034 0.00185025 -0.00460235
271.608 28.3853 0.00173491 1.68188 -0.00155567 0.00185149 -0.00460397
271.629 28.3852 0.00165527 1.6766 -0.00155151 0.00186681 -0.00460535
271.649 28.3852 0.00158172 1.67121 -0.00154624 0.001906 -0.00460747
271.669 28.3852 0.00151426 1.66571 -0.00155163 0.00194238 -0.00460889
271.691 28.3851 0.00145287 1.6601 -0.00156107 0.00195859 -0.00461128
271.71 28.3851 0.00139739 1.65436 -0.00154853 0.00196837 -0.0046133
271.732 28.3851 0.00134776 1.6485 -0.00151669 0.00197841 -0.00461764
271.75 28.3851 0.001304 1.64252 -0.00149331 0.00199309 -0.00462157
271.77 28.3851 0.00126599 1.63641 -0.00147635 0.00200431 -0.00462415
271.791 28.3852 0.00123362 1.63017 -0.0014631 0.00201464 -0.00462633
271.811 28.3852 0.00120675 1.62379 -0.0014424 0.00204168 -0.00462769
271.831 28.3853 0.00118534 1.61727 -0.00142248 0.00206244 -0.00462928
271.851 28.3853 0.00116927 1.61061 -0.00140312 0.00205825 -0.004631
271.871 28.3854 0.00115846 1.60378 -0.00138797 0.0020349 -0.00463192
271.892 28.3855 0.0011529 1.59673 -0.00139641 0.00205841 -0.00463423
271.911 28.3856 0.00115244 1.58949 -0.00138515 0.00187874 -0.00463747
271.932 28.3857 0.00115681 1.58208 -0.00133051 0.00200683 -0.00463846
271.952 28.3858 0.00116599 1.57451 -0.00125307 0.00196691 -0.00463974
271.972 28.3859 0.00118026 1.56677 -0.00125307 0.00185352 -0.00464053
271.994 28.386 0.00119901 1.5588 -0.00124739 0.00185127 -0.00464244
272.013 28.3861 0.00122222 1.55058 -0.00125148 0.00191192 -0.00464366
272.034 28.3863 0.00125006 1.54208 -0.00128462 0.00181332 -0.00464465
272.053 28.3864 0.00128234 1.53339 -0.00128446 0.0017943 -0.00464471
272.073 28.3865 0.00131909 1.52452 -0.00125271 0.00183382 -0.00464639
272.096 28.3867 0.00136026 1.51549 -0.00120371 0.00182454 -0.00464801
272.114 28.3868 0.00140554 1.50607 -0.00116094 0.00175685 -0.00464937
272.135 28.387 0.00145443 1.49595 -0.00112761 0.00162732 -0.0046512
272.154 28.3871 0.00150672 1.48499 -0.00111136 0.00147501 -0.00465413
272.174 28.3873 0.00156228 1.47318 -0.00110465 0.00134251 -0.00465622
272.195 28.3874 0.00162101 1.46056 -0.00109108 0.00126542 -0.00465695
272.215 28.3876 0.001683 1.4472 -0.00107743 0.00122015 -0.00465707
272.235 28.3877 0.00174826 1.43317 -0.00106732 0.00118728 -0.00465691
272.255 28.3879 0.00181678 1.41847 -0.00106172 0.00115172 -0.00465744
272.276 28.388 0.00188851 1.40317 -0.00104729 0.00114651 -0.00465704
272.297 28.3882 0.00196349 1.38736 -0.00102304 0.00118072 -0.00465891
272.316 28.3883 0.0020417 1.37113 -0.000989559 0.00124926 -0.00465994
272.338 28.3885 0.00212315 1.35454 -0.00095994 0.0013069 -0.00466085
272.357 28.3886 0.00220773 1.33763 -0.000928237 0.00136875 -0.0046617
272.377 28.3888 0.00229526 1.32044 -0.000877369 0.0014504 -0.00466473
272.397 28.3889 0.00238561 1.30305 -0.000810452 0.00155219 -0.00466494
272.417 28.3891 0.00247864 1.28553 -0.0007389 0.00165597 -0.00466556
272.439 28.3892 0.00257416 1.2679 -0.000671123 0.00176362 -0.00466689
272.457 28.3894 0.0026719 1.25019 -0.000603913 0.0018783 -0.00466779
272.477 28.3896 0.00277167 1.23244 -0.0005479 0.00195128 -0.00466959
272.498 28.3897 0.00287332 1.2147 -0.000509218 0.00201459 -0.00467088
272.517 28.3899 0.00297669 1.19699 -0.000486628 0.00210653 -0.0046705
272.539 28.3901 0.00308162 1.17934 -0.000464512 0.00217145 -0.00467194
272.558 28.3903 0.003188 1.16174 -0.000443425 0.00221006 -0.00467207
272.578 28.3904 0.00329578 1.14422 -0.000426664 0.0022576 -0.0046723
272.6 28.3906 0.00340488 1.12677 -0.000411415 0.00230535 -0.00467344
272.619 28.3908 0.00351515 1.10941 -0.00038778 0.00233579 -0.00467253
272.64 28.391 0.00362658 1.09214 -0.000364606 0.00236231 -0.00467205
272.66 28.3912 0.00373904 1.075 -0.000336121 0.00239843 -0.00467199
272.68 28.3914 0.00385247 1.05799 -0.000313513 0.00242929 -0.00467202
272.7 28.3916 0.00396675 1.04111 -0.000287375 0.00244509 -0.00467351
272.72 28.3918 0.00408179 1.02437 -0.000265041 0.0024512 -0.00467511
272.741 28.3921 0.00419755 1.00777 -0.000253797 0.00246383 -0.00467582
272.76 28.3923 0.0043139 0.991296 -0.000242057 0.00248097 -0.00467624
272.781 28.3925 0.00443063 0.974959 -0.0001999 0.002569 -0.00467662
272.802 28.3928 0.00454784 0.958752 -0.000164126 0.00244452 -0.00467705
272.821 28.393 0.00466546 0.942678 -0.000154352 0.00240636 -0.00467805
272.842 28.3932 0.00478328 0.926758 -0.000143709 0.00242255 -0.00467744
272.861 28.3935 0.00490133 0.911062 -0.000143916 0.00239538 -0.00467829
272.882 28.3937 0.00501962 0.895611 -0.00015256 0.0023862 -0.00468111
272.903 28.394 0.00513801 0.880401 -0.000145556 0.00248894 -0.00468353
272.922 28.3943 0.00525663 0.865394 -0.000145404 0.00237309 -0.00468488
272.944 28.3945 0.00537552 0.85056 -0.000163656 0.00246648 -0.00468556
272.963 28.3948 0.00549471 0.835883 -0.000180788 0.00235115 -0.00468922
272.984 28.395 0.00561433 0.821354 -0.000218703 0.00241188 -0.00469093
273.004 28.3953 0.00573418 0.806971 -0.000211985 0.00237379 -0.00469179
273.023 28.3955 0.00585447 0.792732 -0.00020176 0.00231207 -0.00469187
273.044 28.3958 0.00597519 0.77863 -0.000192396 0.00228884 -0.00469221
273.063 28.396 0.00609628 0.764663 -0.000179575 0.00227932 -0.00469265
273.083 28.3963 0.0062177 0.750834 -0.000166278 0.0022665 -0.00469311
273.106 28.3965 0.00633939 0.737145 -0.000150825 0.00226881 -0.00469355
273.123 28.3968 0.00646128 0.723587 -0.000131393 0.00219854 -0.00469389
273.145 28.397 0.00658342 0.710171 -0.000134692 0.00223519 -0.00469534
273.164 28.3972 0.00670554 0.697055 -0.000112901 0.00235137 -0.00469731
273.185 28.3975 0.00682805 0.684294 -0.00014096 0.0023032 -0.00469944
273.206 28.3977 0.00695073 0.671839 -0.000163412 0.00223757 -0.00470085
273.225 28.398 0.00707359 0.659655 -0.000170522 0.00224197 -0.0047019
273.246 28.3982 0.00719671 0.647723 -0.000168183 0.00227203 -0.00470321
273.267 28.3984 0.00732003 0.636037 -0.00015028 0.002287 -0.00470453
273.287 28.3986 0.00744356 0.624622 -0.000129074 0.00229812 -0.0047054
273.308 28.3989 0.00756724 0.613506 -0.000112218 0.0023225 -0.00470613
273.327 28.3991 0.00769102 0.602714 -0.00010039 0.00233117 -0.00470679
273.349 28.3993 0.00781473 0.592265 -7.15325e-05 0.00232686 -0.00470795
273.367 28.3995 0.00793833 0.582151 -4.30067e-05 0.00231858 -0.00470895
273.387 28.3997 0.00806174 0.572372 -1.91206e-05 0.00232534 -0.00471196
273.408 28.3999 0.00818481 0.562961 7.1542e-06 0.00233699 -0.00471325
273.427 28.4001 0.00830738 0.553923 4.39531e-05 0.00233833 -0.00471423
273.449 28.4003 0.0084294 0.545227 7.37551e-05 0.00231847 -0.00471509
273.467 28.4005 0.00855079 0.536815 9.18121e-05 0.00228661 -0.00471586
273.488 28.4007 0.00867147 0.528651 0.000100981 0.00225815 -0.00471682
273.509 28.4009 0.0087913 0.520713 0.000116601 0.00222431 -0.00471767
273.528 28.4011 0.00891025 0.512968 0.000135655 0.00218025 -0.0047181
273.548 28.4012 0.00902835 0.50538 0.000141294 0.00213978 -0.00471858
273.568 28.4014 0.0091456 0.497929 0.00013312 0.00210156 -0.00471905
273.588 28.4016 0.00926195 0.490607 0.000123914 0.00205344 -0.0047195
273.609 28.4017 0.00937736 0.483407 0.000128753 0.00200685 -0.00471926
273.628 28.4019 0.0094918 0.476328 0.000149643 0.0019622 -0.00472069
273.652 28.4021 0.00960522 0.46937 0.000178836 0.00191196 -0.00472075
273.669 28.4022 0.00971752 0.462531 0.00021977 0.0018796 -0.00472246
273.689 28.4024 0.0098286 0.455812 0.000253692 0.00185554 -0.00472119
273.713 28.4025 0.00993848 0.449215 0.000263447 0.00184636 -0.0047223
273.73 28.4026 0.0100471 0.442742 0.000255295 0.00185252 -0.00472407
273.75 28.4028 0.0101543 0.436392 0.000241777 0.00185063 -0.00472485
273.769 28.4029 0.0102602 0.43017 0.000240368 0.00182892 -0.00472678
273.79 28.403 0.0103647 0.424076 0.000246861 0.0018351 -0.00472736
273.811 28.4032 0.0104679 0.418116 0.000261592 0.00184126 -0.0047278
273.83 28.4033 0.0105696 0.41229 0.000284179 0.00181829 -0.00472819
273.851 28.4034 0.0106699 0.406602 0.000290858 0.00181507 -0.00473008
273.87 28.4035 0.010769 0.40105 0.000266447 0.00173839 -0.00472975
273.891 28.4036 0.0108665 0.395644 0.00026136 0.00187756 -0.00472999
273.911 28.4037 0.0109626 0.390453 0.000276897 0.00182545 -0.00473087
273.931 28.4038 0.0110574 0.385506 0.000245412 0.00179479 -0.00473099
273.952 28.4039 0.0111509 0.380787 0.000235813 0.00182723 -0.00473133
273.971 28.404 0.011243 0.376357 0.000228548 0.00184005 -0.00473169
273.991 28.4041 0.0113338 0.372243 0.000239797 0.00180783 -0.00473224
274.012 28.4041 0.0114235 0.368444 0.000231659 0.0019575 -0.00473319
274.032 28.4042 0.011512 0.36494 0.000200121 0.00192876 -0.00473374
274.054 28.4043 0.0115992 0.361678 0.000188936 0.00202496 -0.0047342
274.072 28.4044 0.0116853 0.358604 0.000194683 0.00192 -0.00473454
274.092 28.4045 0.0117702 0.355689 0.000213853 0.00195533 -0.00473487
274.113 28.4046 0.0118539 0.352916 0.000244021 0.00183972 -0.00473596
274.132 28.4046 0.0119365 0.350247 0.000249941 0.00187273 -0.00473684
274.154 28.4047 0.0120179 0.347746 0.000235889 0.00173964 -0.00473733
274.173 28.4048 0.012098 0.345572 0.000233575 0.00191942 -0.00473718
274.193 28.4049 0.0121766 0.343751 0.00025885 0.00180179 -0.00473672
274.215 28.405 0.012254 0.342225 0.000269084 0.00181071 -0.00473656
274.233 28.405 0.0123301 0.340897 0.000277192 0.00169992 -0.00473641
274.255 28.4051 0.0124048 0.339706 0.000274766 0.00177953 -0.0047363
274.274 28.4052 0.0124782 0.338613 0.000272442 0.00165619 -0.00473608
274.294 28.4053 0.0125502 0.337599 0.000281628 0.00169724 -0.00473505
274.318 28.4053 0.0126209 0.336652 0.000279957 0.00168808 -0.00473448
274.335 28.4054 0.0126903 0.335753 0.000274654 0.00160213 -0.00473403
274.357 28.4055 0.0127584 0.334871 0.000273367 0.00162302 -0.00473364
274.375 28.4055 0.0128252 0.333985 0.000269973 0.00170949 -0.00473423
274.395 28.4056 0.0128908 0.333085 0.000259946 0.0016496 -0.00473429
274.416 28.4057 0.0129552 0.332166 0.00023838 0.00158491 -0.00473416
274.436 28.4057 0.0130186 0.331225 0.000209477 0.00150513 -0.0047333
274.457 28.4058 0.0130807 0.33026 0.000212249 0.00149481 -0.00473245
274.476 28.4059 0.0131418 0.329272 0.000222059 0.00159937 -0.00473187
274.496 28.4059 0.0132019 0.328261 0.000217675 0.00146362 -0.00473136
274.516 28.406 0.0132609 0.327227 0.000223046 0.0015059 -0.00473097
274.536 28.406 0.0133187 0.326171 0.000255981 0.00149878 -0.00473052
274.558 28.4061 0.0133756 0.325093 0.000241274 0.00140517 -0.00472872
274.578 28.4061 0.0134314 0.323993 0.000226396 0.00152211 -0.00473025
274.597 28.4062 0.013486 0.322871 0.000240455 0.00143953 -0.00472994
274.618 28.4062 0.0135393 0.32173 0.000265421 0.00153969 -0.0047296
274.638 28.4063 0.0135918 0.320567 0.000245285 0.0015559 -0.00472911
274.66 28.4063 0.0136432 0.31938 0.00021367 0.00147357 -0.00472862
274.678 28.4064 0.0136934 0.318174 0.000217034 0.00152464 -0.0047281
274.698 28.4064 0.0137426 0.31695 0.000211895 0.00156797 -0.00472757
274.719 28.4065 0.0137907 0.315709 0.000223377 0.00165215 -0.00472822
274.74 28.4065 0.013838 0.314448 0.000205163 0.00150918 -0.00472863
274.759 28.4065 0.0138845 0.313174 0.000165294 0.00162949 -0.00472737
274.779 28.4066 0.0139302 0.311885 0.000125782 0.00152909 -0.00472728
274.799 28.4066 0.013975 0.310583 0.000136153 0.00152407 -0.00472701
274.825 28.4067 0.0140191 0.309263 0.00014465 0.00151458 -0.00472672
274.84 28.4067 0.0140624 0.307926 0.000151588 0.00149714 -0.00472638
274.862 28.4068 0.0141052 0.306576 0.000141297 0.00157735 -0.00472598
274.88 28.4068 0.0141468 0.305274 0.000219232 0.00151629 -0.0047247
274.9 28.4068 0.0141872 0.304067 0.000313831 0.0015473 -0.00472261
274.922 28.4069 0.0142263 0.302959 0.000409644 0.00162053 -0.00472113
274.941 28.4069 0.0142637 0.301939 0.000505835 0.00166732 -0.00472032
274.963 28.4069 0.0142989 0.300998 0.000595292 0.00170007 -0.00471966
274.982 28.4069 0.014352 0.30016 -0.000110887 0.00147694 -0.00482865
275.002 28.4068 0.0143208 0.299977 -1.01814e-05 0.000236 -0.00479472
275.026 28.4066 0.0142732 0.300093 1.2272e-05 0.000696758 -0.00461901
275.043 28.4065 0.0142337 0.300255 4.09642e-05 0.000845024 -0.00446089
275.064 28.4064 0.0141944 0.300412 -4.90707e-05 0.000744901 -0.00432215
275.083 28.4063 0.0141553 0.300543 -0.000103799 0.000782487 -0.00420028
275.103 28.4062 0.0141161 0.300668 -5.22463e-05 0.000985106 -0.00408839
275.124 28.406 0.0140773 0.300798 1.6872e-05 0.000970895 -0.0039859
275.143 28.4059 0.0140384 0.300936 0.000108795 0.00108586 -0.00389028
275.164 28.4058 0.0139991 0.301053 0.000207156 0.00122883 -0.00380283
275.184 28.4057 0.0139593 0.301136 0.000301845 0.00134409 -0.00372429
275.204 28.4056 0.0139186 0.301181 0.00038247 0.00141921 -0.00365986
275.224 28.4055 0.0138766 0.301179 0.00045234 0.00147088 -0.00359753
275.244 28.4053 0.0138331 0.301114 0.000500467 0.00150528 -0.00354336
275.265 28.4052 0.013788 0.300982 0.000522329 0.00152405 -0.00349793
275.284 28.4051 0.0137413 0.300788 0.000523922 0.0015451 -0.00345956
275.304 28.405 0.0136945 0.300542 0.000444116 0.00152338 -0.00341667
275.325 28.4049 0.0136553 0.300264 4.8147e-05 0.00131602 -0.00334729
275.344 28.4048 0.013617 0.300055 -1.55344e-05 0.000449942 -0.00319395
275.364 28.4047 0.0136016 0.299963 -1.478e-05 -3.10954e-05 -0.0031166
275.385 28.4046 0.0135992 0.299984 -1.09089e-05 -7.27702e-05 -0.00310286
275.405 28.4046 0.0136024 0.300004 -1.39953e-05 3.19203e-05 -0.00311736
275.425 28.4045 0.013605 0.30001 3.13909e-05 3.9127e-05 -0.00316192
275.445 28.4045 0.0136104 0.299998 -4.11696e-06 -7.73019e-06 -0.00316771
275.467 28.4045 0.0136137 0.299998 -3.77208e-06 -6.93251e-06 -0.00317917
275.486 28.4044 0.013614 0.299998 -3.58724e-06 -6.59264e-06 -0.00318118
275.506 28.4044 0.0136129 0.299998 -3.41149e-06 -6.26959e-06 -0.00317596
275.526 28.4044 0.0136126 0.299999 -3.31021e-06 -6.08353e-06 -0.00317436
275.546 28.4044 0.0136126 0.299999 -3.31021e-06 -6.08353e-06 -0.00317436
275.568 28.4044 0.0136126 0.299999 -3.31021e-06 -6.08353e-06 -0.00317436
275.587 28.4044 0.0136126 0.299999 -3.31021e-06 -6.08353e-06 -0.00317436
275.606 28.4044 0.0136126 0.299999 -3.31021e-06 -6.08353e-06 -0.00317436
275.627 28.4044 0.0136126 0.299999 -3.31021e-06 -6.08353e-06 -0.00317436
275.647 28.4044 0.0136126 0.299999 -3.31021e-06 -6.08353e-06 -0.00317436
275.668 28.4044 0.0136123 0.3 -2.28281e-06 -4.19124e-06 -0.00317436
275.687 28.4044 0.013613 0.300005 -4.5885e-06 -0.000124152 -0.00320609
275.707 28.4044 0.0136162 0.300009 1.33327e-05 0.000134455 -0.00333855
275.728 28.4044 0.0136168 0.300011 1.30674e-05 0.000142952 -0.00334081
275.748 28.4044 0.0136172 0.300014 1.21797e-05 0.0001473 -0.00334131
275.769 28.4044 0.0136174 0.300016 1.14668e-05 0.000156409 -0.00334131
275.788 28.4044 0.0136176 0.30002 1.09048e-05 0.000168453 -0.00334131
275.809 28.4044 0.0136177 0.300024 1.03703e-05 0.000187888 -0.00334131
275.829 28.4044 0.0136178 0.300034 1.8456e-05 0.000172036 -0.00334157
275.848 28.4045 0.0136169 0.300045 6.05138e-05 5.15013e-05 -0.00335454
275.869 28.4045 0.0136185 0.300054 2.42838e-06 0.000272605 -0.00329501
275.889 28.4045 0.0136169 0.300065 1.65926e-06 0.000328379 -0.00328585
275.909 28.4045 0.0136157 0.300083 5.04381e-05 0.000265211 -0.00330032
275.931 28.4045 0.013614 0.300101 8.11631e-05 0.000288622 -0.00330897
275.951 28.4045 0.0136144 0.300125 2.5165e-05 0.000573325 -0.00323003
275.971 28.4045 0.0136112 0.30015 5.96307e-06 0.000751599 -0.00318341
275.99 28.4045 0.0136047 0.300175 4.32181e-06 0.000881924 -0.0031486
276.01 28.4046 0.0135988 0.300202 4.11044e-06 0.00101487 -0.00311892
276.035 28.4046 0.0135938 0.300229 3.90938e-06 0.00115094 -0.00309398
276.051 28.4046 0.0135906 0.300261 2.32333e-05 0.001171 -0.00307956
276.072 28.4047 0.0135878 0.300294 0.000155416 0.00107297 -0.00307761
276.091 28.4047 0.0135847 0.300337 8.02012e-05 0.0012674 -0.00299536
276.111 28.4047 0.0135825 0.300383 3.83854e-05 0.0013154 -0.00290952
276.132 28.4048 0.0135793 0.300433 0.000153035 0.00167119 -0.00284543
276.152 28.4048 0.0135745 0.300487 0.000229796 0.0017612 -0.00280994
276.173 28.4048 0.0135672 0.300546 0.000269403 0.00193341 -0.00278151
276.192 28.4049 0.013558 0.300609 0.000268049 0.00213051 -0.00272485
276.212 28.4049 0.0135479 0.300674 0.000240929 0.00211736 -0.00264925
276.235 28.4049 0.0135363 0.300738 0.000335403 0.00221133 -0.00259457
276.254 28.405 0.0135233 0.300802 0.000468142 0.00228512 -0.00255384
276.275 28.405 0.0135084 0.300863 0.00061182 0.00244738 -0.00252678
276.294 28.405 0.0134904 0.300926 0.000660262 0.00264564 -0.00251807
276.314 28.4051 0.0134697 0.300989 0.000734388 0.00263294 -0.00251805
276.338 28.4051 0.0134462 0.301055 0.000826093 0.00263426 -0.00252398
276.355 28.4051 0.0134196 0.301121 0.000905718 0.00268637 -0.00253967
276.378 28.4052 0.0133897 0.301188 0.000966617 0.00271059 -0.00256177
276.396 28.4052 0.0133562 0.301254 0.00100652 0.00271042 -0.00259188
276.416 28.4052 0.0133191 0.301319 0.00102843 0.00273742 -0.00262426
276.438 28.4053 0.0132782 0.301385 0.00103551 0.00274019 -0.00266432
276.456 28.4053 0.0132334 0.301453 0.00103363 0.00272436 -0.00270848
276.477 28.4053 0.0131848 0.301523 0.00102094 0.00263585 -0.0027571
276.497 28.4054 0.0131325 0.301596 0.000993461 0.00275279 -0.00281409
276.517 28.4054 0.0130764 0.301676 0.000991397 0.00273975 -0.00287733
276.538 28.4054 0.0130167 0.301762 0.000975811 0.0026746 -0.00294356
276.557 28.4055 0.0129534 0.301852 0.000934951 0.00267009 -0.00301173
276.579 28.4055 0.012887 0.301945 0.00086688 0.00258551 -0.00308176
276.598 28.4055 0.0128172 0.302044 0.000820712 0.00270445 -0.00315838
276.618 28.4056 0.0127442 0.302147 0.000805202 0.00268909 -0.00323682
276.638 28.4056 0.0126685 0.302255 0.000768859 0.00260961 -0.00331221
276.658 28.4056 0.0125901 0.302368 0.000700969 0.00257008 -0.0033902
276.679 28.4057 0.0125094 0.302483 0.000621601 0.00255199 -0.00347128
276.698 28.4057 0.0124265 0.3026 0.000552293 0.00252861 -0.00354992
276.718 28.4057 0.0123416 0.302717 0.000502054 0.00250395 -0.00363518
276.743 28.4057 0.0122549 0.302835 0.000469666 0.00252666 -0.00371896
276.759 28.4058 0.0121668 0.302956 0.000406618 0.00250919 -0.00380397
276.78 28.4058 0.0120774 0.303082 0.000340217 0.00236401 -0.00388397
276.799 28.4058 0.0119871 0.303213 0.00025739 0.00238777 -0.00396876
276.819 28.4059 0.0118961 0.303349 0.00017327 0.00247081 -0.00405439
276.841 28.4059 0.0118043 0.303489 0.00014277 0.00238054 -0.00413549
276.86 28.4059 0.0117123 0.303633 0.000112555 0.00230947 -0.00421277
276.884 28.406 0.0116202 0.303781 7.52508e-05 0.00230316 -0.00429248
276.9 28.406 0.0115281 0.303929 4.37074e-05 0.00222746 -0.00437043
276.92 28.406 0.011436 0.304082 2.29526e-05 0.00234753 -0.00444809
276.942 28.406 0.0113442 0.304237 -1.39606e-05 0.00216369 -0.00452297
276.961 28.4061 0.0112525 0.3044 -1.34027e-05 0.00223748 -0.00459735
276.983 28.4061 0.0111613 0.30457 -2.95942e-05 0.0021645 -0.004671
277.001 28.4061 0.0110707 0.304748 -7.55912e-05 0.00221229 -0.00474471
277.021 28.4062 0.0109808 0.304927 -0.000142914 0.00206903 -0.00481453
277.042 28.4062 0.0108914 0.30511 -0.000161551 0.00207497 -0.00488239
277.062 28.4063 0.0108027 0.305297 -0.000153471 0.00220494 -0.00494893
277.083 28.4063 0.0107151 0.305484 -0.000166386 0.00211471 -0.00501331
277.103 28.4063 0.0106283 0.305672 -0.00017843 0.00197214 -0.00507553
277.123 28.4064 0.0105426 0.305861 -0.000199195 0.00210293 -0.0051384
277.144 28.4064 0.010458 0.30605 -0.000245698 0.00203415 -0.00519355
277.163 28.4064 0.0103747 0.30624 -0.000282994 0.00193984 -0.00524694
277.185 28.4065 0.0102927 0.306428 -0.000312868 0.00193583 -0.0053014
277.203 28.4065 0.0102121 0.306612 -0.000336159 0.00187339 -0.00535366
277.223 28.4065 0.0101333 0.306792 -0.000378988 0.00199897 -0.0054062
277.244 28.4066 0.0100562 0.306969 -0.000425295 0.00193559 -0.00545659
277.264 28.4066 0.00998098 0.307145 -0.000476271 0.00187746 -0.00550404
277.284 28.4066 0.00990777 0.307319 -0.000507549 0.00188968 -0.00554533
277.304 28.4066 0.00983657 0.307491 -0.000500752 0.00180212 -0.00558168
277.324 28.4067 0.00976782 0.30766 -0.000536383 0.00188354 -0.00561815
277.344 28.4067 0.00970138 0.307825 -0.000567382 0.00188925 -0.00565334
277.364 28.4067 0.00963731 0.307989 -0.000583685 0.00176463 -0.00568779
277.385 28.4067 0.00957576 0.308152 -0.000608092 0.00181466 -0.00572473
277.405 28.4067 0.00951657 0.308315 -0.000608183 0.00192551 -0.00575455
277.425 28.4067 0.00945996 0.308475 -0.000607802 0.00185638 -0.00577889
277.446 28.4067 0.00940595 0.308633 -0.000608759 0.00171471 -0.00580246
277.465 28.4068 0.00935436 0.308792 -0.000595734 0.00179451 -0.00582266
277.488 28.4068 0.00930526 0.308951 -0.000585225 0.00189449 -0.00584527
277.506 28.4068 0.00925853 0.309107 -0.000557569 0.00182085 -0.00586623
277.526 28.4068 0.00921412 0.309263 -0.000525093 0.00169722 -0.00588541
277.547 28.4068 0.0091722 0.309418 -0.000546431 0.00182207 -0.00590002
277.566 28.4068 0.00913254 0.309573 -0.000563348 0.00181449 -0.0059103
277.587 28.4068 0.00909507 0.30973 -0.000543712 0.001719 -0.00592464
277.606 28.4069 0.00906002 0.309889 -0.000553034 0.00179269 -0.00593803
277.627 28.4069 0.00902747 0.310049 -0.000597026 0.00177574 -0.00594622
277.651 28.4069 0.00899729 0.31021 -0.00062657 0.00171716 -0.00595692
277.671 28.4069 0.00896969 0.310371 -0.00066303 0.00175614 -0.00596169
277.689 28.4068 0.00894474 0.310529 -0.000693256 0.00171439 -0.00596226
277.708 28.4068 0.00892251 0.310686 -0.000713697 0.00186571 -0.00596563
277.729 28.4068 0.00890307 0.310842 -0.000715237 0.00174129 -0.00596635
277.75 28.4068 0.00888617 0.311 -0.000664233 0.00176897 -0.0059664
277.769 28.4068 0.00887225 0.311158 -0.000661302 0.00173913 -0.00596743
277.791 28.4068 0.00886092 0.311317 -0.000660672 0.0018282 -0.00596376
277.809 28.4068 0.00885217 0.311472 -0.000647908 0.0016725 -0.00595961
277.829 28.4068 0.00884599 0.311629 -0.000646759 0.00175013 -0.00595482
277.85 28.4068 0.00884258 0.311784 -0.000675059 0.00169956 -0.00594815
277.869 28.4068 0.00884156 0.311941 -0.000657785 0.0016935 -0.00594163
277.891 28.4068 0.00884322 0.312095 -0.000652358 0.00159921 -0.00593329
277.91 28.4068 0.00884728 0.312248 -0.000628409 0.00174789 -0.00592475
277.93 28.4068 0.00885363 0.312398 -0.000572961 0.00163277 -0.00591558
277.951 28.4068 0.00886232 0.312548 -0.000541772 0.00162164 -0.00590675
277.971 28.4068 0.00887307 0.312695 -0.000513852 0.00164635 -0.00589276
277.994 28.4068 0.00888578 0.312838 -0.000486777 0.00164289 -0.00587795
278.011 28.4068 0.00890034 0.312976 -0.00046442 0.0017037 -0.00586069
278.031 28.4067 0.00891662 0.313108 -0.000428594 0.00158231 -0.00584297
278.054 28.4067 0.00893448 0.313238 -0.000385949 0.00165707 -0.00582921
278.072 28.4067 0.008954 0.313367 -0.000365911 0.00158944 -0.00581613
278.094 28.4067 0.00897521 0.313497 -0.000396487 0.00155002 -0.00580314
278.113 28.4067 0.00899772 0.313628 -0.000403903 0.00167914 -0.00578503
278.133 28.4067 0.00902181 0.313757 -0.000415122 0.00153621 -0.00577055
278.154 28.4067 0.0090475 0.313888 -0.000439751 0.00162768 -0.00575657
278.173 28.4067 0.00907493 0.314019 -0.00047451 0.00152329 -0.00574081
278.194 28.4067 0.00910381 0.314151 -0.000461194 0.00157349 -0.00572414
278.213 28.4067 0.00913423 0.314282 -0.000420949 0.00171305 -0.00570754
278.233 28.4066 0.00916633 0.31441 -0.000392919 0.00158522 -0.00569152
278.255 28.4066 0.00920007 0.314538 -0.00039634 0.00152983 -0.00567494
278.274 28.4066 0.00923507 0.314669 -0.000371362 0.00169122 -0.00566051
278.294 28.4066 0.00927155 0.314798 -0.000363627 0.00156531 -0.00564573
278.314 28.4066 0.00930934 0.314929 -0.000361833 0.00157232 -0.00563144
278.334 28.4066 0.00934835 0.315058 -0.000350777 0.00162001 -0.00561513
278.355 28.4066 0.00938859 0.315183 -0.000339294 0.00162722 -0.00560006
278.374 28.4066 0.00942991 0.315303 -0.000309579 0.00160348 -0.0055863
278.395 28.4066 0.0094722 0.315417 -0.000263616 0.00157536 -0.00557317
278.414 28.4066 0.00951542 0.315527 -0.00022856 0.0016568 -0.00555948
278.435 28.4066 0.00955942 0.315632 -0.000193238 0.00152931 -0.00554613
278.456 28.4066 0.00960392 0.315738 -0.000144451 0.00161998 -0.00553313
278.475 28.4066 0.00964877 0.315845 -7.99354e-05 0.00154516 -0.00552022
278.496 28.4066 0.00969386 0.315953 -3.38182e-05 0.00162963 -0.00550672
278.515 28.4066 0.0097391 0.316061 -4.68453e-06 0.00153 -0.00549351
278.535 28.4066 0.0097844 0.31617 -4.1495e-06 0.00148351 -0.00548035
278.557 28.4066 0.00982965 0.316278 -1.97763e-05 0.00151969 -0.00546676
278.576 28.4065 0.0098749 0.316385 -4.80224e-05 0.00152622 -0.00545377
278.597 28.4065 0.00992014 0.316488 -6.91156e-05 0.00150323 -0.00544012
278.616 28.4066 0.00996544 0.316587 -8.13534e-05 0.00147988 -0.00542695
278.636 28.4066 0.0100109 0.316683 -9.80242e-05 0.00155149 -0.00541582
278.657 28.4066 0.0100565 0.316776 -8.94443e-05 0.00151332 -0.00540078
278.676 28.4066 0.0101024 0.31687 -7.86959e-05 0.00151147 -0.00538693
278.697 28.4065 0.0101485 0.316962 -8.47658e-05 0.00142458 -0.00537397
278.717 28.4065 0.0101949 0.317053 -9.9009e-05 0.00148123 -0.00536175
278.737 28.4065 0.0102413 0.317142 -9.56781e-05 0.00149257 -0.0053494
278.761 28.4065 0.0102879 0.317229 -8.19321e-05 0.00146902 -0.00533775
278.777 28.4065 0.0103348 0.317313 -7.36938e-05 0.00146697 -0.00532605
278.799 28.4065 0.0103817 0.317393 -6.77223e-05 0.00155081 -0.00531411
278.818 28.4065 0.0104286 0.317469 -2.40243e-05 0.00151419 -0.00530322
278.838 28.4065 0.0104755 0.317545 1.70783e-05 0.0014448 -0.00529314
278.863 28.4065 0.0105224 0.317624 1.06203e-05 0.00153385 -0.00528264
278.879 28.4065 0.0105693 0.317704 -1.01291e-05 0.00145482 -0.00527301
278.9 28.4065 0.0106161 0.317786 -2.59049e-05 0.00143553 -0.00526277
278.919 28.4065 0.0106628 0.31787 -3.97328e-05 0.00148288 -0.005253
278.939 28.4065 0.0107094 0.317956 -3.95836e-05 0.00154551 -0.00524271
278.96 28.4064 0.0107559 0.318042 -3.38238e-05 0.001533 -0.00523371
278.979 28.4064 0.0108025 0.318129 -3.7686e-05 0.00144226 -0.00522424
279.001 28.4064 0.010849 0.318219 -2.3429e-05 0.00151359 -0.00521524
279.02 28.4064 0.0108955 0.318309 -1.19111e-05 0.00154583 -0.00520766
279.04 28.4064 0.0109418 0.318398 1.18222e-06 0.0016194 -0.00520114
279.061 28.4064 0.0109882 0.318483 -1.28171e-05 0.00146842 -0.00519389
279.08 28.4064 0.0110345 0.318569 -3.90784e-05 0.00148299 -0.00518683
279.103 28.4064 0.0110807 0.318655 -4.89142e-05 0.00150358 -0.00517891
279.121 28.4063 0.0111269 0.31874 -5.69624e-05 0.0015433 -0.00517269
279.141 28.4063 0.0111732 0.318822 -5.31957e-05 0.00138814 -0.00516506
279.164 28.4063 0.0112195 0.318905 -4.00174e-05 0.00143104 -0.00515706
279.181 28.4063 0.0112657 0.318986 -2.24953e-05 0.00146821 -0.00515132
279.202 28.4063 0.0113118 0.319067 1.22121e-06 0.00154158 -0.00514612
279.222 28.4063 0.0113579 0.319144 1.71164e-06 0.0013961 -0.00513948
279.242 28.4063 0.011404 0.319223 -1.32962e-05 0.00142499 -0.00513328
279.264 28.4063 0.0114499 0.319301 -1.15468e-05 0.00145747 -0.00512957
279.283 28.4063 0.0114955 0.319376 2.44892e-06 0.00143929 -0.00512539
279.305 28.4063 0.011541 0.319449 1.34389e-05 0.00143098 -0.00512104
279.323 28.4063 0.0115863 0.319518 3.25429e-05 0.00143332 -0.00511789
279.343 28.4063 0.0116312 0.319582 6.24827e-05 0.0014328 -0.00511376
279.368 28.4063 0.0116758 0.319645 8.55954e-05 0.00151687 -0.0051098
279.383 28.4063 0.01172 0.319706 8.43886e-05 0.00138112 -0.00510602
279.404 28.4063 0.0117639 0.31977 5.99125e-05 0.00141601 -0.00510276
279.424 28.4063 0.0118073 0.319834 4.72785e-05 0.00145864 -0.00509839
279.444 28.4063 0.0118504 0.319897 4.55145e-05 0.00144494 -0.00509377
279.464 28.4063 0.011893 0.319957 4.90693e-05 0.00142403 -0.00508907
279.484 28.4063 0.0119354 0.320015 5.52648e-05 0.00142099 -0.00508571
279.506 28.4063 0.0119773 0.32007 6.14939e-05 0.0014319 -0.00508266
279.525 28.4063 0.012019 0.320124 6.04589e-05 0.00142168 -0.00507992
279.545 28.4063 0.0120603 0.320175 3.78532e-05 0.00148261 -0.00507617
279.569 28.4063 0.0121013 0.320224 4.33588e-05 0.00137075 -0.00507258
279.585 28.4063 0.0121418 0.320275 7.33173e-05 0.00140245 -0.00507067
279.606 28.4063 0.0121819 0.320329 9.34758e-05 0.00143974 -0.00506811
279.626 28.4063 0.0122214 0.320386 0.000133791 0.00140232 -0.00506442
279.646 28.4064 0.0122603 0.320445 0.000161212 0.00140959 -0.00506066
279.67 28.4064 0.0122985 0.320505 0.000170271 0.00150458 -0.0050574
279.686 28.4064 0.0123361 0.320564 0.000168493 0.0013727 -0.00505388
